ISO-10303-21;
HEADER;
FILE_DESCRIPTION((''),'2;1');
FILE_NAME('ZENG0A4002DDZQB0_133','2023-02-06T21:58:47',('13602'),(''),
'CREO PARAMETRIC BY PTC INC, 2019010','CREO PARAMETRIC BY PTC INC, 2019010','');
FILE_SCHEMA(('CONFIG_CONTROL_DESIGN'));
ENDSEC;
DATA;
#2=DIRECTION('',(-4.983009674032E-14,1.E0,8.069583746674E-14));
#3=VECTOR('',#2,3.992606457291E0);
#4=CARTESIAN_POINT('',(-1.437499914106E1,-6.098912535948E1,-9.075262166355E-1));
#5=LINE('',#4,#3);
#6=CARTESIAN_POINT('',(1.08E2,-3.E0,-2.407526216636E0));
#7=DIRECTION('',(0.E0,0.E0,1.E0));
#8=DIRECTION('',(1.E0,0.E0,0.E0));
#9=AXIS2_PLACEMENT_3D('',#6,#7,#8);
#11=CARTESIAN_POINT('',(1.08E2,-3.E0,-2.407526216636E0));
#12=DIRECTION('',(0.E0,0.E0,1.E0));
#13=DIRECTION('',(-1.E0,0.E0,0.E0));
#14=AXIS2_PLACEMENT_3D('',#11,#12,#13);
#16=CARTESIAN_POINT('',(1.1E2,-5.9E1,-2.407526216636E0));
#17=DIRECTION('',(0.E0,0.E0,1.E0));
#18=DIRECTION('',(1.E0,0.E0,0.E0));
#19=AXIS2_PLACEMENT_3D('',#16,#17,#18);
#21=CARTESIAN_POINT('',(1.1E2,-5.9E1,-2.407526216636E0));
#22=DIRECTION('',(0.E0,0.E0,1.E0));
#23=DIRECTION('',(-1.E0,0.E0,0.E0));
#24=AXIS2_PLACEMENT_3D('',#21,#22,#23);
#26=CARTESIAN_POINT('',(-8.6E1,2.5E0,-2.407526216636E0));
#27=DIRECTION('',(0.E0,0.E0,1.E0));
#28=DIRECTION('',(1.E0,0.E0,0.E0));
#29=AXIS2_PLACEMENT_3D('',#26,#27,#28);
#31=CARTESIAN_POINT('',(-8.6E1,2.5E0,-2.407526216636E0));
#32=DIRECTION('',(0.E0,0.E0,1.E0));
#33=DIRECTION('',(-1.E0,0.E0,0.E0));
#34=AXIS2_PLACEMENT_3D('',#31,#32,#33);
#36=CARTESIAN_POINT('',(-9.E1,-5.4E1,-2.407526216636E0));
#37=DIRECTION('',(0.E0,0.E0,1.E0));
#38=DIRECTION('',(1.E0,0.E0,0.E0));
#39=AXIS2_PLACEMENT_3D('',#36,#37,#38);
#41=CARTESIAN_POINT('',(-9.E1,-5.4E1,-2.407526216636E0));
#42=DIRECTION('',(0.E0,0.E0,1.E0));
#43=DIRECTION('',(-1.E0,0.E0,0.E0));
#44=AXIS2_PLACEMENT_3D('',#41,#42,#43);
#46=DIRECTION('',(-1.E0,0.E0,0.E0));
#47=VECTOR('',#46,3.105956494885E0);
#48=CARTESIAN_POINT('',(3.018333853331E1,-5.573713818436E1,-2.407526216636E0));
#49=LINE('',#48,#47);
#50=DIRECTION('',(-2.514228144009E-14,1.E0,0.E0));
#51=VECTOR('',#50,6.499999994599E0);
#52=CARTESIAN_POINT('',(3.195488049451E1,-6.373912535728E1,-2.407526216636E0));
#53=LINE('',#52,#51);
#54=DIRECTION('',(-5.800348858137E-14,1.E0,0.E0));
#55=VECTOR('',#54,2.450000002201E0);
#56=CARTESIAN_POINT('',(3.285488050051E1,-6.618912535949E1,-2.407526216636E0));
#57=LINE('',#56,#55);
#58=DIRECTION('',(1.E0,1.282182522458E-14,0.E0));
#59=VECTOR('',#58,6.649999262800E0);
#60=CARTESIAN_POINT('',(2.530488123171E1,-6.943912536449E1,-2.407526216636E0));
#61=LINE('',#60,#59);
#62=DIRECTION('',(1.E0,1.282182522450E-14,0.E0));
#63=VECTOR('',#62,6.649999262840E0);
#64=CARTESIAN_POINT('',(-7.479511876831E1,-6.943912536449E1,-2.407526216636E0));
#65=LINE('',#64,#63);
#66=DIRECTION('',(5.800348858137E-14,-1.E0,0.E0));
#67=VECTOR('',#66,2.450000002201E0);
#68=CARTESIAN_POINT('',(-7.569511877425E1,-6.373912535728E1,-2.407526216636E0));
#69=LINE('',#68,#67);
#70=DIRECTION('',(-1.E0,0.E0,0.E0));
#71=VECTOR('',#70,3.105956494874E0);
#72=CARTESIAN_POINT('',(-6.991762031223E1,-5.573713818436E1,-2.407526216636E0));
#73=LINE('',#72,#71);
#74=DIRECTION('',(4.983009674032E-14,-1.E0,0.E0));
#75=VECTOR('',#74,3.992606457291E0);
#76=CARTESIAN_POINT('',(-2.837499914106E1,-5.699651890219E1,-2.407526216636E0));
#77=LINE('',#76,#75);
#78=DIRECTION('',(-1.E0,0.E0,0.E0));
#79=VECTOR('',#78,1.4E1);
#80=CARTESIAN_POINT('',(-1.437499914106E1,-5.699651890219E1,-2.407526216636E0));
#81=LINE('',#80,#79);
#82=DIRECTION('',(-4.983009674032E-14,1.E0,0.E0));
#83=VECTOR('',#82,3.992606457291E0);
#84=CARTESIAN_POINT('',(-1.437499914106E1,-6.098912535948E1,-2.407526216636E0));
#85=LINE('',#84,#83);
#86=DIRECTION('',(1.E0,0.E0,0.E0));
#87=VECTOR('',#86,1.4E1);
#88=CARTESIAN_POINT('',(1.596500008082E2,5.203481101014E0,-2.407526216636E0));
#89=LINE('',#88,#87);
#90=DIRECTION('',(0.E0,-1.E0,0.E0));
#91=VECTOR('',#90,1.4E1);
#92=CARTESIAN_POINT('',(1.596500008082E2,1.920348110102E1,-2.407526216636E0));
#93=LINE('',#92,#91);
#94=DIRECTION('',(-1.E0,0.E0,0.E0));
#95=VECTOR('',#94,1.4E1);
#96=CARTESIAN_POINT('',(1.736500008082E2,1.920348110102E1,-2.407526216636E0));
#97=LINE('',#96,#95);
#98=DIRECTION('',(0.E0,1.E0,0.E0));
#99=VECTOR('',#98,1.4E1);
#100=CARTESIAN_POINT('',(1.736500008082E2,5.203481101014E0,-2.407526216636E0));
#101=LINE('',#100,#99);
#102=DIRECTION('',(1.E0,0.E0,0.E0));
#103=VECTOR('',#102,1.4E1);
#104=CARTESIAN_POINT('',(1.406000008352E2,5.203481101014E0,-2.407526216636E0));
#105=LINE('',#104,#103);
#106=DIRECTION('',(0.E0,-1.E0,0.E0));
#107=VECTOR('',#106,1.4E1);
#108=CARTESIAN_POINT('',(1.406000008352E2,1.920348110102E1,-2.407526216636E0));
#109=LINE('',#108,#107);
#110=DIRECTION('',(-1.E0,0.E0,0.E0));
#111=VECTOR('',#110,1.4E1);
#112=CARTESIAN_POINT('',(1.546000008352E2,1.920348110102E1,-2.407526216636E0));
#113=LINE('',#112,#111);
#114=DIRECTION('',(0.E0,1.E0,0.E0));
#115=VECTOR('',#114,1.4E1);
#116=CARTESIAN_POINT('',(1.546000008352E2,5.203481101014E0,-2.407526216636E0));
#117=LINE('',#116,#115);
#118=DIRECTION('',(1.E0,0.E0,0.E0));
#119=VECTOR('',#118,1.4E1);
#120=CARTESIAN_POINT('',(1.596500008076E2,-1.384651890037E1,-2.407526216636E0));
#121=LINE('',#120,#119);
#122=DIRECTION('',(0.E0,-1.E0,0.E0));
#123=VECTOR('',#122,1.4E1);
#124=CARTESIAN_POINT('',(1.596500008076E2,1.534810996363E-1,-2.407526216636E0));
#125=LINE('',#124,#123);
#126=DIRECTION('',(-1.E0,0.E0,0.E0));
#127=VECTOR('',#126,1.4E1);
#128=CARTESIAN_POINT('',(1.736500008076E2,1.534810996363E-1,-2.407526216636E0));
#129=LINE('',#128,#127);
#130=DIRECTION('',(0.E0,1.E0,0.E0));
#131=VECTOR('',#130,1.4E1);
#132=CARTESIAN_POINT('',(1.736500008076E2,-1.384651890037E1,-2.407526216636E0));
#133=LINE('',#132,#131);
#134=DIRECTION('',(1.E0,0.E0,0.E0));
#135=VECTOR('',#134,1.4E1);
#136=CARTESIAN_POINT('',(1.406000008346E2,-1.384651890037E1,-2.407526216636E0));
#137=LINE('',#136,#135);
#138=DIRECTION('',(0.E0,-1.E0,0.E0));
#139=VECTOR('',#138,1.4E1);
#140=CARTESIAN_POINT('',(1.406000008346E2,1.534810996363E-1,-2.407526216636E0));
#141=LINE('',#140,#139);
#142=DIRECTION('',(-1.E0,0.E0,0.E0));
#143=VECTOR('',#142,1.4E1);
#144=CARTESIAN_POINT('',(1.546000008346E2,1.534810996363E-1,-2.407526216636E0));
#145=LINE('',#144,#143);
#146=DIRECTION('',(0.E0,1.E0,0.E0));
#147=VECTOR('',#146,1.4E1);
#148=CARTESIAN_POINT('',(1.546000008346E2,-1.384651890037E1,-2.407526216636E0));
#149=LINE('',#148,#147);
#150=DIRECTION('',(1.E0,0.E0,0.E0));
#151=VECTOR('',#150,1.4E1);
#152=CARTESIAN_POINT('',(1.406000008604E2,-5.194651890313E1,-2.407526216636E0));
#153=LINE('',#152,#151);
#154=DIRECTION('',(0.E0,-1.E0,0.E0));
#155=VECTOR('',#154,1.4E1);
#156=CARTESIAN_POINT('',(1.406000008604E2,-3.794651890312E1,-2.407526216636E0));
#157=LINE('',#156,#155);
#158=DIRECTION('',(-1.E0,0.E0,0.E0));
#159=VECTOR('',#158,1.4E1);
#160=CARTESIAN_POINT('',(1.546000008604E2,-3.794651890312E1,-2.407526216636E0));
#161=LINE('',#160,#159);
#162=DIRECTION('',(0.E0,1.E0,0.E0));
#163=VECTOR('',#162,1.4E1);
#164=CARTESIAN_POINT('',(1.546000008604E2,-5.194651890313E1,-2.407526216636E0));
#165=LINE('',#164,#163);
#166=DIRECTION('',(1.E0,0.E0,0.E0));
#167=VECTOR('',#166,1.4E1);
#168=CARTESIAN_POINT('',(1.596500008604E2,-7.099651890313E1,-2.407526216636E0));
#169=LINE('',#168,#167);
#170=DIRECTION('',(0.E0,-1.E0,0.E0));
#171=VECTOR('',#170,1.4E1);
#172=CARTESIAN_POINT('',(1.596500008604E2,-5.699651890312E1,-2.407526216636E0));
#173=LINE('',#172,#171);
#174=DIRECTION('',(-1.E0,0.E0,0.E0));
#175=VECTOR('',#174,1.4E1);
#176=CARTESIAN_POINT('',(1.736500008604E2,-5.699651890312E1,-2.407526216636E0));
#177=LINE('',#176,#175);
#178=DIRECTION('',(0.E0,1.E0,0.E0));
#179=VECTOR('',#178,1.4E1);
#180=CARTESIAN_POINT('',(1.736500008604E2,-7.099651890313E1,-2.407526216636E0));
#181=LINE('',#180,#179);
#182=DIRECTION('',(1.E0,0.E0,0.E0));
#183=VECTOR('',#182,1.4E1);
#184=CARTESIAN_POINT('',(1.406000008604E2,-7.099651890313E1,-2.407526216636E0));
#185=LINE('',#184,#183);
#186=DIRECTION('',(0.E0,-1.E0,0.E0));
#187=VECTOR('',#186,1.4E1);
#188=CARTESIAN_POINT('',(1.406000008604E2,-5.699651890312E1,-2.407526216636E0));
#189=LINE('',#188,#187);
#190=DIRECTION('',(-1.E0,0.E0,0.E0));
#191=VECTOR('',#190,1.4E1);
#192=CARTESIAN_POINT('',(1.546000008604E2,-5.699651890312E1,-2.407526216636E0));
#193=LINE('',#192,#191);
#194=DIRECTION('',(0.E0,1.E0,0.E0));
#195=VECTOR('',#194,1.4E1);
#196=CARTESIAN_POINT('',(1.546000008604E2,-7.099651890313E1,-2.407526216636E0));
#197=LINE('',#196,#195);
#198=DIRECTION('',(1.E0,0.E0,0.E0));
#199=VECTOR('',#198,1.4E1);
#200=CARTESIAN_POINT('',(1.215500008604E2,-7.099651890313E1,-2.407526216636E0));
#201=LINE('',#200,#199);
#202=DIRECTION('',(0.E0,-1.E0,0.E0));
#203=VECTOR('',#202,1.4E1);
#204=CARTESIAN_POINT('',(1.215500008604E2,-5.699651890312E1,-2.407526216636E0));
#205=LINE('',#204,#203);
#206=DIRECTION('',(-1.E0,0.E0,0.E0));
#207=VECTOR('',#206,1.4E1);
#208=CARTESIAN_POINT('',(1.355500008604E2,-5.699651890312E1,-2.407526216636E0));
#209=LINE('',#208,#207);
#210=DIRECTION('',(0.E0,1.E0,0.E0));
#211=VECTOR('',#210,1.4E1);
#212=CARTESIAN_POINT('',(1.355500008604E2,-7.099651890313E1,-2.407526216636E0));
#213=LINE('',#212,#211);
#214=DIRECTION('',(1.E0,0.E0,0.E0));
#215=VECTOR('',#214,1.4E1);
#216=CARTESIAN_POINT('',(9.065000085970E1,-7.099651890161E1,-2.407526216636E0));
#217=LINE('',#216,#215);
#218=DIRECTION('',(0.E0,-1.E0,0.E0));
#219=VECTOR('',#218,1.4E1);
#220=CARTESIAN_POINT('',(9.065000085970E1,-5.699651890161E1,-2.407526216636E0));
#221=LINE('',#220,#219);
#222=DIRECTION('',(-1.E0,0.E0,0.E0));
#223=VECTOR('',#222,1.4E1);
#224=CARTESIAN_POINT('',(1.046500008597E2,-5.699651890161E1,-2.407526216636E0));
#225=LINE('',#224,#223);
#226=DIRECTION('',(0.E0,1.E0,0.E0));
#227=VECTOR('',#226,1.4E1);
#228=CARTESIAN_POINT('',(1.046500008597E2,-7.099651890161E1,-2.407526216636E0));
#229=LINE('',#228,#227);
#230=DIRECTION('',(-1.E0,0.E0,0.E0));
#231=VECTOR('',#230,1.384817201100E1);
#232=CARTESIAN_POINT('',(-1.357999991401E2,1.920348109843E1,-2.407526216636E0));
#233=LINE('',#232,#231);
#234=DIRECTION('',(0.E0,1.E0,0.E0));
#235=VECTOR('',#234,1.4E1);
#236=CARTESIAN_POINT('',(-1.357999991401E2,5.203481098425E0,-2.407526216636E0));
#237=LINE('',#236,#235);
#238=DIRECTION('',(1.E0,0.E0,0.E0));
#239=VECTOR('',#238,1.384817201100E1);
#240=CARTESIAN_POINT('',(-1.496481711511E2,5.203481098425E0,-2.407526216636E0));
#241=LINE('',#240,#239);
#242=DIRECTION('',(1.E0,0.E0,0.E0));
#243=VECTOR('',#242,1.4E1);
#244=CARTESIAN_POINT('',(-1.644999914008E1,5.203481098425E0,-2.407526216636E0));
#245=LINE('',#244,#243);
#246=DIRECTION('',(0.E0,-1.E0,0.E0));
#247=VECTOR('',#246,1.4E1);
#248=CARTESIAN_POINT('',(-1.644999914008E1,1.920348109843E1,-2.407526216636E0));
#249=LINE('',#248,#247);
#250=DIRECTION('',(-1.E0,0.E0,0.E0));
#251=VECTOR('',#250,1.4E1);
#252=CARTESIAN_POINT('',(-2.449999140083E0,1.920348109843E1,-2.407526216636E0));
#253=LINE('',#252,#251);
#254=DIRECTION('',(0.E0,1.E0,0.E0));
#255=VECTOR('',#254,1.4E1);
#256=CARTESIAN_POINT('',(-2.449999140083E0,5.203481098425E0,-2.407526216636E0));
#257=LINE('',#256,#255);
#258=DIRECTION('',(1.E0,0.E0,0.E0));
#259=VECTOR('',#258,1.4E1);
#260=CARTESIAN_POINT('',(-1.235499991400E2,-7.099651890161E1,
-2.407526216636E0));
#261=LINE('',#260,#259);
#262=DIRECTION('',(0.E0,-1.E0,0.E0));
#263=VECTOR('',#262,1.4E1);
#264=CARTESIAN_POINT('',(-1.235499991400E2,-5.699651890161E1,
-2.407526216636E0));
#265=LINE('',#264,#263);
#266=DIRECTION('',(-1.E0,0.E0,0.E0));
#267=VECTOR('',#266,1.4E1);
#268=CARTESIAN_POINT('',(-1.095499991400E2,-5.699651890161E1,
-2.407526216636E0));
#269=LINE('',#268,#267);
#270=DIRECTION('',(0.E0,1.E0,0.E0));
#271=VECTOR('',#270,1.4E1);
#272=CARTESIAN_POINT('',(-1.095499991400E2,-7.099651890161E1,
-2.407526216636E0));
#273=LINE('',#272,#271);
#274=DIRECTION('',(1.E0,0.E0,0.E0));
#275=VECTOR('',#274,1.4E1);
#276=CARTESIAN_POINT('',(4.295000085970E1,-7.099651890161E1,-2.407526216636E0));
#277=LINE('',#276,#275);
#278=DIRECTION('',(0.E0,-1.E0,0.E0));
#279=VECTOR('',#278,1.4E1);
#280=CARTESIAN_POINT('',(4.295000085970E1,-5.699651890161E1,-2.407526216636E0));
#281=LINE('',#280,#279);
#282=DIRECTION('',(-1.E0,0.E0,0.E0));
#283=VECTOR('',#282,1.4E1);
#284=CARTESIAN_POINT('',(5.695000085970E1,-5.699651890161E1,-2.407526216636E0));
#285=LINE('',#284,#283);
#286=DIRECTION('',(0.E0,1.E0,0.E0));
#287=VECTOR('',#286,1.4E1);
#288=CARTESIAN_POINT('',(5.695000085970E1,-7.099651890161E1,-2.407526216636E0));
#289=LINE('',#288,#287);
#290=DIRECTION('',(1.E0,0.E0,0.E0));
#291=VECTOR('',#290,1.4E1);
#292=CARTESIAN_POINT('',(3.115000085892E1,-1.384651890171E1,-2.407526216636E0));
#293=LINE('',#292,#291);
#294=DIRECTION('',(0.E0,-1.E0,0.E0));
#295=VECTOR('',#294,1.4E1);
#296=CARTESIAN_POINT('',(3.115000085892E1,1.534810982963E-1,-2.407526216636E0));
#297=LINE('',#296,#295);
#298=DIRECTION('',(-1.E0,0.E0,0.E0));
#299=VECTOR('',#298,1.4E1);
#300=CARTESIAN_POINT('',(4.515000085892E1,1.534810982963E-1,-2.407526216636E0));
#301=LINE('',#300,#299);
#302=DIRECTION('',(0.E0,1.E0,0.E0));
#303=VECTOR('',#302,1.4E1);
#304=CARTESIAN_POINT('',(4.515000085892E1,-1.384651890171E1,-2.407526216636E0));
#305=LINE('',#304,#303);
#306=DIRECTION('',(1.E0,0.E0,0.E0));
#307=VECTOR('',#306,1.4E1);
#308=CARTESIAN_POINT('',(6.925000085892E1,-1.384651890171E1,-2.407526216636E0));
#309=LINE('',#308,#307);
#310=DIRECTION('',(0.E0,-1.E0,0.E0));
#311=VECTOR('',#310,1.4E1);
#312=CARTESIAN_POINT('',(6.925000085892E1,1.534810982963E-1,-2.407526216636E0));
#313=LINE('',#312,#311);
#314=DIRECTION('',(-1.E0,0.E0,0.E0));
#315=VECTOR('',#314,1.4E1);
#316=CARTESIAN_POINT('',(8.325000085892E1,1.534810982963E-1,-2.407526216636E0));
#317=LINE('',#316,#315);
#318=DIRECTION('',(0.E0,1.E0,0.E0));
#319=VECTOR('',#318,1.4E1);
#320=CARTESIAN_POINT('',(8.325000085892E1,-1.384651890171E1,-2.407526216636E0));
#321=LINE('',#320,#319);
#322=DIRECTION('',(1.E0,0.E0,0.E0));
#323=VECTOR('',#322,1.4E1);
#324=CARTESIAN_POINT('',(3.590000086103E1,-3.289651890175E1,-2.407526216636E0));
#325=LINE('',#324,#323);
#326=DIRECTION('',(0.E0,-1.E0,0.E0));
#327=VECTOR('',#326,1.4E1);
#328=CARTESIAN_POINT('',(3.590000086103E1,-1.889651890174E1,-2.407526216636E0));
#329=LINE('',#328,#327);
#330=DIRECTION('',(-1.E0,0.E0,0.E0));
#331=VECTOR('',#330,1.4E1);
#332=CARTESIAN_POINT('',(4.990000086103E1,-1.889651890174E1,-2.407526216636E0));
#333=LINE('',#332,#331);
#334=DIRECTION('',(0.E0,1.E0,0.E0));
#335=VECTOR('',#334,1.4E1);
#336=CARTESIAN_POINT('',(4.990000086103E1,-3.289651890175E1,-2.407526216636E0));
#337=LINE('',#336,#335);
#338=DIRECTION('',(1.E0,0.E0,0.E0));
#339=VECTOR('',#338,1.4E1);
#340=CARTESIAN_POINT('',(-3.549999914008E1,5.203481098425E0,-2.407526216636E0));
#341=LINE('',#340,#339);
#342=DIRECTION('',(0.E0,-1.E0,0.E0));
#343=VECTOR('',#342,1.4E1);
#344=CARTESIAN_POINT('',(-3.549999914008E1,1.920348109843E1,-2.407526216636E0));
#345=LINE('',#344,#343);
#346=DIRECTION('',(-1.E0,0.E0,0.E0));
#347=VECTOR('',#346,1.4E1);
#348=CARTESIAN_POINT('',(-2.149999914008E1,1.920348109843E1,-2.407526216636E0));
#349=LINE('',#348,#347);
#350=DIRECTION('',(0.E0,1.E0,0.E0));
#351=VECTOR('',#350,1.4E1);
#352=CARTESIAN_POINT('',(-2.149999914008E1,5.203481098425E0,-2.407526216636E0));
#353=LINE('',#352,#351);
#354=DIRECTION('',(1.E0,0.E0,0.E0));
#355=VECTOR('',#354,1.4E1);
#356=CARTESIAN_POINT('',(-1.212499991411E2,-1.384651890171E1,
-2.407526216636E0));
#357=LINE('',#356,#355);
#358=DIRECTION('',(0.E0,-1.E0,0.E0));
#359=VECTOR('',#358,1.4E1);
#360=CARTESIAN_POINT('',(-1.212499991411E2,1.534810982963E-1,
-2.407526216636E0));
#361=LINE('',#360,#359);
#362=DIRECTION('',(-1.E0,0.E0,0.E0));
#363=VECTOR('',#362,1.4E1);
#364=CARTESIAN_POINT('',(-1.072499991411E2,1.534810982963E-1,
-2.407526216636E0));
#365=LINE('',#364,#363);
#366=DIRECTION('',(0.E0,1.E0,0.E0));
#367=VECTOR('',#366,1.4E1);
#368=CARTESIAN_POINT('',(-1.072499991411E2,-1.384651890171E1,
-2.407526216636E0));
#369=LINE('',#368,#367);
#370=DIRECTION('',(1.E0,0.E0,0.E0));
#371=VECTOR('',#370,1.4E1);
#372=CARTESIAN_POINT('',(2.600000859917E0,5.203481098425E0,-2.407526216636E0));
#373=LINE('',#372,#371);
#374=DIRECTION('',(0.E0,-1.E0,0.E0));
#375=VECTOR('',#374,1.4E1);
#376=CARTESIAN_POINT('',(2.600000859917E0,1.920348109843E1,-2.407526216636E0));
#377=LINE('',#376,#375);
#378=DIRECTION('',(-1.E0,0.E0,0.E0));
#379=VECTOR('',#378,1.4E1);
#380=CARTESIAN_POINT('',(1.660000085992E1,1.920348109843E1,-2.407526216636E0));
#381=LINE('',#380,#379);
#382=DIRECTION('',(0.E0,1.E0,0.E0));
#383=VECTOR('',#382,1.4E1);
#384=CARTESIAN_POINT('',(1.660000085992E1,5.203481098425E0,-2.407526216636E0));
#385=LINE('',#384,#383);
#386=DIRECTION('',(1.E0,0.E0,0.E0));
#387=VECTOR('',#386,1.4E1);
#388=CARTESIAN_POINT('',(1.210000085892E1,-1.384651890171E1,-2.407526216636E0));
#389=LINE('',#388,#387);
#390=DIRECTION('',(0.E0,-1.E0,0.E0));
#391=VECTOR('',#390,1.4E1);
#392=CARTESIAN_POINT('',(1.210000085892E1,1.534810982963E-1,-2.407526216636E0));
#393=LINE('',#392,#391);
#394=DIRECTION('',(-1.E0,0.E0,0.E0));
#395=VECTOR('',#394,1.4E1);
#396=CARTESIAN_POINT('',(2.610000085892E1,1.534810982963E-1,-2.407526216636E0));
#397=LINE('',#396,#395);
#398=DIRECTION('',(0.E0,1.E0,0.E0));
#399=VECTOR('',#398,1.4E1);
#400=CARTESIAN_POINT('',(2.610000085892E1,-1.384651890171E1,-2.407526216636E0));
#401=LINE('',#400,#399);
#402=DIRECTION('',(1.E0,0.E0,0.E0));
#403=VECTOR('',#402,1.4E1);
#404=CARTESIAN_POINT('',(1.685000086103E1,-3.289651890175E1,-2.407526216636E0));
#405=LINE('',#404,#403);
#406=DIRECTION('',(0.E0,-1.E0,0.E0));
#407=VECTOR('',#406,1.4E1);
#408=CARTESIAN_POINT('',(1.685000086103E1,-1.889651890174E1,-2.407526216636E0));
#409=LINE('',#408,#407);
#410=DIRECTION('',(-1.E0,0.E0,0.E0));
#411=VECTOR('',#410,1.4E1);
#412=CARTESIAN_POINT('',(3.085000086103E1,-1.889651890174E1,-2.407526216636E0));
#413=LINE('',#412,#411);
#414=DIRECTION('',(0.E0,1.E0,0.E0));
#415=VECTOR('',#414,1.4E1);
#416=CARTESIAN_POINT('',(3.085000086103E1,-3.289651890175E1,-2.407526216636E0));
#417=LINE('',#416,#415);
#418=DIRECTION('',(1.E0,0.E0,0.E0));
#419=VECTOR('',#418,1.4E1);
#420=CARTESIAN_POINT('',(-5.934999913897E1,-3.289651890175E1,
-2.407526216636E0));
#421=LINE('',#420,#419);
#422=DIRECTION('',(0.E0,-1.E0,0.E0));
#423=VECTOR('',#422,1.4E1);
#424=CARTESIAN_POINT('',(-5.934999913897E1,-1.889651890174E1,
-2.407526216636E0));
#425=LINE('',#424,#423);
#426=DIRECTION('',(-1.E0,0.E0,0.E0));
#427=VECTOR('',#426,1.4E1);
#428=CARTESIAN_POINT('',(-4.534999913897E1,-1.889651890174E1,
-2.407526216636E0));
#429=LINE('',#428,#427);
#430=DIRECTION('',(0.E0,1.E0,0.E0));
#431=VECTOR('',#430,1.4E1);
#432=CARTESIAN_POINT('',(-4.534999913897E1,-3.289651890175E1,
-2.407526216636E0));
#433=LINE('',#432,#431);
#434=DIRECTION('',(1.E0,0.E0,0.E0));
#435=VECTOR('',#434,1.4E1);
#436=CARTESIAN_POINT('',(-5.454999914008E1,5.203481098425E0,-2.407526216636E0));
#437=LINE('',#436,#435);
#438=DIRECTION('',(0.E0,-1.E0,0.E0));
#439=VECTOR('',#438,1.4E1);
#440=CARTESIAN_POINT('',(-5.454999914008E1,1.920348109843E1,-2.407526216636E0));
#441=LINE('',#440,#439);
#442=DIRECTION('',(-1.E0,0.E0,0.E0));
#443=VECTOR('',#442,1.4E1);
#444=CARTESIAN_POINT('',(-4.054999914008E1,1.920348109843E1,-2.407526216636E0));
#445=LINE('',#444,#443);
#446=DIRECTION('',(0.E0,1.E0,0.E0));
#447=VECTOR('',#446,1.4E1);
#448=CARTESIAN_POINT('',(-4.054999914008E1,5.203481098425E0,-2.407526216636E0));
#449=LINE('',#448,#447);
#450=DIRECTION('',(1.E0,0.E0,0.E0));
#451=VECTOR('',#450,1.4E1);
#452=CARTESIAN_POINT('',(2.640000086044E1,-5.194651890313E1,-2.407526216636E0));
#453=LINE('',#452,#451);
#454=DIRECTION('',(0.E0,-1.E0,0.E0));
#455=VECTOR('',#454,1.4E1);
#456=CARTESIAN_POINT('',(2.640000086044E1,-3.794651890312E1,-2.407526216636E0));
#457=LINE('',#456,#455);
#458=DIRECTION('',(-1.E0,0.E0,0.E0));
#459=VECTOR('',#458,1.4E1);
#460=CARTESIAN_POINT('',(4.040000086044E1,-3.794651890312E1,-2.407526216636E0));
#461=LINE('',#460,#459);
#462=DIRECTION('',(0.E0,1.E0,0.E0));
#463=VECTOR('',#462,1.4E1);
#464=CARTESIAN_POINT('',(4.040000086044E1,-5.194651890313E1,-2.407526216636E0));
#465=LINE('',#464,#463);
#466=DIRECTION('',(1.E0,0.E0,0.E0));
#467=VECTOR('',#466,1.4E1);
#468=CARTESIAN_POINT('',(-9.744999913897E1,-3.289651890175E1,
-2.407526216636E0));
#469=LINE('',#468,#467);
#470=DIRECTION('',(0.E0,-1.E0,0.E0));
#471=VECTOR('',#470,1.4E1);
#472=CARTESIAN_POINT('',(-9.744999913897E1,-1.889651890174E1,
-2.407526216636E0));
#473=LINE('',#472,#471);
#474=DIRECTION('',(-1.E0,0.E0,0.E0));
#475=VECTOR('',#474,1.4E1);
#476=CARTESIAN_POINT('',(-8.344999913897E1,-1.889651890174E1,
-2.407526216636E0));
#477=LINE('',#476,#475);
#478=DIRECTION('',(0.E0,1.E0,0.E0));
#479=VECTOR('',#478,1.4E1);
#480=CARTESIAN_POINT('',(-8.344999913897E1,-3.289651890175E1,
-2.407526216636E0));
#481=LINE('',#480,#479);
#482=DIRECTION('',(1.E0,0.E0,0.E0));
#483=VECTOR('',#482,1.4E1);
#484=CARTESIAN_POINT('',(-9.264999914008E1,5.203481098425E0,-2.407526216636E0));
#485=LINE('',#484,#483);
#486=DIRECTION('',(0.E0,-1.E0,0.E0));
#487=VECTOR('',#486,1.4E1);
#488=CARTESIAN_POINT('',(-9.264999914008E1,1.920348109843E1,-2.407526216636E0));
#489=LINE('',#488,#487);
#490=DIRECTION('',(-1.E0,0.E0,0.E0));
#491=VECTOR('',#490,1.4E1);
#492=CARTESIAN_POINT('',(-7.864999914008E1,1.920348109843E1,-2.407526216636E0));
#493=LINE('',#492,#491);
#494=DIRECTION('',(0.E0,1.E0,0.E0));
#495=VECTOR('',#494,1.4E1);
#496=CARTESIAN_POINT('',(-7.864999914008E1,5.203481098425E0,-2.407526216636E0));
#497=LINE('',#496,#495);
#498=DIRECTION('',(1.E0,0.E0,0.E0));
#499=VECTOR('',#498,1.4E1);
#500=CARTESIAN_POINT('',(4.070000085992E1,5.203481098425E0,-2.407526216636E0));
#501=LINE('',#500,#499);
#502=DIRECTION('',(0.E0,-1.E0,0.E0));
#503=VECTOR('',#502,1.4E1);
#504=CARTESIAN_POINT('',(4.070000085992E1,1.920348109843E1,-2.407526216636E0));
#505=LINE('',#504,#503);
#506=DIRECTION('',(-1.E0,0.E0,0.E0));
#507=VECTOR('',#506,1.4E1);
#508=CARTESIAN_POINT('',(5.470000085992E1,1.920348109843E1,-2.407526216636E0));
#509=LINE('',#508,#507);
#510=DIRECTION('',(0.E0,1.E0,0.E0));
#511=VECTOR('',#510,1.4E1);
#512=CARTESIAN_POINT('',(5.470000085992E1,5.203481098425E0,-2.407526216636E0));
#513=LINE('',#512,#511);
#514=DIRECTION('',(1.E0,0.E0,0.E0));
#515=VECTOR('',#514,1.4E1);
#516=CARTESIAN_POINT('',(7.350000860440E0,-5.194651890313E1,-2.407526216636E0));
#517=LINE('',#516,#515);
#518=DIRECTION('',(0.E0,-1.E0,0.E0));
#519=VECTOR('',#518,1.4E1);
#520=CARTESIAN_POINT('',(7.350000860440E0,-3.794651890312E1,-2.407526216636E0));
#521=LINE('',#520,#519);
#522=DIRECTION('',(-1.E0,0.E0,0.E0));
#523=VECTOR('',#522,1.4E1);
#524=CARTESIAN_POINT('',(2.135000086044E1,-3.794651890312E1,-2.407526216636E0));
#525=LINE('',#524,#523);
#526=DIRECTION('',(0.E0,1.E0,0.E0));
#527=VECTOR('',#526,1.4E1);
#528=CARTESIAN_POINT('',(2.135000086044E1,-5.194651890313E1,-2.407526216636E0));
#529=LINE('',#528,#527);
#530=DIRECTION('',(1.E0,0.E0,0.E0));
#531=VECTOR('',#530,1.4E1);
#532=CARTESIAN_POINT('',(-6.409999914108E1,-1.384651890171E1,
-2.407526216636E0));
#533=LINE('',#532,#531);
#534=DIRECTION('',(0.E0,-1.E0,0.E0));
#535=VECTOR('',#534,1.4E1);
#536=CARTESIAN_POINT('',(-6.409999914108E1,1.534810982963E-1,
-2.407526216636E0));
#537=LINE('',#536,#535);
#538=DIRECTION('',(-1.E0,0.E0,0.E0));
#539=VECTOR('',#538,1.4E1);
#540=CARTESIAN_POINT('',(-5.009999914108E1,1.534810982963E-1,
-2.407526216636E0));
#541=LINE('',#540,#539);
#542=DIRECTION('',(0.E0,1.E0,0.E0));
#543=VECTOR('',#542,1.4E1);
#544=CARTESIAN_POINT('',(-5.009999914108E1,-1.384651890171E1,
-2.407526216636E0));
#545=LINE('',#544,#543);
#546=DIRECTION('',(1.E0,0.E0,0.E0));
#547=VECTOR('',#546,1.4E1);
#548=CARTESIAN_POINT('',(-6.884999913956E1,-5.194651890313E1,
-2.407526216636E0));
#549=LINE('',#548,#547);
#550=DIRECTION('',(0.E0,-1.E0,0.E0));
#551=VECTOR('',#550,1.4E1);
#552=CARTESIAN_POINT('',(-6.884999913956E1,-3.794651890312E1,
-2.407526216636E0));
#553=LINE('',#552,#551);
#554=DIRECTION('',(-1.E0,0.E0,0.E0));
#555=VECTOR('',#554,1.4E1);
#556=CARTESIAN_POINT('',(-5.484999913956E1,-3.794651890312E1,
-2.407526216636E0));
#557=LINE('',#556,#555);
#558=DIRECTION('',(0.E0,1.E0,0.E0));
#559=VECTOR('',#558,1.4E1);
#560=CARTESIAN_POINT('',(-5.484999913956E1,-5.194651890313E1,
-2.407526216636E0));
#561=LINE('',#560,#559);
#562=DIRECTION('',(1.E0,0.E0,0.E0));
#563=VECTOR('',#562,1.4E1);
#564=CARTESIAN_POINT('',(-1.450499991407E2,-1.384651890159E1,
-2.407526216636E0));
#565=LINE('',#564,#563);
#566=DIRECTION('',(0.E0,-1.E0,0.E0));
#567=VECTOR('',#566,1.4E1);
#568=CARTESIAN_POINT('',(-1.450499991407E2,1.534810984163E-1,
-2.407526216636E0));
#569=LINE('',#568,#567);
#570=DIRECTION('',(-1.E0,0.E0,0.E0));
#571=VECTOR('',#570,1.4E1);
#572=CARTESIAN_POINT('',(-1.310499991407E2,1.534810984163E-1,
-2.407526216636E0));
#573=LINE('',#572,#571);
#574=DIRECTION('',(0.E0,1.E0,0.E0));
#575=VECTOR('',#574,1.4E1);
#576=CARTESIAN_POINT('',(-1.310499991407E2,-1.384651890159E1,
-2.407526216636E0));
#577=LINE('',#576,#575);
#578=DIRECTION('',(1.E0,0.E0,0.E0));
#579=VECTOR('',#578,1.4E1);
#580=CARTESIAN_POINT('',(7.880000085992E1,5.203481098425E0,-2.407526216636E0));
#581=LINE('',#580,#579);
#582=DIRECTION('',(0.E0,-1.E0,0.E0));
#583=VECTOR('',#582,1.4E1);
#584=CARTESIAN_POINT('',(7.880000085992E1,1.920348109843E1,-2.407526216636E0));
#585=LINE('',#584,#583);
#586=DIRECTION('',(-1.E0,0.E0,0.E0));
#587=VECTOR('',#586,1.4E1);
#588=CARTESIAN_POINT('',(9.280000085992E1,1.920348109843E1,-2.407526216636E0));
#589=LINE('',#588,#587);
#590=DIRECTION('',(0.E0,1.E0,0.E0));
#591=VECTOR('',#590,1.4E1);
#592=CARTESIAN_POINT('',(9.280000085992E1,5.203481098425E0,-2.407526216636E0));
#593=LINE('',#592,#591);
#594=DIRECTION('',(1.E0,0.E0,0.E0));
#595=VECTOR('',#594,1.4E1);
#596=CARTESIAN_POINT('',(5.020000085892E1,-1.384651890171E1,-2.407526216636E0));
#597=LINE('',#596,#595);
#598=DIRECTION('',(0.E0,-1.E0,0.E0));
#599=VECTOR('',#598,1.4E1);
#600=CARTESIAN_POINT('',(5.020000085892E1,1.534810982963E-1,-2.407526216636E0));
#601=LINE('',#600,#599);
#602=DIRECTION('',(-1.E0,0.E0,0.E0));
#603=VECTOR('',#602,1.4E1);
#604=CARTESIAN_POINT('',(6.420000085892E1,1.534810982963E-1,-2.407526216636E0));
#605=LINE('',#604,#603);
#606=DIRECTION('',(0.E0,1.E0,0.E0));
#607=VECTOR('',#606,1.4E1);
#608=CARTESIAN_POINT('',(6.420000085892E1,-1.384651890171E1,-2.407526216636E0));
#609=LINE('',#608,#607);
#610=DIRECTION('',(1.E0,0.E0,0.E0));
#611=VECTOR('',#610,1.4E1);
#612=CARTESIAN_POINT('',(-2.124999913897E1,-3.289651890175E1,
-2.407526216636E0));
#613=LINE('',#612,#611);
#614=DIRECTION('',(0.E0,-1.E0,0.E0));
#615=VECTOR('',#614,1.4E1);
#616=CARTESIAN_POINT('',(-2.124999913897E1,-1.889651890174E1,
-2.407526216636E0));
#617=LINE('',#616,#615);
#618=DIRECTION('',(-1.E0,0.E0,0.E0));
#619=VECTOR('',#618,1.4E1);
#620=CARTESIAN_POINT('',(-7.249999138970E0,-1.889651890174E1,
-2.407526216636E0));
#621=LINE('',#620,#619);
#622=DIRECTION('',(0.E0,1.E0,0.E0));
#623=VECTOR('',#622,1.4E1);
#624=CARTESIAN_POINT('',(-7.249999138970E0,-3.289651890175E1,
-2.407526216636E0));
#625=LINE('',#624,#623);
#626=DIRECTION('',(1.E0,0.E0,0.E0));
#627=VECTOR('',#626,1.4E1);
#628=CARTESIAN_POINT('',(5.495000086103E1,-3.289651890175E1,-2.407526216636E0));
#629=LINE('',#628,#627);
#630=DIRECTION('',(0.E0,-1.E0,0.E0));
#631=VECTOR('',#630,1.4E1);
#632=CARTESIAN_POINT('',(5.495000086103E1,-1.889651890174E1,-2.407526216636E0));
#633=LINE('',#632,#631);
#634=DIRECTION('',(-1.E0,0.E0,0.E0));
#635=VECTOR('',#634,1.4E1);
#636=CARTESIAN_POINT('',(6.895000086103E1,-1.889651890174E1,-2.407526216636E0));
#637=LINE('',#636,#635);
#638=DIRECTION('',(0.E0,1.E0,0.E0));
#639=VECTOR('',#638,1.4E1);
#640=CARTESIAN_POINT('',(6.895000086103E1,-3.289651890175E1,-2.407526216636E0));
#641=LINE('',#640,#639);
#642=DIRECTION('',(1.E0,0.E0,0.E0));
#643=VECTOR('',#642,1.4E1);
#644=CARTESIAN_POINT('',(-1.307499991401E2,5.203481098425E0,-2.407526216636E0));
#645=LINE('',#644,#643);
#646=DIRECTION('',(0.E0,-1.E0,0.E0));
#647=VECTOR('',#646,1.4E1);
#648=CARTESIAN_POINT('',(-1.307499991401E2,1.920348109843E1,-2.407526216636E0));
#649=LINE('',#648,#647);
#650=DIRECTION('',(-1.E0,0.E0,0.E0));
#651=VECTOR('',#650,1.4E1);
#652=CARTESIAN_POINT('',(-1.167499991401E2,1.920348109843E1,-2.407526216636E0));
#653=LINE('',#652,#651);
#654=DIRECTION('',(0.E0,1.E0,0.E0));
#655=VECTOR('',#654,1.4E1);
#656=CARTESIAN_POINT('',(-1.167499991401E2,5.203481098425E0,-2.407526216636E0));
#657=LINE('',#656,#655);
#658=DIRECTION('',(1.E0,0.E0,0.E0));
#659=VECTOR('',#658,1.4E1);
#660=CARTESIAN_POINT('',(6.450000086044E1,-5.194651890313E1,-2.407526216636E0));
#661=LINE('',#660,#659);
#662=DIRECTION('',(0.E0,-1.E0,0.E0));
#663=VECTOR('',#662,1.4E1);
#664=CARTESIAN_POINT('',(6.450000086044E1,-3.794651890312E1,-2.407526216636E0));
#665=LINE('',#664,#663);
#666=DIRECTION('',(-1.E0,0.E0,0.E0));
#667=VECTOR('',#666,1.4E1);
#668=CARTESIAN_POINT('',(7.850000086044E1,-3.794651890312E1,-2.407526216636E0));
#669=LINE('',#668,#667);
#670=DIRECTION('',(0.E0,1.E0,0.E0));
#671=VECTOR('',#670,1.4E1);
#672=CARTESIAN_POINT('',(7.850000086044E1,-5.194651890313E1,-2.407526216636E0));
#673=LINE('',#672,#671);
#674=DIRECTION('',(1.E0,0.E0,0.E0));
#675=VECTOR('',#674,1.4E1);
#676=CARTESIAN_POINT('',(7.400000086103E1,-3.289651890175E1,-2.407526216636E0));
#677=LINE('',#676,#675);
#678=DIRECTION('',(0.E0,-1.E0,0.E0));
#679=VECTOR('',#678,1.4E1);
#680=CARTESIAN_POINT('',(7.400000086103E1,-1.889651890174E1,-2.407526216636E0));
#681=LINE('',#680,#679);
#682=DIRECTION('',(-1.E0,0.E0,0.E0));
#683=VECTOR('',#682,1.4E1);
#684=CARTESIAN_POINT('',(8.800000086103E1,-1.889651890174E1,-2.407526216636E0));
#685=LINE('',#684,#683);
#686=DIRECTION('',(0.E0,1.E0,0.E0));
#687=VECTOR('',#686,1.4E1);
#688=CARTESIAN_POINT('',(8.800000086103E1,-3.289651890175E1,-2.407526216636E0));
#689=LINE('',#688,#687);
#690=DIRECTION('',(1.E0,0.E0,0.E0));
#691=VECTOR('',#690,1.4E1);
#692=CARTESIAN_POINT('',(-3.074999913956E1,-5.194651890313E1,
-2.407526216636E0));
#693=LINE('',#692,#691);
#694=DIRECTION('',(0.E0,-1.E0,0.E0));
#695=VECTOR('',#694,1.4E1);
#696=CARTESIAN_POINT('',(-3.074999913956E1,-3.794651890312E1,
-2.407526216636E0));
#697=LINE('',#696,#695);
#698=DIRECTION('',(-1.E0,0.E0,0.E0));
#699=VECTOR('',#698,1.4E1);
#700=CARTESIAN_POINT('',(-1.674999913956E1,-3.794651890312E1,
-2.407526216636E0));
#701=LINE('',#700,#699);
#702=DIRECTION('',(0.E0,1.E0,0.E0));
#703=VECTOR('',#702,1.4E1);
#704=CARTESIAN_POINT('',(-1.674999913956E1,-5.194651890313E1,
-2.407526216636E0));
#705=LINE('',#704,#703);
#706=DIRECTION('',(1.E0,0.E0,0.E0));
#707=VECTOR('',#706,1.4E1);
#708=CARTESIAN_POINT('',(-4.029999913897E1,-3.289651890175E1,
-2.407526216636E0));
#709=LINE('',#708,#707);
#710=DIRECTION('',(0.E0,-1.E0,0.E0));
#711=VECTOR('',#710,1.4E1);
#712=CARTESIAN_POINT('',(-4.029999913897E1,-1.889651890174E1,
-2.407526216636E0));
#713=LINE('',#712,#711);
#714=DIRECTION('',(-1.E0,0.E0,0.E0));
#715=VECTOR('',#714,1.4E1);
#716=CARTESIAN_POINT('',(-2.629999913897E1,-1.889651890174E1,
-2.407526216636E0));
#717=LINE('',#716,#715);
#718=DIRECTION('',(0.E0,1.E0,0.E0));
#719=VECTOR('',#718,1.4E1);
#720=CARTESIAN_POINT('',(-2.629999913897E1,-3.289651890175E1,
-2.407526216636E0));
#721=LINE('',#720,#719);
#722=DIRECTION('',(1.E0,0.E0,0.E0));
#723=VECTOR('',#722,1.4E1);
#724=CARTESIAN_POINT('',(8.830000085892E1,-1.384651890171E1,-2.407526216636E0));
#725=LINE('',#724,#723);
#726=DIRECTION('',(0.E0,-1.E0,0.E0));
#727=VECTOR('',#726,1.4E1);
#728=CARTESIAN_POINT('',(8.830000085892E1,1.534810982963E-1,-2.407526216636E0));
#729=LINE('',#728,#727);
#730=DIRECTION('',(-1.E0,0.E0,0.E0));
#731=VECTOR('',#730,1.4E1);
#732=CARTESIAN_POINT('',(1.023000008589E2,1.534810982963E-1,-2.407526216636E0));
#733=LINE('',#732,#731);
#734=DIRECTION('',(0.E0,1.E0,0.E0));
#735=VECTOR('',#734,1.4E1);
#736=CARTESIAN_POINT('',(1.023000008589E2,-1.384651890171E1,-2.407526216636E0));
#737=LINE('',#736,#735);
#738=DIRECTION('',(1.E0,0.E0,0.E0));
#739=VECTOR('',#738,1.4E1);
#740=CARTESIAN_POINT('',(-1.164999991390E2,-3.289651890175E1,
-2.407526216636E0));
#741=LINE('',#740,#739);
#742=DIRECTION('',(0.E0,-1.E0,0.E0));
#743=VECTOR('',#742,1.4E1);
#744=CARTESIAN_POINT('',(-1.164999991390E2,-1.889651890174E1,
-2.407526216636E0));
#745=LINE('',#744,#743);
#746=DIRECTION('',(-1.E0,0.E0,0.E0));
#747=VECTOR('',#746,1.4E1);
#748=CARTESIAN_POINT('',(-1.024999991390E2,-1.889651890174E1,
-2.407526216636E0));
#749=LINE('',#748,#747);
#750=DIRECTION('',(0.E0,1.E0,0.E0));
#751=VECTOR('',#750,1.4E1);
#752=CARTESIAN_POINT('',(-1.024999991390E2,-3.289651890175E1,
-2.407526216636E0));
#753=LINE('',#752,#751);
#754=DIRECTION('',(1.E0,0.E0,0.E0));
#755=VECTOR('',#754,1.4E1);
#756=CARTESIAN_POINT('',(-7.839999913897E1,-3.289651890175E1,
-2.407526216636E0));
#757=LINE('',#756,#755);
#758=DIRECTION('',(0.E0,-1.E0,0.E0));
#759=VECTOR('',#758,1.4E1);
#760=CARTESIAN_POINT('',(-7.839999913897E1,-1.889651890174E1,
-2.407526216636E0));
#761=LINE('',#760,#759);
#762=DIRECTION('',(-1.E0,0.E0,0.E0));
#763=VECTOR('',#762,1.4E1);
#764=CARTESIAN_POINT('',(-6.439999913897E1,-1.889651890174E1,
-2.407526216636E0));
#765=LINE('',#764,#763);
#766=DIRECTION('',(0.E0,1.E0,0.E0));
#767=VECTOR('',#766,1.4E1);
#768=CARTESIAN_POINT('',(-6.439999913897E1,-3.289651890175E1,
-2.407526216636E0));
#769=LINE('',#768,#767);
#770=DIRECTION('',(1.E0,0.E0,0.E0));
#771=VECTOR('',#770,1.4E1);
#772=CARTESIAN_POINT('',(-1.069499991396E2,-5.194651890313E1,
-2.407526216636E0));
#773=LINE('',#772,#771);
#774=DIRECTION('',(0.E0,-1.E0,0.E0));
#775=VECTOR('',#774,1.4E1);
#776=CARTESIAN_POINT('',(-1.069499991396E2,-3.794651890312E1,
-2.407526216636E0));
#777=LINE('',#776,#775);
#778=DIRECTION('',(-1.E0,0.E0,0.E0));
#779=VECTOR('',#778,1.4E1);
#780=CARTESIAN_POINT('',(-9.294999913956E1,-3.794651890312E1,
-2.407526216636E0));
#781=LINE('',#780,#779);
#782=DIRECTION('',(0.E0,1.E0,0.E0));
#783=VECTOR('',#782,1.4E1);
#784=CARTESIAN_POINT('',(-9.294999913956E1,-5.194651890313E1,
-2.407526216636E0));
#785=LINE('',#784,#783);
#786=DIRECTION('',(1.E0,0.E0,0.E0));
#787=VECTOR('',#786,1.4E1);
#788=CARTESIAN_POINT('',(-4.979999913956E1,-5.194651890313E1,
-2.407526216636E0));
#789=LINE('',#788,#787);
#790=DIRECTION('',(0.E0,-1.E0,0.E0));
#791=VECTOR('',#790,1.4E1);
#792=CARTESIAN_POINT('',(-4.979999913956E1,-3.794651890312E1,
-2.407526216636E0));
#793=LINE('',#792,#791);
#794=DIRECTION('',(-1.E0,0.E0,0.E0));
#795=VECTOR('',#794,1.4E1);
#796=CARTESIAN_POINT('',(-3.579999913956E1,-3.794651890312E1,
-2.407526216636E0));
#797=LINE('',#796,#795);
#798=DIRECTION('',(0.E0,1.E0,0.E0));
#799=VECTOR('',#798,1.4E1);
#800=CARTESIAN_POINT('',(-3.579999913956E1,-5.194651890313E1,
-2.407526216636E0));
#801=LINE('',#800,#799);
#802=DIRECTION('',(1.E0,0.E0,0.E0));
#803=VECTOR('',#802,1.4E1);
#804=CARTESIAN_POINT('',(-6.949999141080E0,-1.384651890171E1,
-2.407526216636E0));
#805=LINE('',#804,#803);
#806=DIRECTION('',(0.E0,-1.E0,0.E0));
#807=VECTOR('',#806,1.4E1);
#808=CARTESIAN_POINT('',(-6.949999141080E0,1.534810982963E-1,
-2.407526216636E0));
#809=LINE('',#808,#807);
#810=DIRECTION('',(-1.E0,0.E0,0.E0));
#811=VECTOR('',#810,1.4E1);
#812=CARTESIAN_POINT('',(7.050000858920E0,1.534810982963E-1,-2.407526216636E0));
#813=LINE('',#812,#811);
#814=DIRECTION('',(0.E0,1.E0,0.E0));
#815=VECTOR('',#814,1.4E1);
#816=CARTESIAN_POINT('',(7.050000858920E0,-1.384651890171E1,-2.407526216636E0));
#817=LINE('',#816,#815);
#818=DIRECTION('',(1.E0,0.E0,0.E0));
#819=VECTOR('',#818,1.4E1);
#820=CARTESIAN_POINT('',(-8.314999914108E1,-1.384651890171E1,
-2.407526216636E0));
#821=LINE('',#820,#819);
#822=DIRECTION('',(0.E0,-1.E0,0.E0));
#823=VECTOR('',#822,1.4E1);
#824=CARTESIAN_POINT('',(-8.314999914108E1,1.534810982963E-1,
-2.407526216636E0));
#825=LINE('',#824,#823);
#826=DIRECTION('',(-1.E0,0.E0,0.E0));
#827=VECTOR('',#826,1.4E1);
#828=CARTESIAN_POINT('',(-6.914999914108E1,1.534810982963E-1,
-2.407526216636E0));
#829=LINE('',#828,#827);
#830=DIRECTION('',(0.E0,1.E0,0.E0));
#831=VECTOR('',#830,1.4E1);
#832=CARTESIAN_POINT('',(-6.914999914108E1,-1.384651890171E1,
-2.407526216636E0));
#833=LINE('',#832,#831);
#834=DIRECTION('',(1.E0,0.E0,0.E0));
#835=VECTOR('',#834,1.4E1);
#836=CARTESIAN_POINT('',(-7.359999914008E1,5.203481098425E0,-2.407526216636E0));
#837=LINE('',#836,#835);
#838=DIRECTION('',(0.E0,-1.E0,0.E0));
#839=VECTOR('',#838,1.4E1);
#840=CARTESIAN_POINT('',(-7.359999914008E1,1.920348109843E1,-2.407526216636E0));
#841=LINE('',#840,#839);
#842=DIRECTION('',(-1.E0,0.E0,0.E0));
#843=VECTOR('',#842,1.4E1);
#844=CARTESIAN_POINT('',(-5.959999914008E1,1.920348109843E1,-2.407526216636E0));
#845=LINE('',#844,#843);
#846=DIRECTION('',(0.E0,1.E0,0.E0));
#847=VECTOR('',#846,1.4E1);
#848=CARTESIAN_POINT('',(-5.959999914008E1,5.203481098425E0,-2.407526216636E0));
#849=LINE('',#848,#847);
#850=DIRECTION('',(1.E0,0.E0,0.E0));
#851=VECTOR('',#850,1.4E1);
#852=CARTESIAN_POINT('',(2.165000085992E1,5.203481098425E0,-2.407526216636E0));
#853=LINE('',#852,#851);
#854=DIRECTION('',(0.E0,-1.E0,0.E0));
#855=VECTOR('',#854,1.4E1);
#856=CARTESIAN_POINT('',(2.165000085992E1,1.920348109843E1,-2.407526216636E0));
#857=LINE('',#856,#855);
#858=DIRECTION('',(-1.E0,0.E0,0.E0));
#859=VECTOR('',#858,1.4E1);
#860=CARTESIAN_POINT('',(3.565000085992E1,1.920348109843E1,-2.407526216636E0));
#861=LINE('',#860,#859);
#862=DIRECTION('',(0.E0,1.E0,0.E0));
#863=VECTOR('',#862,1.4E1);
#864=CARTESIAN_POINT('',(3.565000085992E1,5.203481098425E0,-2.407526216636E0));
#865=LINE('',#864,#863);
#866=DIRECTION('',(1.E0,0.E0,0.E0));
#867=VECTOR('',#866,1.4E1);
#868=CARTESIAN_POINT('',(-8.789999913956E1,-5.194651890313E1,
-2.407526216636E0));
#869=LINE('',#868,#867);
#870=DIRECTION('',(0.E0,-1.E0,0.E0));
#871=VECTOR('',#870,1.4E1);
#872=CARTESIAN_POINT('',(-8.789999913956E1,-3.794651890312E1,
-2.407526216636E0));
#873=LINE('',#872,#871);
#874=DIRECTION('',(-1.E0,0.E0,0.E0));
#875=VECTOR('',#874,1.4E1);
#876=CARTESIAN_POINT('',(-7.389999913956E1,-3.794651890312E1,
-2.407526216636E0));
#877=LINE('',#876,#875);
#878=DIRECTION('',(0.E0,1.E0,0.E0));
#879=VECTOR('',#878,1.4E1);
#880=CARTESIAN_POINT('',(-7.389999913956E1,-5.194651890313E1,
-2.407526216636E0));
#881=LINE('',#880,#879);
#882=DIRECTION('',(1.E0,0.E0,0.E0));
#883=VECTOR('',#882,1.4E1);
#884=CARTESIAN_POINT('',(-1.473999991400E2,-7.099651890161E1,
-2.407526216636E0));
#885=LINE('',#884,#883);
#886=DIRECTION('',(0.E0,-1.E0,0.E0));
#887=VECTOR('',#886,1.4E1);
#888=CARTESIAN_POINT('',(-1.473999991400E2,-5.699651890161E1,
-2.407526216636E0));
#889=LINE('',#888,#887);
#890=DIRECTION('',(-1.E0,0.E0,0.E0));
#891=VECTOR('',#890,1.4E1);
#892=CARTESIAN_POINT('',(-1.333999991400E2,-5.699651890161E1,
-2.407526216636E0));
#893=LINE('',#892,#891);
#894=DIRECTION('',(0.E0,1.E0,0.E0));
#895=VECTOR('',#894,1.4E1);
#896=CARTESIAN_POINT('',(-1.333999991400E2,-7.099651890161E1,
-2.407526216636E0));
#897=LINE('',#896,#895);
#898=DIRECTION('',(1.E0,0.E0,0.E0));
#899=VECTOR('',#898,1.4E1);
#900=CARTESIAN_POINT('',(-1.021999991411E2,-1.384651890171E1,
-2.407526216636E0));
#901=LINE('',#900,#899);
#902=DIRECTION('',(0.E0,-1.E0,0.E0));
#903=VECTOR('',#902,1.4E1);
#904=CARTESIAN_POINT('',(-1.021999991411E2,1.534810982963E-1,
-2.407526216636E0));
#905=LINE('',#904,#903);
#906=DIRECTION('',(-1.E0,0.E0,0.E0));
#907=VECTOR('',#906,1.4E1);
#908=CARTESIAN_POINT('',(-8.819999914108E1,1.534810982963E-1,
-2.407526216636E0));
#909=LINE('',#908,#907);
#910=DIRECTION('',(0.E0,1.E0,0.E0));
#911=VECTOR('',#910,1.4E1);
#912=CARTESIAN_POINT('',(-8.819999914108E1,-1.384651890171E1,
-2.407526216636E0));
#913=LINE('',#912,#911);
#914=DIRECTION('',(1.E0,0.E0,0.E0));
#915=VECTOR('',#914,1.4E1);
#916=CARTESIAN_POINT('',(6.680000085970E1,-7.099651890161E1,-2.407526216636E0));
#917=LINE('',#916,#915);
#918=DIRECTION('',(0.E0,-1.E0,0.E0));
#919=VECTOR('',#918,1.4E1);
#920=CARTESIAN_POINT('',(6.680000085970E1,-5.699651890161E1,-2.407526216636E0));
#921=LINE('',#920,#919);
#922=DIRECTION('',(-1.E0,0.E0,0.E0));
#923=VECTOR('',#922,1.4E1);
#924=CARTESIAN_POINT('',(8.080000085970E1,-5.699651890161E1,-2.407526216636E0));
#925=LINE('',#924,#923);
#926=DIRECTION('',(0.E0,1.E0,0.E0));
#927=VECTOR('',#926,1.4E1);
#928=CARTESIAN_POINT('',(8.080000085970E1,-7.099651890161E1,-2.407526216636E0));
#929=LINE('',#928,#927);
#930=DIRECTION('',(1.E0,0.E0,0.E0));
#931=VECTOR('',#930,1.4E1);
#932=CARTESIAN_POINT('',(-9.969999913996E1,-7.099651890161E1,
-2.407526216636E0));
#933=LINE('',#932,#931);
#934=DIRECTION('',(0.E0,-1.E0,0.E0));
#935=VECTOR('',#934,1.4E1);
#936=CARTESIAN_POINT('',(-9.969999913996E1,-5.699651890161E1,
-2.407526216636E0));
#937=LINE('',#936,#935);
#938=DIRECTION('',(-1.E0,0.E0,0.E0));
#939=VECTOR('',#938,1.4E1);
#940=CARTESIAN_POINT('',(-8.569999913996E1,-5.699651890161E1,
-2.407526216636E0));
#941=LINE('',#940,#939);
#942=DIRECTION('',(0.E0,1.E0,0.E0));
#943=VECTOR('',#942,1.4E1);
#944=CARTESIAN_POINT('',(-8.569999913996E1,-7.099651890161E1,
-2.407526216636E0));
#945=LINE('',#944,#943);
#946=DIRECTION('',(1.E0,0.E0,0.E0));
#947=VECTOR('',#946,1.4E1);
#948=CARTESIAN_POINT('',(-1.169999913956E1,-5.194651890313E1,
-2.407526216636E0));
#949=LINE('',#948,#947);
#950=DIRECTION('',(0.E0,-1.E0,0.E0));
#951=VECTOR('',#950,1.4E1);
#952=CARTESIAN_POINT('',(-1.169999913956E1,-3.794651890312E1,
-2.407526216636E0));
#953=LINE('',#952,#951);
#954=DIRECTION('',(-1.E0,0.E0,0.E0));
#955=VECTOR('',#954,1.4E1);
#956=CARTESIAN_POINT('',(2.300000860440E0,-3.794651890312E1,-2.407526216636E0));
#957=LINE('',#956,#955);
#958=DIRECTION('',(0.E0,1.E0,0.E0));
#959=VECTOR('',#958,1.4E1);
#960=CARTESIAN_POINT('',(2.300000860440E0,-5.194651890313E1,-2.407526216636E0));
#961=LINE('',#960,#959);
#962=DIRECTION('',(1.E0,0.E0,0.E0));
#963=VECTOR('',#962,1.4E1);
#964=CARTESIAN_POINT('',(1.121250008593E2,-1.384651890159E1,-2.407526216636E0));
#965=LINE('',#964,#963);
#966=DIRECTION('',(0.E0,-1.E0,0.E0));
#967=VECTOR('',#966,1.4E1);
#968=CARTESIAN_POINT('',(1.121250008593E2,1.534810984163E-1,-2.407526216636E0));
#969=LINE('',#968,#967);
#970=DIRECTION('',(-1.E0,0.E0,0.E0));
#971=VECTOR('',#970,1.4E1);
#972=CARTESIAN_POINT('',(1.261250008593E2,1.534810984163E-1,-2.407526216636E0));
#973=LINE('',#972,#971);
#974=DIRECTION('',(0.E0,1.E0,0.E0));
#975=VECTOR('',#974,1.4E1);
#976=CARTESIAN_POINT('',(1.261250008593E2,-1.384651890159E1,-2.407526216636E0));
#977=LINE('',#976,#975);
#978=DIRECTION('',(1.E0,0.E0,0.E0));
#979=VECTOR('',#978,1.4E1);
#980=CARTESIAN_POINT('',(5.975000085992E1,5.203481098425E0,-2.407526216636E0));
#981=LINE('',#980,#979);
#982=DIRECTION('',(0.E0,-1.E0,0.E0));
#983=VECTOR('',#982,1.4E1);
#984=CARTESIAN_POINT('',(5.975000085992E1,1.920348109843E1,-2.407526216636E0));
#985=LINE('',#984,#983);
#986=DIRECTION('',(-1.E0,0.E0,0.E0));
#987=VECTOR('',#986,1.4E1);
#988=CARTESIAN_POINT('',(7.375000085992E1,1.920348109843E1,-2.407526216636E0));
#989=LINE('',#988,#987);
#990=DIRECTION('',(0.E0,1.E0,0.E0));
#991=VECTOR('',#990,1.4E1);
#992=CARTESIAN_POINT('',(7.375000085992E1,5.203481098425E0,-2.407526216636E0));
#993=LINE('',#992,#991);
#994=DIRECTION('',(1.E0,0.E0,0.E0));
#995=VECTOR('',#994,1.4E1);
#996=CARTESIAN_POINT('',(-4.504999914108E1,-1.384651890171E1,
-2.407526216636E0));
#997=LINE('',#996,#995);
#998=DIRECTION('',(0.E0,-1.E0,0.E0));
#999=VECTOR('',#998,1.4E1);
#1000=CARTESIAN_POINT('',(-4.504999914108E1,1.534810982963E-1,
-2.407526216636E0));
#1001=LINE('',#1000,#999);
#1002=DIRECTION('',(-1.E0,0.E0,0.E0));
#1003=VECTOR('',#1002,1.4E1);
#1004=CARTESIAN_POINT('',(-3.104999914108E1,1.534810982963E-1,
-2.407526216636E0));
#1005=LINE('',#1004,#1003);
#1006=DIRECTION('',(0.E0,1.E0,0.E0));
#1007=VECTOR('',#1006,1.4E1);
#1008=CARTESIAN_POINT('',(-3.104999914108E1,-1.384651890171E1,
-2.407526216636E0));
#1009=LINE('',#1008,#1007);
#1010=DIRECTION('',(1.E0,0.E0,0.E0));
#1011=VECTOR('',#1010,1.4E1);
#1012=CARTESIAN_POINT('',(4.545000086044E1,-5.194651890313E1,
-2.407526216636E0));
#1013=LINE('',#1012,#1011);
#1014=DIRECTION('',(0.E0,-1.E0,0.E0));
#1015=VECTOR('',#1014,1.4E1);
#1016=CARTESIAN_POINT('',(4.545000086044E1,-3.794651890312E1,
-2.407526216636E0));
#1017=LINE('',#1016,#1015);
#1018=DIRECTION('',(-1.E0,0.E0,0.E0));
#1019=VECTOR('',#1018,1.4E1);
#1020=CARTESIAN_POINT('',(5.945000086044E1,-3.794651890312E1,
-2.407526216636E0));
#1021=LINE('',#1020,#1019);
#1022=DIRECTION('',(0.E0,1.E0,0.E0));
#1023=VECTOR('',#1022,1.4E1);
#1024=CARTESIAN_POINT('',(5.945000086044E1,-5.194651890313E1,
-2.407526216636E0));
#1025=LINE('',#1024,#1023);
#1026=DIRECTION('',(1.E0,0.E0,0.E0));
#1027=VECTOR('',#1026,1.4E1);
#1028=CARTESIAN_POINT('',(-1.116999991401E2,5.203481098425E0,
-2.407526216636E0));
#1029=LINE('',#1028,#1027);
#1030=DIRECTION('',(0.E0,-1.E0,0.E0));
#1031=VECTOR('',#1030,1.4E1);
#1032=CARTESIAN_POINT('',(-1.116999991401E2,1.920348109843E1,
-2.407526216636E0));
#1033=LINE('',#1032,#1031);
#1034=DIRECTION('',(-1.E0,0.E0,0.E0));
#1035=VECTOR('',#1034,1.4E1);
#1036=CARTESIAN_POINT('',(-9.769999914008E1,1.920348109843E1,
-2.407526216636E0));
#1037=LINE('',#1036,#1035);
#1038=DIRECTION('',(0.E0,1.E0,0.E0));
#1039=VECTOR('',#1038,1.4E1);
#1040=CARTESIAN_POINT('',(-9.769999914008E1,5.203481098425E0,
-2.407526216636E0));
#1041=LINE('',#1040,#1039);
#1042=DIRECTION('',(1.E0,0.E0,0.E0));
#1043=VECTOR('',#1042,1.4E1);
#1044=CARTESIAN_POINT('',(-1.426999991394E2,-3.289651890088E1,
-2.407526216636E0));
#1045=LINE('',#1044,#1043);
#1046=DIRECTION('',(0.E0,-1.E0,0.E0));
#1047=VECTOR('',#1046,1.4E1);
#1048=CARTESIAN_POINT('',(-1.426999991394E2,-1.889651890088E1,
-2.407526216636E0));
#1049=LINE('',#1048,#1047);
#1050=DIRECTION('',(-1.E0,0.E0,0.E0));
#1051=VECTOR('',#1050,1.4E1);
#1052=CARTESIAN_POINT('',(-1.286999991394E2,-1.889651890088E1,
-2.407526216636E0));
#1053=LINE('',#1052,#1051);
#1054=DIRECTION('',(0.E0,1.E0,0.E0));
#1055=VECTOR('',#1054,1.4E1);
#1056=CARTESIAN_POINT('',(-1.286999991394E2,-3.289651890088E1,
-2.407526216636E0));
#1057=LINE('',#1056,#1055);
#1058=DIRECTION('',(1.E0,0.E0,0.E0));
#1059=VECTOR('',#1058,1.4E1);
#1060=CARTESIAN_POINT('',(-2.599999914108E1,-1.384651890171E1,
-2.407526216636E0));
#1061=LINE('',#1060,#1059);
#1062=DIRECTION('',(0.E0,-1.E0,0.E0));
#1063=VECTOR('',#1062,1.4E1);
#1064=CARTESIAN_POINT('',(-2.599999914108E1,1.534810982963E-1,
-2.407526216636E0));
#1065=LINE('',#1064,#1063);
#1066=DIRECTION('',(-1.E0,0.E0,0.E0));
#1067=VECTOR('',#1066,1.4E1);
#1068=CARTESIAN_POINT('',(-1.199999914108E1,1.534810982963E-1,
-2.407526216636E0));
#1069=LINE('',#1068,#1067);
#1070=DIRECTION('',(0.E0,1.E0,0.E0));
#1071=VECTOR('',#1070,1.4E1);
#1072=CARTESIAN_POINT('',(-1.199999914108E1,-1.384651890171E1,
-2.407526216636E0));
#1073=LINE('',#1072,#1071);
#1074=DIRECTION('',(1.E0,0.E0,0.E0));
#1075=VECTOR('',#1074,1.4E1);
#1076=CARTESIAN_POINT('',(-2.199999138970E0,-3.289651890175E1,
-2.407526216636E0));
#1077=LINE('',#1076,#1075);
#1078=DIRECTION('',(0.E0,-1.E0,0.E0));
#1079=VECTOR('',#1078,1.4E1);
#1080=CARTESIAN_POINT('',(-2.199999138970E0,-1.889651890174E1,
-2.407526216636E0));
#1081=LINE('',#1080,#1079);
#1082=DIRECTION('',(-1.E0,0.E0,0.E0));
#1083=VECTOR('',#1082,1.4E1);
#1084=CARTESIAN_POINT('',(1.180000086103E1,-1.889651890174E1,
-2.407526216636E0));
#1085=LINE('',#1084,#1083);
#1086=DIRECTION('',(0.E0,1.E0,0.E0));
#1087=VECTOR('',#1086,1.4E1);
#1088=CARTESIAN_POINT('',(1.180000086103E1,-3.289651890175E1,
-2.407526216636E0));
#1089=LINE('',#1088,#1087);
#1090=DIRECTION('',(1.E0,0.E0,0.E0));
#1091=VECTOR('',#1090,1.675000090835E0);
#1092=CARTESIAN_POINT('',(1.033250007690E2,-3.192151890024E1,
-2.407526216636E0));
#1093=LINE('',#1092,#1091);
#1094=DIRECTION('',(0.E0,1.E0,0.E0));
#1095=VECTOR('',#1094,7.400385350999E-1);
#1096=CARTESIAN_POINT('',(1.033250007690E2,-3.266155743534E1,
-2.407526216636E0));
#1097=LINE('',#1096,#1095);
#1098=DIRECTION('',(1.E0,-1.358268372366E-8,0.E0));
#1099=VECTOR('',#1098,1.772501451922E0);
#1100=CARTESIAN_POINT('',(1.015524993171E2,-3.266155741126E1,
-2.407526216636E0));
#1101=LINE('',#1100,#1099);
#1102=DIRECTION('',(0.E0,1.E0,0.E0));
#1103=VECTOR('',#1102,1.500317057215E0);
#1104=CARTESIAN_POINT('',(1.015524993171E2,-3.416187446848E1,
-2.407526216636E0));
#1105=LINE('',#1104,#1103);
#1106=DIRECTION('',(1.E0,0.E0,0.E0));
#1107=VECTOR('',#1106,3.105956494885E0);
#1108=CARTESIAN_POINT('',(9.844654282220E1,-3.416187446848E1,
-2.407526216636E0));
#1109=LINE('',#1108,#1107);
#1110=DIRECTION('',(0.E0,-1.E0,0.E0));
#1111=VECTOR('',#1110,1.500317057215E0);
#1112=CARTESIAN_POINT('',(9.844654282220E1,-3.266155741126E1,
-2.407526216636E0));
#1113=LINE('',#1112,#1111);
#1114=DIRECTION('',(1.E0,1.359004028613E-8,0.E0));
#1115=VECTOR('',#1114,1.771541961193E0);
#1116=CARTESIAN_POINT('',(9.667500086100E1,-3.266155743534E1,
-2.407526216636E0));
#1117=LINE('',#1116,#1115);
#1118=DIRECTION('',(4.372570685233E-14,-1.E0,0.E0));
#1119=VECTOR('',#1118,6.499999994601E0);
#1120=CARTESIAN_POINT('',(9.667500086100E1,-2.616155744074E1,
-2.407526216636E0));
#1121=LINE('',#1120,#1119);
#1122=DIRECTION('',(1.E0,1.065814096532E-13,0.E0));
#1123=VECTOR('',#1122,9.000000060019E-1);
#1124=CARTESIAN_POINT('',(9.577500085500E1,-2.616155744074E1,
-2.407526216636E0));
#1125=LINE('',#1124,#1123);
#1126=DIRECTION('',(1.218073260210E-13,-1.E0,0.E0));
#1127=VECTOR('',#1126,2.450000002199E0);
#1128=CARTESIAN_POINT('',(9.577500085500E1,-2.371155743854E1,
-2.407526216636E0));
#1129=LINE('',#1128,#1127);
#1130=DIRECTION('',(-1.E0,-1.105288692699E-13,0.E0));
#1131=VECTOR('',#1130,9.000000060027E-1);
#1132=CARTESIAN_POINT('',(9.667500086100E1,-2.371155743854E1,
-2.407526216636E0));
#1133=LINE('',#1132,#1131);
#1134=DIRECTION('',(1.224319788965E-13,-1.E0,0.E0));
#1135=VECTOR('',#1134,3.250000005E0);
#1136=CARTESIAN_POINT('',(9.667500086100E1,-2.046155743354E1,
-2.407526216636E0));
#1137=LINE('',#1136,#1135);
#1138=DIRECTION('',(-1.E0,-2.350667957840E-14,0.E0));
#1139=VECTOR('',#1138,6.649999262800E0);
#1140=CARTESIAN_POINT('',(1.033250001238E2,-2.046155743354E1,
-2.407526216636E0));
#1141=LINE('',#1140,#1139);
#1142=DIRECTION('',(-1.180594082216E-13,1.E0,0.E0));
#1143=VECTOR('',#1142,3.250000005E0);
#1144=CARTESIAN_POINT('',(1.033250001238E2,-2.371155743854E1,
-2.407526216636E0));
#1145=LINE('',#1144,#1143);
#1146=DIRECTION('',(-1.E0,1.272613295876E-13,0.E0));
#1147=VECTOR('',#1146,1.675000736035E0);
#1148=CARTESIAN_POINT('',(1.050000008598E2,-2.371155743854E1,
-2.407526216636E0));
#1149=LINE('',#1148,#1147);
#1150=DIRECTION('',(6.788100573375E-14,-1.E0,0.E0));
#1151=VECTOR('',#1150,4.815038535693E0);
#1152=CARTESIAN_POINT('',(1.050000008598E2,-1.889651890284E1,
-2.407526216636E0));
#1153=LINE('',#1152,#1151);
#1154=DIRECTION('',(-1.E0,0.E0,0.E0));
#1155=VECTOR('',#1154,1.4E1);
#1156=CARTESIAN_POINT('',(1.190000008598E2,-1.889651890284E1,
-2.407526216636E0));
#1157=LINE('',#1156,#1155);
#1158=DIRECTION('',(-6.788100584091E-14,1.E0,0.E0));
#1159=VECTOR('',#1158,4.815038528092E0);
#1160=CARTESIAN_POINT('',(1.190000008598E2,-2.371155743094E1,
-2.407526216636E0));
#1161=LINE('',#1160,#1159);
#1162=DIRECTION('',(-1.E0,-7.423584110510E-14,0.E0));
#1163=VECTOR('',#1162,1.674999257865E0);
#1164=CARTESIAN_POINT('',(1.206750001177E2,-2.371155743094E1,
-2.407526216636E0));
#1165=LINE('',#1164,#1163);
#1166=DIRECTION('',(1.224319785160E-13,-1.E0,0.E0));
#1167=VECTOR('',#1166,3.250000015100E0);
#1168=CARTESIAN_POINT('',(1.206750001177E2,-2.046155741584E1,
-2.407526216636E0));
#1169=LINE('',#1168,#1167);
#1170=DIRECTION('',(-1.E0,-1.602727796785E-14,0.E0));
#1171=VECTOR('',#1170,6.650000741100E0);
#1172=CARTESIAN_POINT('',(1.273250008588E2,-2.046155741584E1,
-2.407526216636E0));
#1173=LINE('',#1172,#1171);
#1174=DIRECTION('',(-1.224319789002E-13,1.E0,0.E0));
#1175=VECTOR('',#1174,3.250000004900E0);
#1176=CARTESIAN_POINT('',(1.273250008588E2,-2.371155742074E1,
-2.407526216636E0));
#1177=LINE('',#1176,#1175);
#1178=DIRECTION('',(-1.E0,-1.065814105653E-13,0.E0));
#1179=VECTOR('',#1178,8.999999983004E-1);
#1180=CARTESIAN_POINT('',(1.282250008571E2,-2.371155742074E1,
-2.407526216636E0));
#1181=LINE('',#1180,#1179);
#1182=DIRECTION('',(-1.160069771628E-13,1.E0,0.E0));
#1183=VECTOR('',#1182,2.450000002200E0);
#1184=CARTESIAN_POINT('',(1.282250008571E2,-2.616155742294E1,
-2.407526216636E0));
#1185=LINE('',#1184,#1183);
#1186=DIRECTION('',(1.E0,1.381610877697E-13,0.E0));
#1187=VECTOR('',#1186,8.999999983011E-1);
#1188=CARTESIAN_POINT('',(1.273250008588E2,-2.616155742294E1,
-2.407526216636E0));
#1189=LINE('',#1188,#1187);
#1190=DIRECTION('',(-5.028456288018E-14,1.E0,0.E0));
#1191=VECTOR('',#1190,6.499999994600E0);
#1192=CARTESIAN_POINT('',(1.273250008588E2,-3.266155741754E1,
-2.407526216636E0));
#1193=LINE('',#1192,#1191);
#1194=DIRECTION('',(1.E0,-1.358697233283E-8,0.E0));
#1195=VECTOR('',#1194,1.772501543281E0);
#1196=CARTESIAN_POINT('',(1.255524993155E2,-3.266155739345E1,
-2.407526216636E0));
#1197=LINE('',#1196,#1195);
#1198=DIRECTION('',(1.894380194675E-14,1.E0,0.E0));
#1199=VECTOR('',#1198,1.500317069947E0);
#1200=CARTESIAN_POINT('',(1.255524993155E2,-3.416187446340E1,
-2.407526216636E0));
#1201=LINE('',#1200,#1199);
#1202=DIRECTION('',(1.E0,0.E0,0.E0));
#1203=VECTOR('',#1202,3.105956494746E0);
#1204=CARTESIAN_POINT('',(1.224465428208E2,-3.416187446340E1,
-2.407526216636E0));
#1205=LINE('',#1204,#1203);
#1206=DIRECTION('',(0.E0,-1.E0,0.E0));
#1207=VECTOR('',#1206,1.500317069947E0);
#1208=CARTESIAN_POINT('',(1.224465428208E2,-3.266155739345E1,
-2.407526216636E0));
#1209=LINE('',#1208,#1207);
#1210=DIRECTION('',(1.E0,1.359433121523E-8,0.E0));
#1211=VECTOR('',#1210,1.771542052873E0);
#1212=CARTESIAN_POINT('',(1.206750007679E2,-3.266155741754E1,
-2.407526216636E0));
#1213=LINE('',#1212,#1211);
#1214=DIRECTION('',(0.E0,-1.E0,0.E0));
#1215=VECTOR('',#1214,7.400385172992E-1);
#1216=CARTESIAN_POINT('',(1.206750007679E2,-3.192151890024E1,
-2.407526216636E0));
#1217=LINE('',#1216,#1215);
#1218=DIRECTION('',(1.E0,0.E0,0.E0));
#1219=VECTOR('',#1218,1.674999908065E0);
#1220=CARTESIAN_POINT('',(1.190000008598E2,-3.192151890024E1,
-2.407526216636E0));
#1221=LINE('',#1220,#1219);
#1222=DIRECTION('',(3.352304180259E-13,1.E0,0.E0));
#1223=VECTOR('',#1222,9.750000026084E-1);
#1224=CARTESIAN_POINT('',(1.190000008598E2,-3.289651890285E1,
-2.407526216636E0));
#1225=LINE('',#1224,#1223);
#1226=DIRECTION('',(1.E0,0.E0,0.E0));
#1227=VECTOR('',#1226,1.4E1);
#1228=CARTESIAN_POINT('',(1.050000008598E2,-3.289651890285E1,
-2.407526216636E0));
#1229=LINE('',#1228,#1227);
#1230=DIRECTION('',(-3.352304180259E-13,-1.E0,0.E0));
#1231=VECTOR('',#1230,9.750000026084E-1);
#1232=CARTESIAN_POINT('',(1.050000008598E2,-3.192151890024E1,
-2.407526216636E0));
#1233=LINE('',#1232,#1231);
#1234=DIRECTION('',(1.E0,0.E0,0.E0));
#1235=VECTOR('',#1234,1.675000090835E0);
#1236=CARTESIAN_POINT('',(1.057000007690E2,6.178481099763E0,-2.407526216636E0));
#1237=LINE('',#1236,#1235);
#1238=DIRECTION('',(0.E0,1.E0,0.E0));
#1239=VECTOR('',#1238,7.400385350999E-1);
#1240=CARTESIAN_POINT('',(1.057000007690E2,5.438442564663E0,-2.407526216636E0));
#1241=LINE('',#1240,#1239);
#1242=DIRECTION('',(1.E0,-1.358268773236E-8,0.E0));
#1243=VECTOR('',#1242,1.772501451922E0);
#1244=CARTESIAN_POINT('',(1.039274993171E2,5.438442588738E0,-2.407526216636E0));
#1245=LINE('',#1244,#1243);
#1246=DIRECTION('',(0.E0,1.E0,0.E0));
#1247=VECTOR('',#1246,1.500317057215E0);
#1248=CARTESIAN_POINT('',(1.039274993171E2,3.938125531523E0,-2.407526216636E0));
#1249=LINE('',#1248,#1247);
#1250=DIRECTION('',(1.E0,0.E0,0.E0));
#1251=VECTOR('',#1250,3.105956494885E0);
#1252=CARTESIAN_POINT('',(1.008215428222E2,3.938125531523E0,-2.407526216636E0));
#1253=LINE('',#1252,#1251);
#1254=DIRECTION('',(0.E0,-1.E0,0.E0));
#1255=VECTOR('',#1254,1.500317057215E0);
#1256=CARTESIAN_POINT('',(1.008215428222E2,5.438442588738E0,-2.407526216636E0));
#1257=LINE('',#1256,#1255);
#1258=DIRECTION('',(1.E0,1.359004329428E-8,0.E0));
#1259=VECTOR('',#1258,1.771541961193E0);
#1260=CARTESIAN_POINT('',(9.905000086100E1,5.438442564663E0,-2.407526216636E0));
#1261=LINE('',#1260,#1259);
#1262=DIRECTION('',(4.372570685232E-14,-1.E0,0.E0));
#1263=VECTOR('',#1262,6.499999994601E0);
#1264=CARTESIAN_POINT('',(9.905000086100E1,1.193844255926E1,-2.407526216636E0));
#1265=LINE('',#1264,#1263);
#1266=DIRECTION('',(1.E0,1.065814096532E-13,0.E0));
#1267=VECTOR('',#1266,9.000000060019E-1);
#1268=CARTESIAN_POINT('',(9.815000085500E1,1.193844255926E1,-2.407526216636E0));
#1269=LINE('',#1268,#1267);
#1270=DIRECTION('',(1.218073260210E-13,-1.E0,0.E0));
#1271=VECTOR('',#1270,2.450000002199E0);
#1272=CARTESIAN_POINT('',(9.815000085500E1,1.438844256146E1,-2.407526216636E0));
#1273=LINE('',#1272,#1271);
#1274=DIRECTION('',(-1.E0,-1.065814096532E-13,0.E0));
#1275=VECTOR('',#1274,9.000000060027E-1);
#1276=CARTESIAN_POINT('',(9.905000086100E1,1.438844256146E1,-2.407526216636E0));
#1277=LINE('',#1276,#1275);
#1278=DIRECTION('',(1.224319788965E-13,-1.E0,0.E0));
#1279=VECTOR('',#1278,3.250000005E0);
#1280=CARTESIAN_POINT('',(9.905000086100E1,1.763844256646E1,-2.407526216636E0));
#1281=LINE('',#1280,#1279);
#1282=DIRECTION('',(-1.E0,-2.350667957840E-14,0.E0));
#1283=VECTOR('',#1282,6.649999262800E0);
#1284=CARTESIAN_POINT('',(1.057000001238E2,1.763844256646E1,-2.407526216636E0));
#1285=LINE('',#1284,#1283);
#1286=DIRECTION('',(-1.180594082216E-13,1.E0,0.E0));
#1287=VECTOR('',#1286,3.250000005E0);
#1288=CARTESIAN_POINT('',(1.057000001238E2,1.438844256146E1,-2.407526216636E0));
#1289=LINE('',#1288,#1287);
#1290=DIRECTION('',(-1.E0,1.304428628273E-13,0.E0));
#1291=VECTOR('',#1290,1.675000736035E0);
#1292=CARTESIAN_POINT('',(1.073750008598E2,1.438844256146E1,-2.407526216636E0));
#1293=LINE('',#1292,#1291);
#1294=DIRECTION('',(6.788100573375E-14,-1.E0,0.E0));
#1295=VECTOR('',#1294,4.815038535693E0);
#1296=CARTESIAN_POINT('',(1.073750008598E2,1.920348109716E1,-2.407526216636E0));
#1297=LINE('',#1296,#1295);
#1298=DIRECTION('',(-1.E0,0.E0,0.E0));
#1299=VECTOR('',#1298,1.4E1);
#1300=CARTESIAN_POINT('',(1.213750008598E2,1.920348109716E1,-2.407526216636E0));
#1301=LINE('',#1300,#1299);
#1302=DIRECTION('',(-6.788100584091E-14,1.E0,0.E0));
#1303=VECTOR('',#1302,4.815038528092E0);
#1304=CARTESIAN_POINT('',(1.213750008598E2,1.438844256906E1,-2.407526216636E0));
#1305=LINE('',#1304,#1303);
#1306=DIRECTION('',(-1.E0,-6.893328102617E-14,0.E0));
#1307=VECTOR('',#1306,1.674999257865E0);
#1308=CARTESIAN_POINT('',(1.230500001177E2,1.438844256906E1,-2.407526216636E0));
#1309=LINE('',#1308,#1307);
#1310=DIRECTION('',(1.224319785160E-13,-1.E0,0.E0));
#1311=VECTOR('',#1310,3.250000015100E0);
#1312=CARTESIAN_POINT('',(1.230500001177E2,1.763844258416E1,-2.407526216636E0));
#1313=LINE('',#1312,#1311);
#1314=DIRECTION('',(-1.E0,-1.709576316571E-14,0.E0));
#1315=VECTOR('',#1314,6.650000741100E0);
#1316=CARTESIAN_POINT('',(1.297000008588E2,1.763844258416E1,-2.407526216636E0));
#1317=LINE('',#1316,#1315);
#1318=DIRECTION('',(-1.224319789002E-13,1.E0,0.E0));
#1319=VECTOR('',#1318,3.250000004900E0);
#1320=CARTESIAN_POINT('',(1.297000008588E2,1.438844257926E1,-2.407526216636E0));
#1321=LINE('',#1320,#1319);
#1322=DIRECTION('',(-1.E0,-1.085551403906E-13,0.E0));
#1323=VECTOR('',#1322,8.999999983004E-1);
#1324=CARTESIAN_POINT('',(1.306000008571E2,1.438844257926E1,-2.407526216636E0));
#1325=LINE('',#1324,#1323);
#1326=DIRECTION('',(-1.160069771628E-13,1.E0,0.E0));
#1327=VECTOR('',#1326,2.450000002200E0);
#1328=CARTESIAN_POINT('',(1.306000008571E2,1.193844257706E1,-2.407526216636E0));
#1329=LINE('',#1328,#1327);
#1330=DIRECTION('',(1.E0,1.361873579444E-13,0.E0));
#1331=VECTOR('',#1330,8.999999983012E-1);
#1332=CARTESIAN_POINT('',(1.297000008588E2,1.193844257706E1,-2.407526216636E0));
#1333=LINE('',#1332,#1331);
#1334=DIRECTION('',(-5.684341890803E-14,1.E0,0.E0));
#1335=VECTOR('',#1334,6.499999994600E0);
#1336=CARTESIAN_POINT('',(1.297000008588E2,5.438442582464E0,-2.407526216636E0));
#1337=LINE('',#1336,#1335);
#1338=DIRECTION('',(1.E0,-1.358697634153E-8,0.E0));
#1339=VECTOR('',#1338,1.772501543281E0);
#1340=CARTESIAN_POINT('',(1.279274993155E2,5.438442606547E0,-2.407526216636E0));
#1341=LINE('',#1340,#1339);
#1342=DIRECTION('',(1.894380194675E-14,1.E0,0.E0));
#1343=VECTOR('',#1342,1.500317069947E0);
#1344=CARTESIAN_POINT('',(1.279274993155E2,3.938125536599E0,-2.407526216636E0));
#1345=LINE('',#1344,#1343);
#1346=DIRECTION('',(1.E0,0.E0,0.E0));
#1347=VECTOR('',#1346,3.105956494746E0);
#1348=CARTESIAN_POINT('',(1.248215428208E2,3.938125536599E0,-2.407526216636E0));
#1349=LINE('',#1348,#1347);
#1350=DIRECTION('',(0.E0,-1.E0,0.E0));
#1351=VECTOR('',#1350,1.500317069947E0);
#1352=CARTESIAN_POINT('',(1.248215428208E2,5.438442606547E0,-2.407526216636E0));
#1353=LINE('',#1352,#1351);
#1354=DIRECTION('',(1.E0,1.359433522610E-8,0.E0));
#1355=VECTOR('',#1354,1.771542052873E0);
#1356=CARTESIAN_POINT('',(1.230500007679E2,5.438442582464E0,-2.407526216636E0));
#1357=LINE('',#1356,#1355);
#1358=DIRECTION('',(0.E0,-1.E0,0.E0));
#1359=VECTOR('',#1358,7.400385172992E-1);
#1360=CARTESIAN_POINT('',(1.230500007679E2,6.178481099763E0,-2.407526216636E0));
#1361=LINE('',#1360,#1359);
#1362=DIRECTION('',(1.E0,0.E0,0.E0));
#1363=VECTOR('',#1362,1.674999908065E0);
#1364=CARTESIAN_POINT('',(1.213750008598E2,6.178481099763E0,-2.407526216636E0));
#1365=LINE('',#1364,#1363);
#1366=DIRECTION('',(3.352304180259E-13,1.E0,0.E0));
#1367=VECTOR('',#1366,9.750000026084E-1);
#1368=CARTESIAN_POINT('',(1.213750008598E2,5.203481097154E0,-2.407526216636E0));
#1369=LINE('',#1368,#1367);
#1370=DIRECTION('',(1.E0,0.E0,0.E0));
#1371=VECTOR('',#1370,1.4E1);
#1372=CARTESIAN_POINT('',(1.073750008598E2,5.203481097154E0,-2.407526216636E0));
#1373=LINE('',#1372,#1371);
#1374=DIRECTION('',(-3.352304180259E-13,-1.E0,0.E0));
#1375=VECTOR('',#1374,9.750000026084E-1);
#1376=CARTESIAN_POINT('',(1.073750008598E2,6.178481099763E0,-2.407526216636E0));
#1377=LINE('',#1376,#1375);
#1378=DIRECTION('',(1.E0,0.E0,0.E0));
#1379=VECTOR('',#1378,1.675000090836E0);
#1380=CARTESIAN_POINT('',(-1.395749992315E2,-5.097151889903E1,
-2.407526216636E0));
#1381=LINE('',#1380,#1379);
#1382=DIRECTION('',(0.E0,1.E0,0.E0));
#1383=VECTOR('',#1382,7.400385350999E-1);
#1384=CARTESIAN_POINT('',(-1.395749992315E2,-5.171155743413E1,
-2.407526216636E0));
#1385=LINE('',#1384,#1383);
#1386=DIRECTION('',(1.E0,-1.358269574977E-8,0.E0));
#1387=VECTOR('',#1386,1.772501451921E0);
#1388=CARTESIAN_POINT('',(-1.413475006834E2,-5.171155741005E1,
-2.407526216636E0));
#1389=LINE('',#1388,#1387);
#1390=DIRECTION('',(0.E0,1.E0,0.E0));
#1391=VECTOR('',#1390,1.500317057215E0);
#1392=CARTESIAN_POINT('',(-1.413475006834E2,-5.321187446727E1,
-2.407526216636E0));
#1393=LINE('',#1392,#1391);
#1394=DIRECTION('',(1.E0,0.E0,0.E0));
#1395=VECTOR('',#1394,3.105956494885E0);
#1396=CARTESIAN_POINT('',(-1.444534571783E2,-5.321187446727E1,
-2.407526216636E0));
#1397=LINE('',#1396,#1395);
#1398=DIRECTION('',(0.E0,-1.E0,0.E0));
#1399=VECTOR('',#1398,1.500317057215E0);
#1400=CARTESIAN_POINT('',(-1.444534571783E2,-5.171155741005E1,
-2.407526216636E0));
#1401=LINE('',#1400,#1399);
#1402=DIRECTION('',(1.E0,1.359005231874E-8,0.E0));
#1403=VECTOR('',#1402,1.771541961194E0);
#1404=CARTESIAN_POINT('',(-1.462249991395E2,-5.171155743413E1,
-2.407526216636E0));
#1405=LINE('',#1404,#1403);
#1406=DIRECTION('',(4.372570685232E-14,-1.E0,0.E0));
#1407=VECTOR('',#1406,6.499999994601E0);
#1408=CARTESIAN_POINT('',(-1.462249991395E2,-4.521155743953E1,
-2.407526216636E0));
#1409=LINE('',#1408,#1407);
#1410=DIRECTION('',(1.E0,1.105288692701E-13,0.E0));
#1411=VECTOR('',#1410,9.000000060016E-1);
#1412=CARTESIAN_POINT('',(-1.471249991455E2,-4.521155743953E1,
-2.407526216636E0));
#1413=LINE('',#1412,#1411);
#1414=DIRECTION('',(1.160069771628E-13,-1.E0,0.E0));
#1415=VECTOR('',#1414,2.450000002199E0);
#1416=CARTESIAN_POINT('',(-1.471249991455E2,-4.276155743733E1,
-2.407526216636E0));
#1417=LINE('',#1416,#1415);
#1418=DIRECTION('',(-1.E0,-1.105288692700E-13,0.E0));
#1419=VECTOR('',#1418,9.000000060024E-1);
#1420=CARTESIAN_POINT('',(-1.462249991395E2,-4.276155743733E1,
-2.407526216636E0));
#1421=LINE('',#1420,#1419);
#1422=DIRECTION('',(1.224319788965E-13,-1.E0,0.E0));
#1423=VECTOR('',#1422,3.250000005E0);
#1424=CARTESIAN_POINT('',(-1.462249991395E2,-3.951155743233E1,
-2.407526216636E0));
#1425=LINE('',#1424,#1423);
#1426=DIRECTION('',(-1.E0,-2.136970870763E-14,0.E0));
#1427=VECTOR('',#1426,6.649999262800E0);
#1428=CARTESIAN_POINT('',(-1.395749998767E2,-3.951155743233E1,
-2.407526216636E0));
#1429=LINE('',#1428,#1427);
#1430=DIRECTION('',(-1.136868375467E-13,1.E0,0.E0));
#1431=VECTOR('',#1430,3.250000005E0);
#1432=CARTESIAN_POINT('',(-1.395749998767E2,-4.276155743733E1,
-2.407526216636E0));
#1433=LINE('',#1432,#1431);
#1434=DIRECTION('',(-1.E0,1.272613295875E-13,0.E0));
#1435=VECTOR('',#1434,1.675000736036E0);
#1436=CARTESIAN_POINT('',(-1.378999991407E2,-4.276155743733E1,
-2.407526216636E0));
#1437=LINE('',#1436,#1435);
#1438=DIRECTION('',(0.E0,-1.E0,0.E0));
#1439=VECTOR('',#1438,4.815038535693E0);
#1440=CARTESIAN_POINT('',(-1.378999991407E2,-3.794651890163E1,
-2.407526216636E0));
#1441=LINE('',#1440,#1439);
#1442=DIRECTION('',(-1.E0,0.E0,0.E0));
#1443=VECTOR('',#1442,1.4E1);
#1444=CARTESIAN_POINT('',(-1.238999991407E2,-3.794651890163E1,
-2.407526216636E0));
#1445=LINE('',#1444,#1443);
#1446=DIRECTION('',(0.E0,1.E0,0.E0));
#1447=VECTOR('',#1446,4.815038528092E0);
#1448=CARTESIAN_POINT('',(-1.238999991407E2,-4.276155742973E1,
-2.407526216636E0));
#1449=LINE('',#1448,#1447);
#1450=DIRECTION('',(-1.E0,-7.211481707355E-14,0.E0));
#1451=VECTOR('',#1450,1.674999257864E0);
#1452=CARTESIAN_POINT('',(-1.222249998828E2,-4.276155742973E1,
-2.407526216636E0));
#1453=LINE('',#1452,#1451);
#1454=DIRECTION('',(1.224319785160E-13,-1.E0,0.E0));
#1455=VECTOR('',#1454,3.250000015100E0);
#1456=CARTESIAN_POINT('',(-1.222249998828E2,-3.951155741463E1,
-2.407526216636E0));
#1457=LINE('',#1456,#1455);
#1458=DIRECTION('',(-1.E0,-1.923273356142E-14,0.E0));
#1459=VECTOR('',#1458,6.650000741100E0);
#1460=CARTESIAN_POINT('',(-1.155749991417E2,-3.951155741463E1,
-2.407526216636E0));
#1461=LINE('',#1460,#1459);
#1462=DIRECTION('',(-1.224319789002E-13,1.E0,0.E0));
#1463=VECTOR('',#1462,3.250000004900E0);
#1464=CARTESIAN_POINT('',(-1.155749991417E2,-4.276155741953E1,
-2.407526216636E0));
#1465=LINE('',#1464,#1463);
#1466=DIRECTION('',(-1.E0,-1.105288702158E-13,0.E0));
#1467=VECTOR('',#1466,8.999999983010E-1);
#1468=CARTESIAN_POINT('',(-1.146749991434E2,-4.276155741953E1,
-2.407526216636E0));
#1469=LINE('',#1468,#1467);
#1470=DIRECTION('',(-1.160069771628E-13,1.E0,0.E0));
#1471=VECTOR('',#1470,2.450000002200E0);
#1472=CARTESIAN_POINT('',(-1.146749991434E2,-4.521155742173E1,
-2.407526216636E0));
#1473=LINE('',#1472,#1471);
#1474=DIRECTION('',(1.E0,1.105288702157E-13,0.E0));
#1475=VECTOR('',#1474,8.999999983018E-1);
#1476=CARTESIAN_POINT('',(-1.155749991417E2,-4.521155742173E1,
-2.407526216636E0));
#1477=LINE('',#1476,#1475);
#1478=DIRECTION('',(-4.809827753756E-14,1.E0,0.E0));
#1479=VECTOR('',#1478,6.499999994600E0);
#1480=CARTESIAN_POINT('',(-1.155749991417E2,-5.171155741633E1,
-2.407526216636E0));
#1481=LINE('',#1480,#1479);
#1482=DIRECTION('',(1.E0,-1.358697233283E-8,0.E0));
#1483=VECTOR('',#1482,1.772501543281E0);
#1484=CARTESIAN_POINT('',(-1.173475006850E2,-5.171155739224E1,
-2.407526216636E0));
#1485=LINE('',#1484,#1483);
#1486=DIRECTION('',(0.E0,1.E0,0.E0));
#1487=VECTOR('',#1486,1.500317069947E0);
#1488=CARTESIAN_POINT('',(-1.173475006850E2,-5.321187446219E1,
-2.407526216636E0));
#1489=LINE('',#1488,#1487);
#1490=DIRECTION('',(1.E0,0.E0,0.E0));
#1491=VECTOR('',#1490,3.105956494746E0);
#1492=CARTESIAN_POINT('',(-1.204534571797E2,-5.321187446219E1,
-2.407526216636E0));
#1493=LINE('',#1492,#1491);
#1494=DIRECTION('',(0.E0,-1.E0,0.E0));
#1495=VECTOR('',#1494,1.500317069947E0);
#1496=CARTESIAN_POINT('',(-1.204534571797E2,-5.171155739224E1,
-2.407526216636E0));
#1497=LINE('',#1496,#1495);
#1498=DIRECTION('',(1.E0,1.359433121523E-8,0.E0));
#1499=VECTOR('',#1498,1.771542052873E0);
#1500=CARTESIAN_POINT('',(-1.222249992326E2,-5.171155741633E1,
-2.407526216636E0));
#1501=LINE('',#1500,#1499);
#1502=DIRECTION('',(0.E0,-1.E0,0.E0));
#1503=VECTOR('',#1502,7.400385172992E-1);
#1504=CARTESIAN_POINT('',(-1.222249992326E2,-5.097151889903E1,
-2.407526216636E0));
#1505=LINE('',#1504,#1503);
#1506=DIRECTION('',(1.E0,0.E0,0.E0));
#1507=VECTOR('',#1506,1.674999908064E0);
#1508=CARTESIAN_POINT('',(-1.238999991407E2,-5.097151889903E1,
-2.407526216636E0));
#1509=LINE('',#1508,#1507);
#1510=DIRECTION('',(0.E0,1.E0,0.E0));
#1511=VECTOR('',#1510,9.750000026085E-1);
#1512=CARTESIAN_POINT('',(-1.238999991407E2,-5.194651890164E1,
-2.407526216636E0));
#1513=LINE('',#1512,#1511);
#1514=DIRECTION('',(1.E0,0.E0,0.E0));
#1515=VECTOR('',#1514,1.4E1);
#1516=CARTESIAN_POINT('',(-1.378999991407E2,-5.194651890164E1,
-2.407526216636E0));
#1517=LINE('',#1516,#1515);
#1518=DIRECTION('',(0.E0,-1.E0,0.E0));
#1519=VECTOR('',#1518,9.750000026085E-1);
#1520=CARTESIAN_POINT('',(-1.378999991407E2,-5.097151889903E1,
-2.407526216636E0));
#1521=LINE('',#1520,#1519);
#1522=DIRECTION('',(0.E0,1.E0,3.007929930563E-14));
#1523=VECTOR('',#1522,1.640274619200E1);
#1524=CARTESIAN_POINT('',(-1.536481711511E2,4.103481124976E0,
-2.407526216635E0));
#1525=LINE('',#1524,#1523);
#1526=CARTESIAN_POINT('',(-1.556481711511E2,4.103481124978E0,
-2.407526216636E0));
#1527=DIRECTION('',(0.E0,0.E0,1.E0));
#1528=DIRECTION('',(-1.E0,0.E0,0.E0));
#1529=AXIS2_PLACEMENT_3D('',#1526,#1527,#1528);
#1531=CARTESIAN_POINT('',(-1.591481711511E2,1.660348112498E1,
-2.407526216636E0));
#1532=DIRECTION('',(0.E0,0.E0,-1.E0));
#1533=DIRECTION('',(-1.E0,-6.629363724642E-12,0.E0));
#1534=AXIS2_PLACEMENT_3D('',#1531,#1532,#1533);
#1536=CARTESIAN_POINT('',(-1.591481711511E2,-1.839651887502E1,
-2.407526216636E0));
#1537=DIRECTION('',(0.E0,0.E0,-1.E0));
#1538=DIRECTION('',(1.E0,6.634100676213E-12,0.E0));
#1539=AXIS2_PLACEMENT_3D('',#1536,#1537,#1538);
#1541=CARTESIAN_POINT('',(-1.556481711511E2,-5.896518875022E0,
-2.407526216636E0));
#1542=DIRECTION('',(0.E0,0.E0,1.E0));
#1543=DIRECTION('',(1.E0,2.488231842790E-12,0.E0));
#1544=AXIS2_PLACEMENT_3D('',#1541,#1542,#1543);
#1546=DIRECTION('',(0.E0,1.E0,0.E0));
#1547=VECTOR('',#1546,4.E1);
#1548=CARTESIAN_POINT('',(-1.536481711511E2,-4.589651887502E1,
-2.407526216635E0));
#1549=LINE('',#1548,#1547);
#1550=CARTESIAN_POINT('',(-1.556481711511E2,-4.589651887502E1,
-2.407526216636E0));
#1551=DIRECTION('',(0.E0,0.E0,1.E0));
#1552=DIRECTION('',(-1.E0,0.E0,0.E0));
#1553=AXIS2_PLACEMENT_3D('',#1550,#1551,#1552);
#1555=CARTESIAN_POINT('',(-1.591481711511E2,-3.339651887502E1,
-2.407526216636E0));
#1556=DIRECTION('',(0.E0,0.E0,-1.E0));
#1557=DIRECTION('',(-1.E0,-6.631732200428E-12,0.E0));
#1558=AXIS2_PLACEMENT_3D('',#1555,#1556,#1557);
#1560=CARTESIAN_POINT('',(-1.591481711511E2,-6.839651887502E1,
-2.407526216636E0));
#1561=DIRECTION('',(0.E0,0.E0,-1.E0));
#1562=DIRECTION('',(1.E0,6.631732200428E-12,0.E0));
#1563=AXIS2_PLACEMENT_3D('',#1560,#1561,#1562);
#1565=CARTESIAN_POINT('',(-1.556481711511E2,-5.589651887502E1,
-2.407526216636E0));
#1566=DIRECTION('',(0.E0,0.E0,1.E0));
#1567=DIRECTION('',(1.E0,2.486899575160E-12,0.E0));
#1568=AXIS2_PLACEMENT_3D('',#1565,#1566,#1567);
#1570=DIRECTION('',(0.E0,1.E0,-3.007929930563E-14));
#1571=VECTOR('',#1570,1.640274619200E1);
#1572=CARTESIAN_POINT('',(-1.536481711511E2,-7.229926506702E1,
-2.407526216635E0));
#1573=LINE('',#1572,#1571);
#1574=CARTESIAN_POINT('',(-1.511481711511E2,-7.229926506702E1,
-2.407526216634E0));
#1575=DIRECTION('',(0.E0,0.E0,-1.E0));
#1576=DIRECTION('',(0.E0,-1.E0,0.E0));
#1577=AXIS2_PLACEMENT_3D('',#1574,#1575,#1576);
#1579=CARTESIAN_POINT('',(-1.230749990232E2,-7.679926506702E1,
-2.407526216636E0));
#1580=DIRECTION('',(0.E0,0.E0,1.E0));
#1581=DIRECTION('',(0.E0,-1.E0,0.E0));
#1582=AXIS2_PLACEMENT_3D('',#1579,#1580,#1581);
#1584=CARTESIAN_POINT('',(-1.355749990232E2,-8.029926506702E1,
-2.407526216636E0));
#1585=DIRECTION('',(0.E0,0.E0,-1.E0));
#1586=DIRECTION('',(6.612784394141E-12,-1.E0,0.E0));
#1587=AXIS2_PLACEMENT_3D('',#1584,#1585,#1586);
#1589=CARTESIAN_POINT('',(-1.005749990232E2,-8.029926506702E1,
-2.407526216636E0));
#1590=DIRECTION('',(0.E0,0.E0,-1.E0));
#1591=DIRECTION('',(-6.631732200428E-12,1.E0,0.E0));
#1592=AXIS2_PLACEMENT_3D('',#1589,#1590,#1591);
#1594=CARTESIAN_POINT('',(-1.130749990232E2,-7.679926506702E1,
-2.407526216636E0));
#1595=DIRECTION('',(0.E0,0.E0,1.E0));
#1596=DIRECTION('',(-2.486899575160E-12,1.E0,0.E0));
#1597=AXIS2_PLACEMENT_3D('',#1594,#1595,#1596);
#1599=CARTESIAN_POINT('',(-3.640833235651E1,-7.679926506702E1,
-2.407526216636E0));
#1600=DIRECTION('',(0.E0,0.E0,1.E0));
#1601=DIRECTION('',(0.E0,-1.E0,0.E0));
#1602=AXIS2_PLACEMENT_3D('',#1599,#1600,#1601);
#1604=CARTESIAN_POINT('',(-4.890833235651E1,-8.029926506702E1,
-2.407526216636E0));
#1605=DIRECTION('',(0.E0,0.E0,-1.E0));
#1606=DIRECTION('',(6.631732200428E-12,-1.E0,0.E0));
#1607=AXIS2_PLACEMENT_3D('',#1604,#1605,#1606);
#1609=CARTESIAN_POINT('',(-1.390833235651E1,-8.029926506702E1,
-2.407526216636E0));
#1610=DIRECTION('',(0.E0,0.E0,-1.E0));
#1611=DIRECTION('',(-6.629363724642E-12,1.E0,0.E0));
#1612=AXIS2_PLACEMENT_3D('',#1609,#1610,#1611);
#1614=CARTESIAN_POINT('',(-2.640833235651E1,-7.679926506702E1,
-2.407526216636E0));
#1615=DIRECTION('',(0.E0,0.E0,1.E0));
#1616=DIRECTION('',(-2.490452288839E-12,1.E0,0.E0));
#1617=AXIS2_PLACEMENT_3D('',#1614,#1615,#1616);
#1619=CARTESIAN_POINT('',(5.025833431015E1,-7.679926506702E1,
-2.407526216636E0));
#1620=DIRECTION('',(0.E0,0.E0,1.E0));
#1621=DIRECTION('',(0.E0,-1.E0,0.E0));
#1622=AXIS2_PLACEMENT_3D('',#1619,#1620,#1621);
#1624=CARTESIAN_POINT('',(3.775833431015E1,-8.029926506702E1,
-2.407526216636E0));
#1625=DIRECTION('',(0.E0,0.E0,-1.E0));
#1626=DIRECTION('',(6.631732200428E-12,-1.E0,0.E0));
#1627=AXIS2_PLACEMENT_3D('',#1624,#1625,#1626);
#1629=CARTESIAN_POINT('',(7.275833431015E1,-8.029926506702E1,
-2.407526216636E0));
#1630=DIRECTION('',(0.E0,0.E0,-1.E0));
#1631=DIRECTION('',(-6.631732200428E-12,1.E0,0.E0));
#1632=AXIS2_PLACEMENT_3D('',#1629,#1630,#1631);
#1634=CARTESIAN_POINT('',(6.025833431015E1,-7.679926506702E1,
-2.407526216636E0));
#1635=DIRECTION('',(0.E0,0.E0,1.E0));
#1636=DIRECTION('',(-2.483346861482E-12,1.E0,0.E0));
#1637=AXIS2_PLACEMENT_3D('',#1634,#1635,#1636);
#1639=CARTESIAN_POINT('',(1.369250009768E2,-7.679926506702E1,
-2.407526216636E0));
#1640=DIRECTION('',(0.E0,0.E0,1.E0));
#1641=DIRECTION('',(0.E0,-1.E0,0.E0));
#1642=AXIS2_PLACEMENT_3D('',#1639,#1640,#1641);
#1644=CARTESIAN_POINT('',(1.244250009768E2,-8.029926506702E1,
-2.407526216636E0));
#1645=DIRECTION('',(0.E0,0.E0,-1.E0));
#1646=DIRECTION('',(6.631732200428E-12,-1.E0,0.E0));
#1647=AXIS2_PLACEMENT_3D('',#1644,#1645,#1646);
#1649=CARTESIAN_POINT('',(1.594250009768E2,-8.029926506702E1,
-2.407526216636E0));
#1650=DIRECTION('',(0.E0,0.E0,-1.E0));
#1651=DIRECTION('',(-6.631732200428E-12,1.E0,0.E0));
#1652=AXIS2_PLACEMENT_3D('',#1649,#1650,#1651);
#1654=CARTESIAN_POINT('',(1.469250009768E2,-7.679926506702E1,
-2.407526216636E0));
#1655=DIRECTION('',(0.E0,0.E0,1.E0));
#1656=DIRECTION('',(-2.486899575160E-12,1.E0,0.E0));
#1657=AXIS2_PLACEMENT_3D('',#1654,#1655,#1656);
#1659=CARTESIAN_POINT('',(1.749981731047E2,-7.229926506702E1,
-2.407526216634E0));
#1660=DIRECTION('',(0.E0,0.E0,-1.E0));
#1661=DIRECTION('',(1.E0,0.E0,0.E0));
#1662=AXIS2_PLACEMENT_3D('',#1659,#1660,#1661);
#1664=CARTESIAN_POINT('',(1.794981731047E2,-5.589651887502E1,
-2.407526216636E0));
#1665=DIRECTION('',(0.E0,0.E0,1.E0));
#1666=DIRECTION('',(1.E0,0.E0,0.E0));
#1667=AXIS2_PLACEMENT_3D('',#1664,#1665,#1666);
#1669=CARTESIAN_POINT('',(1.829981731047E2,-6.839651887502E1,
-2.407526216636E0));
#1670=DIRECTION('',(0.E0,0.E0,-1.E0));
#1671=DIRECTION('',(1.E0,6.631732200428E-12,0.E0));
#1672=AXIS2_PLACEMENT_3D('',#1669,#1670,#1671);
#1674=CARTESIAN_POINT('',(1.829981731047E2,-3.339651887502E1,
-2.407526216636E0));
#1675=DIRECTION('',(0.E0,0.E0,-1.E0));
#1676=DIRECTION('',(-1.E0,-6.631732200428E-12,0.E0));
#1677=AXIS2_PLACEMENT_3D('',#1674,#1675,#1676);
#1679=CARTESIAN_POINT('',(1.794981731047E2,-4.589651887502E1,
-2.407526216636E0));
#1680=DIRECTION('',(0.E0,0.E0,1.E0));
#1681=DIRECTION('',(-1.E0,-2.486899575160E-12,0.E0));
#1682=AXIS2_PLACEMENT_3D('',#1679,#1680,#1681);
#1684=CARTESIAN_POINT('',(1.794981731047E2,-5.896518875022E0,
-2.407526216636E0));
#1685=DIRECTION('',(0.E0,0.E0,1.E0));
#1686=DIRECTION('',(1.E0,0.E0,0.E0));
#1687=AXIS2_PLACEMENT_3D('',#1684,#1685,#1686);
#1689=CARTESIAN_POINT('',(1.829981731047E2,-1.839651887502E1,
-2.407526216636E0));
#1690=DIRECTION('',(0.E0,0.E0,-1.E0));
#1691=DIRECTION('',(1.E0,6.634100676213E-12,0.E0));
#1692=AXIS2_PLACEMENT_3D('',#1689,#1690,#1691);
#1694=CARTESIAN_POINT('',(1.829981731047E2,1.660348112498E1,-2.407526216636E0));
#1695=DIRECTION('',(0.E0,0.E0,-1.E0));
#1696=DIRECTION('',(-1.E0,-6.629363724642E-12,0.E0));
#1697=AXIS2_PLACEMENT_3D('',#1694,#1695,#1696);
#1699=CARTESIAN_POINT('',(1.794981731047E2,4.103481124978E0,-2.407526216636E0));
#1700=DIRECTION('',(0.E0,0.E0,1.E0));
#1701=DIRECTION('',(-1.E0,-2.488675932E-12,0.E0));
#1702=AXIS2_PLACEMENT_3D('',#1699,#1700,#1701);
#1704=CARTESIAN_POINT('',(1.749981731047E2,2.050622731698E1,-2.407526216634E0));
#1705=DIRECTION('',(0.E0,0.E0,-1.E0));
#1706=DIRECTION('',(0.E0,1.E0,0.E0));
#1707=AXIS2_PLACEMENT_3D('',#1704,#1705,#1706);
#1709=CARTESIAN_POINT('',(1.069250009768E2,2.500622731698E1,-2.407526216636E0));
#1710=DIRECTION('',(0.E0,0.E0,1.E0));
#1711=DIRECTION('',(0.E0,1.E0,0.E0));
#1712=AXIS2_PLACEMENT_3D('',#1709,#1710,#1711);
#1714=CARTESIAN_POINT('',(1.194250009768E2,2.850622731698E1,-2.407526216636E0));
#1715=DIRECTION('',(0.E0,0.E0,-1.E0));
#1716=DIRECTION('',(-6.669627813001E-12,1.E0,0.E0));
#1717=AXIS2_PLACEMENT_3D('',#1714,#1715,#1716);
#1719=CARTESIAN_POINT('',(8.442500097682E1,2.850622731698E1,-2.407526216636E0));
#1720=DIRECTION('',(0.E0,0.E0,-1.E0));
#1721=DIRECTION('',(6.669627813001E-12,-1.E0,0.E0));
#1722=AXIS2_PLACEMENT_3D('',#1719,#1720,#1721);
#1724=CARTESIAN_POINT('',(9.692500097682E1,2.500622731698E1,-2.407526216636E0));
#1725=DIRECTION('',(0.E0,0.E0,1.E0));
#1726=DIRECTION('',(2.259525899717E-12,-1.E0,0.E0));
#1727=AXIS2_PLACEMENT_3D('',#1724,#1725,#1726);
#1729=CARTESIAN_POINT('',(1.692500097682E1,2.500622731698E1,-2.407526216636E0));
#1730=DIRECTION('',(0.E0,0.E0,1.E0));
#1731=DIRECTION('',(0.E0,1.E0,0.E0));
#1732=AXIS2_PLACEMENT_3D('',#1729,#1730,#1731);
#1734=CARTESIAN_POINT('',(2.942500097682E1,2.850622731698E1,-2.407526216636E0));
#1735=DIRECTION('',(0.E0,0.E0,-1.E0));
#1736=DIRECTION('',(-6.664890861430E-12,1.E0,0.E0));
#1737=AXIS2_PLACEMENT_3D('',#1734,#1735,#1736);
#1739=CARTESIAN_POINT('',(-5.574999023181E0,2.850622731698E1,
-2.407526216636E0));
#1740=DIRECTION('',(0.E0,0.E0,-1.E0));
#1741=DIRECTION('',(6.664890861430E-12,-1.E0,0.E0));
#1742=AXIS2_PLACEMENT_3D('',#1739,#1740,#1741);
#1744=CARTESIAN_POINT('',(6.925000976819E0,2.500622731698E1,-2.407526216636E0));
#1745=DIRECTION('',(0.E0,0.E0,1.E0));
#1746=DIRECTION('',(2.257305453668E-12,-1.E0,0.E0));
#1747=AXIS2_PLACEMENT_3D('',#1744,#1745,#1746);
#1749=CARTESIAN_POINT('',(-7.307499902318E1,2.500622731698E1,
-2.407526216636E0));
#1750=DIRECTION('',(0.E0,0.E0,1.E0));
#1751=DIRECTION('',(0.E0,1.E0,0.E0));
#1752=AXIS2_PLACEMENT_3D('',#1749,#1750,#1751);
#1754=CARTESIAN_POINT('',(-6.057499902318E1,2.850622731698E1,
-2.407526216636E0));
#1755=DIRECTION('',(0.E0,0.E0,-1.E0));
#1756=DIRECTION('',(-6.664890861430E-12,1.E0,0.E0));
#1757=AXIS2_PLACEMENT_3D('',#1754,#1755,#1756);
#1759=CARTESIAN_POINT('',(-9.557499902318E1,2.850622731698E1,
-2.407526216636E0));
#1760=DIRECTION('',(0.E0,0.E0,-1.E0));
#1761=DIRECTION('',(6.669627813001E-12,-1.E0,0.E0));
#1762=AXIS2_PLACEMENT_3D('',#1759,#1760,#1761);
#1764=CARTESIAN_POINT('',(-8.307499902318E1,2.500622731698E1,
-2.407526216636E0));
#1765=DIRECTION('',(0.E0,0.E0,1.E0));
#1766=DIRECTION('',(2.259525899717E-12,-1.E0,0.E0));
#1767=AXIS2_PLACEMENT_3D('',#1764,#1765,#1766);
#1769=CARTESIAN_POINT('',(-1.511481711511E2,2.050622731698E1,
-2.407526216634E0));
#1770=DIRECTION('',(0.E0,0.E0,-1.E0));
#1771=DIRECTION('',(-1.E0,0.E0,0.E0));
#1772=AXIS2_PLACEMENT_3D('',#1769,#1770,#1771);
#1774=DIRECTION('',(0.E0,0.E0,-1.E0));
#1775=VECTOR('',#1774,1.5E0);
#1776=CARTESIAN_POINT('',(1.095E2,-3.E0,-9.075262166358E-1));
#1777=LINE('',#1776,#1775);
#1778=DIRECTION('',(0.E0,0.E0,-1.E0));
#1779=VECTOR('',#1778,1.5E0);
#1780=CARTESIAN_POINT('',(1.065E2,-3.E0,-9.075262166358E-1));
#1781=LINE('',#1780,#1779);
#1782=CARTESIAN_POINT('',(1.08E2,-3.E0,-9.075262166358E-1));
#1783=DIRECTION('',(0.E0,0.E0,-1.E0));
#1784=DIRECTION('',(-1.894780628694E-14,1.E0,0.E0));
#1785=AXIS2_PLACEMENT_3D('',#1782,#1783,#1784);
#1787=CARTESIAN_POINT('',(1.08E2,-3.E0,-9.075262166358E-1));
#1788=DIRECTION('',(0.E0,0.E0,-1.E0));
#1789=DIRECTION('',(-1.E0,0.E0,0.E0));
#1790=AXIS2_PLACEMENT_3D('',#1787,#1788,#1789);
#1792=CARTESIAN_POINT('',(1.08E2,-3.E0,-9.075262166358E-1));
#1793=DIRECTION('',(0.E0,0.E0,-1.E0));
#1794=DIRECTION('',(-1.894780628694E-14,-1.E0,0.E0));
#1795=AXIS2_PLACEMENT_3D('',#1792,#1793,#1794);
#1797=CARTESIAN_POINT('',(1.08E2,-3.E0,-9.075262166358E-1));
#1798=DIRECTION('',(0.E0,0.E0,-1.E0));
#1799=DIRECTION('',(1.E0,0.E0,0.E0));
#1800=AXIS2_PLACEMENT_3D('',#1797,#1798,#1799);
#1802=CARTESIAN_POINT('',(1.1E2,-5.9E1,-9.075262166358E-1));
#1803=DIRECTION('',(0.E0,0.E0,-1.E0));
#1804=DIRECTION('',(-1.894780628694E-14,1.E0,0.E0));
#1805=AXIS2_PLACEMENT_3D('',#1802,#1803,#1804);
#1807=CARTESIAN_POINT('',(1.1E2,-5.9E1,-9.075262166358E-1));
#1808=DIRECTION('',(0.E0,0.E0,-1.E0));
#1809=DIRECTION('',(-1.E0,0.E0,0.E0));
#1810=AXIS2_PLACEMENT_3D('',#1807,#1808,#1809);
#1812=CARTESIAN_POINT('',(1.1E2,-5.9E1,-9.075262166358E-1));
#1813=DIRECTION('',(0.E0,0.E0,-1.E0));
#1814=DIRECTION('',(-1.894780628694E-14,-1.E0,0.E0));
#1815=AXIS2_PLACEMENT_3D('',#1812,#1813,#1814);
#1817=CARTESIAN_POINT('',(1.1E2,-5.9E1,-9.075262166358E-1));
#1818=DIRECTION('',(0.E0,0.E0,-1.E0));
#1819=DIRECTION('',(1.E0,0.E0,0.E0));
#1820=AXIS2_PLACEMENT_3D('',#1817,#1818,#1819);
#1822=CARTESIAN_POINT('',(-8.6E1,2.5E0,-9.075262166358E-1));
#1823=DIRECTION('',(0.E0,0.E0,-1.E0));
#1824=DIRECTION('',(0.E0,1.E0,0.E0));
#1825=AXIS2_PLACEMENT_3D('',#1822,#1823,#1824);
#1827=CARTESIAN_POINT('',(-8.6E1,2.5E0,-9.075262166358E-1));
#1828=DIRECTION('',(0.E0,0.E0,-1.E0));
#1829=DIRECTION('',(-1.E0,0.E0,0.E0));
#1830=AXIS2_PLACEMENT_3D('',#1827,#1828,#1829);
#1832=CARTESIAN_POINT('',(-8.6E1,2.5E0,-9.075262166358E-1));
#1833=DIRECTION('',(0.E0,0.E0,-1.E0));
#1834=DIRECTION('',(0.E0,-1.E0,0.E0));
#1835=AXIS2_PLACEMENT_3D('',#1832,#1833,#1834);
#1837=CARTESIAN_POINT('',(-8.6E1,2.5E0,-9.075262166358E-1));
#1838=DIRECTION('',(0.E0,0.E0,-1.E0));
#1839=DIRECTION('',(1.E0,0.E0,0.E0));
#1840=AXIS2_PLACEMENT_3D('',#1837,#1838,#1839);
#1842=CARTESIAN_POINT('',(-9.E1,-5.4E1,-9.075262166358E-1));
#1843=DIRECTION('',(0.E0,0.E0,-1.E0));
#1844=DIRECTION('',(0.E0,1.E0,0.E0));
#1845=AXIS2_PLACEMENT_3D('',#1842,#1843,#1844);
#1847=CARTESIAN_POINT('',(-9.E1,-5.4E1,-9.075262166358E-1));
#1848=DIRECTION('',(0.E0,0.E0,-1.E0));
#1849=DIRECTION('',(-1.E0,0.E0,0.E0));
#1850=AXIS2_PLACEMENT_3D('',#1847,#1848,#1849);
#1852=CARTESIAN_POINT('',(-9.E1,-5.4E1,-9.075262166358E-1));
#1853=DIRECTION('',(0.E0,0.E0,-1.E0));
#1854=DIRECTION('',(0.E0,-1.E0,0.E0));
#1855=AXIS2_PLACEMENT_3D('',#1852,#1853,#1854);
#1857=CARTESIAN_POINT('',(-9.E1,-5.4E1,-9.075262166358E-1));
#1858=DIRECTION('',(0.E0,0.E0,-1.E0));
#1859=DIRECTION('',(1.E0,0.E0,0.E0));
#1860=AXIS2_PLACEMENT_3D('',#1857,#1858,#1859);
#1862=DIRECTION('',(1.E0,0.E0,0.E0));
#1863=VECTOR('',#1862,3.105956494874E0);
#1864=CARTESIAN_POINT('',(-7.302357680710E1,-5.573713818436E1,
-9.075262166358E-1));
#1865=LINE('',#1864,#1863);
#1866=DIRECTION('',(-8.120488401392E-14,1.E0,0.E0));
#1867=VECTOR('',#1866,2.450000002201E0);
#1868=CARTESIAN_POINT('',(-7.569511877425E1,-6.618912535949E1,
-9.075262166358E-1));
#1869=LINE('',#1868,#1867);
#1870=DIRECTION('',(-1.E0,-1.282182522450E-14,0.E0));
#1871=VECTOR('',#1870,6.649999262840E0);
#1872=CARTESIAN_POINT('',(-6.814511950547E1,-6.943912536449E1,
-9.075262166358E-1));
#1873=LINE('',#1872,#1871);
#1874=DIRECTION('',(-1.E0,-1.282182522458E-14,0.E0));
#1875=VECTOR('',#1874,6.649999262800E0);
#1876=CARTESIAN_POINT('',(3.195488049451E1,-6.943912536449E1,
-9.075262166358E-1));
#1877=LINE('',#1876,#1875);
#1878=DIRECTION('',(7.830470958485E-14,-1.E0,0.E0));
#1879=VECTOR('',#1878,2.450000002201E0);
#1880=CARTESIAN_POINT('',(3.285488050051E1,-6.373912535728E1,
-9.075262166358E-1));
#1881=LINE('',#1880,#1879);
#1882=DIRECTION('',(1.E0,0.E0,0.E0));
#1883=VECTOR('',#1882,3.105956494885E0);
#1884=CARTESIAN_POINT('',(2.707738203843E1,-5.573713818436E1,
-9.075262166358E-1));
#1885=LINE('',#1884,#1883);
#1886=DIRECTION('',(0.E0,1.E0,0.E0));
#1887=VECTOR('',#1886,1.4E1);
#1888=CARTESIAN_POINT('',(-1.496481711511E2,5.203481098425E0,
-9.075262166356E-1));
#1889=LINE('',#1888,#1887);
#1890=CARTESIAN_POINT('',(-1.511481711511E2,2.050622731698E1,
-9.075262166343E-1));
#1891=DIRECTION('',(0.E0,0.E0,1.E0));
#1892=DIRECTION('',(0.E0,1.E0,0.E0));
#1893=AXIS2_PLACEMENT_3D('',#1890,#1891,#1892);
#1895=CARTESIAN_POINT('',(-8.307499902318E1,2.500622731698E1,
-9.075262166358E-1));
#1896=DIRECTION('',(0.E0,0.E0,-1.E0));
#1897=DIRECTION('',(0.E0,1.E0,0.E0));
#1898=AXIS2_PLACEMENT_3D('',#1895,#1896,#1897);
#1900=CARTESIAN_POINT('',(-9.557499902318E1,2.850622731698E1,
-9.075262166358E-1));
#1901=DIRECTION('',(0.E0,0.E0,1.E0));
#1902=DIRECTION('',(0.E0,1.E0,0.E0));
#1903=AXIS2_PLACEMENT_3D('',#1900,#1901,#1902);
#1905=CARTESIAN_POINT('',(-6.057499902318E1,2.850622731698E1,
-9.075262166358E-1));
#1906=DIRECTION('',(0.E0,0.E0,1.E0));
#1907=DIRECTION('',(0.E0,-1.E0,0.E0));
#1908=AXIS2_PLACEMENT_3D('',#1905,#1906,#1907);
#1910=CARTESIAN_POINT('',(-7.307499902318E1,2.500622731698E1,
-9.075262166358E-1));
#1911=DIRECTION('',(0.E0,0.E0,-1.E0));
#1912=DIRECTION('',(-1.E0,-5.027089855503E-13,0.E0));
#1913=AXIS2_PLACEMENT_3D('',#1910,#1911,#1912);
#1915=CARTESIAN_POINT('',(-7.307499902318E1,2.500622731698E1,
-9.075262166358E-1));
#1916=DIRECTION('',(0.E0,0.E0,-1.E0));
#1917=DIRECTION('',(-2.863487225113E-12,-1.E0,0.E0));
#1918=AXIS2_PLACEMENT_3D('',#1915,#1916,#1917);
#1920=CARTESIAN_POINT('',(6.925000976819E0,2.500622731698E1,
-9.075262166358E-1));
#1921=DIRECTION('',(0.E0,0.E0,-1.E0));
#1922=DIRECTION('',(0.E0,1.E0,0.E0));
#1923=AXIS2_PLACEMENT_3D('',#1920,#1921,#1922);
#1925=CARTESIAN_POINT('',(-5.574999023181E0,2.850622731698E1,
-9.075262166358E-1));
#1926=DIRECTION('',(0.E0,0.E0,1.E0));
#1927=DIRECTION('',(0.E0,1.E0,0.E0));
#1928=AXIS2_PLACEMENT_3D('',#1925,#1926,#1927);
#1930=CARTESIAN_POINT('',(2.942500097682E1,2.850622731698E1,
-9.075262166358E-1));
#1931=DIRECTION('',(0.E0,0.E0,1.E0));
#1932=DIRECTION('',(0.E0,-1.E0,0.E0));
#1933=AXIS2_PLACEMENT_3D('',#1930,#1931,#1932);
#1935=CARTESIAN_POINT('',(1.692500097682E1,2.500622731698E1,
-9.075262166358E-1));
#1936=DIRECTION('',(0.E0,0.E0,-1.E0));
#1937=DIRECTION('',(-1.E0,-5.027089855503E-13,0.E0));
#1938=AXIS2_PLACEMENT_3D('',#1935,#1936,#1937);
#1940=CARTESIAN_POINT('',(1.692500097682E1,2.500622731698E1,
-9.075262166358E-1));
#1941=DIRECTION('',(0.E0,0.E0,-1.E0));
#1942=DIRECTION('',(-2.859934511434E-12,-1.E0,0.E0));
#1943=AXIS2_PLACEMENT_3D('',#1940,#1941,#1942);
#1945=CARTESIAN_POINT('',(9.692500097682E1,2.500622731698E1,
-9.075262166358E-1));
#1946=DIRECTION('',(0.E0,0.E0,-1.E0));
#1947=DIRECTION('',(0.E0,1.E0,0.E0));
#1948=AXIS2_PLACEMENT_3D('',#1945,#1946,#1947);
#1950=CARTESIAN_POINT('',(8.442500097682E1,2.850622731698E1,
-9.075262166358E-1));
#1951=DIRECTION('',(0.E0,0.E0,1.E0));
#1952=DIRECTION('',(1.894780628694E-14,1.E0,0.E0));
#1953=AXIS2_PLACEMENT_3D('',#1950,#1951,#1952);
#1955=CARTESIAN_POINT('',(1.194250009768E2,2.850622731698E1,
-9.075262166358E-1));
#1956=DIRECTION('',(0.E0,0.E0,1.E0));
#1957=DIRECTION('',(0.E0,-1.E0,0.E0));
#1958=AXIS2_PLACEMENT_3D('',#1955,#1956,#1957);
#1960=CARTESIAN_POINT('',(1.069250009768E2,2.500622731698E1,
-9.075262166358E-1));
#1961=DIRECTION('',(0.E0,0.E0,-1.E0));
#1962=DIRECTION('',(-1.E0,-5.027089855503E-13,0.E0));
#1963=AXIS2_PLACEMENT_3D('',#1960,#1961,#1962);
#1965=CARTESIAN_POINT('',(1.069250009768E2,2.500622731698E1,
-9.075262166358E-1));
#1966=DIRECTION('',(0.E0,0.E0,-1.E0));
#1967=DIRECTION('',(-2.870592652471E-12,-1.E0,0.E0));
#1968=AXIS2_PLACEMENT_3D('',#1965,#1966,#1967);
#1970=CARTESIAN_POINT('',(1.749981731047E2,2.050622731698E1,
-9.075262166343E-1));
#1971=DIRECTION('',(0.E0,0.E0,1.E0));
#1972=DIRECTION('',(1.E0,0.E0,0.E0));
#1973=AXIS2_PLACEMENT_3D('',#1970,#1971,#1972);
#1975=CARTESIAN_POINT('',(1.794981731047E2,4.103481124978E0,
-9.075262166358E-1));
#1976=DIRECTION('',(0.E0,0.E0,-1.E0));
#1977=DIRECTION('',(1.E0,0.E0,0.E0));
#1978=AXIS2_PLACEMENT_3D('',#1975,#1976,#1977);
#1980=CARTESIAN_POINT('',(1.829981731047E2,1.660348112498E1,
-9.075262166358E-1));
#1981=DIRECTION('',(0.E0,0.E0,1.E0));
#1982=DIRECTION('',(1.E0,0.E0,0.E0));
#1983=AXIS2_PLACEMENT_3D('',#1980,#1981,#1982);
#1985=CARTESIAN_POINT('',(1.829981731047E2,-1.839651887502E1,
-9.075262166358E-1));
#1986=DIRECTION('',(0.E0,0.E0,1.E0));
#1987=DIRECTION('',(-1.E0,0.E0,0.E0));
#1988=AXIS2_PLACEMENT_3D('',#1985,#1986,#1987);
#1990=CARTESIAN_POINT('',(1.794981731047E2,-5.896518875022E0,
-9.075262166358E-1));
#1991=DIRECTION('',(0.E0,0.E0,-1.E0));
#1992=DIRECTION('',(-5.115907697473E-13,1.E0,0.E0));
#1993=AXIS2_PLACEMENT_3D('',#1990,#1991,#1992);
#1995=CARTESIAN_POINT('',(1.794981731047E2,-5.896518875022E0,
-9.075262166358E-1));
#1996=DIRECTION('',(0.E0,0.E0,-1.E0));
#1997=DIRECTION('',(-1.E0,3.221867217462E-12,0.E0));
#1998=AXIS2_PLACEMENT_3D('',#1995,#1996,#1997);
#2000=CARTESIAN_POINT('',(1.794981731047E2,-4.589651887502E1,
-9.075262166358E-1));
#2001=DIRECTION('',(0.E0,0.E0,-1.E0));
#2002=DIRECTION('',(1.E0,0.E0,0.E0));
#2003=AXIS2_PLACEMENT_3D('',#2000,#2001,#2002);
#2005=CARTESIAN_POINT('',(1.829981731047E2,-3.339651887502E1,
-9.075262166358E-1));
#2006=DIRECTION('',(0.E0,0.E0,1.E0));
#2007=DIRECTION('',(1.E0,0.E0,0.E0));
#2008=AXIS2_PLACEMENT_3D('',#2005,#2006,#2007);
#2010=CARTESIAN_POINT('',(1.829981731047E2,-6.839651887502E1,
-9.075262166358E-1));
#2011=DIRECTION('',(0.E0,0.E0,1.E0));
#2012=DIRECTION('',(-1.E0,0.E0,0.E0));
#2013=AXIS2_PLACEMENT_3D('',#2010,#2011,#2012);
#2015=CARTESIAN_POINT('',(1.794981731047E2,-5.589651887502E1,
-9.075262166358E-1));
#2016=DIRECTION('',(0.E0,0.E0,-1.E0));
#2017=DIRECTION('',(-5.115907697473E-13,1.E0,0.E0));
#2018=AXIS2_PLACEMENT_3D('',#2015,#2016,#2017);
#2020=CARTESIAN_POINT('',(1.794981731047E2,-5.589651887502E1,
-9.075262166358E-1));
#2021=DIRECTION('',(0.E0,0.E0,-1.E0));
#2022=DIRECTION('',(-1.E0,3.218758592993E-12,0.E0));
#2023=AXIS2_PLACEMENT_3D('',#2020,#2021,#2022);
#2025=CARTESIAN_POINT('',(1.749981731047E2,-7.229926506702E1,
-9.075262166343E-1));
#2026=DIRECTION('',(0.E0,0.E0,1.E0));
#2027=DIRECTION('',(0.E0,-1.E0,0.E0));
#2028=AXIS2_PLACEMENT_3D('',#2025,#2026,#2027);
#2030=DIRECTION('',(1.E0,0.E0,1.732179329683E-14));
#2031=VECTOR('',#2030,2.807317212791E1);
#2032=CARTESIAN_POINT('',(1.469250009768E2,-7.479926506702E1,
-9.075262166358E-1));
#2033=LINE('',#2032,#2031);
#2034=CARTESIAN_POINT('',(1.469250009768E2,-7.679926506702E1,
-9.075262166358E-1));
#2035=DIRECTION('',(0.E0,0.E0,-1.E0));
#2036=DIRECTION('',(0.E0,-1.E0,0.E0));
#2037=AXIS2_PLACEMENT_3D('',#2034,#2035,#2036);
#2039=CARTESIAN_POINT('',(1.594250009768E2,-8.029926506702E1,
-9.075262166358E-1));
#2040=DIRECTION('',(0.E0,0.E0,1.E0));
#2041=DIRECTION('',(0.E0,-1.E0,0.E0));
#2042=AXIS2_PLACEMENT_3D('',#2039,#2040,#2041);
#2044=CARTESIAN_POINT('',(1.244250009768E2,-8.029926506702E1,
-9.075262166358E-1));
#2045=DIRECTION('',(0.E0,0.E0,1.E0));
#2046=DIRECTION('',(0.E0,1.E0,0.E0));
#2047=AXIS2_PLACEMENT_3D('',#2044,#2045,#2046);
#2049=CARTESIAN_POINT('',(1.369250009768E2,-7.679926506702E1,
-9.075262166358E-1));
#2050=DIRECTION('',(0.E0,0.E0,-1.E0));
#2051=DIRECTION('',(1.E0,4.902744876745E-13,0.E0));
#2052=AXIS2_PLACEMENT_3D('',#2049,#2050,#2051);
#2054=CARTESIAN_POINT('',(1.369250009768E2,-7.679926506702E1,
-9.075262166358E-1));
#2055=DIRECTION('',(0.E0,0.E0,-1.E0));
#2056=DIRECTION('',(3.126388037344E-12,1.E0,0.E0));
#2057=AXIS2_PLACEMENT_3D('',#2054,#2055,#2056);
#2059=DIRECTION('',(1.E0,0.E0,0.E0));
#2060=VECTOR('',#2059,7.666666666667E1);
#2061=CARTESIAN_POINT('',(6.025833431015E1,-7.479926506702E1,
-9.075262166358E-1));
#2062=LINE('',#2061,#2060);
#2063=CARTESIAN_POINT('',(6.025833431015E1,-7.679926506702E1,
-9.075262166358E-1));
#2064=DIRECTION('',(0.E0,0.E0,-1.E0));
#2065=DIRECTION('',(0.E0,-1.E0,0.E0));
#2066=AXIS2_PLACEMENT_3D('',#2063,#2064,#2065);
#2068=CARTESIAN_POINT('',(7.275833431015E1,-8.029926506702E1,
-9.075262166358E-1));
#2069=DIRECTION('',(0.E0,0.E0,1.E0));
#2070=DIRECTION('',(-1.894780628694E-14,-1.E0,0.E0));
#2071=AXIS2_PLACEMENT_3D('',#2068,#2069,#2070);
#2073=CARTESIAN_POINT('',(3.775833431015E1,-8.029926506702E1,
-9.075262166358E-1));
#2074=DIRECTION('',(0.E0,0.E0,1.E0));
#2075=DIRECTION('',(0.E0,1.E0,0.E0));
#2076=AXIS2_PLACEMENT_3D('',#2073,#2074,#2075);
#2078=CARTESIAN_POINT('',(5.025833431015E1,-7.679926506702E1,
-9.075262166358E-1));
#2079=DIRECTION('',(0.E0,0.E0,-1.E0));
#2080=DIRECTION('',(1.E0,4.973799150321E-13,0.E0));
#2081=AXIS2_PLACEMENT_3D('',#2078,#2079,#2080);
#2083=CARTESIAN_POINT('',(5.025833431015E1,-7.679926506702E1,
-9.075262166358E-1));
#2084=DIRECTION('',(0.E0,0.E0,-1.E0));
#2085=DIRECTION('',(3.122835323666E-12,1.E0,0.E0));
#2086=AXIS2_PLACEMENT_3D('',#2083,#2084,#2085);
#2088=DIRECTION('',(1.E0,0.E0,0.E0));
#2089=VECTOR('',#2088,7.666666666667E1);
#2090=CARTESIAN_POINT('',(-2.640833235652E1,-7.479926506702E1,
-9.075262166358E-1));
#2091=LINE('',#2090,#2089);
#2092=CARTESIAN_POINT('',(-2.640833235651E1,-7.679926506702E1,
-9.075262166358E-1));
#2093=DIRECTION('',(0.E0,0.E0,-1.E0));
#2094=DIRECTION('',(0.E0,-1.E0,0.E0));
#2095=AXIS2_PLACEMENT_3D('',#2092,#2093,#2094);
#2097=CARTESIAN_POINT('',(-1.390833235651E1,-8.029926506702E1,
-9.075262166358E-1));
#2098=DIRECTION('',(0.E0,0.E0,1.E0));
#2099=DIRECTION('',(0.E0,-1.E0,0.E0));
#2100=AXIS2_PLACEMENT_3D('',#2097,#2098,#2099);
#2102=CARTESIAN_POINT('',(-4.890833235651E1,-8.029926506702E1,
-9.075262166358E-1));
#2103=DIRECTION('',(0.E0,0.E0,1.E0));
#2104=DIRECTION('',(0.E0,1.E0,0.E0));
#2105=AXIS2_PLACEMENT_3D('',#2102,#2103,#2104);
#2107=CARTESIAN_POINT('',(-3.640833235651E1,-7.679926506702E1,
-9.075262166358E-1));
#2108=DIRECTION('',(0.E0,0.E0,-1.E0));
#2109=DIRECTION('',(1.E0,4.973799150321E-13,0.E0));
#2110=AXIS2_PLACEMENT_3D('',#2107,#2108,#2109);
#2112=CARTESIAN_POINT('',(-3.640833235651E1,-7.679926506702E1,
-9.075262166358E-1));
#2113=DIRECTION('',(0.E0,0.E0,-1.E0));
#2114=DIRECTION('',(3.129940751023E-12,1.E0,0.E0));
#2115=AXIS2_PLACEMENT_3D('',#2112,#2113,#2114);
#2117=DIRECTION('',(1.E0,0.E0,0.E0));
#2118=VECTOR('',#2117,7.666666666667E1);
#2119=CARTESIAN_POINT('',(-1.130749990232E2,-7.479926506702E1,
-9.075262166358E-1));
#2120=LINE('',#2119,#2118);
#2121=CARTESIAN_POINT('',(-1.130749990232E2,-7.679926506702E1,
-9.075262166358E-1));
#2122=DIRECTION('',(0.E0,0.E0,-1.E0));
#2123=DIRECTION('',(0.E0,-1.E0,0.E0));
#2124=AXIS2_PLACEMENT_3D('',#2121,#2122,#2123);
#2126=CARTESIAN_POINT('',(-1.005749990232E2,-8.029926506702E1,
-9.075262166358E-1));
#2127=DIRECTION('',(0.E0,0.E0,1.E0));
#2128=DIRECTION('',(0.E0,-1.E0,0.E0));
#2129=AXIS2_PLACEMENT_3D('',#2126,#2127,#2128);
#2131=CARTESIAN_POINT('',(-1.355749990232E2,-8.029926506702E1,
-9.075262166358E-1));
#2132=DIRECTION('',(0.E0,0.E0,1.E0));
#2133=DIRECTION('',(0.E0,1.E0,0.E0));
#2134=AXIS2_PLACEMENT_3D('',#2131,#2132,#2133);
#2136=CARTESIAN_POINT('',(-1.230749990232E2,-7.679926506702E1,
-9.075262166358E-1));
#2137=DIRECTION('',(0.E0,0.E0,-1.E0));
#2138=DIRECTION('',(1.E0,4.973799150321E-13,0.E0));
#2139=AXIS2_PLACEMENT_3D('',#2136,#2137,#2138);
#2141=CARTESIAN_POINT('',(-1.230749990232E2,-7.679926506702E1,
-9.075262166358E-1));
#2142=DIRECTION('',(0.E0,0.E0,-1.E0));
#2143=DIRECTION('',(3.126388037344E-12,1.E0,0.E0));
#2144=AXIS2_PLACEMENT_3D('',#2141,#2142,#2143);
#2146=DIRECTION('',(1.E0,0.E0,-1.734552178079E-14));
#2147=VECTOR('',#2146,2.807317212791E1);
#2148=CARTESIAN_POINT('',(-1.511481711511E2,-7.479926506702E1,
-9.075262166353E-1));
#2149=LINE('',#2148,#2147);
#2150=CARTESIAN_POINT('',(-1.511481711511E2,-7.229926506702E1,
-9.075262166343E-1));
#2151=DIRECTION('',(0.E0,0.E0,1.E0));
#2152=DIRECTION('',(-1.E0,0.E0,0.E0));
#2153=AXIS2_PLACEMENT_3D('',#2150,#2151,#2152);
#2155=CARTESIAN_POINT('',(-1.556481711511E2,-5.589651887502E1,
-9.075262166358E-1));
#2156=DIRECTION('',(0.E0,0.E0,-1.E0));
#2157=DIRECTION('',(-1.E0,0.E0,0.E0));
#2158=AXIS2_PLACEMENT_3D('',#2155,#2156,#2157);
#2160=CARTESIAN_POINT('',(-1.591481711511E2,-6.839651887502E1,
-9.075262166358E-1));
#2161=DIRECTION('',(0.E0,0.E0,1.E0));
#2162=DIRECTION('',(-1.E0,0.E0,0.E0));
#2163=AXIS2_PLACEMENT_3D('',#2160,#2161,#2162);
#2165=CARTESIAN_POINT('',(-1.591481711511E2,-3.339651887502E1,
-9.075262166358E-1));
#2166=DIRECTION('',(0.E0,0.E0,1.E0));
#2167=DIRECTION('',(1.E0,0.E0,0.E0));
#2168=AXIS2_PLACEMENT_3D('',#2165,#2166,#2167);
#2170=CARTESIAN_POINT('',(-1.556481711511E2,-4.589651887502E1,
-9.075262166358E-1));
#2171=DIRECTION('',(0.E0,0.E0,-1.E0));
#2172=DIRECTION('',(4.973799150321E-13,-1.E0,0.E0));
#2173=AXIS2_PLACEMENT_3D('',#2170,#2171,#2172);
#2175=CARTESIAN_POINT('',(-1.556481711511E2,-4.589651887502E1,
-9.075262166358E-1));
#2176=DIRECTION('',(0.E0,0.E0,-1.E0));
#2177=DIRECTION('',(1.E0,-3.129940751023E-12,0.E0));
#2178=AXIS2_PLACEMENT_3D('',#2175,#2176,#2177);
#2180=CARTESIAN_POINT('',(-1.556481711511E2,-5.896518875022E0,
-9.075262166358E-1));
#2181=DIRECTION('',(0.E0,0.E0,-1.E0));
#2182=DIRECTION('',(-1.E0,0.E0,0.E0));
#2183=AXIS2_PLACEMENT_3D('',#2180,#2181,#2182);
#2185=CARTESIAN_POINT('',(-1.591481711511E2,-1.839651887502E1,
-9.075262166358E-1));
#2186=DIRECTION('',(0.E0,0.E0,1.E0));
#2187=DIRECTION('',(-1.E0,0.E0,0.E0));
#2188=AXIS2_PLACEMENT_3D('',#2185,#2186,#2187);
#2190=CARTESIAN_POINT('',(-1.591481711511E2,1.660348112498E1,
-9.075262166358E-1));
#2191=DIRECTION('',(0.E0,0.E0,1.E0));
#2192=DIRECTION('',(1.E0,0.E0,0.E0));
#2193=AXIS2_PLACEMENT_3D('',#2190,#2191,#2192);
#2195=CARTESIAN_POINT('',(-1.556481711511E2,4.103481124978E0,
-9.075262166358E-1));
#2196=DIRECTION('',(0.E0,0.E0,-1.E0));
#2197=DIRECTION('',(4.973799150321E-13,-1.E0,0.E0));
#2198=AXIS2_PLACEMENT_3D('',#2195,#2196,#2197);
#2200=CARTESIAN_POINT('',(-1.556481711511E2,4.103481124978E0,
-9.075262166358E-1));
#2201=DIRECTION('',(0.E0,0.E0,-1.E0));
#2202=DIRECTION('',(1.E0,-3.128164394184E-12,0.E0));
#2203=AXIS2_PLACEMENT_3D('',#2200,#2201,#2202);
#2205=DIRECTION('',(0.E0,0.E0,-1.E0));
#2206=VECTOR('',#2205,1.5E0);
#2207=CARTESIAN_POINT('',(1.115E2,-5.9E1,-9.075262166358E-1));
#2208=LINE('',#2207,#2206);
#2209=DIRECTION('',(0.E0,0.E0,-1.E0));
#2210=VECTOR('',#2209,1.5E0);
#2211=CARTESIAN_POINT('',(1.085E2,-5.9E1,-9.075262166358E-1));
#2212=LINE('',#2211,#2210);
#2213=DIRECTION('',(0.E0,0.E0,-1.E0));
#2214=VECTOR('',#2213,1.5E0);
#2215=CARTESIAN_POINT('',(-8.45E1,2.5E0,-9.075262166358E-1));
#2216=LINE('',#2215,#2214);
#2217=DIRECTION('',(0.E0,0.E0,-1.E0));
#2218=VECTOR('',#2217,1.5E0);
#2219=CARTESIAN_POINT('',(-8.75E1,2.5E0,-9.075262166358E-1));
#2220=LINE('',#2219,#2218);
#2221=DIRECTION('',(0.E0,0.E0,-1.E0));
#2222=VECTOR('',#2221,1.5E0);
#2223=CARTESIAN_POINT('',(-8.85E1,-5.4E1,-9.075262166358E-1));
#2224=LINE('',#2223,#2222);
#2225=DIRECTION('',(0.E0,0.E0,-1.E0));
#2226=VECTOR('',#2225,1.5E0);
#2227=CARTESIAN_POINT('',(-9.15E1,-5.4E1,-9.075262166358E-1));
#2228=LINE('',#2227,#2226);
#2229=DIRECTION('',(0.E0,1.E0,0.E0));
#2230=VECTOR('',#2229,1.500317069947E0);
#2231=CARTESIAN_POINT('',(1.175965492949E2,-5.321187445832E1,
-2.407526216635E0));
#2232=LINE('',#2231,#2230);
#2233=DIRECTION('',(0.E0,-1.E0,0.E0));
#2234=VECTOR('',#2233,1.500317069947E0);
#2235=CARTESIAN_POINT('',(1.175965492949E2,-5.171155738838E1,
-9.075262166345E-1));
#2236=LINE('',#2235,#2234);
#2237=DIRECTION('',(0.E0,0.E0,1.E0));
#2238=VECTOR('',#2237,1.5E0);
#2239=CARTESIAN_POINT('',(1.175965492949E2,-5.171155738838E1,
-2.407526216635E0));
#2240=LINE('',#2239,#2238);
#2241=DIRECTION('',(-1.E0,0.E0,0.E0));
#2242=VECTOR('',#2241,3.105956494747E0);
#2243=CARTESIAN_POINT('',(1.207025057896E2,-5.321187445832E1,
-2.407526216635E0));
#2244=LINE('',#2243,#2242);
#2245=DIRECTION('',(1.E0,0.E0,0.E0));
#2246=VECTOR('',#2245,3.105956494747E0);
#2247=CARTESIAN_POINT('',(1.175965492949E2,-5.321187445832E1,
-9.075262166345E-1));
#2248=LINE('',#2247,#2246);
#2249=DIRECTION('',(0.E0,0.E0,1.E0));
#2250=VECTOR('',#2249,1.5E0);
#2251=CARTESIAN_POINT('',(1.175965492949E2,-5.321187445832E1,
-2.407526216635E0));
#2252=LINE('',#2251,#2250);
#2253=DIRECTION('',(0.E0,-1.E0,0.E0));
#2254=VECTOR('',#2253,1.500317069947E0);
#2255=CARTESIAN_POINT('',(1.207025057896E2,-5.171155738838E1,
-2.407526216635E0));
#2256=LINE('',#2255,#2254);
#2257=DIRECTION('',(0.E0,1.E0,0.E0));
#2258=VECTOR('',#2257,1.500317069947E0);
#2259=CARTESIAN_POINT('',(1.207025057896E2,-5.321187445832E1,
-9.075262166345E-1));
#2260=LINE('',#2259,#2258);
#2261=DIRECTION('',(0.E0,0.E0,1.E0));
#2262=VECTOR('',#2261,1.5E0);
#2263=CARTESIAN_POINT('',(1.207025057896E2,-5.321187445832E1,
-2.407526216635E0));
#2264=LINE('',#2263,#2262);
#2265=DIRECTION('',(-1.E0,1.358699237634E-8,0.E0));
#2266=VECTOR('',#2265,1.772501543280E0);
#2267=CARTESIAN_POINT('',(1.224750073329E2,-5.171155741246E1,
-2.407526216635E0));
#2268=LINE('',#2267,#2266);
#2269=DIRECTION('',(1.E0,-1.358699237634E-8,0.E0));
#2270=VECTOR('',#2269,1.772501543280E0);
#2271=CARTESIAN_POINT('',(1.207025057896E2,-5.171155738838E1,
-9.075262166345E-1));
#2272=LINE('',#2271,#2270);
#2273=DIRECTION('',(0.E0,0.E0,1.E0));
#2274=VECTOR('',#2273,1.5E0);
#2275=CARTESIAN_POINT('',(1.207025057896E2,-5.171155738838E1,
-2.407526216635E0));
#2276=LINE('',#2275,#2274);
#2277=DIRECTION('',(4.809827753756E-14,-1.E0,0.E0));
#2278=VECTOR('',#2277,6.499999994600E0);
#2279=CARTESIAN_POINT('',(1.224750073329E2,-4.521155741786E1,
-2.407526216635E0));
#2280=LINE('',#2279,#2278);
#2281=DIRECTION('',(-5.902970425065E-14,1.E0,0.E0));
#2282=VECTOR('',#2281,6.499999994600E0);
#2283=CARTESIAN_POINT('',(1.224750073329E2,-5.171155741246E1,
-9.075262166345E-1));
#2284=LINE('',#2283,#2282);
#2285=DIRECTION('',(0.E0,0.E0,1.E0));
#2286=VECTOR('',#2285,1.5E0);
#2287=CARTESIAN_POINT('',(1.224750073329E2,-5.171155741246E1,
-2.407526216635E0));
#2288=LINE('',#2287,#2286);
#2289=DIRECTION('',(-1.E0,-1.026339509146E-13,0.E0));
#2290=VECTOR('',#2289,8.999999983018E-1);
#2291=CARTESIAN_POINT('',(1.233750073312E2,-4.521155741786E1,
-2.407526216635E0));
#2292=LINE('',#2291,#2290);
#2293=DIRECTION('',(1.E0,1.263187088179E-13,0.E0));
#2294=VECTOR('',#2293,8.999999983018E-1);
#2295=CARTESIAN_POINT('',(1.224750073329E2,-4.521155741786E1,
-9.075262166345E-1));
#2296=LINE('',#2295,#2294);
#2297=DIRECTION('',(-2.842170943040E-14,0.E0,1.E0));
#2298=VECTOR('',#2297,1.5E0);
#2299=CARTESIAN_POINT('',(1.224750073329E2,-4.521155741786E1,
-2.407526216635E0));
#2300=LINE('',#2299,#2298);
#2301=DIRECTION('',(1.160069771628E-13,-1.E0,0.E0));
#2302=VECTOR('',#2301,2.450000002200E0);
#2303=CARTESIAN_POINT('',(1.233750073312E2,-4.276155741566E1,
-2.407526216635E0));
#2304=LINE('',#2303,#2302);
#2305=DIRECTION('',(-1.392083725954E-13,1.E0,0.E0));
#2306=VECTOR('',#2305,2.450000002200E0);
#2307=CARTESIAN_POINT('',(1.233750073312E2,-4.521155741786E1,
-9.075262166345E-1));
#2308=LINE('',#2307,#2306);
#2309=DIRECTION('',(1.894780628694E-14,0.E0,1.E0));
#2310=VECTOR('',#2309,1.5E0);
#2311=CARTESIAN_POINT('',(1.233750073312E2,-4.521155741786E1,
-2.407526216635E0));
#2312=LINE('',#2311,#2310);
#2313=DIRECTION('',(1.E0,1.184237895169E-13,0.E0));
#2314=VECTOR('',#2313,8.999999983010E-1);
#2315=CARTESIAN_POINT('',(1.224750073329E2,-4.276155741566E1,
-2.407526216635E0));
#2316=LINE('',#2315,#2314);
#2317=DIRECTION('',(-1.E0,-1.263187088180E-13,0.E0));
#2318=VECTOR('',#2317,8.999999983010E-1);
#2319=CARTESIAN_POINT('',(1.233750073312E2,-4.276155741566E1,
-9.075262166345E-1));
#2320=LINE('',#2319,#2318);
#2321=DIRECTION('',(0.E0,0.E0,1.E0));
#2322=VECTOR('',#2321,1.5E0);
#2323=CARTESIAN_POINT('',(1.233750073312E2,-4.276155741566E1,
-2.407526216635E0));
#2324=LINE('',#2323,#2322);
#2325=DIRECTION('',(1.268045495752E-13,-1.E0,0.E0));
#2326=VECTOR('',#2325,3.250000004900E0);
#2327=CARTESIAN_POINT('',(1.224750073329E2,-3.951155741076E1,
-2.407526216635E0));
#2328=LINE('',#2327,#2326);
#2329=DIRECTION('',(-1.399222616002E-13,1.E0,0.E0));
#2330=VECTOR('',#2329,3.250000004900E0);
#2331=CARTESIAN_POINT('',(1.224750073329E2,-4.276155741566E1,
-9.075262166345E-1));
#2332=LINE('',#2331,#2330);
#2333=DIRECTION('',(1.894780628694E-14,0.E0,1.E0));
#2334=VECTOR('',#2333,1.5E0);
#2335=CARTESIAN_POINT('',(1.224750073329E2,-4.276155741566E1,
-2.407526216635E0));
#2336=LINE('',#2335,#2334);
#2337=DIRECTION('',(1.E0,1.923273356142E-14,0.E0));
#2338=VECTOR('',#2337,6.650000741100E0);
#2339=CARTESIAN_POINT('',(1.158250065918E2,-3.951155741076E1,
-2.407526216635E0));
#2340=LINE('',#2339,#2338);
#2341=DIRECTION('',(-1.E0,-2.136970395713E-14,0.E0));
#2342=VECTOR('',#2341,6.650000741100E0);
#2343=CARTESIAN_POINT('',(1.224750073329E2,-3.951155741076E1,
-9.075262166345E-1));
#2344=LINE('',#2343,#2342);
#2345=DIRECTION('',(0.E0,0.E0,1.E0));
#2346=VECTOR('',#2345,1.5E0);
#2347=CARTESIAN_POINT('',(1.224750073329E2,-3.951155741076E1,
-2.407526216635E0));
#2348=LINE('',#2347,#2346);
#2349=DIRECTION('',(-1.180594078547E-13,1.E0,0.E0));
#2350=VECTOR('',#2349,3.250000015100E0);
#2351=CARTESIAN_POINT('',(1.158250065918E2,-4.276155742586E1,
-2.407526216635E0));
#2352=LINE('',#2351,#2350);
#2353=DIRECTION('',(1.399222611611E-13,-1.E0,0.E0));
#2354=VECTOR('',#2353,3.250000015100E0);
#2355=CARTESIAN_POINT('',(1.158250065918E2,-3.951155741076E1,
-9.075262166345E-1));
#2356=LINE('',#2355,#2354);
#2357=DIRECTION('',(-2.842170943040E-14,0.E0,1.E0));
#2358=VECTOR('',#2357,1.5E0);
#2359=CARTESIAN_POINT('',(1.158250065918E2,-3.951155741076E1,
-2.407526216635E0));
#2360=LINE('',#2359,#2358);
#2361=DIRECTION('',(1.E0,6.787276901040E-14,0.E0));
#2362=VECTOR('',#2361,1.674999257864E0);
#2363=CARTESIAN_POINT('',(1.141500073339E2,-4.276155742586E1,
-2.407526216635E0));
#2364=LINE('',#2363,#2362);
#2365=DIRECTION('',(-1.E0,-8.484096126301E-14,1.696819225260E-13));
#2366=VECTOR('',#2365,1.674999257864E0);
#2367=CARTESIAN_POINT('',(1.158250065918E2,-4.276155742586E1,
-9.075262166345E-1));
#2368=LINE('',#2367,#2366);
#2369=DIRECTION('',(1.894780628694E-14,1.421085471520E-14,1.E0));
#2370=VECTOR('',#2369,1.5E0);
#2371=CARTESIAN_POINT('',(1.158250065918E2,-4.276155742586E1,
-2.407526216635E0));
#2372=LINE('',#2371,#2370);
#2373=DIRECTION('',(0.E0,0.E0,1.E0));
#2374=VECTOR('',#2373,1.5E0);
#2375=CARTESIAN_POINT('',(1.141500073339E2,-4.276155742586E1,
-2.407526216635E0));
#2376=LINE('',#2375,#2374);
#2377=DIRECTION('',(0.E0,-1.E0,0.E0));
#2378=VECTOR('',#2377,4.815038528092E0);
#2379=CARTESIAN_POINT('',(1.141500073339E2,-3.794651889777E1,
-2.407526216635E0));
#2380=LINE('',#2379,#2378);
#2381=DIRECTION('',(0.E0,1.E0,5.893473197329E-14));
#2382=VECTOR('',#2381,4.815038528092E0);
#2383=CARTESIAN_POINT('',(1.141500073339E2,-4.276155742586E1,
-9.075262166342E-1));
#2384=LINE('',#2383,#2382);
#2385=DIRECTION('',(1.E0,0.E0,0.E0));
#2386=VECTOR('',#2385,1.4E1);
#2387=CARTESIAN_POINT('',(1.001500073339E2,-3.794651889777E1,
-2.407526216635E0));
#2388=LINE('',#2387,#2386);
#2389=DIRECTION('',(-1.E0,0.E0,0.E0));
#2390=VECTOR('',#2389,1.4E1);
#2391=CARTESIAN_POINT('',(1.141500073339E2,-3.794651889777E1,
-9.075262166339E-1));
#2392=LINE('',#2391,#2390);
#2393=DIRECTION('',(0.E0,0.E0,1.E0));
#2394=VECTOR('',#2393,1.500000000001E0);
#2395=CARTESIAN_POINT('',(1.141500073339E2,-3.794651889777E1,
-2.407526216635E0));
#2396=LINE('',#2395,#2394);
#2397=DIRECTION('',(0.E0,0.E0,-1.E0));
#2398=VECTOR('',#2397,1.5E0);
#2399=CARTESIAN_POINT('',(1.001500073339E2,-4.276155743346E1,
-9.075262166342E-1));
#2400=LINE('',#2399,#2398);
#2401=DIRECTION('',(0.E0,-1.E0,-5.902696150761E-14));
#2402=VECTOR('',#2401,4.815038535693E0);
#2403=CARTESIAN_POINT('',(1.001500073339E2,-3.794651889777E1,
-9.075262166339E-1));
#2404=LINE('',#2403,#2402);
#2405=DIRECTION('',(0.E0,0.E0,1.E0));
#2406=VECTOR('',#2405,1.500000000001E0);
#2407=CARTESIAN_POINT('',(1.001500073339E2,-3.794651889777E1,
-2.407526216635E0));
#2408=LINE('',#2407,#2406);
#2409=DIRECTION('',(0.E0,1.E0,0.E0));
#2410=VECTOR('',#2409,4.815038535693E0);
#2411=CARTESIAN_POINT('',(1.001500073339E2,-4.276155743346E1,
-2.407526216635E0));
#2412=LINE('',#2411,#2410);
#2413=DIRECTION('',(1.E0,-1.272613295876E-13,0.E0));
#2414=VECTOR('',#2413,1.675000736035E0);
#2415=CARTESIAN_POINT('',(9.847500659791E1,-4.276155743346E1,
-2.407526216635E0));
#2416=LINE('',#2415,#2414);
#2417=DIRECTION('',(-1.E0,1.145351966288E-13,-1.696817727834E-13));
#2418=VECTOR('',#2417,1.675000736035E0);
#2419=CARTESIAN_POINT('',(1.001500073339E2,-4.276155743346E1,
-9.075262166342E-1));
#2420=LINE('',#2419,#2418);
#2421=DIRECTION('',(1.136868375467E-13,-1.E0,0.E0));
#2422=VECTOR('',#2421,3.250000005E0);
#2423=CARTESIAN_POINT('',(9.847500659791E1,-3.951155742846E1,
-2.407526216635E0));
#2424=LINE('',#2423,#2422);
#2425=DIRECTION('',(-1.355496909211E-13,1.E0,0.E0));
#2426=VECTOR('',#2425,3.250000005E0);
#2427=CARTESIAN_POINT('',(9.847500659791E1,-4.276155743346E1,
-9.075262166345E-1));
#2428=LINE('',#2427,#2426);
#2429=DIRECTION('',(1.894780628694E-14,-1.421085471520E-14,1.E0));
#2430=VECTOR('',#2429,1.5E0);
#2431=CARTESIAN_POINT('',(9.847500659791E1,-4.276155743346E1,
-2.407526216635E0));
#2432=LINE('',#2431,#2430);
#2433=DIRECTION('',(1.E0,2.136970870763E-14,0.E0));
#2434=VECTOR('',#2433,6.649999262800E0);
#2435=CARTESIAN_POINT('',(9.182500733511E1,-3.951155742846E1,
-2.407526216635E0));
#2436=LINE('',#2435,#2434);
#2437=DIRECTION('',(-1.E0,-2.564365044916E-14,0.E0));
#2438=VECTOR('',#2437,6.649999262800E0);
#2439=CARTESIAN_POINT('',(9.847500659791E1,-3.951155742846E1,
-9.075262166345E-1));
#2440=LINE('',#2439,#2438);
#2441=DIRECTION('',(0.E0,0.E0,1.E0));
#2442=VECTOR('',#2441,1.5E0);
#2443=CARTESIAN_POINT('',(9.847500659791E1,-3.951155742846E1,
-2.407526216635E0));
#2444=LINE('',#2443,#2442);
#2445=DIRECTION('',(-1.224319788965E-13,1.E0,0.E0));
#2446=VECTOR('',#2445,3.250000005E0);
#2447=CARTESIAN_POINT('',(9.182500733511E1,-4.276155743346E1,
-2.407526216635E0));
#2448=LINE('',#2447,#2446);
#2449=DIRECTION('',(1.355496909211E-13,-1.E0,0.E0));
#2450=VECTOR('',#2449,3.250000005E0);
#2451=CARTESIAN_POINT('',(9.182500733511E1,-3.951155742846E1,
-9.075262166345E-1));
#2452=LINE('',#2451,#2450);
#2453=DIRECTION('',(-2.842170943040E-14,0.E0,1.E0));
#2454=VECTOR('',#2453,1.5E0);
#2455=CARTESIAN_POINT('',(9.182500733511E1,-3.951155742846E1,
-2.407526216635E0));
#2456=LINE('',#2455,#2454);
#2457=DIRECTION('',(1.E0,1.105288692699E-13,0.E0));
#2458=VECTOR('',#2457,9.000000060028E-1);
#2459=CARTESIAN_POINT('',(9.092500732911E1,-4.276155743346E1,
-2.407526216635E0));
#2460=LINE('',#2459,#2458);
#2461=DIRECTION('',(-1.E0,-1.263187077371E-13,0.E0));
#2462=VECTOR('',#2461,9.000000060028E-1);
#2463=CARTESIAN_POINT('',(9.182500733511E1,-4.276155743346E1,
-9.075262166345E-1));
#2464=LINE('',#2463,#2462);
#2465=DIRECTION('',(2.842170943040E-14,0.E0,1.E0));
#2466=VECTOR('',#2465,1.5E0);
#2467=CARTESIAN_POINT('',(9.182500733511E1,-4.276155743346E1,
-2.407526216635E0));
#2468=LINE('',#2467,#2466);
#2469=DIRECTION('',(-1.160069771628E-13,1.E0,0.E0));
#2470=VECTOR('',#2469,2.450000002199E0);
#2471=CARTESIAN_POINT('',(9.092500732911E1,-4.521155743566E1,
-2.407526216635E0));
#2472=LINE('',#2471,#2470);
#2473=DIRECTION('',(1.392083725954E-13,-1.E0,0.E0));
#2474=VECTOR('',#2473,2.450000002199E0);
#2475=CARTESIAN_POINT('',(9.092500732911E1,-4.276155743346E1,
-9.075262166345E-1));
#2476=LINE('',#2475,#2474);
#2477=DIRECTION('',(0.E0,0.E0,1.E0));
#2478=VECTOR('',#2477,1.5E0);
#2479=CARTESIAN_POINT('',(9.092500732911E1,-4.276155743346E1,
-2.407526216635E0));
#2480=LINE('',#2479,#2478);
#2481=DIRECTION('',(-1.E0,-1.026339500365E-13,0.E0));
#2482=VECTOR('',#2481,9.000000060020E-1);
#2483=CARTESIAN_POINT('',(9.182500733511E1,-4.521155743566E1,
-2.407526216635E0));
#2484=LINE('',#2483,#2482);
#2485=DIRECTION('',(1.E0,1.263187077372E-13,0.E0));
#2486=VECTOR('',#2485,9.000000060019E-1);
#2487=CARTESIAN_POINT('',(9.092500732911E1,-4.521155743566E1,
-9.075262166345E-1));
#2488=LINE('',#2487,#2486);
#2489=DIRECTION('',(0.E0,0.E0,1.E0));
#2490=VECTOR('',#2489,1.5E0);
#2491=CARTESIAN_POINT('',(9.092500732911E1,-4.521155743566E1,
-2.407526216635E0));
#2492=LINE('',#2491,#2490);
#2493=DIRECTION('',(-4.372570685232E-14,1.E0,0.E0));
#2494=VECTOR('',#2493,6.499999994601E0);
#2495=CARTESIAN_POINT('',(9.182500733511E1,-5.171155743026E1,
-2.407526216635E0));
#2496=LINE('',#2495,#2494);
#2497=DIRECTION('',(5.028456288017E-14,-1.E0,0.E0));
#2498=VECTOR('',#2497,6.499999994601E0);
#2499=CARTESIAN_POINT('',(9.182500733511E1,-4.521155743566E1,
-9.075262166345E-1));
#2500=LINE('',#2499,#2498);
#2501=DIRECTION('',(-3.789561257387E-14,0.E0,1.E0));
#2502=VECTOR('',#2501,1.5E0);
#2503=CARTESIAN_POINT('',(9.182500733511E1,-4.521155743566E1,
-2.407526216635E0));
#2504=LINE('',#2503,#2502);
#2505=DIRECTION('',(-1.E0,-1.359004429700E-8,0.E0));
#2506=VECTOR('',#2505,1.771541961193E0);
#2507=CARTESIAN_POINT('',(9.359654929630E1,-5.171155740618E1,
-2.407526216635E0));
#2508=LINE('',#2507,#2506);
#2509=DIRECTION('',(1.E0,1.359004429700E-8,0.E0));
#2510=VECTOR('',#2509,1.771541961193E0);
#2511=CARTESIAN_POINT('',(9.182500733511E1,-5.171155743026E1,
-9.075262166345E-1));
#2512=LINE('',#2511,#2510);
#2513=DIRECTION('',(0.E0,0.E0,1.E0));
#2514=VECTOR('',#2513,1.5E0);
#2515=CARTESIAN_POINT('',(9.182500733511E1,-5.171155743026E1,
-2.407526216635E0));
#2516=LINE('',#2515,#2514);
#2517=DIRECTION('',(0.E0,1.E0,0.E0));
#2518=VECTOR('',#2517,1.500317057215E0);
#2519=CARTESIAN_POINT('',(9.359654929630E1,-5.321187446340E1,
-2.407526216635E0));
#2520=LINE('',#2519,#2518);
#2521=DIRECTION('',(0.E0,-1.E0,0.E0));
#2522=VECTOR('',#2521,1.500317057215E0);
#2523=CARTESIAN_POINT('',(9.359654929630E1,-5.171155740618E1,
-9.075262166345E-1));
#2524=LINE('',#2523,#2522);
#2525=DIRECTION('',(0.E0,0.E0,1.E0));
#2526=VECTOR('',#2525,1.5E0);
#2527=CARTESIAN_POINT('',(9.359654929630E1,-5.171155740618E1,
-2.407526216635E0));
#2528=LINE('',#2527,#2526);
#2529=DIRECTION('',(-1.E0,0.E0,0.E0));
#2530=VECTOR('',#2529,3.105956494885E0);
#2531=CARTESIAN_POINT('',(9.670250579119E1,-5.321187446340E1,
-2.407526216635E0));
#2532=LINE('',#2531,#2530);
#2533=DIRECTION('',(1.E0,0.E0,0.E0));
#2534=VECTOR('',#2533,3.105956494885E0);
#2535=CARTESIAN_POINT('',(9.359654929630E1,-5.321187446340E1,
-9.075262166345E-1));
#2536=LINE('',#2535,#2534);
#2537=DIRECTION('',(0.E0,0.E0,1.E0));
#2538=VECTOR('',#2537,1.5E0);
#2539=CARTESIAN_POINT('',(9.359654929630E1,-5.321187446340E1,
-2.407526216635E0));
#2540=LINE('',#2539,#2538);
#2541=DIRECTION('',(0.E0,-1.E0,0.E0));
#2542=VECTOR('',#2541,1.500317057215E0);
#2543=CARTESIAN_POINT('',(9.670250579119E1,-5.171155740618E1,
-2.407526216635E0));
#2544=LINE('',#2543,#2542);
#2545=DIRECTION('',(0.E0,1.E0,0.E0));
#2546=VECTOR('',#2545,1.500317057215E0);
#2547=CARTESIAN_POINT('',(9.670250579119E1,-5.321187446340E1,
-9.075262166345E-1));
#2548=LINE('',#2547,#2546);
#2549=DIRECTION('',(0.E0,0.E0,1.E0));
#2550=VECTOR('',#2549,1.5E0);
#2551=CARTESIAN_POINT('',(9.670250579119E1,-5.321187446340E1,
-2.407526216635E0));
#2552=LINE('',#2551,#2550);
#2553=DIRECTION('',(-1.E0,1.358268773236E-8,0.E0));
#2554=VECTOR('',#2553,1.772501451922E0);
#2555=CARTESIAN_POINT('',(9.847500724311E1,-5.171155743026E1,
-2.407526216635E0));
#2556=LINE('',#2555,#2554);
#2557=DIRECTION('',(1.E0,-1.358268773236E-8,0.E0));
#2558=VECTOR('',#2557,1.772501451922E0);
#2559=CARTESIAN_POINT('',(9.670250579119E1,-5.171155740618E1,
-9.075262166345E-1));
#2560=LINE('',#2559,#2558);
#2561=DIRECTION('',(0.E0,0.E0,1.E0));
#2562=VECTOR('',#2561,1.5E0);
#2563=CARTESIAN_POINT('',(9.670250579119E1,-5.171155740618E1,
-2.407526216635E0));
#2564=LINE('',#2563,#2562);
#2565=DIRECTION('',(0.E0,-1.E0,0.E0));
#2566=VECTOR('',#2565,7.400385350999E-1);
#2567=CARTESIAN_POINT('',(9.847500724311E1,-5.097151889516E1,
-2.407526216635E0));
#2568=LINE('',#2567,#2566);
#2569=DIRECTION('',(0.E0,1.E0,0.E0));
#2570=VECTOR('',#2569,7.400385350999E-1);
#2571=CARTESIAN_POINT('',(9.847500724311E1,-5.171155743026E1,
-9.075262166345E-1));
#2572=LINE('',#2571,#2570);
#2573=DIRECTION('',(0.E0,0.E0,1.E0));
#2574=VECTOR('',#2573,1.5E0);
#2575=CARTESIAN_POINT('',(9.847500724311E1,-5.171155743026E1,
-2.407526216635E0));
#2576=LINE('',#2575,#2574);
#2577=DIRECTION('',(-1.E0,0.E0,0.E0));
#2578=VECTOR('',#2577,1.675000090836E0);
#2579=CARTESIAN_POINT('',(1.001500073339E2,-5.097151889516E1,
-2.407526216635E0));
#2580=LINE('',#2579,#2578);
#2581=DIRECTION('',(1.E0,0.E0,1.696818381438E-13));
#2582=VECTOR('',#2581,1.675000090836E0);
#2583=CARTESIAN_POINT('',(9.847500724311E1,-5.097151889516E1,
-9.075262166345E-1));
#2584=LINE('',#2583,#2582);
#2585=DIRECTION('',(0.E0,0.E0,1.E0));
#2586=VECTOR('',#2585,1.5E0);
#2587=CARTESIAN_POINT('',(9.847500724311E1,-5.097151889516E1,
-2.407526216635E0));
#2588=LINE('',#2587,#2586);
#2589=DIRECTION('',(0.E0,0.E0,1.E0));
#2590=VECTOR('',#2589,1.5E0);
#2591=CARTESIAN_POINT('',(1.001500073339E2,-5.097151889516E1,
-2.407526216635E0));
#2592=LINE('',#2591,#2590);
#2593=DIRECTION('',(0.E0,1.E0,0.E0));
#2594=VECTOR('',#2593,9.750000026084E-1);
#2595=CARTESIAN_POINT('',(1.001500073339E2,-5.194651889777E1,
-2.407526216635E0));
#2596=LINE('',#2595,#2594);
#2597=DIRECTION('',(0.E0,-1.E0,2.913908422990E-13));
#2598=VECTOR('',#2597,9.750000026084E-1);
#2599=CARTESIAN_POINT('',(1.001500073339E2,-5.097151889516E1,
-9.075262166342E-1));
#2600=LINE('',#2599,#2598);
#2601=DIRECTION('',(-1.E0,0.E0,0.E0));
#2602=VECTOR('',#2601,1.4E1);
#2603=CARTESIAN_POINT('',(1.141500073339E2,-5.194651889777E1,
-2.407526216635E0));
#2604=LINE('',#2603,#2602);
#2605=DIRECTION('',(1.E0,0.E0,0.E0));
#2606=VECTOR('',#2605,1.4E1);
#2607=CARTESIAN_POINT('',(1.001500073339E2,-5.194651889777E1,
-9.075262166339E-1));
#2608=LINE('',#2607,#2606);
#2609=DIRECTION('',(0.E0,0.E0,1.E0));
#2610=VECTOR('',#2609,1.500000000001E0);
#2611=CARTESIAN_POINT('',(1.001500073339E2,-5.194651889777E1,
-2.407526216635E0));
#2612=LINE('',#2611,#2610);
#2613=DIRECTION('',(0.E0,0.E0,-1.E0));
#2614=VECTOR('',#2613,1.5E0);
#2615=CARTESIAN_POINT('',(1.141500073339E2,-5.097151889516E1,
-9.075262166342E-1));
#2616=LINE('',#2615,#2614);
#2617=DIRECTION('',(1.457523556634E-14,1.E0,-2.913908422990E-13));
#2618=VECTOR('',#2617,9.750000026084E-1);
#2619=CARTESIAN_POINT('',(1.141500073339E2,-5.194651889777E1,
-9.075262166339E-1));
#2620=LINE('',#2619,#2618);
#2621=DIRECTION('',(0.E0,0.E0,1.E0));
#2622=VECTOR('',#2621,1.500000000001E0);
#2623=CARTESIAN_POINT('',(1.141500073339E2,-5.194651889777E1,
-2.407526216635E0));
#2624=LINE('',#2623,#2622);
#2625=DIRECTION('',(0.E0,-1.E0,0.E0));
#2626=VECTOR('',#2625,9.750000026084E-1);
#2627=CARTESIAN_POINT('',(1.141500073339E2,-5.097151889516E1,
-2.407526216635E0));
#2628=LINE('',#2627,#2626);
#2629=DIRECTION('',(-1.E0,0.E0,0.E0));
#2630=VECTOR('',#2629,1.674999908064E0);
#2631=CARTESIAN_POINT('',(1.158250072420E2,-5.097151889516E1,
-2.407526216635E0));
#2632=LINE('',#2631,#2630);
#2633=DIRECTION('',(1.E0,0.E0,-1.694830107333E-13));
#2634=VECTOR('',#2633,1.674999908064E0);
#2635=CARTESIAN_POINT('',(1.141500073339E2,-5.097151889516E1,
-9.075262166342E-1));
#2636=LINE('',#2635,#2634);
#2637=DIRECTION('',(0.E0,1.E0,0.E0));
#2638=VECTOR('',#2637,7.400385172992E-1);
#2639=CARTESIAN_POINT('',(1.158250072420E2,-5.171155741246E1,
-2.407526216635E0));
#2640=LINE('',#2639,#2638);
#2641=DIRECTION('',(-1.920285820671E-14,-1.E0,0.E0));
#2642=VECTOR('',#2641,7.400385172992E-1);
#2643=CARTESIAN_POINT('',(1.158250072420E2,-5.097151889516E1,
-9.075262166345E-1));
#2644=LINE('',#2643,#2642);
#2645=DIRECTION('',(0.E0,0.E0,1.E0));
#2646=VECTOR('',#2645,1.5E0);
#2647=CARTESIAN_POINT('',(1.158250072420E2,-5.097151889516E1,
-2.407526216635E0));
#2648=LINE('',#2647,#2646);
#2649=DIRECTION('',(-1.E0,-1.359435126958E-8,0.E0));
#2650=VECTOR('',#2649,1.771542052873E0);
#2651=CARTESIAN_POINT('',(1.175965492949E2,-5.171155738838E1,
-2.407526216635E0));
#2652=LINE('',#2651,#2650);
#2653=DIRECTION('',(1.E0,1.359435126958E-8,0.E0));
#2654=VECTOR('',#2653,1.771542052873E0);
#2655=CARTESIAN_POINT('',(1.158250072420E2,-5.171155741246E1,
-9.075262166345E-1));
#2656=LINE('',#2655,#2654);
#2657=DIRECTION('',(0.E0,0.E0,1.E0));
#2658=VECTOR('',#2657,1.5E0);
#2659=CARTESIAN_POINT('',(1.158250072420E2,-5.171155741246E1,
-2.407526216635E0));
#2660=LINE('',#2659,#2658);
#2661=DIRECTION('',(-1.E0,0.E0,0.E0));
#2662=VECTOR('',#2661,1.4E1);
#2663=CARTESIAN_POINT('',(-1.437499914106E1,-5.699651890219E1,
-9.075262166352E-1));
#2664=LINE('',#2663,#2662);
#2665=DIRECTION('',(0.E0,0.E0,1.E0));
#2666=VECTOR('',#2665,1.500000000001E0);
#2667=CARTESIAN_POINT('',(-1.437499914106E1,-5.699651890219E1,
-2.407526216636E0));
#2668=LINE('',#2667,#2666);
#2669=DIRECTION('',(4.983009674032E-14,-1.E0,-8.064022351948E-14));
#2670=VECTOR('',#2669,3.992606457291E0);
#2671=CARTESIAN_POINT('',(-2.837499914106E1,-5.699651890219E1,
-9.075262166352E-1));
#2672=LINE('',#2671,#2670);
#2673=DIRECTION('',(0.E0,0.E0,1.E0));
#2674=VECTOR('',#2673,1.500000000001E0);
#2675=CARTESIAN_POINT('',(-2.837499914106E1,-5.699651890219E1,
-2.407526216636E0));
#2676=LINE('',#2675,#2674);
#2677=DIRECTION('',(1.E0,0.E0,0.E0));
#2678=VECTOR('',#2677,3.977011971925E1);
#2679=CARTESIAN_POINT('',(-6.814511886031E1,-6.098912535948E1,
-2.407526216636E0));
#2680=LINE('',#2679,#2678);
#2681=DIRECTION('',(0.E0,0.E0,-1.E0));
#2682=VECTOR('',#2681,1.5E0);
#2683=CARTESIAN_POINT('',(-6.814511886031E1,-6.098912535948E1,
-9.075262166358E-1));
#2684=LINE('',#2683,#2682);
#2685=DIRECTION('',(-1.E0,0.E0,0.E0));
#2686=VECTOR('',#2685,3.977011971925E1);
#2687=CARTESIAN_POINT('',(-2.837499914106E1,-6.098912535948E1,
-9.075262166355E-1));
#2688=LINE('',#2687,#2686);
#2689=DIRECTION('',(0.E0,0.E0,1.E0));
#2690=VECTOR('',#2689,1.5E0);
#2691=CARTESIAN_POINT('',(-2.837499914106E1,-6.098912535948E1,
-2.407526216636E0));
#2692=LINE('',#2691,#2690);
#2693=DIRECTION('',(0.E0,-1.E0,0.E0));
#2694=VECTOR('',#2693,3.749999996799E0);
#2695=CARTESIAN_POINT('',(-6.814511886031E1,-5.723912536269E1,
-2.407526216636E0));
#2696=LINE('',#2695,#2694);
#2697=DIRECTION('',(0.E0,0.E0,-1.E0));
#2698=VECTOR('',#2697,1.5E0);
#2699=CARTESIAN_POINT('',(-6.814511886031E1,-5.723912536269E1,
-9.075262166358E-1));
#2700=LINE('',#2699,#2698);
#2701=DIRECTION('',(0.E0,1.E0,0.E0));
#2702=VECTOR('',#2701,3.749999996799E0);
#2703=CARTESIAN_POINT('',(-6.814511886031E1,-6.098912535948E1,
-9.075262166358E-1));
#2704=LINE('',#2703,#2702);
#2705=DIRECTION('',(1.E0,1.358257148011E-8,0.E0));
#2706=VECTOR('',#2705,1.772501451914E0);
#2707=CARTESIAN_POINT('',(-6.991762031223E1,-5.723912538676E1,
-2.407526216636E0));
#2708=LINE('',#2707,#2706);
#2709=DIRECTION('',(-1.E0,-1.358257148011E-8,0.E0));
#2710=VECTOR('',#2709,1.772501451914E0);
#2711=CARTESIAN_POINT('',(-6.814511886031E1,-5.723912536269E1,
-9.075262166358E-1));
#2712=LINE('',#2711,#2710);
#2713=DIRECTION('',(0.E0,-1.E0,0.E0));
#2714=VECTOR('',#2713,1.501987202403E0);
#2715=CARTESIAN_POINT('',(-6.991762031223E1,-5.573713818436E1,
-2.407526216636E0));
#2716=LINE('',#2715,#2714);
#2717=DIRECTION('',(0.E0,0.E0,-1.E0));
#2718=VECTOR('',#2717,1.5E0);
#2719=CARTESIAN_POINT('',(-6.991762031223E1,-5.573713818436E1,
-9.075262166358E-1));
#2720=LINE('',#2719,#2718);
#2721=DIRECTION('',(0.E0,1.E0,0.E0));
#2722=VECTOR('',#2721,1.501987202403E0);
#2723=CARTESIAN_POINT('',(-6.991762031223E1,-5.723912538676E1,
-9.075262166358E-1));
#2724=LINE('',#2723,#2722);
#2725=DIRECTION('',(0.E0,0.E0,1.E0));
#2726=VECTOR('',#2725,1.5E0);
#2727=CARTESIAN_POINT('',(-6.991762031223E1,-5.723912538676E1,
-2.407526216636E0));
#2728=LINE('',#2727,#2726);
#2729=DIRECTION('',(0.E0,0.E0,-1.E0));
#2730=VECTOR('',#2729,1.5E0);
#2731=CARTESIAN_POINT('',(-7.302357680710E1,-5.573713818436E1,
-9.075262166358E-1));
#2732=LINE('',#2731,#2730);
#2733=DIRECTION('',(0.E0,1.E0,0.E0));
#2734=VECTOR('',#2733,1.501987202403E0);
#2735=CARTESIAN_POINT('',(-7.302357680710E1,-5.723912538676E1,
-2.407526216636E0));
#2736=LINE('',#2735,#2734);
#2737=DIRECTION('',(0.E0,-1.E0,0.E0));
#2738=VECTOR('',#2737,1.501987202403E0);
#2739=CARTESIAN_POINT('',(-7.302357680710E1,-5.573713818436E1,
-9.075262166358E-1));
#2740=LINE('',#2739,#2738);
#2741=DIRECTION('',(1.E0,-1.358992798158E-8,0.E0));
#2742=VECTOR('',#2741,1.771541961212E0);
#2743=CARTESIAN_POINT('',(-7.479511876831E1,-5.723912536269E1,
-2.407526216636E0));
#2744=LINE('',#2743,#2742);
#2745=DIRECTION('',(0.E0,0.E0,-1.E0));
#2746=VECTOR('',#2745,1.5E0);
#2747=CARTESIAN_POINT('',(-7.479511876831E1,-5.723912536269E1,
-9.075262166358E-1));
#2748=LINE('',#2747,#2746);
#2749=DIRECTION('',(-1.E0,1.358992397071E-8,0.E0));
#2750=VECTOR('',#2749,1.771541961212E0);
#2751=CARTESIAN_POINT('',(-7.302357680710E1,-5.723912538676E1,
-9.075262166358E-1));
#2752=LINE('',#2751,#2750);
#2753=DIRECTION('',(0.E0,0.E0,1.E0));
#2754=VECTOR('',#2753,1.5E0);
#2755=CARTESIAN_POINT('',(-7.302357680710E1,-5.723912538676E1,
-2.407526216636E0));
#2756=LINE('',#2755,#2754);
#2757=DIRECTION('',(-2.404913876879E-14,1.E0,0.E0));
#2758=VECTOR('',#2757,6.499999994599E0);
#2759=CARTESIAN_POINT('',(-7.479511876831E1,-6.373912535728E1,
-2.407526216636E0));
#2760=LINE('',#2759,#2758);
#2761=DIRECTION('',(-2.842170943040E-14,0.E0,-1.E0));
#2762=VECTOR('',#2761,1.5E0);
#2763=CARTESIAN_POINT('',(-7.479511876831E1,-6.373912535728E1,
-9.075262166358E-1));
#2764=LINE('',#2763,#2762);
#2765=DIRECTION('',(2.842170945402E-14,-1.E0,0.E0));
#2766=VECTOR('',#2765,6.499999994599E0);
#2767=CARTESIAN_POINT('',(-7.479511876831E1,-5.723912536269E1,
-9.075262166358E-1));
#2768=LINE('',#2767,#2766);
#2769=DIRECTION('',(1.E0,4.736951540470E-14,0.E0));
#2770=VECTOR('',#2769,9.000000059400E-1);
#2771=CARTESIAN_POINT('',(-7.569511877425E1,-6.373912535728E1,
-2.407526216636E0));
#2772=LINE('',#2771,#2770);
#2773=DIRECTION('',(-1.E0,-7.105427310704E-14,0.E0));
#2774=VECTOR('',#2773,9.000000059401E-1);
#2775=CARTESIAN_POINT('',(-7.479511876831E1,-6.373912535728E1,
-9.075262166358E-1));
#2776=LINE('',#2775,#2774);
#2777=DIRECTION('',(0.E0,0.E0,1.E0));
#2778=VECTOR('',#2777,1.5E0);
#2779=CARTESIAN_POINT('',(-7.569511877425E1,-6.373912535728E1,
-2.407526216636E0));
#2780=LINE('',#2779,#2778);
#2781=DIRECTION('',(-1.E0,-4.736951540472E-14,0.E0));
#2782=VECTOR('',#2781,9.000000059396E-1);
#2783=CARTESIAN_POINT('',(-7.479511876831E1,-6.618912535949E1,
-2.407526216636E0));
#2784=LINE('',#2783,#2782);
#2785=DIRECTION('',(1.894780628694E-14,0.E0,-1.E0));
#2786=VECTOR('',#2785,1.5E0);
#2787=CARTESIAN_POINT('',(-7.479511876831E1,-6.618912535949E1,
-9.075262166358E-1));
#2788=LINE('',#2787,#2786);
#2789=DIRECTION('',(1.E0,7.894919234120E-14,0.E0));
#2790=VECTOR('',#2789,9.000000059396E-1);
#2791=CARTESIAN_POINT('',(-7.569511877425E1,-6.618912535949E1,
-9.075262166358E-1));
#2792=LINE('',#2791,#2790);
#2793=DIRECTION('',(0.E0,0.E0,1.E0));
#2794=VECTOR('',#2793,1.5E0);
#2795=CARTESIAN_POINT('',(-7.569511877425E1,-6.618912535949E1,
-2.407526216636E0));
#2796=LINE('',#2795,#2794);
#2797=DIRECTION('',(-6.121598944824E-14,1.E0,0.E0));
#2798=VECTOR('',#2797,3.250000004999E0);
#2799=CARTESIAN_POINT('',(-7.479511876831E1,-6.943912536449E1,
-2.407526216636E0));
#2800=LINE('',#2799,#2798);
#2801=DIRECTION('',(7.870627214774E-14,-1.E0,0.E0));
#2802=VECTOR('',#2801,3.250000005E0);
#2803=CARTESIAN_POINT('',(-7.479511876831E1,-6.618912535949E1,
-9.075262166358E-1));
#2804=LINE('',#2803,#2802);
#2805=DIRECTION('',(1.894780628694E-14,-1.894780628694E-14,1.E0));
#2806=VECTOR('',#2805,1.5E0);
#2807=CARTESIAN_POINT('',(-7.479511876831E1,-6.943912536449E1,
-2.407526216636E0));
#2808=LINE('',#2807,#2806);
#2809=DIRECTION('',(6.121598944826E-14,-1.E0,0.E0));
#2810=VECTOR('',#2809,3.250000004998E0);
#2811=CARTESIAN_POINT('',(-6.814511950547E1,-6.618912535949E1,
-2.407526216636E0));
#2812=LINE('',#2811,#2810);
#2813=DIRECTION('',(0.E0,2.368475785867E-13,-1.E0));
#2814=VECTOR('',#2813,1.5E0);
#2815=CARTESIAN_POINT('',(-6.814511950547E1,-6.618912535949E1,
-9.075262166358E-1));
#2816=LINE('',#2815,#2814);
#2817=DIRECTION('',(-7.870627214778E-14,1.E0,0.E0));
#2818=VECTOR('',#2817,3.250000004998E0);
#2819=CARTESIAN_POINT('',(-6.814511950547E1,-6.943912536449E1,
-9.075262166358E-1));
#2820=LINE('',#2819,#2818);
#2821=DIRECTION('',(0.E0,0.E0,1.E0));
#2822=VECTOR('',#2821,1.5E0);
#2823=CARTESIAN_POINT('',(-6.814511950547E1,-6.943912536449E1,
-2.407526216636E0));
#2824=LINE('',#2823,#2822);
#2825=DIRECTION('',(-1.E0,-3.072994233633E-14,0.E0));
#2826=VECTOR('',#2825,3.977012036441E1);
#2827=CARTESIAN_POINT('',(-2.837499914106E1,-6.618912535949E1,
-2.407526216636E0));
#2828=LINE('',#2827,#2826);
#2829=DIRECTION('',(0.E0,0.E0,-1.E0));
#2830=VECTOR('',#2829,1.5E0);
#2831=CARTESIAN_POINT('',(-2.837499914106E1,-6.618912535949E1,
-9.075262166355E-1));
#2832=LINE('',#2831,#2830);
#2833=DIRECTION('',(1.E0,3.930574019763E-14,0.E0));
#2834=VECTOR('',#2833,3.977012036441E1);
#2835=CARTESIAN_POINT('',(-6.814511950547E1,-6.618912535949E1,
-9.075262166358E-1));
#2836=LINE('',#2835,#2834);
#2837=DIRECTION('',(-4.138458069748E-14,-1.E0,6.699590881886E-14));
#2838=VECTOR('',#2837,4.807393542710E0);
#2839=CARTESIAN_POINT('',(-2.837499914106E1,-6.618912535949E1,
-9.075262166355E-1));
#2840=LINE('',#2839,#2838);
#2841=DIRECTION('',(4.138458069748E-14,1.E0,0.E0));
#2842=VECTOR('',#2841,4.807393542710E0);
#2843=CARTESIAN_POINT('',(-2.837499914106E1,-7.099651890220E1,
-2.407526216636E0));
#2844=LINE('',#2843,#2842);
#2845=DIRECTION('',(1.E0,0.E0,0.E0));
#2846=VECTOR('',#2845,1.4E1);
#2847=CARTESIAN_POINT('',(-2.837499914106E1,-7.099651890220E1,
-9.075262166352E-1));
#2848=LINE('',#2847,#2846);
#2849=DIRECTION('',(0.E0,0.E0,1.E0));
#2850=VECTOR('',#2849,1.500000000001E0);
#2851=CARTESIAN_POINT('',(-2.837499914106E1,-7.099651890220E1,
-2.407526216636E0));
#2852=LINE('',#2851,#2850);
#2853=DIRECTION('',(-1.E0,0.E0,0.E0));
#2854=VECTOR('',#2853,1.4E1);
#2855=CARTESIAN_POINT('',(-1.437499914106E1,-7.099651890220E1,
-2.407526216636E0));
#2856=LINE('',#2855,#2854);
#2857=DIRECTION('',(-4.138458069748E-14,-1.E0,0.E0));
#2858=VECTOR('',#2857,4.807393542710E0);
#2859=CARTESIAN_POINT('',(-1.437499914106E1,-6.618912535949E1,
-2.407526216636E0));
#2860=LINE('',#2859,#2858);
#2861=DIRECTION('',(4.138458069748E-14,1.E0,-6.704209696696E-14));
#2862=VECTOR('',#2861,4.807393542710E0);
#2863=CARTESIAN_POINT('',(-1.437499914106E1,-7.099651890220E1,
-9.075262166352E-1));
#2864=LINE('',#2863,#2862);
#2865=DIRECTION('',(0.E0,0.E0,1.E0));
#2866=VECTOR('',#2865,1.500000000001E0);
#2867=CARTESIAN_POINT('',(-1.437499914106E1,-7.099651890220E1,
-2.407526216636E0));
#2868=LINE('',#2867,#2866);
#2869=DIRECTION('',(-1.E0,-3.008355329862E-14,0.E0));
#2870=VECTOR('',#2869,3.967988037277E1);
#2871=CARTESIAN_POINT('',(2.530488123171E1,-6.618912535948E1,
-2.407526216636E0));
#2872=LINE('',#2871,#2870);
#2873=DIRECTION('',(1.894780628694E-14,-2.368475785867E-13,-1.E0));
#2874=VECTOR('',#2873,1.5E0);
#2875=CARTESIAN_POINT('',(2.530488123171E1,-6.618912535948E1,
-9.075262166358E-1));
#2876=LINE('',#2875,#2874);
#2877=DIRECTION('',(1.E0,3.903699178035E-14,0.E0));
#2878=VECTOR('',#2877,3.967988037277E1);
#2879=CARTESIAN_POINT('',(-1.437499914106E1,-6.618912535949E1,
-9.075262166355E-1));
#2880=LINE('',#2879,#2878);
#2881=DIRECTION('',(0.E0,0.E0,1.E0));
#2882=VECTOR('',#2881,1.5E0);
#2883=CARTESIAN_POINT('',(-1.437499914106E1,-6.618912535949E1,
-2.407526216636E0));
#2884=LINE('',#2883,#2882);
#2885=DIRECTION('',(-6.230913211694E-14,1.E0,0.E0));
#2886=VECTOR('',#2885,3.250000005001E0);
#2887=CARTESIAN_POINT('',(2.530488123171E1,-6.943912536449E1,
-2.407526216636E0));
#2888=LINE('',#2887,#2886);
#2889=DIRECTION('',(7.979941481642E-14,-1.E0,0.E0));
#2890=VECTOR('',#2889,3.250000005001E0);
#2891=CARTESIAN_POINT('',(2.530488123171E1,-6.618912535948E1,
-9.075262166358E-1));
#2892=LINE('',#2891,#2890);
#2893=DIRECTION('',(2.131628207280E-14,-1.894780628694E-14,1.E0));
#2894=VECTOR('',#2893,1.5E0);
#2895=CARTESIAN_POINT('',(2.530488123171E1,-6.943912536449E1,
-2.407526216636E0));
#2896=LINE('',#2895,#2894);
#2897=DIRECTION('',(5.902970411080E-14,-1.E0,0.E0));
#2898=VECTOR('',#2897,3.250000004999E0);
#2899=CARTESIAN_POINT('',(3.195488049451E1,-6.618912535949E1,
-2.407526216636E0));
#2900=LINE('',#2899,#2898);
#2901=DIRECTION('',(1.657933050107E-14,0.E0,-1.E0));
#2902=VECTOR('',#2901,1.5E0);
#2903=CARTESIAN_POINT('',(3.195488049451E1,-6.618912535949E1,
-9.075262166358E-1));
#2904=LINE('',#2903,#2902);
#2905=DIRECTION('',(-7.870627214774E-14,1.E0,0.E0));
#2906=VECTOR('',#2905,3.250000004999E0);
#2907=CARTESIAN_POINT('',(3.195488049451E1,-6.943912536449E1,
-9.075262166358E-1));
#2908=LINE('',#2907,#2906);
#2909=DIRECTION('',(2.131628207280E-14,0.E0,1.E0));
#2910=VECTOR('',#2909,1.5E0);
#2911=CARTESIAN_POINT('',(3.195488049451E1,-6.943912536449E1,
-2.407526216636E0));
#2912=LINE('',#2911,#2910);
#2913=DIRECTION('',(-1.E0,-4.736951540152E-14,0.E0));
#2914=VECTOR('',#2913,9.000000060004E-1);
#2915=CARTESIAN_POINT('',(3.285488050051E1,-6.618912535949E1,
-2.407526216636E0));
#2916=LINE('',#2915,#2914);
#2917=DIRECTION('',(1.E0,6.315935386869E-14,0.E0));
#2918=VECTOR('',#2917,9.000000060004E-1);
#2919=CARTESIAN_POINT('',(3.195488049451E1,-6.618912535949E1,
-9.075262166358E-1));
#2920=LINE('',#2919,#2918);
#2921=DIRECTION('',(1.421085471520E-14,0.E0,1.E0));
#2922=VECTOR('',#2921,1.5E0);
#2923=CARTESIAN_POINT('',(3.285488050051E1,-6.618912535949E1,
-2.407526216636E0));
#2924=LINE('',#2923,#2922);
#2925=DIRECTION('',(1.E0,5.526443463514E-14,0.E0));
#2926=VECTOR('',#2925,9.00000006E-1);
#2927=CARTESIAN_POINT('',(3.195488049451E1,-6.373912535728E1,
-2.407526216636E0));
#2928=LINE('',#2927,#2926);
#2929=DIRECTION('',(-3.315866100214E-14,0.E0,-1.E0));
#2930=VECTOR('',#2929,1.5E0);
#2931=CARTESIAN_POINT('',(3.195488049451E1,-6.373912535728E1,
-9.075262166358E-1));
#2932=LINE('',#2931,#2930);
#2933=DIRECTION('',(-1.E0,-6.315935386873E-14,0.E0));
#2934=VECTOR('',#2933,9.000000059999E-1);
#2935=CARTESIAN_POINT('',(3.285488050051E1,-6.373912535728E1,
-9.075262166358E-1));
#2936=LINE('',#2935,#2934);
#2937=DIRECTION('',(-1.421085471520E-14,0.E0,1.E0));
#2938=VECTOR('',#2937,1.5E0);
#2939=CARTESIAN_POINT('',(3.285488050051E1,-6.373912535728E1,
-2.407526216636E0));
#2940=LINE('',#2939,#2938);
#2941=DIRECTION('',(0.E0,0.E0,-1.E0));
#2942=VECTOR('',#2941,1.5E0);
#2943=CARTESIAN_POINT('',(3.195488049451E1,-5.723912536269E1,
-9.075262166358E-1));
#2944=LINE('',#2943,#2942);
#2945=DIRECTION('',(-3.224770880360E-14,1.E0,0.E0));
#2946=VECTOR('',#2945,6.499999994599E0);
#2947=CARTESIAN_POINT('',(3.195488049451E1,-6.373912535728E1,
-9.075262166358E-1));
#2948=LINE('',#2947,#2946);
#2949=DIRECTION('',(1.E0,1.359506991912E-8,0.E0));
#2950=VECTOR('',#2949,1.771541961194E0);
#2951=CARTESIAN_POINT('',(3.018333853331E1,-5.723912538677E1,
-2.407526216636E0));
#2952=LINE('',#2951,#2950);
#2953=DIRECTION('',(-1.E0,-1.359506991912E-8,0.E0));
#2954=VECTOR('',#2953,1.771541961194E0);
#2955=CARTESIAN_POINT('',(3.195488049451E1,-5.723912536269E1,
-9.075262166358E-1));
#2956=LINE('',#2955,#2954);
#2957=DIRECTION('',(0.E0,-1.E0,0.E0));
#2958=VECTOR('',#2957,1.501987202412E0);
#2959=CARTESIAN_POINT('',(3.018333853331E1,-5.573713818436E1,
-2.407526216636E0));
#2960=LINE('',#2959,#2958);
#2961=DIRECTION('',(0.E0,0.E0,-1.E0));
#2962=VECTOR('',#2961,1.5E0);
#2963=CARTESIAN_POINT('',(3.018333853331E1,-5.573713818436E1,
-9.075262166358E-1));
#2964=LINE('',#2963,#2962);
#2965=DIRECTION('',(0.E0,1.E0,0.E0));
#2966=VECTOR('',#2965,1.501987202412E0);
#2967=CARTESIAN_POINT('',(3.018333853331E1,-5.723912538677E1,
-9.075262166358E-1));
#2968=LINE('',#2967,#2966);
#2969=DIRECTION('',(0.E0,0.E0,1.E0));
#2970=VECTOR('',#2969,1.5E0);
#2971=CARTESIAN_POINT('',(3.018333853331E1,-5.723912538677E1,
-2.407526216636E0));
#2972=LINE('',#2971,#2970);
#2973=DIRECTION('',(0.E0,0.E0,-1.E0));
#2974=VECTOR('',#2973,1.5E0);
#2975=CARTESIAN_POINT('',(2.707738203843E1,-5.573713818436E1,
-9.075262166358E-1));
#2976=LINE('',#2975,#2974);
#2977=DIRECTION('',(0.E0,1.E0,0.E0));
#2978=VECTOR('',#2977,1.501987202412E0);
#2979=CARTESIAN_POINT('',(2.707738203843E1,-5.723912538677E1,
-2.407526216636E0));
#2980=LINE('',#2979,#2978);
#2981=DIRECTION('',(0.E0,-1.E0,0.E0));
#2982=VECTOR('',#2981,1.501987202412E0);
#2983=CARTESIAN_POINT('',(2.707738203843E1,-5.573713818436E1,
-9.075262166358E-1));
#2984=LINE('',#2983,#2982);
#2985=DIRECTION('',(1.E0,-1.358770261662E-8,0.E0));
#2986=VECTOR('',#2985,1.772501451921E0);
#2987=CARTESIAN_POINT('',(2.530488058651E1,-5.723912536269E1,
-2.407526216636E0));
#2988=LINE('',#2987,#2986);
#2989=DIRECTION('',(0.E0,0.E0,-1.E0));
#2990=VECTOR('',#2989,1.5E0);
#2991=CARTESIAN_POINT('',(2.530488058651E1,-5.723912536269E1,
-9.075262166358E-1));
#2992=LINE('',#2991,#2990);
#2993=DIRECTION('',(-1.E0,1.358770662532E-8,0.E0));
#2994=VECTOR('',#2993,1.772501451921E0);
#2995=CARTESIAN_POINT('',(2.707738203843E1,-5.723912538677E1,
-9.075262166358E-1));
#2996=LINE('',#2995,#2994);
#2997=DIRECTION('',(0.E0,0.E0,1.E0));
#2998=VECTOR('',#2997,1.5E0);
#2999=CARTESIAN_POINT('',(2.707738203843E1,-5.723912538677E1,
-2.407526216636E0));
#3000=LINE('',#2999,#2998);
#3001=DIRECTION('',(0.E0,1.E0,0.E0));
#3002=VECTOR('',#3001,3.749999996799E0);
#3003=CARTESIAN_POINT('',(2.530488058651E1,-6.098912535948E1,
-2.407526216636E0));
#3004=LINE('',#3003,#3002);
#3005=DIRECTION('',(0.E0,0.E0,-1.E0));
#3006=VECTOR('',#3005,1.5E0);
#3007=CARTESIAN_POINT('',(2.530488058651E1,-6.098912535948E1,
-9.075262166358E-1));
#3008=LINE('',#3007,#3006);
#3009=DIRECTION('',(0.E0,-1.E0,0.E0));
#3010=VECTOR('',#3009,3.749999996799E0);
#3011=CARTESIAN_POINT('',(2.530488058651E1,-5.723912536269E1,
-9.075262166358E-1));
#3012=LINE('',#3011,#3010);
#3013=DIRECTION('',(1.E0,0.E0,0.E0));
#3014=VECTOR('',#3013,3.967987972757E1);
#3015=CARTESIAN_POINT('',(-1.437499914106E1,-6.098912535948E1,
-2.407526216636E0));
#3016=LINE('',#3015,#3014);
#3017=DIRECTION('',(0.E0,0.E0,-1.E0));
#3018=VECTOR('',#3017,1.5E0);
#3019=CARTESIAN_POINT('',(-1.437499914106E1,-6.098912535948E1,
-9.075262166355E-1));
#3020=LINE('',#3019,#3018);
#3021=DIRECTION('',(-1.E0,0.E0,0.E0));
#3022=VECTOR('',#3021,3.967987972757E1);
#3023=CARTESIAN_POINT('',(2.530488058651E1,-6.098912535948E1,
-9.075262166358E-1));
#3024=LINE('',#3023,#3022);
#3025=DIRECTION('',(0.E0,1.E0,0.E0));
#3026=VECTOR('',#3025,1.4E1);
#3027=CARTESIAN_POINT('',(1.736500008082E2,5.203481101014E0,
-9.075262166354E-1));
#3028=LINE('',#3027,#3026);
#3029=DIRECTION('',(0.E0,0.E0,1.E0));
#3030=VECTOR('',#3029,1.5E0);
#3031=CARTESIAN_POINT('',(1.736500008082E2,5.203481101014E0,-2.407526216636E0));
#3032=LINE('',#3031,#3030);
#3033=DIRECTION('',(-1.E0,0.E0,0.E0));
#3034=VECTOR('',#3033,1.4E1);
#3035=CARTESIAN_POINT('',(1.736500008082E2,1.920348110102E1,
-9.075262166354E-1));
#3036=LINE('',#3035,#3034);
#3037=DIRECTION('',(0.E0,0.E0,1.E0));
#3038=VECTOR('',#3037,1.5E0);
#3039=CARTESIAN_POINT('',(1.736500008082E2,1.920348110102E1,-2.407526216636E0));
#3040=LINE('',#3039,#3038);
#3041=DIRECTION('',(0.E0,-1.E0,0.E0));
#3042=VECTOR('',#3041,1.4E1);
#3043=CARTESIAN_POINT('',(1.596500008082E2,1.920348110102E1,
-9.075262166354E-1));
#3044=LINE('',#3043,#3042);
#3045=DIRECTION('',(0.E0,0.E0,1.E0));
#3046=VECTOR('',#3045,1.5E0);
#3047=CARTESIAN_POINT('',(1.596500008082E2,1.920348110102E1,-2.407526216636E0));
#3048=LINE('',#3047,#3046);
#3049=DIRECTION('',(1.E0,0.E0,0.E0));
#3050=VECTOR('',#3049,1.4E1);
#3051=CARTESIAN_POINT('',(1.596500008082E2,5.203481101014E0,
-9.075262166354E-1));
#3052=LINE('',#3051,#3050);
#3053=DIRECTION('',(0.E0,0.E0,1.E0));
#3054=VECTOR('',#3053,1.5E0);
#3055=CARTESIAN_POINT('',(1.596500008082E2,5.203481101014E0,-2.407526216636E0));
#3056=LINE('',#3055,#3054);
#3057=DIRECTION('',(0.E0,1.E0,0.E0));
#3058=VECTOR('',#3057,1.4E1);
#3059=CARTESIAN_POINT('',(1.546000008352E2,5.203481101014E0,
-9.075262166354E-1));
#3060=LINE('',#3059,#3058);
#3061=DIRECTION('',(0.E0,0.E0,1.E0));
#3062=VECTOR('',#3061,1.5E0);
#3063=CARTESIAN_POINT('',(1.546000008352E2,5.203481101014E0,-2.407526216636E0));
#3064=LINE('',#3063,#3062);
#3065=DIRECTION('',(-1.E0,0.E0,0.E0));
#3066=VECTOR('',#3065,1.4E1);
#3067=CARTESIAN_POINT('',(1.546000008352E2,1.920348110102E1,
-9.075262166354E-1));
#3068=LINE('',#3067,#3066);
#3069=DIRECTION('',(0.E0,0.E0,1.E0));
#3070=VECTOR('',#3069,1.5E0);
#3071=CARTESIAN_POINT('',(1.546000008352E2,1.920348110102E1,-2.407526216636E0));
#3072=LINE('',#3071,#3070);
#3073=DIRECTION('',(0.E0,-1.E0,0.E0));
#3074=VECTOR('',#3073,1.4E1);
#3075=CARTESIAN_POINT('',(1.406000008352E2,1.920348110102E1,
-9.075262166354E-1));
#3076=LINE('',#3075,#3074);
#3077=DIRECTION('',(0.E0,0.E0,1.E0));
#3078=VECTOR('',#3077,1.5E0);
#3079=CARTESIAN_POINT('',(1.406000008352E2,1.920348110102E1,-2.407526216636E0));
#3080=LINE('',#3079,#3078);
#3081=DIRECTION('',(1.E0,0.E0,0.E0));
#3082=VECTOR('',#3081,1.4E1);
#3083=CARTESIAN_POINT('',(1.406000008352E2,5.203481101014E0,
-9.075262166354E-1));
#3084=LINE('',#3083,#3082);
#3085=DIRECTION('',(0.E0,0.E0,1.E0));
#3086=VECTOR('',#3085,1.5E0);
#3087=CARTESIAN_POINT('',(1.406000008352E2,5.203481101014E0,-2.407526216636E0));
#3088=LINE('',#3087,#3086);
#3089=DIRECTION('',(0.E0,1.E0,0.E0));
#3090=VECTOR('',#3089,1.4E1);
#3091=CARTESIAN_POINT('',(1.736500008076E2,-1.384651890037E1,
-9.075262166353E-1));
#3092=LINE('',#3091,#3090);
#3093=DIRECTION('',(0.E0,0.E0,1.E0));
#3094=VECTOR('',#3093,1.5E0);
#3095=CARTESIAN_POINT('',(1.736500008076E2,-1.384651890037E1,
-2.407526216636E0));
#3096=LINE('',#3095,#3094);
#3097=DIRECTION('',(-1.E0,0.E0,0.E0));
#3098=VECTOR('',#3097,1.4E1);
#3099=CARTESIAN_POINT('',(1.736500008076E2,1.534810996363E-1,
-9.075262166353E-1));
#3100=LINE('',#3099,#3098);
#3101=DIRECTION('',(0.E0,0.E0,1.E0));
#3102=VECTOR('',#3101,1.5E0);
#3103=CARTESIAN_POINT('',(1.736500008076E2,1.534810996363E-1,
-2.407526216636E0));
#3104=LINE('',#3103,#3102);
#3105=DIRECTION('',(0.E0,-1.E0,0.E0));
#3106=VECTOR('',#3105,1.4E1);
#3107=CARTESIAN_POINT('',(1.596500008076E2,1.534810996363E-1,
-9.075262166353E-1));
#3108=LINE('',#3107,#3106);
#3109=DIRECTION('',(0.E0,0.E0,1.E0));
#3110=VECTOR('',#3109,1.5E0);
#3111=CARTESIAN_POINT('',(1.596500008076E2,1.534810996363E-1,
-2.407526216636E0));
#3112=LINE('',#3111,#3110);
#3113=DIRECTION('',(1.E0,0.E0,0.E0));
#3114=VECTOR('',#3113,1.4E1);
#3115=CARTESIAN_POINT('',(1.596500008076E2,-1.384651890037E1,
-9.075262166353E-1));
#3116=LINE('',#3115,#3114);
#3117=DIRECTION('',(0.E0,0.E0,1.E0));
#3118=VECTOR('',#3117,1.5E0);
#3119=CARTESIAN_POINT('',(1.596500008076E2,-1.384651890037E1,
-2.407526216636E0));
#3120=LINE('',#3119,#3118);
#3121=DIRECTION('',(0.E0,1.E0,0.E0));
#3122=VECTOR('',#3121,1.4E1);
#3123=CARTESIAN_POINT('',(1.546000008346E2,-1.384651890037E1,
-9.075262166353E-1));
#3124=LINE('',#3123,#3122);
#3125=DIRECTION('',(0.E0,0.E0,1.E0));
#3126=VECTOR('',#3125,1.500000000001E0);
#3127=CARTESIAN_POINT('',(1.546000008346E2,-1.384651890037E1,
-2.407526216636E0));
#3128=LINE('',#3127,#3126);
#3129=DIRECTION('',(-1.E0,0.E0,0.E0));
#3130=VECTOR('',#3129,1.4E1);
#3131=CARTESIAN_POINT('',(1.546000008346E2,1.534810996363E-1,
-9.075262166353E-1));
#3132=LINE('',#3131,#3130);
#3133=DIRECTION('',(0.E0,0.E0,1.E0));
#3134=VECTOR('',#3133,1.500000000001E0);
#3135=CARTESIAN_POINT('',(1.546000008346E2,1.534810996363E-1,
-2.407526216636E0));
#3136=LINE('',#3135,#3134);
#3137=DIRECTION('',(0.E0,-1.E0,0.E0));
#3138=VECTOR('',#3137,1.4E1);
#3139=CARTESIAN_POINT('',(1.406000008346E2,1.534810996363E-1,
-9.075262166353E-1));
#3140=LINE('',#3139,#3138);
#3141=DIRECTION('',(0.E0,0.E0,1.E0));
#3142=VECTOR('',#3141,1.500000000001E0);
#3143=CARTESIAN_POINT('',(1.406000008346E2,1.534810996363E-1,
-2.407526216636E0));
#3144=LINE('',#3143,#3142);
#3145=DIRECTION('',(1.E0,0.E0,0.E0));
#3146=VECTOR('',#3145,1.4E1);
#3147=CARTESIAN_POINT('',(1.406000008346E2,-1.384651890037E1,
-9.075262166353E-1));
#3148=LINE('',#3147,#3146);
#3149=DIRECTION('',(0.E0,0.E0,1.E0));
#3150=VECTOR('',#3149,1.500000000001E0);
#3151=CARTESIAN_POINT('',(1.406000008346E2,-1.384651890037E1,
-2.407526216636E0));
#3152=LINE('',#3151,#3150);
#3153=DIRECTION('',(0.E0,1.E0,0.E0));
#3154=VECTOR('',#3153,1.4E1);
#3155=CARTESIAN_POINT('',(1.546000008604E2,-5.194651890313E1,
-9.075262166352E-1));
#3156=LINE('',#3155,#3154);
#3157=DIRECTION('',(0.E0,0.E0,1.E0));
#3158=VECTOR('',#3157,1.500000000001E0);
#3159=CARTESIAN_POINT('',(1.546000008604E2,-5.194651890313E1,
-2.407526216636E0));
#3160=LINE('',#3159,#3158);
#3161=DIRECTION('',(-1.E0,0.E0,0.E0));
#3162=VECTOR('',#3161,1.4E1);
#3163=CARTESIAN_POINT('',(1.546000008604E2,-3.794651890312E1,
-9.075262166352E-1));
#3164=LINE('',#3163,#3162);
#3165=DIRECTION('',(0.E0,0.E0,1.E0));
#3166=VECTOR('',#3165,1.500000000001E0);
#3167=CARTESIAN_POINT('',(1.546000008604E2,-3.794651890312E1,
-2.407526216636E0));
#3168=LINE('',#3167,#3166);
#3169=DIRECTION('',(0.E0,-1.E0,0.E0));
#3170=VECTOR('',#3169,1.4E1);
#3171=CARTESIAN_POINT('',(1.406000008604E2,-3.794651890312E1,
-9.075262166352E-1));
#3172=LINE('',#3171,#3170);
#3173=DIRECTION('',(0.E0,0.E0,1.E0));
#3174=VECTOR('',#3173,1.500000000001E0);
#3175=CARTESIAN_POINT('',(1.406000008604E2,-3.794651890312E1,
-2.407526216636E0));
#3176=LINE('',#3175,#3174);
#3177=DIRECTION('',(1.E0,0.E0,0.E0));
#3178=VECTOR('',#3177,1.4E1);
#3179=CARTESIAN_POINT('',(1.406000008604E2,-5.194651890313E1,
-9.075262166352E-1));
#3180=LINE('',#3179,#3178);
#3181=DIRECTION('',(0.E0,0.E0,1.E0));
#3182=VECTOR('',#3181,1.500000000001E0);
#3183=CARTESIAN_POINT('',(1.406000008604E2,-5.194651890313E1,
-2.407526216636E0));
#3184=LINE('',#3183,#3182);
#3185=DIRECTION('',(0.E0,1.E0,0.E0));
#3186=VECTOR('',#3185,1.4E1);
#3187=CARTESIAN_POINT('',(1.736500008604E2,-7.099651890313E1,
-9.075262166352E-1));
#3188=LINE('',#3187,#3186);
#3189=DIRECTION('',(0.E0,0.E0,1.E0));
#3190=VECTOR('',#3189,1.500000000001E0);
#3191=CARTESIAN_POINT('',(1.736500008604E2,-7.099651890313E1,
-2.407526216636E0));
#3192=LINE('',#3191,#3190);
#3193=DIRECTION('',(-1.E0,0.E0,0.E0));
#3194=VECTOR('',#3193,1.4E1);
#3195=CARTESIAN_POINT('',(1.736500008604E2,-5.699651890312E1,
-9.075262166352E-1));
#3196=LINE('',#3195,#3194);
#3197=DIRECTION('',(0.E0,0.E0,1.E0));
#3198=VECTOR('',#3197,1.500000000001E0);
#3199=CARTESIAN_POINT('',(1.736500008604E2,-5.699651890312E1,
-2.407526216636E0));
#3200=LINE('',#3199,#3198);
#3201=DIRECTION('',(0.E0,-1.E0,0.E0));
#3202=VECTOR('',#3201,1.4E1);
#3203=CARTESIAN_POINT('',(1.596500008604E2,-5.699651890312E1,
-9.075262166352E-1));
#3204=LINE('',#3203,#3202);
#3205=DIRECTION('',(0.E0,0.E0,1.E0));
#3206=VECTOR('',#3205,1.500000000001E0);
#3207=CARTESIAN_POINT('',(1.596500008604E2,-5.699651890312E1,
-2.407526216636E0));
#3208=LINE('',#3207,#3206);
#3209=DIRECTION('',(1.E0,0.E0,0.E0));
#3210=VECTOR('',#3209,1.4E1);
#3211=CARTESIAN_POINT('',(1.596500008604E2,-7.099651890313E1,
-9.075262166352E-1));
#3212=LINE('',#3211,#3210);
#3213=DIRECTION('',(0.E0,0.E0,1.E0));
#3214=VECTOR('',#3213,1.500000000001E0);
#3215=CARTESIAN_POINT('',(1.596500008604E2,-7.099651890313E1,
-2.407526216636E0));
#3216=LINE('',#3215,#3214);
#3217=DIRECTION('',(0.E0,1.E0,0.E0));
#3218=VECTOR('',#3217,1.4E1);
#3219=CARTESIAN_POINT('',(1.546000008604E2,-7.099651890313E1,
-9.075262166352E-1));
#3220=LINE('',#3219,#3218);
#3221=DIRECTION('',(0.E0,0.E0,1.E0));
#3222=VECTOR('',#3221,1.500000000001E0);
#3223=CARTESIAN_POINT('',(1.546000008604E2,-7.099651890313E1,
-2.407526216636E0));
#3224=LINE('',#3223,#3222);
#3225=DIRECTION('',(-1.E0,0.E0,0.E0));
#3226=VECTOR('',#3225,1.4E1);
#3227=CARTESIAN_POINT('',(1.546000008604E2,-5.699651890312E1,
-9.075262166352E-1));
#3228=LINE('',#3227,#3226);
#3229=DIRECTION('',(0.E0,0.E0,1.E0));
#3230=VECTOR('',#3229,1.500000000001E0);
#3231=CARTESIAN_POINT('',(1.546000008604E2,-5.699651890312E1,
-2.407526216636E0));
#3232=LINE('',#3231,#3230);
#3233=DIRECTION('',(0.E0,-1.E0,0.E0));
#3234=VECTOR('',#3233,1.4E1);
#3235=CARTESIAN_POINT('',(1.406000008604E2,-5.699651890312E1,
-9.075262166352E-1));
#3236=LINE('',#3235,#3234);
#3237=DIRECTION('',(0.E0,0.E0,1.E0));
#3238=VECTOR('',#3237,1.500000000001E0);
#3239=CARTESIAN_POINT('',(1.406000008604E2,-5.699651890312E1,
-2.407526216636E0));
#3240=LINE('',#3239,#3238);
#3241=DIRECTION('',(1.E0,0.E0,0.E0));
#3242=VECTOR('',#3241,1.4E1);
#3243=CARTESIAN_POINT('',(1.406000008604E2,-7.099651890313E1,
-9.075262166352E-1));
#3244=LINE('',#3243,#3242);
#3245=DIRECTION('',(0.E0,0.E0,1.E0));
#3246=VECTOR('',#3245,1.500000000001E0);
#3247=CARTESIAN_POINT('',(1.406000008604E2,-7.099651890313E1,
-2.407526216636E0));
#3248=LINE('',#3247,#3246);
#3249=DIRECTION('',(0.E0,1.E0,0.E0));
#3250=VECTOR('',#3249,1.4E1);
#3251=CARTESIAN_POINT('',(1.355500008604E2,-7.099651890313E1,
-9.075262166352E-1));
#3252=LINE('',#3251,#3250);
#3253=DIRECTION('',(0.E0,0.E0,1.E0));
#3254=VECTOR('',#3253,1.500000000001E0);
#3255=CARTESIAN_POINT('',(1.355500008604E2,-7.099651890313E1,
-2.407526216636E0));
#3256=LINE('',#3255,#3254);
#3257=DIRECTION('',(-1.E0,0.E0,0.E0));
#3258=VECTOR('',#3257,1.4E1);
#3259=CARTESIAN_POINT('',(1.355500008604E2,-5.699651890312E1,
-9.075262166352E-1));
#3260=LINE('',#3259,#3258);
#3261=DIRECTION('',(0.E0,0.E0,1.E0));
#3262=VECTOR('',#3261,1.500000000001E0);
#3263=CARTESIAN_POINT('',(1.355500008604E2,-5.699651890312E1,
-2.407526216636E0));
#3264=LINE('',#3263,#3262);
#3265=DIRECTION('',(0.E0,-1.E0,0.E0));
#3266=VECTOR('',#3265,1.4E1);
#3267=CARTESIAN_POINT('',(1.215500008604E2,-5.699651890312E1,
-9.075262166352E-1));
#3268=LINE('',#3267,#3266);
#3269=DIRECTION('',(-1.894780628693E-14,0.E0,1.E0));
#3270=VECTOR('',#3269,1.500000000001E0);
#3271=CARTESIAN_POINT('',(1.215500008604E2,-5.699651890312E1,
-2.407526216636E0));
#3272=LINE('',#3271,#3270);
#3273=DIRECTION('',(1.E0,0.E0,0.E0));
#3274=VECTOR('',#3273,1.4E1);
#3275=CARTESIAN_POINT('',(1.215500008604E2,-7.099651890313E1,
-9.075262166352E-1));
#3276=LINE('',#3275,#3274);
#3277=DIRECTION('',(-1.894780628693E-14,0.E0,1.E0));
#3278=VECTOR('',#3277,1.500000000001E0);
#3279=CARTESIAN_POINT('',(1.215500008604E2,-7.099651890313E1,
-2.407526216636E0));
#3280=LINE('',#3279,#3278);
#3281=DIRECTION('',(0.E0,1.E0,0.E0));
#3282=VECTOR('',#3281,1.4E1);
#3283=CARTESIAN_POINT('',(1.046500008597E2,-7.099651890161E1,
-9.075262166352E-1));
#3284=LINE('',#3283,#3282);
#3285=DIRECTION('',(0.E0,0.E0,1.E0));
#3286=VECTOR('',#3285,1.500000000001E0);
#3287=CARTESIAN_POINT('',(1.046500008597E2,-7.099651890161E1,
-2.407526216636E0));
#3288=LINE('',#3287,#3286);
#3289=DIRECTION('',(-1.E0,0.E0,0.E0));
#3290=VECTOR('',#3289,1.4E1);
#3291=CARTESIAN_POINT('',(1.046500008597E2,-5.699651890161E1,
-9.075262166352E-1));
#3292=LINE('',#3291,#3290);
#3293=DIRECTION('',(0.E0,0.E0,1.E0));
#3294=VECTOR('',#3293,1.500000000001E0);
#3295=CARTESIAN_POINT('',(1.046500008597E2,-5.699651890161E1,
-2.407526216636E0));
#3296=LINE('',#3295,#3294);
#3297=DIRECTION('',(0.E0,-1.E0,0.E0));
#3298=VECTOR('',#3297,1.4E1);
#3299=CARTESIAN_POINT('',(9.065000085970E1,-5.699651890161E1,
-9.075262166352E-1));
#3300=LINE('',#3299,#3298);
#3301=DIRECTION('',(0.E0,0.E0,1.E0));
#3302=VECTOR('',#3301,1.500000000001E0);
#3303=CARTESIAN_POINT('',(9.065000085970E1,-5.699651890161E1,
-2.407526216636E0));
#3304=LINE('',#3303,#3302);
#3305=DIRECTION('',(1.E0,0.E0,0.E0));
#3306=VECTOR('',#3305,1.4E1);
#3307=CARTESIAN_POINT('',(9.065000085970E1,-7.099651890161E1,
-9.075262166352E-1));
#3308=LINE('',#3307,#3306);
#3309=DIRECTION('',(0.E0,0.E0,1.E0));
#3310=VECTOR('',#3309,1.500000000001E0);
#3311=CARTESIAN_POINT('',(9.065000085970E1,-7.099651890161E1,
-2.407526216636E0));
#3312=LINE('',#3311,#3310);
#3313=DIRECTION('',(1.E0,0.E0,1.648317580700E-14));
#3314=VECTOR('',#3313,1.384817201100E1);
#3315=CARTESIAN_POINT('',(-1.496481711511E2,5.203481098425E0,
-9.075262166356E-1));
#3316=LINE('',#3315,#3314);
#3317=DIRECTION('',(0.E0,1.E0,0.E0));
#3318=VECTOR('',#3317,1.4E1);
#3319=CARTESIAN_POINT('',(-1.357999991401E2,5.203481098425E0,
-9.075262166354E-1));
#3320=LINE('',#3319,#3318);
#3321=DIRECTION('',(0.E0,0.E0,1.E0));
#3322=VECTOR('',#3321,1.5E0);
#3323=CARTESIAN_POINT('',(-1.357999991401E2,5.203481098424E0,
-2.407526216636E0));
#3324=LINE('',#3323,#3322);
#3325=DIRECTION('',(-1.E0,0.E0,-1.653127846013E-14));
#3326=VECTOR('',#3325,1.384817201100E1);
#3327=CARTESIAN_POINT('',(-1.357999991401E2,1.920348109843E1,
-9.075262166354E-1));
#3328=LINE('',#3327,#3326);
#3329=DIRECTION('',(0.E0,0.E0,1.E0));
#3330=VECTOR('',#3329,1.5E0);
#3331=CARTESIAN_POINT('',(-1.357999991401E2,1.920348109843E1,
-2.407526216636E0));
#3332=LINE('',#3331,#3330);
#3333=DIRECTION('',(0.E0,0.E0,1.E0));
#3334=VECTOR('',#3333,1.5E0);
#3335=CARTESIAN_POINT('',(-1.496481711511E2,1.920348109843E1,
-2.407526216636E0));
#3336=LINE('',#3335,#3334);
#3337=DIRECTION('',(0.E0,1.E0,0.E0));
#3338=VECTOR('',#3337,1.4E1);
#3339=CARTESIAN_POINT('',(-1.496481711511E2,5.203481098425E0,
-2.407526216636E0));
#3340=LINE('',#3339,#3338);
#3341=DIRECTION('',(0.E0,0.E0,-1.E0));
#3342=VECTOR('',#3341,1.5E0);
#3343=CARTESIAN_POINT('',(-1.496481711511E2,5.203481098425E0,
-9.075262166356E-1));
#3344=LINE('',#3343,#3342);
#3345=DIRECTION('',(0.E0,1.E0,0.E0));
#3346=VECTOR('',#3345,1.4E1);
#3347=CARTESIAN_POINT('',(-2.449999140083E0,5.203481098425E0,
-9.075262166354E-1));
#3348=LINE('',#3347,#3346);
#3349=DIRECTION('',(0.E0,0.E0,1.E0));
#3350=VECTOR('',#3349,1.5E0);
#3351=CARTESIAN_POINT('',(-2.449999140083E0,5.203481098424E0,
-2.407526216636E0));
#3352=LINE('',#3351,#3350);
#3353=DIRECTION('',(-1.E0,0.E0,0.E0));
#3354=VECTOR('',#3353,1.4E1);
#3355=CARTESIAN_POINT('',(-2.449999140083E0,1.920348109843E1,
-9.075262166354E-1));
#3356=LINE('',#3355,#3354);
#3357=DIRECTION('',(0.E0,0.E0,1.E0));
#3358=VECTOR('',#3357,1.5E0);
#3359=CARTESIAN_POINT('',(-2.449999140083E0,1.920348109843E1,
-2.407526216636E0));
#3360=LINE('',#3359,#3358);
#3361=DIRECTION('',(0.E0,-1.E0,0.E0));
#3362=VECTOR('',#3361,1.4E1);
#3363=CARTESIAN_POINT('',(-1.644999914008E1,1.920348109843E1,
-9.075262166354E-1));
#3364=LINE('',#3363,#3362);
#3365=DIRECTION('',(0.E0,0.E0,1.E0));
#3366=VECTOR('',#3365,1.5E0);
#3367=CARTESIAN_POINT('',(-1.644999914008E1,1.920348109843E1,
-2.407526216636E0));
#3368=LINE('',#3367,#3366);
#3369=DIRECTION('',(1.E0,0.E0,0.E0));
#3370=VECTOR('',#3369,1.4E1);
#3371=CARTESIAN_POINT('',(-1.644999914008E1,5.203481098425E0,
-9.075262166354E-1));
#3372=LINE('',#3371,#3370);
#3373=DIRECTION('',(0.E0,0.E0,1.E0));
#3374=VECTOR('',#3373,1.5E0);
#3375=CARTESIAN_POINT('',(-1.644999914008E1,5.203481098424E0,
-2.407526216636E0));
#3376=LINE('',#3375,#3374);
#3377=DIRECTION('',(0.E0,1.E0,0.E0));
#3378=VECTOR('',#3377,1.4E1);
#3379=CARTESIAN_POINT('',(-1.095499991400E2,-7.099651890161E1,
-9.075262166352E-1));
#3380=LINE('',#3379,#3378);
#3381=DIRECTION('',(0.E0,0.E0,1.E0));
#3382=VECTOR('',#3381,1.500000000001E0);
#3383=CARTESIAN_POINT('',(-1.095499991400E2,-7.099651890161E1,
-2.407526216636E0));
#3384=LINE('',#3383,#3382);
#3385=DIRECTION('',(-1.E0,0.E0,0.E0));
#3386=VECTOR('',#3385,1.4E1);
#3387=CARTESIAN_POINT('',(-1.095499991400E2,-5.699651890161E1,
-9.075262166352E-1));
#3388=LINE('',#3387,#3386);
#3389=DIRECTION('',(0.E0,0.E0,1.E0));
#3390=VECTOR('',#3389,1.500000000001E0);
#3391=CARTESIAN_POINT('',(-1.095499991400E2,-5.699651890161E1,
-2.407526216636E0));
#3392=LINE('',#3391,#3390);
#3393=DIRECTION('',(0.E0,-1.E0,0.E0));
#3394=VECTOR('',#3393,1.4E1);
#3395=CARTESIAN_POINT('',(-1.235499991400E2,-5.699651890161E1,
-9.075262166352E-1));
#3396=LINE('',#3395,#3394);
#3397=DIRECTION('',(0.E0,0.E0,1.E0));
#3398=VECTOR('',#3397,1.500000000001E0);
#3399=CARTESIAN_POINT('',(-1.235499991400E2,-5.699651890161E1,
-2.407526216636E0));
#3400=LINE('',#3399,#3398);
#3401=DIRECTION('',(1.E0,0.E0,0.E0));
#3402=VECTOR('',#3401,1.4E1);
#3403=CARTESIAN_POINT('',(-1.235499991400E2,-7.099651890161E1,
-9.075262166352E-1));
#3404=LINE('',#3403,#3402);
#3405=DIRECTION('',(0.E0,0.E0,1.E0));
#3406=VECTOR('',#3405,1.500000000001E0);
#3407=CARTESIAN_POINT('',(-1.235499991400E2,-7.099651890161E1,
-2.407526216636E0));
#3408=LINE('',#3407,#3406);
#3409=DIRECTION('',(0.E0,1.E0,0.E0));
#3410=VECTOR('',#3409,1.4E1);
#3411=CARTESIAN_POINT('',(5.695000085970E1,-7.099651890161E1,
-9.075262166352E-1));
#3412=LINE('',#3411,#3410);
#3413=DIRECTION('',(0.E0,0.E0,1.E0));
#3414=VECTOR('',#3413,1.500000000001E0);
#3415=CARTESIAN_POINT('',(5.695000085970E1,-7.099651890161E1,
-2.407526216636E0));
#3416=LINE('',#3415,#3414);
#3417=DIRECTION('',(-1.E0,0.E0,0.E0));
#3418=VECTOR('',#3417,1.4E1);
#3419=CARTESIAN_POINT('',(5.695000085970E1,-5.699651890161E1,
-9.075262166352E-1));
#3420=LINE('',#3419,#3418);
#3421=DIRECTION('',(0.E0,0.E0,1.E0));
#3422=VECTOR('',#3421,1.500000000001E0);
#3423=CARTESIAN_POINT('',(5.695000085970E1,-5.699651890161E1,
-2.407526216636E0));
#3424=LINE('',#3423,#3422);
#3425=DIRECTION('',(0.E0,-1.E0,0.E0));
#3426=VECTOR('',#3425,1.4E1);
#3427=CARTESIAN_POINT('',(4.295000085970E1,-5.699651890161E1,
-9.075262166352E-1));
#3428=LINE('',#3427,#3426);
#3429=DIRECTION('',(0.E0,0.E0,1.E0));
#3430=VECTOR('',#3429,1.500000000001E0);
#3431=CARTESIAN_POINT('',(4.295000085970E1,-5.699651890161E1,
-2.407526216636E0));
#3432=LINE('',#3431,#3430);
#3433=DIRECTION('',(1.E0,0.E0,0.E0));
#3434=VECTOR('',#3433,1.4E1);
#3435=CARTESIAN_POINT('',(4.295000085970E1,-7.099651890161E1,
-9.075262166352E-1));
#3436=LINE('',#3435,#3434);
#3437=DIRECTION('',(0.E0,0.E0,1.E0));
#3438=VECTOR('',#3437,1.500000000001E0);
#3439=CARTESIAN_POINT('',(4.295000085970E1,-7.099651890161E1,
-2.407526216636E0));
#3440=LINE('',#3439,#3438);
#3441=DIRECTION('',(0.E0,1.E0,0.E0));
#3442=VECTOR('',#3441,1.4E1);
#3443=CARTESIAN_POINT('',(4.515000085892E1,-1.384651890171E1,
-9.075262166353E-1));
#3444=LINE('',#3443,#3442);
#3445=DIRECTION('',(0.E0,0.E0,1.E0));
#3446=VECTOR('',#3445,1.500000000001E0);
#3447=CARTESIAN_POINT('',(4.515000085892E1,-1.384651890171E1,
-2.407526216636E0));
#3448=LINE('',#3447,#3446);
#3449=DIRECTION('',(-1.E0,0.E0,0.E0));
#3450=VECTOR('',#3449,1.4E1);
#3451=CARTESIAN_POINT('',(4.515000085892E1,1.534810982963E-1,
-9.075262166353E-1));
#3452=LINE('',#3451,#3450);
#3453=DIRECTION('',(0.E0,0.E0,1.E0));
#3454=VECTOR('',#3453,1.500000000001E0);
#3455=CARTESIAN_POINT('',(4.515000085892E1,1.534810982963E-1,
-2.407526216636E0));
#3456=LINE('',#3455,#3454);
#3457=DIRECTION('',(0.E0,-1.E0,0.E0));
#3458=VECTOR('',#3457,1.4E1);
#3459=CARTESIAN_POINT('',(3.115000085892E1,1.534810982963E-1,
-9.075262166353E-1));
#3460=LINE('',#3459,#3458);
#3461=DIRECTION('',(0.E0,0.E0,1.E0));
#3462=VECTOR('',#3461,1.500000000001E0);
#3463=CARTESIAN_POINT('',(3.115000085892E1,1.534810982963E-1,
-2.407526216636E0));
#3464=LINE('',#3463,#3462);
#3465=DIRECTION('',(1.E0,0.E0,0.E0));
#3466=VECTOR('',#3465,1.4E1);
#3467=CARTESIAN_POINT('',(3.115000085892E1,-1.384651890171E1,
-9.075262166353E-1));
#3468=LINE('',#3467,#3466);
#3469=DIRECTION('',(0.E0,0.E0,1.E0));
#3470=VECTOR('',#3469,1.500000000001E0);
#3471=CARTESIAN_POINT('',(3.115000085892E1,-1.384651890171E1,
-2.407526216636E0));
#3472=LINE('',#3471,#3470);
#3473=DIRECTION('',(0.E0,1.E0,0.E0));
#3474=VECTOR('',#3473,1.4E1);
#3475=CARTESIAN_POINT('',(8.325000085892E1,-1.384651890171E1,
-9.075262166353E-1));
#3476=LINE('',#3475,#3474);
#3477=DIRECTION('',(0.E0,0.E0,1.E0));
#3478=VECTOR('',#3477,1.500000000001E0);
#3479=CARTESIAN_POINT('',(8.325000085892E1,-1.384651890171E1,
-2.407526216636E0));
#3480=LINE('',#3479,#3478);
#3481=DIRECTION('',(-1.E0,0.E0,0.E0));
#3482=VECTOR('',#3481,1.4E1);
#3483=CARTESIAN_POINT('',(8.325000085892E1,1.534810982963E-1,
-9.075262166353E-1));
#3484=LINE('',#3483,#3482);
#3485=DIRECTION('',(0.E0,0.E0,1.E0));
#3486=VECTOR('',#3485,1.500000000001E0);
#3487=CARTESIAN_POINT('',(8.325000085892E1,1.534810982963E-1,
-2.407526216636E0));
#3488=LINE('',#3487,#3486);
#3489=DIRECTION('',(0.E0,-1.E0,0.E0));
#3490=VECTOR('',#3489,1.4E1);
#3491=CARTESIAN_POINT('',(6.925000085892E1,1.534810982963E-1,
-9.075262166353E-1));
#3492=LINE('',#3491,#3490);
#3493=DIRECTION('',(0.E0,0.E0,1.E0));
#3494=VECTOR('',#3493,1.500000000001E0);
#3495=CARTESIAN_POINT('',(6.925000085892E1,1.534810982963E-1,
-2.407526216636E0));
#3496=LINE('',#3495,#3494);
#3497=DIRECTION('',(1.E0,0.E0,0.E0));
#3498=VECTOR('',#3497,1.4E1);
#3499=CARTESIAN_POINT('',(6.925000085892E1,-1.384651890171E1,
-9.075262166353E-1));
#3500=LINE('',#3499,#3498);
#3501=DIRECTION('',(0.E0,0.E0,1.E0));
#3502=VECTOR('',#3501,1.500000000001E0);
#3503=CARTESIAN_POINT('',(6.925000085892E1,-1.384651890171E1,
-2.407526216636E0));
#3504=LINE('',#3503,#3502);
#3505=DIRECTION('',(0.E0,1.E0,0.E0));
#3506=VECTOR('',#3505,1.4E1);
#3507=CARTESIAN_POINT('',(4.990000086103E1,-3.289651890175E1,
-9.075262166353E-1));
#3508=LINE('',#3507,#3506);
#3509=DIRECTION('',(0.E0,0.E0,1.E0));
#3510=VECTOR('',#3509,1.500000000001E0);
#3511=CARTESIAN_POINT('',(4.990000086103E1,-3.289651890175E1,
-2.407526216636E0));
#3512=LINE('',#3511,#3510);
#3513=DIRECTION('',(-1.E0,0.E0,0.E0));
#3514=VECTOR('',#3513,1.4E1);
#3515=CARTESIAN_POINT('',(4.990000086103E1,-1.889651890174E1,
-9.075262166353E-1));
#3516=LINE('',#3515,#3514);
#3517=DIRECTION('',(0.E0,0.E0,1.E0));
#3518=VECTOR('',#3517,1.500000000001E0);
#3519=CARTESIAN_POINT('',(4.990000086103E1,-1.889651890174E1,
-2.407526216636E0));
#3520=LINE('',#3519,#3518);
#3521=DIRECTION('',(0.E0,-1.E0,0.E0));
#3522=VECTOR('',#3521,1.4E1);
#3523=CARTESIAN_POINT('',(3.590000086103E1,-1.889651890174E1,
-9.075262166353E-1));
#3524=LINE('',#3523,#3522);
#3525=DIRECTION('',(0.E0,0.E0,1.E0));
#3526=VECTOR('',#3525,1.500000000001E0);
#3527=CARTESIAN_POINT('',(3.590000086103E1,-1.889651890174E1,
-2.407526216636E0));
#3528=LINE('',#3527,#3526);
#3529=DIRECTION('',(1.E0,0.E0,0.E0));
#3530=VECTOR('',#3529,1.4E1);
#3531=CARTESIAN_POINT('',(3.590000086103E1,-3.289651890175E1,
-9.075262166353E-1));
#3532=LINE('',#3531,#3530);
#3533=DIRECTION('',(0.E0,0.E0,1.E0));
#3534=VECTOR('',#3533,1.500000000001E0);
#3535=CARTESIAN_POINT('',(3.590000086103E1,-3.289651890175E1,
-2.407526216636E0));
#3536=LINE('',#3535,#3534);
#3537=DIRECTION('',(0.E0,1.E0,0.E0));
#3538=VECTOR('',#3537,1.4E1);
#3539=CARTESIAN_POINT('',(-2.149999914008E1,5.203481098425E0,
-9.075262166354E-1));
#3540=LINE('',#3539,#3538);
#3541=DIRECTION('',(0.E0,0.E0,1.E0));
#3542=VECTOR('',#3541,1.5E0);
#3543=CARTESIAN_POINT('',(-2.149999914008E1,5.203481098424E0,
-2.407526216636E0));
#3544=LINE('',#3543,#3542);
#3545=DIRECTION('',(-1.E0,0.E0,0.E0));
#3546=VECTOR('',#3545,1.4E1);
#3547=CARTESIAN_POINT('',(-2.149999914008E1,1.920348109843E1,
-9.075262166354E-1));
#3548=LINE('',#3547,#3546);
#3549=DIRECTION('',(0.E0,0.E0,1.E0));
#3550=VECTOR('',#3549,1.5E0);
#3551=CARTESIAN_POINT('',(-2.149999914008E1,1.920348109843E1,
-2.407526216636E0));
#3552=LINE('',#3551,#3550);
#3553=DIRECTION('',(0.E0,-1.E0,0.E0));
#3554=VECTOR('',#3553,1.4E1);
#3555=CARTESIAN_POINT('',(-3.549999914008E1,1.920348109843E1,
-9.075262166354E-1));
#3556=LINE('',#3555,#3554);
#3557=DIRECTION('',(0.E0,0.E0,1.E0));
#3558=VECTOR('',#3557,1.5E0);
#3559=CARTESIAN_POINT('',(-3.549999914008E1,1.920348109843E1,
-2.407526216636E0));
#3560=LINE('',#3559,#3558);
#3561=DIRECTION('',(1.E0,0.E0,0.E0));
#3562=VECTOR('',#3561,1.4E1);
#3563=CARTESIAN_POINT('',(-3.549999914008E1,5.203481098425E0,
-9.075262166354E-1));
#3564=LINE('',#3563,#3562);
#3565=DIRECTION('',(0.E0,0.E0,1.E0));
#3566=VECTOR('',#3565,1.5E0);
#3567=CARTESIAN_POINT('',(-3.549999914008E1,5.203481098424E0,
-2.407526216636E0));
#3568=LINE('',#3567,#3566);
#3569=DIRECTION('',(0.E0,1.E0,0.E0));
#3570=VECTOR('',#3569,1.4E1);
#3571=CARTESIAN_POINT('',(-1.072499991411E2,-1.384651890171E1,
-9.075262166353E-1));
#3572=LINE('',#3571,#3570);
#3573=DIRECTION('',(0.E0,0.E0,1.E0));
#3574=VECTOR('',#3573,1.500000000001E0);
#3575=CARTESIAN_POINT('',(-1.072499991411E2,-1.384651890171E1,
-2.407526216636E0));
#3576=LINE('',#3575,#3574);
#3577=DIRECTION('',(-1.E0,0.E0,0.E0));
#3578=VECTOR('',#3577,1.4E1);
#3579=CARTESIAN_POINT('',(-1.072499991411E2,1.534810982963E-1,
-9.075262166353E-1));
#3580=LINE('',#3579,#3578);
#3581=DIRECTION('',(0.E0,0.E0,1.E0));
#3582=VECTOR('',#3581,1.500000000001E0);
#3583=CARTESIAN_POINT('',(-1.072499991411E2,1.534810982963E-1,
-2.407526216636E0));
#3584=LINE('',#3583,#3582);
#3585=DIRECTION('',(0.E0,-1.E0,0.E0));
#3586=VECTOR('',#3585,1.4E1);
#3587=CARTESIAN_POINT('',(-1.212499991411E2,1.534810982963E-1,
-9.075262166353E-1));
#3588=LINE('',#3587,#3586);
#3589=DIRECTION('',(0.E0,0.E0,1.E0));
#3590=VECTOR('',#3589,1.500000000001E0);
#3591=CARTESIAN_POINT('',(-1.212499991411E2,1.534810982963E-1,
-2.407526216636E0));
#3592=LINE('',#3591,#3590);
#3593=DIRECTION('',(1.E0,0.E0,0.E0));
#3594=VECTOR('',#3593,1.4E1);
#3595=CARTESIAN_POINT('',(-1.212499991411E2,-1.384651890171E1,
-9.075262166353E-1));
#3596=LINE('',#3595,#3594);
#3597=DIRECTION('',(0.E0,0.E0,1.E0));
#3598=VECTOR('',#3597,1.500000000001E0);
#3599=CARTESIAN_POINT('',(-1.212499991411E2,-1.384651890171E1,
-2.407526216636E0));
#3600=LINE('',#3599,#3598);
#3601=DIRECTION('',(0.E0,1.E0,0.E0));
#3602=VECTOR('',#3601,1.4E1);
#3603=CARTESIAN_POINT('',(1.660000085992E1,5.203481098425E0,
-9.075262166354E-1));
#3604=LINE('',#3603,#3602);
#3605=DIRECTION('',(0.E0,0.E0,1.E0));
#3606=VECTOR('',#3605,1.5E0);
#3607=CARTESIAN_POINT('',(1.660000085992E1,5.203481098424E0,-2.407526216636E0));
#3608=LINE('',#3607,#3606);
#3609=DIRECTION('',(-1.E0,0.E0,0.E0));
#3610=VECTOR('',#3609,1.4E1);
#3611=CARTESIAN_POINT('',(1.660000085992E1,1.920348109843E1,
-9.075262166354E-1));
#3612=LINE('',#3611,#3610);
#3613=DIRECTION('',(0.E0,0.E0,1.E0));
#3614=VECTOR('',#3613,1.5E0);
#3615=CARTESIAN_POINT('',(1.660000085992E1,1.920348109843E1,-2.407526216636E0));
#3616=LINE('',#3615,#3614);
#3617=DIRECTION('',(0.E0,-1.E0,0.E0));
#3618=VECTOR('',#3617,1.4E1);
#3619=CARTESIAN_POINT('',(2.600000859917E0,1.920348109843E1,
-9.075262166354E-1));
#3620=LINE('',#3619,#3618);
#3621=DIRECTION('',(0.E0,0.E0,1.E0));
#3622=VECTOR('',#3621,1.5E0);
#3623=CARTESIAN_POINT('',(2.600000859917E0,1.920348109843E1,-2.407526216636E0));
#3624=LINE('',#3623,#3622);
#3625=DIRECTION('',(1.E0,0.E0,0.E0));
#3626=VECTOR('',#3625,1.4E1);
#3627=CARTESIAN_POINT('',(2.600000859917E0,5.203481098425E0,
-9.075262166354E-1));
#3628=LINE('',#3627,#3626);
#3629=DIRECTION('',(0.E0,0.E0,1.E0));
#3630=VECTOR('',#3629,1.5E0);
#3631=CARTESIAN_POINT('',(2.600000859917E0,5.203481098424E0,-2.407526216636E0));
#3632=LINE('',#3631,#3630);
#3633=DIRECTION('',(0.E0,1.E0,0.E0));
#3634=VECTOR('',#3633,1.4E1);
#3635=CARTESIAN_POINT('',(2.610000085892E1,-1.384651890171E1,
-9.075262166353E-1));
#3636=LINE('',#3635,#3634);
#3637=DIRECTION('',(0.E0,0.E0,1.E0));
#3638=VECTOR('',#3637,1.500000000001E0);
#3639=CARTESIAN_POINT('',(2.610000085892E1,-1.384651890171E1,
-2.407526216636E0));
#3640=LINE('',#3639,#3638);
#3641=DIRECTION('',(-1.E0,0.E0,0.E0));
#3642=VECTOR('',#3641,1.4E1);
#3643=CARTESIAN_POINT('',(2.610000085892E1,1.534810982963E-1,
-9.075262166353E-1));
#3644=LINE('',#3643,#3642);
#3645=DIRECTION('',(0.E0,0.E0,1.E0));
#3646=VECTOR('',#3645,1.500000000001E0);
#3647=CARTESIAN_POINT('',(2.610000085892E1,1.534810982963E-1,
-2.407526216636E0));
#3648=LINE('',#3647,#3646);
#3649=DIRECTION('',(0.E0,-1.E0,0.E0));
#3650=VECTOR('',#3649,1.4E1);
#3651=CARTESIAN_POINT('',(1.210000085892E1,1.534810982963E-1,
-9.075262166353E-1));
#3652=LINE('',#3651,#3650);
#3653=DIRECTION('',(0.E0,0.E0,1.E0));
#3654=VECTOR('',#3653,1.500000000001E0);
#3655=CARTESIAN_POINT('',(1.210000085892E1,1.534810982963E-1,
-2.407526216636E0));
#3656=LINE('',#3655,#3654);
#3657=DIRECTION('',(1.E0,0.E0,0.E0));
#3658=VECTOR('',#3657,1.4E1);
#3659=CARTESIAN_POINT('',(1.210000085892E1,-1.384651890171E1,
-9.075262166353E-1));
#3660=LINE('',#3659,#3658);
#3661=DIRECTION('',(0.E0,0.E0,1.E0));
#3662=VECTOR('',#3661,1.500000000001E0);
#3663=CARTESIAN_POINT('',(1.210000085892E1,-1.384651890171E1,
-2.407526216636E0));
#3664=LINE('',#3663,#3662);
#3665=DIRECTION('',(0.E0,1.E0,0.E0));
#3666=VECTOR('',#3665,1.4E1);
#3667=CARTESIAN_POINT('',(3.085000086103E1,-3.289651890175E1,
-9.075262166353E-1));
#3668=LINE('',#3667,#3666);
#3669=DIRECTION('',(0.E0,0.E0,1.E0));
#3670=VECTOR('',#3669,1.500000000001E0);
#3671=CARTESIAN_POINT('',(3.085000086103E1,-3.289651890175E1,
-2.407526216636E0));
#3672=LINE('',#3671,#3670);
#3673=DIRECTION('',(-1.E0,0.E0,0.E0));
#3674=VECTOR('',#3673,1.4E1);
#3675=CARTESIAN_POINT('',(3.085000086103E1,-1.889651890174E1,
-9.075262166353E-1));
#3676=LINE('',#3675,#3674);
#3677=DIRECTION('',(0.E0,0.E0,1.E0));
#3678=VECTOR('',#3677,1.500000000001E0);
#3679=CARTESIAN_POINT('',(3.085000086103E1,-1.889651890174E1,
-2.407526216636E0));
#3680=LINE('',#3679,#3678);
#3681=DIRECTION('',(0.E0,-1.E0,0.E0));
#3682=VECTOR('',#3681,1.4E1);
#3683=CARTESIAN_POINT('',(1.685000086103E1,-1.889651890174E1,
-9.075262166353E-1));
#3684=LINE('',#3683,#3682);
#3685=DIRECTION('',(0.E0,0.E0,1.E0));
#3686=VECTOR('',#3685,1.500000000001E0);
#3687=CARTESIAN_POINT('',(1.685000086103E1,-1.889651890174E1,
-2.407526216636E0));
#3688=LINE('',#3687,#3686);
#3689=DIRECTION('',(1.E0,0.E0,0.E0));
#3690=VECTOR('',#3689,1.4E1);
#3691=CARTESIAN_POINT('',(1.685000086103E1,-3.289651890175E1,
-9.075262166353E-1));
#3692=LINE('',#3691,#3690);
#3693=DIRECTION('',(0.E0,0.E0,1.E0));
#3694=VECTOR('',#3693,1.500000000001E0);
#3695=CARTESIAN_POINT('',(1.685000086103E1,-3.289651890175E1,
-2.407526216636E0));
#3696=LINE('',#3695,#3694);
#3697=DIRECTION('',(0.E0,1.E0,0.E0));
#3698=VECTOR('',#3697,1.4E1);
#3699=CARTESIAN_POINT('',(-4.534999913897E1,-3.289651890175E1,
-9.075262166353E-1));
#3700=LINE('',#3699,#3698);
#3701=DIRECTION('',(0.E0,0.E0,1.E0));
#3702=VECTOR('',#3701,1.500000000001E0);
#3703=CARTESIAN_POINT('',(-4.534999913897E1,-3.289651890175E1,
-2.407526216636E0));
#3704=LINE('',#3703,#3702);
#3705=DIRECTION('',(-1.E0,0.E0,0.E0));
#3706=VECTOR('',#3705,1.4E1);
#3707=CARTESIAN_POINT('',(-4.534999913897E1,-1.889651890174E1,
-9.075262166353E-1));
#3708=LINE('',#3707,#3706);
#3709=DIRECTION('',(0.E0,0.E0,1.E0));
#3710=VECTOR('',#3709,1.500000000001E0);
#3711=CARTESIAN_POINT('',(-4.534999913897E1,-1.889651890174E1,
-2.407526216636E0));
#3712=LINE('',#3711,#3710);
#3713=DIRECTION('',(0.E0,-1.E0,0.E0));
#3714=VECTOR('',#3713,1.4E1);
#3715=CARTESIAN_POINT('',(-5.934999913897E1,-1.889651890174E1,
-9.075262166353E-1));
#3716=LINE('',#3715,#3714);
#3717=DIRECTION('',(0.E0,0.E0,1.E0));
#3718=VECTOR('',#3717,1.500000000001E0);
#3719=CARTESIAN_POINT('',(-5.934999913897E1,-1.889651890174E1,
-2.407526216636E0));
#3720=LINE('',#3719,#3718);
#3721=DIRECTION('',(1.E0,0.E0,0.E0));
#3722=VECTOR('',#3721,1.4E1);
#3723=CARTESIAN_POINT('',(-5.934999913897E1,-3.289651890175E1,
-9.075262166353E-1));
#3724=LINE('',#3723,#3722);
#3725=DIRECTION('',(0.E0,0.E0,1.E0));
#3726=VECTOR('',#3725,1.500000000001E0);
#3727=CARTESIAN_POINT('',(-5.934999913897E1,-3.289651890175E1,
-2.407526216636E0));
#3728=LINE('',#3727,#3726);
#3729=DIRECTION('',(0.E0,1.E0,0.E0));
#3730=VECTOR('',#3729,1.4E1);
#3731=CARTESIAN_POINT('',(-4.054999914008E1,5.203481098425E0,
-9.075262166354E-1));
#3732=LINE('',#3731,#3730);
#3733=DIRECTION('',(0.E0,0.E0,1.E0));
#3734=VECTOR('',#3733,1.5E0);
#3735=CARTESIAN_POINT('',(-4.054999914008E1,5.203481098424E0,
-2.407526216636E0));
#3736=LINE('',#3735,#3734);
#3737=DIRECTION('',(-1.E0,0.E0,0.E0));
#3738=VECTOR('',#3737,1.4E1);
#3739=CARTESIAN_POINT('',(-4.054999914008E1,1.920348109843E1,
-9.075262166354E-1));
#3740=LINE('',#3739,#3738);
#3741=DIRECTION('',(0.E0,0.E0,1.E0));
#3742=VECTOR('',#3741,1.5E0);
#3743=CARTESIAN_POINT('',(-4.054999914008E1,1.920348109843E1,
-2.407526216636E0));
#3744=LINE('',#3743,#3742);
#3745=DIRECTION('',(0.E0,-1.E0,0.E0));
#3746=VECTOR('',#3745,1.4E1);
#3747=CARTESIAN_POINT('',(-5.454999914008E1,1.920348109843E1,
-9.075262166354E-1));
#3748=LINE('',#3747,#3746);
#3749=DIRECTION('',(0.E0,0.E0,1.E0));
#3750=VECTOR('',#3749,1.5E0);
#3751=CARTESIAN_POINT('',(-5.454999914008E1,1.920348109843E1,
-2.407526216636E0));
#3752=LINE('',#3751,#3750);
#3753=DIRECTION('',(1.E0,0.E0,0.E0));
#3754=VECTOR('',#3753,1.4E1);
#3755=CARTESIAN_POINT('',(-5.454999914008E1,5.203481098425E0,
-9.075262166354E-1));
#3756=LINE('',#3755,#3754);
#3757=DIRECTION('',(0.E0,0.E0,1.E0));
#3758=VECTOR('',#3757,1.5E0);
#3759=CARTESIAN_POINT('',(-5.454999914008E1,5.203481098424E0,
-2.407526216636E0));
#3760=LINE('',#3759,#3758);
#3761=DIRECTION('',(0.E0,1.E0,0.E0));
#3762=VECTOR('',#3761,1.4E1);
#3763=CARTESIAN_POINT('',(4.040000086044E1,-5.194651890313E1,
-9.075262166352E-1));
#3764=LINE('',#3763,#3762);
#3765=DIRECTION('',(0.E0,0.E0,1.E0));
#3766=VECTOR('',#3765,1.500000000001E0);
#3767=CARTESIAN_POINT('',(4.040000086044E1,-5.194651890313E1,
-2.407526216636E0));
#3768=LINE('',#3767,#3766);
#3769=DIRECTION('',(-1.E0,0.E0,0.E0));
#3770=VECTOR('',#3769,1.4E1);
#3771=CARTESIAN_POINT('',(4.040000086044E1,-3.794651890312E1,
-9.075262166352E-1));
#3772=LINE('',#3771,#3770);
#3773=DIRECTION('',(0.E0,0.E0,1.E0));
#3774=VECTOR('',#3773,1.500000000001E0);
#3775=CARTESIAN_POINT('',(4.040000086044E1,-3.794651890312E1,
-2.407526216636E0));
#3776=LINE('',#3775,#3774);
#3777=DIRECTION('',(0.E0,-1.E0,0.E0));
#3778=VECTOR('',#3777,1.4E1);
#3779=CARTESIAN_POINT('',(2.640000086044E1,-3.794651890312E1,
-9.075262166352E-1));
#3780=LINE('',#3779,#3778);
#3781=DIRECTION('',(0.E0,0.E0,1.E0));
#3782=VECTOR('',#3781,1.500000000001E0);
#3783=CARTESIAN_POINT('',(2.640000086044E1,-3.794651890312E1,
-2.407526216636E0));
#3784=LINE('',#3783,#3782);
#3785=DIRECTION('',(1.E0,0.E0,0.E0));
#3786=VECTOR('',#3785,1.4E1);
#3787=CARTESIAN_POINT('',(2.640000086044E1,-5.194651890313E1,
-9.075262166352E-1));
#3788=LINE('',#3787,#3786);
#3789=DIRECTION('',(0.E0,0.E0,1.E0));
#3790=VECTOR('',#3789,1.500000000001E0);
#3791=CARTESIAN_POINT('',(2.640000086044E1,-5.194651890313E1,
-2.407526216636E0));
#3792=LINE('',#3791,#3790);
#3793=DIRECTION('',(0.E0,1.E0,0.E0));
#3794=VECTOR('',#3793,1.4E1);
#3795=CARTESIAN_POINT('',(-8.344999913897E1,-3.289651890175E1,
-9.075262166353E-1));
#3796=LINE('',#3795,#3794);
#3797=DIRECTION('',(0.E0,0.E0,1.E0));
#3798=VECTOR('',#3797,1.500000000001E0);
#3799=CARTESIAN_POINT('',(-8.344999913897E1,-3.289651890175E1,
-2.407526216636E0));
#3800=LINE('',#3799,#3798);
#3801=DIRECTION('',(-1.E0,0.E0,0.E0));
#3802=VECTOR('',#3801,1.4E1);
#3803=CARTESIAN_POINT('',(-8.344999913897E1,-1.889651890174E1,
-9.075262166353E-1));
#3804=LINE('',#3803,#3802);
#3805=DIRECTION('',(0.E0,0.E0,1.E0));
#3806=VECTOR('',#3805,1.500000000001E0);
#3807=CARTESIAN_POINT('',(-8.344999913897E1,-1.889651890174E1,
-2.407526216636E0));
#3808=LINE('',#3807,#3806);
#3809=DIRECTION('',(0.E0,-1.E0,0.E0));
#3810=VECTOR('',#3809,1.4E1);
#3811=CARTESIAN_POINT('',(-9.744999913897E1,-1.889651890174E1,
-9.075262166353E-1));
#3812=LINE('',#3811,#3810);
#3813=DIRECTION('',(0.E0,0.E0,1.E0));
#3814=VECTOR('',#3813,1.500000000001E0);
#3815=CARTESIAN_POINT('',(-9.744999913897E1,-1.889651890174E1,
-2.407526216636E0));
#3816=LINE('',#3815,#3814);
#3817=DIRECTION('',(1.E0,0.E0,0.E0));
#3818=VECTOR('',#3817,1.4E1);
#3819=CARTESIAN_POINT('',(-9.744999913897E1,-3.289651890175E1,
-9.075262166353E-1));
#3820=LINE('',#3819,#3818);
#3821=DIRECTION('',(0.E0,0.E0,1.E0));
#3822=VECTOR('',#3821,1.500000000001E0);
#3823=CARTESIAN_POINT('',(-9.744999913897E1,-3.289651890175E1,
-2.407526216636E0));
#3824=LINE('',#3823,#3822);
#3825=DIRECTION('',(0.E0,1.E0,0.E0));
#3826=VECTOR('',#3825,1.4E1);
#3827=CARTESIAN_POINT('',(-7.864999914008E1,5.203481098425E0,
-9.075262166354E-1));
#3828=LINE('',#3827,#3826);
#3829=DIRECTION('',(0.E0,0.E0,1.E0));
#3830=VECTOR('',#3829,1.5E0);
#3831=CARTESIAN_POINT('',(-7.864999914008E1,5.203481098424E0,
-2.407526216636E0));
#3832=LINE('',#3831,#3830);
#3833=DIRECTION('',(-1.E0,0.E0,0.E0));
#3834=VECTOR('',#3833,1.4E1);
#3835=CARTESIAN_POINT('',(-7.864999914008E1,1.920348109843E1,
-9.075262166354E-1));
#3836=LINE('',#3835,#3834);
#3837=DIRECTION('',(0.E0,0.E0,1.E0));
#3838=VECTOR('',#3837,1.5E0);
#3839=CARTESIAN_POINT('',(-7.864999914008E1,1.920348109843E1,
-2.407526216636E0));
#3840=LINE('',#3839,#3838);
#3841=DIRECTION('',(0.E0,-1.E0,0.E0));
#3842=VECTOR('',#3841,1.4E1);
#3843=CARTESIAN_POINT('',(-9.264999914008E1,1.920348109843E1,
-9.075262166354E-1));
#3844=LINE('',#3843,#3842);
#3845=DIRECTION('',(0.E0,0.E0,1.E0));
#3846=VECTOR('',#3845,1.5E0);
#3847=CARTESIAN_POINT('',(-9.264999914008E1,1.920348109843E1,
-2.407526216636E0));
#3848=LINE('',#3847,#3846);
#3849=DIRECTION('',(1.E0,0.E0,0.E0));
#3850=VECTOR('',#3849,1.4E1);
#3851=CARTESIAN_POINT('',(-9.264999914008E1,5.203481098425E0,
-9.075262166354E-1));
#3852=LINE('',#3851,#3850);
#3853=DIRECTION('',(0.E0,0.E0,1.E0));
#3854=VECTOR('',#3853,1.5E0);
#3855=CARTESIAN_POINT('',(-9.264999914008E1,5.203481098424E0,
-2.407526216636E0));
#3856=LINE('',#3855,#3854);
#3857=DIRECTION('',(0.E0,1.E0,0.E0));
#3858=VECTOR('',#3857,1.4E1);
#3859=CARTESIAN_POINT('',(5.470000085992E1,5.203481098425E0,
-9.075262166354E-1));
#3860=LINE('',#3859,#3858);
#3861=DIRECTION('',(0.E0,0.E0,1.E0));
#3862=VECTOR('',#3861,1.5E0);
#3863=CARTESIAN_POINT('',(5.470000085992E1,5.203481098424E0,-2.407526216636E0));
#3864=LINE('',#3863,#3862);
#3865=DIRECTION('',(-1.E0,0.E0,0.E0));
#3866=VECTOR('',#3865,1.4E1);
#3867=CARTESIAN_POINT('',(5.470000085992E1,1.920348109843E1,
-9.075262166354E-1));
#3868=LINE('',#3867,#3866);
#3869=DIRECTION('',(0.E0,0.E0,1.E0));
#3870=VECTOR('',#3869,1.5E0);
#3871=CARTESIAN_POINT('',(5.470000085992E1,1.920348109843E1,-2.407526216636E0));
#3872=LINE('',#3871,#3870);
#3873=DIRECTION('',(0.E0,-1.E0,0.E0));
#3874=VECTOR('',#3873,1.4E1);
#3875=CARTESIAN_POINT('',(4.070000085992E1,1.920348109843E1,
-9.075262166354E-1));
#3876=LINE('',#3875,#3874);
#3877=DIRECTION('',(0.E0,0.E0,1.E0));
#3878=VECTOR('',#3877,1.5E0);
#3879=CARTESIAN_POINT('',(4.070000085992E1,1.920348109843E1,-2.407526216636E0));
#3880=LINE('',#3879,#3878);
#3881=DIRECTION('',(1.E0,0.E0,0.E0));
#3882=VECTOR('',#3881,1.4E1);
#3883=CARTESIAN_POINT('',(4.070000085992E1,5.203481098425E0,
-9.075262166354E-1));
#3884=LINE('',#3883,#3882);
#3885=DIRECTION('',(0.E0,0.E0,1.E0));
#3886=VECTOR('',#3885,1.5E0);
#3887=CARTESIAN_POINT('',(4.070000085992E1,5.203481098424E0,-2.407526216636E0));
#3888=LINE('',#3887,#3886);
#3889=DIRECTION('',(0.E0,1.E0,0.E0));
#3890=VECTOR('',#3889,1.4E1);
#3891=CARTESIAN_POINT('',(2.135000086044E1,-5.194651890313E1,
-9.075262166352E-1));
#3892=LINE('',#3891,#3890);
#3893=DIRECTION('',(0.E0,0.E0,1.E0));
#3894=VECTOR('',#3893,1.500000000001E0);
#3895=CARTESIAN_POINT('',(2.135000086044E1,-5.194651890313E1,
-2.407526216636E0));
#3896=LINE('',#3895,#3894);
#3897=DIRECTION('',(-1.E0,0.E0,0.E0));
#3898=VECTOR('',#3897,1.4E1);
#3899=CARTESIAN_POINT('',(2.135000086044E1,-3.794651890312E1,
-9.075262166352E-1));
#3900=LINE('',#3899,#3898);
#3901=DIRECTION('',(0.E0,0.E0,1.E0));
#3902=VECTOR('',#3901,1.500000000001E0);
#3903=CARTESIAN_POINT('',(2.135000086044E1,-3.794651890312E1,
-2.407526216636E0));
#3904=LINE('',#3903,#3902);
#3905=DIRECTION('',(0.E0,-1.E0,0.E0));
#3906=VECTOR('',#3905,1.4E1);
#3907=CARTESIAN_POINT('',(7.350000860440E0,-3.794651890312E1,
-9.075262166352E-1));
#3908=LINE('',#3907,#3906);
#3909=DIRECTION('',(0.E0,0.E0,1.E0));
#3910=VECTOR('',#3909,1.500000000001E0);
#3911=CARTESIAN_POINT('',(7.350000860440E0,-3.794651890312E1,
-2.407526216636E0));
#3912=LINE('',#3911,#3910);
#3913=DIRECTION('',(1.E0,0.E0,0.E0));
#3914=VECTOR('',#3913,1.4E1);
#3915=CARTESIAN_POINT('',(7.350000860440E0,-5.194651890313E1,
-9.075262166352E-1));
#3916=LINE('',#3915,#3914);
#3917=DIRECTION('',(0.E0,0.E0,1.E0));
#3918=VECTOR('',#3917,1.500000000001E0);
#3919=CARTESIAN_POINT('',(7.350000860440E0,-5.194651890313E1,
-2.407526216636E0));
#3920=LINE('',#3919,#3918);
#3921=DIRECTION('',(0.E0,1.E0,0.E0));
#3922=VECTOR('',#3921,1.4E1);
#3923=CARTESIAN_POINT('',(-5.009999914108E1,-1.384651890171E1,
-9.075262166353E-1));
#3924=LINE('',#3923,#3922);
#3925=DIRECTION('',(0.E0,0.E0,1.E0));
#3926=VECTOR('',#3925,1.500000000001E0);
#3927=CARTESIAN_POINT('',(-5.009999914108E1,-1.384651890171E1,
-2.407526216636E0));
#3928=LINE('',#3927,#3926);
#3929=DIRECTION('',(-1.E0,0.E0,0.E0));
#3930=VECTOR('',#3929,1.4E1);
#3931=CARTESIAN_POINT('',(-5.009999914108E1,1.534810982963E-1,
-9.075262166353E-1));
#3932=LINE('',#3931,#3930);
#3933=DIRECTION('',(0.E0,0.E0,1.E0));
#3934=VECTOR('',#3933,1.500000000001E0);
#3935=CARTESIAN_POINT('',(-5.009999914108E1,1.534810982963E-1,
-2.407526216636E0));
#3936=LINE('',#3935,#3934);
#3937=DIRECTION('',(0.E0,-1.E0,0.E0));
#3938=VECTOR('',#3937,1.4E1);
#3939=CARTESIAN_POINT('',(-6.409999914108E1,1.534810982963E-1,
-9.075262166353E-1));
#3940=LINE('',#3939,#3938);
#3941=DIRECTION('',(0.E0,0.E0,1.E0));
#3942=VECTOR('',#3941,1.500000000001E0);
#3943=CARTESIAN_POINT('',(-6.409999914108E1,1.534810982963E-1,
-2.407526216636E0));
#3944=LINE('',#3943,#3942);
#3945=DIRECTION('',(1.E0,0.E0,0.E0));
#3946=VECTOR('',#3945,1.4E1);
#3947=CARTESIAN_POINT('',(-6.409999914108E1,-1.384651890171E1,
-9.075262166353E-1));
#3948=LINE('',#3947,#3946);
#3949=DIRECTION('',(0.E0,0.E0,1.E0));
#3950=VECTOR('',#3949,1.500000000001E0);
#3951=CARTESIAN_POINT('',(-6.409999914108E1,-1.384651890171E1,
-2.407526216636E0));
#3952=LINE('',#3951,#3950);
#3953=DIRECTION('',(0.E0,1.E0,0.E0));
#3954=VECTOR('',#3953,1.4E1);
#3955=CARTESIAN_POINT('',(-5.484999913956E1,-5.194651890313E1,
-9.075262166352E-1));
#3956=LINE('',#3955,#3954);
#3957=DIRECTION('',(0.E0,0.E0,1.E0));
#3958=VECTOR('',#3957,1.500000000001E0);
#3959=CARTESIAN_POINT('',(-5.484999913956E1,-5.194651890313E1,
-2.407526216636E0));
#3960=LINE('',#3959,#3958);
#3961=DIRECTION('',(-1.E0,0.E0,0.E0));
#3962=VECTOR('',#3961,1.4E1);
#3963=CARTESIAN_POINT('',(-5.484999913956E1,-3.794651890312E1,
-9.075262166352E-1));
#3964=LINE('',#3963,#3962);
#3965=DIRECTION('',(0.E0,0.E0,1.E0));
#3966=VECTOR('',#3965,1.500000000001E0);
#3967=CARTESIAN_POINT('',(-5.484999913956E1,-3.794651890312E1,
-2.407526216636E0));
#3968=LINE('',#3967,#3966);
#3969=DIRECTION('',(0.E0,-1.E0,0.E0));
#3970=VECTOR('',#3969,1.4E1);
#3971=CARTESIAN_POINT('',(-6.884999913956E1,-3.794651890312E1,
-9.075262166352E-1));
#3972=LINE('',#3971,#3970);
#3973=DIRECTION('',(0.E0,0.E0,1.E0));
#3974=VECTOR('',#3973,1.500000000001E0);
#3975=CARTESIAN_POINT('',(-6.884999913956E1,-3.794651890312E1,
-2.407526216636E0));
#3976=LINE('',#3975,#3974);
#3977=DIRECTION('',(1.E0,0.E0,0.E0));
#3978=VECTOR('',#3977,1.4E1);
#3979=CARTESIAN_POINT('',(-6.884999913956E1,-5.194651890313E1,
-9.075262166352E-1));
#3980=LINE('',#3979,#3978);
#3981=DIRECTION('',(0.E0,0.E0,1.E0));
#3982=VECTOR('',#3981,1.500000000001E0);
#3983=CARTESIAN_POINT('',(-6.884999913956E1,-5.194651890313E1,
-2.407526216636E0));
#3984=LINE('',#3983,#3982);
#3985=DIRECTION('',(0.E0,1.E0,0.E0));
#3986=VECTOR('',#3985,1.4E1);
#3987=CARTESIAN_POINT('',(-1.310499991407E2,-1.384651890159E1,
-9.075262166353E-1));
#3988=LINE('',#3987,#3986);
#3989=DIRECTION('',(0.E0,0.E0,1.E0));
#3990=VECTOR('',#3989,1.500000000001E0);
#3991=CARTESIAN_POINT('',(-1.310499991407E2,-1.384651890159E1,
-2.407526216636E0));
#3992=LINE('',#3991,#3990);
#3993=DIRECTION('',(-1.E0,0.E0,0.E0));
#3994=VECTOR('',#3993,1.4E1);
#3995=CARTESIAN_POINT('',(-1.310499991407E2,1.534810984163E-1,
-9.075262166353E-1));
#3996=LINE('',#3995,#3994);
#3997=DIRECTION('',(0.E0,0.E0,1.E0));
#3998=VECTOR('',#3997,1.500000000001E0);
#3999=CARTESIAN_POINT('',(-1.310499991407E2,1.534810984163E-1,
-2.407526216636E0));
#4000=LINE('',#3999,#3998);
#4001=DIRECTION('',(0.E0,-1.E0,0.E0));
#4002=VECTOR('',#4001,1.4E1);
#4003=CARTESIAN_POINT('',(-1.450499991407E2,1.534810984163E-1,
-9.075262166353E-1));
#4004=LINE('',#4003,#4002);
#4005=DIRECTION('',(0.E0,0.E0,1.E0));
#4006=VECTOR('',#4005,1.500000000001E0);
#4007=CARTESIAN_POINT('',(-1.450499991407E2,1.534810984163E-1,
-2.407526216636E0));
#4008=LINE('',#4007,#4006);
#4009=DIRECTION('',(1.E0,0.E0,0.E0));
#4010=VECTOR('',#4009,1.4E1);
#4011=CARTESIAN_POINT('',(-1.450499991407E2,-1.384651890159E1,
-9.075262166353E-1));
#4012=LINE('',#4011,#4010);
#4013=DIRECTION('',(0.E0,0.E0,1.E0));
#4014=VECTOR('',#4013,1.500000000001E0);
#4015=CARTESIAN_POINT('',(-1.450499991407E2,-1.384651890159E1,
-2.407526216636E0));
#4016=LINE('',#4015,#4014);
#4017=DIRECTION('',(0.E0,1.E0,0.E0));
#4018=VECTOR('',#4017,1.4E1);
#4019=CARTESIAN_POINT('',(9.280000085992E1,5.203481098425E0,
-9.075262166354E-1));
#4020=LINE('',#4019,#4018);
#4021=DIRECTION('',(0.E0,0.E0,1.E0));
#4022=VECTOR('',#4021,1.5E0);
#4023=CARTESIAN_POINT('',(9.280000085992E1,5.203481098424E0,-2.407526216636E0));
#4024=LINE('',#4023,#4022);
#4025=DIRECTION('',(-1.E0,0.E0,0.E0));
#4026=VECTOR('',#4025,1.4E1);
#4027=CARTESIAN_POINT('',(9.280000085992E1,1.920348109843E1,
-9.075262166354E-1));
#4028=LINE('',#4027,#4026);
#4029=DIRECTION('',(0.E0,0.E0,1.E0));
#4030=VECTOR('',#4029,1.5E0);
#4031=CARTESIAN_POINT('',(9.280000085992E1,1.920348109843E1,-2.407526216636E0));
#4032=LINE('',#4031,#4030);
#4033=DIRECTION('',(0.E0,-1.E0,0.E0));
#4034=VECTOR('',#4033,1.4E1);
#4035=CARTESIAN_POINT('',(7.880000085992E1,1.920348109843E1,
-9.075262166354E-1));
#4036=LINE('',#4035,#4034);
#4037=DIRECTION('',(0.E0,0.E0,1.E0));
#4038=VECTOR('',#4037,1.5E0);
#4039=CARTESIAN_POINT('',(7.880000085992E1,1.920348109843E1,-2.407526216636E0));
#4040=LINE('',#4039,#4038);
#4041=DIRECTION('',(1.E0,0.E0,0.E0));
#4042=VECTOR('',#4041,1.4E1);
#4043=CARTESIAN_POINT('',(7.880000085992E1,5.203481098425E0,
-9.075262166354E-1));
#4044=LINE('',#4043,#4042);
#4045=DIRECTION('',(0.E0,0.E0,1.E0));
#4046=VECTOR('',#4045,1.5E0);
#4047=CARTESIAN_POINT('',(7.880000085992E1,5.203481098424E0,-2.407526216636E0));
#4048=LINE('',#4047,#4046);
#4049=DIRECTION('',(0.E0,1.E0,0.E0));
#4050=VECTOR('',#4049,1.4E1);
#4051=CARTESIAN_POINT('',(6.420000085892E1,-1.384651890171E1,
-9.075262166353E-1));
#4052=LINE('',#4051,#4050);
#4053=DIRECTION('',(0.E0,0.E0,1.E0));
#4054=VECTOR('',#4053,1.500000000001E0);
#4055=CARTESIAN_POINT('',(6.420000085892E1,-1.384651890171E1,
-2.407526216636E0));
#4056=LINE('',#4055,#4054);
#4057=DIRECTION('',(-1.E0,0.E0,0.E0));
#4058=VECTOR('',#4057,1.4E1);
#4059=CARTESIAN_POINT('',(6.420000085892E1,1.534810982963E-1,
-9.075262166353E-1));
#4060=LINE('',#4059,#4058);
#4061=DIRECTION('',(0.E0,0.E0,1.E0));
#4062=VECTOR('',#4061,1.500000000001E0);
#4063=CARTESIAN_POINT('',(6.420000085892E1,1.534810982963E-1,
-2.407526216636E0));
#4064=LINE('',#4063,#4062);
#4065=DIRECTION('',(0.E0,-1.E0,0.E0));
#4066=VECTOR('',#4065,1.4E1);
#4067=CARTESIAN_POINT('',(5.020000085892E1,1.534810982963E-1,
-9.075262166353E-1));
#4068=LINE('',#4067,#4066);
#4069=DIRECTION('',(0.E0,0.E0,1.E0));
#4070=VECTOR('',#4069,1.500000000001E0);
#4071=CARTESIAN_POINT('',(5.020000085892E1,1.534810982963E-1,
-2.407526216636E0));
#4072=LINE('',#4071,#4070);
#4073=DIRECTION('',(1.E0,0.E0,0.E0));
#4074=VECTOR('',#4073,1.4E1);
#4075=CARTESIAN_POINT('',(5.020000085892E1,-1.384651890171E1,
-9.075262166353E-1));
#4076=LINE('',#4075,#4074);
#4077=DIRECTION('',(0.E0,0.E0,1.E0));
#4078=VECTOR('',#4077,1.500000000001E0);
#4079=CARTESIAN_POINT('',(5.020000085892E1,-1.384651890171E1,
-2.407526216636E0));
#4080=LINE('',#4079,#4078);
#4081=DIRECTION('',(0.E0,1.E0,0.E0));
#4082=VECTOR('',#4081,1.4E1);
#4083=CARTESIAN_POINT('',(-7.249999138970E0,-3.289651890175E1,
-9.075262166353E-1));
#4084=LINE('',#4083,#4082);
#4085=DIRECTION('',(0.E0,0.E0,1.E0));
#4086=VECTOR('',#4085,1.500000000001E0);
#4087=CARTESIAN_POINT('',(-7.249999138970E0,-3.289651890175E1,
-2.407526216636E0));
#4088=LINE('',#4087,#4086);
#4089=DIRECTION('',(-1.E0,0.E0,0.E0));
#4090=VECTOR('',#4089,1.4E1);
#4091=CARTESIAN_POINT('',(-7.249999138970E0,-1.889651890174E1,
-9.075262166353E-1));
#4092=LINE('',#4091,#4090);
#4093=DIRECTION('',(0.E0,0.E0,1.E0));
#4094=VECTOR('',#4093,1.500000000001E0);
#4095=CARTESIAN_POINT('',(-7.249999138970E0,-1.889651890174E1,
-2.407526216636E0));
#4096=LINE('',#4095,#4094);
#4097=DIRECTION('',(0.E0,-1.E0,0.E0));
#4098=VECTOR('',#4097,1.4E1);
#4099=CARTESIAN_POINT('',(-2.124999913897E1,-1.889651890174E1,
-9.075262166353E-1));
#4100=LINE('',#4099,#4098);
#4101=DIRECTION('',(0.E0,0.E0,1.E0));
#4102=VECTOR('',#4101,1.500000000001E0);
#4103=CARTESIAN_POINT('',(-2.124999913897E1,-1.889651890174E1,
-2.407526216636E0));
#4104=LINE('',#4103,#4102);
#4105=DIRECTION('',(1.E0,0.E0,0.E0));
#4106=VECTOR('',#4105,1.4E1);
#4107=CARTESIAN_POINT('',(-2.124999913897E1,-3.289651890175E1,
-9.075262166353E-1));
#4108=LINE('',#4107,#4106);
#4109=DIRECTION('',(0.E0,0.E0,1.E0));
#4110=VECTOR('',#4109,1.500000000001E0);
#4111=CARTESIAN_POINT('',(-2.124999913897E1,-3.289651890175E1,
-2.407526216636E0));
#4112=LINE('',#4111,#4110);
#4113=DIRECTION('',(0.E0,1.E0,0.E0));
#4114=VECTOR('',#4113,1.4E1);
#4115=CARTESIAN_POINT('',(6.895000086103E1,-3.289651890175E1,
-9.075262166353E-1));
#4116=LINE('',#4115,#4114);
#4117=DIRECTION('',(0.E0,0.E0,1.E0));
#4118=VECTOR('',#4117,1.500000000001E0);
#4119=CARTESIAN_POINT('',(6.895000086103E1,-3.289651890175E1,
-2.407526216636E0));
#4120=LINE('',#4119,#4118);
#4121=DIRECTION('',(-1.E0,0.E0,0.E0));
#4122=VECTOR('',#4121,1.4E1);
#4123=CARTESIAN_POINT('',(6.895000086103E1,-1.889651890174E1,
-9.075262166353E-1));
#4124=LINE('',#4123,#4122);
#4125=DIRECTION('',(0.E0,0.E0,1.E0));
#4126=VECTOR('',#4125,1.500000000001E0);
#4127=CARTESIAN_POINT('',(6.895000086103E1,-1.889651890174E1,
-2.407526216636E0));
#4128=LINE('',#4127,#4126);
#4129=DIRECTION('',(0.E0,-1.E0,0.E0));
#4130=VECTOR('',#4129,1.4E1);
#4131=CARTESIAN_POINT('',(5.495000086103E1,-1.889651890174E1,
-9.075262166353E-1));
#4132=LINE('',#4131,#4130);
#4133=DIRECTION('',(0.E0,0.E0,1.E0));
#4134=VECTOR('',#4133,1.500000000001E0);
#4135=CARTESIAN_POINT('',(5.495000086103E1,-1.889651890174E1,
-2.407526216636E0));
#4136=LINE('',#4135,#4134);
#4137=DIRECTION('',(1.E0,0.E0,0.E0));
#4138=VECTOR('',#4137,1.4E1);
#4139=CARTESIAN_POINT('',(5.495000086103E1,-3.289651890175E1,
-9.075262166353E-1));
#4140=LINE('',#4139,#4138);
#4141=DIRECTION('',(0.E0,0.E0,1.E0));
#4142=VECTOR('',#4141,1.500000000001E0);
#4143=CARTESIAN_POINT('',(5.495000086103E1,-3.289651890175E1,
-2.407526216636E0));
#4144=LINE('',#4143,#4142);
#4145=DIRECTION('',(0.E0,1.E0,0.E0));
#4146=VECTOR('',#4145,1.4E1);
#4147=CARTESIAN_POINT('',(-1.167499991401E2,5.203481098425E0,
-9.075262166354E-1));
#4148=LINE('',#4147,#4146);
#4149=DIRECTION('',(0.E0,0.E0,1.E0));
#4150=VECTOR('',#4149,1.5E0);
#4151=CARTESIAN_POINT('',(-1.167499991401E2,5.203481098424E0,
-2.407526216636E0));
#4152=LINE('',#4151,#4150);
#4153=DIRECTION('',(-1.E0,0.E0,0.E0));
#4154=VECTOR('',#4153,1.4E1);
#4155=CARTESIAN_POINT('',(-1.167499991401E2,1.920348109843E1,
-9.075262166354E-1));
#4156=LINE('',#4155,#4154);
#4157=DIRECTION('',(0.E0,0.E0,1.E0));
#4158=VECTOR('',#4157,1.5E0);
#4159=CARTESIAN_POINT('',(-1.167499991401E2,1.920348109843E1,
-2.407526216636E0));
#4160=LINE('',#4159,#4158);
#4161=DIRECTION('',(0.E0,-1.E0,0.E0));
#4162=VECTOR('',#4161,1.4E1);
#4163=CARTESIAN_POINT('',(-1.307499991401E2,1.920348109843E1,
-9.075262166354E-1));
#4164=LINE('',#4163,#4162);
#4165=DIRECTION('',(0.E0,0.E0,1.E0));
#4166=VECTOR('',#4165,1.5E0);
#4167=CARTESIAN_POINT('',(-1.307499991401E2,1.920348109843E1,
-2.407526216636E0));
#4168=LINE('',#4167,#4166);
#4169=DIRECTION('',(1.E0,0.E0,0.E0));
#4170=VECTOR('',#4169,1.4E1);
#4171=CARTESIAN_POINT('',(-1.307499991401E2,5.203481098425E0,
-9.075262166354E-1));
#4172=LINE('',#4171,#4170);
#4173=DIRECTION('',(0.E0,0.E0,1.E0));
#4174=VECTOR('',#4173,1.5E0);
#4175=CARTESIAN_POINT('',(-1.307499991401E2,5.203481098424E0,
-2.407526216636E0));
#4176=LINE('',#4175,#4174);
#4177=DIRECTION('',(0.E0,1.E0,0.E0));
#4178=VECTOR('',#4177,1.4E1);
#4179=CARTESIAN_POINT('',(7.850000086044E1,-5.194651890313E1,
-9.075262166352E-1));
#4180=LINE('',#4179,#4178);
#4181=DIRECTION('',(0.E0,0.E0,1.E0));
#4182=VECTOR('',#4181,1.500000000001E0);
#4183=CARTESIAN_POINT('',(7.850000086044E1,-5.194651890313E1,
-2.407526216636E0));
#4184=LINE('',#4183,#4182);
#4185=DIRECTION('',(-1.E0,0.E0,0.E0));
#4186=VECTOR('',#4185,1.4E1);
#4187=CARTESIAN_POINT('',(7.850000086044E1,-3.794651890312E1,
-9.075262166352E-1));
#4188=LINE('',#4187,#4186);
#4189=DIRECTION('',(0.E0,0.E0,1.E0));
#4190=VECTOR('',#4189,1.500000000001E0);
#4191=CARTESIAN_POINT('',(7.850000086044E1,-3.794651890312E1,
-2.407526216636E0));
#4192=LINE('',#4191,#4190);
#4193=DIRECTION('',(0.E0,-1.E0,0.E0));
#4194=VECTOR('',#4193,1.4E1);
#4195=CARTESIAN_POINT('',(6.450000086044E1,-3.794651890312E1,
-9.075262166352E-1));
#4196=LINE('',#4195,#4194);
#4197=DIRECTION('',(0.E0,0.E0,1.E0));
#4198=VECTOR('',#4197,1.500000000001E0);
#4199=CARTESIAN_POINT('',(6.450000086044E1,-3.794651890312E1,
-2.407526216636E0));
#4200=LINE('',#4199,#4198);
#4201=DIRECTION('',(1.E0,0.E0,0.E0));
#4202=VECTOR('',#4201,1.4E1);
#4203=CARTESIAN_POINT('',(6.450000086044E1,-5.194651890313E1,
-9.075262166352E-1));
#4204=LINE('',#4203,#4202);
#4205=DIRECTION('',(0.E0,0.E0,1.E0));
#4206=VECTOR('',#4205,1.500000000001E0);
#4207=CARTESIAN_POINT('',(6.450000086044E1,-5.194651890313E1,
-2.407526216636E0));
#4208=LINE('',#4207,#4206);
#4209=DIRECTION('',(0.E0,1.E0,0.E0));
#4210=VECTOR('',#4209,1.4E1);
#4211=CARTESIAN_POINT('',(8.800000086103E1,-3.289651890175E1,
-9.075262166353E-1));
#4212=LINE('',#4211,#4210);
#4213=DIRECTION('',(0.E0,0.E0,1.E0));
#4214=VECTOR('',#4213,1.500000000001E0);
#4215=CARTESIAN_POINT('',(8.800000086103E1,-3.289651890175E1,
-2.407526216636E0));
#4216=LINE('',#4215,#4214);
#4217=DIRECTION('',(-1.E0,0.E0,0.E0));
#4218=VECTOR('',#4217,1.4E1);
#4219=CARTESIAN_POINT('',(8.800000086103E1,-1.889651890174E1,
-9.075262166353E-1));
#4220=LINE('',#4219,#4218);
#4221=DIRECTION('',(0.E0,0.E0,1.E0));
#4222=VECTOR('',#4221,1.500000000001E0);
#4223=CARTESIAN_POINT('',(8.800000086103E1,-1.889651890174E1,
-2.407526216636E0));
#4224=LINE('',#4223,#4222);
#4225=DIRECTION('',(0.E0,-1.E0,0.E0));
#4226=VECTOR('',#4225,1.4E1);
#4227=CARTESIAN_POINT('',(7.400000086103E1,-1.889651890174E1,
-9.075262166353E-1));
#4228=LINE('',#4227,#4226);
#4229=DIRECTION('',(0.E0,0.E0,1.E0));
#4230=VECTOR('',#4229,1.500000000001E0);
#4231=CARTESIAN_POINT('',(7.400000086103E1,-1.889651890174E1,
-2.407526216636E0));
#4232=LINE('',#4231,#4230);
#4233=DIRECTION('',(1.E0,0.E0,0.E0));
#4234=VECTOR('',#4233,1.4E1);
#4235=CARTESIAN_POINT('',(7.400000086103E1,-3.289651890175E1,
-9.075262166353E-1));
#4236=LINE('',#4235,#4234);
#4237=DIRECTION('',(0.E0,0.E0,1.E0));
#4238=VECTOR('',#4237,1.500000000001E0);
#4239=CARTESIAN_POINT('',(7.400000086103E1,-3.289651890175E1,
-2.407526216636E0));
#4240=LINE('',#4239,#4238);
#4241=DIRECTION('',(0.E0,1.E0,0.E0));
#4242=VECTOR('',#4241,1.4E1);
#4243=CARTESIAN_POINT('',(-1.674999913956E1,-5.194651890313E1,
-9.075262166352E-1));
#4244=LINE('',#4243,#4242);
#4245=DIRECTION('',(0.E0,0.E0,1.E0));
#4246=VECTOR('',#4245,1.500000000001E0);
#4247=CARTESIAN_POINT('',(-1.674999913956E1,-5.194651890313E1,
-2.407526216636E0));
#4248=LINE('',#4247,#4246);
#4249=DIRECTION('',(-1.E0,0.E0,0.E0));
#4250=VECTOR('',#4249,1.4E1);
#4251=CARTESIAN_POINT('',(-1.674999913956E1,-3.794651890312E1,
-9.075262166352E-1));
#4252=LINE('',#4251,#4250);
#4253=DIRECTION('',(0.E0,0.E0,1.E0));
#4254=VECTOR('',#4253,1.500000000001E0);
#4255=CARTESIAN_POINT('',(-1.674999913956E1,-3.794651890312E1,
-2.407526216636E0));
#4256=LINE('',#4255,#4254);
#4257=DIRECTION('',(0.E0,-1.E0,0.E0));
#4258=VECTOR('',#4257,1.4E1);
#4259=CARTESIAN_POINT('',(-3.074999913956E1,-3.794651890312E1,
-9.075262166352E-1));
#4260=LINE('',#4259,#4258);
#4261=DIRECTION('',(0.E0,0.E0,1.E0));
#4262=VECTOR('',#4261,1.500000000001E0);
#4263=CARTESIAN_POINT('',(-3.074999913956E1,-3.794651890312E1,
-2.407526216636E0));
#4264=LINE('',#4263,#4262);
#4265=DIRECTION('',(1.E0,0.E0,0.E0));
#4266=VECTOR('',#4265,1.4E1);
#4267=CARTESIAN_POINT('',(-3.074999913956E1,-5.194651890313E1,
-9.075262166352E-1));
#4268=LINE('',#4267,#4266);
#4269=DIRECTION('',(0.E0,0.E0,1.E0));
#4270=VECTOR('',#4269,1.500000000001E0);
#4271=CARTESIAN_POINT('',(-3.074999913956E1,-5.194651890313E1,
-2.407526216636E0));
#4272=LINE('',#4271,#4270);
#4273=DIRECTION('',(0.E0,1.E0,0.E0));
#4274=VECTOR('',#4273,1.4E1);
#4275=CARTESIAN_POINT('',(-2.629999913897E1,-3.289651890175E1,
-9.075262166353E-1));
#4276=LINE('',#4275,#4274);
#4277=DIRECTION('',(0.E0,0.E0,1.E0));
#4278=VECTOR('',#4277,1.500000000001E0);
#4279=CARTESIAN_POINT('',(-2.629999913897E1,-3.289651890175E1,
-2.407526216636E0));
#4280=LINE('',#4279,#4278);
#4281=DIRECTION('',(-1.E0,0.E0,0.E0));
#4282=VECTOR('',#4281,1.4E1);
#4283=CARTESIAN_POINT('',(-2.629999913897E1,-1.889651890174E1,
-9.075262166353E-1));
#4284=LINE('',#4283,#4282);
#4285=DIRECTION('',(0.E0,0.E0,1.E0));
#4286=VECTOR('',#4285,1.500000000001E0);
#4287=CARTESIAN_POINT('',(-2.629999913897E1,-1.889651890174E1,
-2.407526216636E0));
#4288=LINE('',#4287,#4286);
#4289=DIRECTION('',(0.E0,-1.E0,0.E0));
#4290=VECTOR('',#4289,1.4E1);
#4291=CARTESIAN_POINT('',(-4.029999913897E1,-1.889651890174E1,
-9.075262166353E-1));
#4292=LINE('',#4291,#4290);
#4293=DIRECTION('',(0.E0,0.E0,1.E0));
#4294=VECTOR('',#4293,1.500000000001E0);
#4295=CARTESIAN_POINT('',(-4.029999913897E1,-1.889651890174E1,
-2.407526216636E0));
#4296=LINE('',#4295,#4294);
#4297=DIRECTION('',(1.E0,0.E0,0.E0));
#4298=VECTOR('',#4297,1.4E1);
#4299=CARTESIAN_POINT('',(-4.029999913897E1,-3.289651890175E1,
-9.075262166353E-1));
#4300=LINE('',#4299,#4298);
#4301=DIRECTION('',(0.E0,0.E0,1.E0));
#4302=VECTOR('',#4301,1.500000000001E0);
#4303=CARTESIAN_POINT('',(-4.029999913897E1,-3.289651890175E1,
-2.407526216636E0));
#4304=LINE('',#4303,#4302);
#4305=DIRECTION('',(0.E0,1.E0,0.E0));
#4306=VECTOR('',#4305,1.4E1);
#4307=CARTESIAN_POINT('',(1.023000008589E2,-1.384651890171E1,
-9.075262166353E-1));
#4308=LINE('',#4307,#4306);
#4309=DIRECTION('',(0.E0,0.E0,1.E0));
#4310=VECTOR('',#4309,1.500000000001E0);
#4311=CARTESIAN_POINT('',(1.023000008589E2,-1.384651890171E1,
-2.407526216636E0));
#4312=LINE('',#4311,#4310);
#4313=DIRECTION('',(-1.E0,0.E0,0.E0));
#4314=VECTOR('',#4313,1.4E1);
#4315=CARTESIAN_POINT('',(1.023000008589E2,1.534810982963E-1,
-9.075262166353E-1));
#4316=LINE('',#4315,#4314);
#4317=DIRECTION('',(0.E0,0.E0,1.E0));
#4318=VECTOR('',#4317,1.500000000001E0);
#4319=CARTESIAN_POINT('',(1.023000008589E2,1.534810982963E-1,
-2.407526216636E0));
#4320=LINE('',#4319,#4318);
#4321=DIRECTION('',(0.E0,-1.E0,0.E0));
#4322=VECTOR('',#4321,1.4E1);
#4323=CARTESIAN_POINT('',(8.830000085892E1,1.534810982963E-1,
-9.075262166353E-1));
#4324=LINE('',#4323,#4322);
#4325=DIRECTION('',(0.E0,0.E0,1.E0));
#4326=VECTOR('',#4325,1.500000000001E0);
#4327=CARTESIAN_POINT('',(8.830000085892E1,1.534810982963E-1,
-2.407526216636E0));
#4328=LINE('',#4327,#4326);
#4329=DIRECTION('',(1.E0,0.E0,0.E0));
#4330=VECTOR('',#4329,1.4E1);
#4331=CARTESIAN_POINT('',(8.830000085892E1,-1.384651890171E1,
-9.075262166353E-1));
#4332=LINE('',#4331,#4330);
#4333=DIRECTION('',(0.E0,0.E0,1.E0));
#4334=VECTOR('',#4333,1.500000000001E0);
#4335=CARTESIAN_POINT('',(8.830000085892E1,-1.384651890171E1,
-2.407526216636E0));
#4336=LINE('',#4335,#4334);
#4337=DIRECTION('',(0.E0,1.E0,0.E0));
#4338=VECTOR('',#4337,1.4E1);
#4339=CARTESIAN_POINT('',(-1.024999991390E2,-3.289651890175E1,
-9.075262166353E-1));
#4340=LINE('',#4339,#4338);
#4341=DIRECTION('',(0.E0,0.E0,1.E0));
#4342=VECTOR('',#4341,1.500000000001E0);
#4343=CARTESIAN_POINT('',(-1.024999991390E2,-3.289651890175E1,
-2.407526216636E0));
#4344=LINE('',#4343,#4342);
#4345=DIRECTION('',(-1.E0,0.E0,0.E0));
#4346=VECTOR('',#4345,1.4E1);
#4347=CARTESIAN_POINT('',(-1.024999991390E2,-1.889651890174E1,
-9.075262166353E-1));
#4348=LINE('',#4347,#4346);
#4349=DIRECTION('',(0.E0,0.E0,1.E0));
#4350=VECTOR('',#4349,1.500000000001E0);
#4351=CARTESIAN_POINT('',(-1.024999991390E2,-1.889651890174E1,
-2.407526216636E0));
#4352=LINE('',#4351,#4350);
#4353=DIRECTION('',(0.E0,-1.E0,0.E0));
#4354=VECTOR('',#4353,1.4E1);
#4355=CARTESIAN_POINT('',(-1.164999991390E2,-1.889651890174E1,
-9.075262166353E-1));
#4356=LINE('',#4355,#4354);
#4357=DIRECTION('',(0.E0,0.E0,1.E0));
#4358=VECTOR('',#4357,1.500000000001E0);
#4359=CARTESIAN_POINT('',(-1.164999991390E2,-1.889651890174E1,
-2.407526216636E0));
#4360=LINE('',#4359,#4358);
#4361=DIRECTION('',(1.E0,0.E0,0.E0));
#4362=VECTOR('',#4361,1.4E1);
#4363=CARTESIAN_POINT('',(-1.164999991390E2,-3.289651890175E1,
-9.075262166353E-1));
#4364=LINE('',#4363,#4362);
#4365=DIRECTION('',(0.E0,0.E0,1.E0));
#4366=VECTOR('',#4365,1.500000000001E0);
#4367=CARTESIAN_POINT('',(-1.164999991390E2,-3.289651890175E1,
-2.407526216636E0));
#4368=LINE('',#4367,#4366);
#4369=DIRECTION('',(0.E0,1.E0,0.E0));
#4370=VECTOR('',#4369,1.4E1);
#4371=CARTESIAN_POINT('',(-6.439999913897E1,-3.289651890175E1,
-9.075262166353E-1));
#4372=LINE('',#4371,#4370);
#4373=DIRECTION('',(0.E0,0.E0,1.E0));
#4374=VECTOR('',#4373,1.500000000001E0);
#4375=CARTESIAN_POINT('',(-6.439999913897E1,-3.289651890175E1,
-2.407526216636E0));
#4376=LINE('',#4375,#4374);
#4377=DIRECTION('',(-1.E0,0.E0,0.E0));
#4378=VECTOR('',#4377,1.4E1);
#4379=CARTESIAN_POINT('',(-6.439999913897E1,-1.889651890174E1,
-9.075262166353E-1));
#4380=LINE('',#4379,#4378);
#4381=DIRECTION('',(0.E0,0.E0,1.E0));
#4382=VECTOR('',#4381,1.500000000001E0);
#4383=CARTESIAN_POINT('',(-6.439999913897E1,-1.889651890174E1,
-2.407526216636E0));
#4384=LINE('',#4383,#4382);
#4385=DIRECTION('',(0.E0,-1.E0,0.E0));
#4386=VECTOR('',#4385,1.4E1);
#4387=CARTESIAN_POINT('',(-7.839999913897E1,-1.889651890174E1,
-9.075262166353E-1));
#4388=LINE('',#4387,#4386);
#4389=DIRECTION('',(0.E0,0.E0,1.E0));
#4390=VECTOR('',#4389,1.500000000001E0);
#4391=CARTESIAN_POINT('',(-7.839999913897E1,-1.889651890174E1,
-2.407526216636E0));
#4392=LINE('',#4391,#4390);
#4393=DIRECTION('',(1.E0,0.E0,0.E0));
#4394=VECTOR('',#4393,1.4E1);
#4395=CARTESIAN_POINT('',(-7.839999913897E1,-3.289651890175E1,
-9.075262166353E-1));
#4396=LINE('',#4395,#4394);
#4397=DIRECTION('',(0.E0,0.E0,1.E0));
#4398=VECTOR('',#4397,1.500000000001E0);
#4399=CARTESIAN_POINT('',(-7.839999913897E1,-3.289651890175E1,
-2.407526216636E0));
#4400=LINE('',#4399,#4398);
#4401=DIRECTION('',(0.E0,-1.E0,0.E0));
#4402=VECTOR('',#4401,7.400385172992E-1);
#4403=CARTESIAN_POINT('',(-1.222249992326E2,-5.097151889903E1,
-9.075262166358E-1));
#4404=LINE('',#4403,#4402);
#4405=DIRECTION('',(0.E0,0.E0,1.E0));
#4406=VECTOR('',#4405,1.5E0);
#4407=CARTESIAN_POINT('',(-1.222249992326E2,-5.097151889903E1,
-2.407526216636E0));
#4408=LINE('',#4407,#4406);
#4409=DIRECTION('',(1.E0,1.359433522610E-8,0.E0));
#4410=VECTOR('',#4409,1.771542052873E0);
#4411=CARTESIAN_POINT('',(-1.222249992326E2,-5.171155741633E1,
-9.075262166358E-1));
#4412=LINE('',#4411,#4410);
#4413=DIRECTION('',(0.E0,0.E0,1.E0));
#4414=VECTOR('',#4413,1.5E0);
#4415=CARTESIAN_POINT('',(-1.222249992326E2,-5.171155741633E1,
-2.407526216636E0));
#4416=LINE('',#4415,#4414);
#4417=DIRECTION('',(0.E0,-1.E0,0.E0));
#4418=VECTOR('',#4417,1.500317069947E0);
#4419=CARTESIAN_POINT('',(-1.204534571797E2,-5.171155739224E1,
-9.075262166358E-1));
#4420=LINE('',#4419,#4418);
#4421=DIRECTION('',(0.E0,0.E0,1.E0));
#4422=VECTOR('',#4421,1.5E0);
#4423=CARTESIAN_POINT('',(-1.204534571797E2,-5.171155739224E1,
-2.407526216636E0));
#4424=LINE('',#4423,#4422);
#4425=DIRECTION('',(1.E0,0.E0,0.E0));
#4426=VECTOR('',#4425,3.105956494746E0);
#4427=CARTESIAN_POINT('',(-1.204534571797E2,-5.321187446219E1,
-9.075262166358E-1));
#4428=LINE('',#4427,#4426);
#4429=DIRECTION('',(0.E0,0.E0,1.E0));
#4430=VECTOR('',#4429,1.5E0);
#4431=CARTESIAN_POINT('',(-1.204534571797E2,-5.321187446219E1,
-2.407526216636E0));
#4432=LINE('',#4431,#4430);
#4433=DIRECTION('',(0.E0,1.E0,0.E0));
#4434=VECTOR('',#4433,1.500317069947E0);
#4435=CARTESIAN_POINT('',(-1.173475006850E2,-5.321187446219E1,
-9.075262166358E-1));
#4436=LINE('',#4435,#4434);
#4437=DIRECTION('',(0.E0,0.E0,1.E0));
#4438=VECTOR('',#4437,1.5E0);
#4439=CARTESIAN_POINT('',(-1.173475006850E2,-5.321187446219E1,
-2.407526216636E0));
#4440=LINE('',#4439,#4438);
#4441=DIRECTION('',(1.E0,-1.358697634153E-8,0.E0));
#4442=VECTOR('',#4441,1.772501543281E0);
#4443=CARTESIAN_POINT('',(-1.173475006850E2,-5.171155739224E1,
-9.075262166358E-1));
#4444=LINE('',#4443,#4442);
#4445=DIRECTION('',(0.E0,0.E0,1.E0));
#4446=VECTOR('',#4445,1.5E0);
#4447=CARTESIAN_POINT('',(-1.173475006850E2,-5.171155739224E1,
-2.407526216636E0));
#4448=LINE('',#4447,#4446);
#4449=DIRECTION('',(-5.684341890803E-14,1.E0,0.E0));
#4450=VECTOR('',#4449,6.499999994600E0);
#4451=CARTESIAN_POINT('',(-1.155749991417E2,-5.171155741633E1,
-9.075262166358E-1));
#4452=LINE('',#4451,#4450);
#4453=DIRECTION('',(0.E0,0.E0,1.E0));
#4454=VECTOR('',#4453,1.5E0);
#4455=CARTESIAN_POINT('',(-1.155749991417E2,-5.171155741633E1,
-2.407526216636E0));
#4456=LINE('',#4455,#4454);
#4457=DIRECTION('',(1.E0,1.263187088179E-13,0.E0));
#4458=VECTOR('',#4457,8.999999983019E-1);
#4459=CARTESIAN_POINT('',(-1.155749991417E2,-4.521155742173E1,
-9.075262166358E-1));
#4460=LINE('',#4459,#4458);
#4461=DIRECTION('',(-3.789561257387E-14,0.E0,1.E0));
#4462=VECTOR('',#4461,1.5E0);
#4463=CARTESIAN_POINT('',(-1.155749991417E2,-4.521155742173E1,
-2.407526216636E0));
#4464=LINE('',#4463,#4462);
#4465=DIRECTION('',(-1.334080237372E-13,1.E0,0.E0));
#4466=VECTOR('',#4465,2.450000002200E0);
#4467=CARTESIAN_POINT('',(-1.146749991434E2,-4.521155742173E1,
-9.075262166358E-1));
#4468=LINE('',#4467,#4466);
#4469=DIRECTION('',(1.894780628694E-14,0.E0,1.E0));
#4470=VECTOR('',#4469,1.5E0);
#4471=CARTESIAN_POINT('',(-1.146749991434E2,-4.521155742173E1,
-2.407526216636E0));
#4472=LINE('',#4471,#4470);
#4473=DIRECTION('',(-1.E0,-1.263187088180E-13,0.E0));
#4474=VECTOR('',#4473,8.999999983010E-1);
#4475=CARTESIAN_POINT('',(-1.146749991434E2,-4.276155741953E1,
-9.075262166358E-1));
#4476=LINE('',#4475,#4474);
#4477=DIRECTION('',(-1.894780628694E-14,0.E0,1.E0));
#4478=VECTOR('',#4477,1.5E0);
#4479=CARTESIAN_POINT('',(-1.146749991434E2,-4.276155741953E1,
-2.407526216636E0));
#4480=LINE('',#4479,#4478);
#4481=DIRECTION('',(-1.399222616002E-13,1.E0,0.E0));
#4482=VECTOR('',#4481,3.250000004900E0);
#4483=CARTESIAN_POINT('',(-1.155749991417E2,-4.276155741953E1,
-9.075262166358E-1));
#4484=LINE('',#4483,#4482);
#4485=DIRECTION('',(2.842170943040E-14,0.E0,1.E0));
#4486=VECTOR('',#4485,1.5E0);
#4487=CARTESIAN_POINT('',(-1.155749991417E2,-4.276155741953E1,
-2.407526216636E0));
#4488=LINE('',#4487,#4486);
#4489=DIRECTION('',(-1.E0,-2.136970395713E-14,0.E0));
#4490=VECTOR('',#4489,6.650000741100E0);
#4491=CARTESIAN_POINT('',(-1.155749991417E2,-3.951155741463E1,
-9.075262166358E-1));
#4492=LINE('',#4491,#4490);
#4493=DIRECTION('',(-1.894780628694E-14,0.E0,1.E0));
#4494=VECTOR('',#4493,1.5E0);
#4495=CARTESIAN_POINT('',(-1.155749991417E2,-3.951155741463E1,
-2.407526216636E0));
#4496=LINE('',#4495,#4494);
#4497=DIRECTION('',(1.268045491773E-13,-1.E0,0.E0));
#4498=VECTOR('',#4497,3.250000015100E0);
#4499=CARTESIAN_POINT('',(-1.222249998828E2,-3.951155741463E1,
-9.075262166358E-1));
#4500=LINE('',#4499,#4498);
#4501=DIRECTION('',(-3.789561257387E-14,0.E0,1.E0));
#4502=VECTOR('',#4501,1.5E0);
#4503=CARTESIAN_POINT('',(-1.222249998828E2,-3.951155741463E1,
-2.407526216636E0));
#4504=LINE('',#4503,#4502);
#4505=DIRECTION('',(-1.E0,-8.484096126301E-14,1.850593467549E-13));
#4506=VECTOR('',#4505,1.674999257864E0);
#4507=CARTESIAN_POINT('',(-1.222249998828E2,-4.276155742973E1,
-9.075262166358E-1));
#4508=LINE('',#4507,#4506);
#4509=DIRECTION('',(2.842170943040E-14,0.E0,1.E0));
#4510=VECTOR('',#4509,1.5E0);
#4511=CARTESIAN_POINT('',(-1.222249998828E2,-4.276155742973E1,
-2.407526216636E0));
#4512=LINE('',#4511,#4510);
#4513=DIRECTION('',(0.E0,0.E0,1.E0));
#4514=VECTOR('',#4513,1.5E0);
#4515=CARTESIAN_POINT('',(-1.238999991407E2,-4.276155742973E1,
-2.407526216636E0));
#4516=LINE('',#4515,#4514);
#4517=DIRECTION('',(0.E0,1.E0,6.435322258899E-14));
#4518=VECTOR('',#4517,4.815038528092E0);
#4519=CARTESIAN_POINT('',(-1.238999991407E2,-4.276155742973E1,
-9.075262166355E-1));
#4520=LINE('',#4519,#4518);
#4521=DIRECTION('',(-1.E0,0.E0,0.E0));
#4522=VECTOR('',#4521,1.4E1);
#4523=CARTESIAN_POINT('',(-1.238999991407E2,-3.794651890163E1,
-9.075262166352E-1));
#4524=LINE('',#4523,#4522);
#4525=DIRECTION('',(0.E0,0.E0,1.E0));
#4526=VECTOR('',#4525,1.500000000001E0);
#4527=CARTESIAN_POINT('',(-1.238999991407E2,-3.794651890163E1,
-2.407526216636E0));
#4528=LINE('',#4527,#4526);
#4529=DIRECTION('',(0.E0,0.E0,-1.E0));
#4530=VECTOR('',#4529,1.5E0);
#4531=CARTESIAN_POINT('',(-1.378999991407E2,-4.276155743733E1,
-9.075262166355E-1));
#4532=LINE('',#4531,#4530);
#4533=DIRECTION('',(0.E0,-1.E0,-6.437627989424E-14));
#4534=VECTOR('',#4533,4.815038535693E0);
#4535=CARTESIAN_POINT('',(-1.378999991407E2,-3.794651890163E1,
-9.075262166352E-1));
#4536=LINE('',#4535,#4534);
#4537=DIRECTION('',(0.E0,0.E0,1.E0));
#4538=VECTOR('',#4537,1.500000000001E0);
#4539=CARTESIAN_POINT('',(-1.378999991407E2,-3.794651890163E1,
-2.407526216636E0));
#4540=LINE('',#4539,#4538);
#4541=DIRECTION('',(-1.E0,1.145351966288E-13,-1.850591834419E-13));
#4542=VECTOR('',#4541,1.675000736036E0);
#4543=CARTESIAN_POINT('',(-1.378999991407E2,-4.276155743733E1,
-9.075262166355E-1));
#4544=LINE('',#4543,#4542);
#4545=DIRECTION('',(-1.399222615960E-13,1.E0,0.E0));
#4546=VECTOR('',#4545,3.250000005E0);
#4547=CARTESIAN_POINT('',(-1.395749998767E2,-4.276155743733E1,
-9.075262166358E-1));
#4548=LINE('',#4547,#4546);
#4549=DIRECTION('',(1.894780628694E-14,-1.421085471520E-14,1.E0));
#4550=VECTOR('',#4549,1.5E0);
#4551=CARTESIAN_POINT('',(-1.395749998767E2,-4.276155743733E1,
-2.407526216636E0));
#4552=LINE('',#4551,#4550);
#4553=DIRECTION('',(-1.E0,-2.564365044916E-14,0.E0));
#4554=VECTOR('',#4553,6.649999262800E0);
#4555=CARTESIAN_POINT('',(-1.395749998767E2,-3.951155743233E1,
-9.075262166358E-1));
#4556=LINE('',#4555,#4554);
#4557=DIRECTION('',(-3.789561257387E-14,0.E0,1.E0));
#4558=VECTOR('',#4557,1.5E0);
#4559=CARTESIAN_POINT('',(-1.395749998767E2,-3.951155743233E1,
-2.407526216636E0));
#4560=LINE('',#4559,#4558);
#4561=DIRECTION('',(1.399222615960E-13,-1.E0,0.E0));
#4562=VECTOR('',#4561,3.250000005E0);
#4563=CARTESIAN_POINT('',(-1.462249991395E2,-3.951155743233E1,
-9.075262166358E-1));
#4564=LINE('',#4563,#4562);
#4565=DIRECTION('',(-3.789561257387E-14,0.E0,1.E0));
#4566=VECTOR('',#4565,1.5E0);
#4567=CARTESIAN_POINT('',(-1.462249991395E2,-3.951155743233E1,
-2.407526216636E0));
#4568=LINE('',#4567,#4566);
#4569=DIRECTION('',(-1.E0,-1.263187077371E-13,0.E0));
#4570=VECTOR('',#4569,9.000000060025E-1);
#4571=CARTESIAN_POINT('',(-1.462249991395E2,-4.276155743733E1,
-9.075262166358E-1));
#4572=LINE('',#4571,#4570);
#4573=DIRECTION('',(3.789561257387E-14,0.E0,1.E0));
#4574=VECTOR('',#4573,1.5E0);
#4575=CARTESIAN_POINT('',(-1.462249991395E2,-4.276155743733E1,
-2.407526216636E0));
#4576=LINE('',#4575,#4574);
#4577=DIRECTION('',(1.276076748791E-13,-1.E0,0.E0));
#4578=VECTOR('',#4577,2.450000002199E0);
#4579=CARTESIAN_POINT('',(-1.471249991455E2,-4.276155743733E1,
-9.075262166358E-1));
#4580=LINE('',#4579,#4578);
#4581=DIRECTION('',(-3.789561257387E-14,0.E0,1.E0));
#4582=VECTOR('',#4581,1.5E0);
#4583=CARTESIAN_POINT('',(-1.471249991455E2,-4.276155743733E1,
-2.407526216636E0));
#4584=LINE('',#4583,#4582);
#4585=DIRECTION('',(1.E0,1.263187077372E-13,0.E0));
#4586=VECTOR('',#4585,9.000000060016E-1);
#4587=CARTESIAN_POINT('',(-1.471249991455E2,-4.521155743953E1,
-9.075262166358E-1));
#4588=LINE('',#4587,#4586);
#4589=DIRECTION('',(0.E0,0.E0,1.E0));
#4590=VECTOR('',#4589,1.5E0);
#4591=CARTESIAN_POINT('',(-1.471249991455E2,-4.521155743953E1,
-2.407526216636E0));
#4592=LINE('',#4591,#4590);
#4593=DIRECTION('',(4.809827753756E-14,-1.E0,0.E0));
#4594=VECTOR('',#4593,6.499999994601E0);
#4595=CARTESIAN_POINT('',(-1.462249991395E2,-4.521155743953E1,
-9.075262166358E-1));
#4596=LINE('',#4595,#4594);
#4597=DIRECTION('',(-3.789561257387E-14,0.E0,1.E0));
#4598=VECTOR('',#4597,1.5E0);
#4599=CARTESIAN_POINT('',(-1.462249991395E2,-4.521155743953E1,
-2.407526216636E0));
#4600=LINE('',#4599,#4598);
#4601=DIRECTION('',(1.E0,1.359005231874E-8,0.E0));
#4602=VECTOR('',#4601,1.771541961194E0);
#4603=CARTESIAN_POINT('',(-1.462249991395E2,-5.171155743413E1,
-9.075262166358E-1));
#4604=LINE('',#4603,#4602);
#4605=DIRECTION('',(0.E0,0.E0,1.E0));
#4606=VECTOR('',#4605,1.5E0);
#4607=CARTESIAN_POINT('',(-1.462249991395E2,-5.171155743413E1,
-2.407526216636E0));
#4608=LINE('',#4607,#4606);
#4609=DIRECTION('',(0.E0,-1.E0,0.E0));
#4610=VECTOR('',#4609,1.500317057215E0);
#4611=CARTESIAN_POINT('',(-1.444534571783E2,-5.171155741005E1,
-9.075262166358E-1));
#4612=LINE('',#4611,#4610);
#4613=DIRECTION('',(0.E0,0.E0,1.E0));
#4614=VECTOR('',#4613,1.5E0);
#4615=CARTESIAN_POINT('',(-1.444534571783E2,-5.171155741005E1,
-2.407526216636E0));
#4616=LINE('',#4615,#4614);
#4617=DIRECTION('',(1.E0,0.E0,0.E0));
#4618=VECTOR('',#4617,3.105956494885E0);
#4619=CARTESIAN_POINT('',(-1.444534571783E2,-5.321187446727E1,
-9.075262166358E-1));
#4620=LINE('',#4619,#4618);
#4621=DIRECTION('',(0.E0,0.E0,1.E0));
#4622=VECTOR('',#4621,1.5E0);
#4623=CARTESIAN_POINT('',(-1.444534571783E2,-5.321187446727E1,
-2.407526216636E0));
#4624=LINE('',#4623,#4622);
#4625=DIRECTION('',(0.E0,1.E0,0.E0));
#4626=VECTOR('',#4625,1.500317057215E0);
#4627=CARTESIAN_POINT('',(-1.413475006834E2,-5.321187446727E1,
-9.075262166358E-1));
#4628=LINE('',#4627,#4626);
#4629=DIRECTION('',(0.E0,0.E0,1.E0));
#4630=VECTOR('',#4629,1.5E0);
#4631=CARTESIAN_POINT('',(-1.413475006834E2,-5.321187446727E1,
-2.407526216636E0));
#4632=LINE('',#4631,#4630);
#4633=DIRECTION('',(1.E0,-1.358269574977E-8,0.E0));
#4634=VECTOR('',#4633,1.772501451921E0);
#4635=CARTESIAN_POINT('',(-1.413475006834E2,-5.171155741005E1,
-9.075262166358E-1));
#4636=LINE('',#4635,#4634);
#4637=DIRECTION('',(0.E0,0.E0,1.E0));
#4638=VECTOR('',#4637,1.5E0);
#4639=CARTESIAN_POINT('',(-1.413475006834E2,-5.171155741005E1,
-2.407526216636E0));
#4640=LINE('',#4639,#4638);
#4641=DIRECTION('',(0.E0,1.E0,0.E0));
#4642=VECTOR('',#4641,7.400385350999E-1);
#4643=CARTESIAN_POINT('',(-1.395749992315E2,-5.171155743413E1,
-9.075262166358E-1));
#4644=LINE('',#4643,#4642);
#4645=DIRECTION('',(0.E0,0.E0,1.E0));
#4646=VECTOR('',#4645,1.5E0);
#4647=CARTESIAN_POINT('',(-1.395749992315E2,-5.171155743413E1,
-2.407526216636E0));
#4648=LINE('',#4647,#4646);
#4649=DIRECTION('',(1.E0,0.E0,1.849266907895E-13));
#4650=VECTOR('',#4649,1.675000090836E0);
#4651=CARTESIAN_POINT('',(-1.395749992315E2,-5.097151889903E1,
-9.075262166358E-1));
#4652=LINE('',#4651,#4650);
#4653=DIRECTION('',(0.E0,0.E0,1.E0));
#4654=VECTOR('',#4653,1.5E0);
#4655=CARTESIAN_POINT('',(-1.395749992315E2,-5.097151889903E1,
-2.407526216636E0));
#4656=LINE('',#4655,#4654);
#4657=DIRECTION('',(0.E0,0.E0,1.E0));
#4658=VECTOR('',#4657,1.5E0);
#4659=CARTESIAN_POINT('',(-1.378999991407E2,-5.097151889903E1,
-2.407526216636E0));
#4660=LINE('',#4659,#4658);
#4661=DIRECTION('',(0.E0,-1.E0,3.176945877351E-13));
#4662=VECTOR('',#4661,9.750000026085E-1);
#4663=CARTESIAN_POINT('',(-1.378999991407E2,-5.097151889903E1,
-9.075262166355E-1));
#4664=LINE('',#4663,#4662);
#4665=DIRECTION('',(1.E0,0.E0,0.E0));
#4666=VECTOR('',#4665,1.4E1);
#4667=CARTESIAN_POINT('',(-1.378999991407E2,-5.194651890164E1,
-9.075262166352E-1));
#4668=LINE('',#4667,#4666);
#4669=DIRECTION('',(0.E0,0.E0,1.E0));
#4670=VECTOR('',#4669,1.500000000001E0);
#4671=CARTESIAN_POINT('',(-1.378999991407E2,-5.194651890164E1,
-2.407526216636E0));
#4672=LINE('',#4671,#4670);
#4673=DIRECTION('',(0.E0,0.E0,-1.E0));
#4674=VECTOR('',#4673,1.5E0);
#4675=CARTESIAN_POINT('',(-1.238999991407E2,-5.097151889903E1,
-9.075262166355E-1));
#4676=LINE('',#4675,#4674);
#4677=DIRECTION('',(0.E0,1.E0,-3.176945877351E-13));
#4678=VECTOR('',#4677,9.750000026085E-1);
#4679=CARTESIAN_POINT('',(-1.238999991407E2,-5.194651890164E1,
-9.075262166352E-1));
#4680=LINE('',#4679,#4678);
#4681=DIRECTION('',(0.E0,0.E0,1.E0));
#4682=VECTOR('',#4681,1.500000000001E0);
#4683=CARTESIAN_POINT('',(-1.238999991407E2,-5.194651890164E1,
-2.407526216636E0));
#4684=LINE('',#4683,#4682);
#4685=DIRECTION('',(1.E0,0.E0,-1.849267109683E-13));
#4686=VECTOR('',#4685,1.674999908064E0);
#4687=CARTESIAN_POINT('',(-1.238999991407E2,-5.097151889903E1,
-9.075262166355E-1));
#4688=LINE('',#4687,#4686);
#4689=DIRECTION('',(0.E0,1.E0,0.E0));
#4690=VECTOR('',#4689,1.4E1);
#4691=CARTESIAN_POINT('',(-9.294999913956E1,-5.194651890313E1,
-9.075262166352E-1));
#4692=LINE('',#4691,#4690);
#4693=DIRECTION('',(0.E0,0.E0,1.E0));
#4694=VECTOR('',#4693,1.500000000001E0);
#4695=CARTESIAN_POINT('',(-9.294999913956E1,-5.194651890313E1,
-2.407526216636E0));
#4696=LINE('',#4695,#4694);
#4697=DIRECTION('',(-1.E0,0.E0,0.E0));
#4698=VECTOR('',#4697,1.4E1);
#4699=CARTESIAN_POINT('',(-9.294999913956E1,-3.794651890312E1,
-9.075262166352E-1));
#4700=LINE('',#4699,#4698);
#4701=DIRECTION('',(0.E0,0.E0,1.E0));
#4702=VECTOR('',#4701,1.500000000001E0);
#4703=CARTESIAN_POINT('',(-9.294999913956E1,-3.794651890312E1,
-2.407526216636E0));
#4704=LINE('',#4703,#4702);
#4705=DIRECTION('',(0.E0,-1.E0,0.E0));
#4706=VECTOR('',#4705,1.4E1);
#4707=CARTESIAN_POINT('',(-1.069499991396E2,-3.794651890312E1,
-9.075262166352E-1));
#4708=LINE('',#4707,#4706);
#4709=DIRECTION('',(0.E0,0.E0,1.E0));
#4710=VECTOR('',#4709,1.500000000001E0);
#4711=CARTESIAN_POINT('',(-1.069499991396E2,-3.794651890312E1,
-2.407526216636E0));
#4712=LINE('',#4711,#4710);
#4713=DIRECTION('',(1.E0,0.E0,0.E0));
#4714=VECTOR('',#4713,1.4E1);
#4715=CARTESIAN_POINT('',(-1.069499991396E2,-5.194651890313E1,
-9.075262166352E-1));
#4716=LINE('',#4715,#4714);
#4717=DIRECTION('',(0.E0,0.E0,1.E0));
#4718=VECTOR('',#4717,1.500000000001E0);
#4719=CARTESIAN_POINT('',(-1.069499991396E2,-5.194651890313E1,
-2.407526216636E0));
#4720=LINE('',#4719,#4718);
#4721=DIRECTION('',(0.E0,1.E0,0.E0));
#4722=VECTOR('',#4721,1.4E1);
#4723=CARTESIAN_POINT('',(-3.579999913956E1,-5.194651890313E1,
-9.075262166352E-1));
#4724=LINE('',#4723,#4722);
#4725=DIRECTION('',(0.E0,0.E0,1.E0));
#4726=VECTOR('',#4725,1.500000000001E0);
#4727=CARTESIAN_POINT('',(-3.579999913956E1,-5.194651890313E1,
-2.407526216636E0));
#4728=LINE('',#4727,#4726);
#4729=DIRECTION('',(-1.E0,0.E0,0.E0));
#4730=VECTOR('',#4729,1.4E1);
#4731=CARTESIAN_POINT('',(-3.579999913956E1,-3.794651890312E1,
-9.075262166352E-1));
#4732=LINE('',#4731,#4730);
#4733=DIRECTION('',(0.E0,0.E0,1.E0));
#4734=VECTOR('',#4733,1.500000000001E0);
#4735=CARTESIAN_POINT('',(-3.579999913956E1,-3.794651890312E1,
-2.407526216636E0));
#4736=LINE('',#4735,#4734);
#4737=DIRECTION('',(0.E0,-1.E0,0.E0));
#4738=VECTOR('',#4737,1.4E1);
#4739=CARTESIAN_POINT('',(-4.979999913956E1,-3.794651890312E1,
-9.075262166352E-1));
#4740=LINE('',#4739,#4738);
#4741=DIRECTION('',(0.E0,0.E0,1.E0));
#4742=VECTOR('',#4741,1.500000000001E0);
#4743=CARTESIAN_POINT('',(-4.979999913956E1,-3.794651890312E1,
-2.407526216636E0));
#4744=LINE('',#4743,#4742);
#4745=DIRECTION('',(1.E0,0.E0,0.E0));
#4746=VECTOR('',#4745,1.4E1);
#4747=CARTESIAN_POINT('',(-4.979999913956E1,-5.194651890313E1,
-9.075262166352E-1));
#4748=LINE('',#4747,#4746);
#4749=DIRECTION('',(0.E0,0.E0,1.E0));
#4750=VECTOR('',#4749,1.500000000001E0);
#4751=CARTESIAN_POINT('',(-4.979999913956E1,-5.194651890313E1,
-2.407526216636E0));
#4752=LINE('',#4751,#4750);
#4753=DIRECTION('',(0.E0,1.E0,0.E0));
#4754=VECTOR('',#4753,1.4E1);
#4755=CARTESIAN_POINT('',(7.050000858920E0,-1.384651890171E1,
-9.075262166353E-1));
#4756=LINE('',#4755,#4754);
#4757=DIRECTION('',(0.E0,0.E0,1.E0));
#4758=VECTOR('',#4757,1.500000000001E0);
#4759=CARTESIAN_POINT('',(7.050000858920E0,-1.384651890171E1,
-2.407526216636E0));
#4760=LINE('',#4759,#4758);
#4761=DIRECTION('',(-1.E0,0.E0,0.E0));
#4762=VECTOR('',#4761,1.4E1);
#4763=CARTESIAN_POINT('',(7.050000858920E0,1.534810982963E-1,
-9.075262166353E-1));
#4764=LINE('',#4763,#4762);
#4765=DIRECTION('',(0.E0,0.E0,1.E0));
#4766=VECTOR('',#4765,1.500000000001E0);
#4767=CARTESIAN_POINT('',(7.050000858920E0,1.534810982963E-1,
-2.407526216636E0));
#4768=LINE('',#4767,#4766);
#4769=DIRECTION('',(0.E0,-1.E0,0.E0));
#4770=VECTOR('',#4769,1.4E1);
#4771=CARTESIAN_POINT('',(-6.949999141080E0,1.534810982963E-1,
-9.075262166353E-1));
#4772=LINE('',#4771,#4770);
#4773=DIRECTION('',(0.E0,0.E0,1.E0));
#4774=VECTOR('',#4773,1.500000000001E0);
#4775=CARTESIAN_POINT('',(-6.949999141080E0,1.534810982963E-1,
-2.407526216636E0));
#4776=LINE('',#4775,#4774);
#4777=DIRECTION('',(1.E0,0.E0,0.E0));
#4778=VECTOR('',#4777,1.4E1);
#4779=CARTESIAN_POINT('',(-6.949999141080E0,-1.384651890171E1,
-9.075262166353E-1));
#4780=LINE('',#4779,#4778);
#4781=DIRECTION('',(0.E0,0.E0,1.E0));
#4782=VECTOR('',#4781,1.500000000001E0);
#4783=CARTESIAN_POINT('',(-6.949999141080E0,-1.384651890171E1,
-2.407526216636E0));
#4784=LINE('',#4783,#4782);
#4785=DIRECTION('',(0.E0,1.E0,0.E0));
#4786=VECTOR('',#4785,1.4E1);
#4787=CARTESIAN_POINT('',(-6.914999914108E1,-1.384651890171E1,
-9.075262166353E-1));
#4788=LINE('',#4787,#4786);
#4789=DIRECTION('',(0.E0,0.E0,1.E0));
#4790=VECTOR('',#4789,1.500000000001E0);
#4791=CARTESIAN_POINT('',(-6.914999914108E1,-1.384651890171E1,
-2.407526216636E0));
#4792=LINE('',#4791,#4790);
#4793=DIRECTION('',(-1.E0,0.E0,0.E0));
#4794=VECTOR('',#4793,1.4E1);
#4795=CARTESIAN_POINT('',(-6.914999914108E1,1.534810982963E-1,
-9.075262166353E-1));
#4796=LINE('',#4795,#4794);
#4797=DIRECTION('',(0.E0,0.E0,1.E0));
#4798=VECTOR('',#4797,1.500000000001E0);
#4799=CARTESIAN_POINT('',(-6.914999914108E1,1.534810982963E-1,
-2.407526216636E0));
#4800=LINE('',#4799,#4798);
#4801=DIRECTION('',(0.E0,-1.E0,0.E0));
#4802=VECTOR('',#4801,1.4E1);
#4803=CARTESIAN_POINT('',(-8.314999914108E1,1.534810982963E-1,
-9.075262166353E-1));
#4804=LINE('',#4803,#4802);
#4805=DIRECTION('',(0.E0,0.E0,1.E0));
#4806=VECTOR('',#4805,1.500000000001E0);
#4807=CARTESIAN_POINT('',(-8.314999914108E1,1.534810982963E-1,
-2.407526216636E0));
#4808=LINE('',#4807,#4806);
#4809=DIRECTION('',(1.E0,0.E0,0.E0));
#4810=VECTOR('',#4809,1.4E1);
#4811=CARTESIAN_POINT('',(-8.314999914108E1,-1.384651890171E1,
-9.075262166353E-1));
#4812=LINE('',#4811,#4810);
#4813=DIRECTION('',(0.E0,0.E0,1.E0));
#4814=VECTOR('',#4813,1.500000000001E0);
#4815=CARTESIAN_POINT('',(-8.314999914108E1,-1.384651890171E1,
-2.407526216636E0));
#4816=LINE('',#4815,#4814);
#4817=DIRECTION('',(0.E0,1.E0,0.E0));
#4818=VECTOR('',#4817,1.4E1);
#4819=CARTESIAN_POINT('',(-5.959999914008E1,5.203481098425E0,
-9.075262166354E-1));
#4820=LINE('',#4819,#4818);
#4821=DIRECTION('',(0.E0,0.E0,1.E0));
#4822=VECTOR('',#4821,1.5E0);
#4823=CARTESIAN_POINT('',(-5.959999914008E1,5.203481098424E0,
-2.407526216636E0));
#4824=LINE('',#4823,#4822);
#4825=DIRECTION('',(-1.E0,0.E0,0.E0));
#4826=VECTOR('',#4825,1.4E1);
#4827=CARTESIAN_POINT('',(-5.959999914008E1,1.920348109843E1,
-9.075262166354E-1));
#4828=LINE('',#4827,#4826);
#4829=DIRECTION('',(0.E0,0.E0,1.E0));
#4830=VECTOR('',#4829,1.5E0);
#4831=CARTESIAN_POINT('',(-5.959999914008E1,1.920348109843E1,
-2.407526216636E0));
#4832=LINE('',#4831,#4830);
#4833=DIRECTION('',(0.E0,-1.E0,0.E0));
#4834=VECTOR('',#4833,1.4E1);
#4835=CARTESIAN_POINT('',(-7.359999914008E1,1.920348109843E1,
-9.075262166354E-1));
#4836=LINE('',#4835,#4834);
#4837=DIRECTION('',(0.E0,0.E0,1.E0));
#4838=VECTOR('',#4837,1.5E0);
#4839=CARTESIAN_POINT('',(-7.359999914008E1,1.920348109843E1,
-2.407526216636E0));
#4840=LINE('',#4839,#4838);
#4841=DIRECTION('',(1.E0,0.E0,0.E0));
#4842=VECTOR('',#4841,1.4E1);
#4843=CARTESIAN_POINT('',(-7.359999914008E1,5.203481098425E0,
-9.075262166354E-1));
#4844=LINE('',#4843,#4842);
#4845=DIRECTION('',(0.E0,0.E0,1.E0));
#4846=VECTOR('',#4845,1.5E0);
#4847=CARTESIAN_POINT('',(-7.359999914008E1,5.203481098424E0,
-2.407526216636E0));
#4848=LINE('',#4847,#4846);
#4849=DIRECTION('',(0.E0,1.E0,0.E0));
#4850=VECTOR('',#4849,1.4E1);
#4851=CARTESIAN_POINT('',(3.565000085992E1,5.203481098425E0,
-9.075262166354E-1));
#4852=LINE('',#4851,#4850);
#4853=DIRECTION('',(0.E0,0.E0,1.E0));
#4854=VECTOR('',#4853,1.5E0);
#4855=CARTESIAN_POINT('',(3.565000085992E1,5.203481098424E0,-2.407526216636E0));
#4856=LINE('',#4855,#4854);
#4857=DIRECTION('',(-1.E0,0.E0,0.E0));
#4858=VECTOR('',#4857,1.4E1);
#4859=CARTESIAN_POINT('',(3.565000085992E1,1.920348109843E1,
-9.075262166354E-1));
#4860=LINE('',#4859,#4858);
#4861=DIRECTION('',(0.E0,0.E0,1.E0));
#4862=VECTOR('',#4861,1.5E0);
#4863=CARTESIAN_POINT('',(3.565000085992E1,1.920348109843E1,-2.407526216636E0));
#4864=LINE('',#4863,#4862);
#4865=DIRECTION('',(0.E0,-1.E0,0.E0));
#4866=VECTOR('',#4865,1.4E1);
#4867=CARTESIAN_POINT('',(2.165000085992E1,1.920348109843E1,
-9.075262166354E-1));
#4868=LINE('',#4867,#4866);
#4869=DIRECTION('',(0.E0,0.E0,1.E0));
#4870=VECTOR('',#4869,1.5E0);
#4871=CARTESIAN_POINT('',(2.165000085992E1,1.920348109843E1,-2.407526216636E0));
#4872=LINE('',#4871,#4870);
#4873=DIRECTION('',(1.E0,0.E0,0.E0));
#4874=VECTOR('',#4873,1.4E1);
#4875=CARTESIAN_POINT('',(2.165000085992E1,5.203481098425E0,
-9.075262166354E-1));
#4876=LINE('',#4875,#4874);
#4877=DIRECTION('',(0.E0,0.E0,1.E0));
#4878=VECTOR('',#4877,1.5E0);
#4879=CARTESIAN_POINT('',(2.165000085992E1,5.203481098424E0,-2.407526216636E0));
#4880=LINE('',#4879,#4878);
#4881=DIRECTION('',(0.E0,1.E0,0.E0));
#4882=VECTOR('',#4881,1.4E1);
#4883=CARTESIAN_POINT('',(-7.389999913956E1,-5.194651890313E1,
-9.075262166352E-1));
#4884=LINE('',#4883,#4882);
#4885=DIRECTION('',(0.E0,0.E0,1.E0));
#4886=VECTOR('',#4885,1.500000000001E0);
#4887=CARTESIAN_POINT('',(-7.389999913956E1,-5.194651890313E1,
-2.407526216636E0));
#4888=LINE('',#4887,#4886);
#4889=DIRECTION('',(-1.E0,0.E0,0.E0));
#4890=VECTOR('',#4889,1.4E1);
#4891=CARTESIAN_POINT('',(-7.389999913956E1,-3.794651890312E1,
-9.075262166352E-1));
#4892=LINE('',#4891,#4890);
#4893=DIRECTION('',(0.E0,0.E0,1.E0));
#4894=VECTOR('',#4893,1.500000000001E0);
#4895=CARTESIAN_POINT('',(-7.389999913956E1,-3.794651890312E1,
-2.407526216636E0));
#4896=LINE('',#4895,#4894);
#4897=DIRECTION('',(0.E0,-1.E0,0.E0));
#4898=VECTOR('',#4897,1.4E1);
#4899=CARTESIAN_POINT('',(-8.789999913956E1,-3.794651890312E1,
-9.075262166352E-1));
#4900=LINE('',#4899,#4898);
#4901=DIRECTION('',(0.E0,0.E0,1.E0));
#4902=VECTOR('',#4901,1.500000000001E0);
#4903=CARTESIAN_POINT('',(-8.789999913956E1,-3.794651890312E1,
-2.407526216636E0));
#4904=LINE('',#4903,#4902);
#4905=DIRECTION('',(1.E0,0.E0,0.E0));
#4906=VECTOR('',#4905,1.4E1);
#4907=CARTESIAN_POINT('',(-8.789999913956E1,-5.194651890313E1,
-9.075262166352E-1));
#4908=LINE('',#4907,#4906);
#4909=DIRECTION('',(0.E0,0.E0,1.E0));
#4910=VECTOR('',#4909,1.500000000001E0);
#4911=CARTESIAN_POINT('',(-8.789999913956E1,-5.194651890313E1,
-2.407526216636E0));
#4912=LINE('',#4911,#4910);
#4913=DIRECTION('',(0.E0,1.E0,0.E0));
#4914=VECTOR('',#4913,1.4E1);
#4915=CARTESIAN_POINT('',(-1.333999991400E2,-7.099651890161E1,
-9.075262166352E-1));
#4916=LINE('',#4915,#4914);
#4917=DIRECTION('',(0.E0,0.E0,1.E0));
#4918=VECTOR('',#4917,1.500000000001E0);
#4919=CARTESIAN_POINT('',(-1.333999991400E2,-7.099651890161E1,
-2.407526216636E0));
#4920=LINE('',#4919,#4918);
#4921=DIRECTION('',(-1.E0,0.E0,0.E0));
#4922=VECTOR('',#4921,1.4E1);
#4923=CARTESIAN_POINT('',(-1.333999991400E2,-5.699651890161E1,
-9.075262166352E-1));
#4924=LINE('',#4923,#4922);
#4925=DIRECTION('',(0.E0,0.E0,1.E0));
#4926=VECTOR('',#4925,1.500000000001E0);
#4927=CARTESIAN_POINT('',(-1.333999991400E2,-5.699651890161E1,
-2.407526216636E0));
#4928=LINE('',#4927,#4926);
#4929=DIRECTION('',(0.E0,-1.E0,0.E0));
#4930=VECTOR('',#4929,1.4E1);
#4931=CARTESIAN_POINT('',(-1.473999991400E2,-5.699651890161E1,
-9.075262166352E-1));
#4932=LINE('',#4931,#4930);
#4933=DIRECTION('',(0.E0,0.E0,1.E0));
#4934=VECTOR('',#4933,1.500000000001E0);
#4935=CARTESIAN_POINT('',(-1.473999991400E2,-5.699651890161E1,
-2.407526216636E0));
#4936=LINE('',#4935,#4934);
#4937=DIRECTION('',(1.E0,0.E0,0.E0));
#4938=VECTOR('',#4937,1.4E1);
#4939=CARTESIAN_POINT('',(-1.473999991400E2,-7.099651890161E1,
-9.075262166352E-1));
#4940=LINE('',#4939,#4938);
#4941=DIRECTION('',(0.E0,0.E0,1.E0));
#4942=VECTOR('',#4941,1.500000000001E0);
#4943=CARTESIAN_POINT('',(-1.473999991400E2,-7.099651890161E1,
-2.407526216636E0));
#4944=LINE('',#4943,#4942);
#4945=DIRECTION('',(0.E0,1.E0,0.E0));
#4946=VECTOR('',#4945,1.4E1);
#4947=CARTESIAN_POINT('',(-8.819999914108E1,-1.384651890171E1,
-9.075262166353E-1));
#4948=LINE('',#4947,#4946);
#4949=DIRECTION('',(0.E0,0.E0,1.E0));
#4950=VECTOR('',#4949,1.500000000001E0);
#4951=CARTESIAN_POINT('',(-8.819999914108E1,-1.384651890171E1,
-2.407526216636E0));
#4952=LINE('',#4951,#4950);
#4953=DIRECTION('',(-1.E0,0.E0,0.E0));
#4954=VECTOR('',#4953,1.4E1);
#4955=CARTESIAN_POINT('',(-8.819999914108E1,1.534810982963E-1,
-9.075262166353E-1));
#4956=LINE('',#4955,#4954);
#4957=DIRECTION('',(0.E0,0.E0,1.E0));
#4958=VECTOR('',#4957,1.500000000001E0);
#4959=CARTESIAN_POINT('',(-8.819999914108E1,1.534810982963E-1,
-2.407526216636E0));
#4960=LINE('',#4959,#4958);
#4961=DIRECTION('',(0.E0,-1.E0,0.E0));
#4962=VECTOR('',#4961,1.4E1);
#4963=CARTESIAN_POINT('',(-1.021999991411E2,1.534810982963E-1,
-9.075262166353E-1));
#4964=LINE('',#4963,#4962);
#4965=DIRECTION('',(0.E0,0.E0,1.E0));
#4966=VECTOR('',#4965,1.500000000001E0);
#4967=CARTESIAN_POINT('',(-1.021999991411E2,1.534810982963E-1,
-2.407526216636E0));
#4968=LINE('',#4967,#4966);
#4969=DIRECTION('',(1.E0,0.E0,0.E0));
#4970=VECTOR('',#4969,1.4E1);
#4971=CARTESIAN_POINT('',(-1.021999991411E2,-1.384651890171E1,
-9.075262166353E-1));
#4972=LINE('',#4971,#4970);
#4973=DIRECTION('',(0.E0,0.E0,1.E0));
#4974=VECTOR('',#4973,1.500000000001E0);
#4975=CARTESIAN_POINT('',(-1.021999991411E2,-1.384651890171E1,
-2.407526216636E0));
#4976=LINE('',#4975,#4974);
#4977=DIRECTION('',(0.E0,1.E0,0.E0));
#4978=VECTOR('',#4977,1.4E1);
#4979=CARTESIAN_POINT('',(8.080000085970E1,-7.099651890161E1,
-9.075262166352E-1));
#4980=LINE('',#4979,#4978);
#4981=DIRECTION('',(0.E0,0.E0,1.E0));
#4982=VECTOR('',#4981,1.500000000001E0);
#4983=CARTESIAN_POINT('',(8.080000085970E1,-7.099651890161E1,
-2.407526216636E0));
#4984=LINE('',#4983,#4982);
#4985=DIRECTION('',(-1.E0,0.E0,0.E0));
#4986=VECTOR('',#4985,1.4E1);
#4987=CARTESIAN_POINT('',(8.080000085970E1,-5.699651890161E1,
-9.075262166352E-1));
#4988=LINE('',#4987,#4986);
#4989=DIRECTION('',(0.E0,0.E0,1.E0));
#4990=VECTOR('',#4989,1.500000000001E0);
#4991=CARTESIAN_POINT('',(8.080000085970E1,-5.699651890161E1,
-2.407526216636E0));
#4992=LINE('',#4991,#4990);
#4993=DIRECTION('',(0.E0,-1.E0,0.E0));
#4994=VECTOR('',#4993,1.4E1);
#4995=CARTESIAN_POINT('',(6.680000085970E1,-5.699651890161E1,
-9.075262166352E-1));
#4996=LINE('',#4995,#4994);
#4997=DIRECTION('',(0.E0,0.E0,1.E0));
#4998=VECTOR('',#4997,1.500000000001E0);
#4999=CARTESIAN_POINT('',(6.680000085970E1,-5.699651890161E1,
-2.407526216636E0));
#5000=LINE('',#4999,#4998);
#5001=DIRECTION('',(1.E0,0.E0,0.E0));
#5002=VECTOR('',#5001,1.4E1);
#5003=CARTESIAN_POINT('',(6.680000085970E1,-7.099651890161E1,
-9.075262166352E-1));
#5004=LINE('',#5003,#5002);
#5005=DIRECTION('',(0.E0,0.E0,1.E0));
#5006=VECTOR('',#5005,1.500000000001E0);
#5007=CARTESIAN_POINT('',(6.680000085970E1,-7.099651890161E1,
-2.407526216636E0));
#5008=LINE('',#5007,#5006);
#5009=DIRECTION('',(0.E0,1.E0,0.E0));
#5010=VECTOR('',#5009,1.4E1);
#5011=CARTESIAN_POINT('',(-8.569999913996E1,-7.099651890161E1,
-9.075262166352E-1));
#5012=LINE('',#5011,#5010);
#5013=DIRECTION('',(0.E0,0.E0,1.E0));
#5014=VECTOR('',#5013,1.500000000001E0);
#5015=CARTESIAN_POINT('',(-8.569999913996E1,-7.099651890161E1,
-2.407526216636E0));
#5016=LINE('',#5015,#5014);
#5017=DIRECTION('',(-1.E0,0.E0,0.E0));
#5018=VECTOR('',#5017,1.4E1);
#5019=CARTESIAN_POINT('',(-8.569999913996E1,-5.699651890161E1,
-9.075262166352E-1));
#5020=LINE('',#5019,#5018);
#5021=DIRECTION('',(0.E0,0.E0,1.E0));
#5022=VECTOR('',#5021,1.500000000001E0);
#5023=CARTESIAN_POINT('',(-8.569999913996E1,-5.699651890161E1,
-2.407526216636E0));
#5024=LINE('',#5023,#5022);
#5025=DIRECTION('',(0.E0,-1.E0,0.E0));
#5026=VECTOR('',#5025,1.4E1);
#5027=CARTESIAN_POINT('',(-9.969999913996E1,-5.699651890161E1,
-9.075262166352E-1));
#5028=LINE('',#5027,#5026);
#5029=DIRECTION('',(0.E0,0.E0,1.E0));
#5030=VECTOR('',#5029,1.500000000001E0);
#5031=CARTESIAN_POINT('',(-9.969999913996E1,-5.699651890161E1,
-2.407526216636E0));
#5032=LINE('',#5031,#5030);
#5033=DIRECTION('',(1.E0,0.E0,0.E0));
#5034=VECTOR('',#5033,1.4E1);
#5035=CARTESIAN_POINT('',(-9.969999913996E1,-7.099651890161E1,
-9.075262166352E-1));
#5036=LINE('',#5035,#5034);
#5037=DIRECTION('',(0.E0,0.E0,1.E0));
#5038=VECTOR('',#5037,1.500000000001E0);
#5039=CARTESIAN_POINT('',(-9.969999913996E1,-7.099651890161E1,
-2.407526216636E0));
#5040=LINE('',#5039,#5038);
#5041=DIRECTION('',(0.E0,1.E0,0.E0));
#5042=VECTOR('',#5041,1.4E1);
#5043=CARTESIAN_POINT('',(2.300000860440E0,-5.194651890313E1,
-9.075262166352E-1));
#5044=LINE('',#5043,#5042);
#5045=DIRECTION('',(0.E0,0.E0,1.E0));
#5046=VECTOR('',#5045,1.500000000001E0);
#5047=CARTESIAN_POINT('',(2.300000860440E0,-5.194651890313E1,
-2.407526216636E0));
#5048=LINE('',#5047,#5046);
#5049=DIRECTION('',(-1.E0,0.E0,0.E0));
#5050=VECTOR('',#5049,1.4E1);
#5051=CARTESIAN_POINT('',(2.300000860440E0,-3.794651890312E1,
-9.075262166352E-1));
#5052=LINE('',#5051,#5050);
#5053=DIRECTION('',(0.E0,0.E0,1.E0));
#5054=VECTOR('',#5053,1.500000000001E0);
#5055=CARTESIAN_POINT('',(2.300000860440E0,-3.794651890312E1,
-2.407526216636E0));
#5056=LINE('',#5055,#5054);
#5057=DIRECTION('',(0.E0,-1.E0,0.E0));
#5058=VECTOR('',#5057,1.4E1);
#5059=CARTESIAN_POINT('',(-1.169999913956E1,-3.794651890312E1,
-9.075262166352E-1));
#5060=LINE('',#5059,#5058);
#5061=DIRECTION('',(0.E0,0.E0,1.E0));
#5062=VECTOR('',#5061,1.500000000001E0);
#5063=CARTESIAN_POINT('',(-1.169999913956E1,-3.794651890312E1,
-2.407526216636E0));
#5064=LINE('',#5063,#5062);
#5065=DIRECTION('',(1.E0,0.E0,0.E0));
#5066=VECTOR('',#5065,1.4E1);
#5067=CARTESIAN_POINT('',(-1.169999913956E1,-5.194651890313E1,
-9.075262166352E-1));
#5068=LINE('',#5067,#5066);
#5069=DIRECTION('',(0.E0,0.E0,1.E0));
#5070=VECTOR('',#5069,1.500000000001E0);
#5071=CARTESIAN_POINT('',(-1.169999913956E1,-5.194651890313E1,
-2.407526216636E0));
#5072=LINE('',#5071,#5070);
#5073=DIRECTION('',(0.E0,1.E0,0.E0));
#5074=VECTOR('',#5073,1.4E1);
#5075=CARTESIAN_POINT('',(1.261250008593E2,-1.384651890159E1,
-9.075262166353E-1));
#5076=LINE('',#5075,#5074);
#5077=DIRECTION('',(0.E0,0.E0,1.E0));
#5078=VECTOR('',#5077,1.500000000001E0);
#5079=CARTESIAN_POINT('',(1.261250008593E2,-1.384651890159E1,
-2.407526216636E0));
#5080=LINE('',#5079,#5078);
#5081=DIRECTION('',(-1.E0,0.E0,0.E0));
#5082=VECTOR('',#5081,1.4E1);
#5083=CARTESIAN_POINT('',(1.261250008593E2,1.534810984163E-1,
-9.075262166353E-1));
#5084=LINE('',#5083,#5082);
#5085=DIRECTION('',(0.E0,0.E0,1.E0));
#5086=VECTOR('',#5085,1.500000000001E0);
#5087=CARTESIAN_POINT('',(1.261250008593E2,1.534810984163E-1,
-2.407526216636E0));
#5088=LINE('',#5087,#5086);
#5089=DIRECTION('',(0.E0,-1.E0,0.E0));
#5090=VECTOR('',#5089,1.4E1);
#5091=CARTESIAN_POINT('',(1.121250008593E2,1.534810984163E-1,
-9.075262166353E-1));
#5092=LINE('',#5091,#5090);
#5093=DIRECTION('',(0.E0,0.E0,1.E0));
#5094=VECTOR('',#5093,1.500000000001E0);
#5095=CARTESIAN_POINT('',(1.121250008593E2,1.534810984163E-1,
-2.407526216636E0));
#5096=LINE('',#5095,#5094);
#5097=DIRECTION('',(1.E0,0.E0,0.E0));
#5098=VECTOR('',#5097,1.4E1);
#5099=CARTESIAN_POINT('',(1.121250008593E2,-1.384651890159E1,
-9.075262166353E-1));
#5100=LINE('',#5099,#5098);
#5101=DIRECTION('',(0.E0,0.E0,1.E0));
#5102=VECTOR('',#5101,1.500000000001E0);
#5103=CARTESIAN_POINT('',(1.121250008593E2,-1.384651890159E1,
-2.407526216636E0));
#5104=LINE('',#5103,#5102);
#5105=DIRECTION('',(0.E0,-1.E0,0.E0));
#5106=VECTOR('',#5105,7.400385172992E-1);
#5107=CARTESIAN_POINT('',(1.230500007679E2,6.178481099763E0,
-9.075262166358E-1));
#5108=LINE('',#5107,#5106);
#5109=DIRECTION('',(0.E0,0.E0,1.E0));
#5110=VECTOR('',#5109,1.5E0);
#5111=CARTESIAN_POINT('',(1.230500007679E2,6.178481099763E0,-2.407526216636E0));
#5112=LINE('',#5111,#5110);
#5113=DIRECTION('',(1.E0,1.359433522610E-8,0.E0));
#5114=VECTOR('',#5113,1.771542052873E0);
#5115=CARTESIAN_POINT('',(1.230500007679E2,5.438442582464E0,
-9.075262166358E-1));
#5116=LINE('',#5115,#5114);
#5117=DIRECTION('',(0.E0,0.E0,1.E0));
#5118=VECTOR('',#5117,1.5E0);
#5119=CARTESIAN_POINT('',(1.230500007679E2,5.438442582464E0,-2.407526216636E0));
#5120=LINE('',#5119,#5118);
#5121=DIRECTION('',(0.E0,-1.E0,0.E0));
#5122=VECTOR('',#5121,1.500317069947E0);
#5123=CARTESIAN_POINT('',(1.248215428208E2,5.438442606547E0,
-9.075262166358E-1));
#5124=LINE('',#5123,#5122);
#5125=DIRECTION('',(1.894780628694E-14,0.E0,1.E0));
#5126=VECTOR('',#5125,1.5E0);
#5127=CARTESIAN_POINT('',(1.248215428208E2,5.438442606547E0,-2.407526216636E0));
#5128=LINE('',#5127,#5126);
#5129=DIRECTION('',(1.E0,0.E0,0.E0));
#5130=VECTOR('',#5129,3.105956494746E0);
#5131=CARTESIAN_POINT('',(1.248215428208E2,3.938125536599E0,
-9.075262166358E-1));
#5132=LINE('',#5131,#5130);
#5133=DIRECTION('',(1.894780628694E-14,0.E0,1.E0));
#5134=VECTOR('',#5133,1.5E0);
#5135=CARTESIAN_POINT('',(1.248215428208E2,3.938125536599E0,-2.407526216636E0));
#5136=LINE('',#5135,#5134);
#5137=DIRECTION('',(0.E0,1.E0,0.E0));
#5138=VECTOR('',#5137,1.500317069947E0);
#5139=CARTESIAN_POINT('',(1.279274993155E2,3.938125536599E0,
-9.075262166358E-1));
#5140=LINE('',#5139,#5138);
#5141=DIRECTION('',(0.E0,0.E0,1.E0));
#5142=VECTOR('',#5141,1.5E0);
#5143=CARTESIAN_POINT('',(1.279274993155E2,3.938125536599E0,-2.407526216636E0));
#5144=LINE('',#5143,#5142);
#5145=DIRECTION('',(1.E0,-1.358697634153E-8,0.E0));
#5146=VECTOR('',#5145,1.772501543281E0);
#5147=CARTESIAN_POINT('',(1.279274993155E2,5.438442606547E0,
-9.075262166358E-1));
#5148=LINE('',#5147,#5146);
#5149=DIRECTION('',(0.E0,0.E0,1.E0));
#5150=VECTOR('',#5149,1.5E0);
#5151=CARTESIAN_POINT('',(1.279274993155E2,5.438442606547E0,-2.407526216636E0));
#5152=LINE('',#5151,#5150);
#5153=DIRECTION('',(-6.121598959326E-14,1.E0,0.E0));
#5154=VECTOR('',#5153,6.499999994600E0);
#5155=CARTESIAN_POINT('',(1.297000008588E2,5.438442582464E0,
-9.075262166358E-1));
#5156=LINE('',#5155,#5154);
#5157=DIRECTION('',(1.894780628694E-14,0.E0,1.E0));
#5158=VECTOR('',#5157,1.5E0);
#5159=CARTESIAN_POINT('',(1.297000008588E2,5.438442582464E0,-2.407526216636E0));
#5160=LINE('',#5159,#5158);
#5161=DIRECTION('',(1.E0,1.559246561972E-13,0.E0));
#5162=VECTOR('',#5161,8.999999983012E-1);
#5163=CARTESIAN_POINT('',(1.297000008588E2,1.193844257706E1,
-9.075262166358E-1));
#5164=LINE('',#5163,#5162);
#5165=DIRECTION('',(-1.894780628694E-14,0.E0,1.E0));
#5166=VECTOR('',#5165,1.5E0);
#5167=CARTESIAN_POINT('',(1.297000008588E2,1.193844257706E1,-2.407526216636E0));
#5168=LINE('',#5167,#5166);
#5169=DIRECTION('',(-1.392083725954E-13,1.E0,0.E0));
#5170=VECTOR('',#5169,2.450000002200E0);
#5171=CARTESIAN_POINT('',(1.306000008571E2,1.193844257706E1,
-9.075262166358E-1));
#5172=LINE('',#5171,#5170);
#5173=DIRECTION('',(3.789561257387E-14,0.E0,1.E0));
#5174=VECTOR('',#5173,1.5E0);
#5175=CARTESIAN_POINT('',(1.306000008571E2,1.193844257706E1,-2.407526216636E0));
#5176=LINE('',#5175,#5174);
#5177=DIRECTION('',(-1.E0,-1.263187088181E-13,0.E0));
#5178=VECTOR('',#5177,8.999999983004E-1);
#5179=CARTESIAN_POINT('',(1.306000008571E2,1.438844257926E1,
-9.075262166358E-1));
#5180=LINE('',#5179,#5178);
#5181=DIRECTION('',(0.E0,0.E0,1.E0));
#5182=VECTOR('',#5181,1.5E0);
#5183=CARTESIAN_POINT('',(1.306000008571E2,1.438844257926E1,-2.407526216636E0));
#5184=LINE('',#5183,#5182);
#5185=DIRECTION('',(-1.399222616002E-13,1.E0,0.E0));
#5186=VECTOR('',#5185,3.250000004900E0);
#5187=CARTESIAN_POINT('',(1.297000008588E2,1.438844257926E1,
-9.075262166358E-1));
#5188=LINE('',#5187,#5186);
#5189=DIRECTION('',(0.E0,0.E0,1.E0));
#5190=VECTOR('',#5189,1.5E0);
#5191=CARTESIAN_POINT('',(1.297000008588E2,1.438844257926E1,-2.407526216636E0));
#5192=LINE('',#5191,#5190);
#5193=DIRECTION('',(-1.E0,-1.869849096249E-14,0.E0));
#5194=VECTOR('',#5193,6.650000741100E0);
#5195=CARTESIAN_POINT('',(1.297000008588E2,1.763844258416E1,
-9.075262166358E-1));
#5196=LINE('',#5195,#5194);
#5197=DIRECTION('',(-1.894780628694E-14,0.E0,1.E0));
#5198=VECTOR('',#5197,1.5E0);
#5199=CARTESIAN_POINT('',(1.297000008588E2,1.763844258416E1,-2.407526216636E0));
#5200=LINE('',#5199,#5198);
#5201=DIRECTION('',(1.268045491773E-13,-1.E0,0.E0));
#5202=VECTOR('',#5201,3.250000015100E0);
#5203=CARTESIAN_POINT('',(1.230500001177E2,1.763844258416E1,
-9.075262166358E-1));
#5204=LINE('',#5203,#5202);
#5205=DIRECTION('',(-1.894780628694E-14,0.E0,1.E0));
#5206=VECTOR('',#5205,1.5E0);
#5207=CARTESIAN_POINT('',(1.230500001177E2,1.763844258416E1,-2.407526216636E0));
#5208=LINE('',#5207,#5206);
#5209=DIRECTION('',(-1.E0,-7.847788916825E-14,1.460855301747E-13));
#5210=VECTOR('',#5209,1.674999257865E0);
#5211=CARTESIAN_POINT('',(1.230500001177E2,1.438844256906E1,
-9.075262166358E-1));
#5212=LINE('',#5211,#5210);
#5213=DIRECTION('',(3.789561257387E-14,1.184237892933E-14,1.E0));
#5214=VECTOR('',#5213,1.5E0);
#5215=CARTESIAN_POINT('',(1.230500001177E2,1.438844256906E1,-2.407526216636E0));
#5216=LINE('',#5215,#5214);
#5217=DIRECTION('',(0.E0,0.E0,1.E0));
#5218=VECTOR('',#5217,1.5E0);
#5219=CARTESIAN_POINT('',(1.213750008598E2,1.438844256906E1,-2.407526216636E0));
#5220=LINE('',#5219,#5218);
#5221=DIRECTION('',(-6.788100584091E-14,1.E0,5.077240993943E-14));
#5222=VECTOR('',#5221,4.815038528092E0);
#5223=CARTESIAN_POINT('',(1.213750008598E2,1.438844256906E1,
-9.075262166356E-1));
#5224=LINE('',#5223,#5222);
#5225=DIRECTION('',(-1.E0,0.E0,0.E0));
#5226=VECTOR('',#5225,1.4E1);
#5227=CARTESIAN_POINT('',(1.213750008598E2,1.920348109716E1,
-9.075262166353E-1));
#5228=LINE('',#5227,#5226);
#5229=DIRECTION('',(0.E0,0.E0,1.E0));
#5230=VECTOR('',#5229,1.5E0);
#5231=CARTESIAN_POINT('',(1.213750008598E2,1.920348109716E1,-2.407526216636E0));
#5232=LINE('',#5231,#5230);
#5233=DIRECTION('',(0.E0,0.E0,-1.E0));
#5234=VECTOR('',#5233,1.5E0);
#5235=CARTESIAN_POINT('',(1.073750008598E2,1.438844256146E1,
-9.075262166356E-1));
#5236=LINE('',#5235,#5234);
#5237=DIRECTION('',(7.083235380914E-14,-1.E0,-5.081852467296E-14));
#5238=VECTOR('',#5237,4.815038535693E0);
#5239=CARTESIAN_POINT('',(1.073750008598E2,1.920348109716E1,
-9.075262166353E-1));
#5240=LINE('',#5239,#5238);
#5241=DIRECTION('',(0.E0,0.E0,1.E0));
#5242=VECTOR('',#5241,1.5E0);
#5243=CARTESIAN_POINT('',(1.073750008598E2,1.920348109716E1,-2.407526216636E0));
#5244=LINE('',#5243,#5242);
#5245=DIRECTION('',(-1.E0,1.187772409484E-13,-1.462842470832E-13));
#5246=VECTOR('',#5245,1.675000736035E0);
#5247=CARTESIAN_POINT('',(1.073750008598E2,1.438844256146E1,
-9.075262166356E-1));
#5248=LINE('',#5247,#5246);
#5249=DIRECTION('',(-1.399222615960E-13,1.E0,0.E0));
#5250=VECTOR('',#5249,3.250000005E0);
#5251=CARTESIAN_POINT('',(1.057000001238E2,1.438844256146E1,
-9.075262166358E-1));
#5252=LINE('',#5251,#5250);
#5253=DIRECTION('',(0.E0,-1.184237892933E-14,1.E0));
#5254=VECTOR('',#5253,1.5E0);
#5255=CARTESIAN_POINT('',(1.057000001238E2,1.438844256146E1,-2.407526216636E0));
#5256=LINE('',#5255,#5254);
#5257=DIRECTION('',(-1.E0,-2.778062131992E-14,0.E0));
#5258=VECTOR('',#5257,6.649999262800E0);
#5259=CARTESIAN_POINT('',(1.057000001238E2,1.763844256646E1,
-9.075262166358E-1));
#5260=LINE('',#5259,#5258);
#5261=DIRECTION('',(0.E0,0.E0,1.E0));
#5262=VECTOR('',#5261,1.5E0);
#5263=CARTESIAN_POINT('',(1.057000001238E2,1.763844256646E1,-2.407526216636E0));
#5264=LINE('',#5263,#5262);
#5265=DIRECTION('',(1.399222615960E-13,-1.E0,0.E0));
#5266=VECTOR('',#5265,3.250000005E0);
#5267=CARTESIAN_POINT('',(9.905000086100E1,1.763844256646E1,
-9.075262166358E-1));
#5268=LINE('',#5267,#5266);
#5269=DIRECTION('',(0.E0,0.E0,1.E0));
#5270=VECTOR('',#5269,1.5E0);
#5271=CARTESIAN_POINT('',(9.905000086100E1,1.763844256646E1,-2.407526216636E0));
#5272=LINE('',#5271,#5270);
#5273=DIRECTION('',(-1.E0,-1.243449779287E-13,0.E0));
#5274=VECTOR('',#5273,9.000000060027E-1);
#5275=CARTESIAN_POINT('',(9.905000086100E1,1.438844256146E1,
-9.075262166358E-1));
#5276=LINE('',#5275,#5274);
#5277=DIRECTION('',(0.E0,0.E0,1.E0));
#5278=VECTOR('',#5277,1.5E0);
#5279=CARTESIAN_POINT('',(9.905000086100E1,1.438844256146E1,-2.407526216636E0));
#5280=LINE('',#5279,#5278);
#5281=DIRECTION('',(1.334080237372E-13,-1.E0,0.E0));
#5282=VECTOR('',#5281,2.450000002199E0);
#5283=CARTESIAN_POINT('',(9.815000085500E1,1.438844256146E1,
-9.075262166358E-1));
#5284=LINE('',#5283,#5282);
#5285=DIRECTION('',(0.E0,0.E0,1.E0));
#5286=VECTOR('',#5285,1.5E0);
#5287=CARTESIAN_POINT('',(9.815000085500E1,1.438844256146E1,-2.407526216636E0));
#5288=LINE('',#5287,#5286);
#5289=DIRECTION('',(1.E0,1.223712481204E-13,0.E0));
#5290=VECTOR('',#5289,9.000000060018E-1);
#5291=CARTESIAN_POINT('',(9.815000085500E1,1.193844255926E1,
-9.075262166358E-1));
#5292=LINE('',#5291,#5290);
#5293=DIRECTION('',(1.894780628694E-14,0.E0,1.E0));
#5294=VECTOR('',#5293,1.5E0);
#5295=CARTESIAN_POINT('',(9.815000085500E1,1.193844255926E1,-2.407526216636E0));
#5296=LINE('',#5295,#5294);
#5297=DIRECTION('',(5.247084822279E-14,-1.E0,0.E0));
#5298=VECTOR('',#5297,6.499999994601E0);
#5299=CARTESIAN_POINT('',(9.905000086100E1,1.193844255926E1,
-9.075262166358E-1));
#5300=LINE('',#5299,#5298);
#5301=DIRECTION('',(-1.894780628694E-14,0.E0,1.E0));
#5302=VECTOR('',#5301,1.5E0);
#5303=CARTESIAN_POINT('',(9.905000086100E1,1.193844255926E1,-2.407526216636E0));
#5304=LINE('',#5303,#5302);
#5305=DIRECTION('',(1.E0,1.359004429700E-8,0.E0));
#5306=VECTOR('',#5305,1.771541961193E0);
#5307=CARTESIAN_POINT('',(9.905000086100E1,5.438442564663E0,
-9.075262166358E-1));
#5308=LINE('',#5307,#5306);
#5309=DIRECTION('',(0.E0,0.E0,1.E0));
#5310=VECTOR('',#5309,1.5E0);
#5311=CARTESIAN_POINT('',(9.905000086100E1,5.438442564663E0,-2.407526216636E0));
#5312=LINE('',#5311,#5310);
#5313=DIRECTION('',(0.E0,-1.E0,0.E0));
#5314=VECTOR('',#5313,1.500317057215E0);
#5315=CARTESIAN_POINT('',(1.008215428222E2,5.438442588738E0,
-9.075262166358E-1));
#5316=LINE('',#5315,#5314);
#5317=DIRECTION('',(0.E0,0.E0,1.E0));
#5318=VECTOR('',#5317,1.5E0);
#5319=CARTESIAN_POINT('',(1.008215428222E2,5.438442588738E0,-2.407526216636E0));
#5320=LINE('',#5319,#5318);
#5321=DIRECTION('',(1.E0,0.E0,0.E0));
#5322=VECTOR('',#5321,3.105956494885E0);
#5323=CARTESIAN_POINT('',(1.008215428222E2,3.938125531523E0,
-9.075262166358E-1));
#5324=LINE('',#5323,#5322);
#5325=DIRECTION('',(0.E0,0.E0,1.E0));
#5326=VECTOR('',#5325,1.5E0);
#5327=CARTESIAN_POINT('',(1.008215428222E2,3.938125531523E0,-2.407526216636E0));
#5328=LINE('',#5327,#5326);
#5329=DIRECTION('',(0.E0,1.E0,0.E0));
#5330=VECTOR('',#5329,1.500317057215E0);
#5331=CARTESIAN_POINT('',(1.039274993171E2,3.938125531523E0,
-9.075262166358E-1));
#5332=LINE('',#5331,#5330);
#5333=DIRECTION('',(1.894780628694E-14,0.E0,1.E0));
#5334=VECTOR('',#5333,1.5E0);
#5335=CARTESIAN_POINT('',(1.039274993171E2,3.938125531523E0,-2.407526216636E0));
#5336=LINE('',#5335,#5334);
#5337=DIRECTION('',(1.E0,-1.358268723127E-8,0.E0));
#5338=VECTOR('',#5337,1.772501451922E0);
#5339=CARTESIAN_POINT('',(1.039274993171E2,5.438442588738E0,
-9.075262166358E-1));
#5340=LINE('',#5339,#5338);
#5341=DIRECTION('',(1.894780628694E-14,0.E0,1.E0));
#5342=VECTOR('',#5341,1.5E0);
#5343=CARTESIAN_POINT('',(1.039274993171E2,5.438442588738E0,-2.407526216636E0));
#5344=LINE('',#5343,#5342);
#5345=DIRECTION('',(0.E0,1.E0,0.E0));
#5346=VECTOR('',#5345,7.400385350999E-1);
#5347=CARTESIAN_POINT('',(1.057000007690E2,5.438442564663E0,
-9.075262166358E-1));
#5348=LINE('',#5347,#5346);
#5349=DIRECTION('',(0.E0,0.E0,1.E0));
#5350=VECTOR('',#5349,1.5E0);
#5351=CARTESIAN_POINT('',(1.057000007690E2,5.438442564663E0,-2.407526216636E0));
#5352=LINE('',#5351,#5350);
#5353=DIRECTION('',(1.E0,0.E0,1.460854575270E-13));
#5354=VECTOR('',#5353,1.675000090835E0);
#5355=CARTESIAN_POINT('',(1.057000007690E2,6.178481099763E0,
-9.075262166358E-1));
#5356=LINE('',#5355,#5354);
#5357=DIRECTION('',(0.E0,0.E0,1.E0));
#5358=VECTOR('',#5357,1.5E0);
#5359=CARTESIAN_POINT('',(1.057000007690E2,6.178481099763E0,-2.407526216636E0));
#5360=LINE('',#5359,#5358);
#5361=DIRECTION('',(0.E0,0.E0,1.E0));
#5362=VECTOR('',#5361,1.5E0);
#5363=CARTESIAN_POINT('',(1.073750008598E2,6.178481099763E0,-2.407526216636E0));
#5364=LINE('',#5363,#5362);
#5365=DIRECTION('',(-3.352304180259E-13,-1.E0,2.509673374080E-13));
#5366=VECTOR('',#5365,9.750000026084E-1);
#5367=CARTESIAN_POINT('',(1.073750008598E2,6.178481099763E0,
-9.075262166356E-1));
#5368=LINE('',#5367,#5366);
#5369=DIRECTION('',(1.E0,0.E0,0.E0));
#5370=VECTOR('',#5369,1.4E1);
#5371=CARTESIAN_POINT('',(1.073750008598E2,5.203481097154E0,
-9.075262166353E-1));
#5372=LINE('',#5371,#5370);
#5373=DIRECTION('',(0.E0,0.E0,1.E0));
#5374=VECTOR('',#5373,1.5E0);
#5375=CARTESIAN_POINT('',(1.073750008598E2,5.203481097154E0,-2.407526216636E0));
#5376=LINE('',#5375,#5374);
#5377=DIRECTION('',(0.E0,0.E0,-1.E0));
#5378=VECTOR('',#5377,1.5E0);
#5379=CARTESIAN_POINT('',(1.213750008598E2,6.178481099763E0,
-9.075262166356E-1));
#5380=LINE('',#5379,#5378);
#5381=DIRECTION('',(3.498056535922E-13,1.E0,-2.507395993522E-13));
#5382=VECTOR('',#5381,9.750000026084E-1);
#5383=CARTESIAN_POINT('',(1.213750008598E2,5.203481097154E0,
-9.075262166353E-1));
#5384=LINE('',#5383,#5382);
#5385=DIRECTION('',(0.E0,0.E0,1.E0));
#5386=VECTOR('',#5385,1.5E0);
#5387=CARTESIAN_POINT('',(1.213750008598E2,5.203481097154E0,-2.407526216636E0));
#5388=LINE('',#5387,#5386);
#5389=DIRECTION('',(1.E0,0.E0,-1.458866275416E-13));
#5390=VECTOR('',#5389,1.674999908065E0);
#5391=CARTESIAN_POINT('',(1.213750008598E2,6.178481099763E0,
-9.075262166356E-1));
#5392=LINE('',#5391,#5390);
#5393=DIRECTION('',(0.E0,1.E0,0.E0));
#5394=VECTOR('',#5393,1.4E1);
#5395=CARTESIAN_POINT('',(7.375000085992E1,5.203481098425E0,
-9.075262166354E-1));
#5396=LINE('',#5395,#5394);
#5397=DIRECTION('',(0.E0,0.E0,1.E0));
#5398=VECTOR('',#5397,1.5E0);
#5399=CARTESIAN_POINT('',(7.375000085992E1,5.203481098424E0,-2.407526216636E0));
#5400=LINE('',#5399,#5398);
#5401=DIRECTION('',(-1.E0,0.E0,0.E0));
#5402=VECTOR('',#5401,1.4E1);
#5403=CARTESIAN_POINT('',(7.375000085992E1,1.920348109843E1,
-9.075262166354E-1));
#5404=LINE('',#5403,#5402);
#5405=DIRECTION('',(0.E0,0.E0,1.E0));
#5406=VECTOR('',#5405,1.5E0);
#5407=CARTESIAN_POINT('',(7.375000085992E1,1.920348109843E1,-2.407526216636E0));
#5408=LINE('',#5407,#5406);
#5409=DIRECTION('',(0.E0,-1.E0,0.E0));
#5410=VECTOR('',#5409,1.4E1);
#5411=CARTESIAN_POINT('',(5.975000085992E1,1.920348109843E1,
-9.075262166354E-1));
#5412=LINE('',#5411,#5410);
#5413=DIRECTION('',(0.E0,0.E0,1.E0));
#5414=VECTOR('',#5413,1.5E0);
#5415=CARTESIAN_POINT('',(5.975000085992E1,1.920348109843E1,-2.407526216636E0));
#5416=LINE('',#5415,#5414);
#5417=DIRECTION('',(1.E0,0.E0,0.E0));
#5418=VECTOR('',#5417,1.4E1);
#5419=CARTESIAN_POINT('',(5.975000085992E1,5.203481098425E0,
-9.075262166354E-1));
#5420=LINE('',#5419,#5418);
#5421=DIRECTION('',(0.E0,0.E0,1.E0));
#5422=VECTOR('',#5421,1.5E0);
#5423=CARTESIAN_POINT('',(5.975000085992E1,5.203481098424E0,-2.407526216636E0));
#5424=LINE('',#5423,#5422);
#5425=DIRECTION('',(0.E0,1.E0,0.E0));
#5426=VECTOR('',#5425,1.4E1);
#5427=CARTESIAN_POINT('',(-3.104999914108E1,-1.384651890171E1,
-9.075262166353E-1));
#5428=LINE('',#5427,#5426);
#5429=DIRECTION('',(0.E0,0.E0,1.E0));
#5430=VECTOR('',#5429,1.500000000001E0);
#5431=CARTESIAN_POINT('',(-3.104999914108E1,-1.384651890171E1,
-2.407526216636E0));
#5432=LINE('',#5431,#5430);
#5433=DIRECTION('',(-1.E0,0.E0,0.E0));
#5434=VECTOR('',#5433,1.4E1);
#5435=CARTESIAN_POINT('',(-3.104999914108E1,1.534810982963E-1,
-9.075262166353E-1));
#5436=LINE('',#5435,#5434);
#5437=DIRECTION('',(0.E0,0.E0,1.E0));
#5438=VECTOR('',#5437,1.500000000001E0);
#5439=CARTESIAN_POINT('',(-3.104999914108E1,1.534810982963E-1,
-2.407526216636E0));
#5440=LINE('',#5439,#5438);
#5441=DIRECTION('',(0.E0,-1.E0,0.E0));
#5442=VECTOR('',#5441,1.4E1);
#5443=CARTESIAN_POINT('',(-4.504999914108E1,1.534810982963E-1,
-9.075262166353E-1));
#5444=LINE('',#5443,#5442);
#5445=DIRECTION('',(0.E0,0.E0,1.E0));
#5446=VECTOR('',#5445,1.500000000001E0);
#5447=CARTESIAN_POINT('',(-4.504999914108E1,1.534810982963E-1,
-2.407526216636E0));
#5448=LINE('',#5447,#5446);
#5449=DIRECTION('',(1.E0,0.E0,0.E0));
#5450=VECTOR('',#5449,1.4E1);
#5451=CARTESIAN_POINT('',(-4.504999914108E1,-1.384651890171E1,
-9.075262166353E-1));
#5452=LINE('',#5451,#5450);
#5453=DIRECTION('',(0.E0,0.E0,1.E0));
#5454=VECTOR('',#5453,1.500000000001E0);
#5455=CARTESIAN_POINT('',(-4.504999914108E1,-1.384651890171E1,
-2.407526216636E0));
#5456=LINE('',#5455,#5454);
#5457=DIRECTION('',(0.E0,1.E0,0.E0));
#5458=VECTOR('',#5457,1.4E1);
#5459=CARTESIAN_POINT('',(5.945000086044E1,-5.194651890313E1,
-9.075262166352E-1));
#5460=LINE('',#5459,#5458);
#5461=DIRECTION('',(0.E0,0.E0,1.E0));
#5462=VECTOR('',#5461,1.500000000001E0);
#5463=CARTESIAN_POINT('',(5.945000086044E1,-5.194651890313E1,
-2.407526216636E0));
#5464=LINE('',#5463,#5462);
#5465=DIRECTION('',(-1.E0,0.E0,0.E0));
#5466=VECTOR('',#5465,1.4E1);
#5467=CARTESIAN_POINT('',(5.945000086044E1,-3.794651890312E1,
-9.075262166352E-1));
#5468=LINE('',#5467,#5466);
#5469=DIRECTION('',(0.E0,0.E0,1.E0));
#5470=VECTOR('',#5469,1.500000000001E0);
#5471=CARTESIAN_POINT('',(5.945000086044E1,-3.794651890312E1,
-2.407526216636E0));
#5472=LINE('',#5471,#5470);
#5473=DIRECTION('',(0.E0,-1.E0,0.E0));
#5474=VECTOR('',#5473,1.4E1);
#5475=CARTESIAN_POINT('',(4.545000086044E1,-3.794651890312E1,
-9.075262166352E-1));
#5476=LINE('',#5475,#5474);
#5477=DIRECTION('',(0.E0,0.E0,1.E0));
#5478=VECTOR('',#5477,1.500000000001E0);
#5479=CARTESIAN_POINT('',(4.545000086044E1,-3.794651890312E1,
-2.407526216636E0));
#5480=LINE('',#5479,#5478);
#5481=DIRECTION('',(1.E0,0.E0,0.E0));
#5482=VECTOR('',#5481,1.4E1);
#5483=CARTESIAN_POINT('',(4.545000086044E1,-5.194651890313E1,
-9.075262166352E-1));
#5484=LINE('',#5483,#5482);
#5485=DIRECTION('',(0.E0,0.E0,1.E0));
#5486=VECTOR('',#5485,1.500000000001E0);
#5487=CARTESIAN_POINT('',(4.545000086044E1,-5.194651890313E1,
-2.407526216636E0));
#5488=LINE('',#5487,#5486);
#5489=DIRECTION('',(0.E0,1.E0,0.E0));
#5490=VECTOR('',#5489,1.4E1);
#5491=CARTESIAN_POINT('',(-9.769999914008E1,5.203481098425E0,
-9.075262166354E-1));
#5492=LINE('',#5491,#5490);
#5493=DIRECTION('',(0.E0,0.E0,1.E0));
#5494=VECTOR('',#5493,1.5E0);
#5495=CARTESIAN_POINT('',(-9.769999914008E1,5.203481098424E0,
-2.407526216636E0));
#5496=LINE('',#5495,#5494);
#5497=DIRECTION('',(-1.E0,0.E0,0.E0));
#5498=VECTOR('',#5497,1.4E1);
#5499=CARTESIAN_POINT('',(-9.769999914008E1,1.920348109843E1,
-9.075262166354E-1));
#5500=LINE('',#5499,#5498);
#5501=DIRECTION('',(0.E0,0.E0,1.E0));
#5502=VECTOR('',#5501,1.5E0);
#5503=CARTESIAN_POINT('',(-9.769999914008E1,1.920348109843E1,
-2.407526216636E0));
#5504=LINE('',#5503,#5502);
#5505=DIRECTION('',(0.E0,-1.E0,0.E0));
#5506=VECTOR('',#5505,1.4E1);
#5507=CARTESIAN_POINT('',(-1.116999991401E2,1.920348109843E1,
-9.075262166354E-1));
#5508=LINE('',#5507,#5506);
#5509=DIRECTION('',(0.E0,0.E0,1.E0));
#5510=VECTOR('',#5509,1.5E0);
#5511=CARTESIAN_POINT('',(-1.116999991401E2,1.920348109843E1,
-2.407526216636E0));
#5512=LINE('',#5511,#5510);
#5513=DIRECTION('',(1.E0,0.E0,0.E0));
#5514=VECTOR('',#5513,1.4E1);
#5515=CARTESIAN_POINT('',(-1.116999991401E2,5.203481098425E0,
-9.075262166354E-1));
#5516=LINE('',#5515,#5514);
#5517=DIRECTION('',(0.E0,0.E0,1.E0));
#5518=VECTOR('',#5517,1.5E0);
#5519=CARTESIAN_POINT('',(-1.116999991401E2,5.203481098424E0,
-2.407526216636E0));
#5520=LINE('',#5519,#5518);
#5521=DIRECTION('',(0.E0,1.E0,0.E0));
#5522=VECTOR('',#5521,1.4E1);
#5523=CARTESIAN_POINT('',(-1.286999991394E2,-3.289651890088E1,
-9.075262166351E-1));
#5524=LINE('',#5523,#5522);
#5525=DIRECTION('',(0.E0,0.E0,1.E0));
#5526=VECTOR('',#5525,1.500000000001E0);
#5527=CARTESIAN_POINT('',(-1.286999991394E2,-3.289651890088E1,
-2.407526216636E0));
#5528=LINE('',#5527,#5526);
#5529=DIRECTION('',(-1.E0,0.E0,0.E0));
#5530=VECTOR('',#5529,1.4E1);
#5531=CARTESIAN_POINT('',(-1.286999991394E2,-1.889651890088E1,
-9.075262166351E-1));
#5532=LINE('',#5531,#5530);
#5533=DIRECTION('',(0.E0,0.E0,1.E0));
#5534=VECTOR('',#5533,1.500000000001E0);
#5535=CARTESIAN_POINT('',(-1.286999991394E2,-1.889651890088E1,
-2.407526216636E0));
#5536=LINE('',#5535,#5534);
#5537=DIRECTION('',(0.E0,-1.E0,0.E0));
#5538=VECTOR('',#5537,1.4E1);
#5539=CARTESIAN_POINT('',(-1.426999991394E2,-1.889651890088E1,
-9.075262166351E-1));
#5540=LINE('',#5539,#5538);
#5541=DIRECTION('',(0.E0,0.E0,1.E0));
#5542=VECTOR('',#5541,1.500000000001E0);
#5543=CARTESIAN_POINT('',(-1.426999991394E2,-1.889651890088E1,
-2.407526216636E0));
#5544=LINE('',#5543,#5542);
#5545=DIRECTION('',(1.E0,0.E0,0.E0));
#5546=VECTOR('',#5545,1.4E1);
#5547=CARTESIAN_POINT('',(-1.426999991394E2,-3.289651890088E1,
-9.075262166351E-1));
#5548=LINE('',#5547,#5546);
#5549=DIRECTION('',(0.E0,0.E0,1.E0));
#5550=VECTOR('',#5549,1.500000000001E0);
#5551=CARTESIAN_POINT('',(-1.426999991394E2,-3.289651890088E1,
-2.407526216636E0));
#5552=LINE('',#5551,#5550);
#5553=DIRECTION('',(0.E0,-1.E0,0.E0));
#5554=VECTOR('',#5553,7.400385172992E-1);
#5555=CARTESIAN_POINT('',(1.206750007679E2,-3.192151890024E1,
-9.075262166358E-1));
#5556=LINE('',#5555,#5554);
#5557=DIRECTION('',(0.E0,0.E0,1.E0));
#5558=VECTOR('',#5557,1.5E0);
#5559=CARTESIAN_POINT('',(1.206750007679E2,-3.192151890024E1,
-2.407526216636E0));
#5560=LINE('',#5559,#5558);
#5561=DIRECTION('',(1.E0,1.359433522610E-8,0.E0));
#5562=VECTOR('',#5561,1.771542052873E0);
#5563=CARTESIAN_POINT('',(1.206750007679E2,-3.266155741754E1,
-9.075262166358E-1));
#5564=LINE('',#5563,#5562);
#5565=DIRECTION('',(0.E0,0.E0,1.E0));
#5566=VECTOR('',#5565,1.5E0);
#5567=CARTESIAN_POINT('',(1.206750007679E2,-3.266155741754E1,
-2.407526216636E0));
#5568=LINE('',#5567,#5566);
#5569=DIRECTION('',(0.E0,-1.E0,0.E0));
#5570=VECTOR('',#5569,1.500317069947E0);
#5571=CARTESIAN_POINT('',(1.224465428208E2,-3.266155739345E1,
-9.075262166358E-1));
#5572=LINE('',#5571,#5570);
#5573=DIRECTION('',(1.894780628694E-14,0.E0,1.E0));
#5574=VECTOR('',#5573,1.5E0);
#5575=CARTESIAN_POINT('',(1.224465428208E2,-3.266155739345E1,
-2.407526216636E0));
#5576=LINE('',#5575,#5574);
#5577=DIRECTION('',(1.E0,0.E0,0.E0));
#5578=VECTOR('',#5577,3.105956494746E0);
#5579=CARTESIAN_POINT('',(1.224465428208E2,-3.416187446340E1,
-9.075262166358E-1));
#5580=LINE('',#5579,#5578);
#5581=DIRECTION('',(1.894780628694E-14,0.E0,1.E0));
#5582=VECTOR('',#5581,1.5E0);
#5583=CARTESIAN_POINT('',(1.224465428208E2,-3.416187446340E1,
-2.407526216636E0));
#5584=LINE('',#5583,#5582);
#5585=DIRECTION('',(0.E0,1.E0,0.E0));
#5586=VECTOR('',#5585,1.500317069947E0);
#5587=CARTESIAN_POINT('',(1.255524993155E2,-3.416187446340E1,
-9.075262166358E-1));
#5588=LINE('',#5587,#5586);
#5589=DIRECTION('',(0.E0,0.E0,1.E0));
#5590=VECTOR('',#5589,1.5E0);
#5591=CARTESIAN_POINT('',(1.255524993155E2,-3.416187446340E1,
-2.407526216636E0));
#5592=LINE('',#5591,#5590);
#5593=DIRECTION('',(1.E0,-1.358697634153E-8,0.E0));
#5594=VECTOR('',#5593,1.772501543281E0);
#5595=CARTESIAN_POINT('',(1.255524993155E2,-3.266155739345E1,
-9.075262166358E-1));
#5596=LINE('',#5595,#5594);
#5597=DIRECTION('',(0.E0,0.E0,1.E0));
#5598=VECTOR('',#5597,1.5E0);
#5599=CARTESIAN_POINT('',(1.255524993155E2,-3.266155739345E1,
-2.407526216636E0));
#5600=LINE('',#5599,#5598);
#5601=DIRECTION('',(-5.902970425065E-14,1.E0,0.E0));
#5602=VECTOR('',#5601,6.499999994600E0);
#5603=CARTESIAN_POINT('',(1.273250008588E2,-3.266155741754E1,
-9.075262166358E-1));
#5604=LINE('',#5603,#5602);
#5605=DIRECTION('',(0.E0,0.E0,1.E0));
#5606=VECTOR('',#5605,1.5E0);
#5607=CARTESIAN_POINT('',(1.273250008588E2,-3.266155741754E1,
-2.407526216636E0));
#5608=LINE('',#5607,#5606);
#5609=DIRECTION('',(1.E0,1.578983860225E-13,0.E0));
#5610=VECTOR('',#5609,8.999999983013E-1);
#5611=CARTESIAN_POINT('',(1.273250008588E2,-2.616155742294E1,
-9.075262166358E-1));
#5612=LINE('',#5611,#5610);
#5613=DIRECTION('',(-3.789561257387E-14,0.E0,1.E0));
#5614=VECTOR('',#5613,1.5E0);
#5615=CARTESIAN_POINT('',(1.273250008588E2,-2.616155742294E1,
-2.407526216636E0));
#5616=LINE('',#5615,#5614);
#5617=DIRECTION('',(-1.392083725954E-13,1.E0,0.E0));
#5618=VECTOR('',#5617,2.450000002200E0);
#5619=CARTESIAN_POINT('',(1.282250008571E2,-2.616155742294E1,
-9.075262166358E-1));
#5620=LINE('',#5619,#5618);
#5621=DIRECTION('',(3.789561257387E-14,0.E0,1.E0));
#5622=VECTOR('',#5621,1.5E0);
#5623=CARTESIAN_POINT('',(1.282250008571E2,-2.616155742294E1,
-2.407526216636E0));
#5624=LINE('',#5623,#5622);
#5625=DIRECTION('',(-1.E0,-1.223712491676E-13,0.E0));
#5626=VECTOR('',#5625,8.999999983003E-1);
#5627=CARTESIAN_POINT('',(1.282250008571E2,-2.371155742074E1,
-9.075262166358E-1));
#5628=LINE('',#5627,#5626);
#5629=DIRECTION('',(0.E0,0.E0,1.E0));
#5630=VECTOR('',#5629,1.5E0);
#5631=CARTESIAN_POINT('',(1.282250008571E2,-2.371155742074E1,
-2.407526216636E0));
#5632=LINE('',#5631,#5630);
#5633=DIRECTION('',(-1.399222616002E-13,1.E0,0.E0));
#5634=VECTOR('',#5633,3.250000004900E0);
#5635=CARTESIAN_POINT('',(1.273250008588E2,-2.371155742074E1,
-9.075262166358E-1));
#5636=LINE('',#5635,#5634);
#5637=DIRECTION('',(2.842170943040E-14,0.E0,1.E0));
#5638=VECTOR('',#5637,1.5E0);
#5639=CARTESIAN_POINT('',(1.273250008588E2,-2.371155742074E1,
-2.407526216636E0));
#5640=LINE('',#5639,#5638);
#5641=DIRECTION('',(-1.E0,-1.923273356142E-14,0.E0));
#5642=VECTOR('',#5641,6.650000741100E0);
#5643=CARTESIAN_POINT('',(1.273250008588E2,-2.046155741584E1,
-9.075262166358E-1));
#5644=LINE('',#5643,#5642);
#5645=DIRECTION('',(-2.842170943040E-14,0.E0,1.E0));
#5646=VECTOR('',#5645,1.5E0);
#5647=CARTESIAN_POINT('',(1.273250008588E2,-2.046155741584E1,
-2.407526216636E0));
#5648=LINE('',#5647,#5646);
#5649=DIRECTION('',(1.268045491773E-13,-1.E0,0.E0));
#5650=VECTOR('',#5649,3.250000015100E0);
#5651=CARTESIAN_POINT('',(1.206750001177E2,-2.046155741584E1,
-9.075262166358E-1));
#5652=LINE('',#5651,#5650);
#5653=DIRECTION('',(-1.894780628694E-14,0.E0,1.E0));
#5654=VECTOR('',#5653,1.5E0);
#5655=CARTESIAN_POINT('',(1.206750001177E2,-2.046155741584E1,
-2.407526216636E0));
#5656=LINE('',#5655,#5654);
#5657=DIRECTION('',(-1.E0,-8.271993723140E-14,1.696819225259E-13));
#5658=VECTOR('',#5657,1.674999257865E0);
#5659=CARTESIAN_POINT('',(1.206750001177E2,-2.371155743094E1,
-9.075262166358E-1));
#5660=LINE('',#5659,#5658);
#5661=DIRECTION('',(3.789561257387E-14,1.184237892933E-14,1.E0));
#5662=VECTOR('',#5661,1.5E0);
#5663=CARTESIAN_POINT('',(1.206750001177E2,-2.371155743094E1,
-2.407526216636E0));
#5664=LINE('',#5663,#5662);
#5665=DIRECTION('',(0.E0,0.E0,1.E0));
#5666=VECTOR('',#5665,1.5E0);
#5667=CARTESIAN_POINT('',(1.190000008598E2,-2.371155743094E1,
-2.407526216636E0));
#5668=LINE('',#5667,#5666);
#5669=DIRECTION('',(-6.788100584091E-14,1.E0,5.893473197329E-14));
#5670=VECTOR('',#5669,4.815038528092E0);
#5671=CARTESIAN_POINT('',(1.190000008598E2,-2.371155743094E1,
-9.075262166355E-1));
#5672=LINE('',#5671,#5670);
#5673=DIRECTION('',(-1.E0,0.E0,0.E0));
#5674=VECTOR('',#5673,1.4E1);
#5675=CARTESIAN_POINT('',(1.190000008598E2,-1.889651890284E1,
-9.075262166352E-1));
#5676=LINE('',#5675,#5674);
#5677=DIRECTION('',(0.E0,0.E0,1.E0));
#5678=VECTOR('',#5677,1.500000000001E0);
#5679=CARTESIAN_POINT('',(1.190000008598E2,-1.889651890284E1,
-2.407526216636E0));
#5680=LINE('',#5679,#5678);
#5681=DIRECTION('',(0.E0,0.E0,-1.E0));
#5682=VECTOR('',#5681,1.5E0);
#5683=CARTESIAN_POINT('',(1.050000008598E2,-2.371155743854E1,
-9.075262166355E-1));
#5684=LINE('',#5683,#5682);
#5685=DIRECTION('',(7.083235380913E-14,-1.E0,-5.900390410077E-14));
#5686=VECTOR('',#5685,4.815038535693E0);
#5687=CARTESIAN_POINT('',(1.050000008598E2,-1.889651890284E1,
-9.075262166352E-1));
#5688=LINE('',#5687,#5686);
#5689=DIRECTION('',(0.E0,0.E0,1.E0));
#5690=VECTOR('',#5689,1.500000000001E0);
#5691=CARTESIAN_POINT('',(1.050000008598E2,-1.889651890284E1,
-2.407526216636E0));
#5692=LINE('',#5691,#5690);
#5693=DIRECTION('',(-1.E0,1.166562187886E-13,-1.696817727835E-13));
#5694=VECTOR('',#5693,1.675000736035E0);
#5695=CARTESIAN_POINT('',(1.050000008598E2,-2.371155743854E1,
-9.075262166355E-1));
#5696=LINE('',#5695,#5694);
#5697=DIRECTION('',(-1.399222615960E-13,1.E0,0.E0));
#5698=VECTOR('',#5697,3.250000005E0);
#5699=CARTESIAN_POINT('',(1.033250001238E2,-2.371155743854E1,
-9.075262166358E-1));
#5700=LINE('',#5699,#5698);
#5701=DIRECTION('',(0.E0,-1.184237892933E-14,1.E0));
#5702=VECTOR('',#5701,1.5E0);
#5703=CARTESIAN_POINT('',(1.033250001238E2,-2.371155743854E1,
-2.407526216636E0));
#5704=LINE('',#5703,#5702);
#5705=DIRECTION('',(-1.E0,-2.724637860223E-14,0.E0));
#5706=VECTOR('',#5705,6.649999262800E0);
#5707=CARTESIAN_POINT('',(1.033250001238E2,-2.046155743354E1,
-9.075262166358E-1));
#5708=LINE('',#5707,#5706);
#5709=DIRECTION('',(0.E0,0.E0,1.E0));
#5710=VECTOR('',#5709,1.5E0);
#5711=CARTESIAN_POINT('',(1.033250001238E2,-2.046155743354E1,
-2.407526216636E0));
#5712=LINE('',#5711,#5710);
#5713=DIRECTION('',(1.399222615960E-13,-1.E0,0.E0));
#5714=VECTOR('',#5713,3.250000005E0);
#5715=CARTESIAN_POINT('',(9.667500086100E1,-2.046155743354E1,
-9.075262166358E-1));
#5716=LINE('',#5715,#5714);
#5717=DIRECTION('',(0.E0,0.E0,1.E0));
#5718=VECTOR('',#5717,1.5E0);
#5719=CARTESIAN_POINT('',(9.667500086100E1,-2.046155743354E1,
-2.407526216636E0));
#5720=LINE('',#5719,#5718);
#5721=DIRECTION('',(-1.E0,-1.263187077371E-13,0.E0));
#5722=VECTOR('',#5721,9.000000060027E-1);
#5723=CARTESIAN_POINT('',(9.667500086100E1,-2.371155743854E1,
-9.075262166358E-1));
#5724=LINE('',#5723,#5722);
#5725=DIRECTION('',(0.E0,0.E0,1.E0));
#5726=VECTOR('',#5725,1.5E0);
#5727=CARTESIAN_POINT('',(9.667500086100E1,-2.371155743854E1,
-2.407526216636E0));
#5728=LINE('',#5727,#5726);
#5729=DIRECTION('',(1.334080237372E-13,-1.E0,0.E0));
#5730=VECTOR('',#5729,2.450000002199E0);
#5731=CARTESIAN_POINT('',(9.577500085500E1,-2.371155743854E1,
-9.075262166358E-1));
#5732=LINE('',#5731,#5730);
#5733=DIRECTION('',(0.E0,0.E0,1.E0));
#5734=VECTOR('',#5733,1.5E0);
#5735=CARTESIAN_POINT('',(9.577500085500E1,-2.371155743854E1,
-2.407526216636E0));
#5736=LINE('',#5735,#5734);
#5737=DIRECTION('',(1.E0,1.184237885036E-13,0.E0));
#5738=VECTOR('',#5737,9.000000060018E-1);
#5739=CARTESIAN_POINT('',(9.577500085500E1,-2.616155744074E1,
-9.075262166358E-1));
#5740=LINE('',#5739,#5738);
#5741=DIRECTION('',(1.894780628694E-14,0.E0,1.E0));
#5742=VECTOR('',#5741,1.5E0);
#5743=CARTESIAN_POINT('',(9.577500085500E1,-2.616155744074E1,
-2.407526216636E0));
#5744=LINE('',#5743,#5742);
#5745=DIRECTION('',(5.247084822279E-14,-1.E0,0.E0));
#5746=VECTOR('',#5745,6.499999994601E0);
#5747=CARTESIAN_POINT('',(9.667500086100E1,-2.616155744074E1,
-9.075262166358E-1));
#5748=LINE('',#5747,#5746);
#5749=DIRECTION('',(-1.894780628694E-14,0.E0,1.E0));
#5750=VECTOR('',#5749,1.5E0);
#5751=CARTESIAN_POINT('',(9.667500086100E1,-2.616155744074E1,
-2.407526216636E0));
#5752=LINE('',#5751,#5750);
#5753=DIRECTION('',(1.E0,1.359004028613E-8,0.E0));
#5754=VECTOR('',#5753,1.771541961193E0);
#5755=CARTESIAN_POINT('',(9.667500086100E1,-3.266155743534E1,
-9.075262166358E-1));
#5756=LINE('',#5755,#5754);
#5757=DIRECTION('',(0.E0,0.E0,1.E0));
#5758=VECTOR('',#5757,1.5E0);
#5759=CARTESIAN_POINT('',(9.667500086100E1,-3.266155743534E1,
-2.407526216636E0));
#5760=LINE('',#5759,#5758);
#5761=DIRECTION('',(0.E0,-1.E0,0.E0));
#5762=VECTOR('',#5761,1.500317057215E0);
#5763=CARTESIAN_POINT('',(9.844654282220E1,-3.266155741126E1,
-9.075262166358E-1));
#5764=LINE('',#5763,#5762);
#5765=DIRECTION('',(0.E0,0.E0,1.E0));
#5766=VECTOR('',#5765,1.5E0);
#5767=CARTESIAN_POINT('',(9.844654282220E1,-3.266155741126E1,
-2.407526216636E0));
#5768=LINE('',#5767,#5766);
#5769=DIRECTION('',(1.E0,0.E0,0.E0));
#5770=VECTOR('',#5769,3.105956494885E0);
#5771=CARTESIAN_POINT('',(9.844654282220E1,-3.416187446848E1,
-9.075262166358E-1));
#5772=LINE('',#5771,#5770);
#5773=DIRECTION('',(0.E0,0.E0,1.E0));
#5774=VECTOR('',#5773,1.5E0);
#5775=CARTESIAN_POINT('',(9.844654282220E1,-3.416187446848E1,
-2.407526216636E0));
#5776=LINE('',#5775,#5774);
#5777=DIRECTION('',(0.E0,1.E0,0.E0));
#5778=VECTOR('',#5777,1.500317057215E0);
#5779=CARTESIAN_POINT('',(1.015524993171E2,-3.416187446848E1,
-9.075262166358E-1));
#5780=LINE('',#5779,#5778);
#5781=DIRECTION('',(0.E0,0.E0,1.E0));
#5782=VECTOR('',#5781,1.5E0);
#5783=CARTESIAN_POINT('',(1.015524993171E2,-3.416187446848E1,
-2.407526216636E0));
#5784=LINE('',#5783,#5782);
#5785=DIRECTION('',(1.E0,-1.358268372366E-8,0.E0));
#5786=VECTOR('',#5785,1.772501451922E0);
#5787=CARTESIAN_POINT('',(1.015524993171E2,-3.266155741126E1,
-9.075262166358E-1));
#5788=LINE('',#5787,#5786);
#5789=DIRECTION('',(0.E0,0.E0,1.E0));
#5790=VECTOR('',#5789,1.5E0);
#5791=CARTESIAN_POINT('',(1.015524993171E2,-3.266155741126E1,
-2.407526216636E0));
#5792=LINE('',#5791,#5790);
#5793=DIRECTION('',(0.E0,1.E0,0.E0));
#5794=VECTOR('',#5793,7.400385350999E-1);
#5795=CARTESIAN_POINT('',(1.033250007690E2,-3.266155743534E1,
-9.075262166358E-1));
#5796=LINE('',#5795,#5794);
#5797=DIRECTION('',(0.E0,0.E0,1.E0));
#5798=VECTOR('',#5797,1.5E0);
#5799=CARTESIAN_POINT('',(1.033250007690E2,-3.266155743534E1,
-2.407526216636E0));
#5800=LINE('',#5799,#5798);
#5801=DIRECTION('',(1.E0,0.E0,1.696818381438E-13));
#5802=VECTOR('',#5801,1.675000090835E0);
#5803=CARTESIAN_POINT('',(1.033250007690E2,-3.192151890024E1,
-9.075262166358E-1));
#5804=LINE('',#5803,#5802);
#5805=DIRECTION('',(0.E0,0.E0,1.E0));
#5806=VECTOR('',#5805,1.5E0);
#5807=CARTESIAN_POINT('',(1.033250007690E2,-3.192151890024E1,
-2.407526216636E0));
#5808=LINE('',#5807,#5806);
#5809=DIRECTION('',(0.E0,0.E0,1.E0));
#5810=VECTOR('',#5809,1.5E0);
#5811=CARTESIAN_POINT('',(1.050000008598E2,-3.192151890024E1,
-2.407526216636E0));
#5812=LINE('',#5811,#5810);
#5813=DIRECTION('',(-3.352304180259E-13,-1.E0,2.911631042433E-13));
#5814=VECTOR('',#5813,9.750000026084E-1);
#5815=CARTESIAN_POINT('',(1.050000008598E2,-3.192151890024E1,
-9.075262166355E-1));
#5816=LINE('',#5815,#5814);
#5817=DIRECTION('',(1.E0,0.E0,0.E0));
#5818=VECTOR('',#5817,1.4E1);
#5819=CARTESIAN_POINT('',(1.050000008598E2,-3.289651890285E1,
-9.075262166352E-1));
#5820=LINE('',#5819,#5818);
#5821=DIRECTION('',(0.E0,0.E0,1.E0));
#5822=VECTOR('',#5821,1.500000000001E0);
#5823=CARTESIAN_POINT('',(1.050000008598E2,-3.289651890285E1,
-2.407526216636E0));
#5824=LINE('',#5823,#5822);
#5825=DIRECTION('',(0.E0,0.E0,-1.E0));
#5826=VECTOR('',#5825,1.5E0);
#5827=CARTESIAN_POINT('',(1.190000008598E2,-3.192151890024E1,
-9.075262166355E-1));
#5828=LINE('',#5827,#5826);
#5829=DIRECTION('',(3.498056535922E-13,1.E0,-2.911631042433E-13));
#5830=VECTOR('',#5829,9.750000026084E-1);
#5831=CARTESIAN_POINT('',(1.190000008598E2,-3.289651890285E1,
-9.075262166352E-1));
#5832=LINE('',#5831,#5830);
#5833=DIRECTION('',(0.E0,0.E0,1.E0));
#5834=VECTOR('',#5833,1.500000000001E0);
#5835=CARTESIAN_POINT('',(1.190000008598E2,-3.289651890285E1,
-2.407526216636E0));
#5836=LINE('',#5835,#5834);
#5837=DIRECTION('',(1.E0,0.E0,-1.695492927085E-13));
#5838=VECTOR('',#5837,1.674999908065E0);
#5839=CARTESIAN_POINT('',(1.190000008598E2,-3.192151890024E1,
-9.075262166355E-1));
#5840=LINE('',#5839,#5838);
#5841=DIRECTION('',(0.E0,1.E0,0.E0));
#5842=VECTOR('',#5841,1.4E1);
#5843=CARTESIAN_POINT('',(-1.199999914108E1,-1.384651890171E1,
-9.075262166353E-1));
#5844=LINE('',#5843,#5842);
#5845=DIRECTION('',(0.E0,0.E0,1.E0));
#5846=VECTOR('',#5845,1.500000000001E0);
#5847=CARTESIAN_POINT('',(-1.199999914108E1,-1.384651890171E1,
-2.407526216636E0));
#5848=LINE('',#5847,#5846);
#5849=DIRECTION('',(-1.E0,0.E0,0.E0));
#5850=VECTOR('',#5849,1.4E1);
#5851=CARTESIAN_POINT('',(-1.199999914108E1,1.534810982963E-1,
-9.075262166353E-1));
#5852=LINE('',#5851,#5850);
#5853=DIRECTION('',(0.E0,0.E0,1.E0));
#5854=VECTOR('',#5853,1.500000000001E0);
#5855=CARTESIAN_POINT('',(-1.199999914108E1,1.534810982963E-1,
-2.407526216636E0));
#5856=LINE('',#5855,#5854);
#5857=DIRECTION('',(0.E0,-1.E0,0.E0));
#5858=VECTOR('',#5857,1.4E1);
#5859=CARTESIAN_POINT('',(-2.599999914108E1,1.534810982963E-1,
-9.075262166353E-1));
#5860=LINE('',#5859,#5858);
#5861=DIRECTION('',(0.E0,0.E0,1.E0));
#5862=VECTOR('',#5861,1.500000000001E0);
#5863=CARTESIAN_POINT('',(-2.599999914108E1,1.534810982963E-1,
-2.407526216636E0));
#5864=LINE('',#5863,#5862);
#5865=DIRECTION('',(1.E0,0.E0,0.E0));
#5866=VECTOR('',#5865,1.4E1);
#5867=CARTESIAN_POINT('',(-2.599999914108E1,-1.384651890171E1,
-9.075262166353E-1));
#5868=LINE('',#5867,#5866);
#5869=DIRECTION('',(0.E0,0.E0,1.E0));
#5870=VECTOR('',#5869,1.500000000001E0);
#5871=CARTESIAN_POINT('',(-2.599999914108E1,-1.384651890171E1,
-2.407526216636E0));
#5872=LINE('',#5871,#5870);
#5873=DIRECTION('',(0.E0,1.E0,0.E0));
#5874=VECTOR('',#5873,1.4E1);
#5875=CARTESIAN_POINT('',(1.180000086103E1,-3.289651890175E1,
-9.075262166353E-1));
#5876=LINE('',#5875,#5874);
#5877=DIRECTION('',(0.E0,0.E0,1.E0));
#5878=VECTOR('',#5877,1.500000000001E0);
#5879=CARTESIAN_POINT('',(1.180000086103E1,-3.289651890175E1,
-2.407526216636E0));
#5880=LINE('',#5879,#5878);
#5881=DIRECTION('',(-1.E0,0.E0,0.E0));
#5882=VECTOR('',#5881,1.4E1);
#5883=CARTESIAN_POINT('',(1.180000086103E1,-1.889651890174E1,
-9.075262166353E-1));
#5884=LINE('',#5883,#5882);
#5885=DIRECTION('',(0.E0,0.E0,1.E0));
#5886=VECTOR('',#5885,1.500000000001E0);
#5887=CARTESIAN_POINT('',(1.180000086103E1,-1.889651890174E1,
-2.407526216636E0));
#5888=LINE('',#5887,#5886);
#5889=DIRECTION('',(0.E0,-1.E0,0.E0));
#5890=VECTOR('',#5889,1.4E1);
#5891=CARTESIAN_POINT('',(-2.199999138970E0,-1.889651890174E1,
-9.075262166353E-1));
#5892=LINE('',#5891,#5890);
#5893=DIRECTION('',(0.E0,0.E0,1.E0));
#5894=VECTOR('',#5893,1.500000000001E0);
#5895=CARTESIAN_POINT('',(-2.199999138970E0,-1.889651890174E1,
-2.407526216636E0));
#5896=LINE('',#5895,#5894);
#5897=DIRECTION('',(1.E0,0.E0,0.E0));
#5898=VECTOR('',#5897,1.4E1);
#5899=CARTESIAN_POINT('',(-2.199999138970E0,-3.289651890175E1,
-9.075262166353E-1));
#5900=LINE('',#5899,#5898);
#5901=DIRECTION('',(0.E0,0.E0,1.E0));
#5902=VECTOR('',#5901,1.500000000001E0);
#5903=CARTESIAN_POINT('',(-2.199999138970E0,-3.289651890175E1,
-2.407526216636E0));
#5904=LINE('',#5903,#5902);
#5905=DIRECTION('',(0.E0,0.E0,-1.E0));
#5906=VECTOR('',#5905,1.5E0);
#5907=CARTESIAN_POINT('',(-1.511481711511E2,2.300622731698E1,
-9.075262166348E-1));
#5908=LINE('',#5907,#5906);
#5909=DIRECTION('',(0.E0,0.E0,1.E0));
#5910=VECTOR('',#5909,1.5E0);
#5911=CARTESIAN_POINT('',(-1.536481711511E2,2.050622731698E1,
-2.407526216635E0));
#5912=LINE('',#5911,#5910);
#5913=DIRECTION('',(1.E0,0.E0,0.E0));
#5914=VECTOR('',#5913,6.807317212791E1);
#5915=CARTESIAN_POINT('',(-1.511481711511E2,2.300622731698E1,
-9.075262166348E-1));
#5916=LINE('',#5915,#5914);
#5917=DIRECTION('',(-1.E0,0.E0,0.E0));
#5918=VECTOR('',#5917,6.807317212791E1);
#5919=CARTESIAN_POINT('',(-8.307499902318E1,2.300622731698E1,
-2.407526216635E0));
#5920=LINE('',#5919,#5918);
#5921=DIRECTION('',(0.E0,0.E0,1.E0));
#5922=VECTOR('',#5921,1.5E0);
#5923=CARTESIAN_POINT('',(-8.307499902318E1,2.300622731698E1,
-2.407526216635E0));
#5924=LINE('',#5923,#5922);
#5925=DIRECTION('',(0.E0,0.E0,-1.E0));
#5926=VECTOR('',#5925,1.5E0);
#5927=CARTESIAN_POINT('',(-8.307499902318E1,2.700622731698E1,
-9.075262166358E-1));
#5928=LINE('',#5927,#5926);
#5929=DIRECTION('',(1.E0,-2.614797267598E-14,0.E0));
#5930=VECTOR('',#5929,1.25E1);
#5931=CARTESIAN_POINT('',(-9.557499902318E1,2.700622731698E1,
-2.407526216636E0));
#5932=LINE('',#5931,#5930);
#5933=DIRECTION('',(-1.E0,2.671640686459E-14,0.E0));
#5934=VECTOR('',#5933,1.25E1);
#5935=CARTESIAN_POINT('',(-8.307499902318E1,2.700622731698E1,
-9.075262166358E-1));
#5936=LINE('',#5935,#5934);
#5937=DIRECTION('',(0.E0,0.E0,1.E0));
#5938=VECTOR('',#5937,1.5E0);
#5939=CARTESIAN_POINT('',(-9.557499902318E1,2.700622731698E1,
-2.407526216636E0));
#5940=LINE('',#5939,#5938);
#5941=DIRECTION('',(0.E0,0.E0,-1.E0));
#5942=VECTOR('',#5941,1.5E0);
#5943=CARTESIAN_POINT('',(-9.557499902318E1,3.000622731698E1,
-9.075262166358E-1));
#5944=LINE('',#5943,#5942);
#5945=DIRECTION('',(1.E0,-1.908314776042E-14,0.E0));
#5946=VECTOR('',#5945,3.5E1);
#5947=CARTESIAN_POINT('',(-9.557499902318E1,3.000622731698E1,
-9.075262166358E-1));
#5948=LINE('',#5947,#5946);
#5949=DIRECTION('',(-1.E0,1.898164165531E-14,0.E0));
#5950=VECTOR('',#5949,3.5E1);
#5951=CARTESIAN_POINT('',(-6.057499902318E1,3.000622731698E1,
-2.407526216636E0));
#5952=LINE('',#5951,#5950);
#5953=DIRECTION('',(0.E0,0.E0,1.E0));
#5954=VECTOR('',#5953,1.5E0);
#5955=CARTESIAN_POINT('',(-6.057499902318E1,3.000622731698E1,
-2.407526216636E0));
#5956=LINE('',#5955,#5954);
#5957=DIRECTION('',(0.E0,0.E0,-1.E0));
#5958=VECTOR('',#5957,1.5E0);
#5959=CARTESIAN_POINT('',(-6.057499902318E1,2.700622731698E1,
-9.075262166358E-1));
#5960=LINE('',#5959,#5958);
#5961=DIRECTION('',(-1.E0,2.643218977028E-14,0.E0));
#5962=VECTOR('',#5961,1.25E1);
#5963=CARTESIAN_POINT('',(-6.057499902318E1,2.700622731698E1,
-9.075262166358E-1));
#5964=LINE('',#5963,#5962);
#5965=DIRECTION('',(1.E0,-2.643218977028E-14,0.E0));
#5966=VECTOR('',#5965,1.25E1);
#5967=CARTESIAN_POINT('',(-7.307499902318E1,2.700622731698E1,
-2.407526216636E0));
#5968=LINE('',#5967,#5966);
#5969=DIRECTION('',(2.747431911606E-13,0.E0,-1.E0));
#5970=VECTOR('',#5969,1.5E0);
#5971=CARTESIAN_POINT('',(-7.307499902318E1,2.300622731698E1,
-9.075262166353E-1));
#5972=LINE('',#5971,#5970);
#5973=DIRECTION('',(0.E0,0.E0,1.E0));
#5974=VECTOR('',#5973,1.5E0);
#5975=CARTESIAN_POINT('',(-7.307499902318E1,2.700622731698E1,
-2.407526216636E0));
#5976=LINE('',#5975,#5974);
#5977=DIRECTION('',(1.E0,0.E0,0.E0));
#5978=VECTOR('',#5977,8.E1);
#5979=CARTESIAN_POINT('',(-7.307499902318E1,2.300622731698E1,
-9.075262166353E-1));
#5980=LINE('',#5979,#5978);
#5981=DIRECTION('',(-1.E0,0.E0,0.E0));
#5982=VECTOR('',#5981,8.E1);
#5983=CARTESIAN_POINT('',(6.925000976821E0,2.300622731698E1,-2.407526216635E0));
#5984=LINE('',#5983,#5982);
#5985=DIRECTION('',(0.E0,0.E0,1.E0));
#5986=VECTOR('',#5985,1.5E0);
#5987=CARTESIAN_POINT('',(6.925000976821E0,2.300622731698E1,-2.407526216635E0));
#5988=LINE('',#5987,#5986);
#5989=DIRECTION('',(0.E0,0.E0,-1.E0));
#5990=VECTOR('',#5989,1.5E0);
#5991=CARTESIAN_POINT('',(6.925000976819E0,2.700622731698E1,
-9.075262166358E-1));
#5992=LINE('',#5991,#5990);
#5993=DIRECTION('',(1.E0,-2.614797267598E-14,0.E0));
#5994=VECTOR('',#5993,1.25E1);
#5995=CARTESIAN_POINT('',(-5.574999023177E0,2.700622731698E1,
-2.407526216636E0));
#5996=LINE('',#5995,#5994);
#5997=DIRECTION('',(-1.E0,2.671640686459E-14,0.E0));
#5998=VECTOR('',#5997,1.25E1);
#5999=CARTESIAN_POINT('',(6.925000976819E0,2.700622731698E1,
-9.075262166358E-1));
#6000=LINE('',#5999,#5998);
#6001=DIRECTION('',(0.E0,0.E0,1.E0));
#6002=VECTOR('',#6001,1.5E0);
#6003=CARTESIAN_POINT('',(-5.574999023177E0,2.700622731698E1,
-2.407526216636E0));
#6004=LINE('',#6003,#6002);
#6005=DIRECTION('',(0.E0,0.E0,-1.E0));
#6006=VECTOR('',#6005,1.5E0);
#6007=CARTESIAN_POINT('',(-5.574999023181E0,3.000622731698E1,
-9.075262166358E-1));
#6008=LINE('',#6007,#6006);
#6009=DIRECTION('',(1.E0,-1.908314776042E-14,0.E0));
#6010=VECTOR('',#6009,3.5E1);
#6011=CARTESIAN_POINT('',(-5.574999023181E0,3.000622731698E1,
-9.075262166358E-1));
#6012=LINE('',#6011,#6010);
#6013=DIRECTION('',(-1.E0,1.898164165531E-14,0.E0));
#6014=VECTOR('',#6013,3.5E1);
#6015=CARTESIAN_POINT('',(2.942500097682E1,3.000622731698E1,-2.407526216636E0));
#6016=LINE('',#6015,#6014);
#6017=DIRECTION('',(1.184237892933E-14,0.E0,1.E0));
#6018=VECTOR('',#6017,1.5E0);
#6019=CARTESIAN_POINT('',(2.942500097682E1,3.000622731698E1,-2.407526216636E0));
#6020=LINE('',#6019,#6018);
#6021=DIRECTION('',(0.E0,0.E0,-1.E0));
#6022=VECTOR('',#6021,1.5E0);
#6023=CARTESIAN_POINT('',(2.942500097682E1,2.700622731698E1,
-9.075262166358E-1));
#6024=LINE('',#6023,#6022);
#6025=DIRECTION('',(-1.E0,2.643218977028E-14,0.E0));
#6026=VECTOR('',#6025,1.25E1);
#6027=CARTESIAN_POINT('',(2.942500097682E1,2.700622731698E1,
-9.075262166358E-1));
#6028=LINE('',#6027,#6026);
#6029=DIRECTION('',(1.E0,-2.643218977028E-14,0.E0));
#6030=VECTOR('',#6029,1.25E1);
#6031=CARTESIAN_POINT('',(1.692500097682E1,2.700622731698E1,-2.407526216636E0));
#6032=LINE('',#6031,#6030);
#6033=DIRECTION('',(2.723747153747E-13,0.E0,-1.E0));
#6034=VECTOR('',#6033,1.5E0);
#6035=CARTESIAN_POINT('',(1.692500097682E1,2.300622731698E1,
-9.075262166353E-1));
#6036=LINE('',#6035,#6034);
#6037=DIRECTION('',(0.E0,0.E0,1.E0));
#6038=VECTOR('',#6037,1.5E0);
#6039=CARTESIAN_POINT('',(1.692500097682E1,2.700622731698E1,-2.407526216636E0));
#6040=LINE('',#6039,#6038);
#6041=DIRECTION('',(1.E0,0.E0,0.E0));
#6042=VECTOR('',#6041,8.E1);
#6043=CARTESIAN_POINT('',(1.692500097682E1,2.300622731698E1,
-9.075262166353E-1));
#6044=LINE('',#6043,#6042);
#6045=DIRECTION('',(-1.E0,0.E0,0.E0));
#6046=VECTOR('',#6045,8.E1);
#6047=CARTESIAN_POINT('',(9.692500097682E1,2.300622731698E1,-2.407526216635E0));
#6048=LINE('',#6047,#6046);
#6049=DIRECTION('',(0.E0,0.E0,1.E0));
#6050=VECTOR('',#6049,1.5E0);
#6051=CARTESIAN_POINT('',(9.692500097682E1,2.300622731698E1,-2.407526216635E0));
#6052=LINE('',#6051,#6050);
#6053=DIRECTION('',(0.E0,0.E0,-1.E0));
#6054=VECTOR('',#6053,1.5E0);
#6055=CARTESIAN_POINT('',(9.692500097682E1,2.700622731698E1,
-9.075262166358E-1));
#6056=LINE('',#6055,#6054);
#6057=DIRECTION('',(1.E0,-2.614797267598E-14,0.E0));
#6058=VECTOR('',#6057,1.25E1);
#6059=CARTESIAN_POINT('',(8.442500097682E1,2.700622731698E1,-2.407526216636E0));
#6060=LINE('',#6059,#6058);
#6061=DIRECTION('',(-1.E0,2.671640686459E-14,0.E0));
#6062=VECTOR('',#6061,1.25E1);
#6063=CARTESIAN_POINT('',(9.692500097682E1,2.700622731698E1,
-9.075262166358E-1));
#6064=LINE('',#6063,#6062);
#6065=DIRECTION('',(0.E0,0.E0,1.E0));
#6066=VECTOR('',#6065,1.5E0);
#6067=CARTESIAN_POINT('',(8.442500097682E1,2.700622731698E1,-2.407526216636E0));
#6068=LINE('',#6067,#6066);
#6069=DIRECTION('',(0.E0,0.E0,-1.E0));
#6070=VECTOR('',#6069,1.5E0);
#6071=CARTESIAN_POINT('',(8.442500097682E1,3.000622731698E1,
-9.075262166358E-1));
#6072=LINE('',#6071,#6070);
#6073=DIRECTION('',(1.E0,-1.908314776042E-14,0.E0));
#6074=VECTOR('',#6073,3.5E1);
#6075=CARTESIAN_POINT('',(8.442500097682E1,3.000622731698E1,
-9.075262166358E-1));
#6076=LINE('',#6075,#6074);
#6077=DIRECTION('',(-1.E0,1.898164165531E-14,0.E0));
#6078=VECTOR('',#6077,3.5E1);
#6079=CARTESIAN_POINT('',(1.194250009768E2,3.000622731698E1,-2.407526216636E0));
#6080=LINE('',#6079,#6078);
#6081=DIRECTION('',(2.842170943040E-14,0.E0,1.E0));
#6082=VECTOR('',#6081,1.5E0);
#6083=CARTESIAN_POINT('',(1.194250009768E2,3.000622731698E1,-2.407526216636E0));
#6084=LINE('',#6083,#6082);
#6085=DIRECTION('',(0.E0,0.E0,-1.E0));
#6086=VECTOR('',#6085,1.5E0);
#6087=CARTESIAN_POINT('',(1.194250009768E2,2.700622731698E1,
-9.075262166358E-1));
#6088=LINE('',#6087,#6086);
#6089=DIRECTION('',(-1.E0,2.643218977028E-14,0.E0));
#6090=VECTOR('',#6089,1.25E1);
#6091=CARTESIAN_POINT('',(1.194250009768E2,2.700622731698E1,
-9.075262166358E-1));
#6092=LINE('',#6091,#6090);
#6093=DIRECTION('',(1.E0,-2.643218977028E-14,0.E0));
#6094=VECTOR('',#6093,1.25E1);
#6095=CARTESIAN_POINT('',(1.069250009768E2,2.700622731698E1,-2.407526216636E0));
#6096=LINE('',#6095,#6094);
#6097=DIRECTION('',(2.936909974475E-13,0.E0,-1.E0));
#6098=VECTOR('',#6097,1.5E0);
#6099=CARTESIAN_POINT('',(1.069250009768E2,2.300622731698E1,
-9.075262166353E-1));
#6100=LINE('',#6099,#6098);
#6101=DIRECTION('',(0.E0,0.E0,1.E0));
#6102=VECTOR('',#6101,1.5E0);
#6103=CARTESIAN_POINT('',(1.069250009768E2,2.700622731698E1,-2.407526216636E0));
#6104=LINE('',#6103,#6102);
#6105=DIRECTION('',(-1.E0,0.E0,0.E0));
#6106=VECTOR('',#6105,6.807317212791E1);
#6107=CARTESIAN_POINT('',(1.749981731047E2,2.300622731698E1,-2.407526216635E0));
#6108=LINE('',#6107,#6106);
#6109=DIRECTION('',(1.E0,0.E0,0.E0));
#6110=VECTOR('',#6109,6.807317212791E1);
#6111=CARTESIAN_POINT('',(1.069250009768E2,2.300622731698E1,
-9.075262166353E-1));
#6112=LINE('',#6111,#6110);
#6113=DIRECTION('',(0.E0,0.E0,1.E0));
#6114=VECTOR('',#6113,1.5E0);
#6115=CARTESIAN_POINT('',(1.749981731047E2,2.300622731698E1,-2.407526216635E0));
#6116=LINE('',#6115,#6114);
#6117=DIRECTION('',(0.E0,0.E0,-1.E0));
#6118=VECTOR('',#6117,1.5E0);
#6119=CARTESIAN_POINT('',(1.774981731047E2,2.050622731698E1,
-9.075262166348E-1));
#6120=LINE('',#6119,#6118);
#6121=DIRECTION('',(0.E0,-1.E0,-2.978148446102E-14));
#6122=VECTOR('',#6121,1.640274619200E1);
#6123=CARTESIAN_POINT('',(1.774981731047E2,2.050622731698E1,
-9.075262166348E-1));
#6124=LINE('',#6123,#6122);
#6125=DIRECTION('',(0.E0,1.E0,3.007929930563E-14));
#6126=VECTOR('',#6125,1.640274619200E1);
#6127=CARTESIAN_POINT('',(1.774981731047E2,4.103481124976E0,-2.407526216635E0));
#6128=LINE('',#6127,#6126);
#6129=DIRECTION('',(0.E0,-2.486899575160E-14,1.E0));
#6130=VECTOR('',#6129,1.5E0);
#6131=CARTESIAN_POINT('',(1.774981731047E2,4.103481124976E0,-2.407526216635E0));
#6132=LINE('',#6131,#6130);
#6133=DIRECTION('',(0.E0,0.E0,-1.E0));
#6134=VECTOR('',#6133,1.5E0);
#6135=CARTESIAN_POINT('',(1.814981731047E2,4.103481124978E0,
-9.075262166358E-1));
#6136=LINE('',#6135,#6134);
#6137=DIRECTION('',(-2.273736754433E-14,-1.E0,0.E0));
#6138=VECTOR('',#6137,1.25E1);
#6139=CARTESIAN_POINT('',(1.814981731047E2,1.660348112497E1,-2.407526216636E0));
#6140=LINE('',#6139,#6138);
#6141=DIRECTION('',(2.273736754433E-14,1.E0,0.E0));
#6142=VECTOR('',#6141,1.25E1);
#6143=CARTESIAN_POINT('',(1.814981731047E2,4.103481124978E0,
-9.075262166358E-1));
#6144=LINE('',#6143,#6142);
#6145=DIRECTION('',(0.E0,-5.210646728907E-14,1.E0));
#6146=VECTOR('',#6145,1.5E0);
#6147=CARTESIAN_POINT('',(1.814981731047E2,1.660348112497E1,-2.407526216636E0));
#6148=LINE('',#6147,#6146);
#6149=DIRECTION('',(0.E0,0.E0,-1.E0));
#6150=VECTOR('',#6149,1.5E0);
#6151=CARTESIAN_POINT('',(1.844981731047E2,1.660348112498E1,
-9.075262166358E-1));
#6152=LINE('',#6151,#6150);
#6153=DIRECTION('',(-1.948917218085E-14,-1.E0,0.E0));
#6154=VECTOR('',#6153,3.5E1);
#6155=CARTESIAN_POINT('',(1.844981731047E2,1.660348112498E1,
-9.075262166358E-1));
#6156=LINE('',#6155,#6154);
#6157=DIRECTION('',(1.867712333998E-14,1.E0,0.E0));
#6158=VECTOR('',#6157,3.5E1);
#6159=CARTESIAN_POINT('',(1.844981731047E2,-1.839651887502E1,
-2.407526216636E0));
#6160=LINE('',#6159,#6158);
#6161=DIRECTION('',(0.E0,4.973799150321E-14,1.E0));
#6162=VECTOR('',#6161,1.5E0);
#6163=CARTESIAN_POINT('',(1.844981731047E2,-1.839651887502E1,
-2.407526216636E0));
#6164=LINE('',#6163,#6162);
#6165=DIRECTION('',(0.E0,0.E0,-1.E0));
#6166=VECTOR('',#6165,1.5E0);
#6167=CARTESIAN_POINT('',(1.814981731047E2,-1.839651887502E1,
-9.075262166358E-1));
#6168=LINE('',#6167,#6166);
#6169=DIRECTION('',(2.728484105319E-14,1.E0,0.E0));
#6170=VECTOR('',#6169,1.25E1);
#6171=CARTESIAN_POINT('',(1.814981731047E2,-1.839651887502E1,
-9.075262166358E-1));
#6172=LINE('',#6171,#6170);
#6173=DIRECTION('',(-2.728484105319E-14,-1.E0,0.E0));
#6174=VECTOR('',#6173,1.25E1);
#6175=CARTESIAN_POINT('',(1.814981731047E2,-5.896518875022E0,
-2.407526216636E0));
#6176=LINE('',#6175,#6174);
#6177=DIRECTION('',(0.E0,-3.315866100214E-13,-1.E0));
#6178=VECTOR('',#6177,1.5E0);
#6179=CARTESIAN_POINT('',(1.774981731047E2,-5.896518875020E0,
-9.075262166353E-1));
#6180=LINE('',#6179,#6178);
#6181=DIRECTION('',(0.E0,0.E0,1.E0));
#6182=VECTOR('',#6181,1.5E0);
#6183=CARTESIAN_POINT('',(1.814981731047E2,-5.896518875022E0,
-2.407526216636E0));
#6184=LINE('',#6183,#6182);
#6185=DIRECTION('',(0.E0,1.E0,0.E0));
#6186=VECTOR('',#6185,4.E1);
#6187=CARTESIAN_POINT('',(1.774981731047E2,-4.589651887502E1,
-2.407526216635E0));
#6188=LINE('',#6187,#6186);
#6189=DIRECTION('',(0.E0,-1.E0,0.E0));
#6190=VECTOR('',#6189,4.E1);
#6191=CARTESIAN_POINT('',(1.774981731047E2,-5.896518875020E0,
-9.075262166353E-1));
#6192=LINE('',#6191,#6190);
#6193=DIRECTION('',(0.E0,-2.368475785867E-14,1.E0));
#6194=VECTOR('',#6193,1.5E0);
#6195=CARTESIAN_POINT('',(1.774981731047E2,-4.589651887502E1,
-2.407526216635E0));
#6196=LINE('',#6195,#6194);
#6197=DIRECTION('',(0.E0,0.E0,-1.E0));
#6198=VECTOR('',#6197,1.5E0);
#6199=CARTESIAN_POINT('',(1.814981731047E2,-4.589651887502E1,
-9.075262166358E-1));
#6200=LINE('',#6199,#6198);
#6201=DIRECTION('',(-2.273736754433E-14,-1.E0,0.E0));
#6202=VECTOR('',#6201,1.25E1);
#6203=CARTESIAN_POINT('',(1.814981731047E2,-3.339651887503E1,
-2.407526216636E0));
#6204=LINE('',#6203,#6202);
#6205=DIRECTION('',(2.273736754433E-14,1.E0,0.E0));
#6206=VECTOR('',#6205,1.25E1);
#6207=CARTESIAN_POINT('',(1.814981731047E2,-4.589651887502E1,
-9.075262166358E-1));
#6208=LINE('',#6207,#6206);
#6209=DIRECTION('',(0.E0,-5.210646728907E-14,1.E0));
#6210=VECTOR('',#6209,1.5E0);
#6211=CARTESIAN_POINT('',(1.814981731047E2,-3.339651887503E1,
-2.407526216636E0));
#6212=LINE('',#6211,#6210);
#6213=DIRECTION('',(0.E0,0.E0,-1.E0));
#6214=VECTOR('',#6213,1.5E0);
#6215=CARTESIAN_POINT('',(1.844981731047E2,-3.339651887502E1,
-9.075262166358E-1));
#6216=LINE('',#6215,#6214);
#6217=DIRECTION('',(-1.948917218085E-14,-1.E0,0.E0));
#6218=VECTOR('',#6217,3.5E1);
#6219=CARTESIAN_POINT('',(1.844981731047E2,-3.339651887502E1,
-9.075262166358E-1));
#6220=LINE('',#6219,#6218);
#6221=DIRECTION('',(1.867712333998E-14,1.E0,0.E0));
#6222=VECTOR('',#6221,3.5E1);
#6223=CARTESIAN_POINT('',(1.844981731047E2,-6.839651887502E1,
-2.407526216636E0));
#6224=LINE('',#6223,#6222);
#6225=DIRECTION('',(0.E0,3.789561257387E-14,1.E0));
#6226=VECTOR('',#6225,1.5E0);
#6227=CARTESIAN_POINT('',(1.844981731047E2,-6.839651887502E1,
-2.407526216636E0));
#6228=LINE('',#6227,#6226);
#6229=DIRECTION('',(0.E0,0.E0,-1.E0));
#6230=VECTOR('',#6229,1.5E0);
#6231=CARTESIAN_POINT('',(1.814981731047E2,-6.839651887502E1,
-9.075262166358E-1));
#6232=LINE('',#6231,#6230);
#6233=DIRECTION('',(2.728484105319E-14,1.E0,0.E0));
#6234=VECTOR('',#6233,1.25E1);
#6235=CARTESIAN_POINT('',(1.814981731047E2,-6.839651887502E1,
-9.075262166358E-1));
#6236=LINE('',#6235,#6234);
#6237=DIRECTION('',(-2.728484105319E-14,-1.E0,0.E0));
#6238=VECTOR('',#6237,1.25E1);
#6239=CARTESIAN_POINT('',(1.814981731047E2,-5.589651887502E1,
-2.407526216636E0));
#6240=LINE('',#6239,#6238);
#6241=DIRECTION('',(0.E0,-3.315866100214E-13,-1.E0));
#6242=VECTOR('',#6241,1.5E0);
#6243=CARTESIAN_POINT('',(1.774981731047E2,-5.589651887502E1,
-9.075262166353E-1));
#6244=LINE('',#6243,#6242);
#6245=DIRECTION('',(0.E0,0.E0,1.E0));
#6246=VECTOR('',#6245,1.5E0);
#6247=CARTESIAN_POINT('',(1.814981731047E2,-5.589651887502E1,
-2.407526216636E0));
#6248=LINE('',#6247,#6246);
#6249=DIRECTION('',(0.E0,1.E0,-3.007929930563E-14));
#6250=VECTOR('',#6249,1.640274619200E1);
#6251=CARTESIAN_POINT('',(1.774981731047E2,-7.229926506702E1,
-2.407526216635E0));
#6252=LINE('',#6251,#6250);
#6253=DIRECTION('',(0.E0,-1.E0,2.976117890343E-14));
#6254=VECTOR('',#6253,1.640274619200E1);
#6255=CARTESIAN_POINT('',(1.774981731047E2,-5.589651887502E1,
-9.075262166353E-1));
#6256=LINE('',#6255,#6254);
#6257=DIRECTION('',(0.E0,0.E0,-1.E0));
#6258=VECTOR('',#6257,1.5E0);
#6259=CARTESIAN_POINT('',(1.749981731047E2,-7.479926506702E1,
-9.075262166353E-1));
#6260=LINE('',#6259,#6258);
#6261=DIRECTION('',(0.E0,0.E0,1.E0));
#6262=VECTOR('',#6261,1.5E0);
#6263=CARTESIAN_POINT('',(1.774981731047E2,-7.229926506702E1,
-2.407526216635E0));
#6264=LINE('',#6263,#6262);
#6265=DIRECTION('',(1.E0,0.E0,1.757489712582E-14));
#6266=VECTOR('',#6265,2.807317212791E1);
#6267=CARTESIAN_POINT('',(1.469250009768E2,-7.479926506702E1,
-2.407526216635E0));
#6268=LINE('',#6267,#6266);
#6269=DIRECTION('',(0.E0,0.E0,1.E0));
#6270=VECTOR('',#6269,1.5E0);
#6271=CARTESIAN_POINT('',(1.469250009768E2,-7.479926506702E1,
-2.407526216635E0));
#6272=LINE('',#6271,#6270);
#6273=DIRECTION('',(0.E0,0.E0,-1.E0));
#6274=VECTOR('',#6273,1.5E0);
#6275=CARTESIAN_POINT('',(1.469250009768E2,-7.879926506702E1,
-9.075262166358E-1));
#6276=LINE('',#6275,#6274);
#6277=DIRECTION('',(-1.E0,2.614797267598E-14,0.E0));
#6278=VECTOR('',#6277,1.25E1);
#6279=CARTESIAN_POINT('',(1.594250009768E2,-7.879926506702E1,
-2.407526216636E0));
#6280=LINE('',#6279,#6278);
#6281=DIRECTION('',(1.E0,-2.614797267598E-14,0.E0));
#6282=VECTOR('',#6281,1.25E1);
#6283=CARTESIAN_POINT('',(1.469250009768E2,-7.879926506702E1,
-9.075262166358E-1));
#6284=LINE('',#6283,#6282);
#6285=DIRECTION('',(0.E0,0.E0,1.E0));
#6286=VECTOR('',#6285,1.5E0);
#6287=CARTESIAN_POINT('',(1.594250009768E2,-7.879926506702E1,
-2.407526216636E0));
#6288=LINE('',#6287,#6286);
#6289=DIRECTION('',(0.E0,0.E0,-1.E0));
#6290=VECTOR('',#6289,1.5E0);
#6291=CARTESIAN_POINT('',(1.594250009768E2,-8.179926506702E1,
-9.075262166358E-1));
#6292=LINE('',#6291,#6290);
#6293=DIRECTION('',(-1.E0,1.867712333998E-14,0.E0));
#6294=VECTOR('',#6293,3.5E1);
#6295=CARTESIAN_POINT('',(1.594250009768E2,-8.179926506702E1,
-9.075262166358E-1));
#6296=LINE('',#6295,#6294);
#6297=DIRECTION('',(1.E0,-1.867712333998E-14,0.E0));
#6298=VECTOR('',#6297,3.5E1);
#6299=CARTESIAN_POINT('',(1.244250009768E2,-8.179926506702E1,
-2.407526216636E0));
#6300=LINE('',#6299,#6298);
#6301=DIRECTION('',(0.E0,0.E0,1.E0));
#6302=VECTOR('',#6301,1.5E0);
#6303=CARTESIAN_POINT('',(1.244250009768E2,-8.179926506702E1,
-2.407526216636E0));
#6304=LINE('',#6303,#6302);
#6305=DIRECTION('',(0.E0,0.E0,-1.E0));
#6306=VECTOR('',#6305,1.5E0);
#6307=CARTESIAN_POINT('',(1.244250009768E2,-7.879926506702E1,
-9.075262166358E-1));
#6308=LINE('',#6307,#6306);
#6309=DIRECTION('',(1.E0,-2.728484105319E-14,0.E0));
#6310=VECTOR('',#6309,1.25E1);
#6311=CARTESIAN_POINT('',(1.244250009768E2,-7.879926506702E1,
-9.075262166358E-1));
#6312=LINE('',#6311,#6310);
#6313=DIRECTION('',(-1.E0,2.728484105319E-14,0.E0));
#6314=VECTOR('',#6313,1.25E1);
#6315=CARTESIAN_POINT('',(1.369250009768E2,-7.879926506702E1,
-2.407526216636E0));
#6316=LINE('',#6315,#6314);
#6317=DIRECTION('',(-2.842170943041E-13,0.E0,-1.E0));
#6318=VECTOR('',#6317,1.5E0);
#6319=CARTESIAN_POINT('',(1.369250009768E2,-7.479926506702E1,
-9.075262166358E-1));
#6320=LINE('',#6319,#6318);
#6321=DIRECTION('',(0.E0,0.E0,1.E0));
#6322=VECTOR('',#6321,1.5E0);
#6323=CARTESIAN_POINT('',(1.369250009768E2,-7.879926506702E1,
-2.407526216636E0));
#6324=LINE('',#6323,#6322);
#6325=DIRECTION('',(1.E0,0.E0,0.E0));
#6326=VECTOR('',#6325,7.666666666667E1);
#6327=CARTESIAN_POINT('',(6.025833431015E1,-7.479926506702E1,
-2.407526216635E0));
#6328=LINE('',#6327,#6326);
#6329=DIRECTION('',(0.E0,0.E0,1.E0));
#6330=VECTOR('',#6329,1.5E0);
#6331=CARTESIAN_POINT('',(6.025833431015E1,-7.479926506702E1,
-2.407526216635E0));
#6332=LINE('',#6331,#6330);
#6333=DIRECTION('',(0.E0,0.E0,-1.E0));
#6334=VECTOR('',#6333,1.5E0);
#6335=CARTESIAN_POINT('',(6.025833431015E1,-7.879926506702E1,
-9.075262166358E-1));
#6336=LINE('',#6335,#6334);
#6337=DIRECTION('',(-1.E0,2.614797267598E-14,0.E0));
#6338=VECTOR('',#6337,1.25E1);
#6339=CARTESIAN_POINT('',(7.275833431015E1,-7.879926506702E1,
-2.407526216636E0));
#6340=LINE('',#6339,#6338);
#6341=DIRECTION('',(1.E0,-2.614797267598E-14,0.E0));
#6342=VECTOR('',#6341,1.25E1);
#6343=CARTESIAN_POINT('',(6.025833431015E1,-7.879926506702E1,
-9.075262166358E-1));
#6344=LINE('',#6343,#6342);
#6345=DIRECTION('',(1.894780628694E-14,0.E0,1.E0));
#6346=VECTOR('',#6345,1.5E0);
#6347=CARTESIAN_POINT('',(7.275833431015E1,-7.879926506702E1,
-2.407526216636E0));
#6348=LINE('',#6347,#6346);
#6349=DIRECTION('',(0.E0,0.E0,-1.E0));
#6350=VECTOR('',#6349,1.5E0);
#6351=CARTESIAN_POINT('',(7.275833431015E1,-8.179926506702E1,
-9.075262166358E-1));
#6352=LINE('',#6351,#6350);
#6353=DIRECTION('',(-1.E0,1.867712333998E-14,0.E0));
#6354=VECTOR('',#6353,3.5E1);
#6355=CARTESIAN_POINT('',(7.275833431015E1,-8.179926506702E1,
-9.075262166358E-1));
#6356=LINE('',#6355,#6354);
#6357=DIRECTION('',(1.E0,-1.867712333998E-14,0.E0));
#6358=VECTOR('',#6357,3.5E1);
#6359=CARTESIAN_POINT('',(3.775833431016E1,-8.179926506702E1,
-2.407526216636E0));
#6360=LINE('',#6359,#6358);
#6361=DIRECTION('',(-1.421085471520E-14,0.E0,1.E0));
#6362=VECTOR('',#6361,1.5E0);
#6363=CARTESIAN_POINT('',(3.775833431016E1,-8.179926506702E1,
-2.407526216636E0));
#6364=LINE('',#6363,#6362);
#6365=DIRECTION('',(0.E0,0.E0,-1.E0));
#6366=VECTOR('',#6365,1.5E0);
#6367=CARTESIAN_POINT('',(3.775833431015E1,-7.879926506702E1,
-9.075262166358E-1));
#6368=LINE('',#6367,#6366);
#6369=DIRECTION('',(1.E0,-2.728484105319E-14,0.E0));
#6370=VECTOR('',#6369,1.25E1);
#6371=CARTESIAN_POINT('',(3.775833431015E1,-7.879926506702E1,
-9.075262166358E-1));
#6372=LINE('',#6371,#6370);
#6373=DIRECTION('',(-1.E0,2.728484105319E-14,0.E0));
#6374=VECTOR('',#6373,1.25E1);
#6375=CARTESIAN_POINT('',(5.025833431015E1,-7.879926506702E1,
-2.407526216636E0));
#6376=LINE('',#6375,#6374);
#6377=DIRECTION('',(-2.842170943041E-13,0.E0,-1.E0));
#6378=VECTOR('',#6377,1.5E0);
#6379=CARTESIAN_POINT('',(5.025833431015E1,-7.479926506702E1,
-9.075262166358E-1));
#6380=LINE('',#6379,#6378);
#6381=DIRECTION('',(0.E0,0.E0,1.E0));
#6382=VECTOR('',#6381,1.5E0);
#6383=CARTESIAN_POINT('',(5.025833431015E1,-7.879926506702E1,
-2.407526216636E0));
#6384=LINE('',#6383,#6382);
#6385=DIRECTION('',(1.E0,0.E0,0.E0));
#6386=VECTOR('',#6385,7.666666666667E1);
#6387=CARTESIAN_POINT('',(-2.640833235652E1,-7.479926506702E1,
-2.407526216635E0));
#6388=LINE('',#6387,#6386);
#6389=DIRECTION('',(0.E0,0.E0,1.E0));
#6390=VECTOR('',#6389,1.5E0);
#6391=CARTESIAN_POINT('',(-2.640833235652E1,-7.479926506702E1,
-2.407526216635E0));
#6392=LINE('',#6391,#6390);
#6393=DIRECTION('',(0.E0,0.E0,-1.E0));
#6394=VECTOR('',#6393,1.5E0);
#6395=CARTESIAN_POINT('',(-2.640833235651E1,-7.879926506702E1,
-9.075262166358E-1));
#6396=LINE('',#6395,#6394);
#6397=DIRECTION('',(-1.E0,2.614797267598E-14,0.E0));
#6398=VECTOR('',#6397,1.25E1);
#6399=CARTESIAN_POINT('',(-1.390833235652E1,-7.879926506702E1,
-2.407526216636E0));
#6400=LINE('',#6399,#6398);
#6401=DIRECTION('',(1.E0,-2.614797267598E-14,0.E0));
#6402=VECTOR('',#6401,1.25E1);
#6403=CARTESIAN_POINT('',(-2.640833235651E1,-7.879926506702E1,
-9.075262166358E-1));
#6404=LINE('',#6403,#6402);
#6405=DIRECTION('',(1.302661682227E-14,0.E0,1.E0));
#6406=VECTOR('',#6405,1.5E0);
#6407=CARTESIAN_POINT('',(-1.390833235652E1,-7.879926506702E1,
-2.407526216636E0));
#6408=LINE('',#6407,#6406);
#6409=DIRECTION('',(0.E0,0.E0,-1.E0));
#6410=VECTOR('',#6409,1.5E0);
#6411=CARTESIAN_POINT('',(-1.390833235651E1,-8.179926506702E1,
-9.075262166358E-1));
#6412=LINE('',#6411,#6410);
#6413=DIRECTION('',(-1.E0,1.867712333998E-14,0.E0));
#6414=VECTOR('',#6413,3.5E1);
#6415=CARTESIAN_POINT('',(-1.390833235651E1,-8.179926506702E1,
-9.075262166358E-1));
#6416=LINE('',#6415,#6414);
#6417=DIRECTION('',(1.E0,-1.867712333998E-14,0.E0));
#6418=VECTOR('',#6417,3.5E1);
#6419=CARTESIAN_POINT('',(-4.890833235651E1,-8.179926506702E1,
-2.407526216636E0));
#6420=LINE('',#6419,#6418);
#6421=DIRECTION('',(0.E0,0.E0,1.E0));
#6422=VECTOR('',#6421,1.5E0);
#6423=CARTESIAN_POINT('',(-4.890833235651E1,-8.179926506702E1,
-2.407526216636E0));
#6424=LINE('',#6423,#6422);
#6425=DIRECTION('',(0.E0,0.E0,-1.E0));
#6426=VECTOR('',#6425,1.5E0);
#6427=CARTESIAN_POINT('',(-4.890833235651E1,-7.879926506702E1,
-9.075262166358E-1));
#6428=LINE('',#6427,#6426);
#6429=DIRECTION('',(1.E0,-2.728484105319E-14,0.E0));
#6430=VECTOR('',#6429,1.25E1);
#6431=CARTESIAN_POINT('',(-4.890833235651E1,-7.879926506702E1,
-9.075262166358E-1));
#6432=LINE('',#6431,#6430);
#6433=DIRECTION('',(-1.E0,2.728484105319E-14,0.E0));
#6434=VECTOR('',#6433,1.25E1);
#6435=CARTESIAN_POINT('',(-3.640833235651E1,-7.879926506702E1,
-2.407526216636E0));
#6436=LINE('',#6435,#6434);
#6437=DIRECTION('',(-2.889540458759E-13,0.E0,-1.E0));
#6438=VECTOR('',#6437,1.5E0);
#6439=CARTESIAN_POINT('',(-3.640833235651E1,-7.479926506702E1,
-9.075262166358E-1));
#6440=LINE('',#6439,#6438);
#6441=DIRECTION('',(0.E0,0.E0,1.E0));
#6442=VECTOR('',#6441,1.5E0);
#6443=CARTESIAN_POINT('',(-3.640833235651E1,-7.879926506702E1,
-2.407526216636E0));
#6444=LINE('',#6443,#6442);
#6445=DIRECTION('',(1.E0,0.E0,0.E0));
#6446=VECTOR('',#6445,7.666666666667E1);
#6447=CARTESIAN_POINT('',(-1.130749990232E2,-7.479926506702E1,
-2.407526216635E0));
#6448=LINE('',#6447,#6446);
#6449=DIRECTION('',(0.E0,0.E0,1.E0));
#6450=VECTOR('',#6449,1.5E0);
#6451=CARTESIAN_POINT('',(-1.130749990232E2,-7.479926506702E1,
-2.407526216635E0));
#6452=LINE('',#6451,#6450);
#6453=DIRECTION('',(0.E0,0.E0,-1.E0));
#6454=VECTOR('',#6453,1.5E0);
#6455=CARTESIAN_POINT('',(-1.130749990232E2,-7.879926506702E1,
-9.075262166358E-1));
#6456=LINE('',#6455,#6454);
#6457=DIRECTION('',(-1.E0,2.614797267598E-14,0.E0));
#6458=VECTOR('',#6457,1.25E1);
#6459=CARTESIAN_POINT('',(-1.005749990232E2,-7.879926506702E1,
-2.407526216636E0));
#6460=LINE('',#6459,#6458);
#6461=DIRECTION('',(1.E0,-2.614797267598E-14,0.E0));
#6462=VECTOR('',#6461,1.25E1);
#6463=CARTESIAN_POINT('',(-1.130749990232E2,-7.879926506702E1,
-9.075262166358E-1));
#6464=LINE('',#6463,#6462);
#6465=DIRECTION('',(1.894780628694E-14,0.E0,1.E0));
#6466=VECTOR('',#6465,1.5E0);
#6467=CARTESIAN_POINT('',(-1.005749990232E2,-7.879926506702E1,
-2.407526216636E0));
#6468=LINE('',#6467,#6466);
#6469=DIRECTION('',(0.E0,0.E0,-1.E0));
#6470=VECTOR('',#6469,1.5E0);
#6471=CARTESIAN_POINT('',(-1.005749990232E2,-8.179926506702E1,
-9.075262166358E-1));
#6472=LINE('',#6471,#6470);
#6473=DIRECTION('',(-1.E0,1.867712333998E-14,0.E0));
#6474=VECTOR('',#6473,3.5E1);
#6475=CARTESIAN_POINT('',(-1.005749990232E2,-8.179926506702E1,
-9.075262166358E-1));
#6476=LINE('',#6475,#6474);
#6477=DIRECTION('',(1.E0,-1.867712333998E-14,0.E0));
#6478=VECTOR('',#6477,3.5E1);
#6479=CARTESIAN_POINT('',(-1.355749990232E2,-8.179926506702E1,
-2.407526216636E0));
#6480=LINE('',#6479,#6478);
#6481=DIRECTION('',(-1.894780628694E-14,0.E0,1.E0));
#6482=VECTOR('',#6481,1.5E0);
#6483=CARTESIAN_POINT('',(-1.355749990232E2,-8.179926506702E1,
-2.407526216636E0));
#6484=LINE('',#6483,#6482);
#6485=DIRECTION('',(0.E0,0.E0,-1.E0));
#6486=VECTOR('',#6485,1.5E0);
#6487=CARTESIAN_POINT('',(-1.355749990232E2,-7.879926506702E1,
-9.075262166358E-1));
#6488=LINE('',#6487,#6486);
#6489=DIRECTION('',(1.E0,-2.728484105319E-14,0.E0));
#6490=VECTOR('',#6489,1.25E1);
#6491=CARTESIAN_POINT('',(-1.355749990232E2,-7.879926506702E1,
-9.075262166358E-1));
#6492=LINE('',#6491,#6490);
#6493=DIRECTION('',(-1.E0,2.728484105319E-14,0.E0));
#6494=VECTOR('',#6493,1.25E1);
#6495=CARTESIAN_POINT('',(-1.230749990232E2,-7.879926506702E1,
-2.407526216636E0));
#6496=LINE('',#6495,#6494);
#6497=DIRECTION('',(-2.747431911607E-13,0.E0,-1.E0));
#6498=VECTOR('',#6497,1.5E0);
#6499=CARTESIAN_POINT('',(-1.230749990232E2,-7.479926506702E1,
-9.075262166358E-1));
#6500=LINE('',#6499,#6498);
#6501=DIRECTION('',(0.E0,0.E0,1.E0));
#6502=VECTOR('',#6501,1.5E0);
#6503=CARTESIAN_POINT('',(-1.230749990232E2,-7.879926506702E1,
-2.407526216636E0));
#6504=LINE('',#6503,#6502);
#6505=DIRECTION('',(1.E0,0.E0,-1.757489712582E-14));
#6506=VECTOR('',#6505,2.807317212791E1);
#6507=CARTESIAN_POINT('',(-1.511481711511E2,-7.479926506702E1,
-2.407526216635E0));
#6508=LINE('',#6507,#6506);
#6509=DIRECTION('',(0.E0,0.E0,1.E0));
#6510=VECTOR('',#6509,1.5E0);
#6511=CARTESIAN_POINT('',(-1.511481711511E2,-7.479926506702E1,
-2.407526216635E0));
#6512=LINE('',#6511,#6510);
#6513=DIRECTION('',(0.E0,0.E0,-1.E0));
#6514=VECTOR('',#6513,1.5E0);
#6515=CARTESIAN_POINT('',(-1.536481711511E2,-7.229926506702E1,
-9.075262166348E-1));
#6516=LINE('',#6515,#6514);
#6517=DIRECTION('',(0.E0,1.E0,-2.974764186504E-14));
#6518=VECTOR('',#6517,1.640274619200E1);
#6519=CARTESIAN_POINT('',(-1.536481711511E2,-7.229926506702E1,
-9.075262166348E-1));
#6520=LINE('',#6519,#6518);
#6521=DIRECTION('',(0.E0,0.E0,1.E0));
#6522=VECTOR('',#6521,1.5E0);
#6523=CARTESIAN_POINT('',(-1.536481711511E2,-5.589651887502E1,
-2.407526216635E0));
#6524=LINE('',#6523,#6522);
#6525=DIRECTION('',(-1.894780628694E-14,0.E0,-1.E0));
#6526=VECTOR('',#6525,1.5E0);
#6527=CARTESIAN_POINT('',(-1.576481711511E2,-5.589651887502E1,
-9.075262166358E-1));
#6528=LINE('',#6527,#6526);
#6529=DIRECTION('',(2.728484105320E-14,1.E0,0.E0));
#6530=VECTOR('',#6529,1.25E1);
#6531=CARTESIAN_POINT('',(-1.576481711511E2,-6.839651887502E1,
-2.407526216636E0));
#6532=LINE('',#6531,#6530);
#6533=DIRECTION('',(-2.955857780763E-14,-1.E0,0.E0));
#6534=VECTOR('',#6533,1.25E1);
#6535=CARTESIAN_POINT('',(-1.576481711511E2,-5.589651887502E1,
-9.075262166358E-1));
#6536=LINE('',#6535,#6534);
#6537=DIRECTION('',(0.E0,0.E0,1.E0));
#6538=VECTOR('',#6537,1.5E0);
#6539=CARTESIAN_POINT('',(-1.576481711511E2,-6.839651887502E1,
-2.407526216636E0));
#6540=LINE('',#6539,#6538);
#6541=DIRECTION('',(0.E0,0.E0,-1.E0));
#6542=VECTOR('',#6541,1.5E0);
#6543=CARTESIAN_POINT('',(-1.606481711511E2,-6.839651887502E1,
-9.075262166358E-1));
#6544=LINE('',#6543,#6542);
#6545=DIRECTION('',(1.948917218085E-14,1.E0,0.E0));
#6546=VECTOR('',#6545,3.5E1);
#6547=CARTESIAN_POINT('',(-1.606481711511E2,-6.839651887502E1,
-9.075262166358E-1));
#6548=LINE('',#6547,#6546);
#6549=DIRECTION('',(-1.948917218085E-14,-1.E0,0.E0));
#6550=VECTOR('',#6549,3.5E1);
#6551=CARTESIAN_POINT('',(-1.606481711511E2,-3.339651887503E1,
-2.407526216636E0));
#6552=LINE('',#6551,#6550);
#6553=DIRECTION('',(0.E0,1.421085471520E-14,1.E0));
#6554=VECTOR('',#6553,1.5E0);
#6555=CARTESIAN_POINT('',(-1.606481711511E2,-3.339651887503E1,
-2.407526216636E0));
#6556=LINE('',#6555,#6554);
#6557=DIRECTION('',(0.E0,0.E0,-1.E0));
#6558=VECTOR('',#6557,1.5E0);
#6559=CARTESIAN_POINT('',(-1.576481711511E2,-3.339651887502E1,
-9.075262166358E-1));
#6560=LINE('',#6559,#6558);
#6561=DIRECTION('',(-2.728484105319E-14,-1.E0,0.E0));
#6562=VECTOR('',#6561,1.25E1);
#6563=CARTESIAN_POINT('',(-1.576481711511E2,-3.339651887502E1,
-9.075262166358E-1));
#6564=LINE('',#6563,#6562);
#6565=DIRECTION('',(2.501110429876E-14,1.E0,0.E0));
#6566=VECTOR('',#6565,1.25E1);
#6567=CARTESIAN_POINT('',(-1.576481711511E2,-4.589651887502E1,
-2.407526216636E0));
#6568=LINE('',#6567,#6566);
#6569=DIRECTION('',(0.E0,2.936909974475E-13,-1.E0));
#6570=VECTOR('',#6569,1.5E0);
#6571=CARTESIAN_POINT('',(-1.536481711511E2,-4.589651887502E1,
-9.075262166353E-1));
#6572=LINE('',#6571,#6570);
#6573=DIRECTION('',(-1.894780628694E-14,0.E0,1.E0));
#6574=VECTOR('',#6573,1.5E0);
#6575=CARTESIAN_POINT('',(-1.576481711511E2,-4.589651887502E1,
-2.407526216636E0));
#6576=LINE('',#6575,#6574);
#6577=DIRECTION('',(0.E0,1.E0,0.E0));
#6578=VECTOR('',#6577,4.E1);
#6579=CARTESIAN_POINT('',(-1.536481711511E2,-4.589651887502E1,
-9.075262166353E-1));
#6580=LINE('',#6579,#6578);
#6581=DIRECTION('',(0.E0,0.E0,1.E0));
#6582=VECTOR('',#6581,1.5E0);
#6583=CARTESIAN_POINT('',(-1.536481711511E2,-5.896518875020E0,
-2.407526216635E0));
#6584=LINE('',#6583,#6582);
#6585=DIRECTION('',(-1.894780628694E-14,0.E0,-1.E0));
#6586=VECTOR('',#6585,1.5E0);
#6587=CARTESIAN_POINT('',(-1.576481711511E2,-5.896518875022E0,
-9.075262166358E-1));
#6588=LINE('',#6587,#6586);
#6589=DIRECTION('',(2.728484105320E-14,1.E0,0.E0));
#6590=VECTOR('',#6589,1.25E1);
#6591=CARTESIAN_POINT('',(-1.576481711511E2,-1.839651887502E1,
-2.407526216636E0));
#6592=LINE('',#6591,#6590);
#6593=DIRECTION('',(-2.955857780763E-14,-1.E0,0.E0));
#6594=VECTOR('',#6593,1.25E1);
#6595=CARTESIAN_POINT('',(-1.576481711511E2,-5.896518875022E0,
-9.075262166358E-1));
#6596=LINE('',#6595,#6594);
#6597=DIRECTION('',(0.E0,-1.184237892933E-14,1.E0));
#6598=VECTOR('',#6597,1.5E0);
#6599=CARTESIAN_POINT('',(-1.576481711511E2,-1.839651887502E1,
-2.407526216636E0));
#6600=LINE('',#6599,#6598);
#6601=DIRECTION('',(0.E0,0.E0,-1.E0));
#6602=VECTOR('',#6601,1.5E0);
#6603=CARTESIAN_POINT('',(-1.606481711511E2,-1.839651887502E1,
-9.075262166358E-1));
#6604=LINE('',#6603,#6602);
#6605=DIRECTION('',(1.948917218085E-14,1.E0,0.E0));
#6606=VECTOR('',#6605,3.5E1);
#6607=CARTESIAN_POINT('',(-1.606481711511E2,-1.839651887502E1,
-9.075262166358E-1));
#6608=LINE('',#6607,#6606);
#6609=DIRECTION('',(-1.948917218085E-14,-1.E0,0.E0));
#6610=VECTOR('',#6609,3.5E1);
#6611=CARTESIAN_POINT('',(-1.606481711511E2,1.660348112497E1,
-2.407526216636E0));
#6612=LINE('',#6611,#6610);
#6613=DIRECTION('',(0.E0,1.184237892933E-14,1.E0));
#6614=VECTOR('',#6613,1.5E0);
#6615=CARTESIAN_POINT('',(-1.606481711511E2,1.660348112497E1,
-2.407526216636E0));
#6616=LINE('',#6615,#6614);
#6617=DIRECTION('',(0.E0,0.E0,-1.E0));
#6618=VECTOR('',#6617,1.5E0);
#6619=CARTESIAN_POINT('',(-1.576481711511E2,1.660348112498E1,
-9.075262166358E-1));
#6620=LINE('',#6619,#6618);
#6621=DIRECTION('',(-2.728484105319E-14,-1.E0,0.E0));
#6622=VECTOR('',#6621,1.25E1);
#6623=CARTESIAN_POINT('',(-1.576481711511E2,1.660348112498E1,
-9.075262166358E-1));
#6624=LINE('',#6623,#6622);
#6625=DIRECTION('',(2.501110429876E-14,1.E0,0.E0));
#6626=VECTOR('',#6625,1.25E1);
#6627=CARTESIAN_POINT('',(-1.576481711511E2,4.103481124978E0,
-2.407526216636E0));
#6628=LINE('',#6627,#6626);
#6629=DIRECTION('',(0.E0,2.901382837687E-13,-1.E0));
#6630=VECTOR('',#6629,1.5E0);
#6631=CARTESIAN_POINT('',(-1.536481711511E2,4.103481124976E0,
-9.075262166353E-1));
#6632=LINE('',#6631,#6630);
#6633=DIRECTION('',(-1.894780628694E-14,0.E0,1.E0));
#6634=VECTOR('',#6633,1.5E0);
#6635=CARTESIAN_POINT('',(-1.576481711511E2,4.103481124978E0,
-2.407526216636E0));
#6636=LINE('',#6635,#6634);
#6637=DIRECTION('',(0.E0,1.E0,2.979502149941E-14));
#6638=VECTOR('',#6637,1.640274619200E1);
#6639=CARTESIAN_POINT('',(-1.536481711511E2,4.103481124976E0,
-9.075262166353E-1));
#6640=LINE('',#6639,#6638);
#6641=CARTESIAN_POINT('',(-1.437499914106E1,-6.098912535948E1,
-2.407526216636E0));
#6642=CARTESIAN_POINT('',(-1.437499914106E1,-5.699651890219E1,
-2.407526216636E0));
#6643=VERTEX_POINT('',#6641);
#6644=VERTEX_POINT('',#6642);
#6645=CARTESIAN_POINT('',(-1.437499914106E1,-6.098912535948E1,
-9.075262166355E-1));
#6646=VERTEX_POINT('',#6645);
#6647=CARTESIAN_POINT('',(-1.437499914106E1,-5.699651890219E1,
-9.075262166352E-1));
#6648=VERTEX_POINT('',#6647);
#6649=CARTESIAN_POINT('',(-2.837499914106E1,-5.699651890219E1,
-9.075262166352E-1));
#6650=CARTESIAN_POINT('',(-2.837499914106E1,-6.098912535948E1,
-9.075262166355E-1));
#6651=VERTEX_POINT('',#6649);
#6652=VERTEX_POINT('',#6650);
#6653=CARTESIAN_POINT('',(-2.837499914106E1,-6.098912535948E1,
-2.407526216636E0));
#6654=VERTEX_POINT('',#6653);
#6655=CARTESIAN_POINT('',(-2.837499914106E1,-5.699651890219E1,
-2.407526216636E0));
#6656=VERTEX_POINT('',#6655);
#6657=CARTESIAN_POINT('',(-1.536481711511E2,4.103481124976E0,
-2.407526216635E0));
#6658=CARTESIAN_POINT('',(-1.536481711511E2,2.050622731698E1,
-2.407526216635E0));
#6659=VERTEX_POINT('',#6657);
#6660=VERTEX_POINT('',#6658);
#6661=CARTESIAN_POINT('',(-1.536481711511E2,4.103481124976E0,
-9.075262166353E-1));
#6662=VERTEX_POINT('',#6661);
#6663=CARTESIAN_POINT('',(-1.536481711511E2,2.050622731698E1,
-9.075262166348E-1));
#6664=VERTEX_POINT('',#6663);
#6665=CARTESIAN_POINT('',(-1.536481711511E2,-4.589651887502E1,
-9.075262166353E-1));
#6666=CARTESIAN_POINT('',(-1.536481711511E2,-5.896518875020E0,
-9.075262166353E-1));
#6667=VERTEX_POINT('',#6665);
#6668=VERTEX_POINT('',#6666);
#6669=CARTESIAN_POINT('',(-1.536481711511E2,-5.896518875020E0,
-2.407526216635E0));
#6670=VERTEX_POINT('',#6669);
#6671=CARTESIAN_POINT('',(-1.536481711511E2,-4.589651887502E1,
-2.407526216635E0));
#6672=VERTEX_POINT('',#6671);
#6673=CARTESIAN_POINT('',(1.692500097682E1,2.300622731698E1,
-9.075262166353E-1));
#6674=CARTESIAN_POINT('',(9.692500097682E1,2.300622731698E1,
-9.075262166353E-1));
#6675=VERTEX_POINT('',#6673);
#6676=VERTEX_POINT('',#6674);
#6677=CARTESIAN_POINT('',(9.692500097682E1,2.300622731698E1,-2.407526216635E0));
#6678=VERTEX_POINT('',#6677);
#6679=CARTESIAN_POINT('',(1.692500097682E1,2.300622731698E1,-2.407526216635E0));
#6680=VERTEX_POINT('',#6679);
#6681=CARTESIAN_POINT('',(1.749981731047E2,2.300622731698E1,-2.407526216635E0));
#6682=CARTESIAN_POINT('',(1.069250009768E2,2.300622731698E1,-2.407526216635E0));
#6683=VERTEX_POINT('',#6681);
#6684=VERTEX_POINT('',#6682);
#6685=CARTESIAN_POINT('',(1.069250009768E2,2.300622731698E1,
-9.075262166353E-1));
#6686=VERTEX_POINT('',#6685);
#6687=CARTESIAN_POINT('',(1.749981731047E2,2.300622731698E1,
-9.075262166348E-1));
#6688=VERTEX_POINT('',#6687);
#6689=CARTESIAN_POINT('',(-7.307499902318E1,2.300622731698E1,
-9.075262166353E-1));
#6690=CARTESIAN_POINT('',(6.925000976821E0,2.300622731698E1,
-9.075262166353E-1));
#6691=VERTEX_POINT('',#6689);
#6692=VERTEX_POINT('',#6690);
#6693=CARTESIAN_POINT('',(6.925000976821E0,2.300622731698E1,-2.407526216635E0));
#6694=VERTEX_POINT('',#6693);
#6695=CARTESIAN_POINT('',(-7.307499902318E1,2.300622731698E1,
-2.407526216635E0));
#6696=VERTEX_POINT('',#6695);
#6697=CARTESIAN_POINT('',(-1.511481711511E2,2.300622731698E1,
-9.075262166348E-1));
#6698=CARTESIAN_POINT('',(-8.307499902318E1,2.300622731698E1,
-9.075262166353E-1));
#6699=VERTEX_POINT('',#6697);
#6700=VERTEX_POINT('',#6698);
#6701=CARTESIAN_POINT('',(-8.307499902318E1,2.300622731698E1,
-2.407526216635E0));
#6702=VERTEX_POINT('',#6701);
#6703=CARTESIAN_POINT('',(-1.511481711511E2,2.300622731698E1,
-2.407526216635E0));
#6704=VERTEX_POINT('',#6703);
#6705=CARTESIAN_POINT('',(1.774981731047E2,2.050622731698E1,
-9.075262166348E-1));
#6706=CARTESIAN_POINT('',(1.774981731047E2,4.103481124976E0,
-9.075262166353E-1));
#6707=VERTEX_POINT('',#6705);
#6708=VERTEX_POINT('',#6706);
#6709=CARTESIAN_POINT('',(1.774981731047E2,4.103481124976E0,-2.407526216635E0));
#6710=VERTEX_POINT('',#6709);
#6711=CARTESIAN_POINT('',(1.774981731047E2,2.050622731698E1,-2.407526216635E0));
#6712=VERTEX_POINT('',#6711);
#6713=CARTESIAN_POINT('',(1.774981731047E2,-4.589651887502E1,
-2.407526216635E0));
#6714=CARTESIAN_POINT('',(1.774981731047E2,-5.896518875020E0,
-2.407526216635E0));
#6715=VERTEX_POINT('',#6713);
#6716=VERTEX_POINT('',#6714);
#6717=CARTESIAN_POINT('',(1.774981731047E2,-5.896518875020E0,
-9.075262166353E-1));
#6718=VERTEX_POINT('',#6717);
#6719=CARTESIAN_POINT('',(1.774981731047E2,-4.589651887502E1,
-9.075262166353E-1));
#6720=VERTEX_POINT('',#6719);
#6721=CARTESIAN_POINT('',(1.774981731047E2,-7.229926506702E1,
-2.407526216635E0));
#6722=CARTESIAN_POINT('',(1.774981731047E2,-5.589651887502E1,
-2.407526216635E0));
#6723=VERTEX_POINT('',#6721);
#6724=VERTEX_POINT('',#6722);
#6725=CARTESIAN_POINT('',(1.774981731047E2,-5.589651887502E1,
-9.075262166353E-1));
#6726=VERTEX_POINT('',#6725);
#6727=CARTESIAN_POINT('',(1.774981731047E2,-7.229926506702E1,
-9.075262166348E-1));
#6728=VERTEX_POINT('',#6727);
#6729=CARTESIAN_POINT('',(1.469250009768E2,-7.479926506702E1,
-9.075262166358E-1));
#6730=CARTESIAN_POINT('',(1.749981731047E2,-7.479926506702E1,
-9.075262166353E-1));
#6731=VERTEX_POINT('',#6729);
#6732=VERTEX_POINT('',#6730);
#6733=CARTESIAN_POINT('',(1.469250009768E2,-7.479926506702E1,
-2.407526216635E0));
#6734=VERTEX_POINT('',#6733);
#6735=CARTESIAN_POINT('',(1.749981731047E2,-7.479926506702E1,
-2.407526216635E0));
#6736=VERTEX_POINT('',#6735);
#6737=CARTESIAN_POINT('',(6.025833431015E1,-7.479926506702E1,
-2.407526216635E0));
#6738=CARTESIAN_POINT('',(1.369250009768E2,-7.479926506702E1,
-2.407526216635E0));
#6739=VERTEX_POINT('',#6737);
#6740=VERTEX_POINT('',#6738);
#6741=CARTESIAN_POINT('',(1.369250009768E2,-7.479926506702E1,
-9.075262166358E-1));
#6742=VERTEX_POINT('',#6741);
#6743=CARTESIAN_POINT('',(6.025833431015E1,-7.479926506702E1,
-9.075262166358E-1));
#6744=VERTEX_POINT('',#6743);
#6745=CARTESIAN_POINT('',(-2.640833235652E1,-7.479926506702E1,
-2.407526216635E0));
#6746=CARTESIAN_POINT('',(5.025833431015E1,-7.479926506702E1,
-2.407526216635E0));
#6747=VERTEX_POINT('',#6745);
#6748=VERTEX_POINT('',#6746);
#6749=CARTESIAN_POINT('',(5.025833431015E1,-7.479926506702E1,
-9.075262166358E-1));
#6750=VERTEX_POINT('',#6749);
#6751=CARTESIAN_POINT('',(-2.640833235652E1,-7.479926506702E1,
-9.075262166358E-1));
#6752=VERTEX_POINT('',#6751);
#6753=CARTESIAN_POINT('',(-1.130749990232E2,-7.479926506702E1,
-2.407526216635E0));
#6754=CARTESIAN_POINT('',(-3.640833235651E1,-7.479926506702E1,
-2.407526216635E0));
#6755=VERTEX_POINT('',#6753);
#6756=VERTEX_POINT('',#6754);
#6757=CARTESIAN_POINT('',(-3.640833235651E1,-7.479926506702E1,
-9.075262166358E-1));
#6758=VERTEX_POINT('',#6757);
#6759=CARTESIAN_POINT('',(-1.130749990232E2,-7.479926506702E1,
-9.075262166358E-1));
#6760=VERTEX_POINT('',#6759);
#6761=CARTESIAN_POINT('',(-1.511481711511E2,-7.479926506702E1,
-2.407526216635E0));
#6762=CARTESIAN_POINT('',(-1.230749990232E2,-7.479926506702E1,
-2.407526216635E0));
#6763=VERTEX_POINT('',#6761);
#6764=VERTEX_POINT('',#6762);
#6765=CARTESIAN_POINT('',(-1.230749990232E2,-7.479926506702E1,
-9.075262166358E-1));
#6766=VERTEX_POINT('',#6765);
#6767=CARTESIAN_POINT('',(-1.511481711511E2,-7.479926506702E1,
-9.075262166353E-1));
#6768=VERTEX_POINT('',#6767);
#6769=CARTESIAN_POINT('',(-1.536481711511E2,-7.229926506702E1,
-9.075262166343E-1));
#6770=VERTEX_POINT('',#6769);
#6771=CARTESIAN_POINT('',(-1.536481711511E2,-7.229926506702E1,
-2.407526216635E0));
#6772=VERTEX_POINT('',#6771);
#6773=CARTESIAN_POINT('',(1.180000086103E1,-1.889651890174E1,
-2.407526216636E0));
#6774=CARTESIAN_POINT('',(-2.199999138970E0,-1.889651890174E1,
-2.407526216636E0));
#6775=VERTEX_POINT('',#6773);
#6776=VERTEX_POINT('',#6774);
#6777=CARTESIAN_POINT('',(1.180000086103E1,-1.889651890174E1,
-9.075262166353E-1));
#6778=VERTEX_POINT('',#6777);
#6779=CARTESIAN_POINT('',(-2.199999138970E0,-1.889651890174E1,
-9.075262166353E-1));
#6780=VERTEX_POINT('',#6779);
#6781=CARTESIAN_POINT('',(-2.199999138970E0,-3.289651890175E1,
-2.407526216636E0));
#6782=VERTEX_POINT('',#6781);
#6783=CARTESIAN_POINT('',(-2.199999138970E0,-3.289651890175E1,
-9.075262166353E-1));
#6784=VERTEX_POINT('',#6783);
#6785=CARTESIAN_POINT('',(1.180000086103E1,-3.289651890175E1,
-2.407526216636E0));
#6786=VERTEX_POINT('',#6785);
#6787=CARTESIAN_POINT('',(1.180000086103E1,-3.289651890175E1,
-9.075262166353E-1));
#6788=VERTEX_POINT('',#6787);
#6789=CARTESIAN_POINT('',(-1.199999914108E1,1.534810982963E-1,
-2.407526216636E0));
#6790=CARTESIAN_POINT('',(-2.599999914108E1,1.534810982963E-1,
-2.407526216636E0));
#6791=VERTEX_POINT('',#6789);
#6792=VERTEX_POINT('',#6790);
#6793=CARTESIAN_POINT('',(-1.199999914108E1,1.534810982963E-1,
-9.075262166353E-1));
#6794=VERTEX_POINT('',#6793);
#6795=CARTESIAN_POINT('',(-2.599999914108E1,1.534810982963E-1,
-9.075262166353E-1));
#6796=VERTEX_POINT('',#6795);
#6797=CARTESIAN_POINT('',(-2.599999914108E1,-1.384651890171E1,
-2.407526216636E0));
#6798=VERTEX_POINT('',#6797);
#6799=CARTESIAN_POINT('',(-2.599999914108E1,-1.384651890171E1,
-9.075262166353E-1));
#6800=VERTEX_POINT('',#6799);
#6801=CARTESIAN_POINT('',(-1.199999914108E1,-1.384651890171E1,
-2.407526216636E0));
#6802=VERTEX_POINT('',#6801);
#6803=CARTESIAN_POINT('',(-1.199999914108E1,-1.384651890171E1,
-9.075262166353E-1));
#6804=VERTEX_POINT('',#6803);
#6805=CARTESIAN_POINT('',(1.206750007679E2,-3.266155741754E1,
-2.407526216636E0));
#6806=CARTESIAN_POINT('',(1.224465428208E2,-3.266155739345E1,
-2.407526216636E0));
#6807=VERTEX_POINT('',#6805);
#6808=VERTEX_POINT('',#6806);
#6809=CARTESIAN_POINT('',(1.206750007679E2,-3.266155741754E1,
-9.075262166358E-1));
#6810=VERTEX_POINT('',#6809);
#6811=CARTESIAN_POINT('',(1.224465428208E2,-3.266155739345E1,
-9.075262166358E-1));
#6812=VERTEX_POINT('',#6811);
#6813=CARTESIAN_POINT('',(1.224465428208E2,-3.416187446340E1,
-2.407526216636E0));
#6814=VERTEX_POINT('',#6813);
#6815=CARTESIAN_POINT('',(1.224465428208E2,-3.416187446340E1,
-9.075262166358E-1));
#6816=VERTEX_POINT('',#6815);
#6817=CARTESIAN_POINT('',(1.255524993155E2,-3.416187446340E1,
-2.407526216636E0));
#6818=VERTEX_POINT('',#6817);
#6819=CARTESIAN_POINT('',(1.255524993155E2,-3.416187446340E1,
-9.075262166358E-1));
#6820=VERTEX_POINT('',#6819);
#6821=CARTESIAN_POINT('',(1.255524993155E2,-3.266155739345E1,
-2.407526216636E0));
#6822=VERTEX_POINT('',#6821);
#6823=CARTESIAN_POINT('',(1.255524993155E2,-3.266155739345E1,
-9.075262166358E-1));
#6824=VERTEX_POINT('',#6823);
#6825=CARTESIAN_POINT('',(1.273250008588E2,-3.266155741754E1,
-2.407526216636E0));
#6826=VERTEX_POINT('',#6825);
#6827=CARTESIAN_POINT('',(1.273250008588E2,-3.266155741754E1,
-9.075262166358E-1));
#6828=VERTEX_POINT('',#6827);
#6829=CARTESIAN_POINT('',(1.273250008588E2,-2.616155742294E1,
-2.407526216636E0));
#6830=VERTEX_POINT('',#6829);
#6831=CARTESIAN_POINT('',(1.273250008588E2,-2.616155742294E1,
-9.075262166358E-1));
#6832=VERTEX_POINT('',#6831);
#6833=CARTESIAN_POINT('',(1.282250008571E2,-2.616155742294E1,
-2.407526216636E0));
#6834=VERTEX_POINT('',#6833);
#6835=CARTESIAN_POINT('',(1.282250008571E2,-2.616155742294E1,
-9.075262166358E-1));
#6836=VERTEX_POINT('',#6835);
#6837=CARTESIAN_POINT('',(1.282250008571E2,-2.371155742074E1,
-2.407526216636E0));
#6838=VERTEX_POINT('',#6837);
#6839=CARTESIAN_POINT('',(1.282250008571E2,-2.371155742074E1,
-9.075262166358E-1));
#6840=VERTEX_POINT('',#6839);
#6841=CARTESIAN_POINT('',(1.273250008588E2,-2.371155742074E1,
-2.407526216636E0));
#6842=VERTEX_POINT('',#6841);
#6843=CARTESIAN_POINT('',(1.273250008588E2,-2.371155742074E1,
-9.075262166358E-1));
#6844=VERTEX_POINT('',#6843);
#6845=CARTESIAN_POINT('',(1.273250008588E2,-2.046155741584E1,
-2.407526216636E0));
#6846=VERTEX_POINT('',#6845);
#6847=CARTESIAN_POINT('',(1.273250008588E2,-2.046155741584E1,
-9.075262166358E-1));
#6848=VERTEX_POINT('',#6847);
#6849=CARTESIAN_POINT('',(1.206750001177E2,-2.046155741584E1,
-2.407526216636E0));
#6850=VERTEX_POINT('',#6849);
#6851=CARTESIAN_POINT('',(1.206750001177E2,-2.046155741584E1,
-9.075262166358E-1));
#6852=VERTEX_POINT('',#6851);
#6853=CARTESIAN_POINT('',(1.206750001177E2,-2.371155743094E1,
-2.407526216636E0));
#6854=VERTEX_POINT('',#6853);
#6855=CARTESIAN_POINT('',(1.206750001177E2,-2.371155743094E1,
-9.075262166358E-1));
#6856=VERTEX_POINT('',#6855);
#6857=CARTESIAN_POINT('',(1.190000008598E2,-2.371155743094E1,
-2.407526216636E0));
#6858=VERTEX_POINT('',#6857);
#6859=CARTESIAN_POINT('',(1.190000008598E2,-2.371155743094E1,
-9.075262166355E-1));
#6860=VERTEX_POINT('',#6859);
#6861=CARTESIAN_POINT('',(1.190000008598E2,-1.889651890284E1,
-9.075262166352E-1));
#6862=VERTEX_POINT('',#6861);
#6863=CARTESIAN_POINT('',(1.190000008598E2,-1.889651890284E1,
-2.407526216636E0));
#6864=VERTEX_POINT('',#6863);
#6865=CARTESIAN_POINT('',(1.050000008598E2,-1.889651890284E1,
-2.407526216636E0));
#6866=VERTEX_POINT('',#6865);
#6867=CARTESIAN_POINT('',(1.050000008598E2,-1.889651890284E1,
-9.075262166352E-1));
#6868=VERTEX_POINT('',#6867);
#6869=CARTESIAN_POINT('',(1.050000008598E2,-2.371155743854E1,
-9.075262166355E-1));
#6870=CARTESIAN_POINT('',(1.050000008598E2,-2.371155743854E1,
-2.407526216636E0));
#6871=VERTEX_POINT('',#6869);
#6872=VERTEX_POINT('',#6870);
#6873=CARTESIAN_POINT('',(1.033250001238E2,-2.371155743854E1,
-2.407526216636E0));
#6874=VERTEX_POINT('',#6873);
#6875=CARTESIAN_POINT('',(1.033250001238E2,-2.371155743854E1,
-9.075262166358E-1));
#6876=VERTEX_POINT('',#6875);
#6877=CARTESIAN_POINT('',(1.033250001238E2,-2.046155743354E1,
-2.407526216636E0));
#6878=VERTEX_POINT('',#6877);
#6879=CARTESIAN_POINT('',(1.033250001238E2,-2.046155743354E1,
-9.075262166358E-1));
#6880=VERTEX_POINT('',#6879);
#6881=CARTESIAN_POINT('',(9.667500086100E1,-2.046155743354E1,
-2.407526216636E0));
#6882=VERTEX_POINT('',#6881);
#6883=CARTESIAN_POINT('',(9.667500086100E1,-2.046155743354E1,
-9.075262166358E-1));
#6884=VERTEX_POINT('',#6883);
#6885=CARTESIAN_POINT('',(9.667500086100E1,-2.371155743854E1,
-2.407526216636E0));
#6886=VERTEX_POINT('',#6885);
#6887=CARTESIAN_POINT('',(9.667500086100E1,-2.371155743854E1,
-9.075262166358E-1));
#6888=VERTEX_POINT('',#6887);
#6889=CARTESIAN_POINT('',(9.577500085500E1,-2.371155743854E1,
-2.407526216636E0));
#6890=VERTEX_POINT('',#6889);
#6891=CARTESIAN_POINT('',(9.577500085500E1,-2.371155743854E1,
-9.075262166358E-1));
#6892=VERTEX_POINT('',#6891);
#6893=CARTESIAN_POINT('',(9.577500085500E1,-2.616155744074E1,
-2.407526216636E0));
#6894=VERTEX_POINT('',#6893);
#6895=CARTESIAN_POINT('',(9.577500085500E1,-2.616155744074E1,
-9.075262166358E-1));
#6896=VERTEX_POINT('',#6895);
#6897=CARTESIAN_POINT('',(9.667500086100E1,-2.616155744074E1,
-2.407526216636E0));
#6898=VERTEX_POINT('',#6897);
#6899=CARTESIAN_POINT('',(9.667500086100E1,-2.616155744074E1,
-9.075262166358E-1));
#6900=VERTEX_POINT('',#6899);
#6901=CARTESIAN_POINT('',(9.667500086100E1,-3.266155743534E1,
-2.407526216636E0));
#6902=VERTEX_POINT('',#6901);
#6903=CARTESIAN_POINT('',(9.667500086100E1,-3.266155743534E1,
-9.075262166358E-1));
#6904=VERTEX_POINT('',#6903);
#6905=CARTESIAN_POINT('',(9.844654282220E1,-3.266155741126E1,
-2.407526216636E0));
#6906=VERTEX_POINT('',#6905);
#6907=CARTESIAN_POINT('',(9.844654282220E1,-3.266155741126E1,
-9.075262166358E-1));
#6908=VERTEX_POINT('',#6907);
#6909=CARTESIAN_POINT('',(9.844654282220E1,-3.416187446848E1,
-2.407526216636E0));
#6910=VERTEX_POINT('',#6909);
#6911=CARTESIAN_POINT('',(9.844654282220E1,-3.416187446848E1,
-9.075262166358E-1));
#6912=VERTEX_POINT('',#6911);
#6913=CARTESIAN_POINT('',(1.015524993171E2,-3.416187446848E1,
-2.407526216636E0));
#6914=VERTEX_POINT('',#6913);
#6915=CARTESIAN_POINT('',(1.015524993171E2,-3.416187446848E1,
-9.075262166358E-1));
#6916=VERTEX_POINT('',#6915);
#6917=CARTESIAN_POINT('',(1.015524993171E2,-3.266155741126E1,
-2.407526216636E0));
#6918=VERTEX_POINT('',#6917);
#6919=CARTESIAN_POINT('',(1.015524993171E2,-3.266155741126E1,
-9.075262166358E-1));
#6920=VERTEX_POINT('',#6919);
#6921=CARTESIAN_POINT('',(1.033250007690E2,-3.266155743534E1,
-2.407526216636E0));
#6922=VERTEX_POINT('',#6921);
#6923=CARTESIAN_POINT('',(1.033250007690E2,-3.266155743534E1,
-9.075262166358E-1));
#6924=VERTEX_POINT('',#6923);
#6925=CARTESIAN_POINT('',(1.033250007690E2,-3.192151890024E1,
-2.407526216636E0));
#6926=VERTEX_POINT('',#6925);
#6927=CARTESIAN_POINT('',(1.033250007690E2,-3.192151890024E1,
-9.075262166358E-1));
#6928=VERTEX_POINT('',#6927);
#6929=CARTESIAN_POINT('',(1.050000008598E2,-3.192151890024E1,
-2.407526216636E0));
#6930=VERTEX_POINT('',#6929);
#6931=CARTESIAN_POINT('',(1.050000008598E2,-3.192151890024E1,
-9.075262166355E-1));
#6932=VERTEX_POINT('',#6931);
#6933=CARTESIAN_POINT('',(1.050000008598E2,-3.289651890285E1,
-9.075262166352E-1));
#6934=VERTEX_POINT('',#6933);
#6935=CARTESIAN_POINT('',(1.050000008598E2,-3.289651890285E1,
-2.407526216636E0));
#6936=VERTEX_POINT('',#6935);
#6937=CARTESIAN_POINT('',(1.190000008598E2,-3.289651890285E1,
-2.407526216636E0));
#6938=VERTEX_POINT('',#6937);
#6939=CARTESIAN_POINT('',(1.190000008598E2,-3.289651890285E1,
-9.075262166352E-1));
#6940=VERTEX_POINT('',#6939);
#6941=CARTESIAN_POINT('',(1.190000008598E2,-3.192151890024E1,
-9.075262166355E-1));
#6942=CARTESIAN_POINT('',(1.190000008598E2,-3.192151890024E1,
-2.407526216636E0));
#6943=VERTEX_POINT('',#6941);
#6944=VERTEX_POINT('',#6942);
#6945=CARTESIAN_POINT('',(1.206750007679E2,-3.192151890024E1,
-2.407526216636E0));
#6946=VERTEX_POINT('',#6945);
#6947=CARTESIAN_POINT('',(1.206750007679E2,-3.192151890024E1,
-9.075262166358E-1));
#6948=VERTEX_POINT('',#6947);
#6949=CARTESIAN_POINT('',(-1.286999991394E2,-1.889651890088E1,
-2.407526216636E0));
#6950=CARTESIAN_POINT('',(-1.426999991394E2,-1.889651890088E1,
-2.407526216636E0));
#6951=VERTEX_POINT('',#6949);
#6952=VERTEX_POINT('',#6950);
#6953=CARTESIAN_POINT('',(-1.286999991394E2,-1.889651890088E1,
-9.075262166351E-1));
#6954=VERTEX_POINT('',#6953);
#6955=CARTESIAN_POINT('',(-1.426999991394E2,-1.889651890088E1,
-9.075262166351E-1));
#6956=VERTEX_POINT('',#6955);
#6957=CARTESIAN_POINT('',(-1.426999991394E2,-3.289651890088E1,
-2.407526216636E0));
#6958=VERTEX_POINT('',#6957);
#6959=CARTESIAN_POINT('',(-1.426999991394E2,-3.289651890088E1,
-9.075262166351E-1));
#6960=VERTEX_POINT('',#6959);
#6961=CARTESIAN_POINT('',(-1.286999991394E2,-3.289651890088E1,
-2.407526216636E0));
#6962=VERTEX_POINT('',#6961);
#6963=CARTESIAN_POINT('',(-1.286999991394E2,-3.289651890088E1,
-9.075262166351E-1));
#6964=VERTEX_POINT('',#6963);
#6965=CARTESIAN_POINT('',(-9.769999914008E1,1.920348109843E1,
-2.407526216636E0));
#6966=CARTESIAN_POINT('',(-1.116999991401E2,1.920348109843E1,
-2.407526216636E0));
#6967=VERTEX_POINT('',#6965);
#6968=VERTEX_POINT('',#6966);
#6969=CARTESIAN_POINT('',(-9.769999914008E1,1.920348109843E1,
-9.075262166354E-1));
#6970=VERTEX_POINT('',#6969);
#6971=CARTESIAN_POINT('',(-1.116999991401E2,1.920348109843E1,
-9.075262166354E-1));
#6972=VERTEX_POINT('',#6971);
#6973=CARTESIAN_POINT('',(-1.116999991401E2,5.203481098425E0,
-2.407526216636E0));
#6974=VERTEX_POINT('',#6973);
#6975=CARTESIAN_POINT('',(-1.116999991401E2,5.203481098425E0,
-9.075262166354E-1));
#6976=VERTEX_POINT('',#6975);
#6977=CARTESIAN_POINT('',(-9.769999914008E1,5.203481098425E0,
-2.407526216636E0));
#6978=VERTEX_POINT('',#6977);
#6979=CARTESIAN_POINT('',(-9.769999914008E1,5.203481098425E0,
-9.075262166354E-1));
#6980=VERTEX_POINT('',#6979);
#6981=CARTESIAN_POINT('',(5.945000086044E1,-3.794651890312E1,
-2.407526216636E0));
#6982=CARTESIAN_POINT('',(4.545000086044E1,-3.794651890312E1,
-2.407526216636E0));
#6983=VERTEX_POINT('',#6981);
#6984=VERTEX_POINT('',#6982);
#6985=CARTESIAN_POINT('',(5.945000086044E1,-3.794651890312E1,
-9.075262166352E-1));
#6986=VERTEX_POINT('',#6985);
#6987=CARTESIAN_POINT('',(4.545000086044E1,-3.794651890312E1,
-9.075262166352E-1));
#6988=VERTEX_POINT('',#6987);
#6989=CARTESIAN_POINT('',(4.545000086044E1,-5.194651890313E1,
-2.407526216636E0));
#6990=VERTEX_POINT('',#6989);
#6991=CARTESIAN_POINT('',(4.545000086044E1,-5.194651890313E1,
-9.075262166352E-1));
#6992=VERTEX_POINT('',#6991);
#6993=CARTESIAN_POINT('',(5.945000086044E1,-5.194651890313E1,
-2.407526216636E0));
#6994=VERTEX_POINT('',#6993);
#6995=CARTESIAN_POINT('',(5.945000086044E1,-5.194651890313E1,
-9.075262166352E-1));
#6996=VERTEX_POINT('',#6995);
#6997=CARTESIAN_POINT('',(-3.104999914108E1,1.534810982963E-1,
-2.407526216636E0));
#6998=CARTESIAN_POINT('',(-4.504999914108E1,1.534810982963E-1,
-2.407526216636E0));
#6999=VERTEX_POINT('',#6997);
#7000=VERTEX_POINT('',#6998);
#7001=CARTESIAN_POINT('',(-3.104999914108E1,1.534810982963E-1,
-9.075262166353E-1));
#7002=VERTEX_POINT('',#7001);
#7003=CARTESIAN_POINT('',(-4.504999914108E1,1.534810982963E-1,
-9.075262166353E-1));
#7004=VERTEX_POINT('',#7003);
#7005=CARTESIAN_POINT('',(-4.504999914108E1,-1.384651890171E1,
-2.407526216636E0));
#7006=VERTEX_POINT('',#7005);
#7007=CARTESIAN_POINT('',(-4.504999914108E1,-1.384651890171E1,
-9.075262166353E-1));
#7008=VERTEX_POINT('',#7007);
#7009=CARTESIAN_POINT('',(-3.104999914108E1,-1.384651890171E1,
-2.407526216636E0));
#7010=VERTEX_POINT('',#7009);
#7011=CARTESIAN_POINT('',(-3.104999914108E1,-1.384651890171E1,
-9.075262166353E-1));
#7012=VERTEX_POINT('',#7011);
#7013=CARTESIAN_POINT('',(7.375000085992E1,1.920348109843E1,-2.407526216636E0));
#7014=CARTESIAN_POINT('',(5.975000085992E1,1.920348109843E1,-2.407526216636E0));
#7015=VERTEX_POINT('',#7013);
#7016=VERTEX_POINT('',#7014);
#7017=CARTESIAN_POINT('',(7.375000085992E1,1.920348109843E1,
-9.075262166354E-1));
#7018=VERTEX_POINT('',#7017);
#7019=CARTESIAN_POINT('',(5.975000085992E1,1.920348109843E1,
-9.075262166354E-1));
#7020=VERTEX_POINT('',#7019);
#7021=CARTESIAN_POINT('',(5.975000085992E1,5.203481098425E0,-2.407526216636E0));
#7022=VERTEX_POINT('',#7021);
#7023=CARTESIAN_POINT('',(5.975000085992E1,5.203481098425E0,
-9.075262166354E-1));
#7024=VERTEX_POINT('',#7023);
#7025=CARTESIAN_POINT('',(7.375000085992E1,5.203481098425E0,-2.407526216636E0));
#7026=VERTEX_POINT('',#7025);
#7027=CARTESIAN_POINT('',(7.375000085992E1,5.203481098425E0,
-9.075262166354E-1));
#7028=VERTEX_POINT('',#7027);
#7029=CARTESIAN_POINT('',(1.230500007679E2,5.438442582464E0,-2.407526216636E0));
#7030=CARTESIAN_POINT('',(1.248215428208E2,5.438442606547E0,-2.407526216636E0));
#7031=VERTEX_POINT('',#7029);
#7032=VERTEX_POINT('',#7030);
#7033=CARTESIAN_POINT('',(1.230500007679E2,5.438442582464E0,
-9.075262166358E-1));
#7034=VERTEX_POINT('',#7033);
#7035=CARTESIAN_POINT('',(1.248215428208E2,5.438442606547E0,
-9.075262166358E-1));
#7036=VERTEX_POINT('',#7035);
#7037=CARTESIAN_POINT('',(1.248215428208E2,3.938125536599E0,-2.407526216636E0));
#7038=VERTEX_POINT('',#7037);
#7039=CARTESIAN_POINT('',(1.248215428208E2,3.938125536599E0,
-9.075262166358E-1));
#7040=VERTEX_POINT('',#7039);
#7041=CARTESIAN_POINT('',(1.279274993155E2,3.938125536599E0,-2.407526216636E0));
#7042=VERTEX_POINT('',#7041);
#7043=CARTESIAN_POINT('',(1.279274993155E2,3.938125536599E0,
-9.075262166358E-1));
#7044=VERTEX_POINT('',#7043);
#7045=CARTESIAN_POINT('',(1.279274993155E2,5.438442606547E0,-2.407526216636E0));
#7046=VERTEX_POINT('',#7045);
#7047=CARTESIAN_POINT('',(1.279274993155E2,5.438442606547E0,
-9.075262166358E-1));
#7048=VERTEX_POINT('',#7047);
#7049=CARTESIAN_POINT('',(1.297000008588E2,5.438442582464E0,-2.407526216636E0));
#7050=VERTEX_POINT('',#7049);
#7051=CARTESIAN_POINT('',(1.297000008588E2,5.438442582464E0,
-9.075262166358E-1));
#7052=VERTEX_POINT('',#7051);
#7053=CARTESIAN_POINT('',(1.297000008588E2,1.193844257706E1,-2.407526216636E0));
#7054=VERTEX_POINT('',#7053);
#7055=CARTESIAN_POINT('',(1.297000008588E2,1.193844257706E1,
-9.075262166358E-1));
#7056=VERTEX_POINT('',#7055);
#7057=CARTESIAN_POINT('',(1.306000008571E2,1.193844257706E1,-2.407526216636E0));
#7058=VERTEX_POINT('',#7057);
#7059=CARTESIAN_POINT('',(1.306000008571E2,1.193844257706E1,
-9.075262166358E-1));
#7060=VERTEX_POINT('',#7059);
#7061=CARTESIAN_POINT('',(1.306000008571E2,1.438844257926E1,-2.407526216636E0));
#7062=VERTEX_POINT('',#7061);
#7063=CARTESIAN_POINT('',(1.306000008571E2,1.438844257926E1,
-9.075262166358E-1));
#7064=VERTEX_POINT('',#7063);
#7065=CARTESIAN_POINT('',(1.297000008588E2,1.438844257926E1,-2.407526216636E0));
#7066=VERTEX_POINT('',#7065);
#7067=CARTESIAN_POINT('',(1.297000008588E2,1.438844257926E1,
-9.075262166358E-1));
#7068=VERTEX_POINT('',#7067);
#7069=CARTESIAN_POINT('',(1.297000008588E2,1.763844258416E1,-2.407526216636E0));
#7070=VERTEX_POINT('',#7069);
#7071=CARTESIAN_POINT('',(1.297000008588E2,1.763844258416E1,
-9.075262166358E-1));
#7072=VERTEX_POINT('',#7071);
#7073=CARTESIAN_POINT('',(1.230500001177E2,1.763844258416E1,-2.407526216636E0));
#7074=VERTEX_POINT('',#7073);
#7075=CARTESIAN_POINT('',(1.230500001177E2,1.763844258416E1,
-9.075262166358E-1));
#7076=VERTEX_POINT('',#7075);
#7077=CARTESIAN_POINT('',(1.230500001177E2,1.438844256906E1,-2.407526216636E0));
#7078=VERTEX_POINT('',#7077);
#7079=CARTESIAN_POINT('',(1.230500001177E2,1.438844256906E1,
-9.075262166358E-1));
#7080=VERTEX_POINT('',#7079);
#7081=CARTESIAN_POINT('',(1.213750008598E2,1.438844256906E1,-2.407526216636E0));
#7082=VERTEX_POINT('',#7081);
#7083=CARTESIAN_POINT('',(1.213750008598E2,1.438844256906E1,
-9.075262166356E-1));
#7084=VERTEX_POINT('',#7083);
#7085=CARTESIAN_POINT('',(1.213750008598E2,1.920348109716E1,
-9.075262166353E-1));
#7086=VERTEX_POINT('',#7085);
#7087=CARTESIAN_POINT('',(1.213750008598E2,1.920348109716E1,-2.407526216636E0));
#7088=VERTEX_POINT('',#7087);
#7089=CARTESIAN_POINT('',(1.073750008598E2,1.920348109716E1,-2.407526216636E0));
#7090=VERTEX_POINT('',#7089);
#7091=CARTESIAN_POINT('',(1.073750008598E2,1.920348109716E1,
-9.075262166353E-1));
#7092=VERTEX_POINT('',#7091);
#7093=CARTESIAN_POINT('',(1.073750008598E2,1.438844256146E1,
-9.075262166356E-1));
#7094=CARTESIAN_POINT('',(1.073750008598E2,1.438844256146E1,-2.407526216636E0));
#7095=VERTEX_POINT('',#7093);
#7096=VERTEX_POINT('',#7094);
#7097=CARTESIAN_POINT('',(1.057000001238E2,1.438844256146E1,-2.407526216636E0));
#7098=VERTEX_POINT('',#7097);
#7099=CARTESIAN_POINT('',(1.057000001238E2,1.438844256146E1,
-9.075262166358E-1));
#7100=VERTEX_POINT('',#7099);
#7101=CARTESIAN_POINT('',(1.057000001238E2,1.763844256646E1,-2.407526216636E0));
#7102=VERTEX_POINT('',#7101);
#7103=CARTESIAN_POINT('',(1.057000001238E2,1.763844256646E1,
-9.075262166358E-1));
#7104=VERTEX_POINT('',#7103);
#7105=CARTESIAN_POINT('',(9.905000086100E1,1.763844256646E1,-2.407526216636E0));
#7106=VERTEX_POINT('',#7105);
#7107=CARTESIAN_POINT('',(9.905000086100E1,1.763844256646E1,
-9.075262166358E-1));
#7108=VERTEX_POINT('',#7107);
#7109=CARTESIAN_POINT('',(9.905000086100E1,1.438844256146E1,-2.407526216636E0));
#7110=VERTEX_POINT('',#7109);
#7111=CARTESIAN_POINT('',(9.905000086100E1,1.438844256146E1,
-9.075262166358E-1));
#7112=VERTEX_POINT('',#7111);
#7113=CARTESIAN_POINT('',(9.815000085500E1,1.438844256146E1,-2.407526216636E0));
#7114=VERTEX_POINT('',#7113);
#7115=CARTESIAN_POINT('',(9.815000085500E1,1.438844256146E1,
-9.075262166358E-1));
#7116=VERTEX_POINT('',#7115);
#7117=CARTESIAN_POINT('',(9.815000085500E1,1.193844255926E1,-2.407526216636E0));
#7118=VERTEX_POINT('',#7117);
#7119=CARTESIAN_POINT('',(9.815000085500E1,1.193844255926E1,
-9.075262166358E-1));
#7120=VERTEX_POINT('',#7119);
#7121=CARTESIAN_POINT('',(9.905000086100E1,1.193844255926E1,-2.407526216636E0));
#7122=VERTEX_POINT('',#7121);
#7123=CARTESIAN_POINT('',(9.905000086100E1,1.193844255926E1,
-9.075262166358E-1));
#7124=VERTEX_POINT('',#7123);
#7125=CARTESIAN_POINT('',(9.905000086100E1,5.438442564663E0,-2.407526216636E0));
#7126=VERTEX_POINT('',#7125);
#7127=CARTESIAN_POINT('',(9.905000086100E1,5.438442564663E0,
-9.075262166358E-1));
#7128=VERTEX_POINT('',#7127);
#7129=CARTESIAN_POINT('',(1.008215428222E2,5.438442588738E0,-2.407526216636E0));
#7130=VERTEX_POINT('',#7129);
#7131=CARTESIAN_POINT('',(1.008215428222E2,5.438442588738E0,
-9.075262166358E-1));
#7132=VERTEX_POINT('',#7131);
#7133=CARTESIAN_POINT('',(1.008215428222E2,3.938125531523E0,-2.407526216636E0));
#7134=VERTEX_POINT('',#7133);
#7135=CARTESIAN_POINT('',(1.008215428222E2,3.938125531523E0,
-9.075262166358E-1));
#7136=VERTEX_POINT('',#7135);
#7137=CARTESIAN_POINT('',(1.039274993171E2,3.938125531523E0,-2.407526216636E0));
#7138=VERTEX_POINT('',#7137);
#7139=CARTESIAN_POINT('',(1.039274993171E2,3.938125531523E0,
-9.075262166358E-1));
#7140=VERTEX_POINT('',#7139);
#7141=CARTESIAN_POINT('',(1.039274993171E2,5.438442588738E0,-2.407526216636E0));
#7142=VERTEX_POINT('',#7141);
#7143=CARTESIAN_POINT('',(1.039274993171E2,5.438442588738E0,
-9.075262166358E-1));
#7144=VERTEX_POINT('',#7143);
#7145=CARTESIAN_POINT('',(1.057000007690E2,5.438442564663E0,-2.407526216636E0));
#7146=VERTEX_POINT('',#7145);
#7147=CARTESIAN_POINT('',(1.057000007690E2,5.438442564663E0,
-9.075262166358E-1));
#7148=VERTEX_POINT('',#7147);
#7149=CARTESIAN_POINT('',(1.057000007690E2,6.178481099763E0,-2.407526216636E0));
#7150=VERTEX_POINT('',#7149);
#7151=CARTESIAN_POINT('',(1.057000007690E2,6.178481099763E0,
-9.075262166358E-1));
#7152=VERTEX_POINT('',#7151);
#7153=CARTESIAN_POINT('',(1.073750008598E2,6.178481099763E0,-2.407526216636E0));
#7154=VERTEX_POINT('',#7153);
#7155=CARTESIAN_POINT('',(1.073750008598E2,6.178481099763E0,
-9.075262166356E-1));
#7156=VERTEX_POINT('',#7155);
#7157=CARTESIAN_POINT('',(1.073750008598E2,5.203481097154E0,
-9.075262166353E-1));
#7158=VERTEX_POINT('',#7157);
#7159=CARTESIAN_POINT('',(1.073750008598E2,5.203481097154E0,-2.407526216636E0));
#7160=VERTEX_POINT('',#7159);
#7161=CARTESIAN_POINT('',(1.213750008598E2,5.203481097154E0,-2.407526216636E0));
#7162=VERTEX_POINT('',#7161);
#7163=CARTESIAN_POINT('',(1.213750008598E2,5.203481097154E0,
-9.075262166353E-1));
#7164=VERTEX_POINT('',#7163);
#7165=CARTESIAN_POINT('',(1.213750008598E2,6.178481099763E0,
-9.075262166356E-1));
#7166=CARTESIAN_POINT('',(1.213750008598E2,6.178481099763E0,-2.407526216636E0));
#7167=VERTEX_POINT('',#7165);
#7168=VERTEX_POINT('',#7166);
#7169=CARTESIAN_POINT('',(1.230500007679E2,6.178481099763E0,-2.407526216636E0));
#7170=VERTEX_POINT('',#7169);
#7171=CARTESIAN_POINT('',(1.230500007679E2,6.178481099763E0,
-9.075262166358E-1));
#7172=VERTEX_POINT('',#7171);
#7173=CARTESIAN_POINT('',(1.261250008593E2,1.534810984163E-1,
-2.407526216636E0));
#7174=CARTESIAN_POINT('',(1.121250008593E2,1.534810984163E-1,
-2.407526216636E0));
#7175=VERTEX_POINT('',#7173);
#7176=VERTEX_POINT('',#7174);
#7177=CARTESIAN_POINT('',(1.261250008593E2,1.534810984163E-1,
-9.075262166353E-1));
#7178=VERTEX_POINT('',#7177);
#7179=CARTESIAN_POINT('',(1.121250008593E2,1.534810984163E-1,
-9.075262166353E-1));
#7180=VERTEX_POINT('',#7179);
#7181=CARTESIAN_POINT('',(1.121250008593E2,-1.384651890159E1,
-2.407526216636E0));
#7182=VERTEX_POINT('',#7181);
#7183=CARTESIAN_POINT('',(1.121250008593E2,-1.384651890159E1,
-9.075262166353E-1));
#7184=VERTEX_POINT('',#7183);
#7185=CARTESIAN_POINT('',(1.261250008593E2,-1.384651890159E1,
-2.407526216636E0));
#7186=VERTEX_POINT('',#7185);
#7187=CARTESIAN_POINT('',(1.261250008593E2,-1.384651890159E1,
-9.075262166353E-1));
#7188=VERTEX_POINT('',#7187);
#7189=CARTESIAN_POINT('',(2.300000860440E0,-3.794651890312E1,
-2.407526216636E0));
#7190=CARTESIAN_POINT('',(-1.169999913956E1,-3.794651890312E1,
-2.407526216636E0));
#7191=VERTEX_POINT('',#7189);
#7192=VERTEX_POINT('',#7190);
#7193=CARTESIAN_POINT('',(2.300000860440E0,-3.794651890312E1,
-9.075262166352E-1));
#7194=VERTEX_POINT('',#7193);
#7195=CARTESIAN_POINT('',(-1.169999913956E1,-3.794651890312E1,
-9.075262166352E-1));
#7196=VERTEX_POINT('',#7195);
#7197=CARTESIAN_POINT('',(-1.169999913956E1,-5.194651890313E1,
-2.407526216636E0));
#7198=VERTEX_POINT('',#7197);
#7199=CARTESIAN_POINT('',(-1.169999913956E1,-5.194651890313E1,
-9.075262166352E-1));
#7200=VERTEX_POINT('',#7199);
#7201=CARTESIAN_POINT('',(2.300000860440E0,-5.194651890313E1,
-2.407526216636E0));
#7202=VERTEX_POINT('',#7201);
#7203=CARTESIAN_POINT('',(2.300000860440E0,-5.194651890313E1,
-9.075262166352E-1));
#7204=VERTEX_POINT('',#7203);
#7205=CARTESIAN_POINT('',(-8.569999913996E1,-5.699651890161E1,
-2.407526216636E0));
#7206=CARTESIAN_POINT('',(-9.969999913996E1,-5.699651890161E1,
-2.407526216636E0));
#7207=VERTEX_POINT('',#7205);
#7208=VERTEX_POINT('',#7206);
#7209=CARTESIAN_POINT('',(-8.569999913996E1,-5.699651890161E1,
-9.075262166352E-1));
#7210=VERTEX_POINT('',#7209);
#7211=CARTESIAN_POINT('',(-9.969999913996E1,-5.699651890161E1,
-9.075262166352E-1));
#7212=VERTEX_POINT('',#7211);
#7213=CARTESIAN_POINT('',(-9.969999913996E1,-7.099651890161E1,
-2.407526216636E0));
#7214=VERTEX_POINT('',#7213);
#7215=CARTESIAN_POINT('',(-9.969999913996E1,-7.099651890161E1,
-9.075262166352E-1));
#7216=VERTEX_POINT('',#7215);
#7217=CARTESIAN_POINT('',(-8.569999913996E1,-7.099651890161E1,
-2.407526216636E0));
#7218=VERTEX_POINT('',#7217);
#7219=CARTESIAN_POINT('',(-8.569999913996E1,-7.099651890161E1,
-9.075262166352E-1));
#7220=VERTEX_POINT('',#7219);
#7221=CARTESIAN_POINT('',(8.080000085970E1,-5.699651890161E1,
-2.407526216636E0));
#7222=CARTESIAN_POINT('',(6.680000085970E1,-5.699651890161E1,
-2.407526216636E0));
#7223=VERTEX_POINT('',#7221);
#7224=VERTEX_POINT('',#7222);
#7225=CARTESIAN_POINT('',(8.080000085970E1,-5.699651890161E1,
-9.075262166352E-1));
#7226=VERTEX_POINT('',#7225);
#7227=CARTESIAN_POINT('',(6.680000085970E1,-5.699651890161E1,
-9.075262166352E-1));
#7228=VERTEX_POINT('',#7227);
#7229=CARTESIAN_POINT('',(6.680000085970E1,-7.099651890161E1,
-2.407526216636E0));
#7230=VERTEX_POINT('',#7229);
#7231=CARTESIAN_POINT('',(6.680000085970E1,-7.099651890161E1,
-9.075262166352E-1));
#7232=VERTEX_POINT('',#7231);
#7233=CARTESIAN_POINT('',(8.080000085970E1,-7.099651890161E1,
-2.407526216636E0));
#7234=VERTEX_POINT('',#7233);
#7235=CARTESIAN_POINT('',(8.080000085970E1,-7.099651890161E1,
-9.075262166352E-1));
#7236=VERTEX_POINT('',#7235);
#7237=CARTESIAN_POINT('',(-8.819999914108E1,1.534810982963E-1,
-2.407526216636E0));
#7238=CARTESIAN_POINT('',(-1.021999991411E2,1.534810982963E-1,
-2.407526216636E0));
#7239=VERTEX_POINT('',#7237);
#7240=VERTEX_POINT('',#7238);
#7241=CARTESIAN_POINT('',(-8.819999914108E1,1.534810982963E-1,
-9.075262166353E-1));
#7242=VERTEX_POINT('',#7241);
#7243=CARTESIAN_POINT('',(-1.021999991411E2,1.534810982963E-1,
-9.075262166353E-1));
#7244=VERTEX_POINT('',#7243);
#7245=CARTESIAN_POINT('',(-1.021999991411E2,-1.384651890171E1,
-2.407526216636E0));
#7246=VERTEX_POINT('',#7245);
#7247=CARTESIAN_POINT('',(-1.021999991411E2,-1.384651890171E1,
-9.075262166353E-1));
#7248=VERTEX_POINT('',#7247);
#7249=CARTESIAN_POINT('',(-8.819999914108E1,-1.384651890171E1,
-2.407526216636E0));
#7250=VERTEX_POINT('',#7249);
#7251=CARTESIAN_POINT('',(-8.819999914108E1,-1.384651890171E1,
-9.075262166353E-1));
#7252=VERTEX_POINT('',#7251);
#7253=CARTESIAN_POINT('',(-1.333999991400E2,-5.699651890161E1,
-2.407526216636E0));
#7254=CARTESIAN_POINT('',(-1.473999991400E2,-5.699651890161E1,
-2.407526216636E0));
#7255=VERTEX_POINT('',#7253);
#7256=VERTEX_POINT('',#7254);
#7257=CARTESIAN_POINT('',(-1.333999991400E2,-5.699651890161E1,
-9.075262166352E-1));
#7258=VERTEX_POINT('',#7257);
#7259=CARTESIAN_POINT('',(-1.473999991400E2,-5.699651890161E1,
-9.075262166352E-1));
#7260=VERTEX_POINT('',#7259);
#7261=CARTESIAN_POINT('',(-1.473999991400E2,-7.099651890161E1,
-2.407526216636E0));
#7262=VERTEX_POINT('',#7261);
#7263=CARTESIAN_POINT('',(-1.473999991400E2,-7.099651890161E1,
-9.075262166352E-1));
#7264=VERTEX_POINT('',#7263);
#7265=CARTESIAN_POINT('',(-1.333999991400E2,-7.099651890161E1,
-2.407526216636E0));
#7266=VERTEX_POINT('',#7265);
#7267=CARTESIAN_POINT('',(-1.333999991400E2,-7.099651890161E1,
-9.075262166352E-1));
#7268=VERTEX_POINT('',#7267);
#7269=CARTESIAN_POINT('',(-7.389999913956E1,-3.794651890312E1,
-2.407526216636E0));
#7270=CARTESIAN_POINT('',(-8.789999913956E1,-3.794651890312E1,
-2.407526216636E0));
#7271=VERTEX_POINT('',#7269);
#7272=VERTEX_POINT('',#7270);
#7273=CARTESIAN_POINT('',(-7.389999913956E1,-3.794651890312E1,
-9.075262166352E-1));
#7274=VERTEX_POINT('',#7273);
#7275=CARTESIAN_POINT('',(-8.789999913956E1,-3.794651890312E1,
-9.075262166352E-1));
#7276=VERTEX_POINT('',#7275);
#7277=CARTESIAN_POINT('',(-8.789999913956E1,-5.194651890313E1,
-2.407526216636E0));
#7278=VERTEX_POINT('',#7277);
#7279=CARTESIAN_POINT('',(-8.789999913956E1,-5.194651890313E1,
-9.075262166352E-1));
#7280=VERTEX_POINT('',#7279);
#7281=CARTESIAN_POINT('',(-7.389999913956E1,-5.194651890313E1,
-2.407526216636E0));
#7282=VERTEX_POINT('',#7281);
#7283=CARTESIAN_POINT('',(-7.389999913956E1,-5.194651890313E1,
-9.075262166352E-1));
#7284=VERTEX_POINT('',#7283);
#7285=CARTESIAN_POINT('',(3.565000085992E1,1.920348109843E1,-2.407526216636E0));
#7286=CARTESIAN_POINT('',(2.165000085992E1,1.920348109843E1,-2.407526216636E0));
#7287=VERTEX_POINT('',#7285);
#7288=VERTEX_POINT('',#7286);
#7289=CARTESIAN_POINT('',(3.565000085992E1,1.920348109843E1,
-9.075262166354E-1));
#7290=VERTEX_POINT('',#7289);
#7291=CARTESIAN_POINT('',(2.165000085992E1,1.920348109843E1,
-9.075262166354E-1));
#7292=VERTEX_POINT('',#7291);
#7293=CARTESIAN_POINT('',(2.165000085992E1,5.203481098425E0,-2.407526216636E0));
#7294=VERTEX_POINT('',#7293);
#7295=CARTESIAN_POINT('',(2.165000085992E1,5.203481098425E0,
-9.075262166354E-1));
#7296=VERTEX_POINT('',#7295);
#7297=CARTESIAN_POINT('',(3.565000085992E1,5.203481098425E0,-2.407526216636E0));
#7298=VERTEX_POINT('',#7297);
#7299=CARTESIAN_POINT('',(3.565000085992E1,5.203481098425E0,
-9.075262166354E-1));
#7300=VERTEX_POINT('',#7299);
#7301=CARTESIAN_POINT('',(-5.959999914008E1,1.920348109843E1,
-2.407526216636E0));
#7302=CARTESIAN_POINT('',(-7.359999914008E1,1.920348109843E1,
-2.407526216636E0));
#7303=VERTEX_POINT('',#7301);
#7304=VERTEX_POINT('',#7302);
#7305=CARTESIAN_POINT('',(-5.959999914008E1,1.920348109843E1,
-9.075262166354E-1));
#7306=VERTEX_POINT('',#7305);
#7307=CARTESIAN_POINT('',(-7.359999914008E1,1.920348109843E1,
-9.075262166354E-1));
#7308=VERTEX_POINT('',#7307);
#7309=CARTESIAN_POINT('',(-7.359999914008E1,5.203481098425E0,
-2.407526216636E0));
#7310=VERTEX_POINT('',#7309);
#7311=CARTESIAN_POINT('',(-7.359999914008E1,5.203481098425E0,
-9.075262166354E-1));
#7312=VERTEX_POINT('',#7311);
#7313=CARTESIAN_POINT('',(-5.959999914008E1,5.203481098425E0,
-2.407526216636E0));
#7314=VERTEX_POINT('',#7313);
#7315=CARTESIAN_POINT('',(-5.959999914008E1,5.203481098425E0,
-9.075262166354E-1));
#7316=VERTEX_POINT('',#7315);
#7317=CARTESIAN_POINT('',(-6.914999914108E1,1.534810982963E-1,
-2.407526216636E0));
#7318=CARTESIAN_POINT('',(-8.314999914108E1,1.534810982963E-1,
-2.407526216636E0));
#7319=VERTEX_POINT('',#7317);
#7320=VERTEX_POINT('',#7318);
#7321=CARTESIAN_POINT('',(-6.914999914108E1,1.534810982963E-1,
-9.075262166353E-1));
#7322=VERTEX_POINT('',#7321);
#7323=CARTESIAN_POINT('',(-8.314999914108E1,1.534810982963E-1,
-9.075262166353E-1));
#7324=VERTEX_POINT('',#7323);
#7325=CARTESIAN_POINT('',(-8.314999914108E1,-1.384651890171E1,
-2.407526216636E0));
#7326=VERTEX_POINT('',#7325);
#7327=CARTESIAN_POINT('',(-8.314999914108E1,-1.384651890171E1,
-9.075262166353E-1));
#7328=VERTEX_POINT('',#7327);
#7329=CARTESIAN_POINT('',(-6.914999914108E1,-1.384651890171E1,
-2.407526216636E0));
#7330=VERTEX_POINT('',#7329);
#7331=CARTESIAN_POINT('',(-6.914999914108E1,-1.384651890171E1,
-9.075262166353E-1));
#7332=VERTEX_POINT('',#7331);
#7333=CARTESIAN_POINT('',(7.050000858920E0,1.534810982963E-1,
-2.407526216636E0));
#7334=CARTESIAN_POINT('',(-6.949999141080E0,1.534810982963E-1,
-2.407526216636E0));
#7335=VERTEX_POINT('',#7333);
#7336=VERTEX_POINT('',#7334);
#7337=CARTESIAN_POINT('',(7.050000858920E0,1.534810982963E-1,
-9.075262166353E-1));
#7338=VERTEX_POINT('',#7337);
#7339=CARTESIAN_POINT('',(-6.949999141080E0,1.534810982963E-1,
-9.075262166353E-1));
#7340=VERTEX_POINT('',#7339);
#7341=CARTESIAN_POINT('',(-6.949999141080E0,-1.384651890171E1,
-2.407526216636E0));
#7342=VERTEX_POINT('',#7341);
#7343=CARTESIAN_POINT('',(-6.949999141080E0,-1.384651890171E1,
-9.075262166353E-1));
#7344=VERTEX_POINT('',#7343);
#7345=CARTESIAN_POINT('',(7.050000858920E0,-1.384651890171E1,
-2.407526216636E0));
#7346=VERTEX_POINT('',#7345);
#7347=CARTESIAN_POINT('',(7.050000858920E0,-1.384651890171E1,
-9.075262166353E-1));
#7348=VERTEX_POINT('',#7347);
#7349=CARTESIAN_POINT('',(-3.579999913956E1,-3.794651890312E1,
-2.407526216636E0));
#7350=CARTESIAN_POINT('',(-4.979999913956E1,-3.794651890312E1,
-2.407526216636E0));
#7351=VERTEX_POINT('',#7349);
#7352=VERTEX_POINT('',#7350);
#7353=CARTESIAN_POINT('',(-3.579999913956E1,-3.794651890312E1,
-9.075262166352E-1));
#7354=VERTEX_POINT('',#7353);
#7355=CARTESIAN_POINT('',(-4.979999913956E1,-3.794651890312E1,
-9.075262166352E-1));
#7356=VERTEX_POINT('',#7355);
#7357=CARTESIAN_POINT('',(-4.979999913956E1,-5.194651890313E1,
-2.407526216636E0));
#7358=VERTEX_POINT('',#7357);
#7359=CARTESIAN_POINT('',(-4.979999913956E1,-5.194651890313E1,
-9.075262166352E-1));
#7360=VERTEX_POINT('',#7359);
#7361=CARTESIAN_POINT('',(-3.579999913956E1,-5.194651890313E1,
-2.407526216636E0));
#7362=VERTEX_POINT('',#7361);
#7363=CARTESIAN_POINT('',(-3.579999913956E1,-5.194651890313E1,
-9.075262166352E-1));
#7364=VERTEX_POINT('',#7363);
#7365=CARTESIAN_POINT('',(-9.294999913956E1,-3.794651890312E1,
-2.407526216636E0));
#7366=CARTESIAN_POINT('',(-1.069499991396E2,-3.794651890312E1,
-2.407526216636E0));
#7367=VERTEX_POINT('',#7365);
#7368=VERTEX_POINT('',#7366);
#7369=CARTESIAN_POINT('',(-9.294999913956E1,-3.794651890312E1,
-9.075262166352E-1));
#7370=VERTEX_POINT('',#7369);
#7371=CARTESIAN_POINT('',(-1.069499991396E2,-3.794651890312E1,
-9.075262166352E-1));
#7372=VERTEX_POINT('',#7371);
#7373=CARTESIAN_POINT('',(-1.069499991396E2,-5.194651890313E1,
-2.407526216636E0));
#7374=VERTEX_POINT('',#7373);
#7375=CARTESIAN_POINT('',(-1.069499991396E2,-5.194651890313E1,
-9.075262166352E-1));
#7376=VERTEX_POINT('',#7375);
#7377=CARTESIAN_POINT('',(-9.294999913956E1,-5.194651890313E1,
-2.407526216636E0));
#7378=VERTEX_POINT('',#7377);
#7379=CARTESIAN_POINT('',(-9.294999913956E1,-5.194651890313E1,
-9.075262166352E-1));
#7380=VERTEX_POINT('',#7379);
#7381=CARTESIAN_POINT('',(-1.222249992326E2,-5.171155741633E1,
-2.407526216636E0));
#7382=CARTESIAN_POINT('',(-1.204534571797E2,-5.171155739224E1,
-2.407526216636E0));
#7383=VERTEX_POINT('',#7381);
#7384=VERTEX_POINT('',#7382);
#7385=CARTESIAN_POINT('',(-1.222249992326E2,-5.171155741633E1,
-9.075262166358E-1));
#7386=VERTEX_POINT('',#7385);
#7387=CARTESIAN_POINT('',(-1.204534571797E2,-5.171155739224E1,
-9.075262166358E-1));
#7388=VERTEX_POINT('',#7387);
#7389=CARTESIAN_POINT('',(-1.204534571797E2,-5.321187446219E1,
-2.407526216636E0));
#7390=VERTEX_POINT('',#7389);
#7391=CARTESIAN_POINT('',(-1.204534571797E2,-5.321187446219E1,
-9.075262166358E-1));
#7392=VERTEX_POINT('',#7391);
#7393=CARTESIAN_POINT('',(-1.173475006850E2,-5.321187446219E1,
-2.407526216636E0));
#7394=VERTEX_POINT('',#7393);
#7395=CARTESIAN_POINT('',(-1.173475006850E2,-5.321187446219E1,
-9.075262166358E-1));
#7396=VERTEX_POINT('',#7395);
#7397=CARTESIAN_POINT('',(-1.173475006850E2,-5.171155739224E1,
-2.407526216636E0));
#7398=VERTEX_POINT('',#7397);
#7399=CARTESIAN_POINT('',(-1.173475006850E2,-5.171155739224E1,
-9.075262166358E-1));
#7400=VERTEX_POINT('',#7399);
#7401=CARTESIAN_POINT('',(-1.155749991417E2,-5.171155741633E1,
-2.407526216636E0));
#7402=VERTEX_POINT('',#7401);
#7403=CARTESIAN_POINT('',(-1.155749991417E2,-5.171155741633E1,
-9.075262166358E-1));
#7404=VERTEX_POINT('',#7403);
#7405=CARTESIAN_POINT('',(-1.155749991417E2,-4.521155742173E1,
-2.407526216636E0));
#7406=VERTEX_POINT('',#7405);
#7407=CARTESIAN_POINT('',(-1.155749991417E2,-4.521155742173E1,
-9.075262166358E-1));
#7408=VERTEX_POINT('',#7407);
#7409=CARTESIAN_POINT('',(-1.146749991434E2,-4.521155742173E1,
-2.407526216636E0));
#7410=VERTEX_POINT('',#7409);
#7411=CARTESIAN_POINT('',(-1.146749991434E2,-4.521155742173E1,
-9.075262166358E-1));
#7412=VERTEX_POINT('',#7411);
#7413=CARTESIAN_POINT('',(-1.146749991434E2,-4.276155741953E1,
-2.407526216636E0));
#7414=VERTEX_POINT('',#7413);
#7415=CARTESIAN_POINT('',(-1.146749991434E2,-4.276155741953E1,
-9.075262166358E-1));
#7416=VERTEX_POINT('',#7415);
#7417=CARTESIAN_POINT('',(-1.155749991417E2,-4.276155741953E1,
-2.407526216636E0));
#7418=VERTEX_POINT('',#7417);
#7419=CARTESIAN_POINT('',(-1.155749991417E2,-4.276155741953E1,
-9.075262166358E-1));
#7420=VERTEX_POINT('',#7419);
#7421=CARTESIAN_POINT('',(-1.155749991417E2,-3.951155741463E1,
-2.407526216636E0));
#7422=VERTEX_POINT('',#7421);
#7423=CARTESIAN_POINT('',(-1.155749991417E2,-3.951155741463E1,
-9.075262166358E-1));
#7424=VERTEX_POINT('',#7423);
#7425=CARTESIAN_POINT('',(-1.222249998828E2,-3.951155741463E1,
-2.407526216636E0));
#7426=VERTEX_POINT('',#7425);
#7427=CARTESIAN_POINT('',(-1.222249998828E2,-3.951155741463E1,
-9.075262166358E-1));
#7428=VERTEX_POINT('',#7427);
#7429=CARTESIAN_POINT('',(-1.222249998828E2,-4.276155742973E1,
-2.407526216636E0));
#7430=VERTEX_POINT('',#7429);
#7431=CARTESIAN_POINT('',(-1.222249998828E2,-4.276155742973E1,
-9.075262166358E-1));
#7432=VERTEX_POINT('',#7431);
#7433=CARTESIAN_POINT('',(-1.238999991407E2,-4.276155742973E1,
-2.407526216636E0));
#7434=VERTEX_POINT('',#7433);
#7435=CARTESIAN_POINT('',(-1.238999991407E2,-4.276155742973E1,
-9.075262166355E-1));
#7436=VERTEX_POINT('',#7435);
#7437=CARTESIAN_POINT('',(-1.238999991407E2,-3.794651890163E1,
-9.075262166352E-1));
#7438=VERTEX_POINT('',#7437);
#7439=CARTESIAN_POINT('',(-1.238999991407E2,-3.794651890163E1,
-2.407526216636E0));
#7440=VERTEX_POINT('',#7439);
#7441=CARTESIAN_POINT('',(-1.378999991407E2,-3.794651890163E1,
-2.407526216636E0));
#7442=VERTEX_POINT('',#7441);
#7443=CARTESIAN_POINT('',(-1.378999991407E2,-3.794651890163E1,
-9.075262166352E-1));
#7444=VERTEX_POINT('',#7443);
#7445=CARTESIAN_POINT('',(-1.378999991407E2,-4.276155743733E1,
-9.075262166355E-1));
#7446=CARTESIAN_POINT('',(-1.378999991407E2,-4.276155743733E1,
-2.407526216636E0));
#7447=VERTEX_POINT('',#7445);
#7448=VERTEX_POINT('',#7446);
#7449=CARTESIAN_POINT('',(-1.395749998767E2,-4.276155743733E1,
-2.407526216636E0));
#7450=VERTEX_POINT('',#7449);
#7451=CARTESIAN_POINT('',(-1.395749998767E2,-4.276155743733E1,
-9.075262166358E-1));
#7452=VERTEX_POINT('',#7451);
#7453=CARTESIAN_POINT('',(-1.395749998767E2,-3.951155743233E1,
-2.407526216636E0));
#7454=VERTEX_POINT('',#7453);
#7455=CARTESIAN_POINT('',(-1.395749998767E2,-3.951155743233E1,
-9.075262166358E-1));
#7456=VERTEX_POINT('',#7455);
#7457=CARTESIAN_POINT('',(-1.462249991395E2,-3.951155743233E1,
-2.407526216636E0));
#7458=VERTEX_POINT('',#7457);
#7459=CARTESIAN_POINT('',(-1.462249991395E2,-3.951155743233E1,
-9.075262166358E-1));
#7460=VERTEX_POINT('',#7459);
#7461=CARTESIAN_POINT('',(-1.462249991395E2,-4.276155743733E1,
-2.407526216636E0));
#7462=VERTEX_POINT('',#7461);
#7463=CARTESIAN_POINT('',(-1.462249991395E2,-4.276155743733E1,
-9.075262166358E-1));
#7464=VERTEX_POINT('',#7463);
#7465=CARTESIAN_POINT('',(-1.471249991455E2,-4.276155743733E1,
-2.407526216636E0));
#7466=VERTEX_POINT('',#7465);
#7467=CARTESIAN_POINT('',(-1.471249991455E2,-4.276155743733E1,
-9.075262166358E-1));
#7468=VERTEX_POINT('',#7467);
#7469=CARTESIAN_POINT('',(-1.471249991455E2,-4.521155743953E1,
-2.407526216636E0));
#7470=VERTEX_POINT('',#7469);
#7471=CARTESIAN_POINT('',(-1.471249991455E2,-4.521155743953E1,
-9.075262166358E-1));
#7472=VERTEX_POINT('',#7471);
#7473=CARTESIAN_POINT('',(-1.462249991395E2,-4.521155743953E1,
-2.407526216636E0));
#7474=VERTEX_POINT('',#7473);
#7475=CARTESIAN_POINT('',(-1.462249991395E2,-4.521155743953E1,
-9.075262166358E-1));
#7476=VERTEX_POINT('',#7475);
#7477=CARTESIAN_POINT('',(-1.462249991395E2,-5.171155743413E1,
-2.407526216636E0));
#7478=VERTEX_POINT('',#7477);
#7479=CARTESIAN_POINT('',(-1.462249991395E2,-5.171155743413E1,
-9.075262166358E-1));
#7480=VERTEX_POINT('',#7479);
#7481=CARTESIAN_POINT('',(-1.444534571783E2,-5.171155741005E1,
-2.407526216636E0));
#7482=VERTEX_POINT('',#7481);
#7483=CARTESIAN_POINT('',(-1.444534571783E2,-5.171155741005E1,
-9.075262166358E-1));
#7484=VERTEX_POINT('',#7483);
#7485=CARTESIAN_POINT('',(-1.444534571783E2,-5.321187446727E1,
-2.407526216636E0));
#7486=VERTEX_POINT('',#7485);
#7487=CARTESIAN_POINT('',(-1.444534571783E2,-5.321187446727E1,
-9.075262166358E-1));
#7488=VERTEX_POINT('',#7487);
#7489=CARTESIAN_POINT('',(-1.413475006834E2,-5.321187446727E1,
-2.407526216636E0));
#7490=VERTEX_POINT('',#7489);
#7491=CARTESIAN_POINT('',(-1.413475006834E2,-5.321187446727E1,
-9.075262166358E-1));
#7492=VERTEX_POINT('',#7491);
#7493=CARTESIAN_POINT('',(-1.413475006834E2,-5.171155741005E1,
-2.407526216636E0));
#7494=VERTEX_POINT('',#7493);
#7495=CARTESIAN_POINT('',(-1.413475006834E2,-5.171155741005E1,
-9.075262166358E-1));
#7496=VERTEX_POINT('',#7495);
#7497=CARTESIAN_POINT('',(-1.395749992315E2,-5.171155743413E1,
-2.407526216636E0));
#7498=VERTEX_POINT('',#7497);
#7499=CARTESIAN_POINT('',(-1.395749992315E2,-5.171155743413E1,
-9.075262166358E-1));
#7500=VERTEX_POINT('',#7499);
#7501=CARTESIAN_POINT('',(-1.395749992315E2,-5.097151889903E1,
-2.407526216636E0));
#7502=VERTEX_POINT('',#7501);
#7503=CARTESIAN_POINT('',(-1.395749992315E2,-5.097151889903E1,
-9.075262166358E-1));
#7504=VERTEX_POINT('',#7503);
#7505=CARTESIAN_POINT('',(-1.378999991407E2,-5.097151889903E1,
-2.407526216636E0));
#7506=VERTEX_POINT('',#7505);
#7507=CARTESIAN_POINT('',(-1.378999991407E2,-5.097151889903E1,
-9.075262166355E-1));
#7508=VERTEX_POINT('',#7507);
#7509=CARTESIAN_POINT('',(-1.378999991407E2,-5.194651890164E1,
-9.075262166352E-1));
#7510=VERTEX_POINT('',#7509);
#7511=CARTESIAN_POINT('',(-1.378999991407E2,-5.194651890164E1,
-2.407526216636E0));
#7512=VERTEX_POINT('',#7511);
#7513=CARTESIAN_POINT('',(-1.238999991407E2,-5.194651890164E1,
-2.407526216636E0));
#7514=VERTEX_POINT('',#7513);
#7515=CARTESIAN_POINT('',(-1.238999991407E2,-5.194651890164E1,
-9.075262166352E-1));
#7516=VERTEX_POINT('',#7515);
#7517=CARTESIAN_POINT('',(-1.238999991407E2,-5.097151889903E1,
-9.075262166355E-1));
#7518=CARTESIAN_POINT('',(-1.238999991407E2,-5.097151889903E1,
-2.407526216636E0));
#7519=VERTEX_POINT('',#7517);
#7520=VERTEX_POINT('',#7518);
#7521=CARTESIAN_POINT('',(-1.222249992326E2,-5.097151889903E1,
-2.407526216636E0));
#7522=VERTEX_POINT('',#7521);
#7523=CARTESIAN_POINT('',(-1.222249992326E2,-5.097151889903E1,
-9.075262166358E-1));
#7524=VERTEX_POINT('',#7523);
#7525=CARTESIAN_POINT('',(-6.439999913897E1,-1.889651890174E1,
-2.407526216636E0));
#7526=CARTESIAN_POINT('',(-7.839999913897E1,-1.889651890174E1,
-2.407526216636E0));
#7527=VERTEX_POINT('',#7525);
#7528=VERTEX_POINT('',#7526);
#7529=CARTESIAN_POINT('',(-6.439999913897E1,-1.889651890174E1,
-9.075262166353E-1));
#7530=VERTEX_POINT('',#7529);
#7531=CARTESIAN_POINT('',(-7.839999913897E1,-1.889651890174E1,
-9.075262166353E-1));
#7532=VERTEX_POINT('',#7531);
#7533=CARTESIAN_POINT('',(-7.839999913897E1,-3.289651890175E1,
-2.407526216636E0));
#7534=VERTEX_POINT('',#7533);
#7535=CARTESIAN_POINT('',(-7.839999913897E1,-3.289651890175E1,
-9.075262166353E-1));
#7536=VERTEX_POINT('',#7535);
#7537=CARTESIAN_POINT('',(-6.439999913897E1,-3.289651890175E1,
-2.407526216636E0));
#7538=VERTEX_POINT('',#7537);
#7539=CARTESIAN_POINT('',(-6.439999913897E1,-3.289651890175E1,
-9.075262166353E-1));
#7540=VERTEX_POINT('',#7539);
#7541=CARTESIAN_POINT('',(-1.024999991390E2,-1.889651890174E1,
-2.407526216636E0));
#7542=CARTESIAN_POINT('',(-1.164999991390E2,-1.889651890174E1,
-2.407526216636E0));
#7543=VERTEX_POINT('',#7541);
#7544=VERTEX_POINT('',#7542);
#7545=CARTESIAN_POINT('',(-1.024999991390E2,-1.889651890174E1,
-9.075262166353E-1));
#7546=VERTEX_POINT('',#7545);
#7547=CARTESIAN_POINT('',(-1.164999991390E2,-1.889651890174E1,
-9.075262166353E-1));
#7548=VERTEX_POINT('',#7547);
#7549=CARTESIAN_POINT('',(-1.164999991390E2,-3.289651890175E1,
-2.407526216636E0));
#7550=VERTEX_POINT('',#7549);
#7551=CARTESIAN_POINT('',(-1.164999991390E2,-3.289651890175E1,
-9.075262166353E-1));
#7552=VERTEX_POINT('',#7551);
#7553=CARTESIAN_POINT('',(-1.024999991390E2,-3.289651890175E1,
-2.407526216636E0));
#7554=VERTEX_POINT('',#7553);
#7555=CARTESIAN_POINT('',(-1.024999991390E2,-3.289651890175E1,
-9.075262166353E-1));
#7556=VERTEX_POINT('',#7555);
#7557=CARTESIAN_POINT('',(1.023000008589E2,1.534810982963E-1,
-2.407526216636E0));
#7558=CARTESIAN_POINT('',(8.830000085892E1,1.534810982963E-1,
-2.407526216636E0));
#7559=VERTEX_POINT('',#7557);
#7560=VERTEX_POINT('',#7558);
#7561=CARTESIAN_POINT('',(1.023000008589E2,1.534810982963E-1,
-9.075262166353E-1));
#7562=VERTEX_POINT('',#7561);
#7563=CARTESIAN_POINT('',(8.830000085892E1,1.534810982963E-1,
-9.075262166353E-1));
#7564=VERTEX_POINT('',#7563);
#7565=CARTESIAN_POINT('',(8.830000085892E1,-1.384651890171E1,
-2.407526216636E0));
#7566=VERTEX_POINT('',#7565);
#7567=CARTESIAN_POINT('',(8.830000085892E1,-1.384651890171E1,
-9.075262166353E-1));
#7568=VERTEX_POINT('',#7567);
#7569=CARTESIAN_POINT('',(1.023000008589E2,-1.384651890171E1,
-2.407526216636E0));
#7570=VERTEX_POINT('',#7569);
#7571=CARTESIAN_POINT('',(1.023000008589E2,-1.384651890171E1,
-9.075262166353E-1));
#7572=VERTEX_POINT('',#7571);
#7573=CARTESIAN_POINT('',(-2.629999913897E1,-1.889651890174E1,
-2.407526216636E0));
#7574=CARTESIAN_POINT('',(-4.029999913897E1,-1.889651890174E1,
-2.407526216636E0));
#7575=VERTEX_POINT('',#7573);
#7576=VERTEX_POINT('',#7574);
#7577=CARTESIAN_POINT('',(-2.629999913897E1,-1.889651890174E1,
-9.075262166353E-1));
#7578=VERTEX_POINT('',#7577);
#7579=CARTESIAN_POINT('',(-4.029999913897E1,-1.889651890174E1,
-9.075262166353E-1));
#7580=VERTEX_POINT('',#7579);
#7581=CARTESIAN_POINT('',(-4.029999913897E1,-3.289651890175E1,
-2.407526216636E0));
#7582=VERTEX_POINT('',#7581);
#7583=CARTESIAN_POINT('',(-4.029999913897E1,-3.289651890175E1,
-9.075262166353E-1));
#7584=VERTEX_POINT('',#7583);
#7585=CARTESIAN_POINT('',(-2.629999913897E1,-3.289651890175E1,
-2.407526216636E0));
#7586=VERTEX_POINT('',#7585);
#7587=CARTESIAN_POINT('',(-2.629999913897E1,-3.289651890175E1,
-9.075262166353E-1));
#7588=VERTEX_POINT('',#7587);
#7589=CARTESIAN_POINT('',(-1.674999913956E1,-3.794651890312E1,
-2.407526216636E0));
#7590=CARTESIAN_POINT('',(-3.074999913956E1,-3.794651890312E1,
-2.407526216636E0));
#7591=VERTEX_POINT('',#7589);
#7592=VERTEX_POINT('',#7590);
#7593=CARTESIAN_POINT('',(-1.674999913956E1,-3.794651890312E1,
-9.075262166352E-1));
#7594=VERTEX_POINT('',#7593);
#7595=CARTESIAN_POINT('',(-3.074999913956E1,-3.794651890312E1,
-9.075262166352E-1));
#7596=VERTEX_POINT('',#7595);
#7597=CARTESIAN_POINT('',(-3.074999913956E1,-5.194651890313E1,
-2.407526216636E0));
#7598=VERTEX_POINT('',#7597);
#7599=CARTESIAN_POINT('',(-3.074999913956E1,-5.194651890313E1,
-9.075262166352E-1));
#7600=VERTEX_POINT('',#7599);
#7601=CARTESIAN_POINT('',(-1.674999913956E1,-5.194651890313E1,
-2.407526216636E0));
#7602=VERTEX_POINT('',#7601);
#7603=CARTESIAN_POINT('',(-1.674999913956E1,-5.194651890313E1,
-9.075262166352E-1));
#7604=VERTEX_POINT('',#7603);
#7605=CARTESIAN_POINT('',(8.800000086103E1,-1.889651890174E1,
-2.407526216636E0));
#7606=CARTESIAN_POINT('',(7.400000086103E1,-1.889651890174E1,
-2.407526216636E0));
#7607=VERTEX_POINT('',#7605);
#7608=VERTEX_POINT('',#7606);
#7609=CARTESIAN_POINT('',(8.800000086103E1,-1.889651890174E1,
-9.075262166353E-1));
#7610=VERTEX_POINT('',#7609);
#7611=CARTESIAN_POINT('',(7.400000086103E1,-1.889651890174E1,
-9.075262166353E-1));
#7612=VERTEX_POINT('',#7611);
#7613=CARTESIAN_POINT('',(7.400000086103E1,-3.289651890175E1,
-2.407526216636E0));
#7614=VERTEX_POINT('',#7613);
#7615=CARTESIAN_POINT('',(7.400000086103E1,-3.289651890175E1,
-9.075262166353E-1));
#7616=VERTEX_POINT('',#7615);
#7617=CARTESIAN_POINT('',(8.800000086103E1,-3.289651890175E1,
-2.407526216636E0));
#7618=VERTEX_POINT('',#7617);
#7619=CARTESIAN_POINT('',(8.800000086103E1,-3.289651890175E1,
-9.075262166353E-1));
#7620=VERTEX_POINT('',#7619);
#7621=CARTESIAN_POINT('',(7.850000086044E1,-3.794651890312E1,
-2.407526216636E0));
#7622=CARTESIAN_POINT('',(6.450000086044E1,-3.794651890312E1,
-2.407526216636E0));
#7623=VERTEX_POINT('',#7621);
#7624=VERTEX_POINT('',#7622);
#7625=CARTESIAN_POINT('',(7.850000086044E1,-3.794651890312E1,
-9.075262166352E-1));
#7626=VERTEX_POINT('',#7625);
#7627=CARTESIAN_POINT('',(6.450000086044E1,-3.794651890312E1,
-9.075262166352E-1));
#7628=VERTEX_POINT('',#7627);
#7629=CARTESIAN_POINT('',(6.450000086044E1,-5.194651890313E1,
-2.407526216636E0));
#7630=VERTEX_POINT('',#7629);
#7631=CARTESIAN_POINT('',(6.450000086044E1,-5.194651890313E1,
-9.075262166352E-1));
#7632=VERTEX_POINT('',#7631);
#7633=CARTESIAN_POINT('',(7.850000086044E1,-5.194651890313E1,
-2.407526216636E0));
#7634=VERTEX_POINT('',#7633);
#7635=CARTESIAN_POINT('',(7.850000086044E1,-5.194651890313E1,
-9.075262166352E-1));
#7636=VERTEX_POINT('',#7635);
#7637=CARTESIAN_POINT('',(-1.167499991401E2,1.920348109843E1,
-2.407526216636E0));
#7638=CARTESIAN_POINT('',(-1.307499991401E2,1.920348109843E1,
-2.407526216636E0));
#7639=VERTEX_POINT('',#7637);
#7640=VERTEX_POINT('',#7638);
#7641=CARTESIAN_POINT('',(-1.167499991401E2,1.920348109843E1,
-9.075262166354E-1));
#7642=VERTEX_POINT('',#7641);
#7643=CARTESIAN_POINT('',(-1.307499991401E2,1.920348109843E1,
-9.075262166354E-1));
#7644=VERTEX_POINT('',#7643);
#7645=CARTESIAN_POINT('',(-1.307499991401E2,5.203481098425E0,
-2.407526216636E0));
#7646=VERTEX_POINT('',#7645);
#7647=CARTESIAN_POINT('',(-1.307499991401E2,5.203481098425E0,
-9.075262166354E-1));
#7648=VERTEX_POINT('',#7647);
#7649=CARTESIAN_POINT('',(-1.167499991401E2,5.203481098425E0,
-2.407526216636E0));
#7650=VERTEX_POINT('',#7649);
#7651=CARTESIAN_POINT('',(-1.167499991401E2,5.203481098425E0,
-9.075262166354E-1));
#7652=VERTEX_POINT('',#7651);
#7653=CARTESIAN_POINT('',(6.895000086103E1,-1.889651890174E1,
-2.407526216636E0));
#7654=CARTESIAN_POINT('',(5.495000086103E1,-1.889651890174E1,
-2.407526216636E0));
#7655=VERTEX_POINT('',#7653);
#7656=VERTEX_POINT('',#7654);
#7657=CARTESIAN_POINT('',(6.895000086103E1,-1.889651890174E1,
-9.075262166353E-1));
#7658=VERTEX_POINT('',#7657);
#7659=CARTESIAN_POINT('',(5.495000086103E1,-1.889651890174E1,
-9.075262166353E-1));
#7660=VERTEX_POINT('',#7659);
#7661=CARTESIAN_POINT('',(5.495000086103E1,-3.289651890175E1,
-2.407526216636E0));
#7662=VERTEX_POINT('',#7661);
#7663=CARTESIAN_POINT('',(5.495000086103E1,-3.289651890175E1,
-9.075262166353E-1));
#7664=VERTEX_POINT('',#7663);
#7665=CARTESIAN_POINT('',(6.895000086103E1,-3.289651890175E1,
-2.407526216636E0));
#7666=VERTEX_POINT('',#7665);
#7667=CARTESIAN_POINT('',(6.895000086103E1,-3.289651890175E1,
-9.075262166353E-1));
#7668=VERTEX_POINT('',#7667);
#7669=CARTESIAN_POINT('',(-7.249999138970E0,-1.889651890174E1,
-2.407526216636E0));
#7670=CARTESIAN_POINT('',(-2.124999913897E1,-1.889651890174E1,
-2.407526216636E0));
#7671=VERTEX_POINT('',#7669);
#7672=VERTEX_POINT('',#7670);
#7673=CARTESIAN_POINT('',(-7.249999138970E0,-1.889651890174E1,
-9.075262166353E-1));
#7674=VERTEX_POINT('',#7673);
#7675=CARTESIAN_POINT('',(-2.124999913897E1,-1.889651890174E1,
-9.075262166353E-1));
#7676=VERTEX_POINT('',#7675);
#7677=CARTESIAN_POINT('',(-2.124999913897E1,-3.289651890175E1,
-2.407526216636E0));
#7678=VERTEX_POINT('',#7677);
#7679=CARTESIAN_POINT('',(-2.124999913897E1,-3.289651890175E1,
-9.075262166353E-1));
#7680=VERTEX_POINT('',#7679);
#7681=CARTESIAN_POINT('',(-7.249999138970E0,-3.289651890175E1,
-2.407526216636E0));
#7682=VERTEX_POINT('',#7681);
#7683=CARTESIAN_POINT('',(-7.249999138970E0,-3.289651890175E1,
-9.075262166353E-1));
#7684=VERTEX_POINT('',#7683);
#7685=CARTESIAN_POINT('',(6.420000085892E1,1.534810982963E-1,
-2.407526216636E0));
#7686=CARTESIAN_POINT('',(5.020000085892E1,1.534810982963E-1,
-2.407526216636E0));
#7687=VERTEX_POINT('',#7685);
#7688=VERTEX_POINT('',#7686);
#7689=CARTESIAN_POINT('',(6.420000085892E1,1.534810982963E-1,
-9.075262166353E-1));
#7690=VERTEX_POINT('',#7689);
#7691=CARTESIAN_POINT('',(5.020000085892E1,1.534810982963E-1,
-9.075262166353E-1));
#7692=VERTEX_POINT('',#7691);
#7693=CARTESIAN_POINT('',(5.020000085892E1,-1.384651890171E1,
-2.407526216636E0));
#7694=VERTEX_POINT('',#7693);
#7695=CARTESIAN_POINT('',(5.020000085892E1,-1.384651890171E1,
-9.075262166353E-1));
#7696=VERTEX_POINT('',#7695);
#7697=CARTESIAN_POINT('',(6.420000085892E1,-1.384651890171E1,
-2.407526216636E0));
#7698=VERTEX_POINT('',#7697);
#7699=CARTESIAN_POINT('',(6.420000085892E1,-1.384651890171E1,
-9.075262166353E-1));
#7700=VERTEX_POINT('',#7699);
#7701=CARTESIAN_POINT('',(9.280000085992E1,1.920348109843E1,-2.407526216636E0));
#7702=CARTESIAN_POINT('',(7.880000085992E1,1.920348109843E1,-2.407526216636E0));
#7703=VERTEX_POINT('',#7701);
#7704=VERTEX_POINT('',#7702);
#7705=CARTESIAN_POINT('',(9.280000085992E1,1.920348109843E1,
-9.075262166354E-1));
#7706=VERTEX_POINT('',#7705);
#7707=CARTESIAN_POINT('',(7.880000085992E1,1.920348109843E1,
-9.075262166354E-1));
#7708=VERTEX_POINT('',#7707);
#7709=CARTESIAN_POINT('',(7.880000085992E1,5.203481098425E0,-2.407526216636E0));
#7710=VERTEX_POINT('',#7709);
#7711=CARTESIAN_POINT('',(7.880000085992E1,5.203481098425E0,
-9.075262166354E-1));
#7712=VERTEX_POINT('',#7711);
#7713=CARTESIAN_POINT('',(9.280000085992E1,5.203481098425E0,-2.407526216636E0));
#7714=VERTEX_POINT('',#7713);
#7715=CARTESIAN_POINT('',(9.280000085992E1,5.203481098425E0,
-9.075262166354E-1));
#7716=VERTEX_POINT('',#7715);
#7717=CARTESIAN_POINT('',(-1.310499991407E2,1.534810984163E-1,
-2.407526216636E0));
#7718=CARTESIAN_POINT('',(-1.450499991407E2,1.534810984163E-1,
-2.407526216636E0));
#7719=VERTEX_POINT('',#7717);
#7720=VERTEX_POINT('',#7718);
#7721=CARTESIAN_POINT('',(-1.310499991407E2,1.534810984163E-1,
-9.075262166353E-1));
#7722=VERTEX_POINT('',#7721);
#7723=CARTESIAN_POINT('',(-1.450499991407E2,1.534810984163E-1,
-9.075262166353E-1));
#7724=VERTEX_POINT('',#7723);
#7725=CARTESIAN_POINT('',(-1.450499991407E2,-1.384651890159E1,
-2.407526216636E0));
#7726=VERTEX_POINT('',#7725);
#7727=CARTESIAN_POINT('',(-1.450499991407E2,-1.384651890159E1,
-9.075262166353E-1));
#7728=VERTEX_POINT('',#7727);
#7729=CARTESIAN_POINT('',(-1.310499991407E2,-1.384651890159E1,
-2.407526216636E0));
#7730=VERTEX_POINT('',#7729);
#7731=CARTESIAN_POINT('',(-1.310499991407E2,-1.384651890159E1,
-9.075262166353E-1));
#7732=VERTEX_POINT('',#7731);
#7733=CARTESIAN_POINT('',(-5.484999913956E1,-3.794651890312E1,
-2.407526216636E0));
#7734=CARTESIAN_POINT('',(-6.884999913956E1,-3.794651890312E1,
-2.407526216636E0));
#7735=VERTEX_POINT('',#7733);
#7736=VERTEX_POINT('',#7734);
#7737=CARTESIAN_POINT('',(-5.484999913956E1,-3.794651890312E1,
-9.075262166352E-1));
#7738=VERTEX_POINT('',#7737);
#7739=CARTESIAN_POINT('',(-6.884999913956E1,-3.794651890312E1,
-9.075262166352E-1));
#7740=VERTEX_POINT('',#7739);
#7741=CARTESIAN_POINT('',(-6.884999913956E1,-5.194651890313E1,
-2.407526216636E0));
#7742=VERTEX_POINT('',#7741);
#7743=CARTESIAN_POINT('',(-6.884999913956E1,-5.194651890313E1,
-9.075262166352E-1));
#7744=VERTEX_POINT('',#7743);
#7745=CARTESIAN_POINT('',(-5.484999913956E1,-5.194651890313E1,
-2.407526216636E0));
#7746=VERTEX_POINT('',#7745);
#7747=CARTESIAN_POINT('',(-5.484999913956E1,-5.194651890313E1,
-9.075262166352E-1));
#7748=VERTEX_POINT('',#7747);
#7749=CARTESIAN_POINT('',(-5.009999914108E1,1.534810982963E-1,
-2.407526216636E0));
#7750=CARTESIAN_POINT('',(-6.409999914108E1,1.534810982963E-1,
-2.407526216636E0));
#7751=VERTEX_POINT('',#7749);
#7752=VERTEX_POINT('',#7750);
#7753=CARTESIAN_POINT('',(-5.009999914108E1,1.534810982963E-1,
-9.075262166353E-1));
#7754=VERTEX_POINT('',#7753);
#7755=CARTESIAN_POINT('',(-6.409999914108E1,1.534810982963E-1,
-9.075262166353E-1));
#7756=VERTEX_POINT('',#7755);
#7757=CARTESIAN_POINT('',(-6.409999914108E1,-1.384651890171E1,
-2.407526216636E0));
#7758=VERTEX_POINT('',#7757);
#7759=CARTESIAN_POINT('',(-6.409999914108E1,-1.384651890171E1,
-9.075262166353E-1));
#7760=VERTEX_POINT('',#7759);
#7761=CARTESIAN_POINT('',(-5.009999914108E1,-1.384651890171E1,
-2.407526216636E0));
#7762=VERTEX_POINT('',#7761);
#7763=CARTESIAN_POINT('',(-5.009999914108E1,-1.384651890171E1,
-9.075262166353E-1));
#7764=VERTEX_POINT('',#7763);
#7765=CARTESIAN_POINT('',(2.135000086044E1,-3.794651890312E1,
-2.407526216636E0));
#7766=CARTESIAN_POINT('',(7.350000860440E0,-3.794651890312E1,
-2.407526216636E0));
#7767=VERTEX_POINT('',#7765);
#7768=VERTEX_POINT('',#7766);
#7769=CARTESIAN_POINT('',(2.135000086044E1,-3.794651890312E1,
-9.075262166352E-1));
#7770=VERTEX_POINT('',#7769);
#7771=CARTESIAN_POINT('',(7.350000860440E0,-3.794651890312E1,
-9.075262166352E-1));
#7772=VERTEX_POINT('',#7771);
#7773=CARTESIAN_POINT('',(7.350000860440E0,-5.194651890313E1,
-2.407526216636E0));
#7774=VERTEX_POINT('',#7773);
#7775=CARTESIAN_POINT('',(7.350000860440E0,-5.194651890313E1,
-9.075262166352E-1));
#7776=VERTEX_POINT('',#7775);
#7777=CARTESIAN_POINT('',(2.135000086044E1,-5.194651890313E1,
-2.407526216636E0));
#7778=VERTEX_POINT('',#7777);
#7779=CARTESIAN_POINT('',(2.135000086044E1,-5.194651890313E1,
-9.075262166352E-1));
#7780=VERTEX_POINT('',#7779);
#7781=CARTESIAN_POINT('',(5.470000085992E1,1.920348109843E1,-2.407526216636E0));
#7782=CARTESIAN_POINT('',(4.070000085992E1,1.920348109843E1,-2.407526216636E0));
#7783=VERTEX_POINT('',#7781);
#7784=VERTEX_POINT('',#7782);
#7785=CARTESIAN_POINT('',(5.470000085992E1,1.920348109843E1,
-9.075262166354E-1));
#7786=VERTEX_POINT('',#7785);
#7787=CARTESIAN_POINT('',(4.070000085992E1,1.920348109843E1,
-9.075262166354E-1));
#7788=VERTEX_POINT('',#7787);
#7789=CARTESIAN_POINT('',(4.070000085992E1,5.203481098425E0,-2.407526216636E0));
#7790=VERTEX_POINT('',#7789);
#7791=CARTESIAN_POINT('',(4.070000085992E1,5.203481098425E0,
-9.075262166354E-1));
#7792=VERTEX_POINT('',#7791);
#7793=CARTESIAN_POINT('',(5.470000085992E1,5.203481098425E0,-2.407526216636E0));
#7794=VERTEX_POINT('',#7793);
#7795=CARTESIAN_POINT('',(5.470000085992E1,5.203481098425E0,
-9.075262166354E-1));
#7796=VERTEX_POINT('',#7795);
#7797=CARTESIAN_POINT('',(-7.864999914008E1,1.920348109843E1,
-2.407526216636E0));
#7798=CARTESIAN_POINT('',(-9.264999914008E1,1.920348109843E1,
-2.407526216636E0));
#7799=VERTEX_POINT('',#7797);
#7800=VERTEX_POINT('',#7798);
#7801=CARTESIAN_POINT('',(-7.864999914008E1,1.920348109843E1,
-9.075262166354E-1));
#7802=VERTEX_POINT('',#7801);
#7803=CARTESIAN_POINT('',(-9.264999914008E1,1.920348109843E1,
-9.075262166354E-1));
#7804=VERTEX_POINT('',#7803);
#7805=CARTESIAN_POINT('',(-9.264999914008E1,5.203481098425E0,
-2.407526216636E0));
#7806=VERTEX_POINT('',#7805);
#7807=CARTESIAN_POINT('',(-9.264999914008E1,5.203481098425E0,
-9.075262166354E-1));
#7808=VERTEX_POINT('',#7807);
#7809=CARTESIAN_POINT('',(-7.864999914008E1,5.203481098425E0,
-2.407526216636E0));
#7810=VERTEX_POINT('',#7809);
#7811=CARTESIAN_POINT('',(-7.864999914008E1,5.203481098425E0,
-9.075262166354E-1));
#7812=VERTEX_POINT('',#7811);
#7813=CARTESIAN_POINT('',(-8.344999913897E1,-1.889651890174E1,
-2.407526216636E0));
#7814=CARTESIAN_POINT('',(-9.744999913897E1,-1.889651890174E1,
-2.407526216636E0));
#7815=VERTEX_POINT('',#7813);
#7816=VERTEX_POINT('',#7814);
#7817=CARTESIAN_POINT('',(-8.344999913897E1,-1.889651890174E1,
-9.075262166353E-1));
#7818=VERTEX_POINT('',#7817);
#7819=CARTESIAN_POINT('',(-9.744999913897E1,-1.889651890174E1,
-9.075262166353E-1));
#7820=VERTEX_POINT('',#7819);
#7821=CARTESIAN_POINT('',(-9.744999913897E1,-3.289651890175E1,
-2.407526216636E0));
#7822=VERTEX_POINT('',#7821);
#7823=CARTESIAN_POINT('',(-9.744999913897E1,-3.289651890175E1,
-9.075262166353E-1));
#7824=VERTEX_POINT('',#7823);
#7825=CARTESIAN_POINT('',(-8.344999913897E1,-3.289651890175E1,
-2.407526216636E0));
#7826=VERTEX_POINT('',#7825);
#7827=CARTESIAN_POINT('',(-8.344999913897E1,-3.289651890175E1,
-9.075262166353E-1));
#7828=VERTEX_POINT('',#7827);
#7829=CARTESIAN_POINT('',(4.040000086044E1,-3.794651890312E1,
-2.407526216636E0));
#7830=CARTESIAN_POINT('',(2.640000086044E1,-3.794651890312E1,
-2.407526216636E0));
#7831=VERTEX_POINT('',#7829);
#7832=VERTEX_POINT('',#7830);
#7833=CARTESIAN_POINT('',(4.040000086044E1,-3.794651890312E1,
-9.075262166352E-1));
#7834=VERTEX_POINT('',#7833);
#7835=CARTESIAN_POINT('',(2.640000086044E1,-3.794651890312E1,
-9.075262166352E-1));
#7836=VERTEX_POINT('',#7835);
#7837=CARTESIAN_POINT('',(2.640000086044E1,-5.194651890313E1,
-2.407526216636E0));
#7838=VERTEX_POINT('',#7837);
#7839=CARTESIAN_POINT('',(2.640000086044E1,-5.194651890313E1,
-9.075262166352E-1));
#7840=VERTEX_POINT('',#7839);
#7841=CARTESIAN_POINT('',(4.040000086044E1,-5.194651890313E1,
-2.407526216636E0));
#7842=VERTEX_POINT('',#7841);
#7843=CARTESIAN_POINT('',(4.040000086044E1,-5.194651890313E1,
-9.075262166352E-1));
#7844=VERTEX_POINT('',#7843);
#7845=CARTESIAN_POINT('',(-4.054999914008E1,1.920348109843E1,
-2.407526216636E0));
#7846=CARTESIAN_POINT('',(-5.454999914008E1,1.920348109843E1,
-2.407526216636E0));
#7847=VERTEX_POINT('',#7845);
#7848=VERTEX_POINT('',#7846);
#7849=CARTESIAN_POINT('',(-4.054999914008E1,1.920348109843E1,
-9.075262166354E-1));
#7850=VERTEX_POINT('',#7849);
#7851=CARTESIAN_POINT('',(-5.454999914008E1,1.920348109843E1,
-9.075262166354E-1));
#7852=VERTEX_POINT('',#7851);
#7853=CARTESIAN_POINT('',(-5.454999914008E1,5.203481098425E0,
-2.407526216636E0));
#7854=VERTEX_POINT('',#7853);
#7855=CARTESIAN_POINT('',(-5.454999914008E1,5.203481098425E0,
-9.075262166354E-1));
#7856=VERTEX_POINT('',#7855);
#7857=CARTESIAN_POINT('',(-4.054999914008E1,5.203481098425E0,
-2.407526216636E0));
#7858=VERTEX_POINT('',#7857);
#7859=CARTESIAN_POINT('',(-4.054999914008E1,5.203481098425E0,
-9.075262166354E-1));
#7860=VERTEX_POINT('',#7859);
#7861=CARTESIAN_POINT('',(-4.534999913897E1,-1.889651890174E1,
-2.407526216636E0));
#7862=CARTESIAN_POINT('',(-5.934999913897E1,-1.889651890174E1,
-2.407526216636E0));
#7863=VERTEX_POINT('',#7861);
#7864=VERTEX_POINT('',#7862);
#7865=CARTESIAN_POINT('',(-4.534999913897E1,-1.889651890174E1,
-9.075262166353E-1));
#7866=VERTEX_POINT('',#7865);
#7867=CARTESIAN_POINT('',(-5.934999913897E1,-1.889651890174E1,
-9.075262166353E-1));
#7868=VERTEX_POINT('',#7867);
#7869=CARTESIAN_POINT('',(-5.934999913897E1,-3.289651890175E1,
-2.407526216636E0));
#7870=VERTEX_POINT('',#7869);
#7871=CARTESIAN_POINT('',(-5.934999913897E1,-3.289651890175E1,
-9.075262166353E-1));
#7872=VERTEX_POINT('',#7871);
#7873=CARTESIAN_POINT('',(-4.534999913897E1,-3.289651890175E1,
-2.407526216636E0));
#7874=VERTEX_POINT('',#7873);
#7875=CARTESIAN_POINT('',(-4.534999913897E1,-3.289651890175E1,
-9.075262166353E-1));
#7876=VERTEX_POINT('',#7875);
#7877=CARTESIAN_POINT('',(3.085000086103E1,-1.889651890174E1,
-2.407526216636E0));
#7878=CARTESIAN_POINT('',(1.685000086103E1,-1.889651890174E1,
-2.407526216636E0));
#7879=VERTEX_POINT('',#7877);
#7880=VERTEX_POINT('',#7878);
#7881=CARTESIAN_POINT('',(3.085000086103E1,-1.889651890174E1,
-9.075262166353E-1));
#7882=VERTEX_POINT('',#7881);
#7883=CARTESIAN_POINT('',(1.685000086103E1,-1.889651890174E1,
-9.075262166353E-1));
#7884=VERTEX_POINT('',#7883);
#7885=CARTESIAN_POINT('',(1.685000086103E1,-3.289651890175E1,
-2.407526216636E0));
#7886=VERTEX_POINT('',#7885);
#7887=CARTESIAN_POINT('',(1.685000086103E1,-3.289651890175E1,
-9.075262166353E-1));
#7888=VERTEX_POINT('',#7887);
#7889=CARTESIAN_POINT('',(3.085000086103E1,-3.289651890175E1,
-2.407526216636E0));
#7890=VERTEX_POINT('',#7889);
#7891=CARTESIAN_POINT('',(3.085000086103E1,-3.289651890175E1,
-9.075262166353E-1));
#7892=VERTEX_POINT('',#7891);
#7893=CARTESIAN_POINT('',(2.610000085892E1,1.534810982963E-1,
-2.407526216636E0));
#7894=CARTESIAN_POINT('',(1.210000085892E1,1.534810982963E-1,
-2.407526216636E0));
#7895=VERTEX_POINT('',#7893);
#7896=VERTEX_POINT('',#7894);
#7897=CARTESIAN_POINT('',(2.610000085892E1,1.534810982963E-1,
-9.075262166353E-1));
#7898=VERTEX_POINT('',#7897);
#7899=CARTESIAN_POINT('',(1.210000085892E1,1.534810982963E-1,
-9.075262166353E-1));
#7900=VERTEX_POINT('',#7899);
#7901=CARTESIAN_POINT('',(1.210000085892E1,-1.384651890171E1,
-2.407526216636E0));
#7902=VERTEX_POINT('',#7901);
#7903=CARTESIAN_POINT('',(1.210000085892E1,-1.384651890171E1,
-9.075262166353E-1));
#7904=VERTEX_POINT('',#7903);
#7905=CARTESIAN_POINT('',(2.610000085892E1,-1.384651890171E1,
-2.407526216636E0));
#7906=VERTEX_POINT('',#7905);
#7907=CARTESIAN_POINT('',(2.610000085892E1,-1.384651890171E1,
-9.075262166353E-1));
#7908=VERTEX_POINT('',#7907);
#7909=CARTESIAN_POINT('',(1.660000085992E1,1.920348109843E1,-2.407526216636E0));
#7910=CARTESIAN_POINT('',(2.600000859917E0,1.920348109843E1,-2.407526216636E0));
#7911=VERTEX_POINT('',#7909);
#7912=VERTEX_POINT('',#7910);
#7913=CARTESIAN_POINT('',(1.660000085992E1,1.920348109843E1,
-9.075262166354E-1));
#7914=VERTEX_POINT('',#7913);
#7915=CARTESIAN_POINT('',(2.600000859917E0,1.920348109843E1,
-9.075262166354E-1));
#7916=VERTEX_POINT('',#7915);
#7917=CARTESIAN_POINT('',(2.600000859917E0,5.203481098425E0,-2.407526216636E0));
#7918=VERTEX_POINT('',#7917);
#7919=CARTESIAN_POINT('',(2.600000859917E0,5.203481098425E0,
-9.075262166354E-1));
#7920=VERTEX_POINT('',#7919);
#7921=CARTESIAN_POINT('',(1.660000085992E1,5.203481098425E0,-2.407526216636E0));
#7922=VERTEX_POINT('',#7921);
#7923=CARTESIAN_POINT('',(1.660000085992E1,5.203481098425E0,
-9.075262166354E-1));
#7924=VERTEX_POINT('',#7923);
#7925=CARTESIAN_POINT('',(-1.072499991411E2,1.534810982963E-1,
-2.407526216636E0));
#7926=CARTESIAN_POINT('',(-1.212499991411E2,1.534810982963E-1,
-2.407526216636E0));
#7927=VERTEX_POINT('',#7925);
#7928=VERTEX_POINT('',#7926);
#7929=CARTESIAN_POINT('',(-1.072499991411E2,1.534810982963E-1,
-9.075262166353E-1));
#7930=VERTEX_POINT('',#7929);
#7931=CARTESIAN_POINT('',(-1.212499991411E2,1.534810982963E-1,
-9.075262166353E-1));
#7932=VERTEX_POINT('',#7931);
#7933=CARTESIAN_POINT('',(-1.212499991411E2,-1.384651890171E1,
-2.407526216636E0));
#7934=VERTEX_POINT('',#7933);
#7935=CARTESIAN_POINT('',(-1.212499991411E2,-1.384651890171E1,
-9.075262166353E-1));
#7936=VERTEX_POINT('',#7935);
#7937=CARTESIAN_POINT('',(-1.072499991411E2,-1.384651890171E1,
-2.407526216636E0));
#7938=VERTEX_POINT('',#7937);
#7939=CARTESIAN_POINT('',(-1.072499991411E2,-1.384651890171E1,
-9.075262166353E-1));
#7940=VERTEX_POINT('',#7939);
#7941=CARTESIAN_POINT('',(-2.149999914008E1,1.920348109843E1,
-2.407526216636E0));
#7942=CARTESIAN_POINT('',(-3.549999914008E1,1.920348109843E1,
-2.407526216636E0));
#7943=VERTEX_POINT('',#7941);
#7944=VERTEX_POINT('',#7942);
#7945=CARTESIAN_POINT('',(-2.149999914008E1,1.920348109843E1,
-9.075262166354E-1));
#7946=VERTEX_POINT('',#7945);
#7947=CARTESIAN_POINT('',(-3.549999914008E1,1.920348109843E1,
-9.075262166354E-1));
#7948=VERTEX_POINT('',#7947);
#7949=CARTESIAN_POINT('',(-3.549999914008E1,5.203481098425E0,
-2.407526216636E0));
#7950=VERTEX_POINT('',#7949);
#7951=CARTESIAN_POINT('',(-3.549999914008E1,5.203481098425E0,
-9.075262166354E-1));
#7952=VERTEX_POINT('',#7951);
#7953=CARTESIAN_POINT('',(-2.149999914008E1,5.203481098425E0,
-2.407526216636E0));
#7954=VERTEX_POINT('',#7953);
#7955=CARTESIAN_POINT('',(-2.149999914008E1,5.203481098425E0,
-9.075262166354E-1));
#7956=VERTEX_POINT('',#7955);
#7957=CARTESIAN_POINT('',(4.990000086103E1,-1.889651890174E1,
-2.407526216636E0));
#7958=CARTESIAN_POINT('',(3.590000086103E1,-1.889651890174E1,
-2.407526216636E0));
#7959=VERTEX_POINT('',#7957);
#7960=VERTEX_POINT('',#7958);
#7961=CARTESIAN_POINT('',(4.990000086103E1,-1.889651890174E1,
-9.075262166353E-1));
#7962=VERTEX_POINT('',#7961);
#7963=CARTESIAN_POINT('',(3.590000086103E1,-1.889651890174E1,
-9.075262166353E-1));
#7964=VERTEX_POINT('',#7963);
#7965=CARTESIAN_POINT('',(3.590000086103E1,-3.289651890175E1,
-2.407526216636E0));
#7966=VERTEX_POINT('',#7965);
#7967=CARTESIAN_POINT('',(3.590000086103E1,-3.289651890175E1,
-9.075262166353E-1));
#7968=VERTEX_POINT('',#7967);
#7969=CARTESIAN_POINT('',(4.990000086103E1,-3.289651890175E1,
-2.407526216636E0));
#7970=VERTEX_POINT('',#7969);
#7971=CARTESIAN_POINT('',(4.990000086103E1,-3.289651890175E1,
-9.075262166353E-1));
#7972=VERTEX_POINT('',#7971);
#7973=CARTESIAN_POINT('',(8.325000085892E1,1.534810982963E-1,
-2.407526216636E0));
#7974=CARTESIAN_POINT('',(6.925000085892E1,1.534810982963E-1,
-2.407526216636E0));
#7975=VERTEX_POINT('',#7973);
#7976=VERTEX_POINT('',#7974);
#7977=CARTESIAN_POINT('',(8.325000085892E1,1.534810982963E-1,
-9.075262166353E-1));
#7978=VERTEX_POINT('',#7977);
#7979=CARTESIAN_POINT('',(6.925000085892E1,1.534810982963E-1,
-9.075262166353E-1));
#7980=VERTEX_POINT('',#7979);
#7981=CARTESIAN_POINT('',(6.925000085892E1,-1.384651890171E1,
-2.407526216636E0));
#7982=VERTEX_POINT('',#7981);
#7983=CARTESIAN_POINT('',(6.925000085892E1,-1.384651890171E1,
-9.075262166353E-1));
#7984=VERTEX_POINT('',#7983);
#7985=CARTESIAN_POINT('',(8.325000085892E1,-1.384651890171E1,
-2.407526216636E0));
#7986=VERTEX_POINT('',#7985);
#7987=CARTESIAN_POINT('',(8.325000085892E1,-1.384651890171E1,
-9.075262166353E-1));
#7988=VERTEX_POINT('',#7987);
#7989=CARTESIAN_POINT('',(4.515000085892E1,1.534810982963E-1,
-2.407526216636E0));
#7990=CARTESIAN_POINT('',(3.115000085892E1,1.534810982963E-1,
-2.407526216636E0));
#7991=VERTEX_POINT('',#7989);
#7992=VERTEX_POINT('',#7990);
#7993=CARTESIAN_POINT('',(4.515000085892E1,1.534810982963E-1,
-9.075262166353E-1));
#7994=VERTEX_POINT('',#7993);
#7995=CARTESIAN_POINT('',(3.115000085892E1,1.534810982963E-1,
-9.075262166353E-1));
#7996=VERTEX_POINT('',#7995);
#7997=CARTESIAN_POINT('',(3.115000085892E1,-1.384651890171E1,
-2.407526216636E0));
#7998=VERTEX_POINT('',#7997);
#7999=CARTESIAN_POINT('',(3.115000085892E1,-1.384651890171E1,
-9.075262166353E-1));
#8000=VERTEX_POINT('',#7999);
#8001=CARTESIAN_POINT('',(4.515000085892E1,-1.384651890171E1,
-2.407526216636E0));
#8002=VERTEX_POINT('',#8001);
#8003=CARTESIAN_POINT('',(4.515000085892E1,-1.384651890171E1,
-9.075262166353E-1));
#8004=VERTEX_POINT('',#8003);
#8005=CARTESIAN_POINT('',(5.695000085970E1,-5.699651890161E1,
-2.407526216636E0));
#8006=CARTESIAN_POINT('',(4.295000085970E1,-5.699651890161E1,
-2.407526216636E0));
#8007=VERTEX_POINT('',#8005);
#8008=VERTEX_POINT('',#8006);
#8009=CARTESIAN_POINT('',(5.695000085970E1,-5.699651890161E1,
-9.075262166352E-1));
#8010=VERTEX_POINT('',#8009);
#8011=CARTESIAN_POINT('',(4.295000085970E1,-5.699651890161E1,
-9.075262166352E-1));
#8012=VERTEX_POINT('',#8011);
#8013=CARTESIAN_POINT('',(4.295000085970E1,-7.099651890161E1,
-2.407526216636E0));
#8014=VERTEX_POINT('',#8013);
#8015=CARTESIAN_POINT('',(4.295000085970E1,-7.099651890161E1,
-9.075262166352E-1));
#8016=VERTEX_POINT('',#8015);
#8017=CARTESIAN_POINT('',(5.695000085970E1,-7.099651890161E1,
-2.407526216636E0));
#8018=VERTEX_POINT('',#8017);
#8019=CARTESIAN_POINT('',(5.695000085970E1,-7.099651890161E1,
-9.075262166352E-1));
#8020=VERTEX_POINT('',#8019);
#8021=CARTESIAN_POINT('',(-1.095499991400E2,-5.699651890161E1,
-2.407526216636E0));
#8022=CARTESIAN_POINT('',(-1.235499991400E2,-5.699651890161E1,
-2.407526216636E0));
#8023=VERTEX_POINT('',#8021);
#8024=VERTEX_POINT('',#8022);
#8025=CARTESIAN_POINT('',(-1.095499991400E2,-5.699651890161E1,
-9.075262166352E-1));
#8026=VERTEX_POINT('',#8025);
#8027=CARTESIAN_POINT('',(-1.235499991400E2,-5.699651890161E1,
-9.075262166352E-1));
#8028=VERTEX_POINT('',#8027);
#8029=CARTESIAN_POINT('',(-1.235499991400E2,-7.099651890161E1,
-2.407526216636E0));
#8030=VERTEX_POINT('',#8029);
#8031=CARTESIAN_POINT('',(-1.235499991400E2,-7.099651890161E1,
-9.075262166352E-1));
#8032=VERTEX_POINT('',#8031);
#8033=CARTESIAN_POINT('',(-1.095499991400E2,-7.099651890161E1,
-2.407526216636E0));
#8034=VERTEX_POINT('',#8033);
#8035=CARTESIAN_POINT('',(-1.095499991400E2,-7.099651890161E1,
-9.075262166352E-1));
#8036=VERTEX_POINT('',#8035);
#8037=CARTESIAN_POINT('',(-2.449999140083E0,1.920348109843E1,
-2.407526216636E0));
#8038=CARTESIAN_POINT('',(-1.644999914008E1,1.920348109843E1,
-2.407526216636E0));
#8039=VERTEX_POINT('',#8037);
#8040=VERTEX_POINT('',#8038);
#8041=CARTESIAN_POINT('',(-2.449999140083E0,1.920348109843E1,
-9.075262166354E-1));
#8042=VERTEX_POINT('',#8041);
#8043=CARTESIAN_POINT('',(-1.644999914008E1,1.920348109843E1,
-9.075262166354E-1));
#8044=VERTEX_POINT('',#8043);
#8045=CARTESIAN_POINT('',(-1.644999914008E1,5.203481098425E0,
-2.407526216636E0));
#8046=VERTEX_POINT('',#8045);
#8047=CARTESIAN_POINT('',(-1.644999914008E1,5.203481098425E0,
-9.075262166354E-1));
#8048=VERTEX_POINT('',#8047);
#8049=CARTESIAN_POINT('',(-2.449999140083E0,5.203481098425E0,
-2.407526216636E0));
#8050=VERTEX_POINT('',#8049);
#8051=CARTESIAN_POINT('',(-2.449999140083E0,5.203481098425E0,
-9.075262166354E-1));
#8052=VERTEX_POINT('',#8051);
#8053=CARTESIAN_POINT('',(-1.357999991401E2,5.203481098425E0,
-2.407526216636E0));
#8054=CARTESIAN_POINT('',(-1.357999991401E2,1.920348109843E1,
-2.407526216636E0));
#8055=VERTEX_POINT('',#8053);
#8056=VERTEX_POINT('',#8054);
#8057=CARTESIAN_POINT('',(-1.357999991401E2,5.203481098425E0,
-9.075262166354E-1));
#8058=VERTEX_POINT('',#8057);
#8059=CARTESIAN_POINT('',(-1.357999991401E2,1.920348109843E1,
-9.075262166354E-1));
#8060=VERTEX_POINT('',#8059);
#8061=CARTESIAN_POINT('',(-1.496481711511E2,1.920348109843E1,
-9.075262166356E-1));
#8062=VERTEX_POINT('',#8061);
#8063=CARTESIAN_POINT('',(-1.496481711511E2,1.920348109843E1,
-2.407526216636E0));
#8064=VERTEX_POINT('',#8063);
#8065=CARTESIAN_POINT('',(-1.496481711511E2,5.203481098425E0,
-9.075262166356E-1));
#8066=VERTEX_POINT('',#8065);
#8067=CARTESIAN_POINT('',(-1.496481711511E2,5.203481098425E0,
-2.407526216636E0));
#8068=VERTEX_POINT('',#8067);
#8069=CARTESIAN_POINT('',(1.046500008597E2,-5.699651890161E1,
-2.407526216636E0));
#8070=CARTESIAN_POINT('',(9.065000085970E1,-5.699651890161E1,
-2.407526216636E0));
#8071=VERTEX_POINT('',#8069);
#8072=VERTEX_POINT('',#8070);
#8073=CARTESIAN_POINT('',(1.046500008597E2,-5.699651890161E1,
-9.075262166352E-1));
#8074=VERTEX_POINT('',#8073);
#8075=CARTESIAN_POINT('',(9.065000085970E1,-5.699651890161E1,
-9.075262166352E-1));
#8076=VERTEX_POINT('',#8075);
#8077=CARTESIAN_POINT('',(9.065000085970E1,-7.099651890161E1,
-2.407526216636E0));
#8078=VERTEX_POINT('',#8077);
#8079=CARTESIAN_POINT('',(9.065000085970E1,-7.099651890161E1,
-9.075262166352E-1));
#8080=VERTEX_POINT('',#8079);
#8081=CARTESIAN_POINT('',(1.046500008597E2,-7.099651890161E1,
-2.407526216636E0));
#8082=VERTEX_POINT('',#8081);
#8083=CARTESIAN_POINT('',(1.046500008597E2,-7.099651890161E1,
-9.075262166352E-1));
#8084=VERTEX_POINT('',#8083);
#8085=CARTESIAN_POINT('',(1.355500008604E2,-5.699651890312E1,
-2.407526216636E0));
#8086=CARTESIAN_POINT('',(1.215500008604E2,-5.699651890312E1,
-2.407526216636E0));
#8087=VERTEX_POINT('',#8085);
#8088=VERTEX_POINT('',#8086);
#8089=CARTESIAN_POINT('',(1.355500008604E2,-5.699651890312E1,
-9.075262166352E-1));
#8090=VERTEX_POINT('',#8089);
#8091=CARTESIAN_POINT('',(1.215500008604E2,-5.699651890312E1,
-9.075262166352E-1));
#8092=VERTEX_POINT('',#8091);
#8093=CARTESIAN_POINT('',(1.215500008604E2,-7.099651890313E1,
-2.407526216636E0));
#8094=VERTEX_POINT('',#8093);
#8095=CARTESIAN_POINT('',(1.215500008604E2,-7.099651890313E1,
-9.075262166352E-1));
#8096=VERTEX_POINT('',#8095);
#8097=CARTESIAN_POINT('',(1.355500008604E2,-7.099651890313E1,
-2.407526216636E0));
#8098=VERTEX_POINT('',#8097);
#8099=CARTESIAN_POINT('',(1.355500008604E2,-7.099651890313E1,
-9.075262166352E-1));
#8100=VERTEX_POINT('',#8099);
#8101=CARTESIAN_POINT('',(1.546000008604E2,-5.699651890312E1,
-2.407526216636E0));
#8102=CARTESIAN_POINT('',(1.406000008604E2,-5.699651890312E1,
-2.407526216636E0));
#8103=VERTEX_POINT('',#8101);
#8104=VERTEX_POINT('',#8102);
#8105=CARTESIAN_POINT('',(1.546000008604E2,-5.699651890312E1,
-9.075262166352E-1));
#8106=VERTEX_POINT('',#8105);
#8107=CARTESIAN_POINT('',(1.406000008604E2,-5.699651890312E1,
-9.075262166352E-1));
#8108=VERTEX_POINT('',#8107);
#8109=CARTESIAN_POINT('',(1.406000008604E2,-7.099651890313E1,
-2.407526216636E0));
#8110=VERTEX_POINT('',#8109);
#8111=CARTESIAN_POINT('',(1.406000008604E2,-7.099651890313E1,
-9.075262166352E-1));
#8112=VERTEX_POINT('',#8111);
#8113=CARTESIAN_POINT('',(1.546000008604E2,-7.099651890313E1,
-2.407526216636E0));
#8114=VERTEX_POINT('',#8113);
#8115=CARTESIAN_POINT('',(1.546000008604E2,-7.099651890313E1,
-9.075262166352E-1));
#8116=VERTEX_POINT('',#8115);
#8117=CARTESIAN_POINT('',(1.736500008604E2,-5.699651890312E1,
-2.407526216636E0));
#8118=CARTESIAN_POINT('',(1.596500008604E2,-5.699651890312E1,
-2.407526216636E0));
#8119=VERTEX_POINT('',#8117);
#8120=VERTEX_POINT('',#8118);
#8121=CARTESIAN_POINT('',(1.736500008604E2,-5.699651890312E1,
-9.075262166352E-1));
#8122=VERTEX_POINT('',#8121);
#8123=CARTESIAN_POINT('',(1.596500008604E2,-5.699651890312E1,
-9.075262166352E-1));
#8124=VERTEX_POINT('',#8123);
#8125=CARTESIAN_POINT('',(1.596500008604E2,-7.099651890313E1,
-2.407526216636E0));
#8126=VERTEX_POINT('',#8125);
#8127=CARTESIAN_POINT('',(1.596500008604E2,-7.099651890313E1,
-9.075262166352E-1));
#8128=VERTEX_POINT('',#8127);
#8129=CARTESIAN_POINT('',(1.736500008604E2,-7.099651890313E1,
-2.407526216636E0));
#8130=VERTEX_POINT('',#8129);
#8131=CARTESIAN_POINT('',(1.736500008604E2,-7.099651890313E1,
-9.075262166352E-1));
#8132=VERTEX_POINT('',#8131);
#8133=CARTESIAN_POINT('',(1.546000008604E2,-3.794651890312E1,
-2.407526216636E0));
#8134=CARTESIAN_POINT('',(1.406000008604E2,-3.794651890312E1,
-2.407526216636E0));
#8135=VERTEX_POINT('',#8133);
#8136=VERTEX_POINT('',#8134);
#8137=CARTESIAN_POINT('',(1.546000008604E2,-3.794651890312E1,
-9.075262166352E-1));
#8138=VERTEX_POINT('',#8137);
#8139=CARTESIAN_POINT('',(1.406000008604E2,-3.794651890312E1,
-9.075262166352E-1));
#8140=VERTEX_POINT('',#8139);
#8141=CARTESIAN_POINT('',(1.406000008604E2,-5.194651890313E1,
-2.407526216636E0));
#8142=VERTEX_POINT('',#8141);
#8143=CARTESIAN_POINT('',(1.406000008604E2,-5.194651890313E1,
-9.075262166352E-1));
#8144=VERTEX_POINT('',#8143);
#8145=CARTESIAN_POINT('',(1.546000008604E2,-5.194651890313E1,
-2.407526216636E0));
#8146=VERTEX_POINT('',#8145);
#8147=CARTESIAN_POINT('',(1.546000008604E2,-5.194651890313E1,
-9.075262166352E-1));
#8148=VERTEX_POINT('',#8147);
#8149=CARTESIAN_POINT('',(1.546000008346E2,1.534810996363E-1,
-2.407526216636E0));
#8150=CARTESIAN_POINT('',(1.406000008346E2,1.534810996363E-1,
-2.407526216636E0));
#8151=VERTEX_POINT('',#8149);
#8152=VERTEX_POINT('',#8150);
#8153=CARTESIAN_POINT('',(1.546000008346E2,1.534810996363E-1,
-9.075262166353E-1));
#8154=VERTEX_POINT('',#8153);
#8155=CARTESIAN_POINT('',(1.406000008346E2,1.534810996363E-1,
-9.075262166353E-1));
#8156=VERTEX_POINT('',#8155);
#8157=CARTESIAN_POINT('',(1.406000008346E2,-1.384651890037E1,
-2.407526216636E0));
#8158=VERTEX_POINT('',#8157);
#8159=CARTESIAN_POINT('',(1.406000008346E2,-1.384651890037E1,
-9.075262166353E-1));
#8160=VERTEX_POINT('',#8159);
#8161=CARTESIAN_POINT('',(1.546000008346E2,-1.384651890037E1,
-2.407526216636E0));
#8162=VERTEX_POINT('',#8161);
#8163=CARTESIAN_POINT('',(1.546000008346E2,-1.384651890037E1,
-9.075262166353E-1));
#8164=VERTEX_POINT('',#8163);
#8165=CARTESIAN_POINT('',(1.736500008076E2,1.534810996363E-1,
-2.407526216636E0));
#8166=CARTESIAN_POINT('',(1.596500008076E2,1.534810996363E-1,
-2.407526216636E0));
#8167=VERTEX_POINT('',#8165);
#8168=VERTEX_POINT('',#8166);
#8169=CARTESIAN_POINT('',(1.736500008076E2,1.534810996363E-1,
-9.075262166353E-1));
#8170=VERTEX_POINT('',#8169);
#8171=CARTESIAN_POINT('',(1.596500008076E2,1.534810996363E-1,
-9.075262166353E-1));
#8172=VERTEX_POINT('',#8171);
#8173=CARTESIAN_POINT('',(1.596500008076E2,-1.384651890037E1,
-2.407526216636E0));
#8174=VERTEX_POINT('',#8173);
#8175=CARTESIAN_POINT('',(1.596500008076E2,-1.384651890037E1,
-9.075262166353E-1));
#8176=VERTEX_POINT('',#8175);
#8177=CARTESIAN_POINT('',(1.736500008076E2,-1.384651890037E1,
-2.407526216636E0));
#8178=VERTEX_POINT('',#8177);
#8179=CARTESIAN_POINT('',(1.736500008076E2,-1.384651890037E1,
-9.075262166353E-1));
#8180=VERTEX_POINT('',#8179);
#8181=CARTESIAN_POINT('',(1.546000008352E2,1.920348110102E1,-2.407526216636E0));
#8182=CARTESIAN_POINT('',(1.406000008352E2,1.920348110102E1,-2.407526216636E0));
#8183=VERTEX_POINT('',#8181);
#8184=VERTEX_POINT('',#8182);
#8185=CARTESIAN_POINT('',(1.546000008352E2,1.920348110102E1,
-9.075262166354E-1));
#8186=VERTEX_POINT('',#8185);
#8187=CARTESIAN_POINT('',(1.406000008352E2,1.920348110102E1,
-9.075262166354E-1));
#8188=VERTEX_POINT('',#8187);
#8189=CARTESIAN_POINT('',(1.406000008352E2,5.203481101014E0,-2.407526216636E0));
#8190=VERTEX_POINT('',#8189);
#8191=CARTESIAN_POINT('',(1.406000008352E2,5.203481101014E0,
-9.075262166354E-1));
#8192=VERTEX_POINT('',#8191);
#8193=CARTESIAN_POINT('',(1.546000008352E2,5.203481101014E0,-2.407526216636E0));
#8194=VERTEX_POINT('',#8193);
#8195=CARTESIAN_POINT('',(1.546000008352E2,5.203481101014E0,
-9.075262166354E-1));
#8196=VERTEX_POINT('',#8195);
#8197=CARTESIAN_POINT('',(1.736500008082E2,1.920348110102E1,-2.407526216636E0));
#8198=CARTESIAN_POINT('',(1.596500008082E2,1.920348110102E1,-2.407526216636E0));
#8199=VERTEX_POINT('',#8197);
#8200=VERTEX_POINT('',#8198);
#8201=CARTESIAN_POINT('',(1.736500008082E2,1.920348110102E1,
-9.075262166354E-1));
#8202=VERTEX_POINT('',#8201);
#8203=CARTESIAN_POINT('',(1.596500008082E2,1.920348110102E1,
-9.075262166354E-1));
#8204=VERTEX_POINT('',#8203);
#8205=CARTESIAN_POINT('',(1.596500008082E2,5.203481101014E0,-2.407526216636E0));
#8206=VERTEX_POINT('',#8205);
#8207=CARTESIAN_POINT('',(1.596500008082E2,5.203481101014E0,
-9.075262166354E-1));
#8208=VERTEX_POINT('',#8207);
#8209=CARTESIAN_POINT('',(1.736500008082E2,5.203481101014E0,-2.407526216636E0));
#8210=VERTEX_POINT('',#8209);
#8211=CARTESIAN_POINT('',(1.736500008082E2,5.203481101014E0,
-9.075262166354E-1));
#8212=VERTEX_POINT('',#8211);
#8213=CARTESIAN_POINT('',(2.530488058651E1,-6.098912535948E1,
-2.407526216636E0));
#8214=VERTEX_POINT('',#8213);
#8215=CARTESIAN_POINT('',(-6.814511886031E1,-6.098912535948E1,
-2.407526216636E0));
#8216=VERTEX_POINT('',#8215);
#8217=CARTESIAN_POINT('',(-6.814511886031E1,-5.723912536269E1,
-2.407526216636E0));
#8218=VERTEX_POINT('',#8217);
#8219=CARTESIAN_POINT('',(-6.991762031223E1,-5.723912538676E1,
-2.407526216636E0));
#8220=VERTEX_POINT('',#8219);
#8221=CARTESIAN_POINT('',(-6.991762031223E1,-5.573713818436E1,
-2.407526216636E0));
#8222=VERTEX_POINT('',#8221);
#8223=CARTESIAN_POINT('',(-7.302357680710E1,-5.573713818436E1,
-2.407526216636E0));
#8224=VERTEX_POINT('',#8223);
#8225=CARTESIAN_POINT('',(-7.302357680710E1,-5.723912538676E1,
-2.407526216636E0));
#8226=VERTEX_POINT('',#8225);
#8227=CARTESIAN_POINT('',(-7.479511876831E1,-5.723912536269E1,
-2.407526216636E0));
#8228=VERTEX_POINT('',#8227);
#8229=CARTESIAN_POINT('',(-7.479511876831E1,-6.373912535728E1,
-2.407526216636E0));
#8230=VERTEX_POINT('',#8229);
#8231=CARTESIAN_POINT('',(-7.569511877425E1,-6.373912535728E1,
-2.407526216636E0));
#8232=VERTEX_POINT('',#8231);
#8233=CARTESIAN_POINT('',(-7.569511877425E1,-6.618912535949E1,
-2.407526216636E0));
#8234=VERTEX_POINT('',#8233);
#8235=CARTESIAN_POINT('',(-7.479511876831E1,-6.618912535949E1,
-2.407526216636E0));
#8236=VERTEX_POINT('',#8235);
#8237=CARTESIAN_POINT('',(-7.479511876831E1,-6.943912536449E1,
-2.407526216636E0));
#8238=VERTEX_POINT('',#8237);
#8239=CARTESIAN_POINT('',(-6.814511950547E1,-6.943912536449E1,
-2.407526216636E0));
#8240=VERTEX_POINT('',#8239);
#8241=CARTESIAN_POINT('',(-6.814511950547E1,-6.618912535949E1,
-2.407526216636E0));
#8242=VERTEX_POINT('',#8241);
#8243=CARTESIAN_POINT('',(-2.837499914106E1,-6.618912535949E1,
-2.407526216636E0));
#8244=VERTEX_POINT('',#8243);
#8245=CARTESIAN_POINT('',(-2.837499914106E1,-7.099651890220E1,
-2.407526216636E0));
#8246=VERTEX_POINT('',#8245);
#8247=CARTESIAN_POINT('',(-1.437499914106E1,-7.099651890220E1,
-2.407526216636E0));
#8248=VERTEX_POINT('',#8247);
#8249=CARTESIAN_POINT('',(-1.437499914106E1,-6.618912535949E1,
-2.407526216636E0));
#8250=VERTEX_POINT('',#8249);
#8251=CARTESIAN_POINT('',(2.530488123171E1,-6.618912535948E1,
-2.407526216636E0));
#8252=VERTEX_POINT('',#8251);
#8253=CARTESIAN_POINT('',(2.530488123171E1,-6.943912536449E1,
-2.407526216636E0));
#8254=VERTEX_POINT('',#8253);
#8255=CARTESIAN_POINT('',(3.195488049451E1,-6.943912536449E1,
-2.407526216636E0));
#8256=VERTEX_POINT('',#8255);
#8257=CARTESIAN_POINT('',(3.195488049451E1,-6.618912535949E1,
-2.407526216636E0));
#8258=VERTEX_POINT('',#8257);
#8259=CARTESIAN_POINT('',(3.285488050051E1,-6.618912535949E1,
-2.407526216636E0));
#8260=VERTEX_POINT('',#8259);
#8261=CARTESIAN_POINT('',(3.285488050051E1,-6.373912535728E1,
-2.407526216636E0));
#8262=VERTEX_POINT('',#8261);
#8263=CARTESIAN_POINT('',(3.195488049451E1,-6.373912535728E1,
-2.407526216636E0));
#8264=VERTEX_POINT('',#8263);
#8265=CARTESIAN_POINT('',(3.195488049451E1,-5.723912536269E1,
-2.407526216636E0));
#8266=VERTEX_POINT('',#8265);
#8267=CARTESIAN_POINT('',(3.018333853331E1,-5.723912538677E1,
-2.407526216636E0));
#8268=VERTEX_POINT('',#8267);
#8269=CARTESIAN_POINT('',(3.018333853331E1,-5.573713818436E1,
-2.407526216636E0));
#8270=VERTEX_POINT('',#8269);
#8271=CARTESIAN_POINT('',(2.707738203843E1,-5.573713818436E1,
-2.407526216636E0));
#8272=VERTEX_POINT('',#8271);
#8273=CARTESIAN_POINT('',(2.707738203843E1,-5.723912538677E1,
-2.407526216636E0));
#8274=VERTEX_POINT('',#8273);
#8275=CARTESIAN_POINT('',(2.530488058651E1,-5.723912536269E1,
-2.407526216636E0));
#8276=VERTEX_POINT('',#8275);
#8277=CARTESIAN_POINT('',(-8.307499902318E1,2.700622731698E1,
-2.407526216636E0));
#8278=VERTEX_POINT('',#8277);
#8279=CARTESIAN_POINT('',(-9.557499902318E1,2.700622731698E1,
-2.407526216636E0));
#8280=VERTEX_POINT('',#8279);
#8281=CARTESIAN_POINT('',(-9.557499902318E1,3.000622731698E1,
-2.407526216636E0));
#8282=VERTEX_POINT('',#8281);
#8283=CARTESIAN_POINT('',(-6.057499902318E1,3.000622731698E1,
-2.407526216636E0));
#8284=VERTEX_POINT('',#8283);
#8285=CARTESIAN_POINT('',(-6.057499902318E1,2.700622731698E1,
-2.407526216636E0));
#8286=VERTEX_POINT('',#8285);
#8287=CARTESIAN_POINT('',(-7.307499902318E1,2.700622731698E1,
-2.407526216636E0));
#8288=VERTEX_POINT('',#8287);
#8289=CARTESIAN_POINT('',(6.925000976819E0,2.700622731698E1,-2.407526216636E0));
#8290=VERTEX_POINT('',#8289);
#8291=CARTESIAN_POINT('',(-5.574999023177E0,2.700622731698E1,
-2.407526216636E0));
#8292=VERTEX_POINT('',#8291);
#8293=CARTESIAN_POINT('',(-5.574999023181E0,3.000622731698E1,
-2.407526216636E0));
#8294=VERTEX_POINT('',#8293);
#8295=CARTESIAN_POINT('',(2.942500097682E1,3.000622731698E1,-2.407526216636E0));
#8296=VERTEX_POINT('',#8295);
#8297=CARTESIAN_POINT('',(2.942500097682E1,2.700622731698E1,-2.407526216636E0));
#8298=VERTEX_POINT('',#8297);
#8299=CARTESIAN_POINT('',(1.692500097682E1,2.700622731698E1,-2.407526216636E0));
#8300=VERTEX_POINT('',#8299);
#8301=CARTESIAN_POINT('',(9.692500097682E1,2.700622731698E1,-2.407526216636E0));
#8302=VERTEX_POINT('',#8301);
#8303=CARTESIAN_POINT('',(8.442500097682E1,2.700622731698E1,-2.407526216636E0));
#8304=VERTEX_POINT('',#8303);
#8305=CARTESIAN_POINT('',(8.442500097682E1,3.000622731698E1,-2.407526216636E0));
#8306=VERTEX_POINT('',#8305);
#8307=CARTESIAN_POINT('',(1.194250009768E2,3.000622731698E1,-2.407526216636E0));
#8308=VERTEX_POINT('',#8307);
#8309=CARTESIAN_POINT('',(1.194250009768E2,2.700622731698E1,-2.407526216636E0));
#8310=VERTEX_POINT('',#8309);
#8311=CARTESIAN_POINT('',(1.069250009768E2,2.700622731698E1,-2.407526216636E0));
#8312=VERTEX_POINT('',#8311);
#8313=CARTESIAN_POINT('',(1.814981731047E2,4.103481124978E0,-2.407526216636E0));
#8314=VERTEX_POINT('',#8313);
#8315=CARTESIAN_POINT('',(1.814981731047E2,1.660348112497E1,-2.407526216636E0));
#8316=VERTEX_POINT('',#8315);
#8317=CARTESIAN_POINT('',(1.844981731047E2,1.660348112498E1,-2.407526216636E0));
#8318=VERTEX_POINT('',#8317);
#8319=CARTESIAN_POINT('',(1.844981731047E2,-1.839651887502E1,
-2.407526216636E0));
#8320=VERTEX_POINT('',#8319);
#8321=CARTESIAN_POINT('',(1.814981731047E2,-1.839651887502E1,
-2.407526216636E0));
#8322=VERTEX_POINT('',#8321);
#8323=CARTESIAN_POINT('',(1.814981731047E2,-5.896518875022E0,
-2.407526216636E0));
#8324=VERTEX_POINT('',#8323);
#8325=CARTESIAN_POINT('',(1.814981731047E2,-4.589651887502E1,
-2.407526216636E0));
#8326=VERTEX_POINT('',#8325);
#8327=CARTESIAN_POINT('',(1.814981731047E2,-3.339651887503E1,
-2.407526216636E0));
#8328=VERTEX_POINT('',#8327);
#8329=CARTESIAN_POINT('',(1.844981731047E2,-3.339651887502E1,
-2.407526216636E0));
#8330=VERTEX_POINT('',#8329);
#8331=CARTESIAN_POINT('',(1.844981731047E2,-6.839651887502E1,
-2.407526216636E0));
#8332=VERTEX_POINT('',#8331);
#8333=CARTESIAN_POINT('',(1.814981731047E2,-6.839651887502E1,
-2.407526216636E0));
#8334=VERTEX_POINT('',#8333);
#8335=CARTESIAN_POINT('',(1.814981731047E2,-5.589651887502E1,
-2.407526216636E0));
#8336=VERTEX_POINT('',#8335);
#8337=CARTESIAN_POINT('',(1.469250009768E2,-7.879926506702E1,
-2.407526216636E0));
#8338=VERTEX_POINT('',#8337);
#8339=CARTESIAN_POINT('',(1.594250009768E2,-7.879926506702E1,
-2.407526216636E0));
#8340=VERTEX_POINT('',#8339);
#8341=CARTESIAN_POINT('',(1.594250009768E2,-8.179926506702E1,
-2.407526216636E0));
#8342=VERTEX_POINT('',#8341);
#8343=CARTESIAN_POINT('',(1.244250009768E2,-8.179926506702E1,
-2.407526216636E0));
#8344=VERTEX_POINT('',#8343);
#8345=CARTESIAN_POINT('',(1.244250009768E2,-7.879926506702E1,
-2.407526216636E0));
#8346=VERTEX_POINT('',#8345);
#8347=CARTESIAN_POINT('',(1.369250009768E2,-7.879926506702E1,
-2.407526216636E0));
#8348=VERTEX_POINT('',#8347);
#8349=CARTESIAN_POINT('',(6.025833431015E1,-7.879926506702E1,
-2.407526216636E0));
#8350=VERTEX_POINT('',#8349);
#8351=CARTESIAN_POINT('',(7.275833431015E1,-7.879926506702E1,
-2.407526216636E0));
#8352=VERTEX_POINT('',#8351);
#8353=CARTESIAN_POINT('',(7.275833431015E1,-8.179926506702E1,
-2.407526216636E0));
#8354=VERTEX_POINT('',#8353);
#8355=CARTESIAN_POINT('',(3.775833431016E1,-8.179926506702E1,
-2.407526216636E0));
#8356=VERTEX_POINT('',#8355);
#8357=CARTESIAN_POINT('',(3.775833431015E1,-7.879926506702E1,
-2.407526216636E0));
#8358=VERTEX_POINT('',#8357);
#8359=CARTESIAN_POINT('',(5.025833431015E1,-7.879926506702E1,
-2.407526216636E0));
#8360=VERTEX_POINT('',#8359);
#8361=CARTESIAN_POINT('',(-2.640833235651E1,-7.879926506702E1,
-2.407526216636E0));
#8362=VERTEX_POINT('',#8361);
#8363=CARTESIAN_POINT('',(-1.390833235652E1,-7.879926506702E1,
-2.407526216636E0));
#8364=VERTEX_POINT('',#8363);
#8365=CARTESIAN_POINT('',(-1.390833235651E1,-8.179926506702E1,
-2.407526216636E0));
#8366=VERTEX_POINT('',#8365);
#8367=CARTESIAN_POINT('',(-4.890833235651E1,-8.179926506702E1,
-2.407526216636E0));
#8368=VERTEX_POINT('',#8367);
#8369=CARTESIAN_POINT('',(-4.890833235651E1,-7.879926506702E1,
-2.407526216636E0));
#8370=VERTEX_POINT('',#8369);
#8371=CARTESIAN_POINT('',(-3.640833235651E1,-7.879926506702E1,
-2.407526216636E0));
#8372=VERTEX_POINT('',#8371);
#8373=CARTESIAN_POINT('',(-1.130749990232E2,-7.879926506702E1,
-2.407526216636E0));
#8374=VERTEX_POINT('',#8373);
#8375=CARTESIAN_POINT('',(-1.005749990232E2,-7.879926506702E1,
-2.407526216636E0));
#8376=VERTEX_POINT('',#8375);
#8377=CARTESIAN_POINT('',(-1.005749990232E2,-8.179926506702E1,
-2.407526216636E0));
#8378=VERTEX_POINT('',#8377);
#8379=CARTESIAN_POINT('',(-1.355749990232E2,-8.179926506702E1,
-2.407526216636E0));
#8380=VERTEX_POINT('',#8379);
#8381=CARTESIAN_POINT('',(-1.355749990232E2,-7.879926506702E1,
-2.407526216636E0));
#8382=VERTEX_POINT('',#8381);
#8383=CARTESIAN_POINT('',(-1.230749990232E2,-7.879926506702E1,
-2.407526216636E0));
#8384=VERTEX_POINT('',#8383);
#8385=CARTESIAN_POINT('',(-1.536481711511E2,-5.589651887502E1,
-2.407526216635E0));
#8386=VERTEX_POINT('',#8385);
#8387=CARTESIAN_POINT('',(-1.576481711511E2,-5.589651887502E1,
-2.407526216636E0));
#8388=VERTEX_POINT('',#8387);
#8389=CARTESIAN_POINT('',(-1.576481711511E2,-6.839651887502E1,
-2.407526216636E0));
#8390=VERTEX_POINT('',#8389);
#8391=CARTESIAN_POINT('',(-1.606481711511E2,-6.839651887502E1,
-2.407526216636E0));
#8392=VERTEX_POINT('',#8391);
#8393=CARTESIAN_POINT('',(-1.606481711511E2,-3.339651887503E1,
-2.407526216636E0));
#8394=VERTEX_POINT('',#8393);
#8395=CARTESIAN_POINT('',(-1.576481711511E2,-3.339651887502E1,
-2.407526216636E0));
#8396=VERTEX_POINT('',#8395);
#8397=CARTESIAN_POINT('',(-1.576481711511E2,-4.589651887502E1,
-2.407526216636E0));
#8398=VERTEX_POINT('',#8397);
#8399=CARTESIAN_POINT('',(-1.576481711511E2,-5.896518875022E0,
-2.407526216636E0));
#8400=VERTEX_POINT('',#8399);
#8401=CARTESIAN_POINT('',(-1.576481711511E2,-1.839651887502E1,
-2.407526216636E0));
#8402=VERTEX_POINT('',#8401);
#8403=CARTESIAN_POINT('',(-1.606481711511E2,-1.839651887502E1,
-2.407526216636E0));
#8404=VERTEX_POINT('',#8403);
#8405=CARTESIAN_POINT('',(-1.606481711511E2,1.660348112497E1,
-2.407526216636E0));
#8406=VERTEX_POINT('',#8405);
#8407=CARTESIAN_POINT('',(-1.576481711511E2,1.660348112498E1,
-2.407526216636E0));
#8408=VERTEX_POINT('',#8407);
#8409=CARTESIAN_POINT('',(-1.576481711511E2,4.103481124978E0,
-2.407526216636E0));
#8410=VERTEX_POINT('',#8409);
#8411=CARTESIAN_POINT('',(1.175965492949E2,-5.171155738838E1,
-2.407526216635E0));
#8412=CARTESIAN_POINT('',(1.158250072420E2,-5.171155741246E1,
-2.407526216635E0));
#8413=VERTEX_POINT('',#8411);
#8414=VERTEX_POINT('',#8412);
#8415=CARTESIAN_POINT('',(1.175965492949E2,-5.321187445832E1,
-2.407526216635E0));
#8416=VERTEX_POINT('',#8415);
#8417=CARTESIAN_POINT('',(1.207025057896E2,-5.321187445832E1,
-2.407526216635E0));
#8418=VERTEX_POINT('',#8417);
#8419=CARTESIAN_POINT('',(1.207025057896E2,-5.171155738838E1,
-2.407526216635E0));
#8420=VERTEX_POINT('',#8419);
#8421=CARTESIAN_POINT('',(1.224750073329E2,-5.171155741246E1,
-2.407526216635E0));
#8422=VERTEX_POINT('',#8421);
#8423=CARTESIAN_POINT('',(1.224750073329E2,-4.521155741786E1,
-2.407526216635E0));
#8424=VERTEX_POINT('',#8423);
#8425=CARTESIAN_POINT('',(1.233750073312E2,-4.521155741786E1,
-2.407526216635E0));
#8426=VERTEX_POINT('',#8425);
#8427=CARTESIAN_POINT('',(1.233750073312E2,-4.276155741566E1,
-2.407526216635E0));
#8428=VERTEX_POINT('',#8427);
#8429=CARTESIAN_POINT('',(1.224750073329E2,-4.276155741566E1,
-2.407526216635E0));
#8430=VERTEX_POINT('',#8429);
#8431=CARTESIAN_POINT('',(1.224750073329E2,-3.951155741076E1,
-2.407526216635E0));
#8432=VERTEX_POINT('',#8431);
#8433=CARTESIAN_POINT('',(1.158250065918E2,-3.951155741076E1,
-2.407526216635E0));
#8434=VERTEX_POINT('',#8433);
#8435=CARTESIAN_POINT('',(1.158250065918E2,-4.276155742586E1,
-2.407526216635E0));
#8436=VERTEX_POINT('',#8435);
#8437=CARTESIAN_POINT('',(1.141500073339E2,-4.276155742586E1,
-2.407526216635E0));
#8438=VERTEX_POINT('',#8437);
#8439=CARTESIAN_POINT('',(1.141500073339E2,-3.794651889777E1,
-2.407526216635E0));
#8440=VERTEX_POINT('',#8439);
#8441=CARTESIAN_POINT('',(1.001500073339E2,-3.794651889777E1,
-2.407526216635E0));
#8442=VERTEX_POINT('',#8441);
#8443=CARTESIAN_POINT('',(1.001500073339E2,-4.276155743346E1,
-2.407526216635E0));
#8444=VERTEX_POINT('',#8443);
#8445=CARTESIAN_POINT('',(9.847500659791E1,-4.276155743346E1,
-2.407526216635E0));
#8446=VERTEX_POINT('',#8445);
#8447=CARTESIAN_POINT('',(9.847500659791E1,-3.951155742846E1,
-2.407526216635E0));
#8448=VERTEX_POINT('',#8447);
#8449=CARTESIAN_POINT('',(9.182500733511E1,-3.951155742846E1,
-2.407526216635E0));
#8450=VERTEX_POINT('',#8449);
#8451=CARTESIAN_POINT('',(9.182500733511E1,-4.276155743346E1,
-2.407526216635E0));
#8452=VERTEX_POINT('',#8451);
#8453=CARTESIAN_POINT('',(9.092500732911E1,-4.276155743346E1,
-2.407526216635E0));
#8454=VERTEX_POINT('',#8453);
#8455=CARTESIAN_POINT('',(9.092500732911E1,-4.521155743566E1,
-2.407526216635E0));
#8456=VERTEX_POINT('',#8455);
#8457=CARTESIAN_POINT('',(9.182500733511E1,-4.521155743566E1,
-2.407526216635E0));
#8458=VERTEX_POINT('',#8457);
#8459=CARTESIAN_POINT('',(9.182500733511E1,-5.171155743026E1,
-2.407526216635E0));
#8460=VERTEX_POINT('',#8459);
#8461=CARTESIAN_POINT('',(9.359654929630E1,-5.171155740618E1,
-2.407526216635E0));
#8462=VERTEX_POINT('',#8461);
#8463=CARTESIAN_POINT('',(9.359654929630E1,-5.321187446340E1,
-2.407526216635E0));
#8464=VERTEX_POINT('',#8463);
#8465=CARTESIAN_POINT('',(9.670250579119E1,-5.321187446340E1,
-2.407526216635E0));
#8466=VERTEX_POINT('',#8465);
#8467=CARTESIAN_POINT('',(9.670250579119E1,-5.171155740618E1,
-2.407526216635E0));
#8468=VERTEX_POINT('',#8467);
#8469=CARTESIAN_POINT('',(9.847500724311E1,-5.171155743026E1,
-2.407526216635E0));
#8470=VERTEX_POINT('',#8469);
#8471=CARTESIAN_POINT('',(9.847500724311E1,-5.097151889516E1,
-2.407526216635E0));
#8472=VERTEX_POINT('',#8471);
#8473=CARTESIAN_POINT('',(1.001500073339E2,-5.097151889516E1,
-2.407526216635E0));
#8474=VERTEX_POINT('',#8473);
#8475=CARTESIAN_POINT('',(1.001500073339E2,-5.194651889777E1,
-2.407526216635E0));
#8476=VERTEX_POINT('',#8475);
#8477=CARTESIAN_POINT('',(1.141500073339E2,-5.194651889777E1,
-2.407526216635E0));
#8478=VERTEX_POINT('',#8477);
#8479=CARTESIAN_POINT('',(1.141500073339E2,-5.097151889516E1,
-2.407526216635E0));
#8480=VERTEX_POINT('',#8479);
#8481=CARTESIAN_POINT('',(1.158250072420E2,-5.097151889516E1,
-2.407526216635E0));
#8482=VERTEX_POINT('',#8481);
#8483=CARTESIAN_POINT('',(1.175965492949E2,-5.171155738838E1,
-9.075262166345E-1));
#8484=CARTESIAN_POINT('',(1.175965492949E2,-5.321187445832E1,
-9.075262166345E-1));
#8485=VERTEX_POINT('',#8483);
#8486=VERTEX_POINT('',#8484);
#8487=CARTESIAN_POINT('',(1.158250072420E2,-5.171155741246E1,
-9.075262166345E-1));
#8488=VERTEX_POINT('',#8487);
#8489=CARTESIAN_POINT('',(1.158250072420E2,-5.097151889516E1,
-9.075262166345E-1));
#8490=VERTEX_POINT('',#8489);
#8491=CARTESIAN_POINT('',(1.141500073339E2,-5.097151889516E1,
-9.075262166342E-1));
#8492=VERTEX_POINT('',#8491);
#8493=CARTESIAN_POINT('',(1.141500073339E2,-5.194651889777E1,
-9.075262166339E-1));
#8494=VERTEX_POINT('',#8493);
#8495=CARTESIAN_POINT('',(1.001500073339E2,-5.194651889777E1,
-9.075262166339E-1));
#8496=VERTEX_POINT('',#8495);
#8497=CARTESIAN_POINT('',(1.001500073339E2,-5.097151889516E1,
-9.075262166342E-1));
#8498=VERTEX_POINT('',#8497);
#8499=CARTESIAN_POINT('',(9.847500724311E1,-5.097151889516E1,
-9.075262166345E-1));
#8500=VERTEX_POINT('',#8499);
#8501=CARTESIAN_POINT('',(9.847500724311E1,-5.171155743026E1,
-9.075262166345E-1));
#8502=VERTEX_POINT('',#8501);
#8503=CARTESIAN_POINT('',(9.670250579119E1,-5.171155740618E1,
-9.075262166345E-1));
#8504=VERTEX_POINT('',#8503);
#8505=CARTESIAN_POINT('',(9.670250579119E1,-5.321187446340E1,
-9.075262166345E-1));
#8506=VERTEX_POINT('',#8505);
#8507=CARTESIAN_POINT('',(9.359654929630E1,-5.321187446340E1,
-9.075262166345E-1));
#8508=VERTEX_POINT('',#8507);
#8509=CARTESIAN_POINT('',(9.359654929630E1,-5.171155740618E1,
-9.075262166345E-1));
#8510=VERTEX_POINT('',#8509);
#8511=CARTESIAN_POINT('',(9.182500733511E1,-5.171155743026E1,
-9.075262166345E-1));
#8512=VERTEX_POINT('',#8511);
#8513=CARTESIAN_POINT('',(9.182500733511E1,-4.521155743566E1,
-9.075262166345E-1));
#8514=VERTEX_POINT('',#8513);
#8515=CARTESIAN_POINT('',(9.092500732911E1,-4.521155743566E1,
-9.075262166345E-1));
#8516=VERTEX_POINT('',#8515);
#8517=CARTESIAN_POINT('',(9.092500732911E1,-4.276155743346E1,
-9.075262166345E-1));
#8518=VERTEX_POINT('',#8517);
#8519=CARTESIAN_POINT('',(9.182500733511E1,-4.276155743346E1,
-9.075262166345E-1));
#8520=VERTEX_POINT('',#8519);
#8521=CARTESIAN_POINT('',(9.182500733511E1,-3.951155742846E1,
-9.075262166345E-1));
#8522=VERTEX_POINT('',#8521);
#8523=CARTESIAN_POINT('',(9.847500659791E1,-3.951155742846E1,
-9.075262166345E-1));
#8524=VERTEX_POINT('',#8523);
#8525=CARTESIAN_POINT('',(9.847500659791E1,-4.276155743346E1,
-9.075262166345E-1));
#8526=VERTEX_POINT('',#8525);
#8527=CARTESIAN_POINT('',(1.001500073339E2,-4.276155743346E1,
-9.075262166342E-1));
#8528=VERTEX_POINT('',#8527);
#8529=CARTESIAN_POINT('',(1.001500073339E2,-3.794651889777E1,
-9.075262166339E-1));
#8530=VERTEX_POINT('',#8529);
#8531=CARTESIAN_POINT('',(1.141500073339E2,-3.794651889777E1,
-9.075262166339E-1));
#8532=VERTEX_POINT('',#8531);
#8533=CARTESIAN_POINT('',(1.141500073339E2,-4.276155742586E1,
-9.075262166342E-1));
#8534=VERTEX_POINT('',#8533);
#8535=CARTESIAN_POINT('',(1.158250065918E2,-4.276155742586E1,
-9.075262166345E-1));
#8536=VERTEX_POINT('',#8535);
#8537=CARTESIAN_POINT('',(1.158250065918E2,-3.951155741076E1,
-9.075262166345E-1));
#8538=VERTEX_POINT('',#8537);
#8539=CARTESIAN_POINT('',(1.224750073329E2,-3.951155741076E1,
-9.075262166345E-1));
#8540=VERTEX_POINT('',#8539);
#8541=CARTESIAN_POINT('',(1.224750073329E2,-4.276155741566E1,
-9.075262166345E-1));
#8542=VERTEX_POINT('',#8541);
#8543=CARTESIAN_POINT('',(1.233750073312E2,-4.276155741566E1,
-9.075262166345E-1));
#8544=VERTEX_POINT('',#8543);
#8545=CARTESIAN_POINT('',(1.233750073312E2,-4.521155741786E1,
-9.075262166345E-1));
#8546=VERTEX_POINT('',#8545);
#8547=CARTESIAN_POINT('',(1.224750073329E2,-4.521155741786E1,
-9.075262166345E-1));
#8548=VERTEX_POINT('',#8547);
#8549=CARTESIAN_POINT('',(1.224750073329E2,-5.171155741246E1,
-9.075262166345E-1));
#8550=VERTEX_POINT('',#8549);
#8551=CARTESIAN_POINT('',(1.207025057896E2,-5.171155738838E1,
-9.075262166345E-1));
#8552=VERTEX_POINT('',#8551);
#8553=CARTESIAN_POINT('',(1.207025057896E2,-5.321187445832E1,
-9.075262166345E-1));
#8554=VERTEX_POINT('',#8553);
#8555=CARTESIAN_POINT('',(2.530488058651E1,-6.098912535948E1,
-9.075262166358E-1));
#8556=VERTEX_POINT('',#8555);
#8557=CARTESIAN_POINT('',(2.530488058651E1,-5.723912536269E1,
-9.075262166358E-1));
#8558=VERTEX_POINT('',#8557);
#8559=CARTESIAN_POINT('',(2.707738203843E1,-5.723912538677E1,
-9.075262166358E-1));
#8560=VERTEX_POINT('',#8559);
#8561=CARTESIAN_POINT('',(2.707738203843E1,-5.573713818436E1,
-9.075262166358E-1));
#8562=VERTEX_POINT('',#8561);
#8563=CARTESIAN_POINT('',(3.018333853331E1,-5.573713818436E1,
-9.075262166358E-1));
#8564=VERTEX_POINT('',#8563);
#8565=CARTESIAN_POINT('',(3.018333853331E1,-5.723912538677E1,
-9.075262166358E-1));
#8566=VERTEX_POINT('',#8565);
#8567=CARTESIAN_POINT('',(3.195488049451E1,-5.723912536269E1,
-9.075262166358E-1));
#8568=VERTEX_POINT('',#8567);
#8569=CARTESIAN_POINT('',(3.195488049451E1,-6.373912535728E1,
-9.075262166358E-1));
#8570=VERTEX_POINT('',#8569);
#8571=CARTESIAN_POINT('',(3.285488050051E1,-6.373912535728E1,
-9.075262166358E-1));
#8572=VERTEX_POINT('',#8571);
#8573=CARTESIAN_POINT('',(3.285488050051E1,-6.618912535949E1,
-9.075262166358E-1));
#8574=VERTEX_POINT('',#8573);
#8575=CARTESIAN_POINT('',(3.195488049451E1,-6.618912535949E1,
-9.075262166358E-1));
#8576=VERTEX_POINT('',#8575);
#8577=CARTESIAN_POINT('',(3.195488049451E1,-6.943912536449E1,
-9.075262166358E-1));
#8578=VERTEX_POINT('',#8577);
#8579=CARTESIAN_POINT('',(2.530488123171E1,-6.943912536449E1,
-9.075262166358E-1));
#8580=VERTEX_POINT('',#8579);
#8581=CARTESIAN_POINT('',(2.530488123171E1,-6.618912535948E1,
-9.075262166358E-1));
#8582=VERTEX_POINT('',#8581);
#8583=CARTESIAN_POINT('',(-1.437499914106E1,-6.618912535949E1,
-9.075262166355E-1));
#8584=VERTEX_POINT('',#8583);
#8585=CARTESIAN_POINT('',(-1.437499914106E1,-7.099651890220E1,
-9.075262166352E-1));
#8586=VERTEX_POINT('',#8585);
#8587=CARTESIAN_POINT('',(-2.837499914106E1,-7.099651890220E1,
-9.075262166352E-1));
#8588=VERTEX_POINT('',#8587);
#8589=CARTESIAN_POINT('',(-2.837499914106E1,-6.618912535949E1,
-9.075262166355E-1));
#8590=VERTEX_POINT('',#8589);
#8591=CARTESIAN_POINT('',(-6.814511950547E1,-6.618912535949E1,
-9.075262166358E-1));
#8592=VERTEX_POINT('',#8591);
#8593=CARTESIAN_POINT('',(-6.814511950547E1,-6.943912536449E1,
-9.075262166358E-1));
#8594=VERTEX_POINT('',#8593);
#8595=CARTESIAN_POINT('',(-7.479511876831E1,-6.943912536449E1,
-9.075262166358E-1));
#8596=VERTEX_POINT('',#8595);
#8597=CARTESIAN_POINT('',(-7.479511876831E1,-6.618912535949E1,
-9.075262166358E-1));
#8598=VERTEX_POINT('',#8597);
#8599=CARTESIAN_POINT('',(-7.569511877425E1,-6.618912535949E1,
-9.075262166358E-1));
#8600=VERTEX_POINT('',#8599);
#8601=CARTESIAN_POINT('',(-7.569511877425E1,-6.373912535728E1,
-9.075262166358E-1));
#8602=VERTEX_POINT('',#8601);
#8603=CARTESIAN_POINT('',(-7.479511876831E1,-6.373912535728E1,
-9.075262166358E-1));
#8604=VERTEX_POINT('',#8603);
#8605=CARTESIAN_POINT('',(-7.479511876831E1,-5.723912536269E1,
-9.075262166358E-1));
#8606=VERTEX_POINT('',#8605);
#8607=CARTESIAN_POINT('',(-7.302357680710E1,-5.723912538676E1,
-9.075262166358E-1));
#8608=VERTEX_POINT('',#8607);
#8609=CARTESIAN_POINT('',(-7.302357680710E1,-5.573713818436E1,
-9.075262166358E-1));
#8610=VERTEX_POINT('',#8609);
#8611=CARTESIAN_POINT('',(-6.991762031223E1,-5.573713818436E1,
-9.075262166358E-1));
#8612=VERTEX_POINT('',#8611);
#8613=CARTESIAN_POINT('',(-6.991762031223E1,-5.723912538676E1,
-9.075262166358E-1));
#8614=VERTEX_POINT('',#8613);
#8615=CARTESIAN_POINT('',(-6.814511886031E1,-5.723912536269E1,
-9.075262166358E-1));
#8616=VERTEX_POINT('',#8615);
#8617=CARTESIAN_POINT('',(-6.814511886031E1,-6.098912535948E1,
-9.075262166358E-1));
#8618=VERTEX_POINT('',#8617);
#8619=CARTESIAN_POINT('',(-1.556481711511E2,2.103481124978E0,
-9.075262166358E-1));
#8620=VERTEX_POINT('',#8619);
#8621=CARTESIAN_POINT('',(-1.576481711511E2,4.103481124978E0,
-9.075262166358E-1));
#8622=VERTEX_POINT('',#8621);
#8623=CARTESIAN_POINT('',(-1.576481711511E2,1.660348112498E1,
-9.075262166358E-1));
#8624=VERTEX_POINT('',#8623);
#8625=CARTESIAN_POINT('',(-1.606481711511E2,1.660348112497E1,
-9.075262166358E-1));
#8626=VERTEX_POINT('',#8625);
#8627=CARTESIAN_POINT('',(-1.606481711511E2,-1.839651887502E1,
-9.075262166358E-1));
#8628=VERTEX_POINT('',#8627);
#8629=CARTESIAN_POINT('',(-1.576481711511E2,-1.839651887501E1,
-9.075262166358E-1));
#8630=VERTEX_POINT('',#8629);
#8631=CARTESIAN_POINT('',(-1.576481711511E2,-5.896518875022E0,
-9.075262166358E-1));
#8632=VERTEX_POINT('',#8631);
#8633=CARTESIAN_POINT('',(-1.556481711511E2,-4.789651887502E1,
-9.075262166358E-1));
#8634=VERTEX_POINT('',#8633);
#8635=CARTESIAN_POINT('',(-1.576481711511E2,-4.589651887502E1,
-9.075262166358E-1));
#8636=VERTEX_POINT('',#8635);
#8637=CARTESIAN_POINT('',(-1.576481711511E2,-3.339651887502E1,
-9.075262166358E-1));
#8638=VERTEX_POINT('',#8637);
#8639=CARTESIAN_POINT('',(-1.606481711511E2,-3.339651887503E1,
-9.075262166358E-1));
#8640=VERTEX_POINT('',#8639);
#8641=CARTESIAN_POINT('',(-1.606481711511E2,-6.839651887502E1,
-9.075262166358E-1));
#8642=VERTEX_POINT('',#8641);
#8643=CARTESIAN_POINT('',(-1.576481711511E2,-6.839651887501E1,
-9.075262166358E-1));
#8644=VERTEX_POINT('',#8643);
#8645=CARTESIAN_POINT('',(-1.576481711511E2,-5.589651887502E1,
-9.075262166358E-1));
#8646=VERTEX_POINT('',#8645);
#8647=CARTESIAN_POINT('',(-1.536481711511E2,-5.589651887502E1,
-9.075262166358E-1));
#8648=VERTEX_POINT('',#8647);
#8649=CARTESIAN_POINT('',(-1.210749990232E2,-7.679926506702E1,
-9.075262166358E-1));
#8650=VERTEX_POINT('',#8649);
#8651=CARTESIAN_POINT('',(-1.230749990232E2,-7.879926506702E1,
-9.075262166358E-1));
#8652=VERTEX_POINT('',#8651);
#8653=CARTESIAN_POINT('',(-1.355749990232E2,-7.879926506702E1,
-9.075262166358E-1));
#8654=VERTEX_POINT('',#8653);
#8655=CARTESIAN_POINT('',(-1.355749990232E2,-8.179926506702E1,
-9.075262166358E-1));
#8656=VERTEX_POINT('',#8655);
#8657=CARTESIAN_POINT('',(-1.005749990232E2,-8.179926506702E1,
-9.075262166358E-1));
#8658=VERTEX_POINT('',#8657);
#8659=CARTESIAN_POINT('',(-1.005749990232E2,-7.879926506702E1,
-9.075262166358E-1));
#8660=VERTEX_POINT('',#8659);
#8661=CARTESIAN_POINT('',(-1.130749990232E2,-7.879926506702E1,
-9.075262166358E-1));
#8662=VERTEX_POINT('',#8661);
#8663=CARTESIAN_POINT('',(-3.440833235651E1,-7.679926506702E1,
-9.075262166358E-1));
#8664=VERTEX_POINT('',#8663);
#8665=CARTESIAN_POINT('',(-3.640833235651E1,-7.879926506702E1,
-9.075262166358E-1));
#8666=VERTEX_POINT('',#8665);
#8667=CARTESIAN_POINT('',(-4.890833235651E1,-7.879926506702E1,
-9.075262166358E-1));
#8668=VERTEX_POINT('',#8667);
#8669=CARTESIAN_POINT('',(-4.890833235650E1,-8.179926506702E1,
-9.075262166358E-1));
#8670=VERTEX_POINT('',#8669);
#8671=CARTESIAN_POINT('',(-1.390833235651E1,-8.179926506702E1,
-9.075262166358E-1));
#8672=VERTEX_POINT('',#8671);
#8673=CARTESIAN_POINT('',(-1.390833235652E1,-7.879926506702E1,
-9.075262166358E-1));
#8674=VERTEX_POINT('',#8673);
#8675=CARTESIAN_POINT('',(-2.640833235651E1,-7.879926506702E1,
-9.075262166358E-1));
#8676=VERTEX_POINT('',#8675);
#8677=CARTESIAN_POINT('',(5.225833431015E1,-7.679926506702E1,
-9.075262166358E-1));
#8678=VERTEX_POINT('',#8677);
#8679=CARTESIAN_POINT('',(5.025833431015E1,-7.879926506702E1,
-9.075262166358E-1));
#8680=VERTEX_POINT('',#8679);
#8681=CARTESIAN_POINT('',(3.775833431015E1,-7.879926506702E1,
-9.075262166358E-1));
#8682=VERTEX_POINT('',#8681);
#8683=CARTESIAN_POINT('',(3.775833431016E1,-8.179926506702E1,
-9.075262166358E-1));
#8684=VERTEX_POINT('',#8683);
#8685=CARTESIAN_POINT('',(7.275833431015E1,-8.179926506702E1,
-9.075262166358E-1));
#8686=VERTEX_POINT('',#8685);
#8687=CARTESIAN_POINT('',(7.275833431014E1,-7.879926506702E1,
-9.075262166358E-1));
#8688=VERTEX_POINT('',#8687);
#8689=CARTESIAN_POINT('',(6.025833431015E1,-7.879926506702E1,
-9.075262166358E-1));
#8690=VERTEX_POINT('',#8689);
#8691=CARTESIAN_POINT('',(1.389250009768E2,-7.679926506702E1,
-9.075262166358E-1));
#8692=VERTEX_POINT('',#8691);
#8693=CARTESIAN_POINT('',(1.369250009768E2,-7.879926506702E1,
-9.075262166358E-1));
#8694=VERTEX_POINT('',#8693);
#8695=CARTESIAN_POINT('',(1.244250009768E2,-7.879926506702E1,
-9.075262166358E-1));
#8696=VERTEX_POINT('',#8695);
#8697=CARTESIAN_POINT('',(1.244250009768E2,-8.179926506702E1,
-9.075262166358E-1));
#8698=VERTEX_POINT('',#8697);
#8699=CARTESIAN_POINT('',(1.594250009768E2,-8.179926506702E1,
-9.075262166358E-1));
#8700=VERTEX_POINT('',#8699);
#8701=CARTESIAN_POINT('',(1.594250009768E2,-7.879926506702E1,
-9.075262166358E-1));
#8702=VERTEX_POINT('',#8701);
#8703=CARTESIAN_POINT('',(1.469250009768E2,-7.879926506702E1,
-9.075262166358E-1));
#8704=VERTEX_POINT('',#8703);
#8705=CARTESIAN_POINT('',(1.794981731047E2,-5.389651887502E1,
-9.075262166358E-1));
#8706=VERTEX_POINT('',#8705);
#8707=CARTESIAN_POINT('',(1.814981731047E2,-5.589651887502E1,
-9.075262166358E-1));
#8708=VERTEX_POINT('',#8707);
#8709=CARTESIAN_POINT('',(1.814981731047E2,-6.839651887502E1,
-9.075262166358E-1));
#8710=VERTEX_POINT('',#8709);
#8711=CARTESIAN_POINT('',(1.844981731047E2,-6.839651887501E1,
-9.075262166358E-1));
#8712=VERTEX_POINT('',#8711);
#8713=CARTESIAN_POINT('',(1.844981731047E2,-3.339651887502E1,
-9.075262166358E-1));
#8714=VERTEX_POINT('',#8713);
#8715=CARTESIAN_POINT('',(1.814981731047E2,-3.339651887503E1,
-9.075262166358E-1));
#8716=VERTEX_POINT('',#8715);
#8717=CARTESIAN_POINT('',(1.814981731047E2,-4.589651887502E1,
-9.075262166358E-1));
#8718=VERTEX_POINT('',#8717);
#8719=CARTESIAN_POINT('',(1.794981731047E2,-3.896518875022E0,
-9.075262166358E-1));
#8720=VERTEX_POINT('',#8719);
#8721=CARTESIAN_POINT('',(1.814981731047E2,-5.896518875022E0,
-9.075262166358E-1));
#8722=VERTEX_POINT('',#8721);
#8723=CARTESIAN_POINT('',(1.814981731047E2,-1.839651887502E1,
-9.075262166358E-1));
#8724=VERTEX_POINT('',#8723);
#8725=CARTESIAN_POINT('',(1.844981731047E2,-1.839651887501E1,
-9.075262166358E-1));
#8726=VERTEX_POINT('',#8725);
#8727=CARTESIAN_POINT('',(1.844981731047E2,1.660348112498E1,
-9.075262166358E-1));
#8728=VERTEX_POINT('',#8727);
#8729=CARTESIAN_POINT('',(1.814981731047E2,1.660348112497E1,
-9.075262166358E-1));
#8730=VERTEX_POINT('',#8729);
#8731=CARTESIAN_POINT('',(1.814981731047E2,4.103481124978E0,
-9.075262166358E-1));
#8732=VERTEX_POINT('',#8731);
#8733=CARTESIAN_POINT('',(1.049250009768E2,2.500622731698E1,
-9.075262166358E-1));
#8734=VERTEX_POINT('',#8733);
#8735=CARTESIAN_POINT('',(1.069250009768E2,2.700622731698E1,
-9.075262166358E-1));
#8736=VERTEX_POINT('',#8735);
#8737=CARTESIAN_POINT('',(1.194250009768E2,2.700622731698E1,
-9.075262166358E-1));
#8738=VERTEX_POINT('',#8737);
#8739=CARTESIAN_POINT('',(1.194250009768E2,3.000622731698E1,
-9.075262166358E-1));
#8740=VERTEX_POINT('',#8739);
#8741=CARTESIAN_POINT('',(8.442500097682E1,3.000622731698E1,
-9.075262166358E-1));
#8742=VERTEX_POINT('',#8741);
#8743=CARTESIAN_POINT('',(8.442500097683E1,2.700622731698E1,
-9.075262166358E-1));
#8744=VERTEX_POINT('',#8743);
#8745=CARTESIAN_POINT('',(9.692500097682E1,2.700622731698E1,
-9.075262166358E-1));
#8746=VERTEX_POINT('',#8745);
#8747=CARTESIAN_POINT('',(1.492500097682E1,2.500622731698E1,
-9.075262166358E-1));
#8748=VERTEX_POINT('',#8747);
#8749=CARTESIAN_POINT('',(1.692500097682E1,2.700622731698E1,
-9.075262166358E-1));
#8750=VERTEX_POINT('',#8749);
#8751=CARTESIAN_POINT('',(2.942500097682E1,2.700622731698E1,
-9.075262166358E-1));
#8752=VERTEX_POINT('',#8751);
#8753=CARTESIAN_POINT('',(2.942500097681E1,3.000622731698E1,
-9.075262166358E-1));
#8754=VERTEX_POINT('',#8753);
#8755=CARTESIAN_POINT('',(-5.574999023181E0,3.000622731698E1,
-9.075262166358E-1));
#8756=VERTEX_POINT('',#8755);
#8757=CARTESIAN_POINT('',(-5.574999023171E0,2.700622731698E1,
-9.075262166358E-1));
#8758=VERTEX_POINT('',#8757);
#8759=CARTESIAN_POINT('',(6.925000976819E0,2.700622731698E1,
-9.075262166358E-1));
#8760=VERTEX_POINT('',#8759);
#8761=CARTESIAN_POINT('',(-7.507499902318E1,2.500622731698E1,
-9.075262166358E-1));
#8762=VERTEX_POINT('',#8761);
#8763=CARTESIAN_POINT('',(-7.307499902318E1,2.700622731698E1,
-9.075262166358E-1));
#8764=VERTEX_POINT('',#8763);
#8765=CARTESIAN_POINT('',(-6.057499902318E1,2.700622731698E1,
-9.075262166358E-1));
#8766=VERTEX_POINT('',#8765);
#8767=CARTESIAN_POINT('',(-6.057499902319E1,3.000622731698E1,
-9.075262166358E-1));
#8768=VERTEX_POINT('',#8767);
#8769=CARTESIAN_POINT('',(-9.557499902318E1,3.000622731698E1,
-9.075262166358E-1));
#8770=VERTEX_POINT('',#8769);
#8771=CARTESIAN_POINT('',(-9.557499902317E1,2.700622731698E1,
-9.075262166358E-1));
#8772=VERTEX_POINT('',#8771);
#8773=CARTESIAN_POINT('',(-8.307499902318E1,2.700622731698E1,
-9.075262166358E-1));
#8774=VERTEX_POINT('',#8773);
#8775=CARTESIAN_POINT('',(-9.15E1,-5.4E1,-9.075262166358E-1));
#8776=CARTESIAN_POINT('',(-9.15E1,-5.4E1,-2.407526216636E0));
#8777=VERTEX_POINT('',#8775);
#8778=VERTEX_POINT('',#8776);
#8779=CARTESIAN_POINT('',(-8.85E1,-5.4E1,-9.075262166358E-1));
#8780=CARTESIAN_POINT('',(-8.85E1,-5.4E1,-2.407526216636E0));
#8781=VERTEX_POINT('',#8779);
#8782=VERTEX_POINT('',#8780);
#8783=CARTESIAN_POINT('',(-9.E1,-5.25E1,-9.075262166358E-1));
#8784=VERTEX_POINT('',#8783);
#8785=CARTESIAN_POINT('',(-9.E1,-5.55E1,-9.075262166358E-1));
#8786=VERTEX_POINT('',#8785);
#8787=CARTESIAN_POINT('',(-8.75E1,2.5E0,-9.075262166358E-1));
#8788=CARTESIAN_POINT('',(-8.75E1,2.5E0,-2.407526216636E0));
#8789=VERTEX_POINT('',#8787);
#8790=VERTEX_POINT('',#8788);
#8791=CARTESIAN_POINT('',(-8.45E1,2.5E0,-9.075262166358E-1));
#8792=CARTESIAN_POINT('',(-8.45E1,2.5E0,-2.407526216636E0));
#8793=VERTEX_POINT('',#8791);
#8794=VERTEX_POINT('',#8792);
#8795=CARTESIAN_POINT('',(-8.6E1,4.E0,-9.075262166358E-1));
#8796=VERTEX_POINT('',#8795);
#8797=CARTESIAN_POINT('',(-8.6E1,1.E0,-9.075262166358E-1));
#8798=VERTEX_POINT('',#8797);
#8799=CARTESIAN_POINT('',(1.085E2,-5.9E1,-9.075262166358E-1));
#8800=CARTESIAN_POINT('',(1.085E2,-5.9E1,-2.407526216636E0));
#8801=VERTEX_POINT('',#8799);
#8802=VERTEX_POINT('',#8800);
#8803=CARTESIAN_POINT('',(1.115E2,-5.9E1,-9.075262166358E-1));
#8804=CARTESIAN_POINT('',(1.115E2,-5.9E1,-2.407526216636E0));
#8805=VERTEX_POINT('',#8803);
#8806=VERTEX_POINT('',#8804);
#8807=CARTESIAN_POINT('',(1.1E2,-5.75E1,-9.075262166358E-1));
#8808=VERTEX_POINT('',#8807);
#8809=CARTESIAN_POINT('',(1.1E2,-6.05E1,-9.075262166358E-1));
#8810=VERTEX_POINT('',#8809);
#8811=CARTESIAN_POINT('',(1.065E2,-3.E0,-9.075262166358E-1));
#8812=CARTESIAN_POINT('',(1.065E2,-3.E0,-2.407526216636E0));
#8813=VERTEX_POINT('',#8811);
#8814=VERTEX_POINT('',#8812);
#8815=CARTESIAN_POINT('',(1.095E2,-3.E0,-9.075262166358E-1));
#8816=CARTESIAN_POINT('',(1.095E2,-3.E0,-2.407526216636E0));
#8817=VERTEX_POINT('',#8815);
#8818=VERTEX_POINT('',#8816);
#8819=CARTESIAN_POINT('',(1.08E2,-1.5E0,-9.075262166358E-1));
#8820=VERTEX_POINT('',#8819);
#8821=CARTESIAN_POINT('',(1.08E2,-4.5E0,-9.075262166358E-1));
#8822=VERTEX_POINT('',#8821);
#8823=CARTESIAN_POINT('',(-1.437499914106E1,-6.399651890219E1,
-5.907526216637E0));
#8824=DIRECTION('',(1.E0,0.E0,0.E0));
#8825=DIRECTION('',(0.E0,0.E0,1.E0));
#8826=AXIS2_PLACEMENT_3D('',#8823,#8824,#8825);
#8827=PLANE('',#8826);
#8829=ORIENTED_EDGE('',*,*,#8828,.T.);
#8831=ORIENTED_EDGE('',*,*,#8830,.T.);
#8833=ORIENTED_EDGE('',*,*,#8832,.F.);
#8835=ORIENTED_EDGE('',*,*,#8834,.T.);
#8836=EDGE_LOOP('',(#8829,#8831,#8833,#8835));
#8837=FACE_OUTER_BOUND('',#8836,.F.);
#8838=ADVANCED_FACE('',(#8837),#8827,.F.);
#8839=CARTESIAN_POINT('',(-9.525735640083E0,2.153255410806E1,
-2.407526216636E0));
#8840=DIRECTION('',(0.E0,0.E0,1.E0));
#8841=DIRECTION('',(1.E0,0.E0,0.E0));
#8842=AXIS2_PLACEMENT_3D('',#8839,#8840,#8841);
#8843=PLANE('',#8842);
#8845=ORIENTED_EDGE('',*,*,#8844,.F.);
#8847=ORIENTED_EDGE('',*,*,#8846,.F.);
#8849=ORIENTED_EDGE('',*,*,#8848,.T.);
#8851=ORIENTED_EDGE('',*,*,#8850,.F.);
#8853=ORIENTED_EDGE('',*,*,#8852,.T.);
#8855=ORIENTED_EDGE('',*,*,#8854,.F.);
#8857=ORIENTED_EDGE('',*,*,#8856,.T.);
#8859=ORIENTED_EDGE('',*,*,#8858,.F.);
#8861=ORIENTED_EDGE('',*,*,#8860,.F.);
#8863=ORIENTED_EDGE('',*,*,#8862,.F.);
#8865=ORIENTED_EDGE('',*,*,#8864,.T.);
#8867=ORIENTED_EDGE('',*,*,#8866,.F.);
#8869=ORIENTED_EDGE('',*,*,#8868,.T.);
#8871=ORIENTED_EDGE('',*,*,#8870,.F.);
#8873=ORIENTED_EDGE('',*,*,#8872,.T.);
#8875=ORIENTED_EDGE('',*,*,#8874,.F.);
#8877=ORIENTED_EDGE('',*,*,#8876,.F.);
#8879=ORIENTED_EDGE('',*,*,#8878,.F.);
#8881=ORIENTED_EDGE('',*,*,#8880,.T.);
#8883=ORIENTED_EDGE('',*,*,#8882,.F.);
#8885=ORIENTED_EDGE('',*,*,#8884,.T.);
#8887=ORIENTED_EDGE('',*,*,#8886,.F.);
#8889=ORIENTED_EDGE('',*,*,#8888,.T.);
#8891=ORIENTED_EDGE('',*,*,#8890,.F.);
#8893=ORIENTED_EDGE('',*,*,#8892,.T.);
#8895=ORIENTED_EDGE('',*,*,#8894,.F.);
#8897=ORIENTED_EDGE('',*,*,#8896,.T.);
#8899=ORIENTED_EDGE('',*,*,#8898,.F.);
#8901=ORIENTED_EDGE('',*,*,#8900,.T.);
#8903=ORIENTED_EDGE('',*,*,#8902,.F.);
#8905=ORIENTED_EDGE('',*,*,#8904,.T.);
#8907=ORIENTED_EDGE('',*,*,#8906,.F.);
#8909=ORIENTED_EDGE('',*,*,#8908,.T.);
#8911=ORIENTED_EDGE('',*,*,#8910,.F.);
#8913=ORIENTED_EDGE('',*,*,#8912,.T.);
#8915=ORIENTED_EDGE('',*,*,#8914,.F.);
#8917=ORIENTED_EDGE('',*,*,#8916,.T.);
#8919=ORIENTED_EDGE('',*,*,#8918,.F.);
#8921=ORIENTED_EDGE('',*,*,#8920,.T.);
#8923=ORIENTED_EDGE('',*,*,#8922,.F.);
#8925=ORIENTED_EDGE('',*,*,#8924,.T.);
#8927=ORIENTED_EDGE('',*,*,#8926,.F.);
#8929=ORIENTED_EDGE('',*,*,#8928,.T.);
#8931=ORIENTED_EDGE('',*,*,#8930,.F.);
#8933=ORIENTED_EDGE('',*,*,#8932,.T.);
#8935=ORIENTED_EDGE('',*,*,#8934,.F.);
#8937=ORIENTED_EDGE('',*,*,#8936,.T.);
#8939=ORIENTED_EDGE('',*,*,#8938,.F.);
#8941=ORIENTED_EDGE('',*,*,#8940,.T.);
#8943=ORIENTED_EDGE('',*,*,#8942,.F.);
#8945=ORIENTED_EDGE('',*,*,#8944,.T.);
#8947=ORIENTED_EDGE('',*,*,#8946,.F.);
#8949=ORIENTED_EDGE('',*,*,#8948,.T.);
#8951=ORIENTED_EDGE('',*,*,#8950,.F.);
#8953=ORIENTED_EDGE('',*,*,#8952,.T.);
#8955=ORIENTED_EDGE('',*,*,#8954,.F.);
#8957=ORIENTED_EDGE('',*,*,#8956,.T.);
#8959=ORIENTED_EDGE('',*,*,#8958,.F.);
#8961=ORIENTED_EDGE('',*,*,#8960,.T.);
#8963=ORIENTED_EDGE('',*,*,#8962,.F.);
#8965=ORIENTED_EDGE('',*,*,#8964,.T.);
#8967=ORIENTED_EDGE('',*,*,#8966,.F.);
#8969=ORIENTED_EDGE('',*,*,#8968,.T.);
#8971=ORIENTED_EDGE('',*,*,#8970,.F.);
#8973=ORIENTED_EDGE('',*,*,#8972,.T.);
#8975=ORIENTED_EDGE('',*,*,#8974,.F.);
#8977=ORIENTED_EDGE('',*,*,#8976,.T.);
#8979=ORIENTED_EDGE('',*,*,#8978,.F.);
#8981=ORIENTED_EDGE('',*,*,#8980,.T.);
#8983=ORIENTED_EDGE('',*,*,#8982,.F.);
#8985=ORIENTED_EDGE('',*,*,#8984,.T.);
#8987=ORIENTED_EDGE('',*,*,#8986,.F.);
#8989=ORIENTED_EDGE('',*,*,#8988,.T.);
#8991=ORIENTED_EDGE('',*,*,#8990,.F.);
#8993=ORIENTED_EDGE('',*,*,#8992,.T.);
#8995=ORIENTED_EDGE('',*,*,#8994,.F.);
#8997=ORIENTED_EDGE('',*,*,#8996,.T.);
#8999=ORIENTED_EDGE('',*,*,#8998,.F.);
#9001=ORIENTED_EDGE('',*,*,#9000,.T.);
#9003=ORIENTED_EDGE('',*,*,#9002,.F.);
#9005=ORIENTED_EDGE('',*,*,#9004,.T.);
#9007=ORIENTED_EDGE('',*,*,#9006,.F.);
#9009=ORIENTED_EDGE('',*,*,#9008,.T.);
#9011=ORIENTED_EDGE('',*,*,#9010,.F.);
#9013=ORIENTED_EDGE('',*,*,#9012,.T.);
#9015=ORIENTED_EDGE('',*,*,#9014,.F.);
#9017=ORIENTED_EDGE('',*,*,#9016,.T.);
#9019=ORIENTED_EDGE('',*,*,#9018,.F.);
#9021=ORIENTED_EDGE('',*,*,#9020,.T.);
#9023=ORIENTED_EDGE('',*,*,#9022,.F.);
#9025=ORIENTED_EDGE('',*,*,#9024,.T.);
#9027=ORIENTED_EDGE('',*,*,#9026,.F.);
#9029=ORIENTED_EDGE('',*,*,#9028,.T.);
#9031=ORIENTED_EDGE('',*,*,#9030,.F.);
#9033=ORIENTED_EDGE('',*,*,#9032,.T.);
#9035=ORIENTED_EDGE('',*,*,#9034,.F.);
#9036=EDGE_LOOP('',(#8845,#8847,#8849,#8851,#8853,#8855,#8857,#8859,#8861,#8863,
#8865,#8867,#8869,#8871,#8873,#8875,#8877,#8879,#8881,#8883,#8885,#8887,#8889,
#8891,#8893,#8895,#8897,#8899,#8901,#8903,#8905,#8907,#8909,#8911,#8913,#8915,
#8917,#8919,#8921,#8923,#8925,#8927,#8929,#8931,#8933,#8935,#8937,#8939,#8941,
#8943,#8945,#8947,#8949,#8951,#8953,#8955,#8957,#8959,#8961,#8963,#8965,#8967,
#8969,#8971,#8973,#8975,#8977,#8979,#8981,#8983,#8985,#8987,#8989,#8991,#8993,
#8995,#8997,#8999,#9001,#9003,#9005,#9007,#9009,#9011,#9013,#9015,#9017,#9019,
#9021,#9023,#9025,#9027,#9029,#9031,#9033,#9035));
#9037=FACE_OUTER_BOUND('',#9036,.F.);
#9039=ORIENTED_EDGE('',*,*,#9038,.F.);
#9041=ORIENTED_EDGE('',*,*,#9040,.F.);
#9042=EDGE_LOOP('',(#9039,#9041));
#9043=FACE_BOUND('',#9042,.F.);
#9045=ORIENTED_EDGE('',*,*,#9044,.F.);
#9047=ORIENTED_EDGE('',*,*,#9046,.F.);
#9048=EDGE_LOOP('',(#9045,#9047));
#9049=FACE_BOUND('',#9048,.F.);
#9051=ORIENTED_EDGE('',*,*,#9050,.F.);
#9053=ORIENTED_EDGE('',*,*,#9052,.F.);
#9054=EDGE_LOOP('',(#9051,#9053));
#9055=FACE_BOUND('',#9054,.F.);
#9057=ORIENTED_EDGE('',*,*,#9056,.T.);
#9059=ORIENTED_EDGE('',*,*,#9058,.T.);
#9061=ORIENTED_EDGE('',*,*,#9060,.T.);
#9063=ORIENTED_EDGE('',*,*,#9062,.T.);
#9065=ORIENTED_EDGE('',*,*,#9064,.F.);
#9067=ORIENTED_EDGE('',*,*,#9066,.T.);
#9069=ORIENTED_EDGE('',*,*,#9068,.T.);
#9071=ORIENTED_EDGE('',*,*,#9070,.F.);
#9073=ORIENTED_EDGE('',*,*,#9072,.T.);
#9075=ORIENTED_EDGE('',*,*,#9074,.F.);
#9077=ORIENTED_EDGE('',*,*,#9076,.T.);
#9079=ORIENTED_EDGE('',*,*,#9078,.T.);
#9081=ORIENTED_EDGE('',*,*,#9080,.F.);
#9083=ORIENTED_EDGE('',*,*,#9082,.T.);
#9085=ORIENTED_EDGE('',*,*,#9084,.T.);
#9087=ORIENTED_EDGE('',*,*,#9086,.T.);
#9089=ORIENTED_EDGE('',*,*,#9088,.T.);
#9091=ORIENTED_EDGE('',*,*,#9090,.T.);
#9093=ORIENTED_EDGE('',*,*,#9092,.T.);
#9095=ORIENTED_EDGE('',*,*,#9094,.T.);
#9097=ORIENTED_EDGE('',*,*,#9096,.F.);
#9099=ORIENTED_EDGE('',*,*,#9098,.T.);
#9101=ORIENTED_EDGE('',*,*,#9100,.T.);
#9103=ORIENTED_EDGE('',*,*,#9102,.F.);
#9105=ORIENTED_EDGE('',*,*,#9104,.T.);
#9107=ORIENTED_EDGE('',*,*,#9106,.T.);
#9109=ORIENTED_EDGE('',*,*,#9108,.T.);
#9111=ORIENTED_EDGE('',*,*,#9110,.T.);
#9113=ORIENTED_EDGE('',*,*,#9112,.F.);
#9115=ORIENTED_EDGE('',*,*,#9114,.T.);
#9117=ORIENTED_EDGE('',*,*,#9116,.T.);
#9119=ORIENTED_EDGE('',*,*,#9118,.T.);
#9121=ORIENTED_EDGE('',*,*,#9120,.T.);
#9123=ORIENTED_EDGE('',*,*,#9122,.F.);
#9125=ORIENTED_EDGE('',*,*,#9124,.F.);
#9126=ORIENTED_EDGE('',*,*,#8828,.F.);
#9127=EDGE_LOOP('',(#9057,#9059,#9061,#9063,#9065,#9067,#9069,#9071,#9073,#9075,
#9077,#9079,#9081,#9083,#9085,#9087,#9089,#9091,#9093,#9095,#9097,#9099,#9101,
#9103,#9105,#9107,#9109,#9111,#9113,#9115,#9117,#9119,#9121,#9123,#9125,#9126));
#9128=FACE_BOUND('',#9127,.F.);
#9130=ORIENTED_EDGE('',*,*,#9129,.F.);
#9132=ORIENTED_EDGE('',*,*,#9131,.F.);
#9134=ORIENTED_EDGE('',*,*,#9133,.F.);
#9136=ORIENTED_EDGE('',*,*,#9135,.F.);
#9137=EDGE_LOOP('',(#9130,#9132,#9134,#9136));
#9138=FACE_BOUND('',#9137,.F.);
#9140=ORIENTED_EDGE('',*,*,#9139,.F.);
#9142=ORIENTED_EDGE('',*,*,#9141,.F.);
#9144=ORIENTED_EDGE('',*,*,#9143,.F.);
#9146=ORIENTED_EDGE('',*,*,#9145,.F.);
#9147=EDGE_LOOP('',(#9140,#9142,#9144,#9146));
#9148=FACE_BOUND('',#9147,.F.);
#9150=ORIENTED_EDGE('',*,*,#9149,.F.);
#9152=ORIENTED_EDGE('',*,*,#9151,.F.);
#9154=ORIENTED_EDGE('',*,*,#9153,.F.);
#9156=ORIENTED_EDGE('',*,*,#9155,.F.);
#9157=EDGE_LOOP('',(#9150,#9152,#9154,#9156));
#9158=FACE_BOUND('',#9157,.F.);
#9160=ORIENTED_EDGE('',*,*,#9159,.F.);
#9162=ORIENTED_EDGE('',*,*,#9161,.F.);
#9164=ORIENTED_EDGE('',*,*,#9163,.F.);
#9166=ORIENTED_EDGE('',*,*,#9165,.F.);
#9167=EDGE_LOOP('',(#9160,#9162,#9164,#9166));
#9168=FACE_BOUND('',#9167,.F.);
#9170=ORIENTED_EDGE('',*,*,#9169,.F.);
#9172=ORIENTED_EDGE('',*,*,#9171,.F.);
#9174=ORIENTED_EDGE('',*,*,#9173,.F.);
#9176=ORIENTED_EDGE('',*,*,#9175,.F.);
#9177=EDGE_LOOP('',(#9170,#9172,#9174,#9176));
#9178=FACE_BOUND('',#9177,.F.);
#9180=ORIENTED_EDGE('',*,*,#9179,.F.);
#9182=ORIENTED_EDGE('',*,*,#9181,.F.);
#9184=ORIENTED_EDGE('',*,*,#9183,.F.);
#9186=ORIENTED_EDGE('',*,*,#9185,.F.);
#9187=EDGE_LOOP('',(#9180,#9182,#9184,#9186));
#9188=FACE_BOUND('',#9187,.F.);
#9190=ORIENTED_EDGE('',*,*,#9189,.F.);
#9192=ORIENTED_EDGE('',*,*,#9191,.F.);
#9194=ORIENTED_EDGE('',*,*,#9193,.F.);
#9196=ORIENTED_EDGE('',*,*,#9195,.F.);
#9197=EDGE_LOOP('',(#9190,#9192,#9194,#9196));
#9198=FACE_BOUND('',#9197,.F.);
#9200=ORIENTED_EDGE('',*,*,#9199,.F.);
#9202=ORIENTED_EDGE('',*,*,#9201,.F.);
#9204=ORIENTED_EDGE('',*,*,#9203,.F.);
#9206=ORIENTED_EDGE('',*,*,#9205,.F.);
#9207=EDGE_LOOP('',(#9200,#9202,#9204,#9206));
#9208=FACE_BOUND('',#9207,.F.);
#9210=ORIENTED_EDGE('',*,*,#9209,.F.);
#9212=ORIENTED_EDGE('',*,*,#9211,.F.);
#9214=ORIENTED_EDGE('',*,*,#9213,.F.);
#9216=ORIENTED_EDGE('',*,*,#9215,.F.);
#9217=EDGE_LOOP('',(#9210,#9212,#9214,#9216));
#9218=FACE_BOUND('',#9217,.F.);
#9220=ORIENTED_EDGE('',*,*,#9219,.F.);
#9222=ORIENTED_EDGE('',*,*,#9221,.F.);
#9224=ORIENTED_EDGE('',*,*,#9223,.F.);
#9226=ORIENTED_EDGE('',*,*,#9225,.T.);
#9227=EDGE_LOOP('',(#9220,#9222,#9224,#9226));
#9228=FACE_BOUND('',#9227,.F.);
#9230=ORIENTED_EDGE('',*,*,#9229,.F.);
#9232=ORIENTED_EDGE('',*,*,#9231,.F.);
#9234=ORIENTED_EDGE('',*,*,#9233,.F.);
#9236=ORIENTED_EDGE('',*,*,#9235,.F.);
#9237=EDGE_LOOP('',(#9230,#9232,#9234,#9236));
#9238=FACE_BOUND('',#9237,.F.);
#9240=ORIENTED_EDGE('',*,*,#9239,.F.);
#9242=ORIENTED_EDGE('',*,*,#9241,.F.);
#9244=ORIENTED_EDGE('',*,*,#9243,.F.);
#9246=ORIENTED_EDGE('',*,*,#9245,.F.);
#9247=EDGE_LOOP('',(#9240,#9242,#9244,#9246));
#9248=FACE_BOUND('',#9247,.F.);
#9250=ORIENTED_EDGE('',*,*,#9249,.F.);
#9252=ORIENTED_EDGE('',*,*,#9251,.F.);
#9254=ORIENTED_EDGE('',*,*,#9253,.F.);
#9256=ORIENTED_EDGE('',*,*,#9255,.F.);
#9257=EDGE_LOOP('',(#9250,#9252,#9254,#9256));
#9258=FACE_BOUND('',#9257,.F.);
#9260=ORIENTED_EDGE('',*,*,#9259,.F.);
#9262=ORIENTED_EDGE('',*,*,#9261,.F.);
#9264=ORIENTED_EDGE('',*,*,#9263,.F.);
#9266=ORIENTED_EDGE('',*,*,#9265,.F.);
#9267=EDGE_LOOP('',(#9260,#9262,#9264,#9266));
#9268=FACE_BOUND('',#9267,.F.);
#9270=ORIENTED_EDGE('',*,*,#9269,.F.);
#9272=ORIENTED_EDGE('',*,*,#9271,.F.);
#9274=ORIENTED_EDGE('',*,*,#9273,.F.);
#9276=ORIENTED_EDGE('',*,*,#9275,.F.);
#9277=EDGE_LOOP('',(#9270,#9272,#9274,#9276));
#9278=FACE_BOUND('',#9277,.F.);
#9280=ORIENTED_EDGE('',*,*,#9279,.F.);
#9282=ORIENTED_EDGE('',*,*,#9281,.F.);
#9284=ORIENTED_EDGE('',*,*,#9283,.F.);
#9286=ORIENTED_EDGE('',*,*,#9285,.F.);
#9287=EDGE_LOOP('',(#9280,#9282,#9284,#9286));
#9288=FACE_BOUND('',#9287,.F.);
#9290=ORIENTED_EDGE('',*,*,#9289,.F.);
#9292=ORIENTED_EDGE('',*,*,#9291,.F.);
#9294=ORIENTED_EDGE('',*,*,#9293,.F.);
#9296=ORIENTED_EDGE('',*,*,#9295,.F.);
#9297=EDGE_LOOP('',(#9290,#9292,#9294,#9296));
#9298=FACE_BOUND('',#9297,.F.);
#9300=ORIENTED_EDGE('',*,*,#9299,.F.);
#9302=ORIENTED_EDGE('',*,*,#9301,.F.);
#9304=ORIENTED_EDGE('',*,*,#9303,.F.);
#9306=ORIENTED_EDGE('',*,*,#9305,.F.);
#9307=EDGE_LOOP('',(#9300,#9302,#9304,#9306));
#9308=FACE_BOUND('',#9307,.F.);
#9310=ORIENTED_EDGE('',*,*,#9309,.F.);
#9312=ORIENTED_EDGE('',*,*,#9311,.F.);
#9314=ORIENTED_EDGE('',*,*,#9313,.F.);
#9316=ORIENTED_EDGE('',*,*,#9315,.F.);
#9317=EDGE_LOOP('',(#9310,#9312,#9314,#9316));
#9318=FACE_BOUND('',#9317,.F.);
#9320=ORIENTED_EDGE('',*,*,#9319,.F.);
#9322=ORIENTED_EDGE('',*,*,#9321,.F.);
#9324=ORIENTED_EDGE('',*,*,#9323,.F.);
#9326=ORIENTED_EDGE('',*,*,#9325,.F.);
#9327=EDGE_LOOP('',(#9320,#9322,#9324,#9326));
#9328=FACE_BOUND('',#9327,.F.);
#9330=ORIENTED_EDGE('',*,*,#9329,.F.);
#9332=ORIENTED_EDGE('',*,*,#9331,.F.);
#9334=ORIENTED_EDGE('',*,*,#9333,.F.);
#9336=ORIENTED_EDGE('',*,*,#9335,.F.);
#9337=EDGE_LOOP('',(#9330,#9332,#9334,#9336));
#9338=FACE_BOUND('',#9337,.F.);
#9340=ORIENTED_EDGE('',*,*,#9339,.F.);
#9342=ORIENTED_EDGE('',*,*,#9341,.F.);
#9344=ORIENTED_EDGE('',*,*,#9343,.F.);
#9346=ORIENTED_EDGE('',*,*,#9345,.F.);
#9347=EDGE_LOOP('',(#9340,#9342,#9344,#9346));
#9348=FACE_BOUND('',#9347,.F.);
#9350=ORIENTED_EDGE('',*,*,#9349,.F.);
#9352=ORIENTED_EDGE('',*,*,#9351,.F.);
#9354=ORIENTED_EDGE('',*,*,#9353,.F.);
#9356=ORIENTED_EDGE('',*,*,#9355,.F.);
#9357=EDGE_LOOP('',(#9350,#9352,#9354,#9356));
#9358=FACE_BOUND('',#9357,.F.);
#9360=ORIENTED_EDGE('',*,*,#9359,.F.);
#9362=ORIENTED_EDGE('',*,*,#9361,.F.);
#9364=ORIENTED_EDGE('',*,*,#9363,.F.);
#9366=ORIENTED_EDGE('',*,*,#9365,.F.);
#9367=EDGE_LOOP('',(#9360,#9362,#9364,#9366));
#9368=FACE_BOUND('',#9367,.F.);
#9370=ORIENTED_EDGE('',*,*,#9369,.F.);
#9372=ORIENTED_EDGE('',*,*,#9371,.F.);
#9374=ORIENTED_EDGE('',*,*,#9373,.F.);
#9376=ORIENTED_EDGE('',*,*,#9375,.F.);
#9377=EDGE_LOOP('',(#9370,#9372,#9374,#9376));
#9378=FACE_BOUND('',#9377,.F.);
#9380=ORIENTED_EDGE('',*,*,#9379,.F.);
#9382=ORIENTED_EDGE('',*,*,#9381,.F.);
#9384=ORIENTED_EDGE('',*,*,#9383,.F.);
#9386=ORIENTED_EDGE('',*,*,#9385,.F.);
#9387=EDGE_LOOP('',(#9380,#9382,#9384,#9386));
#9388=FACE_BOUND('',#9387,.F.);
#9390=ORIENTED_EDGE('',*,*,#9389,.F.);
#9392=ORIENTED_EDGE('',*,*,#9391,.F.);
#9394=ORIENTED_EDGE('',*,*,#9393,.F.);
#9396=ORIENTED_EDGE('',*,*,#9395,.F.);
#9397=EDGE_LOOP('',(#9390,#9392,#9394,#9396));
#9398=FACE_BOUND('',#9397,.F.);
#9400=ORIENTED_EDGE('',*,*,#9399,.F.);
#9402=ORIENTED_EDGE('',*,*,#9401,.F.);
#9404=ORIENTED_EDGE('',*,*,#9403,.F.);
#9406=ORIENTED_EDGE('',*,*,#9405,.F.);
#9407=EDGE_LOOP('',(#9400,#9402,#9404,#9406));
#9408=FACE_BOUND('',#9407,.F.);
#9410=ORIENTED_EDGE('',*,*,#9409,.F.);
#9412=ORIENTED_EDGE('',*,*,#9411,.F.);
#9414=ORIENTED_EDGE('',*,*,#9413,.F.);
#9416=ORIENTED_EDGE('',*,*,#9415,.F.);
#9417=EDGE_LOOP('',(#9410,#9412,#9414,#9416));
#9418=FACE_BOUND('',#9417,.F.);
#9420=ORIENTED_EDGE('',*,*,#9419,.F.);
#9422=ORIENTED_EDGE('',*,*,#9421,.F.);
#9424=ORIENTED_EDGE('',*,*,#9423,.F.);
#9426=ORIENTED_EDGE('',*,*,#9425,.F.);
#9427=EDGE_LOOP('',(#9420,#9422,#9424,#9426));
#9428=FACE_BOUND('',#9427,.F.);
#9430=ORIENTED_EDGE('',*,*,#9429,.F.);
#9432=ORIENTED_EDGE('',*,*,#9431,.F.);
#9434=ORIENTED_EDGE('',*,*,#9433,.F.);
#9436=ORIENTED_EDGE('',*,*,#9435,.F.);
#9437=EDGE_LOOP('',(#9430,#9432,#9434,#9436));
#9438=FACE_BOUND('',#9437,.F.);
#9440=ORIENTED_EDGE('',*,*,#9439,.F.);
#9442=ORIENTED_EDGE('',*,*,#9441,.F.);
#9444=ORIENTED_EDGE('',*,*,#9443,.F.);
#9446=ORIENTED_EDGE('',*,*,#9445,.F.);
#9447=EDGE_LOOP('',(#9440,#9442,#9444,#9446));
#9448=FACE_BOUND('',#9447,.F.);
#9450=ORIENTED_EDGE('',*,*,#9449,.F.);
#9452=ORIENTED_EDGE('',*,*,#9451,.F.);
#9454=ORIENTED_EDGE('',*,*,#9453,.F.);
#9456=ORIENTED_EDGE('',*,*,#9455,.F.);
#9457=EDGE_LOOP('',(#9450,#9452,#9454,#9456));
#9458=FACE_BOUND('',#9457,.F.);
#9460=ORIENTED_EDGE('',*,*,#9459,.F.);
#9462=ORIENTED_EDGE('',*,*,#9461,.F.);
#9464=ORIENTED_EDGE('',*,*,#9463,.F.);
#9466=ORIENTED_EDGE('',*,*,#9465,.F.);
#9467=EDGE_LOOP('',(#9460,#9462,#9464,#9466));
#9468=FACE_BOUND('',#9467,.F.);
#9470=ORIENTED_EDGE('',*,*,#9469,.F.);
#9472=ORIENTED_EDGE('',*,*,#9471,.F.);
#9474=ORIENTED_EDGE('',*,*,#9473,.F.);
#9476=ORIENTED_EDGE('',*,*,#9475,.F.);
#9477=EDGE_LOOP('',(#9470,#9472,#9474,#9476));
#9478=FACE_BOUND('',#9477,.F.);
#9480=ORIENTED_EDGE('',*,*,#9479,.F.);
#9482=ORIENTED_EDGE('',*,*,#9481,.F.);
#9484=ORIENTED_EDGE('',*,*,#9483,.F.);
#9486=ORIENTED_EDGE('',*,*,#9485,.F.);
#9487=EDGE_LOOP('',(#9480,#9482,#9484,#9486));
#9488=FACE_BOUND('',#9487,.F.);
#9490=ORIENTED_EDGE('',*,*,#9489,.F.);
#9492=ORIENTED_EDGE('',*,*,#9491,.F.);
#9494=ORIENTED_EDGE('',*,*,#9493,.F.);
#9496=ORIENTED_EDGE('',*,*,#9495,.F.);
#9497=EDGE_LOOP('',(#9490,#9492,#9494,#9496));
#9498=FACE_BOUND('',#9497,.F.);
#9500=ORIENTED_EDGE('',*,*,#9499,.F.);
#9502=ORIENTED_EDGE('',*,*,#9501,.F.);
#9504=ORIENTED_EDGE('',*,*,#9503,.F.);
#9506=ORIENTED_EDGE('',*,*,#9505,.F.);
#9507=EDGE_LOOP('',(#9500,#9502,#9504,#9506));
#9508=FACE_BOUND('',#9507,.F.);
#9510=ORIENTED_EDGE('',*,*,#9509,.F.);
#9512=ORIENTED_EDGE('',*,*,#9511,.F.);
#9514=ORIENTED_EDGE('',*,*,#9513,.F.);
#9516=ORIENTED_EDGE('',*,*,#9515,.F.);
#9517=EDGE_LOOP('',(#9510,#9512,#9514,#9516));
#9518=FACE_BOUND('',#9517,.F.);
#9520=ORIENTED_EDGE('',*,*,#9519,.F.);
#9522=ORIENTED_EDGE('',*,*,#9521,.F.);
#9524=ORIENTED_EDGE('',*,*,#9523,.F.);
#9526=ORIENTED_EDGE('',*,*,#9525,.F.);
#9527=EDGE_LOOP('',(#9520,#9522,#9524,#9526));
#9528=FACE_BOUND('',#9527,.F.);
#9530=ORIENTED_EDGE('',*,*,#9529,.F.);
#9532=ORIENTED_EDGE('',*,*,#9531,.F.);
#9534=ORIENTED_EDGE('',*,*,#9533,.F.);
#9536=ORIENTED_EDGE('',*,*,#9535,.F.);
#9537=EDGE_LOOP('',(#9530,#9532,#9534,#9536));
#9538=FACE_BOUND('',#9537,.F.);
#9540=ORIENTED_EDGE('',*,*,#9539,.F.);
#9542=ORIENTED_EDGE('',*,*,#9541,.F.);
#9544=ORIENTED_EDGE('',*,*,#9543,.F.);
#9546=ORIENTED_EDGE('',*,*,#9545,.F.);
#9547=EDGE_LOOP('',(#9540,#9542,#9544,#9546));
#9548=FACE_BOUND('',#9547,.F.);
#9550=ORIENTED_EDGE('',*,*,#9549,.F.);
#9552=ORIENTED_EDGE('',*,*,#9551,.F.);
#9554=ORIENTED_EDGE('',*,*,#9553,.F.);
#9556=ORIENTED_EDGE('',*,*,#9555,.F.);
#9557=EDGE_LOOP('',(#9550,#9552,#9554,#9556));
#9558=FACE_BOUND('',#9557,.F.);
#9560=ORIENTED_EDGE('',*,*,#9559,.F.);
#9562=ORIENTED_EDGE('',*,*,#9561,.F.);
#9564=ORIENTED_EDGE('',*,*,#9563,.F.);
#9566=ORIENTED_EDGE('',*,*,#9565,.F.);
#9567=EDGE_LOOP('',(#9560,#9562,#9564,#9566));
#9568=FACE_BOUND('',#9567,.F.);
#9570=ORIENTED_EDGE('',*,*,#9569,.F.);
#9572=ORIENTED_EDGE('',*,*,#9571,.F.);
#9574=ORIENTED_EDGE('',*,*,#9573,.F.);
#9576=ORIENTED_EDGE('',*,*,#9575,.F.);
#9577=EDGE_LOOP('',(#9570,#9572,#9574,#9576));
#9578=FACE_BOUND('',#9577,.F.);
#9580=ORIENTED_EDGE('',*,*,#9579,.F.);
#9582=ORIENTED_EDGE('',*,*,#9581,.F.);
#9584=ORIENTED_EDGE('',*,*,#9583,.F.);
#9586=ORIENTED_EDGE('',*,*,#9585,.F.);
#9587=EDGE_LOOP('',(#9580,#9582,#9584,#9586));
#9588=FACE_BOUND('',#9587,.F.);
#9590=ORIENTED_EDGE('',*,*,#9589,.F.);
#9592=ORIENTED_EDGE('',*,*,#9591,.F.);
#9594=ORIENTED_EDGE('',*,*,#9593,.F.);
#9596=ORIENTED_EDGE('',*,*,#9595,.F.);
#9597=EDGE_LOOP('',(#9590,#9592,#9594,#9596));
#9598=FACE_BOUND('',#9597,.F.);
#9600=ORIENTED_EDGE('',*,*,#9599,.F.);
#9602=ORIENTED_EDGE('',*,*,#9601,.F.);
#9604=ORIENTED_EDGE('',*,*,#9603,.F.);
#9606=ORIENTED_EDGE('',*,*,#9605,.F.);
#9607=EDGE_LOOP('',(#9600,#9602,#9604,#9606));
#9608=FACE_BOUND('',#9607,.F.);
#9610=ORIENTED_EDGE('',*,*,#9609,.F.);
#9612=ORIENTED_EDGE('',*,*,#9611,.F.);
#9614=ORIENTED_EDGE('',*,*,#9613,.F.);
#9616=ORIENTED_EDGE('',*,*,#9615,.F.);
#9617=EDGE_LOOP('',(#9610,#9612,#9614,#9616));
#9618=FACE_BOUND('',#9617,.F.);
#9620=ORIENTED_EDGE('',*,*,#9619,.F.);
#9622=ORIENTED_EDGE('',*,*,#9621,.F.);
#9624=ORIENTED_EDGE('',*,*,#9623,.F.);
#9626=ORIENTED_EDGE('',*,*,#9625,.F.);
#9627=EDGE_LOOP('',(#9620,#9622,#9624,#9626));
#9628=FACE_BOUND('',#9627,.F.);
#9630=ORIENTED_EDGE('',*,*,#9629,.F.);
#9632=ORIENTED_EDGE('',*,*,#9631,.F.);
#9634=ORIENTED_EDGE('',*,*,#9633,.F.);
#9636=ORIENTED_EDGE('',*,*,#9635,.F.);
#9637=EDGE_LOOP('',(#9630,#9632,#9634,#9636));
#9638=FACE_BOUND('',#9637,.F.);
#9640=ORIENTED_EDGE('',*,*,#9639,.F.);
#9642=ORIENTED_EDGE('',*,*,#9641,.F.);
#9644=ORIENTED_EDGE('',*,*,#9643,.F.);
#9646=ORIENTED_EDGE('',*,*,#9645,.F.);
#9647=EDGE_LOOP('',(#9640,#9642,#9644,#9646));
#9648=FACE_BOUND('',#9647,.F.);
#9650=ORIENTED_EDGE('',*,*,#9649,.F.);
#9652=ORIENTED_EDGE('',*,*,#9651,.F.);
#9654=ORIENTED_EDGE('',*,*,#9653,.F.);
#9656=ORIENTED_EDGE('',*,*,#9655,.F.);
#9657=EDGE_LOOP('',(#9650,#9652,#9654,#9656));
#9658=FACE_BOUND('',#9657,.F.);
#9660=ORIENTED_EDGE('',*,*,#9659,.F.);
#9662=ORIENTED_EDGE('',*,*,#9661,.F.);
#9664=ORIENTED_EDGE('',*,*,#9663,.F.);
#9666=ORIENTED_EDGE('',*,*,#9665,.F.);
#9667=EDGE_LOOP('',(#9660,#9662,#9664,#9666));
#9668=FACE_BOUND('',#9667,.F.);
#9670=ORIENTED_EDGE('',*,*,#9669,.F.);
#9672=ORIENTED_EDGE('',*,*,#9671,.F.);
#9674=ORIENTED_EDGE('',*,*,#9673,.F.);
#9676=ORIENTED_EDGE('',*,*,#9675,.F.);
#9677=EDGE_LOOP('',(#9670,#9672,#9674,#9676));
#9678=FACE_BOUND('',#9677,.F.);
#9680=ORIENTED_EDGE('',*,*,#9679,.F.);
#9682=ORIENTED_EDGE('',*,*,#9681,.F.);
#9684=ORIENTED_EDGE('',*,*,#9683,.F.);
#9686=ORIENTED_EDGE('',*,*,#9685,.F.);
#9687=EDGE_LOOP('',(#9680,#9682,#9684,#9686));
#9688=FACE_BOUND('',#9687,.F.);
#9690=ORIENTED_EDGE('',*,*,#9689,.F.);
#9692=ORIENTED_EDGE('',*,*,#9691,.F.);
#9694=ORIENTED_EDGE('',*,*,#9693,.F.);
#9696=ORIENTED_EDGE('',*,*,#9695,.F.);
#9697=EDGE_LOOP('',(#9690,#9692,#9694,#9696));
#9698=FACE_BOUND('',#9697,.F.);
#9700=ORIENTED_EDGE('',*,*,#9699,.F.);
#9702=ORIENTED_EDGE('',*,*,#9701,.F.);
#9704=ORIENTED_EDGE('',*,*,#9703,.F.);
#9706=ORIENTED_EDGE('',*,*,#9705,.F.);
#9707=EDGE_LOOP('',(#9700,#9702,#9704,#9706));
#9708=FACE_BOUND('',#9707,.F.);
#9710=ORIENTED_EDGE('',*,*,#9709,.F.);
#9712=ORIENTED_EDGE('',*,*,#9711,.F.);
#9714=ORIENTED_EDGE('',*,*,#9713,.F.);
#9716=ORIENTED_EDGE('',*,*,#9715,.F.);
#9717=EDGE_LOOP('',(#9710,#9712,#9714,#9716));
#9718=FACE_BOUND('',#9717,.F.);
#9720=ORIENTED_EDGE('',*,*,#9719,.F.);
#9722=ORIENTED_EDGE('',*,*,#9721,.F.);
#9724=ORIENTED_EDGE('',*,*,#9723,.F.);
#9726=ORIENTED_EDGE('',*,*,#9725,.F.);
#9727=EDGE_LOOP('',(#9720,#9722,#9724,#9726));
#9728=FACE_BOUND('',#9727,.F.);
#9730=ORIENTED_EDGE('',*,*,#9729,.F.);
#9732=ORIENTED_EDGE('',*,*,#9731,.F.);
#9734=ORIENTED_EDGE('',*,*,#9733,.F.);
#9736=ORIENTED_EDGE('',*,*,#9735,.F.);
#9737=EDGE_LOOP('',(#9730,#9732,#9734,#9736));
#9738=FACE_BOUND('',#9737,.F.);
#9740=ORIENTED_EDGE('',*,*,#9739,.F.);
#9742=ORIENTED_EDGE('',*,*,#9741,.F.);
#9744=ORIENTED_EDGE('',*,*,#9743,.F.);
#9746=ORIENTED_EDGE('',*,*,#9745,.F.);
#9747=EDGE_LOOP('',(#9740,#9742,#9744,#9746));
#9748=FACE_BOUND('',#9747,.F.);
#9750=ORIENTED_EDGE('',*,*,#9749,.F.);
#9752=ORIENTED_EDGE('',*,*,#9751,.F.);
#9754=ORIENTED_EDGE('',*,*,#9753,.F.);
#9756=ORIENTED_EDGE('',*,*,#9755,.F.);
#9757=EDGE_LOOP('',(#9750,#9752,#9754,#9756));
#9758=FACE_BOUND('',#9757,.F.);
#9760=ORIENTED_EDGE('',*,*,#9759,.F.);
#9762=ORIENTED_EDGE('',*,*,#9761,.F.);
#9764=ORIENTED_EDGE('',*,*,#9763,.F.);
#9766=ORIENTED_EDGE('',*,*,#9765,.F.);
#9768=ORIENTED_EDGE('',*,*,#9767,.F.);
#9770=ORIENTED_EDGE('',*,*,#9769,.F.);
#9772=ORIENTED_EDGE('',*,*,#9771,.F.);
#9774=ORIENTED_EDGE('',*,*,#9773,.F.);
#9776=ORIENTED_EDGE('',*,*,#9775,.F.);
#9778=ORIENTED_EDGE('',*,*,#9777,.F.);
#9780=ORIENTED_EDGE('',*,*,#9779,.F.);
#9782=ORIENTED_EDGE('',*,*,#9781,.F.);
#9784=ORIENTED_EDGE('',*,*,#9783,.F.);
#9786=ORIENTED_EDGE('',*,*,#9785,.F.);
#9788=ORIENTED_EDGE('',*,*,#9787,.F.);
#9790=ORIENTED_EDGE('',*,*,#9789,.F.);
#9792=ORIENTED_EDGE('',*,*,#9791,.F.);
#9794=ORIENTED_EDGE('',*,*,#9793,.F.);
#9796=ORIENTED_EDGE('',*,*,#9795,.F.);
#9798=ORIENTED_EDGE('',*,*,#9797,.F.);
#9800=ORIENTED_EDGE('',*,*,#9799,.F.);
#9802=ORIENTED_EDGE('',*,*,#9801,.F.);
#9804=ORIENTED_EDGE('',*,*,#9803,.F.);
#9806=ORIENTED_EDGE('',*,*,#9805,.F.);
#9808=ORIENTED_EDGE('',*,*,#9807,.F.);
#9810=ORIENTED_EDGE('',*,*,#9809,.F.);
#9812=ORIENTED_EDGE('',*,*,#9811,.F.);
#9814=ORIENTED_EDGE('',*,*,#9813,.F.);
#9816=ORIENTED_EDGE('',*,*,#9815,.F.);
#9818=ORIENTED_EDGE('',*,*,#9817,.F.);
#9820=ORIENTED_EDGE('',*,*,#9819,.F.);
#9822=ORIENTED_EDGE('',*,*,#9821,.F.);
#9824=ORIENTED_EDGE('',*,*,#9823,.F.);
#9826=ORIENTED_EDGE('',*,*,#9825,.F.);
#9828=ORIENTED_EDGE('',*,*,#9827,.F.);
#9830=ORIENTED_EDGE('',*,*,#9829,.F.);
#9831=EDGE_LOOP('',(#9760,#9762,#9764,#9766,#9768,#9770,#9772,#9774,#9776,#9778,
#9780,#9782,#9784,#9786,#9788,#9790,#9792,#9794,#9796,#9798,#9800,#9802,#9804,
#9806,#9808,#9810,#9812,#9814,#9816,#9818,#9820,#9822,#9824,#9826,#9828,#9830));
#9832=FACE_BOUND('',#9831,.F.);
#9834=ORIENTED_EDGE('',*,*,#9833,.F.);
#9836=ORIENTED_EDGE('',*,*,#9835,.F.);
#9838=ORIENTED_EDGE('',*,*,#9837,.F.);
#9840=ORIENTED_EDGE('',*,*,#9839,.F.);
#9842=ORIENTED_EDGE('',*,*,#9841,.F.);
#9844=ORIENTED_EDGE('',*,*,#9843,.F.);
#9846=ORIENTED_EDGE('',*,*,#9845,.F.);
#9848=ORIENTED_EDGE('',*,*,#9847,.F.);
#9850=ORIENTED_EDGE('',*,*,#9849,.F.);
#9852=ORIENTED_EDGE('',*,*,#9851,.F.);
#9854=ORIENTED_EDGE('',*,*,#9853,.F.);
#9856=ORIENTED_EDGE('',*,*,#9855,.F.);
#9858=ORIENTED_EDGE('',*,*,#9857,.F.);
#9860=ORIENTED_EDGE('',*,*,#9859,.F.);
#9862=ORIENTED_EDGE('',*,*,#9861,.F.);
#9864=ORIENTED_EDGE('',*,*,#9863,.F.);
#9866=ORIENTED_EDGE('',*,*,#9865,.F.);
#9868=ORIENTED_EDGE('',*,*,#9867,.F.);
#9870=ORIENTED_EDGE('',*,*,#9869,.F.);
#9872=ORIENTED_EDGE('',*,*,#9871,.F.);
#9874=ORIENTED_EDGE('',*,*,#9873,.F.);
#9876=ORIENTED_EDGE('',*,*,#9875,.F.);
#9878=ORIENTED_EDGE('',*,*,#9877,.F.);
#9880=ORIENTED_EDGE('',*,*,#9879,.F.);
#9882=ORIENTED_EDGE('',*,*,#9881,.F.);
#9884=ORIENTED_EDGE('',*,*,#9883,.F.);
#9886=ORIENTED_EDGE('',*,*,#9885,.F.);
#9888=ORIENTED_EDGE('',*,*,#9887,.F.);
#9890=ORIENTED_EDGE('',*,*,#9889,.F.);
#9892=ORIENTED_EDGE('',*,*,#9891,.F.);
#9894=ORIENTED_EDGE('',*,*,#9893,.F.);
#9896=ORIENTED_EDGE('',*,*,#9895,.F.);
#9898=ORIENTED_EDGE('',*,*,#9897,.F.);
#9900=ORIENTED_EDGE('',*,*,#9899,.F.);
#9902=ORIENTED_EDGE('',*,*,#9901,.F.);
#9904=ORIENTED_EDGE('',*,*,#9903,.F.);
#9905=EDGE_LOOP('',(#9834,#9836,#9838,#9840,#9842,#9844,#9846,#9848,#9850,#9852,
#9854,#9856,#9858,#9860,#9862,#9864,#9866,#9868,#9870,#9872,#9874,#9876,#9878,
#9880,#9882,#9884,#9886,#9888,#9890,#9892,#9894,#9896,#9898,#9900,#9902,#9904));
#9906=FACE_BOUND('',#9905,.F.);
#9908=ORIENTED_EDGE('',*,*,#9907,.F.);
#9910=ORIENTED_EDGE('',*,*,#9909,.F.);
#9912=ORIENTED_EDGE('',*,*,#9911,.F.);
#9914=ORIENTED_EDGE('',*,*,#9913,.F.);
#9916=ORIENTED_EDGE('',*,*,#9915,.F.);
#9918=ORIENTED_EDGE('',*,*,#9917,.F.);
#9920=ORIENTED_EDGE('',*,*,#9919,.F.);
#9922=ORIENTED_EDGE('',*,*,#9921,.F.);
#9924=ORIENTED_EDGE('',*,*,#9923,.F.);
#9926=ORIENTED_EDGE('',*,*,#9925,.F.);
#9928=ORIENTED_EDGE('',*,*,#9927,.F.);
#9930=ORIENTED_EDGE('',*,*,#9929,.F.);
#9932=ORIENTED_EDGE('',*,*,#9931,.F.);
#9934=ORIENTED_EDGE('',*,*,#9933,.F.);
#9936=ORIENTED_EDGE('',*,*,#9935,.F.);
#9938=ORIENTED_EDGE('',*,*,#9937,.F.);
#9940=ORIENTED_EDGE('',*,*,#9939,.F.);
#9942=ORIENTED_EDGE('',*,*,#9941,.F.);
#9944=ORIENTED_EDGE('',*,*,#9943,.F.);
#9946=ORIENTED_EDGE('',*,*,#9945,.F.);
#9948=ORIENTED_EDGE('',*,*,#9947,.F.);
#9950=ORIENTED_EDGE('',*,*,#9949,.F.);
#9952=ORIENTED_EDGE('',*,*,#9951,.F.);
#9954=ORIENTED_EDGE('',*,*,#9953,.F.);
#9956=ORIENTED_EDGE('',*,*,#9955,.F.);
#9958=ORIENTED_EDGE('',*,*,#9957,.F.);
#9960=ORIENTED_EDGE('',*,*,#9959,.F.);
#9962=ORIENTED_EDGE('',*,*,#9961,.F.);
#9964=ORIENTED_EDGE('',*,*,#9963,.F.);
#9966=ORIENTED_EDGE('',*,*,#9965,.F.);
#9968=ORIENTED_EDGE('',*,*,#9967,.F.);
#9970=ORIENTED_EDGE('',*,*,#9969,.F.);
#9972=ORIENTED_EDGE('',*,*,#9971,.F.);
#9974=ORIENTED_EDGE('',*,*,#9973,.F.);
#9976=ORIENTED_EDGE('',*,*,#9975,.F.);
#9978=ORIENTED_EDGE('',*,*,#9977,.F.);
#9979=EDGE_LOOP('',(#9908,#9910,#9912,#9914,#9916,#9918,#9920,#9922,#9924,#9926,
#9928,#9930,#9932,#9934,#9936,#9938,#9940,#9942,#9944,#9946,#9948,#9950,#9952,
#9954,#9956,#9958,#9960,#9962,#9964,#9966,#9968,#9970,#9972,#9974,#9976,#9978));
#9980=FACE_BOUND('',#9979,.F.);
#9982=ORIENTED_EDGE('',*,*,#9981,.F.);
#9984=ORIENTED_EDGE('',*,*,#9983,.F.);
#9985=EDGE_LOOP('',(#9982,#9984));
#9986=FACE_BOUND('',#9985,.F.);
#9988=ORIENTED_EDGE('',*,*,#9987,.T.);
#9990=ORIENTED_EDGE('',*,*,#9989,.T.);
#9992=ORIENTED_EDGE('',*,*,#9991,.T.);
#9994=ORIENTED_EDGE('',*,*,#9993,.T.);
#9996=ORIENTED_EDGE('',*,*,#9995,.T.);
#9998=ORIENTED_EDGE('',*,*,#9997,.T.);
#10000=ORIENTED_EDGE('',*,*,#9999,.T.);
#10002=ORIENTED_EDGE('',*,*,#10001,.T.);
#10004=ORIENTED_EDGE('',*,*,#10003,.T.);
#10006=ORIENTED_EDGE('',*,*,#10005,.T.);
#10008=ORIENTED_EDGE('',*,*,#10007,.T.);
#10010=ORIENTED_EDGE('',*,*,#10009,.T.);
#10012=ORIENTED_EDGE('',*,*,#10011,.T.);
#10014=ORIENTED_EDGE('',*,*,#10013,.T.);
#10016=ORIENTED_EDGE('',*,*,#10015,.T.);
#10018=ORIENTED_EDGE('',*,*,#10017,.T.);
#10020=ORIENTED_EDGE('',*,*,#10019,.T.);
#10022=ORIENTED_EDGE('',*,*,#10021,.T.);
#10024=ORIENTED_EDGE('',*,*,#10023,.T.);
#10026=ORIENTED_EDGE('',*,*,#10025,.T.);
#10028=ORIENTED_EDGE('',*,*,#10027,.T.);
#10030=ORIENTED_EDGE('',*,*,#10029,.T.);
#10032=ORIENTED_EDGE('',*,*,#10031,.T.);
#10034=ORIENTED_EDGE('',*,*,#10033,.T.);
#10036=ORIENTED_EDGE('',*,*,#10035,.T.);
#10038=ORIENTED_EDGE('',*,*,#10037,.T.);
#10040=ORIENTED_EDGE('',*,*,#10039,.T.);
#10042=ORIENTED_EDGE('',*,*,#10041,.T.);
#10044=ORIENTED_EDGE('',*,*,#10043,.T.);
#10046=ORIENTED_EDGE('',*,*,#10045,.T.);
#10048=ORIENTED_EDGE('',*,*,#10047,.T.);
#10050=ORIENTED_EDGE('',*,*,#10049,.T.);
#10052=ORIENTED_EDGE('',*,*,#10051,.T.);
#10054=ORIENTED_EDGE('',*,*,#10053,.T.);
#10056=ORIENTED_EDGE('',*,*,#10055,.T.);
#10058=ORIENTED_EDGE('',*,*,#10057,.T.);
#10059=EDGE_LOOP('',(#9988,#9990,#9992,#9994,#9996,#9998,#10000,#10002,#10004,
#10006,#10008,#10010,#10012,#10014,#10016,#10018,#10020,#10022,#10024,#10026,
#10028,#10030,#10032,#10034,#10036,#10038,#10040,#10042,#10044,#10046,#10048,
#10050,#10052,#10054,#10056,#10058));
#10060=FACE_BOUND('',#10059,.F.);
#10061=ADVANCED_FACE('',(#9037,#9043,#9049,#9055,#9128,#9138,#9148,#9158,#9168,
#9178,#9188,#9198,#9208,#9218,#9228,#9238,#9248,#9258,#9268,#9278,#9288,#9298,
#9308,#9318,#9328,#9338,#9348,#9358,#9368,#9378,#9388,#9398,#9408,#9418,#9428,
#9438,#9448,#9458,#9468,#9478,#9488,#9498,#9508,#9518,#9528,#9538,#9548,#9558,
#9568,#9578,#9588,#9598,#9608,#9618,#9628,#9638,#9648,#9658,#9668,#9678,#9688,
#9698,#9708,#9718,#9728,#9738,#9748,#9758,#9832,#9906,#9980,#9986,#10060),#8843,
.F.);
#10062=CARTESIAN_POINT('',(1.08E2,-3.E0,0.E0));
#10063=DIRECTION('',(0.E0,0.E0,-1.E0));
#10064=DIRECTION('',(-1.E0,0.E0,0.E0));
#10065=AXIS2_PLACEMENT_3D('',#10062,#10063,#10064);
#10066=CYLINDRICAL_SURFACE('',#10065,1.5E0);
#10067=ORIENTED_EDGE('',*,*,#9981,.T.);
#10069=ORIENTED_EDGE('',*,*,#10068,.F.);
#10071=ORIENTED_EDGE('',*,*,#10070,.T.);
#10073=ORIENTED_EDGE('',*,*,#10072,.T.);
#10075=ORIENTED_EDGE('',*,*,#10074,.T.);
#10076=EDGE_LOOP('',(#10067,#10069,#10071,#10073,#10075));
#10077=FACE_OUTER_BOUND('',#10076,.F.);
#10078=ADVANCED_FACE('',(#10077),#10066,.F.);
#10079=CARTESIAN_POINT('',(1.08E2,-3.E0,0.E0));
#10080=DIRECTION('',(0.E0,0.E0,-1.E0));
#10081=DIRECTION('',(-1.E0,0.E0,0.E0));
#10082=AXIS2_PLACEMENT_3D('',#10079,#10080,#10081);
#10083=CYLINDRICAL_SURFACE('',#10082,1.5E0);
#10084=ORIENTED_EDGE('',*,*,#9983,.T.);
#10085=ORIENTED_EDGE('',*,*,#10074,.F.);
#10087=ORIENTED_EDGE('',*,*,#10086,.T.);
#10089=ORIENTED_EDGE('',*,*,#10088,.T.);
#10090=ORIENTED_EDGE('',*,*,#10068,.T.);
#10091=EDGE_LOOP('',(#10084,#10085,#10087,#10089,#10090));
#10092=FACE_OUTER_BOUND('',#10091,.F.);
#10093=ADVANCED_FACE('',(#10092),#10083,.F.);
#10094=CARTESIAN_POINT('',(-1.545257356401E2,-7.556735450381E1,
-9.075262166358E-1));
#10095=DIRECTION('',(0.E0,0.E0,-1.E0));
#10096=DIRECTION('',(0.E0,-1.E0,0.E0));
#10097=AXIS2_PLACEMENT_3D('',#10094,#10095,#10096);
#10098=PLANE('',#10097);
#10100=ORIENTED_EDGE('',*,*,#10099,.F.);
#10102=ORIENTED_EDGE('',*,*,#10101,.T.);
#10104=ORIENTED_EDGE('',*,*,#10103,.F.);
#10106=ORIENTED_EDGE('',*,*,#10105,.T.);
#10108=ORIENTED_EDGE('',*,*,#10107,.F.);
#10110=ORIENTED_EDGE('',*,*,#10109,.T.);
#10112=ORIENTED_EDGE('',*,*,#10111,.F.);
#10114=ORIENTED_EDGE('',*,*,#10113,.T.);
#10116=ORIENTED_EDGE('',*,*,#10115,.F.);
#10118=ORIENTED_EDGE('',*,*,#10117,.F.);
#10120=ORIENTED_EDGE('',*,*,#10119,.T.);
#10122=ORIENTED_EDGE('',*,*,#10121,.F.);
#10124=ORIENTED_EDGE('',*,*,#10123,.T.);
#10126=ORIENTED_EDGE('',*,*,#10125,.F.);
#10128=ORIENTED_EDGE('',*,*,#10127,.T.);
#10130=ORIENTED_EDGE('',*,*,#10129,.F.);
#10132=ORIENTED_EDGE('',*,*,#10131,.T.);
#10134=ORIENTED_EDGE('',*,*,#10133,.F.);
#10136=ORIENTED_EDGE('',*,*,#10135,.F.);
#10138=ORIENTED_EDGE('',*,*,#10137,.T.);
#10140=ORIENTED_EDGE('',*,*,#10139,.F.);
#10142=ORIENTED_EDGE('',*,*,#10141,.T.);
#10144=ORIENTED_EDGE('',*,*,#10143,.F.);
#10146=ORIENTED_EDGE('',*,*,#10145,.T.);
#10148=ORIENTED_EDGE('',*,*,#10147,.F.);
#10150=ORIENTED_EDGE('',*,*,#10149,.T.);
#10152=ORIENTED_EDGE('',*,*,#10151,.F.);
#10154=ORIENTED_EDGE('',*,*,#10153,.F.);
#10156=ORIENTED_EDGE('',*,*,#10155,.T.);
#10158=ORIENTED_EDGE('',*,*,#10157,.F.);
#10160=ORIENTED_EDGE('',*,*,#10159,.T.);
#10162=ORIENTED_EDGE('',*,*,#10161,.F.);
#10164=ORIENTED_EDGE('',*,*,#10163,.T.);
#10166=ORIENTED_EDGE('',*,*,#10165,.F.);
#10168=ORIENTED_EDGE('',*,*,#10167,.T.);
#10170=ORIENTED_EDGE('',*,*,#10169,.F.);
#10172=ORIENTED_EDGE('',*,*,#10171,.T.);
#10174=ORIENTED_EDGE('',*,*,#10173,.F.);
#10176=ORIENTED_EDGE('',*,*,#10175,.F.);
#10178=ORIENTED_EDGE('',*,*,#10177,.T.);
#10180=ORIENTED_EDGE('',*,*,#10179,.F.);
#10182=ORIENTED_EDGE('',*,*,#10181,.T.);
#10184=ORIENTED_EDGE('',*,*,#10183,.F.);
#10186=ORIENTED_EDGE('',*,*,#10185,.T.);
#10188=ORIENTED_EDGE('',*,*,#10187,.F.);
#10190=ORIENTED_EDGE('',*,*,#10189,.T.);
#10192=ORIENTED_EDGE('',*,*,#10191,.F.);
#10194=ORIENTED_EDGE('',*,*,#10193,.F.);
#10196=ORIENTED_EDGE('',*,*,#10195,.T.);
#10198=ORIENTED_EDGE('',*,*,#10197,.F.);
#10200=ORIENTED_EDGE('',*,*,#10199,.F.);
#10202=ORIENTED_EDGE('',*,*,#10201,.F.);
#10204=ORIENTED_EDGE('',*,*,#10203,.T.);
#10206=ORIENTED_EDGE('',*,*,#10205,.F.);
#10208=ORIENTED_EDGE('',*,*,#10207,.T.);
#10210=ORIENTED_EDGE('',*,*,#10209,.F.);
#10212=ORIENTED_EDGE('',*,*,#10211,.T.);
#10214=ORIENTED_EDGE('',*,*,#10213,.F.);
#10216=ORIENTED_EDGE('',*,*,#10215,.F.);
#10218=ORIENTED_EDGE('',*,*,#10217,.F.);
#10220=ORIENTED_EDGE('',*,*,#10219,.F.);
#10222=ORIENTED_EDGE('',*,*,#10221,.T.);
#10224=ORIENTED_EDGE('',*,*,#10223,.F.);
#10226=ORIENTED_EDGE('',*,*,#10225,.T.);
#10228=ORIENTED_EDGE('',*,*,#10227,.F.);
#10230=ORIENTED_EDGE('',*,*,#10229,.T.);
#10232=ORIENTED_EDGE('',*,*,#10231,.F.);
#10234=ORIENTED_EDGE('',*,*,#10233,.F.);
#10236=ORIENTED_EDGE('',*,*,#10235,.F.);
#10238=ORIENTED_EDGE('',*,*,#10237,.F.);
#10240=ORIENTED_EDGE('',*,*,#10239,.T.);
#10242=ORIENTED_EDGE('',*,*,#10241,.F.);
#10244=ORIENTED_EDGE('',*,*,#10243,.T.);
#10246=ORIENTED_EDGE('',*,*,#10245,.F.);
#10248=ORIENTED_EDGE('',*,*,#10247,.T.);
#10250=ORIENTED_EDGE('',*,*,#10249,.F.);
#10252=ORIENTED_EDGE('',*,*,#10251,.F.);
#10254=ORIENTED_EDGE('',*,*,#10253,.F.);
#10256=ORIENTED_EDGE('',*,*,#10255,.F.);
#10258=ORIENTED_EDGE('',*,*,#10257,.T.);
#10260=ORIENTED_EDGE('',*,*,#10259,.F.);
#10262=ORIENTED_EDGE('',*,*,#10261,.T.);
#10264=ORIENTED_EDGE('',*,*,#10263,.F.);
#10266=ORIENTED_EDGE('',*,*,#10265,.T.);
#10268=ORIENTED_EDGE('',*,*,#10267,.F.);
#10270=ORIENTED_EDGE('',*,*,#10269,.F.);
#10272=ORIENTED_EDGE('',*,*,#10271,.F.);
#10274=ORIENTED_EDGE('',*,*,#10273,.F.);
#10276=ORIENTED_EDGE('',*,*,#10275,.T.);
#10278=ORIENTED_EDGE('',*,*,#10277,.F.);
#10280=ORIENTED_EDGE('',*,*,#10279,.T.);
#10282=ORIENTED_EDGE('',*,*,#10281,.F.);
#10284=ORIENTED_EDGE('',*,*,#10283,.T.);
#10286=ORIENTED_EDGE('',*,*,#10285,.F.);
#10288=ORIENTED_EDGE('',*,*,#10287,.T.);
#10290=ORIENTED_EDGE('',*,*,#10289,.F.);
#10292=ORIENTED_EDGE('',*,*,#10291,.F.);
#10294=ORIENTED_EDGE('',*,*,#10293,.T.);
#10296=ORIENTED_EDGE('',*,*,#10295,.F.);
#10298=ORIENTED_EDGE('',*,*,#10297,.T.);
#10300=ORIENTED_EDGE('',*,*,#10299,.F.);
#10302=ORIENTED_EDGE('',*,*,#10301,.T.);
#10304=ORIENTED_EDGE('',*,*,#10303,.F.);
#10306=ORIENTED_EDGE('',*,*,#10305,.T.);
#10308=ORIENTED_EDGE('',*,*,#10307,.F.);
#10310=ORIENTED_EDGE('',*,*,#10309,.F.);
#10312=ORIENTED_EDGE('',*,*,#10311,.T.);
#10313=EDGE_LOOP('',(#10100,#10102,#10104,#10106,#10108,#10110,#10112,#10114,
#10116,#10118,#10120,#10122,#10124,#10126,#10128,#10130,#10132,#10134,#10136,
#10138,#10140,#10142,#10144,#10146,#10148,#10150,#10152,#10154,#10156,#10158,
#10160,#10162,#10164,#10166,#10168,#10170,#10172,#10174,#10176,#10178,#10180,
#10182,#10184,#10186,#10188,#10190,#10192,#10194,#10196,#10198,#10200,#10202,
#10204,#10206,#10208,#10210,#10212,#10214,#10216,#10218,#10220,#10222,#10224,
#10226,#10228,#10230,#10232,#10234,#10236,#10238,#10240,#10242,#10244,#10246,
#10248,#10250,#10252,#10254,#10256,#10258,#10260,#10262,#10264,#10266,#10268,
#10270,#10272,#10274,#10276,#10278,#10280,#10282,#10284,#10286,#10288,#10290,
#10292,#10294,#10296,#10298,#10300,#10302,#10304,#10306,#10308,#10310,#10312));
#10314=FACE_OUTER_BOUND('',#10313,.F.);
#10316=ORIENTED_EDGE('',*,*,#10315,.F.);
#10318=ORIENTED_EDGE('',*,*,#10317,.F.);
#10320=ORIENTED_EDGE('',*,*,#10319,.F.);
#10322=ORIENTED_EDGE('',*,*,#10321,.F.);
#10323=EDGE_LOOP('',(#10316,#10318,#10320,#10322));
#10324=FACE_BOUND('',#10323,.F.);
#10326=ORIENTED_EDGE('',*,*,#10325,.F.);
#10328=ORIENTED_EDGE('',*,*,#10327,.F.);
#10330=ORIENTED_EDGE('',*,*,#10329,.F.);
#10332=ORIENTED_EDGE('',*,*,#10331,.F.);
#10333=EDGE_LOOP('',(#10326,#10328,#10330,#10332));
#10334=FACE_BOUND('',#10333,.F.);
#10336=ORIENTED_EDGE('',*,*,#10335,.F.);
#10338=ORIENTED_EDGE('',*,*,#10337,.F.);
#10340=ORIENTED_EDGE('',*,*,#10339,.F.);
#10342=ORIENTED_EDGE('',*,*,#10341,.F.);
#10343=EDGE_LOOP('',(#10336,#10338,#10340,#10342));
#10344=FACE_BOUND('',#10343,.F.);
#10346=ORIENTED_EDGE('',*,*,#10345,.T.);
#10348=ORIENTED_EDGE('',*,*,#10347,.T.);
#10350=ORIENTED_EDGE('',*,*,#10349,.T.);
#10352=ORIENTED_EDGE('',*,*,#10351,.T.);
#10354=ORIENTED_EDGE('',*,*,#10353,.T.);
#10356=ORIENTED_EDGE('',*,*,#10355,.T.);
#10358=ORIENTED_EDGE('',*,*,#10357,.T.);
#10360=ORIENTED_EDGE('',*,*,#10359,.T.);
#10362=ORIENTED_EDGE('',*,*,#10361,.T.);
#10364=ORIENTED_EDGE('',*,*,#10363,.T.);
#10366=ORIENTED_EDGE('',*,*,#10365,.T.);
#10368=ORIENTED_EDGE('',*,*,#10367,.T.);
#10370=ORIENTED_EDGE('',*,*,#10369,.T.);
#10372=ORIENTED_EDGE('',*,*,#10371,.T.);
#10374=ORIENTED_EDGE('',*,*,#10373,.T.);
#10376=ORIENTED_EDGE('',*,*,#10375,.T.);
#10378=ORIENTED_EDGE('',*,*,#10377,.T.);
#10380=ORIENTED_EDGE('',*,*,#10379,.T.);
#10382=ORIENTED_EDGE('',*,*,#10381,.T.);
#10384=ORIENTED_EDGE('',*,*,#10383,.T.);
#10386=ORIENTED_EDGE('',*,*,#10385,.T.);
#10388=ORIENTED_EDGE('',*,*,#10387,.T.);
#10390=ORIENTED_EDGE('',*,*,#10389,.T.);
#10392=ORIENTED_EDGE('',*,*,#10391,.T.);
#10394=ORIENTED_EDGE('',*,*,#10393,.T.);
#10396=ORIENTED_EDGE('',*,*,#10395,.T.);
#10398=ORIENTED_EDGE('',*,*,#10397,.T.);
#10400=ORIENTED_EDGE('',*,*,#10399,.T.);
#10402=ORIENTED_EDGE('',*,*,#10401,.T.);
#10404=ORIENTED_EDGE('',*,*,#10403,.T.);
#10406=ORIENTED_EDGE('',*,*,#10405,.T.);
#10408=ORIENTED_EDGE('',*,*,#10407,.T.);
#10410=ORIENTED_EDGE('',*,*,#10409,.T.);
#10412=ORIENTED_EDGE('',*,*,#10411,.T.);
#10414=ORIENTED_EDGE('',*,*,#10413,.T.);
#10416=ORIENTED_EDGE('',*,*,#10415,.T.);
#10417=EDGE_LOOP('',(#10346,#10348,#10350,#10352,#10354,#10356,#10358,#10360,
#10362,#10364,#10366,#10368,#10370,#10372,#10374,#10376,#10378,#10380,#10382,
#10384,#10386,#10388,#10390,#10392,#10394,#10396,#10398,#10400,#10402,#10404,
#10406,#10408,#10410,#10412,#10414,#10416));
#10418=FACE_BOUND('',#10417,.F.);
#10419=ORIENTED_EDGE('',*,*,#8832,.T.);
#10421=ORIENTED_EDGE('',*,*,#10420,.T.);
#10423=ORIENTED_EDGE('',*,*,#10422,.T.);
#10425=ORIENTED_EDGE('',*,*,#10424,.T.);
#10427=ORIENTED_EDGE('',*,*,#10426,.T.);
#10429=ORIENTED_EDGE('',*,*,#10428,.T.);
#10431=ORIENTED_EDGE('',*,*,#10430,.T.);
#10433=ORIENTED_EDGE('',*,*,#10432,.F.);
#10435=ORIENTED_EDGE('',*,*,#10434,.T.);
#10437=ORIENTED_EDGE('',*,*,#10436,.T.);
#10439=ORIENTED_EDGE('',*,*,#10438,.T.);
#10441=ORIENTED_EDGE('',*,*,#10440,.T.);
#10443=ORIENTED_EDGE('',*,*,#10442,.F.);
#10445=ORIENTED_EDGE('',*,*,#10444,.T.);
#10447=ORIENTED_EDGE('',*,*,#10446,.T.);
#10449=ORIENTED_EDGE('',*,*,#10448,.F.);
#10451=ORIENTED_EDGE('',*,*,#10450,.T.);
#10453=ORIENTED_EDGE('',*,*,#10452,.T.);
#10455=ORIENTED_EDGE('',*,*,#10454,.T.);
#10457=ORIENTED_EDGE('',*,*,#10456,.T.);
#10459=ORIENTED_EDGE('',*,*,#10458,.T.);
#10461=ORIENTED_EDGE('',*,*,#10460,.T.);
#10463=ORIENTED_EDGE('',*,*,#10462,.T.);
#10465=ORIENTED_EDGE('',*,*,#10464,.F.);
#10467=ORIENTED_EDGE('',*,*,#10466,.T.);
#10469=ORIENTED_EDGE('',*,*,#10468,.T.);
#10471=ORIENTED_EDGE('',*,*,#10470,.F.);
#10473=ORIENTED_EDGE('',*,*,#10472,.T.);
#10475=ORIENTED_EDGE('',*,*,#10474,.T.);
#10477=ORIENTED_EDGE('',*,*,#10476,.T.);
#10479=ORIENTED_EDGE('',*,*,#10478,.T.);
#10481=ORIENTED_EDGE('',*,*,#10480,.F.);
#10483=ORIENTED_EDGE('',*,*,#10482,.T.);
#10485=ORIENTED_EDGE('',*,*,#10484,.T.);
#10487=ORIENTED_EDGE('',*,*,#10486,.T.);
#10489=ORIENTED_EDGE('',*,*,#10488,.T.);
#10490=EDGE_LOOP('',(#10419,#10421,#10423,#10425,#10427,#10429,#10431,#10433,
#10435,#10437,#10439,#10441,#10443,#10445,#10447,#10449,#10451,#10453,#10455,
#10457,#10459,#10461,#10463,#10465,#10467,#10469,#10471,#10473,#10475,#10477,
#10479,#10481,#10483,#10485,#10487,#10489));
#10491=FACE_BOUND('',#10490,.F.);
#10493=ORIENTED_EDGE('',*,*,#10492,.T.);
#10495=ORIENTED_EDGE('',*,*,#10494,.T.);
#10497=ORIENTED_EDGE('',*,*,#10496,.T.);
#10499=ORIENTED_EDGE('',*,*,#10498,.T.);
#10500=EDGE_LOOP('',(#10493,#10495,#10497,#10499));
#10501=FACE_BOUND('',#10500,.F.);
#10503=ORIENTED_EDGE('',*,*,#10502,.T.);
#10505=ORIENTED_EDGE('',*,*,#10504,.T.);
#10507=ORIENTED_EDGE('',*,*,#10506,.T.);
#10509=ORIENTED_EDGE('',*,*,#10508,.T.);
#10510=EDGE_LOOP('',(#10503,#10505,#10507,#10509));
#10511=FACE_BOUND('',#10510,.F.);
#10513=ORIENTED_EDGE('',*,*,#10512,.T.);
#10515=ORIENTED_EDGE('',*,*,#10514,.T.);
#10517=ORIENTED_EDGE('',*,*,#10516,.T.);
#10519=ORIENTED_EDGE('',*,*,#10518,.T.);
#10520=EDGE_LOOP('',(#10513,#10515,#10517,#10519));
#10521=FACE_BOUND('',#10520,.F.);
#10523=ORIENTED_EDGE('',*,*,#10522,.T.);
#10525=ORIENTED_EDGE('',*,*,#10524,.T.);
#10527=ORIENTED_EDGE('',*,*,#10526,.T.);
#10529=ORIENTED_EDGE('',*,*,#10528,.T.);
#10530=EDGE_LOOP('',(#10523,#10525,#10527,#10529));
#10531=FACE_BOUND('',#10530,.F.);
#10533=ORIENTED_EDGE('',*,*,#10532,.T.);
#10535=ORIENTED_EDGE('',*,*,#10534,.T.);
#10537=ORIENTED_EDGE('',*,*,#10536,.T.);
#10539=ORIENTED_EDGE('',*,*,#10538,.T.);
#10540=EDGE_LOOP('',(#10533,#10535,#10537,#10539));
#10541=FACE_BOUND('',#10540,.F.);
#10543=ORIENTED_EDGE('',*,*,#10542,.T.);
#10545=ORIENTED_EDGE('',*,*,#10544,.T.);
#10547=ORIENTED_EDGE('',*,*,#10546,.T.);
#10549=ORIENTED_EDGE('',*,*,#10548,.T.);
#10550=EDGE_LOOP('',(#10543,#10545,#10547,#10549));
#10551=FACE_BOUND('',#10550,.F.);
#10553=ORIENTED_EDGE('',*,*,#10552,.T.);
#10555=ORIENTED_EDGE('',*,*,#10554,.T.);
#10557=ORIENTED_EDGE('',*,*,#10556,.T.);
#10559=ORIENTED_EDGE('',*,*,#10558,.T.);
#10560=EDGE_LOOP('',(#10553,#10555,#10557,#10559));
#10561=FACE_BOUND('',#10560,.F.);
#10563=ORIENTED_EDGE('',*,*,#10562,.T.);
#10565=ORIENTED_EDGE('',*,*,#10564,.T.);
#10567=ORIENTED_EDGE('',*,*,#10566,.T.);
#10569=ORIENTED_EDGE('',*,*,#10568,.T.);
#10570=EDGE_LOOP('',(#10563,#10565,#10567,#10569));
#10571=FACE_BOUND('',#10570,.F.);
#10573=ORIENTED_EDGE('',*,*,#10572,.T.);
#10575=ORIENTED_EDGE('',*,*,#10574,.T.);
#10577=ORIENTED_EDGE('',*,*,#10576,.T.);
#10579=ORIENTED_EDGE('',*,*,#10578,.T.);
#10580=EDGE_LOOP('',(#10573,#10575,#10577,#10579));
#10581=FACE_BOUND('',#10580,.F.);
#10583=ORIENTED_EDGE('',*,*,#10582,.T.);
#10585=ORIENTED_EDGE('',*,*,#10584,.T.);
#10587=ORIENTED_EDGE('',*,*,#10586,.T.);
#10589=ORIENTED_EDGE('',*,*,#10588,.F.);
#10590=EDGE_LOOP('',(#10583,#10585,#10587,#10589));
#10591=FACE_BOUND('',#10590,.F.);
#10593=ORIENTED_EDGE('',*,*,#10592,.T.);
#10595=ORIENTED_EDGE('',*,*,#10594,.T.);
#10597=ORIENTED_EDGE('',*,*,#10596,.T.);
#10599=ORIENTED_EDGE('',*,*,#10598,.T.);
#10600=EDGE_LOOP('',(#10593,#10595,#10597,#10599));
#10601=FACE_BOUND('',#10600,.F.);
#10603=ORIENTED_EDGE('',*,*,#10602,.T.);
#10605=ORIENTED_EDGE('',*,*,#10604,.T.);
#10607=ORIENTED_EDGE('',*,*,#10606,.T.);
#10609=ORIENTED_EDGE('',*,*,#10608,.T.);
#10610=EDGE_LOOP('',(#10603,#10605,#10607,#10609));
#10611=FACE_BOUND('',#10610,.F.);
#10613=ORIENTED_EDGE('',*,*,#10612,.T.);
#10615=ORIENTED_EDGE('',*,*,#10614,.T.);
#10617=ORIENTED_EDGE('',*,*,#10616,.T.);
#10619=ORIENTED_EDGE('',*,*,#10618,.T.);
#10620=EDGE_LOOP('',(#10613,#10615,#10617,#10619));
#10621=FACE_BOUND('',#10620,.F.);
#10623=ORIENTED_EDGE('',*,*,#10622,.T.);
#10625=ORIENTED_EDGE('',*,*,#10624,.T.);
#10627=ORIENTED_EDGE('',*,*,#10626,.T.);
#10629=ORIENTED_EDGE('',*,*,#10628,.T.);
#10630=EDGE_LOOP('',(#10623,#10625,#10627,#10629));
#10631=FACE_BOUND('',#10630,.F.);
#10633=ORIENTED_EDGE('',*,*,#10632,.T.);
#10635=ORIENTED_EDGE('',*,*,#10634,.T.);
#10637=ORIENTED_EDGE('',*,*,#10636,.T.);
#10639=ORIENTED_EDGE('',*,*,#10638,.T.);
#10640=EDGE_LOOP('',(#10633,#10635,#10637,#10639));
#10641=FACE_BOUND('',#10640,.F.);
#10643=ORIENTED_EDGE('',*,*,#10642,.T.);
#10645=ORIENTED_EDGE('',*,*,#10644,.T.);
#10647=ORIENTED_EDGE('',*,*,#10646,.T.);
#10649=ORIENTED_EDGE('',*,*,#10648,.T.);
#10650=EDGE_LOOP('',(#10643,#10645,#10647,#10649));
#10651=FACE_BOUND('',#10650,.F.);
#10653=ORIENTED_EDGE('',*,*,#10652,.T.);
#10655=ORIENTED_EDGE('',*,*,#10654,.T.);
#10657=ORIENTED_EDGE('',*,*,#10656,.T.);
#10659=ORIENTED_EDGE('',*,*,#10658,.T.);
#10660=EDGE_LOOP('',(#10653,#10655,#10657,#10659));
#10661=FACE_BOUND('',#10660,.F.);
#10663=ORIENTED_EDGE('',*,*,#10662,.T.);
#10665=ORIENTED_EDGE('',*,*,#10664,.T.);
#10667=ORIENTED_EDGE('',*,*,#10666,.T.);
#10669=ORIENTED_EDGE('',*,*,#10668,.T.);
#10670=EDGE_LOOP('',(#10663,#10665,#10667,#10669));
#10671=FACE_BOUND('',#10670,.F.);
#10673=ORIENTED_EDGE('',*,*,#10672,.T.);
#10675=ORIENTED_EDGE('',*,*,#10674,.T.);
#10677=ORIENTED_EDGE('',*,*,#10676,.T.);
#10679=ORIENTED_EDGE('',*,*,#10678,.T.);
#10680=EDGE_LOOP('',(#10673,#10675,#10677,#10679));
#10681=FACE_BOUND('',#10680,.F.);
#10683=ORIENTED_EDGE('',*,*,#10682,.T.);
#10685=ORIENTED_EDGE('',*,*,#10684,.T.);
#10687=ORIENTED_EDGE('',*,*,#10686,.T.);
#10689=ORIENTED_EDGE('',*,*,#10688,.T.);
#10690=EDGE_LOOP('',(#10683,#10685,#10687,#10689));
#10691=FACE_BOUND('',#10690,.F.);
#10693=ORIENTED_EDGE('',*,*,#10692,.T.);
#10695=ORIENTED_EDGE('',*,*,#10694,.T.);
#10697=ORIENTED_EDGE('',*,*,#10696,.T.);
#10699=ORIENTED_EDGE('',*,*,#10698,.T.);
#10700=EDGE_LOOP('',(#10693,#10695,#10697,#10699));
#10701=FACE_BOUND('',#10700,.F.);
#10703=ORIENTED_EDGE('',*,*,#10702,.T.);
#10705=ORIENTED_EDGE('',*,*,#10704,.T.);
#10707=ORIENTED_EDGE('',*,*,#10706,.T.);
#10709=ORIENTED_EDGE('',*,*,#10708,.T.);
#10710=EDGE_LOOP('',(#10703,#10705,#10707,#10709));
#10711=FACE_BOUND('',#10710,.F.);
#10713=ORIENTED_EDGE('',*,*,#10712,.T.);
#10715=ORIENTED_EDGE('',*,*,#10714,.T.);
#10717=ORIENTED_EDGE('',*,*,#10716,.T.);
#10719=ORIENTED_EDGE('',*,*,#10718,.T.);
#10720=EDGE_LOOP('',(#10713,#10715,#10717,#10719));
#10721=FACE_BOUND('',#10720,.F.);
#10723=ORIENTED_EDGE('',*,*,#10722,.T.);
#10725=ORIENTED_EDGE('',*,*,#10724,.T.);
#10727=ORIENTED_EDGE('',*,*,#10726,.T.);
#10729=ORIENTED_EDGE('',*,*,#10728,.T.);
#10730=EDGE_LOOP('',(#10723,#10725,#10727,#10729));
#10731=FACE_BOUND('',#10730,.F.);
#10733=ORIENTED_EDGE('',*,*,#10732,.T.);
#10735=ORIENTED_EDGE('',*,*,#10734,.T.);
#10737=ORIENTED_EDGE('',*,*,#10736,.T.);
#10739=ORIENTED_EDGE('',*,*,#10738,.T.);
#10740=EDGE_LOOP('',(#10733,#10735,#10737,#10739));
#10741=FACE_BOUND('',#10740,.F.);
#10743=ORIENTED_EDGE('',*,*,#10742,.T.);
#10745=ORIENTED_EDGE('',*,*,#10744,.T.);
#10747=ORIENTED_EDGE('',*,*,#10746,.T.);
#10749=ORIENTED_EDGE('',*,*,#10748,.T.);
#10750=EDGE_LOOP('',(#10743,#10745,#10747,#10749));
#10751=FACE_BOUND('',#10750,.F.);
#10753=ORIENTED_EDGE('',*,*,#10752,.T.);
#10755=ORIENTED_EDGE('',*,*,#10754,.T.);
#10757=ORIENTED_EDGE('',*,*,#10756,.T.);
#10759=ORIENTED_EDGE('',*,*,#10758,.T.);
#10760=EDGE_LOOP('',(#10753,#10755,#10757,#10759));
#10761=FACE_BOUND('',#10760,.F.);
#10763=ORIENTED_EDGE('',*,*,#10762,.T.);
#10765=ORIENTED_EDGE('',*,*,#10764,.T.);
#10767=ORIENTED_EDGE('',*,*,#10766,.T.);
#10769=ORIENTED_EDGE('',*,*,#10768,.T.);
#10770=EDGE_LOOP('',(#10763,#10765,#10767,#10769));
#10771=FACE_BOUND('',#10770,.F.);
#10773=ORIENTED_EDGE('',*,*,#10772,.T.);
#10775=ORIENTED_EDGE('',*,*,#10774,.T.);
#10777=ORIENTED_EDGE('',*,*,#10776,.T.);
#10779=ORIENTED_EDGE('',*,*,#10778,.T.);
#10780=EDGE_LOOP('',(#10773,#10775,#10777,#10779));
#10781=FACE_BOUND('',#10780,.F.);
#10783=ORIENTED_EDGE('',*,*,#10782,.T.);
#10785=ORIENTED_EDGE('',*,*,#10784,.T.);
#10787=ORIENTED_EDGE('',*,*,#10786,.T.);
#10789=ORIENTED_EDGE('',*,*,#10788,.T.);
#10790=EDGE_LOOP('',(#10783,#10785,#10787,#10789));
#10791=FACE_BOUND('',#10790,.F.);
#10793=ORIENTED_EDGE('',*,*,#10792,.T.);
#10795=ORIENTED_EDGE('',*,*,#10794,.T.);
#10797=ORIENTED_EDGE('',*,*,#10796,.T.);
#10799=ORIENTED_EDGE('',*,*,#10798,.T.);
#10800=EDGE_LOOP('',(#10793,#10795,#10797,#10799));
#10801=FACE_BOUND('',#10800,.F.);
#10803=ORIENTED_EDGE('',*,*,#10802,.T.);
#10805=ORIENTED_EDGE('',*,*,#10804,.T.);
#10807=ORIENTED_EDGE('',*,*,#10806,.T.);
#10809=ORIENTED_EDGE('',*,*,#10808,.T.);
#10810=EDGE_LOOP('',(#10803,#10805,#10807,#10809));
#10811=FACE_BOUND('',#10810,.F.);
#10813=ORIENTED_EDGE('',*,*,#10812,.T.);
#10815=ORIENTED_EDGE('',*,*,#10814,.T.);
#10817=ORIENTED_EDGE('',*,*,#10816,.T.);
#10819=ORIENTED_EDGE('',*,*,#10818,.T.);
#10820=EDGE_LOOP('',(#10813,#10815,#10817,#10819));
#10821=FACE_BOUND('',#10820,.F.);
#10823=ORIENTED_EDGE('',*,*,#10822,.T.);
#10825=ORIENTED_EDGE('',*,*,#10824,.T.);
#10827=ORIENTED_EDGE('',*,*,#10826,.T.);
#10829=ORIENTED_EDGE('',*,*,#10828,.T.);
#10830=EDGE_LOOP('',(#10823,#10825,#10827,#10829));
#10831=FACE_BOUND('',#10830,.F.);
#10833=ORIENTED_EDGE('',*,*,#10832,.T.);
#10835=ORIENTED_EDGE('',*,*,#10834,.T.);
#10837=ORIENTED_EDGE('',*,*,#10836,.T.);
#10839=ORIENTED_EDGE('',*,*,#10838,.T.);
#10840=EDGE_LOOP('',(#10833,#10835,#10837,#10839));
#10841=FACE_BOUND('',#10840,.F.);
#10843=ORIENTED_EDGE('',*,*,#10842,.T.);
#10845=ORIENTED_EDGE('',*,*,#10844,.T.);
#10847=ORIENTED_EDGE('',*,*,#10846,.T.);
#10849=ORIENTED_EDGE('',*,*,#10848,.T.);
#10850=EDGE_LOOP('',(#10843,#10845,#10847,#10849));
#10851=FACE_BOUND('',#10850,.F.);
#10853=ORIENTED_EDGE('',*,*,#10852,.T.);
#10855=ORIENTED_EDGE('',*,*,#10854,.T.);
#10857=ORIENTED_EDGE('',*,*,#10856,.T.);
#10859=ORIENTED_EDGE('',*,*,#10858,.T.);
#10860=EDGE_LOOP('',(#10853,#10855,#10857,#10859));
#10861=FACE_BOUND('',#10860,.F.);
#10863=ORIENTED_EDGE('',*,*,#10862,.T.);
#10865=ORIENTED_EDGE('',*,*,#10864,.T.);
#10867=ORIENTED_EDGE('',*,*,#10866,.T.);
#10869=ORIENTED_EDGE('',*,*,#10868,.T.);
#10870=EDGE_LOOP('',(#10863,#10865,#10867,#10869));
#10871=FACE_BOUND('',#10870,.F.);
#10873=ORIENTED_EDGE('',*,*,#10872,.T.);
#10875=ORIENTED_EDGE('',*,*,#10874,.T.);
#10877=ORIENTED_EDGE('',*,*,#10876,.T.);
#10879=ORIENTED_EDGE('',*,*,#10878,.T.);
#10880=EDGE_LOOP('',(#10873,#10875,#10877,#10879));
#10881=FACE_BOUND('',#10880,.F.);
#10883=ORIENTED_EDGE('',*,*,#10882,.T.);
#10885=ORIENTED_EDGE('',*,*,#10884,.T.);
#10887=ORIENTED_EDGE('',*,*,#10886,.T.);
#10889=ORIENTED_EDGE('',*,*,#10888,.T.);
#10890=EDGE_LOOP('',(#10883,#10885,#10887,#10889));
#10891=FACE_BOUND('',#10890,.F.);
#10893=ORIENTED_EDGE('',*,*,#10892,.T.);
#10895=ORIENTED_EDGE('',*,*,#10894,.T.);
#10897=ORIENTED_EDGE('',*,*,#10896,.T.);
#10899=ORIENTED_EDGE('',*,*,#10898,.T.);
#10900=EDGE_LOOP('',(#10893,#10895,#10897,#10899));
#10901=FACE_BOUND('',#10900,.F.);
#10903=ORIENTED_EDGE('',*,*,#10902,.T.);
#10905=ORIENTED_EDGE('',*,*,#10904,.T.);
#10907=ORIENTED_EDGE('',*,*,#10906,.T.);
#10909=ORIENTED_EDGE('',*,*,#10908,.T.);
#10910=EDGE_LOOP('',(#10903,#10905,#10907,#10909));
#10911=FACE_BOUND('',#10910,.F.);
#10913=ORIENTED_EDGE('',*,*,#10912,.T.);
#10915=ORIENTED_EDGE('',*,*,#10914,.T.);
#10917=ORIENTED_EDGE('',*,*,#10916,.T.);
#10919=ORIENTED_EDGE('',*,*,#10918,.T.);
#10920=EDGE_LOOP('',(#10913,#10915,#10917,#10919));
#10921=FACE_BOUND('',#10920,.F.);
#10923=ORIENTED_EDGE('',*,*,#10922,.T.);
#10925=ORIENTED_EDGE('',*,*,#10924,.T.);
#10927=ORIENTED_EDGE('',*,*,#10926,.T.);
#10929=ORIENTED_EDGE('',*,*,#10928,.T.);
#10931=ORIENTED_EDGE('',*,*,#10930,.T.);
#10933=ORIENTED_EDGE('',*,*,#10932,.T.);
#10935=ORIENTED_EDGE('',*,*,#10934,.T.);
#10937=ORIENTED_EDGE('',*,*,#10936,.T.);
#10939=ORIENTED_EDGE('',*,*,#10938,.T.);
#10941=ORIENTED_EDGE('',*,*,#10940,.T.);
#10943=ORIENTED_EDGE('',*,*,#10942,.T.);
#10945=ORIENTED_EDGE('',*,*,#10944,.T.);
#10947=ORIENTED_EDGE('',*,*,#10946,.T.);
#10949=ORIENTED_EDGE('',*,*,#10948,.T.);
#10951=ORIENTED_EDGE('',*,*,#10950,.T.);
#10953=ORIENTED_EDGE('',*,*,#10952,.T.);
#10955=ORIENTED_EDGE('',*,*,#10954,.T.);
#10957=ORIENTED_EDGE('',*,*,#10956,.T.);
#10959=ORIENTED_EDGE('',*,*,#10958,.T.);
#10961=ORIENTED_EDGE('',*,*,#10960,.T.);
#10963=ORIENTED_EDGE('',*,*,#10962,.T.);
#10965=ORIENTED_EDGE('',*,*,#10964,.T.);
#10967=ORIENTED_EDGE('',*,*,#10966,.T.);
#10969=ORIENTED_EDGE('',*,*,#10968,.T.);
#10971=ORIENTED_EDGE('',*,*,#10970,.T.);
#10973=ORIENTED_EDGE('',*,*,#10972,.T.);
#10975=ORIENTED_EDGE('',*,*,#10974,.T.);
#10977=ORIENTED_EDGE('',*,*,#10976,.T.);
#10979=ORIENTED_EDGE('',*,*,#10978,.T.);
#10981=ORIENTED_EDGE('',*,*,#10980,.T.);
#10983=ORIENTED_EDGE('',*,*,#10982,.T.);
#10985=ORIENTED_EDGE('',*,*,#10984,.T.);
#10987=ORIENTED_EDGE('',*,*,#10986,.T.);
#10989=ORIENTED_EDGE('',*,*,#10988,.T.);
#10991=ORIENTED_EDGE('',*,*,#10990,.T.);
#10993=ORIENTED_EDGE('',*,*,#10992,.T.);
#10994=EDGE_LOOP('',(#10923,#10925,#10927,#10929,#10931,#10933,#10935,#10937,
#10939,#10941,#10943,#10945,#10947,#10949,#10951,#10953,#10955,#10957,#10959,
#10961,#10963,#10965,#10967,#10969,#10971,#10973,#10975,#10977,#10979,#10981,
#10983,#10985,#10987,#10989,#10991,#10993));
#10995=FACE_BOUND('',#10994,.F.);
#10997=ORIENTED_EDGE('',*,*,#10996,.T.);
#10999=ORIENTED_EDGE('',*,*,#10998,.T.);
#11001=ORIENTED_EDGE('',*,*,#11000,.T.);
#11003=ORIENTED_EDGE('',*,*,#11002,.T.);
#11004=EDGE_LOOP('',(#10997,#10999,#11001,#11003));
#11005=FACE_BOUND('',#11004,.F.);
#11007=ORIENTED_EDGE('',*,*,#11006,.T.);
#11009=ORIENTED_EDGE('',*,*,#11008,.T.);
#11011=ORIENTED_EDGE('',*,*,#11010,.T.);
#11013=ORIENTED_EDGE('',*,*,#11012,.T.);
#11014=EDGE_LOOP('',(#11007,#11009,#11011,#11013));
#11015=FACE_BOUND('',#11014,.F.);
#11017=ORIENTED_EDGE('',*,*,#11016,.T.);
#11019=ORIENTED_EDGE('',*,*,#11018,.T.);
#11021=ORIENTED_EDGE('',*,*,#11020,.T.);
#11023=ORIENTED_EDGE('',*,*,#11022,.T.);
#11024=EDGE_LOOP('',(#11017,#11019,#11021,#11023));
#11025=FACE_BOUND('',#11024,.F.);
#11027=ORIENTED_EDGE('',*,*,#11026,.T.);
#11029=ORIENTED_EDGE('',*,*,#11028,.T.);
#11031=ORIENTED_EDGE('',*,*,#11030,.T.);
#11033=ORIENTED_EDGE('',*,*,#11032,.T.);
#11034=EDGE_LOOP('',(#11027,#11029,#11031,#11033));
#11035=FACE_BOUND('',#11034,.F.);
#11037=ORIENTED_EDGE('',*,*,#11036,.T.);
#11039=ORIENTED_EDGE('',*,*,#11038,.T.);
#11041=ORIENTED_EDGE('',*,*,#11040,.T.);
#11043=ORIENTED_EDGE('',*,*,#11042,.T.);
#11044=EDGE_LOOP('',(#11037,#11039,#11041,#11043));
#11045=FACE_BOUND('',#11044,.F.);
#11047=ORIENTED_EDGE('',*,*,#11046,.T.);
#11049=ORIENTED_EDGE('',*,*,#11048,.T.);
#11051=ORIENTED_EDGE('',*,*,#11050,.T.);
#11053=ORIENTED_EDGE('',*,*,#11052,.T.);
#11054=EDGE_LOOP('',(#11047,#11049,#11051,#11053));
#11055=FACE_BOUND('',#11054,.F.);
#11057=ORIENTED_EDGE('',*,*,#11056,.T.);
#11059=ORIENTED_EDGE('',*,*,#11058,.T.);
#11061=ORIENTED_EDGE('',*,*,#11060,.T.);
#11063=ORIENTED_EDGE('',*,*,#11062,.T.);
#11064=EDGE_LOOP('',(#11057,#11059,#11061,#11063));
#11065=FACE_BOUND('',#11064,.F.);
#11067=ORIENTED_EDGE('',*,*,#11066,.T.);
#11069=ORIENTED_EDGE('',*,*,#11068,.T.);
#11071=ORIENTED_EDGE('',*,*,#11070,.T.);
#11073=ORIENTED_EDGE('',*,*,#11072,.T.);
#11074=EDGE_LOOP('',(#11067,#11069,#11071,#11073));
#11075=FACE_BOUND('',#11074,.F.);
#11077=ORIENTED_EDGE('',*,*,#11076,.T.);
#11079=ORIENTED_EDGE('',*,*,#11078,.T.);
#11081=ORIENTED_EDGE('',*,*,#11080,.T.);
#11083=ORIENTED_EDGE('',*,*,#11082,.T.);
#11084=EDGE_LOOP('',(#11077,#11079,#11081,#11083));
#11085=FACE_BOUND('',#11084,.F.);
#11087=ORIENTED_EDGE('',*,*,#11086,.T.);
#11089=ORIENTED_EDGE('',*,*,#11088,.T.);
#11091=ORIENTED_EDGE('',*,*,#11090,.T.);
#11093=ORIENTED_EDGE('',*,*,#11092,.T.);
#11094=EDGE_LOOP('',(#11087,#11089,#11091,#11093));
#11095=FACE_BOUND('',#11094,.F.);
#11097=ORIENTED_EDGE('',*,*,#11096,.T.);
#11099=ORIENTED_EDGE('',*,*,#11098,.T.);
#11101=ORIENTED_EDGE('',*,*,#11100,.T.);
#11103=ORIENTED_EDGE('',*,*,#11102,.T.);
#11104=EDGE_LOOP('',(#11097,#11099,#11101,#11103));
#11105=FACE_BOUND('',#11104,.F.);
#11107=ORIENTED_EDGE('',*,*,#11106,.T.);
#11109=ORIENTED_EDGE('',*,*,#11108,.T.);
#11111=ORIENTED_EDGE('',*,*,#11110,.T.);
#11113=ORIENTED_EDGE('',*,*,#11112,.T.);
#11114=EDGE_LOOP('',(#11107,#11109,#11111,#11113));
#11115=FACE_BOUND('',#11114,.F.);
#11117=ORIENTED_EDGE('',*,*,#11116,.T.);
#11119=ORIENTED_EDGE('',*,*,#11118,.T.);
#11121=ORIENTED_EDGE('',*,*,#11120,.T.);
#11123=ORIENTED_EDGE('',*,*,#11122,.T.);
#11124=EDGE_LOOP('',(#11117,#11119,#11121,#11123));
#11125=FACE_BOUND('',#11124,.F.);
#11127=ORIENTED_EDGE('',*,*,#11126,.T.);
#11129=ORIENTED_EDGE('',*,*,#11128,.T.);
#11131=ORIENTED_EDGE('',*,*,#11130,.T.);
#11133=ORIENTED_EDGE('',*,*,#11132,.T.);
#11135=ORIENTED_EDGE('',*,*,#11134,.T.);
#11137=ORIENTED_EDGE('',*,*,#11136,.T.);
#11139=ORIENTED_EDGE('',*,*,#11138,.T.);
#11141=ORIENTED_EDGE('',*,*,#11140,.T.);
#11143=ORIENTED_EDGE('',*,*,#11142,.T.);
#11145=ORIENTED_EDGE('',*,*,#11144,.T.);
#11147=ORIENTED_EDGE('',*,*,#11146,.T.);
#11149=ORIENTED_EDGE('',*,*,#11148,.T.);
#11151=ORIENTED_EDGE('',*,*,#11150,.T.);
#11153=ORIENTED_EDGE('',*,*,#11152,.T.);
#11155=ORIENTED_EDGE('',*,*,#11154,.T.);
#11157=ORIENTED_EDGE('',*,*,#11156,.T.);
#11159=ORIENTED_EDGE('',*,*,#11158,.T.);
#11161=ORIENTED_EDGE('',*,*,#11160,.T.);
#11163=ORIENTED_EDGE('',*,*,#11162,.T.);
#11165=ORIENTED_EDGE('',*,*,#11164,.T.);
#11167=ORIENTED_EDGE('',*,*,#11166,.T.);
#11169=ORIENTED_EDGE('',*,*,#11168,.T.);
#11171=ORIENTED_EDGE('',*,*,#11170,.T.);
#11173=ORIENTED_EDGE('',*,*,#11172,.T.);
#11175=ORIENTED_EDGE('',*,*,#11174,.T.);
#11177=ORIENTED_EDGE('',*,*,#11176,.T.);
#11179=ORIENTED_EDGE('',*,*,#11178,.T.);
#11181=ORIENTED_EDGE('',*,*,#11180,.T.);
#11183=ORIENTED_EDGE('',*,*,#11182,.T.);
#11185=ORIENTED_EDGE('',*,*,#11184,.T.);
#11187=ORIENTED_EDGE('',*,*,#11186,.T.);
#11189=ORIENTED_EDGE('',*,*,#11188,.T.);
#11191=ORIENTED_EDGE('',*,*,#11190,.T.);
#11193=ORIENTED_EDGE('',*,*,#11192,.T.);
#11195=ORIENTED_EDGE('',*,*,#11194,.T.);
#11197=ORIENTED_EDGE('',*,*,#11196,.T.);
#11198=EDGE_LOOP('',(#11127,#11129,#11131,#11133,#11135,#11137,#11139,#11141,
#11143,#11145,#11147,#11149,#11151,#11153,#11155,#11157,#11159,#11161,#11163,
#11165,#11167,#11169,#11171,#11173,#11175,#11177,#11179,#11181,#11183,#11185,
#11187,#11189,#11191,#11193,#11195,#11197));
#11199=FACE_BOUND('',#11198,.F.);
#11201=ORIENTED_EDGE('',*,*,#11200,.T.);
#11203=ORIENTED_EDGE('',*,*,#11202,.T.);
#11205=ORIENTED_EDGE('',*,*,#11204,.T.);
#11207=ORIENTED_EDGE('',*,*,#11206,.T.);
#11208=EDGE_LOOP('',(#11201,#11203,#11205,#11207));
#11209=FACE_BOUND('',#11208,.F.);
#11211=ORIENTED_EDGE('',*,*,#11210,.T.);
#11213=ORIENTED_EDGE('',*,*,#11212,.T.);
#11215=ORIENTED_EDGE('',*,*,#11214,.T.);
#11217=ORIENTED_EDGE('',*,*,#11216,.T.);
#11218=EDGE_LOOP('',(#11211,#11213,#11215,#11217));
#11219=FACE_BOUND('',#11218,.F.);
#11221=ORIENTED_EDGE('',*,*,#11220,.T.);
#11223=ORIENTED_EDGE('',*,*,#11222,.T.);
#11225=ORIENTED_EDGE('',*,*,#11224,.T.);
#11227=ORIENTED_EDGE('',*,*,#11226,.T.);
#11228=EDGE_LOOP('',(#11221,#11223,#11225,#11227));
#11229=FACE_BOUND('',#11228,.F.);
#11231=ORIENTED_EDGE('',*,*,#11230,.T.);
#11233=ORIENTED_EDGE('',*,*,#11232,.T.);
#11235=ORIENTED_EDGE('',*,*,#11234,.T.);
#11237=ORIENTED_EDGE('',*,*,#11236,.T.);
#11238=EDGE_LOOP('',(#11231,#11233,#11235,#11237));
#11239=FACE_BOUND('',#11238,.F.);
#11241=ORIENTED_EDGE('',*,*,#11240,.T.);
#11243=ORIENTED_EDGE('',*,*,#11242,.T.);
#11245=ORIENTED_EDGE('',*,*,#11244,.T.);
#11247=ORIENTED_EDGE('',*,*,#11246,.T.);
#11248=EDGE_LOOP('',(#11241,#11243,#11245,#11247));
#11249=FACE_BOUND('',#11248,.F.);
#11251=ORIENTED_EDGE('',*,*,#11250,.T.);
#11253=ORIENTED_EDGE('',*,*,#11252,.T.);
#11255=ORIENTED_EDGE('',*,*,#11254,.T.);
#11257=ORIENTED_EDGE('',*,*,#11256,.T.);
#11259=ORIENTED_EDGE('',*,*,#11258,.T.);
#11261=ORIENTED_EDGE('',*,*,#11260,.T.);
#11263=ORIENTED_EDGE('',*,*,#11262,.T.);
#11265=ORIENTED_EDGE('',*,*,#11264,.T.);
#11267=ORIENTED_EDGE('',*,*,#11266,.T.);
#11269=ORIENTED_EDGE('',*,*,#11268,.T.);
#11271=ORIENTED_EDGE('',*,*,#11270,.T.);
#11273=ORIENTED_EDGE('',*,*,#11272,.T.);
#11275=ORIENTED_EDGE('',*,*,#11274,.T.);
#11277=ORIENTED_EDGE('',*,*,#11276,.T.);
#11279=ORIENTED_EDGE('',*,*,#11278,.T.);
#11281=ORIENTED_EDGE('',*,*,#11280,.T.);
#11283=ORIENTED_EDGE('',*,*,#11282,.T.);
#11285=ORIENTED_EDGE('',*,*,#11284,.T.);
#11287=ORIENTED_EDGE('',*,*,#11286,.T.);
#11289=ORIENTED_EDGE('',*,*,#11288,.T.);
#11291=ORIENTED_EDGE('',*,*,#11290,.T.);
#11293=ORIENTED_EDGE('',*,*,#11292,.T.);
#11295=ORIENTED_EDGE('',*,*,#11294,.T.);
#11297=ORIENTED_EDGE('',*,*,#11296,.T.);
#11299=ORIENTED_EDGE('',*,*,#11298,.T.);
#11301=ORIENTED_EDGE('',*,*,#11300,.T.);
#11303=ORIENTED_EDGE('',*,*,#11302,.T.);
#11305=ORIENTED_EDGE('',*,*,#11304,.T.);
#11307=ORIENTED_EDGE('',*,*,#11306,.T.);
#11309=ORIENTED_EDGE('',*,*,#11308,.T.);
#11311=ORIENTED_EDGE('',*,*,#11310,.T.);
#11313=ORIENTED_EDGE('',*,*,#11312,.T.);
#11315=ORIENTED_EDGE('',*,*,#11314,.T.);
#11317=ORIENTED_EDGE('',*,*,#11316,.T.);
#11319=ORIENTED_EDGE('',*,*,#11318,.T.);
#11321=ORIENTED_EDGE('',*,*,#11320,.T.);
#11322=EDGE_LOOP('',(#11251,#11253,#11255,#11257,#11259,#11261,#11263,#11265,
#11267,#11269,#11271,#11273,#11275,#11277,#11279,#11281,#11283,#11285,#11287,
#11289,#11291,#11293,#11295,#11297,#11299,#11301,#11303,#11305,#11307,#11309,
#11311,#11313,#11315,#11317,#11319,#11321));
#11323=FACE_BOUND('',#11322,.F.);
#11325=ORIENTED_EDGE('',*,*,#11324,.T.);
#11327=ORIENTED_EDGE('',*,*,#11326,.T.);
#11329=ORIENTED_EDGE('',*,*,#11328,.T.);
#11331=ORIENTED_EDGE('',*,*,#11330,.T.);
#11332=EDGE_LOOP('',(#11325,#11327,#11329,#11331));
#11333=FACE_BOUND('',#11332,.F.);
#11335=ORIENTED_EDGE('',*,*,#11334,.T.);
#11337=ORIENTED_EDGE('',*,*,#11336,.T.);
#11339=ORIENTED_EDGE('',*,*,#11338,.T.);
#11341=ORIENTED_EDGE('',*,*,#11340,.T.);
#11342=EDGE_LOOP('',(#11335,#11337,#11339,#11341));
#11343=FACE_BOUND('',#11342,.F.);
#11344=ORIENTED_EDGE('',*,*,#10072,.F.);
#11345=ORIENTED_EDGE('',*,*,#10070,.F.);
#11346=ORIENTED_EDGE('',*,*,#10088,.F.);
#11347=ORIENTED_EDGE('',*,*,#10086,.F.);
#11348=EDGE_LOOP('',(#11344,#11345,#11346,#11347));
#11349=FACE_BOUND('',#11348,.F.);
#11350=ADVANCED_FACE('',(#10314,#10324,#10334,#10344,#10418,#10491,#10501,
#10511,#10521,#10531,#10541,#10551,#10561,#10571,#10581,#10591,#10601,#10611,
#10621,#10631,#10641,#10651,#10661,#10671,#10681,#10691,#10701,#10711,#10721,
#10731,#10741,#10751,#10761,#10771,#10781,#10791,#10801,#10811,#10821,#10831,
#10841,#10851,#10861,#10871,#10881,#10891,#10901,#10911,#10921,#10995,#11005,
#11015,#11025,#11035,#11045,#11055,#11065,#11075,#11085,#11095,#11105,#11115,
#11125,#11199,#11209,#11219,#11229,#11239,#11249,#11323,#11333,#11343,#11349),
#10098,.F.);
#11351=CARTESIAN_POINT('',(1.1E2,-5.9E1,0.E0));
#11352=DIRECTION('',(0.E0,0.E0,-1.E0));
#11353=DIRECTION('',(-1.E0,0.E0,0.E0));
#11354=AXIS2_PLACEMENT_3D('',#11351,#11352,#11353);
#11355=CYLINDRICAL_SURFACE('',#11354,1.5E0);
#11356=ORIENTED_EDGE('',*,*,#9038,.T.);
#11358=ORIENTED_EDGE('',*,*,#11357,.F.);
#11359=ORIENTED_EDGE('',*,*,#10317,.T.);
#11360=ORIENTED_EDGE('',*,*,#10315,.T.);
#11362=ORIENTED_EDGE('',*,*,#11361,.T.);
#11363=EDGE_LOOP('',(#11356,#11358,#11359,#11360,#11362));
#11364=FACE_OUTER_BOUND('',#11363,.F.);
#11365=ADVANCED_FACE('',(#11364),#11355,.F.);
#11366=CARTESIAN_POINT('',(1.1E2,-5.9E1,0.E0));
#11367=DIRECTION('',(0.E0,0.E0,-1.E0));
#11368=DIRECTION('',(-1.E0,0.E0,0.E0));
#11369=AXIS2_PLACEMENT_3D('',#11366,#11367,#11368);
#11370=CYLINDRICAL_SURFACE('',#11369,1.5E0);
#11371=ORIENTED_EDGE('',*,*,#9040,.T.);
#11372=ORIENTED_EDGE('',*,*,#11361,.F.);
#11373=ORIENTED_EDGE('',*,*,#10321,.T.);
#11374=ORIENTED_EDGE('',*,*,#10319,.T.);
#11375=ORIENTED_EDGE('',*,*,#11357,.T.);
#11376=EDGE_LOOP('',(#11371,#11372,#11373,#11374,#11375));
#11377=FACE_OUTER_BOUND('',#11376,.F.);
#11378=ADVANCED_FACE('',(#11377),#11370,.F.);
#11379=CARTESIAN_POINT('',(-8.6E1,2.5E0,0.E0));
#11380=DIRECTION('',(0.E0,0.E0,-1.E0));
#11381=DIRECTION('',(-1.E0,0.E0,0.E0));
#11382=AXIS2_PLACEMENT_3D('',#11379,#11380,#11381);
#11383=CYLINDRICAL_SURFACE('',#11382,1.5E0);
#11384=ORIENTED_EDGE('',*,*,#9044,.T.);
#11386=ORIENTED_EDGE('',*,*,#11385,.F.);
#11387=ORIENTED_EDGE('',*,*,#10327,.T.);
#11388=ORIENTED_EDGE('',*,*,#10325,.T.);
#11390=ORIENTED_EDGE('',*,*,#11389,.T.);
#11391=EDGE_LOOP('',(#11384,#11386,#11387,#11388,#11390));
#11392=FACE_OUTER_BOUND('',#11391,.F.);
#11393=ADVANCED_FACE('',(#11392),#11383,.F.);
#11394=CARTESIAN_POINT('',(-8.6E1,2.5E0,0.E0));
#11395=DIRECTION('',(0.E0,0.E0,-1.E0));
#11396=DIRECTION('',(-1.E0,0.E0,0.E0));
#11397=AXIS2_PLACEMENT_3D('',#11394,#11395,#11396);
#11398=CYLINDRICAL_SURFACE('',#11397,1.5E0);
#11399=ORIENTED_EDGE('',*,*,#9046,.T.);
#11400=ORIENTED_EDGE('',*,*,#11389,.F.);
#11401=ORIENTED_EDGE('',*,*,#10331,.T.);
#11402=ORIENTED_EDGE('',*,*,#10329,.T.);
#11403=ORIENTED_EDGE('',*,*,#11385,.T.);
#11404=EDGE_LOOP('',(#11399,#11400,#11401,#11402,#11403));
#11405=FACE_OUTER_BOUND('',#11404,.F.);
#11406=ADVANCED_FACE('',(#11405),#11398,.F.);
#11407=CARTESIAN_POINT('',(-9.E1,-5.4E1,0.E0));
#11408=DIRECTION('',(0.E0,0.E0,-1.E0));
#11409=DIRECTION('',(-1.E0,0.E0,0.E0));
#11410=AXIS2_PLACEMENT_3D('',#11407,#11408,#11409);
#11411=CYLINDRICAL_SURFACE('',#11410,1.5E0);
#11412=ORIENTED_EDGE('',*,*,#9050,.T.);
#11414=ORIENTED_EDGE('',*,*,#11413,.F.);
#11415=ORIENTED_EDGE('',*,*,#10337,.T.);
#11416=ORIENTED_EDGE('',*,*,#10335,.T.);
#11418=ORIENTED_EDGE('',*,*,#11417,.T.);
#11419=EDGE_LOOP('',(#11412,#11414,#11415,#11416,#11418));
#11420=FACE_OUTER_BOUND('',#11419,.F.);
#11421=ADVANCED_FACE('',(#11420),#11411,.F.);
#11422=CARTESIAN_POINT('',(-9.E1,-5.4E1,0.E0));
#11423=DIRECTION('',(0.E0,0.E0,-1.E0));
#11424=DIRECTION('',(-1.E0,0.E0,0.E0));
#11425=AXIS2_PLACEMENT_3D('',#11422,#11423,#11424);
#11426=CYLINDRICAL_SURFACE('',#11425,1.5E0);
#11427=ORIENTED_EDGE('',*,*,#9052,.T.);
#11428=ORIENTED_EDGE('',*,*,#11417,.F.);
#11429=ORIENTED_EDGE('',*,*,#10341,.T.);
#11430=ORIENTED_EDGE('',*,*,#10339,.T.);
#11431=ORIENTED_EDGE('',*,*,#11413,.T.);
#11432=EDGE_LOOP('',(#11427,#11428,#11429,#11430,#11431));
#11433=FACE_OUTER_BOUND('',#11432,.F.);
#11434=ADVANCED_FACE('',(#11433),#11426,.F.);
#11435=CARTESIAN_POINT('',(1.175965492949E2,-5.246171589419E1,
-9.207526216631E0));
#11436=DIRECTION('',(-1.E0,0.E0,0.E0));
#11437=DIRECTION('',(0.E0,0.E0,-1.E0));
#11438=AXIS2_PLACEMENT_3D('',#11435,#11436,#11437);
#11439=PLANE('',#11438);
#11440=ORIENTED_EDGE('',*,*,#10057,.F.);
#11442=ORIENTED_EDGE('',*,*,#11441,.T.);
#11443=ORIENTED_EDGE('',*,*,#10345,.F.);
#11445=ORIENTED_EDGE('',*,*,#11444,.F.);
#11446=EDGE_LOOP('',(#11440,#11442,#11443,#11445));
#11447=FACE_OUTER_BOUND('',#11446,.F.);
#11448=ADVANCED_FACE('',(#11447),#11439,.F.);
#11449=CARTESIAN_POINT('',(1.071500073302E2,-5.321187446340E1,
-9.207526216635E0));
#11450=DIRECTION('',(0.E0,-1.E0,0.E0));
#11451=DIRECTION('',(0.E0,0.E0,1.E0));
#11452=AXIS2_PLACEMENT_3D('',#11449,#11450,#11451);
#11453=PLANE('',#11452);
#11454=ORIENTED_EDGE('',*,*,#10055,.F.);
#11456=ORIENTED_EDGE('',*,*,#11455,.T.);
#11457=ORIENTED_EDGE('',*,*,#10347,.F.);
#11458=ORIENTED_EDGE('',*,*,#11441,.F.);
#11459=EDGE_LOOP('',(#11454,#11456,#11457,#11458));
#11460=FACE_OUTER_BOUND('',#11459,.F.);
#11461=ADVANCED_FACE('',(#11460),#11453,.F.);
#11462=CARTESIAN_POINT('',(1.207025057896E2,-5.246171589419E1,
-9.207526216631E0));
#11463=DIRECTION('',(1.E0,0.E0,0.E0));
#11464=DIRECTION('',(0.E0,0.E0,1.E0));
#11465=AXIS2_PLACEMENT_3D('',#11462,#11463,#11464);
#11466=PLANE('',#11465);
#11467=ORIENTED_EDGE('',*,*,#10053,.F.);
#11469=ORIENTED_EDGE('',*,*,#11468,.T.);
#11470=ORIENTED_EDGE('',*,*,#10349,.F.);
#11471=ORIENTED_EDGE('',*,*,#11455,.F.);
#11472=EDGE_LOOP('',(#11467,#11469,#11470,#11471));
#11473=FACE_OUTER_BOUND('',#11472,.F.);
#11474=ADVANCED_FACE('',(#11473),#11466,.F.);
#11475=CARTESIAN_POINT('',(1.207000073294E2,-5.171155741246E1,
-7.707526216631E0));
#11476=DIRECTION('',(0.E0,-1.E0,0.E0));
#11477=DIRECTION('',(-1.E0,0.E0,0.E0));
#11478=AXIS2_PLACEMENT_3D('',#11475,#11476,#11477);
#11479=PLANE('',#11478);
#11480=ORIENTED_EDGE('',*,*,#10051,.F.);
#11482=ORIENTED_EDGE('',*,*,#11481,.T.);
#11483=ORIENTED_EDGE('',*,*,#10351,.F.);
#11484=ORIENTED_EDGE('',*,*,#11468,.F.);
#11485=EDGE_LOOP('',(#11480,#11482,#11483,#11484));
#11486=FACE_OUTER_BOUND('',#11485,.F.);
#11487=ADVANCED_FACE('',(#11486),#11479,.F.);
#11488=CARTESIAN_POINT('',(1.224750073329E2,-5.171155741246E1,
-7.707526216631E0));
#11489=DIRECTION('',(1.E0,0.E0,0.E0));
#11490=DIRECTION('',(0.E0,-1.E0,0.E0));
#11491=AXIS2_PLACEMENT_3D('',#11488,#11489,#11490);
#11492=PLANE('',#11491);
#11493=ORIENTED_EDGE('',*,*,#10049,.F.);
#11495=ORIENTED_EDGE('',*,*,#11494,.T.);
#11496=ORIENTED_EDGE('',*,*,#10353,.F.);
#11497=ORIENTED_EDGE('',*,*,#11481,.F.);
#11498=EDGE_LOOP('',(#11493,#11495,#11496,#11497));
#11499=FACE_OUTER_BOUND('',#11498,.F.);
#11500=ADVANCED_FACE('',(#11499),#11492,.F.);
#11501=CARTESIAN_POINT('',(1.224750073329E2,-4.521155741786E1,
-7.707526216631E0));
#11502=DIRECTION('',(0.E0,-1.E0,0.E0));
#11503=DIRECTION('',(-1.E0,0.E0,0.E0));
#11504=AXIS2_PLACEMENT_3D('',#11501,#11502,#11503);
#11505=PLANE('',#11504);
#11506=ORIENTED_EDGE('',*,*,#10047,.F.);
#11508=ORIENTED_EDGE('',*,*,#11507,.T.);
#11509=ORIENTED_EDGE('',*,*,#10355,.F.);
#11510=ORIENTED_EDGE('',*,*,#11494,.F.);
#11511=EDGE_LOOP('',(#11506,#11508,#11509,#11510));
#11512=FACE_OUTER_BOUND('',#11511,.F.);
#11513=ADVANCED_FACE('',(#11512),#11505,.F.);
#11514=CARTESIAN_POINT('',(1.233750073312E2,-4.557919668058E1,
-9.207526216635E0));
#11515=DIRECTION('',(1.E0,0.E0,0.E0));
#11516=DIRECTION('',(0.E0,0.E0,1.E0));
#11517=AXIS2_PLACEMENT_3D('',#11514,#11515,#11516);
#11518=PLANE('',#11517);
#11519=ORIENTED_EDGE('',*,*,#10045,.F.);
#11521=ORIENTED_EDGE('',*,*,#11520,.T.);
#11522=ORIENTED_EDGE('',*,*,#10357,.F.);
#11523=ORIENTED_EDGE('',*,*,#11507,.F.);
#11524=EDGE_LOOP('',(#11519,#11521,#11522,#11523));
#11525=FACE_OUTER_BOUND('',#11524,.F.);
#11526=ADVANCED_FACE('',(#11525),#11518,.F.);
#11527=CARTESIAN_POINT('',(1.233750073312E2,-4.276155741566E1,
-7.707526216631E0));
#11528=DIRECTION('',(0.E0,1.E0,0.E0));
#11529=DIRECTION('',(1.E0,0.E0,0.E0));
#11530=AXIS2_PLACEMENT_3D('',#11527,#11528,#11529);
#11531=PLANE('',#11530);
#11532=ORIENTED_EDGE('',*,*,#10043,.F.);
#11534=ORIENTED_EDGE('',*,*,#11533,.T.);
#11535=ORIENTED_EDGE('',*,*,#10359,.F.);
#11536=ORIENTED_EDGE('',*,*,#11520,.F.);
#11537=EDGE_LOOP('',(#11532,#11534,#11535,#11536));
#11538=FACE_OUTER_BOUND('',#11537,.F.);
#11539=ADVANCED_FACE('',(#11538),#11531,.F.);
#11540=CARTESIAN_POINT('',(1.224750073329E2,-4.276155741566E1,
-7.707526216631E0));
#11541=DIRECTION('',(1.E0,0.E0,0.E0));
#11542=DIRECTION('',(0.E0,-1.E0,0.E0));
#11543=AXIS2_PLACEMENT_3D('',#11540,#11541,#11542);
#11544=PLANE('',#11543);
#11545=ORIENTED_EDGE('',*,*,#10041,.F.);
#11547=ORIENTED_EDGE('',*,*,#11546,.T.);
#11548=ORIENTED_EDGE('',*,*,#10361,.F.);
#11549=ORIENTED_EDGE('',*,*,#11533,.F.);
#11550=EDGE_LOOP('',(#11545,#11547,#11548,#11549));
#11551=FACE_OUTER_BOUND('',#11550,.F.);
#11552=ADVANCED_FACE('',(#11551),#11544,.F.);
#11553=CARTESIAN_POINT('',(1.224750073329E2,-3.951155741076E1,
-7.707526216631E0));
#11554=DIRECTION('',(0.E0,1.E0,0.E0));
#11555=DIRECTION('',(1.E0,0.E0,0.E0));
#11556=AXIS2_PLACEMENT_3D('',#11553,#11554,#11555);
#11557=PLANE('',#11556);
#11558=ORIENTED_EDGE('',*,*,#10039,.F.);
#11560=ORIENTED_EDGE('',*,*,#11559,.T.);
#11561=ORIENTED_EDGE('',*,*,#10363,.F.);
#11562=ORIENTED_EDGE('',*,*,#11546,.F.);
#11563=EDGE_LOOP('',(#11558,#11560,#11561,#11562));
#11564=FACE_OUTER_BOUND('',#11563,.F.);
#11565=ADVANCED_FACE('',(#11564),#11557,.F.);
#11566=CARTESIAN_POINT('',(1.158250065918E2,-3.951155741076E1,
-7.707526216631E0));
#11567=DIRECTION('',(-1.E0,0.E0,0.E0));
#11568=DIRECTION('',(0.E0,1.E0,0.E0));
#11569=AXIS2_PLACEMENT_3D('',#11566,#11567,#11568);
#11570=PLANE('',#11569);
#11571=ORIENTED_EDGE('',*,*,#10037,.F.);
#11573=ORIENTED_EDGE('',*,*,#11572,.T.);
#11574=ORIENTED_EDGE('',*,*,#10365,.F.);
#11575=ORIENTED_EDGE('',*,*,#11559,.F.);
#11576=EDGE_LOOP('',(#11571,#11573,#11574,#11575));
#11577=FACE_OUTER_BOUND('',#11576,.F.);
#11578=ADVANCED_FACE('',(#11577),#11570,.F.);
#11579=CARTESIAN_POINT('',(1.158250065918E2,-4.276155742586E1,
-7.707526216632E0));
#11580=DIRECTION('',(0.E0,1.E0,0.E0));
#11581=DIRECTION('',(1.E0,0.E0,0.E0));
#11582=AXIS2_PLACEMENT_3D('',#11579,#11580,#11581);
#11583=PLANE('',#11582);
#11584=ORIENTED_EDGE('',*,*,#10035,.F.);
#11586=ORIENTED_EDGE('',*,*,#11585,.T.);
#11587=ORIENTED_EDGE('',*,*,#10367,.F.);
#11588=ORIENTED_EDGE('',*,*,#11572,.F.);
#11589=EDGE_LOOP('',(#11584,#11586,#11587,#11588));
#11590=FACE_OUTER_BOUND('',#11589,.F.);
#11591=ADVANCED_FACE('',(#11590),#11583,.F.);
#11592=CARTESIAN_POINT('',(1.141500073339E2,-4.494651889777E1,
-5.907526216635E0));
#11593=DIRECTION('',(1.E0,0.E0,0.E0));
#11594=DIRECTION('',(0.E0,0.E0,1.E0));
#11595=AXIS2_PLACEMENT_3D('',#11592,#11593,#11594);
#11596=PLANE('',#11595);
#11597=ORIENTED_EDGE('',*,*,#11585,.F.);
#11598=ORIENTED_EDGE('',*,*,#10033,.F.);
#11600=ORIENTED_EDGE('',*,*,#11599,.T.);
#11601=ORIENTED_EDGE('',*,*,#10369,.F.);
#11602=EDGE_LOOP('',(#11597,#11598,#11600,#11601));
#11603=FACE_OUTER_BOUND('',#11602,.F.);
#11604=ADVANCED_FACE('',(#11603),#11596,.F.);
#11605=CARTESIAN_POINT('',(1.071500073339E2,-3.794651889777E1,
-5.907526216635E0));
#11606=DIRECTION('',(0.E0,1.E0,0.E0));
#11607=DIRECTION('',(0.E0,0.E0,-1.E0));
#11608=AXIS2_PLACEMENT_3D('',#11605,#11606,#11607);
#11609=PLANE('',#11608);
#11610=ORIENTED_EDGE('',*,*,#10031,.F.);
#11612=ORIENTED_EDGE('',*,*,#11611,.T.);
#11613=ORIENTED_EDGE('',*,*,#10371,.F.);
#11614=ORIENTED_EDGE('',*,*,#11599,.F.);
#11615=EDGE_LOOP('',(#11610,#11612,#11613,#11614));
#11616=FACE_OUTER_BOUND('',#11615,.F.);
#11617=ADVANCED_FACE('',(#11616),#11609,.F.);
#11618=CARTESIAN_POINT('',(1.001500073339E2,-4.494651889777E1,
-5.907526216635E0));
#11619=DIRECTION('',(-1.E0,0.E0,0.E0));
#11620=DIRECTION('',(0.E0,0.E0,-1.E0));
#11621=AXIS2_PLACEMENT_3D('',#11618,#11619,#11620);
#11622=PLANE('',#11621);
#11624=ORIENTED_EDGE('',*,*,#11623,.F.);
#11625=ORIENTED_EDGE('',*,*,#10373,.F.);
#11626=ORIENTED_EDGE('',*,*,#11611,.F.);
#11627=ORIENTED_EDGE('',*,*,#10029,.F.);
#11628=EDGE_LOOP('',(#11624,#11625,#11626,#11627));
#11629=FACE_OUTER_BOUND('',#11628,.F.);
#11630=ADVANCED_FACE('',(#11629),#11622,.F.);
#11631=CARTESIAN_POINT('',(1.001750073280E2,-4.276155743346E1,
-7.707526216631E0));
#11632=DIRECTION('',(0.E0,1.E0,0.E0));
#11633=DIRECTION('',(1.E0,0.E0,0.E0));
#11634=AXIS2_PLACEMENT_3D('',#11631,#11632,#11633);
#11635=PLANE('',#11634);
#11636=ORIENTED_EDGE('',*,*,#10027,.F.);
#11638=ORIENTED_EDGE('',*,*,#11637,.T.);
#11639=ORIENTED_EDGE('',*,*,#10375,.F.);
#11640=ORIENTED_EDGE('',*,*,#11623,.T.);
#11641=EDGE_LOOP('',(#11636,#11638,#11639,#11640));
#11642=FACE_OUTER_BOUND('',#11641,.F.);
#11643=ADVANCED_FACE('',(#11642),#11635,.F.);
#11644=CARTESIAN_POINT('',(9.847500659791E1,-4.276155743346E1,
-7.707526216631E0));
#11645=DIRECTION('',(1.E0,0.E0,0.E0));
#11646=DIRECTION('',(0.E0,-1.E0,0.E0));
#11647=AXIS2_PLACEMENT_3D('',#11644,#11645,#11646);
#11648=PLANE('',#11647);
#11649=ORIENTED_EDGE('',*,*,#10025,.F.);
#11651=ORIENTED_EDGE('',*,*,#11650,.T.);
#11652=ORIENTED_EDGE('',*,*,#10377,.F.);
#11653=ORIENTED_EDGE('',*,*,#11637,.F.);
#11654=EDGE_LOOP('',(#11649,#11651,#11652,#11653));
#11655=FACE_OUTER_BOUND('',#11654,.F.);
#11656=ADVANCED_FACE('',(#11655),#11648,.F.);
#11657=CARTESIAN_POINT('',(9.847500659791E1,-3.951155742846E1,
-7.707526216632E0));
#11658=DIRECTION('',(0.E0,1.E0,0.E0));
#11659=DIRECTION('',(1.E0,0.E0,0.E0));
#11660=AXIS2_PLACEMENT_3D('',#11657,#11658,#11659);
#11661=PLANE('',#11660);
#11662=ORIENTED_EDGE('',*,*,#10023,.F.);
#11664=ORIENTED_EDGE('',*,*,#11663,.T.);
#11665=ORIENTED_EDGE('',*,*,#10379,.F.);
#11666=ORIENTED_EDGE('',*,*,#11650,.F.);
#11667=EDGE_LOOP('',(#11662,#11664,#11665,#11666));
#11668=FACE_OUTER_BOUND('',#11667,.F.);
#11669=ADVANCED_FACE('',(#11668),#11661,.F.);
#11670=CARTESIAN_POINT('',(9.182500733511E1,-3.951155742846E1,
-7.707526216632E0));
#11671=DIRECTION('',(-1.E0,0.E0,0.E0));
#11672=DIRECTION('',(0.E0,1.E0,0.E0));
#11673=AXIS2_PLACEMENT_3D('',#11670,#11671,#11672);
#11674=PLANE('',#11673);
#11675=ORIENTED_EDGE('',*,*,#10021,.F.);
#11677=ORIENTED_EDGE('',*,*,#11676,.T.);
#11678=ORIENTED_EDGE('',*,*,#10381,.F.);
#11679=ORIENTED_EDGE('',*,*,#11663,.F.);
#11680=EDGE_LOOP('',(#11675,#11677,#11678,#11679));
#11681=FACE_OUTER_BOUND('',#11680,.F.);
#11682=ADVANCED_FACE('',(#11681),#11674,.F.);
#11683=CARTESIAN_POINT('',(9.182500733511E1,-4.276155743346E1,
-7.707526216631E0));
#11684=DIRECTION('',(0.E0,1.E0,0.E0));
#11685=DIRECTION('',(1.E0,0.E0,0.E0));
#11686=AXIS2_PLACEMENT_3D('',#11683,#11684,#11685);
#11687=PLANE('',#11686);
#11688=ORIENTED_EDGE('',*,*,#10019,.F.);
#11690=ORIENTED_EDGE('',*,*,#11689,.T.);
#11691=ORIENTED_EDGE('',*,*,#10383,.F.);
#11692=ORIENTED_EDGE('',*,*,#11676,.F.);
#11693=EDGE_LOOP('',(#11688,#11690,#11691,#11692));
#11694=FACE_OUTER_BOUND('',#11693,.F.);
#11695=ADVANCED_FACE('',(#11694),#11687,.F.);
#11696=CARTESIAN_POINT('',(9.092500732911E1,-4.557919668058E1,
-9.207526216635E0));
#11697=DIRECTION('',(-1.E0,0.E0,0.E0));
#11698=DIRECTION('',(0.E0,0.E0,-1.E0));
#11699=AXIS2_PLACEMENT_3D('',#11696,#11697,#11698);
#11700=PLANE('',#11699);
#11701=ORIENTED_EDGE('',*,*,#10017,.F.);
#11703=ORIENTED_EDGE('',*,*,#11702,.T.);
#11704=ORIENTED_EDGE('',*,*,#10385,.F.);
#11705=ORIENTED_EDGE('',*,*,#11689,.F.);
#11706=EDGE_LOOP('',(#11701,#11703,#11704,#11705));
#11707=FACE_OUTER_BOUND('',#11706,.F.);
#11708=ADVANCED_FACE('',(#11707),#11700,.F.);
#11709=CARTESIAN_POINT('',(9.092500732911E1,-4.521155743566E1,
-7.707526216631E0));
#11710=DIRECTION('',(0.E0,-1.E0,0.E0));
#11711=DIRECTION('',(-1.E0,0.E0,0.E0));
#11712=AXIS2_PLACEMENT_3D('',#11709,#11710,#11711);
#11713=PLANE('',#11712);
#11714=ORIENTED_EDGE('',*,*,#10015,.F.);
#11716=ORIENTED_EDGE('',*,*,#11715,.T.);
#11717=ORIENTED_EDGE('',*,*,#10387,.F.);
#11718=ORIENTED_EDGE('',*,*,#11702,.F.);
#11719=EDGE_LOOP('',(#11714,#11716,#11717,#11718));
#11720=FACE_OUTER_BOUND('',#11719,.F.);
#11721=ADVANCED_FACE('',(#11720),#11713,.F.);
#11722=CARTESIAN_POINT('',(9.182500733511E1,-4.521155743566E1,
-7.707526216631E0));
#11723=DIRECTION('',(-1.E0,0.E0,0.E0));
#11724=DIRECTION('',(0.E0,1.E0,0.E0));
#11725=AXIS2_PLACEMENT_3D('',#11722,#11723,#11724);
#11726=PLANE('',#11725);
#11727=ORIENTED_EDGE('',*,*,#10013,.F.);
#11729=ORIENTED_EDGE('',*,*,#11728,.T.);
#11730=ORIENTED_EDGE('',*,*,#10389,.F.);
#11731=ORIENTED_EDGE('',*,*,#11715,.F.);
#11732=EDGE_LOOP('',(#11727,#11729,#11730,#11731));
#11733=FACE_OUTER_BOUND('',#11732,.F.);
#11734=ADVANCED_FACE('',(#11733),#11726,.F.);
#11735=CARTESIAN_POINT('',(9.182500733511E1,-5.171155743026E1,
-7.707526216631E0));
#11736=DIRECTION('',(0.E0,-1.E0,0.E0));
#11737=DIRECTION('',(-1.E0,0.E0,0.E0));
#11738=AXIS2_PLACEMENT_3D('',#11735,#11736,#11737);
#11739=PLANE('',#11738);
#11740=ORIENTED_EDGE('',*,*,#10011,.F.);
#11742=ORIENTED_EDGE('',*,*,#11741,.T.);
#11743=ORIENTED_EDGE('',*,*,#10391,.F.);
#11744=ORIENTED_EDGE('',*,*,#11728,.F.);
#11745=EDGE_LOOP('',(#11740,#11742,#11743,#11744));
#11746=FACE_OUTER_BOUND('',#11745,.F.);
#11747=ADVANCED_FACE('',(#11746),#11739,.F.);
#11748=CARTESIAN_POINT('',(9.359654929630E1,-5.246171591072E1,
-9.207526216631E0));
#11749=DIRECTION('',(-1.E0,0.E0,0.E0));
#11750=DIRECTION('',(0.E0,0.E0,-1.E0));
#11751=AXIS2_PLACEMENT_3D('',#11748,#11749,#11750);
#11752=PLANE('',#11751);
#11753=ORIENTED_EDGE('',*,*,#10009,.F.);
#11755=ORIENTED_EDGE('',*,*,#11754,.T.);
#11756=ORIENTED_EDGE('',*,*,#10393,.F.);
#11757=ORIENTED_EDGE('',*,*,#11741,.F.);
#11758=EDGE_LOOP('',(#11753,#11755,#11756,#11757));
#11759=FACE_OUTER_BOUND('',#11758,.F.);
#11760=ADVANCED_FACE('',(#11759),#11752,.F.);
#11761=CARTESIAN_POINT('',(1.071500073302E2,-5.321187446340E1,
-9.207526216635E0));
#11762=DIRECTION('',(0.E0,-1.E0,0.E0));
#11763=DIRECTION('',(0.E0,0.E0,1.E0));
#11764=AXIS2_PLACEMENT_3D('',#11761,#11762,#11763);
#11765=PLANE('',#11764);
#11766=ORIENTED_EDGE('',*,*,#10007,.F.);
#11768=ORIENTED_EDGE('',*,*,#11767,.T.);
#11769=ORIENTED_EDGE('',*,*,#10395,.F.);
#11770=ORIENTED_EDGE('',*,*,#11754,.F.);
#11771=EDGE_LOOP('',(#11766,#11768,#11769,#11770));
#11772=FACE_OUTER_BOUND('',#11771,.F.);
#11773=ADVANCED_FACE('',(#11772),#11765,.F.);
#11774=CARTESIAN_POINT('',(9.670250579119E1,-5.246171591072E1,
-9.207526216631E0));
#11775=DIRECTION('',(1.E0,0.E0,0.E0));
#11776=DIRECTION('',(0.E0,0.E0,1.E0));
#11777=AXIS2_PLACEMENT_3D('',#11774,#11775,#11776);
#11778=PLANE('',#11777);
#11779=ORIENTED_EDGE('',*,*,#10005,.F.);
#11781=ORIENTED_EDGE('',*,*,#11780,.T.);
#11782=ORIENTED_EDGE('',*,*,#10397,.F.);
#11783=ORIENTED_EDGE('',*,*,#11767,.F.);
#11784=EDGE_LOOP('',(#11779,#11781,#11782,#11783));
#11785=FACE_OUTER_BOUND('',#11784,.F.);
#11786=ADVANCED_FACE('',(#11785),#11778,.F.);
#11787=CARTESIAN_POINT('',(9.670000733111E1,-5.171155743026E1,
-7.707526216631E0));
#11788=DIRECTION('',(0.E0,-1.E0,0.E0));
#11789=DIRECTION('',(-1.E0,0.E0,0.E0));
#11790=AXIS2_PLACEMENT_3D('',#11787,#11788,#11789);
#11791=PLANE('',#11790);
#11792=ORIENTED_EDGE('',*,*,#10003,.F.);
#11794=ORIENTED_EDGE('',*,*,#11793,.T.);
#11795=ORIENTED_EDGE('',*,*,#10399,.F.);
#11796=ORIENTED_EDGE('',*,*,#11780,.F.);
#11797=EDGE_LOOP('',(#11792,#11794,#11795,#11796));
#11798=FACE_OUTER_BOUND('',#11797,.F.);
#11799=ADVANCED_FACE('',(#11798),#11791,.F.);
#11800=CARTESIAN_POINT('',(9.847500724311E1,-5.171155743026E1,
-7.707526216631E0));
#11801=DIRECTION('',(1.E0,0.E0,0.E0));
#11802=DIRECTION('',(0.E0,-1.E0,0.E0));
#11803=AXIS2_PLACEMENT_3D('',#11800,#11801,#11802);
#11804=PLANE('',#11803);
#11805=ORIENTED_EDGE('',*,*,#10001,.F.);
#11807=ORIENTED_EDGE('',*,*,#11806,.T.);
#11808=ORIENTED_EDGE('',*,*,#10401,.F.);
#11809=ORIENTED_EDGE('',*,*,#11793,.F.);
#11810=EDGE_LOOP('',(#11805,#11807,#11808,#11809));
#11811=FACE_OUTER_BOUND('',#11810,.F.);
#11812=ADVANCED_FACE('',(#11811),#11804,.F.);
#11813=CARTESIAN_POINT('',(9.847500724311E1,-5.097151889516E1,
-7.707526216632E0));
#11814=DIRECTION('',(0.E0,-1.E0,0.E0));
#11815=DIRECTION('',(-1.E0,0.E0,0.E0));
#11816=AXIS2_PLACEMENT_3D('',#11813,#11814,#11815);
#11817=PLANE('',#11816);
#11818=ORIENTED_EDGE('',*,*,#9999,.F.);
#11820=ORIENTED_EDGE('',*,*,#11819,.T.);
#11821=ORIENTED_EDGE('',*,*,#10403,.F.);
#11822=ORIENTED_EDGE('',*,*,#11806,.F.);
#11823=EDGE_LOOP('',(#11818,#11820,#11821,#11822));
#11824=FACE_OUTER_BOUND('',#11823,.F.);
#11825=ADVANCED_FACE('',(#11824),#11817,.F.);
#11826=CARTESIAN_POINT('',(1.001500073339E2,-4.494651889777E1,
-5.907526216635E0));
#11827=DIRECTION('',(-1.E0,0.E0,0.E0));
#11828=DIRECTION('',(0.E0,0.E0,-1.E0));
#11829=AXIS2_PLACEMENT_3D('',#11826,#11827,#11828);
#11830=PLANE('',#11829);
#11831=ORIENTED_EDGE('',*,*,#11819,.F.);
#11832=ORIENTED_EDGE('',*,*,#9997,.F.);
#11834=ORIENTED_EDGE('',*,*,#11833,.T.);
#11835=ORIENTED_EDGE('',*,*,#10405,.F.);
#11836=EDGE_LOOP('',(#11831,#11832,#11834,#11835));
#11837=FACE_OUTER_BOUND('',#11836,.F.);
#11838=ADVANCED_FACE('',(#11837),#11830,.F.);
#11839=CARTESIAN_POINT('',(1.071500073339E2,-5.194651889777E1,
-5.907526216635E0));
#11840=DIRECTION('',(0.E0,-1.E0,0.E0));
#11841=DIRECTION('',(0.E0,0.E0,1.E0));
#11842=AXIS2_PLACEMENT_3D('',#11839,#11840,#11841);
#11843=PLANE('',#11842);
#11844=ORIENTED_EDGE('',*,*,#9995,.F.);
#11846=ORIENTED_EDGE('',*,*,#11845,.T.);
#11847=ORIENTED_EDGE('',*,*,#10407,.F.);
#11848=ORIENTED_EDGE('',*,*,#11833,.F.);
#11849=EDGE_LOOP('',(#11844,#11846,#11847,#11848));
#11850=FACE_OUTER_BOUND('',#11849,.F.);
#11851=ADVANCED_FACE('',(#11850),#11843,.F.);
#11852=CARTESIAN_POINT('',(1.141500073339E2,-4.494651889777E1,
-5.907526216635E0));
#11853=DIRECTION('',(1.E0,0.E0,0.E0));
#11854=DIRECTION('',(0.E0,0.E0,1.E0));
#11855=AXIS2_PLACEMENT_3D('',#11852,#11853,#11854);
#11856=PLANE('',#11855);
#11858=ORIENTED_EDGE('',*,*,#11857,.F.);
#11859=ORIENTED_EDGE('',*,*,#10409,.F.);
#11860=ORIENTED_EDGE('',*,*,#11845,.F.);
#11861=ORIENTED_EDGE('',*,*,#9993,.F.);
#11862=EDGE_LOOP('',(#11858,#11859,#11860,#11861));
#11863=FACE_OUTER_BOUND('',#11862,.F.);
#11864=ADVANCED_FACE('',(#11863),#11856,.F.);
#11865=CARTESIAN_POINT('',(1.141250073273E2,-5.097151889516E1,
-7.707526216632E0));
#11866=DIRECTION('',(0.E0,-1.E0,0.E0));
#11867=DIRECTION('',(-1.E0,0.E0,0.E0));
#11868=AXIS2_PLACEMENT_3D('',#11865,#11866,#11867);
#11869=PLANE('',#11868);
#11870=ORIENTED_EDGE('',*,*,#9991,.F.);
#11872=ORIENTED_EDGE('',*,*,#11871,.T.);
#11873=ORIENTED_EDGE('',*,*,#10411,.F.);
#11874=ORIENTED_EDGE('',*,*,#11857,.T.);
#11875=EDGE_LOOP('',(#11870,#11872,#11873,#11874));
#11876=FACE_OUTER_BOUND('',#11875,.F.);
#11877=ADVANCED_FACE('',(#11876),#11869,.F.);
#11878=CARTESIAN_POINT('',(1.158250072420E2,-5.097151889516E1,
-7.707526216632E0));
#11879=DIRECTION('',(-1.E0,0.E0,0.E0));
#11880=DIRECTION('',(0.E0,1.E0,0.E0));
#11881=AXIS2_PLACEMENT_3D('',#11878,#11879,#11880);
#11882=PLANE('',#11881);
#11883=ORIENTED_EDGE('',*,*,#9989,.F.);
#11885=ORIENTED_EDGE('',*,*,#11884,.T.);
#11886=ORIENTED_EDGE('',*,*,#10413,.F.);
#11887=ORIENTED_EDGE('',*,*,#11871,.F.);
#11888=EDGE_LOOP('',(#11883,#11885,#11886,#11887));
#11889=FACE_OUTER_BOUND('',#11888,.F.);
#11890=ADVANCED_FACE('',(#11889),#11882,.F.);
#11891=CARTESIAN_POINT('',(1.158250072420E2,-5.171155741246E1,
-7.707526216631E0));
#11892=DIRECTION('',(0.E0,-1.E0,0.E0));
#11893=DIRECTION('',(-1.E0,0.E0,0.E0));
#11894=AXIS2_PLACEMENT_3D('',#11891,#11892,#11893);
#11895=PLANE('',#11894);
#11896=ORIENTED_EDGE('',*,*,#9987,.F.);
#11897=ORIENTED_EDGE('',*,*,#11444,.T.);
#11898=ORIENTED_EDGE('',*,*,#10415,.F.);
#11899=ORIENTED_EDGE('',*,*,#11884,.F.);
#11900=EDGE_LOOP('',(#11896,#11897,#11898,#11899));
#11901=FACE_OUTER_BOUND('',#11900,.F.);
#11902=ADVANCED_FACE('',(#11901),#11895,.F.);
#11903=CARTESIAN_POINT('',(-2.137499914106E1,-5.699651890219E1,
-5.907526216637E0));
#11904=DIRECTION('',(0.E0,1.E0,0.E0));
#11905=DIRECTION('',(0.E0,0.E0,-1.E0));
#11906=AXIS2_PLACEMENT_3D('',#11903,#11904,#11905);
#11907=PLANE('',#11906);
#11908=ORIENTED_EDGE('',*,*,#9124,.T.);
#11910=ORIENTED_EDGE('',*,*,#11909,.T.);
#11911=ORIENTED_EDGE('',*,*,#10420,.F.);
#11912=ORIENTED_EDGE('',*,*,#8830,.F.);
#11913=EDGE_LOOP('',(#11908,#11910,#11911,#11912));
#11914=FACE_OUTER_BOUND('',#11913,.F.);
#11915=ADVANCED_FACE('',(#11914),#11907,.F.);
#11916=CARTESIAN_POINT('',(-2.837499914106E1,-6.399651890219E1,
-5.907526216637E0));
#11917=DIRECTION('',(-1.E0,0.E0,0.E0));
#11918=DIRECTION('',(0.E0,0.E0,-1.E0));
#11919=AXIS2_PLACEMENT_3D('',#11916,#11917,#11918);
#11920=PLANE('',#11919);
#11921=ORIENTED_EDGE('',*,*,#10422,.F.);
#11922=ORIENTED_EDGE('',*,*,#11909,.F.);
#11923=ORIENTED_EDGE('',*,*,#9122,.T.);
#11925=ORIENTED_EDGE('',*,*,#11924,.T.);
#11926=EDGE_LOOP('',(#11921,#11922,#11923,#11925));
#11927=FACE_OUTER_BOUND('',#11926,.F.);
#11928=ADVANCED_FACE('',(#11927),#11920,.F.);
#11929=CARTESIAN_POINT('',(2.528255194251E1,-6.098912535948E1,
-2.010752621664E1));
#11930=DIRECTION('',(0.E0,1.E0,0.E0));
#11931=DIRECTION('',(1.E0,0.E0,0.E0));
#11932=AXIS2_PLACEMENT_3D('',#11929,#11930,#11931);
#11933=PLANE('',#11932);
#11934=ORIENTED_EDGE('',*,*,#9120,.F.);
#11936=ORIENTED_EDGE('',*,*,#11935,.F.);
#11937=ORIENTED_EDGE('',*,*,#10424,.F.);
#11938=ORIENTED_EDGE('',*,*,#11924,.F.);
#11939=EDGE_LOOP('',(#11934,#11936,#11937,#11938));
#11940=FACE_OUTER_BOUND('',#11939,.F.);
#11941=ADVANCED_FACE('',(#11940),#11933,.F.);
#11942=CARTESIAN_POINT('',(-6.814511886031E1,-6.098912535948E1,
-2.010752621664E1));
#11943=DIRECTION('',(1.E0,0.E0,0.E0));
#11944=DIRECTION('',(0.E0,-1.E0,0.E0));
#11945=AXIS2_PLACEMENT_3D('',#11942,#11943,#11944);
#11946=PLANE('',#11945);
#11947=ORIENTED_EDGE('',*,*,#9118,.F.);
#11949=ORIENTED_EDGE('',*,*,#11948,.F.);
#11950=ORIENTED_EDGE('',*,*,#10426,.F.);
#11951=ORIENTED_EDGE('',*,*,#11935,.T.);
#11952=EDGE_LOOP('',(#11947,#11949,#11950,#11951));
#11953=FACE_OUTER_BOUND('',#11952,.F.);
#11954=ADVANCED_FACE('',(#11953),#11946,.F.);
#11955=CARTESIAN_POINT('',(-6.808977688331E1,-5.723912536269E1,
-2.010752621664E1));
#11956=DIRECTION('',(0.E0,1.E0,0.E0));
#11957=DIRECTION('',(1.E0,0.E0,0.E0));
#11958=AXIS2_PLACEMENT_3D('',#11955,#11956,#11957);
#11959=PLANE('',#11958);
#11960=ORIENTED_EDGE('',*,*,#9116,.F.);
#11962=ORIENTED_EDGE('',*,*,#11961,.T.);
#11963=ORIENTED_EDGE('',*,*,#10428,.F.);
#11964=ORIENTED_EDGE('',*,*,#11948,.T.);
#11965=EDGE_LOOP('',(#11960,#11962,#11963,#11964));
#11966=FACE_OUTER_BOUND('',#11965,.F.);
#11967=ADVANCED_FACE('',(#11966),#11959,.F.);
#11968=CARTESIAN_POINT('',(-6.991762031223E1,-5.648813180963E1,
-9.107526216634E0));
#11969=DIRECTION('',(1.E0,0.E0,0.E0));
#11970=DIRECTION('',(0.E0,0.E0,1.E0));
#11971=AXIS2_PLACEMENT_3D('',#11968,#11969,#11970);
#11972=PLANE('',#11971);
#11973=ORIENTED_EDGE('',*,*,#9114,.F.);
#11975=ORIENTED_EDGE('',*,*,#11974,.F.);
#11976=ORIENTED_EDGE('',*,*,#10430,.F.);
#11977=ORIENTED_EDGE('',*,*,#11961,.F.);
#11978=EDGE_LOOP('',(#11973,#11975,#11976,#11977));
#11979=FACE_OUTER_BOUND('',#11978,.F.);
#11980=ADVANCED_FACE('',(#11979),#11972,.F.);
#11981=CARTESIAN_POINT('',(-2.142011913687E1,-5.573713818436E1,
-2.407526216636E0));
#11982=DIRECTION('',(0.E0,1.E0,0.E0));
#11983=DIRECTION('',(0.E0,0.E0,1.E0));
#11984=AXIS2_PLACEMENT_3D('',#11981,#11982,#11983);
#11985=PLANE('',#11984);
#11986=ORIENTED_EDGE('',*,*,#10432,.T.);
#11987=ORIENTED_EDGE('',*,*,#11974,.T.);
#11988=ORIENTED_EDGE('',*,*,#9112,.T.);
#11990=ORIENTED_EDGE('',*,*,#11989,.F.);
#11991=EDGE_LOOP('',(#11986,#11987,#11988,#11990));
#11992=FACE_OUTER_BOUND('',#11991,.F.);
#11993=ADVANCED_FACE('',(#11992),#11985,.F.);
#11994=CARTESIAN_POINT('',(-7.302357680710E1,-5.648813180963E1,
-9.107526216634E0));
#11995=DIRECTION('',(-1.E0,0.E0,0.E0));
#11996=DIRECTION('',(0.E0,0.E0,-1.E0));
#11997=AXIS2_PLACEMENT_3D('',#11994,#11995,#11996);
#11998=PLANE('',#11997);
#11999=ORIENTED_EDGE('',*,*,#9110,.F.);
#12001=ORIENTED_EDGE('',*,*,#12000,.T.);
#12002=ORIENTED_EDGE('',*,*,#10434,.F.);
#12003=ORIENTED_EDGE('',*,*,#11989,.T.);
#12004=EDGE_LOOP('',(#11999,#12001,#12002,#12003));
#12005=FACE_OUTER_BOUND('',#12004,.F.);
#12006=ADVANCED_FACE('',(#12005),#11998,.F.);
#12007=CARTESIAN_POINT('',(-7.296477679547E1,-5.723912536269E1,
-2.010752621664E1));
#12008=DIRECTION('',(0.E0,1.E0,0.E0));
#12009=DIRECTION('',(1.E0,0.E0,0.E0));
#12010=AXIS2_PLACEMENT_3D('',#12007,#12008,#12009);
#12011=PLANE('',#12010);
#12012=ORIENTED_EDGE('',*,*,#9108,.F.);
#12014=ORIENTED_EDGE('',*,*,#12013,.F.);
#12015=ORIENTED_EDGE('',*,*,#10436,.F.);
#12016=ORIENTED_EDGE('',*,*,#12000,.F.);
#12017=EDGE_LOOP('',(#12012,#12014,#12015,#12016));
#12018=FACE_OUTER_BOUND('',#12017,.F.);
#12019=ADVANCED_FACE('',(#12018),#12011,.F.);
#12020=CARTESIAN_POINT('',(-7.479511876831E1,-5.723912536269E1,
-2.010752621664E1));
#12021=DIRECTION('',(-1.E0,0.E0,0.E0));
#12022=DIRECTION('',(0.E0,1.E0,0.E0));
#12023=AXIS2_PLACEMENT_3D('',#12020,#12021,#12022);
#12024=PLANE('',#12023);
#12025=ORIENTED_EDGE('',*,*,#9106,.F.);
#12027=ORIENTED_EDGE('',*,*,#12026,.F.);
#12028=ORIENTED_EDGE('',*,*,#10438,.F.);
#12029=ORIENTED_EDGE('',*,*,#12013,.T.);
#12030=EDGE_LOOP('',(#12025,#12027,#12028,#12029));
#12031=FACE_OUTER_BOUND('',#12030,.F.);
#12032=ADVANCED_FACE('',(#12031),#12024,.F.);
#12033=CARTESIAN_POINT('',(-7.473977679131E1,-6.373912535728E1,
-2.010752621664E1));
#12034=DIRECTION('',(0.E0,1.E0,0.E0));
#12035=DIRECTION('',(1.E0,0.E0,0.E0));
#12036=AXIS2_PLACEMENT_3D('',#12033,#12034,#12035);
#12037=PLANE('',#12036);
#12038=ORIENTED_EDGE('',*,*,#9104,.F.);
#12040=ORIENTED_EDGE('',*,*,#12039,.T.);
#12041=ORIENTED_EDGE('',*,*,#10440,.F.);
#12042=ORIENTED_EDGE('',*,*,#12026,.T.);
#12043=EDGE_LOOP('',(#12038,#12040,#12041,#12042));
#12044=FACE_OUTER_BOUND('',#12043,.F.);
#12045=ADVANCED_FACE('',(#12044),#12037,.F.);
#12046=CARTESIAN_POINT('',(-7.569511877425E1,-6.258813177442E1,
-2.407526216636E0));
#12047=DIRECTION('',(-1.E0,0.E0,0.E0));
#12048=DIRECTION('',(0.E0,0.E0,-1.E0));
#12049=AXIS2_PLACEMENT_3D('',#12046,#12047,#12048);
#12050=PLANE('',#12049);
#12051=ORIENTED_EDGE('',*,*,#10442,.T.);
#12052=ORIENTED_EDGE('',*,*,#12039,.F.);
#12053=ORIENTED_EDGE('',*,*,#9102,.T.);
#12055=ORIENTED_EDGE('',*,*,#12054,.T.);
#12056=EDGE_LOOP('',(#12051,#12052,#12053,#12055));
#12057=FACE_OUTER_BOUND('',#12056,.F.);
#12058=ADVANCED_FACE('',(#12057),#12050,.F.);
#12059=CARTESIAN_POINT('',(-7.563977679725E1,-6.618912535949E1,
-2.010752621664E1));
#12060=DIRECTION('',(0.E0,-1.E0,0.E0));
#12061=DIRECTION('',(-1.E0,0.E0,0.E0));
#12062=AXIS2_PLACEMENT_3D('',#12059,#12060,#12061);
#12063=PLANE('',#12062);
#12064=ORIENTED_EDGE('',*,*,#9100,.F.);
#12066=ORIENTED_EDGE('',*,*,#12065,.F.);
#12067=ORIENTED_EDGE('',*,*,#10444,.F.);
#12068=ORIENTED_EDGE('',*,*,#12054,.F.);
#12069=EDGE_LOOP('',(#12064,#12066,#12067,#12068));
#12070=FACE_OUTER_BOUND('',#12069,.F.);
#12071=ADVANCED_FACE('',(#12070),#12063,.F.);
#12072=CARTESIAN_POINT('',(-7.479511876831E1,-6.618912535949E1,
-2.010752621664E1));
#12073=DIRECTION('',(-1.E0,0.E0,0.E0));
#12074=DIRECTION('',(0.E0,1.E0,0.E0));
#12075=AXIS2_PLACEMENT_3D('',#12072,#12073,#12074);
#12076=PLANE('',#12075);
#12077=ORIENTED_EDGE('',*,*,#9098,.F.);
#12079=ORIENTED_EDGE('',*,*,#12078,.T.);
#12080=ORIENTED_EDGE('',*,*,#10446,.F.);
#12081=ORIENTED_EDGE('',*,*,#12065,.T.);
#12082=EDGE_LOOP('',(#12077,#12079,#12080,#12081));
#12083=FACE_OUTER_BOUND('',#12082,.F.);
#12084=ADVANCED_FACE('',(#12083),#12076,.F.);
#12085=CARTESIAN_POINT('',(-2.142011913687E1,-6.943912536449E1,
-2.407526216636E0));
#12086=DIRECTION('',(0.E0,-1.E0,0.E0));
#12087=DIRECTION('',(0.E0,0.E0,-1.E0));
#12088=AXIS2_PLACEMENT_3D('',#12085,#12086,#12087);
#12089=PLANE('',#12088);
#12090=ORIENTED_EDGE('',*,*,#10448,.T.);
#12091=ORIENTED_EDGE('',*,*,#12078,.F.);
#12092=ORIENTED_EDGE('',*,*,#9096,.T.);
#12094=ORIENTED_EDGE('',*,*,#12093,.T.);
#12095=EDGE_LOOP('',(#12090,#12091,#12092,#12094));
#12096=FACE_OUTER_BOUND('',#12095,.F.);
#12097=ADVANCED_FACE('',(#12096),#12089,.F.);
#12098=CARTESIAN_POINT('',(-6.814511950547E1,-6.943912536449E1,
-2.010752621664E1));
#12099=DIRECTION('',(1.E0,0.E0,0.E0));
#12100=DIRECTION('',(0.E0,-1.E0,0.E0));
#12101=AXIS2_PLACEMENT_3D('',#12098,#12099,#12100);
#12102=PLANE('',#12101);
#12103=ORIENTED_EDGE('',*,*,#9094,.F.);
#12105=ORIENTED_EDGE('',*,*,#12104,.F.);
#12106=ORIENTED_EDGE('',*,*,#10450,.F.);
#12107=ORIENTED_EDGE('',*,*,#12093,.F.);
#12108=EDGE_LOOP('',(#12103,#12105,#12106,#12107));
#12109=FACE_OUTER_BOUND('',#12108,.F.);
#12110=ADVANCED_FACE('',(#12109),#12102,.F.);
#12111=CARTESIAN_POINT('',(-6.806744888447E1,-6.618912535949E1,
-2.010752621664E1));
#12112=DIRECTION('',(0.E0,-1.E0,0.E0));
#12113=DIRECTION('',(-1.E0,0.E0,0.E0));
#12114=AXIS2_PLACEMENT_3D('',#12111,#12112,#12113);
#12115=PLANE('',#12114);
#12116=ORIENTED_EDGE('',*,*,#9092,.F.);
#12118=ORIENTED_EDGE('',*,*,#12117,.F.);
#12119=ORIENTED_EDGE('',*,*,#10452,.F.);
#12120=ORIENTED_EDGE('',*,*,#12104,.T.);
#12121=EDGE_LOOP('',(#12116,#12118,#12119,#12120));
#12122=FACE_OUTER_BOUND('',#12121,.F.);
#12123=ADVANCED_FACE('',(#12122),#12115,.F.);
#12124=CARTESIAN_POINT('',(-2.837499914106E1,-6.399651890219E1,
-2.407526216636E0));
#12125=DIRECTION('',(-1.E0,0.E0,0.E0));
#12126=DIRECTION('',(0.E0,0.E0,-1.E0));
#12127=AXIS2_PLACEMENT_3D('',#12124,#12125,#12126);
#12128=PLANE('',#12127);
#12129=ORIENTED_EDGE('',*,*,#10454,.F.);
#12130=ORIENTED_EDGE('',*,*,#12117,.T.);
#12131=ORIENTED_EDGE('',*,*,#9090,.F.);
#12133=ORIENTED_EDGE('',*,*,#12132,.T.);
#12134=EDGE_LOOP('',(#12129,#12130,#12131,#12133));
#12135=FACE_OUTER_BOUND('',#12134,.F.);
#12136=ADVANCED_FACE('',(#12135),#12128,.F.);
#12137=CARTESIAN_POINT('',(-2.137499914106E1,-7.099651890220E1,
-2.407526216636E0));
#12138=DIRECTION('',(0.E0,-1.E0,0.E0));
#12139=DIRECTION('',(0.E0,0.E0,1.E0));
#12140=AXIS2_PLACEMENT_3D('',#12137,#12138,#12139);
#12141=PLANE('',#12140);
#12143=ORIENTED_EDGE('',*,*,#12142,.T.);
#12144=ORIENTED_EDGE('',*,*,#10456,.F.);
#12145=ORIENTED_EDGE('',*,*,#12132,.F.);
#12146=ORIENTED_EDGE('',*,*,#9088,.F.);
#12147=EDGE_LOOP('',(#12143,#12144,#12145,#12146));
#12148=FACE_OUTER_BOUND('',#12147,.F.);
#12149=ADVANCED_FACE('',(#12148),#12141,.F.);
#12150=CARTESIAN_POINT('',(-1.437499914106E1,-6.399651890219E1,
-2.407526216636E0));
#12151=DIRECTION('',(1.E0,0.E0,0.E0));
#12152=DIRECTION('',(0.E0,0.E0,1.E0));
#12153=AXIS2_PLACEMENT_3D('',#12150,#12151,#12152);
#12154=PLANE('',#12153);
#12155=ORIENTED_EDGE('',*,*,#9086,.F.);
#12157=ORIENTED_EDGE('',*,*,#12156,.T.);
#12158=ORIENTED_EDGE('',*,*,#10458,.F.);
#12159=ORIENTED_EDGE('',*,*,#12142,.F.);
#12160=EDGE_LOOP('',(#12155,#12157,#12158,#12159));
#12161=FACE_OUTER_BOUND('',#12160,.F.);
#12162=ADVANCED_FACE('',(#12161),#12154,.F.);
#12163=CARTESIAN_POINT('',(-7.504512024047E1,-6.618912535949E1,
-2.010752621664E1));
#12164=DIRECTION('',(0.E0,-1.E0,0.E0));
#12165=DIRECTION('',(-1.E0,0.E0,0.E0));
#12166=AXIS2_PLACEMENT_3D('',#12163,#12164,#12165);
#12167=PLANE('',#12166);
#12168=ORIENTED_EDGE('',*,*,#9084,.F.);
#12170=ORIENTED_EDGE('',*,*,#12169,.F.);
#12171=ORIENTED_EDGE('',*,*,#10460,.F.);
#12172=ORIENTED_EDGE('',*,*,#12156,.F.);
#12173=EDGE_LOOP('',(#12168,#12170,#12171,#12172));
#12174=FACE_OUTER_BOUND('',#12173,.F.);
#12175=ADVANCED_FACE('',(#12174),#12167,.F.);
#12176=CARTESIAN_POINT('',(2.530488123171E1,-6.618912535949E1,
-2.010752621664E1));
#12177=DIRECTION('',(-1.E0,0.E0,0.E0));
#12178=DIRECTION('',(0.E0,1.E0,0.E0));
#12179=AXIS2_PLACEMENT_3D('',#12176,#12177,#12178);
#12180=PLANE('',#12179);
#12181=ORIENTED_EDGE('',*,*,#9082,.F.);
#12183=ORIENTED_EDGE('',*,*,#12182,.T.);
#12184=ORIENTED_EDGE('',*,*,#10462,.F.);
#12185=ORIENTED_EDGE('',*,*,#12169,.T.);
#12186=EDGE_LOOP('',(#12181,#12183,#12184,#12185));
#12187=FACE_OUTER_BOUND('',#12186,.F.);
#12188=ADVANCED_FACE('',(#12187),#12180,.F.);
#12189=CARTESIAN_POINT('',(-2.142011913687E1,-6.943912536449E1,
-2.407526216636E0));
#12190=DIRECTION('',(0.E0,-1.E0,0.E0));
#12191=DIRECTION('',(0.E0,0.E0,-1.E0));
#12192=AXIS2_PLACEMENT_3D('',#12189,#12190,#12191);
#12193=PLANE('',#12192);
#12194=ORIENTED_EDGE('',*,*,#10464,.T.);
#12195=ORIENTED_EDGE('',*,*,#12182,.F.);
#12196=ORIENTED_EDGE('',*,*,#9080,.T.);
#12198=ORIENTED_EDGE('',*,*,#12197,.T.);
#12199=EDGE_LOOP('',(#12194,#12195,#12196,#12198));
#12200=FACE_OUTER_BOUND('',#12199,.F.);
#12201=ADVANCED_FACE('',(#12200),#12193,.F.);
#12202=CARTESIAN_POINT('',(3.195488049451E1,-6.943912536449E1,
-2.010752621664E1));
#12203=DIRECTION('',(1.E0,0.E0,0.E0));
#12204=DIRECTION('',(0.E0,-1.E0,0.E0));
#12205=AXIS2_PLACEMENT_3D('',#12202,#12203,#12204);
#12206=PLANE('',#12205);
#12207=ORIENTED_EDGE('',*,*,#9078,.F.);
#12209=ORIENTED_EDGE('',*,*,#12208,.F.);
#12210=ORIENTED_EDGE('',*,*,#10466,.F.);
#12211=ORIENTED_EDGE('',*,*,#12197,.F.);
#12212=EDGE_LOOP('',(#12207,#12209,#12210,#12211));
#12213=FACE_OUTER_BOUND('',#12212,.F.);
#12214=ADVANCED_FACE('',(#12213),#12206,.F.);
#12215=CARTESIAN_POINT('',(3.195488049451E1,-6.618912535949E1,
-2.010752621664E1));
#12216=DIRECTION('',(0.E0,-1.E0,0.E0));
#12217=DIRECTION('',(-1.E0,0.E0,0.E0));
#12218=AXIS2_PLACEMENT_3D('',#12215,#12216,#12217);
#12219=PLANE('',#12218);
#12220=ORIENTED_EDGE('',*,*,#9076,.F.);
#12222=ORIENTED_EDGE('',*,*,#12221,.T.);
#12223=ORIENTED_EDGE('',*,*,#10468,.F.);
#12224=ORIENTED_EDGE('',*,*,#12208,.T.);
#12225=EDGE_LOOP('',(#12220,#12222,#12223,#12224));
#12226=FACE_OUTER_BOUND('',#12225,.F.);
#12227=ADVANCED_FACE('',(#12226),#12219,.F.);
#12228=CARTESIAN_POINT('',(3.285488050051E1,-6.258813177442E1,
-2.407526216636E0));
#12229=DIRECTION('',(1.E0,0.E0,0.E0));
#12230=DIRECTION('',(0.E0,0.E0,1.E0));
#12231=AXIS2_PLACEMENT_3D('',#12228,#12229,#12230);
#12232=PLANE('',#12231);
#12233=ORIENTED_EDGE('',*,*,#10470,.T.);
#12234=ORIENTED_EDGE('',*,*,#12221,.F.);
#12235=ORIENTED_EDGE('',*,*,#9074,.T.);
#12237=ORIENTED_EDGE('',*,*,#12236,.T.);
#12238=EDGE_LOOP('',(#12233,#12234,#12235,#12237));
#12239=FACE_OUTER_BOUND('',#12238,.F.);
#12240=ADVANCED_FACE('',(#12239),#12232,.F.);
#12241=CARTESIAN_POINT('',(3.285488050051E1,-6.373912535728E1,
-2.010752621664E1));
#12242=DIRECTION('',(0.E0,1.E0,0.E0));
#12243=DIRECTION('',(1.E0,0.E0,0.E0));
#12244=AXIS2_PLACEMENT_3D('',#12241,#12242,#12243);
#12245=PLANE('',#12244);
#12246=ORIENTED_EDGE('',*,*,#9072,.F.);
#12248=ORIENTED_EDGE('',*,*,#12247,.F.);
#12249=ORIENTED_EDGE('',*,*,#10472,.F.);
#12250=ORIENTED_EDGE('',*,*,#12236,.F.);
#12251=EDGE_LOOP('',(#12246,#12248,#12249,#12250));
#12252=FACE_OUTER_BOUND('',#12251,.F.);
#12253=ADVANCED_FACE('',(#12252),#12245,.F.);
#12254=CARTESIAN_POINT('',(3.195488049451E1,-6.373912535728E1,
-2.010752621664E1));
#12255=DIRECTION('',(1.E0,0.E0,0.E0));
#12256=DIRECTION('',(0.E0,-1.E0,0.E0));
#12257=AXIS2_PLACEMENT_3D('',#12254,#12255,#12256);
#12258=PLANE('',#12257);
#12260=ORIENTED_EDGE('',*,*,#12259,.F.);
#12261=ORIENTED_EDGE('',*,*,#10474,.F.);
#12262=ORIENTED_EDGE('',*,*,#12247,.T.);
#12263=ORIENTED_EDGE('',*,*,#9070,.T.);
#12264=EDGE_LOOP('',(#12260,#12261,#12262,#12263));
#12265=FACE_OUTER_BOUND('',#12264,.F.);
#12266=ADVANCED_FACE('',(#12265),#12258,.F.);
#12267=CARTESIAN_POINT('',(3.195488049451E1,-5.723912536269E1,
-2.010752621664E1));
#12268=DIRECTION('',(0.E0,1.E0,0.E0));
#12269=DIRECTION('',(1.E0,0.E0,0.E0));
#12270=AXIS2_PLACEMENT_3D('',#12267,#12268,#12269);
#12271=PLANE('',#12270);
#12272=ORIENTED_EDGE('',*,*,#9068,.F.);
#12274=ORIENTED_EDGE('',*,*,#12273,.T.);
#12275=ORIENTED_EDGE('',*,*,#10476,.F.);
#12276=ORIENTED_EDGE('',*,*,#12259,.T.);
#12277=EDGE_LOOP('',(#12272,#12274,#12275,#12276));
#12278=FACE_OUTER_BOUND('',#12277,.F.);
#12279=ADVANCED_FACE('',(#12278),#12271,.F.);
#12280=CARTESIAN_POINT('',(3.018333853331E1,-5.648813180965E1,
-9.107526216634E0));
#12281=DIRECTION('',(1.E0,0.E0,0.E0));
#12282=DIRECTION('',(0.E0,0.E0,1.E0));
#12283=AXIS2_PLACEMENT_3D('',#12280,#12281,#12282);
#12284=PLANE('',#12283);
#12285=ORIENTED_EDGE('',*,*,#9066,.F.);
#12287=ORIENTED_EDGE('',*,*,#12286,.F.);
#12288=ORIENTED_EDGE('',*,*,#10478,.F.);
#12289=ORIENTED_EDGE('',*,*,#12273,.F.);
#12290=EDGE_LOOP('',(#12285,#12287,#12288,#12289));
#12291=FACE_OUTER_BOUND('',#12290,.F.);
#12292=ADVANCED_FACE('',(#12291),#12284,.F.);
#12293=CARTESIAN_POINT('',(-2.142011913687E1,-5.573713818436E1,
-2.407526216636E0));
#12294=DIRECTION('',(0.E0,1.E0,0.E0));
#12295=DIRECTION('',(0.E0,0.E0,1.E0));
#12296=AXIS2_PLACEMENT_3D('',#12293,#12294,#12295);
#12297=PLANE('',#12296);
#12298=ORIENTED_EDGE('',*,*,#10480,.T.);
#12299=ORIENTED_EDGE('',*,*,#12286,.T.);
#12300=ORIENTED_EDGE('',*,*,#9064,.T.);
#12302=ORIENTED_EDGE('',*,*,#12301,.F.);
#12303=EDGE_LOOP('',(#12298,#12299,#12300,#12302));
#12304=FACE_OUTER_BOUND('',#12303,.F.);
#12305=ADVANCED_FACE('',(#12304),#12297,.F.);
#12306=CARTESIAN_POINT('',(2.707738203843E1,-5.648813180965E1,
-9.107526216634E0));
#12307=DIRECTION('',(-1.E0,0.E0,0.E0));
#12308=DIRECTION('',(0.E0,0.E0,-1.E0));
#12309=AXIS2_PLACEMENT_3D('',#12306,#12307,#12308);
#12310=PLANE('',#12309);
#12311=ORIENTED_EDGE('',*,*,#9062,.F.);
#12313=ORIENTED_EDGE('',*,*,#12312,.T.);
#12314=ORIENTED_EDGE('',*,*,#10482,.F.);
#12315=ORIENTED_EDGE('',*,*,#12301,.T.);
#12316=EDGE_LOOP('',(#12311,#12313,#12314,#12315));
#12317=FACE_OUTER_BOUND('',#12316,.F.);
#12318=ADVANCED_FACE('',(#12317),#12310,.F.);
#12319=CARTESIAN_POINT('',(2.707988049851E1,-5.723912536269E1,
-2.010752621664E1));
#12320=DIRECTION('',(0.E0,1.E0,0.E0));
#12321=DIRECTION('',(1.E0,0.E0,0.E0));
#12322=AXIS2_PLACEMENT_3D('',#12319,#12320,#12321);
#12323=PLANE('',#12322);
#12324=ORIENTED_EDGE('',*,*,#9060,.F.);
#12326=ORIENTED_EDGE('',*,*,#12325,.F.);
#12327=ORIENTED_EDGE('',*,*,#10484,.F.);
#12328=ORIENTED_EDGE('',*,*,#12312,.F.);
#12329=EDGE_LOOP('',(#12324,#12326,#12327,#12328));
#12330=FACE_OUTER_BOUND('',#12329,.F.);
#12331=ADVANCED_FACE('',(#12330),#12323,.F.);
#12332=CARTESIAN_POINT('',(2.530488058651E1,-5.723912536269E1,
-2.010752621664E1));
#12333=DIRECTION('',(-1.E0,0.E0,0.E0));
#12334=DIRECTION('',(0.E0,1.E0,0.E0));
#12335=AXIS2_PLACEMENT_3D('',#12332,#12333,#12334);
#12336=PLANE('',#12335);
#12337=ORIENTED_EDGE('',*,*,#9058,.F.);
#12339=ORIENTED_EDGE('',*,*,#12338,.F.);
#12340=ORIENTED_EDGE('',*,*,#10486,.F.);
#12341=ORIENTED_EDGE('',*,*,#12325,.T.);
#12342=EDGE_LOOP('',(#12337,#12339,#12340,#12341));
#12343=FACE_OUTER_BOUND('',#12342,.F.);
#12344=ADVANCED_FACE('',(#12343),#12336,.F.);
#12345=CARTESIAN_POINT('',(1.830488058651E1,-6.098912535948E1,
-2.010752621664E1));
#12346=DIRECTION('',(0.E0,1.E0,0.E0));
#12347=DIRECTION('',(1.E0,0.E0,0.E0));
#12348=AXIS2_PLACEMENT_3D('',#12345,#12346,#12347);
#12349=PLANE('',#12348);
#12350=ORIENTED_EDGE('',*,*,#9056,.F.);
#12351=ORIENTED_EDGE('',*,*,#8834,.F.);
#12352=ORIENTED_EDGE('',*,*,#10488,.F.);
#12353=ORIENTED_EDGE('',*,*,#12338,.T.);
#12354=EDGE_LOOP('',(#12350,#12351,#12352,#12353));
#12355=FACE_OUTER_BOUND('',#12354,.F.);
#12356=ADVANCED_FACE('',(#12355),#12349,.F.);
#12357=CARTESIAN_POINT('',(1.736500008082E2,1.220348110102E1,
-2.407526216636E0));
#12358=DIRECTION('',(1.E0,0.E0,0.E0));
#12359=DIRECTION('',(0.E0,0.E0,1.E0));
#12360=AXIS2_PLACEMENT_3D('',#12357,#12358,#12359);
#12361=PLANE('',#12360);
#12362=ORIENTED_EDGE('',*,*,#9135,.T.);
#12364=ORIENTED_EDGE('',*,*,#12363,.T.);
#12365=ORIENTED_EDGE('',*,*,#10492,.F.);
#12367=ORIENTED_EDGE('',*,*,#12366,.F.);
#12368=EDGE_LOOP('',(#12362,#12364,#12365,#12367));
#12369=FACE_OUTER_BOUND('',#12368,.F.);
#12370=ADVANCED_FACE('',(#12369),#12361,.F.);
#12371=CARTESIAN_POINT('',(1.666500008082E2,1.920348110102E1,
-2.407526216636E0));
#12372=DIRECTION('',(0.E0,1.E0,0.E0));
#12373=DIRECTION('',(0.E0,0.E0,-1.E0));
#12374=AXIS2_PLACEMENT_3D('',#12371,#12372,#12373);
#12375=PLANE('',#12374);
#12376=ORIENTED_EDGE('',*,*,#9133,.T.);
#12378=ORIENTED_EDGE('',*,*,#12377,.T.);
#12379=ORIENTED_EDGE('',*,*,#10494,.F.);
#12380=ORIENTED_EDGE('',*,*,#12363,.F.);
#12381=EDGE_LOOP('',(#12376,#12378,#12379,#12380));
#12382=FACE_OUTER_BOUND('',#12381,.F.);
#12383=ADVANCED_FACE('',(#12382),#12375,.F.);
#12384=CARTESIAN_POINT('',(1.596500008082E2,1.220348110102E1,
-2.407526216636E0));
#12385=DIRECTION('',(-1.E0,0.E0,0.E0));
#12386=DIRECTION('',(0.E0,0.E0,-1.E0));
#12387=AXIS2_PLACEMENT_3D('',#12384,#12385,#12386);
#12388=PLANE('',#12387);
#12389=ORIENTED_EDGE('',*,*,#9131,.T.);
#12391=ORIENTED_EDGE('',*,*,#12390,.T.);
#12392=ORIENTED_EDGE('',*,*,#10496,.F.);
#12393=ORIENTED_EDGE('',*,*,#12377,.F.);
#12394=EDGE_LOOP('',(#12389,#12391,#12392,#12393));
#12395=FACE_OUTER_BOUND('',#12394,.F.);
#12396=ADVANCED_FACE('',(#12395),#12388,.F.);
#12397=CARTESIAN_POINT('',(1.666500008082E2,5.203481101014E0,
-2.407526216636E0));
#12398=DIRECTION('',(0.E0,-1.E0,0.E0));
#12399=DIRECTION('',(0.E0,0.E0,1.E0));
#12400=AXIS2_PLACEMENT_3D('',#12397,#12398,#12399);
#12401=PLANE('',#12400);
#12402=ORIENTED_EDGE('',*,*,#9129,.T.);
#12403=ORIENTED_EDGE('',*,*,#12366,.T.);
#12404=ORIENTED_EDGE('',*,*,#10498,.F.);
#12405=ORIENTED_EDGE('',*,*,#12390,.F.);
#12406=EDGE_LOOP('',(#12402,#12403,#12404,#12405));
#12407=FACE_OUTER_BOUND('',#12406,.F.);
#12408=ADVANCED_FACE('',(#12407),#12401,.F.);
#12409=CARTESIAN_POINT('',(1.546000008352E2,1.220348110102E1,
-2.407526216636E0));
#12410=DIRECTION('',(1.E0,0.E0,0.E0));
#12411=DIRECTION('',(0.E0,0.E0,1.E0));
#12412=AXIS2_PLACEMENT_3D('',#12409,#12410,#12411);
#12413=PLANE('',#12412);
#12414=ORIENTED_EDGE('',*,*,#9145,.T.);
#12416=ORIENTED_EDGE('',*,*,#12415,.T.);
#12417=ORIENTED_EDGE('',*,*,#10502,.F.);
#12419=ORIENTED_EDGE('',*,*,#12418,.F.);
#12420=EDGE_LOOP('',(#12414,#12416,#12417,#12419));
#12421=FACE_OUTER_BOUND('',#12420,.F.);
#12422=ADVANCED_FACE('',(#12421),#12413,.F.);
#12423=CARTESIAN_POINT('',(1.476000008352E2,1.920348110102E1,
-2.407526216636E0));
#12424=DIRECTION('',(0.E0,1.E0,0.E0));
#12425=DIRECTION('',(0.E0,0.E0,-1.E0));
#12426=AXIS2_PLACEMENT_3D('',#12423,#12424,#12425);
#12427=PLANE('',#12426);
#12428=ORIENTED_EDGE('',*,*,#9143,.T.);
#12430=ORIENTED_EDGE('',*,*,#12429,.T.);
#12431=ORIENTED_EDGE('',*,*,#10504,.F.);
#12432=ORIENTED_EDGE('',*,*,#12415,.F.);
#12433=EDGE_LOOP('',(#12428,#12430,#12431,#12432));
#12434=FACE_OUTER_BOUND('',#12433,.F.);
#12435=ADVANCED_FACE('',(#12434),#12427,.F.);
#12436=CARTESIAN_POINT('',(1.406000008352E2,1.220348110102E1,
-2.407526216636E0));
#12437=DIRECTION('',(-1.E0,0.E0,0.E0));
#12438=DIRECTION('',(0.E0,0.E0,-1.E0));
#12439=AXIS2_PLACEMENT_3D('',#12436,#12437,#12438);
#12440=PLANE('',#12439);
#12441=ORIENTED_EDGE('',*,*,#9141,.T.);
#12443=ORIENTED_EDGE('',*,*,#12442,.T.);
#12444=ORIENTED_EDGE('',*,*,#10506,.F.);
#12445=ORIENTED_EDGE('',*,*,#12429,.F.);
#12446=EDGE_LOOP('',(#12441,#12443,#12444,#12445));
#12447=FACE_OUTER_BOUND('',#12446,.F.);
#12448=ADVANCED_FACE('',(#12447),#12440,.F.);
#12449=CARTESIAN_POINT('',(1.476000008352E2,5.203481101014E0,
-2.407526216636E0));
#12450=DIRECTION('',(0.E0,-1.E0,0.E0));
#12451=DIRECTION('',(0.E0,0.E0,1.E0));
#12452=AXIS2_PLACEMENT_3D('',#12449,#12450,#12451);
#12453=PLANE('',#12452);
#12454=ORIENTED_EDGE('',*,*,#9139,.T.);
#12455=ORIENTED_EDGE('',*,*,#12418,.T.);
#12456=ORIENTED_EDGE('',*,*,#10508,.F.);
#12457=ORIENTED_EDGE('',*,*,#12442,.F.);
#12458=EDGE_LOOP('',(#12454,#12455,#12456,#12457));
#12459=FACE_OUTER_BOUND('',#12458,.F.);
#12460=ADVANCED_FACE('',(#12459),#12453,.F.);
#12461=CARTESIAN_POINT('',(1.736500008076E2,-6.846518900365E0,
-2.407526216636E0));
#12462=DIRECTION('',(1.E0,0.E0,0.E0));
#12463=DIRECTION('',(0.E0,0.E0,1.E0));
#12464=AXIS2_PLACEMENT_3D('',#12461,#12462,#12463);
#12465=PLANE('',#12464);
#12466=ORIENTED_EDGE('',*,*,#9155,.T.);
#12468=ORIENTED_EDGE('',*,*,#12467,.T.);
#12469=ORIENTED_EDGE('',*,*,#10512,.F.);
#12471=ORIENTED_EDGE('',*,*,#12470,.F.);
#12472=EDGE_LOOP('',(#12466,#12468,#12469,#12471));
#12473=FACE_OUTER_BOUND('',#12472,.F.);
#12474=ADVANCED_FACE('',(#12473),#12465,.F.);
#12475=CARTESIAN_POINT('',(1.666500008076E2,1.534810996363E-1,
-2.407526216636E0));
#12476=DIRECTION('',(0.E0,1.E0,0.E0));
#12477=DIRECTION('',(0.E0,0.E0,-1.E0));
#12478=AXIS2_PLACEMENT_3D('',#12475,#12476,#12477);
#12479=PLANE('',#12478);
#12480=ORIENTED_EDGE('',*,*,#9153,.T.);
#12482=ORIENTED_EDGE('',*,*,#12481,.T.);
#12483=ORIENTED_EDGE('',*,*,#10514,.F.);
#12484=ORIENTED_EDGE('',*,*,#12467,.F.);
#12485=EDGE_LOOP('',(#12480,#12482,#12483,#12484));
#12486=FACE_OUTER_BOUND('',#12485,.F.);
#12487=ADVANCED_FACE('',(#12486),#12479,.F.);
#12488=CARTESIAN_POINT('',(1.596500008076E2,-6.846518900365E0,
-2.407526216636E0));
#12489=DIRECTION('',(-1.E0,0.E0,0.E0));
#12490=DIRECTION('',(0.E0,0.E0,-1.E0));
#12491=AXIS2_PLACEMENT_3D('',#12488,#12489,#12490);
#12492=PLANE('',#12491);
#12493=ORIENTED_EDGE('',*,*,#9151,.T.);
#12495=ORIENTED_EDGE('',*,*,#12494,.T.);
#12496=ORIENTED_EDGE('',*,*,#10516,.F.);
#12497=ORIENTED_EDGE('',*,*,#12481,.F.);
#12498=EDGE_LOOP('',(#12493,#12495,#12496,#12497));
#12499=FACE_OUTER_BOUND('',#12498,.F.);
#12500=ADVANCED_FACE('',(#12499),#12492,.F.);
#12501=CARTESIAN_POINT('',(1.666500008076E2,-1.384651890037E1,
-2.407526216636E0));
#12502=DIRECTION('',(0.E0,-1.E0,0.E0));
#12503=DIRECTION('',(0.E0,0.E0,1.E0));
#12504=AXIS2_PLACEMENT_3D('',#12501,#12502,#12503);
#12505=PLANE('',#12504);
#12506=ORIENTED_EDGE('',*,*,#9149,.T.);
#12507=ORIENTED_EDGE('',*,*,#12470,.T.);
#12508=ORIENTED_EDGE('',*,*,#10518,.F.);
#12509=ORIENTED_EDGE('',*,*,#12494,.F.);
#12510=EDGE_LOOP('',(#12506,#12507,#12508,#12509));
#12511=FACE_OUTER_BOUND('',#12510,.F.);
#12512=ADVANCED_FACE('',(#12511),#12505,.F.);
#12513=CARTESIAN_POINT('',(1.546000008346E2,-6.846518900365E0,
-2.407526216636E0));
#12514=DIRECTION('',(1.E0,0.E0,0.E0));
#12515=DIRECTION('',(0.E0,0.E0,1.E0));
#12516=AXIS2_PLACEMENT_3D('',#12513,#12514,#12515);
#12517=PLANE('',#12516);
#12518=ORIENTED_EDGE('',*,*,#9165,.T.);
#12520=ORIENTED_EDGE('',*,*,#12519,.T.);
#12521=ORIENTED_EDGE('',*,*,#10522,.F.);
#12523=ORIENTED_EDGE('',*,*,#12522,.F.);
#12524=EDGE_LOOP('',(#12518,#12520,#12521,#12523));
#12525=FACE_OUTER_BOUND('',#12524,.F.);
#12526=ADVANCED_FACE('',(#12525),#12517,.F.);
#12527=CARTESIAN_POINT('',(1.476000008346E2,1.534810996363E-1,
-2.407526216636E0));
#12528=DIRECTION('',(0.E0,1.E0,0.E0));
#12529=DIRECTION('',(0.E0,0.E0,-1.E0));
#12530=AXIS2_PLACEMENT_3D('',#12527,#12528,#12529);
#12531=PLANE('',#12530);
#12532=ORIENTED_EDGE('',*,*,#9163,.T.);
#12534=ORIENTED_EDGE('',*,*,#12533,.T.);
#12535=ORIENTED_EDGE('',*,*,#10524,.F.);
#12536=ORIENTED_EDGE('',*,*,#12519,.F.);
#12537=EDGE_LOOP('',(#12532,#12534,#12535,#12536));
#12538=FACE_OUTER_BOUND('',#12537,.F.);
#12539=ADVANCED_FACE('',(#12538),#12531,.F.);
#12540=CARTESIAN_POINT('',(1.406000008346E2,-6.846518900365E0,
-2.407526216636E0));
#12541=DIRECTION('',(-1.E0,0.E0,0.E0));
#12542=DIRECTION('',(0.E0,0.E0,-1.E0));
#12543=AXIS2_PLACEMENT_3D('',#12540,#12541,#12542);
#12544=PLANE('',#12543);
#12545=ORIENTED_EDGE('',*,*,#9161,.T.);
#12547=ORIENTED_EDGE('',*,*,#12546,.T.);
#12548=ORIENTED_EDGE('',*,*,#10526,.F.);
#12549=ORIENTED_EDGE('',*,*,#12533,.F.);
#12550=EDGE_LOOP('',(#12545,#12547,#12548,#12549));
#12551=FACE_OUTER_BOUND('',#12550,.F.);
#12552=ADVANCED_FACE('',(#12551),#12544,.F.);
#12553=CARTESIAN_POINT('',(1.476000008346E2,-1.384651890037E1,
-2.407526216636E0));
#12554=DIRECTION('',(0.E0,-1.E0,0.E0));
#12555=DIRECTION('',(0.E0,0.E0,1.E0));
#12556=AXIS2_PLACEMENT_3D('',#12553,#12554,#12555);
#12557=PLANE('',#12556);
#12558=ORIENTED_EDGE('',*,*,#9159,.T.);
#12559=ORIENTED_EDGE('',*,*,#12522,.T.);
#12560=ORIENTED_EDGE('',*,*,#10528,.F.);
#12561=ORIENTED_EDGE('',*,*,#12546,.F.);
#12562=EDGE_LOOP('',(#12558,#12559,#12560,#12561));
#12563=FACE_OUTER_BOUND('',#12562,.F.);
#12564=ADVANCED_FACE('',(#12563),#12557,.F.);
#12565=CARTESIAN_POINT('',(1.546000008604E2,-4.494651890312E1,
-2.407526216636E0));
#12566=DIRECTION('',(1.E0,0.E0,0.E0));
#12567=DIRECTION('',(0.E0,0.E0,1.E0));
#12568=AXIS2_PLACEMENT_3D('',#12565,#12566,#12567);
#12569=PLANE('',#12568);
#12570=ORIENTED_EDGE('',*,*,#9175,.T.);
#12572=ORIENTED_EDGE('',*,*,#12571,.T.);
#12573=ORIENTED_EDGE('',*,*,#10532,.F.);
#12575=ORIENTED_EDGE('',*,*,#12574,.F.);
#12576=EDGE_LOOP('',(#12570,#12572,#12573,#12575));
#12577=FACE_OUTER_BOUND('',#12576,.F.);
#12578=ADVANCED_FACE('',(#12577),#12569,.F.);
#12579=CARTESIAN_POINT('',(1.476000008604E2,-3.794651890312E1,
-2.407526216636E0));
#12580=DIRECTION('',(0.E0,1.E0,0.E0));
#12581=DIRECTION('',(0.E0,0.E0,-1.E0));
#12582=AXIS2_PLACEMENT_3D('',#12579,#12580,#12581);
#12583=PLANE('',#12582);
#12584=ORIENTED_EDGE('',*,*,#9173,.T.);
#12586=ORIENTED_EDGE('',*,*,#12585,.T.);
#12587=ORIENTED_EDGE('',*,*,#10534,.F.);
#12588=ORIENTED_EDGE('',*,*,#12571,.F.);
#12589=EDGE_LOOP('',(#12584,#12586,#12587,#12588));
#12590=FACE_OUTER_BOUND('',#12589,.F.);
#12591=ADVANCED_FACE('',(#12590),#12583,.F.);
#12592=CARTESIAN_POINT('',(1.406000008604E2,-4.494651890312E1,
-2.407526216636E0));
#12593=DIRECTION('',(-1.E0,0.E0,0.E0));
#12594=DIRECTION('',(0.E0,0.E0,-1.E0));
#12595=AXIS2_PLACEMENT_3D('',#12592,#12593,#12594);
#12596=PLANE('',#12595);
#12597=ORIENTED_EDGE('',*,*,#9171,.T.);
#12599=ORIENTED_EDGE('',*,*,#12598,.T.);
#12600=ORIENTED_EDGE('',*,*,#10536,.F.);
#12601=ORIENTED_EDGE('',*,*,#12585,.F.);
#12602=EDGE_LOOP('',(#12597,#12599,#12600,#12601));
#12603=FACE_OUTER_BOUND('',#12602,.F.);
#12604=ADVANCED_FACE('',(#12603),#12596,.F.);
#12605=CARTESIAN_POINT('',(1.476000008604E2,-5.194651890313E1,
-2.407526216636E0));
#12606=DIRECTION('',(0.E0,-1.E0,0.E0));
#12607=DIRECTION('',(0.E0,0.E0,1.E0));
#12608=AXIS2_PLACEMENT_3D('',#12605,#12606,#12607);
#12609=PLANE('',#12608);
#12610=ORIENTED_EDGE('',*,*,#9169,.T.);
#12611=ORIENTED_EDGE('',*,*,#12574,.T.);
#12612=ORIENTED_EDGE('',*,*,#10538,.F.);
#12613=ORIENTED_EDGE('',*,*,#12598,.F.);
#12614=EDGE_LOOP('',(#12610,#12611,#12612,#12613));
#12615=FACE_OUTER_BOUND('',#12614,.F.);
#12616=ADVANCED_FACE('',(#12615),#12609,.F.);
#12617=CARTESIAN_POINT('',(1.736500008604E2,-6.399651890312E1,
-2.407526216636E0));
#12618=DIRECTION('',(1.E0,0.E0,0.E0));
#12619=DIRECTION('',(0.E0,0.E0,1.E0));
#12620=AXIS2_PLACEMENT_3D('',#12617,#12618,#12619);
#12621=PLANE('',#12620);
#12622=ORIENTED_EDGE('',*,*,#9185,.T.);
#12624=ORIENTED_EDGE('',*,*,#12623,.T.);
#12625=ORIENTED_EDGE('',*,*,#10542,.F.);
#12627=ORIENTED_EDGE('',*,*,#12626,.F.);
#12628=EDGE_LOOP('',(#12622,#12624,#12625,#12627));
#12629=FACE_OUTER_BOUND('',#12628,.F.);
#12630=ADVANCED_FACE('',(#12629),#12621,.F.);
#12631=CARTESIAN_POINT('',(1.666500008604E2,-5.699651890312E1,
-2.407526216636E0));
#12632=DIRECTION('',(0.E0,1.E0,0.E0));
#12633=DIRECTION('',(0.E0,0.E0,-1.E0));
#12634=AXIS2_PLACEMENT_3D('',#12631,#12632,#12633);
#12635=PLANE('',#12634);
#12636=ORIENTED_EDGE('',*,*,#9183,.T.);
#12638=ORIENTED_EDGE('',*,*,#12637,.T.);
#12639=ORIENTED_EDGE('',*,*,#10544,.F.);
#12640=ORIENTED_EDGE('',*,*,#12623,.F.);
#12641=EDGE_LOOP('',(#12636,#12638,#12639,#12640));
#12642=FACE_OUTER_BOUND('',#12641,.F.);
#12643=ADVANCED_FACE('',(#12642),#12635,.F.);
#12644=CARTESIAN_POINT('',(1.596500008604E2,-6.399651890312E1,
-2.407526216636E0));
#12645=DIRECTION('',(-1.E0,0.E0,0.E0));
#12646=DIRECTION('',(0.E0,0.E0,-1.E0));
#12647=AXIS2_PLACEMENT_3D('',#12644,#12645,#12646);
#12648=PLANE('',#12647);
#12649=ORIENTED_EDGE('',*,*,#9181,.T.);
#12651=ORIENTED_EDGE('',*,*,#12650,.T.);
#12652=ORIENTED_EDGE('',*,*,#10546,.F.);
#12653=ORIENTED_EDGE('',*,*,#12637,.F.);
#12654=EDGE_LOOP('',(#12649,#12651,#12652,#12653));
#12655=FACE_OUTER_BOUND('',#12654,.F.);
#12656=ADVANCED_FACE('',(#12655),#12648,.F.);
#12657=CARTESIAN_POINT('',(1.666500008604E2,-7.099651890313E1,
-2.407526216636E0));
#12658=DIRECTION('',(0.E0,-1.E0,0.E0));
#12659=DIRECTION('',(0.E0,0.E0,1.E0));
#12660=AXIS2_PLACEMENT_3D('',#12657,#12658,#12659);
#12661=PLANE('',#12660);
#12662=ORIENTED_EDGE('',*,*,#9179,.T.);
#12663=ORIENTED_EDGE('',*,*,#12626,.T.);
#12664=ORIENTED_EDGE('',*,*,#10548,.F.);
#12665=ORIENTED_EDGE('',*,*,#12650,.F.);
#12666=EDGE_LOOP('',(#12662,#12663,#12664,#12665));
#12667=FACE_OUTER_BOUND('',#12666,.F.);
#12668=ADVANCED_FACE('',(#12667),#12661,.F.);
#12669=CARTESIAN_POINT('',(1.546000008604E2,-6.399651890312E1,
-2.407526216636E0));
#12670=DIRECTION('',(1.E0,0.E0,0.E0));
#12671=DIRECTION('',(0.E0,0.E0,1.E0));
#12672=AXIS2_PLACEMENT_3D('',#12669,#12670,#12671);
#12673=PLANE('',#12672);
#12674=ORIENTED_EDGE('',*,*,#9195,.T.);
#12676=ORIENTED_EDGE('',*,*,#12675,.T.);
#12677=ORIENTED_EDGE('',*,*,#10552,.F.);
#12679=ORIENTED_EDGE('',*,*,#12678,.F.);
#12680=EDGE_LOOP('',(#12674,#12676,#12677,#12679));
#12681=FACE_OUTER_BOUND('',#12680,.F.);
#12682=ADVANCED_FACE('',(#12681),#12673,.F.);
#12683=CARTESIAN_POINT('',(1.476000008604E2,-5.699651890312E1,
-2.407526216636E0));
#12684=DIRECTION('',(0.E0,1.E0,0.E0));
#12685=DIRECTION('',(0.E0,0.E0,-1.E0));
#12686=AXIS2_PLACEMENT_3D('',#12683,#12684,#12685);
#12687=PLANE('',#12686);
#12688=ORIENTED_EDGE('',*,*,#9193,.T.);
#12690=ORIENTED_EDGE('',*,*,#12689,.T.);
#12691=ORIENTED_EDGE('',*,*,#10554,.F.);
#12692=ORIENTED_EDGE('',*,*,#12675,.F.);
#12693=EDGE_LOOP('',(#12688,#12690,#12691,#12692));
#12694=FACE_OUTER_BOUND('',#12693,.F.);
#12695=ADVANCED_FACE('',(#12694),#12687,.F.);
#12696=CARTESIAN_POINT('',(1.406000008604E2,-6.399651890312E1,
-2.407526216636E0));
#12697=DIRECTION('',(-1.E0,0.E0,0.E0));
#12698=DIRECTION('',(0.E0,0.E0,-1.E0));
#12699=AXIS2_PLACEMENT_3D('',#12696,#12697,#12698);
#12700=PLANE('',#12699);
#12701=ORIENTED_EDGE('',*,*,#9191,.T.);
#12703=ORIENTED_EDGE('',*,*,#12702,.T.);
#12704=ORIENTED_EDGE('',*,*,#10556,.F.);
#12705=ORIENTED_EDGE('',*,*,#12689,.F.);
#12706=EDGE_LOOP('',(#12701,#12703,#12704,#12705));
#12707=FACE_OUTER_BOUND('',#12706,.F.);
#12708=ADVANCED_FACE('',(#12707),#12700,.F.);
#12709=CARTESIAN_POINT('',(1.476000008604E2,-7.099651890313E1,
-2.407526216636E0));
#12710=DIRECTION('',(0.E0,-1.E0,0.E0));
#12711=DIRECTION('',(0.E0,0.E0,1.E0));
#12712=AXIS2_PLACEMENT_3D('',#12709,#12710,#12711);
#12713=PLANE('',#12712);
#12714=ORIENTED_EDGE('',*,*,#9189,.T.);
#12715=ORIENTED_EDGE('',*,*,#12678,.T.);
#12716=ORIENTED_EDGE('',*,*,#10558,.F.);
#12717=ORIENTED_EDGE('',*,*,#12702,.F.);
#12718=EDGE_LOOP('',(#12714,#12715,#12716,#12717));
#12719=FACE_OUTER_BOUND('',#12718,.F.);
#12720=ADVANCED_FACE('',(#12719),#12713,.F.);
#12721=CARTESIAN_POINT('',(1.355500008604E2,-6.399651890312E1,
-2.407526216636E0));
#12722=DIRECTION('',(1.E0,0.E0,0.E0));
#12723=DIRECTION('',(0.E0,0.E0,1.E0));
#12724=AXIS2_PLACEMENT_3D('',#12721,#12722,#12723);
#12725=PLANE('',#12724);
#12726=ORIENTED_EDGE('',*,*,#9205,.T.);
#12728=ORIENTED_EDGE('',*,*,#12727,.T.);
#12729=ORIENTED_EDGE('',*,*,#10562,.F.);
#12731=ORIENTED_EDGE('',*,*,#12730,.F.);
#12732=EDGE_LOOP('',(#12726,#12728,#12729,#12731));
#12733=FACE_OUTER_BOUND('',#12732,.F.);
#12734=ADVANCED_FACE('',(#12733),#12725,.F.);
#12735=CARTESIAN_POINT('',(1.285500008604E2,-5.699651890312E1,
-2.407526216636E0));
#12736=DIRECTION('',(0.E0,1.E0,0.E0));
#12737=DIRECTION('',(0.E0,0.E0,-1.E0));
#12738=AXIS2_PLACEMENT_3D('',#12735,#12736,#12737);
#12739=PLANE('',#12738);
#12740=ORIENTED_EDGE('',*,*,#9203,.T.);
#12742=ORIENTED_EDGE('',*,*,#12741,.T.);
#12743=ORIENTED_EDGE('',*,*,#10564,.F.);
#12744=ORIENTED_EDGE('',*,*,#12727,.F.);
#12745=EDGE_LOOP('',(#12740,#12742,#12743,#12744));
#12746=FACE_OUTER_BOUND('',#12745,.F.);
#12747=ADVANCED_FACE('',(#12746),#12739,.F.);
#12748=CARTESIAN_POINT('',(1.215500008604E2,-6.399651890312E1,
-2.407526216636E0));
#12749=DIRECTION('',(-1.E0,0.E0,0.E0));
#12750=DIRECTION('',(0.E0,0.E0,-1.E0));
#12751=AXIS2_PLACEMENT_3D('',#12748,#12749,#12750);
#12752=PLANE('',#12751);
#12753=ORIENTED_EDGE('',*,*,#9201,.T.);
#12755=ORIENTED_EDGE('',*,*,#12754,.T.);
#12756=ORIENTED_EDGE('',*,*,#10566,.F.);
#12757=ORIENTED_EDGE('',*,*,#12741,.F.);
#12758=EDGE_LOOP('',(#12753,#12755,#12756,#12757));
#12759=FACE_OUTER_BOUND('',#12758,.F.);
#12760=ADVANCED_FACE('',(#12759),#12752,.F.);
#12761=CARTESIAN_POINT('',(1.285500008604E2,-7.099651890313E1,
-2.407526216636E0));
#12762=DIRECTION('',(0.E0,-1.E0,0.E0));
#12763=DIRECTION('',(0.E0,0.E0,1.E0));
#12764=AXIS2_PLACEMENT_3D('',#12761,#12762,#12763);
#12765=PLANE('',#12764);
#12766=ORIENTED_EDGE('',*,*,#9199,.T.);
#12767=ORIENTED_EDGE('',*,*,#12730,.T.);
#12768=ORIENTED_EDGE('',*,*,#10568,.F.);
#12769=ORIENTED_EDGE('',*,*,#12754,.F.);
#12770=EDGE_LOOP('',(#12766,#12767,#12768,#12769));
#12771=FACE_OUTER_BOUND('',#12770,.F.);
#12772=ADVANCED_FACE('',(#12771),#12765,.F.);
#12773=CARTESIAN_POINT('',(1.046500008597E2,-6.399651890161E1,
-2.407526216636E0));
#12774=DIRECTION('',(1.E0,0.E0,0.E0));
#12775=DIRECTION('',(0.E0,0.E0,1.E0));
#12776=AXIS2_PLACEMENT_3D('',#12773,#12774,#12775);
#12777=PLANE('',#12776);
#12778=ORIENTED_EDGE('',*,*,#9215,.T.);
#12780=ORIENTED_EDGE('',*,*,#12779,.T.);
#12781=ORIENTED_EDGE('',*,*,#10572,.F.);
#12783=ORIENTED_EDGE('',*,*,#12782,.F.);
#12784=EDGE_LOOP('',(#12778,#12780,#12781,#12783));
#12785=FACE_OUTER_BOUND('',#12784,.F.);
#12786=ADVANCED_FACE('',(#12785),#12777,.F.);
#12787=CARTESIAN_POINT('',(9.765000085970E1,-5.699651890161E1,
-2.407526216636E0));
#12788=DIRECTION('',(0.E0,1.E0,0.E0));
#12789=DIRECTION('',(0.E0,0.E0,-1.E0));
#12790=AXIS2_PLACEMENT_3D('',#12787,#12788,#12789);
#12791=PLANE('',#12790);
#12792=ORIENTED_EDGE('',*,*,#9213,.T.);
#12794=ORIENTED_EDGE('',*,*,#12793,.T.);
#12795=ORIENTED_EDGE('',*,*,#10574,.F.);
#12796=ORIENTED_EDGE('',*,*,#12779,.F.);
#12797=EDGE_LOOP('',(#12792,#12794,#12795,#12796));
#12798=FACE_OUTER_BOUND('',#12797,.F.);
#12799=ADVANCED_FACE('',(#12798),#12791,.F.);
#12800=CARTESIAN_POINT('',(9.065000085970E1,-6.399651890161E1,
-2.407526216636E0));
#12801=DIRECTION('',(-1.E0,0.E0,0.E0));
#12802=DIRECTION('',(0.E0,0.E0,-1.E0));
#12803=AXIS2_PLACEMENT_3D('',#12800,#12801,#12802);
#12804=PLANE('',#12803);
#12805=ORIENTED_EDGE('',*,*,#9211,.T.);
#12807=ORIENTED_EDGE('',*,*,#12806,.T.);
#12808=ORIENTED_EDGE('',*,*,#10576,.F.);
#12809=ORIENTED_EDGE('',*,*,#12793,.F.);
#12810=EDGE_LOOP('',(#12805,#12807,#12808,#12809));
#12811=FACE_OUTER_BOUND('',#12810,.F.);
#12812=ADVANCED_FACE('',(#12811),#12804,.F.);
#12813=CARTESIAN_POINT('',(9.765000085970E1,-7.099651890161E1,
-2.407526216636E0));
#12814=DIRECTION('',(0.E0,-1.E0,0.E0));
#12815=DIRECTION('',(0.E0,0.E0,1.E0));
#12816=AXIS2_PLACEMENT_3D('',#12813,#12814,#12815);
#12817=PLANE('',#12816);
#12818=ORIENTED_EDGE('',*,*,#9209,.T.);
#12819=ORIENTED_EDGE('',*,*,#12782,.T.);
#12820=ORIENTED_EDGE('',*,*,#10578,.F.);
#12821=ORIENTED_EDGE('',*,*,#12806,.F.);
#12822=EDGE_LOOP('',(#12818,#12819,#12820,#12821));
#12823=FACE_OUTER_BOUND('',#12822,.F.);
#12824=ADVANCED_FACE('',(#12823),#12817,.F.);
#12825=CARTESIAN_POINT('',(-1.427999991401E2,5.203481098424E0,
-5.907526216637E0));
#12826=DIRECTION('',(0.E0,-1.E0,0.E0));
#12827=DIRECTION('',(0.E0,0.E0,1.E0));
#12828=AXIS2_PLACEMENT_3D('',#12825,#12826,#12827);
#12829=PLANE('',#12828);
#12830=ORIENTED_EDGE('',*,*,#9223,.T.);
#12832=ORIENTED_EDGE('',*,*,#12831,.T.);
#12833=ORIENTED_EDGE('',*,*,#10582,.F.);
#12835=ORIENTED_EDGE('',*,*,#12834,.T.);
#12836=EDGE_LOOP('',(#12830,#12832,#12833,#12835));
#12837=FACE_OUTER_BOUND('',#12836,.F.);
#12838=ADVANCED_FACE('',(#12837),#12829,.F.);
#12839=CARTESIAN_POINT('',(-1.357999991401E2,1.220348109843E1,
-5.907526216637E0));
#12840=DIRECTION('',(1.E0,0.E0,0.E0));
#12841=DIRECTION('',(0.E0,0.E0,1.E0));
#12842=AXIS2_PLACEMENT_3D('',#12839,#12840,#12841);
#12843=PLANE('',#12842);
#12844=ORIENTED_EDGE('',*,*,#9221,.T.);
#12846=ORIENTED_EDGE('',*,*,#12845,.T.);
#12847=ORIENTED_EDGE('',*,*,#10584,.F.);
#12848=ORIENTED_EDGE('',*,*,#12831,.F.);
#12849=EDGE_LOOP('',(#12844,#12846,#12847,#12848));
#12850=FACE_OUTER_BOUND('',#12849,.F.);
#12851=ADVANCED_FACE('',(#12850),#12843,.F.);
#12852=CARTESIAN_POINT('',(-1.427999991401E2,1.920348109843E1,
-5.907526216637E0));
#12853=DIRECTION('',(0.E0,1.E0,0.E0));
#12854=DIRECTION('',(0.E0,0.E0,-1.E0));
#12855=AXIS2_PLACEMENT_3D('',#12852,#12853,#12854);
#12856=PLANE('',#12855);
#12857=ORIENTED_EDGE('',*,*,#10586,.F.);
#12858=ORIENTED_EDGE('',*,*,#12845,.F.);
#12859=ORIENTED_EDGE('',*,*,#9219,.T.);
#12861=ORIENTED_EDGE('',*,*,#12860,.T.);
#12862=EDGE_LOOP('',(#12857,#12858,#12859,#12861));
#12863=FACE_OUTER_BOUND('',#12862,.F.);
#12864=ADVANCED_FACE('',(#12863),#12856,.F.);
#12865=CARTESIAN_POINT('',(-1.496481711511E2,-7.481664507002E1,
-9.075262166343E-1));
#12866=DIRECTION('',(1.E0,0.E0,0.E0));
#12867=DIRECTION('',(0.E0,0.E0,1.E0));
#12868=AXIS2_PLACEMENT_3D('',#12865,#12866,#12867);
#12869=PLANE('',#12868);
#12870=ORIENTED_EDGE('',*,*,#12860,.F.);
#12871=ORIENTED_EDGE('',*,*,#9225,.F.);
#12872=ORIENTED_EDGE('',*,*,#12834,.F.);
#12873=ORIENTED_EDGE('',*,*,#10588,.T.);
#12874=EDGE_LOOP('',(#12870,#12871,#12872,#12873));
#12875=FACE_OUTER_BOUND('',#12874,.F.);
#12876=ADVANCED_FACE('',(#12875),#12869,.T.);
#12877=CARTESIAN_POINT('',(-2.449999140083E0,1.220348109843E1,
-5.907526216637E0));
#12878=DIRECTION('',(1.E0,0.E0,0.E0));
#12879=DIRECTION('',(0.E0,0.E0,1.E0));
#12880=AXIS2_PLACEMENT_3D('',#12877,#12878,#12879);
#12881=PLANE('',#12880);
#12882=ORIENTED_EDGE('',*,*,#9235,.T.);
#12884=ORIENTED_EDGE('',*,*,#12883,.T.);
#12885=ORIENTED_EDGE('',*,*,#10592,.F.);
#12887=ORIENTED_EDGE('',*,*,#12886,.F.);
#12888=EDGE_LOOP('',(#12882,#12884,#12885,#12887));
#12889=FACE_OUTER_BOUND('',#12888,.F.);
#12890=ADVANCED_FACE('',(#12889),#12881,.F.);
#12891=CARTESIAN_POINT('',(-9.449999140083E0,1.920348109843E1,
-5.907526216637E0));
#12892=DIRECTION('',(0.E0,1.E0,0.E0));
#12893=DIRECTION('',(0.E0,0.E0,-1.E0));
#12894=AXIS2_PLACEMENT_3D('',#12891,#12892,#12893);
#12895=PLANE('',#12894);
#12896=ORIENTED_EDGE('',*,*,#9233,.T.);
#12898=ORIENTED_EDGE('',*,*,#12897,.T.);
#12899=ORIENTED_EDGE('',*,*,#10594,.F.);
#12900=ORIENTED_EDGE('',*,*,#12883,.F.);
#12901=EDGE_LOOP('',(#12896,#12898,#12899,#12900));
#12902=FACE_OUTER_BOUND('',#12901,.F.);
#12903=ADVANCED_FACE('',(#12902),#12895,.F.);
#12904=CARTESIAN_POINT('',(-1.644999914008E1,1.220348109843E1,
-5.907526216637E0));
#12905=DIRECTION('',(-1.E0,0.E0,0.E0));
#12906=DIRECTION('',(0.E0,0.E0,-1.E0));
#12907=AXIS2_PLACEMENT_3D('',#12904,#12905,#12906);
#12908=PLANE('',#12907);
#12909=ORIENTED_EDGE('',*,*,#9231,.T.);
#12911=ORIENTED_EDGE('',*,*,#12910,.T.);
#12912=ORIENTED_EDGE('',*,*,#10596,.F.);
#12913=ORIENTED_EDGE('',*,*,#12897,.F.);
#12914=EDGE_LOOP('',(#12909,#12911,#12912,#12913));
#12915=FACE_OUTER_BOUND('',#12914,.F.);
#12916=ADVANCED_FACE('',(#12915),#12908,.F.);
#12917=CARTESIAN_POINT('',(-9.449999140083E0,5.203481098424E0,
-5.907526216637E0));
#12918=DIRECTION('',(0.E0,-1.E0,0.E0));
#12919=DIRECTION('',(0.E0,0.E0,1.E0));
#12920=AXIS2_PLACEMENT_3D('',#12917,#12918,#12919);
#12921=PLANE('',#12920);
#12922=ORIENTED_EDGE('',*,*,#9229,.T.);
#12923=ORIENTED_EDGE('',*,*,#12886,.T.);
#12924=ORIENTED_EDGE('',*,*,#10598,.F.);
#12925=ORIENTED_EDGE('',*,*,#12910,.F.);
#12926=EDGE_LOOP('',(#12922,#12923,#12924,#12925));
#12927=FACE_OUTER_BOUND('',#12926,.F.);
#12928=ADVANCED_FACE('',(#12927),#12921,.F.);
#12929=CARTESIAN_POINT('',(-1.095499991400E2,-6.399651890161E1,
-5.907526216637E0));
#12930=DIRECTION('',(1.E0,0.E0,0.E0));
#12931=DIRECTION('',(0.E0,0.E0,1.E0));
#12932=AXIS2_PLACEMENT_3D('',#12929,#12930,#12931);
#12933=PLANE('',#12932);
#12934=ORIENTED_EDGE('',*,*,#9245,.T.);
#12936=ORIENTED_EDGE('',*,*,#12935,.T.);
#12937=ORIENTED_EDGE('',*,*,#10602,.F.);
#12939=ORIENTED_EDGE('',*,*,#12938,.F.);
#12940=EDGE_LOOP('',(#12934,#12936,#12937,#12939));
#12941=FACE_OUTER_BOUND('',#12940,.F.);
#12942=ADVANCED_FACE('',(#12941),#12933,.F.);
#12943=CARTESIAN_POINT('',(-1.165499991400E2,-5.699651890161E1,
-5.907526216637E0));
#12944=DIRECTION('',(0.E0,1.E0,0.E0));
#12945=DIRECTION('',(0.E0,0.E0,-1.E0));
#12946=AXIS2_PLACEMENT_3D('',#12943,#12944,#12945);
#12947=PLANE('',#12946);
#12948=ORIENTED_EDGE('',*,*,#9243,.T.);
#12950=ORIENTED_EDGE('',*,*,#12949,.T.);
#12951=ORIENTED_EDGE('',*,*,#10604,.F.);
#12952=ORIENTED_EDGE('',*,*,#12935,.F.);
#12953=EDGE_LOOP('',(#12948,#12950,#12951,#12952));
#12954=FACE_OUTER_BOUND('',#12953,.F.);
#12955=ADVANCED_FACE('',(#12954),#12947,.F.);
#12956=CARTESIAN_POINT('',(-1.235499991400E2,-6.399651890161E1,
-5.907526216637E0));
#12957=DIRECTION('',(-1.E0,0.E0,0.E0));
#12958=DIRECTION('',(0.E0,0.E0,-1.E0));
#12959=AXIS2_PLACEMENT_3D('',#12956,#12957,#12958);
#12960=PLANE('',#12959);
#12961=ORIENTED_EDGE('',*,*,#9241,.T.);
#12963=ORIENTED_EDGE('',*,*,#12962,.T.);
#12964=ORIENTED_EDGE('',*,*,#10606,.F.);
#12965=ORIENTED_EDGE('',*,*,#12949,.F.);
#12966=EDGE_LOOP('',(#12961,#12963,#12964,#12965));
#12967=FACE_OUTER_BOUND('',#12966,.F.);
#12968=ADVANCED_FACE('',(#12967),#12960,.F.);
#12969=CARTESIAN_POINT('',(-1.165499991400E2,-7.099651890161E1,
-5.907526216637E0));
#12970=DIRECTION('',(0.E0,-1.E0,0.E0));
#12971=DIRECTION('',(0.E0,0.E0,1.E0));
#12972=AXIS2_PLACEMENT_3D('',#12969,#12970,#12971);
#12973=PLANE('',#12972);
#12974=ORIENTED_EDGE('',*,*,#9239,.T.);
#12975=ORIENTED_EDGE('',*,*,#12938,.T.);
#12976=ORIENTED_EDGE('',*,*,#10608,.F.);
#12977=ORIENTED_EDGE('',*,*,#12962,.F.);
#12978=EDGE_LOOP('',(#12974,#12975,#12976,#12977));
#12979=FACE_OUTER_BOUND('',#12978,.F.);
#12980=ADVANCED_FACE('',(#12979),#12973,.F.);
#12981=CARTESIAN_POINT('',(5.695000085970E1,-6.399651890161E1,
-5.907526216637E0));
#12982=DIRECTION('',(1.E0,0.E0,0.E0));
#12983=DIRECTION('',(0.E0,0.E0,1.E0));
#12984=AXIS2_PLACEMENT_3D('',#12981,#12982,#12983);
#12985=PLANE('',#12984);
#12986=ORIENTED_EDGE('',*,*,#9255,.T.);
#12988=ORIENTED_EDGE('',*,*,#12987,.T.);
#12989=ORIENTED_EDGE('',*,*,#10612,.F.);
#12991=ORIENTED_EDGE('',*,*,#12990,.F.);
#12992=EDGE_LOOP('',(#12986,#12988,#12989,#12991));
#12993=FACE_OUTER_BOUND('',#12992,.F.);
#12994=ADVANCED_FACE('',(#12993),#12985,.F.);
#12995=CARTESIAN_POINT('',(4.995000085970E1,-5.699651890161E1,
-5.907526216637E0));
#12996=DIRECTION('',(0.E0,1.E0,0.E0));
#12997=DIRECTION('',(0.E0,0.E0,-1.E0));
#12998=AXIS2_PLACEMENT_3D('',#12995,#12996,#12997);
#12999=PLANE('',#12998);
#13000=ORIENTED_EDGE('',*,*,#9253,.T.);
#13002=ORIENTED_EDGE('',*,*,#13001,.T.);
#13003=ORIENTED_EDGE('',*,*,#10614,.F.);
#13004=ORIENTED_EDGE('',*,*,#12987,.F.);
#13005=EDGE_LOOP('',(#13000,#13002,#13003,#13004));
#13006=FACE_OUTER_BOUND('',#13005,.F.);
#13007=ADVANCED_FACE('',(#13006),#12999,.F.);
#13008=CARTESIAN_POINT('',(4.295000085970E1,-6.399651890161E1,
-5.907526216637E0));
#13009=DIRECTION('',(-1.E0,0.E0,0.E0));
#13010=DIRECTION('',(0.E0,0.E0,-1.E0));
#13011=AXIS2_PLACEMENT_3D('',#13008,#13009,#13010);
#13012=PLANE('',#13011);
#13013=ORIENTED_EDGE('',*,*,#9251,.T.);
#13015=ORIENTED_EDGE('',*,*,#13014,.T.);
#13016=ORIENTED_EDGE('',*,*,#10616,.F.);
#13017=ORIENTED_EDGE('',*,*,#13001,.F.);
#13018=EDGE_LOOP('',(#13013,#13015,#13016,#13017));
#13019=FACE_OUTER_BOUND('',#13018,.F.);
#13020=ADVANCED_FACE('',(#13019),#13012,.F.);
#13021=CARTESIAN_POINT('',(4.995000085970E1,-7.099651890161E1,
-5.907526216637E0));
#13022=DIRECTION('',(0.E0,-1.E0,0.E0));
#13023=DIRECTION('',(0.E0,0.E0,1.E0));
#13024=AXIS2_PLACEMENT_3D('',#13021,#13022,#13023);
#13025=PLANE('',#13024);
#13026=ORIENTED_EDGE('',*,*,#9249,.T.);
#13027=ORIENTED_EDGE('',*,*,#12990,.T.);
#13028=ORIENTED_EDGE('',*,*,#10618,.F.);
#13029=ORIENTED_EDGE('',*,*,#13014,.F.);
#13030=EDGE_LOOP('',(#13026,#13027,#13028,#13029));
#13031=FACE_OUTER_BOUND('',#13030,.F.);
#13032=ADVANCED_FACE('',(#13031),#13025,.F.);
#13033=CARTESIAN_POINT('',(4.515000085892E1,-6.846518901705E0,
-5.907526216637E0));
#13034=DIRECTION('',(1.E0,0.E0,0.E0));
#13035=DIRECTION('',(0.E0,0.E0,1.E0));
#13036=AXIS2_PLACEMENT_3D('',#13033,#13034,#13035);
#13037=PLANE('',#13036);
#13038=ORIENTED_EDGE('',*,*,#9265,.T.);
#13040=ORIENTED_EDGE('',*,*,#13039,.T.);
#13041=ORIENTED_EDGE('',*,*,#10622,.F.);
#13043=ORIENTED_EDGE('',*,*,#13042,.F.);
#13044=EDGE_LOOP('',(#13038,#13040,#13041,#13043));
#13045=FACE_OUTER_BOUND('',#13044,.F.);
#13046=ADVANCED_FACE('',(#13045),#13037,.F.);
#13047=CARTESIAN_POINT('',(3.815000085892E1,1.534810982963E-1,
-5.907526216637E0));
#13048=DIRECTION('',(0.E0,1.E0,0.E0));
#13049=DIRECTION('',(0.E0,0.E0,-1.E0));
#13050=AXIS2_PLACEMENT_3D('',#13047,#13048,#13049);
#13051=PLANE('',#13050);
#13052=ORIENTED_EDGE('',*,*,#9263,.T.);
#13054=ORIENTED_EDGE('',*,*,#13053,.T.);
#13055=ORIENTED_EDGE('',*,*,#10624,.F.);
#13056=ORIENTED_EDGE('',*,*,#13039,.F.);
#13057=EDGE_LOOP('',(#13052,#13054,#13055,#13056));
#13058=FACE_OUTER_BOUND('',#13057,.F.);
#13059=ADVANCED_FACE('',(#13058),#13051,.F.);
#13060=CARTESIAN_POINT('',(3.115000085892E1,-6.846518901705E0,
-5.907526216637E0));
#13061=DIRECTION('',(-1.E0,0.E0,0.E0));
#13062=DIRECTION('',(0.E0,0.E0,-1.E0));
#13063=AXIS2_PLACEMENT_3D('',#13060,#13061,#13062);
#13064=PLANE('',#13063);
#13065=ORIENTED_EDGE('',*,*,#9261,.T.);
#13067=ORIENTED_EDGE('',*,*,#13066,.T.);
#13068=ORIENTED_EDGE('',*,*,#10626,.F.);
#13069=ORIENTED_EDGE('',*,*,#13053,.F.);
#13070=EDGE_LOOP('',(#13065,#13067,#13068,#13069));
#13071=FACE_OUTER_BOUND('',#13070,.F.);
#13072=ADVANCED_FACE('',(#13071),#13064,.F.);
#13073=CARTESIAN_POINT('',(3.815000085892E1,-1.384651890171E1,
-5.907526216637E0));
#13074=DIRECTION('',(0.E0,-1.E0,0.E0));
#13075=DIRECTION('',(0.E0,0.E0,1.E0));
#13076=AXIS2_PLACEMENT_3D('',#13073,#13074,#13075);
#13077=PLANE('',#13076);
#13078=ORIENTED_EDGE('',*,*,#9259,.T.);
#13079=ORIENTED_EDGE('',*,*,#13042,.T.);
#13080=ORIENTED_EDGE('',*,*,#10628,.F.);
#13081=ORIENTED_EDGE('',*,*,#13066,.F.);
#13082=EDGE_LOOP('',(#13078,#13079,#13080,#13081));
#13083=FACE_OUTER_BOUND('',#13082,.F.);
#13084=ADVANCED_FACE('',(#13083),#13077,.F.);
#13085=CARTESIAN_POINT('',(8.325000085892E1,-6.846518901705E0,
-5.907526216637E0));
#13086=DIRECTION('',(1.E0,0.E0,0.E0));
#13087=DIRECTION('',(0.E0,0.E0,1.E0));
#13088=AXIS2_PLACEMENT_3D('',#13085,#13086,#13087);
#13089=PLANE('',#13088);
#13090=ORIENTED_EDGE('',*,*,#9275,.T.);
#13092=ORIENTED_EDGE('',*,*,#13091,.T.);
#13093=ORIENTED_EDGE('',*,*,#10632,.F.);
#13095=ORIENTED_EDGE('',*,*,#13094,.F.);
#13096=EDGE_LOOP('',(#13090,#13092,#13093,#13095));
#13097=FACE_OUTER_BOUND('',#13096,.F.);
#13098=ADVANCED_FACE('',(#13097),#13089,.F.);
#13099=CARTESIAN_POINT('',(7.625000085892E1,1.534810982963E-1,
-5.907526216637E0));
#13100=DIRECTION('',(0.E0,1.E0,0.E0));
#13101=DIRECTION('',(0.E0,0.E0,-1.E0));
#13102=AXIS2_PLACEMENT_3D('',#13099,#13100,#13101);
#13103=PLANE('',#13102);
#13104=ORIENTED_EDGE('',*,*,#9273,.T.);
#13106=ORIENTED_EDGE('',*,*,#13105,.T.);
#13107=ORIENTED_EDGE('',*,*,#10634,.F.);
#13108=ORIENTED_EDGE('',*,*,#13091,.F.);
#13109=EDGE_LOOP('',(#13104,#13106,#13107,#13108));
#13110=FACE_OUTER_BOUND('',#13109,.F.);
#13111=ADVANCED_FACE('',(#13110),#13103,.F.);
#13112=CARTESIAN_POINT('',(6.925000085892E1,-6.846518901705E0,
-5.907526216637E0));
#13113=DIRECTION('',(-1.E0,0.E0,0.E0));
#13114=DIRECTION('',(0.E0,0.E0,-1.E0));
#13115=AXIS2_PLACEMENT_3D('',#13112,#13113,#13114);
#13116=PLANE('',#13115);
#13117=ORIENTED_EDGE('',*,*,#9271,.T.);
#13119=ORIENTED_EDGE('',*,*,#13118,.T.);
#13120=ORIENTED_EDGE('',*,*,#10636,.F.);
#13121=ORIENTED_EDGE('',*,*,#13105,.F.);
#13122=EDGE_LOOP('',(#13117,#13119,#13120,#13121));
#13123=FACE_OUTER_BOUND('',#13122,.F.);
#13124=ADVANCED_FACE('',(#13123),#13116,.F.);
#13125=CARTESIAN_POINT('',(7.625000085892E1,-1.384651890171E1,
-5.907526216637E0));
#13126=DIRECTION('',(0.E0,-1.E0,0.E0));
#13127=DIRECTION('',(0.E0,0.E0,1.E0));
#13128=AXIS2_PLACEMENT_3D('',#13125,#13126,#13127);
#13129=PLANE('',#13128);
#13130=ORIENTED_EDGE('',*,*,#9269,.T.);
#13131=ORIENTED_EDGE('',*,*,#13094,.T.);
#13132=ORIENTED_EDGE('',*,*,#10638,.F.);
#13133=ORIENTED_EDGE('',*,*,#13118,.F.);
#13134=EDGE_LOOP('',(#13130,#13131,#13132,#13133));
#13135=FACE_OUTER_BOUND('',#13134,.F.);
#13136=ADVANCED_FACE('',(#13135),#13129,.F.);
#13137=CARTESIAN_POINT('',(4.990000086103E1,-2.589651890174E1,
-5.907526216637E0));
#13138=DIRECTION('',(1.E0,0.E0,0.E0));
#13139=DIRECTION('',(0.E0,0.E0,1.E0));
#13140=AXIS2_PLACEMENT_3D('',#13137,#13138,#13139);
#13141=PLANE('',#13140);
#13142=ORIENTED_EDGE('',*,*,#9285,.T.);
#13144=ORIENTED_EDGE('',*,*,#13143,.T.);
#13145=ORIENTED_EDGE('',*,*,#10642,.F.);
#13147=ORIENTED_EDGE('',*,*,#13146,.F.);
#13148=EDGE_LOOP('',(#13142,#13144,#13145,#13147));
#13149=FACE_OUTER_BOUND('',#13148,.F.);
#13150=ADVANCED_FACE('',(#13149),#13141,.F.);
#13151=CARTESIAN_POINT('',(4.290000086103E1,-1.889651890174E1,
-5.907526216637E0));
#13152=DIRECTION('',(0.E0,1.E0,0.E0));
#13153=DIRECTION('',(0.E0,0.E0,-1.E0));
#13154=AXIS2_PLACEMENT_3D('',#13151,#13152,#13153);
#13155=PLANE('',#13154);
#13156=ORIENTED_EDGE('',*,*,#9283,.T.);
#13158=ORIENTED_EDGE('',*,*,#13157,.T.);
#13159=ORIENTED_EDGE('',*,*,#10644,.F.);
#13160=ORIENTED_EDGE('',*,*,#13143,.F.);
#13161=EDGE_LOOP('',(#13156,#13158,#13159,#13160));
#13162=FACE_OUTER_BOUND('',#13161,.F.);
#13163=ADVANCED_FACE('',(#13162),#13155,.F.);
#13164=CARTESIAN_POINT('',(3.590000086103E1,-2.589651890174E1,
-5.907526216637E0));
#13165=DIRECTION('',(-1.E0,0.E0,0.E0));
#13166=DIRECTION('',(0.E0,0.E0,-1.E0));
#13167=AXIS2_PLACEMENT_3D('',#13164,#13165,#13166);
#13168=PLANE('',#13167);
#13169=ORIENTED_EDGE('',*,*,#9281,.T.);
#13171=ORIENTED_EDGE('',*,*,#13170,.T.);
#13172=ORIENTED_EDGE('',*,*,#10646,.F.);
#13173=ORIENTED_EDGE('',*,*,#13157,.F.);
#13174=EDGE_LOOP('',(#13169,#13171,#13172,#13173));
#13175=FACE_OUTER_BOUND('',#13174,.F.);
#13176=ADVANCED_FACE('',(#13175),#13168,.F.);
#13177=CARTESIAN_POINT('',(4.290000086103E1,-3.289651890175E1,
-5.907526216637E0));
#13178=DIRECTION('',(0.E0,-1.E0,0.E0));
#13179=DIRECTION('',(0.E0,0.E0,1.E0));
#13180=AXIS2_PLACEMENT_3D('',#13177,#13178,#13179);
#13181=PLANE('',#13180);
#13182=ORIENTED_EDGE('',*,*,#9279,.T.);
#13183=ORIENTED_EDGE('',*,*,#13146,.T.);
#13184=ORIENTED_EDGE('',*,*,#10648,.F.);
#13185=ORIENTED_EDGE('',*,*,#13170,.F.);
#13186=EDGE_LOOP('',(#13182,#13183,#13184,#13185));
#13187=FACE_OUTER_BOUND('',#13186,.F.);
#13188=ADVANCED_FACE('',(#13187),#13181,.F.);
#13189=CARTESIAN_POINT('',(-2.149999914008E1,1.220348109843E1,
-5.907526216637E0));
#13190=DIRECTION('',(1.E0,0.E0,0.E0));
#13191=DIRECTION('',(0.E0,0.E0,1.E0));
#13192=AXIS2_PLACEMENT_3D('',#13189,#13190,#13191);
#13193=PLANE('',#13192);
#13194=ORIENTED_EDGE('',*,*,#9295,.T.);
#13196=ORIENTED_EDGE('',*,*,#13195,.T.);
#13197=ORIENTED_EDGE('',*,*,#10652,.F.);
#13199=ORIENTED_EDGE('',*,*,#13198,.F.);
#13200=EDGE_LOOP('',(#13194,#13196,#13197,#13199));
#13201=FACE_OUTER_BOUND('',#13200,.F.);
#13202=ADVANCED_FACE('',(#13201),#13193,.F.);
#13203=CARTESIAN_POINT('',(-2.849999914008E1,1.920348109843E1,
-5.907526216637E0));
#13204=DIRECTION('',(0.E0,1.E0,0.E0));
#13205=DIRECTION('',(0.E0,0.E0,-1.E0));
#13206=AXIS2_PLACEMENT_3D('',#13203,#13204,#13205);
#13207=PLANE('',#13206);
#13208=ORIENTED_EDGE('',*,*,#9293,.T.);
#13210=ORIENTED_EDGE('',*,*,#13209,.T.);
#13211=ORIENTED_EDGE('',*,*,#10654,.F.);
#13212=ORIENTED_EDGE('',*,*,#13195,.F.);
#13213=EDGE_LOOP('',(#13208,#13210,#13211,#13212));
#13214=FACE_OUTER_BOUND('',#13213,.F.);
#13215=ADVANCED_FACE('',(#13214),#13207,.F.);
#13216=CARTESIAN_POINT('',(-3.549999914008E1,1.220348109843E1,
-5.907526216637E0));
#13217=DIRECTION('',(-1.E0,0.E0,0.E0));
#13218=DIRECTION('',(0.E0,0.E0,-1.E0));
#13219=AXIS2_PLACEMENT_3D('',#13216,#13217,#13218);
#13220=PLANE('',#13219);
#13221=ORIENTED_EDGE('',*,*,#9291,.T.);
#13223=ORIENTED_EDGE('',*,*,#13222,.T.);
#13224=ORIENTED_EDGE('',*,*,#10656,.F.);
#13225=ORIENTED_EDGE('',*,*,#13209,.F.);
#13226=EDGE_LOOP('',(#13221,#13223,#13224,#13225));
#13227=FACE_OUTER_BOUND('',#13226,.F.);
#13228=ADVANCED_FACE('',(#13227),#13220,.F.);
#13229=CARTESIAN_POINT('',(-2.849999914008E1,5.203481098424E0,
-5.907526216637E0));
#13230=DIRECTION('',(0.E0,-1.E0,0.E0));
#13231=DIRECTION('',(0.E0,0.E0,1.E0));
#13232=AXIS2_PLACEMENT_3D('',#13229,#13230,#13231);
#13233=PLANE('',#13232);
#13234=ORIENTED_EDGE('',*,*,#9289,.T.);
#13235=ORIENTED_EDGE('',*,*,#13198,.T.);
#13236=ORIENTED_EDGE('',*,*,#10658,.F.);
#13237=ORIENTED_EDGE('',*,*,#13222,.F.);
#13238=EDGE_LOOP('',(#13234,#13235,#13236,#13237));
#13239=FACE_OUTER_BOUND('',#13238,.F.);
#13240=ADVANCED_FACE('',(#13239),#13233,.F.);
#13241=CARTESIAN_POINT('',(-1.072499991411E2,-6.846518901705E0,
-5.907526216637E0));
#13242=DIRECTION('',(1.E0,0.E0,0.E0));
#13243=DIRECTION('',(0.E0,0.E0,1.E0));
#13244=AXIS2_PLACEMENT_3D('',#13241,#13242,#13243);
#13245=PLANE('',#13244);
#13246=ORIENTED_EDGE('',*,*,#9305,.T.);
#13248=ORIENTED_EDGE('',*,*,#13247,.T.);
#13249=ORIENTED_EDGE('',*,*,#10662,.F.);
#13251=ORIENTED_EDGE('',*,*,#13250,.F.);
#13252=EDGE_LOOP('',(#13246,#13248,#13249,#13251));
#13253=FACE_OUTER_BOUND('',#13252,.F.);
#13254=ADVANCED_FACE('',(#13253),#13245,.F.);
#13255=CARTESIAN_POINT('',(-1.142499991411E2,1.534810982963E-1,
-5.907526216637E0));
#13256=DIRECTION('',(0.E0,1.E0,0.E0));
#13257=DIRECTION('',(0.E0,0.E0,-1.E0));
#13258=AXIS2_PLACEMENT_3D('',#13255,#13256,#13257);
#13259=PLANE('',#13258);
#13260=ORIENTED_EDGE('',*,*,#9303,.T.);
#13262=ORIENTED_EDGE('',*,*,#13261,.T.);
#13263=ORIENTED_EDGE('',*,*,#10664,.F.);
#13264=ORIENTED_EDGE('',*,*,#13247,.F.);
#13265=EDGE_LOOP('',(#13260,#13262,#13263,#13264));
#13266=FACE_OUTER_BOUND('',#13265,.F.);
#13267=ADVANCED_FACE('',(#13266),#13259,.F.);
#13268=CARTESIAN_POINT('',(-1.212499991411E2,-6.846518901705E0,
-5.907526216637E0));
#13269=DIRECTION('',(-1.E0,0.E0,0.E0));
#13270=DIRECTION('',(0.E0,0.E0,-1.E0));
#13271=AXIS2_PLACEMENT_3D('',#13268,#13269,#13270);
#13272=PLANE('',#13271);
#13273=ORIENTED_EDGE('',*,*,#9301,.T.);
#13275=ORIENTED_EDGE('',*,*,#13274,.T.);
#13276=ORIENTED_EDGE('',*,*,#10666,.F.);
#13277=ORIENTED_EDGE('',*,*,#13261,.F.);
#13278=EDGE_LOOP('',(#13273,#13275,#13276,#13277));
#13279=FACE_OUTER_BOUND('',#13278,.F.);
#13280=ADVANCED_FACE('',(#13279),#13272,.F.);
#13281=CARTESIAN_POINT('',(-1.142499991411E2,-1.384651890171E1,
-5.907526216637E0));
#13282=DIRECTION('',(0.E0,-1.E0,0.E0));
#13283=DIRECTION('',(0.E0,0.E0,1.E0));
#13284=AXIS2_PLACEMENT_3D('',#13281,#13282,#13283);
#13285=PLANE('',#13284);
#13286=ORIENTED_EDGE('',*,*,#9299,.T.);
#13287=ORIENTED_EDGE('',*,*,#13250,.T.);
#13288=ORIENTED_EDGE('',*,*,#10668,.F.);
#13289=ORIENTED_EDGE('',*,*,#13274,.F.);
#13290=EDGE_LOOP('',(#13286,#13287,#13288,#13289));
#13291=FACE_OUTER_BOUND('',#13290,.F.);
#13292=ADVANCED_FACE('',(#13291),#13285,.F.);
#13293=CARTESIAN_POINT('',(1.660000085992E1,1.220348109843E1,
-5.907526216637E0));
#13294=DIRECTION('',(1.E0,0.E0,0.E0));
#13295=DIRECTION('',(0.E0,0.E0,1.E0));
#13296=AXIS2_PLACEMENT_3D('',#13293,#13294,#13295);
#13297=PLANE('',#13296);
#13298=ORIENTED_EDGE('',*,*,#9315,.T.);
#13300=ORIENTED_EDGE('',*,*,#13299,.T.);
#13301=ORIENTED_EDGE('',*,*,#10672,.F.);
#13303=ORIENTED_EDGE('',*,*,#13302,.F.);
#13304=EDGE_LOOP('',(#13298,#13300,#13301,#13303));
#13305=FACE_OUTER_BOUND('',#13304,.F.);
#13306=ADVANCED_FACE('',(#13305),#13297,.F.);
#13307=CARTESIAN_POINT('',(9.600000859917E0,1.920348109843E1,
-5.907526216637E0));
#13308=DIRECTION('',(0.E0,1.E0,0.E0));
#13309=DIRECTION('',(0.E0,0.E0,-1.E0));
#13310=AXIS2_PLACEMENT_3D('',#13307,#13308,#13309);
#13311=PLANE('',#13310);
#13312=ORIENTED_EDGE('',*,*,#9313,.T.);
#13314=ORIENTED_EDGE('',*,*,#13313,.T.);
#13315=ORIENTED_EDGE('',*,*,#10674,.F.);
#13316=ORIENTED_EDGE('',*,*,#13299,.F.);
#13317=EDGE_LOOP('',(#13312,#13314,#13315,#13316));
#13318=FACE_OUTER_BOUND('',#13317,.F.);
#13319=ADVANCED_FACE('',(#13318),#13311,.F.);
#13320=CARTESIAN_POINT('',(2.600000859917E0,1.220348109843E1,
-5.907526216637E0));
#13321=DIRECTION('',(-1.E0,0.E0,0.E0));
#13322=DIRECTION('',(0.E0,0.E0,-1.E0));
#13323=AXIS2_PLACEMENT_3D('',#13320,#13321,#13322);
#13324=PLANE('',#13323);
#13325=ORIENTED_EDGE('',*,*,#9311,.T.);
#13327=ORIENTED_EDGE('',*,*,#13326,.T.);
#13328=ORIENTED_EDGE('',*,*,#10676,.F.);
#13329=ORIENTED_EDGE('',*,*,#13313,.F.);
#13330=EDGE_LOOP('',(#13325,#13327,#13328,#13329));
#13331=FACE_OUTER_BOUND('',#13330,.F.);
#13332=ADVANCED_FACE('',(#13331),#13324,.F.);
#13333=CARTESIAN_POINT('',(9.600000859917E0,5.203481098424E0,
-5.907526216637E0));
#13334=DIRECTION('',(0.E0,-1.E0,0.E0));
#13335=DIRECTION('',(0.E0,0.E0,1.E0));
#13336=AXIS2_PLACEMENT_3D('',#13333,#13334,#13335);
#13337=PLANE('',#13336);
#13338=ORIENTED_EDGE('',*,*,#9309,.T.);
#13339=ORIENTED_EDGE('',*,*,#13302,.T.);
#13340=ORIENTED_EDGE('',*,*,#10678,.F.);
#13341=ORIENTED_EDGE('',*,*,#13326,.F.);
#13342=EDGE_LOOP('',(#13338,#13339,#13340,#13341));
#13343=FACE_OUTER_BOUND('',#13342,.F.);
#13344=ADVANCED_FACE('',(#13343),#13337,.F.);
#13345=CARTESIAN_POINT('',(2.610000085892E1,-6.846518901705E0,
-5.907526216637E0));
#13346=DIRECTION('',(1.E0,0.E0,0.E0));
#13347=DIRECTION('',(0.E0,0.E0,1.E0));
#13348=AXIS2_PLACEMENT_3D('',#13345,#13346,#13347);
#13349=PLANE('',#13348);
#13350=ORIENTED_EDGE('',*,*,#9325,.T.);
#13352=ORIENTED_EDGE('',*,*,#13351,.T.);
#13353=ORIENTED_EDGE('',*,*,#10682,.F.);
#13355=ORIENTED_EDGE('',*,*,#13354,.F.);
#13356=EDGE_LOOP('',(#13350,#13352,#13353,#13355));
#13357=FACE_OUTER_BOUND('',#13356,.F.);
#13358=ADVANCED_FACE('',(#13357),#13349,.F.);
#13359=CARTESIAN_POINT('',(1.910000085892E1,1.534810982963E-1,
-5.907526216637E0));
#13360=DIRECTION('',(0.E0,1.E0,0.E0));
#13361=DIRECTION('',(0.E0,0.E0,-1.E0));
#13362=AXIS2_PLACEMENT_3D('',#13359,#13360,#13361);
#13363=PLANE('',#13362);
#13364=ORIENTED_EDGE('',*,*,#9323,.T.);
#13366=ORIENTED_EDGE('',*,*,#13365,.T.);
#13367=ORIENTED_EDGE('',*,*,#10684,.F.);
#13368=ORIENTED_EDGE('',*,*,#13351,.F.);
#13369=EDGE_LOOP('',(#13364,#13366,#13367,#13368));
#13370=FACE_OUTER_BOUND('',#13369,.F.);
#13371=ADVANCED_FACE('',(#13370),#13363,.F.);
#13372=CARTESIAN_POINT('',(1.210000085892E1,-6.846518901705E0,
-5.907526216637E0));
#13373=DIRECTION('',(-1.E0,0.E0,0.E0));
#13374=DIRECTION('',(0.E0,0.E0,-1.E0));
#13375=AXIS2_PLACEMENT_3D('',#13372,#13373,#13374);
#13376=PLANE('',#13375);
#13377=ORIENTED_EDGE('',*,*,#9321,.T.);
#13379=ORIENTED_EDGE('',*,*,#13378,.T.);
#13380=ORIENTED_EDGE('',*,*,#10686,.F.);
#13381=ORIENTED_EDGE('',*,*,#13365,.F.);
#13382=EDGE_LOOP('',(#13377,#13379,#13380,#13381));
#13383=FACE_OUTER_BOUND('',#13382,.F.);
#13384=ADVANCED_FACE('',(#13383),#13376,.F.);
#13385=CARTESIAN_POINT('',(1.910000085892E1,-1.384651890171E1,
-5.907526216637E0));
#13386=DIRECTION('',(0.E0,-1.E0,0.E0));
#13387=DIRECTION('',(0.E0,0.E0,1.E0));
#13388=AXIS2_PLACEMENT_3D('',#13385,#13386,#13387);
#13389=PLANE('',#13388);
#13390=ORIENTED_EDGE('',*,*,#9319,.T.);
#13391=ORIENTED_EDGE('',*,*,#13354,.T.);
#13392=ORIENTED_EDGE('',*,*,#10688,.F.);
#13393=ORIENTED_EDGE('',*,*,#13378,.F.);
#13394=EDGE_LOOP('',(#13390,#13391,#13392,#13393));
#13395=FACE_OUTER_BOUND('',#13394,.F.);
#13396=ADVANCED_FACE('',(#13395),#13389,.F.);
#13397=CARTESIAN_POINT('',(3.085000086103E1,-2.589651890174E1,
-5.907526216637E0));
#13398=DIRECTION('',(1.E0,0.E0,0.E0));
#13399=DIRECTION('',(0.E0,0.E0,1.E0));
#13400=AXIS2_PLACEMENT_3D('',#13397,#13398,#13399);
#13401=PLANE('',#13400);
#13402=ORIENTED_EDGE('',*,*,#9335,.T.);
#13404=ORIENTED_EDGE('',*,*,#13403,.T.);
#13405=ORIENTED_EDGE('',*,*,#10692,.F.);
#13407=ORIENTED_EDGE('',*,*,#13406,.F.);
#13408=EDGE_LOOP('',(#13402,#13404,#13405,#13407));
#13409=FACE_OUTER_BOUND('',#13408,.F.);
#13410=ADVANCED_FACE('',(#13409),#13401,.F.);
#13411=CARTESIAN_POINT('',(2.385000086103E1,-1.889651890174E1,
-5.907526216637E0));
#13412=DIRECTION('',(0.E0,1.E0,0.E0));
#13413=DIRECTION('',(0.E0,0.E0,-1.E0));
#13414=AXIS2_PLACEMENT_3D('',#13411,#13412,#13413);
#13415=PLANE('',#13414);
#13416=ORIENTED_EDGE('',*,*,#9333,.T.);
#13418=ORIENTED_EDGE('',*,*,#13417,.T.);
#13419=ORIENTED_EDGE('',*,*,#10694,.F.);
#13420=ORIENTED_EDGE('',*,*,#13403,.F.);
#13421=EDGE_LOOP('',(#13416,#13418,#13419,#13420));
#13422=FACE_OUTER_BOUND('',#13421,.F.);
#13423=ADVANCED_FACE('',(#13422),#13415,.F.);
#13424=CARTESIAN_POINT('',(1.685000086103E1,-2.589651890174E1,
-5.907526216637E0));
#13425=DIRECTION('',(-1.E0,0.E0,0.E0));
#13426=DIRECTION('',(0.E0,0.E0,-1.E0));
#13427=AXIS2_PLACEMENT_3D('',#13424,#13425,#13426);
#13428=PLANE('',#13427);
#13429=ORIENTED_EDGE('',*,*,#9331,.T.);
#13431=ORIENTED_EDGE('',*,*,#13430,.T.);
#13432=ORIENTED_EDGE('',*,*,#10696,.F.);
#13433=ORIENTED_EDGE('',*,*,#13417,.F.);
#13434=EDGE_LOOP('',(#13429,#13431,#13432,#13433));
#13435=FACE_OUTER_BOUND('',#13434,.F.);
#13436=ADVANCED_FACE('',(#13435),#13428,.F.);
#13437=CARTESIAN_POINT('',(2.385000086103E1,-3.289651890175E1,
-5.907526216637E0));
#13438=DIRECTION('',(0.E0,-1.E0,0.E0));
#13439=DIRECTION('',(0.E0,0.E0,1.E0));
#13440=AXIS2_PLACEMENT_3D('',#13437,#13438,#13439);
#13441=PLANE('',#13440);
#13442=ORIENTED_EDGE('',*,*,#9329,.T.);
#13443=ORIENTED_EDGE('',*,*,#13406,.T.);
#13444=ORIENTED_EDGE('',*,*,#10698,.F.);
#13445=ORIENTED_EDGE('',*,*,#13430,.F.);
#13446=EDGE_LOOP('',(#13442,#13443,#13444,#13445));
#13447=FACE_OUTER_BOUND('',#13446,.F.);
#13448=ADVANCED_FACE('',(#13447),#13441,.F.);
#13449=CARTESIAN_POINT('',(-4.534999913897E1,-2.589651890174E1,
-5.907526216637E0));
#13450=DIRECTION('',(1.E0,0.E0,0.E0));
#13451=DIRECTION('',(0.E0,0.E0,1.E0));
#13452=AXIS2_PLACEMENT_3D('',#13449,#13450,#13451);
#13453=PLANE('',#13452);
#13454=ORIENTED_EDGE('',*,*,#9345,.T.);
#13456=ORIENTED_EDGE('',*,*,#13455,.T.);
#13457=ORIENTED_EDGE('',*,*,#10702,.F.);
#13459=ORIENTED_EDGE('',*,*,#13458,.F.);
#13460=EDGE_LOOP('',(#13454,#13456,#13457,#13459));
#13461=FACE_OUTER_BOUND('',#13460,.F.);
#13462=ADVANCED_FACE('',(#13461),#13453,.F.);
#13463=CARTESIAN_POINT('',(-5.234999913897E1,-1.889651890174E1,
-5.907526216637E0));
#13464=DIRECTION('',(0.E0,1.E0,0.E0));
#13465=DIRECTION('',(0.E0,0.E0,-1.E0));
#13466=AXIS2_PLACEMENT_3D('',#13463,#13464,#13465);
#13467=PLANE('',#13466);
#13468=ORIENTED_EDGE('',*,*,#9343,.T.);
#13470=ORIENTED_EDGE('',*,*,#13469,.T.);
#13471=ORIENTED_EDGE('',*,*,#10704,.F.);
#13472=ORIENTED_EDGE('',*,*,#13455,.F.);
#13473=EDGE_LOOP('',(#13468,#13470,#13471,#13472));
#13474=FACE_OUTER_BOUND('',#13473,.F.);
#13475=ADVANCED_FACE('',(#13474),#13467,.F.);
#13476=CARTESIAN_POINT('',(-5.934999913897E1,-2.589651890174E1,
-5.907526216637E0));
#13477=DIRECTION('',(-1.E0,0.E0,0.E0));
#13478=DIRECTION('',(0.E0,0.E0,-1.E0));
#13479=AXIS2_PLACEMENT_3D('',#13476,#13477,#13478);
#13480=PLANE('',#13479);
#13481=ORIENTED_EDGE('',*,*,#9341,.T.);
#13483=ORIENTED_EDGE('',*,*,#13482,.T.);
#13484=ORIENTED_EDGE('',*,*,#10706,.F.);
#13485=ORIENTED_EDGE('',*,*,#13469,.F.);
#13486=EDGE_LOOP('',(#13481,#13483,#13484,#13485));
#13487=FACE_OUTER_BOUND('',#13486,.F.);
#13488=ADVANCED_FACE('',(#13487),#13480,.F.);
#13489=CARTESIAN_POINT('',(-5.234999913897E1,-3.289651890175E1,
-5.907526216637E0));
#13490=DIRECTION('',(0.E0,-1.E0,0.E0));
#13491=DIRECTION('',(0.E0,0.E0,1.E0));
#13492=AXIS2_PLACEMENT_3D('',#13489,#13490,#13491);
#13493=PLANE('',#13492);
#13494=ORIENTED_EDGE('',*,*,#9339,.T.);
#13495=ORIENTED_EDGE('',*,*,#13458,.T.);
#13496=ORIENTED_EDGE('',*,*,#10708,.F.);
#13497=ORIENTED_EDGE('',*,*,#13482,.F.);
#13498=EDGE_LOOP('',(#13494,#13495,#13496,#13497));
#13499=FACE_OUTER_BOUND('',#13498,.F.);
#13500=ADVANCED_FACE('',(#13499),#13493,.F.);
#13501=CARTESIAN_POINT('',(-4.054999914008E1,1.220348109843E1,
-5.907526216637E0));
#13502=DIRECTION('',(1.E0,0.E0,0.E0));
#13503=DIRECTION('',(0.E0,0.E0,1.E0));
#13504=AXIS2_PLACEMENT_3D('',#13501,#13502,#13503);
#13505=PLANE('',#13504);
#13506=ORIENTED_EDGE('',*,*,#9355,.T.);
#13508=ORIENTED_EDGE('',*,*,#13507,.T.);
#13509=ORIENTED_EDGE('',*,*,#10712,.F.);
#13511=ORIENTED_EDGE('',*,*,#13510,.F.);
#13512=EDGE_LOOP('',(#13506,#13508,#13509,#13511));
#13513=FACE_OUTER_BOUND('',#13512,.F.);
#13514=ADVANCED_FACE('',(#13513),#13505,.F.);
#13515=CARTESIAN_POINT('',(-4.754999914008E1,1.920348109843E1,
-5.907526216637E0));
#13516=DIRECTION('',(0.E0,1.E0,0.E0));
#13517=DIRECTION('',(0.E0,0.E0,-1.E0));
#13518=AXIS2_PLACEMENT_3D('',#13515,#13516,#13517);
#13519=PLANE('',#13518);
#13520=ORIENTED_EDGE('',*,*,#9353,.T.);
#13522=ORIENTED_EDGE('',*,*,#13521,.T.);
#13523=ORIENTED_EDGE('',*,*,#10714,.F.);
#13524=ORIENTED_EDGE('',*,*,#13507,.F.);
#13525=EDGE_LOOP('',(#13520,#13522,#13523,#13524));
#13526=FACE_OUTER_BOUND('',#13525,.F.);
#13527=ADVANCED_FACE('',(#13526),#13519,.F.);
#13528=CARTESIAN_POINT('',(-5.454999914008E1,1.220348109843E1,
-5.907526216637E0));
#13529=DIRECTION('',(-1.E0,0.E0,0.E0));
#13530=DIRECTION('',(0.E0,0.E0,-1.E0));
#13531=AXIS2_PLACEMENT_3D('',#13528,#13529,#13530);
#13532=PLANE('',#13531);
#13533=ORIENTED_EDGE('',*,*,#9351,.T.);
#13535=ORIENTED_EDGE('',*,*,#13534,.T.);
#13536=ORIENTED_EDGE('',*,*,#10716,.F.);
#13537=ORIENTED_EDGE('',*,*,#13521,.F.);
#13538=EDGE_LOOP('',(#13533,#13535,#13536,#13537));
#13539=FACE_OUTER_BOUND('',#13538,.F.);
#13540=ADVANCED_FACE('',(#13539),#13532,.F.);
#13541=CARTESIAN_POINT('',(-4.754999914008E1,5.203481098424E0,
-5.907526216637E0));
#13542=DIRECTION('',(0.E0,-1.E0,0.E0));
#13543=DIRECTION('',(0.E0,0.E0,1.E0));
#13544=AXIS2_PLACEMENT_3D('',#13541,#13542,#13543);
#13545=PLANE('',#13544);
#13546=ORIENTED_EDGE('',*,*,#9349,.T.);
#13547=ORIENTED_EDGE('',*,*,#13510,.T.);
#13548=ORIENTED_EDGE('',*,*,#10718,.F.);
#13549=ORIENTED_EDGE('',*,*,#13534,.F.);
#13550=EDGE_LOOP('',(#13546,#13547,#13548,#13549));
#13551=FACE_OUTER_BOUND('',#13550,.F.);
#13552=ADVANCED_FACE('',(#13551),#13545,.F.);
#13553=CARTESIAN_POINT('',(4.040000086044E1,-4.494651890312E1,
-5.907526216637E0));
#13554=DIRECTION('',(1.E0,0.E0,0.E0));
#13555=DIRECTION('',(0.E0,0.E0,1.E0));
#13556=AXIS2_PLACEMENT_3D('',#13553,#13554,#13555);
#13557=PLANE('',#13556);
#13558=ORIENTED_EDGE('',*,*,#9365,.T.);
#13560=ORIENTED_EDGE('',*,*,#13559,.T.);
#13561=ORIENTED_EDGE('',*,*,#10722,.F.);
#13563=ORIENTED_EDGE('',*,*,#13562,.F.);
#13564=EDGE_LOOP('',(#13558,#13560,#13561,#13563));
#13565=FACE_OUTER_BOUND('',#13564,.F.);
#13566=ADVANCED_FACE('',(#13565),#13557,.F.);
#13567=CARTESIAN_POINT('',(3.340000086044E1,-3.794651890312E1,
-5.907526216637E0));
#13568=DIRECTION('',(0.E0,1.E0,0.E0));
#13569=DIRECTION('',(0.E0,0.E0,-1.E0));
#13570=AXIS2_PLACEMENT_3D('',#13567,#13568,#13569);
#13571=PLANE('',#13570);
#13572=ORIENTED_EDGE('',*,*,#9363,.T.);
#13574=ORIENTED_EDGE('',*,*,#13573,.T.);
#13575=ORIENTED_EDGE('',*,*,#10724,.F.);
#13576=ORIENTED_EDGE('',*,*,#13559,.F.);
#13577=EDGE_LOOP('',(#13572,#13574,#13575,#13576));
#13578=FACE_OUTER_BOUND('',#13577,.F.);
#13579=ADVANCED_FACE('',(#13578),#13571,.F.);
#13580=CARTESIAN_POINT('',(2.640000086044E1,-4.494651890312E1,
-5.907526216637E0));
#13581=DIRECTION('',(-1.E0,0.E0,0.E0));
#13582=DIRECTION('',(0.E0,0.E0,-1.E0));
#13583=AXIS2_PLACEMENT_3D('',#13580,#13581,#13582);
#13584=PLANE('',#13583);
#13585=ORIENTED_EDGE('',*,*,#9361,.T.);
#13587=ORIENTED_EDGE('',*,*,#13586,.T.);
#13588=ORIENTED_EDGE('',*,*,#10726,.F.);
#13589=ORIENTED_EDGE('',*,*,#13573,.F.);
#13590=EDGE_LOOP('',(#13585,#13587,#13588,#13589));
#13591=FACE_OUTER_BOUND('',#13590,.F.);
#13592=ADVANCED_FACE('',(#13591),#13584,.F.);
#13593=CARTESIAN_POINT('',(3.340000086044E1,-5.194651890313E1,
-5.907526216637E0));
#13594=DIRECTION('',(0.E0,-1.E0,0.E0));
#13595=DIRECTION('',(0.E0,0.E0,1.E0));
#13596=AXIS2_PLACEMENT_3D('',#13593,#13594,#13595);
#13597=PLANE('',#13596);
#13598=ORIENTED_EDGE('',*,*,#9359,.T.);
#13599=ORIENTED_EDGE('',*,*,#13562,.T.);
#13600=ORIENTED_EDGE('',*,*,#10728,.F.);
#13601=ORIENTED_EDGE('',*,*,#13586,.F.);
#13602=EDGE_LOOP('',(#13598,#13599,#13600,#13601));
#13603=FACE_OUTER_BOUND('',#13602,.F.);
#13604=ADVANCED_FACE('',(#13603),#13597,.F.);
#13605=CARTESIAN_POINT('',(-8.344999913897E1,-2.589651890174E1,
-5.907526216637E0));
#13606=DIRECTION('',(1.E0,0.E0,0.E0));
#13607=DIRECTION('',(0.E0,0.E0,1.E0));
#13608=AXIS2_PLACEMENT_3D('',#13605,#13606,#13607);
#13609=PLANE('',#13608);
#13610=ORIENTED_EDGE('',*,*,#9375,.T.);
#13612=ORIENTED_EDGE('',*,*,#13611,.T.);
#13613=ORIENTED_EDGE('',*,*,#10732,.F.);
#13615=ORIENTED_EDGE('',*,*,#13614,.F.);
#13616=EDGE_LOOP('',(#13610,#13612,#13613,#13615));
#13617=FACE_OUTER_BOUND('',#13616,.F.);
#13618=ADVANCED_FACE('',(#13617),#13609,.F.);
#13619=CARTESIAN_POINT('',(-9.044999913897E1,-1.889651890174E1,
-5.907526216637E0));
#13620=DIRECTION('',(0.E0,1.E0,0.E0));
#13621=DIRECTION('',(0.E0,0.E0,-1.E0));
#13622=AXIS2_PLACEMENT_3D('',#13619,#13620,#13621);
#13623=PLANE('',#13622);
#13624=ORIENTED_EDGE('',*,*,#9373,.T.);
#13626=ORIENTED_EDGE('',*,*,#13625,.T.);
#13627=ORIENTED_EDGE('',*,*,#10734,.F.);
#13628=ORIENTED_EDGE('',*,*,#13611,.F.);
#13629=EDGE_LOOP('',(#13624,#13626,#13627,#13628));
#13630=FACE_OUTER_BOUND('',#13629,.F.);
#13631=ADVANCED_FACE('',(#13630),#13623,.F.);
#13632=CARTESIAN_POINT('',(-9.744999913897E1,-2.589651890174E1,
-5.907526216637E0));
#13633=DIRECTION('',(-1.E0,0.E0,0.E0));
#13634=DIRECTION('',(0.E0,0.E0,-1.E0));
#13635=AXIS2_PLACEMENT_3D('',#13632,#13633,#13634);
#13636=PLANE('',#13635);
#13637=ORIENTED_EDGE('',*,*,#9371,.T.);
#13639=ORIENTED_EDGE('',*,*,#13638,.T.);
#13640=ORIENTED_EDGE('',*,*,#10736,.F.);
#13641=ORIENTED_EDGE('',*,*,#13625,.F.);
#13642=EDGE_LOOP('',(#13637,#13639,#13640,#13641));
#13643=FACE_OUTER_BOUND('',#13642,.F.);
#13644=ADVANCED_FACE('',(#13643),#13636,.F.);
#13645=CARTESIAN_POINT('',(-9.044999913897E1,-3.289651890175E1,
-5.907526216637E0));
#13646=DIRECTION('',(0.E0,-1.E0,0.E0));
#13647=DIRECTION('',(0.E0,0.E0,1.E0));
#13648=AXIS2_PLACEMENT_3D('',#13645,#13646,#13647);
#13649=PLANE('',#13648);
#13650=ORIENTED_EDGE('',*,*,#9369,.T.);
#13651=ORIENTED_EDGE('',*,*,#13614,.T.);
#13652=ORIENTED_EDGE('',*,*,#10738,.F.);
#13653=ORIENTED_EDGE('',*,*,#13638,.F.);
#13654=EDGE_LOOP('',(#13650,#13651,#13652,#13653));
#13655=FACE_OUTER_BOUND('',#13654,.F.);
#13656=ADVANCED_FACE('',(#13655),#13649,.F.);
#13657=CARTESIAN_POINT('',(-7.864999914008E1,1.220348109843E1,
-5.907526216637E0));
#13658=DIRECTION('',(1.E0,0.E0,0.E0));
#13659=DIRECTION('',(0.E0,0.E0,1.E0));
#13660=AXIS2_PLACEMENT_3D('',#13657,#13658,#13659);
#13661=PLANE('',#13660);
#13662=ORIENTED_EDGE('',*,*,#9385,.T.);
#13664=ORIENTED_EDGE('',*,*,#13663,.T.);
#13665=ORIENTED_EDGE('',*,*,#10742,.F.);
#13667=ORIENTED_EDGE('',*,*,#13666,.F.);
#13668=EDGE_LOOP('',(#13662,#13664,#13665,#13667));
#13669=FACE_OUTER_BOUND('',#13668,.F.);
#13670=ADVANCED_FACE('',(#13669),#13661,.F.);
#13671=CARTESIAN_POINT('',(-8.564999914008E1,1.920348109843E1,
-5.907526216637E0));
#13672=DIRECTION('',(0.E0,1.E0,0.E0));
#13673=DIRECTION('',(0.E0,0.E0,-1.E0));
#13674=AXIS2_PLACEMENT_3D('',#13671,#13672,#13673);
#13675=PLANE('',#13674);
#13676=ORIENTED_EDGE('',*,*,#9383,.T.);
#13678=ORIENTED_EDGE('',*,*,#13677,.T.);
#13679=ORIENTED_EDGE('',*,*,#10744,.F.);
#13680=ORIENTED_EDGE('',*,*,#13663,.F.);
#13681=EDGE_LOOP('',(#13676,#13678,#13679,#13680));
#13682=FACE_OUTER_BOUND('',#13681,.F.);
#13683=ADVANCED_FACE('',(#13682),#13675,.F.);
#13684=CARTESIAN_POINT('',(-9.264999914008E1,1.220348109843E1,
-5.907526216637E0));
#13685=DIRECTION('',(-1.E0,0.E0,0.E0));
#13686=DIRECTION('',(0.E0,0.E0,-1.E0));
#13687=AXIS2_PLACEMENT_3D('',#13684,#13685,#13686);
#13688=PLANE('',#13687);
#13689=ORIENTED_EDGE('',*,*,#9381,.T.);
#13691=ORIENTED_EDGE('',*,*,#13690,.T.);
#13692=ORIENTED_EDGE('',*,*,#10746,.F.);
#13693=ORIENTED_EDGE('',*,*,#13677,.F.);
#13694=EDGE_LOOP('',(#13689,#13691,#13692,#13693));
#13695=FACE_OUTER_BOUND('',#13694,.F.);
#13696=ADVANCED_FACE('',(#13695),#13688,.F.);
#13697=CARTESIAN_POINT('',(-8.564999914008E1,5.203481098424E0,
-5.907526216637E0));
#13698=DIRECTION('',(0.E0,-1.E0,0.E0));
#13699=DIRECTION('',(0.E0,0.E0,1.E0));
#13700=AXIS2_PLACEMENT_3D('',#13697,#13698,#13699);
#13701=PLANE('',#13700);
#13702=ORIENTED_EDGE('',*,*,#9379,.T.);
#13703=ORIENTED_EDGE('',*,*,#13666,.T.);
#13704=ORIENTED_EDGE('',*,*,#10748,.F.);
#13705=ORIENTED_EDGE('',*,*,#13690,.F.);
#13706=EDGE_LOOP('',(#13702,#13703,#13704,#13705));
#13707=FACE_OUTER_BOUND('',#13706,.F.);
#13708=ADVANCED_FACE('',(#13707),#13701,.F.);
#13709=CARTESIAN_POINT('',(5.470000085992E1,1.220348109843E1,
-5.907526216637E0));
#13710=DIRECTION('',(1.E0,0.E0,0.E0));
#13711=DIRECTION('',(0.E0,0.E0,1.E0));
#13712=AXIS2_PLACEMENT_3D('',#13709,#13710,#13711);
#13713=PLANE('',#13712);
#13714=ORIENTED_EDGE('',*,*,#9395,.T.);
#13716=ORIENTED_EDGE('',*,*,#13715,.T.);
#13717=ORIENTED_EDGE('',*,*,#10752,.F.);
#13719=ORIENTED_EDGE('',*,*,#13718,.F.);
#13720=EDGE_LOOP('',(#13714,#13716,#13717,#13719));
#13721=FACE_OUTER_BOUND('',#13720,.F.);
#13722=ADVANCED_FACE('',(#13721),#13713,.F.);
#13723=CARTESIAN_POINT('',(4.770000085992E1,1.920348109843E1,
-5.907526216637E0));
#13724=DIRECTION('',(0.E0,1.E0,0.E0));
#13725=DIRECTION('',(0.E0,0.E0,-1.E0));
#13726=AXIS2_PLACEMENT_3D('',#13723,#13724,#13725);
#13727=PLANE('',#13726);
#13728=ORIENTED_EDGE('',*,*,#9393,.T.);
#13730=ORIENTED_EDGE('',*,*,#13729,.T.);
#13731=ORIENTED_EDGE('',*,*,#10754,.F.);
#13732=ORIENTED_EDGE('',*,*,#13715,.F.);
#13733=EDGE_LOOP('',(#13728,#13730,#13731,#13732));
#13734=FACE_OUTER_BOUND('',#13733,.F.);
#13735=ADVANCED_FACE('',(#13734),#13727,.F.);
#13736=CARTESIAN_POINT('',(4.070000085992E1,1.220348109843E1,
-5.907526216637E0));
#13737=DIRECTION('',(-1.E0,0.E0,0.E0));
#13738=DIRECTION('',(0.E0,0.E0,-1.E0));
#13739=AXIS2_PLACEMENT_3D('',#13736,#13737,#13738);
#13740=PLANE('',#13739);
#13741=ORIENTED_EDGE('',*,*,#9391,.T.);
#13743=ORIENTED_EDGE('',*,*,#13742,.T.);
#13744=ORIENTED_EDGE('',*,*,#10756,.F.);
#13745=ORIENTED_EDGE('',*,*,#13729,.F.);
#13746=EDGE_LOOP('',(#13741,#13743,#13744,#13745));
#13747=FACE_OUTER_BOUND('',#13746,.F.);
#13748=ADVANCED_FACE('',(#13747),#13740,.F.);
#13749=CARTESIAN_POINT('',(4.770000085992E1,5.203481098424E0,
-5.907526216637E0));
#13750=DIRECTION('',(0.E0,-1.E0,0.E0));
#13751=DIRECTION('',(0.E0,0.E0,1.E0));
#13752=AXIS2_PLACEMENT_3D('',#13749,#13750,#13751);
#13753=PLANE('',#13752);
#13754=ORIENTED_EDGE('',*,*,#9389,.T.);
#13755=ORIENTED_EDGE('',*,*,#13718,.T.);
#13756=ORIENTED_EDGE('',*,*,#10758,.F.);
#13757=ORIENTED_EDGE('',*,*,#13742,.F.);
#13758=EDGE_LOOP('',(#13754,#13755,#13756,#13757));
#13759=FACE_OUTER_BOUND('',#13758,.F.);
#13760=ADVANCED_FACE('',(#13759),#13753,.F.);
#13761=CARTESIAN_POINT('',(2.135000086044E1,-4.494651890312E1,
-5.907526216637E0));
#13762=DIRECTION('',(1.E0,0.E0,0.E0));
#13763=DIRECTION('',(0.E0,0.E0,1.E0));
#13764=AXIS2_PLACEMENT_3D('',#13761,#13762,#13763);
#13765=PLANE('',#13764);
#13766=ORIENTED_EDGE('',*,*,#9405,.T.);
#13768=ORIENTED_EDGE('',*,*,#13767,.T.);
#13769=ORIENTED_EDGE('',*,*,#10762,.F.);
#13771=ORIENTED_EDGE('',*,*,#13770,.F.);
#13772=EDGE_LOOP('',(#13766,#13768,#13769,#13771));
#13773=FACE_OUTER_BOUND('',#13772,.F.);
#13774=ADVANCED_FACE('',(#13773),#13765,.F.);
#13775=CARTESIAN_POINT('',(1.435000086044E1,-3.794651890312E1,
-5.907526216637E0));
#13776=DIRECTION('',(0.E0,1.E0,0.E0));
#13777=DIRECTION('',(0.E0,0.E0,-1.E0));
#13778=AXIS2_PLACEMENT_3D('',#13775,#13776,#13777);
#13779=PLANE('',#13778);
#13780=ORIENTED_EDGE('',*,*,#9403,.T.);
#13782=ORIENTED_EDGE('',*,*,#13781,.T.);
#13783=ORIENTED_EDGE('',*,*,#10764,.F.);
#13784=ORIENTED_EDGE('',*,*,#13767,.F.);
#13785=EDGE_LOOP('',(#13780,#13782,#13783,#13784));
#13786=FACE_OUTER_BOUND('',#13785,.F.);
#13787=ADVANCED_FACE('',(#13786),#13779,.F.);
#13788=CARTESIAN_POINT('',(7.350000860440E0,-4.494651890312E1,
-5.907526216637E0));
#13789=DIRECTION('',(-1.E0,0.E0,0.E0));
#13790=DIRECTION('',(0.E0,0.E0,-1.E0));
#13791=AXIS2_PLACEMENT_3D('',#13788,#13789,#13790);
#13792=PLANE('',#13791);
#13793=ORIENTED_EDGE('',*,*,#9401,.T.);
#13795=ORIENTED_EDGE('',*,*,#13794,.T.);
#13796=ORIENTED_EDGE('',*,*,#10766,.F.);
#13797=ORIENTED_EDGE('',*,*,#13781,.F.);
#13798=EDGE_LOOP('',(#13793,#13795,#13796,#13797));
#13799=FACE_OUTER_BOUND('',#13798,.F.);
#13800=ADVANCED_FACE('',(#13799),#13792,.F.);
#13801=CARTESIAN_POINT('',(1.435000086044E1,-5.194651890313E1,
-5.907526216637E0));
#13802=DIRECTION('',(0.E0,-1.E0,0.E0));
#13803=DIRECTION('',(0.E0,0.E0,1.E0));
#13804=AXIS2_PLACEMENT_3D('',#13801,#13802,#13803);
#13805=PLANE('',#13804);
#13806=ORIENTED_EDGE('',*,*,#9399,.T.);
#13807=ORIENTED_EDGE('',*,*,#13770,.T.);
#13808=ORIENTED_EDGE('',*,*,#10768,.F.);
#13809=ORIENTED_EDGE('',*,*,#13794,.F.);
#13810=EDGE_LOOP('',(#13806,#13807,#13808,#13809));
#13811=FACE_OUTER_BOUND('',#13810,.F.);
#13812=ADVANCED_FACE('',(#13811),#13805,.F.);
#13813=CARTESIAN_POINT('',(-5.009999914108E1,-6.846518901705E0,
-5.907526216637E0));
#13814=DIRECTION('',(1.E0,0.E0,0.E0));
#13815=DIRECTION('',(0.E0,0.E0,1.E0));
#13816=AXIS2_PLACEMENT_3D('',#13813,#13814,#13815);
#13817=PLANE('',#13816);
#13818=ORIENTED_EDGE('',*,*,#9415,.T.);
#13820=ORIENTED_EDGE('',*,*,#13819,.T.);
#13821=ORIENTED_EDGE('',*,*,#10772,.F.);
#13823=ORIENTED_EDGE('',*,*,#13822,.F.);
#13824=EDGE_LOOP('',(#13818,#13820,#13821,#13823));
#13825=FACE_OUTER_BOUND('',#13824,.F.);
#13826=ADVANCED_FACE('',(#13825),#13817,.F.);
#13827=CARTESIAN_POINT('',(-5.709999914108E1,1.534810982963E-1,
-5.907526216637E0));
#13828=DIRECTION('',(0.E0,1.E0,0.E0));
#13829=DIRECTION('',(0.E0,0.E0,-1.E0));
#13830=AXIS2_PLACEMENT_3D('',#13827,#13828,#13829);
#13831=PLANE('',#13830);
#13832=ORIENTED_EDGE('',*,*,#9413,.T.);
#13834=ORIENTED_EDGE('',*,*,#13833,.T.);
#13835=ORIENTED_EDGE('',*,*,#10774,.F.);
#13836=ORIENTED_EDGE('',*,*,#13819,.F.);
#13837=EDGE_LOOP('',(#13832,#13834,#13835,#13836));
#13838=FACE_OUTER_BOUND('',#13837,.F.);
#13839=ADVANCED_FACE('',(#13838),#13831,.F.);
#13840=CARTESIAN_POINT('',(-6.409999914108E1,-6.846518901705E0,
-5.907526216637E0));
#13841=DIRECTION('',(-1.E0,0.E0,0.E0));
#13842=DIRECTION('',(0.E0,0.E0,-1.E0));
#13843=AXIS2_PLACEMENT_3D('',#13840,#13841,#13842);
#13844=PLANE('',#13843);
#13845=ORIENTED_EDGE('',*,*,#9411,.T.);
#13847=ORIENTED_EDGE('',*,*,#13846,.T.);
#13848=ORIENTED_EDGE('',*,*,#10776,.F.);
#13849=ORIENTED_EDGE('',*,*,#13833,.F.);
#13850=EDGE_LOOP('',(#13845,#13847,#13848,#13849));
#13851=FACE_OUTER_BOUND('',#13850,.F.);
#13852=ADVANCED_FACE('',(#13851),#13844,.F.);
#13853=CARTESIAN_POINT('',(-5.709999914108E1,-1.384651890171E1,
-5.907526216637E0));
#13854=DIRECTION('',(0.E0,-1.E0,0.E0));
#13855=DIRECTION('',(0.E0,0.E0,1.E0));
#13856=AXIS2_PLACEMENT_3D('',#13853,#13854,#13855);
#13857=PLANE('',#13856);
#13858=ORIENTED_EDGE('',*,*,#9409,.T.);
#13859=ORIENTED_EDGE('',*,*,#13822,.T.);
#13860=ORIENTED_EDGE('',*,*,#10778,.F.);
#13861=ORIENTED_EDGE('',*,*,#13846,.F.);
#13862=EDGE_LOOP('',(#13858,#13859,#13860,#13861));
#13863=FACE_OUTER_BOUND('',#13862,.F.);
#13864=ADVANCED_FACE('',(#13863),#13857,.F.);
#13865=CARTESIAN_POINT('',(-5.484999913956E1,-4.494651890312E1,
-5.907526216637E0));
#13866=DIRECTION('',(1.E0,0.E0,0.E0));
#13867=DIRECTION('',(0.E0,0.E0,1.E0));
#13868=AXIS2_PLACEMENT_3D('',#13865,#13866,#13867);
#13869=PLANE('',#13868);
#13870=ORIENTED_EDGE('',*,*,#9425,.T.);
#13872=ORIENTED_EDGE('',*,*,#13871,.T.);
#13873=ORIENTED_EDGE('',*,*,#10782,.F.);
#13875=ORIENTED_EDGE('',*,*,#13874,.F.);
#13876=EDGE_LOOP('',(#13870,#13872,#13873,#13875));
#13877=FACE_OUTER_BOUND('',#13876,.F.);
#13878=ADVANCED_FACE('',(#13877),#13869,.F.);
#13879=CARTESIAN_POINT('',(-6.184999913956E1,-3.794651890312E1,
-5.907526216637E0));
#13880=DIRECTION('',(0.E0,1.E0,0.E0));
#13881=DIRECTION('',(0.E0,0.E0,-1.E0));
#13882=AXIS2_PLACEMENT_3D('',#13879,#13880,#13881);
#13883=PLANE('',#13882);
#13884=ORIENTED_EDGE('',*,*,#9423,.T.);
#13886=ORIENTED_EDGE('',*,*,#13885,.T.);
#13887=ORIENTED_EDGE('',*,*,#10784,.F.);
#13888=ORIENTED_EDGE('',*,*,#13871,.F.);
#13889=EDGE_LOOP('',(#13884,#13886,#13887,#13888));
#13890=FACE_OUTER_BOUND('',#13889,.F.);
#13891=ADVANCED_FACE('',(#13890),#13883,.F.);
#13892=CARTESIAN_POINT('',(-6.884999913956E1,-4.494651890312E1,
-5.907526216637E0));
#13893=DIRECTION('',(-1.E0,0.E0,0.E0));
#13894=DIRECTION('',(0.E0,0.E0,-1.E0));
#13895=AXIS2_PLACEMENT_3D('',#13892,#13893,#13894);
#13896=PLANE('',#13895);
#13897=ORIENTED_EDGE('',*,*,#9421,.T.);
#13899=ORIENTED_EDGE('',*,*,#13898,.T.);
#13900=ORIENTED_EDGE('',*,*,#10786,.F.);
#13901=ORIENTED_EDGE('',*,*,#13885,.F.);
#13902=EDGE_LOOP('',(#13897,#13899,#13900,#13901));
#13903=FACE_OUTER_BOUND('',#13902,.F.);
#13904=ADVANCED_FACE('',(#13903),#13896,.F.);
#13905=CARTESIAN_POINT('',(-6.184999913956E1,-5.194651890313E1,
-5.907526216637E0));
#13906=DIRECTION('',(0.E0,-1.E0,0.E0));
#13907=DIRECTION('',(0.E0,0.E0,1.E0));
#13908=AXIS2_PLACEMENT_3D('',#13905,#13906,#13907);
#13909=PLANE('',#13908);
#13910=ORIENTED_EDGE('',*,*,#9419,.T.);
#13911=ORIENTED_EDGE('',*,*,#13874,.T.);
#13912=ORIENTED_EDGE('',*,*,#10788,.F.);
#13913=ORIENTED_EDGE('',*,*,#13898,.F.);
#13914=EDGE_LOOP('',(#13910,#13911,#13912,#13913));
#13915=FACE_OUTER_BOUND('',#13914,.F.);
#13916=ADVANCED_FACE('',(#13915),#13909,.F.);
#13917=CARTESIAN_POINT('',(-1.310499991407E2,-6.846518901585E0,
-5.907526216637E0));
#13918=DIRECTION('',(1.E0,0.E0,0.E0));
#13919=DIRECTION('',(0.E0,0.E0,1.E0));
#13920=AXIS2_PLACEMENT_3D('',#13917,#13918,#13919);
#13921=PLANE('',#13920);
#13922=ORIENTED_EDGE('',*,*,#9435,.T.);
#13924=ORIENTED_EDGE('',*,*,#13923,.T.);
#13925=ORIENTED_EDGE('',*,*,#10792,.F.);
#13927=ORIENTED_EDGE('',*,*,#13926,.F.);
#13928=EDGE_LOOP('',(#13922,#13924,#13925,#13927));
#13929=FACE_OUTER_BOUND('',#13928,.F.);
#13930=ADVANCED_FACE('',(#13929),#13921,.F.);
#13931=CARTESIAN_POINT('',(-1.380499991407E2,1.534810984163E-1,
-5.907526216637E0));
#13932=DIRECTION('',(0.E0,1.E0,0.E0));
#13933=DIRECTION('',(0.E0,0.E0,-1.E0));
#13934=AXIS2_PLACEMENT_3D('',#13931,#13932,#13933);
#13935=PLANE('',#13934);
#13936=ORIENTED_EDGE('',*,*,#9433,.T.);
#13938=ORIENTED_EDGE('',*,*,#13937,.T.);
#13939=ORIENTED_EDGE('',*,*,#10794,.F.);
#13940=ORIENTED_EDGE('',*,*,#13923,.F.);
#13941=EDGE_LOOP('',(#13936,#13938,#13939,#13940));
#13942=FACE_OUTER_BOUND('',#13941,.F.);
#13943=ADVANCED_FACE('',(#13942),#13935,.F.);
#13944=CARTESIAN_POINT('',(-1.450499991407E2,-6.846518901585E0,
-5.907526216637E0));
#13945=DIRECTION('',(-1.E0,0.E0,0.E0));
#13946=DIRECTION('',(0.E0,0.E0,-1.E0));
#13947=AXIS2_PLACEMENT_3D('',#13944,#13945,#13946);
#13948=PLANE('',#13947);
#13949=ORIENTED_EDGE('',*,*,#9431,.T.);
#13951=ORIENTED_EDGE('',*,*,#13950,.T.);
#13952=ORIENTED_EDGE('',*,*,#10796,.F.);
#13953=ORIENTED_EDGE('',*,*,#13937,.F.);
#13954=EDGE_LOOP('',(#13949,#13951,#13952,#13953));
#13955=FACE_OUTER_BOUND('',#13954,.F.);
#13956=ADVANCED_FACE('',(#13955),#13948,.F.);
#13957=CARTESIAN_POINT('',(-1.380499991407E2,-1.384651890159E1,
-5.907526216637E0));
#13958=DIRECTION('',(0.E0,-1.E0,0.E0));
#13959=DIRECTION('',(0.E0,0.E0,1.E0));
#13960=AXIS2_PLACEMENT_3D('',#13957,#13958,#13959);
#13961=PLANE('',#13960);
#13962=ORIENTED_EDGE('',*,*,#9429,.T.);
#13963=ORIENTED_EDGE('',*,*,#13926,.T.);
#13964=ORIENTED_EDGE('',*,*,#10798,.F.);
#13965=ORIENTED_EDGE('',*,*,#13950,.F.);
#13966=EDGE_LOOP('',(#13962,#13963,#13964,#13965));
#13967=FACE_OUTER_BOUND('',#13966,.F.);
#13968=ADVANCED_FACE('',(#13967),#13961,.F.);
#13969=CARTESIAN_POINT('',(9.280000085992E1,1.220348109843E1,
-5.907526216637E0));
#13970=DIRECTION('',(1.E0,0.E0,0.E0));
#13971=DIRECTION('',(0.E0,0.E0,1.E0));
#13972=AXIS2_PLACEMENT_3D('',#13969,#13970,#13971);
#13973=PLANE('',#13972);
#13974=ORIENTED_EDGE('',*,*,#9445,.T.);
#13976=ORIENTED_EDGE('',*,*,#13975,.T.);
#13977=ORIENTED_EDGE('',*,*,#10802,.F.);
#13979=ORIENTED_EDGE('',*,*,#13978,.F.);
#13980=EDGE_LOOP('',(#13974,#13976,#13977,#13979));
#13981=FACE_OUTER_BOUND('',#13980,.F.);
#13982=ADVANCED_FACE('',(#13981),#13973,.F.);
#13983=CARTESIAN_POINT('',(8.580000085992E1,1.920348109843E1,
-5.907526216637E0));
#13984=DIRECTION('',(0.E0,1.E0,0.E0));
#13985=DIRECTION('',(0.E0,0.E0,-1.E0));
#13986=AXIS2_PLACEMENT_3D('',#13983,#13984,#13985);
#13987=PLANE('',#13986);
#13988=ORIENTED_EDGE('',*,*,#9443,.T.);
#13990=ORIENTED_EDGE('',*,*,#13989,.T.);
#13991=ORIENTED_EDGE('',*,*,#10804,.F.);
#13992=ORIENTED_EDGE('',*,*,#13975,.F.);
#13993=EDGE_LOOP('',(#13988,#13990,#13991,#13992));
#13994=FACE_OUTER_BOUND('',#13993,.F.);
#13995=ADVANCED_FACE('',(#13994),#13987,.F.);
#13996=CARTESIAN_POINT('',(7.880000085992E1,1.220348109843E1,
-5.907526216637E0));
#13997=DIRECTION('',(-1.E0,0.E0,0.E0));
#13998=DIRECTION('',(0.E0,0.E0,-1.E0));
#13999=AXIS2_PLACEMENT_3D('',#13996,#13997,#13998);
#14000=PLANE('',#13999);
#14001=ORIENTED_EDGE('',*,*,#9441,.T.);
#14003=ORIENTED_EDGE('',*,*,#14002,.T.);
#14004=ORIENTED_EDGE('',*,*,#10806,.F.);
#14005=ORIENTED_EDGE('',*,*,#13989,.F.);
#14006=EDGE_LOOP('',(#14001,#14003,#14004,#14005));
#14007=FACE_OUTER_BOUND('',#14006,.F.);
#14008=ADVANCED_FACE('',(#14007),#14000,.F.);
#14009=CARTESIAN_POINT('',(8.580000085992E1,5.203481098424E0,
-5.907526216637E0));
#14010=DIRECTION('',(0.E0,-1.E0,0.E0));
#14011=DIRECTION('',(0.E0,0.E0,1.E0));
#14012=AXIS2_PLACEMENT_3D('',#14009,#14010,#14011);
#14013=PLANE('',#14012);
#14014=ORIENTED_EDGE('',*,*,#9439,.T.);
#14015=ORIENTED_EDGE('',*,*,#13978,.T.);
#14016=ORIENTED_EDGE('',*,*,#10808,.F.);
#14017=ORIENTED_EDGE('',*,*,#14002,.F.);
#14018=EDGE_LOOP('',(#14014,#14015,#14016,#14017));
#14019=FACE_OUTER_BOUND('',#14018,.F.);
#14020=ADVANCED_FACE('',(#14019),#14013,.F.);
#14021=CARTESIAN_POINT('',(6.420000085892E1,-6.846518901705E0,
-5.907526216637E0));
#14022=DIRECTION('',(1.E0,0.E0,0.E0));
#14023=DIRECTION('',(0.E0,0.E0,1.E0));
#14024=AXIS2_PLACEMENT_3D('',#14021,#14022,#14023);
#14025=PLANE('',#14024);
#14026=ORIENTED_EDGE('',*,*,#9455,.T.);
#14028=ORIENTED_EDGE('',*,*,#14027,.T.);
#14029=ORIENTED_EDGE('',*,*,#10812,.F.);
#14031=ORIENTED_EDGE('',*,*,#14030,.F.);
#14032=EDGE_LOOP('',(#14026,#14028,#14029,#14031));
#14033=FACE_OUTER_BOUND('',#14032,.F.);
#14034=ADVANCED_FACE('',(#14033),#14025,.F.);
#14035=CARTESIAN_POINT('',(5.720000085892E1,1.534810982963E-1,
-5.907526216637E0));
#14036=DIRECTION('',(0.E0,1.E0,0.E0));
#14037=DIRECTION('',(0.E0,0.E0,-1.E0));
#14038=AXIS2_PLACEMENT_3D('',#14035,#14036,#14037);
#14039=PLANE('',#14038);
#14040=ORIENTED_EDGE('',*,*,#9453,.T.);
#14042=ORIENTED_EDGE('',*,*,#14041,.T.);
#14043=ORIENTED_EDGE('',*,*,#10814,.F.);
#14044=ORIENTED_EDGE('',*,*,#14027,.F.);
#14045=EDGE_LOOP('',(#14040,#14042,#14043,#14044));
#14046=FACE_OUTER_BOUND('',#14045,.F.);
#14047=ADVANCED_FACE('',(#14046),#14039,.F.);
#14048=CARTESIAN_POINT('',(5.020000085892E1,-6.846518901705E0,
-5.907526216637E0));
#14049=DIRECTION('',(-1.E0,0.E0,0.E0));
#14050=DIRECTION('',(0.E0,0.E0,-1.E0));
#14051=AXIS2_PLACEMENT_3D('',#14048,#14049,#14050);
#14052=PLANE('',#14051);
#14053=ORIENTED_EDGE('',*,*,#9451,.T.);
#14055=ORIENTED_EDGE('',*,*,#14054,.T.);
#14056=ORIENTED_EDGE('',*,*,#10816,.F.);
#14057=ORIENTED_EDGE('',*,*,#14041,.F.);
#14058=EDGE_LOOP('',(#14053,#14055,#14056,#14057));
#14059=FACE_OUTER_BOUND('',#14058,.F.);
#14060=ADVANCED_FACE('',(#14059),#14052,.F.);
#14061=CARTESIAN_POINT('',(5.720000085892E1,-1.384651890171E1,
-5.907526216637E0));
#14062=DIRECTION('',(0.E0,-1.E0,0.E0));
#14063=DIRECTION('',(0.E0,0.E0,1.E0));
#14064=AXIS2_PLACEMENT_3D('',#14061,#14062,#14063);
#14065=PLANE('',#14064);
#14066=ORIENTED_EDGE('',*,*,#9449,.T.);
#14067=ORIENTED_EDGE('',*,*,#14030,.T.);
#14068=ORIENTED_EDGE('',*,*,#10818,.F.);
#14069=ORIENTED_EDGE('',*,*,#14054,.F.);
#14070=EDGE_LOOP('',(#14066,#14067,#14068,#14069));
#14071=FACE_OUTER_BOUND('',#14070,.F.);
#14072=ADVANCED_FACE('',(#14071),#14065,.F.);
#14073=CARTESIAN_POINT('',(-7.249999138970E0,-2.589651890174E1,
-5.907526216637E0));
#14074=DIRECTION('',(1.E0,0.E0,0.E0));
#14075=DIRECTION('',(0.E0,0.E0,1.E0));
#14076=AXIS2_PLACEMENT_3D('',#14073,#14074,#14075);
#14077=PLANE('',#14076);
#14078=ORIENTED_EDGE('',*,*,#9465,.T.);
#14080=ORIENTED_EDGE('',*,*,#14079,.T.);
#14081=ORIENTED_EDGE('',*,*,#10822,.F.);
#14083=ORIENTED_EDGE('',*,*,#14082,.F.);
#14084=EDGE_LOOP('',(#14078,#14080,#14081,#14083));
#14085=FACE_OUTER_BOUND('',#14084,.F.);
#14086=ADVANCED_FACE('',(#14085),#14077,.F.);
#14087=CARTESIAN_POINT('',(-1.424999913897E1,-1.889651890174E1,
-5.907526216637E0));
#14088=DIRECTION('',(0.E0,1.E0,0.E0));
#14089=DIRECTION('',(0.E0,0.E0,-1.E0));
#14090=AXIS2_PLACEMENT_3D('',#14087,#14088,#14089);
#14091=PLANE('',#14090);
#14092=ORIENTED_EDGE('',*,*,#9463,.T.);
#14094=ORIENTED_EDGE('',*,*,#14093,.T.);
#14095=ORIENTED_EDGE('',*,*,#10824,.F.);
#14096=ORIENTED_EDGE('',*,*,#14079,.F.);
#14097=EDGE_LOOP('',(#14092,#14094,#14095,#14096));
#14098=FACE_OUTER_BOUND('',#14097,.F.);
#14099=ADVANCED_FACE('',(#14098),#14091,.F.);
#14100=CARTESIAN_POINT('',(-2.124999913897E1,-2.589651890174E1,
-5.907526216637E0));
#14101=DIRECTION('',(-1.E0,0.E0,0.E0));
#14102=DIRECTION('',(0.E0,0.E0,-1.E0));
#14103=AXIS2_PLACEMENT_3D('',#14100,#14101,#14102);
#14104=PLANE('',#14103);
#14105=ORIENTED_EDGE('',*,*,#9461,.T.);
#14107=ORIENTED_EDGE('',*,*,#14106,.T.);
#14108=ORIENTED_EDGE('',*,*,#10826,.F.);
#14109=ORIENTED_EDGE('',*,*,#14093,.F.);
#14110=EDGE_LOOP('',(#14105,#14107,#14108,#14109));
#14111=FACE_OUTER_BOUND('',#14110,.F.);
#14112=ADVANCED_FACE('',(#14111),#14104,.F.);
#14113=CARTESIAN_POINT('',(-1.424999913897E1,-3.289651890175E1,
-5.907526216637E0));
#14114=DIRECTION('',(0.E0,-1.E0,0.E0));
#14115=DIRECTION('',(0.E0,0.E0,1.E0));
#14116=AXIS2_PLACEMENT_3D('',#14113,#14114,#14115);
#14117=PLANE('',#14116);
#14118=ORIENTED_EDGE('',*,*,#9459,.T.);
#14119=ORIENTED_EDGE('',*,*,#14082,.T.);
#14120=ORIENTED_EDGE('',*,*,#10828,.F.);
#14121=ORIENTED_EDGE('',*,*,#14106,.F.);
#14122=EDGE_LOOP('',(#14118,#14119,#14120,#14121));
#14123=FACE_OUTER_BOUND('',#14122,.F.);
#14124=ADVANCED_FACE('',(#14123),#14117,.F.);
#14125=CARTESIAN_POINT('',(6.895000086103E1,-2.589651890174E1,
-5.907526216637E0));
#14126=DIRECTION('',(1.E0,0.E0,0.E0));
#14127=DIRECTION('',(0.E0,0.E0,1.E0));
#14128=AXIS2_PLACEMENT_3D('',#14125,#14126,#14127);
#14129=PLANE('',#14128);
#14130=ORIENTED_EDGE('',*,*,#9475,.T.);
#14132=ORIENTED_EDGE('',*,*,#14131,.T.);
#14133=ORIENTED_EDGE('',*,*,#10832,.F.);
#14135=ORIENTED_EDGE('',*,*,#14134,.F.);
#14136=EDGE_LOOP('',(#14130,#14132,#14133,#14135));
#14137=FACE_OUTER_BOUND('',#14136,.F.);
#14138=ADVANCED_FACE('',(#14137),#14129,.F.);
#14139=CARTESIAN_POINT('',(6.195000086103E1,-1.889651890174E1,
-5.907526216637E0));
#14140=DIRECTION('',(0.E0,1.E0,0.E0));
#14141=DIRECTION('',(0.E0,0.E0,-1.E0));
#14142=AXIS2_PLACEMENT_3D('',#14139,#14140,#14141);
#14143=PLANE('',#14142);
#14144=ORIENTED_EDGE('',*,*,#9473,.T.);
#14146=ORIENTED_EDGE('',*,*,#14145,.T.);
#14147=ORIENTED_EDGE('',*,*,#10834,.F.);
#14148=ORIENTED_EDGE('',*,*,#14131,.F.);
#14149=EDGE_LOOP('',(#14144,#14146,#14147,#14148));
#14150=FACE_OUTER_BOUND('',#14149,.F.);
#14151=ADVANCED_FACE('',(#14150),#14143,.F.);
#14152=CARTESIAN_POINT('',(5.495000086103E1,-2.589651890174E1,
-5.907526216637E0));
#14153=DIRECTION('',(-1.E0,0.E0,0.E0));
#14154=DIRECTION('',(0.E0,0.E0,-1.E0));
#14155=AXIS2_PLACEMENT_3D('',#14152,#14153,#14154);
#14156=PLANE('',#14155);
#14157=ORIENTED_EDGE('',*,*,#9471,.T.);
#14159=ORIENTED_EDGE('',*,*,#14158,.T.);
#14160=ORIENTED_EDGE('',*,*,#10836,.F.);
#14161=ORIENTED_EDGE('',*,*,#14145,.F.);
#14162=EDGE_LOOP('',(#14157,#14159,#14160,#14161));
#14163=FACE_OUTER_BOUND('',#14162,.F.);
#14164=ADVANCED_FACE('',(#14163),#14156,.F.);
#14165=CARTESIAN_POINT('',(6.195000086103E1,-3.289651890175E1,
-5.907526216637E0));
#14166=DIRECTION('',(0.E0,-1.E0,0.E0));
#14167=DIRECTION('',(0.E0,0.E0,1.E0));
#14168=AXIS2_PLACEMENT_3D('',#14165,#14166,#14167);
#14169=PLANE('',#14168);
#14170=ORIENTED_EDGE('',*,*,#9469,.T.);
#14171=ORIENTED_EDGE('',*,*,#14134,.T.);
#14172=ORIENTED_EDGE('',*,*,#10838,.F.);
#14173=ORIENTED_EDGE('',*,*,#14158,.F.);
#14174=EDGE_LOOP('',(#14170,#14171,#14172,#14173));
#14175=FACE_OUTER_BOUND('',#14174,.F.);
#14176=ADVANCED_FACE('',(#14175),#14169,.F.);
#14177=CARTESIAN_POINT('',(-1.167499991401E2,1.220348109843E1,
-5.907526216637E0));
#14178=DIRECTION('',(1.E0,0.E0,0.E0));
#14179=DIRECTION('',(0.E0,0.E0,1.E0));
#14180=AXIS2_PLACEMENT_3D('',#14177,#14178,#14179);
#14181=PLANE('',#14180);
#14182=ORIENTED_EDGE('',*,*,#9485,.T.);
#14184=ORIENTED_EDGE('',*,*,#14183,.T.);
#14185=ORIENTED_EDGE('',*,*,#10842,.F.);
#14187=ORIENTED_EDGE('',*,*,#14186,.F.);
#14188=EDGE_LOOP('',(#14182,#14184,#14185,#14187));
#14189=FACE_OUTER_BOUND('',#14188,.F.);
#14190=ADVANCED_FACE('',(#14189),#14181,.F.);
#14191=CARTESIAN_POINT('',(-1.237499991401E2,1.920348109843E1,
-5.907526216637E0));
#14192=DIRECTION('',(0.E0,1.E0,0.E0));
#14193=DIRECTION('',(0.E0,0.E0,-1.E0));
#14194=AXIS2_PLACEMENT_3D('',#14191,#14192,#14193);
#14195=PLANE('',#14194);
#14196=ORIENTED_EDGE('',*,*,#9483,.T.);
#14198=ORIENTED_EDGE('',*,*,#14197,.T.);
#14199=ORIENTED_EDGE('',*,*,#10844,.F.);
#14200=ORIENTED_EDGE('',*,*,#14183,.F.);
#14201=EDGE_LOOP('',(#14196,#14198,#14199,#14200));
#14202=FACE_OUTER_BOUND('',#14201,.F.);
#14203=ADVANCED_FACE('',(#14202),#14195,.F.);
#14204=CARTESIAN_POINT('',(-1.307499991401E2,1.220348109843E1,
-5.907526216637E0));
#14205=DIRECTION('',(-1.E0,0.E0,0.E0));
#14206=DIRECTION('',(0.E0,0.E0,-1.E0));
#14207=AXIS2_PLACEMENT_3D('',#14204,#14205,#14206);
#14208=PLANE('',#14207);
#14209=ORIENTED_EDGE('',*,*,#9481,.T.);
#14211=ORIENTED_EDGE('',*,*,#14210,.T.);
#14212=ORIENTED_EDGE('',*,*,#10846,.F.);
#14213=ORIENTED_EDGE('',*,*,#14197,.F.);
#14214=EDGE_LOOP('',(#14209,#14211,#14212,#14213));
#14215=FACE_OUTER_BOUND('',#14214,.F.);
#14216=ADVANCED_FACE('',(#14215),#14208,.F.);
#14217=CARTESIAN_POINT('',(-1.237499991401E2,5.203481098424E0,
-5.907526216637E0));
#14218=DIRECTION('',(0.E0,-1.E0,0.E0));
#14219=DIRECTION('',(0.E0,0.E0,1.E0));
#14220=AXIS2_PLACEMENT_3D('',#14217,#14218,#14219);
#14221=PLANE('',#14220);
#14222=ORIENTED_EDGE('',*,*,#9479,.T.);
#14223=ORIENTED_EDGE('',*,*,#14186,.T.);
#14224=ORIENTED_EDGE('',*,*,#10848,.F.);
#14225=ORIENTED_EDGE('',*,*,#14210,.F.);
#14226=EDGE_LOOP('',(#14222,#14223,#14224,#14225));
#14227=FACE_OUTER_BOUND('',#14226,.F.);
#14228=ADVANCED_FACE('',(#14227),#14221,.F.);
#14229=CARTESIAN_POINT('',(7.850000086044E1,-4.494651890312E1,
-5.907526216637E0));
#14230=DIRECTION('',(1.E0,0.E0,0.E0));
#14231=DIRECTION('',(0.E0,0.E0,1.E0));
#14232=AXIS2_PLACEMENT_3D('',#14229,#14230,#14231);
#14233=PLANE('',#14232);
#14234=ORIENTED_EDGE('',*,*,#9495,.T.);
#14236=ORIENTED_EDGE('',*,*,#14235,.T.);
#14237=ORIENTED_EDGE('',*,*,#10852,.F.);
#14239=ORIENTED_EDGE('',*,*,#14238,.F.);
#14240=EDGE_LOOP('',(#14234,#14236,#14237,#14239));
#14241=FACE_OUTER_BOUND('',#14240,.F.);
#14242=ADVANCED_FACE('',(#14241),#14233,.F.);
#14243=CARTESIAN_POINT('',(7.150000086044E1,-3.794651890312E1,
-5.907526216637E0));
#14244=DIRECTION('',(0.E0,1.E0,0.E0));
#14245=DIRECTION('',(0.E0,0.E0,-1.E0));
#14246=AXIS2_PLACEMENT_3D('',#14243,#14244,#14245);
#14247=PLANE('',#14246);
#14248=ORIENTED_EDGE('',*,*,#9493,.T.);
#14250=ORIENTED_EDGE('',*,*,#14249,.T.);
#14251=ORIENTED_EDGE('',*,*,#10854,.F.);
#14252=ORIENTED_EDGE('',*,*,#14235,.F.);
#14253=EDGE_LOOP('',(#14248,#14250,#14251,#14252));
#14254=FACE_OUTER_BOUND('',#14253,.F.);
#14255=ADVANCED_FACE('',(#14254),#14247,.F.);
#14256=CARTESIAN_POINT('',(6.450000086044E1,-4.494651890312E1,
-5.907526216637E0));
#14257=DIRECTION('',(-1.E0,0.E0,0.E0));
#14258=DIRECTION('',(0.E0,0.E0,-1.E0));
#14259=AXIS2_PLACEMENT_3D('',#14256,#14257,#14258);
#14260=PLANE('',#14259);
#14261=ORIENTED_EDGE('',*,*,#9491,.T.);
#14263=ORIENTED_EDGE('',*,*,#14262,.T.);
#14264=ORIENTED_EDGE('',*,*,#10856,.F.);
#14265=ORIENTED_EDGE('',*,*,#14249,.F.);
#14266=EDGE_LOOP('',(#14261,#14263,#14264,#14265));
#14267=FACE_OUTER_BOUND('',#14266,.F.);
#14268=ADVANCED_FACE('',(#14267),#14260,.F.);
#14269=CARTESIAN_POINT('',(7.150000086044E1,-5.194651890313E1,
-5.907526216637E0));
#14270=DIRECTION('',(0.E0,-1.E0,0.E0));
#14271=DIRECTION('',(0.E0,0.E0,1.E0));
#14272=AXIS2_PLACEMENT_3D('',#14269,#14270,#14271);
#14273=PLANE('',#14272);
#14274=ORIENTED_EDGE('',*,*,#9489,.T.);
#14275=ORIENTED_EDGE('',*,*,#14238,.T.);
#14276=ORIENTED_EDGE('',*,*,#10858,.F.);
#14277=ORIENTED_EDGE('',*,*,#14262,.F.);
#14278=EDGE_LOOP('',(#14274,#14275,#14276,#14277));
#14279=FACE_OUTER_BOUND('',#14278,.F.);
#14280=ADVANCED_FACE('',(#14279),#14273,.F.);
#14281=CARTESIAN_POINT('',(8.800000086103E1,-2.589651890174E1,
-5.907526216637E0));
#14282=DIRECTION('',(1.E0,0.E0,0.E0));
#14283=DIRECTION('',(0.E0,0.E0,1.E0));
#14284=AXIS2_PLACEMENT_3D('',#14281,#14282,#14283);
#14285=PLANE('',#14284);
#14286=ORIENTED_EDGE('',*,*,#9505,.T.);
#14288=ORIENTED_EDGE('',*,*,#14287,.T.);
#14289=ORIENTED_EDGE('',*,*,#10862,.F.);
#14291=ORIENTED_EDGE('',*,*,#14290,.F.);
#14292=EDGE_LOOP('',(#14286,#14288,#14289,#14291));
#14293=FACE_OUTER_BOUND('',#14292,.F.);
#14294=ADVANCED_FACE('',(#14293),#14285,.F.);
#14295=CARTESIAN_POINT('',(8.100000086103E1,-1.889651890174E1,
-5.907526216637E0));
#14296=DIRECTION('',(0.E0,1.E0,0.E0));
#14297=DIRECTION('',(0.E0,0.E0,-1.E0));
#14298=AXIS2_PLACEMENT_3D('',#14295,#14296,#14297);
#14299=PLANE('',#14298);
#14300=ORIENTED_EDGE('',*,*,#9503,.T.);
#14302=ORIENTED_EDGE('',*,*,#14301,.T.);
#14303=ORIENTED_EDGE('',*,*,#10864,.F.);
#14304=ORIENTED_EDGE('',*,*,#14287,.F.);
#14305=EDGE_LOOP('',(#14300,#14302,#14303,#14304));
#14306=FACE_OUTER_BOUND('',#14305,.F.);
#14307=ADVANCED_FACE('',(#14306),#14299,.F.);
#14308=CARTESIAN_POINT('',(7.400000086103E1,-2.589651890174E1,
-5.907526216637E0));
#14309=DIRECTION('',(-1.E0,0.E0,0.E0));
#14310=DIRECTION('',(0.E0,0.E0,-1.E0));
#14311=AXIS2_PLACEMENT_3D('',#14308,#14309,#14310);
#14312=PLANE('',#14311);
#14313=ORIENTED_EDGE('',*,*,#9501,.T.);
#14315=ORIENTED_EDGE('',*,*,#14314,.T.);
#14316=ORIENTED_EDGE('',*,*,#10866,.F.);
#14317=ORIENTED_EDGE('',*,*,#14301,.F.);
#14318=EDGE_LOOP('',(#14313,#14315,#14316,#14317));
#14319=FACE_OUTER_BOUND('',#14318,.F.);
#14320=ADVANCED_FACE('',(#14319),#14312,.F.);
#14321=CARTESIAN_POINT('',(8.100000086103E1,-3.289651890175E1,
-5.907526216637E0));
#14322=DIRECTION('',(0.E0,-1.E0,0.E0));
#14323=DIRECTION('',(0.E0,0.E0,1.E0));
#14324=AXIS2_PLACEMENT_3D('',#14321,#14322,#14323);
#14325=PLANE('',#14324);
#14326=ORIENTED_EDGE('',*,*,#9499,.T.);
#14327=ORIENTED_EDGE('',*,*,#14290,.T.);
#14328=ORIENTED_EDGE('',*,*,#10868,.F.);
#14329=ORIENTED_EDGE('',*,*,#14314,.F.);
#14330=EDGE_LOOP('',(#14326,#14327,#14328,#14329));
#14331=FACE_OUTER_BOUND('',#14330,.F.);
#14332=ADVANCED_FACE('',(#14331),#14325,.F.);
#14333=CARTESIAN_POINT('',(-1.674999913956E1,-4.494651890312E1,
-5.907526216637E0));
#14334=DIRECTION('',(1.E0,0.E0,0.E0));
#14335=DIRECTION('',(0.E0,0.E0,1.E0));
#14336=AXIS2_PLACEMENT_3D('',#14333,#14334,#14335);
#14337=PLANE('',#14336);
#14338=ORIENTED_EDGE('',*,*,#9515,.T.);
#14340=ORIENTED_EDGE('',*,*,#14339,.T.);
#14341=ORIENTED_EDGE('',*,*,#10872,.F.);
#14343=ORIENTED_EDGE('',*,*,#14342,.F.);
#14344=EDGE_LOOP('',(#14338,#14340,#14341,#14343));
#14345=FACE_OUTER_BOUND('',#14344,.F.);
#14346=ADVANCED_FACE('',(#14345),#14337,.F.);
#14347=CARTESIAN_POINT('',(-2.374999913956E1,-3.794651890312E1,
-5.907526216637E0));
#14348=DIRECTION('',(0.E0,1.E0,0.E0));
#14349=DIRECTION('',(0.E0,0.E0,-1.E0));
#14350=AXIS2_PLACEMENT_3D('',#14347,#14348,#14349);
#14351=PLANE('',#14350);
#14352=ORIENTED_EDGE('',*,*,#9513,.T.);
#14354=ORIENTED_EDGE('',*,*,#14353,.T.);
#14355=ORIENTED_EDGE('',*,*,#10874,.F.);
#14356=ORIENTED_EDGE('',*,*,#14339,.F.);
#14357=EDGE_LOOP('',(#14352,#14354,#14355,#14356));
#14358=FACE_OUTER_BOUND('',#14357,.F.);
#14359=ADVANCED_FACE('',(#14358),#14351,.F.);
#14360=CARTESIAN_POINT('',(-3.074999913956E1,-4.494651890312E1,
-5.907526216637E0));
#14361=DIRECTION('',(-1.E0,0.E0,0.E0));
#14362=DIRECTION('',(0.E0,0.E0,-1.E0));
#14363=AXIS2_PLACEMENT_3D('',#14360,#14361,#14362);
#14364=PLANE('',#14363);
#14365=ORIENTED_EDGE('',*,*,#9511,.T.);
#14367=ORIENTED_EDGE('',*,*,#14366,.T.);
#14368=ORIENTED_EDGE('',*,*,#10876,.F.);
#14369=ORIENTED_EDGE('',*,*,#14353,.F.);
#14370=EDGE_LOOP('',(#14365,#14367,#14368,#14369));
#14371=FACE_OUTER_BOUND('',#14370,.F.);
#14372=ADVANCED_FACE('',(#14371),#14364,.F.);
#14373=CARTESIAN_POINT('',(-2.374999913956E1,-5.194651890313E1,
-5.907526216637E0));
#14374=DIRECTION('',(0.E0,-1.E0,0.E0));
#14375=DIRECTION('',(0.E0,0.E0,1.E0));
#14376=AXIS2_PLACEMENT_3D('',#14373,#14374,#14375);
#14377=PLANE('',#14376);
#14378=ORIENTED_EDGE('',*,*,#9509,.T.);
#14379=ORIENTED_EDGE('',*,*,#14342,.T.);
#14380=ORIENTED_EDGE('',*,*,#10878,.F.);
#14381=ORIENTED_EDGE('',*,*,#14366,.F.);
#14382=EDGE_LOOP('',(#14378,#14379,#14380,#14381));
#14383=FACE_OUTER_BOUND('',#14382,.F.);
#14384=ADVANCED_FACE('',(#14383),#14377,.F.);
#14385=CARTESIAN_POINT('',(-2.629999913897E1,-2.589651890174E1,
-5.907526216637E0));
#14386=DIRECTION('',(1.E0,0.E0,0.E0));
#14387=DIRECTION('',(0.E0,0.E0,1.E0));
#14388=AXIS2_PLACEMENT_3D('',#14385,#14386,#14387);
#14389=PLANE('',#14388);
#14390=ORIENTED_EDGE('',*,*,#9525,.T.);
#14392=ORIENTED_EDGE('',*,*,#14391,.T.);
#14393=ORIENTED_EDGE('',*,*,#10882,.F.);
#14395=ORIENTED_EDGE('',*,*,#14394,.F.);
#14396=EDGE_LOOP('',(#14390,#14392,#14393,#14395));
#14397=FACE_OUTER_BOUND('',#14396,.F.);
#14398=ADVANCED_FACE('',(#14397),#14389,.F.);
#14399=CARTESIAN_POINT('',(-3.329999913897E1,-1.889651890174E1,
-5.907526216637E0));
#14400=DIRECTION('',(0.E0,1.E0,0.E0));
#14401=DIRECTION('',(0.E0,0.E0,-1.E0));
#14402=AXIS2_PLACEMENT_3D('',#14399,#14400,#14401);
#14403=PLANE('',#14402);
#14404=ORIENTED_EDGE('',*,*,#9523,.T.);
#14406=ORIENTED_EDGE('',*,*,#14405,.T.);
#14407=ORIENTED_EDGE('',*,*,#10884,.F.);
#14408=ORIENTED_EDGE('',*,*,#14391,.F.);
#14409=EDGE_LOOP('',(#14404,#14406,#14407,#14408));
#14410=FACE_OUTER_BOUND('',#14409,.F.);
#14411=ADVANCED_FACE('',(#14410),#14403,.F.);
#14412=CARTESIAN_POINT('',(-4.029999913897E1,-2.589651890174E1,
-5.907526216637E0));
#14413=DIRECTION('',(-1.E0,0.E0,0.E0));
#14414=DIRECTION('',(0.E0,0.E0,-1.E0));
#14415=AXIS2_PLACEMENT_3D('',#14412,#14413,#14414);
#14416=PLANE('',#14415);
#14417=ORIENTED_EDGE('',*,*,#9521,.T.);
#14419=ORIENTED_EDGE('',*,*,#14418,.T.);
#14420=ORIENTED_EDGE('',*,*,#10886,.F.);
#14421=ORIENTED_EDGE('',*,*,#14405,.F.);
#14422=EDGE_LOOP('',(#14417,#14419,#14420,#14421));
#14423=FACE_OUTER_BOUND('',#14422,.F.);
#14424=ADVANCED_FACE('',(#14423),#14416,.F.);
#14425=CARTESIAN_POINT('',(-3.329999913897E1,-3.289651890175E1,
-5.907526216637E0));
#14426=DIRECTION('',(0.E0,-1.E0,0.E0));
#14427=DIRECTION('',(0.E0,0.E0,1.E0));
#14428=AXIS2_PLACEMENT_3D('',#14425,#14426,#14427);
#14429=PLANE('',#14428);
#14430=ORIENTED_EDGE('',*,*,#9519,.T.);
#14431=ORIENTED_EDGE('',*,*,#14394,.T.);
#14432=ORIENTED_EDGE('',*,*,#10888,.F.);
#14433=ORIENTED_EDGE('',*,*,#14418,.F.);
#14434=EDGE_LOOP('',(#14430,#14431,#14432,#14433));
#14435=FACE_OUTER_BOUND('',#14434,.F.);
#14436=ADVANCED_FACE('',(#14435),#14429,.F.);
#14437=CARTESIAN_POINT('',(1.023000008589E2,-6.846518901705E0,
-5.907526216637E0));
#14438=DIRECTION('',(1.E0,0.E0,0.E0));
#14439=DIRECTION('',(0.E0,0.E0,1.E0));
#14440=AXIS2_PLACEMENT_3D('',#14437,#14438,#14439);
#14441=PLANE('',#14440);
#14442=ORIENTED_EDGE('',*,*,#9535,.T.);
#14444=ORIENTED_EDGE('',*,*,#14443,.T.);
#14445=ORIENTED_EDGE('',*,*,#10892,.F.);
#14447=ORIENTED_EDGE('',*,*,#14446,.F.);
#14448=EDGE_LOOP('',(#14442,#14444,#14445,#14447));
#14449=FACE_OUTER_BOUND('',#14448,.F.);
#14450=ADVANCED_FACE('',(#14449),#14441,.F.);
#14451=CARTESIAN_POINT('',(9.530000085892E1,1.534810982963E-1,
-5.907526216637E0));
#14452=DIRECTION('',(0.E0,1.E0,0.E0));
#14453=DIRECTION('',(0.E0,0.E0,-1.E0));
#14454=AXIS2_PLACEMENT_3D('',#14451,#14452,#14453);
#14455=PLANE('',#14454);
#14456=ORIENTED_EDGE('',*,*,#9533,.T.);
#14458=ORIENTED_EDGE('',*,*,#14457,.T.);
#14459=ORIENTED_EDGE('',*,*,#10894,.F.);
#14460=ORIENTED_EDGE('',*,*,#14443,.F.);
#14461=EDGE_LOOP('',(#14456,#14458,#14459,#14460));
#14462=FACE_OUTER_BOUND('',#14461,.F.);
#14463=ADVANCED_FACE('',(#14462),#14455,.F.);
#14464=CARTESIAN_POINT('',(8.830000085892E1,-6.846518901705E0,
-5.907526216637E0));
#14465=DIRECTION('',(-1.E0,0.E0,0.E0));
#14466=DIRECTION('',(0.E0,0.E0,-1.E0));
#14467=AXIS2_PLACEMENT_3D('',#14464,#14465,#14466);
#14468=PLANE('',#14467);
#14469=ORIENTED_EDGE('',*,*,#9531,.T.);
#14471=ORIENTED_EDGE('',*,*,#14470,.T.);
#14472=ORIENTED_EDGE('',*,*,#10896,.F.);
#14473=ORIENTED_EDGE('',*,*,#14457,.F.);
#14474=EDGE_LOOP('',(#14469,#14471,#14472,#14473));
#14475=FACE_OUTER_BOUND('',#14474,.F.);
#14476=ADVANCED_FACE('',(#14475),#14468,.F.);
#14477=CARTESIAN_POINT('',(9.530000085892E1,-1.384651890171E1,
-5.907526216637E0));
#14478=DIRECTION('',(0.E0,-1.E0,0.E0));
#14479=DIRECTION('',(0.E0,0.E0,1.E0));
#14480=AXIS2_PLACEMENT_3D('',#14477,#14478,#14479);
#14481=PLANE('',#14480);
#14482=ORIENTED_EDGE('',*,*,#9529,.T.);
#14483=ORIENTED_EDGE('',*,*,#14446,.T.);
#14484=ORIENTED_EDGE('',*,*,#10898,.F.);
#14485=ORIENTED_EDGE('',*,*,#14470,.F.);
#14486=EDGE_LOOP('',(#14482,#14483,#14484,#14485));
#14487=FACE_OUTER_BOUND('',#14486,.F.);
#14488=ADVANCED_FACE('',(#14487),#14481,.F.);
#14489=CARTESIAN_POINT('',(-1.024999991390E2,-2.589651890174E1,
-5.907526216637E0));
#14490=DIRECTION('',(1.E0,0.E0,0.E0));
#14491=DIRECTION('',(0.E0,0.E0,1.E0));
#14492=AXIS2_PLACEMENT_3D('',#14489,#14490,#14491);
#14493=PLANE('',#14492);
#14494=ORIENTED_EDGE('',*,*,#9545,.T.);
#14496=ORIENTED_EDGE('',*,*,#14495,.T.);
#14497=ORIENTED_EDGE('',*,*,#10902,.F.);
#14499=ORIENTED_EDGE('',*,*,#14498,.F.);
#14500=EDGE_LOOP('',(#14494,#14496,#14497,#14499));
#14501=FACE_OUTER_BOUND('',#14500,.F.);
#14502=ADVANCED_FACE('',(#14501),#14493,.F.);
#14503=CARTESIAN_POINT('',(-1.094999991390E2,-1.889651890174E1,
-5.907526216637E0));
#14504=DIRECTION('',(0.E0,1.E0,0.E0));
#14505=DIRECTION('',(0.E0,0.E0,-1.E0));
#14506=AXIS2_PLACEMENT_3D('',#14503,#14504,#14505);
#14507=PLANE('',#14506);
#14508=ORIENTED_EDGE('',*,*,#9543,.T.);
#14510=ORIENTED_EDGE('',*,*,#14509,.T.);
#14511=ORIENTED_EDGE('',*,*,#10904,.F.);
#14512=ORIENTED_EDGE('',*,*,#14495,.F.);
#14513=EDGE_LOOP('',(#14508,#14510,#14511,#14512));
#14514=FACE_OUTER_BOUND('',#14513,.F.);
#14515=ADVANCED_FACE('',(#14514),#14507,.F.);
#14516=CARTESIAN_POINT('',(-1.164999991390E2,-2.589651890174E1,
-5.907526216637E0));
#14517=DIRECTION('',(-1.E0,0.E0,0.E0));
#14518=DIRECTION('',(0.E0,0.E0,-1.E0));
#14519=AXIS2_PLACEMENT_3D('',#14516,#14517,#14518);
#14520=PLANE('',#14519);
#14521=ORIENTED_EDGE('',*,*,#9541,.T.);
#14523=ORIENTED_EDGE('',*,*,#14522,.T.);
#14524=ORIENTED_EDGE('',*,*,#10906,.F.);
#14525=ORIENTED_EDGE('',*,*,#14509,.F.);
#14526=EDGE_LOOP('',(#14521,#14523,#14524,#14525));
#14527=FACE_OUTER_BOUND('',#14526,.F.);
#14528=ADVANCED_FACE('',(#14527),#14520,.F.);
#14529=CARTESIAN_POINT('',(-1.094999991390E2,-3.289651890175E1,
-5.907526216637E0));
#14530=DIRECTION('',(0.E0,-1.E0,0.E0));
#14531=DIRECTION('',(0.E0,0.E0,1.E0));
#14532=AXIS2_PLACEMENT_3D('',#14529,#14530,#14531);
#14533=PLANE('',#14532);
#14534=ORIENTED_EDGE('',*,*,#9539,.T.);
#14535=ORIENTED_EDGE('',*,*,#14498,.T.);
#14536=ORIENTED_EDGE('',*,*,#10908,.F.);
#14537=ORIENTED_EDGE('',*,*,#14522,.F.);
#14538=EDGE_LOOP('',(#14534,#14535,#14536,#14537));
#14539=FACE_OUTER_BOUND('',#14538,.F.);
#14540=ADVANCED_FACE('',(#14539),#14533,.F.);
#14541=CARTESIAN_POINT('',(-6.439999913897E1,-2.589651890174E1,
-5.907526216637E0));
#14542=DIRECTION('',(1.E0,0.E0,0.E0));
#14543=DIRECTION('',(0.E0,0.E0,1.E0));
#14544=AXIS2_PLACEMENT_3D('',#14541,#14542,#14543);
#14545=PLANE('',#14544);
#14546=ORIENTED_EDGE('',*,*,#9555,.T.);
#14548=ORIENTED_EDGE('',*,*,#14547,.T.);
#14549=ORIENTED_EDGE('',*,*,#10912,.F.);
#14551=ORIENTED_EDGE('',*,*,#14550,.F.);
#14552=EDGE_LOOP('',(#14546,#14548,#14549,#14551));
#14553=FACE_OUTER_BOUND('',#14552,.F.);
#14554=ADVANCED_FACE('',(#14553),#14545,.F.);
#14555=CARTESIAN_POINT('',(-7.139999913897E1,-1.889651890174E1,
-5.907526216637E0));
#14556=DIRECTION('',(0.E0,1.E0,0.E0));
#14557=DIRECTION('',(0.E0,0.E0,-1.E0));
#14558=AXIS2_PLACEMENT_3D('',#14555,#14556,#14557);
#14559=PLANE('',#14558);
#14560=ORIENTED_EDGE('',*,*,#9553,.T.);
#14562=ORIENTED_EDGE('',*,*,#14561,.T.);
#14563=ORIENTED_EDGE('',*,*,#10914,.F.);
#14564=ORIENTED_EDGE('',*,*,#14547,.F.);
#14565=EDGE_LOOP('',(#14560,#14562,#14563,#14564));
#14566=FACE_OUTER_BOUND('',#14565,.F.);
#14567=ADVANCED_FACE('',(#14566),#14559,.F.);
#14568=CARTESIAN_POINT('',(-7.839999913897E1,-2.589651890174E1,
-5.907526216637E0));
#14569=DIRECTION('',(-1.E0,0.E0,0.E0));
#14570=DIRECTION('',(0.E0,0.E0,-1.E0));
#14571=AXIS2_PLACEMENT_3D('',#14568,#14569,#14570);
#14572=PLANE('',#14571);
#14573=ORIENTED_EDGE('',*,*,#9551,.T.);
#14575=ORIENTED_EDGE('',*,*,#14574,.T.);
#14576=ORIENTED_EDGE('',*,*,#10916,.F.);
#14577=ORIENTED_EDGE('',*,*,#14561,.F.);
#14578=EDGE_LOOP('',(#14573,#14575,#14576,#14577));
#14579=FACE_OUTER_BOUND('',#14578,.F.);
#14580=ADVANCED_FACE('',(#14579),#14572,.F.);
#14581=CARTESIAN_POINT('',(-7.139999913897E1,-3.289651890175E1,
-5.907526216637E0));
#14582=DIRECTION('',(0.E0,-1.E0,0.E0));
#14583=DIRECTION('',(0.E0,0.E0,1.E0));
#14584=AXIS2_PLACEMENT_3D('',#14581,#14582,#14583);
#14585=PLANE('',#14584);
#14586=ORIENTED_EDGE('',*,*,#9549,.T.);
#14587=ORIENTED_EDGE('',*,*,#14550,.T.);
#14588=ORIENTED_EDGE('',*,*,#10918,.F.);
#14589=ORIENTED_EDGE('',*,*,#14574,.F.);
#14590=EDGE_LOOP('',(#14586,#14587,#14588,#14589));
#14591=FACE_OUTER_BOUND('',#14590,.F.);
#14592=ADVANCED_FACE('',(#14591),#14585,.F.);
#14593=CARTESIAN_POINT('',(-1.222249992326E2,-5.097151889903E1,
-7.707526216633E0));
#14594=DIRECTION('',(-1.E0,0.E0,0.E0));
#14595=DIRECTION('',(0.E0,1.E0,0.E0));
#14596=AXIS2_PLACEMENT_3D('',#14593,#14594,#14595);
#14597=PLANE('',#14596);
#14598=ORIENTED_EDGE('',*,*,#9969,.T.);
#14600=ORIENTED_EDGE('',*,*,#14599,.T.);
#14601=ORIENTED_EDGE('',*,*,#10922,.F.);
#14603=ORIENTED_EDGE('',*,*,#14602,.F.);
#14604=EDGE_LOOP('',(#14598,#14600,#14601,#14603));
#14605=FACE_OUTER_BOUND('',#14604,.F.);
#14606=ADVANCED_FACE('',(#14605),#14597,.F.);
#14607=CARTESIAN_POINT('',(-1.222249992326E2,-5.171155741633E1,
-7.707526216633E0));
#14608=DIRECTION('',(0.E0,-1.E0,0.E0));
#14609=DIRECTION('',(-1.E0,0.E0,0.E0));
#14610=AXIS2_PLACEMENT_3D('',#14607,#14608,#14609);
#14611=PLANE('',#14610);
#14612=ORIENTED_EDGE('',*,*,#9967,.T.);
#14614=ORIENTED_EDGE('',*,*,#14613,.T.);
#14615=ORIENTED_EDGE('',*,*,#10924,.F.);
#14616=ORIENTED_EDGE('',*,*,#14599,.F.);
#14617=EDGE_LOOP('',(#14612,#14614,#14615,#14616));
#14618=FACE_OUTER_BOUND('',#14617,.F.);
#14619=ADVANCED_FACE('',(#14618),#14611,.F.);
#14620=CARTESIAN_POINT('',(-1.204534571797E2,-5.246171589806E1,
-9.207526216633E0));
#14621=DIRECTION('',(-1.E0,0.E0,0.E0));
#14622=DIRECTION('',(0.E0,0.E0,-1.E0));
#14623=AXIS2_PLACEMENT_3D('',#14620,#14621,#14622);
#14624=PLANE('',#14623);
#14625=ORIENTED_EDGE('',*,*,#9965,.T.);
#14627=ORIENTED_EDGE('',*,*,#14626,.T.);
#14628=ORIENTED_EDGE('',*,*,#10926,.F.);
#14629=ORIENTED_EDGE('',*,*,#14613,.F.);
#14630=EDGE_LOOP('',(#14625,#14627,#14628,#14629));
#14631=FACE_OUTER_BOUND('',#14630,.F.);
#14632=ADVANCED_FACE('',(#14631),#14624,.F.);
#14633=CARTESIAN_POINT('',(-1.308999991445E2,-5.321187446727E1,
-9.207526216636E0));
#14634=DIRECTION('',(0.E0,-1.E0,0.E0));
#14635=DIRECTION('',(0.E0,0.E0,1.E0));
#14636=AXIS2_PLACEMENT_3D('',#14633,#14634,#14635);
#14637=PLANE('',#14636);
#14638=ORIENTED_EDGE('',*,*,#9963,.T.);
#14640=ORIENTED_EDGE('',*,*,#14639,.T.);
#14641=ORIENTED_EDGE('',*,*,#10928,.F.);
#14642=ORIENTED_EDGE('',*,*,#14626,.F.);
#14643=EDGE_LOOP('',(#14638,#14640,#14641,#14642));
#14644=FACE_OUTER_BOUND('',#14643,.F.);
#14645=ADVANCED_FACE('',(#14644),#14637,.F.);
#14646=CARTESIAN_POINT('',(-1.173475006850E2,-5.246171589806E1,
-9.207526216633E0));
#14647=DIRECTION('',(1.E0,0.E0,0.E0));
#14648=DIRECTION('',(0.E0,0.E0,1.E0));
#14649=AXIS2_PLACEMENT_3D('',#14646,#14647,#14648);
#14650=PLANE('',#14649);
#14651=ORIENTED_EDGE('',*,*,#9961,.T.);
#14653=ORIENTED_EDGE('',*,*,#14652,.T.);
#14654=ORIENTED_EDGE('',*,*,#10930,.F.);
#14655=ORIENTED_EDGE('',*,*,#14639,.F.);
#14656=EDGE_LOOP('',(#14651,#14653,#14654,#14655));
#14657=FACE_OUTER_BOUND('',#14656,.F.);
#14658=ADVANCED_FACE('',(#14657),#14650,.F.);
#14659=CARTESIAN_POINT('',(-1.173499991452E2,-5.171155741633E1,
-7.707526216633E0));
#14660=DIRECTION('',(0.E0,-1.E0,0.E0));
#14661=DIRECTION('',(-1.E0,0.E0,0.E0));
#14662=AXIS2_PLACEMENT_3D('',#14659,#14660,#14661);
#14663=PLANE('',#14662);
#14664=ORIENTED_EDGE('',*,*,#9959,.T.);
#14666=ORIENTED_EDGE('',*,*,#14665,.T.);
#14667=ORIENTED_EDGE('',*,*,#10932,.F.);
#14668=ORIENTED_EDGE('',*,*,#14652,.F.);
#14669=EDGE_LOOP('',(#14664,#14666,#14667,#14668));
#14670=FACE_OUTER_BOUND('',#14669,.F.);
#14671=ADVANCED_FACE('',(#14670),#14663,.F.);
#14672=CARTESIAN_POINT('',(-1.155749991417E2,-5.171155741633E1,
-7.707526216633E0));
#14673=DIRECTION('',(1.E0,0.E0,0.E0));
#14674=DIRECTION('',(0.E0,-1.E0,0.E0));
#14675=AXIS2_PLACEMENT_3D('',#14672,#14673,#14674);
#14676=PLANE('',#14675);
#14677=ORIENTED_EDGE('',*,*,#9957,.T.);
#14679=ORIENTED_EDGE('',*,*,#14678,.T.);
#14680=ORIENTED_EDGE('',*,*,#10934,.F.);
#14681=ORIENTED_EDGE('',*,*,#14665,.F.);
#14682=EDGE_LOOP('',(#14677,#14679,#14680,#14681));
#14683=FACE_OUTER_BOUND('',#14682,.F.);
#14684=ADVANCED_FACE('',(#14683),#14676,.F.);
#14685=CARTESIAN_POINT('',(-1.155749991417E2,-4.521155742173E1,
-7.707526216633E0));
#14686=DIRECTION('',(0.E0,-1.E0,0.E0));
#14687=DIRECTION('',(-1.E0,0.E0,0.E0));
#14688=AXIS2_PLACEMENT_3D('',#14685,#14686,#14687);
#14689=PLANE('',#14688);
#14690=ORIENTED_EDGE('',*,*,#9955,.T.);
#14692=ORIENTED_EDGE('',*,*,#14691,.T.);
#14693=ORIENTED_EDGE('',*,*,#10936,.F.);
#14694=ORIENTED_EDGE('',*,*,#14678,.F.);
#14695=EDGE_LOOP('',(#14690,#14692,#14693,#14694));
#14696=FACE_OUTER_BOUND('',#14695,.F.);
#14697=ADVANCED_FACE('',(#14696),#14689,.F.);
#14698=CARTESIAN_POINT('',(-1.146749991434E2,-4.557919668445E1,
-9.207526216636E0));
#14699=DIRECTION('',(1.E0,0.E0,0.E0));
#14700=DIRECTION('',(0.E0,0.E0,1.E0));
#14701=AXIS2_PLACEMENT_3D('',#14698,#14699,#14700);
#14702=PLANE('',#14701);
#14703=ORIENTED_EDGE('',*,*,#9953,.T.);
#14705=ORIENTED_EDGE('',*,*,#14704,.T.);
#14706=ORIENTED_EDGE('',*,*,#10938,.F.);
#14707=ORIENTED_EDGE('',*,*,#14691,.F.);
#14708=EDGE_LOOP('',(#14703,#14705,#14706,#14707));
#14709=FACE_OUTER_BOUND('',#14708,.F.);
#14710=ADVANCED_FACE('',(#14709),#14702,.F.);
#14711=CARTESIAN_POINT('',(-1.146749991434E2,-4.276155741953E1,
-7.707526216633E0));
#14712=DIRECTION('',(0.E0,1.E0,0.E0));
#14713=DIRECTION('',(1.E0,0.E0,0.E0));
#14714=AXIS2_PLACEMENT_3D('',#14711,#14712,#14713);
#14715=PLANE('',#14714);
#14716=ORIENTED_EDGE('',*,*,#9951,.T.);
#14718=ORIENTED_EDGE('',*,*,#14717,.T.);
#14719=ORIENTED_EDGE('',*,*,#10940,.F.);
#14720=ORIENTED_EDGE('',*,*,#14704,.F.);
#14721=EDGE_LOOP('',(#14716,#14718,#14719,#14720));
#14722=FACE_OUTER_BOUND('',#14721,.F.);
#14723=ADVANCED_FACE('',(#14722),#14715,.F.);
#14724=CARTESIAN_POINT('',(-1.155749991417E2,-4.276155741953E1,
-7.707526216633E0));
#14725=DIRECTION('',(1.E0,0.E0,0.E0));
#14726=DIRECTION('',(0.E0,-1.E0,0.E0));
#14727=AXIS2_PLACEMENT_3D('',#14724,#14725,#14726);
#14728=PLANE('',#14727);
#14729=ORIENTED_EDGE('',*,*,#9949,.T.);
#14731=ORIENTED_EDGE('',*,*,#14730,.T.);
#14732=ORIENTED_EDGE('',*,*,#10942,.F.);
#14733=ORIENTED_EDGE('',*,*,#14717,.F.);
#14734=EDGE_LOOP('',(#14729,#14731,#14732,#14733));
#14735=FACE_OUTER_BOUND('',#14734,.F.);
#14736=ADVANCED_FACE('',(#14735),#14728,.F.);
#14737=CARTESIAN_POINT('',(-1.155749991417E2,-3.951155741463E1,
-7.707526216633E0));
#14738=DIRECTION('',(0.E0,1.E0,0.E0));
#14739=DIRECTION('',(1.E0,0.E0,0.E0));
#14740=AXIS2_PLACEMENT_3D('',#14737,#14738,#14739);
#14741=PLANE('',#14740);
#14742=ORIENTED_EDGE('',*,*,#9947,.T.);
#14744=ORIENTED_EDGE('',*,*,#14743,.T.);
#14745=ORIENTED_EDGE('',*,*,#10944,.F.);
#14746=ORIENTED_EDGE('',*,*,#14730,.F.);
#14747=EDGE_LOOP('',(#14742,#14744,#14745,#14746));
#14748=FACE_OUTER_BOUND('',#14747,.F.);
#14749=ADVANCED_FACE('',(#14748),#14741,.F.);
#14750=CARTESIAN_POINT('',(-1.222249998828E2,-3.951155741463E1,
-7.707526216633E0));
#14751=DIRECTION('',(-1.E0,0.E0,0.E0));
#14752=DIRECTION('',(0.E0,1.E0,0.E0));
#14753=AXIS2_PLACEMENT_3D('',#14750,#14751,#14752);
#14754=PLANE('',#14753);
#14755=ORIENTED_EDGE('',*,*,#9945,.T.);
#14757=ORIENTED_EDGE('',*,*,#14756,.T.);
#14758=ORIENTED_EDGE('',*,*,#10946,.F.);
#14759=ORIENTED_EDGE('',*,*,#14743,.F.);
#14760=EDGE_LOOP('',(#14755,#14757,#14758,#14759));
#14761=FACE_OUTER_BOUND('',#14760,.F.);
#14762=ADVANCED_FACE('',(#14761),#14754,.F.);
#14763=CARTESIAN_POINT('',(-1.222249998828E2,-4.276155742973E1,
-7.707526216633E0));
#14764=DIRECTION('',(0.E0,1.E0,0.E0));
#14765=DIRECTION('',(1.E0,0.E0,0.E0));
#14766=AXIS2_PLACEMENT_3D('',#14763,#14764,#14765);
#14767=PLANE('',#14766);
#14768=ORIENTED_EDGE('',*,*,#9943,.T.);
#14770=ORIENTED_EDGE('',*,*,#14769,.T.);
#14771=ORIENTED_EDGE('',*,*,#10948,.F.);
#14772=ORIENTED_EDGE('',*,*,#14756,.F.);
#14773=EDGE_LOOP('',(#14768,#14770,#14771,#14772));
#14774=FACE_OUTER_BOUND('',#14773,.F.);
#14775=ADVANCED_FACE('',(#14774),#14767,.F.);
#14776=CARTESIAN_POINT('',(-1.238999991407E2,-4.494651890163E1,
-5.907526216637E0));
#14777=DIRECTION('',(1.E0,0.E0,0.E0));
#14778=DIRECTION('',(0.E0,0.E0,1.E0));
#14779=AXIS2_PLACEMENT_3D('',#14776,#14777,#14778);
#14780=PLANE('',#14779);
#14781=ORIENTED_EDGE('',*,*,#14769,.F.);
#14782=ORIENTED_EDGE('',*,*,#9941,.T.);
#14784=ORIENTED_EDGE('',*,*,#14783,.T.);
#14785=ORIENTED_EDGE('',*,*,#10950,.F.);
#14786=EDGE_LOOP('',(#14781,#14782,#14784,#14785));
#14787=FACE_OUTER_BOUND('',#14786,.F.);
#14788=ADVANCED_FACE('',(#14787),#14780,.F.);
#14789=CARTESIAN_POINT('',(-1.308999991407E2,-3.794651890163E1,
-5.907526216637E0));
#14790=DIRECTION('',(0.E0,1.E0,0.E0));
#14791=DIRECTION('',(0.E0,0.E0,-1.E0));
#14792=AXIS2_PLACEMENT_3D('',#14789,#14790,#14791);
#14793=PLANE('',#14792);
#14794=ORIENTED_EDGE('',*,*,#9939,.T.);
#14796=ORIENTED_EDGE('',*,*,#14795,.T.);
#14797=ORIENTED_EDGE('',*,*,#10952,.F.);
#14798=ORIENTED_EDGE('',*,*,#14783,.F.);
#14799=EDGE_LOOP('',(#14794,#14796,#14797,#14798));
#14800=FACE_OUTER_BOUND('',#14799,.F.);
#14801=ADVANCED_FACE('',(#14800),#14793,.F.);
#14802=CARTESIAN_POINT('',(-1.378999991407E2,-4.494651890163E1,
-5.907526216637E0));
#14803=DIRECTION('',(-1.E0,0.E0,0.E0));
#14804=DIRECTION('',(0.E0,0.E0,-1.E0));
#14805=AXIS2_PLACEMENT_3D('',#14802,#14803,#14804);
#14806=PLANE('',#14805);
#14808=ORIENTED_EDGE('',*,*,#14807,.F.);
#14809=ORIENTED_EDGE('',*,*,#10954,.F.);
#14810=ORIENTED_EDGE('',*,*,#14795,.F.);
#14811=ORIENTED_EDGE('',*,*,#9937,.T.);
#14812=EDGE_LOOP('',(#14808,#14809,#14810,#14811));
#14813=FACE_OUTER_BOUND('',#14812,.F.);
#14814=ADVANCED_FACE('',(#14813),#14806,.F.);
#14815=CARTESIAN_POINT('',(-1.378749991466E2,-4.276155743733E1,
-7.707526216633E0));
#14816=DIRECTION('',(0.E0,1.E0,0.E0));
#14817=DIRECTION('',(1.E0,0.E0,0.E0));
#14818=AXIS2_PLACEMENT_3D('',#14815,#14816,#14817);
#14819=PLANE('',#14818);
#14820=ORIENTED_EDGE('',*,*,#9935,.T.);
#14822=ORIENTED_EDGE('',*,*,#14821,.T.);
#14823=ORIENTED_EDGE('',*,*,#10956,.F.);
#14824=ORIENTED_EDGE('',*,*,#14807,.T.);
#14825=EDGE_LOOP('',(#14820,#14822,#14823,#14824));
#14826=FACE_OUTER_BOUND('',#14825,.F.);
#14827=ADVANCED_FACE('',(#14826),#14819,.F.);
#14828=CARTESIAN_POINT('',(-1.395749998767E2,-4.276155743733E1,
-7.707526216633E0));
#14829=DIRECTION('',(1.E0,0.E0,0.E0));
#14830=DIRECTION('',(0.E0,-1.E0,0.E0));
#14831=AXIS2_PLACEMENT_3D('',#14828,#14829,#14830);
#14832=PLANE('',#14831);
#14833=ORIENTED_EDGE('',*,*,#9933,.T.);
#14835=ORIENTED_EDGE('',*,*,#14834,.T.);
#14836=ORIENTED_EDGE('',*,*,#10958,.F.);
#14837=ORIENTED_EDGE('',*,*,#14821,.F.);
#14838=EDGE_LOOP('',(#14833,#14835,#14836,#14837));
#14839=FACE_OUTER_BOUND('',#14838,.F.);
#14840=ADVANCED_FACE('',(#14839),#14832,.F.);
#14841=CARTESIAN_POINT('',(-1.395749998767E2,-3.951155743233E1,
-7.707526216633E0));
#14842=DIRECTION('',(0.E0,1.E0,0.E0));
#14843=DIRECTION('',(1.E0,0.E0,0.E0));
#14844=AXIS2_PLACEMENT_3D('',#14841,#14842,#14843);
#14845=PLANE('',#14844);
#14846=ORIENTED_EDGE('',*,*,#9931,.T.);
#14848=ORIENTED_EDGE('',*,*,#14847,.T.);
#14849=ORIENTED_EDGE('',*,*,#10960,.F.);
#14850=ORIENTED_EDGE('',*,*,#14834,.F.);
#14851=EDGE_LOOP('',(#14846,#14848,#14849,#14850));
#14852=FACE_OUTER_BOUND('',#14851,.F.);
#14853=ADVANCED_FACE('',(#14852),#14845,.F.);
#14854=CARTESIAN_POINT('',(-1.462249991395E2,-3.951155743233E1,
-7.707526216633E0));
#14855=DIRECTION('',(-1.E0,0.E0,0.E0));
#14856=DIRECTION('',(0.E0,1.E0,0.E0));
#14857=AXIS2_PLACEMENT_3D('',#14854,#14855,#14856);
#14858=PLANE('',#14857);
#14859=ORIENTED_EDGE('',*,*,#9929,.T.);
#14861=ORIENTED_EDGE('',*,*,#14860,.T.);
#14862=ORIENTED_EDGE('',*,*,#10962,.F.);
#14863=ORIENTED_EDGE('',*,*,#14847,.F.);
#14864=EDGE_LOOP('',(#14859,#14861,#14862,#14863));
#14865=FACE_OUTER_BOUND('',#14864,.F.);
#14866=ADVANCED_FACE('',(#14865),#14858,.F.);
#14867=CARTESIAN_POINT('',(-1.462249991395E2,-4.276155743733E1,
-7.707526216633E0));
#14868=DIRECTION('',(0.E0,1.E0,0.E0));
#14869=DIRECTION('',(1.E0,0.E0,0.E0));
#14870=AXIS2_PLACEMENT_3D('',#14867,#14868,#14869);
#14871=PLANE('',#14870);
#14872=ORIENTED_EDGE('',*,*,#9927,.T.);
#14874=ORIENTED_EDGE('',*,*,#14873,.T.);
#14875=ORIENTED_EDGE('',*,*,#10964,.F.);
#14876=ORIENTED_EDGE('',*,*,#14860,.F.);
#14877=EDGE_LOOP('',(#14872,#14874,#14875,#14876));
#14878=FACE_OUTER_BOUND('',#14877,.F.);
#14879=ADVANCED_FACE('',(#14878),#14871,.F.);
#14880=CARTESIAN_POINT('',(-1.471249991455E2,-4.557919668445E1,
-9.207526216636E0));
#14881=DIRECTION('',(-1.E0,0.E0,0.E0));
#14882=DIRECTION('',(0.E0,0.E0,-1.E0));
#14883=AXIS2_PLACEMENT_3D('',#14880,#14881,#14882);
#14884=PLANE('',#14883);
#14885=ORIENTED_EDGE('',*,*,#9925,.T.);
#14887=ORIENTED_EDGE('',*,*,#14886,.T.);
#14888=ORIENTED_EDGE('',*,*,#10966,.F.);
#14889=ORIENTED_EDGE('',*,*,#14873,.F.);
#14890=EDGE_LOOP('',(#14885,#14887,#14888,#14889));
#14891=FACE_OUTER_BOUND('',#14890,.F.);
#14892=ADVANCED_FACE('',(#14891),#14884,.F.);
#14893=CARTESIAN_POINT('',(-1.471249991455E2,-4.521155743953E1,
-7.707526216633E0));
#14894=DIRECTION('',(0.E0,-1.E0,0.E0));
#14895=DIRECTION('',(-1.E0,0.E0,0.E0));
#14896=AXIS2_PLACEMENT_3D('',#14893,#14894,#14895);
#14897=PLANE('',#14896);
#14898=ORIENTED_EDGE('',*,*,#9923,.T.);
#14900=ORIENTED_EDGE('',*,*,#14899,.T.);
#14901=ORIENTED_EDGE('',*,*,#10968,.F.);
#14902=ORIENTED_EDGE('',*,*,#14886,.F.);
#14903=EDGE_LOOP('',(#14898,#14900,#14901,#14902));
#14904=FACE_OUTER_BOUND('',#14903,.F.);
#14905=ADVANCED_FACE('',(#14904),#14897,.F.);
#14906=CARTESIAN_POINT('',(-1.462249991395E2,-4.521155743953E1,
-7.707526216633E0));
#14907=DIRECTION('',(-1.E0,0.E0,0.E0));
#14908=DIRECTION('',(0.E0,1.E0,0.E0));
#14909=AXIS2_PLACEMENT_3D('',#14906,#14907,#14908);
#14910=PLANE('',#14909);
#14911=ORIENTED_EDGE('',*,*,#9921,.T.);
#14913=ORIENTED_EDGE('',*,*,#14912,.T.);
#14914=ORIENTED_EDGE('',*,*,#10970,.F.);
#14915=ORIENTED_EDGE('',*,*,#14899,.F.);
#14916=EDGE_LOOP('',(#14911,#14913,#14914,#14915));
#14917=FACE_OUTER_BOUND('',#14916,.F.);
#14918=ADVANCED_FACE('',(#14917),#14910,.F.);
#14919=CARTESIAN_POINT('',(-1.462249991395E2,-5.171155743413E1,
-7.707526216633E0));
#14920=DIRECTION('',(0.E0,-1.E0,0.E0));
#14921=DIRECTION('',(-1.E0,0.E0,0.E0));
#14922=AXIS2_PLACEMENT_3D('',#14919,#14920,#14921);
#14923=PLANE('',#14922);
#14924=ORIENTED_EDGE('',*,*,#9919,.T.);
#14926=ORIENTED_EDGE('',*,*,#14925,.T.);
#14927=ORIENTED_EDGE('',*,*,#10972,.F.);
#14928=ORIENTED_EDGE('',*,*,#14912,.F.);
#14929=EDGE_LOOP('',(#14924,#14926,#14927,#14928));
#14930=FACE_OUTER_BOUND('',#14929,.F.);
#14931=ADVANCED_FACE('',(#14930),#14923,.F.);
#14932=CARTESIAN_POINT('',(-1.444534571783E2,-5.246171591458E1,
-9.207526216633E0));
#14933=DIRECTION('',(-1.E0,0.E0,0.E0));
#14934=DIRECTION('',(0.E0,0.E0,-1.E0));
#14935=AXIS2_PLACEMENT_3D('',#14932,#14933,#14934);
#14936=PLANE('',#14935);
#14937=ORIENTED_EDGE('',*,*,#9917,.T.);
#14939=ORIENTED_EDGE('',*,*,#14938,.T.);
#14940=ORIENTED_EDGE('',*,*,#10974,.F.);
#14941=ORIENTED_EDGE('',*,*,#14925,.F.);
#14942=EDGE_LOOP('',(#14937,#14939,#14940,#14941));
#14943=FACE_OUTER_BOUND('',#14942,.F.);
#14944=ADVANCED_FACE('',(#14943),#14936,.F.);
#14945=CARTESIAN_POINT('',(-1.308999991445E2,-5.321187446727E1,
-9.207526216636E0));
#14946=DIRECTION('',(0.E0,-1.E0,0.E0));
#14947=DIRECTION('',(0.E0,0.E0,1.E0));
#14948=AXIS2_PLACEMENT_3D('',#14945,#14946,#14947);
#14949=PLANE('',#14948);
#14950=ORIENTED_EDGE('',*,*,#9915,.T.);
#14952=ORIENTED_EDGE('',*,*,#14951,.T.);
#14953=ORIENTED_EDGE('',*,*,#10976,.F.);
#14954=ORIENTED_EDGE('',*,*,#14938,.F.);
#14955=EDGE_LOOP('',(#14950,#14952,#14953,#14954));
#14956=FACE_OUTER_BOUND('',#14955,.F.);
#14957=ADVANCED_FACE('',(#14956),#14949,.F.);
#14958=CARTESIAN_POINT('',(-1.413475006834E2,-5.246171591458E1,
-9.207526216633E0));
#14959=DIRECTION('',(1.E0,0.E0,0.E0));
#14960=DIRECTION('',(0.E0,0.E0,1.E0));
#14961=AXIS2_PLACEMENT_3D('',#14958,#14959,#14960);
#14962=PLANE('',#14961);
#14963=ORIENTED_EDGE('',*,*,#9913,.T.);
#14965=ORIENTED_EDGE('',*,*,#14964,.T.);
#14966=ORIENTED_EDGE('',*,*,#10978,.F.);
#14967=ORIENTED_EDGE('',*,*,#14951,.F.);
#14968=EDGE_LOOP('',(#14963,#14965,#14966,#14967));
#14969=FACE_OUTER_BOUND('',#14968,.F.);
#14970=ADVANCED_FACE('',(#14969),#14962,.F.);
#14971=CARTESIAN_POINT('',(-1.413499991435E2,-5.171155743413E1,
-7.707526216633E0));
#14972=DIRECTION('',(0.E0,-1.E0,0.E0));
#14973=DIRECTION('',(-1.E0,0.E0,0.E0));
#14974=AXIS2_PLACEMENT_3D('',#14971,#14972,#14973);
#14975=PLANE('',#14974);
#14976=ORIENTED_EDGE('',*,*,#9911,.T.);
#14978=ORIENTED_EDGE('',*,*,#14977,.T.);
#14979=ORIENTED_EDGE('',*,*,#10980,.F.);
#14980=ORIENTED_EDGE('',*,*,#14964,.F.);
#14981=EDGE_LOOP('',(#14976,#14978,#14979,#14980));
#14982=FACE_OUTER_BOUND('',#14981,.F.);
#14983=ADVANCED_FACE('',(#14982),#14975,.F.);
#14984=CARTESIAN_POINT('',(-1.395749992315E2,-5.171155743413E1,
-7.707526216633E0));
#14985=DIRECTION('',(1.E0,0.E0,0.E0));
#14986=DIRECTION('',(0.E0,-1.E0,0.E0));
#14987=AXIS2_PLACEMENT_3D('',#14984,#14985,#14986);
#14988=PLANE('',#14987);
#14989=ORIENTED_EDGE('',*,*,#9909,.T.);
#14991=ORIENTED_EDGE('',*,*,#14990,.T.);
#14992=ORIENTED_EDGE('',*,*,#10982,.F.);
#14993=ORIENTED_EDGE('',*,*,#14977,.F.);
#14994=EDGE_LOOP('',(#14989,#14991,#14992,#14993));
#14995=FACE_OUTER_BOUND('',#14994,.F.);
#14996=ADVANCED_FACE('',(#14995),#14988,.F.);
#14997=CARTESIAN_POINT('',(-1.395749992315E2,-5.097151889903E1,
-7.707526216633E0));
#14998=DIRECTION('',(0.E0,-1.E0,0.E0));
#14999=DIRECTION('',(-1.E0,0.E0,0.E0));
#15000=AXIS2_PLACEMENT_3D('',#14997,#14998,#14999);
#15001=PLANE('',#15000);
#15002=ORIENTED_EDGE('',*,*,#9907,.T.);
#15004=ORIENTED_EDGE('',*,*,#15003,.T.);
#15005=ORIENTED_EDGE('',*,*,#10984,.F.);
#15006=ORIENTED_EDGE('',*,*,#14990,.F.);
#15007=EDGE_LOOP('',(#15002,#15004,#15005,#15006));
#15008=FACE_OUTER_BOUND('',#15007,.F.);
#15009=ADVANCED_FACE('',(#15008),#15001,.F.);
#15010=CARTESIAN_POINT('',(-1.378999991407E2,-4.494651890163E1,
-5.907526216637E0));
#15011=DIRECTION('',(-1.E0,0.E0,0.E0));
#15012=DIRECTION('',(0.E0,0.E0,-1.E0));
#15013=AXIS2_PLACEMENT_3D('',#15010,#15011,#15012);
#15014=PLANE('',#15013);
#15015=ORIENTED_EDGE('',*,*,#15003,.F.);
#15016=ORIENTED_EDGE('',*,*,#9977,.T.);
#15018=ORIENTED_EDGE('',*,*,#15017,.T.);
#15019=ORIENTED_EDGE('',*,*,#10986,.F.);
#15020=EDGE_LOOP('',(#15015,#15016,#15018,#15019));
#15021=FACE_OUTER_BOUND('',#15020,.F.);
#15022=ADVANCED_FACE('',(#15021),#15014,.F.);
#15023=CARTESIAN_POINT('',(-1.308999991407E2,-5.194651890164E1,
-5.907526216637E0));
#15024=DIRECTION('',(0.E0,-1.E0,0.E0));
#15025=DIRECTION('',(0.E0,0.E0,1.E0));
#15026=AXIS2_PLACEMENT_3D('',#15023,#15024,#15025);
#15027=PLANE('',#15026);
#15028=ORIENTED_EDGE('',*,*,#9975,.T.);
#15030=ORIENTED_EDGE('',*,*,#15029,.T.);
#15031=ORIENTED_EDGE('',*,*,#10988,.F.);
#15032=ORIENTED_EDGE('',*,*,#15017,.F.);
#15033=EDGE_LOOP('',(#15028,#15030,#15031,#15032));
#15034=FACE_OUTER_BOUND('',#15033,.F.);
#15035=ADVANCED_FACE('',(#15034),#15027,.F.);
#15036=CARTESIAN_POINT('',(-1.238999991407E2,-4.494651890163E1,
-5.907526216637E0));
#15037=DIRECTION('',(1.E0,0.E0,0.E0));
#15038=DIRECTION('',(0.E0,0.E0,1.E0));
#15039=AXIS2_PLACEMENT_3D('',#15036,#15037,#15038);
#15040=PLANE('',#15039);
#15042=ORIENTED_EDGE('',*,*,#15041,.F.);
#15043=ORIENTED_EDGE('',*,*,#10990,.F.);
#15044=ORIENTED_EDGE('',*,*,#15029,.F.);
#15045=ORIENTED_EDGE('',*,*,#9973,.T.);
#15046=EDGE_LOOP('',(#15042,#15043,#15044,#15045));
#15047=FACE_OUTER_BOUND('',#15046,.F.);
#15048=ADVANCED_FACE('',(#15047),#15040,.F.);
#15049=CARTESIAN_POINT('',(-1.239249991473E2,-5.097151889903E1,
-7.707526216633E0));
#15050=DIRECTION('',(0.E0,-1.E0,0.E0));
#15051=DIRECTION('',(-1.E0,0.E0,0.E0));
#15052=AXIS2_PLACEMENT_3D('',#15049,#15050,#15051);
#15053=PLANE('',#15052);
#15054=ORIENTED_EDGE('',*,*,#9971,.T.);
#15055=ORIENTED_EDGE('',*,*,#14602,.T.);
#15056=ORIENTED_EDGE('',*,*,#10992,.F.);
#15057=ORIENTED_EDGE('',*,*,#15041,.T.);
#15058=EDGE_LOOP('',(#15054,#15055,#15056,#15057));
#15059=FACE_OUTER_BOUND('',#15058,.F.);
#15060=ADVANCED_FACE('',(#15059),#15053,.F.);
#15061=CARTESIAN_POINT('',(-9.294999913956E1,-4.494651890312E1,
-5.907526216637E0));
#15062=DIRECTION('',(1.E0,0.E0,0.E0));
#15063=DIRECTION('',(0.E0,0.E0,1.E0));
#15064=AXIS2_PLACEMENT_3D('',#15061,#15062,#15063);
#15065=PLANE('',#15064);
#15066=ORIENTED_EDGE('',*,*,#9565,.T.);
#15068=ORIENTED_EDGE('',*,*,#15067,.T.);
#15069=ORIENTED_EDGE('',*,*,#10996,.F.);
#15071=ORIENTED_EDGE('',*,*,#15070,.F.);
#15072=EDGE_LOOP('',(#15066,#15068,#15069,#15071));
#15073=FACE_OUTER_BOUND('',#15072,.F.);
#15074=ADVANCED_FACE('',(#15073),#15065,.F.);
#15075=CARTESIAN_POINT('',(-9.994999913956E1,-3.794651890312E1,
-5.907526216637E0));
#15076=DIRECTION('',(0.E0,1.E0,0.E0));
#15077=DIRECTION('',(0.E0,0.E0,-1.E0));
#15078=AXIS2_PLACEMENT_3D('',#15075,#15076,#15077);
#15079=PLANE('',#15078);
#15080=ORIENTED_EDGE('',*,*,#9563,.T.);
#15082=ORIENTED_EDGE('',*,*,#15081,.T.);
#15083=ORIENTED_EDGE('',*,*,#10998,.F.);
#15084=ORIENTED_EDGE('',*,*,#15067,.F.);
#15085=EDGE_LOOP('',(#15080,#15082,#15083,#15084));
#15086=FACE_OUTER_BOUND('',#15085,.F.);
#15087=ADVANCED_FACE('',(#15086),#15079,.F.);
#15088=CARTESIAN_POINT('',(-1.069499991396E2,-4.494651890312E1,
-5.907526216637E0));
#15089=DIRECTION('',(-1.E0,0.E0,0.E0));
#15090=DIRECTION('',(0.E0,0.E0,-1.E0));
#15091=AXIS2_PLACEMENT_3D('',#15088,#15089,#15090);
#15092=PLANE('',#15091);
#15093=ORIENTED_EDGE('',*,*,#9561,.T.);
#15095=ORIENTED_EDGE('',*,*,#15094,.T.);
#15096=ORIENTED_EDGE('',*,*,#11000,.F.);
#15097=ORIENTED_EDGE('',*,*,#15081,.F.);
#15098=EDGE_LOOP('',(#15093,#15095,#15096,#15097));
#15099=FACE_OUTER_BOUND('',#15098,.F.);
#15100=ADVANCED_FACE('',(#15099),#15092,.F.);
#15101=CARTESIAN_POINT('',(-9.994999913956E1,-5.194651890313E1,
-5.907526216637E0));
#15102=DIRECTION('',(0.E0,-1.E0,0.E0));
#15103=DIRECTION('',(0.E0,0.E0,1.E0));
#15104=AXIS2_PLACEMENT_3D('',#15101,#15102,#15103);
#15105=PLANE('',#15104);
#15106=ORIENTED_EDGE('',*,*,#9559,.T.);
#15107=ORIENTED_EDGE('',*,*,#15070,.T.);
#15108=ORIENTED_EDGE('',*,*,#11002,.F.);
#15109=ORIENTED_EDGE('',*,*,#15094,.F.);
#15110=EDGE_LOOP('',(#15106,#15107,#15108,#15109));
#15111=FACE_OUTER_BOUND('',#15110,.F.);
#15112=ADVANCED_FACE('',(#15111),#15105,.F.);
#15113=CARTESIAN_POINT('',(-3.579999913956E1,-4.494651890312E1,
-5.907526216637E0));
#15114=DIRECTION('',(1.E0,0.E0,0.E0));
#15115=DIRECTION('',(0.E0,0.E0,1.E0));
#15116=AXIS2_PLACEMENT_3D('',#15113,#15114,#15115);
#15117=PLANE('',#15116);
#15118=ORIENTED_EDGE('',*,*,#9575,.T.);
#15120=ORIENTED_EDGE('',*,*,#15119,.T.);
#15121=ORIENTED_EDGE('',*,*,#11006,.F.);
#15123=ORIENTED_EDGE('',*,*,#15122,.F.);
#15124=EDGE_LOOP('',(#15118,#15120,#15121,#15123));
#15125=FACE_OUTER_BOUND('',#15124,.F.);
#15126=ADVANCED_FACE('',(#15125),#15117,.F.);
#15127=CARTESIAN_POINT('',(-4.279999913956E1,-3.794651890312E1,
-5.907526216637E0));
#15128=DIRECTION('',(0.E0,1.E0,0.E0));
#15129=DIRECTION('',(0.E0,0.E0,-1.E0));
#15130=AXIS2_PLACEMENT_3D('',#15127,#15128,#15129);
#15131=PLANE('',#15130);
#15132=ORIENTED_EDGE('',*,*,#9573,.T.);
#15134=ORIENTED_EDGE('',*,*,#15133,.T.);
#15135=ORIENTED_EDGE('',*,*,#11008,.F.);
#15136=ORIENTED_EDGE('',*,*,#15119,.F.);
#15137=EDGE_LOOP('',(#15132,#15134,#15135,#15136));
#15138=FACE_OUTER_BOUND('',#15137,.F.);
#15139=ADVANCED_FACE('',(#15138),#15131,.F.);
#15140=CARTESIAN_POINT('',(-4.979999913956E1,-4.494651890312E1,
-5.907526216637E0));
#15141=DIRECTION('',(-1.E0,0.E0,0.E0));
#15142=DIRECTION('',(0.E0,0.E0,-1.E0));
#15143=AXIS2_PLACEMENT_3D('',#15140,#15141,#15142);
#15144=PLANE('',#15143);
#15145=ORIENTED_EDGE('',*,*,#9571,.T.);
#15147=ORIENTED_EDGE('',*,*,#15146,.T.);
#15148=ORIENTED_EDGE('',*,*,#11010,.F.);
#15149=ORIENTED_EDGE('',*,*,#15133,.F.);
#15150=EDGE_LOOP('',(#15145,#15147,#15148,#15149));
#15151=FACE_OUTER_BOUND('',#15150,.F.);
#15152=ADVANCED_FACE('',(#15151),#15144,.F.);
#15153=CARTESIAN_POINT('',(-4.279999913956E1,-5.194651890313E1,
-5.907526216637E0));
#15154=DIRECTION('',(0.E0,-1.E0,0.E0));
#15155=DIRECTION('',(0.E0,0.E0,1.E0));
#15156=AXIS2_PLACEMENT_3D('',#15153,#15154,#15155);
#15157=PLANE('',#15156);
#15158=ORIENTED_EDGE('',*,*,#9569,.T.);
#15159=ORIENTED_EDGE('',*,*,#15122,.T.);
#15160=ORIENTED_EDGE('',*,*,#11012,.F.);
#15161=ORIENTED_EDGE('',*,*,#15146,.F.);
#15162=EDGE_LOOP('',(#15158,#15159,#15160,#15161));
#15163=FACE_OUTER_BOUND('',#15162,.F.);
#15164=ADVANCED_FACE('',(#15163),#15157,.F.);
#15165=CARTESIAN_POINT('',(7.050000858920E0,-6.846518901705E0,
-5.907526216637E0));
#15166=DIRECTION('',(1.E0,0.E0,0.E0));
#15167=DIRECTION('',(0.E0,0.E0,1.E0));
#15168=AXIS2_PLACEMENT_3D('',#15165,#15166,#15167);
#15169=PLANE('',#15168);
#15170=ORIENTED_EDGE('',*,*,#9585,.T.);
#15172=ORIENTED_EDGE('',*,*,#15171,.T.);
#15173=ORIENTED_EDGE('',*,*,#11016,.F.);
#15175=ORIENTED_EDGE('',*,*,#15174,.F.);
#15176=EDGE_LOOP('',(#15170,#15172,#15173,#15175));
#15177=FACE_OUTER_BOUND('',#15176,.F.);
#15178=ADVANCED_FACE('',(#15177),#15169,.F.);
#15179=CARTESIAN_POINT('',(5.000085892008E-2,1.534810982963E-1,
-5.907526216637E0));
#15180=DIRECTION('',(0.E0,1.E0,0.E0));
#15181=DIRECTION('',(0.E0,0.E0,-1.E0));
#15182=AXIS2_PLACEMENT_3D('',#15179,#15180,#15181);
#15183=PLANE('',#15182);
#15184=ORIENTED_EDGE('',*,*,#9583,.T.);
#15186=ORIENTED_EDGE('',*,*,#15185,.T.);
#15187=ORIENTED_EDGE('',*,*,#11018,.F.);
#15188=ORIENTED_EDGE('',*,*,#15171,.F.);
#15189=EDGE_LOOP('',(#15184,#15186,#15187,#15188));
#15190=FACE_OUTER_BOUND('',#15189,.F.);
#15191=ADVANCED_FACE('',(#15190),#15183,.F.);
#15192=CARTESIAN_POINT('',(-6.949999141080E0,-6.846518901705E0,
-5.907526216637E0));
#15193=DIRECTION('',(-1.E0,0.E0,0.E0));
#15194=DIRECTION('',(0.E0,0.E0,-1.E0));
#15195=AXIS2_PLACEMENT_3D('',#15192,#15193,#15194);
#15196=PLANE('',#15195);
#15197=ORIENTED_EDGE('',*,*,#9581,.T.);
#15199=ORIENTED_EDGE('',*,*,#15198,.T.);
#15200=ORIENTED_EDGE('',*,*,#11020,.F.);
#15201=ORIENTED_EDGE('',*,*,#15185,.F.);
#15202=EDGE_LOOP('',(#15197,#15199,#15200,#15201));
#15203=FACE_OUTER_BOUND('',#15202,.F.);
#15204=ADVANCED_FACE('',(#15203),#15196,.F.);
#15205=CARTESIAN_POINT('',(5.000085892008E-2,-1.384651890171E1,
-5.907526216637E0));
#15206=DIRECTION('',(0.E0,-1.E0,0.E0));
#15207=DIRECTION('',(0.E0,0.E0,1.E0));
#15208=AXIS2_PLACEMENT_3D('',#15205,#15206,#15207);
#15209=PLANE('',#15208);
#15210=ORIENTED_EDGE('',*,*,#9579,.T.);
#15211=ORIENTED_EDGE('',*,*,#15174,.T.);
#15212=ORIENTED_EDGE('',*,*,#11022,.F.);
#15213=ORIENTED_EDGE('',*,*,#15198,.F.);
#15214=EDGE_LOOP('',(#15210,#15211,#15212,#15213));
#15215=FACE_OUTER_BOUND('',#15214,.F.);
#15216=ADVANCED_FACE('',(#15215),#15209,.F.);
#15217=CARTESIAN_POINT('',(-6.914999914108E1,-6.846518901705E0,
-5.907526216637E0));
#15218=DIRECTION('',(1.E0,0.E0,0.E0));
#15219=DIRECTION('',(0.E0,0.E0,1.E0));
#15220=AXIS2_PLACEMENT_3D('',#15217,#15218,#15219);
#15221=PLANE('',#15220);
#15222=ORIENTED_EDGE('',*,*,#9595,.T.);
#15224=ORIENTED_EDGE('',*,*,#15223,.T.);
#15225=ORIENTED_EDGE('',*,*,#11026,.F.);
#15227=ORIENTED_EDGE('',*,*,#15226,.F.);
#15228=EDGE_LOOP('',(#15222,#15224,#15225,#15227));
#15229=FACE_OUTER_BOUND('',#15228,.F.);
#15230=ADVANCED_FACE('',(#15229),#15221,.F.);
#15231=CARTESIAN_POINT('',(-7.614999914108E1,1.534810982963E-1,
-5.907526216637E0));
#15232=DIRECTION('',(0.E0,1.E0,0.E0));
#15233=DIRECTION('',(0.E0,0.E0,-1.E0));
#15234=AXIS2_PLACEMENT_3D('',#15231,#15232,#15233);
#15235=PLANE('',#15234);
#15236=ORIENTED_EDGE('',*,*,#9593,.T.);
#15238=ORIENTED_EDGE('',*,*,#15237,.T.);
#15239=ORIENTED_EDGE('',*,*,#11028,.F.);
#15240=ORIENTED_EDGE('',*,*,#15223,.F.);
#15241=EDGE_LOOP('',(#15236,#15238,#15239,#15240));
#15242=FACE_OUTER_BOUND('',#15241,.F.);
#15243=ADVANCED_FACE('',(#15242),#15235,.F.);
#15244=CARTESIAN_POINT('',(-8.314999914108E1,-6.846518901705E0,
-5.907526216637E0));
#15245=DIRECTION('',(-1.E0,0.E0,0.E0));
#15246=DIRECTION('',(0.E0,0.E0,-1.E0));
#15247=AXIS2_PLACEMENT_3D('',#15244,#15245,#15246);
#15248=PLANE('',#15247);
#15249=ORIENTED_EDGE('',*,*,#9591,.T.);
#15251=ORIENTED_EDGE('',*,*,#15250,.T.);
#15252=ORIENTED_EDGE('',*,*,#11030,.F.);
#15253=ORIENTED_EDGE('',*,*,#15237,.F.);
#15254=EDGE_LOOP('',(#15249,#15251,#15252,#15253));
#15255=FACE_OUTER_BOUND('',#15254,.F.);
#15256=ADVANCED_FACE('',(#15255),#15248,.F.);
#15257=CARTESIAN_POINT('',(-7.614999914108E1,-1.384651890171E1,
-5.907526216637E0));
#15258=DIRECTION('',(0.E0,-1.E0,0.E0));
#15259=DIRECTION('',(0.E0,0.E0,1.E0));
#15260=AXIS2_PLACEMENT_3D('',#15257,#15258,#15259);
#15261=PLANE('',#15260);
#15262=ORIENTED_EDGE('',*,*,#9589,.T.);
#15263=ORIENTED_EDGE('',*,*,#15226,.T.);
#15264=ORIENTED_EDGE('',*,*,#11032,.F.);
#15265=ORIENTED_EDGE('',*,*,#15250,.F.);
#15266=EDGE_LOOP('',(#15262,#15263,#15264,#15265));
#15267=FACE_OUTER_BOUND('',#15266,.F.);
#15268=ADVANCED_FACE('',(#15267),#15261,.F.);
#15269=CARTESIAN_POINT('',(-5.959999914008E1,1.220348109843E1,
-5.907526216637E0));
#15270=DIRECTION('',(1.E0,0.E0,0.E0));
#15271=DIRECTION('',(0.E0,0.E0,1.E0));
#15272=AXIS2_PLACEMENT_3D('',#15269,#15270,#15271);
#15273=PLANE('',#15272);
#15274=ORIENTED_EDGE('',*,*,#9605,.T.);
#15276=ORIENTED_EDGE('',*,*,#15275,.T.);
#15277=ORIENTED_EDGE('',*,*,#11036,.F.);
#15279=ORIENTED_EDGE('',*,*,#15278,.F.);
#15280=EDGE_LOOP('',(#15274,#15276,#15277,#15279));
#15281=FACE_OUTER_BOUND('',#15280,.F.);
#15282=ADVANCED_FACE('',(#15281),#15273,.F.);
#15283=CARTESIAN_POINT('',(-6.659999914008E1,1.920348109843E1,
-5.907526216637E0));
#15284=DIRECTION('',(0.E0,1.E0,0.E0));
#15285=DIRECTION('',(0.E0,0.E0,-1.E0));
#15286=AXIS2_PLACEMENT_3D('',#15283,#15284,#15285);
#15287=PLANE('',#15286);
#15288=ORIENTED_EDGE('',*,*,#9603,.T.);
#15290=ORIENTED_EDGE('',*,*,#15289,.T.);
#15291=ORIENTED_EDGE('',*,*,#11038,.F.);
#15292=ORIENTED_EDGE('',*,*,#15275,.F.);
#15293=EDGE_LOOP('',(#15288,#15290,#15291,#15292));
#15294=FACE_OUTER_BOUND('',#15293,.F.);
#15295=ADVANCED_FACE('',(#15294),#15287,.F.);
#15296=CARTESIAN_POINT('',(-7.359999914008E1,1.220348109843E1,
-5.907526216637E0));
#15297=DIRECTION('',(-1.E0,0.E0,0.E0));
#15298=DIRECTION('',(0.E0,0.E0,-1.E0));
#15299=AXIS2_PLACEMENT_3D('',#15296,#15297,#15298);
#15300=PLANE('',#15299);
#15301=ORIENTED_EDGE('',*,*,#9601,.T.);
#15303=ORIENTED_EDGE('',*,*,#15302,.T.);
#15304=ORIENTED_EDGE('',*,*,#11040,.F.);
#15305=ORIENTED_EDGE('',*,*,#15289,.F.);
#15306=EDGE_LOOP('',(#15301,#15303,#15304,#15305));
#15307=FACE_OUTER_BOUND('',#15306,.F.);
#15308=ADVANCED_FACE('',(#15307),#15300,.F.);
#15309=CARTESIAN_POINT('',(-6.659999914008E1,5.203481098424E0,
-5.907526216637E0));
#15310=DIRECTION('',(0.E0,-1.E0,0.E0));
#15311=DIRECTION('',(0.E0,0.E0,1.E0));
#15312=AXIS2_PLACEMENT_3D('',#15309,#15310,#15311);
#15313=PLANE('',#15312);
#15314=ORIENTED_EDGE('',*,*,#9599,.T.);
#15315=ORIENTED_EDGE('',*,*,#15278,.T.);
#15316=ORIENTED_EDGE('',*,*,#11042,.F.);
#15317=ORIENTED_EDGE('',*,*,#15302,.F.);
#15318=EDGE_LOOP('',(#15314,#15315,#15316,#15317));
#15319=FACE_OUTER_BOUND('',#15318,.F.);
#15320=ADVANCED_FACE('',(#15319),#15313,.F.);
#15321=CARTESIAN_POINT('',(3.565000085992E1,1.220348109843E1,
-5.907526216637E0));
#15322=DIRECTION('',(1.E0,0.E0,0.E0));
#15323=DIRECTION('',(0.E0,0.E0,1.E0));
#15324=AXIS2_PLACEMENT_3D('',#15321,#15322,#15323);
#15325=PLANE('',#15324);
#15326=ORIENTED_EDGE('',*,*,#9615,.T.);
#15328=ORIENTED_EDGE('',*,*,#15327,.T.);
#15329=ORIENTED_EDGE('',*,*,#11046,.F.);
#15331=ORIENTED_EDGE('',*,*,#15330,.F.);
#15332=EDGE_LOOP('',(#15326,#15328,#15329,#15331));
#15333=FACE_OUTER_BOUND('',#15332,.F.);
#15334=ADVANCED_FACE('',(#15333),#15325,.F.);
#15335=CARTESIAN_POINT('',(2.865000085992E1,1.920348109843E1,
-5.907526216637E0));
#15336=DIRECTION('',(0.E0,1.E0,0.E0));
#15337=DIRECTION('',(0.E0,0.E0,-1.E0));
#15338=AXIS2_PLACEMENT_3D('',#15335,#15336,#15337);
#15339=PLANE('',#15338);
#15340=ORIENTED_EDGE('',*,*,#9613,.T.);
#15342=ORIENTED_EDGE('',*,*,#15341,.T.);
#15343=ORIENTED_EDGE('',*,*,#11048,.F.);
#15344=ORIENTED_EDGE('',*,*,#15327,.F.);
#15345=EDGE_LOOP('',(#15340,#15342,#15343,#15344));
#15346=FACE_OUTER_BOUND('',#15345,.F.);
#15347=ADVANCED_FACE('',(#15346),#15339,.F.);
#15348=CARTESIAN_POINT('',(2.165000085992E1,1.220348109843E1,
-5.907526216637E0));
#15349=DIRECTION('',(-1.E0,0.E0,0.E0));
#15350=DIRECTION('',(0.E0,0.E0,-1.E0));
#15351=AXIS2_PLACEMENT_3D('',#15348,#15349,#15350);
#15352=PLANE('',#15351);
#15353=ORIENTED_EDGE('',*,*,#9611,.T.);
#15355=ORIENTED_EDGE('',*,*,#15354,.T.);
#15356=ORIENTED_EDGE('',*,*,#11050,.F.);
#15357=ORIENTED_EDGE('',*,*,#15341,.F.);
#15358=EDGE_LOOP('',(#15353,#15355,#15356,#15357));
#15359=FACE_OUTER_BOUND('',#15358,.F.);
#15360=ADVANCED_FACE('',(#15359),#15352,.F.);
#15361=CARTESIAN_POINT('',(2.865000085992E1,5.203481098424E0,
-5.907526216637E0));
#15362=DIRECTION('',(0.E0,-1.E0,0.E0));
#15363=DIRECTION('',(0.E0,0.E0,1.E0));
#15364=AXIS2_PLACEMENT_3D('',#15361,#15362,#15363);
#15365=PLANE('',#15364);
#15366=ORIENTED_EDGE('',*,*,#9609,.T.);
#15367=ORIENTED_EDGE('',*,*,#15330,.T.);
#15368=ORIENTED_EDGE('',*,*,#11052,.F.);
#15369=ORIENTED_EDGE('',*,*,#15354,.F.);
#15370=EDGE_LOOP('',(#15366,#15367,#15368,#15369));
#15371=FACE_OUTER_BOUND('',#15370,.F.);
#15372=ADVANCED_FACE('',(#15371),#15365,.F.);
#15373=CARTESIAN_POINT('',(-7.389999913956E1,-4.494651890312E1,
-5.907526216637E0));
#15374=DIRECTION('',(1.E0,0.E0,0.E0));
#15375=DIRECTION('',(0.E0,0.E0,1.E0));
#15376=AXIS2_PLACEMENT_3D('',#15373,#15374,#15375);
#15377=PLANE('',#15376);
#15378=ORIENTED_EDGE('',*,*,#9625,.T.);
#15380=ORIENTED_EDGE('',*,*,#15379,.T.);
#15381=ORIENTED_EDGE('',*,*,#11056,.F.);
#15383=ORIENTED_EDGE('',*,*,#15382,.F.);
#15384=EDGE_LOOP('',(#15378,#15380,#15381,#15383));
#15385=FACE_OUTER_BOUND('',#15384,.F.);
#15386=ADVANCED_FACE('',(#15385),#15377,.F.);
#15387=CARTESIAN_POINT('',(-8.089999913956E1,-3.794651890312E1,
-5.907526216637E0));
#15388=DIRECTION('',(0.E0,1.E0,0.E0));
#15389=DIRECTION('',(0.E0,0.E0,-1.E0));
#15390=AXIS2_PLACEMENT_3D('',#15387,#15388,#15389);
#15391=PLANE('',#15390);
#15392=ORIENTED_EDGE('',*,*,#9623,.T.);
#15394=ORIENTED_EDGE('',*,*,#15393,.T.);
#15395=ORIENTED_EDGE('',*,*,#11058,.F.);
#15396=ORIENTED_EDGE('',*,*,#15379,.F.);
#15397=EDGE_LOOP('',(#15392,#15394,#15395,#15396));
#15398=FACE_OUTER_BOUND('',#15397,.F.);
#15399=ADVANCED_FACE('',(#15398),#15391,.F.);
#15400=CARTESIAN_POINT('',(-8.789999913956E1,-4.494651890312E1,
-5.907526216637E0));
#15401=DIRECTION('',(-1.E0,0.E0,0.E0));
#15402=DIRECTION('',(0.E0,0.E0,-1.E0));
#15403=AXIS2_PLACEMENT_3D('',#15400,#15401,#15402);
#15404=PLANE('',#15403);
#15405=ORIENTED_EDGE('',*,*,#9621,.T.);
#15407=ORIENTED_EDGE('',*,*,#15406,.T.);
#15408=ORIENTED_EDGE('',*,*,#11060,.F.);
#15409=ORIENTED_EDGE('',*,*,#15393,.F.);
#15410=EDGE_LOOP('',(#15405,#15407,#15408,#15409));
#15411=FACE_OUTER_BOUND('',#15410,.F.);
#15412=ADVANCED_FACE('',(#15411),#15404,.F.);
#15413=CARTESIAN_POINT('',(-8.089999913956E1,-5.194651890313E1,
-5.907526216637E0));
#15414=DIRECTION('',(0.E0,-1.E0,0.E0));
#15415=DIRECTION('',(0.E0,0.E0,1.E0));
#15416=AXIS2_PLACEMENT_3D('',#15413,#15414,#15415);
#15417=PLANE('',#15416);
#15418=ORIENTED_EDGE('',*,*,#9619,.T.);
#15419=ORIENTED_EDGE('',*,*,#15382,.T.);
#15420=ORIENTED_EDGE('',*,*,#11062,.F.);
#15421=ORIENTED_EDGE('',*,*,#15406,.F.);
#15422=EDGE_LOOP('',(#15418,#15419,#15420,#15421));
#15423=FACE_OUTER_BOUND('',#15422,.F.);
#15424=ADVANCED_FACE('',(#15423),#15417,.F.);
#15425=CARTESIAN_POINT('',(-1.333999991400E2,-6.399651890161E1,
-5.907526216637E0));
#15426=DIRECTION('',(1.E0,0.E0,0.E0));
#15427=DIRECTION('',(0.E0,0.E0,1.E0));
#15428=AXIS2_PLACEMENT_3D('',#15425,#15426,#15427);
#15429=PLANE('',#15428);
#15430=ORIENTED_EDGE('',*,*,#9635,.T.);
#15432=ORIENTED_EDGE('',*,*,#15431,.T.);
#15433=ORIENTED_EDGE('',*,*,#11066,.F.);
#15435=ORIENTED_EDGE('',*,*,#15434,.F.);
#15436=EDGE_LOOP('',(#15430,#15432,#15433,#15435));
#15437=FACE_OUTER_BOUND('',#15436,.F.);
#15438=ADVANCED_FACE('',(#15437),#15429,.F.);
#15439=CARTESIAN_POINT('',(-1.403999991400E2,-5.699651890161E1,
-5.907526216637E0));
#15440=DIRECTION('',(0.E0,1.E0,0.E0));
#15441=DIRECTION('',(0.E0,0.E0,-1.E0));
#15442=AXIS2_PLACEMENT_3D('',#15439,#15440,#15441);
#15443=PLANE('',#15442);
#15444=ORIENTED_EDGE('',*,*,#9633,.T.);
#15446=ORIENTED_EDGE('',*,*,#15445,.T.);
#15447=ORIENTED_EDGE('',*,*,#11068,.F.);
#15448=ORIENTED_EDGE('',*,*,#15431,.F.);
#15449=EDGE_LOOP('',(#15444,#15446,#15447,#15448));
#15450=FACE_OUTER_BOUND('',#15449,.F.);
#15451=ADVANCED_FACE('',(#15450),#15443,.F.);
#15452=CARTESIAN_POINT('',(-1.473999991400E2,-6.399651890161E1,
-5.907526216637E0));
#15453=DIRECTION('',(-1.E0,0.E0,0.E0));
#15454=DIRECTION('',(0.E0,0.E0,-1.E0));
#15455=AXIS2_PLACEMENT_3D('',#15452,#15453,#15454);
#15456=PLANE('',#15455);
#15457=ORIENTED_EDGE('',*,*,#9631,.T.);
#15459=ORIENTED_EDGE('',*,*,#15458,.T.);
#15460=ORIENTED_EDGE('',*,*,#11070,.F.);
#15461=ORIENTED_EDGE('',*,*,#15445,.F.);
#15462=EDGE_LOOP('',(#15457,#15459,#15460,#15461));
#15463=FACE_OUTER_BOUND('',#15462,.F.);
#15464=ADVANCED_FACE('',(#15463),#15456,.F.);
#15465=CARTESIAN_POINT('',(-1.403999991400E2,-7.099651890161E1,
-5.907526216637E0));
#15466=DIRECTION('',(0.E0,-1.E0,0.E0));
#15467=DIRECTION('',(0.E0,0.E0,1.E0));
#15468=AXIS2_PLACEMENT_3D('',#15465,#15466,#15467);
#15469=PLANE('',#15468);
#15470=ORIENTED_EDGE('',*,*,#9629,.T.);
#15471=ORIENTED_EDGE('',*,*,#15434,.T.);
#15472=ORIENTED_EDGE('',*,*,#11072,.F.);
#15473=ORIENTED_EDGE('',*,*,#15458,.F.);
#15474=EDGE_LOOP('',(#15470,#15471,#15472,#15473));
#15475=FACE_OUTER_BOUND('',#15474,.F.);
#15476=ADVANCED_FACE('',(#15475),#15469,.F.);
#15477=CARTESIAN_POINT('',(-8.819999914108E1,-6.846518901705E0,
-5.907526216637E0));
#15478=DIRECTION('',(1.E0,0.E0,0.E0));
#15479=DIRECTION('',(0.E0,0.E0,1.E0));
#15480=AXIS2_PLACEMENT_3D('',#15477,#15478,#15479);
#15481=PLANE('',#15480);
#15482=ORIENTED_EDGE('',*,*,#9645,.T.);
#15484=ORIENTED_EDGE('',*,*,#15483,.T.);
#15485=ORIENTED_EDGE('',*,*,#11076,.F.);
#15487=ORIENTED_EDGE('',*,*,#15486,.F.);
#15488=EDGE_LOOP('',(#15482,#15484,#15485,#15487));
#15489=FACE_OUTER_BOUND('',#15488,.F.);
#15490=ADVANCED_FACE('',(#15489),#15481,.F.);
#15491=CARTESIAN_POINT('',(-9.519999914108E1,1.534810982963E-1,
-5.907526216637E0));
#15492=DIRECTION('',(0.E0,1.E0,0.E0));
#15493=DIRECTION('',(0.E0,0.E0,-1.E0));
#15494=AXIS2_PLACEMENT_3D('',#15491,#15492,#15493);
#15495=PLANE('',#15494);
#15496=ORIENTED_EDGE('',*,*,#9643,.T.);
#15498=ORIENTED_EDGE('',*,*,#15497,.T.);
#15499=ORIENTED_EDGE('',*,*,#11078,.F.);
#15500=ORIENTED_EDGE('',*,*,#15483,.F.);
#15501=EDGE_LOOP('',(#15496,#15498,#15499,#15500));
#15502=FACE_OUTER_BOUND('',#15501,.F.);
#15503=ADVANCED_FACE('',(#15502),#15495,.F.);
#15504=CARTESIAN_POINT('',(-1.021999991411E2,-6.846518901705E0,
-5.907526216637E0));
#15505=DIRECTION('',(-1.E0,0.E0,0.E0));
#15506=DIRECTION('',(0.E0,0.E0,-1.E0));
#15507=AXIS2_PLACEMENT_3D('',#15504,#15505,#15506);
#15508=PLANE('',#15507);
#15509=ORIENTED_EDGE('',*,*,#9641,.T.);
#15511=ORIENTED_EDGE('',*,*,#15510,.T.);
#15512=ORIENTED_EDGE('',*,*,#11080,.F.);
#15513=ORIENTED_EDGE('',*,*,#15497,.F.);
#15514=EDGE_LOOP('',(#15509,#15511,#15512,#15513));
#15515=FACE_OUTER_BOUND('',#15514,.F.);
#15516=ADVANCED_FACE('',(#15515),#15508,.F.);
#15517=CARTESIAN_POINT('',(-9.519999914108E1,-1.384651890171E1,
-5.907526216637E0));
#15518=DIRECTION('',(0.E0,-1.E0,0.E0));
#15519=DIRECTION('',(0.E0,0.E0,1.E0));
#15520=AXIS2_PLACEMENT_3D('',#15517,#15518,#15519);
#15521=PLANE('',#15520);
#15522=ORIENTED_EDGE('',*,*,#9639,.T.);
#15523=ORIENTED_EDGE('',*,*,#15486,.T.);
#15524=ORIENTED_EDGE('',*,*,#11082,.F.);
#15525=ORIENTED_EDGE('',*,*,#15510,.F.);
#15526=EDGE_LOOP('',(#15522,#15523,#15524,#15525));
#15527=FACE_OUTER_BOUND('',#15526,.F.);
#15528=ADVANCED_FACE('',(#15527),#15521,.F.);
#15529=CARTESIAN_POINT('',(8.080000085970E1,-6.399651890161E1,
-5.907526216637E0));
#15530=DIRECTION('',(1.E0,0.E0,0.E0));
#15531=DIRECTION('',(0.E0,0.E0,1.E0));
#15532=AXIS2_PLACEMENT_3D('',#15529,#15530,#15531);
#15533=PLANE('',#15532);
#15534=ORIENTED_EDGE('',*,*,#9655,.T.);
#15536=ORIENTED_EDGE('',*,*,#15535,.T.);
#15537=ORIENTED_EDGE('',*,*,#11086,.F.);
#15539=ORIENTED_EDGE('',*,*,#15538,.F.);
#15540=EDGE_LOOP('',(#15534,#15536,#15537,#15539));
#15541=FACE_OUTER_BOUND('',#15540,.F.);
#15542=ADVANCED_FACE('',(#15541),#15533,.F.);
#15543=CARTESIAN_POINT('',(7.380000085970E1,-5.699651890161E1,
-5.907526216637E0));
#15544=DIRECTION('',(0.E0,1.E0,0.E0));
#15545=DIRECTION('',(0.E0,0.E0,-1.E0));
#15546=AXIS2_PLACEMENT_3D('',#15543,#15544,#15545);
#15547=PLANE('',#15546);
#15548=ORIENTED_EDGE('',*,*,#9653,.T.);
#15550=ORIENTED_EDGE('',*,*,#15549,.T.);
#15551=ORIENTED_EDGE('',*,*,#11088,.F.);
#15552=ORIENTED_EDGE('',*,*,#15535,.F.);
#15553=EDGE_LOOP('',(#15548,#15550,#15551,#15552));
#15554=FACE_OUTER_BOUND('',#15553,.F.);
#15555=ADVANCED_FACE('',(#15554),#15547,.F.);
#15556=CARTESIAN_POINT('',(6.680000085970E1,-6.399651890161E1,
-5.907526216637E0));
#15557=DIRECTION('',(-1.E0,0.E0,0.E0));
#15558=DIRECTION('',(0.E0,0.E0,-1.E0));
#15559=AXIS2_PLACEMENT_3D('',#15556,#15557,#15558);
#15560=PLANE('',#15559);
#15561=ORIENTED_EDGE('',*,*,#9651,.T.);
#15563=ORIENTED_EDGE('',*,*,#15562,.T.);
#15564=ORIENTED_EDGE('',*,*,#11090,.F.);
#15565=ORIENTED_EDGE('',*,*,#15549,.F.);
#15566=EDGE_LOOP('',(#15561,#15563,#15564,#15565));
#15567=FACE_OUTER_BOUND('',#15566,.F.);
#15568=ADVANCED_FACE('',(#15567),#15560,.F.);
#15569=CARTESIAN_POINT('',(7.380000085970E1,-7.099651890161E1,
-5.907526216637E0));
#15570=DIRECTION('',(0.E0,-1.E0,0.E0));
#15571=DIRECTION('',(0.E0,0.E0,1.E0));
#15572=AXIS2_PLACEMENT_3D('',#15569,#15570,#15571);
#15573=PLANE('',#15572);
#15574=ORIENTED_EDGE('',*,*,#9649,.T.);
#15575=ORIENTED_EDGE('',*,*,#15538,.T.);
#15576=ORIENTED_EDGE('',*,*,#11092,.F.);
#15577=ORIENTED_EDGE('',*,*,#15562,.F.);
#15578=EDGE_LOOP('',(#15574,#15575,#15576,#15577));
#15579=FACE_OUTER_BOUND('',#15578,.F.);
#15580=ADVANCED_FACE('',(#15579),#15573,.F.);
#15581=CARTESIAN_POINT('',(-8.569999913996E1,-6.399651890161E1,
-5.907526216637E0));
#15582=DIRECTION('',(1.E0,0.E0,0.E0));
#15583=DIRECTION('',(0.E0,0.E0,1.E0));
#15584=AXIS2_PLACEMENT_3D('',#15581,#15582,#15583);
#15585=PLANE('',#15584);
#15586=ORIENTED_EDGE('',*,*,#9665,.T.);
#15588=ORIENTED_EDGE('',*,*,#15587,.T.);
#15589=ORIENTED_EDGE('',*,*,#11096,.F.);
#15591=ORIENTED_EDGE('',*,*,#15590,.F.);
#15592=EDGE_LOOP('',(#15586,#15588,#15589,#15591));
#15593=FACE_OUTER_BOUND('',#15592,.F.);
#15594=ADVANCED_FACE('',(#15593),#15585,.F.);
#15595=CARTESIAN_POINT('',(-9.269999913996E1,-5.699651890161E1,
-5.907526216637E0));
#15596=DIRECTION('',(0.E0,1.E0,0.E0));
#15597=DIRECTION('',(0.E0,0.E0,-1.E0));
#15598=AXIS2_PLACEMENT_3D('',#15595,#15596,#15597);
#15599=PLANE('',#15598);
#15600=ORIENTED_EDGE('',*,*,#9663,.T.);
#15602=ORIENTED_EDGE('',*,*,#15601,.T.);
#15603=ORIENTED_EDGE('',*,*,#11098,.F.);
#15604=ORIENTED_EDGE('',*,*,#15587,.F.);
#15605=EDGE_LOOP('',(#15600,#15602,#15603,#15604));
#15606=FACE_OUTER_BOUND('',#15605,.F.);
#15607=ADVANCED_FACE('',(#15606),#15599,.F.);
#15608=CARTESIAN_POINT('',(-9.969999913996E1,-6.399651890161E1,
-5.907526216637E0));
#15609=DIRECTION('',(-1.E0,0.E0,0.E0));
#15610=DIRECTION('',(0.E0,0.E0,-1.E0));
#15611=AXIS2_PLACEMENT_3D('',#15608,#15609,#15610);
#15612=PLANE('',#15611);
#15613=ORIENTED_EDGE('',*,*,#9661,.T.);
#15615=ORIENTED_EDGE('',*,*,#15614,.T.);
#15616=ORIENTED_EDGE('',*,*,#11100,.F.);
#15617=ORIENTED_EDGE('',*,*,#15601,.F.);
#15618=EDGE_LOOP('',(#15613,#15615,#15616,#15617));
#15619=FACE_OUTER_BOUND('',#15618,.F.);
#15620=ADVANCED_FACE('',(#15619),#15612,.F.);
#15621=CARTESIAN_POINT('',(-9.269999913996E1,-7.099651890161E1,
-5.907526216637E0));
#15622=DIRECTION('',(0.E0,-1.E0,0.E0));
#15623=DIRECTION('',(0.E0,0.E0,1.E0));
#15624=AXIS2_PLACEMENT_3D('',#15621,#15622,#15623);
#15625=PLANE('',#15624);
#15626=ORIENTED_EDGE('',*,*,#9659,.T.);
#15627=ORIENTED_EDGE('',*,*,#15590,.T.);
#15628=ORIENTED_EDGE('',*,*,#11102,.F.);
#15629=ORIENTED_EDGE('',*,*,#15614,.F.);
#15630=EDGE_LOOP('',(#15626,#15627,#15628,#15629));
#15631=FACE_OUTER_BOUND('',#15630,.F.);
#15632=ADVANCED_FACE('',(#15631),#15625,.F.);
#15633=CARTESIAN_POINT('',(2.300000860440E0,-4.494651890312E1,
-5.907526216637E0));
#15634=DIRECTION('',(1.E0,0.E0,0.E0));
#15635=DIRECTION('',(0.E0,0.E0,1.E0));
#15636=AXIS2_PLACEMENT_3D('',#15633,#15634,#15635);
#15637=PLANE('',#15636);
#15638=ORIENTED_EDGE('',*,*,#9675,.T.);
#15640=ORIENTED_EDGE('',*,*,#15639,.T.);
#15641=ORIENTED_EDGE('',*,*,#11106,.F.);
#15643=ORIENTED_EDGE('',*,*,#15642,.F.);
#15644=EDGE_LOOP('',(#15638,#15640,#15641,#15643));
#15645=FACE_OUTER_BOUND('',#15644,.F.);
#15646=ADVANCED_FACE('',(#15645),#15637,.F.);
#15647=CARTESIAN_POINT('',(-4.699999139560E0,-3.794651890312E1,
-5.907526216637E0));
#15648=DIRECTION('',(0.E0,1.E0,0.E0));
#15649=DIRECTION('',(0.E0,0.E0,-1.E0));
#15650=AXIS2_PLACEMENT_3D('',#15647,#15648,#15649);
#15651=PLANE('',#15650);
#15652=ORIENTED_EDGE('',*,*,#9673,.T.);
#15654=ORIENTED_EDGE('',*,*,#15653,.T.);
#15655=ORIENTED_EDGE('',*,*,#11108,.F.);
#15656=ORIENTED_EDGE('',*,*,#15639,.F.);
#15657=EDGE_LOOP('',(#15652,#15654,#15655,#15656));
#15658=FACE_OUTER_BOUND('',#15657,.F.);
#15659=ADVANCED_FACE('',(#15658),#15651,.F.);
#15660=CARTESIAN_POINT('',(-1.169999913956E1,-4.494651890312E1,
-5.907526216637E0));
#15661=DIRECTION('',(-1.E0,0.E0,0.E0));
#15662=DIRECTION('',(0.E0,0.E0,-1.E0));
#15663=AXIS2_PLACEMENT_3D('',#15660,#15661,#15662);
#15664=PLANE('',#15663);
#15665=ORIENTED_EDGE('',*,*,#9671,.T.);
#15667=ORIENTED_EDGE('',*,*,#15666,.T.);
#15668=ORIENTED_EDGE('',*,*,#11110,.F.);
#15669=ORIENTED_EDGE('',*,*,#15653,.F.);
#15670=EDGE_LOOP('',(#15665,#15667,#15668,#15669));
#15671=FACE_OUTER_BOUND('',#15670,.F.);
#15672=ADVANCED_FACE('',(#15671),#15664,.F.);
#15673=CARTESIAN_POINT('',(-4.699999139560E0,-5.194651890313E1,
-5.907526216637E0));
#15674=DIRECTION('',(0.E0,-1.E0,0.E0));
#15675=DIRECTION('',(0.E0,0.E0,1.E0));
#15676=AXIS2_PLACEMENT_3D('',#15673,#15674,#15675);
#15677=PLANE('',#15676);
#15678=ORIENTED_EDGE('',*,*,#9669,.T.);
#15679=ORIENTED_EDGE('',*,*,#15642,.T.);
#15680=ORIENTED_EDGE('',*,*,#11112,.F.);
#15681=ORIENTED_EDGE('',*,*,#15666,.F.);
#15682=EDGE_LOOP('',(#15678,#15679,#15680,#15681));
#15683=FACE_OUTER_BOUND('',#15682,.F.);
#15684=ADVANCED_FACE('',(#15683),#15677,.F.);
#15685=CARTESIAN_POINT('',(1.261250008593E2,-6.846518901585E0,
-5.907526216637E0));
#15686=DIRECTION('',(1.E0,0.E0,0.E0));
#15687=DIRECTION('',(0.E0,0.E0,1.E0));
#15688=AXIS2_PLACEMENT_3D('',#15685,#15686,#15687);
#15689=PLANE('',#15688);
#15690=ORIENTED_EDGE('',*,*,#9685,.T.);
#15692=ORIENTED_EDGE('',*,*,#15691,.T.);
#15693=ORIENTED_EDGE('',*,*,#11116,.F.);
#15695=ORIENTED_EDGE('',*,*,#15694,.F.);
#15696=EDGE_LOOP('',(#15690,#15692,#15693,#15695));
#15697=FACE_OUTER_BOUND('',#15696,.F.);
#15698=ADVANCED_FACE('',(#15697),#15689,.F.);
#15699=CARTESIAN_POINT('',(1.191250008593E2,1.534810984163E-1,
-5.907526216637E0));
#15700=DIRECTION('',(0.E0,1.E0,0.E0));
#15701=DIRECTION('',(0.E0,0.E0,-1.E0));
#15702=AXIS2_PLACEMENT_3D('',#15699,#15700,#15701);
#15703=PLANE('',#15702);
#15704=ORIENTED_EDGE('',*,*,#9683,.T.);
#15706=ORIENTED_EDGE('',*,*,#15705,.T.);
#15707=ORIENTED_EDGE('',*,*,#11118,.F.);
#15708=ORIENTED_EDGE('',*,*,#15691,.F.);
#15709=EDGE_LOOP('',(#15704,#15706,#15707,#15708));
#15710=FACE_OUTER_BOUND('',#15709,.F.);
#15711=ADVANCED_FACE('',(#15710),#15703,.F.);
#15712=CARTESIAN_POINT('',(1.121250008593E2,-6.846518901585E0,
-5.907526216637E0));
#15713=DIRECTION('',(-1.E0,0.E0,0.E0));
#15714=DIRECTION('',(0.E0,0.E0,-1.E0));
#15715=AXIS2_PLACEMENT_3D('',#15712,#15713,#15714);
#15716=PLANE('',#15715);
#15717=ORIENTED_EDGE('',*,*,#9681,.T.);
#15719=ORIENTED_EDGE('',*,*,#15718,.T.);
#15720=ORIENTED_EDGE('',*,*,#11120,.F.);
#15721=ORIENTED_EDGE('',*,*,#15705,.F.);
#15722=EDGE_LOOP('',(#15717,#15719,#15720,#15721));
#15723=FACE_OUTER_BOUND('',#15722,.F.);
#15724=ADVANCED_FACE('',(#15723),#15716,.F.);
#15725=CARTESIAN_POINT('',(1.191250008593E2,-1.384651890159E1,
-5.907526216637E0));
#15726=DIRECTION('',(0.E0,-1.E0,0.E0));
#15727=DIRECTION('',(0.E0,0.E0,1.E0));
#15728=AXIS2_PLACEMENT_3D('',#15725,#15726,#15727);
#15729=PLANE('',#15728);
#15730=ORIENTED_EDGE('',*,*,#9679,.T.);
#15731=ORIENTED_EDGE('',*,*,#15694,.T.);
#15732=ORIENTED_EDGE('',*,*,#11122,.F.);
#15733=ORIENTED_EDGE('',*,*,#15718,.F.);
#15734=EDGE_LOOP('',(#15730,#15731,#15732,#15733));
#15735=FACE_OUTER_BOUND('',#15734,.F.);
#15736=ADVANCED_FACE('',(#15735),#15729,.F.);
#15737=CARTESIAN_POINT('',(1.230500007679E2,6.178481099763E0,
-7.707526216634E0));
#15738=DIRECTION('',(-1.E0,0.E0,0.E0));
#15739=DIRECTION('',(0.E0,1.E0,0.E0));
#15740=AXIS2_PLACEMENT_3D('',#15737,#15738,#15739);
#15741=PLANE('',#15740);
#15742=ORIENTED_EDGE('',*,*,#9895,.T.);
#15744=ORIENTED_EDGE('',*,*,#15743,.T.);
#15745=ORIENTED_EDGE('',*,*,#11126,.F.);
#15747=ORIENTED_EDGE('',*,*,#15746,.F.);
#15748=EDGE_LOOP('',(#15742,#15744,#15745,#15747));
#15749=FACE_OUTER_BOUND('',#15748,.F.);
#15750=ADVANCED_FACE('',(#15749),#15741,.F.);
#15751=CARTESIAN_POINT('',(1.230500007679E2,5.438442582464E0,
-7.707526216634E0));
#15752=DIRECTION('',(0.E0,-1.E0,0.E0));
#15753=DIRECTION('',(-1.E0,0.E0,0.E0));
#15754=AXIS2_PLACEMENT_3D('',#15751,#15752,#15753);
#15755=PLANE('',#15754);
#15756=ORIENTED_EDGE('',*,*,#9893,.T.);
#15758=ORIENTED_EDGE('',*,*,#15757,.T.);
#15759=ORIENTED_EDGE('',*,*,#11128,.F.);
#15760=ORIENTED_EDGE('',*,*,#15743,.F.);
#15761=EDGE_LOOP('',(#15756,#15758,#15759,#15760));
#15762=FACE_OUTER_BOUND('',#15761,.F.);
#15763=ADVANCED_FACE('',(#15762),#15755,.F.);
#15764=CARTESIAN_POINT('',(1.248215428208E2,4.688284100732E0,
-9.207526216633E0));
#15765=DIRECTION('',(-1.E0,0.E0,0.E0));
#15766=DIRECTION('',(0.E0,0.E0,-1.E0));
#15767=AXIS2_PLACEMENT_3D('',#15764,#15765,#15766);
#15768=PLANE('',#15767);
#15769=ORIENTED_EDGE('',*,*,#9891,.T.);
#15771=ORIENTED_EDGE('',*,*,#15770,.T.);
#15772=ORIENTED_EDGE('',*,*,#11130,.F.);
#15773=ORIENTED_EDGE('',*,*,#15757,.F.);
#15774=EDGE_LOOP('',(#15769,#15771,#15772,#15773));
#15775=FACE_OUTER_BOUND('',#15774,.F.);
#15776=ADVANCED_FACE('',(#15775),#15768,.F.);
#15777=CARTESIAN_POINT('',(1.143750008561E2,3.938125531523E0,
-9.207526216637E0));
#15778=DIRECTION('',(0.E0,-1.E0,0.E0));
#15779=DIRECTION('',(0.E0,0.E0,1.E0));
#15780=AXIS2_PLACEMENT_3D('',#15777,#15778,#15779);
#15781=PLANE('',#15780);
#15782=ORIENTED_EDGE('',*,*,#9889,.T.);
#15784=ORIENTED_EDGE('',*,*,#15783,.T.);
#15785=ORIENTED_EDGE('',*,*,#11132,.F.);
#15786=ORIENTED_EDGE('',*,*,#15770,.F.);
#15787=EDGE_LOOP('',(#15782,#15784,#15785,#15786));
#15788=FACE_OUTER_BOUND('',#15787,.F.);
#15789=ADVANCED_FACE('',(#15788),#15781,.F.);
#15790=CARTESIAN_POINT('',(1.279274993155E2,4.688284100732E0,
-9.207526216633E0));
#15791=DIRECTION('',(1.E0,0.E0,0.E0));
#15792=DIRECTION('',(0.E0,0.E0,1.E0));
#15793=AXIS2_PLACEMENT_3D('',#15790,#15791,#15792);
#15794=PLANE('',#15793);
#15795=ORIENTED_EDGE('',*,*,#9887,.T.);
#15797=ORIENTED_EDGE('',*,*,#15796,.T.);
#15798=ORIENTED_EDGE('',*,*,#11134,.F.);
#15799=ORIENTED_EDGE('',*,*,#15783,.F.);
#15800=EDGE_LOOP('',(#15795,#15797,#15798,#15799));
#15801=FACE_OUTER_BOUND('',#15800,.F.);
#15802=ADVANCED_FACE('',(#15801),#15794,.F.);
#15803=CARTESIAN_POINT('',(1.279250008553E2,5.438442582464E0,
-7.707526216634E0));
#15804=DIRECTION('',(0.E0,-1.E0,0.E0));
#15805=DIRECTION('',(-1.E0,0.E0,0.E0));
#15806=AXIS2_PLACEMENT_3D('',#15803,#15804,#15805);
#15807=PLANE('',#15806);
#15808=ORIENTED_EDGE('',*,*,#9885,.T.);
#15810=ORIENTED_EDGE('',*,*,#15809,.T.);
#15811=ORIENTED_EDGE('',*,*,#11136,.F.);
#15812=ORIENTED_EDGE('',*,*,#15796,.F.);
#15813=EDGE_LOOP('',(#15808,#15810,#15811,#15812));
#15814=FACE_OUTER_BOUND('',#15813,.F.);
#15815=ADVANCED_FACE('',(#15814),#15807,.F.);
#15816=CARTESIAN_POINT('',(1.297000008588E2,5.438442582464E0,
-7.707526216634E0));
#15817=DIRECTION('',(1.E0,0.E0,0.E0));
#15818=DIRECTION('',(0.E0,-1.E0,0.E0));
#15819=AXIS2_PLACEMENT_3D('',#15816,#15817,#15818);
#15820=PLANE('',#15819);
#15821=ORIENTED_EDGE('',*,*,#9883,.T.);
#15823=ORIENTED_EDGE('',*,*,#15822,.T.);
#15824=ORIENTED_EDGE('',*,*,#11138,.F.);
#15825=ORIENTED_EDGE('',*,*,#15809,.F.);
#15826=EDGE_LOOP('',(#15821,#15823,#15824,#15825));
#15827=FACE_OUTER_BOUND('',#15826,.F.);
#15828=ADVANCED_FACE('',(#15827),#15820,.F.);
#15829=CARTESIAN_POINT('',(1.297000008588E2,1.193844257706E1,
-7.707526216634E0));
#15830=DIRECTION('',(0.E0,-1.E0,0.E0));
#15831=DIRECTION('',(-1.E0,0.E0,0.E0));
#15832=AXIS2_PLACEMENT_3D('',#15829,#15830,#15831);
#15833=PLANE('',#15832);
#15834=ORIENTED_EDGE('',*,*,#9881,.T.);
#15836=ORIENTED_EDGE('',*,*,#15835,.T.);
#15837=ORIENTED_EDGE('',*,*,#11140,.F.);
#15838=ORIENTED_EDGE('',*,*,#15822,.F.);
#15839=EDGE_LOOP('',(#15834,#15836,#15837,#15838));
#15840=FACE_OUTER_BOUND('',#15839,.F.);
#15841=ADVANCED_FACE('',(#15840),#15833,.F.);
#15842=CARTESIAN_POINT('',(1.306000008571E2,1.157080331434E1,
-9.207526216637E0));
#15843=DIRECTION('',(1.E0,0.E0,0.E0));
#15844=DIRECTION('',(0.E0,0.E0,1.E0));
#15845=AXIS2_PLACEMENT_3D('',#15842,#15843,#15844);
#15846=PLANE('',#15845);
#15847=ORIENTED_EDGE('',*,*,#9879,.T.);
#15849=ORIENTED_EDGE('',*,*,#15848,.T.);
#15850=ORIENTED_EDGE('',*,*,#11142,.F.);
#15851=ORIENTED_EDGE('',*,*,#15835,.F.);
#15852=EDGE_LOOP('',(#15847,#15849,#15850,#15851));
#15853=FACE_OUTER_BOUND('',#15852,.F.);
#15854=ADVANCED_FACE('',(#15853),#15846,.F.);
#15855=CARTESIAN_POINT('',(1.306000008571E2,1.438844257926E1,
-7.707526216634E0));
#15856=DIRECTION('',(0.E0,1.E0,0.E0));
#15857=DIRECTION('',(1.E0,0.E0,0.E0));
#15858=AXIS2_PLACEMENT_3D('',#15855,#15856,#15857);
#15859=PLANE('',#15858);
#15860=ORIENTED_EDGE('',*,*,#9877,.T.);
#15862=ORIENTED_EDGE('',*,*,#15861,.T.);
#15863=ORIENTED_EDGE('',*,*,#11144,.F.);
#15864=ORIENTED_EDGE('',*,*,#15848,.F.);
#15865=EDGE_LOOP('',(#15860,#15862,#15863,#15864));
#15866=FACE_OUTER_BOUND('',#15865,.F.);
#15867=ADVANCED_FACE('',(#15866),#15859,.F.);
#15868=CARTESIAN_POINT('',(1.297000008588E2,1.438844257926E1,
-7.707526216634E0));
#15869=DIRECTION('',(1.E0,0.E0,0.E0));
#15870=DIRECTION('',(0.E0,-1.E0,0.E0));
#15871=AXIS2_PLACEMENT_3D('',#15868,#15869,#15870);
#15872=PLANE('',#15871);
#15873=ORIENTED_EDGE('',*,*,#9875,.T.);
#15875=ORIENTED_EDGE('',*,*,#15874,.T.);
#15876=ORIENTED_EDGE('',*,*,#11146,.F.);
#15877=ORIENTED_EDGE('',*,*,#15861,.F.);
#15878=EDGE_LOOP('',(#15873,#15875,#15876,#15877));
#15879=FACE_OUTER_BOUND('',#15878,.F.);
#15880=ADVANCED_FACE('',(#15879),#15872,.F.);
#15881=CARTESIAN_POINT('',(1.297000008588E2,1.763844258416E1,
-7.707526216634E0));
#15882=DIRECTION('',(0.E0,1.E0,0.E0));
#15883=DIRECTION('',(1.E0,0.E0,0.E0));
#15884=AXIS2_PLACEMENT_3D('',#15881,#15882,#15883);
#15885=PLANE('',#15884);
#15886=ORIENTED_EDGE('',*,*,#9873,.T.);
#15888=ORIENTED_EDGE('',*,*,#15887,.T.);
#15889=ORIENTED_EDGE('',*,*,#11148,.F.);
#15890=ORIENTED_EDGE('',*,*,#15874,.F.);
#15891=EDGE_LOOP('',(#15886,#15888,#15889,#15890));
#15892=FACE_OUTER_BOUND('',#15891,.F.);
#15893=ADVANCED_FACE('',(#15892),#15885,.F.);
#15894=CARTESIAN_POINT('',(1.230500001177E2,1.763844258416E1,
-7.707526216634E0));
#15895=DIRECTION('',(-1.E0,0.E0,0.E0));
#15896=DIRECTION('',(0.E0,1.E0,0.E0));
#15897=AXIS2_PLACEMENT_3D('',#15894,#15895,#15896);
#15898=PLANE('',#15897);
#15899=ORIENTED_EDGE('',*,*,#9871,.T.);
#15901=ORIENTED_EDGE('',*,*,#15900,.T.);
#15902=ORIENTED_EDGE('',*,*,#11150,.F.);
#15903=ORIENTED_EDGE('',*,*,#15887,.F.);
#15904=EDGE_LOOP('',(#15899,#15901,#15902,#15903));
#15905=FACE_OUTER_BOUND('',#15904,.F.);
#15906=ADVANCED_FACE('',(#15905),#15898,.F.);
#15907=CARTESIAN_POINT('',(1.230500001177E2,1.438844256906E1,
-7.707526216634E0));
#15908=DIRECTION('',(0.E0,1.E0,0.E0));
#15909=DIRECTION('',(1.E0,0.E0,0.E0));
#15910=AXIS2_PLACEMENT_3D('',#15907,#15908,#15909);
#15911=PLANE('',#15910);
#15912=ORIENTED_EDGE('',*,*,#9869,.T.);
#15914=ORIENTED_EDGE('',*,*,#15913,.T.);
#15915=ORIENTED_EDGE('',*,*,#11152,.F.);
#15916=ORIENTED_EDGE('',*,*,#15900,.F.);
#15917=EDGE_LOOP('',(#15912,#15914,#15915,#15916));
#15918=FACE_OUTER_BOUND('',#15917,.F.);
#15919=ADVANCED_FACE('',(#15918),#15911,.F.);
#15920=CARTESIAN_POINT('',(1.213750008598E2,1.220348109716E1,
-5.907526216637E0));
#15921=DIRECTION('',(1.E0,0.E0,0.E0));
#15922=DIRECTION('',(0.E0,0.E0,1.E0));
#15923=AXIS2_PLACEMENT_3D('',#15920,#15921,#15922);
#15924=PLANE('',#15923);
#15925=ORIENTED_EDGE('',*,*,#15913,.F.);
#15926=ORIENTED_EDGE('',*,*,#9867,.T.);
#15928=ORIENTED_EDGE('',*,*,#15927,.T.);
#15929=ORIENTED_EDGE('',*,*,#11154,.F.);
#15930=EDGE_LOOP('',(#15925,#15926,#15928,#15929));
#15931=FACE_OUTER_BOUND('',#15930,.F.);
#15932=ADVANCED_FACE('',(#15931),#15924,.F.);
#15933=CARTESIAN_POINT('',(1.143750008598E2,1.920348109716E1,
-5.907526216637E0));
#15934=DIRECTION('',(0.E0,1.E0,0.E0));
#15935=DIRECTION('',(0.E0,0.E0,-1.E0));
#15936=AXIS2_PLACEMENT_3D('',#15933,#15934,#15935);
#15937=PLANE('',#15936);
#15938=ORIENTED_EDGE('',*,*,#9865,.T.);
#15940=ORIENTED_EDGE('',*,*,#15939,.T.);
#15941=ORIENTED_EDGE('',*,*,#11156,.F.);
#15942=ORIENTED_EDGE('',*,*,#15927,.F.);
#15943=EDGE_LOOP('',(#15938,#15940,#15941,#15942));
#15944=FACE_OUTER_BOUND('',#15943,.F.);
#15945=ADVANCED_FACE('',(#15944),#15937,.F.);
#15946=CARTESIAN_POINT('',(1.073750008598E2,1.220348109716E1,
-5.907526216637E0));
#15947=DIRECTION('',(-1.E0,0.E0,0.E0));
#15948=DIRECTION('',(0.E0,0.E0,-1.E0));
#15949=AXIS2_PLACEMENT_3D('',#15946,#15947,#15948);
#15950=PLANE('',#15949);
#15952=ORIENTED_EDGE('',*,*,#15951,.F.);
#15953=ORIENTED_EDGE('',*,*,#11158,.F.);
#15954=ORIENTED_EDGE('',*,*,#15939,.F.);
#15955=ORIENTED_EDGE('',*,*,#9863,.T.);
#15956=EDGE_LOOP('',(#15952,#15953,#15954,#15955));
#15957=FACE_OUTER_BOUND('',#15956,.F.);
#15958=ADVANCED_FACE('',(#15957),#15950,.F.);
#15959=CARTESIAN_POINT('',(1.074000008539E2,1.438844256146E1,
-7.707526216634E0));
#15960=DIRECTION('',(0.E0,1.E0,0.E0));
#15961=DIRECTION('',(1.E0,0.E0,0.E0));
#15962=AXIS2_PLACEMENT_3D('',#15959,#15960,#15961);
#15963=PLANE('',#15962);
#15964=ORIENTED_EDGE('',*,*,#9861,.T.);
#15966=ORIENTED_EDGE('',*,*,#15965,.T.);
#15967=ORIENTED_EDGE('',*,*,#11160,.F.);
#15968=ORIENTED_EDGE('',*,*,#15951,.T.);
#15969=EDGE_LOOP('',(#15964,#15966,#15967,#15968));
#15970=FACE_OUTER_BOUND('',#15969,.F.);
#15971=ADVANCED_FACE('',(#15970),#15963,.F.);
#15972=CARTESIAN_POINT('',(1.057000001238E2,1.438844256146E1,
-7.707526216634E0));
#15973=DIRECTION('',(1.E0,0.E0,0.E0));
#15974=DIRECTION('',(0.E0,-1.E0,0.E0));
#15975=AXIS2_PLACEMENT_3D('',#15972,#15973,#15974);
#15976=PLANE('',#15975);
#15977=ORIENTED_EDGE('',*,*,#9859,.T.);
#15979=ORIENTED_EDGE('',*,*,#15978,.T.);
#15980=ORIENTED_EDGE('',*,*,#11162,.F.);
#15981=ORIENTED_EDGE('',*,*,#15965,.F.);
#15982=EDGE_LOOP('',(#15977,#15979,#15980,#15981));
#15983=FACE_OUTER_BOUND('',#15982,.F.);
#15984=ADVANCED_FACE('',(#15983),#15976,.F.);
#15985=CARTESIAN_POINT('',(1.057000001238E2,1.763844256646E1,
-7.707526216634E0));
#15986=DIRECTION('',(0.E0,1.E0,0.E0));
#15987=DIRECTION('',(1.E0,0.E0,0.E0));
#15988=AXIS2_PLACEMENT_3D('',#15985,#15986,#15987);
#15989=PLANE('',#15988);
#15990=ORIENTED_EDGE('',*,*,#9857,.T.);
#15992=ORIENTED_EDGE('',*,*,#15991,.T.);
#15993=ORIENTED_EDGE('',*,*,#11164,.F.);
#15994=ORIENTED_EDGE('',*,*,#15978,.F.);
#15995=EDGE_LOOP('',(#15990,#15992,#15993,#15994));
#15996=FACE_OUTER_BOUND('',#15995,.F.);
#15997=ADVANCED_FACE('',(#15996),#15989,.F.);
#15998=CARTESIAN_POINT('',(9.905000086100E1,1.763844256646E1,
-7.707526216634E0));
#15999=DIRECTION('',(-1.E0,0.E0,0.E0));
#16000=DIRECTION('',(0.E0,1.E0,0.E0));
#16001=AXIS2_PLACEMENT_3D('',#15998,#15999,#16000);
#16002=PLANE('',#16001);
#16003=ORIENTED_EDGE('',*,*,#9855,.T.);
#16005=ORIENTED_EDGE('',*,*,#16004,.T.);
#16006=ORIENTED_EDGE('',*,*,#11166,.F.);
#16007=ORIENTED_EDGE('',*,*,#15991,.F.);
#16008=EDGE_LOOP('',(#16003,#16005,#16006,#16007));
#16009=FACE_OUTER_BOUND('',#16008,.F.);
#16010=ADVANCED_FACE('',(#16009),#16002,.F.);
#16011=CARTESIAN_POINT('',(9.905000086100E1,1.438844256146E1,
-7.707526216634E0));
#16012=DIRECTION('',(0.E0,1.E0,0.E0));
#16013=DIRECTION('',(1.E0,0.E0,0.E0));
#16014=AXIS2_PLACEMENT_3D('',#16011,#16012,#16013);
#16015=PLANE('',#16014);
#16016=ORIENTED_EDGE('',*,*,#9853,.T.);
#16018=ORIENTED_EDGE('',*,*,#16017,.T.);
#16019=ORIENTED_EDGE('',*,*,#11168,.F.);
#16020=ORIENTED_EDGE('',*,*,#16004,.F.);
#16021=EDGE_LOOP('',(#16016,#16018,#16019,#16020));
#16022=FACE_OUTER_BOUND('',#16021,.F.);
#16023=ADVANCED_FACE('',(#16022),#16015,.F.);
#16024=CARTESIAN_POINT('',(9.815000085500E1,1.157080331434E1,
-9.207526216637E0));
#16025=DIRECTION('',(-1.E0,0.E0,0.E0));
#16026=DIRECTION('',(0.E0,0.E0,-1.E0));
#16027=AXIS2_PLACEMENT_3D('',#16024,#16025,#16026);
#16028=PLANE('',#16027);
#16029=ORIENTED_EDGE('',*,*,#9851,.T.);
#16031=ORIENTED_EDGE('',*,*,#16030,.T.);
#16032=ORIENTED_EDGE('',*,*,#11170,.F.);
#16033=ORIENTED_EDGE('',*,*,#16017,.F.);
#16034=EDGE_LOOP('',(#16029,#16031,#16032,#16033));
#16035=FACE_OUTER_BOUND('',#16034,.F.);
#16036=ADVANCED_FACE('',(#16035),#16028,.F.);
#16037=CARTESIAN_POINT('',(9.815000085500E1,1.193844255926E1,
-7.707526216634E0));
#16038=DIRECTION('',(0.E0,-1.E0,0.E0));
#16039=DIRECTION('',(-1.E0,0.E0,0.E0));
#16040=AXIS2_PLACEMENT_3D('',#16037,#16038,#16039);
#16041=PLANE('',#16040);
#16042=ORIENTED_EDGE('',*,*,#9849,.T.);
#16044=ORIENTED_EDGE('',*,*,#16043,.T.);
#16045=ORIENTED_EDGE('',*,*,#11172,.F.);
#16046=ORIENTED_EDGE('',*,*,#16030,.F.);
#16047=EDGE_LOOP('',(#16042,#16044,#16045,#16046));
#16048=FACE_OUTER_BOUND('',#16047,.F.);
#16049=ADVANCED_FACE('',(#16048),#16041,.F.);
#16050=CARTESIAN_POINT('',(9.905000086100E1,1.193844255926E1,
-7.707526216634E0));
#16051=DIRECTION('',(-1.E0,0.E0,0.E0));
#16052=DIRECTION('',(0.E0,1.E0,0.E0));
#16053=AXIS2_PLACEMENT_3D('',#16050,#16051,#16052);
#16054=PLANE('',#16053);
#16055=ORIENTED_EDGE('',*,*,#9847,.T.);
#16057=ORIENTED_EDGE('',*,*,#16056,.T.);
#16058=ORIENTED_EDGE('',*,*,#11174,.F.);
#16059=ORIENTED_EDGE('',*,*,#16043,.F.);
#16060=EDGE_LOOP('',(#16055,#16057,#16058,#16059));
#16061=FACE_OUTER_BOUND('',#16060,.F.);
#16062=ADVANCED_FACE('',(#16061),#16054,.F.);
#16063=CARTESIAN_POINT('',(9.905000086100E1,5.438442564663E0,
-7.707526216634E0));
#16064=DIRECTION('',(0.E0,-1.E0,0.E0));
#16065=DIRECTION('',(-1.E0,0.E0,0.E0));
#16066=AXIS2_PLACEMENT_3D('',#16063,#16064,#16065);
#16067=PLANE('',#16066);
#16068=ORIENTED_EDGE('',*,*,#9845,.T.);
#16070=ORIENTED_EDGE('',*,*,#16069,.T.);
#16071=ORIENTED_EDGE('',*,*,#11176,.F.);
#16072=ORIENTED_EDGE('',*,*,#16056,.F.);
#16073=EDGE_LOOP('',(#16068,#16070,#16071,#16072));
#16074=FACE_OUTER_BOUND('',#16073,.F.);
#16075=ADVANCED_FACE('',(#16074),#16067,.F.);
#16076=CARTESIAN_POINT('',(1.008215428222E2,4.688284084206E0,
-9.207526216633E0));
#16077=DIRECTION('',(-1.E0,0.E0,0.E0));
#16078=DIRECTION('',(0.E0,0.E0,-1.E0));
#16079=AXIS2_PLACEMENT_3D('',#16076,#16077,#16078);
#16080=PLANE('',#16079);
#16081=ORIENTED_EDGE('',*,*,#9843,.T.);
#16083=ORIENTED_EDGE('',*,*,#16082,.T.);
#16084=ORIENTED_EDGE('',*,*,#11178,.F.);
#16085=ORIENTED_EDGE('',*,*,#16069,.F.);
#16086=EDGE_LOOP('',(#16081,#16083,#16084,#16085));
#16087=FACE_OUTER_BOUND('',#16086,.F.);
#16088=ADVANCED_FACE('',(#16087),#16080,.F.);
#16089=CARTESIAN_POINT('',(1.143750008561E2,3.938125531523E0,
-9.207526216637E0));
#16090=DIRECTION('',(0.E0,-1.E0,0.E0));
#16091=DIRECTION('',(0.E0,0.E0,1.E0));
#16092=AXIS2_PLACEMENT_3D('',#16089,#16090,#16091);
#16093=PLANE('',#16092);
#16094=ORIENTED_EDGE('',*,*,#9841,.T.);
#16096=ORIENTED_EDGE('',*,*,#16095,.T.);
#16097=ORIENTED_EDGE('',*,*,#11180,.F.);
#16098=ORIENTED_EDGE('',*,*,#16082,.F.);
#16099=EDGE_LOOP('',(#16094,#16096,#16097,#16098));
#16100=FACE_OUTER_BOUND('',#16099,.F.);
#16101=ADVANCED_FACE('',(#16100),#16093,.F.);
#16102=CARTESIAN_POINT('',(1.039274993171E2,4.688284084206E0,
-9.207526216633E0));
#16103=DIRECTION('',(1.E0,0.E0,0.E0));
#16104=DIRECTION('',(0.E0,0.E0,1.E0));
#16105=AXIS2_PLACEMENT_3D('',#16102,#16103,#16104);
#16106=PLANE('',#16105);
#16107=ORIENTED_EDGE('',*,*,#9839,.T.);
#16109=ORIENTED_EDGE('',*,*,#16108,.T.);
#16110=ORIENTED_EDGE('',*,*,#11182,.F.);
#16111=ORIENTED_EDGE('',*,*,#16095,.F.);
#16112=EDGE_LOOP('',(#16107,#16109,#16110,#16111));
#16113=FACE_OUTER_BOUND('',#16112,.F.);
#16114=ADVANCED_FACE('',(#16113),#16106,.F.);
#16115=CARTESIAN_POINT('',(1.039250008570E2,5.438442564663E0,
-7.707526216634E0));
#16116=DIRECTION('',(0.E0,-1.E0,0.E0));
#16117=DIRECTION('',(-1.E0,0.E0,0.E0));
#16118=AXIS2_PLACEMENT_3D('',#16115,#16116,#16117);
#16119=PLANE('',#16118);
#16120=ORIENTED_EDGE('',*,*,#9837,.T.);
#16122=ORIENTED_EDGE('',*,*,#16121,.T.);
#16123=ORIENTED_EDGE('',*,*,#11184,.F.);
#16124=ORIENTED_EDGE('',*,*,#16108,.F.);
#16125=EDGE_LOOP('',(#16120,#16122,#16123,#16124));
#16126=FACE_OUTER_BOUND('',#16125,.F.);
#16127=ADVANCED_FACE('',(#16126),#16119,.F.);
#16128=CARTESIAN_POINT('',(1.057000007690E2,5.438442564663E0,
-7.707526216634E0));
#16129=DIRECTION('',(1.E0,0.E0,0.E0));
#16130=DIRECTION('',(0.E0,-1.E0,0.E0));
#16131=AXIS2_PLACEMENT_3D('',#16128,#16129,#16130);
#16132=PLANE('',#16131);
#16133=ORIENTED_EDGE('',*,*,#9835,.T.);
#16135=ORIENTED_EDGE('',*,*,#16134,.T.);
#16136=ORIENTED_EDGE('',*,*,#11186,.F.);
#16137=ORIENTED_EDGE('',*,*,#16121,.F.);
#16138=EDGE_LOOP('',(#16133,#16135,#16136,#16137));
#16139=FACE_OUTER_BOUND('',#16138,.F.);
#16140=ADVANCED_FACE('',(#16139),#16132,.F.);
#16141=CARTESIAN_POINT('',(1.057000007690E2,6.178481099763E0,
-7.707526216634E0));
#16142=DIRECTION('',(0.E0,-1.E0,0.E0));
#16143=DIRECTION('',(-1.E0,0.E0,0.E0));
#16144=AXIS2_PLACEMENT_3D('',#16141,#16142,#16143);
#16145=PLANE('',#16144);
#16146=ORIENTED_EDGE('',*,*,#9833,.T.);
#16148=ORIENTED_EDGE('',*,*,#16147,.T.);
#16149=ORIENTED_EDGE('',*,*,#11188,.F.);
#16150=ORIENTED_EDGE('',*,*,#16134,.F.);
#16151=EDGE_LOOP('',(#16146,#16148,#16149,#16150));
#16152=FACE_OUTER_BOUND('',#16151,.F.);
#16153=ADVANCED_FACE('',(#16152),#16145,.F.);
#16154=CARTESIAN_POINT('',(1.073750008598E2,1.220348109716E1,
-5.907526216637E0));
#16155=DIRECTION('',(-1.E0,0.E0,0.E0));
#16156=DIRECTION('',(0.E0,0.E0,-1.E0));
#16157=AXIS2_PLACEMENT_3D('',#16154,#16155,#16156);
#16158=PLANE('',#16157);
#16159=ORIENTED_EDGE('',*,*,#16147,.F.);
#16160=ORIENTED_EDGE('',*,*,#9903,.T.);
#16162=ORIENTED_EDGE('',*,*,#16161,.T.);
#16163=ORIENTED_EDGE('',*,*,#11190,.F.);
#16164=EDGE_LOOP('',(#16159,#16160,#16162,#16163));
#16165=FACE_OUTER_BOUND('',#16164,.F.);
#16166=ADVANCED_FACE('',(#16165),#16158,.F.);
#16167=CARTESIAN_POINT('',(1.143750008598E2,5.203481097154E0,
-5.907526216637E0));
#16168=DIRECTION('',(0.E0,-1.E0,0.E0));
#16169=DIRECTION('',(0.E0,0.E0,1.E0));
#16170=AXIS2_PLACEMENT_3D('',#16167,#16168,#16169);
#16171=PLANE('',#16170);
#16172=ORIENTED_EDGE('',*,*,#9901,.T.);
#16174=ORIENTED_EDGE('',*,*,#16173,.T.);
#16175=ORIENTED_EDGE('',*,*,#11192,.F.);
#16176=ORIENTED_EDGE('',*,*,#16161,.F.);
#16177=EDGE_LOOP('',(#16172,#16174,#16175,#16176));
#16178=FACE_OUTER_BOUND('',#16177,.F.);
#16179=ADVANCED_FACE('',(#16178),#16171,.F.);
#16180=CARTESIAN_POINT('',(1.213750008598E2,1.220348109716E1,
-5.907526216637E0));
#16181=DIRECTION('',(1.E0,0.E0,0.E0));
#16182=DIRECTION('',(0.E0,0.E0,1.E0));
#16183=AXIS2_PLACEMENT_3D('',#16180,#16181,#16182);
#16184=PLANE('',#16183);
#16186=ORIENTED_EDGE('',*,*,#16185,.F.);
#16187=ORIENTED_EDGE('',*,*,#11194,.F.);
#16188=ORIENTED_EDGE('',*,*,#16173,.F.);
#16189=ORIENTED_EDGE('',*,*,#9899,.T.);
#16190=EDGE_LOOP('',(#16186,#16187,#16188,#16189));
#16191=FACE_OUTER_BOUND('',#16190,.F.);
#16192=ADVANCED_FACE('',(#16191),#16184,.F.);
#16193=CARTESIAN_POINT('',(1.213500008532E2,6.178481099763E0,
-7.707526216634E0));
#16194=DIRECTION('',(0.E0,-1.E0,0.E0));
#16195=DIRECTION('',(-1.E0,0.E0,0.E0));
#16196=AXIS2_PLACEMENT_3D('',#16193,#16194,#16195);
#16197=PLANE('',#16196);
#16198=ORIENTED_EDGE('',*,*,#9897,.T.);
#16199=ORIENTED_EDGE('',*,*,#15746,.T.);
#16200=ORIENTED_EDGE('',*,*,#11196,.F.);
#16201=ORIENTED_EDGE('',*,*,#16185,.T.);
#16202=EDGE_LOOP('',(#16198,#16199,#16200,#16201));
#16203=FACE_OUTER_BOUND('',#16202,.F.);
#16204=ADVANCED_FACE('',(#16203),#16197,.F.);
#16205=CARTESIAN_POINT('',(7.375000085992E1,1.220348109843E1,
-5.907526216637E0));
#16206=DIRECTION('',(1.E0,0.E0,0.E0));
#16207=DIRECTION('',(0.E0,0.E0,1.E0));
#16208=AXIS2_PLACEMENT_3D('',#16205,#16206,#16207);
#16209=PLANE('',#16208);
#16210=ORIENTED_EDGE('',*,*,#9695,.T.);
#16212=ORIENTED_EDGE('',*,*,#16211,.T.);
#16213=ORIENTED_EDGE('',*,*,#11200,.F.);
#16215=ORIENTED_EDGE('',*,*,#16214,.F.);
#16216=EDGE_LOOP('',(#16210,#16212,#16213,#16215));
#16217=FACE_OUTER_BOUND('',#16216,.F.);
#16218=ADVANCED_FACE('',(#16217),#16209,.F.);
#16219=CARTESIAN_POINT('',(6.675000085992E1,1.920348109843E1,
-5.907526216637E0));
#16220=DIRECTION('',(0.E0,1.E0,0.E0));
#16221=DIRECTION('',(0.E0,0.E0,-1.E0));
#16222=AXIS2_PLACEMENT_3D('',#16219,#16220,#16221);
#16223=PLANE('',#16222);
#16224=ORIENTED_EDGE('',*,*,#9693,.T.);
#16226=ORIENTED_EDGE('',*,*,#16225,.T.);
#16227=ORIENTED_EDGE('',*,*,#11202,.F.);
#16228=ORIENTED_EDGE('',*,*,#16211,.F.);
#16229=EDGE_LOOP('',(#16224,#16226,#16227,#16228));
#16230=FACE_OUTER_BOUND('',#16229,.F.);
#16231=ADVANCED_FACE('',(#16230),#16223,.F.);
#16232=CARTESIAN_POINT('',(5.975000085992E1,1.220348109843E1,
-5.907526216637E0));
#16233=DIRECTION('',(-1.E0,0.E0,0.E0));
#16234=DIRECTION('',(0.E0,0.E0,-1.E0));
#16235=AXIS2_PLACEMENT_3D('',#16232,#16233,#16234);
#16236=PLANE('',#16235);
#16237=ORIENTED_EDGE('',*,*,#9691,.T.);
#16239=ORIENTED_EDGE('',*,*,#16238,.T.);
#16240=ORIENTED_EDGE('',*,*,#11204,.F.);
#16241=ORIENTED_EDGE('',*,*,#16225,.F.);
#16242=EDGE_LOOP('',(#16237,#16239,#16240,#16241));
#16243=FACE_OUTER_BOUND('',#16242,.F.);
#16244=ADVANCED_FACE('',(#16243),#16236,.F.);
#16245=CARTESIAN_POINT('',(6.675000085992E1,5.203481098424E0,
-5.907526216637E0));
#16246=DIRECTION('',(0.E0,-1.E0,0.E0));
#16247=DIRECTION('',(0.E0,0.E0,1.E0));
#16248=AXIS2_PLACEMENT_3D('',#16245,#16246,#16247);
#16249=PLANE('',#16248);
#16250=ORIENTED_EDGE('',*,*,#9689,.T.);
#16251=ORIENTED_EDGE('',*,*,#16214,.T.);
#16252=ORIENTED_EDGE('',*,*,#11206,.F.);
#16253=ORIENTED_EDGE('',*,*,#16238,.F.);
#16254=EDGE_LOOP('',(#16250,#16251,#16252,#16253));
#16255=FACE_OUTER_BOUND('',#16254,.F.);
#16256=ADVANCED_FACE('',(#16255),#16249,.F.);
#16257=CARTESIAN_POINT('',(-3.104999914108E1,-6.846518901705E0,
-5.907526216637E0));
#16258=DIRECTION('',(1.E0,0.E0,0.E0));
#16259=DIRECTION('',(0.E0,0.E0,1.E0));
#16260=AXIS2_PLACEMENT_3D('',#16257,#16258,#16259);
#16261=PLANE('',#16260);
#16262=ORIENTED_EDGE('',*,*,#9705,.T.);
#16264=ORIENTED_EDGE('',*,*,#16263,.T.);
#16265=ORIENTED_EDGE('',*,*,#11210,.F.);
#16267=ORIENTED_EDGE('',*,*,#16266,.F.);
#16268=EDGE_LOOP('',(#16262,#16264,#16265,#16267));
#16269=FACE_OUTER_BOUND('',#16268,.F.);
#16270=ADVANCED_FACE('',(#16269),#16261,.F.);
#16271=CARTESIAN_POINT('',(-3.804999914108E1,1.534810982963E-1,
-5.907526216637E0));
#16272=DIRECTION('',(0.E0,1.E0,0.E0));
#16273=DIRECTION('',(0.E0,0.E0,-1.E0));
#16274=AXIS2_PLACEMENT_3D('',#16271,#16272,#16273);
#16275=PLANE('',#16274);
#16276=ORIENTED_EDGE('',*,*,#9703,.T.);
#16278=ORIENTED_EDGE('',*,*,#16277,.T.);
#16279=ORIENTED_EDGE('',*,*,#11212,.F.);
#16280=ORIENTED_EDGE('',*,*,#16263,.F.);
#16281=EDGE_LOOP('',(#16276,#16278,#16279,#16280));
#16282=FACE_OUTER_BOUND('',#16281,.F.);
#16283=ADVANCED_FACE('',(#16282),#16275,.F.);
#16284=CARTESIAN_POINT('',(-4.504999914108E1,-6.846518901705E0,
-5.907526216637E0));
#16285=DIRECTION('',(-1.E0,0.E0,0.E0));
#16286=DIRECTION('',(0.E0,0.E0,-1.E0));
#16287=AXIS2_PLACEMENT_3D('',#16284,#16285,#16286);
#16288=PLANE('',#16287);
#16289=ORIENTED_EDGE('',*,*,#9701,.T.);
#16291=ORIENTED_EDGE('',*,*,#16290,.T.);
#16292=ORIENTED_EDGE('',*,*,#11214,.F.);
#16293=ORIENTED_EDGE('',*,*,#16277,.F.);
#16294=EDGE_LOOP('',(#16289,#16291,#16292,#16293));
#16295=FACE_OUTER_BOUND('',#16294,.F.);
#16296=ADVANCED_FACE('',(#16295),#16288,.F.);
#16297=CARTESIAN_POINT('',(-3.804999914108E1,-1.384651890171E1,
-5.907526216637E0));
#16298=DIRECTION('',(0.E0,-1.E0,0.E0));
#16299=DIRECTION('',(0.E0,0.E0,1.E0));
#16300=AXIS2_PLACEMENT_3D('',#16297,#16298,#16299);
#16301=PLANE('',#16300);
#16302=ORIENTED_EDGE('',*,*,#9699,.T.);
#16303=ORIENTED_EDGE('',*,*,#16266,.T.);
#16304=ORIENTED_EDGE('',*,*,#11216,.F.);
#16305=ORIENTED_EDGE('',*,*,#16290,.F.);
#16306=EDGE_LOOP('',(#16302,#16303,#16304,#16305));
#16307=FACE_OUTER_BOUND('',#16306,.F.);
#16308=ADVANCED_FACE('',(#16307),#16301,.F.);
#16309=CARTESIAN_POINT('',(5.945000086044E1,-4.494651890312E1,
-5.907526216637E0));
#16310=DIRECTION('',(1.E0,0.E0,0.E0));
#16311=DIRECTION('',(0.E0,0.E0,1.E0));
#16312=AXIS2_PLACEMENT_3D('',#16309,#16310,#16311);
#16313=PLANE('',#16312);
#16314=ORIENTED_EDGE('',*,*,#9715,.T.);
#16316=ORIENTED_EDGE('',*,*,#16315,.T.);
#16317=ORIENTED_EDGE('',*,*,#11220,.F.);
#16319=ORIENTED_EDGE('',*,*,#16318,.F.);
#16320=EDGE_LOOP('',(#16314,#16316,#16317,#16319));
#16321=FACE_OUTER_BOUND('',#16320,.F.);
#16322=ADVANCED_FACE('',(#16321),#16313,.F.);
#16323=CARTESIAN_POINT('',(5.245000086044E1,-3.794651890312E1,
-5.907526216637E0));
#16324=DIRECTION('',(0.E0,1.E0,0.E0));
#16325=DIRECTION('',(0.E0,0.E0,-1.E0));
#16326=AXIS2_PLACEMENT_3D('',#16323,#16324,#16325);
#16327=PLANE('',#16326);
#16328=ORIENTED_EDGE('',*,*,#9713,.T.);
#16330=ORIENTED_EDGE('',*,*,#16329,.T.);
#16331=ORIENTED_EDGE('',*,*,#11222,.F.);
#16332=ORIENTED_EDGE('',*,*,#16315,.F.);
#16333=EDGE_LOOP('',(#16328,#16330,#16331,#16332));
#16334=FACE_OUTER_BOUND('',#16333,.F.);
#16335=ADVANCED_FACE('',(#16334),#16327,.F.);
#16336=CARTESIAN_POINT('',(4.545000086044E1,-4.494651890312E1,
-5.907526216637E0));
#16337=DIRECTION('',(-1.E0,0.E0,0.E0));
#16338=DIRECTION('',(0.E0,0.E0,-1.E0));
#16339=AXIS2_PLACEMENT_3D('',#16336,#16337,#16338);
#16340=PLANE('',#16339);
#16341=ORIENTED_EDGE('',*,*,#9711,.T.);
#16343=ORIENTED_EDGE('',*,*,#16342,.T.);
#16344=ORIENTED_EDGE('',*,*,#11224,.F.);
#16345=ORIENTED_EDGE('',*,*,#16329,.F.);
#16346=EDGE_LOOP('',(#16341,#16343,#16344,#16345));
#16347=FACE_OUTER_BOUND('',#16346,.F.);
#16348=ADVANCED_FACE('',(#16347),#16340,.F.);
#16349=CARTESIAN_POINT('',(5.245000086044E1,-5.194651890313E1,
-5.907526216637E0));
#16350=DIRECTION('',(0.E0,-1.E0,0.E0));
#16351=DIRECTION('',(0.E0,0.E0,1.E0));
#16352=AXIS2_PLACEMENT_3D('',#16349,#16350,#16351);
#16353=PLANE('',#16352);
#16354=ORIENTED_EDGE('',*,*,#9709,.T.);
#16355=ORIENTED_EDGE('',*,*,#16318,.T.);
#16356=ORIENTED_EDGE('',*,*,#11226,.F.);
#16357=ORIENTED_EDGE('',*,*,#16342,.F.);
#16358=EDGE_LOOP('',(#16354,#16355,#16356,#16357));
#16359=FACE_OUTER_BOUND('',#16358,.F.);
#16360=ADVANCED_FACE('',(#16359),#16353,.F.);
#16361=CARTESIAN_POINT('',(-9.769999914008E1,1.220348109843E1,
-5.907526216637E0));
#16362=DIRECTION('',(1.E0,0.E0,0.E0));
#16363=DIRECTION('',(0.E0,0.E0,1.E0));
#16364=AXIS2_PLACEMENT_3D('',#16361,#16362,#16363);
#16365=PLANE('',#16364);
#16366=ORIENTED_EDGE('',*,*,#9725,.T.);
#16368=ORIENTED_EDGE('',*,*,#16367,.T.);
#16369=ORIENTED_EDGE('',*,*,#11230,.F.);
#16371=ORIENTED_EDGE('',*,*,#16370,.F.);
#16372=EDGE_LOOP('',(#16366,#16368,#16369,#16371));
#16373=FACE_OUTER_BOUND('',#16372,.F.);
#16374=ADVANCED_FACE('',(#16373),#16365,.F.);
#16375=CARTESIAN_POINT('',(-1.046999991401E2,1.920348109843E1,
-5.907526216637E0));
#16376=DIRECTION('',(0.E0,1.E0,0.E0));
#16377=DIRECTION('',(0.E0,0.E0,-1.E0));
#16378=AXIS2_PLACEMENT_3D('',#16375,#16376,#16377);
#16379=PLANE('',#16378);
#16380=ORIENTED_EDGE('',*,*,#9723,.T.);
#16382=ORIENTED_EDGE('',*,*,#16381,.T.);
#16383=ORIENTED_EDGE('',*,*,#11232,.F.);
#16384=ORIENTED_EDGE('',*,*,#16367,.F.);
#16385=EDGE_LOOP('',(#16380,#16382,#16383,#16384));
#16386=FACE_OUTER_BOUND('',#16385,.F.);
#16387=ADVANCED_FACE('',(#16386),#16379,.F.);
#16388=CARTESIAN_POINT('',(-1.116999991401E2,1.220348109843E1,
-5.907526216637E0));
#16389=DIRECTION('',(-1.E0,0.E0,0.E0));
#16390=DIRECTION('',(0.E0,0.E0,-1.E0));
#16391=AXIS2_PLACEMENT_3D('',#16388,#16389,#16390);
#16392=PLANE('',#16391);
#16393=ORIENTED_EDGE('',*,*,#9721,.T.);
#16395=ORIENTED_EDGE('',*,*,#16394,.T.);
#16396=ORIENTED_EDGE('',*,*,#11234,.F.);
#16397=ORIENTED_EDGE('',*,*,#16381,.F.);
#16398=EDGE_LOOP('',(#16393,#16395,#16396,#16397));
#16399=FACE_OUTER_BOUND('',#16398,.F.);
#16400=ADVANCED_FACE('',(#16399),#16392,.F.);
#16401=CARTESIAN_POINT('',(-1.046999991401E2,5.203481098424E0,
-5.907526216637E0));
#16402=DIRECTION('',(0.E0,-1.E0,0.E0));
#16403=DIRECTION('',(0.E0,0.E0,1.E0));
#16404=AXIS2_PLACEMENT_3D('',#16401,#16402,#16403);
#16405=PLANE('',#16404);
#16406=ORIENTED_EDGE('',*,*,#9719,.T.);
#16407=ORIENTED_EDGE('',*,*,#16370,.T.);
#16408=ORIENTED_EDGE('',*,*,#11236,.F.);
#16409=ORIENTED_EDGE('',*,*,#16394,.F.);
#16410=EDGE_LOOP('',(#16406,#16407,#16408,#16409));
#16411=FACE_OUTER_BOUND('',#16410,.F.);
#16412=ADVANCED_FACE('',(#16411),#16405,.F.);
#16413=CARTESIAN_POINT('',(-1.286999991394E2,-2.589651890088E1,
-5.907526216637E0));
#16414=DIRECTION('',(1.E0,0.E0,0.E0));
#16415=DIRECTION('',(0.E0,0.E0,1.E0));
#16416=AXIS2_PLACEMENT_3D('',#16413,#16414,#16415);
#16417=PLANE('',#16416);
#16418=ORIENTED_EDGE('',*,*,#9735,.T.);
#16420=ORIENTED_EDGE('',*,*,#16419,.T.);
#16421=ORIENTED_EDGE('',*,*,#11240,.F.);
#16423=ORIENTED_EDGE('',*,*,#16422,.F.);
#16424=EDGE_LOOP('',(#16418,#16420,#16421,#16423));
#16425=FACE_OUTER_BOUND('',#16424,.F.);
#16426=ADVANCED_FACE('',(#16425),#16417,.F.);
#16427=CARTESIAN_POINT('',(-1.356999991394E2,-1.889651890088E1,
-5.907526216637E0));
#16428=DIRECTION('',(0.E0,1.E0,0.E0));
#16429=DIRECTION('',(0.E0,0.E0,-1.E0));
#16430=AXIS2_PLACEMENT_3D('',#16427,#16428,#16429);
#16431=PLANE('',#16430);
#16432=ORIENTED_EDGE('',*,*,#9733,.T.);
#16434=ORIENTED_EDGE('',*,*,#16433,.T.);
#16435=ORIENTED_EDGE('',*,*,#11242,.F.);
#16436=ORIENTED_EDGE('',*,*,#16419,.F.);
#16437=EDGE_LOOP('',(#16432,#16434,#16435,#16436));
#16438=FACE_OUTER_BOUND('',#16437,.F.);
#16439=ADVANCED_FACE('',(#16438),#16431,.F.);
#16440=CARTESIAN_POINT('',(-1.426999991394E2,-2.589651890088E1,
-5.907526216637E0));
#16441=DIRECTION('',(-1.E0,0.E0,0.E0));
#16442=DIRECTION('',(0.E0,0.E0,-1.E0));
#16443=AXIS2_PLACEMENT_3D('',#16440,#16441,#16442);
#16444=PLANE('',#16443);
#16445=ORIENTED_EDGE('',*,*,#9731,.T.);
#16447=ORIENTED_EDGE('',*,*,#16446,.T.);
#16448=ORIENTED_EDGE('',*,*,#11244,.F.);
#16449=ORIENTED_EDGE('',*,*,#16433,.F.);
#16450=EDGE_LOOP('',(#16445,#16447,#16448,#16449));
#16451=FACE_OUTER_BOUND('',#16450,.F.);
#16452=ADVANCED_FACE('',(#16451),#16444,.F.);
#16453=CARTESIAN_POINT('',(-1.356999991394E2,-3.289651890088E1,
-5.907526216637E0));
#16454=DIRECTION('',(0.E0,-1.E0,0.E0));
#16455=DIRECTION('',(0.E0,0.E0,1.E0));
#16456=AXIS2_PLACEMENT_3D('',#16453,#16454,#16455);
#16457=PLANE('',#16456);
#16458=ORIENTED_EDGE('',*,*,#9729,.T.);
#16459=ORIENTED_EDGE('',*,*,#16422,.T.);
#16460=ORIENTED_EDGE('',*,*,#11246,.F.);
#16461=ORIENTED_EDGE('',*,*,#16446,.F.);
#16462=EDGE_LOOP('',(#16458,#16459,#16460,#16461));
#16463=FACE_OUTER_BOUND('',#16462,.F.);
#16464=ADVANCED_FACE('',(#16463),#16457,.F.);
#16465=CARTESIAN_POINT('',(1.206750007679E2,-3.192151890024E1,
-7.707526216633E0));
#16466=DIRECTION('',(-1.E0,0.E0,0.E0));
#16467=DIRECTION('',(0.E0,1.E0,0.E0));
#16468=AXIS2_PLACEMENT_3D('',#16465,#16466,#16467);
#16469=PLANE('',#16468);
#16470=ORIENTED_EDGE('',*,*,#9821,.T.);
#16472=ORIENTED_EDGE('',*,*,#16471,.T.);
#16473=ORIENTED_EDGE('',*,*,#11250,.F.);
#16475=ORIENTED_EDGE('',*,*,#16474,.F.);
#16476=EDGE_LOOP('',(#16470,#16472,#16473,#16475));
#16477=FACE_OUTER_BOUND('',#16476,.F.);
#16478=ADVANCED_FACE('',(#16477),#16469,.F.);
#16479=CARTESIAN_POINT('',(1.206750007679E2,-3.266155741754E1,
-7.707526216633E0));
#16480=DIRECTION('',(0.E0,-1.E0,0.E0));
#16481=DIRECTION('',(-1.E0,0.E0,0.E0));
#16482=AXIS2_PLACEMENT_3D('',#16479,#16480,#16481);
#16483=PLANE('',#16482);
#16484=ORIENTED_EDGE('',*,*,#9819,.T.);
#16486=ORIENTED_EDGE('',*,*,#16485,.T.);
#16487=ORIENTED_EDGE('',*,*,#11252,.F.);
#16488=ORIENTED_EDGE('',*,*,#16471,.F.);
#16489=EDGE_LOOP('',(#16484,#16486,#16487,#16488));
#16490=FACE_OUTER_BOUND('',#16489,.F.);
#16491=ADVANCED_FACE('',(#16490),#16483,.F.);
#16492=CARTESIAN_POINT('',(1.224465428208E2,-3.341171589927E1,
-9.207526216633E0));
#16493=DIRECTION('',(-1.E0,0.E0,0.E0));
#16494=DIRECTION('',(0.E0,0.E0,-1.E0));
#16495=AXIS2_PLACEMENT_3D('',#16492,#16493,#16494);
#16496=PLANE('',#16495);
#16497=ORIENTED_EDGE('',*,*,#9817,.T.);
#16499=ORIENTED_EDGE('',*,*,#16498,.T.);
#16500=ORIENTED_EDGE('',*,*,#11254,.F.);
#16501=ORIENTED_EDGE('',*,*,#16485,.F.);
#16502=EDGE_LOOP('',(#16497,#16499,#16500,#16501));
#16503=FACE_OUTER_BOUND('',#16502,.F.);
#16504=ADVANCED_FACE('',(#16503),#16496,.F.);
#16505=CARTESIAN_POINT('',(1.120000008561E2,-3.416187446848E1,
-9.207526216637E0));
#16506=DIRECTION('',(0.E0,-1.E0,0.E0));
#16507=DIRECTION('',(0.E0,0.E0,1.E0));
#16508=AXIS2_PLACEMENT_3D('',#16505,#16506,#16507);
#16509=PLANE('',#16508);
#16510=ORIENTED_EDGE('',*,*,#9815,.T.);
#16512=ORIENTED_EDGE('',*,*,#16511,.T.);
#16513=ORIENTED_EDGE('',*,*,#11256,.F.);
#16514=ORIENTED_EDGE('',*,*,#16498,.F.);
#16515=EDGE_LOOP('',(#16510,#16512,#16513,#16514));
#16516=FACE_OUTER_BOUND('',#16515,.F.);
#16517=ADVANCED_FACE('',(#16516),#16509,.F.);
#16518=CARTESIAN_POINT('',(1.255524993155E2,-3.341171589927E1,
-9.207526216633E0));
#16519=DIRECTION('',(1.E0,0.E0,0.E0));
#16520=DIRECTION('',(0.E0,0.E0,1.E0));
#16521=AXIS2_PLACEMENT_3D('',#16518,#16519,#16520);
#16522=PLANE('',#16521);
#16523=ORIENTED_EDGE('',*,*,#9813,.T.);
#16525=ORIENTED_EDGE('',*,*,#16524,.T.);
#16526=ORIENTED_EDGE('',*,*,#11258,.F.);
#16527=ORIENTED_EDGE('',*,*,#16511,.F.);
#16528=EDGE_LOOP('',(#16523,#16525,#16526,#16527));
#16529=FACE_OUTER_BOUND('',#16528,.F.);
#16530=ADVANCED_FACE('',(#16529),#16522,.F.);
#16531=CARTESIAN_POINT('',(1.255500008553E2,-3.266155741754E1,
-7.707526216633E0));
#16532=DIRECTION('',(0.E0,-1.E0,0.E0));
#16533=DIRECTION('',(-1.E0,0.E0,0.E0));
#16534=AXIS2_PLACEMENT_3D('',#16531,#16532,#16533);
#16535=PLANE('',#16534);
#16536=ORIENTED_EDGE('',*,*,#9811,.T.);
#16538=ORIENTED_EDGE('',*,*,#16537,.T.);
#16539=ORIENTED_EDGE('',*,*,#11260,.F.);
#16540=ORIENTED_EDGE('',*,*,#16524,.F.);
#16541=EDGE_LOOP('',(#16536,#16538,#16539,#16540));
#16542=FACE_OUTER_BOUND('',#16541,.F.);
#16543=ADVANCED_FACE('',(#16542),#16535,.F.);
#16544=CARTESIAN_POINT('',(1.273250008588E2,-3.266155741754E1,
-7.707526216633E0));
#16545=DIRECTION('',(1.E0,0.E0,0.E0));
#16546=DIRECTION('',(0.E0,-1.E0,0.E0));
#16547=AXIS2_PLACEMENT_3D('',#16544,#16545,#16546);
#16548=PLANE('',#16547);
#16549=ORIENTED_EDGE('',*,*,#9809,.T.);
#16551=ORIENTED_EDGE('',*,*,#16550,.T.);
#16552=ORIENTED_EDGE('',*,*,#11262,.F.);
#16553=ORIENTED_EDGE('',*,*,#16537,.F.);
#16554=EDGE_LOOP('',(#16549,#16551,#16552,#16553));
#16555=FACE_OUTER_BOUND('',#16554,.F.);
#16556=ADVANCED_FACE('',(#16555),#16548,.F.);
#16557=CARTESIAN_POINT('',(1.273250008588E2,-2.616155742294E1,
-7.707526216633E0));
#16558=DIRECTION('',(0.E0,-1.E0,0.E0));
#16559=DIRECTION('',(-1.E0,0.E0,0.E0));
#16560=AXIS2_PLACEMENT_3D('',#16557,#16558,#16559);
#16561=PLANE('',#16560);
#16562=ORIENTED_EDGE('',*,*,#9807,.T.);
#16564=ORIENTED_EDGE('',*,*,#16563,.T.);
#16565=ORIENTED_EDGE('',*,*,#11264,.F.);
#16566=ORIENTED_EDGE('',*,*,#16550,.F.);
#16567=EDGE_LOOP('',(#16562,#16564,#16565,#16566));
#16568=FACE_OUTER_BOUND('',#16567,.F.);
#16569=ADVANCED_FACE('',(#16568),#16561,.F.);
#16570=CARTESIAN_POINT('',(1.282250008571E2,-2.652919668566E1,
-9.207526216637E0));
#16571=DIRECTION('',(1.E0,0.E0,0.E0));
#16572=DIRECTION('',(0.E0,0.E0,1.E0));
#16573=AXIS2_PLACEMENT_3D('',#16570,#16571,#16572);
#16574=PLANE('',#16573);
#16575=ORIENTED_EDGE('',*,*,#9805,.T.);
#16577=ORIENTED_EDGE('',*,*,#16576,.T.);
#16578=ORIENTED_EDGE('',*,*,#11266,.F.);
#16579=ORIENTED_EDGE('',*,*,#16563,.F.);
#16580=EDGE_LOOP('',(#16575,#16577,#16578,#16579));
#16581=FACE_OUTER_BOUND('',#16580,.F.);
#16582=ADVANCED_FACE('',(#16581),#16574,.F.);
#16583=CARTESIAN_POINT('',(1.282250008571E2,-2.371155742074E1,
-7.707526216633E0));
#16584=DIRECTION('',(0.E0,1.E0,0.E0));
#16585=DIRECTION('',(1.E0,0.E0,0.E0));
#16586=AXIS2_PLACEMENT_3D('',#16583,#16584,#16585);
#16587=PLANE('',#16586);
#16588=ORIENTED_EDGE('',*,*,#9803,.T.);
#16590=ORIENTED_EDGE('',*,*,#16589,.T.);
#16591=ORIENTED_EDGE('',*,*,#11268,.F.);
#16592=ORIENTED_EDGE('',*,*,#16576,.F.);
#16593=EDGE_LOOP('',(#16588,#16590,#16591,#16592));
#16594=FACE_OUTER_BOUND('',#16593,.F.);
#16595=ADVANCED_FACE('',(#16594),#16587,.F.);
#16596=CARTESIAN_POINT('',(1.273250008588E2,-2.371155742074E1,
-7.707526216633E0));
#16597=DIRECTION('',(1.E0,0.E0,0.E0));
#16598=DIRECTION('',(0.E0,-1.E0,0.E0));
#16599=AXIS2_PLACEMENT_3D('',#16596,#16597,#16598);
#16600=PLANE('',#16599);
#16601=ORIENTED_EDGE('',*,*,#9801,.T.);
#16603=ORIENTED_EDGE('',*,*,#16602,.T.);
#16604=ORIENTED_EDGE('',*,*,#11270,.F.);
#16605=ORIENTED_EDGE('',*,*,#16589,.F.);
#16606=EDGE_LOOP('',(#16601,#16603,#16604,#16605));
#16607=FACE_OUTER_BOUND('',#16606,.F.);
#16608=ADVANCED_FACE('',(#16607),#16600,.F.);
#16609=CARTESIAN_POINT('',(1.273250008588E2,-2.046155741584E1,
-7.707526216633E0));
#16610=DIRECTION('',(0.E0,1.E0,0.E0));
#16611=DIRECTION('',(1.E0,0.E0,0.E0));
#16612=AXIS2_PLACEMENT_3D('',#16609,#16610,#16611);
#16613=PLANE('',#16612);
#16614=ORIENTED_EDGE('',*,*,#9799,.T.);
#16616=ORIENTED_EDGE('',*,*,#16615,.T.);
#16617=ORIENTED_EDGE('',*,*,#11272,.F.);
#16618=ORIENTED_EDGE('',*,*,#16602,.F.);
#16619=EDGE_LOOP('',(#16614,#16616,#16617,#16618));
#16620=FACE_OUTER_BOUND('',#16619,.F.);
#16621=ADVANCED_FACE('',(#16620),#16613,.F.);
#16622=CARTESIAN_POINT('',(1.206750001177E2,-2.046155741584E1,
-7.707526216633E0));
#16623=DIRECTION('',(-1.E0,0.E0,0.E0));
#16624=DIRECTION('',(0.E0,1.E0,0.E0));
#16625=AXIS2_PLACEMENT_3D('',#16622,#16623,#16624);
#16626=PLANE('',#16625);
#16627=ORIENTED_EDGE('',*,*,#9797,.T.);
#16629=ORIENTED_EDGE('',*,*,#16628,.T.);
#16630=ORIENTED_EDGE('',*,*,#11274,.F.);
#16631=ORIENTED_EDGE('',*,*,#16615,.F.);
#16632=EDGE_LOOP('',(#16627,#16629,#16630,#16631));
#16633=FACE_OUTER_BOUND('',#16632,.F.);
#16634=ADVANCED_FACE('',(#16633),#16626,.F.);
#16635=CARTESIAN_POINT('',(1.206750001177E2,-2.371155743094E1,
-7.707526216633E0));
#16636=DIRECTION('',(0.E0,1.E0,0.E0));
#16637=DIRECTION('',(1.E0,0.E0,0.E0));
#16638=AXIS2_PLACEMENT_3D('',#16635,#16636,#16637);
#16639=PLANE('',#16638);
#16640=ORIENTED_EDGE('',*,*,#9795,.T.);
#16642=ORIENTED_EDGE('',*,*,#16641,.T.);
#16643=ORIENTED_EDGE('',*,*,#11276,.F.);
#16644=ORIENTED_EDGE('',*,*,#16628,.F.);
#16645=EDGE_LOOP('',(#16640,#16642,#16643,#16644));
#16646=FACE_OUTER_BOUND('',#16645,.F.);
#16647=ADVANCED_FACE('',(#16646),#16639,.F.);
#16648=CARTESIAN_POINT('',(1.190000008598E2,-2.589651890284E1,
-5.907526216637E0));
#16649=DIRECTION('',(1.E0,0.E0,0.E0));
#16650=DIRECTION('',(0.E0,0.E0,1.E0));
#16651=AXIS2_PLACEMENT_3D('',#16648,#16649,#16650);
#16652=PLANE('',#16651);
#16653=ORIENTED_EDGE('',*,*,#16641,.F.);
#16654=ORIENTED_EDGE('',*,*,#9793,.T.);
#16656=ORIENTED_EDGE('',*,*,#16655,.T.);
#16657=ORIENTED_EDGE('',*,*,#11278,.F.);
#16658=EDGE_LOOP('',(#16653,#16654,#16656,#16657));
#16659=FACE_OUTER_BOUND('',#16658,.F.);
#16660=ADVANCED_FACE('',(#16659),#16652,.F.);
#16661=CARTESIAN_POINT('',(1.120000008598E2,-1.889651890284E1,
-5.907526216637E0));
#16662=DIRECTION('',(0.E0,1.E0,0.E0));
#16663=DIRECTION('',(0.E0,0.E0,-1.E0));
#16664=AXIS2_PLACEMENT_3D('',#16661,#16662,#16663);
#16665=PLANE('',#16664);
#16666=ORIENTED_EDGE('',*,*,#9791,.T.);
#16668=ORIENTED_EDGE('',*,*,#16667,.T.);
#16669=ORIENTED_EDGE('',*,*,#11280,.F.);
#16670=ORIENTED_EDGE('',*,*,#16655,.F.);
#16671=EDGE_LOOP('',(#16666,#16668,#16669,#16670));
#16672=FACE_OUTER_BOUND('',#16671,.F.);
#16673=ADVANCED_FACE('',(#16672),#16665,.F.);
#16674=CARTESIAN_POINT('',(1.050000008598E2,-2.589651890284E1,
-5.907526216637E0));
#16675=DIRECTION('',(-1.E0,0.E0,0.E0));
#16676=DIRECTION('',(0.E0,0.E0,-1.E0));
#16677=AXIS2_PLACEMENT_3D('',#16674,#16675,#16676);
#16678=PLANE('',#16677);
#16680=ORIENTED_EDGE('',*,*,#16679,.F.);
#16681=ORIENTED_EDGE('',*,*,#11282,.F.);
#16682=ORIENTED_EDGE('',*,*,#16667,.F.);
#16683=ORIENTED_EDGE('',*,*,#9789,.T.);
#16684=EDGE_LOOP('',(#16680,#16681,#16682,#16683));
#16685=FACE_OUTER_BOUND('',#16684,.F.);
#16686=ADVANCED_FACE('',(#16685),#16678,.F.);
#16687=CARTESIAN_POINT('',(1.050250008539E2,-2.371155743854E1,
-7.707526216633E0));
#16688=DIRECTION('',(0.E0,1.E0,0.E0));
#16689=DIRECTION('',(1.E0,0.E0,0.E0));
#16690=AXIS2_PLACEMENT_3D('',#16687,#16688,#16689);
#16691=PLANE('',#16690);
#16692=ORIENTED_EDGE('',*,*,#9787,.T.);
#16694=ORIENTED_EDGE('',*,*,#16693,.T.);
#16695=ORIENTED_EDGE('',*,*,#11284,.F.);
#16696=ORIENTED_EDGE('',*,*,#16679,.T.);
#16697=EDGE_LOOP('',(#16692,#16694,#16695,#16696));
#16698=FACE_OUTER_BOUND('',#16697,.F.);
#16699=ADVANCED_FACE('',(#16698),#16691,.F.);
#16700=CARTESIAN_POINT('',(1.033250001238E2,-2.371155743854E1,
-7.707526216633E0));
#16701=DIRECTION('',(1.E0,0.E0,0.E0));
#16702=DIRECTION('',(0.E0,-1.E0,0.E0));
#16703=AXIS2_PLACEMENT_3D('',#16700,#16701,#16702);
#16704=PLANE('',#16703);
#16705=ORIENTED_EDGE('',*,*,#9785,.T.);
#16707=ORIENTED_EDGE('',*,*,#16706,.T.);
#16708=ORIENTED_EDGE('',*,*,#11286,.F.);
#16709=ORIENTED_EDGE('',*,*,#16693,.F.);
#16710=EDGE_LOOP('',(#16705,#16707,#16708,#16709));
#16711=FACE_OUTER_BOUND('',#16710,.F.);
#16712=ADVANCED_FACE('',(#16711),#16704,.F.);
#16713=CARTESIAN_POINT('',(1.033250001238E2,-2.046155743354E1,
-7.707526216633E0));
#16714=DIRECTION('',(0.E0,1.E0,0.E0));
#16715=DIRECTION('',(1.E0,0.E0,0.E0));
#16716=AXIS2_PLACEMENT_3D('',#16713,#16714,#16715);
#16717=PLANE('',#16716);
#16718=ORIENTED_EDGE('',*,*,#9783,.T.);
#16720=ORIENTED_EDGE('',*,*,#16719,.T.);
#16721=ORIENTED_EDGE('',*,*,#11288,.F.);
#16722=ORIENTED_EDGE('',*,*,#16706,.F.);
#16723=EDGE_LOOP('',(#16718,#16720,#16721,#16722));
#16724=FACE_OUTER_BOUND('',#16723,.F.);
#16725=ADVANCED_FACE('',(#16724),#16717,.F.);
#16726=CARTESIAN_POINT('',(9.667500086100E1,-2.046155743354E1,
-7.707526216633E0));
#16727=DIRECTION('',(-1.E0,0.E0,0.E0));
#16728=DIRECTION('',(0.E0,1.E0,0.E0));
#16729=AXIS2_PLACEMENT_3D('',#16726,#16727,#16728);
#16730=PLANE('',#16729);
#16731=ORIENTED_EDGE('',*,*,#9781,.T.);
#16733=ORIENTED_EDGE('',*,*,#16732,.T.);
#16734=ORIENTED_EDGE('',*,*,#11290,.F.);
#16735=ORIENTED_EDGE('',*,*,#16719,.F.);
#16736=EDGE_LOOP('',(#16731,#16733,#16734,#16735));
#16737=FACE_OUTER_BOUND('',#16736,.F.);
#16738=ADVANCED_FACE('',(#16737),#16730,.F.);
#16739=CARTESIAN_POINT('',(9.667500086100E1,-2.371155743854E1,
-7.707526216633E0));
#16740=DIRECTION('',(0.E0,1.E0,0.E0));
#16741=DIRECTION('',(1.E0,0.E0,0.E0));
#16742=AXIS2_PLACEMENT_3D('',#16739,#16740,#16741);
#16743=PLANE('',#16742);
#16744=ORIENTED_EDGE('',*,*,#9779,.T.);
#16746=ORIENTED_EDGE('',*,*,#16745,.T.);
#16747=ORIENTED_EDGE('',*,*,#11292,.F.);
#16748=ORIENTED_EDGE('',*,*,#16732,.F.);
#16749=EDGE_LOOP('',(#16744,#16746,#16747,#16748));
#16750=FACE_OUTER_BOUND('',#16749,.F.);
#16751=ADVANCED_FACE('',(#16750),#16743,.F.);
#16752=CARTESIAN_POINT('',(9.577500085500E1,-2.652919668566E1,
-9.207526216637E0));
#16753=DIRECTION('',(-1.E0,0.E0,0.E0));
#16754=DIRECTION('',(0.E0,0.E0,-1.E0));
#16755=AXIS2_PLACEMENT_3D('',#16752,#16753,#16754);
#16756=PLANE('',#16755);
#16757=ORIENTED_EDGE('',*,*,#9777,.T.);
#16759=ORIENTED_EDGE('',*,*,#16758,.T.);
#16760=ORIENTED_EDGE('',*,*,#11294,.F.);
#16761=ORIENTED_EDGE('',*,*,#16745,.F.);
#16762=EDGE_LOOP('',(#16757,#16759,#16760,#16761));
#16763=FACE_OUTER_BOUND('',#16762,.F.);
#16764=ADVANCED_FACE('',(#16763),#16756,.F.);
#16765=CARTESIAN_POINT('',(9.577500085500E1,-2.616155744074E1,
-7.707526216633E0));
#16766=DIRECTION('',(0.E0,-1.E0,0.E0));
#16767=DIRECTION('',(-1.E0,0.E0,0.E0));
#16768=AXIS2_PLACEMENT_3D('',#16765,#16766,#16767);
#16769=PLANE('',#16768);
#16770=ORIENTED_EDGE('',*,*,#9775,.T.);
#16772=ORIENTED_EDGE('',*,*,#16771,.T.);
#16773=ORIENTED_EDGE('',*,*,#11296,.F.);
#16774=ORIENTED_EDGE('',*,*,#16758,.F.);
#16775=EDGE_LOOP('',(#16770,#16772,#16773,#16774));
#16776=FACE_OUTER_BOUND('',#16775,.F.);
#16777=ADVANCED_FACE('',(#16776),#16769,.F.);
#16778=CARTESIAN_POINT('',(9.667500086100E1,-2.616155744074E1,
-7.707526216633E0));
#16779=DIRECTION('',(-1.E0,0.E0,0.E0));
#16780=DIRECTION('',(0.E0,1.E0,0.E0));
#16781=AXIS2_PLACEMENT_3D('',#16778,#16779,#16780);
#16782=PLANE('',#16781);
#16783=ORIENTED_EDGE('',*,*,#9773,.T.);
#16785=ORIENTED_EDGE('',*,*,#16784,.T.);
#16786=ORIENTED_EDGE('',*,*,#11298,.F.);
#16787=ORIENTED_EDGE('',*,*,#16771,.F.);
#16788=EDGE_LOOP('',(#16783,#16785,#16786,#16787));
#16789=FACE_OUTER_BOUND('',#16788,.F.);
#16790=ADVANCED_FACE('',(#16789),#16782,.F.);
#16791=CARTESIAN_POINT('',(9.667500086100E1,-3.266155743534E1,
-7.707526216633E0));
#16792=DIRECTION('',(0.E0,-1.E0,0.E0));
#16793=DIRECTION('',(-1.E0,0.E0,0.E0));
#16794=AXIS2_PLACEMENT_3D('',#16791,#16792,#16793);
#16795=PLANE('',#16794);
#16796=ORIENTED_EDGE('',*,*,#9771,.T.);
#16798=ORIENTED_EDGE('',*,*,#16797,.T.);
#16799=ORIENTED_EDGE('',*,*,#11300,.F.);
#16800=ORIENTED_EDGE('',*,*,#16784,.F.);
#16801=EDGE_LOOP('',(#16796,#16798,#16799,#16800));
#16802=FACE_OUTER_BOUND('',#16801,.F.);
#16803=ADVANCED_FACE('',(#16802),#16795,.F.);
#16804=CARTESIAN_POINT('',(9.844654282220E1,-3.341171591579E1,
-9.207526216633E0));
#16805=DIRECTION('',(-1.E0,0.E0,0.E0));
#16806=DIRECTION('',(0.E0,0.E0,-1.E0));
#16807=AXIS2_PLACEMENT_3D('',#16804,#16805,#16806);
#16808=PLANE('',#16807);
#16809=ORIENTED_EDGE('',*,*,#9769,.T.);
#16811=ORIENTED_EDGE('',*,*,#16810,.T.);
#16812=ORIENTED_EDGE('',*,*,#11302,.F.);
#16813=ORIENTED_EDGE('',*,*,#16797,.F.);
#16814=EDGE_LOOP('',(#16809,#16811,#16812,#16813));
#16815=FACE_OUTER_BOUND('',#16814,.F.);
#16816=ADVANCED_FACE('',(#16815),#16808,.F.);
#16817=CARTESIAN_POINT('',(1.120000008561E2,-3.416187446848E1,
-9.207526216637E0));
#16818=DIRECTION('',(0.E0,-1.E0,0.E0));
#16819=DIRECTION('',(0.E0,0.E0,1.E0));
#16820=AXIS2_PLACEMENT_3D('',#16817,#16818,#16819);
#16821=PLANE('',#16820);
#16822=ORIENTED_EDGE('',*,*,#9767,.T.);
#16824=ORIENTED_EDGE('',*,*,#16823,.T.);
#16825=ORIENTED_EDGE('',*,*,#11304,.F.);
#16826=ORIENTED_EDGE('',*,*,#16810,.F.);
#16827=EDGE_LOOP('',(#16822,#16824,#16825,#16826));
#16828=FACE_OUTER_BOUND('',#16827,.F.);
#16829=ADVANCED_FACE('',(#16828),#16821,.F.);
#16830=CARTESIAN_POINT('',(1.015524993171E2,-3.341171591579E1,
-9.207526216633E0));
#16831=DIRECTION('',(1.E0,0.E0,0.E0));
#16832=DIRECTION('',(0.E0,0.E0,1.E0));
#16833=AXIS2_PLACEMENT_3D('',#16830,#16831,#16832);
#16834=PLANE('',#16833);
#16835=ORIENTED_EDGE('',*,*,#9765,.T.);
#16837=ORIENTED_EDGE('',*,*,#16836,.T.);
#16838=ORIENTED_EDGE('',*,*,#11306,.F.);
#16839=ORIENTED_EDGE('',*,*,#16823,.F.);
#16840=EDGE_LOOP('',(#16835,#16837,#16838,#16839));
#16841=FACE_OUTER_BOUND('',#16840,.F.);
#16842=ADVANCED_FACE('',(#16841),#16834,.F.);
#16843=CARTESIAN_POINT('',(1.015500008570E2,-3.266155743534E1,
-7.707526216633E0));
#16844=DIRECTION('',(0.E0,-1.E0,0.E0));
#16845=DIRECTION('',(-1.E0,0.E0,0.E0));
#16846=AXIS2_PLACEMENT_3D('',#16843,#16844,#16845);
#16847=PLANE('',#16846);
#16848=ORIENTED_EDGE('',*,*,#9763,.T.);
#16850=ORIENTED_EDGE('',*,*,#16849,.T.);
#16851=ORIENTED_EDGE('',*,*,#11308,.F.);
#16852=ORIENTED_EDGE('',*,*,#16836,.F.);
#16853=EDGE_LOOP('',(#16848,#16850,#16851,#16852));
#16854=FACE_OUTER_BOUND('',#16853,.F.);
#16855=ADVANCED_FACE('',(#16854),#16847,.F.);
#16856=CARTESIAN_POINT('',(1.033250007690E2,-3.266155743534E1,
-7.707526216633E0));
#16857=DIRECTION('',(1.E0,0.E0,0.E0));
#16858=DIRECTION('',(0.E0,-1.E0,0.E0));
#16859=AXIS2_PLACEMENT_3D('',#16856,#16857,#16858);
#16860=PLANE('',#16859);
#16861=ORIENTED_EDGE('',*,*,#9761,.T.);
#16863=ORIENTED_EDGE('',*,*,#16862,.T.);
#16864=ORIENTED_EDGE('',*,*,#11310,.F.);
#16865=ORIENTED_EDGE('',*,*,#16849,.F.);
#16866=EDGE_LOOP('',(#16861,#16863,#16864,#16865));
#16867=FACE_OUTER_BOUND('',#16866,.F.);
#16868=ADVANCED_FACE('',(#16867),#16860,.F.);
#16869=CARTESIAN_POINT('',(1.033250007690E2,-3.192151890024E1,
-7.707526216633E0));
#16870=DIRECTION('',(0.E0,-1.E0,0.E0));
#16871=DIRECTION('',(-1.E0,0.E0,0.E0));
#16872=AXIS2_PLACEMENT_3D('',#16869,#16870,#16871);
#16873=PLANE('',#16872);
#16874=ORIENTED_EDGE('',*,*,#9759,.T.);
#16876=ORIENTED_EDGE('',*,*,#16875,.T.);
#16877=ORIENTED_EDGE('',*,*,#11312,.F.);
#16878=ORIENTED_EDGE('',*,*,#16862,.F.);
#16879=EDGE_LOOP('',(#16874,#16876,#16877,#16878));
#16880=FACE_OUTER_BOUND('',#16879,.F.);
#16881=ADVANCED_FACE('',(#16880),#16873,.F.);
#16882=CARTESIAN_POINT('',(1.050000008598E2,-2.589651890284E1,
-5.907526216637E0));
#16883=DIRECTION('',(-1.E0,0.E0,0.E0));
#16884=DIRECTION('',(0.E0,0.E0,-1.E0));
#16885=AXIS2_PLACEMENT_3D('',#16882,#16883,#16884);
#16886=PLANE('',#16885);
#16887=ORIENTED_EDGE('',*,*,#16875,.F.);
#16888=ORIENTED_EDGE('',*,*,#9829,.T.);
#16890=ORIENTED_EDGE('',*,*,#16889,.T.);
#16891=ORIENTED_EDGE('',*,*,#11314,.F.);
#16892=EDGE_LOOP('',(#16887,#16888,#16890,#16891));
#16893=FACE_OUTER_BOUND('',#16892,.F.);
#16894=ADVANCED_FACE('',(#16893),#16886,.F.);
#16895=CARTESIAN_POINT('',(1.120000008598E2,-3.289651890285E1,
-5.907526216637E0));
#16896=DIRECTION('',(0.E0,-1.E0,0.E0));
#16897=DIRECTION('',(0.E0,0.E0,1.E0));
#16898=AXIS2_PLACEMENT_3D('',#16895,#16896,#16897);
#16899=PLANE('',#16898);
#16900=ORIENTED_EDGE('',*,*,#9827,.T.);
#16902=ORIENTED_EDGE('',*,*,#16901,.T.);
#16903=ORIENTED_EDGE('',*,*,#11316,.F.);
#16904=ORIENTED_EDGE('',*,*,#16889,.F.);
#16905=EDGE_LOOP('',(#16900,#16902,#16903,#16904));
#16906=FACE_OUTER_BOUND('',#16905,.F.);
#16907=ADVANCED_FACE('',(#16906),#16899,.F.);
#16908=CARTESIAN_POINT('',(1.190000008598E2,-2.589651890284E1,
-5.907526216637E0));
#16909=DIRECTION('',(1.E0,0.E0,0.E0));
#16910=DIRECTION('',(0.E0,0.E0,1.E0));
#16911=AXIS2_PLACEMENT_3D('',#16908,#16909,#16910);
#16912=PLANE('',#16911);
#16914=ORIENTED_EDGE('',*,*,#16913,.F.);
#16915=ORIENTED_EDGE('',*,*,#11318,.F.);
#16916=ORIENTED_EDGE('',*,*,#16901,.F.);
#16917=ORIENTED_EDGE('',*,*,#9825,.T.);
#16918=EDGE_LOOP('',(#16914,#16915,#16916,#16917));
#16919=FACE_OUTER_BOUND('',#16918,.F.);
#16920=ADVANCED_FACE('',(#16919),#16912,.F.);
#16921=CARTESIAN_POINT('',(1.189750008532E2,-3.192151890024E1,
-7.707526216633E0));
#16922=DIRECTION('',(0.E0,-1.E0,0.E0));
#16923=DIRECTION('',(-1.E0,0.E0,0.E0));
#16924=AXIS2_PLACEMENT_3D('',#16921,#16922,#16923);
#16925=PLANE('',#16924);
#16926=ORIENTED_EDGE('',*,*,#9823,.T.);
#16927=ORIENTED_EDGE('',*,*,#16474,.T.);
#16928=ORIENTED_EDGE('',*,*,#11320,.F.);
#16929=ORIENTED_EDGE('',*,*,#16913,.T.);
#16930=EDGE_LOOP('',(#16926,#16927,#16928,#16929));
#16931=FACE_OUTER_BOUND('',#16930,.F.);
#16932=ADVANCED_FACE('',(#16931),#16925,.F.);
#16933=CARTESIAN_POINT('',(-1.199999914108E1,-6.846518901705E0,
-5.907526216637E0));
#16934=DIRECTION('',(1.E0,0.E0,0.E0));
#16935=DIRECTION('',(0.E0,0.E0,1.E0));
#16936=AXIS2_PLACEMENT_3D('',#16933,#16934,#16935);
#16937=PLANE('',#16936);
#16938=ORIENTED_EDGE('',*,*,#9745,.T.);
#16940=ORIENTED_EDGE('',*,*,#16939,.T.);
#16941=ORIENTED_EDGE('',*,*,#11324,.F.);
#16943=ORIENTED_EDGE('',*,*,#16942,.F.);
#16944=EDGE_LOOP('',(#16938,#16940,#16941,#16943));
#16945=FACE_OUTER_BOUND('',#16944,.F.);
#16946=ADVANCED_FACE('',(#16945),#16937,.F.);
#16947=CARTESIAN_POINT('',(-1.899999914108E1,1.534810982963E-1,
-5.907526216637E0));
#16948=DIRECTION('',(0.E0,1.E0,0.E0));
#16949=DIRECTION('',(0.E0,0.E0,-1.E0));
#16950=AXIS2_PLACEMENT_3D('',#16947,#16948,#16949);
#16951=PLANE('',#16950);
#16952=ORIENTED_EDGE('',*,*,#9743,.T.);
#16954=ORIENTED_EDGE('',*,*,#16953,.T.);
#16955=ORIENTED_EDGE('',*,*,#11326,.F.);
#16956=ORIENTED_EDGE('',*,*,#16939,.F.);
#16957=EDGE_LOOP('',(#16952,#16954,#16955,#16956));
#16958=FACE_OUTER_BOUND('',#16957,.F.);
#16959=ADVANCED_FACE('',(#16958),#16951,.F.);
#16960=CARTESIAN_POINT('',(-2.599999914108E1,-6.846518901705E0,
-5.907526216637E0));
#16961=DIRECTION('',(-1.E0,0.E0,0.E0));
#16962=DIRECTION('',(0.E0,0.E0,-1.E0));
#16963=AXIS2_PLACEMENT_3D('',#16960,#16961,#16962);
#16964=PLANE('',#16963);
#16965=ORIENTED_EDGE('',*,*,#9741,.T.);
#16967=ORIENTED_EDGE('',*,*,#16966,.T.);
#16968=ORIENTED_EDGE('',*,*,#11328,.F.);
#16969=ORIENTED_EDGE('',*,*,#16953,.F.);
#16970=EDGE_LOOP('',(#16965,#16967,#16968,#16969));
#16971=FACE_OUTER_BOUND('',#16970,.F.);
#16972=ADVANCED_FACE('',(#16971),#16964,.F.);
#16973=CARTESIAN_POINT('',(-1.899999914108E1,-1.384651890171E1,
-5.907526216637E0));
#16974=DIRECTION('',(0.E0,-1.E0,0.E0));
#16975=DIRECTION('',(0.E0,0.E0,1.E0));
#16976=AXIS2_PLACEMENT_3D('',#16973,#16974,#16975);
#16977=PLANE('',#16976);
#16978=ORIENTED_EDGE('',*,*,#9739,.T.);
#16979=ORIENTED_EDGE('',*,*,#16942,.T.);
#16980=ORIENTED_EDGE('',*,*,#11330,.F.);
#16981=ORIENTED_EDGE('',*,*,#16966,.F.);
#16982=EDGE_LOOP('',(#16978,#16979,#16980,#16981));
#16983=FACE_OUTER_BOUND('',#16982,.F.);
#16984=ADVANCED_FACE('',(#16983),#16977,.F.);
#16985=CARTESIAN_POINT('',(1.180000086103E1,-2.589651890174E1,
-5.907526216637E0));
#16986=DIRECTION('',(1.E0,0.E0,0.E0));
#16987=DIRECTION('',(0.E0,0.E0,1.E0));
#16988=AXIS2_PLACEMENT_3D('',#16985,#16986,#16987);
#16989=PLANE('',#16988);
#16990=ORIENTED_EDGE('',*,*,#9755,.T.);
#16992=ORIENTED_EDGE('',*,*,#16991,.T.);
#16993=ORIENTED_EDGE('',*,*,#11334,.F.);
#16995=ORIENTED_EDGE('',*,*,#16994,.F.);
#16996=EDGE_LOOP('',(#16990,#16992,#16993,#16995));
#16997=FACE_OUTER_BOUND('',#16996,.F.);
#16998=ADVANCED_FACE('',(#16997),#16989,.F.);
#16999=CARTESIAN_POINT('',(4.800000861030E0,-1.889651890174E1,
-5.907526216637E0));
#17000=DIRECTION('',(0.E0,1.E0,0.E0));
#17001=DIRECTION('',(0.E0,0.E0,-1.E0));
#17002=AXIS2_PLACEMENT_3D('',#16999,#17000,#17001);
#17003=PLANE('',#17002);
#17004=ORIENTED_EDGE('',*,*,#9753,.T.);
#17006=ORIENTED_EDGE('',*,*,#17005,.T.);
#17007=ORIENTED_EDGE('',*,*,#11336,.F.);
#17008=ORIENTED_EDGE('',*,*,#16991,.F.);
#17009=EDGE_LOOP('',(#17004,#17006,#17007,#17008));
#17010=FACE_OUTER_BOUND('',#17009,.F.);
#17011=ADVANCED_FACE('',(#17010),#17003,.F.);
#17012=CARTESIAN_POINT('',(-2.199999138970E0,-2.589651890174E1,
-5.907526216637E0));
#17013=DIRECTION('',(-1.E0,0.E0,0.E0));
#17014=DIRECTION('',(0.E0,0.E0,-1.E0));
#17015=AXIS2_PLACEMENT_3D('',#17012,#17013,#17014);
#17016=PLANE('',#17015);
#17017=ORIENTED_EDGE('',*,*,#9751,.T.);
#17019=ORIENTED_EDGE('',*,*,#17018,.T.);
#17020=ORIENTED_EDGE('',*,*,#11338,.F.);
#17021=ORIENTED_EDGE('',*,*,#17005,.F.);
#17022=EDGE_LOOP('',(#17017,#17019,#17020,#17021));
#17023=FACE_OUTER_BOUND('',#17022,.F.);
#17024=ADVANCED_FACE('',(#17023),#17016,.F.);
#17025=CARTESIAN_POINT('',(4.800000861030E0,-3.289651890175E1,
-5.907526216637E0));
#17026=DIRECTION('',(0.E0,-1.E0,0.E0));
#17027=DIRECTION('',(0.E0,0.E0,1.E0));
#17028=AXIS2_PLACEMENT_3D('',#17025,#17026,#17027);
#17029=PLANE('',#17028);
#17030=ORIENTED_EDGE('',*,*,#9749,.T.);
#17031=ORIENTED_EDGE('',*,*,#16994,.T.);
#17032=ORIENTED_EDGE('',*,*,#11340,.F.);
#17033=ORIENTED_EDGE('',*,*,#17018,.F.);
#17034=EDGE_LOOP('',(#17030,#17031,#17032,#17033));
#17035=FACE_OUTER_BOUND('',#17034,.F.);
#17036=ADVANCED_FACE('',(#17035),#17029,.F.);
#17037=CARTESIAN_POINT('',(-1.511481711511E2,2.050622731698E1,
-1.657526216634E0));
#17038=DIRECTION('',(0.E0,0.E0,-1.E0));
#17039=DIRECTION('',(1.E0,0.E0,0.E0));
#17040=AXIS2_PLACEMENT_3D('',#17037,#17038,#17039);
#17041=CYLINDRICAL_SURFACE('',#17040,2.5E0);
#17042=ORIENTED_EDGE('',*,*,#9034,.T.);
#17044=ORIENTED_EDGE('',*,*,#17043,.F.);
#17045=ORIENTED_EDGE('',*,*,#10099,.T.);
#17047=ORIENTED_EDGE('',*,*,#17046,.F.);
#17048=EDGE_LOOP('',(#17042,#17044,#17045,#17047));
#17049=FACE_OUTER_BOUND('',#17048,.F.);
#17050=ADVANCED_FACE('',(#17049),#17041,.T.);
#17051=CARTESIAN_POINT('',(-9.563211134022E0,2.300622731698E1,
-1.657526216634E0));
#17052=DIRECTION('',(0.E0,1.E0,0.E0));
#17053=DIRECTION('',(0.E0,0.E0,1.E0));
#17054=AXIS2_PLACEMENT_3D('',#17051,#17052,#17053);
#17055=PLANE('',#17054);
#17056=ORIENTED_EDGE('',*,*,#10101,.F.);
#17057=ORIENTED_EDGE('',*,*,#17043,.T.);
#17058=ORIENTED_EDGE('',*,*,#9032,.F.);
#17060=ORIENTED_EDGE('',*,*,#17059,.T.);
#17061=EDGE_LOOP('',(#17056,#17057,#17058,#17060));
#17062=FACE_OUTER_BOUND('',#17061,.F.);
#17063=ADVANCED_FACE('',(#17062),#17055,.T.);
#17064=CARTESIAN_POINT('',(-8.307499902318E1,2.500622731698E1,
-1.657526216634E0));
#17065=DIRECTION('',(0.E0,0.E0,1.E0));
#17066=DIRECTION('',(0.E0,1.E0,0.E0));
#17067=AXIS2_PLACEMENT_3D('',#17064,#17065,#17066);
#17068=CYLINDRICAL_SURFACE('',#17067,2.E0);
#17069=ORIENTED_EDGE('',*,*,#17059,.F.);
#17070=ORIENTED_EDGE('',*,*,#9030,.T.);
#17072=ORIENTED_EDGE('',*,*,#17071,.F.);
#17073=ORIENTED_EDGE('',*,*,#10103,.T.);
#17074=EDGE_LOOP('',(#17069,#17070,#17072,#17073));
#17075=FACE_OUTER_BOUND('',#17074,.F.);
#17076=ADVANCED_FACE('',(#17075),#17068,.F.);
#17077=CARTESIAN_POINT('',(-5.707499902318E1,2.700622731698E1,
-2.407526216634E0));
#17078=DIRECTION('',(0.E0,-1.E0,0.E0));
#17079=DIRECTION('',(0.E0,0.E0,-1.E0));
#17080=AXIS2_PLACEMENT_3D('',#17077,#17078,#17079);
#17081=PLANE('',#17080);
#17082=ORIENTED_EDGE('',*,*,#9028,.F.);
#17084=ORIENTED_EDGE('',*,*,#17083,.T.);
#17085=ORIENTED_EDGE('',*,*,#10105,.F.);
#17086=ORIENTED_EDGE('',*,*,#17071,.T.);
#17087=EDGE_LOOP('',(#17082,#17084,#17085,#17086));
#17088=FACE_OUTER_BOUND('',#17087,.F.);
#17089=ADVANCED_FACE('',(#17088),#17081,.T.);
#17090=CARTESIAN_POINT('',(-9.557499902318E1,2.850622731698E1,
-2.407526216634E0));
#17091=DIRECTION('',(0.E0,0.E0,1.E0));
#17092=DIRECTION('',(0.E0,-1.E0,0.E0));
#17093=AXIS2_PLACEMENT_3D('',#17090,#17091,#17092);
#17094=CYLINDRICAL_SURFACE('',#17093,1.5E0);
#17095=ORIENTED_EDGE('',*,*,#10107,.T.);
#17096=ORIENTED_EDGE('',*,*,#17083,.F.);
#17097=ORIENTED_EDGE('',*,*,#9026,.T.);
#17099=ORIENTED_EDGE('',*,*,#17098,.F.);
#17100=EDGE_LOOP('',(#17095,#17096,#17097,#17099));
#17101=FACE_OUTER_BOUND('',#17100,.F.);
#17102=ADVANCED_FACE('',(#17101),#17094,.T.);
#17103=CARTESIAN_POINT('',(-5.707499902318E1,3.000622731698E1,
-2.407526216634E0));
#17104=DIRECTION('',(0.E0,1.E0,0.E0));
#17105=DIRECTION('',(0.E0,0.E0,1.E0));
#17106=AXIS2_PLACEMENT_3D('',#17103,#17104,#17105);
#17107=PLANE('',#17106);
#17108=ORIENTED_EDGE('',*,*,#10109,.F.);
#17109=ORIENTED_EDGE('',*,*,#17098,.T.);
#17110=ORIENTED_EDGE('',*,*,#9024,.F.);
#17112=ORIENTED_EDGE('',*,*,#17111,.T.);
#17113=EDGE_LOOP('',(#17108,#17109,#17110,#17112));
#17114=FACE_OUTER_BOUND('',#17113,.F.);
#17115=ADVANCED_FACE('',(#17114),#17107,.T.);
#17116=CARTESIAN_POINT('',(-6.057499902318E1,2.850622731698E1,
-2.407526216634E0));
#17117=DIRECTION('',(0.E0,0.E0,1.E0));
#17118=DIRECTION('',(0.E0,-1.E0,0.E0));
#17119=AXIS2_PLACEMENT_3D('',#17116,#17117,#17118);
#17120=CYLINDRICAL_SURFACE('',#17119,1.5E0);
#17121=ORIENTED_EDGE('',*,*,#10111,.T.);
#17122=ORIENTED_EDGE('',*,*,#17111,.F.);
#17123=ORIENTED_EDGE('',*,*,#9022,.T.);
#17125=ORIENTED_EDGE('',*,*,#17124,.F.);
#17126=EDGE_LOOP('',(#17121,#17122,#17123,#17125));
#17127=FACE_OUTER_BOUND('',#17126,.F.);
#17128=ADVANCED_FACE('',(#17127),#17120,.T.);
#17129=CARTESIAN_POINT('',(-5.707499902318E1,2.700622731698E1,
-2.407526216634E0));
#17130=DIRECTION('',(0.E0,-1.E0,0.E0));
#17131=DIRECTION('',(0.E0,0.E0,-1.E0));
#17132=AXIS2_PLACEMENT_3D('',#17129,#17130,#17131);
#17133=PLANE('',#17132);
#17134=ORIENTED_EDGE('',*,*,#10113,.F.);
#17135=ORIENTED_EDGE('',*,*,#17124,.T.);
#17136=ORIENTED_EDGE('',*,*,#9020,.F.);
#17138=ORIENTED_EDGE('',*,*,#17137,.T.);
#17139=EDGE_LOOP('',(#17134,#17135,#17136,#17138));
#17140=FACE_OUTER_BOUND('',#17139,.F.);
#17141=ADVANCED_FACE('',(#17140),#17133,.T.);
#17142=CARTESIAN_POINT('',(-7.307499902318E1,2.500622731698E1,
-1.657526216634E0));
#17143=DIRECTION('',(0.E0,0.E0,-1.E0));
#17144=DIRECTION('',(0.E0,-1.E0,0.E0));
#17145=AXIS2_PLACEMENT_3D('',#17142,#17143,#17144);
#17146=CYLINDRICAL_SURFACE('',#17145,2.E0);
#17148=ORIENTED_EDGE('',*,*,#17147,.F.);
#17149=ORIENTED_EDGE('',*,*,#10117,.T.);
#17150=ORIENTED_EDGE('',*,*,#10115,.T.);
#17151=ORIENTED_EDGE('',*,*,#17137,.F.);
#17152=ORIENTED_EDGE('',*,*,#9018,.T.);
#17153=EDGE_LOOP('',(#17148,#17149,#17150,#17151,#17152));
#17154=FACE_OUTER_BOUND('',#17153,.F.);
#17155=ADVANCED_FACE('',(#17154),#17146,.F.);
#17156=CARTESIAN_POINT('',(-9.563211134022E0,2.300622731698E1,
-1.657526216634E0));
#17157=DIRECTION('',(0.E0,1.E0,0.E0));
#17158=DIRECTION('',(0.E0,0.E0,1.E0));
#17159=AXIS2_PLACEMENT_3D('',#17156,#17157,#17158);
#17160=PLANE('',#17159);
#17161=ORIENTED_EDGE('',*,*,#10119,.F.);
#17162=ORIENTED_EDGE('',*,*,#17147,.T.);
#17163=ORIENTED_EDGE('',*,*,#9016,.F.);
#17165=ORIENTED_EDGE('',*,*,#17164,.T.);
#17166=EDGE_LOOP('',(#17161,#17162,#17163,#17165));
#17167=FACE_OUTER_BOUND('',#17166,.F.);
#17168=ADVANCED_FACE('',(#17167),#17160,.T.);
#17169=CARTESIAN_POINT('',(6.925000976819E0,2.500622731698E1,
-1.657526216634E0));
#17170=DIRECTION('',(0.E0,0.E0,1.E0));
#17171=DIRECTION('',(0.E0,1.E0,0.E0));
#17172=AXIS2_PLACEMENT_3D('',#17169,#17170,#17171);
#17173=CYLINDRICAL_SURFACE('',#17172,2.E0);
#17174=ORIENTED_EDGE('',*,*,#17164,.F.);
#17175=ORIENTED_EDGE('',*,*,#9014,.T.);
#17177=ORIENTED_EDGE('',*,*,#17176,.F.);
#17178=ORIENTED_EDGE('',*,*,#10121,.T.);
#17179=EDGE_LOOP('',(#17174,#17175,#17177,#17178));
#17180=FACE_OUTER_BOUND('',#17179,.F.);
#17181=ADVANCED_FACE('',(#17180),#17173,.F.);
#17182=CARTESIAN_POINT('',(3.292500097682E1,2.700622731698E1,
-2.407526216634E0));
#17183=DIRECTION('',(0.E0,-1.E0,0.E0));
#17184=DIRECTION('',(0.E0,0.E0,-1.E0));
#17185=AXIS2_PLACEMENT_3D('',#17182,#17183,#17184);
#17186=PLANE('',#17185);
#17187=ORIENTED_EDGE('',*,*,#9012,.F.);
#17189=ORIENTED_EDGE('',*,*,#17188,.T.);
#17190=ORIENTED_EDGE('',*,*,#10123,.F.);
#17191=ORIENTED_EDGE('',*,*,#17176,.T.);
#17192=EDGE_LOOP('',(#17187,#17189,#17190,#17191));
#17193=FACE_OUTER_BOUND('',#17192,.F.);
#17194=ADVANCED_FACE('',(#17193),#17186,.T.);
#17195=CARTESIAN_POINT('',(-5.574999023181E0,2.850622731698E1,
-2.407526216634E0));
#17196=DIRECTION('',(0.E0,0.E0,1.E0));
#17197=DIRECTION('',(0.E0,-1.E0,0.E0));
#17198=AXIS2_PLACEMENT_3D('',#17195,#17196,#17197);
#17199=CYLINDRICAL_SURFACE('',#17198,1.5E0);
#17200=ORIENTED_EDGE('',*,*,#10125,.T.);
#17201=ORIENTED_EDGE('',*,*,#17188,.F.);
#17202=ORIENTED_EDGE('',*,*,#9010,.T.);
#17204=ORIENTED_EDGE('',*,*,#17203,.F.);
#17205=EDGE_LOOP('',(#17200,#17201,#17202,#17204));
#17206=FACE_OUTER_BOUND('',#17205,.F.);
#17207=ADVANCED_FACE('',(#17206),#17199,.T.);
#17208=CARTESIAN_POINT('',(3.292500097682E1,3.000622731698E1,
-2.407526216634E0));
#17209=DIRECTION('',(0.E0,1.E0,0.E0));
#17210=DIRECTION('',(0.E0,0.E0,1.E0));
#17211=AXIS2_PLACEMENT_3D('',#17208,#17209,#17210);
#17212=PLANE('',#17211);
#17213=ORIENTED_EDGE('',*,*,#10127,.F.);
#17214=ORIENTED_EDGE('',*,*,#17203,.T.);
#17215=ORIENTED_EDGE('',*,*,#9008,.F.);
#17217=ORIENTED_EDGE('',*,*,#17216,.T.);
#17218=EDGE_LOOP('',(#17213,#17214,#17215,#17217));
#17219=FACE_OUTER_BOUND('',#17218,.F.);
#17220=ADVANCED_FACE('',(#17219),#17212,.T.);
#17221=CARTESIAN_POINT('',(2.942500097682E1,2.850622731698E1,
-2.407526216634E0));
#17222=DIRECTION('',(0.E0,0.E0,1.E0));
#17223=DIRECTION('',(0.E0,-1.E0,0.E0));
#17224=AXIS2_PLACEMENT_3D('',#17221,#17222,#17223);
#17225=CYLINDRICAL_SURFACE('',#17224,1.5E0);
#17226=ORIENTED_EDGE('',*,*,#10129,.T.);
#17227=ORIENTED_EDGE('',*,*,#17216,.F.);
#17228=ORIENTED_EDGE('',*,*,#9006,.T.);
#17230=ORIENTED_EDGE('',*,*,#17229,.F.);
#17231=EDGE_LOOP('',(#17226,#17227,#17228,#17230));
#17232=FACE_OUTER_BOUND('',#17231,.F.);
#17233=ADVANCED_FACE('',(#17232),#17225,.T.);
#17234=CARTESIAN_POINT('',(3.292500097682E1,2.700622731698E1,
-2.407526216634E0));
#17235=DIRECTION('',(0.E0,-1.E0,0.E0));
#17236=DIRECTION('',(0.E0,0.E0,-1.E0));
#17237=AXIS2_PLACEMENT_3D('',#17234,#17235,#17236);
#17238=PLANE('',#17237);
#17239=ORIENTED_EDGE('',*,*,#10131,.F.);
#17240=ORIENTED_EDGE('',*,*,#17229,.T.);
#17241=ORIENTED_EDGE('',*,*,#9004,.F.);
#17243=ORIENTED_EDGE('',*,*,#17242,.T.);
#17244=EDGE_LOOP('',(#17239,#17240,#17241,#17243));
#17245=FACE_OUTER_BOUND('',#17244,.F.);
#17246=ADVANCED_FACE('',(#17245),#17238,.T.);
#17247=CARTESIAN_POINT('',(1.692500097682E1,2.500622731698E1,
-1.657526216634E0));
#17248=DIRECTION('',(0.E0,0.E0,-1.E0));
#17249=DIRECTION('',(0.E0,-1.E0,0.E0));
#17250=AXIS2_PLACEMENT_3D('',#17247,#17248,#17249);
#17251=CYLINDRICAL_SURFACE('',#17250,2.E0);
#17253=ORIENTED_EDGE('',*,*,#17252,.F.);
#17254=ORIENTED_EDGE('',*,*,#10135,.T.);
#17255=ORIENTED_EDGE('',*,*,#10133,.T.);
#17256=ORIENTED_EDGE('',*,*,#17242,.F.);
#17257=ORIENTED_EDGE('',*,*,#9002,.T.);
#17258=EDGE_LOOP('',(#17253,#17254,#17255,#17256,#17257));
#17259=FACE_OUTER_BOUND('',#17258,.F.);
#17260=ADVANCED_FACE('',(#17259),#17251,.F.);
#17261=CARTESIAN_POINT('',(-9.563211134022E0,2.300622731698E1,
-1.657526216634E0));
#17262=DIRECTION('',(0.E0,1.E0,0.E0));
#17263=DIRECTION('',(0.E0,0.E0,1.E0));
#17264=AXIS2_PLACEMENT_3D('',#17261,#17262,#17263);
#17265=PLANE('',#17264);
#17266=ORIENTED_EDGE('',*,*,#10137,.F.);
#17267=ORIENTED_EDGE('',*,*,#17252,.T.);
#17268=ORIENTED_EDGE('',*,*,#9000,.F.);
#17270=ORIENTED_EDGE('',*,*,#17269,.T.);
#17271=EDGE_LOOP('',(#17266,#17267,#17268,#17270));
#17272=FACE_OUTER_BOUND('',#17271,.F.);
#17273=ADVANCED_FACE('',(#17272),#17265,.T.);
#17274=CARTESIAN_POINT('',(9.692500097682E1,2.500622731698E1,
-1.657526216634E0));
#17275=DIRECTION('',(0.E0,0.E0,1.E0));
#17276=DIRECTION('',(0.E0,1.E0,0.E0));
#17277=AXIS2_PLACEMENT_3D('',#17274,#17275,#17276);
#17278=CYLINDRICAL_SURFACE('',#17277,2.E0);
#17279=ORIENTED_EDGE('',*,*,#17269,.F.);
#17280=ORIENTED_EDGE('',*,*,#8998,.T.);
#17282=ORIENTED_EDGE('',*,*,#17281,.F.);
#17283=ORIENTED_EDGE('',*,*,#10139,.T.);
#17284=EDGE_LOOP('',(#17279,#17280,#17282,#17283));
#17285=FACE_OUTER_BOUND('',#17284,.F.);
#17286=ADVANCED_FACE('',(#17285),#17278,.F.);
#17287=CARTESIAN_POINT('',(1.229250009768E2,2.700622731698E1,
-2.407526216634E0));
#17288=DIRECTION('',(0.E0,-1.E0,0.E0));
#17289=DIRECTION('',(0.E0,0.E0,-1.E0));
#17290=AXIS2_PLACEMENT_3D('',#17287,#17288,#17289);
#17291=PLANE('',#17290);
#17292=ORIENTED_EDGE('',*,*,#8996,.F.);
#17294=ORIENTED_EDGE('',*,*,#17293,.T.);
#17295=ORIENTED_EDGE('',*,*,#10141,.F.);
#17296=ORIENTED_EDGE('',*,*,#17281,.T.);
#17297=EDGE_LOOP('',(#17292,#17294,#17295,#17296));
#17298=FACE_OUTER_BOUND('',#17297,.F.);
#17299=ADVANCED_FACE('',(#17298),#17291,.T.);
#17300=CARTESIAN_POINT('',(8.442500097682E1,2.850622731698E1,
-2.407526216634E0));
#17301=DIRECTION('',(0.E0,0.E0,1.E0));
#17302=DIRECTION('',(0.E0,-1.E0,0.E0));
#17303=AXIS2_PLACEMENT_3D('',#17300,#17301,#17302);
#17304=CYLINDRICAL_SURFACE('',#17303,1.5E0);
#17305=ORIENTED_EDGE('',*,*,#10143,.T.);
#17306=ORIENTED_EDGE('',*,*,#17293,.F.);
#17307=ORIENTED_EDGE('',*,*,#8994,.T.);
#17309=ORIENTED_EDGE('',*,*,#17308,.F.);
#17310=EDGE_LOOP('',(#17305,#17306,#17307,#17309));
#17311=FACE_OUTER_BOUND('',#17310,.F.);
#17312=ADVANCED_FACE('',(#17311),#17304,.T.);
#17313=CARTESIAN_POINT('',(1.229250009768E2,3.000622731698E1,
-2.407526216634E0));
#17314=DIRECTION('',(0.E0,1.E0,0.E0));
#17315=DIRECTION('',(0.E0,0.E0,1.E0));
#17316=AXIS2_PLACEMENT_3D('',#17313,#17314,#17315);
#17317=PLANE('',#17316);
#17318=ORIENTED_EDGE('',*,*,#10145,.F.);
#17319=ORIENTED_EDGE('',*,*,#17308,.T.);
#17320=ORIENTED_EDGE('',*,*,#8992,.F.);
#17322=ORIENTED_EDGE('',*,*,#17321,.T.);
#17323=EDGE_LOOP('',(#17318,#17319,#17320,#17322));
#17324=FACE_OUTER_BOUND('',#17323,.F.);
#17325=ADVANCED_FACE('',(#17324),#17317,.T.);
#17326=CARTESIAN_POINT('',(1.194250009768E2,2.850622731698E1,
-2.407526216634E0));
#17327=DIRECTION('',(0.E0,0.E0,1.E0));
#17328=DIRECTION('',(0.E0,-1.E0,0.E0));
#17329=AXIS2_PLACEMENT_3D('',#17326,#17327,#17328);
#17330=CYLINDRICAL_SURFACE('',#17329,1.5E0);
#17331=ORIENTED_EDGE('',*,*,#10147,.T.);
#17332=ORIENTED_EDGE('',*,*,#17321,.F.);
#17333=ORIENTED_EDGE('',*,*,#8990,.T.);
#17335=ORIENTED_EDGE('',*,*,#17334,.F.);
#17336=EDGE_LOOP('',(#17331,#17332,#17333,#17335));
#17337=FACE_OUTER_BOUND('',#17336,.F.);
#17338=ADVANCED_FACE('',(#17337),#17330,.T.);
#17339=CARTESIAN_POINT('',(1.229250009768E2,2.700622731698E1,
-2.407526216634E0));
#17340=DIRECTION('',(0.E0,-1.E0,0.E0));
#17341=DIRECTION('',(0.E0,0.E0,-1.E0));
#17342=AXIS2_PLACEMENT_3D('',#17339,#17340,#17341);
#17343=PLANE('',#17342);
#17344=ORIENTED_EDGE('',*,*,#10149,.F.);
#17345=ORIENTED_EDGE('',*,*,#17334,.T.);
#17346=ORIENTED_EDGE('',*,*,#8988,.F.);
#17348=ORIENTED_EDGE('',*,*,#17347,.T.);
#17349=EDGE_LOOP('',(#17344,#17345,#17346,#17348));
#17350=FACE_OUTER_BOUND('',#17349,.F.);
#17351=ADVANCED_FACE('',(#17350),#17343,.T.);
#17352=CARTESIAN_POINT('',(1.069250009768E2,2.500622731698E1,
-1.657526216634E0));
#17353=DIRECTION('',(0.E0,0.E0,-1.E0));
#17354=DIRECTION('',(0.E0,-1.E0,0.E0));
#17355=AXIS2_PLACEMENT_3D('',#17352,#17353,#17354);
#17356=CYLINDRICAL_SURFACE('',#17355,2.E0);
#17358=ORIENTED_EDGE('',*,*,#17357,.F.);
#17359=ORIENTED_EDGE('',*,*,#10153,.T.);
#17360=ORIENTED_EDGE('',*,*,#10151,.T.);
#17361=ORIENTED_EDGE('',*,*,#17347,.F.);
#17362=ORIENTED_EDGE('',*,*,#8986,.T.);
#17363=EDGE_LOOP('',(#17358,#17359,#17360,#17361,#17362));
#17364=FACE_OUTER_BOUND('',#17363,.F.);
#17365=ADVANCED_FACE('',(#17364),#17356,.F.);
#17366=CARTESIAN_POINT('',(-9.563211134022E0,2.300622731698E1,
-1.657526216634E0));
#17367=DIRECTION('',(0.E0,1.E0,0.E0));
#17368=DIRECTION('',(0.E0,0.E0,1.E0));
#17369=AXIS2_PLACEMENT_3D('',#17366,#17367,#17368);
#17370=PLANE('',#17369);
#17371=ORIENTED_EDGE('',*,*,#8984,.F.);
#17373=ORIENTED_EDGE('',*,*,#17372,.T.);
#17374=ORIENTED_EDGE('',*,*,#10155,.F.);
#17375=ORIENTED_EDGE('',*,*,#17357,.T.);
#17376=EDGE_LOOP('',(#17371,#17373,#17374,#17375));
#17377=FACE_OUTER_BOUND('',#17376,.F.);
#17378=ADVANCED_FACE('',(#17377),#17370,.T.);
#17379=CARTESIAN_POINT('',(1.749981731047E2,2.050622731698E1,
-1.657526216634E0));
#17380=DIRECTION('',(0.E0,0.E0,-1.E0));
#17381=DIRECTION('',(-1.E0,0.E0,0.E0));
#17382=AXIS2_PLACEMENT_3D('',#17379,#17380,#17381);
#17383=CYLINDRICAL_SURFACE('',#17382,2.5E0);
#17384=ORIENTED_EDGE('',*,*,#17372,.F.);
#17385=ORIENTED_EDGE('',*,*,#8982,.T.);
#17387=ORIENTED_EDGE('',*,*,#17386,.F.);
#17388=ORIENTED_EDGE('',*,*,#10157,.T.);
#17389=EDGE_LOOP('',(#17384,#17385,#17387,#17388));
#17390=FACE_OUTER_BOUND('',#17389,.F.);
#17391=ADVANCED_FACE('',(#17390),#17383,.T.);
#17392=CARTESIAN_POINT('',(1.774981731047E2,-7.157914507002E1,
-1.657526216634E0));
#17393=DIRECTION('',(1.E0,0.E0,0.E0));
#17394=DIRECTION('',(0.E0,0.E0,-1.E0));
#17395=AXIS2_PLACEMENT_3D('',#17392,#17393,#17394);
#17396=PLANE('',#17395);
#17397=ORIENTED_EDGE('',*,*,#10159,.F.);
#17398=ORIENTED_EDGE('',*,*,#17386,.T.);
#17399=ORIENTED_EDGE('',*,*,#8980,.F.);
#17401=ORIENTED_EDGE('',*,*,#17400,.T.);
#17402=EDGE_LOOP('',(#17397,#17398,#17399,#17401));
#17403=FACE_OUTER_BOUND('',#17402,.F.);
#17404=ADVANCED_FACE('',(#17403),#17396,.T.);
#17405=CARTESIAN_POINT('',(1.794981731047E2,4.103481124978E0,
-1.657526216634E0));
#17406=DIRECTION('',(0.E0,0.E0,1.E0));
#17407=DIRECTION('',(1.E0,0.E0,0.E0));
#17408=AXIS2_PLACEMENT_3D('',#17405,#17406,#17407);
#17409=CYLINDRICAL_SURFACE('',#17408,2.E0);
#17410=ORIENTED_EDGE('',*,*,#17400,.F.);
#17411=ORIENTED_EDGE('',*,*,#8978,.T.);
#17413=ORIENTED_EDGE('',*,*,#17412,.F.);
#17414=ORIENTED_EDGE('',*,*,#10161,.T.);
#17415=EDGE_LOOP('',(#17410,#17411,#17413,#17414));
#17416=FACE_OUTER_BOUND('',#17415,.F.);
#17417=ADVANCED_FACE('',(#17416),#17409,.F.);
#17418=CARTESIAN_POINT('',(1.814981731047E2,-2.189651887502E1,
-2.407526216634E0));
#17419=DIRECTION('',(-1.E0,0.E0,0.E0));
#17420=DIRECTION('',(0.E0,0.E0,-1.E0));
#17421=AXIS2_PLACEMENT_3D('',#17418,#17419,#17420);
#17422=PLANE('',#17421);
#17423=ORIENTED_EDGE('',*,*,#8976,.F.);
#17425=ORIENTED_EDGE('',*,*,#17424,.T.);
#17426=ORIENTED_EDGE('',*,*,#10163,.F.);
#17427=ORIENTED_EDGE('',*,*,#17412,.T.);
#17428=EDGE_LOOP('',(#17423,#17425,#17426,#17427));
#17429=FACE_OUTER_BOUND('',#17428,.F.);
#17430=ADVANCED_FACE('',(#17429),#17422,.T.);
#17431=CARTESIAN_POINT('',(1.829981731047E2,1.660348112498E1,
-2.407526216634E0));
#17432=DIRECTION('',(0.E0,0.E0,1.E0));
#17433=DIRECTION('',(-1.E0,0.E0,0.E0));
#17434=AXIS2_PLACEMENT_3D('',#17431,#17432,#17433);
#17435=CYLINDRICAL_SURFACE('',#17434,1.5E0);
#17436=ORIENTED_EDGE('',*,*,#10165,.T.);
#17437=ORIENTED_EDGE('',*,*,#17424,.F.);
#17438=ORIENTED_EDGE('',*,*,#8974,.T.);
#17440=ORIENTED_EDGE('',*,*,#17439,.F.);
#17441=EDGE_LOOP('',(#17436,#17437,#17438,#17440));
#17442=FACE_OUTER_BOUND('',#17441,.F.);
#17443=ADVANCED_FACE('',(#17442),#17435,.T.);
#17444=CARTESIAN_POINT('',(1.844981731047E2,-2.189651887502E1,
-2.407526216634E0));
#17445=DIRECTION('',(1.E0,0.E0,0.E0));
#17446=DIRECTION('',(0.E0,0.E0,1.E0));
#17447=AXIS2_PLACEMENT_3D('',#17444,#17445,#17446);
#17448=PLANE('',#17447);
#17449=ORIENTED_EDGE('',*,*,#10167,.F.);
#17450=ORIENTED_EDGE('',*,*,#17439,.T.);
#17451=ORIENTED_EDGE('',*,*,#8972,.F.);
#17453=ORIENTED_EDGE('',*,*,#17452,.T.);
#17454=EDGE_LOOP('',(#17449,#17450,#17451,#17453));
#17455=FACE_OUTER_BOUND('',#17454,.F.);
#17456=ADVANCED_FACE('',(#17455),#17448,.T.);
#17457=CARTESIAN_POINT('',(1.829981731047E2,-1.839651887502E1,
-2.407526216634E0));
#17458=DIRECTION('',(0.E0,0.E0,1.E0));
#17459=DIRECTION('',(-1.E0,0.E0,0.E0));
#17460=AXIS2_PLACEMENT_3D('',#17457,#17458,#17459);
#17461=CYLINDRICAL_SURFACE('',#17460,1.5E0);
#17462=ORIENTED_EDGE('',*,*,#10169,.T.);
#17463=ORIENTED_EDGE('',*,*,#17452,.F.);
#17464=ORIENTED_EDGE('',*,*,#8970,.T.);
#17466=ORIENTED_EDGE('',*,*,#17465,.F.);
#17467=EDGE_LOOP('',(#17462,#17463,#17464,#17466));
#17468=FACE_OUTER_BOUND('',#17467,.F.);
#17469=ADVANCED_FACE('',(#17468),#17461,.T.);
#17470=CARTESIAN_POINT('',(1.814981731047E2,-2.189651887502E1,
-2.407526216634E0));
#17471=DIRECTION('',(-1.E0,0.E0,0.E0));
#17472=DIRECTION('',(0.E0,0.E0,-1.E0));
#17473=AXIS2_PLACEMENT_3D('',#17470,#17471,#17472);
#17474=PLANE('',#17473);
#17475=ORIENTED_EDGE('',*,*,#10171,.F.);
#17476=ORIENTED_EDGE('',*,*,#17465,.T.);
#17477=ORIENTED_EDGE('',*,*,#8968,.F.);
#17479=ORIENTED_EDGE('',*,*,#17478,.T.);
#17480=EDGE_LOOP('',(#17475,#17476,#17477,#17479));
#17481=FACE_OUTER_BOUND('',#17480,.F.);
#17482=ADVANCED_FACE('',(#17481),#17474,.T.);
#17483=CARTESIAN_POINT('',(1.794981731047E2,-5.896518875022E0,
-1.657526216634E0));
#17484=DIRECTION('',(0.E0,0.E0,-1.E0));
#17485=DIRECTION('',(-1.E0,0.E0,0.E0));
#17486=AXIS2_PLACEMENT_3D('',#17483,#17484,#17485);
#17487=CYLINDRICAL_SURFACE('',#17486,2.E0);
#17489=ORIENTED_EDGE('',*,*,#17488,.F.);
#17490=ORIENTED_EDGE('',*,*,#10175,.T.);
#17491=ORIENTED_EDGE('',*,*,#10173,.T.);
#17492=ORIENTED_EDGE('',*,*,#17478,.F.);
#17493=ORIENTED_EDGE('',*,*,#8966,.T.);
#17494=EDGE_LOOP('',(#17489,#17490,#17491,#17492,#17493));
#17495=FACE_OUTER_BOUND('',#17494,.F.);
#17496=ADVANCED_FACE('',(#17495),#17487,.F.);
#17497=CARTESIAN_POINT('',(1.774981731047E2,-7.157914507002E1,
-1.657526216634E0));
#17498=DIRECTION('',(1.E0,0.E0,0.E0));
#17499=DIRECTION('',(0.E0,0.E0,-1.E0));
#17500=AXIS2_PLACEMENT_3D('',#17497,#17498,#17499);
#17501=PLANE('',#17500);
#17502=ORIENTED_EDGE('',*,*,#8964,.F.);
#17504=ORIENTED_EDGE('',*,*,#17503,.T.);
#17505=ORIENTED_EDGE('',*,*,#10177,.F.);
#17506=ORIENTED_EDGE('',*,*,#17488,.T.);
#17507=EDGE_LOOP('',(#17502,#17504,#17505,#17506));
#17508=FACE_OUTER_BOUND('',#17507,.F.);
#17509=ADVANCED_FACE('',(#17508),#17501,.T.);
#17510=CARTESIAN_POINT('',(1.794981731047E2,-4.589651887502E1,
-1.657526216634E0));
#17511=DIRECTION('',(0.E0,0.E0,1.E0));
#17512=DIRECTION('',(1.E0,0.E0,0.E0));
#17513=AXIS2_PLACEMENT_3D('',#17510,#17511,#17512);
#17514=CYLINDRICAL_SURFACE('',#17513,2.E0);
#17515=ORIENTED_EDGE('',*,*,#17503,.F.);
#17516=ORIENTED_EDGE('',*,*,#8962,.T.);
#17518=ORIENTED_EDGE('',*,*,#17517,.F.);
#17519=ORIENTED_EDGE('',*,*,#10179,.T.);
#17520=EDGE_LOOP('',(#17515,#17516,#17518,#17519));
#17521=FACE_OUTER_BOUND('',#17520,.F.);
#17522=ADVANCED_FACE('',(#17521),#17514,.F.);
#17523=CARTESIAN_POINT('',(1.814981731047E2,-7.189651887502E1,
-2.407526216634E0));
#17524=DIRECTION('',(-1.E0,0.E0,0.E0));
#17525=DIRECTION('',(0.E0,0.E0,-1.E0));
#17526=AXIS2_PLACEMENT_3D('',#17523,#17524,#17525);
#17527=PLANE('',#17526);
#17528=ORIENTED_EDGE('',*,*,#8960,.F.);
#17530=ORIENTED_EDGE('',*,*,#17529,.T.);
#17531=ORIENTED_EDGE('',*,*,#10181,.F.);
#17532=ORIENTED_EDGE('',*,*,#17517,.T.);
#17533=EDGE_LOOP('',(#17528,#17530,#17531,#17532));
#17534=FACE_OUTER_BOUND('',#17533,.F.);
#17535=ADVANCED_FACE('',(#17534),#17527,.T.);
#17536=CARTESIAN_POINT('',(1.829981731047E2,-3.339651887502E1,
-2.407526216634E0));
#17537=DIRECTION('',(0.E0,0.E0,1.E0));
#17538=DIRECTION('',(-1.E0,0.E0,0.E0));
#17539=AXIS2_PLACEMENT_3D('',#17536,#17537,#17538);
#17540=CYLINDRICAL_SURFACE('',#17539,1.5E0);
#17541=ORIENTED_EDGE('',*,*,#10183,.T.);
#17542=ORIENTED_EDGE('',*,*,#17529,.F.);
#17543=ORIENTED_EDGE('',*,*,#8958,.T.);
#17545=ORIENTED_EDGE('',*,*,#17544,.F.);
#17546=EDGE_LOOP('',(#17541,#17542,#17543,#17545));
#17547=FACE_OUTER_BOUND('',#17546,.F.);
#17548=ADVANCED_FACE('',(#17547),#17540,.T.);
#17549=CARTESIAN_POINT('',(1.844981731047E2,-7.189651887502E1,
-2.407526216634E0));
#17550=DIRECTION('',(1.E0,0.E0,0.E0));
#17551=DIRECTION('',(0.E0,0.E0,1.E0));
#17552=AXIS2_PLACEMENT_3D('',#17549,#17550,#17551);
#17553=PLANE('',#17552);
#17554=ORIENTED_EDGE('',*,*,#10185,.F.);
#17555=ORIENTED_EDGE('',*,*,#17544,.T.);
#17556=ORIENTED_EDGE('',*,*,#8956,.F.);
#17558=ORIENTED_EDGE('',*,*,#17557,.T.);
#17559=EDGE_LOOP('',(#17554,#17555,#17556,#17558));
#17560=FACE_OUTER_BOUND('',#17559,.F.);
#17561=ADVANCED_FACE('',(#17560),#17553,.T.);
#17562=CARTESIAN_POINT('',(1.829981731047E2,-6.839651887502E1,
-2.407526216634E0));
#17563=DIRECTION('',(0.E0,0.E0,1.E0));
#17564=DIRECTION('',(-1.E0,0.E0,0.E0));
#17565=AXIS2_PLACEMENT_3D('',#17562,#17563,#17564);
#17566=CYLINDRICAL_SURFACE('',#17565,1.5E0);
#17567=ORIENTED_EDGE('',*,*,#10187,.T.);
#17568=ORIENTED_EDGE('',*,*,#17557,.F.);
#17569=ORIENTED_EDGE('',*,*,#8954,.T.);
#17571=ORIENTED_EDGE('',*,*,#17570,.F.);
#17572=EDGE_LOOP('',(#17567,#17568,#17569,#17571));
#17573=FACE_OUTER_BOUND('',#17572,.F.);
#17574=ADVANCED_FACE('',(#17573),#17566,.T.);
#17575=CARTESIAN_POINT('',(1.814981731047E2,-7.189651887502E1,
-2.407526216634E0));
#17576=DIRECTION('',(-1.E0,0.E0,0.E0));
#17577=DIRECTION('',(0.E0,0.E0,-1.E0));
#17578=AXIS2_PLACEMENT_3D('',#17575,#17576,#17577);
#17579=PLANE('',#17578);
#17580=ORIENTED_EDGE('',*,*,#10189,.F.);
#17581=ORIENTED_EDGE('',*,*,#17570,.T.);
#17582=ORIENTED_EDGE('',*,*,#8952,.F.);
#17584=ORIENTED_EDGE('',*,*,#17583,.T.);
#17585=EDGE_LOOP('',(#17580,#17581,#17582,#17584));
#17586=FACE_OUTER_BOUND('',#17585,.F.);
#17587=ADVANCED_FACE('',(#17586),#17579,.T.);
#17588=CARTESIAN_POINT('',(1.794981731047E2,-5.589651887502E1,
-1.657526216634E0));
#17589=DIRECTION('',(0.E0,0.E0,-1.E0));
#17590=DIRECTION('',(-1.E0,0.E0,0.E0));
#17591=AXIS2_PLACEMENT_3D('',#17588,#17589,#17590);
#17592=CYLINDRICAL_SURFACE('',#17591,2.E0);
#17594=ORIENTED_EDGE('',*,*,#17593,.F.);
#17595=ORIENTED_EDGE('',*,*,#10193,.T.);
#17596=ORIENTED_EDGE('',*,*,#10191,.T.);
#17597=ORIENTED_EDGE('',*,*,#17583,.F.);
#17598=ORIENTED_EDGE('',*,*,#8950,.T.);
#17599=EDGE_LOOP('',(#17594,#17595,#17596,#17597,#17598));
#17600=FACE_OUTER_BOUND('',#17599,.F.);
#17601=ADVANCED_FACE('',(#17600),#17592,.F.);
#17602=CARTESIAN_POINT('',(1.774981731047E2,-7.157914507002E1,
-1.657526216634E0));
#17603=DIRECTION('',(1.E0,0.E0,0.E0));
#17604=DIRECTION('',(0.E0,0.E0,-1.E0));
#17605=AXIS2_PLACEMENT_3D('',#17602,#17603,#17604);
#17606=PLANE('',#17605);
#17607=ORIENTED_EDGE('',*,*,#8948,.F.);
#17609=ORIENTED_EDGE('',*,*,#17608,.T.);
#17610=ORIENTED_EDGE('',*,*,#10195,.F.);
#17611=ORIENTED_EDGE('',*,*,#17593,.T.);
#17612=EDGE_LOOP('',(#17607,#17609,#17610,#17611));
#17613=FACE_OUTER_BOUND('',#17612,.F.);
#17614=ADVANCED_FACE('',(#17613),#17606,.T.);
#17615=CARTESIAN_POINT('',(1.749981731047E2,-7.229926506702E1,
-1.657526216634E0));
#17616=DIRECTION('',(0.E0,0.E0,-1.E0));
#17617=DIRECTION('',(-1.E0,0.E0,0.E0));
#17618=AXIS2_PLACEMENT_3D('',#17615,#17616,#17617);
#17619=CYLINDRICAL_SURFACE('',#17618,2.5E0);
#17621=ORIENTED_EDGE('',*,*,#17620,.F.);
#17622=ORIENTED_EDGE('',*,*,#10197,.T.);
#17623=ORIENTED_EDGE('',*,*,#17608,.F.);
#17624=ORIENTED_EDGE('',*,*,#8946,.T.);
#17625=EDGE_LOOP('',(#17621,#17622,#17623,#17624));
#17626=FACE_OUTER_BOUND('',#17625,.F.);
#17627=ADVANCED_FACE('',(#17626),#17619,.T.);
#17628=CARTESIAN_POINT('',(-5.250071285610E1,-7.479926506702E1,
-1.657526216634E0));
#17629=DIRECTION('',(0.E0,-1.E0,0.E0));
#17630=DIRECTION('',(0.E0,0.E0,1.E0));
#17631=AXIS2_PLACEMENT_3D('',#17628,#17629,#17630);
#17632=PLANE('',#17631);
#17633=ORIENTED_EDGE('',*,*,#10199,.T.);
#17634=ORIENTED_EDGE('',*,*,#17620,.T.);
#17635=ORIENTED_EDGE('',*,*,#8944,.F.);
#17637=ORIENTED_EDGE('',*,*,#17636,.T.);
#17638=EDGE_LOOP('',(#17633,#17634,#17635,#17637));
#17639=FACE_OUTER_BOUND('',#17638,.F.);
#17640=ADVANCED_FACE('',(#17639),#17632,.T.);
#17641=CARTESIAN_POINT('',(1.469250009768E2,-7.679926506702E1,
-1.657526216634E0));
#17642=DIRECTION('',(0.E0,0.E0,1.E0));
#17643=DIRECTION('',(0.E0,-1.E0,0.E0));
#17644=AXIS2_PLACEMENT_3D('',#17641,#17642,#17643);
#17645=CYLINDRICAL_SURFACE('',#17644,2.E0);
#17646=ORIENTED_EDGE('',*,*,#17636,.F.);
#17647=ORIENTED_EDGE('',*,*,#8942,.T.);
#17649=ORIENTED_EDGE('',*,*,#17648,.F.);
#17650=ORIENTED_EDGE('',*,*,#10201,.T.);
#17651=EDGE_LOOP('',(#17646,#17647,#17649,#17650));
#17652=FACE_OUTER_BOUND('',#17651,.F.);
#17653=ADVANCED_FACE('',(#17652),#17645,.F.);
#17654=CARTESIAN_POINT('',(1.209250009768E2,-7.879926506702E1,
-2.407526216634E0));
#17655=DIRECTION('',(0.E0,1.E0,0.E0));
#17656=DIRECTION('',(0.E0,0.E0,-1.E0));
#17657=AXIS2_PLACEMENT_3D('',#17654,#17655,#17656);
#17658=PLANE('',#17657);
#17659=ORIENTED_EDGE('',*,*,#8940,.F.);
#17661=ORIENTED_EDGE('',*,*,#17660,.T.);
#17662=ORIENTED_EDGE('',*,*,#10203,.F.);
#17663=ORIENTED_EDGE('',*,*,#17648,.T.);
#17664=EDGE_LOOP('',(#17659,#17661,#17662,#17663));
#17665=FACE_OUTER_BOUND('',#17664,.F.);
#17666=ADVANCED_FACE('',(#17665),#17658,.T.);
#17667=CARTESIAN_POINT('',(1.594250009768E2,-8.029926506702E1,
-2.407526216634E0));
#17668=DIRECTION('',(0.E0,0.E0,1.E0));
#17669=DIRECTION('',(0.E0,1.E0,0.E0));
#17670=AXIS2_PLACEMENT_3D('',#17667,#17668,#17669);
#17671=CYLINDRICAL_SURFACE('',#17670,1.5E0);
#17672=ORIENTED_EDGE('',*,*,#10205,.T.);
#17673=ORIENTED_EDGE('',*,*,#17660,.F.);
#17674=ORIENTED_EDGE('',*,*,#8938,.T.);
#17676=ORIENTED_EDGE('',*,*,#17675,.F.);
#17677=EDGE_LOOP('',(#17672,#17673,#17674,#17676));
#17678=FACE_OUTER_BOUND('',#17677,.F.);
#17679=ADVANCED_FACE('',(#17678),#17671,.T.);
#17680=CARTESIAN_POINT('',(1.209250009768E2,-8.179926506702E1,
-2.407526216634E0));
#17681=DIRECTION('',(0.E0,-1.E0,0.E0));
#17682=DIRECTION('',(0.E0,0.E0,1.E0));
#17683=AXIS2_PLACEMENT_3D('',#17680,#17681,#17682);
#17684=PLANE('',#17683);
#17685=ORIENTED_EDGE('',*,*,#10207,.F.);
#17686=ORIENTED_EDGE('',*,*,#17675,.T.);
#17687=ORIENTED_EDGE('',*,*,#8936,.F.);
#17689=ORIENTED_EDGE('',*,*,#17688,.T.);
#17690=EDGE_LOOP('',(#17685,#17686,#17687,#17689));
#17691=FACE_OUTER_BOUND('',#17690,.F.);
#17692=ADVANCED_FACE('',(#17691),#17684,.T.);
#17693=CARTESIAN_POINT('',(1.244250009768E2,-8.029926506702E1,
-2.407526216634E0));
#17694=DIRECTION('',(0.E0,0.E0,1.E0));
#17695=DIRECTION('',(0.E0,1.E0,0.E0));
#17696=AXIS2_PLACEMENT_3D('',#17693,#17694,#17695);
#17697=CYLINDRICAL_SURFACE('',#17696,1.5E0);
#17698=ORIENTED_EDGE('',*,*,#10209,.T.);
#17699=ORIENTED_EDGE('',*,*,#17688,.F.);
#17700=ORIENTED_EDGE('',*,*,#8934,.T.);
#17702=ORIENTED_EDGE('',*,*,#17701,.F.);
#17703=EDGE_LOOP('',(#17698,#17699,#17700,#17702));
#17704=FACE_OUTER_BOUND('',#17703,.F.);
#17705=ADVANCED_FACE('',(#17704),#17697,.T.);
#17706=CARTESIAN_POINT('',(1.209250009768E2,-7.879926506702E1,
-2.407526216634E0));
#17707=DIRECTION('',(0.E0,1.E0,0.E0));
#17708=DIRECTION('',(0.E0,0.E0,-1.E0));
#17709=AXIS2_PLACEMENT_3D('',#17706,#17707,#17708);
#17710=PLANE('',#17709);
#17711=ORIENTED_EDGE('',*,*,#10211,.F.);
#17712=ORIENTED_EDGE('',*,*,#17701,.T.);
#17713=ORIENTED_EDGE('',*,*,#8932,.F.);
#17715=ORIENTED_EDGE('',*,*,#17714,.T.);
#17716=EDGE_LOOP('',(#17711,#17712,#17713,#17715));
#17717=FACE_OUTER_BOUND('',#17716,.F.);
#17718=ADVANCED_FACE('',(#17717),#17710,.T.);
#17719=CARTESIAN_POINT('',(1.369250009768E2,-7.679926506702E1,
-1.657526216634E0));
#17720=DIRECTION('',(0.E0,0.E0,-1.E0));
#17721=DIRECTION('',(0.E0,1.E0,0.E0));
#17722=AXIS2_PLACEMENT_3D('',#17719,#17720,#17721);
#17723=CYLINDRICAL_SURFACE('',#17722,2.E0);
#17725=ORIENTED_EDGE('',*,*,#17724,.F.);
#17726=ORIENTED_EDGE('',*,*,#10215,.T.);
#17727=ORIENTED_EDGE('',*,*,#10213,.T.);
#17728=ORIENTED_EDGE('',*,*,#17714,.F.);
#17729=ORIENTED_EDGE('',*,*,#8930,.T.);
#17730=EDGE_LOOP('',(#17725,#17726,#17727,#17728,#17729));
#17731=FACE_OUTER_BOUND('',#17730,.F.);
#17732=ADVANCED_FACE('',(#17731),#17723,.F.);
#17733=CARTESIAN_POINT('',(-5.250071285610E1,-7.479926506702E1,
-1.657526216634E0));
#17734=DIRECTION('',(0.E0,-1.E0,0.E0));
#17735=DIRECTION('',(0.E0,0.E0,1.E0));
#17736=AXIS2_PLACEMENT_3D('',#17733,#17734,#17735);
#17737=PLANE('',#17736);
#17738=ORIENTED_EDGE('',*,*,#8928,.F.);
#17740=ORIENTED_EDGE('',*,*,#17739,.T.);
#17741=ORIENTED_EDGE('',*,*,#10217,.T.);
#17742=ORIENTED_EDGE('',*,*,#17724,.T.);
#17743=EDGE_LOOP('',(#17738,#17740,#17741,#17742));
#17744=FACE_OUTER_BOUND('',#17743,.F.);
#17745=ADVANCED_FACE('',(#17744),#17737,.T.);
#17746=CARTESIAN_POINT('',(6.025833431015E1,-7.679926506702E1,
-1.657526216634E0));
#17747=DIRECTION('',(0.E0,0.E0,1.E0));
#17748=DIRECTION('',(0.E0,-1.E0,0.E0));
#17749=AXIS2_PLACEMENT_3D('',#17746,#17747,#17748);
#17750=CYLINDRICAL_SURFACE('',#17749,2.E0);
#17751=ORIENTED_EDGE('',*,*,#17739,.F.);
#17752=ORIENTED_EDGE('',*,*,#8926,.T.);
#17754=ORIENTED_EDGE('',*,*,#17753,.F.);
#17755=ORIENTED_EDGE('',*,*,#10219,.T.);
#17756=EDGE_LOOP('',(#17751,#17752,#17754,#17755));
#17757=FACE_OUTER_BOUND('',#17756,.F.);
#17758=ADVANCED_FACE('',(#17757),#17750,.F.);
#17759=CARTESIAN_POINT('',(3.425833431015E1,-7.879926506702E1,
-2.407526216634E0));
#17760=DIRECTION('',(0.E0,1.E0,0.E0));
#17761=DIRECTION('',(0.E0,0.E0,-1.E0));
#17762=AXIS2_PLACEMENT_3D('',#17759,#17760,#17761);
#17763=PLANE('',#17762);
#17764=ORIENTED_EDGE('',*,*,#8924,.F.);
#17766=ORIENTED_EDGE('',*,*,#17765,.T.);
#17767=ORIENTED_EDGE('',*,*,#10221,.F.);
#17768=ORIENTED_EDGE('',*,*,#17753,.T.);
#17769=EDGE_LOOP('',(#17764,#17766,#17767,#17768));
#17770=FACE_OUTER_BOUND('',#17769,.F.);
#17771=ADVANCED_FACE('',(#17770),#17763,.T.);
#17772=CARTESIAN_POINT('',(7.275833431015E1,-8.029926506702E1,
-2.407526216634E0));
#17773=DIRECTION('',(0.E0,0.E0,1.E0));
#17774=DIRECTION('',(0.E0,1.E0,0.E0));
#17775=AXIS2_PLACEMENT_3D('',#17772,#17773,#17774);
#17776=CYLINDRICAL_SURFACE('',#17775,1.5E0);
#17777=ORIENTED_EDGE('',*,*,#10223,.T.);
#17778=ORIENTED_EDGE('',*,*,#17765,.F.);
#17779=ORIENTED_EDGE('',*,*,#8922,.T.);
#17781=ORIENTED_EDGE('',*,*,#17780,.F.);
#17782=EDGE_LOOP('',(#17777,#17778,#17779,#17781));
#17783=FACE_OUTER_BOUND('',#17782,.F.);
#17784=ADVANCED_FACE('',(#17783),#17776,.T.);
#17785=CARTESIAN_POINT('',(3.425833431015E1,-8.179926506702E1,
-2.407526216634E0));
#17786=DIRECTION('',(0.E0,-1.E0,0.E0));
#17787=DIRECTION('',(0.E0,0.E0,1.E0));
#17788=AXIS2_PLACEMENT_3D('',#17785,#17786,#17787);
#17789=PLANE('',#17788);
#17790=ORIENTED_EDGE('',*,*,#10225,.F.);
#17791=ORIENTED_EDGE('',*,*,#17780,.T.);
#17792=ORIENTED_EDGE('',*,*,#8920,.F.);
#17794=ORIENTED_EDGE('',*,*,#17793,.T.);
#17795=EDGE_LOOP('',(#17790,#17791,#17792,#17794));
#17796=FACE_OUTER_BOUND('',#17795,.F.);
#17797=ADVANCED_FACE('',(#17796),#17789,.T.);
#17798=CARTESIAN_POINT('',(3.775833431015E1,-8.029926506702E1,
-2.407526216634E0));
#17799=DIRECTION('',(0.E0,0.E0,1.E0));
#17800=DIRECTION('',(0.E0,1.E0,0.E0));
#17801=AXIS2_PLACEMENT_3D('',#17798,#17799,#17800);
#17802=CYLINDRICAL_SURFACE('',#17801,1.5E0);
#17803=ORIENTED_EDGE('',*,*,#10227,.T.);
#17804=ORIENTED_EDGE('',*,*,#17793,.F.);
#17805=ORIENTED_EDGE('',*,*,#8918,.T.);
#17807=ORIENTED_EDGE('',*,*,#17806,.F.);
#17808=EDGE_LOOP('',(#17803,#17804,#17805,#17807));
#17809=FACE_OUTER_BOUND('',#17808,.F.);
#17810=ADVANCED_FACE('',(#17809),#17802,.T.);
#17811=CARTESIAN_POINT('',(3.425833431015E1,-7.879926506702E1,
-2.407526216634E0));
#17812=DIRECTION('',(0.E0,1.E0,0.E0));
#17813=DIRECTION('',(0.E0,0.E0,-1.E0));
#17814=AXIS2_PLACEMENT_3D('',#17811,#17812,#17813);
#17815=PLANE('',#17814);
#17816=ORIENTED_EDGE('',*,*,#10229,.F.);
#17817=ORIENTED_EDGE('',*,*,#17806,.T.);
#17818=ORIENTED_EDGE('',*,*,#8916,.F.);
#17820=ORIENTED_EDGE('',*,*,#17819,.T.);
#17821=EDGE_LOOP('',(#17816,#17817,#17818,#17820));
#17822=FACE_OUTER_BOUND('',#17821,.F.);
#17823=ADVANCED_FACE('',(#17822),#17815,.T.);
#17824=CARTESIAN_POINT('',(5.025833431015E1,-7.679926506702E1,
-1.657526216634E0));
#17825=DIRECTION('',(0.E0,0.E0,-1.E0));
#17826=DIRECTION('',(0.E0,1.E0,0.E0));
#17827=AXIS2_PLACEMENT_3D('',#17824,#17825,#17826);
#17828=CYLINDRICAL_SURFACE('',#17827,2.E0);
#17830=ORIENTED_EDGE('',*,*,#17829,.F.);
#17831=ORIENTED_EDGE('',*,*,#10233,.T.);
#17832=ORIENTED_EDGE('',*,*,#10231,.T.);
#17833=ORIENTED_EDGE('',*,*,#17819,.F.);
#17834=ORIENTED_EDGE('',*,*,#8914,.T.);
#17835=EDGE_LOOP('',(#17830,#17831,#17832,#17833,#17834));
#17836=FACE_OUTER_BOUND('',#17835,.F.);
#17837=ADVANCED_FACE('',(#17836),#17828,.F.);
#17838=CARTESIAN_POINT('',(-5.250071285610E1,-7.479926506702E1,
-1.657526216634E0));
#17839=DIRECTION('',(0.E0,-1.E0,0.E0));
#17840=DIRECTION('',(0.E0,0.E0,1.E0));
#17841=AXIS2_PLACEMENT_3D('',#17838,#17839,#17840);
#17842=PLANE('',#17841);
#17843=ORIENTED_EDGE('',*,*,#8912,.F.);
#17845=ORIENTED_EDGE('',*,*,#17844,.T.);
#17846=ORIENTED_EDGE('',*,*,#10235,.T.);
#17847=ORIENTED_EDGE('',*,*,#17829,.T.);
#17848=EDGE_LOOP('',(#17843,#17845,#17846,#17847));
#17849=FACE_OUTER_BOUND('',#17848,.F.);
#17850=ADVANCED_FACE('',(#17849),#17842,.T.);
#17851=CARTESIAN_POINT('',(-2.640833235651E1,-7.679926506702E1,
-1.657526216634E0));
#17852=DIRECTION('',(0.E0,0.E0,1.E0));
#17853=DIRECTION('',(0.E0,-1.E0,0.E0));
#17854=AXIS2_PLACEMENT_3D('',#17851,#17852,#17853);
#17855=CYLINDRICAL_SURFACE('',#17854,2.E0);
#17856=ORIENTED_EDGE('',*,*,#17844,.F.);
#17857=ORIENTED_EDGE('',*,*,#8910,.T.);
#17859=ORIENTED_EDGE('',*,*,#17858,.F.);
#17860=ORIENTED_EDGE('',*,*,#10237,.T.);
#17861=EDGE_LOOP('',(#17856,#17857,#17859,#17860));
#17862=FACE_OUTER_BOUND('',#17861,.F.);
#17863=ADVANCED_FACE('',(#17862),#17855,.F.);
#17864=CARTESIAN_POINT('',(-5.240833235652E1,-7.879926506702E1,
-2.407526216634E0));
#17865=DIRECTION('',(0.E0,1.E0,0.E0));
#17866=DIRECTION('',(0.E0,0.E0,-1.E0));
#17867=AXIS2_PLACEMENT_3D('',#17864,#17865,#17866);
#17868=PLANE('',#17867);
#17869=ORIENTED_EDGE('',*,*,#8908,.F.);
#17871=ORIENTED_EDGE('',*,*,#17870,.T.);
#17872=ORIENTED_EDGE('',*,*,#10239,.F.);
#17873=ORIENTED_EDGE('',*,*,#17858,.T.);
#17874=EDGE_LOOP('',(#17869,#17871,#17872,#17873));
#17875=FACE_OUTER_BOUND('',#17874,.F.);
#17876=ADVANCED_FACE('',(#17875),#17868,.T.);
#17877=CARTESIAN_POINT('',(-1.390833235651E1,-8.029926506702E1,
-2.407526216634E0));
#17878=DIRECTION('',(0.E0,0.E0,1.E0));
#17879=DIRECTION('',(0.E0,1.E0,0.E0));
#17880=AXIS2_PLACEMENT_3D('',#17877,#17878,#17879);
#17881=CYLINDRICAL_SURFACE('',#17880,1.5E0);
#17882=ORIENTED_EDGE('',*,*,#10241,.T.);
#17883=ORIENTED_EDGE('',*,*,#17870,.F.);
#17884=ORIENTED_EDGE('',*,*,#8906,.T.);
#17886=ORIENTED_EDGE('',*,*,#17885,.F.);
#17887=EDGE_LOOP('',(#17882,#17883,#17884,#17886));
#17888=FACE_OUTER_BOUND('',#17887,.F.);
#17889=ADVANCED_FACE('',(#17888),#17881,.T.);
#17890=CARTESIAN_POINT('',(-5.240833235652E1,-8.179926506702E1,
-2.407526216634E0));
#17891=DIRECTION('',(0.E0,-1.E0,0.E0));
#17892=DIRECTION('',(0.E0,0.E0,1.E0));
#17893=AXIS2_PLACEMENT_3D('',#17890,#17891,#17892);
#17894=PLANE('',#17893);
#17895=ORIENTED_EDGE('',*,*,#10243,.F.);
#17896=ORIENTED_EDGE('',*,*,#17885,.T.);
#17897=ORIENTED_EDGE('',*,*,#8904,.F.);
#17899=ORIENTED_EDGE('',*,*,#17898,.T.);
#17900=EDGE_LOOP('',(#17895,#17896,#17897,#17899));
#17901=FACE_OUTER_BOUND('',#17900,.F.);
#17902=ADVANCED_FACE('',(#17901),#17894,.T.);
#17903=CARTESIAN_POINT('',(-4.890833235651E1,-8.029926506702E1,
-2.407526216634E0));
#17904=DIRECTION('',(0.E0,0.E0,1.E0));
#17905=DIRECTION('',(0.E0,1.E0,0.E0));
#17906=AXIS2_PLACEMENT_3D('',#17903,#17904,#17905);
#17907=CYLINDRICAL_SURFACE('',#17906,1.5E0);
#17908=ORIENTED_EDGE('',*,*,#10245,.T.);
#17909=ORIENTED_EDGE('',*,*,#17898,.F.);
#17910=ORIENTED_EDGE('',*,*,#8902,.T.);
#17912=ORIENTED_EDGE('',*,*,#17911,.F.);
#17913=EDGE_LOOP('',(#17908,#17909,#17910,#17912));
#17914=FACE_OUTER_BOUND('',#17913,.F.);
#17915=ADVANCED_FACE('',(#17914),#17907,.T.);
#17916=CARTESIAN_POINT('',(-5.240833235652E1,-7.879926506702E1,
-2.407526216634E0));
#17917=DIRECTION('',(0.E0,1.E0,0.E0));
#17918=DIRECTION('',(0.E0,0.E0,-1.E0));
#17919=AXIS2_PLACEMENT_3D('',#17916,#17917,#17918);
#17920=PLANE('',#17919);
#17921=ORIENTED_EDGE('',*,*,#10247,.F.);
#17922=ORIENTED_EDGE('',*,*,#17911,.T.);
#17923=ORIENTED_EDGE('',*,*,#8900,.F.);
#17925=ORIENTED_EDGE('',*,*,#17924,.T.);
#17926=EDGE_LOOP('',(#17921,#17922,#17923,#17925));
#17927=FACE_OUTER_BOUND('',#17926,.F.);
#17928=ADVANCED_FACE('',(#17927),#17920,.T.);
#17929=CARTESIAN_POINT('',(-3.640833235651E1,-7.679926506702E1,
-1.657526216634E0));
#17930=DIRECTION('',(0.E0,0.E0,-1.E0));
#17931=DIRECTION('',(0.E0,1.E0,0.E0));
#17932=AXIS2_PLACEMENT_3D('',#17929,#17930,#17931);
#17933=CYLINDRICAL_SURFACE('',#17932,2.E0);
#17935=ORIENTED_EDGE('',*,*,#17934,.F.);
#17936=ORIENTED_EDGE('',*,*,#10251,.T.);
#17937=ORIENTED_EDGE('',*,*,#10249,.T.);
#17938=ORIENTED_EDGE('',*,*,#17924,.F.);
#17939=ORIENTED_EDGE('',*,*,#8898,.T.);
#17940=EDGE_LOOP('',(#17935,#17936,#17937,#17938,#17939));
#17941=FACE_OUTER_BOUND('',#17940,.F.);
#17942=ADVANCED_FACE('',(#17941),#17933,.F.);
#17943=CARTESIAN_POINT('',(-5.250071285610E1,-7.479926506702E1,
-1.657526216634E0));
#17944=DIRECTION('',(0.E0,-1.E0,0.E0));
#17945=DIRECTION('',(0.E0,0.E0,1.E0));
#17946=AXIS2_PLACEMENT_3D('',#17943,#17944,#17945);
#17947=PLANE('',#17946);
#17948=ORIENTED_EDGE('',*,*,#8896,.F.);
#17950=ORIENTED_EDGE('',*,*,#17949,.T.);
#17951=ORIENTED_EDGE('',*,*,#10253,.T.);
#17952=ORIENTED_EDGE('',*,*,#17934,.T.);
#17953=EDGE_LOOP('',(#17948,#17950,#17951,#17952));
#17954=FACE_OUTER_BOUND('',#17953,.F.);
#17955=ADVANCED_FACE('',(#17954),#17947,.T.);
#17956=CARTESIAN_POINT('',(-1.130749990232E2,-7.679926506702E1,
-1.657526216634E0));
#17957=DIRECTION('',(0.E0,0.E0,1.E0));
#17958=DIRECTION('',(0.E0,-1.E0,0.E0));
#17959=AXIS2_PLACEMENT_3D('',#17956,#17957,#17958);
#17960=CYLINDRICAL_SURFACE('',#17959,2.E0);
#17961=ORIENTED_EDGE('',*,*,#17949,.F.);
#17962=ORIENTED_EDGE('',*,*,#8894,.T.);
#17964=ORIENTED_EDGE('',*,*,#17963,.F.);
#17965=ORIENTED_EDGE('',*,*,#10255,.T.);
#17966=EDGE_LOOP('',(#17961,#17962,#17964,#17965));
#17967=FACE_OUTER_BOUND('',#17966,.F.);
#17968=ADVANCED_FACE('',(#17967),#17960,.F.);
#17969=CARTESIAN_POINT('',(-1.390749990232E2,-7.879926506702E1,
-2.407526216634E0));
#17970=DIRECTION('',(0.E0,1.E0,0.E0));
#17971=DIRECTION('',(0.E0,0.E0,-1.E0));
#17972=AXIS2_PLACEMENT_3D('',#17969,#17970,#17971);
#17973=PLANE('',#17972);
#17974=ORIENTED_EDGE('',*,*,#8892,.F.);
#17976=ORIENTED_EDGE('',*,*,#17975,.T.);
#17977=ORIENTED_EDGE('',*,*,#10257,.F.);
#17978=ORIENTED_EDGE('',*,*,#17963,.T.);
#17979=EDGE_LOOP('',(#17974,#17976,#17977,#17978));
#17980=FACE_OUTER_BOUND('',#17979,.F.);
#17981=ADVANCED_FACE('',(#17980),#17973,.T.);
#17982=CARTESIAN_POINT('',(-1.005749990232E2,-8.029926506702E1,
-2.407526216634E0));
#17983=DIRECTION('',(0.E0,0.E0,1.E0));
#17984=DIRECTION('',(0.E0,1.E0,0.E0));
#17985=AXIS2_PLACEMENT_3D('',#17982,#17983,#17984);
#17986=CYLINDRICAL_SURFACE('',#17985,1.5E0);
#17987=ORIENTED_EDGE('',*,*,#10259,.T.);
#17988=ORIENTED_EDGE('',*,*,#17975,.F.);
#17989=ORIENTED_EDGE('',*,*,#8890,.T.);
#17991=ORIENTED_EDGE('',*,*,#17990,.F.);
#17992=EDGE_LOOP('',(#17987,#17988,#17989,#17991));
#17993=FACE_OUTER_BOUND('',#17992,.F.);
#17994=ADVANCED_FACE('',(#17993),#17986,.T.);
#17995=CARTESIAN_POINT('',(-1.390749990232E2,-8.179926506702E1,
-2.407526216634E0));
#17996=DIRECTION('',(0.E0,-1.E0,0.E0));
#17997=DIRECTION('',(0.E0,0.E0,1.E0));
#17998=AXIS2_PLACEMENT_3D('',#17995,#17996,#17997);
#17999=PLANE('',#17998);
#18000=ORIENTED_EDGE('',*,*,#10261,.F.);
#18001=ORIENTED_EDGE('',*,*,#17990,.T.);
#18002=ORIENTED_EDGE('',*,*,#8888,.F.);
#18004=ORIENTED_EDGE('',*,*,#18003,.T.);
#18005=EDGE_LOOP('',(#18000,#18001,#18002,#18004));
#18006=FACE_OUTER_BOUND('',#18005,.F.);
#18007=ADVANCED_FACE('',(#18006),#17999,.T.);
#18008=CARTESIAN_POINT('',(-1.355749990232E2,-8.029926506702E1,
-2.407526216634E0));
#18009=DIRECTION('',(0.E0,0.E0,1.E0));
#18010=DIRECTION('',(0.E0,1.E0,0.E0));
#18011=AXIS2_PLACEMENT_3D('',#18008,#18009,#18010);
#18012=CYLINDRICAL_SURFACE('',#18011,1.5E0);
#18013=ORIENTED_EDGE('',*,*,#10263,.T.);
#18014=ORIENTED_EDGE('',*,*,#18003,.F.);
#18015=ORIENTED_EDGE('',*,*,#8886,.T.);
#18017=ORIENTED_EDGE('',*,*,#18016,.F.);
#18018=EDGE_LOOP('',(#18013,#18014,#18015,#18017));
#18019=FACE_OUTER_BOUND('',#18018,.F.);
#18020=ADVANCED_FACE('',(#18019),#18012,.T.);
#18021=CARTESIAN_POINT('',(-1.390749990232E2,-7.879926506702E1,
-2.407526216634E0));
#18022=DIRECTION('',(0.E0,1.E0,0.E0));
#18023=DIRECTION('',(0.E0,0.E0,-1.E0));
#18024=AXIS2_PLACEMENT_3D('',#18021,#18022,#18023);
#18025=PLANE('',#18024);
#18026=ORIENTED_EDGE('',*,*,#10265,.F.);
#18027=ORIENTED_EDGE('',*,*,#18016,.T.);
#18028=ORIENTED_EDGE('',*,*,#8884,.F.);
#18030=ORIENTED_EDGE('',*,*,#18029,.T.);
#18031=EDGE_LOOP('',(#18026,#18027,#18028,#18030));
#18032=FACE_OUTER_BOUND('',#18031,.F.);
#18033=ADVANCED_FACE('',(#18032),#18025,.T.);
#18034=CARTESIAN_POINT('',(-1.230749990232E2,-7.679926506702E1,
-1.657526216634E0));
#18035=DIRECTION('',(0.E0,0.E0,-1.E0));
#18036=DIRECTION('',(0.E0,1.E0,0.E0));
#18037=AXIS2_PLACEMENT_3D('',#18034,#18035,#18036);
#18038=CYLINDRICAL_SURFACE('',#18037,2.E0);
#18040=ORIENTED_EDGE('',*,*,#18039,.F.);
#18041=ORIENTED_EDGE('',*,*,#10269,.T.);
#18042=ORIENTED_EDGE('',*,*,#10267,.T.);
#18043=ORIENTED_EDGE('',*,*,#18029,.F.);
#18044=ORIENTED_EDGE('',*,*,#8882,.T.);
#18045=EDGE_LOOP('',(#18040,#18041,#18042,#18043,#18044));
#18046=FACE_OUTER_BOUND('',#18045,.F.);
#18047=ADVANCED_FACE('',(#18046),#18038,.F.);
#18048=CARTESIAN_POINT('',(-5.250071285610E1,-7.479926506702E1,
-1.657526216634E0));
#18049=DIRECTION('',(0.E0,-1.E0,0.E0));
#18050=DIRECTION('',(0.E0,0.E0,1.E0));
#18051=AXIS2_PLACEMENT_3D('',#18048,#18049,#18050);
#18052=PLANE('',#18051);
#18053=ORIENTED_EDGE('',*,*,#8880,.F.);
#18055=ORIENTED_EDGE('',*,*,#18054,.T.);
#18056=ORIENTED_EDGE('',*,*,#10271,.T.);
#18057=ORIENTED_EDGE('',*,*,#18039,.T.);
#18058=EDGE_LOOP('',(#18053,#18055,#18056,#18057));
#18059=FACE_OUTER_BOUND('',#18058,.F.);
#18060=ADVANCED_FACE('',(#18059),#18052,.T.);
#18061=CARTESIAN_POINT('',(-1.511481711511E2,-7.229926506702E1,
-1.657526216634E0));
#18062=DIRECTION('',(0.E0,0.E0,-1.E0));
#18063=DIRECTION('',(1.E0,0.E0,0.E0));
#18064=AXIS2_PLACEMENT_3D('',#18061,#18062,#18063);
#18065=CYLINDRICAL_SURFACE('',#18064,2.5E0);
#18066=ORIENTED_EDGE('',*,*,#10273,.T.);
#18067=ORIENTED_EDGE('',*,*,#18054,.F.);
#18068=ORIENTED_EDGE('',*,*,#8878,.T.);
#18070=ORIENTED_EDGE('',*,*,#18069,.F.);
#18071=EDGE_LOOP('',(#18066,#18067,#18068,#18070));
#18072=FACE_OUTER_BOUND('',#18071,.F.);
#18073=ADVANCED_FACE('',(#18072),#18065,.T.);
#18074=CARTESIAN_POINT('',(-1.536481711511E2,-7.157914507002E1,
-1.657526216634E0));
#18075=DIRECTION('',(-1.E0,0.E0,0.E0));
#18076=DIRECTION('',(0.E0,0.E0,-1.E0));
#18077=AXIS2_PLACEMENT_3D('',#18074,#18075,#18076);
#18078=PLANE('',#18077);
#18080=ORIENTED_EDGE('',*,*,#18079,.T.);
#18081=ORIENTED_EDGE('',*,*,#10275,.F.);
#18082=ORIENTED_EDGE('',*,*,#18069,.T.);
#18083=ORIENTED_EDGE('',*,*,#8876,.T.);
#18084=EDGE_LOOP('',(#18080,#18081,#18082,#18083));
#18085=FACE_OUTER_BOUND('',#18084,.F.);
#18086=ADVANCED_FACE('',(#18085),#18078,.T.);
#18087=CARTESIAN_POINT('',(-1.556481711511E2,-5.589651887502E1,
-1.657526216634E0));
#18088=DIRECTION('',(0.E0,0.E0,1.E0));
#18089=DIRECTION('',(-1.E0,0.E0,0.E0));
#18090=AXIS2_PLACEMENT_3D('',#18087,#18088,#18089);
#18091=CYLINDRICAL_SURFACE('',#18090,2.E0);
#18092=ORIENTED_EDGE('',*,*,#18079,.F.);
#18093=ORIENTED_EDGE('',*,*,#8874,.T.);
#18095=ORIENTED_EDGE('',*,*,#18094,.F.);
#18096=ORIENTED_EDGE('',*,*,#10277,.T.);
#18097=EDGE_LOOP('',(#18092,#18093,#18095,#18096));
#18098=FACE_OUTER_BOUND('',#18097,.F.);
#18099=ADVANCED_FACE('',(#18098),#18091,.F.);
#18100=CARTESIAN_POINT('',(-1.576481711511E2,-2.989651887502E1,
-2.407526216634E0));
#18101=DIRECTION('',(1.E0,0.E0,0.E0));
#18102=DIRECTION('',(0.E0,0.E0,-1.E0));
#18103=AXIS2_PLACEMENT_3D('',#18100,#18101,#18102);
#18104=PLANE('',#18103);
#18105=ORIENTED_EDGE('',*,*,#8872,.F.);
#18107=ORIENTED_EDGE('',*,*,#18106,.T.);
#18108=ORIENTED_EDGE('',*,*,#10279,.F.);
#18109=ORIENTED_EDGE('',*,*,#18094,.T.);
#18110=EDGE_LOOP('',(#18105,#18107,#18108,#18109));
#18111=FACE_OUTER_BOUND('',#18110,.F.);
#18112=ADVANCED_FACE('',(#18111),#18104,.T.);
#18113=CARTESIAN_POINT('',(-1.591481711511E2,-6.839651887502E1,
-2.407526216634E0));
#18114=DIRECTION('',(0.E0,0.E0,1.E0));
#18115=DIRECTION('',(1.E0,0.E0,0.E0));
#18116=AXIS2_PLACEMENT_3D('',#18113,#18114,#18115);
#18117=CYLINDRICAL_SURFACE('',#18116,1.5E0);
#18118=ORIENTED_EDGE('',*,*,#10281,.T.);
#18119=ORIENTED_EDGE('',*,*,#18106,.F.);
#18120=ORIENTED_EDGE('',*,*,#8870,.T.);
#18122=ORIENTED_EDGE('',*,*,#18121,.F.);
#18123=EDGE_LOOP('',(#18118,#18119,#18120,#18122));
#18124=FACE_OUTER_BOUND('',#18123,.F.);
#18125=ADVANCED_FACE('',(#18124),#18117,.T.);
#18126=CARTESIAN_POINT('',(-1.606481711511E2,-2.989651887502E1,
-2.407526216634E0));
#18127=DIRECTION('',(-1.E0,0.E0,0.E0));
#18128=DIRECTION('',(0.E0,0.E0,1.E0));
#18129=AXIS2_PLACEMENT_3D('',#18126,#18127,#18128);
#18130=PLANE('',#18129);
#18131=ORIENTED_EDGE('',*,*,#10283,.F.);
#18132=ORIENTED_EDGE('',*,*,#18121,.T.);
#18133=ORIENTED_EDGE('',*,*,#8868,.F.);
#18135=ORIENTED_EDGE('',*,*,#18134,.T.);
#18136=EDGE_LOOP('',(#18131,#18132,#18133,#18135));
#18137=FACE_OUTER_BOUND('',#18136,.F.);
#18138=ADVANCED_FACE('',(#18137),#18130,.T.);
#18139=CARTESIAN_POINT('',(-1.591481711511E2,-3.339651887502E1,
-2.407526216634E0));
#18140=DIRECTION('',(0.E0,0.E0,1.E0));
#18141=DIRECTION('',(1.E0,0.E0,0.E0));
#18142=AXIS2_PLACEMENT_3D('',#18139,#18140,#18141);
#18143=CYLINDRICAL_SURFACE('',#18142,1.5E0);
#18144=ORIENTED_EDGE('',*,*,#10285,.T.);
#18145=ORIENTED_EDGE('',*,*,#18134,.F.);
#18146=ORIENTED_EDGE('',*,*,#8866,.T.);
#18148=ORIENTED_EDGE('',*,*,#18147,.F.);
#18149=EDGE_LOOP('',(#18144,#18145,#18146,#18148));
#18150=FACE_OUTER_BOUND('',#18149,.F.);
#18151=ADVANCED_FACE('',(#18150),#18143,.T.);
#18152=CARTESIAN_POINT('',(-1.576481711511E2,-2.989651887502E1,
-2.407526216634E0));
#18153=DIRECTION('',(1.E0,0.E0,0.E0));
#18154=DIRECTION('',(0.E0,0.E0,-1.E0));
#18155=AXIS2_PLACEMENT_3D('',#18152,#18153,#18154);
#18156=PLANE('',#18155);
#18157=ORIENTED_EDGE('',*,*,#10287,.F.);
#18158=ORIENTED_EDGE('',*,*,#18147,.T.);
#18159=ORIENTED_EDGE('',*,*,#8864,.F.);
#18161=ORIENTED_EDGE('',*,*,#18160,.T.);
#18162=EDGE_LOOP('',(#18157,#18158,#18159,#18161));
#18163=FACE_OUTER_BOUND('',#18162,.F.);
#18164=ADVANCED_FACE('',(#18163),#18156,.T.);
#18165=CARTESIAN_POINT('',(-1.556481711511E2,-4.589651887502E1,
-1.657526216634E0));
#18166=DIRECTION('',(0.E0,0.E0,-1.E0));
#18167=DIRECTION('',(1.E0,0.E0,0.E0));
#18168=AXIS2_PLACEMENT_3D('',#18165,#18166,#18167);
#18169=CYLINDRICAL_SURFACE('',#18168,2.E0);
#18171=ORIENTED_EDGE('',*,*,#18170,.F.);
#18172=ORIENTED_EDGE('',*,*,#10291,.T.);
#18173=ORIENTED_EDGE('',*,*,#10289,.T.);
#18174=ORIENTED_EDGE('',*,*,#18160,.F.);
#18175=ORIENTED_EDGE('',*,*,#8862,.T.);
#18176=EDGE_LOOP('',(#18171,#18172,#18173,#18174,#18175));
#18177=FACE_OUTER_BOUND('',#18176,.F.);
#18178=ADVANCED_FACE('',(#18177),#18169,.F.);
#18179=CARTESIAN_POINT('',(-1.536481711511E2,-7.157914507002E1,
-1.657526216634E0));
#18180=DIRECTION('',(-1.E0,0.E0,0.E0));
#18181=DIRECTION('',(0.E0,0.E0,-1.E0));
#18182=AXIS2_PLACEMENT_3D('',#18179,#18180,#18181);
#18183=PLANE('',#18182);
#18184=ORIENTED_EDGE('',*,*,#10293,.F.);
#18185=ORIENTED_EDGE('',*,*,#18170,.T.);
#18186=ORIENTED_EDGE('',*,*,#8860,.T.);
#18188=ORIENTED_EDGE('',*,*,#18187,.T.);
#18189=EDGE_LOOP('',(#18184,#18185,#18186,#18188));
#18190=FACE_OUTER_BOUND('',#18189,.F.);
#18191=ADVANCED_FACE('',(#18190),#18183,.T.);
#18192=CARTESIAN_POINT('',(-1.556481711511E2,-5.896518875022E0,
-1.657526216634E0));
#18193=DIRECTION('',(0.E0,0.E0,1.E0));
#18194=DIRECTION('',(-1.E0,0.E0,0.E0));
#18195=AXIS2_PLACEMENT_3D('',#18192,#18193,#18194);
#18196=CYLINDRICAL_SURFACE('',#18195,2.E0);
#18197=ORIENTED_EDGE('',*,*,#18187,.F.);
#18198=ORIENTED_EDGE('',*,*,#8858,.T.);
#18200=ORIENTED_EDGE('',*,*,#18199,.F.);
#18201=ORIENTED_EDGE('',*,*,#10295,.T.);
#18202=EDGE_LOOP('',(#18197,#18198,#18200,#18201));
#18203=FACE_OUTER_BOUND('',#18202,.F.);
#18204=ADVANCED_FACE('',(#18203),#18196,.F.);
#18205=CARTESIAN_POINT('',(-1.576481711511E2,2.010348112498E1,
-2.407526216634E0));
#18206=DIRECTION('',(1.E0,0.E0,0.E0));
#18207=DIRECTION('',(0.E0,0.E0,-1.E0));
#18208=AXIS2_PLACEMENT_3D('',#18205,#18206,#18207);
#18209=PLANE('',#18208);
#18210=ORIENTED_EDGE('',*,*,#8856,.F.);
#18212=ORIENTED_EDGE('',*,*,#18211,.T.);
#18213=ORIENTED_EDGE('',*,*,#10297,.F.);
#18214=ORIENTED_EDGE('',*,*,#18199,.T.);
#18215=EDGE_LOOP('',(#18210,#18212,#18213,#18214));
#18216=FACE_OUTER_BOUND('',#18215,.F.);
#18217=ADVANCED_FACE('',(#18216),#18209,.T.);
#18218=CARTESIAN_POINT('',(-1.591481711511E2,-1.839651887502E1,
-2.407526216634E0));
#18219=DIRECTION('',(0.E0,0.E0,1.E0));
#18220=DIRECTION('',(1.E0,0.E0,0.E0));
#18221=AXIS2_PLACEMENT_3D('',#18218,#18219,#18220);
#18222=CYLINDRICAL_SURFACE('',#18221,1.5E0);
#18223=ORIENTED_EDGE('',*,*,#10299,.T.);
#18224=ORIENTED_EDGE('',*,*,#18211,.F.);
#18225=ORIENTED_EDGE('',*,*,#8854,.T.);
#18227=ORIENTED_EDGE('',*,*,#18226,.F.);
#18228=EDGE_LOOP('',(#18223,#18224,#18225,#18227));
#18229=FACE_OUTER_BOUND('',#18228,.F.);
#18230=ADVANCED_FACE('',(#18229),#18222,.T.);
#18231=CARTESIAN_POINT('',(-1.606481711511E2,2.010348112498E1,
-2.407526216634E0));
#18232=DIRECTION('',(-1.E0,0.E0,0.E0));
#18233=DIRECTION('',(0.E0,0.E0,1.E0));
#18234=AXIS2_PLACEMENT_3D('',#18231,#18232,#18233);
#18235=PLANE('',#18234);
#18236=ORIENTED_EDGE('',*,*,#10301,.F.);
#18237=ORIENTED_EDGE('',*,*,#18226,.T.);
#18238=ORIENTED_EDGE('',*,*,#8852,.F.);
#18240=ORIENTED_EDGE('',*,*,#18239,.T.);
#18241=EDGE_LOOP('',(#18236,#18237,#18238,#18240));
#18242=FACE_OUTER_BOUND('',#18241,.F.);
#18243=ADVANCED_FACE('',(#18242),#18235,.T.);
#18244=CARTESIAN_POINT('',(-1.591481711511E2,1.660348112498E1,
-2.407526216634E0));
#18245=DIRECTION('',(0.E0,0.E0,1.E0));
#18246=DIRECTION('',(1.E0,0.E0,0.E0));
#18247=AXIS2_PLACEMENT_3D('',#18244,#18245,#18246);
#18248=CYLINDRICAL_SURFACE('',#18247,1.5E0);
#18249=ORIENTED_EDGE('',*,*,#10303,.T.);
#18250=ORIENTED_EDGE('',*,*,#18239,.F.);
#18251=ORIENTED_EDGE('',*,*,#8850,.T.);
#18253=ORIENTED_EDGE('',*,*,#18252,.F.);
#18254=EDGE_LOOP('',(#18249,#18250,#18251,#18253));
#18255=FACE_OUTER_BOUND('',#18254,.F.);
#18256=ADVANCED_FACE('',(#18255),#18248,.T.);
#18257=CARTESIAN_POINT('',(-1.576481711511E2,2.010348112498E1,
-2.407526216634E0));
#18258=DIRECTION('',(1.E0,0.E0,0.E0));
#18259=DIRECTION('',(0.E0,0.E0,-1.E0));
#18260=AXIS2_PLACEMENT_3D('',#18257,#18258,#18259);
#18261=PLANE('',#18260);
#18262=ORIENTED_EDGE('',*,*,#10305,.F.);
#18263=ORIENTED_EDGE('',*,*,#18252,.T.);
#18264=ORIENTED_EDGE('',*,*,#8848,.F.);
#18266=ORIENTED_EDGE('',*,*,#18265,.T.);
#18267=EDGE_LOOP('',(#18262,#18263,#18264,#18266));
#18268=FACE_OUTER_BOUND('',#18267,.F.);
#18269=ADVANCED_FACE('',(#18268),#18261,.T.);
#18270=CARTESIAN_POINT('',(-1.556481711511E2,4.103481124978E0,
-1.657526216634E0));
#18271=DIRECTION('',(0.E0,0.E0,-1.E0));
#18272=DIRECTION('',(1.E0,0.E0,0.E0));
#18273=AXIS2_PLACEMENT_3D('',#18270,#18271,#18272);
#18274=CYLINDRICAL_SURFACE('',#18273,2.E0);
#18276=ORIENTED_EDGE('',*,*,#18275,.F.);
#18277=ORIENTED_EDGE('',*,*,#10309,.T.);
#18278=ORIENTED_EDGE('',*,*,#10307,.T.);
#18279=ORIENTED_EDGE('',*,*,#18265,.F.);
#18280=ORIENTED_EDGE('',*,*,#8846,.T.);
#18281=EDGE_LOOP('',(#18276,#18277,#18278,#18279,#18280));
#18282=FACE_OUTER_BOUND('',#18281,.F.);
#18283=ADVANCED_FACE('',(#18282),#18274,.F.);
#18284=CARTESIAN_POINT('',(-1.536481711511E2,-7.157914507002E1,
-1.657526216634E0));
#18285=DIRECTION('',(-1.E0,0.E0,0.E0));
#18286=DIRECTION('',(0.E0,0.E0,-1.E0));
#18287=AXIS2_PLACEMENT_3D('',#18284,#18285,#18286);
#18288=PLANE('',#18287);
#18289=ORIENTED_EDGE('',*,*,#8844,.T.);
#18290=ORIENTED_EDGE('',*,*,#17046,.T.);
#18291=ORIENTED_EDGE('',*,*,#10311,.F.);
#18292=ORIENTED_EDGE('',*,*,#18275,.T.);
#18293=EDGE_LOOP('',(#18289,#18290,#18291,#18292));
#18294=FACE_OUTER_BOUND('',#18293,.F.);
#18295=ADVANCED_FACE('',(#18294),#18288,.T.);
#18296=CLOSED_SHELL('',(#8838,#10061,#10078,#10093,#11350,#11365,#11378,#11393,
#11406,#11421,#11434,#11448,#11461,#11474,#11487,#11500,#11513,#11526,#11539,
#11552,#11565,#11578,#11591,#11604,#11617,#11630,#11643,#11656,#11669,#11682,
#11695,#11708,#11721,#11734,#11747,#11760,#11773,#11786,#11799,#11812,#11825,
#11838,#11851,#11864,#11877,#11890,#11902,#11915,#11928,#11941,#11954,#11967,
#11980,#11993,#12006,#12019,#12032,#12045,#12058,#12071,#12084,#12097,#12110,
#12123,#12136,#12149,#12162,#12175,#12188,#12201,#12214,#12227,#12240,#12253,
#12266,#12279,#12292,#12305,#12318,#12331,#12344,#12356,#12370,#12383,#12396,
#12408,#12422,#12435,#12448,#12460,#12474,#12487,#12500,#12512,#12526,#12539,
#12552,#12564,#12578,#12591,#12604,#12616,#12630,#12643,#12656,#12668,#12682,
#12695,#12708,#12720,#12734,#12747,#12760,#12772,#12786,#12799,#12812,#12824,
#12838,#12851,#12864,#12876,#12890,#12903,#12916,#12928,#12942,#12955,#12968,
#12980,#12994,#13007,#13020,#13032,#13046,#13059,#13072,#13084,#13098,#13111,
#13124,#13136,#13150,#13163,#13176,#13188,#13202,#13215,#13228,#13240,#13254,
#13267,#13280,#13292,#13306,#13319,#13332,#13344,#13358,#13371,#13384,#13396,
#13410,#13423,#13436,#13448,#13462,#13475,#13488,#13500,#13514,#13527,#13540,
#13552,#13566,#13579,#13592,#13604,#13618,#13631,#13644,#13656,#13670,#13683,
#13696,#13708,#13722,#13735,#13748,#13760,#13774,#13787,#13800,#13812,#13826,
#13839,#13852,#13864,#13878,#13891,#13904,#13916,#13930,#13943,#13956,#13968,
#13982,#13995,#14008,#14020,#14034,#14047,#14060,#14072,#14086,#14099,#14112,
#14124,#14138,#14151,#14164,#14176,#14190,#14203,#14216,#14228,#14242,#14255,
#14268,#14280,#14294,#14307,#14320,#14332,#14346,#14359,#14372,#14384,#14398,
#14411,#14424,#14436,#14450,#14463,#14476,#14488,#14502,#14515,#14528,#14540,
#14554,#14567,#14580,#14592,#14606,#14619,#14632,#14645,#14658,#14671,#14684,
#14697,#14710,#14723,#14736,#14749,#14762,#14775,#14788,#14801,#14814,#14827,
#14840,#14853,#14866,#14879,#14892,#14905,#14918,#14931,#14944,#14957,#14970,
#14983,#14996,#15009,#15022,#15035,#15048,#15060,#15074,#15087,#15100,#15112,
#15126,#15139,#15152,#15164,#15178,#15191,#15204,#15216,#15230,#15243,#15256,
#15268,#15282,#15295,#15308,#15320,#15334,#15347,#15360,#15372,#15386,#15399,
#15412,#15424,#15438,#15451,#15464,#15476,#15490,#15503,#15516,#15528,#15542,
#15555,#15568,#15580,#15594,#15607,#15620,#15632,#15646,#15659,#15672,#15684,
#15698,#15711,#15724,#15736,#15750,#15763,#15776,#15789,#15802,#15815,#15828,
#15841,#15854,#15867,#15880,#15893,#15906,#15919,#15932,#15945,#15958,#15971,
#15984,#15997,#16010,#16023,#16036,#16049,#16062,#16075,#16088,#16101,#16114,
#16127,#16140,#16153,#16166,#16179,#16192,#16204,#16218,#16231,#16244,#16256,
#16270,#16283,#16296,#16308,#16322,#16335,#16348,#16360,#16374,#16387,#16400,
#16412,#16426,#16439,#16452,#16464,#16478,#16491,#16504,#16517,#16530,#16543,
#16556,#16569,#16582,#16595,#16608,#16621,#16634,#16647,#16660,#16673,#16686,
#16699,#16712,#16725,#16738,#16751,#16764,#16777,#16790,#16803,#16816,#16829,
#16842,#16855,#16868,#16881,#16894,#16907,#16920,#16932,#16946,#16959,#16972,
#16984,#16998,#17011,#17024,#17036,#17050,#17063,#17076,#17089,#17102,#17115,
#17128,#17141,#17155,#17168,#17181,#17194,#17207,#17220,#17233,#17246,#17260,
#17273,#17286,#17299,#17312,#17325,#17338,#17351,#17365,#17378,#17391,#17404,
#17417,#17430,#17443,#17456,#17469,#17482,#17496,#17509,#17522,#17535,#17548,
#17561,#17574,#17587,#17601,#17614,#17627,#17640,#17653,#17666,#17679,#17692,
#17705,#17718,#17732,#17745,#17758,#17771,#17784,#17797,#17810,#17823,#17837,
#17850,#17863,#17876,#17889,#17902,#17915,#17928,#17942,#17955,#17968,#17981,
#17994,#18007,#18020,#18033,#18047,#18060,#18073,#18086,#18099,#18112,#18125,
#18138,#18151,#18164,#18178,#18191,#18204,#18217,#18230,#18243,#18256,#18269,
#18283,#18295));
#18297=MANIFOLD_SOLID_BREP('',#18296);
#18299=DIMENSIONAL_EXPONENTS(0.E0,0.E0,0.E0,0.E0,0.E0,0.E0,0.E0);
#18301=PLANE_ANGLE_MEASURE_WITH_UNIT(PLANE_ANGLE_MEASURE(1.745329251994E-2),
#18300);
#18302=(CONVERSION_BASED_UNIT('DEGREE',#18301)NAMED_UNIT(*)PLANE_ANGLE_UNIT());
#18304=UNCERTAINTY_MEASURE_WITH_UNIT(LENGTH_MEASURE(3.627922091137E-2),#18298,
'closure',
'Maximum model space distance between geometric entities at asserted connectivities');
#18305=(GEOMETRIC_REPRESENTATION_CONTEXT(3)GLOBAL_UNCERTAINTY_ASSIGNED_CONTEXT((
#18304))GLOBAL_UNIT_ASSIGNED_CONTEXT((#18298,#18302,#18303))REPRESENTATION_CONTEXT('ID1','3'));
#18307=APPLICATION_CONTEXT(
'CONFIGURATION CONTROLLED 3D DESIGNS OF MECHANICAL PARTS AND ASSEMBLIES');
#18308=APPLICATION_PROTOCOL_DEFINITION('international standard',
'config_control_design',1994,#18307);
#18309=DESIGN_CONTEXT('',#18307,'design');
#18310=MECHANICAL_CONTEXT('',#18307,'mechanical');
#18311=PRODUCT('ZENG0A4002DDZQB0_133','ZENG0A4002DDZQB0_133','NOT SPECIFIED',(
#18310));
#18312=PRODUCT_DEFINITION_FORMATION_WITH_SPECIFIED_SOURCE('1','LAST_VERSION',
#18311,.MADE.);
#18316=PRODUCT_CATEGORY('part','');
#18317=PRODUCT_RELATED_PRODUCT_CATEGORY('detail','',(#18311));
#18318=PRODUCT_CATEGORY_RELATIONSHIP('','',#18316,#18317);
#18319=SECURITY_CLASSIFICATION_LEVEL('unclassified');
#18320=SECURITY_CLASSIFICATION('','',#18319);
#18321=CC_DESIGN_SECURITY_CLASSIFICATION(#18320,(#18312));
#18322=APPROVAL_STATUS('approved');
#18323=APPROVAL(#18322,'');
#18324=CC_DESIGN_APPROVAL(#18323,(#18320,#18312,#18313));
#18325=CALENDAR_DATE(123,6,2);
#18326=COORDINATED_UNIVERSAL_TIME_OFFSET(8,0,.AHEAD.);
#18327=LOCAL_TIME(21,58,4.7E1,#18326);
#18328=DATE_AND_TIME(#18325,#18327);
#18329=APPROVAL_DATE_TIME(#18328,#18323);
#18330=DATE_TIME_ROLE('creation_date');
#18331=CC_DESIGN_DATE_AND_TIME_ASSIGNMENT(#18328,#18330,(#18313));
#18332=DATE_TIME_ROLE('classification_date');
#18333=CC_DESIGN_DATE_AND_TIME_ASSIGNMENT(#18328,#18332,(#18320));
#18334=PERSON('UNSPECIFIED','UNSPECIFIED',$,$,$,$);
#18335=ORGANIZATION('UNSPECIFIED','UNSPECIFIED','UNSPECIFIED');
#18336=PERSON_AND_ORGANIZATION(#18334,#18335);
#18337=APPROVAL_ROLE('approver');
#18338=APPROVAL_PERSON_ORGANIZATION(#18336,#18323,#18337);
#18339=PERSON_AND_ORGANIZATION_ROLE('creator');
#18340=CC_DESIGN_PERSON_AND_ORGANIZATION_ASSIGNMENT(#18336,#18339,(#18312,
#18313));
#18341=PERSON_AND_ORGANIZATION_ROLE('design_supplier');
#18342=CC_DESIGN_PERSON_AND_ORGANIZATION_ASSIGNMENT(#18336,#18341,(#18312));
#18343=PERSON_AND_ORGANIZATION_ROLE('classification_officer');
#18344=CC_DESIGN_PERSON_AND_ORGANIZATION_ASSIGNMENT(#18336,#18343,(#18320));
#18345=PERSON_AND_ORGANIZATION_ROLE('design_owner');
#18346=CC_DESIGN_PERSON_AND_ORGANIZATION_ASSIGNMENT(#18336,#18345,(#18311));
#10=CIRCLE('',#9,1.5E0);
#15=CIRCLE('',#14,1.5E0);
#20=CIRCLE('',#19,1.5E0);
#25=CIRCLE('',#24,1.5E0);
#30=CIRCLE('',#29,1.5E0);
#35=CIRCLE('',#34,1.5E0);
#40=CIRCLE('',#39,1.5E0);
#45=CIRCLE('',#44,1.5E0);
#1530=CIRCLE('',#1529,2.E0);
#1535=CIRCLE('',#1534,1.5E0);
#1540=CIRCLE('',#1539,1.5E0);
#1545=CIRCLE('',#1544,2.E0);
#1554=CIRCLE('',#1553,2.E0);
#1559=CIRCLE('',#1558,1.5E0);
#1564=CIRCLE('',#1563,1.5E0);
#1569=CIRCLE('',#1568,2.E0);
#1578=CIRCLE('',#1577,2.5E0);
#1583=CIRCLE('',#1582,2.E0);
#1588=CIRCLE('',#1587,1.5E0);
#1593=CIRCLE('',#1592,1.5E0);
#1598=CIRCLE('',#1597,2.E0);
#1603=CIRCLE('',#1602,2.E0);
#1608=CIRCLE('',#1607,1.5E0);
#1613=CIRCLE('',#1612,1.5E0);
#1618=CIRCLE('',#1617,2.E0);
#1623=CIRCLE('',#1622,2.E0);
#1628=CIRCLE('',#1627,1.5E0);
#1633=CIRCLE('',#1632,1.5E0);
#1638=CIRCLE('',#1637,2.E0);
#1643=CIRCLE('',#1642,2.E0);
#1648=CIRCLE('',#1647,1.5E0);
#1653=CIRCLE('',#1652,1.5E0);
#1658=CIRCLE('',#1657,2.E0);
#1663=CIRCLE('',#1662,2.5E0);
#1668=CIRCLE('',#1667,2.E0);
#1673=CIRCLE('',#1672,1.5E0);
#1678=CIRCLE('',#1677,1.5E0);
#1683=CIRCLE('',#1682,2.E0);
#1688=CIRCLE('',#1687,2.E0);
#1693=CIRCLE('',#1692,1.5E0);
#1698=CIRCLE('',#1697,1.5E0);
#1703=CIRCLE('',#1702,2.E0);
#1708=CIRCLE('',#1707,2.5E0);
#1713=CIRCLE('',#1712,2.E0);
#1718=CIRCLE('',#1717,1.5E0);
#1723=CIRCLE('',#1722,1.5E0);
#1728=CIRCLE('',#1727,2.E0);
#1733=CIRCLE('',#1732,2.E0);
#1738=CIRCLE('',#1737,1.5E0);
#1743=CIRCLE('',#1742,1.5E0);
#1748=CIRCLE('',#1747,2.E0);
#1753=CIRCLE('',#1752,2.E0);
#1758=CIRCLE('',#1757,1.5E0);
#1763=CIRCLE('',#1762,1.5E0);
#1768=CIRCLE('',#1767,2.E0);
#1773=CIRCLE('',#1772,2.5E0);
#1786=CIRCLE('',#1785,1.5E0);
#1791=CIRCLE('',#1790,1.5E0);
#1796=CIRCLE('',#1795,1.5E0);
#1801=CIRCLE('',#1800,1.5E0);
#1806=CIRCLE('',#1805,1.5E0);
#1811=CIRCLE('',#1810,1.5E0);
#1816=CIRCLE('',#1815,1.5E0);
#1821=CIRCLE('',#1820,1.5E0);
#1826=CIRCLE('',#1825,1.5E0);
#1831=CIRCLE('',#1830,1.5E0);
#1836=CIRCLE('',#1835,1.5E0);
#1841=CIRCLE('',#1840,1.5E0);
#1846=CIRCLE('',#1845,1.5E0);
#1851=CIRCLE('',#1850,1.5E0);
#1856=CIRCLE('',#1855,1.5E0);
#1861=CIRCLE('',#1860,1.5E0);
#1894=CIRCLE('',#1893,2.5E0);
#1899=CIRCLE('',#1898,2.E0);
#1904=CIRCLE('',#1903,1.5E0);
#1909=CIRCLE('',#1908,1.5E0);
#1914=CIRCLE('',#1913,2.E0);
#1919=CIRCLE('',#1918,2.E0);
#1924=CIRCLE('',#1923,2.E0);
#1929=CIRCLE('',#1928,1.5E0);
#1934=CIRCLE('',#1933,1.5E0);
#1939=CIRCLE('',#1938,2.E0);
#1944=CIRCLE('',#1943,2.E0);
#1949=CIRCLE('',#1948,2.E0);
#1954=CIRCLE('',#1953,1.5E0);
#1959=CIRCLE('',#1958,1.5E0);
#1964=CIRCLE('',#1963,2.E0);
#1969=CIRCLE('',#1968,2.E0);
#1974=CIRCLE('',#1973,2.5E0);
#1979=CIRCLE('',#1978,2.E0);
#1984=CIRCLE('',#1983,1.5E0);
#1989=CIRCLE('',#1988,1.5E0);
#1994=CIRCLE('',#1993,2.E0);
#1999=CIRCLE('',#1998,2.E0);
#2004=CIRCLE('',#2003,2.E0);
#2009=CIRCLE('',#2008,1.5E0);
#2014=CIRCLE('',#2013,1.5E0);
#2019=CIRCLE('',#2018,2.E0);
#2024=CIRCLE('',#2023,2.E0);
#2029=CIRCLE('',#2028,2.5E0);
#2038=CIRCLE('',#2037,2.E0);
#2043=CIRCLE('',#2042,1.5E0);
#2048=CIRCLE('',#2047,1.5E0);
#2053=CIRCLE('',#2052,2.E0);
#2058=CIRCLE('',#2057,2.E0);
#2067=CIRCLE('',#2066,2.E0);
#2072=CIRCLE('',#2071,1.5E0);
#2077=CIRCLE('',#2076,1.5E0);
#2082=CIRCLE('',#2081,2.E0);
#2087=CIRCLE('',#2086,2.E0);
#2096=CIRCLE('',#2095,2.E0);
#2101=CIRCLE('',#2100,1.5E0);
#2106=CIRCLE('',#2105,1.5E0);
#2111=CIRCLE('',#2110,2.E0);
#2116=CIRCLE('',#2115,2.E0);
#2125=CIRCLE('',#2124,2.E0);
#2130=CIRCLE('',#2129,1.5E0);
#2135=CIRCLE('',#2134,1.5E0);
#2140=CIRCLE('',#2139,2.E0);
#2145=CIRCLE('',#2144,2.E0);
#2154=CIRCLE('',#2153,2.5E0);
#2159=CIRCLE('',#2158,2.E0);
#2164=CIRCLE('',#2163,1.5E0);
#2169=CIRCLE('',#2168,1.5E0);
#2174=CIRCLE('',#2173,2.E0);
#2179=CIRCLE('',#2178,2.E0);
#2184=CIRCLE('',#2183,2.E0);
#2189=CIRCLE('',#2188,1.5E0);
#2194=CIRCLE('',#2193,1.5E0);
#2199=CIRCLE('',#2198,2.E0);
#2204=CIRCLE('',#2203,2.E0);
#8828=EDGE_CURVE('',#6643,#6644,#85,.T.);
#8830=EDGE_CURVE('',#6644,#6648,#2668,.T.);
#8832=EDGE_CURVE('',#6646,#6648,#5,.T.);
#8834=EDGE_CURVE('',#6646,#6643,#3020,.T.);
#8844=EDGE_CURVE('',#6659,#6660,#1525,.T.);
#8846=EDGE_CURVE('',#8410,#6659,#1530,.T.);
#8848=EDGE_CURVE('',#8410,#8408,#6628,.T.);
#8850=EDGE_CURVE('',#8406,#8408,#1535,.T.);
#8852=EDGE_CURVE('',#8406,#8404,#6612,.T.);
#8854=EDGE_CURVE('',#8402,#8404,#1540,.T.);
#8856=EDGE_CURVE('',#8402,#8400,#6592,.T.);
#8858=EDGE_CURVE('',#6670,#8400,#1545,.T.);
#8860=EDGE_CURVE('',#6672,#6670,#1549,.T.);
#8862=EDGE_CURVE('',#8398,#6672,#1554,.T.);
#8864=EDGE_CURVE('',#8398,#8396,#6568,.T.);
#8866=EDGE_CURVE('',#8394,#8396,#1559,.T.);
#8868=EDGE_CURVE('',#8394,#8392,#6552,.T.);
#8870=EDGE_CURVE('',#8390,#8392,#1564,.T.);
#8872=EDGE_CURVE('',#8390,#8388,#6532,.T.);
#8874=EDGE_CURVE('',#8386,#8388,#1569,.T.);
#8876=EDGE_CURVE('',#6772,#8386,#1573,.T.);
#8878=EDGE_CURVE('',#6763,#6772,#1578,.T.);
#8880=EDGE_CURVE('',#6763,#6764,#6508,.T.);
#8882=EDGE_CURVE('',#8384,#6764,#1583,.T.);
#8884=EDGE_CURVE('',#8384,#8382,#6496,.T.);
#8886=EDGE_CURVE('',#8380,#8382,#1588,.T.);
#8888=EDGE_CURVE('',#8380,#8378,#6480,.T.);
#8890=EDGE_CURVE('',#8376,#8378,#1593,.T.);
#8892=EDGE_CURVE('',#8376,#8374,#6460,.T.);
#8894=EDGE_CURVE('',#6755,#8374,#1598,.T.);
#8896=EDGE_CURVE('',#6755,#6756,#6448,.T.);
#8898=EDGE_CURVE('',#8372,#6756,#1603,.T.);
#8900=EDGE_CURVE('',#8372,#8370,#6436,.T.);
#8902=EDGE_CURVE('',#8368,#8370,#1608,.T.);
#8904=EDGE_CURVE('',#8368,#8366,#6420,.T.);
#8906=EDGE_CURVE('',#8364,#8366,#1613,.T.);
#8908=EDGE_CURVE('',#8364,#8362,#6400,.T.);
#8910=EDGE_CURVE('',#6747,#8362,#1618,.T.);
#8912=EDGE_CURVE('',#6747,#6748,#6388,.T.);
#8914=EDGE_CURVE('',#8360,#6748,#1623,.T.);
#8916=EDGE_CURVE('',#8360,#8358,#6376,.T.);
#8918=EDGE_CURVE('',#8356,#8358,#1628,.T.);
#8920=EDGE_CURVE('',#8356,#8354,#6360,.T.);
#8922=EDGE_CURVE('',#8352,#8354,#1633,.T.);
#8924=EDGE_CURVE('',#8352,#8350,#6340,.T.);
#8926=EDGE_CURVE('',#6739,#8350,#1638,.T.);
#8928=EDGE_CURVE('',#6739,#6740,#6328,.T.);
#8930=EDGE_CURVE('',#8348,#6740,#1643,.T.);
#8932=EDGE_CURVE('',#8348,#8346,#6316,.T.);
#8934=EDGE_CURVE('',#8344,#8346,#1648,.T.);
#8936=EDGE_CURVE('',#8344,#8342,#6300,.T.);
#8938=EDGE_CURVE('',#8340,#8342,#1653,.T.);
#8940=EDGE_CURVE('',#8340,#8338,#6280,.T.);
#8942=EDGE_CURVE('',#6734,#8338,#1658,.T.);
#8944=EDGE_CURVE('',#6734,#6736,#6268,.T.);
#8946=EDGE_CURVE('',#6723,#6736,#1663,.T.);
#8948=EDGE_CURVE('',#6723,#6724,#6252,.T.);
#8950=EDGE_CURVE('',#8336,#6724,#1668,.T.);
#8952=EDGE_CURVE('',#8336,#8334,#6240,.T.);
#8954=EDGE_CURVE('',#8332,#8334,#1673,.T.);
#8956=EDGE_CURVE('',#8332,#8330,#6224,.T.);
#8958=EDGE_CURVE('',#8328,#8330,#1678,.T.);
#8960=EDGE_CURVE('',#8328,#8326,#6204,.T.);
#8962=EDGE_CURVE('',#6715,#8326,#1683,.T.);
#8964=EDGE_CURVE('',#6715,#6716,#6188,.T.);
#8966=EDGE_CURVE('',#8324,#6716,#1688,.T.);
#8968=EDGE_CURVE('',#8324,#8322,#6176,.T.);
#8970=EDGE_CURVE('',#8320,#8322,#1693,.T.);
#8972=EDGE_CURVE('',#8320,#8318,#6160,.T.);
#8974=EDGE_CURVE('',#8316,#8318,#1698,.T.);
#8976=EDGE_CURVE('',#8316,#8314,#6140,.T.);
#8978=EDGE_CURVE('',#6710,#8314,#1703,.T.);
#8980=EDGE_CURVE('',#6710,#6712,#6128,.T.);
#8982=EDGE_CURVE('',#6683,#6712,#1708,.T.);
#8984=EDGE_CURVE('',#6683,#6684,#6108,.T.);
#8986=EDGE_CURVE('',#8312,#6684,#1713,.T.);
#8988=EDGE_CURVE('',#8312,#8310,#6096,.T.);
#8990=EDGE_CURVE('',#8308,#8310,#1718,.T.);
#8992=EDGE_CURVE('',#8308,#8306,#6080,.T.);
#8994=EDGE_CURVE('',#8304,#8306,#1723,.T.);
#8996=EDGE_CURVE('',#8304,#8302,#6060,.T.);
#8998=EDGE_CURVE('',#6678,#8302,#1728,.T.);
#9000=EDGE_CURVE('',#6678,#6680,#6048,.T.);
#9002=EDGE_CURVE('',#8300,#6680,#1733,.T.);
#9004=EDGE_CURVE('',#8300,#8298,#6032,.T.);
#9006=EDGE_CURVE('',#8296,#8298,#1738,.T.);
#9008=EDGE_CURVE('',#8296,#8294,#6016,.T.);
#9010=EDGE_CURVE('',#8292,#8294,#1743,.T.);
#9012=EDGE_CURVE('',#8292,#8290,#5996,.T.);
#9014=EDGE_CURVE('',#6694,#8290,#1748,.T.);
#9016=EDGE_CURVE('',#6694,#6696,#5984,.T.);
#9018=EDGE_CURVE('',#8288,#6696,#1753,.T.);
#9020=EDGE_CURVE('',#8288,#8286,#5968,.T.);
#9022=EDGE_CURVE('',#8284,#8286,#1758,.T.);
#9024=EDGE_CURVE('',#8284,#8282,#5952,.T.);
#9026=EDGE_CURVE('',#8280,#8282,#1763,.T.);
#9028=EDGE_CURVE('',#8280,#8278,#5932,.T.);
#9030=EDGE_CURVE('',#6702,#8278,#1768,.T.);
#9032=EDGE_CURVE('',#6702,#6704,#5920,.T.);
#9034=EDGE_CURVE('',#6660,#6704,#1773,.T.);
#9038=EDGE_CURVE('',#8806,#8802,#20,.T.);
#9040=EDGE_CURVE('',#8802,#8806,#25,.T.);
#9044=EDGE_CURVE('',#8794,#8790,#30,.T.);
#9046=EDGE_CURVE('',#8790,#8794,#35,.T.);
#9050=EDGE_CURVE('',#8782,#8778,#40,.T.);
#9052=EDGE_CURVE('',#8778,#8782,#45,.T.);
#9056=EDGE_CURVE('',#6643,#8214,#3016,.T.);
#9058=EDGE_CURVE('',#8214,#8276,#3004,.T.);
#9060=EDGE_CURVE('',#8276,#8274,#2988,.T.);
#9062=EDGE_CURVE('',#8274,#8272,#2980,.T.);
#9064=EDGE_CURVE('',#8270,#8272,#49,.T.);
#9066=EDGE_CURVE('',#8270,#8268,#2960,.T.);
#9068=EDGE_CURVE('',#8268,#8266,#2952,.T.);
#9070=EDGE_CURVE('',#8264,#8266,#53,.T.);
#9072=EDGE_CURVE('',#8264,#8262,#2928,.T.);
#9074=EDGE_CURVE('',#8260,#8262,#57,.T.);
#9076=EDGE_CURVE('',#8260,#8258,#2916,.T.);
#9078=EDGE_CURVE('',#8258,#8256,#2900,.T.);
#9080=EDGE_CURVE('',#8254,#8256,#61,.T.);
#9082=EDGE_CURVE('',#8254,#8252,#2888,.T.);
#9084=EDGE_CURVE('',#8252,#8250,#2872,.T.);
#9086=EDGE_CURVE('',#8250,#8248,#2860,.T.);
#9088=EDGE_CURVE('',#8248,#8246,#2856,.T.);
#9090=EDGE_CURVE('',#8246,#8244,#2844,.T.);
#9092=EDGE_CURVE('',#8244,#8242,#2828,.T.);
#9094=EDGE_CURVE('',#8242,#8240,#2812,.T.);
#9096=EDGE_CURVE('',#8238,#8240,#65,.T.);
#9098=EDGE_CURVE('',#8238,#8236,#2800,.T.);
#9100=EDGE_CURVE('',#8236,#8234,#2784,.T.);
#9102=EDGE_CURVE('',#8232,#8234,#69,.T.);
#9104=EDGE_CURVE('',#8232,#8230,#2772,.T.);
#9106=EDGE_CURVE('',#8230,#8228,#2760,.T.);
#9108=EDGE_CURVE('',#8228,#8226,#2744,.T.);
#9110=EDGE_CURVE('',#8226,#8224,#2736,.T.);
#9112=EDGE_CURVE('',#8222,#8224,#73,.T.);
#9114=EDGE_CURVE('',#8222,#8220,#2716,.T.);
#9116=EDGE_CURVE('',#8220,#8218,#2708,.T.);
#9118=EDGE_CURVE('',#8218,#8216,#2696,.T.);
#9120=EDGE_CURVE('',#8216,#6654,#2680,.T.);
#9122=EDGE_CURVE('',#6656,#6654,#77,.T.);
#9124=EDGE_CURVE('',#6644,#6656,#81,.T.);
#9129=EDGE_CURVE('',#8206,#8210,#89,.T.);
#9131=EDGE_CURVE('',#8200,#8206,#93,.T.);
#9133=EDGE_CURVE('',#8199,#8200,#97,.T.);
#9135=EDGE_CURVE('',#8210,#8199,#101,.T.);
#9139=EDGE_CURVE('',#8190,#8194,#105,.T.);
#9141=EDGE_CURVE('',#8184,#8190,#109,.T.);
#9143=EDGE_CURVE('',#8183,#8184,#113,.T.);
#9145=EDGE_CURVE('',#8194,#8183,#117,.T.);
#9149=EDGE_CURVE('',#8174,#8178,#121,.T.);
#9151=EDGE_CURVE('',#8168,#8174,#125,.T.);
#9153=EDGE_CURVE('',#8167,#8168,#129,.T.);
#9155=EDGE_CURVE('',#8178,#8167,#133,.T.);
#9159=EDGE_CURVE('',#8158,#8162,#137,.T.);
#9161=EDGE_CURVE('',#8152,#8158,#141,.T.);
#9163=EDGE_CURVE('',#8151,#8152,#145,.T.);
#9165=EDGE_CURVE('',#8162,#8151,#149,.T.);
#9169=EDGE_CURVE('',#8142,#8146,#153,.T.);
#9171=EDGE_CURVE('',#8136,#8142,#157,.T.);
#9173=EDGE_CURVE('',#8135,#8136,#161,.T.);
#9175=EDGE_CURVE('',#8146,#8135,#165,.T.);
#9179=EDGE_CURVE('',#8126,#8130,#169,.T.);
#9181=EDGE_CURVE('',#8120,#8126,#173,.T.);
#9183=EDGE_CURVE('',#8119,#8120,#177,.T.);
#9185=EDGE_CURVE('',#8130,#8119,#181,.T.);
#9189=EDGE_CURVE('',#8110,#8114,#185,.T.);
#9191=EDGE_CURVE('',#8104,#8110,#189,.T.);
#9193=EDGE_CURVE('',#8103,#8104,#193,.T.);
#9195=EDGE_CURVE('',#8114,#8103,#197,.T.);
#9199=EDGE_CURVE('',#8094,#8098,#201,.T.);
#9201=EDGE_CURVE('',#8088,#8094,#205,.T.);
#9203=EDGE_CURVE('',#8087,#8088,#209,.T.);
#9205=EDGE_CURVE('',#8098,#8087,#213,.T.);
#9209=EDGE_CURVE('',#8078,#8082,#217,.T.);
#9211=EDGE_CURVE('',#8072,#8078,#221,.T.);
#9213=EDGE_CURVE('',#8071,#8072,#225,.T.);
#9215=EDGE_CURVE('',#8082,#8071,#229,.T.);
#9219=EDGE_CURVE('',#8056,#8064,#233,.T.);
#9221=EDGE_CURVE('',#8055,#8056,#237,.T.);
#9223=EDGE_CURVE('',#8068,#8055,#241,.T.);
#9225=EDGE_CURVE('',#8068,#8064,#3340,.T.);
#9229=EDGE_CURVE('',#8046,#8050,#245,.T.);
#9231=EDGE_CURVE('',#8040,#8046,#249,.T.);
#9233=EDGE_CURVE('',#8039,#8040,#253,.T.);
#9235=EDGE_CURVE('',#8050,#8039,#257,.T.);
#9239=EDGE_CURVE('',#8030,#8034,#261,.T.);
#9241=EDGE_CURVE('',#8024,#8030,#265,.T.);
#9243=EDGE_CURVE('',#8023,#8024,#269,.T.);
#9245=EDGE_CURVE('',#8034,#8023,#273,.T.);
#9249=EDGE_CURVE('',#8014,#8018,#277,.T.);
#9251=EDGE_CURVE('',#8008,#8014,#281,.T.);
#9253=EDGE_CURVE('',#8007,#8008,#285,.T.);
#9255=EDGE_CURVE('',#8018,#8007,#289,.T.);
#9259=EDGE_CURVE('',#7998,#8002,#293,.T.);
#9261=EDGE_CURVE('',#7992,#7998,#297,.T.);
#9263=EDGE_CURVE('',#7991,#7992,#301,.T.);
#9265=EDGE_CURVE('',#8002,#7991,#305,.T.);
#9269=EDGE_CURVE('',#7982,#7986,#309,.T.);
#9271=EDGE_CURVE('',#7976,#7982,#313,.T.);
#9273=EDGE_CURVE('',#7975,#7976,#317,.T.);
#9275=EDGE_CURVE('',#7986,#7975,#321,.T.);
#9279=EDGE_CURVE('',#7966,#7970,#325,.T.);
#9281=EDGE_CURVE('',#7960,#7966,#329,.T.);
#9283=EDGE_CURVE('',#7959,#7960,#333,.T.);
#9285=EDGE_CURVE('',#7970,#7959,#337,.T.);
#9289=EDGE_CURVE('',#7950,#7954,#341,.T.);
#9291=EDGE_CURVE('',#7944,#7950,#345,.T.);
#9293=EDGE_CURVE('',#7943,#7944,#349,.T.);
#9295=EDGE_CURVE('',#7954,#7943,#353,.T.);
#9299=EDGE_CURVE('',#7934,#7938,#357,.T.);
#9301=EDGE_CURVE('',#7928,#7934,#361,.T.);
#9303=EDGE_CURVE('',#7927,#7928,#365,.T.);
#9305=EDGE_CURVE('',#7938,#7927,#369,.T.);
#9309=EDGE_CURVE('',#7918,#7922,#373,.T.);
#9311=EDGE_CURVE('',#7912,#7918,#377,.T.);
#9313=EDGE_CURVE('',#7911,#7912,#381,.T.);
#9315=EDGE_CURVE('',#7922,#7911,#385,.T.);
#9319=EDGE_CURVE('',#7902,#7906,#389,.T.);
#9321=EDGE_CURVE('',#7896,#7902,#393,.T.);
#9323=EDGE_CURVE('',#7895,#7896,#397,.T.);
#9325=EDGE_CURVE('',#7906,#7895,#401,.T.);
#9329=EDGE_CURVE('',#7886,#7890,#405,.T.);
#9331=EDGE_CURVE('',#7880,#7886,#409,.T.);
#9333=EDGE_CURVE('',#7879,#7880,#413,.T.);
#9335=EDGE_CURVE('',#7890,#7879,#417,.T.);
#9339=EDGE_CURVE('',#7870,#7874,#421,.T.);
#9341=EDGE_CURVE('',#7864,#7870,#425,.T.);
#9343=EDGE_CURVE('',#7863,#7864,#429,.T.);
#9345=EDGE_CURVE('',#7874,#7863,#433,.T.);
#9349=EDGE_CURVE('',#7854,#7858,#437,.T.);
#9351=EDGE_CURVE('',#7848,#7854,#441,.T.);
#9353=EDGE_CURVE('',#7847,#7848,#445,.T.);
#9355=EDGE_CURVE('',#7858,#7847,#449,.T.);
#9359=EDGE_CURVE('',#7838,#7842,#453,.T.);
#9361=EDGE_CURVE('',#7832,#7838,#457,.T.);
#9363=EDGE_CURVE('',#7831,#7832,#461,.T.);
#9365=EDGE_CURVE('',#7842,#7831,#465,.T.);
#9369=EDGE_CURVE('',#7822,#7826,#469,.T.);
#9371=EDGE_CURVE('',#7816,#7822,#473,.T.);
#9373=EDGE_CURVE('',#7815,#7816,#477,.T.);
#9375=EDGE_CURVE('',#7826,#7815,#481,.T.);
#9379=EDGE_CURVE('',#7806,#7810,#485,.T.);
#9381=EDGE_CURVE('',#7800,#7806,#489,.T.);
#9383=EDGE_CURVE('',#7799,#7800,#493,.T.);
#9385=EDGE_CURVE('',#7810,#7799,#497,.T.);
#9389=EDGE_CURVE('',#7790,#7794,#501,.T.);
#9391=EDGE_CURVE('',#7784,#7790,#505,.T.);
#9393=EDGE_CURVE('',#7783,#7784,#509,.T.);
#9395=EDGE_CURVE('',#7794,#7783,#513,.T.);
#9399=EDGE_CURVE('',#7774,#7778,#517,.T.);
#9401=EDGE_CURVE('',#7768,#7774,#521,.T.);
#9403=EDGE_CURVE('',#7767,#7768,#525,.T.);
#9405=EDGE_CURVE('',#7778,#7767,#529,.T.);
#9409=EDGE_CURVE('',#7758,#7762,#533,.T.);
#9411=EDGE_CURVE('',#7752,#7758,#537,.T.);
#9413=EDGE_CURVE('',#7751,#7752,#541,.T.);
#9415=EDGE_CURVE('',#7762,#7751,#545,.T.);
#9419=EDGE_CURVE('',#7742,#7746,#549,.T.);
#9421=EDGE_CURVE('',#7736,#7742,#553,.T.);
#9423=EDGE_CURVE('',#7735,#7736,#557,.T.);
#9425=EDGE_CURVE('',#7746,#7735,#561,.T.);
#9429=EDGE_CURVE('',#7726,#7730,#565,.T.);
#9431=EDGE_CURVE('',#7720,#7726,#569,.T.);
#9433=EDGE_CURVE('',#7719,#7720,#573,.T.);
#9435=EDGE_CURVE('',#7730,#7719,#577,.T.);
#9439=EDGE_CURVE('',#7710,#7714,#581,.T.);
#9441=EDGE_CURVE('',#7704,#7710,#585,.T.);
#9443=EDGE_CURVE('',#7703,#7704,#589,.T.);
#9445=EDGE_CURVE('',#7714,#7703,#593,.T.);
#9449=EDGE_CURVE('',#7694,#7698,#597,.T.);
#9451=EDGE_CURVE('',#7688,#7694,#601,.T.);
#9453=EDGE_CURVE('',#7687,#7688,#605,.T.);
#9455=EDGE_CURVE('',#7698,#7687,#609,.T.);
#9459=EDGE_CURVE('',#7678,#7682,#613,.T.);
#9461=EDGE_CURVE('',#7672,#7678,#617,.T.);
#9463=EDGE_CURVE('',#7671,#7672,#621,.T.);
#9465=EDGE_CURVE('',#7682,#7671,#625,.T.);
#9469=EDGE_CURVE('',#7662,#7666,#629,.T.);
#9471=EDGE_CURVE('',#7656,#7662,#633,.T.);
#9473=EDGE_CURVE('',#7655,#7656,#637,.T.);
#9475=EDGE_CURVE('',#7666,#7655,#641,.T.);
#9479=EDGE_CURVE('',#7646,#7650,#645,.T.);
#9481=EDGE_CURVE('',#7640,#7646,#649,.T.);
#9483=EDGE_CURVE('',#7639,#7640,#653,.T.);
#9485=EDGE_CURVE('',#7650,#7639,#657,.T.);
#9489=EDGE_CURVE('',#7630,#7634,#661,.T.);
#9491=EDGE_CURVE('',#7624,#7630,#665,.T.);
#9493=EDGE_CURVE('',#7623,#7624,#669,.T.);
#9495=EDGE_CURVE('',#7634,#7623,#673,.T.);
#9499=EDGE_CURVE('',#7614,#7618,#677,.T.);
#9501=EDGE_CURVE('',#7608,#7614,#681,.T.);
#9503=EDGE_CURVE('',#7607,#7608,#685,.T.);
#9505=EDGE_CURVE('',#7618,#7607,#689,.T.);
#9509=EDGE_CURVE('',#7598,#7602,#693,.T.);
#9511=EDGE_CURVE('',#7592,#7598,#697,.T.);
#9513=EDGE_CURVE('',#7591,#7592,#701,.T.);
#9515=EDGE_CURVE('',#7602,#7591,#705,.T.);
#9519=EDGE_CURVE('',#7582,#7586,#709,.T.);
#9521=EDGE_CURVE('',#7576,#7582,#713,.T.);
#9523=EDGE_CURVE('',#7575,#7576,#717,.T.);
#9525=EDGE_CURVE('',#7586,#7575,#721,.T.);
#9529=EDGE_CURVE('',#7566,#7570,#725,.T.);
#9531=EDGE_CURVE('',#7560,#7566,#729,.T.);
#9533=EDGE_CURVE('',#7559,#7560,#733,.T.);
#9535=EDGE_CURVE('',#7570,#7559,#737,.T.);
#9539=EDGE_CURVE('',#7550,#7554,#741,.T.);
#9541=EDGE_CURVE('',#7544,#7550,#745,.T.);
#9543=EDGE_CURVE('',#7543,#7544,#749,.T.);
#9545=EDGE_CURVE('',#7554,#7543,#753,.T.);
#9549=EDGE_CURVE('',#7534,#7538,#757,.T.);
#9551=EDGE_CURVE('',#7528,#7534,#761,.T.);
#9553=EDGE_CURVE('',#7527,#7528,#765,.T.);
#9555=EDGE_CURVE('',#7538,#7527,#769,.T.);
#9559=EDGE_CURVE('',#7374,#7378,#773,.T.);
#9561=EDGE_CURVE('',#7368,#7374,#777,.T.);
#9563=EDGE_CURVE('',#7367,#7368,#781,.T.);
#9565=EDGE_CURVE('',#7378,#7367,#785,.T.);
#9569=EDGE_CURVE('',#7358,#7362,#789,.T.);
#9571=EDGE_CURVE('',#7352,#7358,#793,.T.);
#9573=EDGE_CURVE('',#7351,#7352,#797,.T.);
#9575=EDGE_CURVE('',#7362,#7351,#801,.T.);
#9579=EDGE_CURVE('',#7342,#7346,#805,.T.);
#9581=EDGE_CURVE('',#7336,#7342,#809,.T.);
#9583=EDGE_CURVE('',#7335,#7336,#813,.T.);
#9585=EDGE_CURVE('',#7346,#7335,#817,.T.);
#9589=EDGE_CURVE('',#7326,#7330,#821,.T.);
#9591=EDGE_CURVE('',#7320,#7326,#825,.T.);
#9593=EDGE_CURVE('',#7319,#7320,#829,.T.);
#9595=EDGE_CURVE('',#7330,#7319,#833,.T.);
#9599=EDGE_CURVE('',#7310,#7314,#837,.T.);
#9601=EDGE_CURVE('',#7304,#7310,#841,.T.);
#9603=EDGE_CURVE('',#7303,#7304,#845,.T.);
#9605=EDGE_CURVE('',#7314,#7303,#849,.T.);
#9609=EDGE_CURVE('',#7294,#7298,#853,.T.);
#9611=EDGE_CURVE('',#7288,#7294,#857,.T.);
#9613=EDGE_CURVE('',#7287,#7288,#861,.T.);
#9615=EDGE_CURVE('',#7298,#7287,#865,.T.);
#9619=EDGE_CURVE('',#7278,#7282,#869,.T.);
#9621=EDGE_CURVE('',#7272,#7278,#873,.T.);
#9623=EDGE_CURVE('',#7271,#7272,#877,.T.);
#9625=EDGE_CURVE('',#7282,#7271,#881,.T.);
#9629=EDGE_CURVE('',#7262,#7266,#885,.T.);
#9631=EDGE_CURVE('',#7256,#7262,#889,.T.);
#9633=EDGE_CURVE('',#7255,#7256,#893,.T.);
#9635=EDGE_CURVE('',#7266,#7255,#897,.T.);
#9639=EDGE_CURVE('',#7246,#7250,#901,.T.);
#9641=EDGE_CURVE('',#7240,#7246,#905,.T.);
#9643=EDGE_CURVE('',#7239,#7240,#909,.T.);
#9645=EDGE_CURVE('',#7250,#7239,#913,.T.);
#9649=EDGE_CURVE('',#7230,#7234,#917,.T.);
#9651=EDGE_CURVE('',#7224,#7230,#921,.T.);
#9653=EDGE_CURVE('',#7223,#7224,#925,.T.);
#9655=EDGE_CURVE('',#7234,#7223,#929,.T.);
#9659=EDGE_CURVE('',#7214,#7218,#933,.T.);
#9661=EDGE_CURVE('',#7208,#7214,#937,.T.);
#9663=EDGE_CURVE('',#7207,#7208,#941,.T.);
#9665=EDGE_CURVE('',#7218,#7207,#945,.T.);
#9669=EDGE_CURVE('',#7198,#7202,#949,.T.);
#9671=EDGE_CURVE('',#7192,#7198,#953,.T.);
#9673=EDGE_CURVE('',#7191,#7192,#957,.T.);
#9675=EDGE_CURVE('',#7202,#7191,#961,.T.);
#9679=EDGE_CURVE('',#7182,#7186,#965,.T.);
#9681=EDGE_CURVE('',#7176,#7182,#969,.T.);
#9683=EDGE_CURVE('',#7175,#7176,#973,.T.);
#9685=EDGE_CURVE('',#7186,#7175,#977,.T.);
#9689=EDGE_CURVE('',#7022,#7026,#981,.T.);
#9691=EDGE_CURVE('',#7016,#7022,#985,.T.);
#9693=EDGE_CURVE('',#7015,#7016,#989,.T.);
#9695=EDGE_CURVE('',#7026,#7015,#993,.T.);
#9699=EDGE_CURVE('',#7006,#7010,#997,.T.);
#9701=EDGE_CURVE('',#7000,#7006,#1001,.T.);
#9703=EDGE_CURVE('',#6999,#7000,#1005,.T.);
#9705=EDGE_CURVE('',#7010,#6999,#1009,.T.);
#9709=EDGE_CURVE('',#6990,#6994,#1013,.T.);
#9711=EDGE_CURVE('',#6984,#6990,#1017,.T.);
#9713=EDGE_CURVE('',#6983,#6984,#1021,.T.);
#9715=EDGE_CURVE('',#6994,#6983,#1025,.T.);
#9719=EDGE_CURVE('',#6974,#6978,#1029,.T.);
#9721=EDGE_CURVE('',#6968,#6974,#1033,.T.);
#9723=EDGE_CURVE('',#6967,#6968,#1037,.T.);
#9725=EDGE_CURVE('',#6978,#6967,#1041,.T.);
#9729=EDGE_CURVE('',#6958,#6962,#1045,.T.);
#9731=EDGE_CURVE('',#6952,#6958,#1049,.T.);
#9733=EDGE_CURVE('',#6951,#6952,#1053,.T.);
#9735=EDGE_CURVE('',#6962,#6951,#1057,.T.);
#9739=EDGE_CURVE('',#6798,#6802,#1061,.T.);
#9741=EDGE_CURVE('',#6792,#6798,#1065,.T.);
#9743=EDGE_CURVE('',#6791,#6792,#1069,.T.);
#9745=EDGE_CURVE('',#6802,#6791,#1073,.T.);
#9749=EDGE_CURVE('',#6782,#6786,#1077,.T.);
#9751=EDGE_CURVE('',#6776,#6782,#1081,.T.);
#9753=EDGE_CURVE('',#6775,#6776,#1085,.T.);
#9755=EDGE_CURVE('',#6786,#6775,#1089,.T.);
#9759=EDGE_CURVE('',#6926,#6930,#1093,.T.);
#9761=EDGE_CURVE('',#6922,#6926,#1097,.T.);
#9763=EDGE_CURVE('',#6918,#6922,#1101,.T.);
#9765=EDGE_CURVE('',#6914,#6918,#1105,.T.);
#9767=EDGE_CURVE('',#6910,#6914,#1109,.T.);
#9769=EDGE_CURVE('',#6906,#6910,#1113,.T.);
#9771=EDGE_CURVE('',#6902,#6906,#1117,.T.);
#9773=EDGE_CURVE('',#6898,#6902,#1121,.T.);
#9775=EDGE_CURVE('',#6894,#6898,#1125,.T.);
#9777=EDGE_CURVE('',#6890,#6894,#1129,.T.);
#9779=EDGE_CURVE('',#6886,#6890,#1133,.T.);
#9781=EDGE_CURVE('',#6882,#6886,#1137,.T.);
#9783=EDGE_CURVE('',#6878,#6882,#1141,.T.);
#9785=EDGE_CURVE('',#6874,#6878,#1145,.T.);
#9787=EDGE_CURVE('',#6872,#6874,#1149,.T.);
#9789=EDGE_CURVE('',#6866,#6872,#1153,.T.);
#9791=EDGE_CURVE('',#6864,#6866,#1157,.T.);
#9793=EDGE_CURVE('',#6858,#6864,#1161,.T.);
#9795=EDGE_CURVE('',#6854,#6858,#1165,.T.);
#9797=EDGE_CURVE('',#6850,#6854,#1169,.T.);
#9799=EDGE_CURVE('',#6846,#6850,#1173,.T.);
#9801=EDGE_CURVE('',#6842,#6846,#1177,.T.);
#9803=EDGE_CURVE('',#6838,#6842,#1181,.T.);
#9805=EDGE_CURVE('',#6834,#6838,#1185,.T.);
#9807=EDGE_CURVE('',#6830,#6834,#1189,.T.);
#9809=EDGE_CURVE('',#6826,#6830,#1193,.T.);
#9811=EDGE_CURVE('',#6822,#6826,#1197,.T.);
#9813=EDGE_CURVE('',#6818,#6822,#1201,.T.);
#9815=EDGE_CURVE('',#6814,#6818,#1205,.T.);
#9817=EDGE_CURVE('',#6808,#6814,#1209,.T.);
#9819=EDGE_CURVE('',#6807,#6808,#1213,.T.);
#9821=EDGE_CURVE('',#6946,#6807,#1217,.T.);
#9823=EDGE_CURVE('',#6944,#6946,#1221,.T.);
#9825=EDGE_CURVE('',#6938,#6944,#1225,.T.);
#9827=EDGE_CURVE('',#6936,#6938,#1229,.T.);
#9829=EDGE_CURVE('',#6930,#6936,#1233,.T.);
#9833=EDGE_CURVE('',#7150,#7154,#1237,.T.);
#9835=EDGE_CURVE('',#7146,#7150,#1241,.T.);
#9837=EDGE_CURVE('',#7142,#7146,#1245,.T.);
#9839=EDGE_CURVE('',#7138,#7142,#1249,.T.);
#9841=EDGE_CURVE('',#7134,#7138,#1253,.T.);
#9843=EDGE_CURVE('',#7130,#7134,#1257,.T.);
#9845=EDGE_CURVE('',#7126,#7130,#1261,.T.);
#9847=EDGE_CURVE('',#7122,#7126,#1265,.T.);
#9849=EDGE_CURVE('',#7118,#7122,#1269,.T.);
#9851=EDGE_CURVE('',#7114,#7118,#1273,.T.);
#9853=EDGE_CURVE('',#7110,#7114,#1277,.T.);
#9855=EDGE_CURVE('',#7106,#7110,#1281,.T.);
#9857=EDGE_CURVE('',#7102,#7106,#1285,.T.);
#9859=EDGE_CURVE('',#7098,#7102,#1289,.T.);
#9861=EDGE_CURVE('',#7096,#7098,#1293,.T.);
#9863=EDGE_CURVE('',#7090,#7096,#1297,.T.);
#9865=EDGE_CURVE('',#7088,#7090,#1301,.T.);
#9867=EDGE_CURVE('',#7082,#7088,#1305,.T.);
#9869=EDGE_CURVE('',#7078,#7082,#1309,.T.);
#9871=EDGE_CURVE('',#7074,#7078,#1313,.T.);
#9873=EDGE_CURVE('',#7070,#7074,#1317,.T.);
#9875=EDGE_CURVE('',#7066,#7070,#1321,.T.);
#9877=EDGE_CURVE('',#7062,#7066,#1325,.T.);
#9879=EDGE_CURVE('',#7058,#7062,#1329,.T.);
#9881=EDGE_CURVE('',#7054,#7058,#1333,.T.);
#9883=EDGE_CURVE('',#7050,#7054,#1337,.T.);
#9885=EDGE_CURVE('',#7046,#7050,#1341,.T.);
#9887=EDGE_CURVE('',#7042,#7046,#1345,.T.);
#9889=EDGE_CURVE('',#7038,#7042,#1349,.T.);
#9891=EDGE_CURVE('',#7032,#7038,#1353,.T.);
#9893=EDGE_CURVE('',#7031,#7032,#1357,.T.);
#9895=EDGE_CURVE('',#7170,#7031,#1361,.T.);
#9897=EDGE_CURVE('',#7168,#7170,#1365,.T.);
#9899=EDGE_CURVE('',#7162,#7168,#1369,.T.);
#9901=EDGE_CURVE('',#7160,#7162,#1373,.T.);
#9903=EDGE_CURVE('',#7154,#7160,#1377,.T.);
#9907=EDGE_CURVE('',#7502,#7506,#1381,.T.);
#9909=EDGE_CURVE('',#7498,#7502,#1385,.T.);
#9911=EDGE_CURVE('',#7494,#7498,#1389,.T.);
#9913=EDGE_CURVE('',#7490,#7494,#1393,.T.);
#9915=EDGE_CURVE('',#7486,#7490,#1397,.T.);
#9917=EDGE_CURVE('',#7482,#7486,#1401,.T.);
#9919=EDGE_CURVE('',#7478,#7482,#1405,.T.);
#9921=EDGE_CURVE('',#7474,#7478,#1409,.T.);
#9923=EDGE_CURVE('',#7470,#7474,#1413,.T.);
#9925=EDGE_CURVE('',#7466,#7470,#1417,.T.);
#9927=EDGE_CURVE('',#7462,#7466,#1421,.T.);
#9929=EDGE_CURVE('',#7458,#7462,#1425,.T.);
#9931=EDGE_CURVE('',#7454,#7458,#1429,.T.);
#9933=EDGE_CURVE('',#7450,#7454,#1433,.T.);
#9935=EDGE_CURVE('',#7448,#7450,#1437,.T.);
#9937=EDGE_CURVE('',#7442,#7448,#1441,.T.);
#9939=EDGE_CURVE('',#7440,#7442,#1445,.T.);
#9941=EDGE_CURVE('',#7434,#7440,#1449,.T.);
#9943=EDGE_CURVE('',#7430,#7434,#1453,.T.);
#9945=EDGE_CURVE('',#7426,#7430,#1457,.T.);
#9947=EDGE_CURVE('',#7422,#7426,#1461,.T.);
#9949=EDGE_CURVE('',#7418,#7422,#1465,.T.);
#9951=EDGE_CURVE('',#7414,#7418,#1469,.T.);
#9953=EDGE_CURVE('',#7410,#7414,#1473,.T.);
#9955=EDGE_CURVE('',#7406,#7410,#1477,.T.);
#9957=EDGE_CURVE('',#7402,#7406,#1481,.T.);
#9959=EDGE_CURVE('',#7398,#7402,#1485,.T.);
#9961=EDGE_CURVE('',#7394,#7398,#1489,.T.);
#9963=EDGE_CURVE('',#7390,#7394,#1493,.T.);
#9965=EDGE_CURVE('',#7384,#7390,#1497,.T.);
#9967=EDGE_CURVE('',#7383,#7384,#1501,.T.);
#9969=EDGE_CURVE('',#7522,#7383,#1505,.T.);
#9971=EDGE_CURVE('',#7520,#7522,#1509,.T.);
#9973=EDGE_CURVE('',#7514,#7520,#1513,.T.);
#9975=EDGE_CURVE('',#7512,#7514,#1517,.T.);
#9977=EDGE_CURVE('',#7506,#7512,#1521,.T.);
#9981=EDGE_CURVE('',#8818,#8814,#10,.T.);
#9983=EDGE_CURVE('',#8814,#8818,#15,.T.);
#9987=EDGE_CURVE('',#8413,#8414,#2652,.T.);
#9989=EDGE_CURVE('',#8414,#8482,#2640,.T.);
#9991=EDGE_CURVE('',#8482,#8480,#2632,.T.);
#9993=EDGE_CURVE('',#8480,#8478,#2628,.T.);
#9995=EDGE_CURVE('',#8478,#8476,#2604,.T.);
#9997=EDGE_CURVE('',#8476,#8474,#2596,.T.);
#9999=EDGE_CURVE('',#8474,#8472,#2580,.T.);
#10001=EDGE_CURVE('',#8472,#8470,#2568,.T.);
#10003=EDGE_CURVE('',#8470,#8468,#2556,.T.);
#10005=EDGE_CURVE('',#8468,#8466,#2544,.T.);
#10007=EDGE_CURVE('',#8466,#8464,#2532,.T.);
#10009=EDGE_CURVE('',#8464,#8462,#2520,.T.);
#10011=EDGE_CURVE('',#8462,#8460,#2508,.T.);
#10013=EDGE_CURVE('',#8460,#8458,#2496,.T.);
#10015=EDGE_CURVE('',#8458,#8456,#2484,.T.);
#10017=EDGE_CURVE('',#8456,#8454,#2472,.T.);
#10019=EDGE_CURVE('',#8454,#8452,#2460,.T.);
#10021=EDGE_CURVE('',#8452,#8450,#2448,.T.);
#10023=EDGE_CURVE('',#8450,#8448,#2436,.T.);
#10025=EDGE_CURVE('',#8448,#8446,#2424,.T.);
#10027=EDGE_CURVE('',#8446,#8444,#2416,.T.);
#10029=EDGE_CURVE('',#8444,#8442,#2412,.T.);
#10031=EDGE_CURVE('',#8442,#8440,#2388,.T.);
#10033=EDGE_CURVE('',#8440,#8438,#2380,.T.);
#10035=EDGE_CURVE('',#8438,#8436,#2364,.T.);
#10037=EDGE_CURVE('',#8436,#8434,#2352,.T.);
#10039=EDGE_CURVE('',#8434,#8432,#2340,.T.);
#10041=EDGE_CURVE('',#8432,#8430,#2328,.T.);
#10043=EDGE_CURVE('',#8430,#8428,#2316,.T.);
#10045=EDGE_CURVE('',#8428,#8426,#2304,.T.);
#10047=EDGE_CURVE('',#8426,#8424,#2292,.T.);
#10049=EDGE_CURVE('',#8424,#8422,#2280,.T.);
#10051=EDGE_CURVE('',#8422,#8420,#2268,.T.);
#10053=EDGE_CURVE('',#8420,#8418,#2256,.T.);
#10055=EDGE_CURVE('',#8418,#8416,#2244,.T.);
#10057=EDGE_CURVE('',#8416,#8413,#2232,.T.);
#10068=EDGE_CURVE('',#8813,#8814,#1781,.T.);
#10070=EDGE_CURVE('',#8813,#8820,#1791,.T.);
#10072=EDGE_CURVE('',#8820,#8817,#1786,.T.);
#10074=EDGE_CURVE('',#8817,#8818,#1777,.T.);
#10086=EDGE_CURVE('',#8817,#8822,#1801,.T.);
#10088=EDGE_CURVE('',#8822,#8813,#1796,.T.);
#10099=EDGE_CURVE('',#6699,#6664,#1894,.T.);
#10101=EDGE_CURVE('',#6699,#6700,#5916,.T.);
#10103=EDGE_CURVE('',#8774,#6700,#1899,.T.);
#10105=EDGE_CURVE('',#8774,#8772,#5936,.T.);
#10107=EDGE_CURVE('',#8770,#8772,#1904,.T.);
#10109=EDGE_CURVE('',#8770,#8768,#5948,.T.);
#10111=EDGE_CURVE('',#8766,#8768,#1909,.T.);
#10113=EDGE_CURVE('',#8766,#8764,#5964,.T.);
#10115=EDGE_CURVE('',#8762,#8764,#1914,.T.);
#10117=EDGE_CURVE('',#6691,#8762,#1919,.T.);
#10119=EDGE_CURVE('',#6691,#6692,#5980,.T.);
#10121=EDGE_CURVE('',#8760,#6692,#1924,.T.);
#10123=EDGE_CURVE('',#8760,#8758,#6000,.T.);
#10125=EDGE_CURVE('',#8756,#8758,#1929,.T.);
#10127=EDGE_CURVE('',#8756,#8754,#6012,.T.);
#10129=EDGE_CURVE('',#8752,#8754,#1934,.T.);
#10131=EDGE_CURVE('',#8752,#8750,#6028,.T.);
#10133=EDGE_CURVE('',#8748,#8750,#1939,.T.);
#10135=EDGE_CURVE('',#6675,#8748,#1944,.T.);
#10137=EDGE_CURVE('',#6675,#6676,#6044,.T.);
#10139=EDGE_CURVE('',#8746,#6676,#1949,.T.);
#10141=EDGE_CURVE('',#8746,#8744,#6064,.T.);
#10143=EDGE_CURVE('',#8742,#8744,#1954,.T.);
#10145=EDGE_CURVE('',#8742,#8740,#6076,.T.);
#10147=EDGE_CURVE('',#8738,#8740,#1959,.T.);
#10149=EDGE_CURVE('',#8738,#8736,#6092,.T.);
#10151=EDGE_CURVE('',#8734,#8736,#1964,.T.);
#10153=EDGE_CURVE('',#6686,#8734,#1969,.T.);
#10155=EDGE_CURVE('',#6686,#6688,#6112,.T.);
#10157=EDGE_CURVE('',#6707,#6688,#1974,.T.);
#10159=EDGE_CURVE('',#6707,#6708,#6124,.T.);
#10161=EDGE_CURVE('',#8732,#6708,#1979,.T.);
#10163=EDGE_CURVE('',#8732,#8730,#6144,.T.);
#10165=EDGE_CURVE('',#8728,#8730,#1984,.T.);
#10167=EDGE_CURVE('',#8728,#8726,#6156,.T.);
#10169=EDGE_CURVE('',#8724,#8726,#1989,.T.);
#10171=EDGE_CURVE('',#8724,#8722,#6172,.T.);
#10173=EDGE_CURVE('',#8720,#8722,#1994,.T.);
#10175=EDGE_CURVE('',#6718,#8720,#1999,.T.);
#10177=EDGE_CURVE('',#6718,#6720,#6192,.T.);
#10179=EDGE_CURVE('',#8718,#6720,#2004,.T.);
#10181=EDGE_CURVE('',#8718,#8716,#6208,.T.);
#10183=EDGE_CURVE('',#8714,#8716,#2009,.T.);
#10185=EDGE_CURVE('',#8714,#8712,#6220,.T.);
#10187=EDGE_CURVE('',#8710,#8712,#2014,.T.);
#10189=EDGE_CURVE('',#8710,#8708,#6236,.T.);
#10191=EDGE_CURVE('',#8706,#8708,#2019,.T.);
#10193=EDGE_CURVE('',#6726,#8706,#2024,.T.);
#10195=EDGE_CURVE('',#6726,#6728,#6256,.T.);
#10197=EDGE_CURVE('',#6732,#6728,#2029,.T.);
#10199=EDGE_CURVE('',#6731,#6732,#2033,.T.);
#10201=EDGE_CURVE('',#8704,#6731,#2038,.T.);
#10203=EDGE_CURVE('',#8704,#8702,#6284,.T.);
#10205=EDGE_CURVE('',#8700,#8702,#2043,.T.);
#10207=EDGE_CURVE('',#8700,#8698,#6296,.T.);
#10209=EDGE_CURVE('',#8696,#8698,#2048,.T.);
#10211=EDGE_CURVE('',#8696,#8694,#6312,.T.);
#10213=EDGE_CURVE('',#8692,#8694,#2053,.T.);
#10215=EDGE_CURVE('',#6742,#8692,#2058,.T.);
#10217=EDGE_CURVE('',#6744,#6742,#2062,.T.);
#10219=EDGE_CURVE('',#8690,#6744,#2067,.T.);
#10221=EDGE_CURVE('',#8690,#8688,#6344,.T.);
#10223=EDGE_CURVE('',#8686,#8688,#2072,.T.);
#10225=EDGE_CURVE('',#8686,#8684,#6356,.T.);
#10227=EDGE_CURVE('',#8682,#8684,#2077,.T.);
#10229=EDGE_CURVE('',#8682,#8680,#6372,.T.);
#10231=EDGE_CURVE('',#8678,#8680,#2082,.T.);
#10233=EDGE_CURVE('',#6750,#8678,#2087,.T.);
#10235=EDGE_CURVE('',#6752,#6750,#2091,.T.);
#10237=EDGE_CURVE('',#8676,#6752,#2096,.T.);
#10239=EDGE_CURVE('',#8676,#8674,#6404,.T.);
#10241=EDGE_CURVE('',#8672,#8674,#2101,.T.);
#10243=EDGE_CURVE('',#8672,#8670,#6416,.T.);
#10245=EDGE_CURVE('',#8668,#8670,#2106,.T.);
#10247=EDGE_CURVE('',#8668,#8666,#6432,.T.);
#10249=EDGE_CURVE('',#8664,#8666,#2111,.T.);
#10251=EDGE_CURVE('',#6758,#8664,#2116,.T.);
#10253=EDGE_CURVE('',#6760,#6758,#2120,.T.);
#10255=EDGE_CURVE('',#8662,#6760,#2125,.T.);
#10257=EDGE_CURVE('',#8662,#8660,#6464,.T.);
#10259=EDGE_CURVE('',#8658,#8660,#2130,.T.);
#10261=EDGE_CURVE('',#8658,#8656,#6476,.T.);
#10263=EDGE_CURVE('',#8654,#8656,#2135,.T.);
#10265=EDGE_CURVE('',#8654,#8652,#6492,.T.);
#10267=EDGE_CURVE('',#8650,#8652,#2140,.T.);
#10269=EDGE_CURVE('',#6766,#8650,#2145,.T.);
#10271=EDGE_CURVE('',#6768,#6766,#2149,.T.);
#10273=EDGE_CURVE('',#6770,#6768,#2154,.T.);
#10275=EDGE_CURVE('',#6770,#8648,#6520,.T.);
#10277=EDGE_CURVE('',#8646,#8648,#2159,.T.);
#10279=EDGE_CURVE('',#8646,#8644,#6536,.T.);
#10281=EDGE_CURVE('',#8642,#8644,#2164,.T.);
#10283=EDGE_CURVE('',#8642,#8640,#6548,.T.);
#10285=EDGE_CURVE('',#8638,#8640,#2169,.T.);
#10287=EDGE_CURVE('',#8638,#8636,#6564,.T.);
#10289=EDGE_CURVE('',#8634,#8636,#2174,.T.);
#10291=EDGE_CURVE('',#6667,#8634,#2179,.T.);
#10293=EDGE_CURVE('',#6667,#6668,#6580,.T.);
#10295=EDGE_CURVE('',#8632,#6668,#2184,.T.);
#10297=EDGE_CURVE('',#8632,#8630,#6596,.T.);
#10299=EDGE_CURVE('',#8628,#8630,#2189,.T.);
#10301=EDGE_CURVE('',#8628,#8626,#6608,.T.);
#10303=EDGE_CURVE('',#8624,#8626,#2194,.T.);
#10305=EDGE_CURVE('',#8624,#8622,#6624,.T.);
#10307=EDGE_CURVE('',#8620,#8622,#2199,.T.);
#10309=EDGE_CURVE('',#6662,#8620,#2204,.T.);
#10311=EDGE_CURVE('',#6662,#6664,#6640,.T.);
#10315=EDGE_CURVE('',#8808,#8805,#1806,.T.);
#10317=EDGE_CURVE('',#8801,#8808,#1811,.T.);
#10319=EDGE_CURVE('',#8810,#8801,#1816,.T.);
#10321=EDGE_CURVE('',#8805,#8810,#1821,.T.);
#10325=EDGE_CURVE('',#8796,#8793,#1826,.T.);
#10327=EDGE_CURVE('',#8789,#8796,#1831,.T.);
#10329=EDGE_CURVE('',#8798,#8789,#1836,.T.);
#10331=EDGE_CURVE('',#8793,#8798,#1841,.T.);
#10335=EDGE_CURVE('',#8784,#8781,#1846,.T.);
#10337=EDGE_CURVE('',#8777,#8784,#1851,.T.);
#10339=EDGE_CURVE('',#8786,#8777,#1856,.T.);
#10341=EDGE_CURVE('',#8781,#8786,#1861,.T.);
#10345=EDGE_CURVE('',#8485,#8486,#2236,.T.);
#10347=EDGE_CURVE('',#8486,#8554,#2248,.T.);
#10349=EDGE_CURVE('',#8554,#8552,#2260,.T.);
#10351=EDGE_CURVE('',#8552,#8550,#2272,.T.);
#10353=EDGE_CURVE('',#8550,#8548,#2284,.T.);
#10355=EDGE_CURVE('',#8548,#8546,#2296,.T.);
#10357=EDGE_CURVE('',#8546,#8544,#2308,.T.);
#10359=EDGE_CURVE('',#8544,#8542,#2320,.T.);
#10361=EDGE_CURVE('',#8542,#8540,#2332,.T.);
#10363=EDGE_CURVE('',#8540,#8538,#2344,.T.);
#10365=EDGE_CURVE('',#8538,#8536,#2356,.T.);
#10367=EDGE_CURVE('',#8536,#8534,#2368,.T.);
#10369=EDGE_CURVE('',#8534,#8532,#2384,.T.);
#10371=EDGE_CURVE('',#8532,#8530,#2392,.T.);
#10373=EDGE_CURVE('',#8530,#8528,#2404,.T.);
#10375=EDGE_CURVE('',#8528,#8526,#2420,.T.);
#10377=EDGE_CURVE('',#8526,#8524,#2428,.T.);
#10379=EDGE_CURVE('',#8524,#8522,#2440,.T.);
#10381=EDGE_CURVE('',#8522,#8520,#2452,.T.);
#10383=EDGE_CURVE('',#8520,#8518,#2464,.T.);
#10385=EDGE_CURVE('',#8518,#8516,#2476,.T.);
#10387=EDGE_CURVE('',#8516,#8514,#2488,.T.);
#10389=EDGE_CURVE('',#8514,#8512,#2500,.T.);
#10391=EDGE_CURVE('',#8512,#8510,#2512,.T.);
#10393=EDGE_CURVE('',#8510,#8508,#2524,.T.);
#10395=EDGE_CURVE('',#8508,#8506,#2536,.T.);
#10397=EDGE_CURVE('',#8506,#8504,#2548,.T.);
#10399=EDGE_CURVE('',#8504,#8502,#2560,.T.);
#10401=EDGE_CURVE('',#8502,#8500,#2572,.T.);
#10403=EDGE_CURVE('',#8500,#8498,#2584,.T.);
#10405=EDGE_CURVE('',#8498,#8496,#2600,.T.);
#10407=EDGE_CURVE('',#8496,#8494,#2608,.T.);
#10409=EDGE_CURVE('',#8494,#8492,#2620,.T.);
#10411=EDGE_CURVE('',#8492,#8490,#2636,.T.);
#10413=EDGE_CURVE('',#8490,#8488,#2644,.T.);
#10415=EDGE_CURVE('',#8488,#8485,#2656,.T.);
#10420=EDGE_CURVE('',#6648,#6651,#2664,.T.);
#10422=EDGE_CURVE('',#6651,#6652,#2672,.T.);
#10424=EDGE_CURVE('',#6652,#8618,#2688,.T.);
#10426=EDGE_CURVE('',#8618,#8616,#2704,.T.);
#10428=EDGE_CURVE('',#8616,#8614,#2712,.T.);
#10430=EDGE_CURVE('',#8614,#8612,#2724,.T.);
#10432=EDGE_CURVE('',#8610,#8612,#1865,.T.);
#10434=EDGE_CURVE('',#8610,#8608,#2740,.T.);
#10436=EDGE_CURVE('',#8608,#8606,#2752,.T.);
#10438=EDGE_CURVE('',#8606,#8604,#2768,.T.);
#10440=EDGE_CURVE('',#8604,#8602,#2776,.T.);
#10442=EDGE_CURVE('',#8600,#8602,#1869,.T.);
#10444=EDGE_CURVE('',#8600,#8598,#2792,.T.);
#10446=EDGE_CURVE('',#8598,#8596,#2804,.T.);
#10448=EDGE_CURVE('',#8594,#8596,#1873,.T.);
#10450=EDGE_CURVE('',#8594,#8592,#2820,.T.);
#10452=EDGE_CURVE('',#8592,#8590,#2836,.T.);
#10454=EDGE_CURVE('',#8590,#8588,#2840,.T.);
#10456=EDGE_CURVE('',#8588,#8586,#2848,.T.);
#10458=EDGE_CURVE('',#8586,#8584,#2864,.T.);
#10460=EDGE_CURVE('',#8584,#8582,#2880,.T.);
#10462=EDGE_CURVE('',#8582,#8580,#2892,.T.);
#10464=EDGE_CURVE('',#8578,#8580,#1877,.T.);
#10466=EDGE_CURVE('',#8578,#8576,#2908,.T.);
#10468=EDGE_CURVE('',#8576,#8574,#2920,.T.);
#10470=EDGE_CURVE('',#8572,#8574,#1881,.T.);
#10472=EDGE_CURVE('',#8572,#8570,#2936,.T.);
#10474=EDGE_CURVE('',#8570,#8568,#2948,.T.);
#10476=EDGE_CURVE('',#8568,#8566,#2956,.T.);
#10478=EDGE_CURVE('',#8566,#8564,#2968,.T.);
#10480=EDGE_CURVE('',#8562,#8564,#1885,.T.);
#10482=EDGE_CURVE('',#8562,#8560,#2984,.T.);
#10484=EDGE_CURVE('',#8560,#8558,#2996,.T.);
#10486=EDGE_CURVE('',#8558,#8556,#3012,.T.);
#10488=EDGE_CURVE('',#8556,#6646,#3024,.T.);
#10492=EDGE_CURVE('',#8212,#8202,#3028,.T.);
#10494=EDGE_CURVE('',#8202,#8204,#3036,.T.);
#10496=EDGE_CURVE('',#8204,#8208,#3044,.T.);
#10498=EDGE_CURVE('',#8208,#8212,#3052,.T.);
#10502=EDGE_CURVE('',#8196,#8186,#3060,.T.);
#10504=EDGE_CURVE('',#8186,#8188,#3068,.T.);
#10506=EDGE_CURVE('',#8188,#8192,#3076,.T.);
#10508=EDGE_CURVE('',#8192,#8196,#3084,.T.);
#10512=EDGE_CURVE('',#8180,#8170,#3092,.T.);
#10514=EDGE_CURVE('',#8170,#8172,#3100,.T.);
#10516=EDGE_CURVE('',#8172,#8176,#3108,.T.);
#10518=EDGE_CURVE('',#8176,#8180,#3116,.T.);
#10522=EDGE_CURVE('',#8164,#8154,#3124,.T.);
#10524=EDGE_CURVE('',#8154,#8156,#3132,.T.);
#10526=EDGE_CURVE('',#8156,#8160,#3140,.T.);
#10528=EDGE_CURVE('',#8160,#8164,#3148,.T.);
#10532=EDGE_CURVE('',#8148,#8138,#3156,.T.);
#10534=EDGE_CURVE('',#8138,#8140,#3164,.T.);
#10536=EDGE_CURVE('',#8140,#8144,#3172,.T.);
#10538=EDGE_CURVE('',#8144,#8148,#3180,.T.);
#10542=EDGE_CURVE('',#8132,#8122,#3188,.T.);
#10544=EDGE_CURVE('',#8122,#8124,#3196,.T.);
#10546=EDGE_CURVE('',#8124,#8128,#3204,.T.);
#10548=EDGE_CURVE('',#8128,#8132,#3212,.T.);
#10552=EDGE_CURVE('',#8116,#8106,#3220,.T.);
#10554=EDGE_CURVE('',#8106,#8108,#3228,.T.);
#10556=EDGE_CURVE('',#8108,#8112,#3236,.T.);
#10558=EDGE_CURVE('',#8112,#8116,#3244,.T.);
#10562=EDGE_CURVE('',#8100,#8090,#3252,.T.);
#10564=EDGE_CURVE('',#8090,#8092,#3260,.T.);
#10566=EDGE_CURVE('',#8092,#8096,#3268,.T.);
#10568=EDGE_CURVE('',#8096,#8100,#3276,.T.);
#10572=EDGE_CURVE('',#8084,#8074,#3284,.T.);
#10574=EDGE_CURVE('',#8074,#8076,#3292,.T.);
#10576=EDGE_CURVE('',#8076,#8080,#3300,.T.);
#10578=EDGE_CURVE('',#8080,#8084,#3308,.T.);
#10582=EDGE_CURVE('',#8066,#8058,#3316,.T.);
#10584=EDGE_CURVE('',#8058,#8060,#3320,.T.);
#10586=EDGE_CURVE('',#8060,#8062,#3328,.T.);
#10588=EDGE_CURVE('',#8066,#8062,#1889,.T.);
#10592=EDGE_CURVE('',#8052,#8042,#3348,.T.);
#10594=EDGE_CURVE('',#8042,#8044,#3356,.T.);
#10596=EDGE_CURVE('',#8044,#8048,#3364,.T.);
#10598=EDGE_CURVE('',#8048,#8052,#3372,.T.);
#10602=EDGE_CURVE('',#8036,#8026,#3380,.T.);
#10604=EDGE_CURVE('',#8026,#8028,#3388,.T.);
#10606=EDGE_CURVE('',#8028,#8032,#3396,.T.);
#10608=EDGE_CURVE('',#8032,#8036,#3404,.T.);
#10612=EDGE_CURVE('',#8020,#8010,#3412,.T.);
#10614=EDGE_CURVE('',#8010,#8012,#3420,.T.);
#10616=EDGE_CURVE('',#8012,#8016,#3428,.T.);
#10618=EDGE_CURVE('',#8016,#8020,#3436,.T.);
#10622=EDGE_CURVE('',#8004,#7994,#3444,.T.);
#10624=EDGE_CURVE('',#7994,#7996,#3452,.T.);
#10626=EDGE_CURVE('',#7996,#8000,#3460,.T.);
#10628=EDGE_CURVE('',#8000,#8004,#3468,.T.);
#10632=EDGE_CURVE('',#7988,#7978,#3476,.T.);
#10634=EDGE_CURVE('',#7978,#7980,#3484,.T.);
#10636=EDGE_CURVE('',#7980,#7984,#3492,.T.);
#10638=EDGE_CURVE('',#7984,#7988,#3500,.T.);
#10642=EDGE_CURVE('',#7972,#7962,#3508,.T.);
#10644=EDGE_CURVE('',#7962,#7964,#3516,.T.);
#10646=EDGE_CURVE('',#7964,#7968,#3524,.T.);
#10648=EDGE_CURVE('',#7968,#7972,#3532,.T.);
#10652=EDGE_CURVE('',#7956,#7946,#3540,.T.);
#10654=EDGE_CURVE('',#7946,#7948,#3548,.T.);
#10656=EDGE_CURVE('',#7948,#7952,#3556,.T.);
#10658=EDGE_CURVE('',#7952,#7956,#3564,.T.);
#10662=EDGE_CURVE('',#7940,#7930,#3572,.T.);
#10664=EDGE_CURVE('',#7930,#7932,#3580,.T.);
#10666=EDGE_CURVE('',#7932,#7936,#3588,.T.);
#10668=EDGE_CURVE('',#7936,#7940,#3596,.T.);
#10672=EDGE_CURVE('',#7924,#7914,#3604,.T.);
#10674=EDGE_CURVE('',#7914,#7916,#3612,.T.);
#10676=EDGE_CURVE('',#7916,#7920,#3620,.T.);
#10678=EDGE_CURVE('',#7920,#7924,#3628,.T.);
#10682=EDGE_CURVE('',#7908,#7898,#3636,.T.);
#10684=EDGE_CURVE('',#7898,#7900,#3644,.T.);
#10686=EDGE_CURVE('',#7900,#7904,#3652,.T.);
#10688=EDGE_CURVE('',#7904,#7908,#3660,.T.);
#10692=EDGE_CURVE('',#7892,#7882,#3668,.T.);
#10694=EDGE_CURVE('',#7882,#7884,#3676,.T.);
#10696=EDGE_CURVE('',#7884,#7888,#3684,.T.);
#10698=EDGE_CURVE('',#7888,#7892,#3692,.T.);
#10702=EDGE_CURVE('',#7876,#7866,#3700,.T.);
#10704=EDGE_CURVE('',#7866,#7868,#3708,.T.);
#10706=EDGE_CURVE('',#7868,#7872,#3716,.T.);
#10708=EDGE_CURVE('',#7872,#7876,#3724,.T.);
#10712=EDGE_CURVE('',#7860,#7850,#3732,.T.);
#10714=EDGE_CURVE('',#7850,#7852,#3740,.T.);
#10716=EDGE_CURVE('',#7852,#7856,#3748,.T.);
#10718=EDGE_CURVE('',#7856,#7860,#3756,.T.);
#10722=EDGE_CURVE('',#7844,#7834,#3764,.T.);
#10724=EDGE_CURVE('',#7834,#7836,#3772,.T.);
#10726=EDGE_CURVE('',#7836,#7840,#3780,.T.);
#10728=EDGE_CURVE('',#7840,#7844,#3788,.T.);
#10732=EDGE_CURVE('',#7828,#7818,#3796,.T.);
#10734=EDGE_CURVE('',#7818,#7820,#3804,.T.);
#10736=EDGE_CURVE('',#7820,#7824,#3812,.T.);
#10738=EDGE_CURVE('',#7824,#7828,#3820,.T.);
#10742=EDGE_CURVE('',#7812,#7802,#3828,.T.);
#10744=EDGE_CURVE('',#7802,#7804,#3836,.T.);
#10746=EDGE_CURVE('',#7804,#7808,#3844,.T.);
#10748=EDGE_CURVE('',#7808,#7812,#3852,.T.);
#10752=EDGE_CURVE('',#7796,#7786,#3860,.T.);
#10754=EDGE_CURVE('',#7786,#7788,#3868,.T.);
#10756=EDGE_CURVE('',#7788,#7792,#3876,.T.);
#10758=EDGE_CURVE('',#7792,#7796,#3884,.T.);
#10762=EDGE_CURVE('',#7780,#7770,#3892,.T.);
#10764=EDGE_CURVE('',#7770,#7772,#3900,.T.);
#10766=EDGE_CURVE('',#7772,#7776,#3908,.T.);
#10768=EDGE_CURVE('',#7776,#7780,#3916,.T.);
#10772=EDGE_CURVE('',#7764,#7754,#3924,.T.);
#10774=EDGE_CURVE('',#7754,#7756,#3932,.T.);
#10776=EDGE_CURVE('',#7756,#7760,#3940,.T.);
#10778=EDGE_CURVE('',#7760,#7764,#3948,.T.);
#10782=EDGE_CURVE('',#7748,#7738,#3956,.T.);
#10784=EDGE_CURVE('',#7738,#7740,#3964,.T.);
#10786=EDGE_CURVE('',#7740,#7744,#3972,.T.);
#10788=EDGE_CURVE('',#7744,#7748,#3980,.T.);
#10792=EDGE_CURVE('',#7732,#7722,#3988,.T.);
#10794=EDGE_CURVE('',#7722,#7724,#3996,.T.);
#10796=EDGE_CURVE('',#7724,#7728,#4004,.T.);
#10798=EDGE_CURVE('',#7728,#7732,#4012,.T.);
#10802=EDGE_CURVE('',#7716,#7706,#4020,.T.);
#10804=EDGE_CURVE('',#7706,#7708,#4028,.T.);
#10806=EDGE_CURVE('',#7708,#7712,#4036,.T.);
#10808=EDGE_CURVE('',#7712,#7716,#4044,.T.);
#10812=EDGE_CURVE('',#7700,#7690,#4052,.T.);
#10814=EDGE_CURVE('',#7690,#7692,#4060,.T.);
#10816=EDGE_CURVE('',#7692,#7696,#4068,.T.);
#10818=EDGE_CURVE('',#7696,#7700,#4076,.T.);
#10822=EDGE_CURVE('',#7684,#7674,#4084,.T.);
#10824=EDGE_CURVE('',#7674,#7676,#4092,.T.);
#10826=EDGE_CURVE('',#7676,#7680,#4100,.T.);
#10828=EDGE_CURVE('',#7680,#7684,#4108,.T.);
#10832=EDGE_CURVE('',#7668,#7658,#4116,.T.);
#10834=EDGE_CURVE('',#7658,#7660,#4124,.T.);
#10836=EDGE_CURVE('',#7660,#7664,#4132,.T.);
#10838=EDGE_CURVE('',#7664,#7668,#4140,.T.);
#10842=EDGE_CURVE('',#7652,#7642,#4148,.T.);
#10844=EDGE_CURVE('',#7642,#7644,#4156,.T.);
#10846=EDGE_CURVE('',#7644,#7648,#4164,.T.);
#10848=EDGE_CURVE('',#7648,#7652,#4172,.T.);
#10852=EDGE_CURVE('',#7636,#7626,#4180,.T.);
#10854=EDGE_CURVE('',#7626,#7628,#4188,.T.);
#10856=EDGE_CURVE('',#7628,#7632,#4196,.T.);
#10858=EDGE_CURVE('',#7632,#7636,#4204,.T.);
#10862=EDGE_CURVE('',#7620,#7610,#4212,.T.);
#10864=EDGE_CURVE('',#7610,#7612,#4220,.T.);
#10866=EDGE_CURVE('',#7612,#7616,#4228,.T.);
#10868=EDGE_CURVE('',#7616,#7620,#4236,.T.);
#10872=EDGE_CURVE('',#7604,#7594,#4244,.T.);
#10874=EDGE_CURVE('',#7594,#7596,#4252,.T.);
#10876=EDGE_CURVE('',#7596,#7600,#4260,.T.);
#10878=EDGE_CURVE('',#7600,#7604,#4268,.T.);
#10882=EDGE_CURVE('',#7588,#7578,#4276,.T.);
#10884=EDGE_CURVE('',#7578,#7580,#4284,.T.);
#10886=EDGE_CURVE('',#7580,#7584,#4292,.T.);
#10888=EDGE_CURVE('',#7584,#7588,#4300,.T.);
#10892=EDGE_CURVE('',#7572,#7562,#4308,.T.);
#10894=EDGE_CURVE('',#7562,#7564,#4316,.T.);
#10896=EDGE_CURVE('',#7564,#7568,#4324,.T.);
#10898=EDGE_CURVE('',#7568,#7572,#4332,.T.);
#10902=EDGE_CURVE('',#7556,#7546,#4340,.T.);
#10904=EDGE_CURVE('',#7546,#7548,#4348,.T.);
#10906=EDGE_CURVE('',#7548,#7552,#4356,.T.);
#10908=EDGE_CURVE('',#7552,#7556,#4364,.T.);
#10912=EDGE_CURVE('',#7540,#7530,#4372,.T.);
#10914=EDGE_CURVE('',#7530,#7532,#4380,.T.);
#10916=EDGE_CURVE('',#7532,#7536,#4388,.T.);
#10918=EDGE_CURVE('',#7536,#7540,#4396,.T.);
#10922=EDGE_CURVE('',#7524,#7386,#4404,.T.);
#10924=EDGE_CURVE('',#7386,#7388,#4412,.T.);
#10926=EDGE_CURVE('',#7388,#7392,#4420,.T.);
#10928=EDGE_CURVE('',#7392,#7396,#4428,.T.);
#10930=EDGE_CURVE('',#7396,#7400,#4436,.T.);
#10932=EDGE_CURVE('',#7400,#7404,#4444,.T.);
#10934=EDGE_CURVE('',#7404,#7408,#4452,.T.);
#10936=EDGE_CURVE('',#7408,#7412,#4460,.T.);
#10938=EDGE_CURVE('',#7412,#7416,#4468,.T.);
#10940=EDGE_CURVE('',#7416,#7420,#4476,.T.);
#10942=EDGE_CURVE('',#7420,#7424,#4484,.T.);
#10944=EDGE_CURVE('',#7424,#7428,#4492,.T.);
#10946=EDGE_CURVE('',#7428,#7432,#4500,.T.);
#10948=EDGE_CURVE('',#7432,#7436,#4508,.T.);
#10950=EDGE_CURVE('',#7436,#7438,#4520,.T.);
#10952=EDGE_CURVE('',#7438,#7444,#4524,.T.);
#10954=EDGE_CURVE('',#7444,#7447,#4536,.T.);
#10956=EDGE_CURVE('',#7447,#7452,#4544,.T.);
#10958=EDGE_CURVE('',#7452,#7456,#4548,.T.);
#10960=EDGE_CURVE('',#7456,#7460,#4556,.T.);
#10962=EDGE_CURVE('',#7460,#7464,#4564,.T.);
#10964=EDGE_CURVE('',#7464,#7468,#4572,.T.);
#10966=EDGE_CURVE('',#7468,#7472,#4580,.T.);
#10968=EDGE_CURVE('',#7472,#7476,#4588,.T.);
#10970=EDGE_CURVE('',#7476,#7480,#4596,.T.);
#10972=EDGE_CURVE('',#7480,#7484,#4604,.T.);
#10974=EDGE_CURVE('',#7484,#7488,#4612,.T.);
#10976=EDGE_CURVE('',#7488,#7492,#4620,.T.);
#10978=EDGE_CURVE('',#7492,#7496,#4628,.T.);
#10980=EDGE_CURVE('',#7496,#7500,#4636,.T.);
#10982=EDGE_CURVE('',#7500,#7504,#4644,.T.);
#10984=EDGE_CURVE('',#7504,#7508,#4652,.T.);
#10986=EDGE_CURVE('',#7508,#7510,#4664,.T.);
#10988=EDGE_CURVE('',#7510,#7516,#4668,.T.);
#10990=EDGE_CURVE('',#7516,#7519,#4680,.T.);
#10992=EDGE_CURVE('',#7519,#7524,#4688,.T.);
#10996=EDGE_CURVE('',#7380,#7370,#4692,.T.);
#10998=EDGE_CURVE('',#7370,#7372,#4700,.T.);
#11000=EDGE_CURVE('',#7372,#7376,#4708,.T.);
#11002=EDGE_CURVE('',#7376,#7380,#4716,.T.);
#11006=EDGE_CURVE('',#7364,#7354,#4724,.T.);
#11008=EDGE_CURVE('',#7354,#7356,#4732,.T.);
#11010=EDGE_CURVE('',#7356,#7360,#4740,.T.);
#11012=EDGE_CURVE('',#7360,#7364,#4748,.T.);
#11016=EDGE_CURVE('',#7348,#7338,#4756,.T.);
#11018=EDGE_CURVE('',#7338,#7340,#4764,.T.);
#11020=EDGE_CURVE('',#7340,#7344,#4772,.T.);
#11022=EDGE_CURVE('',#7344,#7348,#4780,.T.);
#11026=EDGE_CURVE('',#7332,#7322,#4788,.T.);
#11028=EDGE_CURVE('',#7322,#7324,#4796,.T.);
#11030=EDGE_CURVE('',#7324,#7328,#4804,.T.);
#11032=EDGE_CURVE('',#7328,#7332,#4812,.T.);
#11036=EDGE_CURVE('',#7316,#7306,#4820,.T.);
#11038=EDGE_CURVE('',#7306,#7308,#4828,.T.);
#11040=EDGE_CURVE('',#7308,#7312,#4836,.T.);
#11042=EDGE_CURVE('',#7312,#7316,#4844,.T.);
#11046=EDGE_CURVE('',#7300,#7290,#4852,.T.);
#11048=EDGE_CURVE('',#7290,#7292,#4860,.T.);
#11050=EDGE_CURVE('',#7292,#7296,#4868,.T.);
#11052=EDGE_CURVE('',#7296,#7300,#4876,.T.);
#11056=EDGE_CURVE('',#7284,#7274,#4884,.T.);
#11058=EDGE_CURVE('',#7274,#7276,#4892,.T.);
#11060=EDGE_CURVE('',#7276,#7280,#4900,.T.);
#11062=EDGE_CURVE('',#7280,#7284,#4908,.T.);
#11066=EDGE_CURVE('',#7268,#7258,#4916,.T.);
#11068=EDGE_CURVE('',#7258,#7260,#4924,.T.);
#11070=EDGE_CURVE('',#7260,#7264,#4932,.T.);
#11072=EDGE_CURVE('',#7264,#7268,#4940,.T.);
#11076=EDGE_CURVE('',#7252,#7242,#4948,.T.);
#11078=EDGE_CURVE('',#7242,#7244,#4956,.T.);
#11080=EDGE_CURVE('',#7244,#7248,#4964,.T.);
#11082=EDGE_CURVE('',#7248,#7252,#4972,.T.);
#11086=EDGE_CURVE('',#7236,#7226,#4980,.T.);
#11088=EDGE_CURVE('',#7226,#7228,#4988,.T.);
#11090=EDGE_CURVE('',#7228,#7232,#4996,.T.);
#11092=EDGE_CURVE('',#7232,#7236,#5004,.T.);
#11096=EDGE_CURVE('',#7220,#7210,#5012,.T.);
#11098=EDGE_CURVE('',#7210,#7212,#5020,.T.);
#11100=EDGE_CURVE('',#7212,#7216,#5028,.T.);
#11102=EDGE_CURVE('',#7216,#7220,#5036,.T.);
#11106=EDGE_CURVE('',#7204,#7194,#5044,.T.);
#11108=EDGE_CURVE('',#7194,#7196,#5052,.T.);
#11110=EDGE_CURVE('',#7196,#7200,#5060,.T.);
#11112=EDGE_CURVE('',#7200,#7204,#5068,.T.);
#11116=EDGE_CURVE('',#7188,#7178,#5076,.T.);
#11118=EDGE_CURVE('',#7178,#7180,#5084,.T.);
#11120=EDGE_CURVE('',#7180,#7184,#5092,.T.);
#11122=EDGE_CURVE('',#7184,#7188,#5100,.T.);
#11126=EDGE_CURVE('',#7172,#7034,#5108,.T.);
#11128=EDGE_CURVE('',#7034,#7036,#5116,.T.);
#11130=EDGE_CURVE('',#7036,#7040,#5124,.T.);
#11132=EDGE_CURVE('',#7040,#7044,#5132,.T.);
#11134=EDGE_CURVE('',#7044,#7048,#5140,.T.);
#11136=EDGE_CURVE('',#7048,#7052,#5148,.T.);
#11138=EDGE_CURVE('',#7052,#7056,#5156,.T.);
#11140=EDGE_CURVE('',#7056,#7060,#5164,.T.);
#11142=EDGE_CURVE('',#7060,#7064,#5172,.T.);
#11144=EDGE_CURVE('',#7064,#7068,#5180,.T.);
#11146=EDGE_CURVE('',#7068,#7072,#5188,.T.);
#11148=EDGE_CURVE('',#7072,#7076,#5196,.T.);
#11150=EDGE_CURVE('',#7076,#7080,#5204,.T.);
#11152=EDGE_CURVE('',#7080,#7084,#5212,.T.);
#11154=EDGE_CURVE('',#7084,#7086,#5224,.T.);
#11156=EDGE_CURVE('',#7086,#7092,#5228,.T.);
#11158=EDGE_CURVE('',#7092,#7095,#5240,.T.);
#11160=EDGE_CURVE('',#7095,#7100,#5248,.T.);
#11162=EDGE_CURVE('',#7100,#7104,#5252,.T.);
#11164=EDGE_CURVE('',#7104,#7108,#5260,.T.);
#11166=EDGE_CURVE('',#7108,#7112,#5268,.T.);
#11168=EDGE_CURVE('',#7112,#7116,#5276,.T.);
#11170=EDGE_CURVE('',#7116,#7120,#5284,.T.);
#11172=EDGE_CURVE('',#7120,#7124,#5292,.T.);
#11174=EDGE_CURVE('',#7124,#7128,#5300,.T.);
#11176=EDGE_CURVE('',#7128,#7132,#5308,.T.);
#11178=EDGE_CURVE('',#7132,#7136,#5316,.T.);
#11180=EDGE_CURVE('',#7136,#7140,#5324,.T.);
#11182=EDGE_CURVE('',#7140,#7144,#5332,.T.);
#11184=EDGE_CURVE('',#7144,#7148,#5340,.T.);
#11186=EDGE_CURVE('',#7148,#7152,#5348,.T.);
#11188=EDGE_CURVE('',#7152,#7156,#5356,.T.);
#11190=EDGE_CURVE('',#7156,#7158,#5368,.T.);
#11192=EDGE_CURVE('',#7158,#7164,#5372,.T.);
#11194=EDGE_CURVE('',#7164,#7167,#5384,.T.);
#11196=EDGE_CURVE('',#7167,#7172,#5392,.T.);
#11200=EDGE_CURVE('',#7028,#7018,#5396,.T.);
#11202=EDGE_CURVE('',#7018,#7020,#5404,.T.);
#11204=EDGE_CURVE('',#7020,#7024,#5412,.T.);
#11206=EDGE_CURVE('',#7024,#7028,#5420,.T.);
#11210=EDGE_CURVE('',#7012,#7002,#5428,.T.);
#11212=EDGE_CURVE('',#7002,#7004,#5436,.T.);
#11214=EDGE_CURVE('',#7004,#7008,#5444,.T.);
#11216=EDGE_CURVE('',#7008,#7012,#5452,.T.);
#11220=EDGE_CURVE('',#6996,#6986,#5460,.T.);
#11222=EDGE_CURVE('',#6986,#6988,#5468,.T.);
#11224=EDGE_CURVE('',#6988,#6992,#5476,.T.);
#11226=EDGE_CURVE('',#6992,#6996,#5484,.T.);
#11230=EDGE_CURVE('',#6980,#6970,#5492,.T.);
#11232=EDGE_CURVE('',#6970,#6972,#5500,.T.);
#11234=EDGE_CURVE('',#6972,#6976,#5508,.T.);
#11236=EDGE_CURVE('',#6976,#6980,#5516,.T.);
#11240=EDGE_CURVE('',#6964,#6954,#5524,.T.);
#11242=EDGE_CURVE('',#6954,#6956,#5532,.T.);
#11244=EDGE_CURVE('',#6956,#6960,#5540,.T.);
#11246=EDGE_CURVE('',#6960,#6964,#5548,.T.);
#11250=EDGE_CURVE('',#6948,#6810,#5556,.T.);
#11252=EDGE_CURVE('',#6810,#6812,#5564,.T.);
#11254=EDGE_CURVE('',#6812,#6816,#5572,.T.);
#11256=EDGE_CURVE('',#6816,#6820,#5580,.T.);
#11258=EDGE_CURVE('',#6820,#6824,#5588,.T.);
#11260=EDGE_CURVE('',#6824,#6828,#5596,.T.);
#11262=EDGE_CURVE('',#6828,#6832,#5604,.T.);
#11264=EDGE_CURVE('',#6832,#6836,#5612,.T.);
#11266=EDGE_CURVE('',#6836,#6840,#5620,.T.);
#11268=EDGE_CURVE('',#6840,#6844,#5628,.T.);
#11270=EDGE_CURVE('',#6844,#6848,#5636,.T.);
#11272=EDGE_CURVE('',#6848,#6852,#5644,.T.);
#11274=EDGE_CURVE('',#6852,#6856,#5652,.T.);
#11276=EDGE_CURVE('',#6856,#6860,#5660,.T.);
#11278=EDGE_CURVE('',#6860,#6862,#5672,.T.);
#11280=EDGE_CURVE('',#6862,#6868,#5676,.T.);
#11282=EDGE_CURVE('',#6868,#6871,#5688,.T.);
#11284=EDGE_CURVE('',#6871,#6876,#5696,.T.);
#11286=EDGE_CURVE('',#6876,#6880,#5700,.T.);
#11288=EDGE_CURVE('',#6880,#6884,#5708,.T.);
#11290=EDGE_CURVE('',#6884,#6888,#5716,.T.);
#11292=EDGE_CURVE('',#6888,#6892,#5724,.T.);
#11294=EDGE_CURVE('',#6892,#6896,#5732,.T.);
#11296=EDGE_CURVE('',#6896,#6900,#5740,.T.);
#11298=EDGE_CURVE('',#6900,#6904,#5748,.T.);
#11300=EDGE_CURVE('',#6904,#6908,#5756,.T.);
#11302=EDGE_CURVE('',#6908,#6912,#5764,.T.);
#11304=EDGE_CURVE('',#6912,#6916,#5772,.T.);
#11306=EDGE_CURVE('',#6916,#6920,#5780,.T.);
#11308=EDGE_CURVE('',#6920,#6924,#5788,.T.);
#11310=EDGE_CURVE('',#6924,#6928,#5796,.T.);
#11312=EDGE_CURVE('',#6928,#6932,#5804,.T.);
#11314=EDGE_CURVE('',#6932,#6934,#5816,.T.);
#11316=EDGE_CURVE('',#6934,#6940,#5820,.T.);
#11318=EDGE_CURVE('',#6940,#6943,#5832,.T.);
#11320=EDGE_CURVE('',#6943,#6948,#5840,.T.);
#11324=EDGE_CURVE('',#6804,#6794,#5844,.T.);
#11326=EDGE_CURVE('',#6794,#6796,#5852,.T.);
#11328=EDGE_CURVE('',#6796,#6800,#5860,.T.);
#11330=EDGE_CURVE('',#6800,#6804,#5868,.T.);
#11334=EDGE_CURVE('',#6788,#6778,#5876,.T.);
#11336=EDGE_CURVE('',#6778,#6780,#5884,.T.);
#11338=EDGE_CURVE('',#6780,#6784,#5892,.T.);
#11340=EDGE_CURVE('',#6784,#6788,#5900,.T.);
#11357=EDGE_CURVE('',#8801,#8802,#2212,.T.);
#11361=EDGE_CURVE('',#8805,#8806,#2208,.T.);
#11385=EDGE_CURVE('',#8789,#8790,#2220,.T.);
#11389=EDGE_CURVE('',#8793,#8794,#2216,.T.);
#11413=EDGE_CURVE('',#8777,#8778,#2228,.T.);
#11417=EDGE_CURVE('',#8781,#8782,#2224,.T.);
#11441=EDGE_CURVE('',#8416,#8486,#2252,.T.);
#11444=EDGE_CURVE('',#8413,#8485,#2240,.T.);
#11455=EDGE_CURVE('',#8418,#8554,#2264,.T.);
#11468=EDGE_CURVE('',#8420,#8552,#2276,.T.);
#11481=EDGE_CURVE('',#8422,#8550,#2288,.T.);
#11494=EDGE_CURVE('',#8424,#8548,#2300,.T.);
#11507=EDGE_CURVE('',#8426,#8546,#2312,.T.);
#11520=EDGE_CURVE('',#8428,#8544,#2324,.T.);
#11533=EDGE_CURVE('',#8430,#8542,#2336,.T.);
#11546=EDGE_CURVE('',#8432,#8540,#2348,.T.);
#11559=EDGE_CURVE('',#8434,#8538,#2360,.T.);
#11572=EDGE_CURVE('',#8436,#8536,#2372,.T.);
#11585=EDGE_CURVE('',#8438,#8534,#2376,.T.);
#11599=EDGE_CURVE('',#8440,#8532,#2396,.T.);
#11611=EDGE_CURVE('',#8442,#8530,#2408,.T.);
#11623=EDGE_CURVE('',#8528,#8444,#2400,.T.);
#11637=EDGE_CURVE('',#8446,#8526,#2432,.T.);
#11650=EDGE_CURVE('',#8448,#8524,#2444,.T.);
#11663=EDGE_CURVE('',#8450,#8522,#2456,.T.);
#11676=EDGE_CURVE('',#8452,#8520,#2468,.T.);
#11689=EDGE_CURVE('',#8454,#8518,#2480,.T.);
#11702=EDGE_CURVE('',#8456,#8516,#2492,.T.);
#11715=EDGE_CURVE('',#8458,#8514,#2504,.T.);
#11728=EDGE_CURVE('',#8460,#8512,#2516,.T.);
#11741=EDGE_CURVE('',#8462,#8510,#2528,.T.);
#11754=EDGE_CURVE('',#8464,#8508,#2540,.T.);
#11767=EDGE_CURVE('',#8466,#8506,#2552,.T.);
#11780=EDGE_CURVE('',#8468,#8504,#2564,.T.);
#11793=EDGE_CURVE('',#8470,#8502,#2576,.T.);
#11806=EDGE_CURVE('',#8472,#8500,#2588,.T.);
#11819=EDGE_CURVE('',#8474,#8498,#2592,.T.);
#11833=EDGE_CURVE('',#8476,#8496,#2612,.T.);
#11845=EDGE_CURVE('',#8478,#8494,#2624,.T.);
#11857=EDGE_CURVE('',#8492,#8480,#2616,.T.);
#11871=EDGE_CURVE('',#8482,#8490,#2648,.T.);
#11884=EDGE_CURVE('',#8414,#8488,#2660,.T.);
#11909=EDGE_CURVE('',#6656,#6651,#2676,.T.);
#11924=EDGE_CURVE('',#6654,#6652,#2692,.T.);
#11935=EDGE_CURVE('',#8618,#8216,#2684,.T.);
#11948=EDGE_CURVE('',#8616,#8218,#2700,.T.);
#11961=EDGE_CURVE('',#8220,#8614,#2728,.T.);
#11974=EDGE_CURVE('',#8612,#8222,#2720,.T.);
#11989=EDGE_CURVE('',#8610,#8224,#2732,.T.);
#12000=EDGE_CURVE('',#8226,#8608,#2756,.T.);
#12013=EDGE_CURVE('',#8606,#8228,#2748,.T.);
#12026=EDGE_CURVE('',#8604,#8230,#2764,.T.);
#12039=EDGE_CURVE('',#8232,#8602,#2780,.T.);
#12054=EDGE_CURVE('',#8234,#8600,#2796,.T.);
#12065=EDGE_CURVE('',#8598,#8236,#2788,.T.);
#12078=EDGE_CURVE('',#8238,#8596,#2808,.T.);
#12093=EDGE_CURVE('',#8240,#8594,#2824,.T.);
#12104=EDGE_CURVE('',#8592,#8242,#2816,.T.);
#12117=EDGE_CURVE('',#8590,#8244,#2832,.T.);
#12132=EDGE_CURVE('',#8246,#8588,#2852,.T.);
#12142=EDGE_CURVE('',#8248,#8586,#2868,.T.);
#12156=EDGE_CURVE('',#8250,#8584,#2884,.T.);
#12169=EDGE_CURVE('',#8582,#8252,#2876,.T.);
#12182=EDGE_CURVE('',#8254,#8580,#2896,.T.);
#12197=EDGE_CURVE('',#8256,#8578,#2912,.T.);
#12208=EDGE_CURVE('',#8576,#8258,#2904,.T.);
#12221=EDGE_CURVE('',#8260,#8574,#2924,.T.);
#12236=EDGE_CURVE('',#8262,#8572,#2940,.T.);
#12247=EDGE_CURVE('',#8570,#8264,#2932,.T.);
#12259=EDGE_CURVE('',#8568,#8266,#2944,.T.);
#12273=EDGE_CURVE('',#8268,#8566,#2972,.T.);
#12286=EDGE_CURVE('',#8564,#8270,#2964,.T.);
#12301=EDGE_CURVE('',#8562,#8272,#2976,.T.);
#12312=EDGE_CURVE('',#8274,#8560,#3000,.T.);
#12325=EDGE_CURVE('',#8558,#8276,#2992,.T.);
#12338=EDGE_CURVE('',#8556,#8214,#3008,.T.);
#12363=EDGE_CURVE('',#8199,#8202,#3040,.T.);
#12366=EDGE_CURVE('',#8210,#8212,#3032,.T.);
#12377=EDGE_CURVE('',#8200,#8204,#3048,.T.);
#12390=EDGE_CURVE('',#8206,#8208,#3056,.T.);
#12415=EDGE_CURVE('',#8183,#8186,#3072,.T.);
#12418=EDGE_CURVE('',#8194,#8196,#3064,.T.);
#12429=EDGE_CURVE('',#8184,#8188,#3080,.T.);
#12442=EDGE_CURVE('',#8190,#8192,#3088,.T.);
#12467=EDGE_CURVE('',#8167,#8170,#3104,.T.);
#12470=EDGE_CURVE('',#8178,#8180,#3096,.T.);
#12481=EDGE_CURVE('',#8168,#8172,#3112,.T.);
#12494=EDGE_CURVE('',#8174,#8176,#3120,.T.);
#12519=EDGE_CURVE('',#8151,#8154,#3136,.T.);
#12522=EDGE_CURVE('',#8162,#8164,#3128,.T.);
#12533=EDGE_CURVE('',#8152,#8156,#3144,.T.);
#12546=EDGE_CURVE('',#8158,#8160,#3152,.T.);
#12571=EDGE_CURVE('',#8135,#8138,#3168,.T.);
#12574=EDGE_CURVE('',#8146,#8148,#3160,.T.);
#12585=EDGE_CURVE('',#8136,#8140,#3176,.T.);
#12598=EDGE_CURVE('',#8142,#8144,#3184,.T.);
#12623=EDGE_CURVE('',#8119,#8122,#3200,.T.);
#12626=EDGE_CURVE('',#8130,#8132,#3192,.T.);
#12637=EDGE_CURVE('',#8120,#8124,#3208,.T.);
#12650=EDGE_CURVE('',#8126,#8128,#3216,.T.);
#12675=EDGE_CURVE('',#8103,#8106,#3232,.T.);
#12678=EDGE_CURVE('',#8114,#8116,#3224,.T.);
#12689=EDGE_CURVE('',#8104,#8108,#3240,.T.);
#12702=EDGE_CURVE('',#8110,#8112,#3248,.T.);
#12727=EDGE_CURVE('',#8087,#8090,#3264,.T.);
#12730=EDGE_CURVE('',#8098,#8100,#3256,.T.);
#12741=EDGE_CURVE('',#8088,#8092,#3272,.T.);
#12754=EDGE_CURVE('',#8094,#8096,#3280,.T.);
#12779=EDGE_CURVE('',#8071,#8074,#3296,.T.);
#12782=EDGE_CURVE('',#8082,#8084,#3288,.T.);
#12793=EDGE_CURVE('',#8072,#8076,#3304,.T.);
#12806=EDGE_CURVE('',#8078,#8080,#3312,.T.);
#12831=EDGE_CURVE('',#8055,#8058,#3324,.T.);
#12834=EDGE_CURVE('',#8066,#8068,#3344,.T.);
#12845=EDGE_CURVE('',#8056,#8060,#3332,.T.);
#12860=EDGE_CURVE('',#8064,#8062,#3336,.T.);
#12883=EDGE_CURVE('',#8039,#8042,#3360,.T.);
#12886=EDGE_CURVE('',#8050,#8052,#3352,.T.);
#12897=EDGE_CURVE('',#8040,#8044,#3368,.T.);
#12910=EDGE_CURVE('',#8046,#8048,#3376,.T.);
#12935=EDGE_CURVE('',#8023,#8026,#3392,.T.);
#12938=EDGE_CURVE('',#8034,#8036,#3384,.T.);
#12949=EDGE_CURVE('',#8024,#8028,#3400,.T.);
#12962=EDGE_CURVE('',#8030,#8032,#3408,.T.);
#12987=EDGE_CURVE('',#8007,#8010,#3424,.T.);
#12990=EDGE_CURVE('',#8018,#8020,#3416,.T.);
#13001=EDGE_CURVE('',#8008,#8012,#3432,.T.);
#13014=EDGE_CURVE('',#8014,#8016,#3440,.T.);
#13039=EDGE_CURVE('',#7991,#7994,#3456,.T.);
#13042=EDGE_CURVE('',#8002,#8004,#3448,.T.);
#13053=EDGE_CURVE('',#7992,#7996,#3464,.T.);
#13066=EDGE_CURVE('',#7998,#8000,#3472,.T.);
#13091=EDGE_CURVE('',#7975,#7978,#3488,.T.);
#13094=EDGE_CURVE('',#7986,#7988,#3480,.T.);
#13105=EDGE_CURVE('',#7976,#7980,#3496,.T.);
#13118=EDGE_CURVE('',#7982,#7984,#3504,.T.);
#13143=EDGE_CURVE('',#7959,#7962,#3520,.T.);
#13146=EDGE_CURVE('',#7970,#7972,#3512,.T.);
#13157=EDGE_CURVE('',#7960,#7964,#3528,.T.);
#13170=EDGE_CURVE('',#7966,#7968,#3536,.T.);
#13195=EDGE_CURVE('',#7943,#7946,#3552,.T.);
#13198=EDGE_CURVE('',#7954,#7956,#3544,.T.);
#13209=EDGE_CURVE('',#7944,#7948,#3560,.T.);
#13222=EDGE_CURVE('',#7950,#7952,#3568,.T.);
#13247=EDGE_CURVE('',#7927,#7930,#3584,.T.);
#13250=EDGE_CURVE('',#7938,#7940,#3576,.T.);
#13261=EDGE_CURVE('',#7928,#7932,#3592,.T.);
#13274=EDGE_CURVE('',#7934,#7936,#3600,.T.);
#13299=EDGE_CURVE('',#7911,#7914,#3616,.T.);
#13302=EDGE_CURVE('',#7922,#7924,#3608,.T.);
#13313=EDGE_CURVE('',#7912,#7916,#3624,.T.);
#13326=EDGE_CURVE('',#7918,#7920,#3632,.T.);
#13351=EDGE_CURVE('',#7895,#7898,#3648,.T.);
#13354=EDGE_CURVE('',#7906,#7908,#3640,.T.);
#13365=EDGE_CURVE('',#7896,#7900,#3656,.T.);
#13378=EDGE_CURVE('',#7902,#7904,#3664,.T.);
#13403=EDGE_CURVE('',#7879,#7882,#3680,.T.);
#13406=EDGE_CURVE('',#7890,#7892,#3672,.T.);
#13417=EDGE_CURVE('',#7880,#7884,#3688,.T.);
#13430=EDGE_CURVE('',#7886,#7888,#3696,.T.);
#13455=EDGE_CURVE('',#7863,#7866,#3712,.T.);
#13458=EDGE_CURVE('',#7874,#7876,#3704,.T.);
#13469=EDGE_CURVE('',#7864,#7868,#3720,.T.);
#13482=EDGE_CURVE('',#7870,#7872,#3728,.T.);
#13507=EDGE_CURVE('',#7847,#7850,#3744,.T.);
#13510=EDGE_CURVE('',#7858,#7860,#3736,.T.);
#13521=EDGE_CURVE('',#7848,#7852,#3752,.T.);
#13534=EDGE_CURVE('',#7854,#7856,#3760,.T.);
#13559=EDGE_CURVE('',#7831,#7834,#3776,.T.);
#13562=EDGE_CURVE('',#7842,#7844,#3768,.T.);
#13573=EDGE_CURVE('',#7832,#7836,#3784,.T.);
#13586=EDGE_CURVE('',#7838,#7840,#3792,.T.);
#13611=EDGE_CURVE('',#7815,#7818,#3808,.T.);
#13614=EDGE_CURVE('',#7826,#7828,#3800,.T.);
#13625=EDGE_CURVE('',#7816,#7820,#3816,.T.);
#13638=EDGE_CURVE('',#7822,#7824,#3824,.T.);
#13663=EDGE_CURVE('',#7799,#7802,#3840,.T.);
#13666=EDGE_CURVE('',#7810,#7812,#3832,.T.);
#13677=EDGE_CURVE('',#7800,#7804,#3848,.T.);
#13690=EDGE_CURVE('',#7806,#7808,#3856,.T.);
#13715=EDGE_CURVE('',#7783,#7786,#3872,.T.);
#13718=EDGE_CURVE('',#7794,#7796,#3864,.T.);
#13729=EDGE_CURVE('',#7784,#7788,#3880,.T.);
#13742=EDGE_CURVE('',#7790,#7792,#3888,.T.);
#13767=EDGE_CURVE('',#7767,#7770,#3904,.T.);
#13770=EDGE_CURVE('',#7778,#7780,#3896,.T.);
#13781=EDGE_CURVE('',#7768,#7772,#3912,.T.);
#13794=EDGE_CURVE('',#7774,#7776,#3920,.T.);
#13819=EDGE_CURVE('',#7751,#7754,#3936,.T.);
#13822=EDGE_CURVE('',#7762,#7764,#3928,.T.);
#13833=EDGE_CURVE('',#7752,#7756,#3944,.T.);
#13846=EDGE_CURVE('',#7758,#7760,#3952,.T.);
#13871=EDGE_CURVE('',#7735,#7738,#3968,.T.);
#13874=EDGE_CURVE('',#7746,#7748,#3960,.T.);
#13885=EDGE_CURVE('',#7736,#7740,#3976,.T.);
#13898=EDGE_CURVE('',#7742,#7744,#3984,.T.);
#13923=EDGE_CURVE('',#7719,#7722,#4000,.T.);
#13926=EDGE_CURVE('',#7730,#7732,#3992,.T.);
#13937=EDGE_CURVE('',#7720,#7724,#4008,.T.);
#13950=EDGE_CURVE('',#7726,#7728,#4016,.T.);
#13975=EDGE_CURVE('',#7703,#7706,#4032,.T.);
#13978=EDGE_CURVE('',#7714,#7716,#4024,.T.);
#13989=EDGE_CURVE('',#7704,#7708,#4040,.T.);
#14002=EDGE_CURVE('',#7710,#7712,#4048,.T.);
#14027=EDGE_CURVE('',#7687,#7690,#4064,.T.);
#14030=EDGE_CURVE('',#7698,#7700,#4056,.T.);
#14041=EDGE_CURVE('',#7688,#7692,#4072,.T.);
#14054=EDGE_CURVE('',#7694,#7696,#4080,.T.);
#14079=EDGE_CURVE('',#7671,#7674,#4096,.T.);
#14082=EDGE_CURVE('',#7682,#7684,#4088,.T.);
#14093=EDGE_CURVE('',#7672,#7676,#4104,.T.);
#14106=EDGE_CURVE('',#7678,#7680,#4112,.T.);
#14131=EDGE_CURVE('',#7655,#7658,#4128,.T.);
#14134=EDGE_CURVE('',#7666,#7668,#4120,.T.);
#14145=EDGE_CURVE('',#7656,#7660,#4136,.T.);
#14158=EDGE_CURVE('',#7662,#7664,#4144,.T.);
#14183=EDGE_CURVE('',#7639,#7642,#4160,.T.);
#14186=EDGE_CURVE('',#7650,#7652,#4152,.T.);
#14197=EDGE_CURVE('',#7640,#7644,#4168,.T.);
#14210=EDGE_CURVE('',#7646,#7648,#4176,.T.);
#14235=EDGE_CURVE('',#7623,#7626,#4192,.T.);
#14238=EDGE_CURVE('',#7634,#7636,#4184,.T.);
#14249=EDGE_CURVE('',#7624,#7628,#4200,.T.);
#14262=EDGE_CURVE('',#7630,#7632,#4208,.T.);
#14287=EDGE_CURVE('',#7607,#7610,#4224,.T.);
#14290=EDGE_CURVE('',#7618,#7620,#4216,.T.);
#14301=EDGE_CURVE('',#7608,#7612,#4232,.T.);
#14314=EDGE_CURVE('',#7614,#7616,#4240,.T.);
#14339=EDGE_CURVE('',#7591,#7594,#4256,.T.);
#14342=EDGE_CURVE('',#7602,#7604,#4248,.T.);
#14353=EDGE_CURVE('',#7592,#7596,#4264,.T.);
#14366=EDGE_CURVE('',#7598,#7600,#4272,.T.);
#14391=EDGE_CURVE('',#7575,#7578,#4288,.T.);
#14394=EDGE_CURVE('',#7586,#7588,#4280,.T.);
#14405=EDGE_CURVE('',#7576,#7580,#4296,.T.);
#14418=EDGE_CURVE('',#7582,#7584,#4304,.T.);
#14443=EDGE_CURVE('',#7559,#7562,#4320,.T.);
#14446=EDGE_CURVE('',#7570,#7572,#4312,.T.);
#14457=EDGE_CURVE('',#7560,#7564,#4328,.T.);
#14470=EDGE_CURVE('',#7566,#7568,#4336,.T.);
#14495=EDGE_CURVE('',#7543,#7546,#4352,.T.);
#14498=EDGE_CURVE('',#7554,#7556,#4344,.T.);
#14509=EDGE_CURVE('',#7544,#7548,#4360,.T.);
#14522=EDGE_CURVE('',#7550,#7552,#4368,.T.);
#14547=EDGE_CURVE('',#7527,#7530,#4384,.T.);
#14550=EDGE_CURVE('',#7538,#7540,#4376,.T.);
#14561=EDGE_CURVE('',#7528,#7532,#4392,.T.);
#14574=EDGE_CURVE('',#7534,#7536,#4400,.T.);
#14599=EDGE_CURVE('',#7383,#7386,#4416,.T.);
#14602=EDGE_CURVE('',#7522,#7524,#4408,.T.);
#14613=EDGE_CURVE('',#7384,#7388,#4424,.T.);
#14626=EDGE_CURVE('',#7390,#7392,#4432,.T.);
#14639=EDGE_CURVE('',#7394,#7396,#4440,.T.);
#14652=EDGE_CURVE('',#7398,#7400,#4448,.T.);
#14665=EDGE_CURVE('',#7402,#7404,#4456,.T.);
#14678=EDGE_CURVE('',#7406,#7408,#4464,.T.);
#14691=EDGE_CURVE('',#7410,#7412,#4472,.T.);
#14704=EDGE_CURVE('',#7414,#7416,#4480,.T.);
#14717=EDGE_CURVE('',#7418,#7420,#4488,.T.);
#14730=EDGE_CURVE('',#7422,#7424,#4496,.T.);
#14743=EDGE_CURVE('',#7426,#7428,#4504,.T.);
#14756=EDGE_CURVE('',#7430,#7432,#4512,.T.);
#14769=EDGE_CURVE('',#7434,#7436,#4516,.T.);
#14783=EDGE_CURVE('',#7440,#7438,#4528,.T.);
#14795=EDGE_CURVE('',#7442,#7444,#4540,.T.);
#14807=EDGE_CURVE('',#7447,#7448,#4532,.T.);
#14821=EDGE_CURVE('',#7450,#7452,#4552,.T.);
#14834=EDGE_CURVE('',#7454,#7456,#4560,.T.);
#14847=EDGE_CURVE('',#7458,#7460,#4568,.T.);
#14860=EDGE_CURVE('',#7462,#7464,#4576,.T.);
#14873=EDGE_CURVE('',#7466,#7468,#4584,.T.);
#14886=EDGE_CURVE('',#7470,#7472,#4592,.T.);
#14899=EDGE_CURVE('',#7474,#7476,#4600,.T.);
#14912=EDGE_CURVE('',#7478,#7480,#4608,.T.);
#14925=EDGE_CURVE('',#7482,#7484,#4616,.T.);
#14938=EDGE_CURVE('',#7486,#7488,#4624,.T.);
#14951=EDGE_CURVE('',#7490,#7492,#4632,.T.);
#14964=EDGE_CURVE('',#7494,#7496,#4640,.T.);
#14977=EDGE_CURVE('',#7498,#7500,#4648,.T.);
#14990=EDGE_CURVE('',#7502,#7504,#4656,.T.);
#15003=EDGE_CURVE('',#7506,#7508,#4660,.T.);
#15017=EDGE_CURVE('',#7512,#7510,#4672,.T.);
#15029=EDGE_CURVE('',#7514,#7516,#4684,.T.);
#15041=EDGE_CURVE('',#7519,#7520,#4676,.T.);
#15067=EDGE_CURVE('',#7367,#7370,#4704,.T.);
#15070=EDGE_CURVE('',#7378,#7380,#4696,.T.);
#15081=EDGE_CURVE('',#7368,#7372,#4712,.T.);
#15094=EDGE_CURVE('',#7374,#7376,#4720,.T.);
#15119=EDGE_CURVE('',#7351,#7354,#4736,.T.);
#15122=EDGE_CURVE('',#7362,#7364,#4728,.T.);
#15133=EDGE_CURVE('',#7352,#7356,#4744,.T.);
#15146=EDGE_CURVE('',#7358,#7360,#4752,.T.);
#15171=EDGE_CURVE('',#7335,#7338,#4768,.T.);
#15174=EDGE_CURVE('',#7346,#7348,#4760,.T.);
#15185=EDGE_CURVE('',#7336,#7340,#4776,.T.);
#15198=EDGE_CURVE('',#7342,#7344,#4784,.T.);
#15223=EDGE_CURVE('',#7319,#7322,#4800,.T.);
#15226=EDGE_CURVE('',#7330,#7332,#4792,.T.);
#15237=EDGE_CURVE('',#7320,#7324,#4808,.T.);
#15250=EDGE_CURVE('',#7326,#7328,#4816,.T.);
#15275=EDGE_CURVE('',#7303,#7306,#4832,.T.);
#15278=EDGE_CURVE('',#7314,#7316,#4824,.T.);
#15289=EDGE_CURVE('',#7304,#7308,#4840,.T.);
#15302=EDGE_CURVE('',#7310,#7312,#4848,.T.);
#15327=EDGE_CURVE('',#7287,#7290,#4864,.T.);
#15330=EDGE_CURVE('',#7298,#7300,#4856,.T.);
#15341=EDGE_CURVE('',#7288,#7292,#4872,.T.);
#15354=EDGE_CURVE('',#7294,#7296,#4880,.T.);
#15379=EDGE_CURVE('',#7271,#7274,#4896,.T.);
#15382=EDGE_CURVE('',#7282,#7284,#4888,.T.);
#15393=EDGE_CURVE('',#7272,#7276,#4904,.T.);
#15406=EDGE_CURVE('',#7278,#7280,#4912,.T.);
#15431=EDGE_CURVE('',#7255,#7258,#4928,.T.);
#15434=EDGE_CURVE('',#7266,#7268,#4920,.T.);
#15445=EDGE_CURVE('',#7256,#7260,#4936,.T.);
#15458=EDGE_CURVE('',#7262,#7264,#4944,.T.);
#15483=EDGE_CURVE('',#7239,#7242,#4960,.T.);
#15486=EDGE_CURVE('',#7250,#7252,#4952,.T.);
#15497=EDGE_CURVE('',#7240,#7244,#4968,.T.);
#15510=EDGE_CURVE('',#7246,#7248,#4976,.T.);
#15535=EDGE_CURVE('',#7223,#7226,#4992,.T.);
#15538=EDGE_CURVE('',#7234,#7236,#4984,.T.);
#15549=EDGE_CURVE('',#7224,#7228,#5000,.T.);
#15562=EDGE_CURVE('',#7230,#7232,#5008,.T.);
#15587=EDGE_CURVE('',#7207,#7210,#5024,.T.);
#15590=EDGE_CURVE('',#7218,#7220,#5016,.T.);
#15601=EDGE_CURVE('',#7208,#7212,#5032,.T.);
#15614=EDGE_CURVE('',#7214,#7216,#5040,.T.);
#15639=EDGE_CURVE('',#7191,#7194,#5056,.T.);
#15642=EDGE_CURVE('',#7202,#7204,#5048,.T.);
#15653=EDGE_CURVE('',#7192,#7196,#5064,.T.);
#15666=EDGE_CURVE('',#7198,#7200,#5072,.T.);
#15691=EDGE_CURVE('',#7175,#7178,#5088,.T.);
#15694=EDGE_CURVE('',#7186,#7188,#5080,.T.);
#15705=EDGE_CURVE('',#7176,#7180,#5096,.T.);
#15718=EDGE_CURVE('',#7182,#7184,#5104,.T.);
#15743=EDGE_CURVE('',#7031,#7034,#5120,.T.);
#15746=EDGE_CURVE('',#7170,#7172,#5112,.T.);
#15757=EDGE_CURVE('',#7032,#7036,#5128,.T.);
#15770=EDGE_CURVE('',#7038,#7040,#5136,.T.);
#15783=EDGE_CURVE('',#7042,#7044,#5144,.T.);
#15796=EDGE_CURVE('',#7046,#7048,#5152,.T.);
#15809=EDGE_CURVE('',#7050,#7052,#5160,.T.);
#15822=EDGE_CURVE('',#7054,#7056,#5168,.T.);
#15835=EDGE_CURVE('',#7058,#7060,#5176,.T.);
#15848=EDGE_CURVE('',#7062,#7064,#5184,.T.);
#15861=EDGE_CURVE('',#7066,#7068,#5192,.T.);
#15874=EDGE_CURVE('',#7070,#7072,#5200,.T.);
#15887=EDGE_CURVE('',#7074,#7076,#5208,.T.);
#15900=EDGE_CURVE('',#7078,#7080,#5216,.T.);
#15913=EDGE_CURVE('',#7082,#7084,#5220,.T.);
#15927=EDGE_CURVE('',#7088,#7086,#5232,.T.);
#15939=EDGE_CURVE('',#7090,#7092,#5244,.T.);
#15951=EDGE_CURVE('',#7095,#7096,#5236,.T.);
#15965=EDGE_CURVE('',#7098,#7100,#5256,.T.);
#15978=EDGE_CURVE('',#7102,#7104,#5264,.T.);
#15991=EDGE_CURVE('',#7106,#7108,#5272,.T.);
#16004=EDGE_CURVE('',#7110,#7112,#5280,.T.);
#16017=EDGE_CURVE('',#7114,#7116,#5288,.T.);
#16030=EDGE_CURVE('',#7118,#7120,#5296,.T.);
#16043=EDGE_CURVE('',#7122,#7124,#5304,.T.);
#16056=EDGE_CURVE('',#7126,#7128,#5312,.T.);
#16069=EDGE_CURVE('',#7130,#7132,#5320,.T.);
#16082=EDGE_CURVE('',#7134,#7136,#5328,.T.);
#16095=EDGE_CURVE('',#7138,#7140,#5336,.T.);
#16108=EDGE_CURVE('',#7142,#7144,#5344,.T.);
#16121=EDGE_CURVE('',#7146,#7148,#5352,.T.);
#16134=EDGE_CURVE('',#7150,#7152,#5360,.T.);
#16147=EDGE_CURVE('',#7154,#7156,#5364,.T.);
#16161=EDGE_CURVE('',#7160,#7158,#5376,.T.);
#16173=EDGE_CURVE('',#7162,#7164,#5388,.T.);
#16185=EDGE_CURVE('',#7167,#7168,#5380,.T.);
#16211=EDGE_CURVE('',#7015,#7018,#5408,.T.);
#16214=EDGE_CURVE('',#7026,#7028,#5400,.T.);
#16225=EDGE_CURVE('',#7016,#7020,#5416,.T.);
#16238=EDGE_CURVE('',#7022,#7024,#5424,.T.);
#16263=EDGE_CURVE('',#6999,#7002,#5440,.T.);
#16266=EDGE_CURVE('',#7010,#7012,#5432,.T.);
#16277=EDGE_CURVE('',#7000,#7004,#5448,.T.);
#16290=EDGE_CURVE('',#7006,#7008,#5456,.T.);
#16315=EDGE_CURVE('',#6983,#6986,#5472,.T.);
#16318=EDGE_CURVE('',#6994,#6996,#5464,.T.);
#16329=EDGE_CURVE('',#6984,#6988,#5480,.T.);
#16342=EDGE_CURVE('',#6990,#6992,#5488,.T.);
#16367=EDGE_CURVE('',#6967,#6970,#5504,.T.);
#16370=EDGE_CURVE('',#6978,#6980,#5496,.T.);
#16381=EDGE_CURVE('',#6968,#6972,#5512,.T.);
#16394=EDGE_CURVE('',#6974,#6976,#5520,.T.);
#16419=EDGE_CURVE('',#6951,#6954,#5536,.T.);
#16422=EDGE_CURVE('',#6962,#6964,#5528,.T.);
#16433=EDGE_CURVE('',#6952,#6956,#5544,.T.);
#16446=EDGE_CURVE('',#6958,#6960,#5552,.T.);
#16471=EDGE_CURVE('',#6807,#6810,#5568,.T.);
#16474=EDGE_CURVE('',#6946,#6948,#5560,.T.);
#16485=EDGE_CURVE('',#6808,#6812,#5576,.T.);
#16498=EDGE_CURVE('',#6814,#6816,#5584,.T.);
#16511=EDGE_CURVE('',#6818,#6820,#5592,.T.);
#16524=EDGE_CURVE('',#6822,#6824,#5600,.T.);
#16537=EDGE_CURVE('',#6826,#6828,#5608,.T.);
#16550=EDGE_CURVE('',#6830,#6832,#5616,.T.);
#16563=EDGE_CURVE('',#6834,#6836,#5624,.T.);
#16576=EDGE_CURVE('',#6838,#6840,#5632,.T.);
#16589=EDGE_CURVE('',#6842,#6844,#5640,.T.);
#16602=EDGE_CURVE('',#6846,#6848,#5648,.T.);
#16615=EDGE_CURVE('',#6850,#6852,#5656,.T.);
#16628=EDGE_CURVE('',#6854,#6856,#5664,.T.);
#16641=EDGE_CURVE('',#6858,#6860,#5668,.T.);
#16655=EDGE_CURVE('',#6864,#6862,#5680,.T.);
#16667=EDGE_CURVE('',#6866,#6868,#5692,.T.);
#16679=EDGE_CURVE('',#6871,#6872,#5684,.T.);
#16693=EDGE_CURVE('',#6874,#6876,#5704,.T.);
#16706=EDGE_CURVE('',#6878,#6880,#5712,.T.);
#16719=EDGE_CURVE('',#6882,#6884,#5720,.T.);
#16732=EDGE_CURVE('',#6886,#6888,#5728,.T.);
#16745=EDGE_CURVE('',#6890,#6892,#5736,.T.);
#16758=EDGE_CURVE('',#6894,#6896,#5744,.T.);
#16771=EDGE_CURVE('',#6898,#6900,#5752,.T.);
#16784=EDGE_CURVE('',#6902,#6904,#5760,.T.);
#16797=EDGE_CURVE('',#6906,#6908,#5768,.T.);
#16810=EDGE_CURVE('',#6910,#6912,#5776,.T.);
#16823=EDGE_CURVE('',#6914,#6916,#5784,.T.);
#16836=EDGE_CURVE('',#6918,#6920,#5792,.T.);
#16849=EDGE_CURVE('',#6922,#6924,#5800,.T.);
#16862=EDGE_CURVE('',#6926,#6928,#5808,.T.);
#16875=EDGE_CURVE('',#6930,#6932,#5812,.T.);
#16889=EDGE_CURVE('',#6936,#6934,#5824,.T.);
#16901=EDGE_CURVE('',#6938,#6940,#5836,.T.);
#16913=EDGE_CURVE('',#6943,#6944,#5828,.T.);
#16939=EDGE_CURVE('',#6791,#6794,#5856,.T.);
#16942=EDGE_CURVE('',#6802,#6804,#5848,.T.);
#16953=EDGE_CURVE('',#6792,#6796,#5864,.T.);
#16966=EDGE_CURVE('',#6798,#6800,#5872,.T.);
#16991=EDGE_CURVE('',#6775,#6778,#5888,.T.);
#16994=EDGE_CURVE('',#6786,#6788,#5880,.T.);
#17005=EDGE_CURVE('',#6776,#6780,#5896,.T.);
#17018=EDGE_CURVE('',#6782,#6784,#5904,.T.);
#17043=EDGE_CURVE('',#6699,#6704,#5908,.T.);
#17046=EDGE_CURVE('',#6660,#6664,#5912,.T.);
#17059=EDGE_CURVE('',#6702,#6700,#5924,.T.);
#17071=EDGE_CURVE('',#8774,#8278,#5928,.T.);
#17083=EDGE_CURVE('',#8280,#8772,#5940,.T.);
#17098=EDGE_CURVE('',#8770,#8282,#5944,.T.);
#17111=EDGE_CURVE('',#8284,#8768,#5956,.T.);
#17124=EDGE_CURVE('',#8766,#8286,#5960,.T.);
#17137=EDGE_CURVE('',#8288,#8764,#5976,.T.);
#17147=EDGE_CURVE('',#6691,#6696,#5972,.T.);
#17164=EDGE_CURVE('',#6694,#6692,#5988,.T.);
#17176=EDGE_CURVE('',#8760,#8290,#5992,.T.);
#17188=EDGE_CURVE('',#8292,#8758,#6004,.T.);
#17203=EDGE_CURVE('',#8756,#8294,#6008,.T.);
#17216=EDGE_CURVE('',#8296,#8754,#6020,.T.);
#17229=EDGE_CURVE('',#8752,#8298,#6024,.T.);
#17242=EDGE_CURVE('',#8300,#8750,#6040,.T.);
#17252=EDGE_CURVE('',#6675,#6680,#6036,.T.);
#17269=EDGE_CURVE('',#6678,#6676,#6052,.T.);
#17281=EDGE_CURVE('',#8746,#8302,#6056,.T.);
#17293=EDGE_CURVE('',#8304,#8744,#6068,.T.);
#17308=EDGE_CURVE('',#8742,#8306,#6072,.T.);
#17321=EDGE_CURVE('',#8308,#8740,#6084,.T.);
#17334=EDGE_CURVE('',#8738,#8310,#6088,.T.);
#17347=EDGE_CURVE('',#8312,#8736,#6104,.T.);
#17357=EDGE_CURVE('',#6686,#6684,#6100,.T.);
#17372=EDGE_CURVE('',#6683,#6688,#6116,.T.);
#17386=EDGE_CURVE('',#6707,#6712,#6120,.T.);
#17400=EDGE_CURVE('',#6710,#6708,#6132,.T.);
#17412=EDGE_CURVE('',#8732,#8314,#6136,.T.);
#17424=EDGE_CURVE('',#8316,#8730,#6148,.T.);
#17439=EDGE_CURVE('',#8728,#8318,#6152,.T.);
#17452=EDGE_CURVE('',#8320,#8726,#6164,.T.);
#17465=EDGE_CURVE('',#8724,#8322,#6168,.T.);
#17478=EDGE_CURVE('',#8324,#8722,#6184,.T.);
#17488=EDGE_CURVE('',#6718,#6716,#6180,.T.);
#17503=EDGE_CURVE('',#6715,#6720,#6196,.T.);
#17517=EDGE_CURVE('',#8718,#8326,#6200,.T.);
#17529=EDGE_CURVE('',#8328,#8716,#6212,.T.);
#17544=EDGE_CURVE('',#8714,#8330,#6216,.T.);
#17557=EDGE_CURVE('',#8332,#8712,#6228,.T.);
#17570=EDGE_CURVE('',#8710,#8334,#6232,.T.);
#17583=EDGE_CURVE('',#8336,#8708,#6248,.T.);
#17593=EDGE_CURVE('',#6726,#6724,#6244,.T.);
#17608=EDGE_CURVE('',#6723,#6728,#6264,.T.);
#17620=EDGE_CURVE('',#6732,#6736,#6260,.T.);
#17636=EDGE_CURVE('',#6734,#6731,#6272,.T.);
#17648=EDGE_CURVE('',#8704,#8338,#6276,.T.);
#17660=EDGE_CURVE('',#8340,#8702,#6288,.T.);
#17675=EDGE_CURVE('',#8700,#8342,#6292,.T.);
#17688=EDGE_CURVE('',#8344,#8698,#6304,.T.);
#17701=EDGE_CURVE('',#8696,#8346,#6308,.T.);
#17714=EDGE_CURVE('',#8348,#8694,#6324,.T.);
#17724=EDGE_CURVE('',#6742,#6740,#6320,.T.);
#17739=EDGE_CURVE('',#6739,#6744,#6332,.T.);
#17753=EDGE_CURVE('',#8690,#8350,#6336,.T.);
#17765=EDGE_CURVE('',#8352,#8688,#6348,.T.);
#17780=EDGE_CURVE('',#8686,#8354,#6352,.T.);
#17793=EDGE_CURVE('',#8356,#8684,#6364,.T.);
#17806=EDGE_CURVE('',#8682,#8358,#6368,.T.);
#17819=EDGE_CURVE('',#8360,#8680,#6384,.T.);
#17829=EDGE_CURVE('',#6750,#6748,#6380,.T.);
#17844=EDGE_CURVE('',#6747,#6752,#6392,.T.);
#17858=EDGE_CURVE('',#8676,#8362,#6396,.T.);
#17870=EDGE_CURVE('',#8364,#8674,#6408,.T.);
#17885=EDGE_CURVE('',#8672,#8366,#6412,.T.);
#17898=EDGE_CURVE('',#8368,#8670,#6424,.T.);
#17911=EDGE_CURVE('',#8668,#8370,#6428,.T.);
#17924=EDGE_CURVE('',#8372,#8666,#6444,.T.);
#17934=EDGE_CURVE('',#6758,#6756,#6440,.T.);
#17949=EDGE_CURVE('',#6755,#6760,#6452,.T.);
#17963=EDGE_CURVE('',#8662,#8374,#6456,.T.);
#17975=EDGE_CURVE('',#8376,#8660,#6468,.T.);
#17990=EDGE_CURVE('',#8658,#8378,#6472,.T.);
#18003=EDGE_CURVE('',#8380,#8656,#6484,.T.);
#18016=EDGE_CURVE('',#8654,#8382,#6488,.T.);
#18029=EDGE_CURVE('',#8384,#8652,#6504,.T.);
#18039=EDGE_CURVE('',#6766,#6764,#6500,.T.);
#18054=EDGE_CURVE('',#6763,#6768,#6512,.T.);
#18069=EDGE_CURVE('',#6770,#6772,#6516,.T.);
#18079=EDGE_CURVE('',#8386,#8648,#6524,.T.);
#18094=EDGE_CURVE('',#8646,#8388,#6528,.T.);
#18106=EDGE_CURVE('',#8390,#8644,#6540,.T.);
#18121=EDGE_CURVE('',#8642,#8392,#6544,.T.);
#18134=EDGE_CURVE('',#8394,#8640,#6556,.T.);
#18147=EDGE_CURVE('',#8638,#8396,#6560,.T.);
#18160=EDGE_CURVE('',#8398,#8636,#6576,.T.);
#18170=EDGE_CURVE('',#6667,#6672,#6572,.T.);
#18187=EDGE_CURVE('',#6670,#6668,#6584,.T.);
#18199=EDGE_CURVE('',#8632,#8400,#6588,.T.);
#18211=EDGE_CURVE('',#8402,#8630,#6600,.T.);
#18226=EDGE_CURVE('',#8628,#8404,#6604,.T.);
#18239=EDGE_CURVE('',#8406,#8626,#6616,.T.);
#18252=EDGE_CURVE('',#8624,#8408,#6620,.T.);
#18265=EDGE_CURVE('',#8410,#8622,#6636,.T.);
#18275=EDGE_CURVE('',#6662,#6659,#6632,.T.);
#18298=(LENGTH_UNIT()NAMED_UNIT(*)SI_UNIT(.MILLI.,.METRE.));
#18300=(NAMED_UNIT(*)PLANE_ANGLE_UNIT()SI_UNIT($,.RADIAN.));
#18303=(NAMED_UNIT(*)SI_UNIT($,.STERADIAN.)SOLID_ANGLE_UNIT());
#18306=ADVANCED_BREP_SHAPE_REPRESENTATION('',(#18297),#18305);
#18313=PRODUCT_DEFINITION('design','',#18312,#18309);
#18314=PRODUCT_DEFINITION_SHAPE('','SHAPE FOR ZENG0A4002DDZQB0_133.',#18313);
#18315=SHAPE_DEFINITION_REPRESENTATION(#18314,#18306);
ENDSEC;
END-ISO-10303-21;
