ISO-10303-21;
HEADER;
FILE_DESCRIPTION((''),'2;1');
FILE_NAME('ZENG0A4002D_183','2023-02-05T21:21:16',('13602'),(''),
'CREO PARAMETRIC BY PTC INC, 2019010','CREO PARAMETRIC BY PTC INC, 2019010','');
FILE_SCHEMA(('CONFIG_CONTROL_DESIGN'));
ENDSEC;
DATA;
#2=DIRECTION('',(0.E0,-1.E0,0.E0));
#3=VECTOR('',#2,5.E1);
#4=CARTESIAN_POINT('',(1.533518288489E2,1.110073494298E1,-9.075262166353E-1));
#5=LINE('',#4,#3);
#6=DIRECTION('',(0.E0,-3.315866100214E-14,1.E0));
#7=VECTOR('',#6,1.5E0);
#8=CARTESIAN_POINT('',(1.533518288489E2,-3.889926505702E1,-2.407526216635E0));
#9=LINE('',#8,#7);
#10=DIRECTION('',(0.E0,0.E0,-1.E0));
#11=VECTOR('',#10,1.5E0);
#12=CARTESIAN_POINT('',(1.573518288489E2,-3.889926505702E1,-9.075262166358E-1));
#13=LINE('',#12,#11);
#14=CARTESIAN_POINT('',(-9.5E0,-1.6E1,-2.407526216636E0));
#15=DIRECTION('',(0.E0,0.E0,1.E0));
#16=DIRECTION('',(1.E0,0.E0,0.E0));
#17=AXIS2_PLACEMENT_3D('',#14,#15,#16);
#19=CARTESIAN_POINT('',(-9.5E0,-1.6E1,-2.407526216636E0));
#20=DIRECTION('',(0.E0,0.E0,1.E0));
#21=DIRECTION('',(-1.E0,0.E0,0.E0));
#22=AXIS2_PLACEMENT_3D('',#19,#20,#21);
#24=CARTESIAN_POINT('',(-1.045E2,-5.85E1,-2.407526216636E0));
#25=DIRECTION('',(0.E0,0.E0,1.E0));
#26=DIRECTION('',(1.E0,0.E0,0.E0));
#27=AXIS2_PLACEMENT_3D('',#24,#25,#26);
#29=CARTESIAN_POINT('',(-1.045E2,-5.85E1,-2.407526216636E0));
#30=DIRECTION('',(0.E0,0.E0,1.E0));
#31=DIRECTION('',(-1.E0,0.E0,0.E0));
#32=AXIS2_PLACEMENT_3D('',#29,#30,#31);
#34=CARTESIAN_POINT('',(-1.18E2,2.4E1,-2.407526216636E0));
#35=DIRECTION('',(0.E0,0.E0,1.E0));
#36=DIRECTION('',(1.E0,0.E0,0.E0));
#37=AXIS2_PLACEMENT_3D('',#34,#35,#36);
#39=CARTESIAN_POINT('',(-1.18E2,2.4E1,-2.407526216636E0));
#40=DIRECTION('',(0.E0,0.E0,1.E0));
#41=DIRECTION('',(-1.E0,0.E0,0.E0));
#42=AXIS2_PLACEMENT_3D('',#39,#40,#41);
#44=CARTESIAN_POINT('',(1.29E2,3.E1,-2.407526216636E0));
#45=DIRECTION('',(0.E0,0.E0,1.E0));
#46=DIRECTION('',(1.E0,0.E0,0.E0));
#47=AXIS2_PLACEMENT_3D('',#44,#45,#46);
#49=CARTESIAN_POINT('',(1.29E2,3.E1,-2.407526216636E0));
#50=DIRECTION('',(0.E0,0.E0,1.E0));
#51=DIRECTION('',(-1.E0,0.E0,0.E0));
#52=AXIS2_PLACEMENT_3D('',#49,#50,#51);
#54=CARTESIAN_POINT('',(8.9E1,-5.85E1,-2.407526216636E0));
#55=DIRECTION('',(0.E0,0.E0,1.E0));
#56=DIRECTION('',(1.E0,0.E0,0.E0));
#57=AXIS2_PLACEMENT_3D('',#54,#55,#56);
#59=CARTESIAN_POINT('',(8.9E1,-5.85E1,-2.407526216636E0));
#60=DIRECTION('',(0.E0,0.E0,1.E0));
#61=DIRECTION('',(-1.E0,0.E0,0.E0));
#62=AXIS2_PLACEMENT_3D('',#59,#60,#61);
#64=DIRECTION('',(-4.138458069748E-14,-1.E0,0.E0));
#65=VECTOR('',#64,4.807393542710E0);
#66=CARTESIAN_POINT('',(-2.837499914106E1,-6.618912535949E1,-2.407526216636E0));
#67=LINE('',#66,#65);
#68=DIRECTION('',(1.E0,3.072994233633E-14,0.E0));
#69=VECTOR('',#68,3.977012036441E1);
#70=CARTESIAN_POINT('',(-6.814511950547E1,-6.618912535949E1,-2.407526216636E0));
#71=LINE('',#70,#69);
#72=DIRECTION('',(-6.121598944827E-14,1.E0,0.E0));
#73=VECTOR('',#72,3.250000004998E0);
#74=CARTESIAN_POINT('',(-6.814511950547E1,-6.943912536449E1,-2.407526216636E0));
#75=LINE('',#74,#73);
#76=DIRECTION('',(6.121598944824E-14,-1.E0,0.E0));
#77=VECTOR('',#76,3.250000004999E0);
#78=CARTESIAN_POINT('',(-7.479511876831E1,-6.618912535949E1,-2.407526216636E0));
#79=LINE('',#78,#77);
#80=DIRECTION('',(1.E0,4.736951540472E-14,0.E0));
#81=VECTOR('',#80,9.000000059396E-1);
#82=CARTESIAN_POINT('',(-7.569511877425E1,-6.618912535949E1,-2.407526216636E0));
#83=LINE('',#82,#81);
#84=DIRECTION('',(-1.E0,-3.947459617058E-14,0.E0));
#85=VECTOR('',#84,9.000000059400E-1);
#86=CARTESIAN_POINT('',(-7.479511876831E1,-6.373912535728E1,-2.407526216636E0));
#87=LINE('',#86,#85);
#88=DIRECTION('',(2.404913876879E-14,-1.E0,0.E0));
#89=VECTOR('',#88,6.499999994599E0);
#90=CARTESIAN_POINT('',(-7.479511876831E1,-5.723912536269E1,-2.407526216636E0));
#91=LINE('',#90,#89);
#92=DIRECTION('',(-1.E0,1.358992397071E-8,0.E0));
#93=VECTOR('',#92,1.771541961212E0);
#94=CARTESIAN_POINT('',(-7.302357680710E1,-5.723912538676E1,-2.407526216636E0));
#95=LINE('',#94,#93);
#96=DIRECTION('',(0.E0,-1.E0,0.E0));
#97=VECTOR('',#96,1.501987202403E0);
#98=CARTESIAN_POINT('',(-7.302357680710E1,-5.573713818436E1,-2.407526216636E0));
#99=LINE('',#98,#97);
#100=DIRECTION('',(0.E0,1.E0,0.E0));
#101=VECTOR('',#100,1.501987202403E0);
#102=CARTESIAN_POINT('',(-6.991762031223E1,-5.723912538676E1,
-2.407526216636E0));
#103=LINE('',#102,#101);
#104=DIRECTION('',(-1.E0,-1.358256747141E-8,0.E0));
#105=VECTOR('',#104,1.772501451914E0);
#106=CARTESIAN_POINT('',(-6.814511886031E1,-5.723912536269E1,
-2.407526216636E0));
#107=LINE('',#106,#105);
#108=DIRECTION('',(0.E0,1.E0,0.E0));
#109=VECTOR('',#108,3.749999996799E0);
#110=CARTESIAN_POINT('',(-6.814511886031E1,-6.098912535948E1,
-2.407526216636E0));
#111=LINE('',#110,#109);
#112=DIRECTION('',(-1.E0,0.E0,0.E0));
#113=VECTOR('',#112,3.977011971925E1);
#114=CARTESIAN_POINT('',(-2.837499914106E1,-6.098912535948E1,
-2.407526216636E0));
#115=LINE('',#114,#113);
#116=DIRECTION('',(4.983009674032E-14,-1.E0,0.E0));
#117=VECTOR('',#116,3.992606457291E0);
#118=CARTESIAN_POINT('',(-2.837499914106E1,-5.699651890219E1,
-2.407526216636E0));
#119=LINE('',#118,#117);
#120=DIRECTION('',(-1.E0,0.E0,0.E0));
#121=VECTOR('',#120,1.4E1);
#122=CARTESIAN_POINT('',(-1.437499914106E1,-5.699651890219E1,
-2.407526216636E0));
#123=LINE('',#122,#121);
#124=DIRECTION('',(-4.983009674032E-14,1.E0,0.E0));
#125=VECTOR('',#124,3.992606457291E0);
#126=CARTESIAN_POINT('',(-1.437499914106E1,-6.098912535948E1,
-2.407526216636E0));
#127=LINE('',#126,#125);
#128=DIRECTION('',(-1.E0,0.E0,0.E0));
#129=VECTOR('',#128,3.967987972757E1);
#130=CARTESIAN_POINT('',(2.530488058651E1,-6.098912535948E1,-2.407526216636E0));
#131=LINE('',#130,#129);
#132=DIRECTION('',(0.E0,-1.E0,0.E0));
#133=VECTOR('',#132,3.749999996799E0);
#134=CARTESIAN_POINT('',(2.530488058651E1,-5.723912536269E1,-2.407526216636E0));
#135=LINE('',#134,#133);
#136=DIRECTION('',(-1.E0,1.358770662532E-8,0.E0));
#137=VECTOR('',#136,1.772501451921E0);
#138=CARTESIAN_POINT('',(2.707738203843E1,-5.723912538677E1,-2.407526216636E0));
#139=LINE('',#138,#137);
#140=DIRECTION('',(0.E0,-1.E0,0.E0));
#141=VECTOR('',#140,1.501987202412E0);
#142=CARTESIAN_POINT('',(2.707738203843E1,-5.573713818436E1,-2.407526216636E0));
#143=LINE('',#142,#141);
#144=DIRECTION('',(0.E0,1.E0,0.E0));
#145=VECTOR('',#144,1.501987202412E0);
#146=CARTESIAN_POINT('',(3.018333853331E1,-5.723912538677E1,-2.407526216636E0));
#147=LINE('',#146,#145);
#148=DIRECTION('',(-1.E0,-1.359505788651E-8,0.E0));
#149=VECTOR('',#148,1.771541961194E0);
#150=CARTESIAN_POINT('',(3.195488049451E1,-5.723912536269E1,-2.407526216636E0));
#151=LINE('',#150,#149);
#152=DIRECTION('',(-1.E0,-3.947459616796E-14,0.E0));
#153=VECTOR('',#152,9.000000059999E-1);
#154=CARTESIAN_POINT('',(3.285488050051E1,-6.373912535728E1,-2.407526216636E0));
#155=LINE('',#154,#153);
#156=DIRECTION('',(1.E0,4.736951540153E-14,0.E0));
#157=VECTOR('',#156,9.000000060003E-1);
#158=CARTESIAN_POINT('',(3.195488049451E1,-6.618912535949E1,-2.407526216636E0));
#159=LINE('',#158,#157);
#160=DIRECTION('',(-6.121598944824E-14,1.E0,0.E0));
#161=VECTOR('',#160,3.250000004999E0);
#162=CARTESIAN_POINT('',(3.195488049451E1,-6.943912536449E1,-2.407526216636E0));
#163=LINE('',#162,#161);
#164=DIRECTION('',(6.230913211694E-14,-1.E0,0.E0));
#165=VECTOR('',#164,3.250000005001E0);
#166=CARTESIAN_POINT('',(2.530488123171E1,-6.618912535948E1,-2.407526216636E0));
#167=LINE('',#166,#165);
#168=DIRECTION('',(1.E0,3.008355329862E-14,0.E0));
#169=VECTOR('',#168,3.967988037277E1);
#170=CARTESIAN_POINT('',(-1.437499914106E1,-6.618912535949E1,
-2.407526216636E0));
#171=LINE('',#170,#169);
#172=DIRECTION('',(4.138458069748E-14,1.E0,0.E0));
#173=VECTOR('',#172,4.807393542710E0);
#174=CARTESIAN_POINT('',(-1.437499914106E1,-7.099651890220E1,
-2.407526216636E0));
#175=LINE('',#174,#173);
#176=DIRECTION('',(1.E0,0.E0,0.E0));
#177=VECTOR('',#176,1.4E1);
#178=CARTESIAN_POINT('',(1.358000008334E2,-5.194651890313E1,-2.407526216636E0));
#179=LINE('',#178,#177);
#180=DIRECTION('',(0.E0,-1.E0,0.E0));
#181=VECTOR('',#180,1.4E1);
#182=CARTESIAN_POINT('',(1.358000008334E2,-3.794651890312E1,-2.407526216636E0));
#183=LINE('',#182,#181);
#184=DIRECTION('',(-1.E0,0.E0,0.E0));
#185=VECTOR('',#184,1.4E1);
#186=CARTESIAN_POINT('',(1.498000008334E2,-3.794651890312E1,-2.407526216636E0));
#187=LINE('',#186,#185);
#188=DIRECTION('',(0.E0,1.E0,0.E0));
#189=VECTOR('',#188,1.4E1);
#190=CARTESIAN_POINT('',(1.498000008334E2,-5.194651890313E1,-2.407526216636E0));
#191=LINE('',#190,#189);
#192=DIRECTION('',(1.E0,0.E0,0.E0));
#193=VECTOR('',#192,1.4E1);
#194=CARTESIAN_POINT('',(-1.021374992751E2,2.905348109842E1,-2.407526216636E0));
#195=LINE('',#194,#193);
#196=DIRECTION('',(0.E0,-1.E0,0.E0));
#197=VECTOR('',#196,1.4E1);
#198=CARTESIAN_POINT('',(-1.021374992751E2,4.305348109843E1,-2.407526216636E0));
#199=LINE('',#198,#197);
#200=DIRECTION('',(-1.E0,0.E0,0.E0));
#201=VECTOR('',#200,1.4E1);
#202=CARTESIAN_POINT('',(-8.813749927508E1,4.305348109843E1,-2.407526216636E0));
#203=LINE('',#202,#201);
#204=DIRECTION('',(0.E0,1.E0,0.E0));
#205=VECTOR('',#204,1.4E1);
#206=CARTESIAN_POINT('',(-8.813749927508E1,2.905348109842E1,-2.407526216636E0));
#207=LINE('',#206,#205);
#208=DIRECTION('',(1.E0,0.E0,0.E0));
#209=VECTOR('',#208,1.4E1);
#210=CARTESIAN_POINT('',(-1.644999914008E1,5.203481098425E0,-2.407526216636E0));
#211=LINE('',#210,#209);
#212=DIRECTION('',(0.E0,-1.E0,0.E0));
#213=VECTOR('',#212,1.4E1);
#214=CARTESIAN_POINT('',(-1.644999914008E1,1.920348109843E1,-2.407526216636E0));
#215=LINE('',#214,#213);
#216=DIRECTION('',(-1.E0,0.E0,0.E0));
#217=VECTOR('',#216,1.4E1);
#218=CARTESIAN_POINT('',(-2.449999140083E0,1.920348109843E1,-2.407526216636E0));
#219=LINE('',#218,#217);
#220=DIRECTION('',(0.E0,1.E0,0.E0));
#221=VECTOR('',#220,1.4E1);
#222=CARTESIAN_POINT('',(-2.449999140083E0,5.203481098425E0,-2.407526216636E0));
#223=LINE('',#222,#221);
#224=DIRECTION('',(1.E0,0.E0,0.E0));
#225=VECTOR('',#224,1.4E1);
#226=CARTESIAN_POINT('',(-1.211874992751E2,2.905348109842E1,-2.407526216636E0));
#227=LINE('',#226,#225);
#228=DIRECTION('',(0.E0,-1.E0,0.E0));
#229=VECTOR('',#228,1.4E1);
#230=CARTESIAN_POINT('',(-1.211874992751E2,4.305348109843E1,-2.407526216636E0));
#231=LINE('',#230,#229);
#232=DIRECTION('',(-1.E0,0.E0,0.E0));
#233=VECTOR('',#232,1.4E1);
#234=CARTESIAN_POINT('',(-1.071874992751E2,4.305348109843E1,-2.407526216636E0));
#235=LINE('',#234,#233);
#236=DIRECTION('',(0.E0,1.E0,0.E0));
#237=VECTOR('',#236,1.4E1);
#238=CARTESIAN_POINT('',(-1.071874992751E2,2.905348109842E1,-2.407526216636E0));
#239=LINE('',#238,#237);
#240=DIRECTION('',(1.E0,0.E0,0.E0));
#241=VECTOR('',#240,1.4E1);
#242=CARTESIAN_POINT('',(1.358000008352E2,5.203481101014E0,-2.407526216636E0));
#243=LINE('',#242,#241);
#244=DIRECTION('',(0.E0,-1.E0,0.E0));
#245=VECTOR('',#244,1.4E1);
#246=CARTESIAN_POINT('',(1.358000008352E2,1.920348110102E1,-2.407526216636E0));
#247=LINE('',#246,#245);
#248=DIRECTION('',(-1.E0,0.E0,0.E0));
#249=VECTOR('',#248,1.4E1);
#250=CARTESIAN_POINT('',(1.498000008352E2,1.920348110102E1,-2.407526216636E0));
#251=LINE('',#250,#249);
#252=DIRECTION('',(0.E0,1.E0,0.E0));
#253=VECTOR('',#252,1.4E1);
#254=CARTESIAN_POINT('',(1.498000008352E2,5.203481101014E0,-2.407526216636E0));
#255=LINE('',#254,#253);
#256=DIRECTION('',(1.E0,0.E0,0.E0));
#257=VECTOR('',#256,1.4E1);
#258=CARTESIAN_POINT('',(1.167500008604E2,-7.099651890313E1,-2.407526216636E0));
#259=LINE('',#258,#257);
#260=DIRECTION('',(0.E0,-1.E0,0.E0));
#261=VECTOR('',#260,1.4E1);
#262=CARTESIAN_POINT('',(1.167500008604E2,-5.699651890312E1,-2.407526216636E0));
#263=LINE('',#262,#261);
#264=DIRECTION('',(-1.E0,0.E0,0.E0));
#265=VECTOR('',#264,1.4E1);
#266=CARTESIAN_POINT('',(1.307500008604E2,-5.699651890312E1,-2.407526216636E0));
#267=LINE('',#266,#265);
#268=DIRECTION('',(0.E0,1.E0,0.E0));
#269=VECTOR('',#268,1.4E1);
#270=CARTESIAN_POINT('',(1.307500008604E2,-7.099651890313E1,-2.407526216636E0));
#271=LINE('',#270,#269);
#272=DIRECTION('',(1.E0,0.E0,0.E0));
#273=VECTOR('',#272,1.4E1);
#274=CARTESIAN_POINT('',(-1.235499991400E2,-7.099651890161E1,
-2.407526216636E0));
#275=LINE('',#274,#273);
#276=DIRECTION('',(0.E0,-1.E0,0.E0));
#277=VECTOR('',#276,1.4E1);
#278=CARTESIAN_POINT('',(-1.235499991400E2,-5.699651890161E1,
-2.407526216636E0));
#279=LINE('',#278,#277);
#280=DIRECTION('',(-1.E0,0.E0,0.E0));
#281=VECTOR('',#280,1.4E1);
#282=CARTESIAN_POINT('',(-1.095499991400E2,-5.699651890161E1,
-2.407526216636E0));
#283=LINE('',#282,#281);
#284=DIRECTION('',(0.E0,1.E0,0.E0));
#285=VECTOR('',#284,1.4E1);
#286=CARTESIAN_POINT('',(-1.095499991400E2,-7.099651890161E1,
-2.407526216636E0));
#287=LINE('',#286,#285);
#288=DIRECTION('',(1.E0,0.E0,0.E0));
#289=VECTOR('',#288,1.4E1);
#290=CARTESIAN_POINT('',(-1.637499926708E1,2.905348109842E1,-2.407526216636E0));
#291=LINE('',#290,#289);
#292=DIRECTION('',(0.E0,-1.E0,0.E0));
#293=VECTOR('',#292,1.4E1);
#294=CARTESIAN_POINT('',(-1.637499926708E1,4.305348109843E1,-2.407526216636E0));
#295=LINE('',#294,#293);
#296=DIRECTION('',(-1.E0,0.E0,0.E0));
#297=VECTOR('',#296,1.4E1);
#298=CARTESIAN_POINT('',(-2.374999267083E0,4.305348109843E1,-2.407526216636E0));
#299=LINE('',#298,#297);
#300=DIRECTION('',(0.E0,1.E0,0.E0));
#301=VECTOR('',#300,1.4E1);
#302=CARTESIAN_POINT('',(-2.374999267083E0,2.905348109842E1,-2.407526216636E0));
#303=LINE('',#302,#301);
#304=DIRECTION('',(1.E0,0.E0,0.E0));
#305=VECTOR('',#304,1.4E1);
#306=CARTESIAN_POINT('',(4.295000085970E1,-7.099651890161E1,-2.407526216636E0));
#307=LINE('',#306,#305);
#308=DIRECTION('',(0.E0,-1.E0,0.E0));
#309=VECTOR('',#308,1.4E1);
#310=CARTESIAN_POINT('',(4.295000085970E1,-5.699651890161E1,-2.407526216636E0));
#311=LINE('',#310,#309);
#312=DIRECTION('',(-1.E0,0.E0,0.E0));
#313=VECTOR('',#312,1.4E1);
#314=CARTESIAN_POINT('',(5.695000085970E1,-5.699651890161E1,-2.407526216636E0));
#315=LINE('',#314,#313);
#316=DIRECTION('',(0.E0,1.E0,0.E0));
#317=VECTOR('',#316,1.4E1);
#318=CARTESIAN_POINT('',(5.695000085970E1,-7.099651890161E1,-2.407526216636E0));
#319=LINE('',#318,#317);
#320=DIRECTION('',(1.E0,0.E0,0.E0));
#321=VECTOR('',#320,1.4E1);
#322=CARTESIAN_POINT('',(3.115000085892E1,-1.384651890171E1,-2.407526216636E0));
#323=LINE('',#322,#321);
#324=DIRECTION('',(0.E0,-1.E0,0.E0));
#325=VECTOR('',#324,1.4E1);
#326=CARTESIAN_POINT('',(3.115000085892E1,1.534810982963E-1,-2.407526216636E0));
#327=LINE('',#326,#325);
#328=DIRECTION('',(-1.E0,0.E0,0.E0));
#329=VECTOR('',#328,1.4E1);
#330=CARTESIAN_POINT('',(4.515000085892E1,1.534810982963E-1,-2.407526216636E0));
#331=LINE('',#330,#329);
#332=DIRECTION('',(0.E0,1.E0,0.E0));
#333=VECTOR('',#332,1.4E1);
#334=CARTESIAN_POINT('',(4.515000085892E1,-1.384651890171E1,-2.407526216636E0));
#335=LINE('',#334,#333);
#336=DIRECTION('',(1.E0,0.E0,0.E0));
#337=VECTOR('',#336,1.4E1);
#338=CARTESIAN_POINT('',(6.925000085892E1,-1.384651890171E1,-2.407526216636E0));
#339=LINE('',#338,#337);
#340=DIRECTION('',(0.E0,-1.E0,0.E0));
#341=VECTOR('',#340,1.4E1);
#342=CARTESIAN_POINT('',(6.925000085892E1,1.534810982963E-1,-2.407526216636E0));
#343=LINE('',#342,#341);
#344=DIRECTION('',(-1.E0,0.E0,0.E0));
#345=VECTOR('',#344,1.4E1);
#346=CARTESIAN_POINT('',(8.325000085892E1,1.534810982963E-1,-2.407526216636E0));
#347=LINE('',#346,#345);
#348=DIRECTION('',(0.E0,1.E0,0.E0));
#349=VECTOR('',#348,1.4E1);
#350=CARTESIAN_POINT('',(8.325000085892E1,-1.384651890171E1,-2.407526216636E0));
#351=LINE('',#350,#349);
#352=DIRECTION('',(1.E0,0.E0,0.E0));
#353=VECTOR('',#352,1.4E1);
#354=CARTESIAN_POINT('',(3.590000086103E1,-3.289651890175E1,-2.407526216636E0));
#355=LINE('',#354,#353);
#356=DIRECTION('',(0.E0,-1.E0,0.E0));
#357=VECTOR('',#356,1.4E1);
#358=CARTESIAN_POINT('',(3.590000086103E1,-1.889651890174E1,-2.407526216636E0));
#359=LINE('',#358,#357);
#360=DIRECTION('',(-1.E0,0.E0,0.E0));
#361=VECTOR('',#360,1.4E1);
#362=CARTESIAN_POINT('',(4.990000086103E1,-1.889651890174E1,-2.407526216636E0));
#363=LINE('',#362,#361);
#364=DIRECTION('',(0.E0,1.E0,0.E0));
#365=VECTOR('',#364,1.4E1);
#366=CARTESIAN_POINT('',(4.990000086103E1,-3.289651890175E1,-2.407526216636E0));
#367=LINE('',#366,#365);
#368=DIRECTION('',(1.E0,0.E0,0.E0));
#369=VECTOR('',#368,1.4E1);
#370=CARTESIAN_POINT('',(5.033750074092E1,2.905348109842E1,-2.407526216636E0));
#371=LINE('',#370,#369);
#372=DIRECTION('',(0.E0,-1.E0,0.E0));
#373=VECTOR('',#372,1.4E1);
#374=CARTESIAN_POINT('',(5.033750074092E1,4.305348109843E1,-2.407526216636E0));
#375=LINE('',#374,#373);
#376=DIRECTION('',(-1.E0,0.E0,0.E0));
#377=VECTOR('',#376,1.4E1);
#378=CARTESIAN_POINT('',(6.433750074092E1,4.305348109843E1,-2.407526216636E0));
#379=LINE('',#378,#377);
#380=DIRECTION('',(0.E0,1.E0,0.E0));
#381=VECTOR('',#380,1.4E1);
#382=CARTESIAN_POINT('',(6.433750074092E1,2.905348109842E1,-2.407526216636E0));
#383=LINE('',#382,#381);
#384=DIRECTION('',(1.E0,0.E0,0.E0));
#385=VECTOR('',#384,1.4E1);
#386=CARTESIAN_POINT('',(-3.549999914008E1,5.203481098425E0,-2.407526216636E0));
#387=LINE('',#386,#385);
#388=DIRECTION('',(0.E0,-1.E0,0.E0));
#389=VECTOR('',#388,1.4E1);
#390=CARTESIAN_POINT('',(-3.549999914008E1,1.920348109843E1,-2.407526216636E0));
#391=LINE('',#390,#389);
#392=DIRECTION('',(-1.E0,0.E0,0.E0));
#393=VECTOR('',#392,1.4E1);
#394=CARTESIAN_POINT('',(-2.149999914008E1,1.920348109843E1,-2.407526216636E0));
#395=LINE('',#394,#393);
#396=DIRECTION('',(0.E0,1.E0,0.E0));
#397=VECTOR('',#396,1.4E1);
#398=CARTESIAN_POINT('',(-2.149999914008E1,5.203481098425E0,-2.407526216636E0));
#399=LINE('',#398,#397);
#400=DIRECTION('',(1.E0,0.E0,0.E0));
#401=VECTOR('',#400,1.4E1);
#402=CARTESIAN_POINT('',(-1.212499991411E2,-1.384651890171E1,
-2.407526216636E0));
#403=LINE('',#402,#401);
#404=DIRECTION('',(0.E0,-1.E0,0.E0));
#405=VECTOR('',#404,1.4E1);
#406=CARTESIAN_POINT('',(-1.212499991411E2,1.534810982963E-1,
-2.407526216636E0));
#407=LINE('',#406,#405);
#408=DIRECTION('',(-1.E0,0.E0,0.E0));
#409=VECTOR('',#408,1.4E1);
#410=CARTESIAN_POINT('',(-1.072499991411E2,1.534810982963E-1,
-2.407526216636E0));
#411=LINE('',#410,#409);
#412=DIRECTION('',(0.E0,1.E0,0.E0));
#413=VECTOR('',#412,1.4E1);
#414=CARTESIAN_POINT('',(-1.072499991411E2,-1.384651890171E1,
-2.407526216636E0));
#415=LINE('',#414,#413);
#416=DIRECTION('',(1.E0,0.E0,0.E0));
#417=VECTOR('',#416,1.4E1);
#418=CARTESIAN_POINT('',(9.770000086044E1,-7.099651890313E1,-2.407526216636E0));
#419=LINE('',#418,#417);
#420=DIRECTION('',(0.E0,-1.E0,0.E0));
#421=VECTOR('',#420,1.4E1);
#422=CARTESIAN_POINT('',(9.770000086044E1,-5.699651890312E1,-2.407526216636E0));
#423=LINE('',#422,#421);
#424=DIRECTION('',(-1.E0,0.E0,0.E0));
#425=VECTOR('',#424,1.4E1);
#426=CARTESIAN_POINT('',(1.117000008604E2,-5.699651890312E1,-2.407526216636E0));
#427=LINE('',#426,#425);
#428=DIRECTION('',(0.E0,1.E0,0.E0));
#429=VECTOR('',#428,1.4E1);
#430=CARTESIAN_POINT('',(1.117000008604E2,-7.099651890313E1,-2.407526216636E0));
#431=LINE('',#430,#429);
#432=DIRECTION('',(1.E0,0.E0,0.E0));
#433=VECTOR('',#432,1.4E1);
#434=CARTESIAN_POINT('',(9.055000086039E1,-5.194651890154E1,-2.407526216636E0));
#435=LINE('',#434,#433);
#436=DIRECTION('',(0.E0,-1.E0,0.E0));
#437=VECTOR('',#436,1.4E1);
#438=CARTESIAN_POINT('',(9.055000086039E1,-3.794651890154E1,-2.407526216636E0));
#439=LINE('',#438,#437);
#440=DIRECTION('',(-1.E0,0.E0,0.E0));
#441=VECTOR('',#440,1.4E1);
#442=CARTESIAN_POINT('',(1.045500008604E2,-3.794651890154E1,-2.407526216636E0));
#443=LINE('',#442,#441);
#444=DIRECTION('',(0.E0,1.E0,0.E0));
#445=VECTOR('',#444,1.4E1);
#446=CARTESIAN_POINT('',(1.045500008604E2,-5.194651890154E1,-2.407526216636E0));
#447=LINE('',#446,#445);
#448=DIRECTION('',(1.E0,0.E0,0.E0));
#449=VECTOR('',#448,1.4E1);
#450=CARTESIAN_POINT('',(2.600000859917E0,5.203481098425E0,-2.407526216636E0));
#451=LINE('',#450,#449);
#452=DIRECTION('',(0.E0,-1.E0,0.E0));
#453=VECTOR('',#452,1.4E1);
#454=CARTESIAN_POINT('',(2.600000859917E0,1.920348109843E1,-2.407526216636E0));
#455=LINE('',#454,#453);
#456=DIRECTION('',(-1.E0,0.E0,0.E0));
#457=VECTOR('',#456,1.4E1);
#458=CARTESIAN_POINT('',(1.660000085992E1,1.920348109843E1,-2.407526216636E0));
#459=LINE('',#458,#457);
#460=DIRECTION('',(0.E0,1.E0,0.E0));
#461=VECTOR('',#460,1.4E1);
#462=CARTESIAN_POINT('',(1.660000085992E1,5.203481098425E0,-2.407526216636E0));
#463=LINE('',#462,#461);
#464=DIRECTION('',(1.E0,0.E0,0.E0));
#465=VECTOR('',#464,1.4E1);
#466=CARTESIAN_POINT('',(1.210000085892E1,-1.384651890171E1,-2.407526216636E0));
#467=LINE('',#466,#465);
#468=DIRECTION('',(0.E0,-1.E0,0.E0));
#469=VECTOR('',#468,1.4E1);
#470=CARTESIAN_POINT('',(1.210000085892E1,1.534810982963E-1,-2.407526216636E0));
#471=LINE('',#470,#469);
#472=DIRECTION('',(-1.E0,0.E0,0.E0));
#473=VECTOR('',#472,1.4E1);
#474=CARTESIAN_POINT('',(2.610000085892E1,1.534810982963E-1,-2.407526216636E0));
#475=LINE('',#474,#473);
#476=DIRECTION('',(0.E0,1.E0,0.E0));
#477=VECTOR('',#476,1.4E1);
#478=CARTESIAN_POINT('',(2.610000085892E1,-1.384651890171E1,-2.407526216636E0));
#479=LINE('',#478,#477);
#480=DIRECTION('',(1.E0,0.E0,0.E0));
#481=VECTOR('',#480,1.4E1);
#482=CARTESIAN_POINT('',(1.685000086103E1,-3.289651890175E1,-2.407526216636E0));
#483=LINE('',#482,#481);
#484=DIRECTION('',(0.E0,-1.E0,0.E0));
#485=VECTOR('',#484,1.4E1);
#486=CARTESIAN_POINT('',(1.685000086103E1,-1.889651890174E1,-2.407526216636E0));
#487=LINE('',#486,#485);
#488=DIRECTION('',(-1.E0,0.E0,0.E0));
#489=VECTOR('',#488,1.4E1);
#490=CARTESIAN_POINT('',(3.085000086103E1,-1.889651890174E1,-2.407526216636E0));
#491=LINE('',#490,#489);
#492=DIRECTION('',(0.E0,1.E0,0.E0));
#493=VECTOR('',#492,1.4E1);
#494=CARTESIAN_POINT('',(3.085000086103E1,-3.289651890175E1,-2.407526216636E0));
#495=LINE('',#494,#493);
#496=DIRECTION('',(1.E0,0.E0,0.E0));
#497=VECTOR('',#496,1.4E1);
#498=CARTESIAN_POINT('',(-5.934999913897E1,-3.289651890175E1,
-2.407526216636E0));
#499=LINE('',#498,#497);
#500=DIRECTION('',(0.E0,-1.E0,0.E0));
#501=VECTOR('',#500,1.4E1);
#502=CARTESIAN_POINT('',(-5.934999913897E1,-1.889651890174E1,
-2.407526216636E0));
#503=LINE('',#502,#501);
#504=DIRECTION('',(-1.E0,0.E0,0.E0));
#505=VECTOR('',#504,1.4E1);
#506=CARTESIAN_POINT('',(-4.534999913897E1,-1.889651890174E1,
-2.407526216636E0));
#507=LINE('',#506,#505);
#508=DIRECTION('',(0.E0,1.E0,0.E0));
#509=VECTOR('',#508,1.4E1);
#510=CARTESIAN_POINT('',(-4.534999913897E1,-3.289651890175E1,
-2.407526216636E0));
#511=LINE('',#510,#509);
#512=DIRECTION('',(1.E0,0.E0,0.E0));
#513=VECTOR('',#512,1.4E1);
#514=CARTESIAN_POINT('',(-5.454999914008E1,5.203481098425E0,-2.407526216636E0));
#515=LINE('',#514,#513);
#516=DIRECTION('',(0.E0,-1.E0,0.E0));
#517=VECTOR('',#516,1.4E1);
#518=CARTESIAN_POINT('',(-5.454999914008E1,1.920348109843E1,-2.407526216636E0));
#519=LINE('',#518,#517);
#520=DIRECTION('',(-1.E0,0.E0,0.E0));
#521=VECTOR('',#520,1.4E1);
#522=CARTESIAN_POINT('',(-4.054999914008E1,1.920348109843E1,-2.407526216636E0));
#523=LINE('',#522,#521);
#524=DIRECTION('',(0.E0,1.E0,0.E0));
#525=VECTOR('',#524,1.4E1);
#526=CARTESIAN_POINT('',(-4.054999914008E1,5.203481098425E0,-2.407526216636E0));
#527=LINE('',#526,#525);
#528=DIRECTION('',(1.E0,0.E0,0.E0));
#529=VECTOR('',#528,1.4E1);
#530=CARTESIAN_POINT('',(2.640000086044E1,-5.194651890313E1,-2.407526216636E0));
#531=LINE('',#530,#529);
#532=DIRECTION('',(0.E0,-1.E0,0.E0));
#533=VECTOR('',#532,1.4E1);
#534=CARTESIAN_POINT('',(2.640000086044E1,-3.794651890312E1,-2.407526216636E0));
#535=LINE('',#534,#533);
#536=DIRECTION('',(-1.E0,0.E0,0.E0));
#537=VECTOR('',#536,1.4E1);
#538=CARTESIAN_POINT('',(4.040000086044E1,-3.794651890312E1,-2.407526216636E0));
#539=LINE('',#538,#537);
#540=DIRECTION('',(0.E0,1.E0,0.E0));
#541=VECTOR('',#540,1.4E1);
#542=CARTESIAN_POINT('',(4.040000086044E1,-5.194651890313E1,-2.407526216636E0));
#543=LINE('',#542,#541);
#544=DIRECTION('',(1.E0,0.E0,0.E0));
#545=VECTOR('',#544,1.4E1);
#546=CARTESIAN_POINT('',(-9.744999913897E1,-3.289651890175E1,
-2.407526216636E0));
#547=LINE('',#546,#545);
#548=DIRECTION('',(0.E0,-1.E0,0.E0));
#549=VECTOR('',#548,1.4E1);
#550=CARTESIAN_POINT('',(-9.744999913897E1,-1.889651890174E1,
-2.407526216636E0));
#551=LINE('',#550,#549);
#552=DIRECTION('',(-1.E0,0.E0,0.E0));
#553=VECTOR('',#552,1.4E1);
#554=CARTESIAN_POINT('',(-8.344999913897E1,-1.889651890174E1,
-2.407526216636E0));
#555=LINE('',#554,#553);
#556=DIRECTION('',(0.E0,1.E0,0.E0));
#557=VECTOR('',#556,1.4E1);
#558=CARTESIAN_POINT('',(-8.344999913897E1,-3.289651890175E1,
-2.407526216636E0));
#559=LINE('',#558,#557);
#560=DIRECTION('',(1.E0,0.E0,0.E0));
#561=VECTOR('',#560,1.4E1);
#562=CARTESIAN_POINT('',(-9.264999914008E1,5.203481098425E0,-2.407526216636E0));
#563=LINE('',#562,#561);
#564=DIRECTION('',(0.E0,-1.E0,0.E0));
#565=VECTOR('',#564,1.4E1);
#566=CARTESIAN_POINT('',(-9.264999914008E1,1.920348109843E1,-2.407526216636E0));
#567=LINE('',#566,#565);
#568=DIRECTION('',(-1.E0,0.E0,0.E0));
#569=VECTOR('',#568,1.4E1);
#570=CARTESIAN_POINT('',(-7.864999914008E1,1.920348109843E1,-2.407526216636E0));
#571=LINE('',#570,#569);
#572=DIRECTION('',(0.E0,1.E0,0.E0));
#573=VECTOR('',#572,1.4E1);
#574=CARTESIAN_POINT('',(-7.864999914008E1,5.203481098425E0,-2.407526216636E0));
#575=LINE('',#574,#573);
#576=DIRECTION('',(1.E0,0.E0,0.E0));
#577=VECTOR('',#576,1.4E1);
#578=CARTESIAN_POINT('',(4.070000085992E1,5.203481098425E0,-2.407526216636E0));
#579=LINE('',#578,#577);
#580=DIRECTION('',(0.E0,-1.E0,0.E0));
#581=VECTOR('',#580,1.4E1);
#582=CARTESIAN_POINT('',(4.070000085992E1,1.920348109843E1,-2.407526216636E0));
#583=LINE('',#582,#581);
#584=DIRECTION('',(-1.E0,0.E0,0.E0));
#585=VECTOR('',#584,1.4E1);
#586=CARTESIAN_POINT('',(5.470000085992E1,1.920348109843E1,-2.407526216636E0));
#587=LINE('',#586,#585);
#588=DIRECTION('',(0.E0,1.E0,0.E0));
#589=VECTOR('',#588,1.4E1);
#590=CARTESIAN_POINT('',(5.470000085992E1,5.203481098425E0,-2.407526216636E0));
#591=LINE('',#590,#589);
#592=DIRECTION('',(1.E0,0.E0,0.E0));
#593=VECTOR('',#592,1.4E1);
#594=CARTESIAN_POINT('',(7.350000860440E0,-5.194651890313E1,-2.407526216636E0));
#595=LINE('',#594,#593);
#596=DIRECTION('',(0.E0,-1.E0,0.E0));
#597=VECTOR('',#596,1.4E1);
#598=CARTESIAN_POINT('',(7.350000860440E0,-3.794651890312E1,-2.407526216636E0));
#599=LINE('',#598,#597);
#600=DIRECTION('',(-1.E0,0.E0,0.E0));
#601=VECTOR('',#600,1.4E1);
#602=CARTESIAN_POINT('',(2.135000086044E1,-3.794651890312E1,-2.407526216636E0));
#603=LINE('',#602,#601);
#604=DIRECTION('',(0.E0,1.E0,0.E0));
#605=VECTOR('',#604,1.4E1);
#606=CARTESIAN_POINT('',(2.135000086044E1,-5.194651890313E1,-2.407526216636E0));
#607=LINE('',#606,#605);
#608=DIRECTION('',(1.E0,0.E0,0.E0));
#609=VECTOR('',#608,1.4E1);
#610=CARTESIAN_POINT('',(-6.409999914108E1,-1.384651890171E1,
-2.407526216636E0));
#611=LINE('',#610,#609);
#612=DIRECTION('',(0.E0,-1.E0,0.E0));
#613=VECTOR('',#612,1.4E1);
#614=CARTESIAN_POINT('',(-6.409999914108E1,1.534810982963E-1,
-2.407526216636E0));
#615=LINE('',#614,#613);
#616=DIRECTION('',(-1.E0,0.E0,0.E0));
#617=VECTOR('',#616,1.4E1);
#618=CARTESIAN_POINT('',(-5.009999914108E1,1.534810982963E-1,
-2.407526216636E0));
#619=LINE('',#618,#617);
#620=DIRECTION('',(0.E0,1.E0,0.E0));
#621=VECTOR('',#620,1.4E1);
#622=CARTESIAN_POINT('',(-5.009999914108E1,-1.384651890171E1,
-2.407526216636E0));
#623=LINE('',#622,#621);
#624=DIRECTION('',(1.E0,0.E0,0.E0));
#625=VECTOR('',#624,1.4E1);
#626=CARTESIAN_POINT('',(-6.884999913956E1,-5.194651890313E1,
-2.407526216636E0));
#627=LINE('',#626,#625);
#628=DIRECTION('',(0.E0,-1.E0,0.E0));
#629=VECTOR('',#628,1.4E1);
#630=CARTESIAN_POINT('',(-6.884999913956E1,-3.794651890312E1,
-2.407526216636E0));
#631=LINE('',#630,#629);
#632=DIRECTION('',(-1.E0,0.E0,0.E0));
#633=VECTOR('',#632,1.4E1);
#634=CARTESIAN_POINT('',(-5.484999913956E1,-3.794651890312E1,
-2.407526216636E0));
#635=LINE('',#634,#633);
#636=DIRECTION('',(0.E0,1.E0,0.E0));
#637=VECTOR('',#636,1.4E1);
#638=CARTESIAN_POINT('',(-5.484999913956E1,-5.194651890313E1,
-2.407526216636E0));
#639=LINE('',#638,#637);
#640=DIRECTION('',(1.E0,0.E0,0.E0));
#641=VECTOR('',#640,1.4E1);
#642=CARTESIAN_POINT('',(-1.450499991407E2,-1.384651890159E1,
-2.407526216636E0));
#643=LINE('',#642,#641);
#644=DIRECTION('',(0.E0,-1.E0,0.E0));
#645=VECTOR('',#644,1.4E1);
#646=CARTESIAN_POINT('',(-1.450499991407E2,1.534810984163E-1,
-2.407526216636E0));
#647=LINE('',#646,#645);
#648=DIRECTION('',(-1.E0,0.E0,0.E0));
#649=VECTOR('',#648,1.4E1);
#650=CARTESIAN_POINT('',(-1.310499991407E2,1.534810984163E-1,
-2.407526216636E0));
#651=LINE('',#650,#649);
#652=DIRECTION('',(0.E0,1.E0,0.E0));
#653=VECTOR('',#652,1.4E1);
#654=CARTESIAN_POINT('',(-1.310499991407E2,-1.384651890159E1,
-2.407526216636E0));
#655=LINE('',#654,#653);
#656=DIRECTION('',(1.E0,0.E0,0.E0));
#657=VECTOR('',#656,1.4E1);
#658=CARTESIAN_POINT('',(1.167500008604E2,-5.194651890313E1,-2.407526216636E0));
#659=LINE('',#658,#657);
#660=DIRECTION('',(0.E0,-1.E0,0.E0));
#661=VECTOR('',#660,1.4E1);
#662=CARTESIAN_POINT('',(1.167500008604E2,-3.794651890312E1,-2.407526216636E0));
#663=LINE('',#662,#661);
#664=DIRECTION('',(-1.E0,0.E0,0.E0));
#665=VECTOR('',#664,1.4E1);
#666=CARTESIAN_POINT('',(1.307500008604E2,-3.794651890312E1,-2.407526216636E0));
#667=LINE('',#666,#665);
#668=DIRECTION('',(0.E0,1.E0,0.E0));
#669=VECTOR('',#668,1.4E1);
#670=CARTESIAN_POINT('',(1.307500008604E2,-5.194651890313E1,-2.407526216636E0));
#671=LINE('',#670,#669);
#672=DIRECTION('',(1.E0,0.E0,0.E0));
#673=VECTOR('',#672,1.4E1);
#674=CARTESIAN_POINT('',(-6.403749927508E1,2.905348109842E1,-2.407526216636E0));
#675=LINE('',#674,#673);
#676=DIRECTION('',(0.E0,-1.E0,0.E0));
#677=VECTOR('',#676,1.4E1);
#678=CARTESIAN_POINT('',(-6.403749927508E1,4.305348109843E1,-2.407526216636E0));
#679=LINE('',#678,#677);
#680=DIRECTION('',(-1.E0,0.E0,0.E0));
#681=VECTOR('',#680,1.4E1);
#682=CARTESIAN_POINT('',(-5.003749927508E1,4.305348109843E1,-2.407526216636E0));
#683=LINE('',#682,#681);
#684=DIRECTION('',(0.E0,1.E0,0.E0));
#685=VECTOR('',#684,1.4E1);
#686=CARTESIAN_POINT('',(-5.003749927508E1,2.905348109842E1,-2.407526216636E0));
#687=LINE('',#686,#685);
#688=DIRECTION('',(1.E0,0.E0,0.E0));
#689=VECTOR('',#688,1.4E1);
#690=CARTESIAN_POINT('',(7.880000085992E1,5.203481098425E0,-2.407526216636E0));
#691=LINE('',#690,#689);
#692=DIRECTION('',(0.E0,-1.E0,0.E0));
#693=VECTOR('',#692,1.4E1);
#694=CARTESIAN_POINT('',(7.880000085992E1,1.920348109843E1,-2.407526216636E0));
#695=LINE('',#694,#693);
#696=DIRECTION('',(-1.E0,0.E0,0.E0));
#697=VECTOR('',#696,1.4E1);
#698=CARTESIAN_POINT('',(9.280000085992E1,1.920348109843E1,-2.407526216636E0));
#699=LINE('',#698,#697);
#700=DIRECTION('',(0.E0,1.E0,0.E0));
#701=VECTOR('',#700,1.4E1);
#702=CARTESIAN_POINT('',(9.280000085992E1,5.203481098425E0,-2.407526216636E0));
#703=LINE('',#702,#701);
#704=DIRECTION('',(1.E0,0.E0,0.E0));
#705=VECTOR('',#704,1.4E1);
#706=CARTESIAN_POINT('',(5.020000085892E1,-1.384651890171E1,-2.407526216636E0));
#707=LINE('',#706,#705);
#708=DIRECTION('',(0.E0,-1.E0,0.E0));
#709=VECTOR('',#708,1.4E1);
#710=CARTESIAN_POINT('',(5.020000085892E1,1.534810982963E-1,-2.407526216636E0));
#711=LINE('',#710,#709);
#712=DIRECTION('',(-1.E0,0.E0,0.E0));
#713=VECTOR('',#712,1.4E1);
#714=CARTESIAN_POINT('',(6.420000085892E1,1.534810982963E-1,-2.407526216636E0));
#715=LINE('',#714,#713);
#716=DIRECTION('',(0.E0,1.E0,0.E0));
#717=VECTOR('',#716,1.4E1);
#718=CARTESIAN_POINT('',(6.420000085892E1,-1.384651890171E1,-2.407526216636E0));
#719=LINE('',#718,#717);
#720=DIRECTION('',(1.E0,0.E0,0.E0));
#721=VECTOR('',#720,1.4E1);
#722=CARTESIAN_POINT('',(-2.124999913897E1,-3.289651890175E1,
-2.407526216636E0));
#723=LINE('',#722,#721);
#724=DIRECTION('',(0.E0,-1.E0,0.E0));
#725=VECTOR('',#724,1.4E1);
#726=CARTESIAN_POINT('',(-2.124999913897E1,-1.889651890174E1,
-2.407526216636E0));
#727=LINE('',#726,#725);
#728=DIRECTION('',(-1.E0,0.E0,0.E0));
#729=VECTOR('',#728,1.4E1);
#730=CARTESIAN_POINT('',(-7.249999138970E0,-1.889651890174E1,
-2.407526216636E0));
#731=LINE('',#730,#729);
#732=DIRECTION('',(0.E0,1.E0,0.E0));
#733=VECTOR('',#732,1.4E1);
#734=CARTESIAN_POINT('',(-7.249999138970E0,-3.289651890175E1,
-2.407526216636E0));
#735=LINE('',#734,#733);
#736=DIRECTION('',(1.E0,0.E0,0.E0));
#737=VECTOR('',#736,1.4E1);
#738=CARTESIAN_POINT('',(5.495000086103E1,-3.289651890175E1,-2.407526216636E0));
#739=LINE('',#738,#737);
#740=DIRECTION('',(0.E0,-1.E0,0.E0));
#741=VECTOR('',#740,1.4E1);
#742=CARTESIAN_POINT('',(5.495000086103E1,-1.889651890174E1,-2.407526216636E0));
#743=LINE('',#742,#741);
#744=DIRECTION('',(-1.E0,0.E0,0.E0));
#745=VECTOR('',#744,1.4E1);
#746=CARTESIAN_POINT('',(6.895000086103E1,-1.889651890174E1,-2.407526216636E0));
#747=LINE('',#746,#745);
#748=DIRECTION('',(0.E0,1.E0,0.E0));
#749=VECTOR('',#748,1.4E1);
#750=CARTESIAN_POINT('',(6.895000086103E1,-3.289651890175E1,-2.407526216636E0));
#751=LINE('',#750,#749);
#752=DIRECTION('',(1.E0,0.E0,0.E0));
#753=VECTOR('',#752,1.4E1);
#754=CARTESIAN_POINT('',(-1.307499991401E2,5.203481098425E0,-2.407526216636E0));
#755=LINE('',#754,#753);
#756=DIRECTION('',(0.E0,-1.E0,0.E0));
#757=VECTOR('',#756,1.4E1);
#758=CARTESIAN_POINT('',(-1.307499991401E2,1.920348109843E1,-2.407526216636E0));
#759=LINE('',#758,#757);
#760=DIRECTION('',(-1.E0,0.E0,0.E0));
#761=VECTOR('',#760,1.4E1);
#762=CARTESIAN_POINT('',(-1.167499991401E2,1.920348109843E1,-2.407526216636E0));
#763=LINE('',#762,#761);
#764=DIRECTION('',(0.E0,1.E0,0.E0));
#765=VECTOR('',#764,1.4E1);
#766=CARTESIAN_POINT('',(-1.167499991401E2,5.203481098425E0,-2.407526216636E0));
#767=LINE('',#766,#765);
#768=DIRECTION('',(1.E0,0.E0,0.E0));
#769=VECTOR('',#768,1.4E1);
#770=CARTESIAN_POINT('',(6.450000086044E1,-5.194651890313E1,-2.407526216636E0));
#771=LINE('',#770,#769);
#772=DIRECTION('',(0.E0,-1.E0,0.E0));
#773=VECTOR('',#772,1.4E1);
#774=CARTESIAN_POINT('',(6.450000086044E1,-3.794651890312E1,-2.407526216636E0));
#775=LINE('',#774,#773);
#776=DIRECTION('',(-1.E0,0.E0,0.E0));
#777=VECTOR('',#776,1.4E1);
#778=CARTESIAN_POINT('',(7.850000086044E1,-3.794651890312E1,-2.407526216636E0));
#779=LINE('',#778,#777);
#780=DIRECTION('',(0.E0,1.E0,0.E0));
#781=VECTOR('',#780,1.4E1);
#782=CARTESIAN_POINT('',(7.850000086044E1,-5.194651890313E1,-2.407526216636E0));
#783=LINE('',#782,#781);
#784=DIRECTION('',(1.E0,0.E0,0.E0));
#785=VECTOR('',#784,1.4E1);
#786=CARTESIAN_POINT('',(7.400000086103E1,-3.289651890175E1,-2.407526216636E0));
#787=LINE('',#786,#785);
#788=DIRECTION('',(0.E0,-1.E0,0.E0));
#789=VECTOR('',#788,1.4E1);
#790=CARTESIAN_POINT('',(7.400000086103E1,-1.889651890174E1,-2.407526216636E0));
#791=LINE('',#790,#789);
#792=DIRECTION('',(-1.E0,0.E0,0.E0));
#793=VECTOR('',#792,1.4E1);
#794=CARTESIAN_POINT('',(8.800000086103E1,-1.889651890174E1,-2.407526216636E0));
#795=LINE('',#794,#793);
#796=DIRECTION('',(0.E0,1.E0,0.E0));
#797=VECTOR('',#796,1.4E1);
#798=CARTESIAN_POINT('',(8.800000086103E1,-3.289651890175E1,-2.407526216636E0));
#799=LINE('',#798,#797);
#800=DIRECTION('',(1.E0,0.E0,0.E0));
#801=VECTOR('',#800,1.4E1);
#802=CARTESIAN_POINT('',(-3.074999913956E1,-5.194651890313E1,
-2.407526216636E0));
#803=LINE('',#802,#801);
#804=DIRECTION('',(0.E0,-1.E0,0.E0));
#805=VECTOR('',#804,1.4E1);
#806=CARTESIAN_POINT('',(-3.074999913956E1,-3.794651890312E1,
-2.407526216636E0));
#807=LINE('',#806,#805);
#808=DIRECTION('',(-1.E0,0.E0,0.E0));
#809=VECTOR('',#808,1.4E1);
#810=CARTESIAN_POINT('',(-1.674999913956E1,-3.794651890312E1,
-2.407526216636E0));
#811=LINE('',#810,#809);
#812=DIRECTION('',(0.E0,1.E0,0.E0));
#813=VECTOR('',#812,1.4E1);
#814=CARTESIAN_POINT('',(-1.674999913956E1,-5.194651890313E1,
-2.407526216636E0));
#815=LINE('',#814,#813);
#816=DIRECTION('',(1.E0,0.E0,0.E0));
#817=VECTOR('',#816,1.4E1);
#818=CARTESIAN_POINT('',(1.358000008329E2,2.905348109842E1,-2.407526216636E0));
#819=LINE('',#818,#817);
#820=DIRECTION('',(0.E0,-1.E0,0.E0));
#821=VECTOR('',#820,1.4E1);
#822=CARTESIAN_POINT('',(1.358000008329E2,4.305348109843E1,-2.407526216636E0));
#823=LINE('',#822,#821);
#824=DIRECTION('',(-1.E0,0.E0,0.E0));
#825=VECTOR('',#824,1.4E1);
#826=CARTESIAN_POINT('',(1.498000008329E2,4.305348109843E1,-2.407526216636E0));
#827=LINE('',#826,#825);
#828=DIRECTION('',(0.E0,1.E0,0.E0));
#829=VECTOR('',#828,1.4E1);
#830=CARTESIAN_POINT('',(1.498000008329E2,2.905348109842E1,-2.407526216636E0));
#831=LINE('',#830,#829);
#832=DIRECTION('',(1.E0,0.E0,0.E0));
#833=VECTOR('',#832,1.4E1);
#834=CARTESIAN_POINT('',(-4.029999913897E1,-3.289651890175E1,
-2.407526216636E0));
#835=LINE('',#834,#833);
#836=DIRECTION('',(0.E0,-1.E0,0.E0));
#837=VECTOR('',#836,1.4E1);
#838=CARTESIAN_POINT('',(-4.029999913897E1,-1.889651890174E1,
-2.407526216636E0));
#839=LINE('',#838,#837);
#840=DIRECTION('',(-1.E0,0.E0,0.E0));
#841=VECTOR('',#840,1.4E1);
#842=CARTESIAN_POINT('',(-2.629999913897E1,-1.889651890174E1,
-2.407526216636E0));
#843=LINE('',#842,#841);
#844=DIRECTION('',(0.E0,1.E0,0.E0));
#845=VECTOR('',#844,1.4E1);
#846=CARTESIAN_POINT('',(-2.629999913897E1,-3.289651890175E1,
-2.407526216636E0));
#847=LINE('',#846,#845);
#848=DIRECTION('',(1.E0,0.E0,0.E0));
#849=VECTOR('',#848,1.4E1);
#850=CARTESIAN_POINT('',(2.675000732917E0,2.905348109842E1,-2.407526216636E0));
#851=LINE('',#850,#849);
#852=DIRECTION('',(0.E0,-1.E0,0.E0));
#853=VECTOR('',#852,1.4E1);
#854=CARTESIAN_POINT('',(2.675000732917E0,4.305348109843E1,-2.407526216636E0));
#855=LINE('',#854,#853);
#856=DIRECTION('',(-1.E0,0.E0,0.E0));
#857=VECTOR('',#856,1.4E1);
#858=CARTESIAN_POINT('',(1.667500073292E1,4.305348109843E1,-2.407526216636E0));
#859=LINE('',#858,#857);
#860=DIRECTION('',(0.E0,1.E0,0.E0));
#861=VECTOR('',#860,1.4E1);
#862=CARTESIAN_POINT('',(1.667500073292E1,2.905348109842E1,-2.407526216636E0));
#863=LINE('',#862,#861);
#864=DIRECTION('',(1.E0,0.E0,0.E0));
#865=VECTOR('',#864,1.4E1);
#866=CARTESIAN_POINT('',(8.830000085892E1,-1.384651890171E1,-2.407526216636E0));
#867=LINE('',#866,#865);
#868=DIRECTION('',(0.E0,-1.E0,0.E0));
#869=VECTOR('',#868,1.4E1);
#870=CARTESIAN_POINT('',(8.830000085892E1,1.534810982963E-1,-2.407526216636E0));
#871=LINE('',#870,#869);
#872=DIRECTION('',(-1.E0,0.E0,0.E0));
#873=VECTOR('',#872,1.4E1);
#874=CARTESIAN_POINT('',(1.023000008589E2,1.534810982963E-1,-2.407526216636E0));
#875=LINE('',#874,#873);
#876=DIRECTION('',(0.E0,1.E0,0.E0));
#877=VECTOR('',#876,1.4E1);
#878=CARTESIAN_POINT('',(1.023000008589E2,-1.384651890171E1,-2.407526216636E0));
#879=LINE('',#878,#877);
#880=DIRECTION('',(1.E0,0.E0,0.E0));
#881=VECTOR('',#880,1.4E1);
#882=CARTESIAN_POINT('',(1.358000008340E2,-3.289651890175E1,-2.407526216636E0));
#883=LINE('',#882,#881);
#884=DIRECTION('',(0.E0,-1.E0,0.E0));
#885=VECTOR('',#884,1.4E1);
#886=CARTESIAN_POINT('',(1.358000008340E2,-1.889651890174E1,-2.407526216636E0));
#887=LINE('',#886,#885);
#888=DIRECTION('',(-1.E0,0.E0,0.E0));
#889=VECTOR('',#888,1.4E1);
#890=CARTESIAN_POINT('',(1.498000008340E2,-1.889651890174E1,-2.407526216636E0));
#891=LINE('',#890,#889);
#892=DIRECTION('',(0.E0,1.E0,0.E0));
#893=VECTOR('',#892,1.4E1);
#894=CARTESIAN_POINT('',(1.498000008340E2,-3.289651890175E1,-2.407526216636E0));
#895=LINE('',#894,#893);
#896=DIRECTION('',(1.E0,0.E0,0.E0));
#897=VECTOR('',#896,1.4E1);
#898=CARTESIAN_POINT('',(-1.164999991390E2,-3.289651890175E1,
-2.407526216636E0));
#899=LINE('',#898,#897);
#900=DIRECTION('',(0.E0,-1.E0,0.E0));
#901=VECTOR('',#900,1.4E1);
#902=CARTESIAN_POINT('',(-1.164999991390E2,-1.889651890174E1,
-2.407526216636E0));
#903=LINE('',#902,#901);
#904=DIRECTION('',(-1.E0,0.E0,0.E0));
#905=VECTOR('',#904,1.4E1);
#906=CARTESIAN_POINT('',(-1.024999991390E2,-1.889651890174E1,
-2.407526216636E0));
#907=LINE('',#906,#905);
#908=DIRECTION('',(0.E0,1.E0,0.E0));
#909=VECTOR('',#908,1.4E1);
#910=CARTESIAN_POINT('',(-1.024999991390E2,-3.289651890175E1,
-2.407526216636E0));
#911=LINE('',#910,#909);
#912=DIRECTION('',(1.E0,0.E0,0.E0));
#913=VECTOR('',#912,1.4E1);
#914=CARTESIAN_POINT('',(-7.839999913897E1,-3.289651890175E1,
-2.407526216636E0));
#915=LINE('',#914,#913);
#916=DIRECTION('',(0.E0,-1.E0,0.E0));
#917=VECTOR('',#916,1.4E1);
#918=CARTESIAN_POINT('',(-7.839999913897E1,-1.889651890174E1,
-2.407526216636E0));
#919=LINE('',#918,#917);
#920=DIRECTION('',(-1.E0,0.E0,0.E0));
#921=VECTOR('',#920,1.4E1);
#922=CARTESIAN_POINT('',(-6.439999913897E1,-1.889651890174E1,
-2.407526216636E0));
#923=LINE('',#922,#921);
#924=DIRECTION('',(0.E0,1.E0,0.E0));
#925=VECTOR('',#924,1.4E1);
#926=CARTESIAN_POINT('',(-6.439999913897E1,-3.289651890175E1,
-2.407526216636E0));
#927=LINE('',#926,#925);
#928=DIRECTION('',(1.E0,0.E0,0.E0));
#929=VECTOR('',#928,1.4E1);
#930=CARTESIAN_POINT('',(-8.308749927508E1,2.905348109842E1,-2.407526216636E0));
#931=LINE('',#930,#929);
#932=DIRECTION('',(0.E0,-1.E0,0.E0));
#933=VECTOR('',#932,1.4E1);
#934=CARTESIAN_POINT('',(-8.308749927508E1,4.305348109843E1,-2.407526216636E0));
#935=LINE('',#934,#933);
#936=DIRECTION('',(-1.E0,0.E0,0.E0));
#937=VECTOR('',#936,1.4E1);
#938=CARTESIAN_POINT('',(-6.908749927508E1,4.305348109843E1,-2.407526216636E0));
#939=LINE('',#938,#937);
#940=DIRECTION('',(0.E0,1.E0,0.E0));
#941=VECTOR('',#940,1.4E1);
#942=CARTESIAN_POINT('',(-6.908749927508E1,2.905348109842E1,-2.407526216636E0));
#943=LINE('',#942,#941);
#944=DIRECTION('',(1.E0,0.E0,0.E0));
#945=VECTOR('',#944,1.4E1);
#946=CARTESIAN_POINT('',(-1.069499991396E2,-5.194651890313E1,
-2.407526216636E0));
#947=LINE('',#946,#945);
#948=DIRECTION('',(0.E0,-1.E0,0.E0));
#949=VECTOR('',#948,1.4E1);
#950=CARTESIAN_POINT('',(-1.069499991396E2,-3.794651890312E1,
-2.407526216636E0));
#951=LINE('',#950,#949);
#952=DIRECTION('',(-1.E0,0.E0,0.E0));
#953=VECTOR('',#952,1.4E1);
#954=CARTESIAN_POINT('',(-9.294999913956E1,-3.794651890312E1,
-2.407526216636E0));
#955=LINE('',#954,#953);
#956=DIRECTION('',(0.E0,1.E0,0.E0));
#957=VECTOR('',#956,1.4E1);
#958=CARTESIAN_POINT('',(-9.294999913956E1,-5.194651890313E1,
-2.407526216636E0));
#959=LINE('',#958,#957);
#960=DIRECTION('',(1.E0,0.E0,0.E0));
#961=VECTOR('',#960,1.4E1);
#962=CARTESIAN_POINT('',(-1.497999991401E2,5.203481098425E0,-2.407526216636E0));
#963=LINE('',#962,#961);
#964=DIRECTION('',(0.E0,-1.E0,0.E0));
#965=VECTOR('',#964,1.4E1);
#966=CARTESIAN_POINT('',(-1.497999991401E2,1.920348109843E1,-2.407526216636E0));
#967=LINE('',#966,#965);
#968=DIRECTION('',(-1.E0,0.E0,0.E0));
#969=VECTOR('',#968,1.4E1);
#970=CARTESIAN_POINT('',(-1.357999991401E2,1.920348109843E1,-2.407526216636E0));
#971=LINE('',#970,#969);
#972=DIRECTION('',(0.E0,1.E0,0.E0));
#973=VECTOR('',#972,1.4E1);
#974=CARTESIAN_POINT('',(-1.357999991401E2,5.203481098425E0,-2.407526216636E0));
#975=LINE('',#974,#973);
#976=DIRECTION('',(1.E0,0.E0,0.E0));
#977=VECTOR('',#976,1.4E1);
#978=CARTESIAN_POINT('',(-4.979999913956E1,-5.194651890313E1,
-2.407526216636E0));
#979=LINE('',#978,#977);
#980=DIRECTION('',(0.E0,-1.E0,0.E0));
#981=VECTOR('',#980,1.4E1);
#982=CARTESIAN_POINT('',(-4.979999913956E1,-3.794651890312E1,
-2.407526216636E0));
#983=LINE('',#982,#981);
#984=DIRECTION('',(-1.E0,0.E0,0.E0));
#985=VECTOR('',#984,1.4E1);
#986=CARTESIAN_POINT('',(-3.579999913956E1,-3.794651890312E1,
-2.407526216636E0));
#987=LINE('',#986,#985);
#988=DIRECTION('',(0.E0,1.E0,0.E0));
#989=VECTOR('',#988,1.4E1);
#990=CARTESIAN_POINT('',(-3.579999913956E1,-5.194651890313E1,
-2.407526216636E0));
#991=LINE('',#990,#989);
#992=DIRECTION('',(1.E0,0.E0,0.E0));
#993=VECTOR('',#992,1.4E1);
#994=CARTESIAN_POINT('',(-6.949999141080E0,-1.384651890171E1,
-2.407526216636E0));
#995=LINE('',#994,#993);
#996=DIRECTION('',(0.E0,-1.E0,0.E0));
#997=VECTOR('',#996,1.4E1);
#998=CARTESIAN_POINT('',(-6.949999141080E0,1.534810982963E-1,
-2.407526216636E0));
#999=LINE('',#998,#997);
#1000=DIRECTION('',(-1.E0,0.E0,0.E0));
#1001=VECTOR('',#1000,1.4E1);
#1002=CARTESIAN_POINT('',(7.050000858920E0,1.534810982963E-1,
-2.407526216636E0));
#1003=LINE('',#1002,#1001);
#1004=DIRECTION('',(0.E0,1.E0,0.E0));
#1005=VECTOR('',#1004,1.4E1);
#1006=CARTESIAN_POINT('',(7.050000858920E0,-1.384651890171E1,
-2.407526216636E0));
#1007=LINE('',#1006,#1005);
#1008=DIRECTION('',(1.E0,0.E0,0.E0));
#1009=VECTOR('',#1008,1.4E1);
#1010=CARTESIAN_POINT('',(-8.314999914108E1,-1.384651890171E1,
-2.407526216636E0));
#1011=LINE('',#1010,#1009);
#1012=DIRECTION('',(0.E0,-1.E0,0.E0));
#1013=VECTOR('',#1012,1.4E1);
#1014=CARTESIAN_POINT('',(-8.314999914108E1,1.534810982963E-1,
-2.407526216636E0));
#1015=LINE('',#1014,#1013);
#1016=DIRECTION('',(-1.E0,0.E0,0.E0));
#1017=VECTOR('',#1016,1.4E1);
#1018=CARTESIAN_POINT('',(-6.914999914108E1,1.534810982963E-1,
-2.407526216636E0));
#1019=LINE('',#1018,#1017);
#1020=DIRECTION('',(0.E0,1.E0,0.E0));
#1021=VECTOR('',#1020,1.4E1);
#1022=CARTESIAN_POINT('',(-6.914999914108E1,-1.384651890171E1,
-2.407526216636E0));
#1023=LINE('',#1022,#1021);
#1024=DIRECTION('',(1.E0,0.E0,0.E0));
#1025=VECTOR('',#1024,1.4E1);
#1026=CARTESIAN_POINT('',(1.074875007409E2,2.905348109842E1,-2.407526216636E0));
#1027=LINE('',#1026,#1025);
#1028=DIRECTION('',(0.E0,-1.E0,0.E0));
#1029=VECTOR('',#1028,1.4E1);
#1030=CARTESIAN_POINT('',(1.074875007409E2,4.305348109843E1,-2.407526216636E0));
#1031=LINE('',#1030,#1029);
#1032=DIRECTION('',(-1.E0,0.E0,0.E0));
#1033=VECTOR('',#1032,1.4E1);
#1034=CARTESIAN_POINT('',(1.214875007409E2,4.305348109843E1,-2.407526216636E0));
#1035=LINE('',#1034,#1033);
#1036=DIRECTION('',(0.E0,1.E0,0.E0));
#1037=VECTOR('',#1036,1.4E1);
#1038=CARTESIAN_POINT('',(1.214875007409E2,2.905348109842E1,-2.407526216636E0));
#1039=LINE('',#1038,#1037);
#1040=DIRECTION('',(1.E0,0.E0,0.E0));
#1041=VECTOR('',#1040,1.4E1);
#1042=CARTESIAN_POINT('',(1.358000008346E2,-1.384651890037E1,
-2.407526216636E0));
#1043=LINE('',#1042,#1041);
#1044=DIRECTION('',(0.E0,-1.E0,0.E0));
#1045=VECTOR('',#1044,1.4E1);
#1046=CARTESIAN_POINT('',(1.358000008346E2,1.534810996363E-1,
-2.407526216636E0));
#1047=LINE('',#1046,#1045);
#1048=DIRECTION('',(-1.E0,0.E0,0.E0));
#1049=VECTOR('',#1048,1.4E1);
#1050=CARTESIAN_POINT('',(1.498000008346E2,1.534810996363E-1,
-2.407526216636E0));
#1051=LINE('',#1050,#1049);
#1052=DIRECTION('',(0.E0,1.E0,0.E0));
#1053=VECTOR('',#1052,1.4E1);
#1054=CARTESIAN_POINT('',(1.498000008346E2,-1.384651890037E1,
-2.407526216636E0));
#1055=LINE('',#1054,#1053);
#1056=DIRECTION('',(1.E0,0.E0,0.E0));
#1057=VECTOR('',#1056,1.4E1);
#1058=CARTESIAN_POINT('',(-7.359999914008E1,5.203481098425E0,
-2.407526216636E0));
#1059=LINE('',#1058,#1057);
#1060=DIRECTION('',(0.E0,-1.E0,0.E0));
#1061=VECTOR('',#1060,1.4E1);
#1062=CARTESIAN_POINT('',(-7.359999914008E1,1.920348109843E1,
-2.407526216636E0));
#1063=LINE('',#1062,#1061);
#1064=DIRECTION('',(-1.E0,0.E0,0.E0));
#1065=VECTOR('',#1064,1.4E1);
#1066=CARTESIAN_POINT('',(-5.959999914008E1,1.920348109843E1,
-2.407526216636E0));
#1067=LINE('',#1066,#1065);
#1068=DIRECTION('',(0.E0,1.E0,0.E0));
#1069=VECTOR('',#1068,1.4E1);
#1070=CARTESIAN_POINT('',(-5.959999914008E1,5.203481098425E0,
-2.407526216636E0));
#1071=LINE('',#1070,#1069);
#1072=DIRECTION('',(1.E0,0.E0,0.E0));
#1073=VECTOR('',#1072,1.4E1);
#1074=CARTESIAN_POINT('',(2.165000085992E1,5.203481098425E0,-2.407526216636E0));
#1075=LINE('',#1074,#1073);
#1076=DIRECTION('',(0.E0,-1.E0,0.E0));
#1077=VECTOR('',#1076,1.4E1);
#1078=CARTESIAN_POINT('',(2.165000085992E1,1.920348109843E1,-2.407526216636E0));
#1079=LINE('',#1078,#1077);
#1080=DIRECTION('',(-1.E0,0.E0,0.E0));
#1081=VECTOR('',#1080,1.4E1);
#1082=CARTESIAN_POINT('',(3.565000085992E1,1.920348109843E1,-2.407526216636E0));
#1083=LINE('',#1082,#1081);
#1084=DIRECTION('',(0.E0,1.E0,0.E0));
#1085=VECTOR('',#1084,1.4E1);
#1086=CARTESIAN_POINT('',(3.565000085992E1,5.203481098425E0,-2.407526216636E0));
#1087=LINE('',#1086,#1085);
#1088=DIRECTION('',(1.E0,0.E0,0.E0));
#1089=VECTOR('',#1088,1.4E1);
#1090=CARTESIAN_POINT('',(-8.789999913956E1,-5.194651890313E1,
-2.407526216636E0));
#1091=LINE('',#1090,#1089);
#1092=DIRECTION('',(0.E0,-1.E0,0.E0));
#1093=VECTOR('',#1092,1.4E1);
#1094=CARTESIAN_POINT('',(-8.789999913956E1,-3.794651890312E1,
-2.407526216636E0));
#1095=LINE('',#1094,#1093);
#1096=DIRECTION('',(-1.E0,0.E0,0.E0));
#1097=VECTOR('',#1096,1.4E1);
#1098=CARTESIAN_POINT('',(-7.389999913956E1,-3.794651890312E1,
-2.407526216636E0));
#1099=LINE('',#1098,#1097);
#1100=DIRECTION('',(0.E0,1.E0,0.E0));
#1101=VECTOR('',#1100,1.4E1);
#1102=CARTESIAN_POINT('',(-7.389999913956E1,-5.194651890313E1,
-2.407526216636E0));
#1103=LINE('',#1102,#1101);
#1104=DIRECTION('',(1.E0,0.E0,0.E0));
#1105=VECTOR('',#1104,1.4E1);
#1106=CARTESIAN_POINT('',(2.172500073292E1,2.905348109842E1,-2.407526216636E0));
#1107=LINE('',#1106,#1105);
#1108=DIRECTION('',(0.E0,-1.E0,0.E0));
#1109=VECTOR('',#1108,1.4E1);
#1110=CARTESIAN_POINT('',(2.172500073292E1,4.305348109843E1,-2.407526216636E0));
#1111=LINE('',#1110,#1109);
#1112=DIRECTION('',(-1.E0,0.E0,0.E0));
#1113=VECTOR('',#1112,1.4E1);
#1114=CARTESIAN_POINT('',(3.572500073292E1,4.305348109843E1,-2.407526216636E0));
#1115=LINE('',#1114,#1113);
#1116=DIRECTION('',(0.E0,1.E0,0.E0));
#1117=VECTOR('',#1116,1.4E1);
#1118=CARTESIAN_POINT('',(3.572500073292E1,2.905348109842E1,-2.407526216636E0));
#1119=LINE('',#1118,#1117);
#1120=DIRECTION('',(1.E0,0.E0,0.E0));
#1121=VECTOR('',#1120,1.4E1);
#1122=CARTESIAN_POINT('',(6.938750074092E1,2.905348109842E1,-2.407526216636E0));
#1123=LINE('',#1122,#1121);
#1124=DIRECTION('',(0.E0,-1.E0,0.E0));
#1125=VECTOR('',#1124,1.4E1);
#1126=CARTESIAN_POINT('',(6.938750074092E1,4.305348109843E1,-2.407526216636E0));
#1127=LINE('',#1126,#1125);
#1128=DIRECTION('',(-1.E0,0.E0,0.E0));
#1129=VECTOR('',#1128,1.4E1);
#1130=CARTESIAN_POINT('',(8.338750074092E1,4.305348109843E1,-2.407526216636E0));
#1131=LINE('',#1130,#1129);
#1132=DIRECTION('',(0.E0,1.E0,0.E0));
#1133=VECTOR('',#1132,1.4E1);
#1134=CARTESIAN_POINT('',(8.338750074092E1,2.905348109842E1,-2.407526216636E0));
#1135=LINE('',#1134,#1133);
#1136=DIRECTION('',(1.E0,0.E0,0.E0));
#1137=VECTOR('',#1136,1.4E1);
#1138=CARTESIAN_POINT('',(-1.473999991400E2,-7.099651890161E1,
-2.407526216636E0));
#1139=LINE('',#1138,#1137);
#1140=DIRECTION('',(0.E0,-1.E0,0.E0));
#1141=VECTOR('',#1140,1.4E1);
#1142=CARTESIAN_POINT('',(-1.473999991400E2,-5.699651890161E1,
-2.407526216636E0));
#1143=LINE('',#1142,#1141);
#1144=DIRECTION('',(-1.E0,0.E0,0.E0));
#1145=VECTOR('',#1144,1.4E1);
#1146=CARTESIAN_POINT('',(-1.333999991400E2,-5.699651890161E1,
-2.407526216636E0));
#1147=LINE('',#1146,#1145);
#1148=DIRECTION('',(0.E0,1.E0,0.E0));
#1149=VECTOR('',#1148,1.4E1);
#1150=CARTESIAN_POINT('',(-1.333999991400E2,-7.099651890161E1,
-2.407526216636E0));
#1151=LINE('',#1150,#1149);
#1152=DIRECTION('',(1.E0,0.E0,0.E0));
#1153=VECTOR('',#1152,1.4E1);
#1154=CARTESIAN_POINT('',(1.358000008604E2,-7.099651890313E1,
-2.407526216636E0));
#1155=LINE('',#1154,#1153);
#1156=DIRECTION('',(0.E0,-1.E0,0.E0));
#1157=VECTOR('',#1156,1.4E1);
#1158=CARTESIAN_POINT('',(1.358000008604E2,-5.699651890312E1,
-2.407526216636E0));
#1159=LINE('',#1158,#1157);
#1160=DIRECTION('',(-1.E0,0.E0,0.E0));
#1161=VECTOR('',#1160,1.4E1);
#1162=CARTESIAN_POINT('',(1.498000008604E2,-5.699651890312E1,
-2.407526216636E0));
#1163=LINE('',#1162,#1161);
#1164=DIRECTION('',(0.E0,1.E0,0.E0));
#1165=VECTOR('',#1164,1.4E1);
#1166=CARTESIAN_POINT('',(1.498000008604E2,-7.099651890313E1,
-2.407526216636E0));
#1167=LINE('',#1166,#1165);
#1168=DIRECTION('',(1.E0,0.E0,0.E0));
#1169=VECTOR('',#1168,1.4E1);
#1170=CARTESIAN_POINT('',(-1.021999991411E2,-1.384651890171E1,
-2.407526216636E0));
#1171=LINE('',#1170,#1169);
#1172=DIRECTION('',(0.E0,-1.E0,0.E0));
#1173=VECTOR('',#1172,1.4E1);
#1174=CARTESIAN_POINT('',(-1.021999991411E2,1.534810982963E-1,
-2.407526216636E0));
#1175=LINE('',#1174,#1173);
#1176=DIRECTION('',(-1.E0,0.E0,0.E0));
#1177=VECTOR('',#1176,1.4E1);
#1178=CARTESIAN_POINT('',(-8.819999914108E1,1.534810982963E-1,
-2.407526216636E0));
#1179=LINE('',#1178,#1177);
#1180=DIRECTION('',(0.E0,1.E0,0.E0));
#1181=VECTOR('',#1180,1.4E1);
#1182=CARTESIAN_POINT('',(-8.819999914108E1,-1.384651890171E1,
-2.407526216636E0));
#1183=LINE('',#1182,#1181);
#1184=DIRECTION('',(1.E0,0.E0,0.E0));
#1185=VECTOR('',#1184,1.4E1);
#1186=CARTESIAN_POINT('',(8.843750074092E1,2.905348109842E1,-2.407526216636E0));
#1187=LINE('',#1186,#1185);
#1188=DIRECTION('',(0.E0,-1.E0,0.E0));
#1189=VECTOR('',#1188,1.4E1);
#1190=CARTESIAN_POINT('',(8.843750074092E1,4.305348109843E1,-2.407526216636E0));
#1191=LINE('',#1190,#1189);
#1192=DIRECTION('',(-1.E0,0.E0,0.E0));
#1193=VECTOR('',#1192,1.4E1);
#1194=CARTESIAN_POINT('',(1.024375007409E2,4.305348109843E1,-2.407526216636E0));
#1195=LINE('',#1194,#1193);
#1196=DIRECTION('',(0.E0,1.E0,0.E0));
#1197=VECTOR('',#1196,1.4E1);
#1198=CARTESIAN_POINT('',(1.024375007409E2,2.905348109842E1,-2.407526216636E0));
#1199=LINE('',#1198,#1197);
#1200=DIRECTION('',(1.E0,0.E0,0.E0));
#1201=VECTOR('',#1200,1.4E1);
#1202=CARTESIAN_POINT('',(6.680000085970E1,-7.099651890161E1,
-2.407526216636E0));
#1203=LINE('',#1202,#1201);
#1204=DIRECTION('',(0.E0,-1.E0,0.E0));
#1205=VECTOR('',#1204,1.4E1);
#1206=CARTESIAN_POINT('',(6.680000085970E1,-5.699651890161E1,
-2.407526216636E0));
#1207=LINE('',#1206,#1205);
#1208=DIRECTION('',(-1.E0,0.E0,0.E0));
#1209=VECTOR('',#1208,1.4E1);
#1210=CARTESIAN_POINT('',(8.080000085970E1,-5.699651890161E1,
-2.407526216636E0));
#1211=LINE('',#1210,#1209);
#1212=DIRECTION('',(0.E0,1.E0,0.E0));
#1213=VECTOR('',#1212,1.4E1);
#1214=CARTESIAN_POINT('',(8.080000085970E1,-7.099651890161E1,
-2.407526216636E0));
#1215=LINE('',#1214,#1213);
#1216=DIRECTION('',(1.E0,0.E0,0.E0));
#1217=VECTOR('',#1216,1.4E1);
#1218=CARTESIAN_POINT('',(-9.969999913996E1,-7.099651890161E1,
-2.407526216636E0));
#1219=LINE('',#1218,#1217);
#1220=DIRECTION('',(0.E0,-1.E0,0.E0));
#1221=VECTOR('',#1220,1.4E1);
#1222=CARTESIAN_POINT('',(-9.969999913996E1,-5.699651890161E1,
-2.407526216636E0));
#1223=LINE('',#1222,#1221);
#1224=DIRECTION('',(-1.E0,0.E0,0.E0));
#1225=VECTOR('',#1224,1.4E1);
#1226=CARTESIAN_POINT('',(-8.569999913996E1,-5.699651890161E1,
-2.407526216636E0));
#1227=LINE('',#1226,#1225);
#1228=DIRECTION('',(0.E0,1.E0,0.E0));
#1229=VECTOR('',#1228,1.4E1);
#1230=CARTESIAN_POINT('',(-8.569999913996E1,-7.099651890161E1,
-2.407526216636E0));
#1231=LINE('',#1230,#1229);
#1232=DIRECTION('',(1.E0,0.E0,0.E0));
#1233=VECTOR('',#1232,1.4E1);
#1234=CARTESIAN_POINT('',(-1.169999913956E1,-5.194651890313E1,
-2.407526216636E0));
#1235=LINE('',#1234,#1233);
#1236=DIRECTION('',(0.E0,-1.E0,0.E0));
#1237=VECTOR('',#1236,1.4E1);
#1238=CARTESIAN_POINT('',(-1.169999913956E1,-3.794651890312E1,
-2.407526216636E0));
#1239=LINE('',#1238,#1237);
#1240=DIRECTION('',(-1.E0,0.E0,0.E0));
#1241=VECTOR('',#1240,1.4E1);
#1242=CARTESIAN_POINT('',(2.300000860440E0,-3.794651890312E1,
-2.407526216636E0));
#1243=LINE('',#1242,#1241);
#1244=DIRECTION('',(0.E0,1.E0,0.E0));
#1245=VECTOR('',#1244,1.4E1);
#1246=CARTESIAN_POINT('',(2.300000860440E0,-5.194651890313E1,
-2.407526216636E0));
#1247=LINE('',#1246,#1245);
#1248=DIRECTION('',(1.E0,0.E0,0.E0));
#1249=VECTOR('',#1248,1.4E1);
#1250=CARTESIAN_POINT('',(1.121250008593E2,-1.384651890159E1,
-2.407526216636E0));
#1251=LINE('',#1250,#1249);
#1252=DIRECTION('',(0.E0,-1.E0,0.E0));
#1253=VECTOR('',#1252,1.4E1);
#1254=CARTESIAN_POINT('',(1.121250008593E2,1.534810984163E-1,
-2.407526216636E0));
#1255=LINE('',#1254,#1253);
#1256=DIRECTION('',(-1.E0,0.E0,0.E0));
#1257=VECTOR('',#1256,1.4E1);
#1258=CARTESIAN_POINT('',(1.261250008593E2,1.534810984163E-1,
-2.407526216636E0));
#1259=LINE('',#1258,#1257);
#1260=DIRECTION('',(0.E0,1.E0,0.E0));
#1261=VECTOR('',#1260,1.4E1);
#1262=CARTESIAN_POINT('',(1.261250008593E2,-1.384651890159E1,
-2.407526216636E0));
#1263=LINE('',#1262,#1261);
#1264=DIRECTION('',(1.E0,0.E0,0.E0));
#1265=VECTOR('',#1264,1.4E1);
#1266=CARTESIAN_POINT('',(5.975000085992E1,5.203481098425E0,-2.407526216636E0));
#1267=LINE('',#1266,#1265);
#1268=DIRECTION('',(0.E0,-1.E0,0.E0));
#1269=VECTOR('',#1268,1.4E1);
#1270=CARTESIAN_POINT('',(5.975000085992E1,1.920348109843E1,-2.407526216636E0));
#1271=LINE('',#1270,#1269);
#1272=DIRECTION('',(-1.E0,0.E0,0.E0));
#1273=VECTOR('',#1272,1.4E1);
#1274=CARTESIAN_POINT('',(7.375000085992E1,1.920348109843E1,-2.407526216636E0));
#1275=LINE('',#1274,#1273);
#1276=DIRECTION('',(0.E0,1.E0,0.E0));
#1277=VECTOR('',#1276,1.4E1);
#1278=CARTESIAN_POINT('',(7.375000085992E1,5.203481098425E0,-2.407526216636E0));
#1279=LINE('',#1278,#1277);
#1280=DIRECTION('',(1.E0,0.E0,0.E0));
#1281=VECTOR('',#1280,1.4E1);
#1282=CARTESIAN_POINT('',(-1.497999991401E2,2.905348109842E1,
-2.407526216636E0));
#1283=LINE('',#1282,#1281);
#1284=DIRECTION('',(0.E0,-1.E0,0.E0));
#1285=VECTOR('',#1284,1.4E1);
#1286=CARTESIAN_POINT('',(-1.497999991401E2,4.305348109843E1,
-2.407526216636E0));
#1287=LINE('',#1286,#1285);
#1288=DIRECTION('',(-1.E0,0.E0,0.E0));
#1289=VECTOR('',#1288,1.4E1);
#1290=CARTESIAN_POINT('',(-1.357999991401E2,4.305348109843E1,
-2.407526216636E0));
#1291=LINE('',#1290,#1289);
#1292=DIRECTION('',(0.E0,1.E0,0.E0));
#1293=VECTOR('',#1292,1.4E1);
#1294=CARTESIAN_POINT('',(-1.357999991401E2,2.905348109842E1,
-2.407526216636E0));
#1295=LINE('',#1294,#1293);
#1296=DIRECTION('',(1.E0,0.E0,0.E0));
#1297=VECTOR('',#1296,1.4E1);
#1298=CARTESIAN_POINT('',(-4.504999914108E1,-1.384651890171E1,
-2.407526216636E0));
#1299=LINE('',#1298,#1297);
#1300=DIRECTION('',(0.E0,-1.E0,0.E0));
#1301=VECTOR('',#1300,1.4E1);
#1302=CARTESIAN_POINT('',(-4.504999914108E1,1.534810982963E-1,
-2.407526216636E0));
#1303=LINE('',#1302,#1301);
#1304=DIRECTION('',(-1.E0,0.E0,0.E0));
#1305=VECTOR('',#1304,1.4E1);
#1306=CARTESIAN_POINT('',(-3.104999914108E1,1.534810982963E-1,
-2.407526216636E0));
#1307=LINE('',#1306,#1305);
#1308=DIRECTION('',(0.E0,1.E0,0.E0));
#1309=VECTOR('',#1308,1.4E1);
#1310=CARTESIAN_POINT('',(-3.104999914108E1,-1.384651890171E1,
-2.407526216636E0));
#1311=LINE('',#1310,#1309);
#1312=DIRECTION('',(1.E0,0.E0,0.E0));
#1313=VECTOR('',#1312,1.4E1);
#1314=CARTESIAN_POINT('',(4.545000086044E1,-5.194651890313E1,
-2.407526216636E0));
#1315=LINE('',#1314,#1313);
#1316=DIRECTION('',(0.E0,-1.E0,0.E0));
#1317=VECTOR('',#1316,1.4E1);
#1318=CARTESIAN_POINT('',(4.545000086044E1,-3.794651890312E1,
-2.407526216636E0));
#1319=LINE('',#1318,#1317);
#1320=DIRECTION('',(-1.E0,0.E0,0.E0));
#1321=VECTOR('',#1320,1.4E1);
#1322=CARTESIAN_POINT('',(5.945000086044E1,-3.794651890312E1,
-2.407526216636E0));
#1323=LINE('',#1322,#1321);
#1324=DIRECTION('',(0.E0,1.E0,0.E0));
#1325=VECTOR('',#1324,1.4E1);
#1326=CARTESIAN_POINT('',(5.945000086044E1,-5.194651890313E1,
-2.407526216636E0));
#1327=LINE('',#1326,#1325);
#1328=DIRECTION('',(1.E0,0.E0,0.E0));
#1329=VECTOR('',#1328,1.4E1);
#1330=CARTESIAN_POINT('',(-1.116999991401E2,5.203481098425E0,
-2.407526216636E0));
#1331=LINE('',#1330,#1329);
#1332=DIRECTION('',(0.E0,-1.E0,0.E0));
#1333=VECTOR('',#1332,1.4E1);
#1334=CARTESIAN_POINT('',(-1.116999991401E2,1.920348109843E1,
-2.407526216636E0));
#1335=LINE('',#1334,#1333);
#1336=DIRECTION('',(-1.E0,0.E0,0.E0));
#1337=VECTOR('',#1336,1.4E1);
#1338=CARTESIAN_POINT('',(-9.769999914008E1,1.920348109843E1,
-2.407526216636E0));
#1339=LINE('',#1338,#1337);
#1340=DIRECTION('',(0.E0,1.E0,0.E0));
#1341=VECTOR('',#1340,1.4E1);
#1342=CARTESIAN_POINT('',(-9.769999914008E1,5.203481098425E0,
-2.407526216636E0));
#1343=LINE('',#1342,#1341);
#1344=DIRECTION('',(1.E0,0.E0,0.E0));
#1345=VECTOR('',#1344,1.4E1);
#1346=CARTESIAN_POINT('',(-1.426999991394E2,-3.289651890088E1,
-2.407526216636E0));
#1347=LINE('',#1346,#1345);
#1348=DIRECTION('',(0.E0,-1.E0,0.E0));
#1349=VECTOR('',#1348,1.4E1);
#1350=CARTESIAN_POINT('',(-1.426999991394E2,-1.889651890088E1,
-2.407526216636E0));
#1351=LINE('',#1350,#1349);
#1352=DIRECTION('',(-1.E0,0.E0,0.E0));
#1353=VECTOR('',#1352,1.4E1);
#1354=CARTESIAN_POINT('',(-1.286999991394E2,-1.889651890088E1,
-2.407526216636E0));
#1355=LINE('',#1354,#1353);
#1356=DIRECTION('',(0.E0,1.E0,0.E0));
#1357=VECTOR('',#1356,1.4E1);
#1358=CARTESIAN_POINT('',(-1.286999991394E2,-3.289651890088E1,
-2.407526216636E0));
#1359=LINE('',#1358,#1357);
#1360=DIRECTION('',(1.E0,0.E0,0.E0));
#1361=VECTOR('',#1360,1.4E1);
#1362=CARTESIAN_POINT('',(-3.542499926708E1,2.905348109842E1,
-2.407526216636E0));
#1363=LINE('',#1362,#1361);
#1364=DIRECTION('',(0.E0,-1.E0,0.E0));
#1365=VECTOR('',#1364,1.4E1);
#1366=CARTESIAN_POINT('',(-3.542499926708E1,4.305348109843E1,
-2.407526216636E0));
#1367=LINE('',#1366,#1365);
#1368=DIRECTION('',(-1.E0,0.E0,0.E0));
#1369=VECTOR('',#1368,1.4E1);
#1370=CARTESIAN_POINT('',(-2.142499926708E1,4.305348109843E1,
-2.407526216636E0));
#1371=LINE('',#1370,#1369);
#1372=DIRECTION('',(0.E0,1.E0,0.E0));
#1373=VECTOR('',#1372,1.4E1);
#1374=CARTESIAN_POINT('',(-2.142499926708E1,2.905348109842E1,
-2.407526216636E0));
#1375=LINE('',#1374,#1373);
#1376=DIRECTION('',(1.E0,0.E0,0.E0));
#1377=VECTOR('',#1376,1.4E1);
#1378=CARTESIAN_POINT('',(-2.599999914108E1,-1.384651890171E1,
-2.407526216636E0));
#1379=LINE('',#1378,#1377);
#1380=DIRECTION('',(0.E0,-1.E0,0.E0));
#1381=VECTOR('',#1380,1.4E1);
#1382=CARTESIAN_POINT('',(-2.599999914108E1,1.534810982963E-1,
-2.407526216636E0));
#1383=LINE('',#1382,#1381);
#1384=DIRECTION('',(-1.E0,0.E0,0.E0));
#1385=VECTOR('',#1384,1.4E1);
#1386=CARTESIAN_POINT('',(-1.199999914108E1,1.534810982963E-1,
-2.407526216636E0));
#1387=LINE('',#1386,#1385);
#1388=DIRECTION('',(0.E0,1.E0,0.E0));
#1389=VECTOR('',#1388,1.4E1);
#1390=CARTESIAN_POINT('',(-1.199999914108E1,-1.384651890171E1,
-2.407526216636E0));
#1391=LINE('',#1390,#1389);
#1392=DIRECTION('',(1.E0,0.E0,0.E0));
#1393=VECTOR('',#1392,1.4E1);
#1394=CARTESIAN_POINT('',(-2.199999138970E0,-3.289651890175E1,
-2.407526216636E0));
#1395=LINE('',#1394,#1393);
#1396=DIRECTION('',(0.E0,-1.E0,0.E0));
#1397=VECTOR('',#1396,1.4E1);
#1398=CARTESIAN_POINT('',(-2.199999138970E0,-1.889651890174E1,
-2.407526216636E0));
#1399=LINE('',#1398,#1397);
#1400=DIRECTION('',(-1.E0,0.E0,0.E0));
#1401=VECTOR('',#1400,1.4E1);
#1402=CARTESIAN_POINT('',(1.180000086103E1,-1.889651890174E1,
-2.407526216636E0));
#1403=LINE('',#1402,#1401);
#1404=DIRECTION('',(0.E0,1.E0,0.E0));
#1405=VECTOR('',#1404,1.4E1);
#1406=CARTESIAN_POINT('',(1.180000086103E1,-3.289651890175E1,
-2.407526216636E0));
#1407=LINE('',#1406,#1405);
#1408=DIRECTION('',(1.E0,0.E0,0.E0));
#1409=VECTOR('',#1408,1.675000090835E0);
#1410=CARTESIAN_POINT('',(1.033250007690E2,-3.192151890024E1,
-2.407526216636E0));
#1411=LINE('',#1410,#1409);
#1412=DIRECTION('',(0.E0,1.E0,0.E0));
#1413=VECTOR('',#1412,7.400385350999E-1);
#1414=CARTESIAN_POINT('',(1.033250007690E2,-3.266155743534E1,
-2.407526216636E0));
#1415=LINE('',#1414,#1413);
#1416=DIRECTION('',(1.E0,-1.358268372366E-8,0.E0));
#1417=VECTOR('',#1416,1.772501451922E0);
#1418=CARTESIAN_POINT('',(1.015524993171E2,-3.266155741126E1,
-2.407526216636E0));
#1419=LINE('',#1418,#1417);
#1420=DIRECTION('',(0.E0,1.E0,0.E0));
#1421=VECTOR('',#1420,1.500317057215E0);
#1422=CARTESIAN_POINT('',(1.015524993171E2,-3.416187446848E1,
-2.407526216636E0));
#1423=LINE('',#1422,#1421);
#1424=DIRECTION('',(1.E0,0.E0,0.E0));
#1425=VECTOR('',#1424,3.105956494885E0);
#1426=CARTESIAN_POINT('',(9.844654282220E1,-3.416187446848E1,
-2.407526216636E0));
#1427=LINE('',#1426,#1425);
#1428=DIRECTION('',(0.E0,-1.E0,0.E0));
#1429=VECTOR('',#1428,1.500317057215E0);
#1430=CARTESIAN_POINT('',(9.844654282220E1,-3.266155741126E1,
-2.407526216636E0));
#1431=LINE('',#1430,#1429);
#1432=DIRECTION('',(1.E0,1.359004028613E-8,0.E0));
#1433=VECTOR('',#1432,1.771541961193E0);
#1434=CARTESIAN_POINT('',(9.667500086100E1,-3.266155743534E1,
-2.407526216636E0));
#1435=LINE('',#1434,#1433);
#1436=DIRECTION('',(4.372570685233E-14,-1.E0,0.E0));
#1437=VECTOR('',#1436,6.499999994601E0);
#1438=CARTESIAN_POINT('',(9.667500086100E1,-2.616155744074E1,
-2.407526216636E0));
#1439=LINE('',#1438,#1437);
#1440=DIRECTION('',(1.E0,1.065814096532E-13,0.E0));
#1441=VECTOR('',#1440,9.000000060019E-1);
#1442=CARTESIAN_POINT('',(9.577500085500E1,-2.616155744074E1,
-2.407526216636E0));
#1443=LINE('',#1442,#1441);
#1444=DIRECTION('',(1.218073260210E-13,-1.E0,0.E0));
#1445=VECTOR('',#1444,2.450000002199E0);
#1446=CARTESIAN_POINT('',(9.577500085500E1,-2.371155743854E1,
-2.407526216636E0));
#1447=LINE('',#1446,#1445);
#1448=DIRECTION('',(-1.E0,-1.105288692699E-13,0.E0));
#1449=VECTOR('',#1448,9.000000060027E-1);
#1450=CARTESIAN_POINT('',(9.667500086100E1,-2.371155743854E1,
-2.407526216636E0));
#1451=LINE('',#1450,#1449);
#1452=DIRECTION('',(1.224319788965E-13,-1.E0,0.E0));
#1453=VECTOR('',#1452,3.250000005E0);
#1454=CARTESIAN_POINT('',(9.667500086100E1,-2.046155743354E1,
-2.407526216636E0));
#1455=LINE('',#1454,#1453);
#1456=DIRECTION('',(-1.E0,-2.350667957840E-14,0.E0));
#1457=VECTOR('',#1456,6.649999262800E0);
#1458=CARTESIAN_POINT('',(1.033250001238E2,-2.046155743354E1,
-2.407526216636E0));
#1459=LINE('',#1458,#1457);
#1460=DIRECTION('',(-1.180594082216E-13,1.E0,0.E0));
#1461=VECTOR('',#1460,3.250000005E0);
#1462=CARTESIAN_POINT('',(1.033250001238E2,-2.371155743854E1,
-2.407526216636E0));
#1463=LINE('',#1462,#1461);
#1464=DIRECTION('',(-1.E0,1.272613295876E-13,0.E0));
#1465=VECTOR('',#1464,1.675000736035E0);
#1466=CARTESIAN_POINT('',(1.050000008598E2,-2.371155743854E1,
-2.407526216636E0));
#1467=LINE('',#1466,#1465);
#1468=DIRECTION('',(6.788100573375E-14,-1.E0,0.E0));
#1469=VECTOR('',#1468,4.815038535693E0);
#1470=CARTESIAN_POINT('',(1.050000008598E2,-1.889651890284E1,
-2.407526216636E0));
#1471=LINE('',#1470,#1469);
#1472=DIRECTION('',(-1.E0,0.E0,0.E0));
#1473=VECTOR('',#1472,1.4E1);
#1474=CARTESIAN_POINT('',(1.190000008598E2,-1.889651890284E1,
-2.407526216636E0));
#1475=LINE('',#1474,#1473);
#1476=DIRECTION('',(-6.788100584091E-14,1.E0,0.E0));
#1477=VECTOR('',#1476,4.815038528092E0);
#1478=CARTESIAN_POINT('',(1.190000008598E2,-2.371155743094E1,
-2.407526216636E0));
#1479=LINE('',#1478,#1477);
#1480=DIRECTION('',(-1.E0,-7.423584110510E-14,0.E0));
#1481=VECTOR('',#1480,1.674999257865E0);
#1482=CARTESIAN_POINT('',(1.206750001177E2,-2.371155743094E1,
-2.407526216636E0));
#1483=LINE('',#1482,#1481);
#1484=DIRECTION('',(1.224319785160E-13,-1.E0,0.E0));
#1485=VECTOR('',#1484,3.250000015100E0);
#1486=CARTESIAN_POINT('',(1.206750001177E2,-2.046155741584E1,
-2.407526216636E0));
#1487=LINE('',#1486,#1485);
#1488=DIRECTION('',(-1.E0,-1.602727796785E-14,0.E0));
#1489=VECTOR('',#1488,6.650000741100E0);
#1490=CARTESIAN_POINT('',(1.273250008588E2,-2.046155741584E1,
-2.407526216636E0));
#1491=LINE('',#1490,#1489);
#1492=DIRECTION('',(-1.224319789002E-13,1.E0,0.E0));
#1493=VECTOR('',#1492,3.250000004900E0);
#1494=CARTESIAN_POINT('',(1.273250008588E2,-2.371155742074E1,
-2.407526216636E0));
#1495=LINE('',#1494,#1493);
#1496=DIRECTION('',(-1.E0,-1.065814105653E-13,0.E0));
#1497=VECTOR('',#1496,8.999999983004E-1);
#1498=CARTESIAN_POINT('',(1.282250008571E2,-2.371155742074E1,
-2.407526216636E0));
#1499=LINE('',#1498,#1497);
#1500=DIRECTION('',(-1.160069771628E-13,1.E0,0.E0));
#1501=VECTOR('',#1500,2.450000002200E0);
#1502=CARTESIAN_POINT('',(1.282250008571E2,-2.616155742294E1,
-2.407526216636E0));
#1503=LINE('',#1502,#1501);
#1504=DIRECTION('',(1.E0,1.381610877697E-13,0.E0));
#1505=VECTOR('',#1504,8.999999983011E-1);
#1506=CARTESIAN_POINT('',(1.273250008588E2,-2.616155742294E1,
-2.407526216636E0));
#1507=LINE('',#1506,#1505);
#1508=DIRECTION('',(-5.028456288018E-14,1.E0,0.E0));
#1509=VECTOR('',#1508,6.499999994600E0);
#1510=CARTESIAN_POINT('',(1.273250008588E2,-3.266155741754E1,
-2.407526216636E0));
#1511=LINE('',#1510,#1509);
#1512=DIRECTION('',(1.E0,-1.358697233283E-8,0.E0));
#1513=VECTOR('',#1512,1.772501543281E0);
#1514=CARTESIAN_POINT('',(1.255524993155E2,-3.266155739345E1,
-2.407526216636E0));
#1515=LINE('',#1514,#1513);
#1516=DIRECTION('',(1.894380194675E-14,1.E0,0.E0));
#1517=VECTOR('',#1516,1.500317069947E0);
#1518=CARTESIAN_POINT('',(1.255524993155E2,-3.416187446340E1,
-2.407526216636E0));
#1519=LINE('',#1518,#1517);
#1520=DIRECTION('',(1.E0,0.E0,0.E0));
#1521=VECTOR('',#1520,3.105956494746E0);
#1522=CARTESIAN_POINT('',(1.224465428208E2,-3.416187446340E1,
-2.407526216636E0));
#1523=LINE('',#1522,#1521);
#1524=DIRECTION('',(0.E0,-1.E0,0.E0));
#1525=VECTOR('',#1524,1.500317069947E0);
#1526=CARTESIAN_POINT('',(1.224465428208E2,-3.266155739345E1,
-2.407526216636E0));
#1527=LINE('',#1526,#1525);
#1528=DIRECTION('',(1.E0,1.359433121523E-8,0.E0));
#1529=VECTOR('',#1528,1.771542052873E0);
#1530=CARTESIAN_POINT('',(1.206750007679E2,-3.266155741754E1,
-2.407526216636E0));
#1531=LINE('',#1530,#1529);
#1532=DIRECTION('',(0.E0,-1.E0,0.E0));
#1533=VECTOR('',#1532,7.400385172992E-1);
#1534=CARTESIAN_POINT('',(1.206750007679E2,-3.192151890024E1,
-2.407526216636E0));
#1535=LINE('',#1534,#1533);
#1536=DIRECTION('',(1.E0,0.E0,0.E0));
#1537=VECTOR('',#1536,1.674999908065E0);
#1538=CARTESIAN_POINT('',(1.190000008598E2,-3.192151890024E1,
-2.407526216636E0));
#1539=LINE('',#1538,#1537);
#1540=DIRECTION('',(3.352304180259E-13,1.E0,0.E0));
#1541=VECTOR('',#1540,9.750000026084E-1);
#1542=CARTESIAN_POINT('',(1.190000008598E2,-3.289651890285E1,
-2.407526216636E0));
#1543=LINE('',#1542,#1541);
#1544=DIRECTION('',(1.E0,0.E0,0.E0));
#1545=VECTOR('',#1544,1.4E1);
#1546=CARTESIAN_POINT('',(1.050000008598E2,-3.289651890285E1,
-2.407526216636E0));
#1547=LINE('',#1546,#1545);
#1548=DIRECTION('',(-3.352304180259E-13,-1.E0,0.E0));
#1549=VECTOR('',#1548,9.750000026084E-1);
#1550=CARTESIAN_POINT('',(1.050000008598E2,-3.192151890024E1,
-2.407526216636E0));
#1551=LINE('',#1550,#1549);
#1552=DIRECTION('',(1.E0,0.E0,0.E0));
#1553=VECTOR('',#1552,1.675000090835E0);
#1554=CARTESIAN_POINT('',(1.057000007690E2,6.178481099763E0,-2.407526216636E0));
#1555=LINE('',#1554,#1553);
#1556=DIRECTION('',(0.E0,1.E0,0.E0));
#1557=VECTOR('',#1556,7.400385350999E-1);
#1558=CARTESIAN_POINT('',(1.057000007690E2,5.438442564663E0,-2.407526216636E0));
#1559=LINE('',#1558,#1557);
#1560=DIRECTION('',(1.E0,-1.358268773236E-8,0.E0));
#1561=VECTOR('',#1560,1.772501451922E0);
#1562=CARTESIAN_POINT('',(1.039274993171E2,5.438442588738E0,-2.407526216636E0));
#1563=LINE('',#1562,#1561);
#1564=DIRECTION('',(0.E0,1.E0,0.E0));
#1565=VECTOR('',#1564,1.500317057215E0);
#1566=CARTESIAN_POINT('',(1.039274993171E2,3.938125531523E0,-2.407526216636E0));
#1567=LINE('',#1566,#1565);
#1568=DIRECTION('',(1.E0,0.E0,0.E0));
#1569=VECTOR('',#1568,3.105956494885E0);
#1570=CARTESIAN_POINT('',(1.008215428222E2,3.938125531523E0,-2.407526216636E0));
#1571=LINE('',#1570,#1569);
#1572=DIRECTION('',(0.E0,-1.E0,0.E0));
#1573=VECTOR('',#1572,1.500317057215E0);
#1574=CARTESIAN_POINT('',(1.008215428222E2,5.438442588738E0,-2.407526216636E0));
#1575=LINE('',#1574,#1573);
#1576=DIRECTION('',(1.E0,1.359004329428E-8,0.E0));
#1577=VECTOR('',#1576,1.771541961193E0);
#1578=CARTESIAN_POINT('',(9.905000086100E1,5.438442564663E0,-2.407526216636E0));
#1579=LINE('',#1578,#1577);
#1580=DIRECTION('',(4.372570685232E-14,-1.E0,0.E0));
#1581=VECTOR('',#1580,6.499999994601E0);
#1582=CARTESIAN_POINT('',(9.905000086100E1,1.193844255926E1,-2.407526216636E0));
#1583=LINE('',#1582,#1581);
#1584=DIRECTION('',(1.E0,1.065814096532E-13,0.E0));
#1585=VECTOR('',#1584,9.000000060019E-1);
#1586=CARTESIAN_POINT('',(9.815000085500E1,1.193844255926E1,-2.407526216636E0));
#1587=LINE('',#1586,#1585);
#1588=DIRECTION('',(1.218073260210E-13,-1.E0,0.E0));
#1589=VECTOR('',#1588,2.450000002199E0);
#1590=CARTESIAN_POINT('',(9.815000085500E1,1.438844256146E1,-2.407526216636E0));
#1591=LINE('',#1590,#1589);
#1592=DIRECTION('',(-1.E0,-1.065814096532E-13,0.E0));
#1593=VECTOR('',#1592,9.000000060027E-1);
#1594=CARTESIAN_POINT('',(9.905000086100E1,1.438844256146E1,-2.407526216636E0));
#1595=LINE('',#1594,#1593);
#1596=DIRECTION('',(1.224319788965E-13,-1.E0,0.E0));
#1597=VECTOR('',#1596,3.250000005E0);
#1598=CARTESIAN_POINT('',(9.905000086100E1,1.763844256646E1,-2.407526216636E0));
#1599=LINE('',#1598,#1597);
#1600=DIRECTION('',(-1.E0,-2.350667957840E-14,0.E0));
#1601=VECTOR('',#1600,6.649999262800E0);
#1602=CARTESIAN_POINT('',(1.057000001238E2,1.763844256646E1,-2.407526216636E0));
#1603=LINE('',#1602,#1601);
#1604=DIRECTION('',(-1.180594082216E-13,1.E0,0.E0));
#1605=VECTOR('',#1604,3.250000005E0);
#1606=CARTESIAN_POINT('',(1.057000001238E2,1.438844256146E1,-2.407526216636E0));
#1607=LINE('',#1606,#1605);
#1608=DIRECTION('',(-1.E0,1.304428628273E-13,0.E0));
#1609=VECTOR('',#1608,1.675000736035E0);
#1610=CARTESIAN_POINT('',(1.073750008598E2,1.438844256146E1,-2.407526216636E0));
#1611=LINE('',#1610,#1609);
#1612=DIRECTION('',(6.788100573375E-14,-1.E0,0.E0));
#1613=VECTOR('',#1612,4.815038535693E0);
#1614=CARTESIAN_POINT('',(1.073750008598E2,1.920348109716E1,-2.407526216636E0));
#1615=LINE('',#1614,#1613);
#1616=DIRECTION('',(-1.E0,0.E0,0.E0));
#1617=VECTOR('',#1616,1.4E1);
#1618=CARTESIAN_POINT('',(1.213750008598E2,1.920348109716E1,-2.407526216636E0));
#1619=LINE('',#1618,#1617);
#1620=DIRECTION('',(-6.788100584091E-14,1.E0,0.E0));
#1621=VECTOR('',#1620,4.815038528092E0);
#1622=CARTESIAN_POINT('',(1.213750008598E2,1.438844256906E1,-2.407526216636E0));
#1623=LINE('',#1622,#1621);
#1624=DIRECTION('',(-1.E0,-6.893328102617E-14,0.E0));
#1625=VECTOR('',#1624,1.674999257865E0);
#1626=CARTESIAN_POINT('',(1.230500001177E2,1.438844256906E1,-2.407526216636E0));
#1627=LINE('',#1626,#1625);
#1628=DIRECTION('',(1.224319785160E-13,-1.E0,0.E0));
#1629=VECTOR('',#1628,3.250000015100E0);
#1630=CARTESIAN_POINT('',(1.230500001177E2,1.763844258416E1,-2.407526216636E0));
#1631=LINE('',#1630,#1629);
#1632=DIRECTION('',(-1.E0,-1.709576316571E-14,0.E0));
#1633=VECTOR('',#1632,6.650000741100E0);
#1634=CARTESIAN_POINT('',(1.297000008588E2,1.763844258416E1,-2.407526216636E0));
#1635=LINE('',#1634,#1633);
#1636=DIRECTION('',(-1.224319789002E-13,1.E0,0.E0));
#1637=VECTOR('',#1636,3.250000004900E0);
#1638=CARTESIAN_POINT('',(1.297000008588E2,1.438844257926E1,-2.407526216636E0));
#1639=LINE('',#1638,#1637);
#1640=DIRECTION('',(-1.E0,-1.085551403906E-13,0.E0));
#1641=VECTOR('',#1640,8.999999983004E-1);
#1642=CARTESIAN_POINT('',(1.306000008571E2,1.438844257926E1,-2.407526216636E0));
#1643=LINE('',#1642,#1641);
#1644=DIRECTION('',(-1.160069771628E-13,1.E0,0.E0));
#1645=VECTOR('',#1644,2.450000002200E0);
#1646=CARTESIAN_POINT('',(1.306000008571E2,1.193844257706E1,-2.407526216636E0));
#1647=LINE('',#1646,#1645);
#1648=DIRECTION('',(1.E0,1.361873579444E-13,0.E0));
#1649=VECTOR('',#1648,8.999999983012E-1);
#1650=CARTESIAN_POINT('',(1.297000008588E2,1.193844257706E1,-2.407526216636E0));
#1651=LINE('',#1650,#1649);
#1652=DIRECTION('',(-5.684341890803E-14,1.E0,0.E0));
#1653=VECTOR('',#1652,6.499999994600E0);
#1654=CARTESIAN_POINT('',(1.297000008588E2,5.438442582464E0,-2.407526216636E0));
#1655=LINE('',#1654,#1653);
#1656=DIRECTION('',(1.E0,-1.358697634153E-8,0.E0));
#1657=VECTOR('',#1656,1.772501543281E0);
#1658=CARTESIAN_POINT('',(1.279274993155E2,5.438442606547E0,-2.407526216636E0));
#1659=LINE('',#1658,#1657);
#1660=DIRECTION('',(1.894380194675E-14,1.E0,0.E0));
#1661=VECTOR('',#1660,1.500317069947E0);
#1662=CARTESIAN_POINT('',(1.279274993155E2,3.938125536599E0,-2.407526216636E0));
#1663=LINE('',#1662,#1661);
#1664=DIRECTION('',(1.E0,0.E0,0.E0));
#1665=VECTOR('',#1664,3.105956494746E0);
#1666=CARTESIAN_POINT('',(1.248215428208E2,3.938125536599E0,-2.407526216636E0));
#1667=LINE('',#1666,#1665);
#1668=DIRECTION('',(0.E0,-1.E0,0.E0));
#1669=VECTOR('',#1668,1.500317069947E0);
#1670=CARTESIAN_POINT('',(1.248215428208E2,5.438442606547E0,-2.407526216636E0));
#1671=LINE('',#1670,#1669);
#1672=DIRECTION('',(1.E0,1.359433522610E-8,0.E0));
#1673=VECTOR('',#1672,1.771542052873E0);
#1674=CARTESIAN_POINT('',(1.230500007679E2,5.438442582464E0,-2.407526216636E0));
#1675=LINE('',#1674,#1673);
#1676=DIRECTION('',(0.E0,-1.E0,0.E0));
#1677=VECTOR('',#1676,7.400385172992E-1);
#1678=CARTESIAN_POINT('',(1.230500007679E2,6.178481099763E0,-2.407526216636E0));
#1679=LINE('',#1678,#1677);
#1680=DIRECTION('',(1.E0,0.E0,0.E0));
#1681=VECTOR('',#1680,1.674999908065E0);
#1682=CARTESIAN_POINT('',(1.213750008598E2,6.178481099763E0,-2.407526216636E0));
#1683=LINE('',#1682,#1681);
#1684=DIRECTION('',(3.352304180259E-13,1.E0,0.E0));
#1685=VECTOR('',#1684,9.750000026084E-1);
#1686=CARTESIAN_POINT('',(1.213750008598E2,5.203481097154E0,-2.407526216636E0));
#1687=LINE('',#1686,#1685);
#1688=DIRECTION('',(1.E0,0.E0,0.E0));
#1689=VECTOR('',#1688,1.4E1);
#1690=CARTESIAN_POINT('',(1.073750008598E2,5.203481097154E0,-2.407526216636E0));
#1691=LINE('',#1690,#1689);
#1692=DIRECTION('',(-3.352304180259E-13,-1.E0,0.E0));
#1693=VECTOR('',#1692,9.750000026084E-1);
#1694=CARTESIAN_POINT('',(1.073750008598E2,6.178481099763E0,-2.407526216636E0));
#1695=LINE('',#1694,#1693);
#1696=DIRECTION('',(1.E0,0.E0,0.E0));
#1697=VECTOR('',#1696,1.675000090836E0);
#1698=CARTESIAN_POINT('',(-1.395749992315E2,-5.097151889903E1,
-2.407526216636E0));
#1699=LINE('',#1698,#1697);
#1700=DIRECTION('',(0.E0,1.E0,0.E0));
#1701=VECTOR('',#1700,7.400385350999E-1);
#1702=CARTESIAN_POINT('',(-1.395749992315E2,-5.171155743413E1,
-2.407526216636E0));
#1703=LINE('',#1702,#1701);
#1704=DIRECTION('',(1.E0,-1.358269574977E-8,0.E0));
#1705=VECTOR('',#1704,1.772501451921E0);
#1706=CARTESIAN_POINT('',(-1.413475006834E2,-5.171155741005E1,
-2.407526216636E0));
#1707=LINE('',#1706,#1705);
#1708=DIRECTION('',(0.E0,1.E0,0.E0));
#1709=VECTOR('',#1708,1.500317057215E0);
#1710=CARTESIAN_POINT('',(-1.413475006834E2,-5.321187446727E1,
-2.407526216636E0));
#1711=LINE('',#1710,#1709);
#1712=DIRECTION('',(1.E0,0.E0,0.E0));
#1713=VECTOR('',#1712,3.105956494885E0);
#1714=CARTESIAN_POINT('',(-1.444534571783E2,-5.321187446727E1,
-2.407526216636E0));
#1715=LINE('',#1714,#1713);
#1716=DIRECTION('',(0.E0,-1.E0,0.E0));
#1717=VECTOR('',#1716,1.500317057215E0);
#1718=CARTESIAN_POINT('',(-1.444534571783E2,-5.171155741005E1,
-2.407526216636E0));
#1719=LINE('',#1718,#1717);
#1720=DIRECTION('',(1.E0,1.359005231874E-8,0.E0));
#1721=VECTOR('',#1720,1.771541961194E0);
#1722=CARTESIAN_POINT('',(-1.462249991395E2,-5.171155743413E1,
-2.407526216636E0));
#1723=LINE('',#1722,#1721);
#1724=DIRECTION('',(4.372570685232E-14,-1.E0,0.E0));
#1725=VECTOR('',#1724,6.499999994601E0);
#1726=CARTESIAN_POINT('',(-1.462249991395E2,-4.521155743953E1,
-2.407526216636E0));
#1727=LINE('',#1726,#1725);
#1728=DIRECTION('',(1.E0,1.184237885036E-13,0.E0));
#1729=VECTOR('',#1728,9.000000060016E-1);
#1730=CARTESIAN_POINT('',(-1.471249991455E2,-4.521155743953E1,
-2.407526216636E0));
#1731=LINE('',#1730,#1729);
#1732=DIRECTION('',(1.160069771628E-13,-1.E0,0.E0));
#1733=VECTOR('',#1732,2.450000002199E0);
#1734=CARTESIAN_POINT('',(-1.471249991455E2,-4.276155743733E1,
-2.407526216636E0));
#1735=LINE('',#1734,#1733);
#1736=DIRECTION('',(-1.E0,-1.105288692700E-13,0.E0));
#1737=VECTOR('',#1736,9.000000060024E-1);
#1738=CARTESIAN_POINT('',(-1.462249991395E2,-4.276155743733E1,
-2.407526216636E0));
#1739=LINE('',#1738,#1737);
#1740=DIRECTION('',(1.224319788965E-13,-1.E0,0.E0));
#1741=VECTOR('',#1740,3.250000005E0);
#1742=CARTESIAN_POINT('',(-1.462249991395E2,-3.951155743233E1,
-2.407526216636E0));
#1743=LINE('',#1742,#1741);
#1744=DIRECTION('',(-1.E0,-2.136970870763E-14,0.E0));
#1745=VECTOR('',#1744,6.649999262800E0);
#1746=CARTESIAN_POINT('',(-1.395749998767E2,-3.951155743233E1,
-2.407526216636E0));
#1747=LINE('',#1746,#1745);
#1748=DIRECTION('',(-1.136868375467E-13,1.E0,0.E0));
#1749=VECTOR('',#1748,3.250000005E0);
#1750=CARTESIAN_POINT('',(-1.395749998767E2,-4.276155743733E1,
-2.407526216636E0));
#1751=LINE('',#1750,#1749);
#1752=DIRECTION('',(-1.E0,1.272613295875E-13,0.E0));
#1753=VECTOR('',#1752,1.675000736036E0);
#1754=CARTESIAN_POINT('',(-1.378999991407E2,-4.276155743733E1,
-2.407526216636E0));
#1755=LINE('',#1754,#1753);
#1756=DIRECTION('',(0.E0,-1.E0,0.E0));
#1757=VECTOR('',#1756,4.815038535693E0);
#1758=CARTESIAN_POINT('',(-1.378999991407E2,-3.794651890163E1,
-2.407526216636E0));
#1759=LINE('',#1758,#1757);
#1760=DIRECTION('',(-1.E0,0.E0,0.E0));
#1761=VECTOR('',#1760,1.4E1);
#1762=CARTESIAN_POINT('',(-1.238999991407E2,-3.794651890163E1,
-2.407526216636E0));
#1763=LINE('',#1762,#1761);
#1764=DIRECTION('',(0.E0,1.E0,0.E0));
#1765=VECTOR('',#1764,4.815038528092E0);
#1766=CARTESIAN_POINT('',(-1.238999991407E2,-4.276155742973E1,
-2.407526216636E0));
#1767=LINE('',#1766,#1765);
#1768=DIRECTION('',(-1.E0,-7.635686513670E-14,0.E0));
#1769=VECTOR('',#1768,1.674999257864E0);
#1770=CARTESIAN_POINT('',(-1.222249998828E2,-4.276155742973E1,
-2.407526216636E0));
#1771=LINE('',#1770,#1769);
#1772=DIRECTION('',(1.224319785160E-13,-1.E0,0.E0));
#1773=VECTOR('',#1772,3.250000015100E0);
#1774=CARTESIAN_POINT('',(-1.222249998828E2,-3.951155741463E1,
-2.407526216636E0));
#1775=LINE('',#1774,#1773);
#1776=DIRECTION('',(-1.E0,-1.923273356142E-14,0.E0));
#1777=VECTOR('',#1776,6.650000741100E0);
#1778=CARTESIAN_POINT('',(-1.155749991417E2,-3.951155741463E1,
-2.407526216636E0));
#1779=LINE('',#1778,#1777);
#1780=DIRECTION('',(-1.224319789002E-13,1.E0,0.E0));
#1781=VECTOR('',#1780,3.250000004900E0);
#1782=CARTESIAN_POINT('',(-1.155749991417E2,-4.276155741953E1,
-2.407526216636E0));
#1783=LINE('',#1782,#1781);
#1784=DIRECTION('',(-1.E0,-1.105288702158E-13,0.E0));
#1785=VECTOR('',#1784,8.999999983010E-1);
#1786=CARTESIAN_POINT('',(-1.146749991434E2,-4.276155741953E1,
-2.407526216636E0));
#1787=LINE('',#1786,#1785);
#1788=DIRECTION('',(-1.160069771628E-13,1.E0,0.E0));
#1789=VECTOR('',#1788,2.450000002200E0);
#1790=CARTESIAN_POINT('',(-1.146749991434E2,-4.521155742173E1,
-2.407526216636E0));
#1791=LINE('',#1790,#1789);
#1792=DIRECTION('',(1.E0,1.105288702157E-13,0.E0));
#1793=VECTOR('',#1792,8.999999983018E-1);
#1794=CARTESIAN_POINT('',(-1.155749991417E2,-4.521155742173E1,
-2.407526216636E0));
#1795=LINE('',#1794,#1793);
#1796=DIRECTION('',(-4.809827753756E-14,1.E0,0.E0));
#1797=VECTOR('',#1796,6.499999994600E0);
#1798=CARTESIAN_POINT('',(-1.155749991417E2,-5.171155741633E1,
-2.407526216636E0));
#1799=LINE('',#1798,#1797);
#1800=DIRECTION('',(1.E0,-1.358697233283E-8,0.E0));
#1801=VECTOR('',#1800,1.772501543281E0);
#1802=CARTESIAN_POINT('',(-1.173475006850E2,-5.171155739224E1,
-2.407526216636E0));
#1803=LINE('',#1802,#1801);
#1804=DIRECTION('',(0.E0,1.E0,0.E0));
#1805=VECTOR('',#1804,1.500317069947E0);
#1806=CARTESIAN_POINT('',(-1.173475006850E2,-5.321187446219E1,
-2.407526216636E0));
#1807=LINE('',#1806,#1805);
#1808=DIRECTION('',(1.E0,0.E0,0.E0));
#1809=VECTOR('',#1808,3.105956494746E0);
#1810=CARTESIAN_POINT('',(-1.204534571797E2,-5.321187446219E1,
-2.407526216636E0));
#1811=LINE('',#1810,#1809);
#1812=DIRECTION('',(0.E0,-1.E0,0.E0));
#1813=VECTOR('',#1812,1.500317069947E0);
#1814=CARTESIAN_POINT('',(-1.204534571797E2,-5.171155739224E1,
-2.407526216636E0));
#1815=LINE('',#1814,#1813);
#1816=DIRECTION('',(1.E0,1.359433121523E-8,0.E0));
#1817=VECTOR('',#1816,1.771542052873E0);
#1818=CARTESIAN_POINT('',(-1.222249992326E2,-5.171155741633E1,
-2.407526216636E0));
#1819=LINE('',#1818,#1817);
#1820=DIRECTION('',(0.E0,-1.E0,0.E0));
#1821=VECTOR('',#1820,7.400385172992E-1);
#1822=CARTESIAN_POINT('',(-1.222249992326E2,-5.097151889903E1,
-2.407526216636E0));
#1823=LINE('',#1822,#1821);
#1824=DIRECTION('',(1.E0,0.E0,0.E0));
#1825=VECTOR('',#1824,1.674999908064E0);
#1826=CARTESIAN_POINT('',(-1.238999991407E2,-5.097151889903E1,
-2.407526216636E0));
#1827=LINE('',#1826,#1825);
#1828=DIRECTION('',(0.E0,1.E0,0.E0));
#1829=VECTOR('',#1828,9.750000026085E-1);
#1830=CARTESIAN_POINT('',(-1.238999991407E2,-5.194651890164E1,
-2.407526216636E0));
#1831=LINE('',#1830,#1829);
#1832=DIRECTION('',(1.E0,0.E0,0.E0));
#1833=VECTOR('',#1832,1.4E1);
#1834=CARTESIAN_POINT('',(-1.378999991407E2,-5.194651890164E1,
-2.407526216636E0));
#1835=LINE('',#1834,#1833);
#1836=DIRECTION('',(0.E0,-1.E0,0.E0));
#1837=VECTOR('',#1836,9.750000026085E-1);
#1838=CARTESIAN_POINT('',(-1.378999991407E2,-5.097151889903E1,
-2.407526216636E0));
#1839=LINE('',#1838,#1837);
#1840=DIRECTION('',(0.E0,-1.E0,2.108474837319E-14));
#1841=VECTOR('',#1840,2.340000001E1);
#1842=CARTESIAN_POINT('',(1.533518288489E2,-4.889926505702E1,
-2.407526216635E0));
#1843=LINE('',#1842,#1841);
#1844=CARTESIAN_POINT('',(1.553518288489E2,-4.889926505702E1,
-2.407526216636E0));
#1845=DIRECTION('',(0.E0,0.E0,1.E0));
#1846=DIRECTION('',(1.E0,0.E0,0.E0));
#1847=AXIS2_PLACEMENT_3D('',#1844,#1845,#1846);
#1849=CARTESIAN_POINT('',(1.588518288489E2,-6.139926505702E1,
-2.407526216636E0));
#1850=DIRECTION('',(0.E0,0.E0,-1.E0));
#1851=DIRECTION('',(1.E0,6.626995248856E-12,0.E0));
#1852=AXIS2_PLACEMENT_3D('',#1849,#1850,#1851);
#1854=CARTESIAN_POINT('',(1.588518288489E2,-2.639926505702E1,
-2.407526216636E0));
#1855=DIRECTION('',(0.E0,0.E0,-1.E0));
#1856=DIRECTION('',(-1.E0,-6.631732200428E-12,0.E0));
#1857=AXIS2_PLACEMENT_3D('',#1854,#1855,#1856);
#1859=CARTESIAN_POINT('',(1.553518288489E2,-3.889926505702E1,
-2.407526216636E0));
#1860=DIRECTION('',(0.E0,0.E0,1.E0));
#1861=DIRECTION('',(-1.E0,-2.806643806252E-12,0.E0));
#1862=AXIS2_PLACEMENT_3D('',#1859,#1860,#1861);
#1864=DIRECTION('',(0.E0,-1.E0,0.E0));
#1865=VECTOR('',#1864,5.E1);
#1866=CARTESIAN_POINT('',(1.533518288489E2,1.110073494298E1,-2.407526216635E0));
#1867=LINE('',#1866,#1865);
#1868=CARTESIAN_POINT('',(1.553518288489E2,1.110073494298E1,-2.407526216636E0));
#1869=DIRECTION('',(0.E0,0.E0,1.E0));
#1870=DIRECTION('',(1.E0,0.E0,0.E0));
#1871=AXIS2_PLACEMENT_3D('',#1868,#1869,#1870);
#1873=CARTESIAN_POINT('',(1.588518288489E2,-1.399265057022E0,
-2.407526216636E0));
#1874=DIRECTION('',(0.E0,0.E0,-1.E0));
#1875=DIRECTION('',(1.E0,6.628179486749E-12,0.E0));
#1876=AXIS2_PLACEMENT_3D('',#1873,#1874,#1875);
#1878=CARTESIAN_POINT('',(1.588518288489E2,3.360073494298E1,-2.407526216636E0));
#1879=DIRECTION('',(0.E0,0.E0,-1.E0));
#1880=DIRECTION('',(-1.E0,-6.626995248856E-12,0.E0));
#1881=AXIS2_PLACEMENT_3D('',#1878,#1879,#1880);
#1883=CARTESIAN_POINT('',(1.553518288489E2,2.110073494298E1,-2.407526216636E0));
#1884=DIRECTION('',(0.E0,0.E0,1.E0));
#1885=DIRECTION('',(-1.E0,-2.806643806252E-12,0.E0));
#1886=AXIS2_PLACEMENT_3D('',#1883,#1884,#1885);
#1888=DIRECTION('',(0.E0,-1.E0,-2.108474837409E-14));
#1889=VECTOR('',#1888,2.340000000900E1);
#1890=CARTESIAN_POINT('',(1.533518288489E2,4.450073495198E1,-2.407526216635E0));
#1891=LINE('',#1890,#1889);
#1892=CARTESIAN_POINT('',(1.508518288489E2,4.450073495198E1,-2.407526216634E0));
#1893=DIRECTION('',(0.E0,0.E0,-1.E0));
#1894=DIRECTION('',(0.E0,1.E0,0.E0));
#1895=AXIS2_PLACEMENT_3D('',#1892,#1893,#1894);
#1897=DIRECTION('',(1.E0,0.E0,0.E0));
#1898=VECTOR('',#1897,6.099999999968E1);
#1899=CARTESIAN_POINT('',(8.985182884924E1,4.700073495198E1,-2.407526216636E0));
#1900=LINE('',#1899,#1898);
#1901=CARTESIAN_POINT('',(8.985182884924E1,4.900073495198E1,-2.407526216636E0));
#1902=DIRECTION('',(0.E0,0.E0,1.E0));
#1903=DIRECTION('',(0.E0,1.E0,0.E0));
#1904=AXIS2_PLACEMENT_3D('',#1901,#1902,#1903);
#1906=CARTESIAN_POINT('',(1.023518288492E2,5.250073495198E1,-2.407526216636E0));
#1907=DIRECTION('',(0.E0,0.E0,-1.E0));
#1908=DIRECTION('',(-6.650680006715E-12,1.E0,0.E0));
#1909=AXIS2_PLACEMENT_3D('',#1906,#1907,#1908);
#1911=CARTESIAN_POINT('',(6.735182884924E1,5.250073495198E1,-2.407526216636E0));
#1912=DIRECTION('',(0.E0,0.E0,-1.E0));
#1913=DIRECTION('',(6.650680006715E-12,-1.E0,0.E0));
#1914=AXIS2_PLACEMENT_3D('',#1911,#1912,#1913);
#1916=CARTESIAN_POINT('',(7.985182884924E1,4.900073495198E1,-2.407526216636E0));
#1917=DIRECTION('',(0.E0,0.E0,1.E0));
#1918=DIRECTION('',(2.543742994021E-12,-1.E0,0.E0));
#1919=AXIS2_PLACEMENT_3D('',#1916,#1917,#1918);
#1921=DIRECTION('',(1.E0,0.E0,0.E0));
#1922=VECTOR('',#1921,7.5E1);
#1923=CARTESIAN_POINT('',(4.851828849236E0,4.700073495198E1,-2.407526216636E0));
#1924=LINE('',#1923,#1922);
#1925=CARTESIAN_POINT('',(4.851828849238E0,4.900073495198E1,-2.407526216636E0));
#1926=DIRECTION('',(0.E0,0.E0,1.E0));
#1927=DIRECTION('',(0.E0,1.E0,0.E0));
#1928=AXIS2_PLACEMENT_3D('',#1925,#1926,#1927);
#1930=CARTESIAN_POINT('',(1.735182884924E1,5.250073495198E1,-2.407526216636E0));
#1931=DIRECTION('',(0.E0,0.E0,-1.E0));
#1932=DIRECTION('',(-6.653048482500E-12,1.E0,0.E0));
#1933=AXIS2_PLACEMENT_3D('',#1930,#1931,#1932);
#1935=CARTESIAN_POINT('',(-1.764817115076E1,5.250073495198E1,
-2.407526216636E0));
#1936=DIRECTION('',(0.E0,0.E0,-1.E0));
#1937=DIRECTION('',(6.653048482500E-12,-1.E0,0.E0));
#1938=AXIS2_PLACEMENT_3D('',#1935,#1936,#1937);
#1940=CARTESIAN_POINT('',(-5.148171150762E0,4.900073495198E1,
-2.407526216636E0));
#1941=DIRECTION('',(0.E0,0.E0,1.E0));
#1942=DIRECTION('',(2.541522547972E-12,-1.E0,0.E0));
#1943=AXIS2_PLACEMENT_3D('',#1940,#1941,#1942);
#1945=DIRECTION('',(1.E0,0.E0,0.E0));
#1946=VECTOR('',#1945,7.5E1);
#1947=CARTESIAN_POINT('',(-8.014817115076E1,4.700073495198E1,
-2.407526216636E0));
#1948=LINE('',#1947,#1946);
#1949=CARTESIAN_POINT('',(-8.014817115076E1,4.900073495198E1,
-2.407526216636E0));
#1950=DIRECTION('',(0.E0,0.E0,1.E0));
#1951=DIRECTION('',(0.E0,1.E0,0.E0));
#1952=AXIS2_PLACEMENT_3D('',#1949,#1950,#1951);
#1954=CARTESIAN_POINT('',(-6.764817115076E1,5.250073495198E1,
-2.407526216636E0));
#1955=DIRECTION('',(0.E0,0.E0,-1.E0));
#1956=DIRECTION('',(-6.660153909858E-12,1.E0,0.E0));
#1957=AXIS2_PLACEMENT_3D('',#1954,#1955,#1956);
#1959=CARTESIAN_POINT('',(-1.026481711508E2,5.250073495198E1,
-2.407526216636E0));
#1960=DIRECTION('',(0.E0,0.E0,-1.E0));
#1961=DIRECTION('',(6.650680006715E-12,-1.E0,0.E0));
#1962=AXIS2_PLACEMENT_3D('',#1959,#1960,#1961);
#1964=CARTESIAN_POINT('',(-9.014817115076E1,4.900073495198E1,
-2.407526216636E0));
#1965=DIRECTION('',(0.E0,0.E0,1.E0));
#1966=DIRECTION('',(2.543742994021E-12,-1.E0,0.E0));
#1967=AXIS2_PLACEMENT_3D('',#1964,#1965,#1966);
#1969=DIRECTION('',(1.E0,0.E0,0.E0));
#1970=VECTOR('',#1969,6.099999875590E1);
#1971=CARTESIAN_POINT('',(-1.511481699067E2,4.700073495198E1,
-2.407526216635E0));
#1972=LINE('',#1971,#1970);
#1973=CARTESIAN_POINT('',(-1.511481711511E2,4.450073495198E1,
-2.407526216634E0));
#1974=DIRECTION('',(0.E0,0.E0,-1.E0));
#1975=DIRECTION('',(-1.E0,0.E0,0.E0));
#1976=AXIS2_PLACEMENT_3D('',#1973,#1974,#1975);
#1978=DIRECTION('',(0.E0,1.E0,2.106577020273E-14));
#1979=VECTOR('',#1978,2.340000000900E1);
#1980=CARTESIAN_POINT('',(-1.536481711511E2,2.110073494298E1,
-2.407526216636E0));
#1981=LINE('',#1980,#1979);
#1982=CARTESIAN_POINT('',(-1.556481711511E2,2.110073494298E1,
-2.407526216636E0));
#1983=DIRECTION('',(0.E0,0.E0,1.E0));
#1984=DIRECTION('',(-1.E0,0.E0,0.E0));
#1985=AXIS2_PLACEMENT_3D('',#1982,#1983,#1984);
#1987=CARTESIAN_POINT('',(-1.591481711511E2,3.360073494298E1,
-2.407526216636E0));
#1988=DIRECTION('',(0.E0,0.E0,-1.E0));
#1989=DIRECTION('',(-1.E0,-6.626995248856E-12,0.E0));
#1990=AXIS2_PLACEMENT_3D('',#1987,#1988,#1989);
#1992=CARTESIAN_POINT('',(-1.591481711511E2,-1.399265057022E0,
-2.407526216636E0));
#1993=DIRECTION('',(0.E0,0.E0,-1.E0));
#1994=DIRECTION('',(1.E0,6.629511754378E-12,0.E0));
#1995=AXIS2_PLACEMENT_3D('',#1992,#1993,#1994);
#1997=CARTESIAN_POINT('',(-1.556481711511E2,1.110073494298E1,
-2.407526216636E0));
#1998=DIRECTION('',(0.E0,0.E0,1.E0));
#1999=DIRECTION('',(1.E0,2.807531984672E-12,0.E0));
#2000=AXIS2_PLACEMENT_3D('',#1997,#1998,#1999);
#2002=DIRECTION('',(0.E0,1.E0,0.E0));
#2003=VECTOR('',#2002,5.E1);
#2004=CARTESIAN_POINT('',(-1.536481711511E2,-3.889926505702E1,
-2.407526216636E0));
#2005=LINE('',#2004,#2003);
#2006=CARTESIAN_POINT('',(-1.556481711511E2,-3.889926505702E1,
-2.407526216636E0));
#2007=DIRECTION('',(0.E0,0.E0,1.E0));
#2008=DIRECTION('',(-1.E0,0.E0,0.E0));
#2009=AXIS2_PLACEMENT_3D('',#2006,#2007,#2008);
#2011=CARTESIAN_POINT('',(-1.591481711511E2,-2.639926505702E1,
-2.407526216636E0));
#2012=DIRECTION('',(0.E0,0.E0,-1.E0));
#2013=DIRECTION('',(-1.E0,-6.631732200428E-12,0.E0));
#2014=AXIS2_PLACEMENT_3D('',#2011,#2012,#2013);
#2016=CARTESIAN_POINT('',(-1.591481711511E2,-6.139926505702E1,
-2.407526216636E0));
#2017=DIRECTION('',(0.E0,0.E0,-1.E0));
#2018=DIRECTION('',(1.E0,6.636469151999E-12,0.E0));
#2019=AXIS2_PLACEMENT_3D('',#2016,#2017,#2018);
#2021=CARTESIAN_POINT('',(-1.556481711511E2,-4.889926505702E1,
-2.407526216636E0));
#2022=DIRECTION('',(0.E0,0.E0,1.E0));
#2023=DIRECTION('',(1.E0,2.803091092574E-12,0.E0));
#2024=AXIS2_PLACEMENT_3D('',#2021,#2022,#2023);
#2026=DIRECTION('',(0.E0,1.E0,-2.106577020183E-14));
#2027=VECTOR('',#2026,2.340000001E1);
#2028=CARTESIAN_POINT('',(-1.536481711511E2,-7.229926506702E1,
-2.407526216635E0));
#2029=LINE('',#2028,#2027);
#2030=CARTESIAN_POINT('',(-1.511481711511E2,-7.229926506702E1,
-2.407526216634E0));
#2031=DIRECTION('',(0.E0,0.E0,-1.E0));
#2032=DIRECTION('',(0.E0,-1.E0,0.E0));
#2033=AXIS2_PLACEMENT_3D('',#2030,#2031,#2032);
#2035=DIRECTION('',(-1.E0,0.E0,2.330882511845E-14));
#2036=VECTOR('',#2035,2.114817115099E1);
#2037=CARTESIAN_POINT('',(-1.300000000001E2,-7.479926506702E1,
-2.407526216636E0));
#2038=LINE('',#2037,#2036);
#2039=CARTESIAN_POINT('',(-1.300000000001E2,-7.679926506702E1,
-2.407526216636E0));
#2040=DIRECTION('',(0.E0,0.E0,1.E0));
#2041=DIRECTION('',(0.E0,-1.E0,0.E0));
#2042=AXIS2_PLACEMENT_3D('',#2039,#2040,#2041);
#2044=CARTESIAN_POINT('',(-1.425000000001E2,-8.029926506702E1,
-2.407526216636E0));
#2045=DIRECTION('',(0.E0,0.E0,-1.E0));
#2046=DIRECTION('',(6.631732200428E-12,-1.E0,0.E0));
#2047=AXIS2_PLACEMENT_3D('',#2044,#2045,#2046);
#2049=CARTESIAN_POINT('',(-1.075000000001E2,-8.029926506702E1,
-2.407526216636E0));
#2050=DIRECTION('',(0.E0,0.E0,-1.E0));
#2051=DIRECTION('',(-6.631732200428E-12,1.E0,0.E0));
#2052=AXIS2_PLACEMENT_3D('',#2049,#2050,#2051);
#2054=CARTESIAN_POINT('',(-1.200000000001E2,-7.679926506702E1,
-2.407526216636E0));
#2055=DIRECTION('',(0.E0,0.E0,1.E0));
#2056=DIRECTION('',(-2.806643806252E-12,1.E0,0.E0));
#2057=AXIS2_PLACEMENT_3D('',#2054,#2055,#2056);
#2059=DIRECTION('',(-1.E0,0.E0,0.E0));
#2060=VECTOR('',#2059,7.333333333334E1);
#2061=CARTESIAN_POINT('',(-4.666666666676E1,-7.479926506702E1,
-2.407526216636E0));
#2062=LINE('',#2061,#2060);
#2063=CARTESIAN_POINT('',(-4.666666666676E1,-7.679926506702E1,
-2.407526216636E0));
#2064=DIRECTION('',(0.E0,0.E0,1.E0));
#2065=DIRECTION('',(0.E0,-1.E0,0.E0));
#2066=AXIS2_PLACEMENT_3D('',#2063,#2064,#2065);
#2068=CARTESIAN_POINT('',(-5.916666666676E1,-8.029926506702E1,
-2.407526216636E0));
#2069=DIRECTION('',(0.E0,0.E0,-1.E0));
#2070=DIRECTION('',(6.631732200428E-12,-1.E0,0.E0));
#2071=AXIS2_PLACEMENT_3D('',#2068,#2069,#2070);
#2073=CARTESIAN_POINT('',(-2.416666666676E1,-8.029926506702E1,
-2.407526216636E0));
#2074=DIRECTION('',(0.E0,0.E0,-1.E0));
#2075=DIRECTION('',(-6.629363724642E-12,1.E0,0.E0));
#2076=AXIS2_PLACEMENT_3D('',#2073,#2074,#2075);
#2078=CARTESIAN_POINT('',(-3.666666666676E1,-7.679926506702E1,
-2.407526216636E0));
#2079=DIRECTION('',(0.E0,0.E0,1.E0));
#2080=DIRECTION('',(-2.806643806252E-12,1.E0,0.E0));
#2081=AXIS2_PLACEMENT_3D('',#2078,#2079,#2080);
#2083=DIRECTION('',(-1.E0,0.E0,0.E0));
#2084=VECTOR('',#2083,7.333333333334E1);
#2085=CARTESIAN_POINT('',(3.666666666657E1,-7.479926506702E1,
-2.407526216636E0));
#2086=LINE('',#2085,#2084);
#2087=CARTESIAN_POINT('',(3.666666666657E1,-7.679926506702E1,
-2.407526216636E0));
#2088=DIRECTION('',(0.E0,0.E0,1.E0));
#2089=DIRECTION('',(0.E0,-1.E0,0.E0));
#2090=AXIS2_PLACEMENT_3D('',#2087,#2088,#2089);
#2092=CARTESIAN_POINT('',(2.416666666657E1,-8.029926506702E1,
-2.407526216636E0));
#2093=DIRECTION('',(0.E0,0.E0,-1.E0));
#2094=DIRECTION('',(6.634100676213E-12,-1.E0,0.E0));
#2095=AXIS2_PLACEMENT_3D('',#2092,#2093,#2094);
#2097=CARTESIAN_POINT('',(5.916666666657E1,-8.029926506702E1,
-2.407526216636E0));
#2098=DIRECTION('',(0.E0,0.E0,-1.E0));
#2099=DIRECTION('',(-6.626995248856E-12,1.E0,0.E0));
#2100=AXIS2_PLACEMENT_3D('',#2097,#2098,#2099);
#2102=CARTESIAN_POINT('',(4.666666666657E1,-7.679926506702E1,
-2.407526216636E0));
#2103=DIRECTION('',(0.E0,0.E0,1.E0));
#2104=DIRECTION('',(-2.806643806252E-12,1.E0,0.E0));
#2105=AXIS2_PLACEMENT_3D('',#2102,#2103,#2104);
#2107=DIRECTION('',(-1.E0,0.E0,0.E0));
#2108=VECTOR('',#2107,7.333333333334E1);
#2109=CARTESIAN_POINT('',(1.199999999999E2,-7.479926506702E1,
-2.407526216636E0));
#2110=LINE('',#2109,#2108);
#2111=CARTESIAN_POINT('',(1.199999999999E2,-7.679926506702E1,
-2.407526216636E0));
#2112=DIRECTION('',(0.E0,0.E0,1.E0));
#2113=DIRECTION('',(0.E0,-1.E0,0.E0));
#2114=AXIS2_PLACEMENT_3D('',#2111,#2112,#2113);
#2116=CARTESIAN_POINT('',(1.074999999999E2,-8.029926506702E1,
-2.407526216636E0));
#2117=DIRECTION('',(0.E0,0.E0,-1.E0));
#2118=DIRECTION('',(6.631732200428E-12,-1.E0,0.E0));
#2119=AXIS2_PLACEMENT_3D('',#2116,#2117,#2118);
#2121=CARTESIAN_POINT('',(1.424999999999E2,-8.029926506702E1,
-2.407526216636E0));
#2122=DIRECTION('',(0.E0,0.E0,-1.E0));
#2123=DIRECTION('',(-6.631732200428E-12,1.E0,0.E0));
#2124=AXIS2_PLACEMENT_3D('',#2121,#2122,#2123);
#2126=CARTESIAN_POINT('',(1.299999999999E2,-7.679926506702E1,
-2.407526216636E0));
#2127=DIRECTION('',(0.E0,0.E0,1.E0));
#2128=DIRECTION('',(-2.813749233610E-12,1.E0,0.E0));
#2129=AXIS2_PLACEMENT_3D('',#2126,#2127,#2128);
#2131=DIRECTION('',(-1.E0,0.E0,-2.364008579309E-14));
#2132=VECTOR('',#2131,2.085182884901E1);
#2133=CARTESIAN_POINT('',(1.508518288489E2,-7.479926506702E1,
-2.407526216635E0));
#2134=LINE('',#2133,#2132);
#2135=CARTESIAN_POINT('',(1.508518288489E2,-7.229926506702E1,
-2.407526216634E0));
#2136=DIRECTION('',(0.E0,0.E0,-1.E0));
#2137=DIRECTION('',(1.E0,0.E0,0.E0));
#2138=AXIS2_PLACEMENT_3D('',#2135,#2136,#2137);
#2140=DIRECTION('',(0.E0,0.E0,1.E0));
#2141=VECTOR('',#2140,1.5E0);
#2142=CARTESIAN_POINT('',(-1.1E1,-1.6E1,-2.407526216636E0));
#2143=LINE('',#2142,#2141);
#2144=DIRECTION('',(0.E0,0.E0,1.E0));
#2145=VECTOR('',#2144,1.5E0);
#2146=CARTESIAN_POINT('',(-8.E0,-1.6E1,-2.407526216636E0));
#2147=LINE('',#2146,#2145);
#2148=CARTESIAN_POINT('',(-9.5E0,-1.6E1,-9.075262166358E-1));
#2149=DIRECTION('',(0.E0,0.E0,-1.E0));
#2150=DIRECTION('',(0.E0,1.E0,0.E0));
#2151=AXIS2_PLACEMENT_3D('',#2148,#2149,#2150);
#2153=CARTESIAN_POINT('',(-9.5E0,-1.6E1,-9.075262166358E-1));
#2154=DIRECTION('',(0.E0,0.E0,-1.E0));
#2155=DIRECTION('',(-1.E0,0.E0,0.E0));
#2156=AXIS2_PLACEMENT_3D('',#2153,#2154,#2155);
#2158=CARTESIAN_POINT('',(-9.5E0,-1.6E1,-9.075262166358E-1));
#2159=DIRECTION('',(0.E0,0.E0,-1.E0));
#2160=DIRECTION('',(0.E0,-1.E0,0.E0));
#2161=AXIS2_PLACEMENT_3D('',#2158,#2159,#2160);
#2163=CARTESIAN_POINT('',(-9.5E0,-1.6E1,-9.075262166358E-1));
#2164=DIRECTION('',(0.E0,0.E0,-1.E0));
#2165=DIRECTION('',(1.E0,0.E0,0.E0));
#2166=AXIS2_PLACEMENT_3D('',#2163,#2164,#2165);
#2168=CARTESIAN_POINT('',(-1.045E2,-5.85E1,-9.075262166358E-1));
#2169=DIRECTION('',(0.E0,0.E0,-1.E0));
#2170=DIRECTION('',(0.E0,1.E0,0.E0));
#2171=AXIS2_PLACEMENT_3D('',#2168,#2169,#2170);
#2173=CARTESIAN_POINT('',(-1.045E2,-5.85E1,-9.075262166358E-1));
#2174=DIRECTION('',(0.E0,0.E0,-1.E0));
#2175=DIRECTION('',(-1.E0,0.E0,0.E0));
#2176=AXIS2_PLACEMENT_3D('',#2173,#2174,#2175);
#2178=CARTESIAN_POINT('',(-1.045E2,-5.85E1,-9.075262166358E-1));
#2179=DIRECTION('',(0.E0,0.E0,-1.E0));
#2180=DIRECTION('',(0.E0,-1.E0,0.E0));
#2181=AXIS2_PLACEMENT_3D('',#2178,#2179,#2180);
#2183=CARTESIAN_POINT('',(-1.045E2,-5.85E1,-9.075262166358E-1));
#2184=DIRECTION('',(0.E0,0.E0,-1.E0));
#2185=DIRECTION('',(1.E0,0.E0,0.E0));
#2186=AXIS2_PLACEMENT_3D('',#2183,#2184,#2185);
#2188=CARTESIAN_POINT('',(-1.18E2,2.4E1,-9.075262166358E-1));
#2189=DIRECTION('',(0.E0,0.E0,-1.E0));
#2190=DIRECTION('',(0.E0,1.E0,0.E0));
#2191=AXIS2_PLACEMENT_3D('',#2188,#2189,#2190);
#2193=CARTESIAN_POINT('',(-1.18E2,2.4E1,-9.075262166358E-1));
#2194=DIRECTION('',(0.E0,0.E0,-1.E0));
#2195=DIRECTION('',(-1.E0,0.E0,0.E0));
#2196=AXIS2_PLACEMENT_3D('',#2193,#2194,#2195);
#2198=CARTESIAN_POINT('',(-1.18E2,2.4E1,-9.075262166358E-1));
#2199=DIRECTION('',(0.E0,0.E0,-1.E0));
#2200=DIRECTION('',(0.E0,-1.E0,0.E0));
#2201=AXIS2_PLACEMENT_3D('',#2198,#2199,#2200);
#2203=CARTESIAN_POINT('',(-1.18E2,2.4E1,-9.075262166358E-1));
#2204=DIRECTION('',(0.E0,0.E0,-1.E0));
#2205=DIRECTION('',(1.E0,0.E0,0.E0));
#2206=AXIS2_PLACEMENT_3D('',#2203,#2204,#2205);
#2208=CARTESIAN_POINT('',(1.29E2,3.E1,-9.075262166358E-1));
#2209=DIRECTION('',(0.E0,0.E0,-1.E0));
#2210=DIRECTION('',(-1.894780628694E-14,1.E0,0.E0));
#2211=AXIS2_PLACEMENT_3D('',#2208,#2209,#2210);
#2213=CARTESIAN_POINT('',(1.29E2,3.E1,-9.075262166358E-1));
#2214=DIRECTION('',(0.E0,0.E0,-1.E0));
#2215=DIRECTION('',(-1.E0,0.E0,0.E0));
#2216=AXIS2_PLACEMENT_3D('',#2213,#2214,#2215);
#2218=CARTESIAN_POINT('',(1.29E2,3.E1,-9.075262166358E-1));
#2219=DIRECTION('',(0.E0,0.E0,-1.E0));
#2220=DIRECTION('',(-1.894780628694E-14,-1.E0,0.E0));
#2221=AXIS2_PLACEMENT_3D('',#2218,#2219,#2220);
#2223=CARTESIAN_POINT('',(1.29E2,3.E1,-9.075262166358E-1));
#2224=DIRECTION('',(0.E0,0.E0,-1.E0));
#2225=DIRECTION('',(1.E0,0.E0,0.E0));
#2226=AXIS2_PLACEMENT_3D('',#2223,#2224,#2225);
#2228=CARTESIAN_POINT('',(8.9E1,-5.85E1,-9.075262166358E-1));
#2229=DIRECTION('',(0.E0,0.E0,-1.E0));
#2230=DIRECTION('',(0.E0,1.E0,0.E0));
#2231=AXIS2_PLACEMENT_3D('',#2228,#2229,#2230);
#2233=CARTESIAN_POINT('',(8.9E1,-5.85E1,-9.075262166358E-1));
#2234=DIRECTION('',(0.E0,0.E0,-1.E0));
#2235=DIRECTION('',(-1.E0,0.E0,0.E0));
#2236=AXIS2_PLACEMENT_3D('',#2233,#2234,#2235);
#2238=CARTESIAN_POINT('',(8.9E1,-5.85E1,-9.075262166358E-1));
#2239=DIRECTION('',(0.E0,0.E0,-1.E0));
#2240=DIRECTION('',(0.E0,-1.E0,0.E0));
#2241=AXIS2_PLACEMENT_3D('',#2238,#2239,#2240);
#2243=CARTESIAN_POINT('',(8.9E1,-5.85E1,-9.075262166358E-1));
#2244=DIRECTION('',(0.E0,0.E0,-1.E0));
#2245=DIRECTION('',(1.E0,0.E0,0.E0));
#2246=AXIS2_PLACEMENT_3D('',#2243,#2244,#2245);
#2248=DIRECTION('',(-1.E0,-3.903699178035E-14,0.E0));
#2249=VECTOR('',#2248,3.967988037277E1);
#2250=CARTESIAN_POINT('',(2.530488123171E1,-6.618912535948E1,
-9.075262166358E-1));
#2251=LINE('',#2250,#2249);
#2252=DIRECTION('',(-7.979941481642E-14,1.E0,0.E0));
#2253=VECTOR('',#2252,3.250000005001E0);
#2254=CARTESIAN_POINT('',(2.530488123171E1,-6.943912536449E1,
-9.075262166358E-1));
#2255=LINE('',#2254,#2253);
#2256=DIRECTION('',(7.651998681030E-14,-1.E0,0.E0));
#2257=VECTOR('',#2256,3.250000004999E0);
#2258=CARTESIAN_POINT('',(3.195488049451E1,-6.618912535949E1,
-9.075262166358E-1));
#2259=LINE('',#2258,#2257);
#2260=DIRECTION('',(-1.E0,-7.894919233587E-14,0.E0));
#2261=VECTOR('',#2260,9.000000060004E-1);
#2262=CARTESIAN_POINT('',(3.285488050051E1,-6.618912535949E1,
-9.075262166358E-1));
#2263=LINE('',#2262,#2261);
#2264=DIRECTION('',(1.E0,7.105427310233E-14,0.E0));
#2265=VECTOR('',#2264,9.000000059998E-1);
#2266=CARTESIAN_POINT('',(3.195488049451E1,-6.373912535728E1,
-9.075262166358E-1));
#2267=LINE('',#2266,#2265);
#2268=DIRECTION('',(3.115456613229E-14,-1.E0,0.E0));
#2269=VECTOR('',#2268,6.499999994599E0);
#2270=CARTESIAN_POINT('',(3.195488049451E1,-5.723912536269E1,
-9.075262166358E-1));
#2271=LINE('',#2270,#2269);
#2272=DIRECTION('',(1.E0,1.359505788651E-8,0.E0));
#2273=VECTOR('',#2272,1.771541961194E0);
#2274=CARTESIAN_POINT('',(3.018333853331E1,-5.723912538677E1,
-9.075262166358E-1));
#2275=LINE('',#2274,#2273);
#2276=DIRECTION('',(0.E0,-1.E0,0.E0));
#2277=VECTOR('',#2276,1.501987202412E0);
#2278=CARTESIAN_POINT('',(3.018333853331E1,-5.573713818436E1,
-9.075262166358E-1));
#2279=LINE('',#2278,#2277);
#2280=DIRECTION('',(0.E0,1.E0,0.E0));
#2281=VECTOR('',#2280,1.501987202412E0);
#2282=CARTESIAN_POINT('',(2.707738203843E1,-5.723912538677E1,
-9.075262166358E-1));
#2283=LINE('',#2282,#2281);
#2284=DIRECTION('',(1.E0,-1.358770261662E-8,0.E0));
#2285=VECTOR('',#2284,1.772501451921E0);
#2286=CARTESIAN_POINT('',(2.530488058651E1,-5.723912536269E1,
-9.075262166358E-1));
#2287=LINE('',#2286,#2285);
#2288=DIRECTION('',(0.E0,1.E0,0.E0));
#2289=VECTOR('',#2288,3.749999996799E0);
#2290=CARTESIAN_POINT('',(2.530488058651E1,-6.098912535948E1,
-9.075262166358E-1));
#2291=LINE('',#2290,#2289);
#2292=DIRECTION('',(1.E0,0.E0,0.E0));
#2293=VECTOR('',#2292,3.967987972757E1);
#2294=CARTESIAN_POINT('',(-1.437499914106E1,-6.098912535948E1,
-9.075262166355E-1));
#2295=LINE('',#2294,#2293);
#2296=DIRECTION('',(1.E0,0.E0,0.E0));
#2297=VECTOR('',#2296,3.977011971925E1);
#2298=CARTESIAN_POINT('',(-6.814511886031E1,-6.098912535948E1,
-9.075262166358E-1));
#2299=LINE('',#2298,#2297);
#2300=DIRECTION('',(0.E0,-1.E0,0.E0));
#2301=VECTOR('',#2300,3.749999996799E0);
#2302=CARTESIAN_POINT('',(-6.814511886031E1,-5.723912536269E1,
-9.075262166358E-1));
#2303=LINE('',#2302,#2301);
#2304=DIRECTION('',(1.E0,1.358256747141E-8,0.E0));
#2305=VECTOR('',#2304,1.772501451914E0);
#2306=CARTESIAN_POINT('',(-6.991762031223E1,-5.723912538676E1,
-9.075262166358E-1));
#2307=LINE('',#2306,#2305);
#2308=DIRECTION('',(0.E0,-1.E0,0.E0));
#2309=VECTOR('',#2308,1.501987202403E0);
#2310=CARTESIAN_POINT('',(-6.991762031223E1,-5.573713818436E1,
-9.075262166358E-1));
#2311=LINE('',#2310,#2309);
#2312=DIRECTION('',(0.E0,1.E0,0.E0));
#2313=VECTOR('',#2312,1.501987202403E0);
#2314=CARTESIAN_POINT('',(-7.302357680710E1,-5.723912538676E1,
-9.075262166358E-1));
#2315=LINE('',#2314,#2313);
#2316=DIRECTION('',(1.E0,-1.358992798158E-8,0.E0));
#2317=VECTOR('',#2316,1.771541961212E0);
#2318=CARTESIAN_POINT('',(-7.479511876831E1,-5.723912536269E1,
-9.075262166358E-1));
#2319=LINE('',#2318,#2317);
#2320=DIRECTION('',(-2.842170945402E-14,1.E0,0.E0));
#2321=VECTOR('',#2320,6.499999994599E0);
#2322=CARTESIAN_POINT('',(-7.479511876831E1,-6.373912535728E1,
-9.075262166358E-1));
#2323=LINE('',#2322,#2321);
#2324=DIRECTION('',(1.E0,6.315935387293E-14,0.E0));
#2325=VECTOR('',#2324,9.000000059400E-1);
#2326=CARTESIAN_POINT('',(-7.569511877425E1,-6.373912535728E1,
-9.075262166358E-1));
#2327=LINE('',#2326,#2325);
#2328=DIRECTION('',(-1.E0,-6.315935387297E-14,0.E0));
#2329=VECTOR('',#2328,9.000000059395E-1);
#2330=CARTESIAN_POINT('',(-7.479511876831E1,-6.618912535949E1,
-9.075262166358E-1));
#2331=LINE('',#2330,#2329);
#2332=DIRECTION('',(-7.870627214774E-14,1.E0,0.E0));
#2333=VECTOR('',#2332,3.250000004999E0);
#2334=CARTESIAN_POINT('',(-7.479511876831E1,-6.943912536449E1,
-9.075262166358E-1));
#2335=LINE('',#2334,#2333);
#2336=DIRECTION('',(7.870627214778E-14,-1.E0,0.E0));
#2337=VECTOR('',#2336,3.250000004998E0);
#2338=CARTESIAN_POINT('',(-6.814511950547E1,-6.618912535949E1,
-9.075262166358E-1));
#2339=LINE('',#2338,#2337);
#2340=DIRECTION('',(-1.E0,-3.930574019763E-14,0.E0));
#2341=VECTOR('',#2340,3.977012036441E1);
#2342=CARTESIAN_POINT('',(-2.837499914106E1,-6.618912535949E1,
-9.075262166355E-1));
#2343=LINE('',#2342,#2341);
#2344=CARTESIAN_POINT('',(1.508518288489E2,-7.229926506702E1,
-9.075262166343E-1));
#2345=DIRECTION('',(0.E0,0.E0,1.E0));
#2346=DIRECTION('',(0.E0,-1.E0,0.E0));
#2347=AXIS2_PLACEMENT_3D('',#2344,#2345,#2346);
#2349=CARTESIAN_POINT('',(1.299999999999E2,-7.679926506702E1,
-9.075262166358E-1));
#2350=DIRECTION('',(0.E0,0.E0,-1.E0));
#2351=DIRECTION('',(1.421085471520E-14,-1.E0,0.E0));
#2352=AXIS2_PLACEMENT_3D('',#2349,#2350,#2351);
#2354=CARTESIAN_POINT('',(1.424999999999E2,-8.029926506702E1,
-9.075262166358E-1));
#2355=DIRECTION('',(0.E0,0.E0,1.E0));
#2356=DIRECTION('',(1.894780628694E-14,-1.E0,0.E0));
#2357=AXIS2_PLACEMENT_3D('',#2354,#2355,#2356);
#2359=CARTESIAN_POINT('',(1.074999999999E2,-8.029926506702E1,
-9.075262166358E-1));
#2360=DIRECTION('',(0.E0,0.E0,1.E0));
#2361=DIRECTION('',(0.E0,1.E0,0.E0));
#2362=AXIS2_PLACEMENT_3D('',#2359,#2360,#2361);
#2364=CARTESIAN_POINT('',(1.199999999999E2,-7.679926506702E1,
-9.075262166358E-1));
#2365=DIRECTION('',(0.E0,0.E0,-1.E0));
#2366=DIRECTION('',(1.E0,4.973799150321E-13,0.E0));
#2367=AXIS2_PLACEMENT_3D('',#2364,#2365,#2366);
#2369=CARTESIAN_POINT('',(1.199999999999E2,-7.679926506702E1,
-9.075262166358E-1));
#2370=DIRECTION('',(0.E0,0.E0,-1.E0));
#2371=DIRECTION('',(3.133493464702E-12,1.E0,0.E0));
#2372=AXIS2_PLACEMENT_3D('',#2369,#2370,#2371);
#2374=CARTESIAN_POINT('',(4.666666666657E1,-7.679926506702E1,
-9.075262166358E-1));
#2375=DIRECTION('',(0.E0,0.E0,-1.E0));
#2376=DIRECTION('',(0.E0,-1.E0,0.E0));
#2377=AXIS2_PLACEMENT_3D('',#2374,#2375,#2376);
#2379=CARTESIAN_POINT('',(5.916666666657E1,-8.029926506702E1,
-9.075262166358E-1));
#2380=DIRECTION('',(0.E0,0.E0,1.E0));
#2381=DIRECTION('',(0.E0,-1.E0,0.E0));
#2382=AXIS2_PLACEMENT_3D('',#2379,#2380,#2381);
#2384=CARTESIAN_POINT('',(2.416666666657E1,-8.029926506702E1,
-9.075262166358E-1));
#2385=DIRECTION('',(0.E0,0.E0,1.E0));
#2386=DIRECTION('',(0.E0,1.E0,0.E0));
#2387=AXIS2_PLACEMENT_3D('',#2384,#2385,#2386);
#2389=CARTESIAN_POINT('',(3.666666666657E1,-7.679926506702E1,
-9.075262166358E-1));
#2390=DIRECTION('',(0.E0,0.E0,-1.E0));
#2391=DIRECTION('',(1.E0,4.973799150321E-13,0.E0));
#2392=AXIS2_PLACEMENT_3D('',#2389,#2390,#2391);
#2394=CARTESIAN_POINT('',(3.666666666657E1,-7.679926506702E1,
-9.075262166358E-1));
#2395=DIRECTION('',(0.E0,0.E0,-1.E0));
#2396=DIRECTION('',(3.122835323666E-12,1.E0,0.E0));
#2397=AXIS2_PLACEMENT_3D('',#2394,#2395,#2396);
#2399=CARTESIAN_POINT('',(-3.666666666676E1,-7.679926506702E1,
-9.075262166358E-1));
#2400=DIRECTION('',(0.E0,0.E0,-1.E0));
#2401=DIRECTION('',(0.E0,-1.E0,0.E0));
#2402=AXIS2_PLACEMENT_3D('',#2399,#2400,#2401);
#2404=CARTESIAN_POINT('',(-2.416666666676E1,-8.029926506702E1,
-9.075262166358E-1));
#2405=DIRECTION('',(0.E0,0.E0,1.E0));
#2406=DIRECTION('',(0.E0,-1.E0,0.E0));
#2407=AXIS2_PLACEMENT_3D('',#2404,#2405,#2406);
#2409=CARTESIAN_POINT('',(-5.916666666676E1,-8.029926506702E1,
-9.075262166358E-1));
#2410=DIRECTION('',(0.E0,0.E0,1.E0));
#2411=DIRECTION('',(0.E0,1.E0,0.E0));
#2412=AXIS2_PLACEMENT_3D('',#2409,#2410,#2411);
#2414=CARTESIAN_POINT('',(-4.666666666676E1,-7.679926506702E1,
-9.075262166358E-1));
#2415=DIRECTION('',(0.E0,0.E0,-1.E0));
#2416=DIRECTION('',(1.E0,4.973799150321E-13,0.E0));
#2417=AXIS2_PLACEMENT_3D('',#2414,#2415,#2416);
#2419=CARTESIAN_POINT('',(-4.666666666676E1,-7.679926506702E1,
-9.075262166358E-1));
#2420=DIRECTION('',(0.E0,0.E0,-1.E0));
#2421=DIRECTION('',(3.129940751023E-12,1.E0,0.E0));
#2422=AXIS2_PLACEMENT_3D('',#2419,#2420,#2421);
#2424=CARTESIAN_POINT('',(-1.200000000001E2,-7.679926506702E1,
-9.075262166358E-1));
#2425=DIRECTION('',(0.E0,0.E0,-1.E0));
#2426=DIRECTION('',(0.E0,-1.E0,0.E0));
#2427=AXIS2_PLACEMENT_3D('',#2424,#2425,#2426);
#2429=CARTESIAN_POINT('',(-1.075000000001E2,-8.029926506702E1,
-9.075262166358E-1));
#2430=DIRECTION('',(0.E0,0.E0,1.E0));
#2431=DIRECTION('',(0.E0,-1.E0,0.E0));
#2432=AXIS2_PLACEMENT_3D('',#2429,#2430,#2431);
#2434=CARTESIAN_POINT('',(-1.425000000001E2,-8.029926506702E1,
-9.075262166358E-1));
#2435=DIRECTION('',(0.E0,0.E0,1.E0));
#2436=DIRECTION('',(0.E0,1.E0,0.E0));
#2437=AXIS2_PLACEMENT_3D('',#2434,#2435,#2436);
#2439=CARTESIAN_POINT('',(-1.300000000001E2,-7.679926506702E1,
-9.075262166358E-1));
#2440=DIRECTION('',(0.E0,0.E0,-1.E0));
#2441=DIRECTION('',(1.E0,4.902744876745E-13,0.E0));
#2442=AXIS2_PLACEMENT_3D('',#2439,#2440,#2441);
#2444=CARTESIAN_POINT('',(-1.300000000001E2,-7.679926506702E1,
-9.075262166358E-1));
#2445=DIRECTION('',(0.E0,0.E0,-1.E0));
#2446=DIRECTION('',(3.126388037344E-12,1.E0,0.E0));
#2447=AXIS2_PLACEMENT_3D('',#2444,#2445,#2446);
#2449=CARTESIAN_POINT('',(-1.511481711511E2,-7.229926506702E1,
-9.075262166343E-1));
#2450=DIRECTION('',(0.E0,0.E0,1.E0));
#2451=DIRECTION('',(-1.E0,0.E0,0.E0));
#2452=AXIS2_PLACEMENT_3D('',#2449,#2450,#2451);
#2454=DIRECTION('',(0.E0,-1.E0,2.087124394547E-14));
#2455=VECTOR('',#2454,2.340000001E1);
#2456=CARTESIAN_POINT('',(-1.536481711511E2,-4.889926505702E1,
-9.075262166353E-1));
#2457=LINE('',#2456,#2455);
#2458=CARTESIAN_POINT('',(-1.556481711511E2,-4.889926505702E1,
-9.075262166358E-1));
#2459=DIRECTION('',(0.E0,0.E0,-1.E0));
#2460=DIRECTION('',(-1.E0,0.E0,0.E0));
#2461=AXIS2_PLACEMENT_3D('',#2458,#2459,#2460);
#2463=CARTESIAN_POINT('',(-1.591481711511E2,-6.139926505702E1,
-9.075262166358E-1));
#2464=DIRECTION('',(0.E0,0.E0,1.E0));
#2465=DIRECTION('',(-1.E0,0.E0,0.E0));
#2466=AXIS2_PLACEMENT_3D('',#2463,#2464,#2465);
#2468=CARTESIAN_POINT('',(-1.591481711511E2,-2.639926505702E1,
-9.075262166358E-1));
#2469=DIRECTION('',(0.E0,0.E0,1.E0));
#2470=DIRECTION('',(1.E0,0.E0,0.E0));
#2471=AXIS2_PLACEMENT_3D('',#2468,#2469,#2470);
#2473=CARTESIAN_POINT('',(-1.556481711511E2,-3.889926505702E1,
-9.075262166358E-1));
#2474=DIRECTION('',(0.E0,0.E0,-1.E0));
#2475=DIRECTION('',(4.973799150321E-13,-1.E0,0.E0));
#2476=AXIS2_PLACEMENT_3D('',#2473,#2474,#2475);
#2478=CARTESIAN_POINT('',(-1.556481711511E2,-3.889926505702E1,
-9.075262166358E-1));
#2479=DIRECTION('',(0.E0,0.E0,-1.E0));
#2480=DIRECTION('',(1.E0,-3.129940751023E-12,0.E0));
#2481=AXIS2_PLACEMENT_3D('',#2478,#2479,#2480);
#2483=DIRECTION('',(0.E0,-1.E0,0.E0));
#2484=VECTOR('',#2483,5.E1);
#2485=CARTESIAN_POINT('',(-1.536481711511E2,1.110073494298E1,
-9.075262166353E-1));
#2486=LINE('',#2485,#2484);
#2487=CARTESIAN_POINT('',(-1.556481711511E2,1.110073494298E1,
-9.075262166358E-1));
#2488=DIRECTION('',(0.E0,0.E0,-1.E0));
#2489=DIRECTION('',(-1.E0,0.E0,0.E0));
#2490=AXIS2_PLACEMENT_3D('',#2487,#2488,#2489);
#2492=CARTESIAN_POINT('',(-1.591481711511E2,-1.399265057022E0,
-9.075262166358E-1));
#2493=DIRECTION('',(0.E0,0.E0,1.E0));
#2494=DIRECTION('',(-1.E0,0.E0,0.E0));
#2495=AXIS2_PLACEMENT_3D('',#2492,#2493,#2494);
#2497=CARTESIAN_POINT('',(-1.591481711511E2,3.360073494298E1,
-9.075262166358E-1));
#2498=DIRECTION('',(0.E0,0.E0,1.E0));
#2499=DIRECTION('',(1.E0,0.E0,0.E0));
#2500=AXIS2_PLACEMENT_3D('',#2497,#2498,#2499);
#2502=CARTESIAN_POINT('',(-1.556481711511E2,2.110073494298E1,
-9.075262166358E-1));
#2503=DIRECTION('',(0.E0,0.E0,-1.E0));
#2504=DIRECTION('',(4.973799150321E-13,-1.E0,0.E0));
#2505=AXIS2_PLACEMENT_3D('',#2502,#2503,#2504);
#2507=CARTESIAN_POINT('',(-1.556481711511E2,2.110073494298E1,
-9.075262166358E-1));
#2508=DIRECTION('',(0.E0,0.E0,-1.E0));
#2509=DIRECTION('',(1.E0,-3.122835323666E-12,0.E0));
#2510=AXIS2_PLACEMENT_3D('',#2507,#2508,#2509);
#2512=DIRECTION('',(0.E0,-1.E0,-2.089971120339E-14));
#2513=VECTOR('',#2512,2.340000000900E1);
#2514=CARTESIAN_POINT('',(-1.536481711511E2,4.450073495198E1,
-9.075262166348E-1));
#2515=LINE('',#2514,#2513);
#2516=CARTESIAN_POINT('',(-1.511481711511E2,4.450073495198E1,
-9.075262166343E-1));
#2517=DIRECTION('',(0.E0,0.E0,1.E0));
#2518=DIRECTION('',(1.493304216638E-6,9.999999999989E-1,0.E0));
#2519=AXIS2_PLACEMENT_3D('',#2516,#2517,#2518);
#2521=CARTESIAN_POINT('',(-9.014817115076E1,4.900073495198E1,
-9.075262166358E-1));
#2522=DIRECTION('',(0.E0,0.E0,-1.E0));
#2523=DIRECTION('',(0.E0,1.E0,0.E0));
#2524=AXIS2_PLACEMENT_3D('',#2521,#2522,#2523);
#2526=CARTESIAN_POINT('',(-1.026481711508E2,5.250073495198E1,
-9.075262166358E-1));
#2527=DIRECTION('',(0.E0,0.E0,1.E0));
#2528=DIRECTION('',(0.E0,1.E0,0.E0));
#2529=AXIS2_PLACEMENT_3D('',#2526,#2527,#2528);
#2531=CARTESIAN_POINT('',(-6.764817115076E1,5.250073495198E1,
-9.075262166358E-1));
#2532=DIRECTION('',(0.E0,0.E0,1.E0));
#2533=DIRECTION('',(0.E0,-1.E0,0.E0));
#2534=AXIS2_PLACEMENT_3D('',#2531,#2532,#2533);
#2536=CARTESIAN_POINT('',(-8.014817115076E1,4.900073495198E1,
-9.075262166358E-1));
#2537=DIRECTION('',(0.E0,0.E0,-1.E0));
#2538=DIRECTION('',(-1.E0,-5.080380560685E-13,0.E0));
#2539=AXIS2_PLACEMENT_3D('',#2536,#2537,#2538);
#2541=CARTESIAN_POINT('',(-8.014817115076E1,4.900073495198E1,
-9.075262166358E-1));
#2542=DIRECTION('',(0.E0,0.E0,-1.E0));
#2543=DIRECTION('',(-2.813749233610E-12,-1.E0,0.E0));
#2544=AXIS2_PLACEMENT_3D('',#2541,#2542,#2543);
#2546=CARTESIAN_POINT('',(-5.148171150762E0,4.900073495198E1,
-9.075262166358E-1));
#2547=DIRECTION('',(0.E0,0.E0,-1.E0));
#2548=DIRECTION('',(0.E0,1.E0,0.E0));
#2549=AXIS2_PLACEMENT_3D('',#2546,#2547,#2548);
#2551=CARTESIAN_POINT('',(-1.764817115076E1,5.250073495198E1,
-9.075262166358E-1));
#2552=DIRECTION('',(0.E0,0.E0,1.E0));
#2553=DIRECTION('',(0.E0,1.E0,0.E0));
#2554=AXIS2_PLACEMENT_3D('',#2551,#2552,#2553);
#2556=CARTESIAN_POINT('',(1.735182884924E1,5.250073495198E1,
-9.075262166358E-1));
#2557=DIRECTION('',(0.E0,0.E0,1.E0));
#2558=DIRECTION('',(0.E0,-1.E0,0.E0));
#2559=AXIS2_PLACEMENT_3D('',#2556,#2557,#2558);
#2561=CARTESIAN_POINT('',(4.851828849238E0,4.900073495198E1,
-9.075262166358E-1));
#2562=DIRECTION('',(0.E0,0.E0,-1.E0));
#2563=DIRECTION('',(-1.E0,-5.009326287109E-13,0.E0));
#2564=AXIS2_PLACEMENT_3D('',#2561,#2562,#2563);
#2566=CARTESIAN_POINT('',(4.851828849238E0,4.900073495198E1,
-9.075262166358E-1));
#2567=DIRECTION('',(0.E0,0.E0,-1.E0));
#2568=DIRECTION('',(-2.811084698351E-12,-1.E0,0.E0));
#2569=AXIS2_PLACEMENT_3D('',#2566,#2567,#2568);
#2571=CARTESIAN_POINT('',(7.985182884924E1,4.900073495198E1,
-9.075262166358E-1));
#2572=DIRECTION('',(0.E0,0.E0,-1.E0));
#2573=DIRECTION('',(0.E0,1.E0,0.E0));
#2574=AXIS2_PLACEMENT_3D('',#2571,#2572,#2573);
#2576=CARTESIAN_POINT('',(6.735182884924E1,5.250073495198E1,
-9.075262166358E-1));
#2577=DIRECTION('',(0.E0,0.E0,1.E0));
#2578=DIRECTION('',(0.E0,1.E0,0.E0));
#2579=AXIS2_PLACEMENT_3D('',#2576,#2577,#2578);
#2581=CARTESIAN_POINT('',(1.023518288492E2,5.250073495198E1,
-9.075262166358E-1));
#2582=DIRECTION('',(0.E0,0.E0,1.E0));
#2583=DIRECTION('',(0.E0,-1.E0,0.E0));
#2584=AXIS2_PLACEMENT_3D('',#2581,#2582,#2583);
#2586=CARTESIAN_POINT('',(8.985182884924E1,4.900073495198E1,
-9.075262166358E-1));
#2587=DIRECTION('',(0.E0,0.E0,-1.E0));
#2588=DIRECTION('',(-1.E0,-5.080380560685E-13,0.E0));
#2589=AXIS2_PLACEMENT_3D('',#2586,#2587,#2588);
#2591=CARTESIAN_POINT('',(8.985182884924E1,4.900073495198E1,
-9.075262166358E-1));
#2592=DIRECTION('',(0.E0,0.E0,-1.E0));
#2593=DIRECTION('',(-2.813749233610E-12,-1.E0,0.E0));
#2594=AXIS2_PLACEMENT_3D('',#2591,#2592,#2593);
#2596=CARTESIAN_POINT('',(1.508518288489E2,4.450073495198E1,
-9.075262166343E-1));
#2597=DIRECTION('',(0.E0,0.E0,1.E0));
#2598=DIRECTION('',(1.E0,0.E0,0.E0));
#2599=AXIS2_PLACEMENT_3D('',#2596,#2597,#2598);
#2601=CARTESIAN_POINT('',(1.553518288489E2,2.110073494298E1,
-9.075262166358E-1));
#2602=DIRECTION('',(0.E0,0.E0,-1.E0));
#2603=DIRECTION('',(1.E0,0.E0,0.E0));
#2604=AXIS2_PLACEMENT_3D('',#2601,#2602,#2603);
#2606=CARTESIAN_POINT('',(1.588518288489E2,3.360073494298E1,
-9.075262166358E-1));
#2607=DIRECTION('',(0.E0,0.E0,1.E0));
#2608=DIRECTION('',(1.E0,0.E0,0.E0));
#2609=AXIS2_PLACEMENT_3D('',#2606,#2607,#2608);
#2611=CARTESIAN_POINT('',(1.588518288489E2,-1.399265057022E0,
-9.075262166358E-1));
#2612=DIRECTION('',(0.E0,0.E0,1.E0));
#2613=DIRECTION('',(-1.E0,0.E0,0.E0));
#2614=AXIS2_PLACEMENT_3D('',#2611,#2612,#2613);
#2616=CARTESIAN_POINT('',(1.553518288489E2,1.110073494298E1,
-9.075262166358E-1));
#2617=DIRECTION('',(0.E0,0.E0,-1.E0));
#2618=DIRECTION('',(-5.115907697473E-13,1.E0,0.E0));
#2619=AXIS2_PLACEMENT_3D('',#2616,#2617,#2618);
#2621=CARTESIAN_POINT('',(1.553518288489E2,1.110073494298E1,
-9.075262166358E-1));
#2622=DIRECTION('',(0.E0,0.E0,-1.E0));
#2623=DIRECTION('',(-1.E0,3.223199485092E-12,0.E0));
#2624=AXIS2_PLACEMENT_3D('',#2621,#2622,#2623);
#2626=CARTESIAN_POINT('',(1.553518288489E2,-3.889926505702E1,
-9.075262166358E-1));
#2627=DIRECTION('',(0.E0,0.E0,-1.E0));
#2628=DIRECTION('',(1.E0,0.E0,0.E0));
#2629=AXIS2_PLACEMENT_3D('',#2626,#2627,#2628);
#2631=CARTESIAN_POINT('',(1.588518288489E2,-2.639926505702E1,
-9.075262166358E-1));
#2632=DIRECTION('',(0.E0,0.E0,1.E0));
#2633=DIRECTION('',(1.E0,0.E0,0.E0));
#2634=AXIS2_PLACEMENT_3D('',#2631,#2632,#2633);
#2636=CARTESIAN_POINT('',(1.588518288489E2,-6.139926505702E1,
-9.075262166358E-1));
#2637=DIRECTION('',(0.E0,0.E0,1.E0));
#2638=DIRECTION('',(-1.E0,0.E0,0.E0));
#2639=AXIS2_PLACEMENT_3D('',#2636,#2637,#2638);
#2641=CARTESIAN_POINT('',(1.553518288489E2,-4.889926505702E1,
-9.075262166358E-1));
#2642=DIRECTION('',(0.E0,0.E0,-1.E0));
#2643=DIRECTION('',(-5.115907697473E-13,1.E0,0.E0));
#2644=AXIS2_PLACEMENT_3D('',#2641,#2642,#2643);
#2646=CARTESIAN_POINT('',(1.553518288489E2,-4.889926505702E1,
-9.075262166358E-1));
#2647=DIRECTION('',(0.E0,0.E0,-1.E0));
#2648=DIRECTION('',(-1.E0,3.218758592993E-12,0.E0));
#2649=AXIS2_PLACEMENT_3D('',#2646,#2647,#2648);
#2651=DIRECTION('',(0.E0,0.E0,1.E0));
#2652=VECTOR('',#2651,1.5E0);
#2653=CARTESIAN_POINT('',(-1.06E2,-5.85E1,-2.407526216636E0));
#2654=LINE('',#2653,#2652);
#2655=DIRECTION('',(0.E0,0.E0,1.E0));
#2656=VECTOR('',#2655,1.5E0);
#2657=CARTESIAN_POINT('',(-1.03E2,-5.85E1,-2.407526216636E0));
#2658=LINE('',#2657,#2656);
#2659=DIRECTION('',(0.E0,0.E0,1.E0));
#2660=VECTOR('',#2659,1.5E0);
#2661=CARTESIAN_POINT('',(-1.195E2,2.4E1,-2.407526216636E0));
#2662=LINE('',#2661,#2660);
#2663=DIRECTION('',(0.E0,0.E0,1.E0));
#2664=VECTOR('',#2663,1.5E0);
#2665=CARTESIAN_POINT('',(-1.165E2,2.4E1,-2.407526216636E0));
#2666=LINE('',#2665,#2664);
#2667=DIRECTION('',(0.E0,0.E0,1.E0));
#2668=VECTOR('',#2667,1.5E0);
#2669=CARTESIAN_POINT('',(1.275E2,3.E1,-2.407526216636E0));
#2670=LINE('',#2669,#2668);
#2671=DIRECTION('',(0.E0,0.E0,1.E0));
#2672=VECTOR('',#2671,1.5E0);
#2673=CARTESIAN_POINT('',(1.305E2,3.E1,-2.407526216636E0));
#2674=LINE('',#2673,#2672);
#2675=DIRECTION('',(0.E0,0.E0,1.E0));
#2676=VECTOR('',#2675,1.5E0);
#2677=CARTESIAN_POINT('',(8.75E1,-5.85E1,-2.407526216636E0));
#2678=LINE('',#2677,#2676);
#2679=DIRECTION('',(0.E0,0.E0,1.E0));
#2680=VECTOR('',#2679,1.5E0);
#2681=CARTESIAN_POINT('',(9.05E1,-5.85E1,-2.407526216636E0));
#2682=LINE('',#2681,#2680);
#2683=DIRECTION('',(0.E0,0.E0,-1.E0));
#2684=VECTOR('',#2683,1.500000000001E0);
#2685=CARTESIAN_POINT('',(-1.437499914106E1,-7.099651890220E1,
-9.075262166352E-1));
#2686=LINE('',#2685,#2684);
#2687=DIRECTION('',(1.E0,0.E0,0.E0));
#2688=VECTOR('',#2687,1.4E1);
#2689=CARTESIAN_POINT('',(-2.837499914106E1,-7.099651890220E1,
-9.075262166352E-1));
#2690=LINE('',#2689,#2688);
#2691=DIRECTION('',(-1.E0,0.E0,0.E0));
#2692=VECTOR('',#2691,1.4E1);
#2693=CARTESIAN_POINT('',(-1.437499914106E1,-7.099651890220E1,
-2.407526216636E0));
#2694=LINE('',#2693,#2692);
#2695=DIRECTION('',(4.138458069748E-14,1.E0,-6.773491918846E-14));
#2696=VECTOR('',#2695,4.807393542710E0);
#2697=CARTESIAN_POINT('',(-1.437499914106E1,-7.099651890220E1,
-9.075262166352E-1));
#2698=LINE('',#2697,#2696);
#2699=DIRECTION('',(0.E0,0.E0,1.E0));
#2700=VECTOR('',#2699,1.5E0);
#2701=CARTESIAN_POINT('',(-1.437499914106E1,-6.618912535949E1,
-2.407526216636E0));
#2702=LINE('',#2701,#2700);
#2703=DIRECTION('',(-2.131628207280E-14,0.E0,-1.E0));
#2704=VECTOR('',#2703,1.5E0);
#2705=CARTESIAN_POINT('',(2.530488123171E1,-6.943912536449E1,
-9.075262166358E-1));
#2706=LINE('',#2705,#2704);
#2707=DIRECTION('',(-1.894780628694E-14,2.368475785867E-13,1.E0));
#2708=VECTOR('',#2707,1.5E0);
#2709=CARTESIAN_POINT('',(2.530488123171E1,-6.618912535948E1,
-2.407526216636E0));
#2710=LINE('',#2709,#2708);
#2711=DIRECTION('',(1.E0,1.495879609534E-14,0.E0));
#2712=VECTOR('',#2711,6.649999262800E0);
#2713=CARTESIAN_POINT('',(2.530488123171E1,-6.943912536449E1,
-9.075262166358E-1));
#2714=LINE('',#2713,#2712);
#2715=DIRECTION('',(-1.E0,-1.282182522458E-14,0.E0));
#2716=VECTOR('',#2715,6.649999262800E0);
#2717=CARTESIAN_POINT('',(3.195488049451E1,-6.943912536449E1,
-2.407526216636E0));
#2718=LINE('',#2717,#2716);
#2719=DIRECTION('',(-1.894780628694E-14,0.E0,-1.E0));
#2720=VECTOR('',#2719,1.5E0);
#2721=CARTESIAN_POINT('',(3.195488049451E1,-6.943912536449E1,
-9.075262166358E-1));
#2722=LINE('',#2721,#2720);
#2723=DIRECTION('',(-1.421085471520E-14,0.E0,-1.E0));
#2724=VECTOR('',#2723,1.5E0);
#2725=CARTESIAN_POINT('',(3.285488050051E1,-6.618912535949E1,
-9.075262166358E-1));
#2726=LINE('',#2725,#2724);
#2727=DIRECTION('',(-1.657933050107E-14,0.E0,1.E0));
#2728=VECTOR('',#2727,1.5E0);
#2729=CARTESIAN_POINT('',(3.195488049451E1,-6.618912535949E1,
-2.407526216636E0));
#2730=LINE('',#2729,#2728);
#2731=DIRECTION('',(-7.540453515578E-14,1.E0,0.E0));
#2732=VECTOR('',#2731,2.450000002201E0);
#2733=CARTESIAN_POINT('',(3.285488050051E1,-6.618912535949E1,
-9.075262166358E-1));
#2734=LINE('',#2733,#2732);
#2735=DIRECTION('',(5.800348858137E-14,-1.E0,0.E0));
#2736=VECTOR('',#2735,2.450000002201E0);
#2737=CARTESIAN_POINT('',(3.285488050051E1,-6.373912535728E1,
-2.407526216636E0));
#2738=LINE('',#2737,#2736);
#2739=DIRECTION('',(0.E0,0.E0,-1.E0));
#2740=VECTOR('',#2739,1.5E0);
#2741=CARTESIAN_POINT('',(3.285488050051E1,-6.373912535728E1,
-9.075262166358E-1));
#2742=LINE('',#2741,#2740);
#2743=DIRECTION('',(3.552713678800E-14,0.E0,1.E0));
#2744=VECTOR('',#2743,1.5E0);
#2745=CARTESIAN_POINT('',(3.195488049451E1,-6.373912535728E1,
-2.407526216636E0));
#2746=LINE('',#2745,#2744);
#2747=DIRECTION('',(2.568885277575E-14,-1.E0,0.E0));
#2748=VECTOR('',#2747,6.499999994599E0);
#2749=CARTESIAN_POINT('',(3.195488049451E1,-5.723912536269E1,
-2.407526216636E0));
#2750=LINE('',#2749,#2748);
#2751=DIRECTION('',(0.E0,0.E0,-1.E0));
#2752=VECTOR('',#2751,1.5E0);
#2753=CARTESIAN_POINT('',(3.018333853331E1,-5.723912538677E1,
-9.075262166358E-1));
#2754=LINE('',#2753,#2752);
#2755=DIRECTION('',(0.E0,0.E0,1.E0));
#2756=VECTOR('',#2755,1.5E0);
#2757=CARTESIAN_POINT('',(3.195488049451E1,-5.723912536269E1,
-2.407526216636E0));
#2758=LINE('',#2757,#2756);
#2759=DIRECTION('',(-1.E0,0.E0,0.E0));
#2760=VECTOR('',#2759,3.105956494885E0);
#2761=CARTESIAN_POINT('',(3.018333853331E1,-5.573713818436E1,
-9.075262166358E-1));
#2762=LINE('',#2761,#2760);
#2763=DIRECTION('',(0.E0,0.E0,1.E0));
#2764=VECTOR('',#2763,1.5E0);
#2765=CARTESIAN_POINT('',(3.018333853331E1,-5.573713818436E1,
-2.407526216636E0));
#2766=LINE('',#2765,#2764);
#2767=DIRECTION('',(1.E0,0.E0,0.E0));
#2768=VECTOR('',#2767,3.105956494885E0);
#2769=CARTESIAN_POINT('',(2.707738203843E1,-5.573713818436E1,
-2.407526216636E0));
#2770=LINE('',#2769,#2768);
#2771=DIRECTION('',(0.E0,0.E0,-1.E0));
#2772=VECTOR('',#2771,1.5E0);
#2773=CARTESIAN_POINT('',(2.707738203843E1,-5.723912538677E1,
-9.075262166358E-1));
#2774=LINE('',#2773,#2772);
#2775=DIRECTION('',(0.E0,0.E0,1.E0));
#2776=VECTOR('',#2775,1.5E0);
#2777=CARTESIAN_POINT('',(2.707738203843E1,-5.573713818436E1,
-2.407526216636E0));
#2778=LINE('',#2777,#2776);
#2779=DIRECTION('',(0.E0,0.E0,1.E0));
#2780=VECTOR('',#2779,1.5E0);
#2781=CARTESIAN_POINT('',(2.530488058651E1,-5.723912536269E1,
-2.407526216636E0));
#2782=LINE('',#2781,#2780);
#2783=DIRECTION('',(0.E0,0.E0,1.E0));
#2784=VECTOR('',#2783,1.5E0);
#2785=CARTESIAN_POINT('',(2.530488058651E1,-6.098912535948E1,
-2.407526216636E0));
#2786=LINE('',#2785,#2784);
#2787=DIRECTION('',(-4.983009674032E-14,1.E0,8.064022351948E-14));
#2788=VECTOR('',#2787,3.992606457291E0);
#2789=CARTESIAN_POINT('',(-1.437499914106E1,-6.098912535948E1,
-9.075262166355E-1));
#2790=LINE('',#2789,#2788);
#2791=DIRECTION('',(0.E0,0.E0,1.E0));
#2792=VECTOR('',#2791,1.5E0);
#2793=CARTESIAN_POINT('',(-1.437499914106E1,-6.098912535948E1,
-2.407526216636E0));
#2794=LINE('',#2793,#2792);
#2795=DIRECTION('',(-1.E0,0.E0,0.E0));
#2796=VECTOR('',#2795,1.4E1);
#2797=CARTESIAN_POINT('',(-1.437499914106E1,-5.699651890219E1,
-9.075262166352E-1));
#2798=LINE('',#2797,#2796);
#2799=DIRECTION('',(0.E0,0.E0,1.E0));
#2800=VECTOR('',#2799,1.500000000001E0);
#2801=CARTESIAN_POINT('',(-1.437499914106E1,-5.699651890219E1,
-2.407526216636E0));
#2802=LINE('',#2801,#2800);
#2803=DIRECTION('',(4.983009674032E-14,-1.E0,-8.064022351948E-14));
#2804=VECTOR('',#2803,3.992606457291E0);
#2805=CARTESIAN_POINT('',(-2.837499914106E1,-5.699651890219E1,
-9.075262166352E-1));
#2806=LINE('',#2805,#2804);
#2807=DIRECTION('',(0.E0,0.E0,1.E0));
#2808=VECTOR('',#2807,1.500000000001E0);
#2809=CARTESIAN_POINT('',(-2.837499914106E1,-5.699651890219E1,
-2.407526216636E0));
#2810=LINE('',#2809,#2808);
#2811=DIRECTION('',(0.E0,0.E0,-1.E0));
#2812=VECTOR('',#2811,1.5E0);
#2813=CARTESIAN_POINT('',(-2.837499914106E1,-6.098912535948E1,
-9.075262166355E-1));
#2814=LINE('',#2813,#2812);
#2815=DIRECTION('',(0.E0,0.E0,1.E0));
#2816=VECTOR('',#2815,1.5E0);
#2817=CARTESIAN_POINT('',(-6.814511886031E1,-6.098912535948E1,
-2.407526216636E0));
#2818=LINE('',#2817,#2816);
#2819=DIRECTION('',(0.E0,0.E0,-1.E0));
#2820=VECTOR('',#2819,1.5E0);
#2821=CARTESIAN_POINT('',(-6.991762031223E1,-5.723912538676E1,
-9.075262166358E-1));
#2822=LINE('',#2821,#2820);
#2823=DIRECTION('',(0.E0,0.E0,1.E0));
#2824=VECTOR('',#2823,1.5E0);
#2825=CARTESIAN_POINT('',(-6.814511886031E1,-5.723912536269E1,
-2.407526216636E0));
#2826=LINE('',#2825,#2824);
#2827=DIRECTION('',(-1.E0,0.E0,0.E0));
#2828=VECTOR('',#2827,3.105956494874E0);
#2829=CARTESIAN_POINT('',(-6.991762031223E1,-5.573713818436E1,
-9.075262166358E-1));
#2830=LINE('',#2829,#2828);
#2831=DIRECTION('',(0.E0,0.E0,1.E0));
#2832=VECTOR('',#2831,1.5E0);
#2833=CARTESIAN_POINT('',(-6.991762031223E1,-5.573713818436E1,
-2.407526216636E0));
#2834=LINE('',#2833,#2832);
#2835=DIRECTION('',(1.E0,0.E0,0.E0));
#2836=VECTOR('',#2835,3.105956494874E0);
#2837=CARTESIAN_POINT('',(-7.302357680710E1,-5.573713818436E1,
-2.407526216636E0));
#2838=LINE('',#2837,#2836);
#2839=DIRECTION('',(0.E0,0.E0,-1.E0));
#2840=VECTOR('',#2839,1.5E0);
#2841=CARTESIAN_POINT('',(-7.302357680710E1,-5.723912538676E1,
-9.075262166358E-1));
#2842=LINE('',#2841,#2840);
#2843=DIRECTION('',(0.E0,0.E0,1.E0));
#2844=VECTOR('',#2843,1.5E0);
#2845=CARTESIAN_POINT('',(-7.302357680710E1,-5.573713818436E1,
-2.407526216636E0));
#2846=LINE('',#2845,#2844);
#2847=DIRECTION('',(0.E0,0.E0,1.E0));
#2848=VECTOR('',#2847,1.5E0);
#2849=CARTESIAN_POINT('',(-7.479511876831E1,-5.723912536269E1,
-2.407526216636E0));
#2850=LINE('',#2849,#2848);
#2851=DIRECTION('',(0.E0,0.E0,-1.E0));
#2852=VECTOR('',#2851,1.5E0);
#2853=CARTESIAN_POINT('',(-7.569511877425E1,-6.373912535728E1,
-9.075262166358E-1));
#2854=LINE('',#2853,#2852);
#2855=DIRECTION('',(2.842170943040E-14,0.E0,1.E0));
#2856=VECTOR('',#2855,1.5E0);
#2857=CARTESIAN_POINT('',(-7.479511876831E1,-6.373912535728E1,
-2.407526216636E0));
#2858=LINE('',#2857,#2856);
#2859=DIRECTION('',(7.540453515578E-14,-1.E0,0.E0));
#2860=VECTOR('',#2859,2.450000002201E0);
#2861=CARTESIAN_POINT('',(-7.569511877425E1,-6.373912535728E1,
-9.075262166358E-1));
#2862=LINE('',#2861,#2860);
#2863=DIRECTION('',(-5.800348858137E-14,1.E0,0.E0));
#2864=VECTOR('',#2863,2.450000002201E0);
#2865=CARTESIAN_POINT('',(-7.569511877425E1,-6.618912535949E1,
-2.407526216636E0));
#2866=LINE('',#2865,#2864);
#2867=DIRECTION('',(0.E0,0.E0,-1.E0));
#2868=VECTOR('',#2867,1.5E0);
#2869=CARTESIAN_POINT('',(-7.569511877425E1,-6.618912535949E1,
-9.075262166358E-1));
#2870=LINE('',#2869,#2868);
#2871=DIRECTION('',(-1.894780628694E-14,0.E0,-1.E0));
#2872=VECTOR('',#2871,1.5E0);
#2873=CARTESIAN_POINT('',(-7.479511876831E1,-6.943912536449E1,
-9.075262166358E-1));
#2874=LINE('',#2873,#2872);
#2875=DIRECTION('',(-1.894780628694E-14,0.E0,1.E0));
#2876=VECTOR('',#2875,1.5E0);
#2877=CARTESIAN_POINT('',(-7.479511876831E1,-6.618912535949E1,
-2.407526216636E0));
#2878=LINE('',#2877,#2876);
#2879=DIRECTION('',(1.E0,1.495879609525E-14,0.E0));
#2880=VECTOR('',#2879,6.649999262840E0);
#2881=CARTESIAN_POINT('',(-7.479511876831E1,-6.943912536449E1,
-9.075262166358E-1));
#2882=LINE('',#2881,#2880);
#2883=DIRECTION('',(-1.E0,-1.282182522450E-14,0.E0));
#2884=VECTOR('',#2883,6.649999262840E0);
#2885=CARTESIAN_POINT('',(-6.814511950547E1,-6.943912536449E1,
-2.407526216636E0));
#2886=LINE('',#2885,#2884);
#2887=DIRECTION('',(0.E0,0.E0,-1.E0));
#2888=VECTOR('',#2887,1.5E0);
#2889=CARTESIAN_POINT('',(-6.814511950547E1,-6.943912536449E1,
-9.075262166358E-1));
#2890=LINE('',#2889,#2888);
#2891=DIRECTION('',(0.E0,0.E0,-1.E0));
#2892=VECTOR('',#2891,1.5E0);
#2893=CARTESIAN_POINT('',(-2.837499914106E1,-6.618912535949E1,
-9.075262166355E-1));
#2894=LINE('',#2893,#2892);
#2895=DIRECTION('',(0.E0,-2.368475785867E-13,1.E0));
#2896=VECTOR('',#2895,1.5E0);
#2897=CARTESIAN_POINT('',(-6.814511950547E1,-6.618912535949E1,
-2.407526216636E0));
#2898=LINE('',#2897,#2896);
#2899=DIRECTION('',(0.E0,0.E0,-1.E0));
#2900=VECTOR('',#2899,1.500000000001E0);
#2901=CARTESIAN_POINT('',(-2.837499914106E1,-7.099651890220E1,
-9.075262166352E-1));
#2902=LINE('',#2901,#2900);
#2903=DIRECTION('',(-4.138458069748E-14,-1.E0,6.771182511441E-14));
#2904=VECTOR('',#2903,4.807393542710E0);
#2905=CARTESIAN_POINT('',(-2.837499914106E1,-6.618912535949E1,
-9.075262166355E-1));
#2906=LINE('',#2905,#2904);
#2907=DIRECTION('',(0.E0,1.E0,0.E0));
#2908=VECTOR('',#2907,1.4E1);
#2909=CARTESIAN_POINT('',(1.498000008334E2,-5.194651890313E1,
-9.075262166352E-1));
#2910=LINE('',#2909,#2908);
#2911=DIRECTION('',(0.E0,0.E0,1.E0));
#2912=VECTOR('',#2911,1.500000000001E0);
#2913=CARTESIAN_POINT('',(1.498000008334E2,-5.194651890313E1,
-2.407526216636E0));
#2914=LINE('',#2913,#2912);
#2915=DIRECTION('',(-1.E0,0.E0,0.E0));
#2916=VECTOR('',#2915,1.4E1);
#2917=CARTESIAN_POINT('',(1.498000008334E2,-3.794651890312E1,
-9.075262166352E-1));
#2918=LINE('',#2917,#2916);
#2919=DIRECTION('',(0.E0,0.E0,1.E0));
#2920=VECTOR('',#2919,1.500000000001E0);
#2921=CARTESIAN_POINT('',(1.498000008334E2,-3.794651890312E1,
-2.407526216636E0));
#2922=LINE('',#2921,#2920);
#2923=DIRECTION('',(0.E0,-1.E0,0.E0));
#2924=VECTOR('',#2923,1.4E1);
#2925=CARTESIAN_POINT('',(1.358000008334E2,-3.794651890312E1,
-9.075262166352E-1));
#2926=LINE('',#2925,#2924);
#2927=DIRECTION('',(0.E0,0.E0,1.E0));
#2928=VECTOR('',#2927,1.500000000001E0);
#2929=CARTESIAN_POINT('',(1.358000008334E2,-3.794651890312E1,
-2.407526216636E0));
#2930=LINE('',#2929,#2928);
#2931=DIRECTION('',(1.E0,0.E0,0.E0));
#2932=VECTOR('',#2931,1.4E1);
#2933=CARTESIAN_POINT('',(1.358000008334E2,-5.194651890313E1,
-9.075262166352E-1));
#2934=LINE('',#2933,#2932);
#2935=DIRECTION('',(0.E0,0.E0,1.E0));
#2936=VECTOR('',#2935,1.500000000001E0);
#2937=CARTESIAN_POINT('',(1.358000008334E2,-5.194651890313E1,
-2.407526216636E0));
#2938=LINE('',#2937,#2936);
#2939=DIRECTION('',(0.E0,1.E0,0.E0));
#2940=VECTOR('',#2939,1.4E1);
#2941=CARTESIAN_POINT('',(-8.813749927508E1,2.905348109842E1,
-9.075262166354E-1));
#2942=LINE('',#2941,#2940);
#2943=DIRECTION('',(0.E0,0.E0,1.E0));
#2944=VECTOR('',#2943,1.5E0);
#2945=CARTESIAN_POINT('',(-8.813749927508E1,2.905348109842E1,
-2.407526216636E0));
#2946=LINE('',#2945,#2944);
#2947=DIRECTION('',(-1.E0,0.E0,0.E0));
#2948=VECTOR('',#2947,1.4E1);
#2949=CARTESIAN_POINT('',(-8.813749927508E1,4.305348109843E1,
-9.075262166354E-1));
#2950=LINE('',#2949,#2948);
#2951=DIRECTION('',(0.E0,0.E0,1.E0));
#2952=VECTOR('',#2951,1.5E0);
#2953=CARTESIAN_POINT('',(-8.813749927508E1,4.305348109843E1,
-2.407526216636E0));
#2954=LINE('',#2953,#2952);
#2955=DIRECTION('',(0.E0,-1.E0,0.E0));
#2956=VECTOR('',#2955,1.4E1);
#2957=CARTESIAN_POINT('',(-1.021374992751E2,4.305348109843E1,
-9.075262166354E-1));
#2958=LINE('',#2957,#2956);
#2959=DIRECTION('',(0.E0,0.E0,1.E0));
#2960=VECTOR('',#2959,1.5E0);
#2961=CARTESIAN_POINT('',(-1.021374992751E2,4.305348109843E1,
-2.407526216636E0));
#2962=LINE('',#2961,#2960);
#2963=DIRECTION('',(1.E0,0.E0,0.E0));
#2964=VECTOR('',#2963,1.4E1);
#2965=CARTESIAN_POINT('',(-1.021374992751E2,2.905348109842E1,
-9.075262166354E-1));
#2966=LINE('',#2965,#2964);
#2967=DIRECTION('',(0.E0,0.E0,1.E0));
#2968=VECTOR('',#2967,1.5E0);
#2969=CARTESIAN_POINT('',(-1.021374992751E2,2.905348109842E1,
-2.407526216636E0));
#2970=LINE('',#2969,#2968);
#2971=DIRECTION('',(0.E0,1.E0,0.E0));
#2972=VECTOR('',#2971,1.4E1);
#2973=CARTESIAN_POINT('',(-2.449999140083E0,5.203481098425E0,
-9.075262166354E-1));
#2974=LINE('',#2973,#2972);
#2975=DIRECTION('',(0.E0,0.E0,1.E0));
#2976=VECTOR('',#2975,1.5E0);
#2977=CARTESIAN_POINT('',(-2.449999140083E0,5.203481098424E0,
-2.407526216636E0));
#2978=LINE('',#2977,#2976);
#2979=DIRECTION('',(-1.E0,0.E0,0.E0));
#2980=VECTOR('',#2979,1.4E1);
#2981=CARTESIAN_POINT('',(-2.449999140083E0,1.920348109843E1,
-9.075262166354E-1));
#2982=LINE('',#2981,#2980);
#2983=DIRECTION('',(0.E0,0.E0,1.E0));
#2984=VECTOR('',#2983,1.5E0);
#2985=CARTESIAN_POINT('',(-2.449999140083E0,1.920348109843E1,
-2.407526216636E0));
#2986=LINE('',#2985,#2984);
#2987=DIRECTION('',(0.E0,-1.E0,0.E0));
#2988=VECTOR('',#2987,1.4E1);
#2989=CARTESIAN_POINT('',(-1.644999914008E1,1.920348109843E1,
-9.075262166354E-1));
#2990=LINE('',#2989,#2988);
#2991=DIRECTION('',(0.E0,0.E0,1.E0));
#2992=VECTOR('',#2991,1.5E0);
#2993=CARTESIAN_POINT('',(-1.644999914008E1,1.920348109843E1,
-2.407526216636E0));
#2994=LINE('',#2993,#2992);
#2995=DIRECTION('',(1.E0,0.E0,0.E0));
#2996=VECTOR('',#2995,1.4E1);
#2997=CARTESIAN_POINT('',(-1.644999914008E1,5.203481098425E0,
-9.075262166354E-1));
#2998=LINE('',#2997,#2996);
#2999=DIRECTION('',(0.E0,0.E0,1.E0));
#3000=VECTOR('',#2999,1.5E0);
#3001=CARTESIAN_POINT('',(-1.644999914008E1,5.203481098424E0,
-2.407526216636E0));
#3002=LINE('',#3001,#3000);
#3003=DIRECTION('',(0.E0,1.E0,0.E0));
#3004=VECTOR('',#3003,1.4E1);
#3005=CARTESIAN_POINT('',(-1.071874992751E2,2.905348109842E1,
-9.075262166354E-1));
#3006=LINE('',#3005,#3004);
#3007=DIRECTION('',(0.E0,0.E0,1.E0));
#3008=VECTOR('',#3007,1.5E0);
#3009=CARTESIAN_POINT('',(-1.071874992751E2,2.905348109842E1,
-2.407526216636E0));
#3010=LINE('',#3009,#3008);
#3011=DIRECTION('',(-1.E0,0.E0,0.E0));
#3012=VECTOR('',#3011,1.4E1);
#3013=CARTESIAN_POINT('',(-1.071874992751E2,4.305348109843E1,
-9.075262166354E-1));
#3014=LINE('',#3013,#3012);
#3015=DIRECTION('',(0.E0,0.E0,1.E0));
#3016=VECTOR('',#3015,1.5E0);
#3017=CARTESIAN_POINT('',(-1.071874992751E2,4.305348109843E1,
-2.407526216636E0));
#3018=LINE('',#3017,#3016);
#3019=DIRECTION('',(0.E0,-1.E0,0.E0));
#3020=VECTOR('',#3019,1.4E1);
#3021=CARTESIAN_POINT('',(-1.211874992751E2,4.305348109843E1,
-9.075262166354E-1));
#3022=LINE('',#3021,#3020);
#3023=DIRECTION('',(0.E0,0.E0,1.E0));
#3024=VECTOR('',#3023,1.5E0);
#3025=CARTESIAN_POINT('',(-1.211874992751E2,4.305348109843E1,
-2.407526216636E0));
#3026=LINE('',#3025,#3024);
#3027=DIRECTION('',(1.E0,0.E0,0.E0));
#3028=VECTOR('',#3027,1.4E1);
#3029=CARTESIAN_POINT('',(-1.211874992751E2,2.905348109842E1,
-9.075262166354E-1));
#3030=LINE('',#3029,#3028);
#3031=DIRECTION('',(0.E0,0.E0,1.E0));
#3032=VECTOR('',#3031,1.5E0);
#3033=CARTESIAN_POINT('',(-1.211874992751E2,2.905348109842E1,
-2.407526216636E0));
#3034=LINE('',#3033,#3032);
#3035=DIRECTION('',(0.E0,1.E0,0.E0));
#3036=VECTOR('',#3035,1.4E1);
#3037=CARTESIAN_POINT('',(1.498000008352E2,5.203481101014E0,
-9.075262166354E-1));
#3038=LINE('',#3037,#3036);
#3039=DIRECTION('',(1.894780628693E-14,0.E0,1.E0));
#3040=VECTOR('',#3039,1.5E0);
#3041=CARTESIAN_POINT('',(1.498000008352E2,5.203481101014E0,-2.407526216636E0));
#3042=LINE('',#3041,#3040);
#3043=DIRECTION('',(-1.E0,0.E0,0.E0));
#3044=VECTOR('',#3043,1.4E1);
#3045=CARTESIAN_POINT('',(1.498000008352E2,1.920348110102E1,
-9.075262166354E-1));
#3046=LINE('',#3045,#3044);
#3047=DIRECTION('',(1.894780628693E-14,0.E0,1.E0));
#3048=VECTOR('',#3047,1.5E0);
#3049=CARTESIAN_POINT('',(1.498000008352E2,1.920348110102E1,-2.407526216636E0));
#3050=LINE('',#3049,#3048);
#3051=DIRECTION('',(0.E0,-1.E0,0.E0));
#3052=VECTOR('',#3051,1.4E1);
#3053=CARTESIAN_POINT('',(1.358000008352E2,1.920348110102E1,
-9.075262166354E-1));
#3054=LINE('',#3053,#3052);
#3055=DIRECTION('',(1.894780628693E-14,0.E0,1.E0));
#3056=VECTOR('',#3055,1.5E0);
#3057=CARTESIAN_POINT('',(1.358000008352E2,1.920348110102E1,-2.407526216636E0));
#3058=LINE('',#3057,#3056);
#3059=DIRECTION('',(1.E0,0.E0,0.E0));
#3060=VECTOR('',#3059,1.4E1);
#3061=CARTESIAN_POINT('',(1.358000008352E2,5.203481101014E0,
-9.075262166354E-1));
#3062=LINE('',#3061,#3060);
#3063=DIRECTION('',(1.894780628693E-14,0.E0,1.E0));
#3064=VECTOR('',#3063,1.5E0);
#3065=CARTESIAN_POINT('',(1.358000008352E2,5.203481101014E0,-2.407526216636E0));
#3066=LINE('',#3065,#3064);
#3067=DIRECTION('',(0.E0,1.E0,0.E0));
#3068=VECTOR('',#3067,1.4E1);
#3069=CARTESIAN_POINT('',(1.307500008604E2,-7.099651890313E1,
-9.075262166352E-1));
#3070=LINE('',#3069,#3068);
#3071=DIRECTION('',(0.E0,0.E0,1.E0));
#3072=VECTOR('',#3071,1.500000000001E0);
#3073=CARTESIAN_POINT('',(1.307500008604E2,-7.099651890313E1,
-2.407526216636E0));
#3074=LINE('',#3073,#3072);
#3075=DIRECTION('',(-1.E0,0.E0,0.E0));
#3076=VECTOR('',#3075,1.4E1);
#3077=CARTESIAN_POINT('',(1.307500008604E2,-5.699651890312E1,
-9.075262166352E-1));
#3078=LINE('',#3077,#3076);
#3079=DIRECTION('',(0.E0,0.E0,1.E0));
#3080=VECTOR('',#3079,1.500000000001E0);
#3081=CARTESIAN_POINT('',(1.307500008604E2,-5.699651890312E1,
-2.407526216636E0));
#3082=LINE('',#3081,#3080);
#3083=DIRECTION('',(0.E0,-1.E0,0.E0));
#3084=VECTOR('',#3083,1.4E1);
#3085=CARTESIAN_POINT('',(1.167500008604E2,-5.699651890312E1,
-9.075262166352E-1));
#3086=LINE('',#3085,#3084);
#3087=DIRECTION('',(0.E0,0.E0,1.E0));
#3088=VECTOR('',#3087,1.500000000001E0);
#3089=CARTESIAN_POINT('',(1.167500008604E2,-5.699651890312E1,
-2.407526216636E0));
#3090=LINE('',#3089,#3088);
#3091=DIRECTION('',(1.E0,0.E0,0.E0));
#3092=VECTOR('',#3091,1.4E1);
#3093=CARTESIAN_POINT('',(1.167500008604E2,-7.099651890313E1,
-9.075262166352E-1));
#3094=LINE('',#3093,#3092);
#3095=DIRECTION('',(0.E0,0.E0,1.E0));
#3096=VECTOR('',#3095,1.500000000001E0);
#3097=CARTESIAN_POINT('',(1.167500008604E2,-7.099651890313E1,
-2.407526216636E0));
#3098=LINE('',#3097,#3096);
#3099=DIRECTION('',(0.E0,1.E0,0.E0));
#3100=VECTOR('',#3099,1.4E1);
#3101=CARTESIAN_POINT('',(-1.095499991400E2,-7.099651890161E1,
-9.075262166352E-1));
#3102=LINE('',#3101,#3100);
#3103=DIRECTION('',(0.E0,0.E0,1.E0));
#3104=VECTOR('',#3103,1.500000000001E0);
#3105=CARTESIAN_POINT('',(-1.095499991400E2,-7.099651890161E1,
-2.407526216636E0));
#3106=LINE('',#3105,#3104);
#3107=DIRECTION('',(-1.E0,0.E0,0.E0));
#3108=VECTOR('',#3107,1.4E1);
#3109=CARTESIAN_POINT('',(-1.095499991400E2,-5.699651890161E1,
-9.075262166352E-1));
#3110=LINE('',#3109,#3108);
#3111=DIRECTION('',(0.E0,0.E0,1.E0));
#3112=VECTOR('',#3111,1.500000000001E0);
#3113=CARTESIAN_POINT('',(-1.095499991400E2,-5.699651890161E1,
-2.407526216636E0));
#3114=LINE('',#3113,#3112);
#3115=DIRECTION('',(0.E0,-1.E0,0.E0));
#3116=VECTOR('',#3115,1.4E1);
#3117=CARTESIAN_POINT('',(-1.235499991400E2,-5.699651890161E1,
-9.075262166352E-1));
#3118=LINE('',#3117,#3116);
#3119=DIRECTION('',(0.E0,0.E0,1.E0));
#3120=VECTOR('',#3119,1.500000000001E0);
#3121=CARTESIAN_POINT('',(-1.235499991400E2,-5.699651890161E1,
-2.407526216636E0));
#3122=LINE('',#3121,#3120);
#3123=DIRECTION('',(1.E0,0.E0,0.E0));
#3124=VECTOR('',#3123,1.4E1);
#3125=CARTESIAN_POINT('',(-1.235499991400E2,-7.099651890161E1,
-9.075262166352E-1));
#3126=LINE('',#3125,#3124);
#3127=DIRECTION('',(0.E0,0.E0,1.E0));
#3128=VECTOR('',#3127,1.500000000001E0);
#3129=CARTESIAN_POINT('',(-1.235499991400E2,-7.099651890161E1,
-2.407526216636E0));
#3130=LINE('',#3129,#3128);
#3131=DIRECTION('',(0.E0,1.E0,0.E0));
#3132=VECTOR('',#3131,1.4E1);
#3133=CARTESIAN_POINT('',(-2.374999267083E0,2.905348109842E1,
-9.075262166354E-1));
#3134=LINE('',#3133,#3132);
#3135=DIRECTION('',(0.E0,0.E0,1.E0));
#3136=VECTOR('',#3135,1.5E0);
#3137=CARTESIAN_POINT('',(-2.374999267083E0,2.905348109842E1,
-2.407526216636E0));
#3138=LINE('',#3137,#3136);
#3139=DIRECTION('',(-1.E0,0.E0,0.E0));
#3140=VECTOR('',#3139,1.4E1);
#3141=CARTESIAN_POINT('',(-2.374999267083E0,4.305348109843E1,
-9.075262166354E-1));
#3142=LINE('',#3141,#3140);
#3143=DIRECTION('',(0.E0,0.E0,1.E0));
#3144=VECTOR('',#3143,1.5E0);
#3145=CARTESIAN_POINT('',(-2.374999267083E0,4.305348109843E1,
-2.407526216636E0));
#3146=LINE('',#3145,#3144);
#3147=DIRECTION('',(0.E0,-1.E0,0.E0));
#3148=VECTOR('',#3147,1.4E1);
#3149=CARTESIAN_POINT('',(-1.637499926708E1,4.305348109843E1,
-9.075262166354E-1));
#3150=LINE('',#3149,#3148);
#3151=DIRECTION('',(0.E0,0.E0,1.E0));
#3152=VECTOR('',#3151,1.5E0);
#3153=CARTESIAN_POINT('',(-1.637499926708E1,4.305348109843E1,
-2.407526216636E0));
#3154=LINE('',#3153,#3152);
#3155=DIRECTION('',(1.E0,0.E0,0.E0));
#3156=VECTOR('',#3155,1.4E1);
#3157=CARTESIAN_POINT('',(-1.637499926708E1,2.905348109842E1,
-9.075262166354E-1));
#3158=LINE('',#3157,#3156);
#3159=DIRECTION('',(0.E0,0.E0,1.E0));
#3160=VECTOR('',#3159,1.5E0);
#3161=CARTESIAN_POINT('',(-1.637499926708E1,2.905348109842E1,
-2.407526216636E0));
#3162=LINE('',#3161,#3160);
#3163=DIRECTION('',(0.E0,1.E0,0.E0));
#3164=VECTOR('',#3163,1.4E1);
#3165=CARTESIAN_POINT('',(5.695000085970E1,-7.099651890161E1,
-9.075262166352E-1));
#3166=LINE('',#3165,#3164);
#3167=DIRECTION('',(0.E0,0.E0,1.E0));
#3168=VECTOR('',#3167,1.500000000001E0);
#3169=CARTESIAN_POINT('',(5.695000085970E1,-7.099651890161E1,
-2.407526216636E0));
#3170=LINE('',#3169,#3168);
#3171=DIRECTION('',(-1.E0,0.E0,0.E0));
#3172=VECTOR('',#3171,1.4E1);
#3173=CARTESIAN_POINT('',(5.695000085970E1,-5.699651890161E1,
-9.075262166352E-1));
#3174=LINE('',#3173,#3172);
#3175=DIRECTION('',(0.E0,0.E0,1.E0));
#3176=VECTOR('',#3175,1.500000000001E0);
#3177=CARTESIAN_POINT('',(5.695000085970E1,-5.699651890161E1,
-2.407526216636E0));
#3178=LINE('',#3177,#3176);
#3179=DIRECTION('',(0.E0,-1.E0,0.E0));
#3180=VECTOR('',#3179,1.4E1);
#3181=CARTESIAN_POINT('',(4.295000085970E1,-5.699651890161E1,
-9.075262166352E-1));
#3182=LINE('',#3181,#3180);
#3183=DIRECTION('',(0.E0,0.E0,1.E0));
#3184=VECTOR('',#3183,1.500000000001E0);
#3185=CARTESIAN_POINT('',(4.295000085970E1,-5.699651890161E1,
-2.407526216636E0));
#3186=LINE('',#3185,#3184);
#3187=DIRECTION('',(1.E0,0.E0,0.E0));
#3188=VECTOR('',#3187,1.4E1);
#3189=CARTESIAN_POINT('',(4.295000085970E1,-7.099651890161E1,
-9.075262166352E-1));
#3190=LINE('',#3189,#3188);
#3191=DIRECTION('',(0.E0,0.E0,1.E0));
#3192=VECTOR('',#3191,1.500000000001E0);
#3193=CARTESIAN_POINT('',(4.295000085970E1,-7.099651890161E1,
-2.407526216636E0));
#3194=LINE('',#3193,#3192);
#3195=DIRECTION('',(0.E0,1.E0,0.E0));
#3196=VECTOR('',#3195,1.4E1);
#3197=CARTESIAN_POINT('',(4.515000085892E1,-1.384651890171E1,
-9.075262166353E-1));
#3198=LINE('',#3197,#3196);
#3199=DIRECTION('',(0.E0,0.E0,1.E0));
#3200=VECTOR('',#3199,1.500000000001E0);
#3201=CARTESIAN_POINT('',(4.515000085892E1,-1.384651890171E1,
-2.407526216636E0));
#3202=LINE('',#3201,#3200);
#3203=DIRECTION('',(-1.E0,0.E0,0.E0));
#3204=VECTOR('',#3203,1.4E1);
#3205=CARTESIAN_POINT('',(4.515000085892E1,1.534810982963E-1,
-9.075262166353E-1));
#3206=LINE('',#3205,#3204);
#3207=DIRECTION('',(0.E0,0.E0,1.E0));
#3208=VECTOR('',#3207,1.500000000001E0);
#3209=CARTESIAN_POINT('',(4.515000085892E1,1.534810982963E-1,
-2.407526216636E0));
#3210=LINE('',#3209,#3208);
#3211=DIRECTION('',(0.E0,-1.E0,0.E0));
#3212=VECTOR('',#3211,1.4E1);
#3213=CARTESIAN_POINT('',(3.115000085892E1,1.534810982963E-1,
-9.075262166353E-1));
#3214=LINE('',#3213,#3212);
#3215=DIRECTION('',(0.E0,0.E0,1.E0));
#3216=VECTOR('',#3215,1.500000000001E0);
#3217=CARTESIAN_POINT('',(3.115000085892E1,1.534810982963E-1,
-2.407526216636E0));
#3218=LINE('',#3217,#3216);
#3219=DIRECTION('',(1.E0,0.E0,0.E0));
#3220=VECTOR('',#3219,1.4E1);
#3221=CARTESIAN_POINT('',(3.115000085892E1,-1.384651890171E1,
-9.075262166353E-1));
#3222=LINE('',#3221,#3220);
#3223=DIRECTION('',(0.E0,0.E0,1.E0));
#3224=VECTOR('',#3223,1.500000000001E0);
#3225=CARTESIAN_POINT('',(3.115000085892E1,-1.384651890171E1,
-2.407526216636E0));
#3226=LINE('',#3225,#3224);
#3227=DIRECTION('',(0.E0,1.E0,0.E0));
#3228=VECTOR('',#3227,1.4E1);
#3229=CARTESIAN_POINT('',(8.325000085892E1,-1.384651890171E1,
-9.075262166353E-1));
#3230=LINE('',#3229,#3228);
#3231=DIRECTION('',(0.E0,0.E0,1.E0));
#3232=VECTOR('',#3231,1.500000000001E0);
#3233=CARTESIAN_POINT('',(8.325000085892E1,-1.384651890171E1,
-2.407526216636E0));
#3234=LINE('',#3233,#3232);
#3235=DIRECTION('',(-1.E0,0.E0,0.E0));
#3236=VECTOR('',#3235,1.4E1);
#3237=CARTESIAN_POINT('',(8.325000085892E1,1.534810982963E-1,
-9.075262166353E-1));
#3238=LINE('',#3237,#3236);
#3239=DIRECTION('',(0.E0,0.E0,1.E0));
#3240=VECTOR('',#3239,1.500000000001E0);
#3241=CARTESIAN_POINT('',(8.325000085892E1,1.534810982963E-1,
-2.407526216636E0));
#3242=LINE('',#3241,#3240);
#3243=DIRECTION('',(0.E0,-1.E0,0.E0));
#3244=VECTOR('',#3243,1.4E1);
#3245=CARTESIAN_POINT('',(6.925000085892E1,1.534810982963E-1,
-9.075262166353E-1));
#3246=LINE('',#3245,#3244);
#3247=DIRECTION('',(0.E0,0.E0,1.E0));
#3248=VECTOR('',#3247,1.500000000001E0);
#3249=CARTESIAN_POINT('',(6.925000085892E1,1.534810982963E-1,
-2.407526216636E0));
#3250=LINE('',#3249,#3248);
#3251=DIRECTION('',(1.E0,0.E0,0.E0));
#3252=VECTOR('',#3251,1.4E1);
#3253=CARTESIAN_POINT('',(6.925000085892E1,-1.384651890171E1,
-9.075262166353E-1));
#3254=LINE('',#3253,#3252);
#3255=DIRECTION('',(0.E0,0.E0,1.E0));
#3256=VECTOR('',#3255,1.500000000001E0);
#3257=CARTESIAN_POINT('',(6.925000085892E1,-1.384651890171E1,
-2.407526216636E0));
#3258=LINE('',#3257,#3256);
#3259=DIRECTION('',(0.E0,1.E0,0.E0));
#3260=VECTOR('',#3259,1.4E1);
#3261=CARTESIAN_POINT('',(4.990000086103E1,-3.289651890175E1,
-9.075262166353E-1));
#3262=LINE('',#3261,#3260);
#3263=DIRECTION('',(0.E0,0.E0,1.E0));
#3264=VECTOR('',#3263,1.500000000001E0);
#3265=CARTESIAN_POINT('',(4.990000086103E1,-3.289651890175E1,
-2.407526216636E0));
#3266=LINE('',#3265,#3264);
#3267=DIRECTION('',(-1.E0,0.E0,0.E0));
#3268=VECTOR('',#3267,1.4E1);
#3269=CARTESIAN_POINT('',(4.990000086103E1,-1.889651890174E1,
-9.075262166353E-1));
#3270=LINE('',#3269,#3268);
#3271=DIRECTION('',(0.E0,0.E0,1.E0));
#3272=VECTOR('',#3271,1.500000000001E0);
#3273=CARTESIAN_POINT('',(4.990000086103E1,-1.889651890174E1,
-2.407526216636E0));
#3274=LINE('',#3273,#3272);
#3275=DIRECTION('',(0.E0,-1.E0,0.E0));
#3276=VECTOR('',#3275,1.4E1);
#3277=CARTESIAN_POINT('',(3.590000086103E1,-1.889651890174E1,
-9.075262166353E-1));
#3278=LINE('',#3277,#3276);
#3279=DIRECTION('',(0.E0,0.E0,1.E0));
#3280=VECTOR('',#3279,1.500000000001E0);
#3281=CARTESIAN_POINT('',(3.590000086103E1,-1.889651890174E1,
-2.407526216636E0));
#3282=LINE('',#3281,#3280);
#3283=DIRECTION('',(1.E0,0.E0,0.E0));
#3284=VECTOR('',#3283,1.4E1);
#3285=CARTESIAN_POINT('',(3.590000086103E1,-3.289651890175E1,
-9.075262166353E-1));
#3286=LINE('',#3285,#3284);
#3287=DIRECTION('',(0.E0,0.E0,1.E0));
#3288=VECTOR('',#3287,1.500000000001E0);
#3289=CARTESIAN_POINT('',(3.590000086103E1,-3.289651890175E1,
-2.407526216636E0));
#3290=LINE('',#3289,#3288);
#3291=DIRECTION('',(0.E0,1.E0,0.E0));
#3292=VECTOR('',#3291,1.4E1);
#3293=CARTESIAN_POINT('',(6.433750074092E1,2.905348109842E1,
-9.075262166354E-1));
#3294=LINE('',#3293,#3292);
#3295=DIRECTION('',(0.E0,0.E0,1.E0));
#3296=VECTOR('',#3295,1.5E0);
#3297=CARTESIAN_POINT('',(6.433750074092E1,2.905348109842E1,-2.407526216636E0));
#3298=LINE('',#3297,#3296);
#3299=DIRECTION('',(-1.E0,0.E0,0.E0));
#3300=VECTOR('',#3299,1.4E1);
#3301=CARTESIAN_POINT('',(6.433750074092E1,4.305348109843E1,
-9.075262166354E-1));
#3302=LINE('',#3301,#3300);
#3303=DIRECTION('',(0.E0,0.E0,1.E0));
#3304=VECTOR('',#3303,1.5E0);
#3305=CARTESIAN_POINT('',(6.433750074092E1,4.305348109843E1,-2.407526216636E0));
#3306=LINE('',#3305,#3304);
#3307=DIRECTION('',(0.E0,-1.E0,0.E0));
#3308=VECTOR('',#3307,1.4E1);
#3309=CARTESIAN_POINT('',(5.033750074092E1,4.305348109843E1,
-9.075262166354E-1));
#3310=LINE('',#3309,#3308);
#3311=DIRECTION('',(0.E0,0.E0,1.E0));
#3312=VECTOR('',#3311,1.5E0);
#3313=CARTESIAN_POINT('',(5.033750074092E1,4.305348109843E1,-2.407526216636E0));
#3314=LINE('',#3313,#3312);
#3315=DIRECTION('',(1.E0,0.E0,0.E0));
#3316=VECTOR('',#3315,1.4E1);
#3317=CARTESIAN_POINT('',(5.033750074092E1,2.905348109842E1,
-9.075262166354E-1));
#3318=LINE('',#3317,#3316);
#3319=DIRECTION('',(0.E0,0.E0,1.E0));
#3320=VECTOR('',#3319,1.5E0);
#3321=CARTESIAN_POINT('',(5.033750074092E1,2.905348109842E1,-2.407526216636E0));
#3322=LINE('',#3321,#3320);
#3323=DIRECTION('',(0.E0,1.E0,0.E0));
#3324=VECTOR('',#3323,1.4E1);
#3325=CARTESIAN_POINT('',(-2.149999914008E1,5.203481098425E0,
-9.075262166354E-1));
#3326=LINE('',#3325,#3324);
#3327=DIRECTION('',(0.E0,0.E0,1.E0));
#3328=VECTOR('',#3327,1.5E0);
#3329=CARTESIAN_POINT('',(-2.149999914008E1,5.203481098424E0,
-2.407526216636E0));
#3330=LINE('',#3329,#3328);
#3331=DIRECTION('',(-1.E0,0.E0,0.E0));
#3332=VECTOR('',#3331,1.4E1);
#3333=CARTESIAN_POINT('',(-2.149999914008E1,1.920348109843E1,
-9.075262166354E-1));
#3334=LINE('',#3333,#3332);
#3335=DIRECTION('',(0.E0,0.E0,1.E0));
#3336=VECTOR('',#3335,1.5E0);
#3337=CARTESIAN_POINT('',(-2.149999914008E1,1.920348109843E1,
-2.407526216636E0));
#3338=LINE('',#3337,#3336);
#3339=DIRECTION('',(0.E0,-1.E0,0.E0));
#3340=VECTOR('',#3339,1.4E1);
#3341=CARTESIAN_POINT('',(-3.549999914008E1,1.920348109843E1,
-9.075262166354E-1));
#3342=LINE('',#3341,#3340);
#3343=DIRECTION('',(0.E0,0.E0,1.E0));
#3344=VECTOR('',#3343,1.5E0);
#3345=CARTESIAN_POINT('',(-3.549999914008E1,1.920348109843E1,
-2.407526216636E0));
#3346=LINE('',#3345,#3344);
#3347=DIRECTION('',(1.E0,0.E0,0.E0));
#3348=VECTOR('',#3347,1.4E1);
#3349=CARTESIAN_POINT('',(-3.549999914008E1,5.203481098425E0,
-9.075262166354E-1));
#3350=LINE('',#3349,#3348);
#3351=DIRECTION('',(0.E0,0.E0,1.E0));
#3352=VECTOR('',#3351,1.5E0);
#3353=CARTESIAN_POINT('',(-3.549999914008E1,5.203481098424E0,
-2.407526216636E0));
#3354=LINE('',#3353,#3352);
#3355=DIRECTION('',(0.E0,1.E0,0.E0));
#3356=VECTOR('',#3355,1.4E1);
#3357=CARTESIAN_POINT('',(-1.072499991411E2,-1.384651890171E1,
-9.075262166353E-1));
#3358=LINE('',#3357,#3356);
#3359=DIRECTION('',(0.E0,0.E0,1.E0));
#3360=VECTOR('',#3359,1.500000000001E0);
#3361=CARTESIAN_POINT('',(-1.072499991411E2,-1.384651890171E1,
-2.407526216636E0));
#3362=LINE('',#3361,#3360);
#3363=DIRECTION('',(-1.E0,0.E0,0.E0));
#3364=VECTOR('',#3363,1.4E1);
#3365=CARTESIAN_POINT('',(-1.072499991411E2,1.534810982963E-1,
-9.075262166353E-1));
#3366=LINE('',#3365,#3364);
#3367=DIRECTION('',(0.E0,0.E0,1.E0));
#3368=VECTOR('',#3367,1.500000000001E0);
#3369=CARTESIAN_POINT('',(-1.072499991411E2,1.534810982963E-1,
-2.407526216636E0));
#3370=LINE('',#3369,#3368);
#3371=DIRECTION('',(0.E0,-1.E0,0.E0));
#3372=VECTOR('',#3371,1.4E1);
#3373=CARTESIAN_POINT('',(-1.212499991411E2,1.534810982963E-1,
-9.075262166353E-1));
#3374=LINE('',#3373,#3372);
#3375=DIRECTION('',(0.E0,0.E0,1.E0));
#3376=VECTOR('',#3375,1.500000000001E0);
#3377=CARTESIAN_POINT('',(-1.212499991411E2,1.534810982963E-1,
-2.407526216636E0));
#3378=LINE('',#3377,#3376);
#3379=DIRECTION('',(1.E0,0.E0,0.E0));
#3380=VECTOR('',#3379,1.4E1);
#3381=CARTESIAN_POINT('',(-1.212499991411E2,-1.384651890171E1,
-9.075262166353E-1));
#3382=LINE('',#3381,#3380);
#3383=DIRECTION('',(0.E0,0.E0,1.E0));
#3384=VECTOR('',#3383,1.500000000001E0);
#3385=CARTESIAN_POINT('',(-1.212499991411E2,-1.384651890171E1,
-2.407526216636E0));
#3386=LINE('',#3385,#3384);
#3387=DIRECTION('',(0.E0,1.E0,0.E0));
#3388=VECTOR('',#3387,1.4E1);
#3389=CARTESIAN_POINT('',(1.117000008604E2,-7.099651890313E1,
-9.075262166352E-1));
#3390=LINE('',#3389,#3388);
#3391=DIRECTION('',(0.E0,0.E0,1.E0));
#3392=VECTOR('',#3391,1.500000000001E0);
#3393=CARTESIAN_POINT('',(1.117000008604E2,-7.099651890313E1,
-2.407526216636E0));
#3394=LINE('',#3393,#3392);
#3395=DIRECTION('',(-1.E0,0.E0,0.E0));
#3396=VECTOR('',#3395,1.4E1);
#3397=CARTESIAN_POINT('',(1.117000008604E2,-5.699651890312E1,
-9.075262166352E-1));
#3398=LINE('',#3397,#3396);
#3399=DIRECTION('',(0.E0,0.E0,1.E0));
#3400=VECTOR('',#3399,1.500000000001E0);
#3401=CARTESIAN_POINT('',(1.117000008604E2,-5.699651890312E1,
-2.407526216636E0));
#3402=LINE('',#3401,#3400);
#3403=DIRECTION('',(0.E0,-1.E0,0.E0));
#3404=VECTOR('',#3403,1.4E1);
#3405=CARTESIAN_POINT('',(9.770000086044E1,-5.699651890312E1,
-9.075262166352E-1));
#3406=LINE('',#3405,#3404);
#3407=DIRECTION('',(0.E0,0.E0,1.E0));
#3408=VECTOR('',#3407,1.500000000001E0);
#3409=CARTESIAN_POINT('',(9.770000086044E1,-5.699651890312E1,
-2.407526216636E0));
#3410=LINE('',#3409,#3408);
#3411=DIRECTION('',(1.E0,0.E0,0.E0));
#3412=VECTOR('',#3411,1.4E1);
#3413=CARTESIAN_POINT('',(9.770000086044E1,-7.099651890313E1,
-9.075262166352E-1));
#3414=LINE('',#3413,#3412);
#3415=DIRECTION('',(0.E0,0.E0,1.E0));
#3416=VECTOR('',#3415,1.500000000001E0);
#3417=CARTESIAN_POINT('',(9.770000086044E1,-7.099651890313E1,
-2.407526216636E0));
#3418=LINE('',#3417,#3416);
#3419=DIRECTION('',(0.E0,1.E0,0.E0));
#3420=VECTOR('',#3419,1.4E1);
#3421=CARTESIAN_POINT('',(1.045500008604E2,-5.194651890154E1,
-9.075262166339E-1));
#3422=LINE('',#3421,#3420);
#3423=DIRECTION('',(0.E0,0.E0,1.E0));
#3424=VECTOR('',#3423,1.500000000002E0);
#3425=CARTESIAN_POINT('',(1.045500008604E2,-5.194651890154E1,
-2.407526216636E0));
#3426=LINE('',#3425,#3424);
#3427=DIRECTION('',(-1.E0,0.E0,0.E0));
#3428=VECTOR('',#3427,1.4E1);
#3429=CARTESIAN_POINT('',(1.045500008604E2,-3.794651890154E1,
-9.075262166339E-1));
#3430=LINE('',#3429,#3428);
#3431=DIRECTION('',(0.E0,0.E0,1.E0));
#3432=VECTOR('',#3431,1.500000000002E0);
#3433=CARTESIAN_POINT('',(1.045500008604E2,-3.794651890154E1,
-2.407526216636E0));
#3434=LINE('',#3433,#3432);
#3435=DIRECTION('',(0.E0,-1.E0,0.E0));
#3436=VECTOR('',#3435,1.4E1);
#3437=CARTESIAN_POINT('',(9.055000086039E1,-3.794651890154E1,
-9.075262166339E-1));
#3438=LINE('',#3437,#3436);
#3439=DIRECTION('',(0.E0,0.E0,1.E0));
#3440=VECTOR('',#3439,1.500000000002E0);
#3441=CARTESIAN_POINT('',(9.055000086039E1,-3.794651890154E1,
-2.407526216636E0));
#3442=LINE('',#3441,#3440);
#3443=DIRECTION('',(1.E0,0.E0,0.E0));
#3444=VECTOR('',#3443,1.4E1);
#3445=CARTESIAN_POINT('',(9.055000086039E1,-5.194651890154E1,
-9.075262166339E-1));
#3446=LINE('',#3445,#3444);
#3447=DIRECTION('',(0.E0,0.E0,1.E0));
#3448=VECTOR('',#3447,1.500000000002E0);
#3449=CARTESIAN_POINT('',(9.055000086039E1,-5.194651890154E1,
-2.407526216636E0));
#3450=LINE('',#3449,#3448);
#3451=DIRECTION('',(0.E0,1.E0,0.E0));
#3452=VECTOR('',#3451,1.4E1);
#3453=CARTESIAN_POINT('',(1.660000085992E1,5.203481098425E0,
-9.075262166354E-1));
#3454=LINE('',#3453,#3452);
#3455=DIRECTION('',(0.E0,0.E0,1.E0));
#3456=VECTOR('',#3455,1.5E0);
#3457=CARTESIAN_POINT('',(1.660000085992E1,5.203481098424E0,-2.407526216636E0));
#3458=LINE('',#3457,#3456);
#3459=DIRECTION('',(-1.E0,0.E0,0.E0));
#3460=VECTOR('',#3459,1.4E1);
#3461=CARTESIAN_POINT('',(1.660000085992E1,1.920348109843E1,
-9.075262166354E-1));
#3462=LINE('',#3461,#3460);
#3463=DIRECTION('',(0.E0,0.E0,1.E0));
#3464=VECTOR('',#3463,1.5E0);
#3465=CARTESIAN_POINT('',(1.660000085992E1,1.920348109843E1,-2.407526216636E0));
#3466=LINE('',#3465,#3464);
#3467=DIRECTION('',(0.E0,-1.E0,0.E0));
#3468=VECTOR('',#3467,1.4E1);
#3469=CARTESIAN_POINT('',(2.600000859917E0,1.920348109843E1,
-9.075262166354E-1));
#3470=LINE('',#3469,#3468);
#3471=DIRECTION('',(0.E0,0.E0,1.E0));
#3472=VECTOR('',#3471,1.5E0);
#3473=CARTESIAN_POINT('',(2.600000859917E0,1.920348109843E1,-2.407526216636E0));
#3474=LINE('',#3473,#3472);
#3475=DIRECTION('',(1.E0,0.E0,0.E0));
#3476=VECTOR('',#3475,1.4E1);
#3477=CARTESIAN_POINT('',(2.600000859917E0,5.203481098425E0,
-9.075262166354E-1));
#3478=LINE('',#3477,#3476);
#3479=DIRECTION('',(0.E0,0.E0,1.E0));
#3480=VECTOR('',#3479,1.5E0);
#3481=CARTESIAN_POINT('',(2.600000859917E0,5.203481098424E0,-2.407526216636E0));
#3482=LINE('',#3481,#3480);
#3483=DIRECTION('',(0.E0,1.E0,0.E0));
#3484=VECTOR('',#3483,1.4E1);
#3485=CARTESIAN_POINT('',(2.610000085892E1,-1.384651890171E1,
-9.075262166353E-1));
#3486=LINE('',#3485,#3484);
#3487=DIRECTION('',(0.E0,0.E0,1.E0));
#3488=VECTOR('',#3487,1.500000000001E0);
#3489=CARTESIAN_POINT('',(2.610000085892E1,-1.384651890171E1,
-2.407526216636E0));
#3490=LINE('',#3489,#3488);
#3491=DIRECTION('',(-1.E0,0.E0,0.E0));
#3492=VECTOR('',#3491,1.4E1);
#3493=CARTESIAN_POINT('',(2.610000085892E1,1.534810982963E-1,
-9.075262166353E-1));
#3494=LINE('',#3493,#3492);
#3495=DIRECTION('',(0.E0,0.E0,1.E0));
#3496=VECTOR('',#3495,1.500000000001E0);
#3497=CARTESIAN_POINT('',(2.610000085892E1,1.534810982963E-1,
-2.407526216636E0));
#3498=LINE('',#3497,#3496);
#3499=DIRECTION('',(0.E0,-1.E0,0.E0));
#3500=VECTOR('',#3499,1.4E1);
#3501=CARTESIAN_POINT('',(1.210000085892E1,1.534810982963E-1,
-9.075262166353E-1));
#3502=LINE('',#3501,#3500);
#3503=DIRECTION('',(0.E0,0.E0,1.E0));
#3504=VECTOR('',#3503,1.500000000001E0);
#3505=CARTESIAN_POINT('',(1.210000085892E1,1.534810982963E-1,
-2.407526216636E0));
#3506=LINE('',#3505,#3504);
#3507=DIRECTION('',(1.E0,0.E0,0.E0));
#3508=VECTOR('',#3507,1.4E1);
#3509=CARTESIAN_POINT('',(1.210000085892E1,-1.384651890171E1,
-9.075262166353E-1));
#3510=LINE('',#3509,#3508);
#3511=DIRECTION('',(0.E0,0.E0,1.E0));
#3512=VECTOR('',#3511,1.500000000001E0);
#3513=CARTESIAN_POINT('',(1.210000085892E1,-1.384651890171E1,
-2.407526216636E0));
#3514=LINE('',#3513,#3512);
#3515=DIRECTION('',(0.E0,1.E0,0.E0));
#3516=VECTOR('',#3515,1.4E1);
#3517=CARTESIAN_POINT('',(3.085000086103E1,-3.289651890175E1,
-9.075262166353E-1));
#3518=LINE('',#3517,#3516);
#3519=DIRECTION('',(0.E0,0.E0,1.E0));
#3520=VECTOR('',#3519,1.500000000001E0);
#3521=CARTESIAN_POINT('',(3.085000086103E1,-3.289651890175E1,
-2.407526216636E0));
#3522=LINE('',#3521,#3520);
#3523=DIRECTION('',(-1.E0,0.E0,0.E0));
#3524=VECTOR('',#3523,1.4E1);
#3525=CARTESIAN_POINT('',(3.085000086103E1,-1.889651890174E1,
-9.075262166353E-1));
#3526=LINE('',#3525,#3524);
#3527=DIRECTION('',(0.E0,0.E0,1.E0));
#3528=VECTOR('',#3527,1.500000000001E0);
#3529=CARTESIAN_POINT('',(3.085000086103E1,-1.889651890174E1,
-2.407526216636E0));
#3530=LINE('',#3529,#3528);
#3531=DIRECTION('',(0.E0,-1.E0,0.E0));
#3532=VECTOR('',#3531,1.4E1);
#3533=CARTESIAN_POINT('',(1.685000086103E1,-1.889651890174E1,
-9.075262166353E-1));
#3534=LINE('',#3533,#3532);
#3535=DIRECTION('',(0.E0,0.E0,1.E0));
#3536=VECTOR('',#3535,1.500000000001E0);
#3537=CARTESIAN_POINT('',(1.685000086103E1,-1.889651890174E1,
-2.407526216636E0));
#3538=LINE('',#3537,#3536);
#3539=DIRECTION('',(1.E0,0.E0,0.E0));
#3540=VECTOR('',#3539,1.4E1);
#3541=CARTESIAN_POINT('',(1.685000086103E1,-3.289651890175E1,
-9.075262166353E-1));
#3542=LINE('',#3541,#3540);
#3543=DIRECTION('',(0.E0,0.E0,1.E0));
#3544=VECTOR('',#3543,1.500000000001E0);
#3545=CARTESIAN_POINT('',(1.685000086103E1,-3.289651890175E1,
-2.407526216636E0));
#3546=LINE('',#3545,#3544);
#3547=DIRECTION('',(0.E0,1.E0,0.E0));
#3548=VECTOR('',#3547,1.4E1);
#3549=CARTESIAN_POINT('',(-4.534999913897E1,-3.289651890175E1,
-9.075262166353E-1));
#3550=LINE('',#3549,#3548);
#3551=DIRECTION('',(0.E0,0.E0,1.E0));
#3552=VECTOR('',#3551,1.500000000001E0);
#3553=CARTESIAN_POINT('',(-4.534999913897E1,-3.289651890175E1,
-2.407526216636E0));
#3554=LINE('',#3553,#3552);
#3555=DIRECTION('',(-1.E0,0.E0,0.E0));
#3556=VECTOR('',#3555,1.4E1);
#3557=CARTESIAN_POINT('',(-4.534999913897E1,-1.889651890174E1,
-9.075262166353E-1));
#3558=LINE('',#3557,#3556);
#3559=DIRECTION('',(0.E0,0.E0,1.E0));
#3560=VECTOR('',#3559,1.500000000001E0);
#3561=CARTESIAN_POINT('',(-4.534999913897E1,-1.889651890174E1,
-2.407526216636E0));
#3562=LINE('',#3561,#3560);
#3563=DIRECTION('',(0.E0,-1.E0,0.E0));
#3564=VECTOR('',#3563,1.4E1);
#3565=CARTESIAN_POINT('',(-5.934999913897E1,-1.889651890174E1,
-9.075262166353E-1));
#3566=LINE('',#3565,#3564);
#3567=DIRECTION('',(0.E0,0.E0,1.E0));
#3568=VECTOR('',#3567,1.500000000001E0);
#3569=CARTESIAN_POINT('',(-5.934999913897E1,-1.889651890174E1,
-2.407526216636E0));
#3570=LINE('',#3569,#3568);
#3571=DIRECTION('',(1.E0,0.E0,0.E0));
#3572=VECTOR('',#3571,1.4E1);
#3573=CARTESIAN_POINT('',(-5.934999913897E1,-3.289651890175E1,
-9.075262166353E-1));
#3574=LINE('',#3573,#3572);
#3575=DIRECTION('',(0.E0,0.E0,1.E0));
#3576=VECTOR('',#3575,1.500000000001E0);
#3577=CARTESIAN_POINT('',(-5.934999913897E1,-3.289651890175E1,
-2.407526216636E0));
#3578=LINE('',#3577,#3576);
#3579=DIRECTION('',(0.E0,1.E0,0.E0));
#3580=VECTOR('',#3579,1.4E1);
#3581=CARTESIAN_POINT('',(-4.054999914008E1,5.203481098425E0,
-9.075262166354E-1));
#3582=LINE('',#3581,#3580);
#3583=DIRECTION('',(0.E0,0.E0,1.E0));
#3584=VECTOR('',#3583,1.5E0);
#3585=CARTESIAN_POINT('',(-4.054999914008E1,5.203481098424E0,
-2.407526216636E0));
#3586=LINE('',#3585,#3584);
#3587=DIRECTION('',(-1.E0,0.E0,0.E0));
#3588=VECTOR('',#3587,1.4E1);
#3589=CARTESIAN_POINT('',(-4.054999914008E1,1.920348109843E1,
-9.075262166354E-1));
#3590=LINE('',#3589,#3588);
#3591=DIRECTION('',(0.E0,0.E0,1.E0));
#3592=VECTOR('',#3591,1.5E0);
#3593=CARTESIAN_POINT('',(-4.054999914008E1,1.920348109843E1,
-2.407526216636E0));
#3594=LINE('',#3593,#3592);
#3595=DIRECTION('',(0.E0,-1.E0,0.E0));
#3596=VECTOR('',#3595,1.4E1);
#3597=CARTESIAN_POINT('',(-5.454999914008E1,1.920348109843E1,
-9.075262166354E-1));
#3598=LINE('',#3597,#3596);
#3599=DIRECTION('',(0.E0,0.E0,1.E0));
#3600=VECTOR('',#3599,1.5E0);
#3601=CARTESIAN_POINT('',(-5.454999914008E1,1.920348109843E1,
-2.407526216636E0));
#3602=LINE('',#3601,#3600);
#3603=DIRECTION('',(1.E0,0.E0,0.E0));
#3604=VECTOR('',#3603,1.4E1);
#3605=CARTESIAN_POINT('',(-5.454999914008E1,5.203481098425E0,
-9.075262166354E-1));
#3606=LINE('',#3605,#3604);
#3607=DIRECTION('',(0.E0,0.E0,1.E0));
#3608=VECTOR('',#3607,1.5E0);
#3609=CARTESIAN_POINT('',(-5.454999914008E1,5.203481098424E0,
-2.407526216636E0));
#3610=LINE('',#3609,#3608);
#3611=DIRECTION('',(0.E0,1.E0,0.E0));
#3612=VECTOR('',#3611,1.4E1);
#3613=CARTESIAN_POINT('',(4.040000086044E1,-5.194651890313E1,
-9.075262166352E-1));
#3614=LINE('',#3613,#3612);
#3615=DIRECTION('',(0.E0,0.E0,1.E0));
#3616=VECTOR('',#3615,1.500000000001E0);
#3617=CARTESIAN_POINT('',(4.040000086044E1,-5.194651890313E1,
-2.407526216636E0));
#3618=LINE('',#3617,#3616);
#3619=DIRECTION('',(-1.E0,0.E0,0.E0));
#3620=VECTOR('',#3619,1.4E1);
#3621=CARTESIAN_POINT('',(4.040000086044E1,-3.794651890312E1,
-9.075262166352E-1));
#3622=LINE('',#3621,#3620);
#3623=DIRECTION('',(0.E0,0.E0,1.E0));
#3624=VECTOR('',#3623,1.500000000001E0);
#3625=CARTESIAN_POINT('',(4.040000086044E1,-3.794651890312E1,
-2.407526216636E0));
#3626=LINE('',#3625,#3624);
#3627=DIRECTION('',(0.E0,-1.E0,0.E0));
#3628=VECTOR('',#3627,1.4E1);
#3629=CARTESIAN_POINT('',(2.640000086044E1,-3.794651890312E1,
-9.075262166352E-1));
#3630=LINE('',#3629,#3628);
#3631=DIRECTION('',(0.E0,0.E0,1.E0));
#3632=VECTOR('',#3631,1.500000000001E0);
#3633=CARTESIAN_POINT('',(2.640000086044E1,-3.794651890312E1,
-2.407526216636E0));
#3634=LINE('',#3633,#3632);
#3635=DIRECTION('',(1.E0,0.E0,0.E0));
#3636=VECTOR('',#3635,1.4E1);
#3637=CARTESIAN_POINT('',(2.640000086044E1,-5.194651890313E1,
-9.075262166352E-1));
#3638=LINE('',#3637,#3636);
#3639=DIRECTION('',(0.E0,0.E0,1.E0));
#3640=VECTOR('',#3639,1.500000000001E0);
#3641=CARTESIAN_POINT('',(2.640000086044E1,-5.194651890313E1,
-2.407526216636E0));
#3642=LINE('',#3641,#3640);
#3643=DIRECTION('',(0.E0,1.E0,0.E0));
#3644=VECTOR('',#3643,1.4E1);
#3645=CARTESIAN_POINT('',(-8.344999913897E1,-3.289651890175E1,
-9.075262166353E-1));
#3646=LINE('',#3645,#3644);
#3647=DIRECTION('',(0.E0,0.E0,1.E0));
#3648=VECTOR('',#3647,1.500000000001E0);
#3649=CARTESIAN_POINT('',(-8.344999913897E1,-3.289651890175E1,
-2.407526216636E0));
#3650=LINE('',#3649,#3648);
#3651=DIRECTION('',(-1.E0,0.E0,0.E0));
#3652=VECTOR('',#3651,1.4E1);
#3653=CARTESIAN_POINT('',(-8.344999913897E1,-1.889651890174E1,
-9.075262166353E-1));
#3654=LINE('',#3653,#3652);
#3655=DIRECTION('',(0.E0,0.E0,1.E0));
#3656=VECTOR('',#3655,1.500000000001E0);
#3657=CARTESIAN_POINT('',(-8.344999913897E1,-1.889651890174E1,
-2.407526216636E0));
#3658=LINE('',#3657,#3656);
#3659=DIRECTION('',(0.E0,-1.E0,0.E0));
#3660=VECTOR('',#3659,1.4E1);
#3661=CARTESIAN_POINT('',(-9.744999913897E1,-1.889651890174E1,
-9.075262166353E-1));
#3662=LINE('',#3661,#3660);
#3663=DIRECTION('',(0.E0,0.E0,1.E0));
#3664=VECTOR('',#3663,1.500000000001E0);
#3665=CARTESIAN_POINT('',(-9.744999913897E1,-1.889651890174E1,
-2.407526216636E0));
#3666=LINE('',#3665,#3664);
#3667=DIRECTION('',(1.E0,0.E0,0.E0));
#3668=VECTOR('',#3667,1.4E1);
#3669=CARTESIAN_POINT('',(-9.744999913897E1,-3.289651890175E1,
-9.075262166353E-1));
#3670=LINE('',#3669,#3668);
#3671=DIRECTION('',(0.E0,0.E0,1.E0));
#3672=VECTOR('',#3671,1.500000000001E0);
#3673=CARTESIAN_POINT('',(-9.744999913897E1,-3.289651890175E1,
-2.407526216636E0));
#3674=LINE('',#3673,#3672);
#3675=DIRECTION('',(0.E0,1.E0,0.E0));
#3676=VECTOR('',#3675,1.4E1);
#3677=CARTESIAN_POINT('',(-7.864999914008E1,5.203481098425E0,
-9.075262166354E-1));
#3678=LINE('',#3677,#3676);
#3679=DIRECTION('',(0.E0,0.E0,1.E0));
#3680=VECTOR('',#3679,1.5E0);
#3681=CARTESIAN_POINT('',(-7.864999914008E1,5.203481098424E0,
-2.407526216636E0));
#3682=LINE('',#3681,#3680);
#3683=DIRECTION('',(-1.E0,0.E0,0.E0));
#3684=VECTOR('',#3683,1.4E1);
#3685=CARTESIAN_POINT('',(-7.864999914008E1,1.920348109843E1,
-9.075262166354E-1));
#3686=LINE('',#3685,#3684);
#3687=DIRECTION('',(0.E0,0.E0,1.E0));
#3688=VECTOR('',#3687,1.5E0);
#3689=CARTESIAN_POINT('',(-7.864999914008E1,1.920348109843E1,
-2.407526216636E0));
#3690=LINE('',#3689,#3688);
#3691=DIRECTION('',(0.E0,-1.E0,0.E0));
#3692=VECTOR('',#3691,1.4E1);
#3693=CARTESIAN_POINT('',(-9.264999914008E1,1.920348109843E1,
-9.075262166354E-1));
#3694=LINE('',#3693,#3692);
#3695=DIRECTION('',(0.E0,0.E0,1.E0));
#3696=VECTOR('',#3695,1.5E0);
#3697=CARTESIAN_POINT('',(-9.264999914008E1,1.920348109843E1,
-2.407526216636E0));
#3698=LINE('',#3697,#3696);
#3699=DIRECTION('',(1.E0,0.E0,0.E0));
#3700=VECTOR('',#3699,1.4E1);
#3701=CARTESIAN_POINT('',(-9.264999914008E1,5.203481098425E0,
-9.075262166354E-1));
#3702=LINE('',#3701,#3700);
#3703=DIRECTION('',(0.E0,0.E0,1.E0));
#3704=VECTOR('',#3703,1.5E0);
#3705=CARTESIAN_POINT('',(-9.264999914008E1,5.203481098424E0,
-2.407526216636E0));
#3706=LINE('',#3705,#3704);
#3707=DIRECTION('',(0.E0,1.E0,0.E0));
#3708=VECTOR('',#3707,1.4E1);
#3709=CARTESIAN_POINT('',(5.470000085992E1,5.203481098425E0,
-9.075262166354E-1));
#3710=LINE('',#3709,#3708);
#3711=DIRECTION('',(0.E0,0.E0,1.E0));
#3712=VECTOR('',#3711,1.5E0);
#3713=CARTESIAN_POINT('',(5.470000085992E1,5.203481098424E0,-2.407526216636E0));
#3714=LINE('',#3713,#3712);
#3715=DIRECTION('',(-1.E0,0.E0,0.E0));
#3716=VECTOR('',#3715,1.4E1);
#3717=CARTESIAN_POINT('',(5.470000085992E1,1.920348109843E1,
-9.075262166354E-1));
#3718=LINE('',#3717,#3716);
#3719=DIRECTION('',(0.E0,0.E0,1.E0));
#3720=VECTOR('',#3719,1.5E0);
#3721=CARTESIAN_POINT('',(5.470000085992E1,1.920348109843E1,-2.407526216636E0));
#3722=LINE('',#3721,#3720);
#3723=DIRECTION('',(0.E0,-1.E0,0.E0));
#3724=VECTOR('',#3723,1.4E1);
#3725=CARTESIAN_POINT('',(4.070000085992E1,1.920348109843E1,
-9.075262166354E-1));
#3726=LINE('',#3725,#3724);
#3727=DIRECTION('',(0.E0,0.E0,1.E0));
#3728=VECTOR('',#3727,1.5E0);
#3729=CARTESIAN_POINT('',(4.070000085992E1,1.920348109843E1,-2.407526216636E0));
#3730=LINE('',#3729,#3728);
#3731=DIRECTION('',(1.E0,0.E0,0.E0));
#3732=VECTOR('',#3731,1.4E1);
#3733=CARTESIAN_POINT('',(4.070000085992E1,5.203481098425E0,
-9.075262166354E-1));
#3734=LINE('',#3733,#3732);
#3735=DIRECTION('',(0.E0,0.E0,1.E0));
#3736=VECTOR('',#3735,1.5E0);
#3737=CARTESIAN_POINT('',(4.070000085992E1,5.203481098424E0,-2.407526216636E0));
#3738=LINE('',#3737,#3736);
#3739=DIRECTION('',(0.E0,1.E0,0.E0));
#3740=VECTOR('',#3739,1.4E1);
#3741=CARTESIAN_POINT('',(2.135000086044E1,-5.194651890313E1,
-9.075262166352E-1));
#3742=LINE('',#3741,#3740);
#3743=DIRECTION('',(0.E0,0.E0,1.E0));
#3744=VECTOR('',#3743,1.500000000001E0);
#3745=CARTESIAN_POINT('',(2.135000086044E1,-5.194651890313E1,
-2.407526216636E0));
#3746=LINE('',#3745,#3744);
#3747=DIRECTION('',(-1.E0,0.E0,0.E0));
#3748=VECTOR('',#3747,1.4E1);
#3749=CARTESIAN_POINT('',(2.135000086044E1,-3.794651890312E1,
-9.075262166352E-1));
#3750=LINE('',#3749,#3748);
#3751=DIRECTION('',(0.E0,0.E0,1.E0));
#3752=VECTOR('',#3751,1.500000000001E0);
#3753=CARTESIAN_POINT('',(2.135000086044E1,-3.794651890312E1,
-2.407526216636E0));
#3754=LINE('',#3753,#3752);
#3755=DIRECTION('',(0.E0,-1.E0,0.E0));
#3756=VECTOR('',#3755,1.4E1);
#3757=CARTESIAN_POINT('',(7.350000860440E0,-3.794651890312E1,
-9.075262166352E-1));
#3758=LINE('',#3757,#3756);
#3759=DIRECTION('',(0.E0,0.E0,1.E0));
#3760=VECTOR('',#3759,1.500000000001E0);
#3761=CARTESIAN_POINT('',(7.350000860440E0,-3.794651890312E1,
-2.407526216636E0));
#3762=LINE('',#3761,#3760);
#3763=DIRECTION('',(1.E0,0.E0,0.E0));
#3764=VECTOR('',#3763,1.4E1);
#3765=CARTESIAN_POINT('',(7.350000860440E0,-5.194651890313E1,
-9.075262166352E-1));
#3766=LINE('',#3765,#3764);
#3767=DIRECTION('',(0.E0,0.E0,1.E0));
#3768=VECTOR('',#3767,1.500000000001E0);
#3769=CARTESIAN_POINT('',(7.350000860440E0,-5.194651890313E1,
-2.407526216636E0));
#3770=LINE('',#3769,#3768);
#3771=DIRECTION('',(0.E0,1.E0,0.E0));
#3772=VECTOR('',#3771,1.4E1);
#3773=CARTESIAN_POINT('',(-5.009999914108E1,-1.384651890171E1,
-9.075262166353E-1));
#3774=LINE('',#3773,#3772);
#3775=DIRECTION('',(0.E0,0.E0,1.E0));
#3776=VECTOR('',#3775,1.500000000001E0);
#3777=CARTESIAN_POINT('',(-5.009999914108E1,-1.384651890171E1,
-2.407526216636E0));
#3778=LINE('',#3777,#3776);
#3779=DIRECTION('',(-1.E0,0.E0,0.E0));
#3780=VECTOR('',#3779,1.4E1);
#3781=CARTESIAN_POINT('',(-5.009999914108E1,1.534810982963E-1,
-9.075262166353E-1));
#3782=LINE('',#3781,#3780);
#3783=DIRECTION('',(0.E0,0.E0,1.E0));
#3784=VECTOR('',#3783,1.500000000001E0);
#3785=CARTESIAN_POINT('',(-5.009999914108E1,1.534810982963E-1,
-2.407526216636E0));
#3786=LINE('',#3785,#3784);
#3787=DIRECTION('',(0.E0,-1.E0,0.E0));
#3788=VECTOR('',#3787,1.4E1);
#3789=CARTESIAN_POINT('',(-6.409999914108E1,1.534810982963E-1,
-9.075262166353E-1));
#3790=LINE('',#3789,#3788);
#3791=DIRECTION('',(0.E0,0.E0,1.E0));
#3792=VECTOR('',#3791,1.500000000001E0);
#3793=CARTESIAN_POINT('',(-6.409999914108E1,1.534810982963E-1,
-2.407526216636E0));
#3794=LINE('',#3793,#3792);
#3795=DIRECTION('',(1.E0,0.E0,0.E0));
#3796=VECTOR('',#3795,1.4E1);
#3797=CARTESIAN_POINT('',(-6.409999914108E1,-1.384651890171E1,
-9.075262166353E-1));
#3798=LINE('',#3797,#3796);
#3799=DIRECTION('',(0.E0,0.E0,1.E0));
#3800=VECTOR('',#3799,1.500000000001E0);
#3801=CARTESIAN_POINT('',(-6.409999914108E1,-1.384651890171E1,
-2.407526216636E0));
#3802=LINE('',#3801,#3800);
#3803=DIRECTION('',(0.E0,1.E0,0.E0));
#3804=VECTOR('',#3803,1.4E1);
#3805=CARTESIAN_POINT('',(-5.484999913956E1,-5.194651890313E1,
-9.075262166352E-1));
#3806=LINE('',#3805,#3804);
#3807=DIRECTION('',(0.E0,0.E0,1.E0));
#3808=VECTOR('',#3807,1.500000000001E0);
#3809=CARTESIAN_POINT('',(-5.484999913956E1,-5.194651890313E1,
-2.407526216636E0));
#3810=LINE('',#3809,#3808);
#3811=DIRECTION('',(-1.E0,0.E0,0.E0));
#3812=VECTOR('',#3811,1.4E1);
#3813=CARTESIAN_POINT('',(-5.484999913956E1,-3.794651890312E1,
-9.075262166352E-1));
#3814=LINE('',#3813,#3812);
#3815=DIRECTION('',(0.E0,0.E0,1.E0));
#3816=VECTOR('',#3815,1.500000000001E0);
#3817=CARTESIAN_POINT('',(-5.484999913956E1,-3.794651890312E1,
-2.407526216636E0));
#3818=LINE('',#3817,#3816);
#3819=DIRECTION('',(0.E0,-1.E0,0.E0));
#3820=VECTOR('',#3819,1.4E1);
#3821=CARTESIAN_POINT('',(-6.884999913956E1,-3.794651890312E1,
-9.075262166352E-1));
#3822=LINE('',#3821,#3820);
#3823=DIRECTION('',(0.E0,0.E0,1.E0));
#3824=VECTOR('',#3823,1.500000000001E0);
#3825=CARTESIAN_POINT('',(-6.884999913956E1,-3.794651890312E1,
-2.407526216636E0));
#3826=LINE('',#3825,#3824);
#3827=DIRECTION('',(1.E0,0.E0,0.E0));
#3828=VECTOR('',#3827,1.4E1);
#3829=CARTESIAN_POINT('',(-6.884999913956E1,-5.194651890313E1,
-9.075262166352E-1));
#3830=LINE('',#3829,#3828);
#3831=DIRECTION('',(0.E0,0.E0,1.E0));
#3832=VECTOR('',#3831,1.500000000001E0);
#3833=CARTESIAN_POINT('',(-6.884999913956E1,-5.194651890313E1,
-2.407526216636E0));
#3834=LINE('',#3833,#3832);
#3835=DIRECTION('',(0.E0,1.E0,0.E0));
#3836=VECTOR('',#3835,1.4E1);
#3837=CARTESIAN_POINT('',(-1.310499991407E2,-1.384651890159E1,
-9.075262166353E-1));
#3838=LINE('',#3837,#3836);
#3839=DIRECTION('',(0.E0,0.E0,1.E0));
#3840=VECTOR('',#3839,1.500000000001E0);
#3841=CARTESIAN_POINT('',(-1.310499991407E2,-1.384651890159E1,
-2.407526216636E0));
#3842=LINE('',#3841,#3840);
#3843=DIRECTION('',(-1.E0,0.E0,0.E0));
#3844=VECTOR('',#3843,1.4E1);
#3845=CARTESIAN_POINT('',(-1.310499991407E2,1.534810984163E-1,
-9.075262166353E-1));
#3846=LINE('',#3845,#3844);
#3847=DIRECTION('',(0.E0,0.E0,1.E0));
#3848=VECTOR('',#3847,1.500000000001E0);
#3849=CARTESIAN_POINT('',(-1.310499991407E2,1.534810984163E-1,
-2.407526216636E0));
#3850=LINE('',#3849,#3848);
#3851=DIRECTION('',(0.E0,-1.E0,0.E0));
#3852=VECTOR('',#3851,1.4E1);
#3853=CARTESIAN_POINT('',(-1.450499991407E2,1.534810984163E-1,
-9.075262166353E-1));
#3854=LINE('',#3853,#3852);
#3855=DIRECTION('',(0.E0,0.E0,1.E0));
#3856=VECTOR('',#3855,1.500000000001E0);
#3857=CARTESIAN_POINT('',(-1.450499991407E2,1.534810984163E-1,
-2.407526216636E0));
#3858=LINE('',#3857,#3856);
#3859=DIRECTION('',(1.E0,0.E0,0.E0));
#3860=VECTOR('',#3859,1.4E1);
#3861=CARTESIAN_POINT('',(-1.450499991407E2,-1.384651890159E1,
-9.075262166353E-1));
#3862=LINE('',#3861,#3860);
#3863=DIRECTION('',(0.E0,0.E0,1.E0));
#3864=VECTOR('',#3863,1.500000000001E0);
#3865=CARTESIAN_POINT('',(-1.450499991407E2,-1.384651890159E1,
-2.407526216636E0));
#3866=LINE('',#3865,#3864);
#3867=DIRECTION('',(0.E0,1.E0,0.E0));
#3868=VECTOR('',#3867,1.4E1);
#3869=CARTESIAN_POINT('',(1.307500008604E2,-5.194651890313E1,
-9.075262166352E-1));
#3870=LINE('',#3869,#3868);
#3871=DIRECTION('',(0.E0,0.E0,1.E0));
#3872=VECTOR('',#3871,1.500000000001E0);
#3873=CARTESIAN_POINT('',(1.307500008604E2,-5.194651890313E1,
-2.407526216636E0));
#3874=LINE('',#3873,#3872);
#3875=DIRECTION('',(-1.E0,0.E0,0.E0));
#3876=VECTOR('',#3875,1.4E1);
#3877=CARTESIAN_POINT('',(1.307500008604E2,-3.794651890312E1,
-9.075262166352E-1));
#3878=LINE('',#3877,#3876);
#3879=DIRECTION('',(0.E0,0.E0,1.E0));
#3880=VECTOR('',#3879,1.500000000001E0);
#3881=CARTESIAN_POINT('',(1.307500008604E2,-3.794651890312E1,
-2.407526216636E0));
#3882=LINE('',#3881,#3880);
#3883=DIRECTION('',(0.E0,-1.E0,0.E0));
#3884=VECTOR('',#3883,1.4E1);
#3885=CARTESIAN_POINT('',(1.167500008604E2,-3.794651890312E1,
-9.075262166352E-1));
#3886=LINE('',#3885,#3884);
#3887=DIRECTION('',(0.E0,0.E0,1.E0));
#3888=VECTOR('',#3887,1.500000000001E0);
#3889=CARTESIAN_POINT('',(1.167500008604E2,-3.794651890312E1,
-2.407526216636E0));
#3890=LINE('',#3889,#3888);
#3891=DIRECTION('',(1.E0,0.E0,0.E0));
#3892=VECTOR('',#3891,1.4E1);
#3893=CARTESIAN_POINT('',(1.167500008604E2,-5.194651890313E1,
-9.075262166352E-1));
#3894=LINE('',#3893,#3892);
#3895=DIRECTION('',(0.E0,0.E0,1.E0));
#3896=VECTOR('',#3895,1.500000000001E0);
#3897=CARTESIAN_POINT('',(1.167500008604E2,-5.194651890313E1,
-2.407526216636E0));
#3898=LINE('',#3897,#3896);
#3899=DIRECTION('',(0.E0,1.E0,0.E0));
#3900=VECTOR('',#3899,1.4E1);
#3901=CARTESIAN_POINT('',(-5.003749927508E1,2.905348109842E1,
-9.075262166354E-1));
#3902=LINE('',#3901,#3900);
#3903=DIRECTION('',(0.E0,0.E0,1.E0));
#3904=VECTOR('',#3903,1.5E0);
#3905=CARTESIAN_POINT('',(-5.003749927508E1,2.905348109842E1,
-2.407526216636E0));
#3906=LINE('',#3905,#3904);
#3907=DIRECTION('',(-1.E0,0.E0,0.E0));
#3908=VECTOR('',#3907,1.4E1);
#3909=CARTESIAN_POINT('',(-5.003749927508E1,4.305348109843E1,
-9.075262166354E-1));
#3910=LINE('',#3909,#3908);
#3911=DIRECTION('',(0.E0,0.E0,1.E0));
#3912=VECTOR('',#3911,1.5E0);
#3913=CARTESIAN_POINT('',(-5.003749927508E1,4.305348109843E1,
-2.407526216636E0));
#3914=LINE('',#3913,#3912);
#3915=DIRECTION('',(0.E0,-1.E0,0.E0));
#3916=VECTOR('',#3915,1.4E1);
#3917=CARTESIAN_POINT('',(-6.403749927508E1,4.305348109843E1,
-9.075262166354E-1));
#3918=LINE('',#3917,#3916);
#3919=DIRECTION('',(0.E0,0.E0,1.E0));
#3920=VECTOR('',#3919,1.5E0);
#3921=CARTESIAN_POINT('',(-6.403749927508E1,4.305348109843E1,
-2.407526216636E0));
#3922=LINE('',#3921,#3920);
#3923=DIRECTION('',(1.E0,0.E0,0.E0));
#3924=VECTOR('',#3923,1.4E1);
#3925=CARTESIAN_POINT('',(-6.403749927508E1,2.905348109842E1,
-9.075262166354E-1));
#3926=LINE('',#3925,#3924);
#3927=DIRECTION('',(0.E0,0.E0,1.E0));
#3928=VECTOR('',#3927,1.5E0);
#3929=CARTESIAN_POINT('',(-6.403749927508E1,2.905348109842E1,
-2.407526216636E0));
#3930=LINE('',#3929,#3928);
#3931=DIRECTION('',(0.E0,1.E0,0.E0));
#3932=VECTOR('',#3931,1.4E1);
#3933=CARTESIAN_POINT('',(9.280000085992E1,5.203481098425E0,
-9.075262166354E-1));
#3934=LINE('',#3933,#3932);
#3935=DIRECTION('',(0.E0,0.E0,1.E0));
#3936=VECTOR('',#3935,1.5E0);
#3937=CARTESIAN_POINT('',(9.280000085992E1,5.203481098424E0,-2.407526216636E0));
#3938=LINE('',#3937,#3936);
#3939=DIRECTION('',(-1.E0,0.E0,0.E0));
#3940=VECTOR('',#3939,1.4E1);
#3941=CARTESIAN_POINT('',(9.280000085992E1,1.920348109843E1,
-9.075262166354E-1));
#3942=LINE('',#3941,#3940);
#3943=DIRECTION('',(0.E0,0.E0,1.E0));
#3944=VECTOR('',#3943,1.5E0);
#3945=CARTESIAN_POINT('',(9.280000085992E1,1.920348109843E1,-2.407526216636E0));
#3946=LINE('',#3945,#3944);
#3947=DIRECTION('',(0.E0,-1.E0,0.E0));
#3948=VECTOR('',#3947,1.4E1);
#3949=CARTESIAN_POINT('',(7.880000085992E1,1.920348109843E1,
-9.075262166354E-1));
#3950=LINE('',#3949,#3948);
#3951=DIRECTION('',(0.E0,0.E0,1.E0));
#3952=VECTOR('',#3951,1.5E0);
#3953=CARTESIAN_POINT('',(7.880000085992E1,1.920348109843E1,-2.407526216636E0));
#3954=LINE('',#3953,#3952);
#3955=DIRECTION('',(1.E0,0.E0,0.E0));
#3956=VECTOR('',#3955,1.4E1);
#3957=CARTESIAN_POINT('',(7.880000085992E1,5.203481098425E0,
-9.075262166354E-1));
#3958=LINE('',#3957,#3956);
#3959=DIRECTION('',(0.E0,0.E0,1.E0));
#3960=VECTOR('',#3959,1.5E0);
#3961=CARTESIAN_POINT('',(7.880000085992E1,5.203481098424E0,-2.407526216636E0));
#3962=LINE('',#3961,#3960);
#3963=DIRECTION('',(0.E0,1.E0,0.E0));
#3964=VECTOR('',#3963,1.4E1);
#3965=CARTESIAN_POINT('',(6.420000085892E1,-1.384651890171E1,
-9.075262166353E-1));
#3966=LINE('',#3965,#3964);
#3967=DIRECTION('',(0.E0,0.E0,1.E0));
#3968=VECTOR('',#3967,1.500000000001E0);
#3969=CARTESIAN_POINT('',(6.420000085892E1,-1.384651890171E1,
-2.407526216636E0));
#3970=LINE('',#3969,#3968);
#3971=DIRECTION('',(-1.E0,0.E0,0.E0));
#3972=VECTOR('',#3971,1.4E1);
#3973=CARTESIAN_POINT('',(6.420000085892E1,1.534810982963E-1,
-9.075262166353E-1));
#3974=LINE('',#3973,#3972);
#3975=DIRECTION('',(0.E0,0.E0,1.E0));
#3976=VECTOR('',#3975,1.500000000001E0);
#3977=CARTESIAN_POINT('',(6.420000085892E1,1.534810982963E-1,
-2.407526216636E0));
#3978=LINE('',#3977,#3976);
#3979=DIRECTION('',(0.E0,-1.E0,0.E0));
#3980=VECTOR('',#3979,1.4E1);
#3981=CARTESIAN_POINT('',(5.020000085892E1,1.534810982963E-1,
-9.075262166353E-1));
#3982=LINE('',#3981,#3980);
#3983=DIRECTION('',(0.E0,0.E0,1.E0));
#3984=VECTOR('',#3983,1.500000000001E0);
#3985=CARTESIAN_POINT('',(5.020000085892E1,1.534810982963E-1,
-2.407526216636E0));
#3986=LINE('',#3985,#3984);
#3987=DIRECTION('',(1.E0,0.E0,0.E0));
#3988=VECTOR('',#3987,1.4E1);
#3989=CARTESIAN_POINT('',(5.020000085892E1,-1.384651890171E1,
-9.075262166353E-1));
#3990=LINE('',#3989,#3988);
#3991=DIRECTION('',(0.E0,0.E0,1.E0));
#3992=VECTOR('',#3991,1.500000000001E0);
#3993=CARTESIAN_POINT('',(5.020000085892E1,-1.384651890171E1,
-2.407526216636E0));
#3994=LINE('',#3993,#3992);
#3995=DIRECTION('',(0.E0,1.E0,0.E0));
#3996=VECTOR('',#3995,1.4E1);
#3997=CARTESIAN_POINT('',(-7.249999138970E0,-3.289651890175E1,
-9.075262166353E-1));
#3998=LINE('',#3997,#3996);
#3999=DIRECTION('',(0.E0,0.E0,1.E0));
#4000=VECTOR('',#3999,1.500000000001E0);
#4001=CARTESIAN_POINT('',(-7.249999138970E0,-3.289651890175E1,
-2.407526216636E0));
#4002=LINE('',#4001,#4000);
#4003=DIRECTION('',(-1.E0,0.E0,0.E0));
#4004=VECTOR('',#4003,1.4E1);
#4005=CARTESIAN_POINT('',(-7.249999138970E0,-1.889651890174E1,
-9.075262166353E-1));
#4006=LINE('',#4005,#4004);
#4007=DIRECTION('',(0.E0,0.E0,1.E0));
#4008=VECTOR('',#4007,1.500000000001E0);
#4009=CARTESIAN_POINT('',(-7.249999138970E0,-1.889651890174E1,
-2.407526216636E0));
#4010=LINE('',#4009,#4008);
#4011=DIRECTION('',(0.E0,-1.E0,0.E0));
#4012=VECTOR('',#4011,1.4E1);
#4013=CARTESIAN_POINT('',(-2.124999913897E1,-1.889651890174E1,
-9.075262166353E-1));
#4014=LINE('',#4013,#4012);
#4015=DIRECTION('',(0.E0,0.E0,1.E0));
#4016=VECTOR('',#4015,1.500000000001E0);
#4017=CARTESIAN_POINT('',(-2.124999913897E1,-1.889651890174E1,
-2.407526216636E0));
#4018=LINE('',#4017,#4016);
#4019=DIRECTION('',(1.E0,0.E0,0.E0));
#4020=VECTOR('',#4019,1.4E1);
#4021=CARTESIAN_POINT('',(-2.124999913897E1,-3.289651890175E1,
-9.075262166353E-1));
#4022=LINE('',#4021,#4020);
#4023=DIRECTION('',(0.E0,0.E0,1.E0));
#4024=VECTOR('',#4023,1.500000000001E0);
#4025=CARTESIAN_POINT('',(-2.124999913897E1,-3.289651890175E1,
-2.407526216636E0));
#4026=LINE('',#4025,#4024);
#4027=DIRECTION('',(0.E0,1.E0,0.E0));
#4028=VECTOR('',#4027,1.4E1);
#4029=CARTESIAN_POINT('',(6.895000086103E1,-3.289651890175E1,
-9.075262166353E-1));
#4030=LINE('',#4029,#4028);
#4031=DIRECTION('',(0.E0,0.E0,1.E0));
#4032=VECTOR('',#4031,1.500000000001E0);
#4033=CARTESIAN_POINT('',(6.895000086103E1,-3.289651890175E1,
-2.407526216636E0));
#4034=LINE('',#4033,#4032);
#4035=DIRECTION('',(-1.E0,0.E0,0.E0));
#4036=VECTOR('',#4035,1.4E1);
#4037=CARTESIAN_POINT('',(6.895000086103E1,-1.889651890174E1,
-9.075262166353E-1));
#4038=LINE('',#4037,#4036);
#4039=DIRECTION('',(0.E0,0.E0,1.E0));
#4040=VECTOR('',#4039,1.500000000001E0);
#4041=CARTESIAN_POINT('',(6.895000086103E1,-1.889651890174E1,
-2.407526216636E0));
#4042=LINE('',#4041,#4040);
#4043=DIRECTION('',(0.E0,-1.E0,0.E0));
#4044=VECTOR('',#4043,1.4E1);
#4045=CARTESIAN_POINT('',(5.495000086103E1,-1.889651890174E1,
-9.075262166353E-1));
#4046=LINE('',#4045,#4044);
#4047=DIRECTION('',(0.E0,0.E0,1.E0));
#4048=VECTOR('',#4047,1.500000000001E0);
#4049=CARTESIAN_POINT('',(5.495000086103E1,-1.889651890174E1,
-2.407526216636E0));
#4050=LINE('',#4049,#4048);
#4051=DIRECTION('',(1.E0,0.E0,0.E0));
#4052=VECTOR('',#4051,1.4E1);
#4053=CARTESIAN_POINT('',(5.495000086103E1,-3.289651890175E1,
-9.075262166353E-1));
#4054=LINE('',#4053,#4052);
#4055=DIRECTION('',(0.E0,0.E0,1.E0));
#4056=VECTOR('',#4055,1.500000000001E0);
#4057=CARTESIAN_POINT('',(5.495000086103E1,-3.289651890175E1,
-2.407526216636E0));
#4058=LINE('',#4057,#4056);
#4059=DIRECTION('',(0.E0,1.E0,0.E0));
#4060=VECTOR('',#4059,1.4E1);
#4061=CARTESIAN_POINT('',(-1.167499991401E2,5.203481098425E0,
-9.075262166354E-1));
#4062=LINE('',#4061,#4060);
#4063=DIRECTION('',(0.E0,0.E0,1.E0));
#4064=VECTOR('',#4063,1.5E0);
#4065=CARTESIAN_POINT('',(-1.167499991401E2,5.203481098424E0,
-2.407526216636E0));
#4066=LINE('',#4065,#4064);
#4067=DIRECTION('',(-1.E0,0.E0,0.E0));
#4068=VECTOR('',#4067,1.4E1);
#4069=CARTESIAN_POINT('',(-1.167499991401E2,1.920348109843E1,
-9.075262166354E-1));
#4070=LINE('',#4069,#4068);
#4071=DIRECTION('',(0.E0,0.E0,1.E0));
#4072=VECTOR('',#4071,1.5E0);
#4073=CARTESIAN_POINT('',(-1.167499991401E2,1.920348109843E1,
-2.407526216636E0));
#4074=LINE('',#4073,#4072);
#4075=DIRECTION('',(0.E0,-1.E0,0.E0));
#4076=VECTOR('',#4075,1.4E1);
#4077=CARTESIAN_POINT('',(-1.307499991401E2,1.920348109843E1,
-9.075262166354E-1));
#4078=LINE('',#4077,#4076);
#4079=DIRECTION('',(0.E0,0.E0,1.E0));
#4080=VECTOR('',#4079,1.5E0);
#4081=CARTESIAN_POINT('',(-1.307499991401E2,1.920348109843E1,
-2.407526216636E0));
#4082=LINE('',#4081,#4080);
#4083=DIRECTION('',(1.E0,0.E0,0.E0));
#4084=VECTOR('',#4083,1.4E1);
#4085=CARTESIAN_POINT('',(-1.307499991401E2,5.203481098425E0,
-9.075262166354E-1));
#4086=LINE('',#4085,#4084);
#4087=DIRECTION('',(0.E0,0.E0,1.E0));
#4088=VECTOR('',#4087,1.5E0);
#4089=CARTESIAN_POINT('',(-1.307499991401E2,5.203481098424E0,
-2.407526216636E0));
#4090=LINE('',#4089,#4088);
#4091=DIRECTION('',(0.E0,1.E0,0.E0));
#4092=VECTOR('',#4091,1.4E1);
#4093=CARTESIAN_POINT('',(7.850000086044E1,-5.194651890313E1,
-9.075262166352E-1));
#4094=LINE('',#4093,#4092);
#4095=DIRECTION('',(0.E0,0.E0,1.E0));
#4096=VECTOR('',#4095,1.500000000001E0);
#4097=CARTESIAN_POINT('',(7.850000086044E1,-5.194651890313E1,
-2.407526216636E0));
#4098=LINE('',#4097,#4096);
#4099=DIRECTION('',(-1.E0,0.E0,0.E0));
#4100=VECTOR('',#4099,1.4E1);
#4101=CARTESIAN_POINT('',(7.850000086044E1,-3.794651890312E1,
-9.075262166352E-1));
#4102=LINE('',#4101,#4100);
#4103=DIRECTION('',(0.E0,0.E0,1.E0));
#4104=VECTOR('',#4103,1.500000000001E0);
#4105=CARTESIAN_POINT('',(7.850000086044E1,-3.794651890312E1,
-2.407526216636E0));
#4106=LINE('',#4105,#4104);
#4107=DIRECTION('',(0.E0,-1.E0,0.E0));
#4108=VECTOR('',#4107,1.4E1);
#4109=CARTESIAN_POINT('',(6.450000086044E1,-3.794651890312E1,
-9.075262166352E-1));
#4110=LINE('',#4109,#4108);
#4111=DIRECTION('',(0.E0,0.E0,1.E0));
#4112=VECTOR('',#4111,1.500000000001E0);
#4113=CARTESIAN_POINT('',(6.450000086044E1,-3.794651890312E1,
-2.407526216636E0));
#4114=LINE('',#4113,#4112);
#4115=DIRECTION('',(1.E0,0.E0,0.E0));
#4116=VECTOR('',#4115,1.4E1);
#4117=CARTESIAN_POINT('',(6.450000086044E1,-5.194651890313E1,
-9.075262166352E-1));
#4118=LINE('',#4117,#4116);
#4119=DIRECTION('',(0.E0,0.E0,1.E0));
#4120=VECTOR('',#4119,1.500000000001E0);
#4121=CARTESIAN_POINT('',(6.450000086044E1,-5.194651890313E1,
-2.407526216636E0));
#4122=LINE('',#4121,#4120);
#4123=DIRECTION('',(0.E0,1.E0,0.E0));
#4124=VECTOR('',#4123,1.4E1);
#4125=CARTESIAN_POINT('',(8.800000086103E1,-3.289651890175E1,
-9.075262166353E-1));
#4126=LINE('',#4125,#4124);
#4127=DIRECTION('',(0.E0,0.E0,1.E0));
#4128=VECTOR('',#4127,1.500000000001E0);
#4129=CARTESIAN_POINT('',(8.800000086103E1,-3.289651890175E1,
-2.407526216636E0));
#4130=LINE('',#4129,#4128);
#4131=DIRECTION('',(-1.E0,0.E0,0.E0));
#4132=VECTOR('',#4131,1.4E1);
#4133=CARTESIAN_POINT('',(8.800000086103E1,-1.889651890174E1,
-9.075262166353E-1));
#4134=LINE('',#4133,#4132);
#4135=DIRECTION('',(0.E0,0.E0,1.E0));
#4136=VECTOR('',#4135,1.500000000001E0);
#4137=CARTESIAN_POINT('',(8.800000086103E1,-1.889651890174E1,
-2.407526216636E0));
#4138=LINE('',#4137,#4136);
#4139=DIRECTION('',(0.E0,-1.E0,0.E0));
#4140=VECTOR('',#4139,1.4E1);
#4141=CARTESIAN_POINT('',(7.400000086103E1,-1.889651890174E1,
-9.075262166353E-1));
#4142=LINE('',#4141,#4140);
#4143=DIRECTION('',(0.E0,0.E0,1.E0));
#4144=VECTOR('',#4143,1.500000000001E0);
#4145=CARTESIAN_POINT('',(7.400000086103E1,-1.889651890174E1,
-2.407526216636E0));
#4146=LINE('',#4145,#4144);
#4147=DIRECTION('',(1.E0,0.E0,0.E0));
#4148=VECTOR('',#4147,1.4E1);
#4149=CARTESIAN_POINT('',(7.400000086103E1,-3.289651890175E1,
-9.075262166353E-1));
#4150=LINE('',#4149,#4148);
#4151=DIRECTION('',(0.E0,0.E0,1.E0));
#4152=VECTOR('',#4151,1.500000000001E0);
#4153=CARTESIAN_POINT('',(7.400000086103E1,-3.289651890175E1,
-2.407526216636E0));
#4154=LINE('',#4153,#4152);
#4155=DIRECTION('',(0.E0,1.E0,0.E0));
#4156=VECTOR('',#4155,1.4E1);
#4157=CARTESIAN_POINT('',(-1.674999913956E1,-5.194651890313E1,
-9.075262166352E-1));
#4158=LINE('',#4157,#4156);
#4159=DIRECTION('',(0.E0,0.E0,1.E0));
#4160=VECTOR('',#4159,1.500000000001E0);
#4161=CARTESIAN_POINT('',(-1.674999913956E1,-5.194651890313E1,
-2.407526216636E0));
#4162=LINE('',#4161,#4160);
#4163=DIRECTION('',(-1.E0,0.E0,0.E0));
#4164=VECTOR('',#4163,1.4E1);
#4165=CARTESIAN_POINT('',(-1.674999913956E1,-3.794651890312E1,
-9.075262166352E-1));
#4166=LINE('',#4165,#4164);
#4167=DIRECTION('',(0.E0,0.E0,1.E0));
#4168=VECTOR('',#4167,1.500000000001E0);
#4169=CARTESIAN_POINT('',(-1.674999913956E1,-3.794651890312E1,
-2.407526216636E0));
#4170=LINE('',#4169,#4168);
#4171=DIRECTION('',(0.E0,-1.E0,0.E0));
#4172=VECTOR('',#4171,1.4E1);
#4173=CARTESIAN_POINT('',(-3.074999913956E1,-3.794651890312E1,
-9.075262166352E-1));
#4174=LINE('',#4173,#4172);
#4175=DIRECTION('',(0.E0,0.E0,1.E0));
#4176=VECTOR('',#4175,1.500000000001E0);
#4177=CARTESIAN_POINT('',(-3.074999913956E1,-3.794651890312E1,
-2.407526216636E0));
#4178=LINE('',#4177,#4176);
#4179=DIRECTION('',(1.E0,0.E0,0.E0));
#4180=VECTOR('',#4179,1.4E1);
#4181=CARTESIAN_POINT('',(-3.074999913956E1,-5.194651890313E1,
-9.075262166352E-1));
#4182=LINE('',#4181,#4180);
#4183=DIRECTION('',(0.E0,0.E0,1.E0));
#4184=VECTOR('',#4183,1.500000000001E0);
#4185=CARTESIAN_POINT('',(-3.074999913956E1,-5.194651890313E1,
-2.407526216636E0));
#4186=LINE('',#4185,#4184);
#4187=DIRECTION('',(0.E0,1.E0,0.E0));
#4188=VECTOR('',#4187,1.4E1);
#4189=CARTESIAN_POINT('',(1.498000008329E2,2.905348109842E1,
-9.075262166354E-1));
#4190=LINE('',#4189,#4188);
#4191=DIRECTION('',(0.E0,0.E0,1.E0));
#4192=VECTOR('',#4191,1.5E0);
#4193=CARTESIAN_POINT('',(1.498000008329E2,2.905348109842E1,-2.407526216636E0));
#4194=LINE('',#4193,#4192);
#4195=DIRECTION('',(-1.E0,0.E0,0.E0));
#4196=VECTOR('',#4195,1.4E1);
#4197=CARTESIAN_POINT('',(1.498000008329E2,4.305348109843E1,
-9.075262166354E-1));
#4198=LINE('',#4197,#4196);
#4199=DIRECTION('',(0.E0,0.E0,1.E0));
#4200=VECTOR('',#4199,1.5E0);
#4201=CARTESIAN_POINT('',(1.498000008329E2,4.305348109843E1,-2.407526216636E0));
#4202=LINE('',#4201,#4200);
#4203=DIRECTION('',(0.E0,-1.E0,0.E0));
#4204=VECTOR('',#4203,1.4E1);
#4205=CARTESIAN_POINT('',(1.358000008329E2,4.305348109843E1,
-9.075262166354E-1));
#4206=LINE('',#4205,#4204);
#4207=DIRECTION('',(0.E0,0.E0,1.E0));
#4208=VECTOR('',#4207,1.5E0);
#4209=CARTESIAN_POINT('',(1.358000008329E2,4.305348109843E1,-2.407526216636E0));
#4210=LINE('',#4209,#4208);
#4211=DIRECTION('',(1.E0,0.E0,0.E0));
#4212=VECTOR('',#4211,1.4E1);
#4213=CARTESIAN_POINT('',(1.358000008329E2,2.905348109842E1,
-9.075262166354E-1));
#4214=LINE('',#4213,#4212);
#4215=DIRECTION('',(0.E0,0.E0,1.E0));
#4216=VECTOR('',#4215,1.5E0);
#4217=CARTESIAN_POINT('',(1.358000008329E2,2.905348109842E1,-2.407526216636E0));
#4218=LINE('',#4217,#4216);
#4219=DIRECTION('',(0.E0,1.E0,0.E0));
#4220=VECTOR('',#4219,1.4E1);
#4221=CARTESIAN_POINT('',(-2.629999913897E1,-3.289651890175E1,
-9.075262166353E-1));
#4222=LINE('',#4221,#4220);
#4223=DIRECTION('',(0.E0,0.E0,1.E0));
#4224=VECTOR('',#4223,1.500000000001E0);
#4225=CARTESIAN_POINT('',(-2.629999913897E1,-3.289651890175E1,
-2.407526216636E0));
#4226=LINE('',#4225,#4224);
#4227=DIRECTION('',(-1.E0,0.E0,0.E0));
#4228=VECTOR('',#4227,1.4E1);
#4229=CARTESIAN_POINT('',(-2.629999913897E1,-1.889651890174E1,
-9.075262166353E-1));
#4230=LINE('',#4229,#4228);
#4231=DIRECTION('',(0.E0,0.E0,1.E0));
#4232=VECTOR('',#4231,1.500000000001E0);
#4233=CARTESIAN_POINT('',(-2.629999913897E1,-1.889651890174E1,
-2.407526216636E0));
#4234=LINE('',#4233,#4232);
#4235=DIRECTION('',(0.E0,-1.E0,0.E0));
#4236=VECTOR('',#4235,1.4E1);
#4237=CARTESIAN_POINT('',(-4.029999913897E1,-1.889651890174E1,
-9.075262166353E-1));
#4238=LINE('',#4237,#4236);
#4239=DIRECTION('',(0.E0,0.E0,1.E0));
#4240=VECTOR('',#4239,1.500000000001E0);
#4241=CARTESIAN_POINT('',(-4.029999913897E1,-1.889651890174E1,
-2.407526216636E0));
#4242=LINE('',#4241,#4240);
#4243=DIRECTION('',(1.E0,0.E0,0.E0));
#4244=VECTOR('',#4243,1.4E1);
#4245=CARTESIAN_POINT('',(-4.029999913897E1,-3.289651890175E1,
-9.075262166353E-1));
#4246=LINE('',#4245,#4244);
#4247=DIRECTION('',(0.E0,0.E0,1.E0));
#4248=VECTOR('',#4247,1.500000000001E0);
#4249=CARTESIAN_POINT('',(-4.029999913897E1,-3.289651890175E1,
-2.407526216636E0));
#4250=LINE('',#4249,#4248);
#4251=DIRECTION('',(0.E0,1.E0,0.E0));
#4252=VECTOR('',#4251,1.4E1);
#4253=CARTESIAN_POINT('',(1.667500073292E1,2.905348109842E1,
-9.075262166354E-1));
#4254=LINE('',#4253,#4252);
#4255=DIRECTION('',(0.E0,0.E0,1.E0));
#4256=VECTOR('',#4255,1.5E0);
#4257=CARTESIAN_POINT('',(1.667500073292E1,2.905348109842E1,-2.407526216636E0));
#4258=LINE('',#4257,#4256);
#4259=DIRECTION('',(-1.E0,0.E0,0.E0));
#4260=VECTOR('',#4259,1.4E1);
#4261=CARTESIAN_POINT('',(1.667500073292E1,4.305348109843E1,
-9.075262166354E-1));
#4262=LINE('',#4261,#4260);
#4263=DIRECTION('',(0.E0,0.E0,1.E0));
#4264=VECTOR('',#4263,1.5E0);
#4265=CARTESIAN_POINT('',(1.667500073292E1,4.305348109843E1,-2.407526216636E0));
#4266=LINE('',#4265,#4264);
#4267=DIRECTION('',(0.E0,-1.E0,0.E0));
#4268=VECTOR('',#4267,1.4E1);
#4269=CARTESIAN_POINT('',(2.675000732917E0,4.305348109843E1,
-9.075262166354E-1));
#4270=LINE('',#4269,#4268);
#4271=DIRECTION('',(0.E0,0.E0,1.E0));
#4272=VECTOR('',#4271,1.5E0);
#4273=CARTESIAN_POINT('',(2.675000732917E0,4.305348109843E1,-2.407526216636E0));
#4274=LINE('',#4273,#4272);
#4275=DIRECTION('',(1.E0,0.E0,0.E0));
#4276=VECTOR('',#4275,1.4E1);
#4277=CARTESIAN_POINT('',(2.675000732917E0,2.905348109842E1,
-9.075262166354E-1));
#4278=LINE('',#4277,#4276);
#4279=DIRECTION('',(0.E0,0.E0,1.E0));
#4280=VECTOR('',#4279,1.5E0);
#4281=CARTESIAN_POINT('',(2.675000732917E0,2.905348109842E1,-2.407526216636E0));
#4282=LINE('',#4281,#4280);
#4283=DIRECTION('',(0.E0,1.E0,0.E0));
#4284=VECTOR('',#4283,1.4E1);
#4285=CARTESIAN_POINT('',(1.023000008589E2,-1.384651890171E1,
-9.075262166353E-1));
#4286=LINE('',#4285,#4284);
#4287=DIRECTION('',(0.E0,0.E0,1.E0));
#4288=VECTOR('',#4287,1.500000000001E0);
#4289=CARTESIAN_POINT('',(1.023000008589E2,-1.384651890171E1,
-2.407526216636E0));
#4290=LINE('',#4289,#4288);
#4291=DIRECTION('',(-1.E0,0.E0,0.E0));
#4292=VECTOR('',#4291,1.4E1);
#4293=CARTESIAN_POINT('',(1.023000008589E2,1.534810982963E-1,
-9.075262166353E-1));
#4294=LINE('',#4293,#4292);
#4295=DIRECTION('',(0.E0,0.E0,1.E0));
#4296=VECTOR('',#4295,1.500000000001E0);
#4297=CARTESIAN_POINT('',(1.023000008589E2,1.534810982963E-1,
-2.407526216636E0));
#4298=LINE('',#4297,#4296);
#4299=DIRECTION('',(0.E0,-1.E0,0.E0));
#4300=VECTOR('',#4299,1.4E1);
#4301=CARTESIAN_POINT('',(8.830000085892E1,1.534810982963E-1,
-9.075262166353E-1));
#4302=LINE('',#4301,#4300);
#4303=DIRECTION('',(0.E0,0.E0,1.E0));
#4304=VECTOR('',#4303,1.500000000001E0);
#4305=CARTESIAN_POINT('',(8.830000085892E1,1.534810982963E-1,
-2.407526216636E0));
#4306=LINE('',#4305,#4304);
#4307=DIRECTION('',(1.E0,0.E0,0.E0));
#4308=VECTOR('',#4307,1.4E1);
#4309=CARTESIAN_POINT('',(8.830000085892E1,-1.384651890171E1,
-9.075262166353E-1));
#4310=LINE('',#4309,#4308);
#4311=DIRECTION('',(0.E0,0.E0,1.E0));
#4312=VECTOR('',#4311,1.500000000001E0);
#4313=CARTESIAN_POINT('',(8.830000085892E1,-1.384651890171E1,
-2.407526216636E0));
#4314=LINE('',#4313,#4312);
#4315=DIRECTION('',(0.E0,1.E0,0.E0));
#4316=VECTOR('',#4315,1.4E1);
#4317=CARTESIAN_POINT('',(1.498000008340E2,-3.289651890175E1,
-9.075262166353E-1));
#4318=LINE('',#4317,#4316);
#4319=DIRECTION('',(0.E0,0.E0,1.E0));
#4320=VECTOR('',#4319,1.500000000001E0);
#4321=CARTESIAN_POINT('',(1.498000008340E2,-3.289651890175E1,
-2.407526216636E0));
#4322=LINE('',#4321,#4320);
#4323=DIRECTION('',(-1.E0,0.E0,0.E0));
#4324=VECTOR('',#4323,1.4E1);
#4325=CARTESIAN_POINT('',(1.498000008340E2,-1.889651890174E1,
-9.075262166353E-1));
#4326=LINE('',#4325,#4324);
#4327=DIRECTION('',(0.E0,0.E0,1.E0));
#4328=VECTOR('',#4327,1.500000000001E0);
#4329=CARTESIAN_POINT('',(1.498000008340E2,-1.889651890174E1,
-2.407526216636E0));
#4330=LINE('',#4329,#4328);
#4331=DIRECTION('',(0.E0,-1.E0,0.E0));
#4332=VECTOR('',#4331,1.4E1);
#4333=CARTESIAN_POINT('',(1.358000008340E2,-1.889651890174E1,
-9.075262166353E-1));
#4334=LINE('',#4333,#4332);
#4335=DIRECTION('',(0.E0,0.E0,1.E0));
#4336=VECTOR('',#4335,1.500000000001E0);
#4337=CARTESIAN_POINT('',(1.358000008340E2,-1.889651890174E1,
-2.407526216636E0));
#4338=LINE('',#4337,#4336);
#4339=DIRECTION('',(1.E0,0.E0,0.E0));
#4340=VECTOR('',#4339,1.4E1);
#4341=CARTESIAN_POINT('',(1.358000008340E2,-3.289651890175E1,
-9.075262166353E-1));
#4342=LINE('',#4341,#4340);
#4343=DIRECTION('',(0.E0,0.E0,1.E0));
#4344=VECTOR('',#4343,1.500000000001E0);
#4345=CARTESIAN_POINT('',(1.358000008340E2,-3.289651890175E1,
-2.407526216636E0));
#4346=LINE('',#4345,#4344);
#4347=DIRECTION('',(0.E0,1.E0,0.E0));
#4348=VECTOR('',#4347,1.4E1);
#4349=CARTESIAN_POINT('',(-1.024999991390E2,-3.289651890175E1,
-9.075262166353E-1));
#4350=LINE('',#4349,#4348);
#4351=DIRECTION('',(0.E0,0.E0,1.E0));
#4352=VECTOR('',#4351,1.500000000001E0);
#4353=CARTESIAN_POINT('',(-1.024999991390E2,-3.289651890175E1,
-2.407526216636E0));
#4354=LINE('',#4353,#4352);
#4355=DIRECTION('',(-1.E0,0.E0,0.E0));
#4356=VECTOR('',#4355,1.4E1);
#4357=CARTESIAN_POINT('',(-1.024999991390E2,-1.889651890174E1,
-9.075262166353E-1));
#4358=LINE('',#4357,#4356);
#4359=DIRECTION('',(0.E0,0.E0,1.E0));
#4360=VECTOR('',#4359,1.500000000001E0);
#4361=CARTESIAN_POINT('',(-1.024999991390E2,-1.889651890174E1,
-2.407526216636E0));
#4362=LINE('',#4361,#4360);
#4363=DIRECTION('',(0.E0,-1.E0,0.E0));
#4364=VECTOR('',#4363,1.4E1);
#4365=CARTESIAN_POINT('',(-1.164999991390E2,-1.889651890174E1,
-9.075262166353E-1));
#4366=LINE('',#4365,#4364);
#4367=DIRECTION('',(0.E0,0.E0,1.E0));
#4368=VECTOR('',#4367,1.500000000001E0);
#4369=CARTESIAN_POINT('',(-1.164999991390E2,-1.889651890174E1,
-2.407526216636E0));
#4370=LINE('',#4369,#4368);
#4371=DIRECTION('',(1.E0,0.E0,0.E0));
#4372=VECTOR('',#4371,1.4E1);
#4373=CARTESIAN_POINT('',(-1.164999991390E2,-3.289651890175E1,
-9.075262166353E-1));
#4374=LINE('',#4373,#4372);
#4375=DIRECTION('',(0.E0,0.E0,1.E0));
#4376=VECTOR('',#4375,1.500000000001E0);
#4377=CARTESIAN_POINT('',(-1.164999991390E2,-3.289651890175E1,
-2.407526216636E0));
#4378=LINE('',#4377,#4376);
#4379=DIRECTION('',(0.E0,1.E0,0.E0));
#4380=VECTOR('',#4379,1.4E1);
#4381=CARTESIAN_POINT('',(-6.439999913897E1,-3.289651890175E1,
-9.075262166353E-1));
#4382=LINE('',#4381,#4380);
#4383=DIRECTION('',(0.E0,0.E0,1.E0));
#4384=VECTOR('',#4383,1.500000000001E0);
#4385=CARTESIAN_POINT('',(-6.439999913897E1,-3.289651890175E1,
-2.407526216636E0));
#4386=LINE('',#4385,#4384);
#4387=DIRECTION('',(-1.E0,0.E0,0.E0));
#4388=VECTOR('',#4387,1.4E1);
#4389=CARTESIAN_POINT('',(-6.439999913897E1,-1.889651890174E1,
-9.075262166353E-1));
#4390=LINE('',#4389,#4388);
#4391=DIRECTION('',(0.E0,0.E0,1.E0));
#4392=VECTOR('',#4391,1.500000000001E0);
#4393=CARTESIAN_POINT('',(-6.439999913897E1,-1.889651890174E1,
-2.407526216636E0));
#4394=LINE('',#4393,#4392);
#4395=DIRECTION('',(0.E0,-1.E0,0.E0));
#4396=VECTOR('',#4395,1.4E1);
#4397=CARTESIAN_POINT('',(-7.839999913897E1,-1.889651890174E1,
-9.075262166353E-1));
#4398=LINE('',#4397,#4396);
#4399=DIRECTION('',(0.E0,0.E0,1.E0));
#4400=VECTOR('',#4399,1.500000000001E0);
#4401=CARTESIAN_POINT('',(-7.839999913897E1,-1.889651890174E1,
-2.407526216636E0));
#4402=LINE('',#4401,#4400);
#4403=DIRECTION('',(1.E0,0.E0,0.E0));
#4404=VECTOR('',#4403,1.4E1);
#4405=CARTESIAN_POINT('',(-7.839999913897E1,-3.289651890175E1,
-9.075262166353E-1));
#4406=LINE('',#4405,#4404);
#4407=DIRECTION('',(0.E0,0.E0,1.E0));
#4408=VECTOR('',#4407,1.500000000001E0);
#4409=CARTESIAN_POINT('',(-7.839999913897E1,-3.289651890175E1,
-2.407526216636E0));
#4410=LINE('',#4409,#4408);
#4411=DIRECTION('',(0.E0,-1.E0,0.E0));
#4412=VECTOR('',#4411,7.400385172992E-1);
#4413=CARTESIAN_POINT('',(-1.222249992326E2,-5.097151889903E1,
-9.075262166358E-1));
#4414=LINE('',#4413,#4412);
#4415=DIRECTION('',(0.E0,0.E0,1.E0));
#4416=VECTOR('',#4415,1.5E0);
#4417=CARTESIAN_POINT('',(-1.222249992326E2,-5.097151889903E1,
-2.407526216636E0));
#4418=LINE('',#4417,#4416);
#4419=DIRECTION('',(1.E0,1.359433522610E-8,0.E0));
#4420=VECTOR('',#4419,1.771542052873E0);
#4421=CARTESIAN_POINT('',(-1.222249992326E2,-5.171155741633E1,
-9.075262166358E-1));
#4422=LINE('',#4421,#4420);
#4423=DIRECTION('',(0.E0,0.E0,1.E0));
#4424=VECTOR('',#4423,1.5E0);
#4425=CARTESIAN_POINT('',(-1.222249992326E2,-5.171155741633E1,
-2.407526216636E0));
#4426=LINE('',#4425,#4424);
#4427=DIRECTION('',(0.E0,-1.E0,0.E0));
#4428=VECTOR('',#4427,1.500317069947E0);
#4429=CARTESIAN_POINT('',(-1.204534571797E2,-5.171155739224E1,
-9.075262166358E-1));
#4430=LINE('',#4429,#4428);
#4431=DIRECTION('',(0.E0,0.E0,1.E0));
#4432=VECTOR('',#4431,1.5E0);
#4433=CARTESIAN_POINT('',(-1.204534571797E2,-5.171155739224E1,
-2.407526216636E0));
#4434=LINE('',#4433,#4432);
#4435=DIRECTION('',(1.E0,0.E0,0.E0));
#4436=VECTOR('',#4435,3.105956494746E0);
#4437=CARTESIAN_POINT('',(-1.204534571797E2,-5.321187446219E1,
-9.075262166358E-1));
#4438=LINE('',#4437,#4436);
#4439=DIRECTION('',(0.E0,0.E0,1.E0));
#4440=VECTOR('',#4439,1.5E0);
#4441=CARTESIAN_POINT('',(-1.204534571797E2,-5.321187446219E1,
-2.407526216636E0));
#4442=LINE('',#4441,#4440);
#4443=DIRECTION('',(0.E0,1.E0,0.E0));
#4444=VECTOR('',#4443,1.500317069947E0);
#4445=CARTESIAN_POINT('',(-1.173475006850E2,-5.321187446219E1,
-9.075262166358E-1));
#4446=LINE('',#4445,#4444);
#4447=DIRECTION('',(0.E0,0.E0,1.E0));
#4448=VECTOR('',#4447,1.5E0);
#4449=CARTESIAN_POINT('',(-1.173475006850E2,-5.321187446219E1,
-2.407526216636E0));
#4450=LINE('',#4449,#4448);
#4451=DIRECTION('',(1.E0,-1.358697634153E-8,0.E0));
#4452=VECTOR('',#4451,1.772501543281E0);
#4453=CARTESIAN_POINT('',(-1.173475006850E2,-5.171155739224E1,
-9.075262166358E-1));
#4454=LINE('',#4453,#4452);
#4455=DIRECTION('',(0.E0,0.E0,1.E0));
#4456=VECTOR('',#4455,1.5E0);
#4457=CARTESIAN_POINT('',(-1.173475006850E2,-5.171155739224E1,
-2.407526216636E0));
#4458=LINE('',#4457,#4456);
#4459=DIRECTION('',(-5.684341890803E-14,1.E0,0.E0));
#4460=VECTOR('',#4459,6.499999994600E0);
#4461=CARTESIAN_POINT('',(-1.155749991417E2,-5.171155741633E1,
-9.075262166358E-1));
#4462=LINE('',#4461,#4460);
#4463=DIRECTION('',(0.E0,0.E0,1.E0));
#4464=VECTOR('',#4463,1.5E0);
#4465=CARTESIAN_POINT('',(-1.155749991417E2,-5.171155741633E1,
-2.407526216636E0));
#4466=LINE('',#4465,#4464);
#4467=DIRECTION('',(1.E0,1.263187088179E-13,0.E0));
#4468=VECTOR('',#4467,8.999999983019E-1);
#4469=CARTESIAN_POINT('',(-1.155749991417E2,-4.521155742173E1,
-9.075262166358E-1));
#4470=LINE('',#4469,#4468);
#4471=DIRECTION('',(-3.789561257387E-14,0.E0,1.E0));
#4472=VECTOR('',#4471,1.5E0);
#4473=CARTESIAN_POINT('',(-1.155749991417E2,-4.521155742173E1,
-2.407526216636E0));
#4474=LINE('',#4473,#4472);
#4475=DIRECTION('',(-1.334080237372E-13,1.E0,0.E0));
#4476=VECTOR('',#4475,2.450000002200E0);
#4477=CARTESIAN_POINT('',(-1.146749991434E2,-4.521155742173E1,
-9.075262166358E-1));
#4478=LINE('',#4477,#4476);
#4479=DIRECTION('',(1.894780628694E-14,0.E0,1.E0));
#4480=VECTOR('',#4479,1.5E0);
#4481=CARTESIAN_POINT('',(-1.146749991434E2,-4.521155742173E1,
-2.407526216636E0));
#4482=LINE('',#4481,#4480);
#4483=DIRECTION('',(-1.E0,-1.263187088180E-13,0.E0));
#4484=VECTOR('',#4483,8.999999983010E-1);
#4485=CARTESIAN_POINT('',(-1.146749991434E2,-4.276155741953E1,
-9.075262166358E-1));
#4486=LINE('',#4485,#4484);
#4487=DIRECTION('',(-1.894780628694E-14,0.E0,1.E0));
#4488=VECTOR('',#4487,1.5E0);
#4489=CARTESIAN_POINT('',(-1.146749991434E2,-4.276155741953E1,
-2.407526216636E0));
#4490=LINE('',#4489,#4488);
#4491=DIRECTION('',(-1.399222616002E-13,1.E0,0.E0));
#4492=VECTOR('',#4491,3.250000004900E0);
#4493=CARTESIAN_POINT('',(-1.155749991417E2,-4.276155741953E1,
-9.075262166358E-1));
#4494=LINE('',#4493,#4492);
#4495=DIRECTION('',(2.842170943040E-14,0.E0,1.E0));
#4496=VECTOR('',#4495,1.5E0);
#4497=CARTESIAN_POINT('',(-1.155749991417E2,-4.276155741953E1,
-2.407526216636E0));
#4498=LINE('',#4497,#4496);
#4499=DIRECTION('',(-1.E0,-2.136970395713E-14,0.E0));
#4500=VECTOR('',#4499,6.650000741100E0);
#4501=CARTESIAN_POINT('',(-1.155749991417E2,-3.951155741463E1,
-9.075262166358E-1));
#4502=LINE('',#4501,#4500);
#4503=DIRECTION('',(-1.894780628694E-14,0.E0,1.E0));
#4504=VECTOR('',#4503,1.5E0);
#4505=CARTESIAN_POINT('',(-1.155749991417E2,-3.951155741463E1,
-2.407526216636E0));
#4506=LINE('',#4505,#4504);
#4507=DIRECTION('',(1.268045491773E-13,-1.E0,0.E0));
#4508=VECTOR('',#4507,3.250000015100E0);
#4509=CARTESIAN_POINT('',(-1.222249998828E2,-3.951155741463E1,
-9.075262166358E-1));
#4510=LINE('',#4509,#4508);
#4511=DIRECTION('',(-3.789561257387E-14,0.E0,1.E0));
#4512=VECTOR('',#4511,1.5E0);
#4513=CARTESIAN_POINT('',(-1.222249998828E2,-3.951155741463E1,
-2.407526216636E0));
#4514=LINE('',#4513,#4512);
#4515=DIRECTION('',(-1.E0,-8.484096126301E-14,1.850593467549E-13));
#4516=VECTOR('',#4515,1.674999257864E0);
#4517=CARTESIAN_POINT('',(-1.222249998828E2,-4.276155742973E1,
-9.075262166358E-1));
#4518=LINE('',#4517,#4516);
#4519=DIRECTION('',(2.842170943040E-14,0.E0,1.E0));
#4520=VECTOR('',#4519,1.5E0);
#4521=CARTESIAN_POINT('',(-1.222249998828E2,-4.276155742973E1,
-2.407526216636E0));
#4522=LINE('',#4521,#4520);
#4523=DIRECTION('',(0.E0,0.E0,1.E0));
#4524=VECTOR('',#4523,1.5E0);
#4525=CARTESIAN_POINT('',(-1.238999991407E2,-4.276155742973E1,
-2.407526216636E0));
#4526=LINE('',#4525,#4524);
#4527=DIRECTION('',(0.E0,1.E0,6.435322258899E-14));
#4528=VECTOR('',#4527,4.815038528092E0);
#4529=CARTESIAN_POINT('',(-1.238999991407E2,-4.276155742973E1,
-9.075262166355E-1));
#4530=LINE('',#4529,#4528);
#4531=DIRECTION('',(-1.E0,0.E0,0.E0));
#4532=VECTOR('',#4531,1.4E1);
#4533=CARTESIAN_POINT('',(-1.238999991407E2,-3.794651890163E1,
-9.075262166352E-1));
#4534=LINE('',#4533,#4532);
#4535=DIRECTION('',(0.E0,0.E0,1.E0));
#4536=VECTOR('',#4535,1.500000000001E0);
#4537=CARTESIAN_POINT('',(-1.238999991407E2,-3.794651890163E1,
-2.407526216636E0));
#4538=LINE('',#4537,#4536);
#4539=DIRECTION('',(0.E0,0.E0,-1.E0));
#4540=VECTOR('',#4539,1.5E0);
#4541=CARTESIAN_POINT('',(-1.378999991407E2,-4.276155743733E1,
-9.075262166355E-1));
#4542=LINE('',#4541,#4540);
#4543=DIRECTION('',(0.E0,-1.E0,-6.437627989424E-14));
#4544=VECTOR('',#4543,4.815038535693E0);
#4545=CARTESIAN_POINT('',(-1.378999991407E2,-3.794651890163E1,
-9.075262166352E-1));
#4546=LINE('',#4545,#4544);
#4547=DIRECTION('',(0.E0,0.E0,1.E0));
#4548=VECTOR('',#4547,1.500000000001E0);
#4549=CARTESIAN_POINT('',(-1.378999991407E2,-3.794651890163E1,
-2.407526216636E0));
#4550=LINE('',#4549,#4548);
#4551=DIRECTION('',(-1.E0,1.145351966288E-13,-1.850591834419E-13));
#4552=VECTOR('',#4551,1.675000736036E0);
#4553=CARTESIAN_POINT('',(-1.378999991407E2,-4.276155743733E1,
-9.075262166355E-1));
#4554=LINE('',#4553,#4552);
#4555=DIRECTION('',(-1.399222615960E-13,1.E0,0.E0));
#4556=VECTOR('',#4555,3.250000005E0);
#4557=CARTESIAN_POINT('',(-1.395749998767E2,-4.276155743733E1,
-9.075262166358E-1));
#4558=LINE('',#4557,#4556);
#4559=DIRECTION('',(1.894780628694E-14,-1.421085471520E-14,1.E0));
#4560=VECTOR('',#4559,1.5E0);
#4561=CARTESIAN_POINT('',(-1.395749998767E2,-4.276155743733E1,
-2.407526216636E0));
#4562=LINE('',#4561,#4560);
#4563=DIRECTION('',(-1.E0,-2.564365044916E-14,0.E0));
#4564=VECTOR('',#4563,6.649999262800E0);
#4565=CARTESIAN_POINT('',(-1.395749998767E2,-3.951155743233E1,
-9.075262166358E-1));
#4566=LINE('',#4565,#4564);
#4567=DIRECTION('',(-3.789561257387E-14,0.E0,1.E0));
#4568=VECTOR('',#4567,1.5E0);
#4569=CARTESIAN_POINT('',(-1.395749998767E2,-3.951155743233E1,
-2.407526216636E0));
#4570=LINE('',#4569,#4568);
#4571=DIRECTION('',(1.399222615960E-13,-1.E0,0.E0));
#4572=VECTOR('',#4571,3.250000005E0);
#4573=CARTESIAN_POINT('',(-1.462249991395E2,-3.951155743233E1,
-9.075262166358E-1));
#4574=LINE('',#4573,#4572);
#4575=DIRECTION('',(-3.789561257387E-14,0.E0,1.E0));
#4576=VECTOR('',#4575,1.5E0);
#4577=CARTESIAN_POINT('',(-1.462249991395E2,-3.951155743233E1,
-2.407526216636E0));
#4578=LINE('',#4577,#4576);
#4579=DIRECTION('',(-1.E0,-1.263187077371E-13,0.E0));
#4580=VECTOR('',#4579,9.000000060025E-1);
#4581=CARTESIAN_POINT('',(-1.462249991395E2,-4.276155743733E1,
-9.075262166358E-1));
#4582=LINE('',#4581,#4580);
#4583=DIRECTION('',(3.789561257387E-14,0.E0,1.E0));
#4584=VECTOR('',#4583,1.5E0);
#4585=CARTESIAN_POINT('',(-1.462249991395E2,-4.276155743733E1,
-2.407526216636E0));
#4586=LINE('',#4585,#4584);
#4587=DIRECTION('',(1.276076748791E-13,-1.E0,0.E0));
#4588=VECTOR('',#4587,2.450000002199E0);
#4589=CARTESIAN_POINT('',(-1.471249991455E2,-4.276155743733E1,
-9.075262166358E-1));
#4590=LINE('',#4589,#4588);
#4591=DIRECTION('',(-3.789561257387E-14,0.E0,1.E0));
#4592=VECTOR('',#4591,1.5E0);
#4593=CARTESIAN_POINT('',(-1.471249991455E2,-4.276155743733E1,
-2.407526216636E0));
#4594=LINE('',#4593,#4592);
#4595=DIRECTION('',(1.E0,1.263187077372E-13,0.E0));
#4596=VECTOR('',#4595,9.000000060016E-1);
#4597=CARTESIAN_POINT('',(-1.471249991455E2,-4.521155743953E1,
-9.075262166358E-1));
#4598=LINE('',#4597,#4596);
#4599=DIRECTION('',(0.E0,0.E0,1.E0));
#4600=VECTOR('',#4599,1.5E0);
#4601=CARTESIAN_POINT('',(-1.471249991455E2,-4.521155743953E1,
-2.407526216636E0));
#4602=LINE('',#4601,#4600);
#4603=DIRECTION('',(4.809827753756E-14,-1.E0,0.E0));
#4604=VECTOR('',#4603,6.499999994601E0);
#4605=CARTESIAN_POINT('',(-1.462249991395E2,-4.521155743953E1,
-9.075262166358E-1));
#4606=LINE('',#4605,#4604);
#4607=DIRECTION('',(-3.789561257387E-14,0.E0,1.E0));
#4608=VECTOR('',#4607,1.5E0);
#4609=CARTESIAN_POINT('',(-1.462249991395E2,-4.521155743953E1,
-2.407526216636E0));
#4610=LINE('',#4609,#4608);
#4611=DIRECTION('',(1.E0,1.359005231874E-8,0.E0));
#4612=VECTOR('',#4611,1.771541961194E0);
#4613=CARTESIAN_POINT('',(-1.462249991395E2,-5.171155743413E1,
-9.075262166358E-1));
#4614=LINE('',#4613,#4612);
#4615=DIRECTION('',(0.E0,0.E0,1.E0));
#4616=VECTOR('',#4615,1.5E0);
#4617=CARTESIAN_POINT('',(-1.462249991395E2,-5.171155743413E1,
-2.407526216636E0));
#4618=LINE('',#4617,#4616);
#4619=DIRECTION('',(0.E0,-1.E0,0.E0));
#4620=VECTOR('',#4619,1.500317057215E0);
#4621=CARTESIAN_POINT('',(-1.444534571783E2,-5.171155741005E1,
-9.075262166358E-1));
#4622=LINE('',#4621,#4620);
#4623=DIRECTION('',(0.E0,0.E0,1.E0));
#4624=VECTOR('',#4623,1.5E0);
#4625=CARTESIAN_POINT('',(-1.444534571783E2,-5.171155741005E1,
-2.407526216636E0));
#4626=LINE('',#4625,#4624);
#4627=DIRECTION('',(1.E0,0.E0,0.E0));
#4628=VECTOR('',#4627,3.105956494885E0);
#4629=CARTESIAN_POINT('',(-1.444534571783E2,-5.321187446727E1,
-9.075262166358E-1));
#4630=LINE('',#4629,#4628);
#4631=DIRECTION('',(0.E0,0.E0,1.E0));
#4632=VECTOR('',#4631,1.5E0);
#4633=CARTESIAN_POINT('',(-1.444534571783E2,-5.321187446727E1,
-2.407526216636E0));
#4634=LINE('',#4633,#4632);
#4635=DIRECTION('',(0.E0,1.E0,0.E0));
#4636=VECTOR('',#4635,1.500317057215E0);
#4637=CARTESIAN_POINT('',(-1.413475006834E2,-5.321187446727E1,
-9.075262166358E-1));
#4638=LINE('',#4637,#4636);
#4639=DIRECTION('',(0.E0,0.E0,1.E0));
#4640=VECTOR('',#4639,1.5E0);
#4641=CARTESIAN_POINT('',(-1.413475006834E2,-5.321187446727E1,
-2.407526216636E0));
#4642=LINE('',#4641,#4640);
#4643=DIRECTION('',(1.E0,-1.358269574977E-8,0.E0));
#4644=VECTOR('',#4643,1.772501451921E0);
#4645=CARTESIAN_POINT('',(-1.413475006834E2,-5.171155741005E1,
-9.075262166358E-1));
#4646=LINE('',#4645,#4644);
#4647=DIRECTION('',(0.E0,0.E0,1.E0));
#4648=VECTOR('',#4647,1.5E0);
#4649=CARTESIAN_POINT('',(-1.413475006834E2,-5.171155741005E1,
-2.407526216636E0));
#4650=LINE('',#4649,#4648);
#4651=DIRECTION('',(0.E0,1.E0,0.E0));
#4652=VECTOR('',#4651,7.400385350999E-1);
#4653=CARTESIAN_POINT('',(-1.395749992315E2,-5.171155743413E1,
-9.075262166358E-1));
#4654=LINE('',#4653,#4652);
#4655=DIRECTION('',(0.E0,0.E0,1.E0));
#4656=VECTOR('',#4655,1.5E0);
#4657=CARTESIAN_POINT('',(-1.395749992315E2,-5.171155743413E1,
-2.407526216636E0));
#4658=LINE('',#4657,#4656);
#4659=DIRECTION('',(1.E0,0.E0,1.849266907895E-13));
#4660=VECTOR('',#4659,1.675000090836E0);
#4661=CARTESIAN_POINT('',(-1.395749992315E2,-5.097151889903E1,
-9.075262166358E-1));
#4662=LINE('',#4661,#4660);
#4663=DIRECTION('',(0.E0,0.E0,1.E0));
#4664=VECTOR('',#4663,1.5E0);
#4665=CARTESIAN_POINT('',(-1.395749992315E2,-5.097151889903E1,
-2.407526216636E0));
#4666=LINE('',#4665,#4664);
#4667=DIRECTION('',(0.E0,0.E0,1.E0));
#4668=VECTOR('',#4667,1.5E0);
#4669=CARTESIAN_POINT('',(-1.378999991407E2,-5.097151889903E1,
-2.407526216636E0));
#4670=LINE('',#4669,#4668);
#4671=DIRECTION('',(0.E0,-1.E0,3.176945877351E-13));
#4672=VECTOR('',#4671,9.750000026085E-1);
#4673=CARTESIAN_POINT('',(-1.378999991407E2,-5.097151889903E1,
-9.075262166355E-1));
#4674=LINE('',#4673,#4672);
#4675=DIRECTION('',(1.E0,0.E0,0.E0));
#4676=VECTOR('',#4675,1.4E1);
#4677=CARTESIAN_POINT('',(-1.378999991407E2,-5.194651890164E1,
-9.075262166352E-1));
#4678=LINE('',#4677,#4676);
#4679=DIRECTION('',(0.E0,0.E0,1.E0));
#4680=VECTOR('',#4679,1.500000000001E0);
#4681=CARTESIAN_POINT('',(-1.378999991407E2,-5.194651890164E1,
-2.407526216636E0));
#4682=LINE('',#4681,#4680);
#4683=DIRECTION('',(0.E0,0.E0,-1.E0));
#4684=VECTOR('',#4683,1.5E0);
#4685=CARTESIAN_POINT('',(-1.238999991407E2,-5.097151889903E1,
-9.075262166355E-1));
#4686=LINE('',#4685,#4684);
#4687=DIRECTION('',(0.E0,1.E0,-3.176945877351E-13));
#4688=VECTOR('',#4687,9.750000026085E-1);
#4689=CARTESIAN_POINT('',(-1.238999991407E2,-5.194651890164E1,
-9.075262166352E-1));
#4690=LINE('',#4689,#4688);
#4691=DIRECTION('',(0.E0,0.E0,1.E0));
#4692=VECTOR('',#4691,1.500000000001E0);
#4693=CARTESIAN_POINT('',(-1.238999991407E2,-5.194651890164E1,
-2.407526216636E0));
#4694=LINE('',#4693,#4692);
#4695=DIRECTION('',(1.E0,0.E0,-1.849267109683E-13));
#4696=VECTOR('',#4695,1.674999908064E0);
#4697=CARTESIAN_POINT('',(-1.238999991407E2,-5.097151889903E1,
-9.075262166355E-1));
#4698=LINE('',#4697,#4696);
#4699=DIRECTION('',(0.E0,1.E0,0.E0));
#4700=VECTOR('',#4699,1.4E1);
#4701=CARTESIAN_POINT('',(-6.908749927508E1,2.905348109842E1,
-9.075262166354E-1));
#4702=LINE('',#4701,#4700);
#4703=DIRECTION('',(0.E0,0.E0,1.E0));
#4704=VECTOR('',#4703,1.5E0);
#4705=CARTESIAN_POINT('',(-6.908749927508E1,2.905348109842E1,
-2.407526216636E0));
#4706=LINE('',#4705,#4704);
#4707=DIRECTION('',(-1.E0,0.E0,0.E0));
#4708=VECTOR('',#4707,1.4E1);
#4709=CARTESIAN_POINT('',(-6.908749927508E1,4.305348109843E1,
-9.075262166354E-1));
#4710=LINE('',#4709,#4708);
#4711=DIRECTION('',(0.E0,0.E0,1.E0));
#4712=VECTOR('',#4711,1.5E0);
#4713=CARTESIAN_POINT('',(-6.908749927508E1,4.305348109843E1,
-2.407526216636E0));
#4714=LINE('',#4713,#4712);
#4715=DIRECTION('',(0.E0,-1.E0,0.E0));
#4716=VECTOR('',#4715,1.4E1);
#4717=CARTESIAN_POINT('',(-8.308749927508E1,4.305348109843E1,
-9.075262166354E-1));
#4718=LINE('',#4717,#4716);
#4719=DIRECTION('',(0.E0,0.E0,1.E0));
#4720=VECTOR('',#4719,1.5E0);
#4721=CARTESIAN_POINT('',(-8.308749927508E1,4.305348109843E1,
-2.407526216636E0));
#4722=LINE('',#4721,#4720);
#4723=DIRECTION('',(1.E0,0.E0,0.E0));
#4724=VECTOR('',#4723,1.4E1);
#4725=CARTESIAN_POINT('',(-8.308749927508E1,2.905348109842E1,
-9.075262166354E-1));
#4726=LINE('',#4725,#4724);
#4727=DIRECTION('',(0.E0,0.E0,1.E0));
#4728=VECTOR('',#4727,1.5E0);
#4729=CARTESIAN_POINT('',(-8.308749927508E1,2.905348109842E1,
-2.407526216636E0));
#4730=LINE('',#4729,#4728);
#4731=DIRECTION('',(0.E0,1.E0,0.E0));
#4732=VECTOR('',#4731,1.4E1);
#4733=CARTESIAN_POINT('',(-9.294999913956E1,-5.194651890313E1,
-9.075262166352E-1));
#4734=LINE('',#4733,#4732);
#4735=DIRECTION('',(0.E0,0.E0,1.E0));
#4736=VECTOR('',#4735,1.500000000001E0);
#4737=CARTESIAN_POINT('',(-9.294999913956E1,-5.194651890313E1,
-2.407526216636E0));
#4738=LINE('',#4737,#4736);
#4739=DIRECTION('',(-1.E0,0.E0,0.E0));
#4740=VECTOR('',#4739,1.4E1);
#4741=CARTESIAN_POINT('',(-9.294999913956E1,-3.794651890312E1,
-9.075262166352E-1));
#4742=LINE('',#4741,#4740);
#4743=DIRECTION('',(0.E0,0.E0,1.E0));
#4744=VECTOR('',#4743,1.500000000001E0);
#4745=CARTESIAN_POINT('',(-9.294999913956E1,-3.794651890312E1,
-2.407526216636E0));
#4746=LINE('',#4745,#4744);
#4747=DIRECTION('',(0.E0,-1.E0,0.E0));
#4748=VECTOR('',#4747,1.4E1);
#4749=CARTESIAN_POINT('',(-1.069499991396E2,-3.794651890312E1,
-9.075262166352E-1));
#4750=LINE('',#4749,#4748);
#4751=DIRECTION('',(0.E0,0.E0,1.E0));
#4752=VECTOR('',#4751,1.500000000001E0);
#4753=CARTESIAN_POINT('',(-1.069499991396E2,-3.794651890312E1,
-2.407526216636E0));
#4754=LINE('',#4753,#4752);
#4755=DIRECTION('',(1.E0,0.E0,0.E0));
#4756=VECTOR('',#4755,1.4E1);
#4757=CARTESIAN_POINT('',(-1.069499991396E2,-5.194651890313E1,
-9.075262166352E-1));
#4758=LINE('',#4757,#4756);
#4759=DIRECTION('',(0.E0,0.E0,1.E0));
#4760=VECTOR('',#4759,1.500000000001E0);
#4761=CARTESIAN_POINT('',(-1.069499991396E2,-5.194651890313E1,
-2.407526216636E0));
#4762=LINE('',#4761,#4760);
#4763=DIRECTION('',(0.E0,1.E0,0.E0));
#4764=VECTOR('',#4763,1.4E1);
#4765=CARTESIAN_POINT('',(-1.357999991401E2,5.203481098425E0,
-9.075262166354E-1));
#4766=LINE('',#4765,#4764);
#4767=DIRECTION('',(0.E0,0.E0,1.E0));
#4768=VECTOR('',#4767,1.5E0);
#4769=CARTESIAN_POINT('',(-1.357999991401E2,5.203481098424E0,
-2.407526216636E0));
#4770=LINE('',#4769,#4768);
#4771=DIRECTION('',(-1.E0,0.E0,0.E0));
#4772=VECTOR('',#4771,1.4E1);
#4773=CARTESIAN_POINT('',(-1.357999991401E2,1.920348109843E1,
-9.075262166354E-1));
#4774=LINE('',#4773,#4772);
#4775=DIRECTION('',(0.E0,0.E0,1.E0));
#4776=VECTOR('',#4775,1.5E0);
#4777=CARTESIAN_POINT('',(-1.357999991401E2,1.920348109843E1,
-2.407526216636E0));
#4778=LINE('',#4777,#4776);
#4779=DIRECTION('',(0.E0,-1.E0,0.E0));
#4780=VECTOR('',#4779,1.4E1);
#4781=CARTESIAN_POINT('',(-1.497999991401E2,1.920348109843E1,
-9.075262166354E-1));
#4782=LINE('',#4781,#4780);
#4783=DIRECTION('',(0.E0,0.E0,1.E0));
#4784=VECTOR('',#4783,1.5E0);
#4785=CARTESIAN_POINT('',(-1.497999991401E2,1.920348109843E1,
-2.407526216636E0));
#4786=LINE('',#4785,#4784);
#4787=DIRECTION('',(1.E0,0.E0,0.E0));
#4788=VECTOR('',#4787,1.4E1);
#4789=CARTESIAN_POINT('',(-1.497999991401E2,5.203481098425E0,
-9.075262166354E-1));
#4790=LINE('',#4789,#4788);
#4791=DIRECTION('',(0.E0,0.E0,1.E0));
#4792=VECTOR('',#4791,1.5E0);
#4793=CARTESIAN_POINT('',(-1.497999991401E2,5.203481098424E0,
-2.407526216636E0));
#4794=LINE('',#4793,#4792);
#4795=DIRECTION('',(0.E0,1.E0,0.E0));
#4796=VECTOR('',#4795,1.4E1);
#4797=CARTESIAN_POINT('',(-3.579999913956E1,-5.194651890313E1,
-9.075262166352E-1));
#4798=LINE('',#4797,#4796);
#4799=DIRECTION('',(0.E0,0.E0,1.E0));
#4800=VECTOR('',#4799,1.500000000001E0);
#4801=CARTESIAN_POINT('',(-3.579999913956E1,-5.194651890313E1,
-2.407526216636E0));
#4802=LINE('',#4801,#4800);
#4803=DIRECTION('',(-1.E0,0.E0,0.E0));
#4804=VECTOR('',#4803,1.4E1);
#4805=CARTESIAN_POINT('',(-3.579999913956E1,-3.794651890312E1,
-9.075262166352E-1));
#4806=LINE('',#4805,#4804);
#4807=DIRECTION('',(0.E0,0.E0,1.E0));
#4808=VECTOR('',#4807,1.500000000001E0);
#4809=CARTESIAN_POINT('',(-3.579999913956E1,-3.794651890312E1,
-2.407526216636E0));
#4810=LINE('',#4809,#4808);
#4811=DIRECTION('',(0.E0,-1.E0,0.E0));
#4812=VECTOR('',#4811,1.4E1);
#4813=CARTESIAN_POINT('',(-4.979999913956E1,-3.794651890312E1,
-9.075262166352E-1));
#4814=LINE('',#4813,#4812);
#4815=DIRECTION('',(0.E0,0.E0,1.E0));
#4816=VECTOR('',#4815,1.500000000001E0);
#4817=CARTESIAN_POINT('',(-4.979999913956E1,-3.794651890312E1,
-2.407526216636E0));
#4818=LINE('',#4817,#4816);
#4819=DIRECTION('',(1.E0,0.E0,0.E0));
#4820=VECTOR('',#4819,1.4E1);
#4821=CARTESIAN_POINT('',(-4.979999913956E1,-5.194651890313E1,
-9.075262166352E-1));
#4822=LINE('',#4821,#4820);
#4823=DIRECTION('',(0.E0,0.E0,1.E0));
#4824=VECTOR('',#4823,1.500000000001E0);
#4825=CARTESIAN_POINT('',(-4.979999913956E1,-5.194651890313E1,
-2.407526216636E0));
#4826=LINE('',#4825,#4824);
#4827=DIRECTION('',(0.E0,1.E0,0.E0));
#4828=VECTOR('',#4827,1.4E1);
#4829=CARTESIAN_POINT('',(7.050000858920E0,-1.384651890171E1,
-9.075262166353E-1));
#4830=LINE('',#4829,#4828);
#4831=DIRECTION('',(0.E0,0.E0,1.E0));
#4832=VECTOR('',#4831,1.500000000001E0);
#4833=CARTESIAN_POINT('',(7.050000858920E0,-1.384651890171E1,
-2.407526216636E0));
#4834=LINE('',#4833,#4832);
#4835=DIRECTION('',(-1.E0,0.E0,0.E0));
#4836=VECTOR('',#4835,1.4E1);
#4837=CARTESIAN_POINT('',(7.050000858920E0,1.534810982963E-1,
-9.075262166353E-1));
#4838=LINE('',#4837,#4836);
#4839=DIRECTION('',(0.E0,0.E0,1.E0));
#4840=VECTOR('',#4839,1.500000000001E0);
#4841=CARTESIAN_POINT('',(7.050000858920E0,1.534810982963E-1,
-2.407526216636E0));
#4842=LINE('',#4841,#4840);
#4843=DIRECTION('',(0.E0,-1.E0,0.E0));
#4844=VECTOR('',#4843,1.4E1);
#4845=CARTESIAN_POINT('',(-6.949999141080E0,1.534810982963E-1,
-9.075262166353E-1));
#4846=LINE('',#4845,#4844);
#4847=DIRECTION('',(0.E0,0.E0,1.E0));
#4848=VECTOR('',#4847,1.500000000001E0);
#4849=CARTESIAN_POINT('',(-6.949999141080E0,1.534810982963E-1,
-2.407526216636E0));
#4850=LINE('',#4849,#4848);
#4851=DIRECTION('',(1.E0,0.E0,0.E0));
#4852=VECTOR('',#4851,1.4E1);
#4853=CARTESIAN_POINT('',(-6.949999141080E0,-1.384651890171E1,
-9.075262166353E-1));
#4854=LINE('',#4853,#4852);
#4855=DIRECTION('',(0.E0,0.E0,1.E0));
#4856=VECTOR('',#4855,1.500000000001E0);
#4857=CARTESIAN_POINT('',(-6.949999141080E0,-1.384651890171E1,
-2.407526216636E0));
#4858=LINE('',#4857,#4856);
#4859=DIRECTION('',(0.E0,1.E0,0.E0));
#4860=VECTOR('',#4859,1.4E1);
#4861=CARTESIAN_POINT('',(-6.914999914108E1,-1.384651890171E1,
-9.075262166353E-1));
#4862=LINE('',#4861,#4860);
#4863=DIRECTION('',(0.E0,0.E0,1.E0));
#4864=VECTOR('',#4863,1.500000000001E0);
#4865=CARTESIAN_POINT('',(-6.914999914108E1,-1.384651890171E1,
-2.407526216636E0));
#4866=LINE('',#4865,#4864);
#4867=DIRECTION('',(-1.E0,0.E0,0.E0));
#4868=VECTOR('',#4867,1.4E1);
#4869=CARTESIAN_POINT('',(-6.914999914108E1,1.534810982963E-1,
-9.075262166353E-1));
#4870=LINE('',#4869,#4868);
#4871=DIRECTION('',(0.E0,0.E0,1.E0));
#4872=VECTOR('',#4871,1.500000000001E0);
#4873=CARTESIAN_POINT('',(-6.914999914108E1,1.534810982963E-1,
-2.407526216636E0));
#4874=LINE('',#4873,#4872);
#4875=DIRECTION('',(0.E0,-1.E0,0.E0));
#4876=VECTOR('',#4875,1.4E1);
#4877=CARTESIAN_POINT('',(-8.314999914108E1,1.534810982963E-1,
-9.075262166353E-1));
#4878=LINE('',#4877,#4876);
#4879=DIRECTION('',(0.E0,0.E0,1.E0));
#4880=VECTOR('',#4879,1.500000000001E0);
#4881=CARTESIAN_POINT('',(-8.314999914108E1,1.534810982963E-1,
-2.407526216636E0));
#4882=LINE('',#4881,#4880);
#4883=DIRECTION('',(1.E0,0.E0,0.E0));
#4884=VECTOR('',#4883,1.4E1);
#4885=CARTESIAN_POINT('',(-8.314999914108E1,-1.384651890171E1,
-9.075262166353E-1));
#4886=LINE('',#4885,#4884);
#4887=DIRECTION('',(0.E0,0.E0,1.E0));
#4888=VECTOR('',#4887,1.500000000001E0);
#4889=CARTESIAN_POINT('',(-8.314999914108E1,-1.384651890171E1,
-2.407526216636E0));
#4890=LINE('',#4889,#4888);
#4891=DIRECTION('',(0.E0,1.E0,0.E0));
#4892=VECTOR('',#4891,1.4E1);
#4893=CARTESIAN_POINT('',(1.214875007409E2,2.905348109842E1,
-9.075262166354E-1));
#4894=LINE('',#4893,#4892);
#4895=DIRECTION('',(0.E0,0.E0,1.E0));
#4896=VECTOR('',#4895,1.5E0);
#4897=CARTESIAN_POINT('',(1.214875007409E2,2.905348109842E1,-2.407526216636E0));
#4898=LINE('',#4897,#4896);
#4899=DIRECTION('',(-1.E0,0.E0,0.E0));
#4900=VECTOR('',#4899,1.4E1);
#4901=CARTESIAN_POINT('',(1.214875007409E2,4.305348109843E1,
-9.075262166354E-1));
#4902=LINE('',#4901,#4900);
#4903=DIRECTION('',(0.E0,0.E0,1.E0));
#4904=VECTOR('',#4903,1.5E0);
#4905=CARTESIAN_POINT('',(1.214875007409E2,4.305348109843E1,-2.407526216636E0));
#4906=LINE('',#4905,#4904);
#4907=DIRECTION('',(0.E0,-1.E0,0.E0));
#4908=VECTOR('',#4907,1.4E1);
#4909=CARTESIAN_POINT('',(1.074875007409E2,4.305348109843E1,
-9.075262166354E-1));
#4910=LINE('',#4909,#4908);
#4911=DIRECTION('',(0.E0,0.E0,1.E0));
#4912=VECTOR('',#4911,1.5E0);
#4913=CARTESIAN_POINT('',(1.074875007409E2,4.305348109843E1,-2.407526216636E0));
#4914=LINE('',#4913,#4912);
#4915=DIRECTION('',(1.E0,0.E0,0.E0));
#4916=VECTOR('',#4915,1.4E1);
#4917=CARTESIAN_POINT('',(1.074875007409E2,2.905348109842E1,
-9.075262166354E-1));
#4918=LINE('',#4917,#4916);
#4919=DIRECTION('',(0.E0,0.E0,1.E0));
#4920=VECTOR('',#4919,1.5E0);
#4921=CARTESIAN_POINT('',(1.074875007409E2,2.905348109842E1,-2.407526216636E0));
#4922=LINE('',#4921,#4920);
#4923=DIRECTION('',(0.E0,1.E0,0.E0));
#4924=VECTOR('',#4923,1.4E1);
#4925=CARTESIAN_POINT('',(1.498000008346E2,-1.384651890037E1,
-9.075262166353E-1));
#4926=LINE('',#4925,#4924);
#4927=DIRECTION('',(0.E0,0.E0,1.E0));
#4928=VECTOR('',#4927,1.500000000001E0);
#4929=CARTESIAN_POINT('',(1.498000008346E2,-1.384651890037E1,
-2.407526216636E0));
#4930=LINE('',#4929,#4928);
#4931=DIRECTION('',(-1.E0,0.E0,0.E0));
#4932=VECTOR('',#4931,1.4E1);
#4933=CARTESIAN_POINT('',(1.498000008346E2,1.534810996363E-1,
-9.075262166353E-1));
#4934=LINE('',#4933,#4932);
#4935=DIRECTION('',(0.E0,0.E0,1.E0));
#4936=VECTOR('',#4935,1.500000000001E0);
#4937=CARTESIAN_POINT('',(1.498000008346E2,1.534810996363E-1,
-2.407526216636E0));
#4938=LINE('',#4937,#4936);
#4939=DIRECTION('',(0.E0,-1.E0,0.E0));
#4940=VECTOR('',#4939,1.4E1);
#4941=CARTESIAN_POINT('',(1.358000008346E2,1.534810996363E-1,
-9.075262166353E-1));
#4942=LINE('',#4941,#4940);
#4943=DIRECTION('',(0.E0,0.E0,1.E0));
#4944=VECTOR('',#4943,1.500000000001E0);
#4945=CARTESIAN_POINT('',(1.358000008346E2,1.534810996363E-1,
-2.407526216636E0));
#4946=LINE('',#4945,#4944);
#4947=DIRECTION('',(1.E0,0.E0,0.E0));
#4948=VECTOR('',#4947,1.4E1);
#4949=CARTESIAN_POINT('',(1.358000008346E2,-1.384651890037E1,
-9.075262166353E-1));
#4950=LINE('',#4949,#4948);
#4951=DIRECTION('',(0.E0,0.E0,1.E0));
#4952=VECTOR('',#4951,1.500000000001E0);
#4953=CARTESIAN_POINT('',(1.358000008346E2,-1.384651890037E1,
-2.407526216636E0));
#4954=LINE('',#4953,#4952);
#4955=DIRECTION('',(0.E0,1.E0,0.E0));
#4956=VECTOR('',#4955,1.4E1);
#4957=CARTESIAN_POINT('',(-5.959999914008E1,5.203481098425E0,
-9.075262166354E-1));
#4958=LINE('',#4957,#4956);
#4959=DIRECTION('',(0.E0,0.E0,1.E0));
#4960=VECTOR('',#4959,1.5E0);
#4961=CARTESIAN_POINT('',(-5.959999914008E1,5.203481098424E0,
-2.407526216636E0));
#4962=LINE('',#4961,#4960);
#4963=DIRECTION('',(-1.E0,0.E0,0.E0));
#4964=VECTOR('',#4963,1.4E1);
#4965=CARTESIAN_POINT('',(-5.959999914008E1,1.920348109843E1,
-9.075262166354E-1));
#4966=LINE('',#4965,#4964);
#4967=DIRECTION('',(0.E0,0.E0,1.E0));
#4968=VECTOR('',#4967,1.5E0);
#4969=CARTESIAN_POINT('',(-5.959999914008E1,1.920348109843E1,
-2.407526216636E0));
#4970=LINE('',#4969,#4968);
#4971=DIRECTION('',(0.E0,-1.E0,0.E0));
#4972=VECTOR('',#4971,1.4E1);
#4973=CARTESIAN_POINT('',(-7.359999914008E1,1.920348109843E1,
-9.075262166354E-1));
#4974=LINE('',#4973,#4972);
#4975=DIRECTION('',(0.E0,0.E0,1.E0));
#4976=VECTOR('',#4975,1.5E0);
#4977=CARTESIAN_POINT('',(-7.359999914008E1,1.920348109843E1,
-2.407526216636E0));
#4978=LINE('',#4977,#4976);
#4979=DIRECTION('',(1.E0,0.E0,0.E0));
#4980=VECTOR('',#4979,1.4E1);
#4981=CARTESIAN_POINT('',(-7.359999914008E1,5.203481098425E0,
-9.075262166354E-1));
#4982=LINE('',#4981,#4980);
#4983=DIRECTION('',(0.E0,0.E0,1.E0));
#4984=VECTOR('',#4983,1.5E0);
#4985=CARTESIAN_POINT('',(-7.359999914008E1,5.203481098424E0,
-2.407526216636E0));
#4986=LINE('',#4985,#4984);
#4987=DIRECTION('',(0.E0,1.E0,0.E0));
#4988=VECTOR('',#4987,1.4E1);
#4989=CARTESIAN_POINT('',(3.565000085992E1,5.203481098425E0,
-9.075262166354E-1));
#4990=LINE('',#4989,#4988);
#4991=DIRECTION('',(0.E0,0.E0,1.E0));
#4992=VECTOR('',#4991,1.5E0);
#4993=CARTESIAN_POINT('',(3.565000085992E1,5.203481098424E0,-2.407526216636E0));
#4994=LINE('',#4993,#4992);
#4995=DIRECTION('',(-1.E0,0.E0,0.E0));
#4996=VECTOR('',#4995,1.4E1);
#4997=CARTESIAN_POINT('',(3.565000085992E1,1.920348109843E1,
-9.075262166354E-1));
#4998=LINE('',#4997,#4996);
#4999=DIRECTION('',(0.E0,0.E0,1.E0));
#5000=VECTOR('',#4999,1.5E0);
#5001=CARTESIAN_POINT('',(3.565000085992E1,1.920348109843E1,-2.407526216636E0));
#5002=LINE('',#5001,#5000);
#5003=DIRECTION('',(0.E0,-1.E0,0.E0));
#5004=VECTOR('',#5003,1.4E1);
#5005=CARTESIAN_POINT('',(2.165000085992E1,1.920348109843E1,
-9.075262166354E-1));
#5006=LINE('',#5005,#5004);
#5007=DIRECTION('',(0.E0,0.E0,1.E0));
#5008=VECTOR('',#5007,1.5E0);
#5009=CARTESIAN_POINT('',(2.165000085992E1,1.920348109843E1,-2.407526216636E0));
#5010=LINE('',#5009,#5008);
#5011=DIRECTION('',(1.E0,0.E0,0.E0));
#5012=VECTOR('',#5011,1.4E1);
#5013=CARTESIAN_POINT('',(2.165000085992E1,5.203481098425E0,
-9.075262166354E-1));
#5014=LINE('',#5013,#5012);
#5015=DIRECTION('',(0.E0,0.E0,1.E0));
#5016=VECTOR('',#5015,1.5E0);
#5017=CARTESIAN_POINT('',(2.165000085992E1,5.203481098424E0,-2.407526216636E0));
#5018=LINE('',#5017,#5016);
#5019=DIRECTION('',(0.E0,1.E0,0.E0));
#5020=VECTOR('',#5019,1.4E1);
#5021=CARTESIAN_POINT('',(-7.389999913956E1,-5.194651890313E1,
-9.075262166352E-1));
#5022=LINE('',#5021,#5020);
#5023=DIRECTION('',(0.E0,0.E0,1.E0));
#5024=VECTOR('',#5023,1.500000000001E0);
#5025=CARTESIAN_POINT('',(-7.389999913956E1,-5.194651890313E1,
-2.407526216636E0));
#5026=LINE('',#5025,#5024);
#5027=DIRECTION('',(-1.E0,0.E0,0.E0));
#5028=VECTOR('',#5027,1.4E1);
#5029=CARTESIAN_POINT('',(-7.389999913956E1,-3.794651890312E1,
-9.075262166352E-1));
#5030=LINE('',#5029,#5028);
#5031=DIRECTION('',(0.E0,0.E0,1.E0));
#5032=VECTOR('',#5031,1.500000000001E0);
#5033=CARTESIAN_POINT('',(-7.389999913956E1,-3.794651890312E1,
-2.407526216636E0));
#5034=LINE('',#5033,#5032);
#5035=DIRECTION('',(0.E0,-1.E0,0.E0));
#5036=VECTOR('',#5035,1.4E1);
#5037=CARTESIAN_POINT('',(-8.789999913956E1,-3.794651890312E1,
-9.075262166352E-1));
#5038=LINE('',#5037,#5036);
#5039=DIRECTION('',(0.E0,0.E0,1.E0));
#5040=VECTOR('',#5039,1.500000000001E0);
#5041=CARTESIAN_POINT('',(-8.789999913956E1,-3.794651890312E1,
-2.407526216636E0));
#5042=LINE('',#5041,#5040);
#5043=DIRECTION('',(1.E0,0.E0,0.E0));
#5044=VECTOR('',#5043,1.4E1);
#5045=CARTESIAN_POINT('',(-8.789999913956E1,-5.194651890313E1,
-9.075262166352E-1));
#5046=LINE('',#5045,#5044);
#5047=DIRECTION('',(0.E0,0.E0,1.E0));
#5048=VECTOR('',#5047,1.500000000001E0);
#5049=CARTESIAN_POINT('',(-8.789999913956E1,-5.194651890313E1,
-2.407526216636E0));
#5050=LINE('',#5049,#5048);
#5051=DIRECTION('',(0.E0,1.E0,0.E0));
#5052=VECTOR('',#5051,1.4E1);
#5053=CARTESIAN_POINT('',(3.572500073292E1,2.905348109842E1,
-9.075262166354E-1));
#5054=LINE('',#5053,#5052);
#5055=DIRECTION('',(0.E0,0.E0,1.E0));
#5056=VECTOR('',#5055,1.5E0);
#5057=CARTESIAN_POINT('',(3.572500073292E1,2.905348109842E1,-2.407526216636E0));
#5058=LINE('',#5057,#5056);
#5059=DIRECTION('',(-1.E0,0.E0,0.E0));
#5060=VECTOR('',#5059,1.4E1);
#5061=CARTESIAN_POINT('',(3.572500073292E1,4.305348109843E1,
-9.075262166354E-1));
#5062=LINE('',#5061,#5060);
#5063=DIRECTION('',(0.E0,0.E0,1.E0));
#5064=VECTOR('',#5063,1.5E0);
#5065=CARTESIAN_POINT('',(3.572500073292E1,4.305348109843E1,-2.407526216636E0));
#5066=LINE('',#5065,#5064);
#5067=DIRECTION('',(0.E0,-1.E0,0.E0));
#5068=VECTOR('',#5067,1.4E1);
#5069=CARTESIAN_POINT('',(2.172500073292E1,4.305348109843E1,
-9.075262166354E-1));
#5070=LINE('',#5069,#5068);
#5071=DIRECTION('',(-2.131628207280E-14,0.E0,1.E0));
#5072=VECTOR('',#5071,1.5E0);
#5073=CARTESIAN_POINT('',(2.172500073292E1,4.305348109843E1,-2.407526216636E0));
#5074=LINE('',#5073,#5072);
#5075=DIRECTION('',(1.E0,0.E0,0.E0));
#5076=VECTOR('',#5075,1.4E1);
#5077=CARTESIAN_POINT('',(2.172500073292E1,2.905348109842E1,
-9.075262166354E-1));
#5078=LINE('',#5077,#5076);
#5079=DIRECTION('',(-2.131628207280E-14,0.E0,1.E0));
#5080=VECTOR('',#5079,1.5E0);
#5081=CARTESIAN_POINT('',(2.172500073292E1,2.905348109842E1,-2.407526216636E0));
#5082=LINE('',#5081,#5080);
#5083=DIRECTION('',(0.E0,1.E0,0.E0));
#5084=VECTOR('',#5083,1.4E1);
#5085=CARTESIAN_POINT('',(8.338750074092E1,2.905348109842E1,
-9.075262166354E-1));
#5086=LINE('',#5085,#5084);
#5087=DIRECTION('',(0.E0,0.E0,1.E0));
#5088=VECTOR('',#5087,1.5E0);
#5089=CARTESIAN_POINT('',(8.338750074092E1,2.905348109842E1,-2.407526216636E0));
#5090=LINE('',#5089,#5088);
#5091=DIRECTION('',(-1.E0,0.E0,0.E0));
#5092=VECTOR('',#5091,1.4E1);
#5093=CARTESIAN_POINT('',(8.338750074092E1,4.305348109843E1,
-9.075262166354E-1));
#5094=LINE('',#5093,#5092);
#5095=DIRECTION('',(0.E0,0.E0,1.E0));
#5096=VECTOR('',#5095,1.5E0);
#5097=CARTESIAN_POINT('',(8.338750074092E1,4.305348109843E1,-2.407526216636E0));
#5098=LINE('',#5097,#5096);
#5099=DIRECTION('',(0.E0,-1.E0,0.E0));
#5100=VECTOR('',#5099,1.4E1);
#5101=CARTESIAN_POINT('',(6.938750074092E1,4.305348109843E1,
-9.075262166354E-1));
#5102=LINE('',#5101,#5100);
#5103=DIRECTION('',(0.E0,0.E0,1.E0));
#5104=VECTOR('',#5103,1.5E0);
#5105=CARTESIAN_POINT('',(6.938750074092E1,4.305348109843E1,-2.407526216636E0));
#5106=LINE('',#5105,#5104);
#5107=DIRECTION('',(1.E0,0.E0,0.E0));
#5108=VECTOR('',#5107,1.4E1);
#5109=CARTESIAN_POINT('',(6.938750074092E1,2.905348109842E1,
-9.075262166354E-1));
#5110=LINE('',#5109,#5108);
#5111=DIRECTION('',(0.E0,0.E0,1.E0));
#5112=VECTOR('',#5111,1.5E0);
#5113=CARTESIAN_POINT('',(6.938750074092E1,2.905348109842E1,-2.407526216636E0));
#5114=LINE('',#5113,#5112);
#5115=DIRECTION('',(0.E0,1.E0,0.E0));
#5116=VECTOR('',#5115,1.4E1);
#5117=CARTESIAN_POINT('',(-1.333999991400E2,-7.099651890161E1,
-9.075262166352E-1));
#5118=LINE('',#5117,#5116);
#5119=DIRECTION('',(0.E0,0.E0,1.E0));
#5120=VECTOR('',#5119,1.500000000001E0);
#5121=CARTESIAN_POINT('',(-1.333999991400E2,-7.099651890161E1,
-2.407526216636E0));
#5122=LINE('',#5121,#5120);
#5123=DIRECTION('',(-1.E0,0.E0,0.E0));
#5124=VECTOR('',#5123,1.4E1);
#5125=CARTESIAN_POINT('',(-1.333999991400E2,-5.699651890161E1,
-9.075262166352E-1));
#5126=LINE('',#5125,#5124);
#5127=DIRECTION('',(0.E0,0.E0,1.E0));
#5128=VECTOR('',#5127,1.500000000001E0);
#5129=CARTESIAN_POINT('',(-1.333999991400E2,-5.699651890161E1,
-2.407526216636E0));
#5130=LINE('',#5129,#5128);
#5131=DIRECTION('',(0.E0,-1.E0,0.E0));
#5132=VECTOR('',#5131,1.4E1);
#5133=CARTESIAN_POINT('',(-1.473999991400E2,-5.699651890161E1,
-9.075262166352E-1));
#5134=LINE('',#5133,#5132);
#5135=DIRECTION('',(0.E0,0.E0,1.E0));
#5136=VECTOR('',#5135,1.500000000001E0);
#5137=CARTESIAN_POINT('',(-1.473999991400E2,-5.699651890161E1,
-2.407526216636E0));
#5138=LINE('',#5137,#5136);
#5139=DIRECTION('',(1.E0,0.E0,0.E0));
#5140=VECTOR('',#5139,1.4E1);
#5141=CARTESIAN_POINT('',(-1.473999991400E2,-7.099651890161E1,
-9.075262166352E-1));
#5142=LINE('',#5141,#5140);
#5143=DIRECTION('',(0.E0,0.E0,1.E0));
#5144=VECTOR('',#5143,1.500000000001E0);
#5145=CARTESIAN_POINT('',(-1.473999991400E2,-7.099651890161E1,
-2.407526216636E0));
#5146=LINE('',#5145,#5144);
#5147=DIRECTION('',(0.E0,1.E0,0.E0));
#5148=VECTOR('',#5147,1.4E1);
#5149=CARTESIAN_POINT('',(1.498000008604E2,-7.099651890313E1,
-9.075262166352E-1));
#5150=LINE('',#5149,#5148);
#5151=DIRECTION('',(0.E0,0.E0,1.E0));
#5152=VECTOR('',#5151,1.500000000001E0);
#5153=CARTESIAN_POINT('',(1.498000008604E2,-7.099651890313E1,
-2.407526216636E0));
#5154=LINE('',#5153,#5152);
#5155=DIRECTION('',(-1.E0,0.E0,0.E0));
#5156=VECTOR('',#5155,1.4E1);
#5157=CARTESIAN_POINT('',(1.498000008604E2,-5.699651890312E1,
-9.075262166352E-1));
#5158=LINE('',#5157,#5156);
#5159=DIRECTION('',(0.E0,0.E0,1.E0));
#5160=VECTOR('',#5159,1.500000000001E0);
#5161=CARTESIAN_POINT('',(1.498000008604E2,-5.699651890312E1,
-2.407526216636E0));
#5162=LINE('',#5161,#5160);
#5163=DIRECTION('',(0.E0,-1.E0,0.E0));
#5164=VECTOR('',#5163,1.4E1);
#5165=CARTESIAN_POINT('',(1.358000008604E2,-5.699651890312E1,
-9.075262166352E-1));
#5166=LINE('',#5165,#5164);
#5167=DIRECTION('',(0.E0,0.E0,1.E0));
#5168=VECTOR('',#5167,1.500000000001E0);
#5169=CARTESIAN_POINT('',(1.358000008604E2,-5.699651890312E1,
-2.407526216636E0));
#5170=LINE('',#5169,#5168);
#5171=DIRECTION('',(1.E0,0.E0,0.E0));
#5172=VECTOR('',#5171,1.4E1);
#5173=CARTESIAN_POINT('',(1.358000008604E2,-7.099651890313E1,
-9.075262166352E-1));
#5174=LINE('',#5173,#5172);
#5175=DIRECTION('',(0.E0,0.E0,1.E0));
#5176=VECTOR('',#5175,1.500000000001E0);
#5177=CARTESIAN_POINT('',(1.358000008604E2,-7.099651890313E1,
-2.407526216636E0));
#5178=LINE('',#5177,#5176);
#5179=DIRECTION('',(0.E0,1.E0,0.E0));
#5180=VECTOR('',#5179,1.4E1);
#5181=CARTESIAN_POINT('',(-8.819999914108E1,-1.384651890171E1,
-9.075262166353E-1));
#5182=LINE('',#5181,#5180);
#5183=DIRECTION('',(0.E0,0.E0,1.E0));
#5184=VECTOR('',#5183,1.500000000001E0);
#5185=CARTESIAN_POINT('',(-8.819999914108E1,-1.384651890171E1,
-2.407526216636E0));
#5186=LINE('',#5185,#5184);
#5187=DIRECTION('',(-1.E0,0.E0,0.E0));
#5188=VECTOR('',#5187,1.4E1);
#5189=CARTESIAN_POINT('',(-8.819999914108E1,1.534810982963E-1,
-9.075262166353E-1));
#5190=LINE('',#5189,#5188);
#5191=DIRECTION('',(0.E0,0.E0,1.E0));
#5192=VECTOR('',#5191,1.500000000001E0);
#5193=CARTESIAN_POINT('',(-8.819999914108E1,1.534810982963E-1,
-2.407526216636E0));
#5194=LINE('',#5193,#5192);
#5195=DIRECTION('',(0.E0,-1.E0,0.E0));
#5196=VECTOR('',#5195,1.4E1);
#5197=CARTESIAN_POINT('',(-1.021999991411E2,1.534810982963E-1,
-9.075262166353E-1));
#5198=LINE('',#5197,#5196);
#5199=DIRECTION('',(0.E0,0.E0,1.E0));
#5200=VECTOR('',#5199,1.500000000001E0);
#5201=CARTESIAN_POINT('',(-1.021999991411E2,1.534810982963E-1,
-2.407526216636E0));
#5202=LINE('',#5201,#5200);
#5203=DIRECTION('',(1.E0,0.E0,0.E0));
#5204=VECTOR('',#5203,1.4E1);
#5205=CARTESIAN_POINT('',(-1.021999991411E2,-1.384651890171E1,
-9.075262166353E-1));
#5206=LINE('',#5205,#5204);
#5207=DIRECTION('',(0.E0,0.E0,1.E0));
#5208=VECTOR('',#5207,1.500000000001E0);
#5209=CARTESIAN_POINT('',(-1.021999991411E2,-1.384651890171E1,
-2.407526216636E0));
#5210=LINE('',#5209,#5208);
#5211=DIRECTION('',(0.E0,1.E0,0.E0));
#5212=VECTOR('',#5211,1.4E1);
#5213=CARTESIAN_POINT('',(1.024375007409E2,2.905348109842E1,
-9.075262166354E-1));
#5214=LINE('',#5213,#5212);
#5215=DIRECTION('',(0.E0,0.E0,1.E0));
#5216=VECTOR('',#5215,1.5E0);
#5217=CARTESIAN_POINT('',(1.024375007409E2,2.905348109842E1,-2.407526216636E0));
#5218=LINE('',#5217,#5216);
#5219=DIRECTION('',(-1.E0,0.E0,0.E0));
#5220=VECTOR('',#5219,1.4E1);
#5221=CARTESIAN_POINT('',(1.024375007409E2,4.305348109843E1,
-9.075262166354E-1));
#5222=LINE('',#5221,#5220);
#5223=DIRECTION('',(0.E0,0.E0,1.E0));
#5224=VECTOR('',#5223,1.5E0);
#5225=CARTESIAN_POINT('',(1.024375007409E2,4.305348109843E1,-2.407526216636E0));
#5226=LINE('',#5225,#5224);
#5227=DIRECTION('',(0.E0,-1.E0,0.E0));
#5228=VECTOR('',#5227,1.4E1);
#5229=CARTESIAN_POINT('',(8.843750074092E1,4.305348109843E1,
-9.075262166354E-1));
#5230=LINE('',#5229,#5228);
#5231=DIRECTION('',(0.E0,0.E0,1.E0));
#5232=VECTOR('',#5231,1.5E0);
#5233=CARTESIAN_POINT('',(8.843750074092E1,4.305348109843E1,-2.407526216636E0));
#5234=LINE('',#5233,#5232);
#5235=DIRECTION('',(1.E0,0.E0,0.E0));
#5236=VECTOR('',#5235,1.4E1);
#5237=CARTESIAN_POINT('',(8.843750074092E1,2.905348109842E1,
-9.075262166354E-1));
#5238=LINE('',#5237,#5236);
#5239=DIRECTION('',(0.E0,0.E0,1.E0));
#5240=VECTOR('',#5239,1.5E0);
#5241=CARTESIAN_POINT('',(8.843750074092E1,2.905348109842E1,-2.407526216636E0));
#5242=LINE('',#5241,#5240);
#5243=DIRECTION('',(0.E0,1.E0,0.E0));
#5244=VECTOR('',#5243,1.4E1);
#5245=CARTESIAN_POINT('',(8.080000085970E1,-7.099651890161E1,
-9.075262166352E-1));
#5246=LINE('',#5245,#5244);
#5247=DIRECTION('',(0.E0,0.E0,1.E0));
#5248=VECTOR('',#5247,1.500000000001E0);
#5249=CARTESIAN_POINT('',(8.080000085970E1,-7.099651890161E1,
-2.407526216636E0));
#5250=LINE('',#5249,#5248);
#5251=DIRECTION('',(-1.E0,0.E0,0.E0));
#5252=VECTOR('',#5251,1.4E1);
#5253=CARTESIAN_POINT('',(8.080000085970E1,-5.699651890161E1,
-9.075262166352E-1));
#5254=LINE('',#5253,#5252);
#5255=DIRECTION('',(0.E0,0.E0,1.E0));
#5256=VECTOR('',#5255,1.500000000001E0);
#5257=CARTESIAN_POINT('',(8.080000085970E1,-5.699651890161E1,
-2.407526216636E0));
#5258=LINE('',#5257,#5256);
#5259=DIRECTION('',(0.E0,-1.E0,0.E0));
#5260=VECTOR('',#5259,1.4E1);
#5261=CARTESIAN_POINT('',(6.680000085970E1,-5.699651890161E1,
-9.075262166352E-1));
#5262=LINE('',#5261,#5260);
#5263=DIRECTION('',(0.E0,0.E0,1.E0));
#5264=VECTOR('',#5263,1.500000000001E0);
#5265=CARTESIAN_POINT('',(6.680000085970E1,-5.699651890161E1,
-2.407526216636E0));
#5266=LINE('',#5265,#5264);
#5267=DIRECTION('',(1.E0,0.E0,0.E0));
#5268=VECTOR('',#5267,1.4E1);
#5269=CARTESIAN_POINT('',(6.680000085970E1,-7.099651890161E1,
-9.075262166352E-1));
#5270=LINE('',#5269,#5268);
#5271=DIRECTION('',(0.E0,0.E0,1.E0));
#5272=VECTOR('',#5271,1.500000000001E0);
#5273=CARTESIAN_POINT('',(6.680000085970E1,-7.099651890161E1,
-2.407526216636E0));
#5274=LINE('',#5273,#5272);
#5275=DIRECTION('',(0.E0,1.E0,0.E0));
#5276=VECTOR('',#5275,1.4E1);
#5277=CARTESIAN_POINT('',(-8.569999913996E1,-7.099651890161E1,
-9.075262166352E-1));
#5278=LINE('',#5277,#5276);
#5279=DIRECTION('',(0.E0,0.E0,1.E0));
#5280=VECTOR('',#5279,1.500000000001E0);
#5281=CARTESIAN_POINT('',(-8.569999913996E1,-7.099651890161E1,
-2.407526216636E0));
#5282=LINE('',#5281,#5280);
#5283=DIRECTION('',(-1.E0,0.E0,0.E0));
#5284=VECTOR('',#5283,1.4E1);
#5285=CARTESIAN_POINT('',(-8.569999913996E1,-5.699651890161E1,
-9.075262166352E-1));
#5286=LINE('',#5285,#5284);
#5287=DIRECTION('',(0.E0,0.E0,1.E0));
#5288=VECTOR('',#5287,1.500000000001E0);
#5289=CARTESIAN_POINT('',(-8.569999913996E1,-5.699651890161E1,
-2.407526216636E0));
#5290=LINE('',#5289,#5288);
#5291=DIRECTION('',(0.E0,-1.E0,0.E0));
#5292=VECTOR('',#5291,1.4E1);
#5293=CARTESIAN_POINT('',(-9.969999913996E1,-5.699651890161E1,
-9.075262166352E-1));
#5294=LINE('',#5293,#5292);
#5295=DIRECTION('',(0.E0,0.E0,1.E0));
#5296=VECTOR('',#5295,1.500000000001E0);
#5297=CARTESIAN_POINT('',(-9.969999913996E1,-5.699651890161E1,
-2.407526216636E0));
#5298=LINE('',#5297,#5296);
#5299=DIRECTION('',(1.E0,0.E0,0.E0));
#5300=VECTOR('',#5299,1.4E1);
#5301=CARTESIAN_POINT('',(-9.969999913996E1,-7.099651890161E1,
-9.075262166352E-1));
#5302=LINE('',#5301,#5300);
#5303=DIRECTION('',(0.E0,0.E0,1.E0));
#5304=VECTOR('',#5303,1.500000000001E0);
#5305=CARTESIAN_POINT('',(-9.969999913996E1,-7.099651890161E1,
-2.407526216636E0));
#5306=LINE('',#5305,#5304);
#5307=DIRECTION('',(0.E0,1.E0,0.E0));
#5308=VECTOR('',#5307,1.4E1);
#5309=CARTESIAN_POINT('',(2.300000860440E0,-5.194651890313E1,
-9.075262166352E-1));
#5310=LINE('',#5309,#5308);
#5311=DIRECTION('',(0.E0,0.E0,1.E0));
#5312=VECTOR('',#5311,1.500000000001E0);
#5313=CARTESIAN_POINT('',(2.300000860440E0,-5.194651890313E1,
-2.407526216636E0));
#5314=LINE('',#5313,#5312);
#5315=DIRECTION('',(-1.E0,0.E0,0.E0));
#5316=VECTOR('',#5315,1.4E1);
#5317=CARTESIAN_POINT('',(2.300000860440E0,-3.794651890312E1,
-9.075262166352E-1));
#5318=LINE('',#5317,#5316);
#5319=DIRECTION('',(0.E0,0.E0,1.E0));
#5320=VECTOR('',#5319,1.500000000001E0);
#5321=CARTESIAN_POINT('',(2.300000860440E0,-3.794651890312E1,
-2.407526216636E0));
#5322=LINE('',#5321,#5320);
#5323=DIRECTION('',(0.E0,-1.E0,0.E0));
#5324=VECTOR('',#5323,1.4E1);
#5325=CARTESIAN_POINT('',(-1.169999913956E1,-3.794651890312E1,
-9.075262166352E-1));
#5326=LINE('',#5325,#5324);
#5327=DIRECTION('',(0.E0,0.E0,1.E0));
#5328=VECTOR('',#5327,1.500000000001E0);
#5329=CARTESIAN_POINT('',(-1.169999913956E1,-3.794651890312E1,
-2.407526216636E0));
#5330=LINE('',#5329,#5328);
#5331=DIRECTION('',(1.E0,0.E0,0.E0));
#5332=VECTOR('',#5331,1.4E1);
#5333=CARTESIAN_POINT('',(-1.169999913956E1,-5.194651890313E1,
-9.075262166352E-1));
#5334=LINE('',#5333,#5332);
#5335=DIRECTION('',(0.E0,0.E0,1.E0));
#5336=VECTOR('',#5335,1.500000000001E0);
#5337=CARTESIAN_POINT('',(-1.169999913956E1,-5.194651890313E1,
-2.407526216636E0));
#5338=LINE('',#5337,#5336);
#5339=DIRECTION('',(0.E0,1.E0,0.E0));
#5340=VECTOR('',#5339,1.4E1);
#5341=CARTESIAN_POINT('',(1.261250008593E2,-1.384651890159E1,
-9.075262166353E-1));
#5342=LINE('',#5341,#5340);
#5343=DIRECTION('',(0.E0,0.E0,1.E0));
#5344=VECTOR('',#5343,1.500000000001E0);
#5345=CARTESIAN_POINT('',(1.261250008593E2,-1.384651890159E1,
-2.407526216636E0));
#5346=LINE('',#5345,#5344);
#5347=DIRECTION('',(-1.E0,0.E0,0.E0));
#5348=VECTOR('',#5347,1.4E1);
#5349=CARTESIAN_POINT('',(1.261250008593E2,1.534810984163E-1,
-9.075262166353E-1));
#5350=LINE('',#5349,#5348);
#5351=DIRECTION('',(0.E0,0.E0,1.E0));
#5352=VECTOR('',#5351,1.500000000001E0);
#5353=CARTESIAN_POINT('',(1.261250008593E2,1.534810984163E-1,
-2.407526216636E0));
#5354=LINE('',#5353,#5352);
#5355=DIRECTION('',(0.E0,-1.E0,0.E0));
#5356=VECTOR('',#5355,1.4E1);
#5357=CARTESIAN_POINT('',(1.121250008593E2,1.534810984163E-1,
-9.075262166353E-1));
#5358=LINE('',#5357,#5356);
#5359=DIRECTION('',(0.E0,0.E0,1.E0));
#5360=VECTOR('',#5359,1.500000000001E0);
#5361=CARTESIAN_POINT('',(1.121250008593E2,1.534810984163E-1,
-2.407526216636E0));
#5362=LINE('',#5361,#5360);
#5363=DIRECTION('',(1.E0,0.E0,0.E0));
#5364=VECTOR('',#5363,1.4E1);
#5365=CARTESIAN_POINT('',(1.121250008593E2,-1.384651890159E1,
-9.075262166353E-1));
#5366=LINE('',#5365,#5364);
#5367=DIRECTION('',(0.E0,0.E0,1.E0));
#5368=VECTOR('',#5367,1.500000000001E0);
#5369=CARTESIAN_POINT('',(1.121250008593E2,-1.384651890159E1,
-2.407526216636E0));
#5370=LINE('',#5369,#5368);
#5371=DIRECTION('',(0.E0,-1.E0,0.E0));
#5372=VECTOR('',#5371,7.400385172992E-1);
#5373=CARTESIAN_POINT('',(1.230500007679E2,6.178481099763E0,
-9.075262166358E-1));
#5374=LINE('',#5373,#5372);
#5375=DIRECTION('',(0.E0,0.E0,1.E0));
#5376=VECTOR('',#5375,1.5E0);
#5377=CARTESIAN_POINT('',(1.230500007679E2,6.178481099763E0,-2.407526216636E0));
#5378=LINE('',#5377,#5376);
#5379=DIRECTION('',(1.E0,1.359433522610E-8,0.E0));
#5380=VECTOR('',#5379,1.771542052873E0);
#5381=CARTESIAN_POINT('',(1.230500007679E2,5.438442582464E0,
-9.075262166358E-1));
#5382=LINE('',#5381,#5380);
#5383=DIRECTION('',(0.E0,0.E0,1.E0));
#5384=VECTOR('',#5383,1.5E0);
#5385=CARTESIAN_POINT('',(1.230500007679E2,5.438442582464E0,-2.407526216636E0));
#5386=LINE('',#5385,#5384);
#5387=DIRECTION('',(0.E0,-1.E0,0.E0));
#5388=VECTOR('',#5387,1.500317069947E0);
#5389=CARTESIAN_POINT('',(1.248215428208E2,5.438442606547E0,
-9.075262166358E-1));
#5390=LINE('',#5389,#5388);
#5391=DIRECTION('',(1.894780628694E-14,0.E0,1.E0));
#5392=VECTOR('',#5391,1.5E0);
#5393=CARTESIAN_POINT('',(1.248215428208E2,5.438442606547E0,-2.407526216636E0));
#5394=LINE('',#5393,#5392);
#5395=DIRECTION('',(1.E0,0.E0,0.E0));
#5396=VECTOR('',#5395,3.105956494746E0);
#5397=CARTESIAN_POINT('',(1.248215428208E2,3.938125536599E0,
-9.075262166358E-1));
#5398=LINE('',#5397,#5396);
#5399=DIRECTION('',(1.894780628694E-14,0.E0,1.E0));
#5400=VECTOR('',#5399,1.5E0);
#5401=CARTESIAN_POINT('',(1.248215428208E2,3.938125536599E0,-2.407526216636E0));
#5402=LINE('',#5401,#5400);
#5403=DIRECTION('',(0.E0,1.E0,0.E0));
#5404=VECTOR('',#5403,1.500317069947E0);
#5405=CARTESIAN_POINT('',(1.279274993155E2,3.938125536599E0,
-9.075262166358E-1));
#5406=LINE('',#5405,#5404);
#5407=DIRECTION('',(0.E0,0.E0,1.E0));
#5408=VECTOR('',#5407,1.5E0);
#5409=CARTESIAN_POINT('',(1.279274993155E2,3.938125536599E0,-2.407526216636E0));
#5410=LINE('',#5409,#5408);
#5411=DIRECTION('',(1.E0,-1.358697634153E-8,0.E0));
#5412=VECTOR('',#5411,1.772501543281E0);
#5413=CARTESIAN_POINT('',(1.279274993155E2,5.438442606547E0,
-9.075262166358E-1));
#5414=LINE('',#5413,#5412);
#5415=DIRECTION('',(0.E0,0.E0,1.E0));
#5416=VECTOR('',#5415,1.5E0);
#5417=CARTESIAN_POINT('',(1.279274993155E2,5.438442606547E0,-2.407526216636E0));
#5418=LINE('',#5417,#5416);
#5419=DIRECTION('',(-6.121598959326E-14,1.E0,0.E0));
#5420=VECTOR('',#5419,6.499999994600E0);
#5421=CARTESIAN_POINT('',(1.297000008588E2,5.438442582464E0,
-9.075262166358E-1));
#5422=LINE('',#5421,#5420);
#5423=DIRECTION('',(1.894780628694E-14,0.E0,1.E0));
#5424=VECTOR('',#5423,1.5E0);
#5425=CARTESIAN_POINT('',(1.297000008588E2,5.438442582464E0,-2.407526216636E0));
#5426=LINE('',#5425,#5424);
#5427=DIRECTION('',(1.E0,1.559246561972E-13,0.E0));
#5428=VECTOR('',#5427,8.999999983012E-1);
#5429=CARTESIAN_POINT('',(1.297000008588E2,1.193844257706E1,
-9.075262166358E-1));
#5430=LINE('',#5429,#5428);
#5431=DIRECTION('',(-1.894780628694E-14,0.E0,1.E0));
#5432=VECTOR('',#5431,1.5E0);
#5433=CARTESIAN_POINT('',(1.297000008588E2,1.193844257706E1,-2.407526216636E0));
#5434=LINE('',#5433,#5432);
#5435=DIRECTION('',(-1.392083725954E-13,1.E0,0.E0));
#5436=VECTOR('',#5435,2.450000002200E0);
#5437=CARTESIAN_POINT('',(1.306000008571E2,1.193844257706E1,
-9.075262166358E-1));
#5438=LINE('',#5437,#5436);
#5439=DIRECTION('',(3.789561257387E-14,0.E0,1.E0));
#5440=VECTOR('',#5439,1.5E0);
#5441=CARTESIAN_POINT('',(1.306000008571E2,1.193844257706E1,-2.407526216636E0));
#5442=LINE('',#5441,#5440);
#5443=DIRECTION('',(-1.E0,-1.263187088181E-13,0.E0));
#5444=VECTOR('',#5443,8.999999983004E-1);
#5445=CARTESIAN_POINT('',(1.306000008571E2,1.438844257926E1,
-9.075262166358E-1));
#5446=LINE('',#5445,#5444);
#5447=DIRECTION('',(0.E0,0.E0,1.E0));
#5448=VECTOR('',#5447,1.5E0);
#5449=CARTESIAN_POINT('',(1.306000008571E2,1.438844257926E1,-2.407526216636E0));
#5450=LINE('',#5449,#5448);
#5451=DIRECTION('',(-1.399222616002E-13,1.E0,0.E0));
#5452=VECTOR('',#5451,3.250000004900E0);
#5453=CARTESIAN_POINT('',(1.297000008588E2,1.438844257926E1,
-9.075262166358E-1));
#5454=LINE('',#5453,#5452);
#5455=DIRECTION('',(0.E0,0.E0,1.E0));
#5456=VECTOR('',#5455,1.5E0);
#5457=CARTESIAN_POINT('',(1.297000008588E2,1.438844257926E1,-2.407526216636E0));
#5458=LINE('',#5457,#5456);
#5459=DIRECTION('',(-1.E0,-1.869849096249E-14,0.E0));
#5460=VECTOR('',#5459,6.650000741100E0);
#5461=CARTESIAN_POINT('',(1.297000008588E2,1.763844258416E1,
-9.075262166358E-1));
#5462=LINE('',#5461,#5460);
#5463=DIRECTION('',(-1.894780628694E-14,0.E0,1.E0));
#5464=VECTOR('',#5463,1.5E0);
#5465=CARTESIAN_POINT('',(1.297000008588E2,1.763844258416E1,-2.407526216636E0));
#5466=LINE('',#5465,#5464);
#5467=DIRECTION('',(1.268045491773E-13,-1.E0,0.E0));
#5468=VECTOR('',#5467,3.250000015100E0);
#5469=CARTESIAN_POINT('',(1.230500001177E2,1.763844258416E1,
-9.075262166358E-1));
#5470=LINE('',#5469,#5468);
#5471=DIRECTION('',(-1.894780628694E-14,0.E0,1.E0));
#5472=VECTOR('',#5471,1.5E0);
#5473=CARTESIAN_POINT('',(1.230500001177E2,1.763844258416E1,-2.407526216636E0));
#5474=LINE('',#5473,#5472);
#5475=DIRECTION('',(-1.E0,-7.847788916825E-14,1.460855301747E-13));
#5476=VECTOR('',#5475,1.674999257865E0);
#5477=CARTESIAN_POINT('',(1.230500001177E2,1.438844256906E1,
-9.075262166358E-1));
#5478=LINE('',#5477,#5476);
#5479=DIRECTION('',(3.789561257387E-14,1.184237892933E-14,1.E0));
#5480=VECTOR('',#5479,1.5E0);
#5481=CARTESIAN_POINT('',(1.230500001177E2,1.438844256906E1,-2.407526216636E0));
#5482=LINE('',#5481,#5480);
#5483=DIRECTION('',(0.E0,0.E0,1.E0));
#5484=VECTOR('',#5483,1.5E0);
#5485=CARTESIAN_POINT('',(1.213750008598E2,1.438844256906E1,-2.407526216636E0));
#5486=LINE('',#5485,#5484);
#5487=DIRECTION('',(-6.788100584091E-14,1.E0,5.077240993943E-14));
#5488=VECTOR('',#5487,4.815038528092E0);
#5489=CARTESIAN_POINT('',(1.213750008598E2,1.438844256906E1,
-9.075262166356E-1));
#5490=LINE('',#5489,#5488);
#5491=DIRECTION('',(-1.E0,0.E0,0.E0));
#5492=VECTOR('',#5491,1.4E1);
#5493=CARTESIAN_POINT('',(1.213750008598E2,1.920348109716E1,
-9.075262166353E-1));
#5494=LINE('',#5493,#5492);
#5495=DIRECTION('',(0.E0,0.E0,1.E0));
#5496=VECTOR('',#5495,1.5E0);
#5497=CARTESIAN_POINT('',(1.213750008598E2,1.920348109716E1,-2.407526216636E0));
#5498=LINE('',#5497,#5496);
#5499=DIRECTION('',(0.E0,0.E0,-1.E0));
#5500=VECTOR('',#5499,1.5E0);
#5501=CARTESIAN_POINT('',(1.073750008598E2,1.438844256146E1,
-9.075262166356E-1));
#5502=LINE('',#5501,#5500);
#5503=DIRECTION('',(7.083235380914E-14,-1.E0,-5.081852467296E-14));
#5504=VECTOR('',#5503,4.815038535693E0);
#5505=CARTESIAN_POINT('',(1.073750008598E2,1.920348109716E1,
-9.075262166353E-1));
#5506=LINE('',#5505,#5504);
#5507=DIRECTION('',(0.E0,0.E0,1.E0));
#5508=VECTOR('',#5507,1.5E0);
#5509=CARTESIAN_POINT('',(1.073750008598E2,1.920348109716E1,-2.407526216636E0));
#5510=LINE('',#5509,#5508);
#5511=DIRECTION('',(-1.E0,1.187772409484E-13,-1.462842470832E-13));
#5512=VECTOR('',#5511,1.675000736035E0);
#5513=CARTESIAN_POINT('',(1.073750008598E2,1.438844256146E1,
-9.075262166356E-1));
#5514=LINE('',#5513,#5512);
#5515=DIRECTION('',(-1.399222615960E-13,1.E0,0.E0));
#5516=VECTOR('',#5515,3.250000005E0);
#5517=CARTESIAN_POINT('',(1.057000001238E2,1.438844256146E1,
-9.075262166358E-1));
#5518=LINE('',#5517,#5516);
#5519=DIRECTION('',(0.E0,-1.184237892933E-14,1.E0));
#5520=VECTOR('',#5519,1.5E0);
#5521=CARTESIAN_POINT('',(1.057000001238E2,1.438844256146E1,-2.407526216636E0));
#5522=LINE('',#5521,#5520);
#5523=DIRECTION('',(-1.E0,-2.778062131992E-14,0.E0));
#5524=VECTOR('',#5523,6.649999262800E0);
#5525=CARTESIAN_POINT('',(1.057000001238E2,1.763844256646E1,
-9.075262166358E-1));
#5526=LINE('',#5525,#5524);
#5527=DIRECTION('',(0.E0,0.E0,1.E0));
#5528=VECTOR('',#5527,1.5E0);
#5529=CARTESIAN_POINT('',(1.057000001238E2,1.763844256646E1,-2.407526216636E0));
#5530=LINE('',#5529,#5528);
#5531=DIRECTION('',(1.399222615960E-13,-1.E0,0.E0));
#5532=VECTOR('',#5531,3.250000005E0);
#5533=CARTESIAN_POINT('',(9.905000086100E1,1.763844256646E1,
-9.075262166358E-1));
#5534=LINE('',#5533,#5532);
#5535=DIRECTION('',(0.E0,0.E0,1.E0));
#5536=VECTOR('',#5535,1.5E0);
#5537=CARTESIAN_POINT('',(9.905000086100E1,1.763844256646E1,-2.407526216636E0));
#5538=LINE('',#5537,#5536);
#5539=DIRECTION('',(-1.E0,-1.243449779287E-13,0.E0));
#5540=VECTOR('',#5539,9.000000060027E-1);
#5541=CARTESIAN_POINT('',(9.905000086100E1,1.438844256146E1,
-9.075262166358E-1));
#5542=LINE('',#5541,#5540);
#5543=DIRECTION('',(0.E0,0.E0,1.E0));
#5544=VECTOR('',#5543,1.5E0);
#5545=CARTESIAN_POINT('',(9.905000086100E1,1.438844256146E1,-2.407526216636E0));
#5546=LINE('',#5545,#5544);
#5547=DIRECTION('',(1.334080237372E-13,-1.E0,0.E0));
#5548=VECTOR('',#5547,2.450000002199E0);
#5549=CARTESIAN_POINT('',(9.815000085500E1,1.438844256146E1,
-9.075262166358E-1));
#5550=LINE('',#5549,#5548);
#5551=DIRECTION('',(0.E0,0.E0,1.E0));
#5552=VECTOR('',#5551,1.5E0);
#5553=CARTESIAN_POINT('',(9.815000085500E1,1.438844256146E1,-2.407526216636E0));
#5554=LINE('',#5553,#5552);
#5555=DIRECTION('',(1.E0,1.223712481204E-13,0.E0));
#5556=VECTOR('',#5555,9.000000060018E-1);
#5557=CARTESIAN_POINT('',(9.815000085500E1,1.193844255926E1,
-9.075262166358E-1));
#5558=LINE('',#5557,#5556);
#5559=DIRECTION('',(1.894780628694E-14,0.E0,1.E0));
#5560=VECTOR('',#5559,1.5E0);
#5561=CARTESIAN_POINT('',(9.815000085500E1,1.193844255926E1,-2.407526216636E0));
#5562=LINE('',#5561,#5560);
#5563=DIRECTION('',(5.247084822279E-14,-1.E0,0.E0));
#5564=VECTOR('',#5563,6.499999994601E0);
#5565=CARTESIAN_POINT('',(9.905000086100E1,1.193844255926E1,
-9.075262166358E-1));
#5566=LINE('',#5565,#5564);
#5567=DIRECTION('',(-1.894780628694E-14,0.E0,1.E0));
#5568=VECTOR('',#5567,1.5E0);
#5569=CARTESIAN_POINT('',(9.905000086100E1,1.193844255926E1,-2.407526216636E0));
#5570=LINE('',#5569,#5568);
#5571=DIRECTION('',(1.E0,1.359004429700E-8,0.E0));
#5572=VECTOR('',#5571,1.771541961193E0);
#5573=CARTESIAN_POINT('',(9.905000086100E1,5.438442564663E0,
-9.075262166358E-1));
#5574=LINE('',#5573,#5572);
#5575=DIRECTION('',(0.E0,0.E0,1.E0));
#5576=VECTOR('',#5575,1.5E0);
#5577=CARTESIAN_POINT('',(9.905000086100E1,5.438442564663E0,-2.407526216636E0));
#5578=LINE('',#5577,#5576);
#5579=DIRECTION('',(0.E0,-1.E0,0.E0));
#5580=VECTOR('',#5579,1.500317057215E0);
#5581=CARTESIAN_POINT('',(1.008215428222E2,5.438442588738E0,
-9.075262166358E-1));
#5582=LINE('',#5581,#5580);
#5583=DIRECTION('',(0.E0,0.E0,1.E0));
#5584=VECTOR('',#5583,1.5E0);
#5585=CARTESIAN_POINT('',(1.008215428222E2,5.438442588738E0,-2.407526216636E0));
#5586=LINE('',#5585,#5584);
#5587=DIRECTION('',(1.E0,0.E0,0.E0));
#5588=VECTOR('',#5587,3.105956494885E0);
#5589=CARTESIAN_POINT('',(1.008215428222E2,3.938125531523E0,
-9.075262166358E-1));
#5590=LINE('',#5589,#5588);
#5591=DIRECTION('',(0.E0,0.E0,1.E0));
#5592=VECTOR('',#5591,1.5E0);
#5593=CARTESIAN_POINT('',(1.008215428222E2,3.938125531523E0,-2.407526216636E0));
#5594=LINE('',#5593,#5592);
#5595=DIRECTION('',(0.E0,1.E0,0.E0));
#5596=VECTOR('',#5595,1.500317057215E0);
#5597=CARTESIAN_POINT('',(1.039274993171E2,3.938125531523E0,
-9.075262166358E-1));
#5598=LINE('',#5597,#5596);
#5599=DIRECTION('',(1.894780628694E-14,0.E0,1.E0));
#5600=VECTOR('',#5599,1.5E0);
#5601=CARTESIAN_POINT('',(1.039274993171E2,3.938125531523E0,-2.407526216636E0));
#5602=LINE('',#5601,#5600);
#5603=DIRECTION('',(1.E0,-1.358268723127E-8,0.E0));
#5604=VECTOR('',#5603,1.772501451922E0);
#5605=CARTESIAN_POINT('',(1.039274993171E2,5.438442588738E0,
-9.075262166358E-1));
#5606=LINE('',#5605,#5604);
#5607=DIRECTION('',(1.894780628694E-14,0.E0,1.E0));
#5608=VECTOR('',#5607,1.5E0);
#5609=CARTESIAN_POINT('',(1.039274993171E2,5.438442588738E0,-2.407526216636E0));
#5610=LINE('',#5609,#5608);
#5611=DIRECTION('',(0.E0,1.E0,0.E0));
#5612=VECTOR('',#5611,7.400385350999E-1);
#5613=CARTESIAN_POINT('',(1.057000007690E2,5.438442564663E0,
-9.075262166358E-1));
#5614=LINE('',#5613,#5612);
#5615=DIRECTION('',(0.E0,0.E0,1.E0));
#5616=VECTOR('',#5615,1.5E0);
#5617=CARTESIAN_POINT('',(1.057000007690E2,5.438442564663E0,-2.407526216636E0));
#5618=LINE('',#5617,#5616);
#5619=DIRECTION('',(1.E0,0.E0,1.460854575270E-13));
#5620=VECTOR('',#5619,1.675000090835E0);
#5621=CARTESIAN_POINT('',(1.057000007690E2,6.178481099763E0,
-9.075262166358E-1));
#5622=LINE('',#5621,#5620);
#5623=DIRECTION('',(0.E0,0.E0,1.E0));
#5624=VECTOR('',#5623,1.5E0);
#5625=CARTESIAN_POINT('',(1.057000007690E2,6.178481099763E0,-2.407526216636E0));
#5626=LINE('',#5625,#5624);
#5627=DIRECTION('',(0.E0,0.E0,1.E0));
#5628=VECTOR('',#5627,1.5E0);
#5629=CARTESIAN_POINT('',(1.073750008598E2,6.178481099763E0,-2.407526216636E0));
#5630=LINE('',#5629,#5628);
#5631=DIRECTION('',(-3.352304180259E-13,-1.E0,2.509673374080E-13));
#5632=VECTOR('',#5631,9.750000026084E-1);
#5633=CARTESIAN_POINT('',(1.073750008598E2,6.178481099763E0,
-9.075262166356E-1));
#5634=LINE('',#5633,#5632);
#5635=DIRECTION('',(1.E0,0.E0,0.E0));
#5636=VECTOR('',#5635,1.4E1);
#5637=CARTESIAN_POINT('',(1.073750008598E2,5.203481097154E0,
-9.075262166353E-1));
#5638=LINE('',#5637,#5636);
#5639=DIRECTION('',(0.E0,0.E0,1.E0));
#5640=VECTOR('',#5639,1.5E0);
#5641=CARTESIAN_POINT('',(1.073750008598E2,5.203481097154E0,-2.407526216636E0));
#5642=LINE('',#5641,#5640);
#5643=DIRECTION('',(0.E0,0.E0,-1.E0));
#5644=VECTOR('',#5643,1.5E0);
#5645=CARTESIAN_POINT('',(1.213750008598E2,6.178481099763E0,
-9.075262166356E-1));
#5646=LINE('',#5645,#5644);
#5647=DIRECTION('',(3.498056535922E-13,1.E0,-2.506257303244E-13));
#5648=VECTOR('',#5647,9.750000026084E-1);
#5649=CARTESIAN_POINT('',(1.213750008598E2,5.203481097154E0,
-9.075262166353E-1));
#5650=LINE('',#5649,#5648);
#5651=DIRECTION('',(0.E0,0.E0,1.E0));
#5652=VECTOR('',#5651,1.5E0);
#5653=CARTESIAN_POINT('',(1.213750008598E2,5.203481097154E0,-2.407526216636E0));
#5654=LINE('',#5653,#5652);
#5655=DIRECTION('',(1.E0,0.E0,-1.458866275416E-13));
#5656=VECTOR('',#5655,1.674999908065E0);
#5657=CARTESIAN_POINT('',(1.213750008598E2,6.178481099763E0,
-9.075262166356E-1));
#5658=LINE('',#5657,#5656);
#5659=DIRECTION('',(0.E0,1.E0,0.E0));
#5660=VECTOR('',#5659,1.4E1);
#5661=CARTESIAN_POINT('',(7.375000085992E1,5.203481098425E0,
-9.075262166354E-1));
#5662=LINE('',#5661,#5660);
#5663=DIRECTION('',(0.E0,0.E0,1.E0));
#5664=VECTOR('',#5663,1.5E0);
#5665=CARTESIAN_POINT('',(7.375000085992E1,5.203481098424E0,-2.407526216636E0));
#5666=LINE('',#5665,#5664);
#5667=DIRECTION('',(-1.E0,0.E0,0.E0));
#5668=VECTOR('',#5667,1.4E1);
#5669=CARTESIAN_POINT('',(7.375000085992E1,1.920348109843E1,
-9.075262166354E-1));
#5670=LINE('',#5669,#5668);
#5671=DIRECTION('',(0.E0,0.E0,1.E0));
#5672=VECTOR('',#5671,1.5E0);
#5673=CARTESIAN_POINT('',(7.375000085992E1,1.920348109843E1,-2.407526216636E0));
#5674=LINE('',#5673,#5672);
#5675=DIRECTION('',(0.E0,-1.E0,0.E0));
#5676=VECTOR('',#5675,1.4E1);
#5677=CARTESIAN_POINT('',(5.975000085992E1,1.920348109843E1,
-9.075262166354E-1));
#5678=LINE('',#5677,#5676);
#5679=DIRECTION('',(0.E0,0.E0,1.E0));
#5680=VECTOR('',#5679,1.5E0);
#5681=CARTESIAN_POINT('',(5.975000085992E1,1.920348109843E1,-2.407526216636E0));
#5682=LINE('',#5681,#5680);
#5683=DIRECTION('',(1.E0,0.E0,0.E0));
#5684=VECTOR('',#5683,1.4E1);
#5685=CARTESIAN_POINT('',(5.975000085992E1,5.203481098425E0,
-9.075262166354E-1));
#5686=LINE('',#5685,#5684);
#5687=DIRECTION('',(0.E0,0.E0,1.E0));
#5688=VECTOR('',#5687,1.5E0);
#5689=CARTESIAN_POINT('',(5.975000085992E1,5.203481098424E0,-2.407526216636E0));
#5690=LINE('',#5689,#5688);
#5691=DIRECTION('',(0.E0,1.E0,0.E0));
#5692=VECTOR('',#5691,1.4E1);
#5693=CARTESIAN_POINT('',(-1.357999991401E2,2.905348109842E1,
-9.075262166354E-1));
#5694=LINE('',#5693,#5692);
#5695=DIRECTION('',(0.E0,0.E0,1.E0));
#5696=VECTOR('',#5695,1.5E0);
#5697=CARTESIAN_POINT('',(-1.357999991401E2,2.905348109842E1,
-2.407526216636E0));
#5698=LINE('',#5697,#5696);
#5699=DIRECTION('',(-1.E0,0.E0,0.E0));
#5700=VECTOR('',#5699,1.4E1);
#5701=CARTESIAN_POINT('',(-1.357999991401E2,4.305348109843E1,
-9.075262166354E-1));
#5702=LINE('',#5701,#5700);
#5703=DIRECTION('',(0.E0,0.E0,1.E0));
#5704=VECTOR('',#5703,1.5E0);
#5705=CARTESIAN_POINT('',(-1.357999991401E2,4.305348109843E1,
-2.407526216636E0));
#5706=LINE('',#5705,#5704);
#5707=DIRECTION('',(0.E0,-1.E0,0.E0));
#5708=VECTOR('',#5707,1.4E1);
#5709=CARTESIAN_POINT('',(-1.497999991401E2,4.305348109843E1,
-9.075262166354E-1));
#5710=LINE('',#5709,#5708);
#5711=DIRECTION('',(0.E0,0.E0,1.E0));
#5712=VECTOR('',#5711,1.5E0);
#5713=CARTESIAN_POINT('',(-1.497999991401E2,4.305348109843E1,
-2.407526216636E0));
#5714=LINE('',#5713,#5712);
#5715=DIRECTION('',(1.E0,0.E0,0.E0));
#5716=VECTOR('',#5715,1.4E1);
#5717=CARTESIAN_POINT('',(-1.497999991401E2,2.905348109842E1,
-9.075262166354E-1));
#5718=LINE('',#5717,#5716);
#5719=DIRECTION('',(0.E0,0.E0,1.E0));
#5720=VECTOR('',#5719,1.5E0);
#5721=CARTESIAN_POINT('',(-1.497999991401E2,2.905348109842E1,
-2.407526216636E0));
#5722=LINE('',#5721,#5720);
#5723=DIRECTION('',(0.E0,1.E0,0.E0));
#5724=VECTOR('',#5723,1.4E1);
#5725=CARTESIAN_POINT('',(-3.104999914108E1,-1.384651890171E1,
-9.075262166353E-1));
#5726=LINE('',#5725,#5724);
#5727=DIRECTION('',(0.E0,0.E0,1.E0));
#5728=VECTOR('',#5727,1.500000000001E0);
#5729=CARTESIAN_POINT('',(-3.104999914108E1,-1.384651890171E1,
-2.407526216636E0));
#5730=LINE('',#5729,#5728);
#5731=DIRECTION('',(-1.E0,0.E0,0.E0));
#5732=VECTOR('',#5731,1.4E1);
#5733=CARTESIAN_POINT('',(-3.104999914108E1,1.534810982963E-1,
-9.075262166353E-1));
#5734=LINE('',#5733,#5732);
#5735=DIRECTION('',(0.E0,0.E0,1.E0));
#5736=VECTOR('',#5735,1.500000000001E0);
#5737=CARTESIAN_POINT('',(-3.104999914108E1,1.534810982963E-1,
-2.407526216636E0));
#5738=LINE('',#5737,#5736);
#5739=DIRECTION('',(0.E0,-1.E0,0.E0));
#5740=VECTOR('',#5739,1.4E1);
#5741=CARTESIAN_POINT('',(-4.504999914108E1,1.534810982963E-1,
-9.075262166353E-1));
#5742=LINE('',#5741,#5740);
#5743=DIRECTION('',(0.E0,0.E0,1.E0));
#5744=VECTOR('',#5743,1.500000000001E0);
#5745=CARTESIAN_POINT('',(-4.504999914108E1,1.534810982963E-1,
-2.407526216636E0));
#5746=LINE('',#5745,#5744);
#5747=DIRECTION('',(1.E0,0.E0,0.E0));
#5748=VECTOR('',#5747,1.4E1);
#5749=CARTESIAN_POINT('',(-4.504999914108E1,-1.384651890171E1,
-9.075262166353E-1));
#5750=LINE('',#5749,#5748);
#5751=DIRECTION('',(0.E0,0.E0,1.E0));
#5752=VECTOR('',#5751,1.500000000001E0);
#5753=CARTESIAN_POINT('',(-4.504999914108E1,-1.384651890171E1,
-2.407526216636E0));
#5754=LINE('',#5753,#5752);
#5755=DIRECTION('',(0.E0,1.E0,0.E0));
#5756=VECTOR('',#5755,1.4E1);
#5757=CARTESIAN_POINT('',(5.945000086044E1,-5.194651890313E1,
-9.075262166352E-1));
#5758=LINE('',#5757,#5756);
#5759=DIRECTION('',(0.E0,0.E0,1.E0));
#5760=VECTOR('',#5759,1.500000000001E0);
#5761=CARTESIAN_POINT('',(5.945000086044E1,-5.194651890313E1,
-2.407526216636E0));
#5762=LINE('',#5761,#5760);
#5763=DIRECTION('',(-1.E0,0.E0,0.E0));
#5764=VECTOR('',#5763,1.4E1);
#5765=CARTESIAN_POINT('',(5.945000086044E1,-3.794651890312E1,
-9.075262166352E-1));
#5766=LINE('',#5765,#5764);
#5767=DIRECTION('',(0.E0,0.E0,1.E0));
#5768=VECTOR('',#5767,1.500000000001E0);
#5769=CARTESIAN_POINT('',(5.945000086044E1,-3.794651890312E1,
-2.407526216636E0));
#5770=LINE('',#5769,#5768);
#5771=DIRECTION('',(0.E0,-1.E0,0.E0));
#5772=VECTOR('',#5771,1.4E1);
#5773=CARTESIAN_POINT('',(4.545000086044E1,-3.794651890312E1,
-9.075262166352E-1));
#5774=LINE('',#5773,#5772);
#5775=DIRECTION('',(0.E0,0.E0,1.E0));
#5776=VECTOR('',#5775,1.500000000001E0);
#5777=CARTESIAN_POINT('',(4.545000086044E1,-3.794651890312E1,
-2.407526216636E0));
#5778=LINE('',#5777,#5776);
#5779=DIRECTION('',(1.E0,0.E0,0.E0));
#5780=VECTOR('',#5779,1.4E1);
#5781=CARTESIAN_POINT('',(4.545000086044E1,-5.194651890313E1,
-9.075262166352E-1));
#5782=LINE('',#5781,#5780);
#5783=DIRECTION('',(0.E0,0.E0,1.E0));
#5784=VECTOR('',#5783,1.500000000001E0);
#5785=CARTESIAN_POINT('',(4.545000086044E1,-5.194651890313E1,
-2.407526216636E0));
#5786=LINE('',#5785,#5784);
#5787=DIRECTION('',(0.E0,1.E0,0.E0));
#5788=VECTOR('',#5787,1.4E1);
#5789=CARTESIAN_POINT('',(-9.769999914008E1,5.203481098425E0,
-9.075262166354E-1));
#5790=LINE('',#5789,#5788);
#5791=DIRECTION('',(0.E0,0.E0,1.E0));
#5792=VECTOR('',#5791,1.5E0);
#5793=CARTESIAN_POINT('',(-9.769999914008E1,5.203481098424E0,
-2.407526216636E0));
#5794=LINE('',#5793,#5792);
#5795=DIRECTION('',(-1.E0,0.E0,0.E0));
#5796=VECTOR('',#5795,1.4E1);
#5797=CARTESIAN_POINT('',(-9.769999914008E1,1.920348109843E1,
-9.075262166354E-1));
#5798=LINE('',#5797,#5796);
#5799=DIRECTION('',(0.E0,0.E0,1.E0));
#5800=VECTOR('',#5799,1.5E0);
#5801=CARTESIAN_POINT('',(-9.769999914008E1,1.920348109843E1,
-2.407526216636E0));
#5802=LINE('',#5801,#5800);
#5803=DIRECTION('',(0.E0,-1.E0,0.E0));
#5804=VECTOR('',#5803,1.4E1);
#5805=CARTESIAN_POINT('',(-1.116999991401E2,1.920348109843E1,
-9.075262166354E-1));
#5806=LINE('',#5805,#5804);
#5807=DIRECTION('',(0.E0,0.E0,1.E0));
#5808=VECTOR('',#5807,1.5E0);
#5809=CARTESIAN_POINT('',(-1.116999991401E2,1.920348109843E1,
-2.407526216636E0));
#5810=LINE('',#5809,#5808);
#5811=DIRECTION('',(1.E0,0.E0,0.E0));
#5812=VECTOR('',#5811,1.4E1);
#5813=CARTESIAN_POINT('',(-1.116999991401E2,5.203481098425E0,
-9.075262166354E-1));
#5814=LINE('',#5813,#5812);
#5815=DIRECTION('',(0.E0,0.E0,1.E0));
#5816=VECTOR('',#5815,1.5E0);
#5817=CARTESIAN_POINT('',(-1.116999991401E2,5.203481098424E0,
-2.407526216636E0));
#5818=LINE('',#5817,#5816);
#5819=DIRECTION('',(0.E0,1.E0,0.E0));
#5820=VECTOR('',#5819,1.4E1);
#5821=CARTESIAN_POINT('',(-1.286999991394E2,-3.289651890088E1,
-9.075262166351E-1));
#5822=LINE('',#5821,#5820);
#5823=DIRECTION('',(0.E0,0.E0,1.E0));
#5824=VECTOR('',#5823,1.500000000001E0);
#5825=CARTESIAN_POINT('',(-1.286999991394E2,-3.289651890088E1,
-2.407526216636E0));
#5826=LINE('',#5825,#5824);
#5827=DIRECTION('',(-1.E0,0.E0,0.E0));
#5828=VECTOR('',#5827,1.4E1);
#5829=CARTESIAN_POINT('',(-1.286999991394E2,-1.889651890088E1,
-9.075262166351E-1));
#5830=LINE('',#5829,#5828);
#5831=DIRECTION('',(0.E0,0.E0,1.E0));
#5832=VECTOR('',#5831,1.500000000001E0);
#5833=CARTESIAN_POINT('',(-1.286999991394E2,-1.889651890088E1,
-2.407526216636E0));
#5834=LINE('',#5833,#5832);
#5835=DIRECTION('',(0.E0,-1.E0,0.E0));
#5836=VECTOR('',#5835,1.4E1);
#5837=CARTESIAN_POINT('',(-1.426999991394E2,-1.889651890088E1,
-9.075262166351E-1));
#5838=LINE('',#5837,#5836);
#5839=DIRECTION('',(0.E0,0.E0,1.E0));
#5840=VECTOR('',#5839,1.500000000001E0);
#5841=CARTESIAN_POINT('',(-1.426999991394E2,-1.889651890088E1,
-2.407526216636E0));
#5842=LINE('',#5841,#5840);
#5843=DIRECTION('',(1.E0,0.E0,0.E0));
#5844=VECTOR('',#5843,1.4E1);
#5845=CARTESIAN_POINT('',(-1.426999991394E2,-3.289651890088E1,
-9.075262166351E-1));
#5846=LINE('',#5845,#5844);
#5847=DIRECTION('',(0.E0,0.E0,1.E0));
#5848=VECTOR('',#5847,1.500000000001E0);
#5849=CARTESIAN_POINT('',(-1.426999991394E2,-3.289651890088E1,
-2.407526216636E0));
#5850=LINE('',#5849,#5848);
#5851=DIRECTION('',(0.E0,-1.E0,0.E0));
#5852=VECTOR('',#5851,7.400385172992E-1);
#5853=CARTESIAN_POINT('',(1.206750007679E2,-3.192151890024E1,
-9.075262166358E-1));
#5854=LINE('',#5853,#5852);
#5855=DIRECTION('',(0.E0,0.E0,1.E0));
#5856=VECTOR('',#5855,1.5E0);
#5857=CARTESIAN_POINT('',(1.206750007679E2,-3.192151890024E1,
-2.407526216636E0));
#5858=LINE('',#5857,#5856);
#5859=DIRECTION('',(1.E0,1.359433522610E-8,0.E0));
#5860=VECTOR('',#5859,1.771542052873E0);
#5861=CARTESIAN_POINT('',(1.206750007679E2,-3.266155741754E1,
-9.075262166358E-1));
#5862=LINE('',#5861,#5860);
#5863=DIRECTION('',(0.E0,0.E0,1.E0));
#5864=VECTOR('',#5863,1.5E0);
#5865=CARTESIAN_POINT('',(1.206750007679E2,-3.266155741754E1,
-2.407526216636E0));
#5866=LINE('',#5865,#5864);
#5867=DIRECTION('',(0.E0,-1.E0,0.E0));
#5868=VECTOR('',#5867,1.500317069947E0);
#5869=CARTESIAN_POINT('',(1.224465428208E2,-3.266155739345E1,
-9.075262166358E-1));
#5870=LINE('',#5869,#5868);
#5871=DIRECTION('',(1.894780628694E-14,0.E0,1.E0));
#5872=VECTOR('',#5871,1.5E0);
#5873=CARTESIAN_POINT('',(1.224465428208E2,-3.266155739345E1,
-2.407526216636E0));
#5874=LINE('',#5873,#5872);
#5875=DIRECTION('',(1.E0,0.E0,0.E0));
#5876=VECTOR('',#5875,3.105956494746E0);
#5877=CARTESIAN_POINT('',(1.224465428208E2,-3.416187446340E1,
-9.075262166358E-1));
#5878=LINE('',#5877,#5876);
#5879=DIRECTION('',(1.894780628694E-14,0.E0,1.E0));
#5880=VECTOR('',#5879,1.5E0);
#5881=CARTESIAN_POINT('',(1.224465428208E2,-3.416187446340E1,
-2.407526216636E0));
#5882=LINE('',#5881,#5880);
#5883=DIRECTION('',(0.E0,1.E0,0.E0));
#5884=VECTOR('',#5883,1.500317069947E0);
#5885=CARTESIAN_POINT('',(1.255524993155E2,-3.416187446340E1,
-9.075262166358E-1));
#5886=LINE('',#5885,#5884);
#5887=DIRECTION('',(0.E0,0.E0,1.E0));
#5888=VECTOR('',#5887,1.5E0);
#5889=CARTESIAN_POINT('',(1.255524993155E2,-3.416187446340E1,
-2.407526216636E0));
#5890=LINE('',#5889,#5888);
#5891=DIRECTION('',(1.E0,-1.358697634153E-8,0.E0));
#5892=VECTOR('',#5891,1.772501543281E0);
#5893=CARTESIAN_POINT('',(1.255524993155E2,-3.266155739345E1,
-9.075262166358E-1));
#5894=LINE('',#5893,#5892);
#5895=DIRECTION('',(0.E0,0.E0,1.E0));
#5896=VECTOR('',#5895,1.5E0);
#5897=CARTESIAN_POINT('',(1.255524993155E2,-3.266155739345E1,
-2.407526216636E0));
#5898=LINE('',#5897,#5896);
#5899=DIRECTION('',(-5.902970425065E-14,1.E0,0.E0));
#5900=VECTOR('',#5899,6.499999994600E0);
#5901=CARTESIAN_POINT('',(1.273250008588E2,-3.266155741754E1,
-9.075262166358E-1));
#5902=LINE('',#5901,#5900);
#5903=DIRECTION('',(0.E0,0.E0,1.E0));
#5904=VECTOR('',#5903,1.5E0);
#5905=CARTESIAN_POINT('',(1.273250008588E2,-3.266155741754E1,
-2.407526216636E0));
#5906=LINE('',#5905,#5904);
#5907=DIRECTION('',(1.E0,1.578983860225E-13,0.E0));
#5908=VECTOR('',#5907,8.999999983013E-1);
#5909=CARTESIAN_POINT('',(1.273250008588E2,-2.616155742294E1,
-9.075262166358E-1));
#5910=LINE('',#5909,#5908);
#5911=DIRECTION('',(-3.789561257387E-14,0.E0,1.E0));
#5912=VECTOR('',#5911,1.5E0);
#5913=CARTESIAN_POINT('',(1.273250008588E2,-2.616155742294E1,
-2.407526216636E0));
#5914=LINE('',#5913,#5912);
#5915=DIRECTION('',(-1.392083725954E-13,1.E0,0.E0));
#5916=VECTOR('',#5915,2.450000002200E0);
#5917=CARTESIAN_POINT('',(1.282250008571E2,-2.616155742294E1,
-9.075262166358E-1));
#5918=LINE('',#5917,#5916);
#5919=DIRECTION('',(3.789561257387E-14,0.E0,1.E0));
#5920=VECTOR('',#5919,1.5E0);
#5921=CARTESIAN_POINT('',(1.282250008571E2,-2.616155742294E1,
-2.407526216636E0));
#5922=LINE('',#5921,#5920);
#5923=DIRECTION('',(-1.E0,-1.223712491676E-13,0.E0));
#5924=VECTOR('',#5923,8.999999983003E-1);
#5925=CARTESIAN_POINT('',(1.282250008571E2,-2.371155742074E1,
-9.075262166358E-1));
#5926=LINE('',#5925,#5924);
#5927=DIRECTION('',(0.E0,0.E0,1.E0));
#5928=VECTOR('',#5927,1.5E0);
#5929=CARTESIAN_POINT('',(1.282250008571E2,-2.371155742074E1,
-2.407526216636E0));
#5930=LINE('',#5929,#5928);
#5931=DIRECTION('',(-1.399222616002E-13,1.E0,0.E0));
#5932=VECTOR('',#5931,3.250000004900E0);
#5933=CARTESIAN_POINT('',(1.273250008588E2,-2.371155742074E1,
-9.075262166358E-1));
#5934=LINE('',#5933,#5932);
#5935=DIRECTION('',(2.842170943040E-14,0.E0,1.E0));
#5936=VECTOR('',#5935,1.5E0);
#5937=CARTESIAN_POINT('',(1.273250008588E2,-2.371155742074E1,
-2.407526216636E0));
#5938=LINE('',#5937,#5936);
#5939=DIRECTION('',(-1.E0,-1.923273356142E-14,0.E0));
#5940=VECTOR('',#5939,6.650000741100E0);
#5941=CARTESIAN_POINT('',(1.273250008588E2,-2.046155741584E1,
-9.075262166358E-1));
#5942=LINE('',#5941,#5940);
#5943=DIRECTION('',(-2.842170943040E-14,0.E0,1.E0));
#5944=VECTOR('',#5943,1.5E0);
#5945=CARTESIAN_POINT('',(1.273250008588E2,-2.046155741584E1,
-2.407526216636E0));
#5946=LINE('',#5945,#5944);
#5947=DIRECTION('',(1.268045491773E-13,-1.E0,0.E0));
#5948=VECTOR('',#5947,3.250000015100E0);
#5949=CARTESIAN_POINT('',(1.206750001177E2,-2.046155741584E1,
-9.075262166358E-1));
#5950=LINE('',#5949,#5948);
#5951=DIRECTION('',(-1.894780628694E-14,0.E0,1.E0));
#5952=VECTOR('',#5951,1.5E0);
#5953=CARTESIAN_POINT('',(1.206750001177E2,-2.046155741584E1,
-2.407526216636E0));
#5954=LINE('',#5953,#5952);
#5955=DIRECTION('',(-1.E0,-8.271993723140E-14,1.696819225259E-13));
#5956=VECTOR('',#5955,1.674999257865E0);
#5957=CARTESIAN_POINT('',(1.206750001177E2,-2.371155743094E1,
-9.075262166358E-1));
#5958=LINE('',#5957,#5956);
#5959=DIRECTION('',(3.789561257387E-14,1.184237892933E-14,1.E0));
#5960=VECTOR('',#5959,1.5E0);
#5961=CARTESIAN_POINT('',(1.206750001177E2,-2.371155743094E1,
-2.407526216636E0));
#5962=LINE('',#5961,#5960);
#5963=DIRECTION('',(0.E0,0.E0,1.E0));
#5964=VECTOR('',#5963,1.5E0);
#5965=CARTESIAN_POINT('',(1.190000008598E2,-2.371155743094E1,
-2.407526216636E0));
#5966=LINE('',#5965,#5964);
#5967=DIRECTION('',(-6.788100584091E-14,1.E0,5.893473197329E-14));
#5968=VECTOR('',#5967,4.815038528092E0);
#5969=CARTESIAN_POINT('',(1.190000008598E2,-2.371155743094E1,
-9.075262166355E-1));
#5970=LINE('',#5969,#5968);
#5971=DIRECTION('',(-1.E0,0.E0,0.E0));
#5972=VECTOR('',#5971,1.4E1);
#5973=CARTESIAN_POINT('',(1.190000008598E2,-1.889651890284E1,
-9.075262166352E-1));
#5974=LINE('',#5973,#5972);
#5975=DIRECTION('',(0.E0,0.E0,1.E0));
#5976=VECTOR('',#5975,1.500000000001E0);
#5977=CARTESIAN_POINT('',(1.190000008598E2,-1.889651890284E1,
-2.407526216636E0));
#5978=LINE('',#5977,#5976);
#5979=DIRECTION('',(0.E0,0.E0,-1.E0));
#5980=VECTOR('',#5979,1.5E0);
#5981=CARTESIAN_POINT('',(1.050000008598E2,-2.371155743854E1,
-9.075262166355E-1));
#5982=LINE('',#5981,#5980);
#5983=DIRECTION('',(7.083235380913E-14,-1.E0,-5.900390410077E-14));
#5984=VECTOR('',#5983,4.815038535693E0);
#5985=CARTESIAN_POINT('',(1.050000008598E2,-1.889651890284E1,
-9.075262166352E-1));
#5986=LINE('',#5985,#5984);
#5987=DIRECTION('',(0.E0,0.E0,1.E0));
#5988=VECTOR('',#5987,1.500000000001E0);
#5989=CARTESIAN_POINT('',(1.050000008598E2,-1.889651890284E1,
-2.407526216636E0));
#5990=LINE('',#5989,#5988);
#5991=DIRECTION('',(-1.E0,1.166562187886E-13,-1.696817727835E-13));
#5992=VECTOR('',#5991,1.675000736035E0);
#5993=CARTESIAN_POINT('',(1.050000008598E2,-2.371155743854E1,
-9.075262166355E-1));
#5994=LINE('',#5993,#5992);
#5995=DIRECTION('',(-1.399222615960E-13,1.E0,0.E0));
#5996=VECTOR('',#5995,3.250000005E0);
#5997=CARTESIAN_POINT('',(1.033250001238E2,-2.371155743854E1,
-9.075262166358E-1));
#5998=LINE('',#5997,#5996);
#5999=DIRECTION('',(0.E0,-1.184237892933E-14,1.E0));
#6000=VECTOR('',#5999,1.5E0);
#6001=CARTESIAN_POINT('',(1.033250001238E2,-2.371155743854E1,
-2.407526216636E0));
#6002=LINE('',#6001,#6000);
#6003=DIRECTION('',(-1.E0,-2.724637860223E-14,0.E0));
#6004=VECTOR('',#6003,6.649999262800E0);
#6005=CARTESIAN_POINT('',(1.033250001238E2,-2.046155743354E1,
-9.075262166358E-1));
#6006=LINE('',#6005,#6004);
#6007=DIRECTION('',(0.E0,0.E0,1.E0));
#6008=VECTOR('',#6007,1.5E0);
#6009=CARTESIAN_POINT('',(1.033250001238E2,-2.046155743354E1,
-2.407526216636E0));
#6010=LINE('',#6009,#6008);
#6011=DIRECTION('',(1.399222615960E-13,-1.E0,0.E0));
#6012=VECTOR('',#6011,3.250000005E0);
#6013=CARTESIAN_POINT('',(9.667500086100E1,-2.046155743354E1,
-9.075262166358E-1));
#6014=LINE('',#6013,#6012);
#6015=DIRECTION('',(0.E0,0.E0,1.E0));
#6016=VECTOR('',#6015,1.5E0);
#6017=CARTESIAN_POINT('',(9.667500086100E1,-2.046155743354E1,
-2.407526216636E0));
#6018=LINE('',#6017,#6016);
#6019=DIRECTION('',(-1.E0,-1.263187077371E-13,0.E0));
#6020=VECTOR('',#6019,9.000000060027E-1);
#6021=CARTESIAN_POINT('',(9.667500086100E1,-2.371155743854E1,
-9.075262166358E-1));
#6022=LINE('',#6021,#6020);
#6023=DIRECTION('',(0.E0,0.E0,1.E0));
#6024=VECTOR('',#6023,1.5E0);
#6025=CARTESIAN_POINT('',(9.667500086100E1,-2.371155743854E1,
-2.407526216636E0));
#6026=LINE('',#6025,#6024);
#6027=DIRECTION('',(1.334080237372E-13,-1.E0,0.E0));
#6028=VECTOR('',#6027,2.450000002199E0);
#6029=CARTESIAN_POINT('',(9.577500085500E1,-2.371155743854E1,
-9.075262166358E-1));
#6030=LINE('',#6029,#6028);
#6031=DIRECTION('',(0.E0,0.E0,1.E0));
#6032=VECTOR('',#6031,1.5E0);
#6033=CARTESIAN_POINT('',(9.577500085500E1,-2.371155743854E1,
-2.407526216636E0));
#6034=LINE('',#6033,#6032);
#6035=DIRECTION('',(1.E0,1.184237885036E-13,0.E0));
#6036=VECTOR('',#6035,9.000000060018E-1);
#6037=CARTESIAN_POINT('',(9.577500085500E1,-2.616155744074E1,
-9.075262166358E-1));
#6038=LINE('',#6037,#6036);
#6039=DIRECTION('',(1.894780628694E-14,0.E0,1.E0));
#6040=VECTOR('',#6039,1.5E0);
#6041=CARTESIAN_POINT('',(9.577500085500E1,-2.616155744074E1,
-2.407526216636E0));
#6042=LINE('',#6041,#6040);
#6043=DIRECTION('',(5.247084822279E-14,-1.E0,0.E0));
#6044=VECTOR('',#6043,6.499999994601E0);
#6045=CARTESIAN_POINT('',(9.667500086100E1,-2.616155744074E1,
-9.075262166358E-1));
#6046=LINE('',#6045,#6044);
#6047=DIRECTION('',(-1.894780628694E-14,0.E0,1.E0));
#6048=VECTOR('',#6047,1.5E0);
#6049=CARTESIAN_POINT('',(9.667500086100E1,-2.616155744074E1,
-2.407526216636E0));
#6050=LINE('',#6049,#6048);
#6051=DIRECTION('',(1.E0,1.359004028613E-8,0.E0));
#6052=VECTOR('',#6051,1.771541961193E0);
#6053=CARTESIAN_POINT('',(9.667500086100E1,-3.266155743534E1,
-9.075262166358E-1));
#6054=LINE('',#6053,#6052);
#6055=DIRECTION('',(0.E0,0.E0,1.E0));
#6056=VECTOR('',#6055,1.5E0);
#6057=CARTESIAN_POINT('',(9.667500086100E1,-3.266155743534E1,
-2.407526216636E0));
#6058=LINE('',#6057,#6056);
#6059=DIRECTION('',(0.E0,-1.E0,0.E0));
#6060=VECTOR('',#6059,1.500317057215E0);
#6061=CARTESIAN_POINT('',(9.844654282220E1,-3.266155741126E1,
-9.075262166358E-1));
#6062=LINE('',#6061,#6060);
#6063=DIRECTION('',(0.E0,0.E0,1.E0));
#6064=VECTOR('',#6063,1.5E0);
#6065=CARTESIAN_POINT('',(9.844654282220E1,-3.266155741126E1,
-2.407526216636E0));
#6066=LINE('',#6065,#6064);
#6067=DIRECTION('',(1.E0,0.E0,0.E0));
#6068=VECTOR('',#6067,3.105956494885E0);
#6069=CARTESIAN_POINT('',(9.844654282220E1,-3.416187446848E1,
-9.075262166358E-1));
#6070=LINE('',#6069,#6068);
#6071=DIRECTION('',(0.E0,0.E0,1.E0));
#6072=VECTOR('',#6071,1.5E0);
#6073=CARTESIAN_POINT('',(9.844654282220E1,-3.416187446848E1,
-2.407526216636E0));
#6074=LINE('',#6073,#6072);
#6075=DIRECTION('',(0.E0,1.E0,0.E0));
#6076=VECTOR('',#6075,1.500317057215E0);
#6077=CARTESIAN_POINT('',(1.015524993171E2,-3.416187446848E1,
-9.075262166358E-1));
#6078=LINE('',#6077,#6076);
#6079=DIRECTION('',(0.E0,0.E0,1.E0));
#6080=VECTOR('',#6079,1.5E0);
#6081=CARTESIAN_POINT('',(1.015524993171E2,-3.416187446848E1,
-2.407526216636E0));
#6082=LINE('',#6081,#6080);
#6083=DIRECTION('',(1.E0,-1.358268372366E-8,0.E0));
#6084=VECTOR('',#6083,1.772501451922E0);
#6085=CARTESIAN_POINT('',(1.015524993171E2,-3.266155741126E1,
-9.075262166358E-1));
#6086=LINE('',#6085,#6084);
#6087=DIRECTION('',(0.E0,0.E0,1.E0));
#6088=VECTOR('',#6087,1.5E0);
#6089=CARTESIAN_POINT('',(1.015524993171E2,-3.266155741126E1,
-2.407526216636E0));
#6090=LINE('',#6089,#6088);
#6091=DIRECTION('',(0.E0,1.E0,0.E0));
#6092=VECTOR('',#6091,7.400385350999E-1);
#6093=CARTESIAN_POINT('',(1.033250007690E2,-3.266155743534E1,
-9.075262166358E-1));
#6094=LINE('',#6093,#6092);
#6095=DIRECTION('',(0.E0,0.E0,1.E0));
#6096=VECTOR('',#6095,1.5E0);
#6097=CARTESIAN_POINT('',(1.033250007690E2,-3.266155743534E1,
-2.407526216636E0));
#6098=LINE('',#6097,#6096);
#6099=DIRECTION('',(1.E0,0.E0,1.696818381438E-13));
#6100=VECTOR('',#6099,1.675000090835E0);
#6101=CARTESIAN_POINT('',(1.033250007690E2,-3.192151890024E1,
-9.075262166358E-1));
#6102=LINE('',#6101,#6100);
#6103=DIRECTION('',(0.E0,0.E0,1.E0));
#6104=VECTOR('',#6103,1.5E0);
#6105=CARTESIAN_POINT('',(1.033250007690E2,-3.192151890024E1,
-2.407526216636E0));
#6106=LINE('',#6105,#6104);
#6107=DIRECTION('',(0.E0,0.E0,1.E0));
#6108=VECTOR('',#6107,1.5E0);
#6109=CARTESIAN_POINT('',(1.050000008598E2,-3.192151890024E1,
-2.407526216636E0));
#6110=LINE('',#6109,#6108);
#6111=DIRECTION('',(-3.352304180259E-13,-1.E0,2.911631042433E-13));
#6112=VECTOR('',#6111,9.750000026084E-1);
#6113=CARTESIAN_POINT('',(1.050000008598E2,-3.192151890024E1,
-9.075262166355E-1));
#6114=LINE('',#6113,#6112);
#6115=DIRECTION('',(1.E0,0.E0,0.E0));
#6116=VECTOR('',#6115,1.4E1);
#6117=CARTESIAN_POINT('',(1.050000008598E2,-3.289651890285E1,
-9.075262166352E-1));
#6118=LINE('',#6117,#6116);
#6119=DIRECTION('',(0.E0,0.E0,1.E0));
#6120=VECTOR('',#6119,1.500000000001E0);
#6121=CARTESIAN_POINT('',(1.050000008598E2,-3.289651890285E1,
-2.407526216636E0));
#6122=LINE('',#6121,#6120);
#6123=DIRECTION('',(0.E0,0.E0,-1.E0));
#6124=VECTOR('',#6123,1.5E0);
#6125=CARTESIAN_POINT('',(1.190000008598E2,-3.192151890024E1,
-9.075262166355E-1));
#6126=LINE('',#6125,#6124);
#6127=DIRECTION('',(3.498056535922E-13,1.E0,-2.911631042433E-13));
#6128=VECTOR('',#6127,9.750000026084E-1);
#6129=CARTESIAN_POINT('',(1.190000008598E2,-3.289651890285E1,
-9.075262166352E-1));
#6130=LINE('',#6129,#6128);
#6131=DIRECTION('',(0.E0,0.E0,1.E0));
#6132=VECTOR('',#6131,1.500000000001E0);
#6133=CARTESIAN_POINT('',(1.190000008598E2,-3.289651890285E1,
-2.407526216636E0));
#6134=LINE('',#6133,#6132);
#6135=DIRECTION('',(1.E0,0.E0,-1.695492927085E-13));
#6136=VECTOR('',#6135,1.674999908065E0);
#6137=CARTESIAN_POINT('',(1.190000008598E2,-3.192151890024E1,
-9.075262166355E-1));
#6138=LINE('',#6137,#6136);
#6139=DIRECTION('',(0.E0,1.E0,0.E0));
#6140=VECTOR('',#6139,1.4E1);
#6141=CARTESIAN_POINT('',(-2.142499926708E1,2.905348109842E1,
-9.075262166354E-1));
#6142=LINE('',#6141,#6140);
#6143=DIRECTION('',(0.E0,0.E0,1.E0));
#6144=VECTOR('',#6143,1.5E0);
#6145=CARTESIAN_POINT('',(-2.142499926708E1,2.905348109842E1,
-2.407526216636E0));
#6146=LINE('',#6145,#6144);
#6147=DIRECTION('',(-1.E0,0.E0,0.E0));
#6148=VECTOR('',#6147,1.4E1);
#6149=CARTESIAN_POINT('',(-2.142499926708E1,4.305348109843E1,
-9.075262166354E-1));
#6150=LINE('',#6149,#6148);
#6151=DIRECTION('',(0.E0,0.E0,1.E0));
#6152=VECTOR('',#6151,1.5E0);
#6153=CARTESIAN_POINT('',(-2.142499926708E1,4.305348109843E1,
-2.407526216636E0));
#6154=LINE('',#6153,#6152);
#6155=DIRECTION('',(0.E0,-1.E0,0.E0));
#6156=VECTOR('',#6155,1.4E1);
#6157=CARTESIAN_POINT('',(-3.542499926708E1,4.305348109843E1,
-9.075262166354E-1));
#6158=LINE('',#6157,#6156);
#6159=DIRECTION('',(0.E0,0.E0,1.E0));
#6160=VECTOR('',#6159,1.5E0);
#6161=CARTESIAN_POINT('',(-3.542499926708E1,4.305348109843E1,
-2.407526216636E0));
#6162=LINE('',#6161,#6160);
#6163=DIRECTION('',(1.E0,0.E0,0.E0));
#6164=VECTOR('',#6163,1.4E1);
#6165=CARTESIAN_POINT('',(-3.542499926708E1,2.905348109842E1,
-9.075262166354E-1));
#6166=LINE('',#6165,#6164);
#6167=DIRECTION('',(0.E0,0.E0,1.E0));
#6168=VECTOR('',#6167,1.5E0);
#6169=CARTESIAN_POINT('',(-3.542499926708E1,2.905348109842E1,
-2.407526216636E0));
#6170=LINE('',#6169,#6168);
#6171=DIRECTION('',(0.E0,1.E0,0.E0));
#6172=VECTOR('',#6171,1.4E1);
#6173=CARTESIAN_POINT('',(-1.199999914108E1,-1.384651890171E1,
-9.075262166353E-1));
#6174=LINE('',#6173,#6172);
#6175=DIRECTION('',(0.E0,0.E0,1.E0));
#6176=VECTOR('',#6175,1.500000000001E0);
#6177=CARTESIAN_POINT('',(-1.199999914108E1,-1.384651890171E1,
-2.407526216636E0));
#6178=LINE('',#6177,#6176);
#6179=DIRECTION('',(-1.E0,0.E0,0.E0));
#6180=VECTOR('',#6179,1.4E1);
#6181=CARTESIAN_POINT('',(-1.199999914108E1,1.534810982963E-1,
-9.075262166353E-1));
#6182=LINE('',#6181,#6180);
#6183=DIRECTION('',(0.E0,0.E0,1.E0));
#6184=VECTOR('',#6183,1.500000000001E0);
#6185=CARTESIAN_POINT('',(-1.199999914108E1,1.534810982963E-1,
-2.407526216636E0));
#6186=LINE('',#6185,#6184);
#6187=DIRECTION('',(0.E0,-1.E0,0.E0));
#6188=VECTOR('',#6187,1.4E1);
#6189=CARTESIAN_POINT('',(-2.599999914108E1,1.534810982963E-1,
-9.075262166353E-1));
#6190=LINE('',#6189,#6188);
#6191=DIRECTION('',(0.E0,0.E0,1.E0));
#6192=VECTOR('',#6191,1.500000000001E0);
#6193=CARTESIAN_POINT('',(-2.599999914108E1,1.534810982963E-1,
-2.407526216636E0));
#6194=LINE('',#6193,#6192);
#6195=DIRECTION('',(1.E0,0.E0,0.E0));
#6196=VECTOR('',#6195,1.4E1);
#6197=CARTESIAN_POINT('',(-2.599999914108E1,-1.384651890171E1,
-9.075262166353E-1));
#6198=LINE('',#6197,#6196);
#6199=DIRECTION('',(0.E0,0.E0,1.E0));
#6200=VECTOR('',#6199,1.500000000001E0);
#6201=CARTESIAN_POINT('',(-2.599999914108E1,-1.384651890171E1,
-2.407526216636E0));
#6202=LINE('',#6201,#6200);
#6203=DIRECTION('',(0.E0,1.E0,0.E0));
#6204=VECTOR('',#6203,1.4E1);
#6205=CARTESIAN_POINT('',(1.180000086103E1,-3.289651890175E1,
-9.075262166353E-1));
#6206=LINE('',#6205,#6204);
#6207=DIRECTION('',(0.E0,0.E0,1.E0));
#6208=VECTOR('',#6207,1.500000000001E0);
#6209=CARTESIAN_POINT('',(1.180000086103E1,-3.289651890175E1,
-2.407526216636E0));
#6210=LINE('',#6209,#6208);
#6211=DIRECTION('',(-1.E0,0.E0,0.E0));
#6212=VECTOR('',#6211,1.4E1);
#6213=CARTESIAN_POINT('',(1.180000086103E1,-1.889651890174E1,
-9.075262166353E-1));
#6214=LINE('',#6213,#6212);
#6215=DIRECTION('',(0.E0,0.E0,1.E0));
#6216=VECTOR('',#6215,1.500000000001E0);
#6217=CARTESIAN_POINT('',(1.180000086103E1,-1.889651890174E1,
-2.407526216636E0));
#6218=LINE('',#6217,#6216);
#6219=DIRECTION('',(0.E0,-1.E0,0.E0));
#6220=VECTOR('',#6219,1.4E1);
#6221=CARTESIAN_POINT('',(-2.199999138970E0,-1.889651890174E1,
-9.075262166353E-1));
#6222=LINE('',#6221,#6220);
#6223=DIRECTION('',(0.E0,0.E0,1.E0));
#6224=VECTOR('',#6223,1.500000000001E0);
#6225=CARTESIAN_POINT('',(-2.199999138970E0,-1.889651890174E1,
-2.407526216636E0));
#6226=LINE('',#6225,#6224);
#6227=DIRECTION('',(1.E0,0.E0,0.E0));
#6228=VECTOR('',#6227,1.4E1);
#6229=CARTESIAN_POINT('',(-2.199999138970E0,-3.289651890175E1,
-9.075262166353E-1));
#6230=LINE('',#6229,#6228);
#6231=DIRECTION('',(0.E0,0.E0,1.E0));
#6232=VECTOR('',#6231,1.500000000001E0);
#6233=CARTESIAN_POINT('',(-2.199999138970E0,-3.289651890175E1,
-2.407526216636E0));
#6234=LINE('',#6233,#6232);
#6235=DIRECTION('',(0.E0,0.E0,-1.E0));
#6236=VECTOR('',#6235,1.5E0);
#6237=CARTESIAN_POINT('',(1.508518288489E2,-7.479926506702E1,
-9.075262166353E-1));
#6238=LINE('',#6237,#6236);
#6239=DIRECTION('',(0.E0,0.E0,1.E0));
#6240=VECTOR('',#6239,1.5E0);
#6241=CARTESIAN_POINT('',(1.533518288489E2,-7.229926506702E1,
-2.407526216635E0));
#6242=LINE('',#6241,#6240);
#6243=DIRECTION('',(-1.E0,0.E0,-2.332062517427E-14));
#6244=VECTOR('',#6243,2.085182884901E1);
#6245=CARTESIAN_POINT('',(1.508518288489E2,-7.479926506702E1,
-9.075262166353E-1));
#6246=LINE('',#6245,#6244);
#6247=DIRECTION('',(0.E0,0.E0,1.E0));
#6248=VECTOR('',#6247,1.5E0);
#6249=CARTESIAN_POINT('',(1.299999999999E2,-7.479926506702E1,
-2.407526216636E0));
#6250=LINE('',#6249,#6248);
#6251=DIRECTION('',(0.E0,0.E0,-1.E0));
#6252=VECTOR('',#6251,1.5E0);
#6253=CARTESIAN_POINT('',(1.299999999999E2,-7.879926506702E1,
-9.075262166358E-1));
#6254=LINE('',#6253,#6252);
#6255=DIRECTION('',(-1.E0,2.614797267598E-14,0.E0));
#6256=VECTOR('',#6255,1.25E1);
#6257=CARTESIAN_POINT('',(1.424999999999E2,-7.879926506702E1,
-2.407526216636E0));
#6258=LINE('',#6257,#6256);
#6259=DIRECTION('',(1.E0,-2.614797267598E-14,0.E0));
#6260=VECTOR('',#6259,1.25E1);
#6261=CARTESIAN_POINT('',(1.299999999999E2,-7.879926506702E1,
-9.075262166358E-1));
#6262=LINE('',#6261,#6260);
#6263=DIRECTION('',(1.894780628694E-14,0.E0,1.E0));
#6264=VECTOR('',#6263,1.5E0);
#6265=CARTESIAN_POINT('',(1.424999999999E2,-7.879926506702E1,
-2.407526216636E0));
#6266=LINE('',#6265,#6264);
#6267=DIRECTION('',(0.E0,0.E0,-1.E0));
#6268=VECTOR('',#6267,1.5E0);
#6269=CARTESIAN_POINT('',(1.424999999999E2,-8.179926506702E1,
-9.075262166358E-1));
#6270=LINE('',#6269,#6268);
#6271=DIRECTION('',(-1.E0,1.867712333998E-14,0.E0));
#6272=VECTOR('',#6271,3.5E1);
#6273=CARTESIAN_POINT('',(1.424999999999E2,-8.179926506702E1,
-9.075262166358E-1));
#6274=LINE('',#6273,#6272);
#6275=DIRECTION('',(1.E0,-1.867712333998E-14,0.E0));
#6276=VECTOR('',#6275,3.5E1);
#6277=CARTESIAN_POINT('',(1.074999999999E2,-8.179926506702E1,
-2.407526216636E0));
#6278=LINE('',#6277,#6276);
#6279=DIRECTION('',(0.E0,0.E0,1.E0));
#6280=VECTOR('',#6279,1.5E0);
#6281=CARTESIAN_POINT('',(1.074999999999E2,-8.179926506702E1,
-2.407526216636E0));
#6282=LINE('',#6281,#6280);
#6283=DIRECTION('',(0.E0,0.E0,-1.E0));
#6284=VECTOR('',#6283,1.5E0);
#6285=CARTESIAN_POINT('',(1.074999999999E2,-7.879926506702E1,
-9.075262166358E-1));
#6286=LINE('',#6285,#6284);
#6287=DIRECTION('',(1.E0,-2.728484105319E-14,0.E0));
#6288=VECTOR('',#6287,1.25E1);
#6289=CARTESIAN_POINT('',(1.074999999999E2,-7.879926506702E1,
-9.075262166358E-1));
#6290=LINE('',#6289,#6288);
#6291=DIRECTION('',(-1.E0,2.728484105319E-14,0.E0));
#6292=VECTOR('',#6291,1.25E1);
#6293=CARTESIAN_POINT('',(1.199999999999E2,-7.879926506702E1,
-2.407526216636E0));
#6294=LINE('',#6293,#6292);
#6295=DIRECTION('',(-1.515824502955E-13,0.E0,-1.E0));
#6296=VECTOR('',#6295,1.5E0);
#6297=CARTESIAN_POINT('',(1.199999999999E2,-7.479926506702E1,
-9.075262166358E-1));
#6298=LINE('',#6297,#6296);
#6299=DIRECTION('',(0.E0,0.E0,1.E0));
#6300=VECTOR('',#6299,1.5E0);
#6301=CARTESIAN_POINT('',(1.199999999999E2,-7.879926506702E1,
-2.407526216636E0));
#6302=LINE('',#6301,#6300);
#6303=DIRECTION('',(-1.E0,0.E0,0.E0));
#6304=VECTOR('',#6303,7.333333333334E1);
#6305=CARTESIAN_POINT('',(1.199999999999E2,-7.479926506702E1,
-9.075262166358E-1));
#6306=LINE('',#6305,#6304);
#6307=DIRECTION('',(0.E0,0.E0,1.E0));
#6308=VECTOR('',#6307,1.5E0);
#6309=CARTESIAN_POINT('',(4.666666666657E1,-7.479926506702E1,
-2.407526216636E0));
#6310=LINE('',#6309,#6308);
#6311=DIRECTION('',(0.E0,0.E0,-1.E0));
#6312=VECTOR('',#6311,1.5E0);
#6313=CARTESIAN_POINT('',(4.666666666657E1,-7.879926506702E1,
-9.075262166358E-1));
#6314=LINE('',#6313,#6312);
#6315=DIRECTION('',(-1.E0,2.614797267598E-14,0.E0));
#6316=VECTOR('',#6315,1.25E1);
#6317=CARTESIAN_POINT('',(5.916666666657E1,-7.879926506702E1,
-2.407526216636E0));
#6318=LINE('',#6317,#6316);
#6319=DIRECTION('',(1.E0,-2.614797267598E-14,0.E0));
#6320=VECTOR('',#6319,1.25E1);
#6321=CARTESIAN_POINT('',(4.666666666657E1,-7.879926506702E1,
-9.075262166358E-1));
#6322=LINE('',#6321,#6320);
#6323=DIRECTION('',(1.421085471520E-14,0.E0,1.E0));
#6324=VECTOR('',#6323,1.5E0);
#6325=CARTESIAN_POINT('',(5.916666666657E1,-7.879926506702E1,
-2.407526216636E0));
#6326=LINE('',#6325,#6324);
#6327=DIRECTION('',(0.E0,0.E0,-1.E0));
#6328=VECTOR('',#6327,1.5E0);
#6329=CARTESIAN_POINT('',(5.916666666657E1,-8.179926506702E1,
-9.075262166358E-1));
#6330=LINE('',#6329,#6328);
#6331=DIRECTION('',(-1.E0,1.867712333998E-14,0.E0));
#6332=VECTOR('',#6331,3.5E1);
#6333=CARTESIAN_POINT('',(5.916666666657E1,-8.179926506702E1,
-9.075262166358E-1));
#6334=LINE('',#6333,#6332);
#6335=DIRECTION('',(1.E0,-1.867712333998E-14,0.E0));
#6336=VECTOR('',#6335,3.5E1);
#6337=CARTESIAN_POINT('',(2.416666666657E1,-8.179926506702E1,
-2.407526216636E0));
#6338=LINE('',#6337,#6336);
#6339=DIRECTION('',(-1.657933050107E-14,0.E0,1.E0));
#6340=VECTOR('',#6339,1.5E0);
#6341=CARTESIAN_POINT('',(2.416666666657E1,-8.179926506702E1,
-2.407526216636E0));
#6342=LINE('',#6341,#6340);
#6343=DIRECTION('',(0.E0,0.E0,-1.E0));
#6344=VECTOR('',#6343,1.5E0);
#6345=CARTESIAN_POINT('',(2.416666666657E1,-7.879926506702E1,
-9.075262166358E-1));
#6346=LINE('',#6345,#6344);
#6347=DIRECTION('',(1.E0,-2.728484105319E-14,0.E0));
#6348=VECTOR('',#6347,1.25E1);
#6349=CARTESIAN_POINT('',(2.416666666657E1,-7.879926506702E1,
-9.075262166358E-1));
#6350=LINE('',#6349,#6348);
#6351=DIRECTION('',(-1.E0,2.728484105319E-14,0.E0));
#6352=VECTOR('',#6351,1.25E1);
#6353=CARTESIAN_POINT('',(3.666666666657E1,-7.879926506702E1,
-2.407526216636E0));
#6354=LINE('',#6353,#6352);
#6355=DIRECTION('',(-1.468454987238E-13,0.E0,-1.E0));
#6356=VECTOR('',#6355,1.5E0);
#6357=CARTESIAN_POINT('',(3.666666666657E1,-7.479926506702E1,
-9.075262166358E-1));
#6358=LINE('',#6357,#6356);
#6359=DIRECTION('',(0.E0,0.E0,1.E0));
#6360=VECTOR('',#6359,1.5E0);
#6361=CARTESIAN_POINT('',(3.666666666657E1,-7.879926506702E1,
-2.407526216636E0));
#6362=LINE('',#6361,#6360);
#6363=DIRECTION('',(-1.E0,0.E0,0.E0));
#6364=VECTOR('',#6363,7.333333333334E1);
#6365=CARTESIAN_POINT('',(3.666666666657E1,-7.479926506702E1,
-9.075262166358E-1));
#6366=LINE('',#6365,#6364);
#6367=DIRECTION('',(0.E0,0.E0,1.E0));
#6368=VECTOR('',#6367,1.5E0);
#6369=CARTESIAN_POINT('',(-3.666666666676E1,-7.479926506702E1,
-2.407526216636E0));
#6370=LINE('',#6369,#6368);
#6371=DIRECTION('',(0.E0,0.E0,-1.E0));
#6372=VECTOR('',#6371,1.5E0);
#6373=CARTESIAN_POINT('',(-3.666666666676E1,-7.879926506702E1,
-9.075262166358E-1));
#6374=LINE('',#6373,#6372);
#6375=DIRECTION('',(-1.E0,2.614797267598E-14,0.E0));
#6376=VECTOR('',#6375,1.25E1);
#6377=CARTESIAN_POINT('',(-2.416666666677E1,-7.879926506702E1,
-2.407526216636E0));
#6378=LINE('',#6377,#6376);
#6379=DIRECTION('',(1.E0,-2.614797267598E-14,0.E0));
#6380=VECTOR('',#6379,1.25E1);
#6381=CARTESIAN_POINT('',(-3.666666666676E1,-7.879926506702E1,
-9.075262166358E-1));
#6382=LINE('',#6381,#6380);
#6383=DIRECTION('',(1.184237892933E-14,0.E0,1.E0));
#6384=VECTOR('',#6383,1.5E0);
#6385=CARTESIAN_POINT('',(-2.416666666677E1,-7.879926506702E1,
-2.407526216636E0));
#6386=LINE('',#6385,#6384);
#6387=DIRECTION('',(0.E0,0.E0,-1.E0));
#6388=VECTOR('',#6387,1.5E0);
#6389=CARTESIAN_POINT('',(-2.416666666676E1,-8.179926506702E1,
-9.075262166358E-1));
#6390=LINE('',#6389,#6388);
#6391=DIRECTION('',(-1.E0,1.867712333998E-14,0.E0));
#6392=VECTOR('',#6391,3.5E1);
#6393=CARTESIAN_POINT('',(-2.416666666676E1,-8.179926506702E1,
-9.075262166358E-1));
#6394=LINE('',#6393,#6392);
#6395=DIRECTION('',(1.E0,-1.867712333998E-14,0.E0));
#6396=VECTOR('',#6395,3.5E1);
#6397=CARTESIAN_POINT('',(-5.916666666676E1,-8.179926506702E1,
-2.407526216636E0));
#6398=LINE('',#6397,#6396);
#6399=DIRECTION('',(-1.421085471520E-14,0.E0,1.E0));
#6400=VECTOR('',#6399,1.5E0);
#6401=CARTESIAN_POINT('',(-5.916666666676E1,-8.179926506702E1,
-2.407526216636E0));
#6402=LINE('',#6401,#6400);
#6403=DIRECTION('',(0.E0,0.E0,-1.E0));
#6404=VECTOR('',#6403,1.5E0);
#6405=CARTESIAN_POINT('',(-5.916666666676E1,-7.879926506702E1,
-9.075262166358E-1));
#6406=LINE('',#6405,#6404);
#6407=DIRECTION('',(1.E0,-2.728484105319E-14,0.E0));
#6408=VECTOR('',#6407,1.25E1);
#6409=CARTESIAN_POINT('',(-5.916666666676E1,-7.879926506702E1,
-9.075262166358E-1));
#6410=LINE('',#6409,#6408);
#6411=DIRECTION('',(-1.E0,2.728484105319E-14,0.E0));
#6412=VECTOR('',#6411,1.25E1);
#6413=CARTESIAN_POINT('',(-4.666666666676E1,-7.879926506702E1,
-2.407526216636E0));
#6414=LINE('',#6413,#6412);
#6415=DIRECTION('',(-1.515824502955E-13,0.E0,-1.E0));
#6416=VECTOR('',#6415,1.5E0);
#6417=CARTESIAN_POINT('',(-4.666666666676E1,-7.479926506702E1,
-9.075262166358E-1));
#6418=LINE('',#6417,#6416);
#6419=DIRECTION('',(0.E0,0.E0,1.E0));
#6420=VECTOR('',#6419,1.5E0);
#6421=CARTESIAN_POINT('',(-4.666666666676E1,-7.879926506702E1,
-2.407526216636E0));
#6422=LINE('',#6421,#6420);
#6423=DIRECTION('',(-1.E0,0.E0,0.E0));
#6424=VECTOR('',#6423,7.333333333334E1);
#6425=CARTESIAN_POINT('',(-4.666666666676E1,-7.479926506702E1,
-9.075262166358E-1));
#6426=LINE('',#6425,#6424);
#6427=DIRECTION('',(0.E0,0.E0,1.E0));
#6428=VECTOR('',#6427,1.5E0);
#6429=CARTESIAN_POINT('',(-1.200000000001E2,-7.479926506702E1,
-2.407526216636E0));
#6430=LINE('',#6429,#6428);
#6431=DIRECTION('',(0.E0,0.E0,-1.E0));
#6432=VECTOR('',#6431,1.5E0);
#6433=CARTESIAN_POINT('',(-1.200000000001E2,-7.879926506702E1,
-9.075262166358E-1));
#6434=LINE('',#6433,#6432);
#6435=DIRECTION('',(-1.E0,2.614797267598E-14,0.E0));
#6436=VECTOR('',#6435,1.25E1);
#6437=CARTESIAN_POINT('',(-1.075000000001E2,-7.879926506702E1,
-2.407526216636E0));
#6438=LINE('',#6437,#6436);
#6439=DIRECTION('',(1.E0,-2.614797267598E-14,0.E0));
#6440=VECTOR('',#6439,1.25E1);
#6441=CARTESIAN_POINT('',(-1.200000000001E2,-7.879926506702E1,
-9.075262166358E-1));
#6442=LINE('',#6441,#6440);
#6443=DIRECTION('',(1.894780628694E-14,0.E0,1.E0));
#6444=VECTOR('',#6443,1.5E0);
#6445=CARTESIAN_POINT('',(-1.075000000001E2,-7.879926506702E1,
-2.407526216636E0));
#6446=LINE('',#6445,#6444);
#6447=DIRECTION('',(0.E0,0.E0,-1.E0));
#6448=VECTOR('',#6447,1.5E0);
#6449=CARTESIAN_POINT('',(-1.075000000001E2,-8.179926506702E1,
-9.075262166358E-1));
#6450=LINE('',#6449,#6448);
#6451=DIRECTION('',(-1.E0,1.867712333998E-14,0.E0));
#6452=VECTOR('',#6451,3.5E1);
#6453=CARTESIAN_POINT('',(-1.075000000001E2,-8.179926506702E1,
-9.075262166358E-1));
#6454=LINE('',#6453,#6452);
#6455=DIRECTION('',(1.E0,-1.867712333998E-14,0.E0));
#6456=VECTOR('',#6455,3.5E1);
#6457=CARTESIAN_POINT('',(-1.425000000001E2,-8.179926506702E1,
-2.407526216636E0));
#6458=LINE('',#6457,#6456);
#6459=DIRECTION('',(-1.894780628694E-14,0.E0,1.E0));
#6460=VECTOR('',#6459,1.5E0);
#6461=CARTESIAN_POINT('',(-1.425000000001E2,-8.179926506702E1,
-2.407526216636E0));
#6462=LINE('',#6461,#6460);
#6463=DIRECTION('',(0.E0,0.E0,-1.E0));
#6464=VECTOR('',#6463,1.5E0);
#6465=CARTESIAN_POINT('',(-1.425000000001E2,-7.879926506702E1,
-9.075262166358E-1));
#6466=LINE('',#6465,#6464);
#6467=DIRECTION('',(1.E0,-2.728484105319E-14,0.E0));
#6468=VECTOR('',#6467,1.25E1);
#6469=CARTESIAN_POINT('',(-1.425000000001E2,-7.879926506702E1,
-9.075262166358E-1));
#6470=LINE('',#6469,#6468);
#6471=DIRECTION('',(-1.E0,2.728484105319E-14,0.E0));
#6472=VECTOR('',#6471,1.25E1);
#6473=CARTESIAN_POINT('',(-1.300000000001E2,-7.879926506702E1,
-2.407526216636E0));
#6474=LINE('',#6473,#6472);
#6475=DIRECTION('',(-1.326346440086E-13,0.E0,-1.E0));
#6476=VECTOR('',#6475,1.5E0);
#6477=CARTESIAN_POINT('',(-1.300000000001E2,-7.479926506702E1,
-9.075262166358E-1));
#6478=LINE('',#6477,#6476);
#6479=DIRECTION('',(-1.894780628694E-14,0.E0,1.E0));
#6480=VECTOR('',#6479,1.5E0);
#6481=CARTESIAN_POINT('',(-1.300000000001E2,-7.879926506702E1,
-2.407526216636E0));
#6482=LINE('',#6481,#6480);
#6483=DIRECTION('',(-1.E0,0.E0,2.301483993678E-14));
#6484=VECTOR('',#6483,2.114817115099E1);
#6485=CARTESIAN_POINT('',(-1.300000000001E2,-7.479926506702E1,
-9.075262166358E-1));
#6486=LINE('',#6485,#6484);
#6487=DIRECTION('',(0.E0,0.E0,1.E0));
#6488=VECTOR('',#6487,1.5E0);
#6489=CARTESIAN_POINT('',(-1.511481711511E2,-7.479926506702E1,
-2.407526216635E0));
#6490=LINE('',#6489,#6488);
#6491=DIRECTION('',(0.E0,0.E0,-1.E0));
#6492=VECTOR('',#6491,1.5E0);
#6493=CARTESIAN_POINT('',(-1.536481711511E2,-7.229926506702E1,
-9.075262166348E-1));
#6494=LINE('',#6493,#6492);
#6495=DIRECTION('',(0.E0,0.E0,1.E0));
#6496=VECTOR('',#6495,1.5E0);
#6497=CARTESIAN_POINT('',(-1.536481711511E2,-4.889926505702E1,
-2.407526216636E0));
#6498=LINE('',#6497,#6496);
#6499=DIRECTION('',(-1.894780628694E-14,0.E0,-1.E0));
#6500=VECTOR('',#6499,1.5E0);
#6501=CARTESIAN_POINT('',(-1.576481711511E2,-4.889926505702E1,
-9.075262166358E-1));
#6502=LINE('',#6501,#6500);
#6503=DIRECTION('',(2.728484105320E-14,1.E0,0.E0));
#6504=VECTOR('',#6503,1.25E1);
#6505=CARTESIAN_POINT('',(-1.576481711511E2,-6.139926505702E1,
-2.407526216636E0));
#6506=LINE('',#6505,#6504);
#6507=DIRECTION('',(-2.955857780763E-14,-1.E0,0.E0));
#6508=VECTOR('',#6507,1.25E1);
#6509=CARTESIAN_POINT('',(-1.576481711511E2,-4.889926505702E1,
-9.075262166358E-1));
#6510=LINE('',#6509,#6508);
#6511=DIRECTION('',(0.E0,-1.421085471520E-14,1.E0));
#6512=VECTOR('',#6511,1.5E0);
#6513=CARTESIAN_POINT('',(-1.576481711511E2,-6.139926505702E1,
-2.407526216636E0));
#6514=LINE('',#6513,#6512);
#6515=DIRECTION('',(0.E0,0.E0,-1.E0));
#6516=VECTOR('',#6515,1.5E0);
#6517=CARTESIAN_POINT('',(-1.606481711511E2,-6.139926505702E1,
-9.075262166358E-1));
#6518=LINE('',#6517,#6516);
#6519=DIRECTION('',(1.948917218085E-14,1.E0,0.E0));
#6520=VECTOR('',#6519,3.5E1);
#6521=CARTESIAN_POINT('',(-1.606481711511E2,-6.139926505702E1,
-9.075262166358E-1));
#6522=LINE('',#6521,#6520);
#6523=DIRECTION('',(-1.948917218085E-14,-1.E0,0.E0));
#6524=VECTOR('',#6523,3.5E1);
#6525=CARTESIAN_POINT('',(-1.606481711511E2,-2.639926505703E1,
-2.407526216636E0));
#6526=LINE('',#6525,#6524);
#6527=DIRECTION('',(0.E0,1.184237892933E-14,1.E0));
#6528=VECTOR('',#6527,1.5E0);
#6529=CARTESIAN_POINT('',(-1.606481711511E2,-2.639926505703E1,
-2.407526216636E0));
#6530=LINE('',#6529,#6528);
#6531=DIRECTION('',(0.E0,0.E0,-1.E0));
#6532=VECTOR('',#6531,1.5E0);
#6533=CARTESIAN_POINT('',(-1.576481711511E2,-2.639926505702E1,
-9.075262166358E-1));
#6534=LINE('',#6533,#6532);
#6535=DIRECTION('',(-2.728484105319E-14,-1.E0,0.E0));
#6536=VECTOR('',#6535,1.25E1);
#6537=CARTESIAN_POINT('',(-1.576481711511E2,-2.639926505702E1,
-9.075262166358E-1));
#6538=LINE('',#6537,#6536);
#6539=DIRECTION('',(2.501110429876E-14,1.E0,0.E0));
#6540=VECTOR('',#6539,1.25E1);
#6541=CARTESIAN_POINT('',(-1.576481711511E2,-3.889926505702E1,
-2.407526216636E0));
#6542=LINE('',#6541,#6540);
#6543=DIRECTION('',(0.E0,1.468454987237E-13,-1.E0));
#6544=VECTOR('',#6543,1.5E0);
#6545=CARTESIAN_POINT('',(-1.536481711511E2,-3.889926505702E1,
-9.075262166353E-1));
#6546=LINE('',#6545,#6544);
#6547=DIRECTION('',(-1.894780628694E-14,0.E0,1.E0));
#6548=VECTOR('',#6547,1.5E0);
#6549=CARTESIAN_POINT('',(-1.576481711511E2,-3.889926505702E1,
-2.407526216636E0));
#6550=LINE('',#6549,#6548);
#6551=DIRECTION('',(0.E0,0.E0,1.E0));
#6552=VECTOR('',#6551,1.5E0);
#6553=CARTESIAN_POINT('',(-1.536481711511E2,1.110073494298E1,
-2.407526216636E0));
#6554=LINE('',#6553,#6552);
#6555=DIRECTION('',(-1.894780628694E-14,0.E0,-1.E0));
#6556=VECTOR('',#6555,1.5E0);
#6557=CARTESIAN_POINT('',(-1.576481711511E2,1.110073494298E1,
-9.075262166358E-1));
#6558=LINE('',#6557,#6556);
#6559=DIRECTION('',(2.728484105320E-14,1.E0,0.E0));
#6560=VECTOR('',#6559,1.25E1);
#6561=CARTESIAN_POINT('',(-1.576481711511E2,-1.399265057019E0,
-2.407526216636E0));
#6562=LINE('',#6561,#6560);
#6563=DIRECTION('',(-2.955857780763E-14,-1.E0,0.E0));
#6564=VECTOR('',#6563,1.25E1);
#6565=CARTESIAN_POINT('',(-1.576481711511E2,1.110073494298E1,
-9.075262166358E-1));
#6566=LINE('',#6565,#6564);
#6567=DIRECTION('',(0.E0,-1.347070603212E-14,1.E0));
#6568=VECTOR('',#6567,1.5E0);
#6569=CARTESIAN_POINT('',(-1.576481711511E2,-1.399265057019E0,
-2.407526216636E0));
#6570=LINE('',#6569,#6568);
#6571=DIRECTION('',(0.E0,0.E0,-1.E0));
#6572=VECTOR('',#6571,1.5E0);
#6573=CARTESIAN_POINT('',(-1.606481711511E2,-1.399265057022E0,
-9.075262166358E-1));
#6574=LINE('',#6573,#6572);
#6575=DIRECTION('',(1.948917218085E-14,1.E0,0.E0));
#6576=VECTOR('',#6575,3.5E1);
#6577=CARTESIAN_POINT('',(-1.606481711511E2,-1.399265057022E0,
-9.075262166358E-1));
#6578=LINE('',#6577,#6576);
#6579=DIRECTION('',(-1.948917218085E-14,-1.E0,0.E0));
#6580=VECTOR('',#6579,3.5E1);
#6581=CARTESIAN_POINT('',(-1.606481711511E2,3.360073494297E1,
-2.407526216636E0));
#6582=LINE('',#6581,#6580);
#6583=DIRECTION('',(0.E0,1.421085471520E-14,1.E0));
#6584=VECTOR('',#6583,1.5E0);
#6585=CARTESIAN_POINT('',(-1.606481711511E2,3.360073494297E1,
-2.407526216636E0));
#6586=LINE('',#6585,#6584);
#6587=DIRECTION('',(0.E0,0.E0,-1.E0));
#6588=VECTOR('',#6587,1.5E0);
#6589=CARTESIAN_POINT('',(-1.576481711511E2,3.360073494298E1,
-9.075262166358E-1));
#6590=LINE('',#6589,#6588);
#6591=DIRECTION('',(-2.728484105319E-14,-1.E0,0.E0));
#6592=VECTOR('',#6591,1.25E1);
#6593=CARTESIAN_POINT('',(-1.576481711511E2,3.360073494298E1,
-9.075262166358E-1));
#6594=LINE('',#6593,#6592);
#6595=DIRECTION('',(2.501110429876E-14,1.E0,0.E0));
#6596=VECTOR('',#6595,1.25E1);
#6597=CARTESIAN_POINT('',(-1.576481711511E2,2.110073494298E1,
-2.407526216636E0));
#6598=LINE('',#6597,#6596);
#6599=DIRECTION('',(0.E0,1.468454987237E-13,-1.E0));
#6600=VECTOR('',#6599,1.5E0);
#6601=CARTESIAN_POINT('',(-1.536481711511E2,2.110073494298E1,
-9.075262166353E-1));
#6602=LINE('',#6601,#6600);
#6603=DIRECTION('',(-1.894780628694E-14,0.E0,1.E0));
#6604=VECTOR('',#6603,1.5E0);
#6605=CARTESIAN_POINT('',(-1.576481711511E2,2.110073494298E1,
-2.407526216636E0));
#6606=LINE('',#6605,#6604);
#6607=DIRECTION('',(0.E0,0.E0,1.E0));
#6608=VECTOR('',#6607,1.5E0);
#6609=CARTESIAN_POINT('',(-1.536481711511E2,4.450073495198E1,
-2.407526216635E0));
#6610=LINE('',#6609,#6608);
#6611=DIRECTION('',(0.E0,0.E0,-1.E0));
#6612=VECTOR('',#6611,1.5E0);
#6613=CARTESIAN_POINT('',(-1.511481699067E2,4.700073495198E1,
-9.075262166353E-1));
#6614=LINE('',#6613,#6612);
#6615=DIRECTION('',(1.E0,0.E0,0.E0));
#6616=VECTOR('',#6615,6.099999875590E1);
#6617=CARTESIAN_POINT('',(-1.511481699067E2,4.700073495198E1,
-9.075262166353E-1));
#6618=LINE('',#6617,#6616);
#6619=DIRECTION('',(-1.894780628694E-14,0.E0,1.E0));
#6620=VECTOR('',#6619,1.5E0);
#6621=CARTESIAN_POINT('',(-9.014817115076E1,4.700073495198E1,
-2.407526216636E0));
#6622=LINE('',#6621,#6620);
#6623=DIRECTION('',(0.E0,0.E0,-1.E0));
#6624=VECTOR('',#6623,1.5E0);
#6625=CARTESIAN_POINT('',(-9.014817115076E1,5.100073495198E1,
-9.075262166358E-1));
#6626=LINE('',#6625,#6624);
#6627=DIRECTION('',(1.E0,-2.671640686459E-14,0.E0));
#6628=VECTOR('',#6627,1.25E1);
#6629=CARTESIAN_POINT('',(-1.026481711508E2,5.100073495198E1,
-2.407526216636E0));
#6630=LINE('',#6629,#6628);
#6631=DIRECTION('',(-1.E0,2.671640686459E-14,0.E0));
#6632=VECTOR('',#6631,1.25E1);
#6633=CARTESIAN_POINT('',(-9.014817115076E1,5.100073495198E1,
-9.075262166358E-1));
#6634=LINE('',#6633,#6632);
#6635=DIRECTION('',(-1.894780628694E-14,0.E0,1.E0));
#6636=VECTOR('',#6635,1.5E0);
#6637=CARTESIAN_POINT('',(-1.026481711508E2,5.100073495198E1,
-2.407526216636E0));
#6638=LINE('',#6637,#6636);
#6639=DIRECTION('',(0.E0,0.E0,-1.E0));
#6640=VECTOR('',#6639,1.5E0);
#6641=CARTESIAN_POINT('',(-1.026481711508E2,5.400073495198E1,
-9.075262166358E-1));
#6642=LINE('',#6641,#6640);
#6643=DIRECTION('',(1.E0,-1.888013555020E-14,0.E0));
#6644=VECTOR('',#6643,3.5E1);
#6645=CARTESIAN_POINT('',(-1.026481711508E2,5.400073495198E1,
-9.075262166358E-1));
#6646=LINE('',#6645,#6644);
#6647=DIRECTION('',(-1.E0,1.928615997063E-14,0.E0));
#6648=VECTOR('',#6647,3.5E1);
#6649=CARTESIAN_POINT('',(-6.764817115077E1,5.400073495198E1,
-2.407526216636E0));
#6650=LINE('',#6649,#6648);
#6651=DIRECTION('',(1.894780628694E-14,0.E0,1.E0));
#6652=VECTOR('',#6651,1.5E0);
#6653=CARTESIAN_POINT('',(-6.764817115077E1,5.400073495198E1,
-2.407526216636E0));
#6654=LINE('',#6653,#6652);
#6655=DIRECTION('',(0.E0,0.E0,-1.E0));
#6656=VECTOR('',#6655,1.5E0);
#6657=CARTESIAN_POINT('',(-6.764817115076E1,5.100073495198E1,
-9.075262166358E-1));
#6658=LINE('',#6657,#6656);
#6659=DIRECTION('',(-1.E0,2.614797267597E-14,0.E0));
#6660=VECTOR('',#6659,1.25E1);
#6661=CARTESIAN_POINT('',(-6.764817115076E1,5.100073495198E1,
-9.075262166358E-1));
#6662=LINE('',#6661,#6660);
#6663=DIRECTION('',(1.E0,-2.614797267597E-14,0.E0));
#6664=VECTOR('',#6663,1.25E1);
#6665=CARTESIAN_POINT('',(-8.014817115076E1,5.100073495198E1,
-2.407526216636E0));
#6666=LINE('',#6665,#6664);
#6667=DIRECTION('',(1.136868377216E-13,0.E0,-1.E0));
#6668=VECTOR('',#6667,1.5E0);
#6669=CARTESIAN_POINT('',(-8.014817115076E1,4.700073495198E1,
-9.075262166358E-1));
#6670=LINE('',#6669,#6668);
#6671=DIRECTION('',(0.E0,0.E0,1.E0));
#6672=VECTOR('',#6671,1.5E0);
#6673=CARTESIAN_POINT('',(-8.014817115076E1,5.100073495198E1,
-2.407526216636E0));
#6674=LINE('',#6673,#6672);
#6675=DIRECTION('',(1.E0,0.E0,0.E0));
#6676=VECTOR('',#6675,7.5E1);
#6677=CARTESIAN_POINT('',(-8.014817115076E1,4.700073495198E1,
-9.075262166358E-1));
#6678=LINE('',#6677,#6676);
#6679=DIRECTION('',(-1.302661682227E-14,0.E0,1.E0));
#6680=VECTOR('',#6679,1.5E0);
#6681=CARTESIAN_POINT('',(-5.148171150761E0,4.700073495198E1,
-2.407526216636E0));
#6682=LINE('',#6681,#6680);
#6683=DIRECTION('',(0.E0,0.E0,-1.E0));
#6684=VECTOR('',#6683,1.5E0);
#6685=CARTESIAN_POINT('',(-5.148171150762E0,5.100073495198E1,
-9.075262166358E-1));
#6686=LINE('',#6685,#6684);
#6687=DIRECTION('',(1.E0,-2.671640686459E-14,0.E0));
#6688=VECTOR('',#6687,1.25E1);
#6689=CARTESIAN_POINT('',(-1.764817115076E1,5.100073495198E1,
-2.407526216636E0));
#6690=LINE('',#6689,#6688);
#6691=DIRECTION('',(-1.E0,2.671640686459E-14,0.E0));
#6692=VECTOR('',#6691,1.25E1);
#6693=CARTESIAN_POINT('',(-5.148171150762E0,5.100073495198E1,
-9.075262166358E-1));
#6694=LINE('',#6693,#6692);
#6695=DIRECTION('',(0.E0,0.E0,1.E0));
#6696=VECTOR('',#6695,1.5E0);
#6697=CARTESIAN_POINT('',(-1.764817115076E1,5.100073495198E1,
-2.407526216636E0));
#6698=LINE('',#6697,#6696);
#6699=DIRECTION('',(0.E0,0.E0,-1.E0));
#6700=VECTOR('',#6699,1.5E0);
#6701=CARTESIAN_POINT('',(-1.764817115076E1,5.400073495198E1,
-9.075262166358E-1));
#6702=LINE('',#6701,#6700);
#6703=DIRECTION('',(1.E0,-1.888013555020E-14,0.E0));
#6704=VECTOR('',#6703,3.5E1);
#6705=CARTESIAN_POINT('',(-1.764817115076E1,5.400073495198E1,
-9.075262166358E-1));
#6706=LINE('',#6705,#6704);
#6707=DIRECTION('',(-1.E0,1.928615997063E-14,0.E0));
#6708=VECTOR('',#6707,3.5E1);
#6709=CARTESIAN_POINT('',(1.735182884923E1,5.400073495198E1,-2.407526216636E0));
#6710=LINE('',#6709,#6708);
#6711=DIRECTION('',(2.131628207280E-14,0.E0,1.E0));
#6712=VECTOR('',#6711,1.5E0);
#6713=CARTESIAN_POINT('',(1.735182884923E1,5.400073495198E1,-2.407526216636E0));
#6714=LINE('',#6713,#6712);
#6715=DIRECTION('',(0.E0,0.E0,-1.E0));
#6716=VECTOR('',#6715,1.5E0);
#6717=CARTESIAN_POINT('',(1.735182884924E1,5.100073495198E1,
-9.075262166358E-1));
#6718=LINE('',#6717,#6716);
#6719=DIRECTION('',(-1.E0,2.614797267597E-14,0.E0));
#6720=VECTOR('',#6719,1.25E1);
#6721=CARTESIAN_POINT('',(1.735182884924E1,5.100073495198E1,
-9.075262166358E-1));
#6722=LINE('',#6721,#6720);
#6723=DIRECTION('',(1.E0,-2.614797267597E-14,0.E0));
#6724=VECTOR('',#6723,1.25E1);
#6725=CARTESIAN_POINT('',(4.851828849238E0,5.100073495198E1,-2.407526216636E0));
#6726=LINE('',#6725,#6724);
#6727=DIRECTION('',(1.225686219186E-13,0.E0,-1.E0));
#6728=VECTOR('',#6727,1.5E0);
#6729=CARTESIAN_POINT('',(4.851828849236E0,4.700073495198E1,
-9.075262166358E-1));
#6730=LINE('',#6729,#6728);
#6731=DIRECTION('',(0.E0,0.E0,1.E0));
#6732=VECTOR('',#6731,1.5E0);
#6733=CARTESIAN_POINT('',(4.851828849238E0,5.100073495198E1,-2.407526216636E0));
#6734=LINE('',#6733,#6732);
#6735=DIRECTION('',(1.E0,0.E0,0.E0));
#6736=VECTOR('',#6735,7.5E1);
#6737=CARTESIAN_POINT('',(4.851828849236E0,4.700073495198E1,
-9.075262166358E-1));
#6738=LINE('',#6737,#6736);
#6739=DIRECTION('',(0.E0,0.E0,1.E0));
#6740=VECTOR('',#6739,1.5E0);
#6741=CARTESIAN_POINT('',(7.985182884924E1,4.700073495198E1,-2.407526216636E0));
#6742=LINE('',#6741,#6740);
#6743=DIRECTION('',(0.E0,0.E0,-1.E0));
#6744=VECTOR('',#6743,1.5E0);
#6745=CARTESIAN_POINT('',(7.985182884924E1,5.100073495198E1,
-9.075262166358E-1));
#6746=LINE('',#6745,#6744);
#6747=DIRECTION('',(1.E0,-2.671640686459E-14,0.E0));
#6748=VECTOR('',#6747,1.25E1);
#6749=CARTESIAN_POINT('',(6.735182884924E1,5.100073495198E1,-2.407526216636E0));
#6750=LINE('',#6749,#6748);
#6751=DIRECTION('',(-1.E0,2.671640686459E-14,0.E0));
#6752=VECTOR('',#6751,1.25E1);
#6753=CARTESIAN_POINT('',(7.985182884924E1,5.100073495198E1,
-9.075262166358E-1));
#6754=LINE('',#6753,#6752);
#6755=DIRECTION('',(0.E0,0.E0,1.E0));
#6756=VECTOR('',#6755,1.5E0);
#6757=CARTESIAN_POINT('',(6.735182884924E1,5.100073495198E1,-2.407526216636E0));
#6758=LINE('',#6757,#6756);
#6759=DIRECTION('',(0.E0,0.E0,-1.E0));
#6760=VECTOR('',#6759,1.5E0);
#6761=CARTESIAN_POINT('',(6.735182884924E1,5.400073495198E1,
-9.075262166358E-1));
#6762=LINE('',#6761,#6760);
#6763=DIRECTION('',(1.E0,-1.888013555020E-14,0.E0));
#6764=VECTOR('',#6763,3.5E1);
#6765=CARTESIAN_POINT('',(6.735182884924E1,5.400073495198E1,
-9.075262166358E-1));
#6766=LINE('',#6765,#6764);
#6767=DIRECTION('',(-1.E0,1.928615997063E-14,0.E0));
#6768=VECTOR('',#6767,3.5E1);
#6769=CARTESIAN_POINT('',(1.023518288492E2,5.400073495198E1,-2.407526216636E0));
#6770=LINE('',#6769,#6768);
#6771=DIRECTION('',(0.E0,0.E0,1.E0));
#6772=VECTOR('',#6771,1.5E0);
#6773=CARTESIAN_POINT('',(1.023518288492E2,5.400073495198E1,-2.407526216636E0));
#6774=LINE('',#6773,#6772);
#6775=DIRECTION('',(0.E0,0.E0,-1.E0));
#6776=VECTOR('',#6775,1.5E0);
#6777=CARTESIAN_POINT('',(1.023518288492E2,5.100073495198E1,
-9.075262166358E-1));
#6778=LINE('',#6777,#6776);
#6779=DIRECTION('',(-1.E0,2.614797267597E-14,0.E0));
#6780=VECTOR('',#6779,1.25E1);
#6781=CARTESIAN_POINT('',(1.023518288492E2,5.100073495198E1,
-9.075262166358E-1));
#6782=LINE('',#6781,#6780);
#6783=DIRECTION('',(1.E0,-2.614797267597E-14,0.E0));
#6784=VECTOR('',#6783,1.25E1);
#6785=CARTESIAN_POINT('',(8.985182884924E1,5.100073495198E1,-2.407526216636E0));
#6786=LINE('',#6785,#6784);
#6787=DIRECTION('',(1.231607408651E-13,0.E0,-1.E0));
#6788=VECTOR('',#6787,1.5E0);
#6789=CARTESIAN_POINT('',(8.985182884924E1,4.700073495198E1,
-9.075262166358E-1));
#6790=LINE('',#6789,#6788);
#6791=DIRECTION('',(0.E0,0.E0,1.E0));
#6792=VECTOR('',#6791,1.5E0);
#6793=CARTESIAN_POINT('',(8.985182884924E1,5.100073495198E1,-2.407526216636E0));
#6794=LINE('',#6793,#6792);
#6795=DIRECTION('',(1.E0,0.E0,0.E0));
#6796=VECTOR('',#6795,6.099999999968E1);
#6797=CARTESIAN_POINT('',(8.985182884924E1,4.700073495198E1,
-9.075262166358E-1));
#6798=LINE('',#6797,#6796);
#6799=DIRECTION('',(0.E0,0.E0,-1.E0));
#6800=VECTOR('',#6799,1.5E0);
#6801=CARTESIAN_POINT('',(1.533518288489E2,4.450073495198E1,
-9.075262166348E-1));
#6802=LINE('',#6801,#6800);
#6803=DIRECTION('',(0.E0,0.E0,1.E0));
#6804=VECTOR('',#6803,1.5E0);
#6805=CARTESIAN_POINT('',(1.508518288489E2,4.700073495198E1,-2.407526216635E0));
#6806=LINE('',#6805,#6804);
#6807=DIRECTION('',(0.E0,-1.E0,-2.089496666055E-14));
#6808=VECTOR('',#6807,2.340000000900E1);
#6809=CARTESIAN_POINT('',(1.533518288489E2,4.450073495198E1,
-9.075262166348E-1));
#6810=LINE('',#6809,#6808);
#6811=DIRECTION('',(0.E0,-2.842170943040E-14,1.E0));
#6812=VECTOR('',#6811,1.5E0);
#6813=CARTESIAN_POINT('',(1.533518288489E2,2.110073494298E1,-2.407526216635E0));
#6814=LINE('',#6813,#6812);
#6815=DIRECTION('',(0.E0,0.E0,-1.E0));
#6816=VECTOR('',#6815,1.5E0);
#6817=CARTESIAN_POINT('',(1.573518288489E2,2.110073494298E1,
-9.075262166358E-1));
#6818=LINE('',#6817,#6816);
#6819=DIRECTION('',(-2.728484105320E-14,-1.E0,0.E0));
#6820=VECTOR('',#6819,1.25E1);
#6821=CARTESIAN_POINT('',(1.573518288489E2,3.360073494297E1,-2.407526216636E0));
#6822=LINE('',#6821,#6820);
#6823=DIRECTION('',(2.728484105320E-14,1.E0,0.E0));
#6824=VECTOR('',#6823,1.25E1);
#6825=CARTESIAN_POINT('',(1.573518288489E2,2.110073494298E1,
-9.075262166358E-1));
#6826=LINE('',#6825,#6824);
#6827=DIRECTION('',(-1.894780628694E-14,-4.736951571734E-14,1.E0));
#6828=VECTOR('',#6827,1.5E0);
#6829=CARTESIAN_POINT('',(1.573518288489E2,3.360073494297E1,-2.407526216636E0));
#6830=LINE('',#6829,#6828);
#6831=DIRECTION('',(0.E0,0.E0,-1.E0));
#6832=VECTOR('',#6831,1.5E0);
#6833=CARTESIAN_POINT('',(1.603518288489E2,3.360073494298E1,
-9.075262166358E-1));
#6834=LINE('',#6833,#6832);
#6835=DIRECTION('',(-1.948917218085E-14,-1.E0,0.E0));
#6836=VECTOR('',#6835,3.5E1);
#6837=CARTESIAN_POINT('',(1.603518288489E2,3.360073494298E1,
-9.075262166358E-1));
#6838=LINE('',#6837,#6836);
#6839=DIRECTION('',(1.948917218085E-14,1.E0,0.E0));
#6840=VECTOR('',#6839,3.5E1);
#6841=CARTESIAN_POINT('',(1.603518288489E2,-1.399265057019E0,
-2.407526216636E0));
#6842=LINE('',#6841,#6840);
#6843=DIRECTION('',(1.894780628694E-14,5.047814018629E-14,1.E0));
#6844=VECTOR('',#6843,1.5E0);
#6845=CARTESIAN_POINT('',(1.603518288489E2,-1.399265057019E0,
-2.407526216636E0));
#6846=LINE('',#6845,#6844);
#6847=DIRECTION('',(0.E0,0.E0,-1.E0));
#6848=VECTOR('',#6847,1.5E0);
#6849=CARTESIAN_POINT('',(1.573518288489E2,-1.399265057022E0,
-9.075262166358E-1));
#6850=LINE('',#6849,#6848);
#6851=DIRECTION('',(2.728484105319E-14,1.E0,0.E0));
#6852=VECTOR('',#6851,1.25E1);
#6853=CARTESIAN_POINT('',(1.573518288489E2,-1.399265057022E0,
-9.075262166358E-1));
#6854=LINE('',#6853,#6852);
#6855=DIRECTION('',(-2.728484105319E-14,-1.E0,0.E0));
#6856=VECTOR('',#6855,1.25E1);
#6857=CARTESIAN_POINT('',(1.573518288489E2,1.110073494298E1,-2.407526216636E0));
#6858=LINE('',#6857,#6856);
#6859=DIRECTION('',(0.E0,-1.930307765482E-13,-1.E0));
#6860=VECTOR('',#6859,1.5E0);
#6861=CARTESIAN_POINT('',(1.533518288489E2,1.110073494298E1,
-9.075262166353E-1));
#6862=LINE('',#6861,#6860);
#6863=DIRECTION('',(0.E0,0.E0,1.E0));
#6864=VECTOR('',#6863,1.5E0);
#6865=CARTESIAN_POINT('',(1.573518288489E2,1.110073494298E1,-2.407526216636E0));
#6866=LINE('',#6865,#6864);
#6867=DIRECTION('',(0.E0,-1.E0,2.088073303114E-14));
#6868=VECTOR('',#6867,2.340000001E1);
#6869=CARTESIAN_POINT('',(1.533518288489E2,-4.889926505702E1,
-9.075262166353E-1));
#6870=LINE('',#6869,#6868);
#6871=DIRECTION('',(0.E0,-1.942150144411E-13,-1.E0));
#6872=VECTOR('',#6871,1.5E0);
#6873=CARTESIAN_POINT('',(1.533518288489E2,-4.889926505702E1,
-9.075262166353E-1));
#6874=LINE('',#6873,#6872);
#6875=DIRECTION('',(0.E0,0.E0,1.E0));
#6876=VECTOR('',#6875,1.5E0);
#6877=CARTESIAN_POINT('',(1.573518288489E2,-4.889926505702E1,
-2.407526216636E0));
#6878=LINE('',#6877,#6876);
#6879=DIRECTION('',(2.728484105319E-14,1.E0,0.E0));
#6880=VECTOR('',#6879,1.25E1);
#6881=CARTESIAN_POINT('',(1.573518288489E2,-6.139926505702E1,
-9.075262166358E-1));
#6882=LINE('',#6881,#6880);
#6883=DIRECTION('',(-2.728484105319E-14,-1.E0,0.E0));
#6884=VECTOR('',#6883,1.25E1);
#6885=CARTESIAN_POINT('',(1.573518288489E2,-4.889926505702E1,
-2.407526216636E0));
#6886=LINE('',#6885,#6884);
#6887=DIRECTION('',(1.894780628694E-14,5.684341886081E-14,1.E0));
#6888=VECTOR('',#6887,1.5E0);
#6889=CARTESIAN_POINT('',(1.603518288489E2,-6.139926505702E1,
-2.407526216636E0));
#6890=LINE('',#6889,#6888);
#6891=DIRECTION('',(0.E0,0.E0,-1.E0));
#6892=VECTOR('',#6891,1.5E0);
#6893=CARTESIAN_POINT('',(1.573518288489E2,-6.139926505702E1,
-9.075262166358E-1));
#6894=LINE('',#6893,#6892);
#6895=DIRECTION('',(-1.948917218085E-14,-1.E0,0.E0));
#6896=VECTOR('',#6895,3.5E1);
#6897=CARTESIAN_POINT('',(1.603518288489E2,-2.639926505702E1,
-9.075262166358E-1));
#6898=LINE('',#6897,#6896);
#6899=DIRECTION('',(1.948917218085E-14,1.E0,0.E0));
#6900=VECTOR('',#6899,3.5E1);
#6901=CARTESIAN_POINT('',(1.603518288489E2,-6.139926505702E1,
-2.407526216636E0));
#6902=LINE('',#6901,#6900);
#6903=DIRECTION('',(-1.894780628694E-14,-4.973799150321E-14,1.E0));
#6904=VECTOR('',#6903,1.5E0);
#6905=CARTESIAN_POINT('',(1.573518288489E2,-2.639926505703E1,
-2.407526216636E0));
#6906=LINE('',#6905,#6904);
#6907=DIRECTION('',(0.E0,0.E0,-1.E0));
#6908=VECTOR('',#6907,1.5E0);
#6909=CARTESIAN_POINT('',(1.603518288489E2,-2.639926505702E1,
-9.075262166358E-1));
#6910=LINE('',#6909,#6908);
#6911=DIRECTION('',(-2.728484105320E-14,-1.E0,0.E0));
#6912=VECTOR('',#6911,1.25E1);
#6913=CARTESIAN_POINT('',(1.573518288489E2,-2.639926505703E1,
-2.407526216636E0));
#6914=LINE('',#6913,#6912);
#6915=DIRECTION('',(2.728484105320E-14,1.E0,0.E0));
#6916=VECTOR('',#6915,1.25E1);
#6917=CARTESIAN_POINT('',(1.573518288489E2,-3.889926505702E1,
-9.075262166358E-1));
#6918=LINE('',#6917,#6916);
#6919=CARTESIAN_POINT('',(1.533518288489E2,-3.889926505702E1,
-2.407526216635E0));
#6920=CARTESIAN_POINT('',(1.533518288489E2,-3.889926505702E1,
-9.075262166353E-1));
#6921=VERTEX_POINT('',#6919);
#6922=VERTEX_POINT('',#6920);
#6923=CARTESIAN_POINT('',(1.533518288489E2,1.110073494298E1,-2.407526216635E0));
#6924=VERTEX_POINT('',#6923);
#6925=CARTESIAN_POINT('',(1.533518288489E2,1.110073494298E1,
-9.075262166353E-1));
#6926=VERTEX_POINT('',#6925);
#6927=CARTESIAN_POINT('',(1.533518288489E2,2.110073494298E1,-2.407526216635E0));
#6928=CARTESIAN_POINT('',(1.533518288489E2,2.110073494298E1,
-9.075262166353E-1));
#6929=VERTEX_POINT('',#6927);
#6930=VERTEX_POINT('',#6928);
#6931=CARTESIAN_POINT('',(1.533518288489E2,4.450073495198E1,-2.407526216635E0));
#6932=VERTEX_POINT('',#6931);
#6933=CARTESIAN_POINT('',(1.533518288489E2,4.450073495198E1,
-9.075262166348E-1));
#6934=VERTEX_POINT('',#6933);
#6935=CARTESIAN_POINT('',(4.851828849236E0,4.700073495198E1,
-9.075262166358E-1));
#6936=CARTESIAN_POINT('',(7.985182884924E1,4.700073495198E1,
-9.075262166358E-1));
#6937=VERTEX_POINT('',#6935);
#6938=VERTEX_POINT('',#6936);
#6939=CARTESIAN_POINT('',(7.985182884924E1,4.700073495198E1,-2.407526216636E0));
#6940=VERTEX_POINT('',#6939);
#6941=CARTESIAN_POINT('',(4.851828849236E0,4.700073495198E1,-2.407526216636E0));
#6942=VERTEX_POINT('',#6941);
#6943=CARTESIAN_POINT('',(8.985182884924E1,4.700073495198E1,-2.407526216636E0));
#6944=CARTESIAN_POINT('',(1.508518288489E2,4.700073495198E1,-2.407526216635E0));
#6945=VERTEX_POINT('',#6943);
#6946=VERTEX_POINT('',#6944);
#6947=CARTESIAN_POINT('',(8.985182884924E1,4.700073495198E1,
-9.075262166358E-1));
#6948=VERTEX_POINT('',#6947);
#6949=CARTESIAN_POINT('',(1.508518288489E2,4.700073495198E1,
-9.075262166353E-1));
#6950=VERTEX_POINT('',#6949);
#6951=CARTESIAN_POINT('',(-8.014817115076E1,4.700073495198E1,
-9.075262166358E-1));
#6952=CARTESIAN_POINT('',(-5.148171150761E0,4.700073495198E1,
-9.075262166358E-1));
#6953=VERTEX_POINT('',#6951);
#6954=VERTEX_POINT('',#6952);
#6955=CARTESIAN_POINT('',(-5.148171150761E0,4.700073495198E1,
-2.407526216636E0));
#6956=VERTEX_POINT('',#6955);
#6957=CARTESIAN_POINT('',(-8.014817115076E1,4.700073495198E1,
-2.407526216636E0));
#6958=VERTEX_POINT('',#6957);
#6959=CARTESIAN_POINT('',(-1.511481699067E2,4.700073495198E1,
-9.075262166353E-1));
#6960=CARTESIAN_POINT('',(-9.014817115076E1,4.700073495198E1,
-9.075262166358E-1));
#6961=VERTEX_POINT('',#6959);
#6962=VERTEX_POINT('',#6960);
#6963=CARTESIAN_POINT('',(-9.014817115076E1,4.700073495198E1,
-2.407526216636E0));
#6964=VERTEX_POINT('',#6963);
#6965=CARTESIAN_POINT('',(-1.511481699067E2,4.700073495198E1,
-2.407526216635E0));
#6966=VERTEX_POINT('',#6965);
#6967=CARTESIAN_POINT('',(1.508518288489E2,-7.479926506702E1,
-9.075262166353E-1));
#6968=CARTESIAN_POINT('',(1.299999999999E2,-7.479926506702E1,
-9.075262166358E-1));
#6969=VERTEX_POINT('',#6967);
#6970=VERTEX_POINT('',#6968);
#6971=CARTESIAN_POINT('',(1.299999999999E2,-7.479926506702E1,
-2.407526216636E0));
#6972=VERTEX_POINT('',#6971);
#6973=CARTESIAN_POINT('',(1.508518288489E2,-7.479926506702E1,
-2.407526216635E0));
#6974=VERTEX_POINT('',#6973);
#6975=CARTESIAN_POINT('',(1.199999999999E2,-7.479926506702E1,
-2.407526216636E0));
#6976=CARTESIAN_POINT('',(4.666666666657E1,-7.479926506702E1,
-2.407526216636E0));
#6977=VERTEX_POINT('',#6975);
#6978=VERTEX_POINT('',#6976);
#6979=CARTESIAN_POINT('',(1.199999999999E2,-7.479926506702E1,
-9.075262166358E-1));
#6980=VERTEX_POINT('',#6979);
#6981=CARTESIAN_POINT('',(4.666666666657E1,-7.479926506702E1,
-9.075262166358E-1));
#6982=VERTEX_POINT('',#6981);
#6983=CARTESIAN_POINT('',(3.666666666657E1,-7.479926506702E1,
-2.407526216636E0));
#6984=CARTESIAN_POINT('',(-3.666666666676E1,-7.479926506702E1,
-2.407526216636E0));
#6985=VERTEX_POINT('',#6983);
#6986=VERTEX_POINT('',#6984);
#6987=CARTESIAN_POINT('',(3.666666666657E1,-7.479926506702E1,
-9.075262166358E-1));
#6988=VERTEX_POINT('',#6987);
#6989=CARTESIAN_POINT('',(-3.666666666676E1,-7.479926506702E1,
-9.075262166358E-1));
#6990=VERTEX_POINT('',#6989);
#6991=CARTESIAN_POINT('',(-4.666666666676E1,-7.479926506702E1,
-2.407526216636E0));
#6992=CARTESIAN_POINT('',(-1.200000000001E2,-7.479926506702E1,
-2.407526216636E0));
#6993=VERTEX_POINT('',#6991);
#6994=VERTEX_POINT('',#6992);
#6995=CARTESIAN_POINT('',(-4.666666666676E1,-7.479926506702E1,
-9.075262166358E-1));
#6996=VERTEX_POINT('',#6995);
#6997=CARTESIAN_POINT('',(-1.200000000001E2,-7.479926506702E1,
-9.075262166358E-1));
#6998=VERTEX_POINT('',#6997);
#6999=CARTESIAN_POINT('',(-1.300000000001E2,-7.479926506702E1,
-2.407526216636E0));
#7000=CARTESIAN_POINT('',(-1.511481711511E2,-7.479926506702E1,
-2.407526216635E0));
#7001=VERTEX_POINT('',#6999);
#7002=VERTEX_POINT('',#7000);
#7003=CARTESIAN_POINT('',(-1.300000000001E2,-7.479926506702E1,
-9.075262166358E-1));
#7004=VERTEX_POINT('',#7003);
#7005=CARTESIAN_POINT('',(-1.511481711511E2,-7.479926506702E1,
-9.075262166353E-1));
#7006=VERTEX_POINT('',#7005);
#7007=CARTESIAN_POINT('',(-1.536481711511E2,-4.889926505702E1,
-9.075262166353E-1));
#7008=CARTESIAN_POINT('',(-1.536481711511E2,-7.229926506702E1,
-9.075262166348E-1));
#7009=VERTEX_POINT('',#7007);
#7010=VERTEX_POINT('',#7008);
#7011=CARTESIAN_POINT('',(-1.536481711511E2,-4.889926505702E1,
-2.407526216636E0));
#7012=VERTEX_POINT('',#7011);
#7013=CARTESIAN_POINT('',(-1.536481711511E2,-7.229926506702E1,
-2.407526216635E0));
#7014=VERTEX_POINT('',#7013);
#7015=CARTESIAN_POINT('',(-1.536481711511E2,-3.889926505702E1,
-2.407526216636E0));
#7016=CARTESIAN_POINT('',(-1.536481711511E2,1.110073494298E1,
-2.407526216636E0));
#7017=VERTEX_POINT('',#7015);
#7018=VERTEX_POINT('',#7016);
#7019=CARTESIAN_POINT('',(-1.536481711511E2,-3.889926505702E1,
-9.075262166353E-1));
#7020=VERTEX_POINT('',#7019);
#7021=CARTESIAN_POINT('',(-1.536481711511E2,1.110073494298E1,
-9.075262166353E-1));
#7022=VERTEX_POINT('',#7021);
#7023=CARTESIAN_POINT('',(-1.536481711511E2,2.110073494298E1,
-2.407526216636E0));
#7024=CARTESIAN_POINT('',(-1.536481711511E2,4.450073495198E1,
-2.407526216635E0));
#7025=VERTEX_POINT('',#7023);
#7026=VERTEX_POINT('',#7024);
#7027=CARTESIAN_POINT('',(-1.536481711511E2,2.110073494298E1,
-9.075262166353E-1));
#7028=VERTEX_POINT('',#7027);
#7029=CARTESIAN_POINT('',(-1.536481711511E2,4.450073495198E1,
-9.075262166348E-1));
#7030=VERTEX_POINT('',#7029);
#7031=CARTESIAN_POINT('',(1.533518288489E2,-7.229926506702E1,
-2.407526216634E0));
#7032=VERTEX_POINT('',#7031);
#7033=CARTESIAN_POINT('',(1.533518288489E2,-7.229926506702E1,
-9.075262166348E-1));
#7034=VERTEX_POINT('',#7033);
#7035=CARTESIAN_POINT('',(1.180000086103E1,-1.889651890174E1,
-2.407526216636E0));
#7036=CARTESIAN_POINT('',(-2.199999138970E0,-1.889651890174E1,
-2.407526216636E0));
#7037=VERTEX_POINT('',#7035);
#7038=VERTEX_POINT('',#7036);
#7039=CARTESIAN_POINT('',(1.180000086103E1,-1.889651890174E1,
-9.075262166353E-1));
#7040=VERTEX_POINT('',#7039);
#7041=CARTESIAN_POINT('',(-2.199999138970E0,-1.889651890174E1,
-9.075262166353E-1));
#7042=VERTEX_POINT('',#7041);
#7043=CARTESIAN_POINT('',(-2.199999138970E0,-3.289651890175E1,
-2.407526216636E0));
#7044=VERTEX_POINT('',#7043);
#7045=CARTESIAN_POINT('',(-2.199999138970E0,-3.289651890175E1,
-9.075262166353E-1));
#7046=VERTEX_POINT('',#7045);
#7047=CARTESIAN_POINT('',(1.180000086103E1,-3.289651890175E1,
-2.407526216636E0));
#7048=VERTEX_POINT('',#7047);
#7049=CARTESIAN_POINT('',(1.180000086103E1,-3.289651890175E1,
-9.075262166353E-1));
#7050=VERTEX_POINT('',#7049);
#7051=CARTESIAN_POINT('',(-1.199999914108E1,1.534810982963E-1,
-2.407526216636E0));
#7052=CARTESIAN_POINT('',(-2.599999914108E1,1.534810982963E-1,
-2.407526216636E0));
#7053=VERTEX_POINT('',#7051);
#7054=VERTEX_POINT('',#7052);
#7055=CARTESIAN_POINT('',(-1.199999914108E1,1.534810982963E-1,
-9.075262166353E-1));
#7056=VERTEX_POINT('',#7055);
#7057=CARTESIAN_POINT('',(-2.599999914108E1,1.534810982963E-1,
-9.075262166353E-1));
#7058=VERTEX_POINT('',#7057);
#7059=CARTESIAN_POINT('',(-2.599999914108E1,-1.384651890171E1,
-2.407526216636E0));
#7060=VERTEX_POINT('',#7059);
#7061=CARTESIAN_POINT('',(-2.599999914108E1,-1.384651890171E1,
-9.075262166353E-1));
#7062=VERTEX_POINT('',#7061);
#7063=CARTESIAN_POINT('',(-1.199999914108E1,-1.384651890171E1,
-2.407526216636E0));
#7064=VERTEX_POINT('',#7063);
#7065=CARTESIAN_POINT('',(-1.199999914108E1,-1.384651890171E1,
-9.075262166353E-1));
#7066=VERTEX_POINT('',#7065);
#7067=CARTESIAN_POINT('',(-2.142499926708E1,4.305348109843E1,
-2.407526216636E0));
#7068=CARTESIAN_POINT('',(-3.542499926708E1,4.305348109843E1,
-2.407526216636E0));
#7069=VERTEX_POINT('',#7067);
#7070=VERTEX_POINT('',#7068);
#7071=CARTESIAN_POINT('',(-2.142499926708E1,4.305348109843E1,
-9.075262166354E-1));
#7072=VERTEX_POINT('',#7071);
#7073=CARTESIAN_POINT('',(-3.542499926708E1,4.305348109843E1,
-9.075262166354E-1));
#7074=VERTEX_POINT('',#7073);
#7075=CARTESIAN_POINT('',(-3.542499926708E1,2.905348109842E1,
-2.407526216636E0));
#7076=VERTEX_POINT('',#7075);
#7077=CARTESIAN_POINT('',(-3.542499926708E1,2.905348109842E1,
-9.075262166354E-1));
#7078=VERTEX_POINT('',#7077);
#7079=CARTESIAN_POINT('',(-2.142499926708E1,2.905348109842E1,
-2.407526216636E0));
#7080=VERTEX_POINT('',#7079);
#7081=CARTESIAN_POINT('',(-2.142499926708E1,2.905348109842E1,
-9.075262166354E-1));
#7082=VERTEX_POINT('',#7081);
#7083=CARTESIAN_POINT('',(1.206750007679E2,-3.266155741754E1,
-2.407526216636E0));
#7084=CARTESIAN_POINT('',(1.224465428208E2,-3.266155739345E1,
-2.407526216636E0));
#7085=VERTEX_POINT('',#7083);
#7086=VERTEX_POINT('',#7084);
#7087=CARTESIAN_POINT('',(1.206750007679E2,-3.266155741754E1,
-9.075262166358E-1));
#7088=VERTEX_POINT('',#7087);
#7089=CARTESIAN_POINT('',(1.224465428208E2,-3.266155739345E1,
-9.075262166358E-1));
#7090=VERTEX_POINT('',#7089);
#7091=CARTESIAN_POINT('',(1.224465428208E2,-3.416187446340E1,
-2.407526216636E0));
#7092=VERTEX_POINT('',#7091);
#7093=CARTESIAN_POINT('',(1.224465428208E2,-3.416187446340E1,
-9.075262166358E-1));
#7094=VERTEX_POINT('',#7093);
#7095=CARTESIAN_POINT('',(1.255524993155E2,-3.416187446340E1,
-2.407526216636E0));
#7096=VERTEX_POINT('',#7095);
#7097=CARTESIAN_POINT('',(1.255524993155E2,-3.416187446340E1,
-9.075262166358E-1));
#7098=VERTEX_POINT('',#7097);
#7099=CARTESIAN_POINT('',(1.255524993155E2,-3.266155739345E1,
-2.407526216636E0));
#7100=VERTEX_POINT('',#7099);
#7101=CARTESIAN_POINT('',(1.255524993155E2,-3.266155739345E1,
-9.075262166358E-1));
#7102=VERTEX_POINT('',#7101);
#7103=CARTESIAN_POINT('',(1.273250008588E2,-3.266155741754E1,
-2.407526216636E0));
#7104=VERTEX_POINT('',#7103);
#7105=CARTESIAN_POINT('',(1.273250008588E2,-3.266155741754E1,
-9.075262166358E-1));
#7106=VERTEX_POINT('',#7105);
#7107=CARTESIAN_POINT('',(1.273250008588E2,-2.616155742294E1,
-2.407526216636E0));
#7108=VERTEX_POINT('',#7107);
#7109=CARTESIAN_POINT('',(1.273250008588E2,-2.616155742294E1,
-9.075262166358E-1));
#7110=VERTEX_POINT('',#7109);
#7111=CARTESIAN_POINT('',(1.282250008571E2,-2.616155742294E1,
-2.407526216636E0));
#7112=VERTEX_POINT('',#7111);
#7113=CARTESIAN_POINT('',(1.282250008571E2,-2.616155742294E1,
-9.075262166358E-1));
#7114=VERTEX_POINT('',#7113);
#7115=CARTESIAN_POINT('',(1.282250008571E2,-2.371155742074E1,
-2.407526216636E0));
#7116=VERTEX_POINT('',#7115);
#7117=CARTESIAN_POINT('',(1.282250008571E2,-2.371155742074E1,
-9.075262166358E-1));
#7118=VERTEX_POINT('',#7117);
#7119=CARTESIAN_POINT('',(1.273250008588E2,-2.371155742074E1,
-2.407526216636E0));
#7120=VERTEX_POINT('',#7119);
#7121=CARTESIAN_POINT('',(1.273250008588E2,-2.371155742074E1,
-9.075262166358E-1));
#7122=VERTEX_POINT('',#7121);
#7123=CARTESIAN_POINT('',(1.273250008588E2,-2.046155741584E1,
-2.407526216636E0));
#7124=VERTEX_POINT('',#7123);
#7125=CARTESIAN_POINT('',(1.273250008588E2,-2.046155741584E1,
-9.075262166358E-1));
#7126=VERTEX_POINT('',#7125);
#7127=CARTESIAN_POINT('',(1.206750001177E2,-2.046155741584E1,
-2.407526216636E0));
#7128=VERTEX_POINT('',#7127);
#7129=CARTESIAN_POINT('',(1.206750001177E2,-2.046155741584E1,
-9.075262166358E-1));
#7130=VERTEX_POINT('',#7129);
#7131=CARTESIAN_POINT('',(1.206750001177E2,-2.371155743094E1,
-2.407526216636E0));
#7132=VERTEX_POINT('',#7131);
#7133=CARTESIAN_POINT('',(1.206750001177E2,-2.371155743094E1,
-9.075262166358E-1));
#7134=VERTEX_POINT('',#7133);
#7135=CARTESIAN_POINT('',(1.190000008598E2,-2.371155743094E1,
-2.407526216636E0));
#7136=VERTEX_POINT('',#7135);
#7137=CARTESIAN_POINT('',(1.190000008598E2,-2.371155743094E1,
-9.075262166355E-1));
#7138=VERTEX_POINT('',#7137);
#7139=CARTESIAN_POINT('',(1.190000008598E2,-1.889651890284E1,
-9.075262166352E-1));
#7140=VERTEX_POINT('',#7139);
#7141=CARTESIAN_POINT('',(1.190000008598E2,-1.889651890284E1,
-2.407526216636E0));
#7142=VERTEX_POINT('',#7141);
#7143=CARTESIAN_POINT('',(1.050000008598E2,-1.889651890284E1,
-2.407526216636E0));
#7144=VERTEX_POINT('',#7143);
#7145=CARTESIAN_POINT('',(1.050000008598E2,-1.889651890284E1,
-9.075262166352E-1));
#7146=VERTEX_POINT('',#7145);
#7147=CARTESIAN_POINT('',(1.050000008598E2,-2.371155743854E1,
-9.075262166355E-1));
#7148=CARTESIAN_POINT('',(1.050000008598E2,-2.371155743854E1,
-2.407526216636E0));
#7149=VERTEX_POINT('',#7147);
#7150=VERTEX_POINT('',#7148);
#7151=CARTESIAN_POINT('',(1.033250001238E2,-2.371155743854E1,
-2.407526216636E0));
#7152=VERTEX_POINT('',#7151);
#7153=CARTESIAN_POINT('',(1.033250001238E2,-2.371155743854E1,
-9.075262166358E-1));
#7154=VERTEX_POINT('',#7153);
#7155=CARTESIAN_POINT('',(1.033250001238E2,-2.046155743354E1,
-2.407526216636E0));
#7156=VERTEX_POINT('',#7155);
#7157=CARTESIAN_POINT('',(1.033250001238E2,-2.046155743354E1,
-9.075262166358E-1));
#7158=VERTEX_POINT('',#7157);
#7159=CARTESIAN_POINT('',(9.667500086100E1,-2.046155743354E1,
-2.407526216636E0));
#7160=VERTEX_POINT('',#7159);
#7161=CARTESIAN_POINT('',(9.667500086100E1,-2.046155743354E1,
-9.075262166358E-1));
#7162=VERTEX_POINT('',#7161);
#7163=CARTESIAN_POINT('',(9.667500086100E1,-2.371155743854E1,
-2.407526216636E0));
#7164=VERTEX_POINT('',#7163);
#7165=CARTESIAN_POINT('',(9.667500086100E1,-2.371155743854E1,
-9.075262166358E-1));
#7166=VERTEX_POINT('',#7165);
#7167=CARTESIAN_POINT('',(9.577500085500E1,-2.371155743854E1,
-2.407526216636E0));
#7168=VERTEX_POINT('',#7167);
#7169=CARTESIAN_POINT('',(9.577500085500E1,-2.371155743854E1,
-9.075262166358E-1));
#7170=VERTEX_POINT('',#7169);
#7171=CARTESIAN_POINT('',(9.577500085500E1,-2.616155744074E1,
-2.407526216636E0));
#7172=VERTEX_POINT('',#7171);
#7173=CARTESIAN_POINT('',(9.577500085500E1,-2.616155744074E1,
-9.075262166358E-1));
#7174=VERTEX_POINT('',#7173);
#7175=CARTESIAN_POINT('',(9.667500086100E1,-2.616155744074E1,
-2.407526216636E0));
#7176=VERTEX_POINT('',#7175);
#7177=CARTESIAN_POINT('',(9.667500086100E1,-2.616155744074E1,
-9.075262166358E-1));
#7178=VERTEX_POINT('',#7177);
#7179=CARTESIAN_POINT('',(9.667500086100E1,-3.266155743534E1,
-2.407526216636E0));
#7180=VERTEX_POINT('',#7179);
#7181=CARTESIAN_POINT('',(9.667500086100E1,-3.266155743534E1,
-9.075262166358E-1));
#7182=VERTEX_POINT('',#7181);
#7183=CARTESIAN_POINT('',(9.844654282220E1,-3.266155741126E1,
-2.407526216636E0));
#7184=VERTEX_POINT('',#7183);
#7185=CARTESIAN_POINT('',(9.844654282220E1,-3.266155741126E1,
-9.075262166358E-1));
#7186=VERTEX_POINT('',#7185);
#7187=CARTESIAN_POINT('',(9.844654282220E1,-3.416187446848E1,
-2.407526216636E0));
#7188=VERTEX_POINT('',#7187);
#7189=CARTESIAN_POINT('',(9.844654282220E1,-3.416187446848E1,
-9.075262166358E-1));
#7190=VERTEX_POINT('',#7189);
#7191=CARTESIAN_POINT('',(1.015524993171E2,-3.416187446848E1,
-2.407526216636E0));
#7192=VERTEX_POINT('',#7191);
#7193=CARTESIAN_POINT('',(1.015524993171E2,-3.416187446848E1,
-9.075262166358E-1));
#7194=VERTEX_POINT('',#7193);
#7195=CARTESIAN_POINT('',(1.015524993171E2,-3.266155741126E1,
-2.407526216636E0));
#7196=VERTEX_POINT('',#7195);
#7197=CARTESIAN_POINT('',(1.015524993171E2,-3.266155741126E1,
-9.075262166358E-1));
#7198=VERTEX_POINT('',#7197);
#7199=CARTESIAN_POINT('',(1.033250007690E2,-3.266155743534E1,
-2.407526216636E0));
#7200=VERTEX_POINT('',#7199);
#7201=CARTESIAN_POINT('',(1.033250007690E2,-3.266155743534E1,
-9.075262166358E-1));
#7202=VERTEX_POINT('',#7201);
#7203=CARTESIAN_POINT('',(1.033250007690E2,-3.192151890024E1,
-2.407526216636E0));
#7204=VERTEX_POINT('',#7203);
#7205=CARTESIAN_POINT('',(1.033250007690E2,-3.192151890024E1,
-9.075262166358E-1));
#7206=VERTEX_POINT('',#7205);
#7207=CARTESIAN_POINT('',(1.050000008598E2,-3.192151890024E1,
-2.407526216636E0));
#7208=VERTEX_POINT('',#7207);
#7209=CARTESIAN_POINT('',(1.050000008598E2,-3.192151890024E1,
-9.075262166355E-1));
#7210=VERTEX_POINT('',#7209);
#7211=CARTESIAN_POINT('',(1.050000008598E2,-3.289651890285E1,
-9.075262166352E-1));
#7212=VERTEX_POINT('',#7211);
#7213=CARTESIAN_POINT('',(1.050000008598E2,-3.289651890285E1,
-2.407526216636E0));
#7214=VERTEX_POINT('',#7213);
#7215=CARTESIAN_POINT('',(1.190000008598E2,-3.289651890285E1,
-2.407526216636E0));
#7216=VERTEX_POINT('',#7215);
#7217=CARTESIAN_POINT('',(1.190000008598E2,-3.289651890285E1,
-9.075262166352E-1));
#7218=VERTEX_POINT('',#7217);
#7219=CARTESIAN_POINT('',(1.190000008598E2,-3.192151890024E1,
-9.075262166355E-1));
#7220=CARTESIAN_POINT('',(1.190000008598E2,-3.192151890024E1,
-2.407526216636E0));
#7221=VERTEX_POINT('',#7219);
#7222=VERTEX_POINT('',#7220);
#7223=CARTESIAN_POINT('',(1.206750007679E2,-3.192151890024E1,
-2.407526216636E0));
#7224=VERTEX_POINT('',#7223);
#7225=CARTESIAN_POINT('',(1.206750007679E2,-3.192151890024E1,
-9.075262166358E-1));
#7226=VERTEX_POINT('',#7225);
#7227=CARTESIAN_POINT('',(-1.286999991394E2,-1.889651890088E1,
-2.407526216636E0));
#7228=CARTESIAN_POINT('',(-1.426999991394E2,-1.889651890088E1,
-2.407526216636E0));
#7229=VERTEX_POINT('',#7227);
#7230=VERTEX_POINT('',#7228);
#7231=CARTESIAN_POINT('',(-1.286999991394E2,-1.889651890088E1,
-9.075262166351E-1));
#7232=VERTEX_POINT('',#7231);
#7233=CARTESIAN_POINT('',(-1.426999991394E2,-1.889651890088E1,
-9.075262166351E-1));
#7234=VERTEX_POINT('',#7233);
#7235=CARTESIAN_POINT('',(-1.426999991394E2,-3.289651890088E1,
-2.407526216636E0));
#7236=VERTEX_POINT('',#7235);
#7237=CARTESIAN_POINT('',(-1.426999991394E2,-3.289651890088E1,
-9.075262166351E-1));
#7238=VERTEX_POINT('',#7237);
#7239=CARTESIAN_POINT('',(-1.286999991394E2,-3.289651890088E1,
-2.407526216636E0));
#7240=VERTEX_POINT('',#7239);
#7241=CARTESIAN_POINT('',(-1.286999991394E2,-3.289651890088E1,
-9.075262166351E-1));
#7242=VERTEX_POINT('',#7241);
#7243=CARTESIAN_POINT('',(-9.769999914008E1,1.920348109843E1,
-2.407526216636E0));
#7244=CARTESIAN_POINT('',(-1.116999991401E2,1.920348109843E1,
-2.407526216636E0));
#7245=VERTEX_POINT('',#7243);
#7246=VERTEX_POINT('',#7244);
#7247=CARTESIAN_POINT('',(-9.769999914008E1,1.920348109843E1,
-9.075262166354E-1));
#7248=VERTEX_POINT('',#7247);
#7249=CARTESIAN_POINT('',(-1.116999991401E2,1.920348109843E1,
-9.075262166354E-1));
#7250=VERTEX_POINT('',#7249);
#7251=CARTESIAN_POINT('',(-1.116999991401E2,5.203481098425E0,
-2.407526216636E0));
#7252=VERTEX_POINT('',#7251);
#7253=CARTESIAN_POINT('',(-1.116999991401E2,5.203481098425E0,
-9.075262166354E-1));
#7254=VERTEX_POINT('',#7253);
#7255=CARTESIAN_POINT('',(-9.769999914008E1,5.203481098425E0,
-2.407526216636E0));
#7256=VERTEX_POINT('',#7255);
#7257=CARTESIAN_POINT('',(-9.769999914008E1,5.203481098425E0,
-9.075262166354E-1));
#7258=VERTEX_POINT('',#7257);
#7259=CARTESIAN_POINT('',(5.945000086044E1,-3.794651890312E1,
-2.407526216636E0));
#7260=CARTESIAN_POINT('',(4.545000086044E1,-3.794651890312E1,
-2.407526216636E0));
#7261=VERTEX_POINT('',#7259);
#7262=VERTEX_POINT('',#7260);
#7263=CARTESIAN_POINT('',(5.945000086044E1,-3.794651890312E1,
-9.075262166352E-1));
#7264=VERTEX_POINT('',#7263);
#7265=CARTESIAN_POINT('',(4.545000086044E1,-3.794651890312E1,
-9.075262166352E-1));
#7266=VERTEX_POINT('',#7265);
#7267=CARTESIAN_POINT('',(4.545000086044E1,-5.194651890313E1,
-2.407526216636E0));
#7268=VERTEX_POINT('',#7267);
#7269=CARTESIAN_POINT('',(4.545000086044E1,-5.194651890313E1,
-9.075262166352E-1));
#7270=VERTEX_POINT('',#7269);
#7271=CARTESIAN_POINT('',(5.945000086044E1,-5.194651890313E1,
-2.407526216636E0));
#7272=VERTEX_POINT('',#7271);
#7273=CARTESIAN_POINT('',(5.945000086044E1,-5.194651890313E1,
-9.075262166352E-1));
#7274=VERTEX_POINT('',#7273);
#7275=CARTESIAN_POINT('',(-3.104999914108E1,1.534810982963E-1,
-2.407526216636E0));
#7276=CARTESIAN_POINT('',(-4.504999914108E1,1.534810982963E-1,
-2.407526216636E0));
#7277=VERTEX_POINT('',#7275);
#7278=VERTEX_POINT('',#7276);
#7279=CARTESIAN_POINT('',(-3.104999914108E1,1.534810982963E-1,
-9.075262166353E-1));
#7280=VERTEX_POINT('',#7279);
#7281=CARTESIAN_POINT('',(-4.504999914108E1,1.534810982963E-1,
-9.075262166353E-1));
#7282=VERTEX_POINT('',#7281);
#7283=CARTESIAN_POINT('',(-4.504999914108E1,-1.384651890171E1,
-2.407526216636E0));
#7284=VERTEX_POINT('',#7283);
#7285=CARTESIAN_POINT('',(-4.504999914108E1,-1.384651890171E1,
-9.075262166353E-1));
#7286=VERTEX_POINT('',#7285);
#7287=CARTESIAN_POINT('',(-3.104999914108E1,-1.384651890171E1,
-2.407526216636E0));
#7288=VERTEX_POINT('',#7287);
#7289=CARTESIAN_POINT('',(-3.104999914108E1,-1.384651890171E1,
-9.075262166353E-1));
#7290=VERTEX_POINT('',#7289);
#7291=CARTESIAN_POINT('',(-1.357999991401E2,4.305348109843E1,
-2.407526216636E0));
#7292=CARTESIAN_POINT('',(-1.497999991401E2,4.305348109843E1,
-2.407526216636E0));
#7293=VERTEX_POINT('',#7291);
#7294=VERTEX_POINT('',#7292);
#7295=CARTESIAN_POINT('',(-1.357999991401E2,4.305348109843E1,
-9.075262166354E-1));
#7296=VERTEX_POINT('',#7295);
#7297=CARTESIAN_POINT('',(-1.497999991401E2,4.305348109843E1,
-9.075262166354E-1));
#7298=VERTEX_POINT('',#7297);
#7299=CARTESIAN_POINT('',(-1.497999991401E2,2.905348109842E1,
-2.407526216636E0));
#7300=VERTEX_POINT('',#7299);
#7301=CARTESIAN_POINT('',(-1.497999991401E2,2.905348109842E1,
-9.075262166354E-1));
#7302=VERTEX_POINT('',#7301);
#7303=CARTESIAN_POINT('',(-1.357999991401E2,2.905348109842E1,
-2.407526216636E0));
#7304=VERTEX_POINT('',#7303);
#7305=CARTESIAN_POINT('',(-1.357999991401E2,2.905348109842E1,
-9.075262166354E-1));
#7306=VERTEX_POINT('',#7305);
#7307=CARTESIAN_POINT('',(7.375000085992E1,1.920348109843E1,-2.407526216636E0));
#7308=CARTESIAN_POINT('',(5.975000085992E1,1.920348109843E1,-2.407526216636E0));
#7309=VERTEX_POINT('',#7307);
#7310=VERTEX_POINT('',#7308);
#7311=CARTESIAN_POINT('',(7.375000085992E1,1.920348109843E1,
-9.075262166354E-1));
#7312=VERTEX_POINT('',#7311);
#7313=CARTESIAN_POINT('',(5.975000085992E1,1.920348109843E1,
-9.075262166354E-1));
#7314=VERTEX_POINT('',#7313);
#7315=CARTESIAN_POINT('',(5.975000085992E1,5.203481098425E0,-2.407526216636E0));
#7316=VERTEX_POINT('',#7315);
#7317=CARTESIAN_POINT('',(5.975000085992E1,5.203481098425E0,
-9.075262166354E-1));
#7318=VERTEX_POINT('',#7317);
#7319=CARTESIAN_POINT('',(7.375000085992E1,5.203481098425E0,-2.407526216636E0));
#7320=VERTEX_POINT('',#7319);
#7321=CARTESIAN_POINT('',(7.375000085992E1,5.203481098425E0,
-9.075262166354E-1));
#7322=VERTEX_POINT('',#7321);
#7323=CARTESIAN_POINT('',(1.230500007679E2,5.438442582464E0,-2.407526216636E0));
#7324=CARTESIAN_POINT('',(1.248215428208E2,5.438442606547E0,-2.407526216636E0));
#7325=VERTEX_POINT('',#7323);
#7326=VERTEX_POINT('',#7324);
#7327=CARTESIAN_POINT('',(1.230500007679E2,5.438442582464E0,
-9.075262166358E-1));
#7328=VERTEX_POINT('',#7327);
#7329=CARTESIAN_POINT('',(1.248215428208E2,5.438442606547E0,
-9.075262166358E-1));
#7330=VERTEX_POINT('',#7329);
#7331=CARTESIAN_POINT('',(1.248215428208E2,3.938125536599E0,-2.407526216636E0));
#7332=VERTEX_POINT('',#7331);
#7333=CARTESIAN_POINT('',(1.248215428208E2,3.938125536599E0,
-9.075262166358E-1));
#7334=VERTEX_POINT('',#7333);
#7335=CARTESIAN_POINT('',(1.279274993155E2,3.938125536599E0,-2.407526216636E0));
#7336=VERTEX_POINT('',#7335);
#7337=CARTESIAN_POINT('',(1.279274993155E2,3.938125536599E0,
-9.075262166358E-1));
#7338=VERTEX_POINT('',#7337);
#7339=CARTESIAN_POINT('',(1.279274993155E2,5.438442606547E0,-2.407526216636E0));
#7340=VERTEX_POINT('',#7339);
#7341=CARTESIAN_POINT('',(1.279274993155E2,5.438442606547E0,
-9.075262166358E-1));
#7342=VERTEX_POINT('',#7341);
#7343=CARTESIAN_POINT('',(1.297000008588E2,5.438442582464E0,-2.407526216636E0));
#7344=VERTEX_POINT('',#7343);
#7345=CARTESIAN_POINT('',(1.297000008588E2,5.438442582464E0,
-9.075262166358E-1));
#7346=VERTEX_POINT('',#7345);
#7347=CARTESIAN_POINT('',(1.297000008588E2,1.193844257706E1,-2.407526216636E0));
#7348=VERTEX_POINT('',#7347);
#7349=CARTESIAN_POINT('',(1.297000008588E2,1.193844257706E1,
-9.075262166358E-1));
#7350=VERTEX_POINT('',#7349);
#7351=CARTESIAN_POINT('',(1.306000008571E2,1.193844257706E1,-2.407526216636E0));
#7352=VERTEX_POINT('',#7351);
#7353=CARTESIAN_POINT('',(1.306000008571E2,1.193844257706E1,
-9.075262166358E-1));
#7354=VERTEX_POINT('',#7353);
#7355=CARTESIAN_POINT('',(1.306000008571E2,1.438844257926E1,-2.407526216636E0));
#7356=VERTEX_POINT('',#7355);
#7357=CARTESIAN_POINT('',(1.306000008571E2,1.438844257926E1,
-9.075262166358E-1));
#7358=VERTEX_POINT('',#7357);
#7359=CARTESIAN_POINT('',(1.297000008588E2,1.438844257926E1,-2.407526216636E0));
#7360=VERTEX_POINT('',#7359);
#7361=CARTESIAN_POINT('',(1.297000008588E2,1.438844257926E1,
-9.075262166358E-1));
#7362=VERTEX_POINT('',#7361);
#7363=CARTESIAN_POINT('',(1.297000008588E2,1.763844258416E1,-2.407526216636E0));
#7364=VERTEX_POINT('',#7363);
#7365=CARTESIAN_POINT('',(1.297000008588E2,1.763844258416E1,
-9.075262166358E-1));
#7366=VERTEX_POINT('',#7365);
#7367=CARTESIAN_POINT('',(1.230500001177E2,1.763844258416E1,-2.407526216636E0));
#7368=VERTEX_POINT('',#7367);
#7369=CARTESIAN_POINT('',(1.230500001177E2,1.763844258416E1,
-9.075262166358E-1));
#7370=VERTEX_POINT('',#7369);
#7371=CARTESIAN_POINT('',(1.230500001177E2,1.438844256906E1,-2.407526216636E0));
#7372=VERTEX_POINT('',#7371);
#7373=CARTESIAN_POINT('',(1.230500001177E2,1.438844256906E1,
-9.075262166358E-1));
#7374=VERTEX_POINT('',#7373);
#7375=CARTESIAN_POINT('',(1.213750008598E2,1.438844256906E1,-2.407526216636E0));
#7376=VERTEX_POINT('',#7375);
#7377=CARTESIAN_POINT('',(1.213750008598E2,1.438844256906E1,
-9.075262166356E-1));
#7378=VERTEX_POINT('',#7377);
#7379=CARTESIAN_POINT('',(1.213750008598E2,1.920348109716E1,
-9.075262166353E-1));
#7380=VERTEX_POINT('',#7379);
#7381=CARTESIAN_POINT('',(1.213750008598E2,1.920348109716E1,-2.407526216636E0));
#7382=VERTEX_POINT('',#7381);
#7383=CARTESIAN_POINT('',(1.073750008598E2,1.920348109716E1,-2.407526216636E0));
#7384=VERTEX_POINT('',#7383);
#7385=CARTESIAN_POINT('',(1.073750008598E2,1.920348109716E1,
-9.075262166353E-1));
#7386=VERTEX_POINT('',#7385);
#7387=CARTESIAN_POINT('',(1.073750008598E2,1.438844256146E1,
-9.075262166356E-1));
#7388=CARTESIAN_POINT('',(1.073750008598E2,1.438844256146E1,-2.407526216636E0));
#7389=VERTEX_POINT('',#7387);
#7390=VERTEX_POINT('',#7388);
#7391=CARTESIAN_POINT('',(1.057000001238E2,1.438844256146E1,-2.407526216636E0));
#7392=VERTEX_POINT('',#7391);
#7393=CARTESIAN_POINT('',(1.057000001238E2,1.438844256146E1,
-9.075262166358E-1));
#7394=VERTEX_POINT('',#7393);
#7395=CARTESIAN_POINT('',(1.057000001238E2,1.763844256646E1,-2.407526216636E0));
#7396=VERTEX_POINT('',#7395);
#7397=CARTESIAN_POINT('',(1.057000001238E2,1.763844256646E1,
-9.075262166358E-1));
#7398=VERTEX_POINT('',#7397);
#7399=CARTESIAN_POINT('',(9.905000086100E1,1.763844256646E1,-2.407526216636E0));
#7400=VERTEX_POINT('',#7399);
#7401=CARTESIAN_POINT('',(9.905000086100E1,1.763844256646E1,
-9.075262166358E-1));
#7402=VERTEX_POINT('',#7401);
#7403=CARTESIAN_POINT('',(9.905000086100E1,1.438844256146E1,-2.407526216636E0));
#7404=VERTEX_POINT('',#7403);
#7405=CARTESIAN_POINT('',(9.905000086100E1,1.438844256146E1,
-9.075262166358E-1));
#7406=VERTEX_POINT('',#7405);
#7407=CARTESIAN_POINT('',(9.815000085500E1,1.438844256146E1,-2.407526216636E0));
#7408=VERTEX_POINT('',#7407);
#7409=CARTESIAN_POINT('',(9.815000085500E1,1.438844256146E1,
-9.075262166358E-1));
#7410=VERTEX_POINT('',#7409);
#7411=CARTESIAN_POINT('',(9.815000085500E1,1.193844255926E1,-2.407526216636E0));
#7412=VERTEX_POINT('',#7411);
#7413=CARTESIAN_POINT('',(9.815000085500E1,1.193844255926E1,
-9.075262166358E-1));
#7414=VERTEX_POINT('',#7413);
#7415=CARTESIAN_POINT('',(9.905000086100E1,1.193844255926E1,-2.407526216636E0));
#7416=VERTEX_POINT('',#7415);
#7417=CARTESIAN_POINT('',(9.905000086100E1,1.193844255926E1,
-9.075262166358E-1));
#7418=VERTEX_POINT('',#7417);
#7419=CARTESIAN_POINT('',(9.905000086100E1,5.438442564663E0,-2.407526216636E0));
#7420=VERTEX_POINT('',#7419);
#7421=CARTESIAN_POINT('',(9.905000086100E1,5.438442564663E0,
-9.075262166358E-1));
#7422=VERTEX_POINT('',#7421);
#7423=CARTESIAN_POINT('',(1.008215428222E2,5.438442588738E0,-2.407526216636E0));
#7424=VERTEX_POINT('',#7423);
#7425=CARTESIAN_POINT('',(1.008215428222E2,5.438442588738E0,
-9.075262166358E-1));
#7426=VERTEX_POINT('',#7425);
#7427=CARTESIAN_POINT('',(1.008215428222E2,3.938125531523E0,-2.407526216636E0));
#7428=VERTEX_POINT('',#7427);
#7429=CARTESIAN_POINT('',(1.008215428222E2,3.938125531523E0,
-9.075262166358E-1));
#7430=VERTEX_POINT('',#7429);
#7431=CARTESIAN_POINT('',(1.039274993171E2,3.938125531523E0,-2.407526216636E0));
#7432=VERTEX_POINT('',#7431);
#7433=CARTESIAN_POINT('',(1.039274993171E2,3.938125531523E0,
-9.075262166358E-1));
#7434=VERTEX_POINT('',#7433);
#7435=CARTESIAN_POINT('',(1.039274993171E2,5.438442588738E0,-2.407526216636E0));
#7436=VERTEX_POINT('',#7435);
#7437=CARTESIAN_POINT('',(1.039274993171E2,5.438442588738E0,
-9.075262166358E-1));
#7438=VERTEX_POINT('',#7437);
#7439=CARTESIAN_POINT('',(1.057000007690E2,5.438442564663E0,-2.407526216636E0));
#7440=VERTEX_POINT('',#7439);
#7441=CARTESIAN_POINT('',(1.057000007690E2,5.438442564663E0,
-9.075262166358E-1));
#7442=VERTEX_POINT('',#7441);
#7443=CARTESIAN_POINT('',(1.057000007690E2,6.178481099763E0,-2.407526216636E0));
#7444=VERTEX_POINT('',#7443);
#7445=CARTESIAN_POINT('',(1.057000007690E2,6.178481099763E0,
-9.075262166358E-1));
#7446=VERTEX_POINT('',#7445);
#7447=CARTESIAN_POINT('',(1.073750008598E2,6.178481099763E0,-2.407526216636E0));
#7448=VERTEX_POINT('',#7447);
#7449=CARTESIAN_POINT('',(1.073750008598E2,6.178481099763E0,
-9.075262166356E-1));
#7450=VERTEX_POINT('',#7449);
#7451=CARTESIAN_POINT('',(1.073750008598E2,5.203481097154E0,
-9.075262166353E-1));
#7452=VERTEX_POINT('',#7451);
#7453=CARTESIAN_POINT('',(1.073750008598E2,5.203481097154E0,-2.407526216636E0));
#7454=VERTEX_POINT('',#7453);
#7455=CARTESIAN_POINT('',(1.213750008598E2,5.203481097154E0,-2.407526216636E0));
#7456=VERTEX_POINT('',#7455);
#7457=CARTESIAN_POINT('',(1.213750008598E2,5.203481097154E0,
-9.075262166353E-1));
#7458=VERTEX_POINT('',#7457);
#7459=CARTESIAN_POINT('',(1.213750008598E2,6.178481099763E0,
-9.075262166356E-1));
#7460=CARTESIAN_POINT('',(1.213750008598E2,6.178481099763E0,-2.407526216636E0));
#7461=VERTEX_POINT('',#7459);
#7462=VERTEX_POINT('',#7460);
#7463=CARTESIAN_POINT('',(1.230500007679E2,6.178481099763E0,-2.407526216636E0));
#7464=VERTEX_POINT('',#7463);
#7465=CARTESIAN_POINT('',(1.230500007679E2,6.178481099763E0,
-9.075262166358E-1));
#7466=VERTEX_POINT('',#7465);
#7467=CARTESIAN_POINT('',(1.261250008593E2,1.534810984163E-1,
-2.407526216636E0));
#7468=CARTESIAN_POINT('',(1.121250008593E2,1.534810984163E-1,
-2.407526216636E0));
#7469=VERTEX_POINT('',#7467);
#7470=VERTEX_POINT('',#7468);
#7471=CARTESIAN_POINT('',(1.261250008593E2,1.534810984163E-1,
-9.075262166353E-1));
#7472=VERTEX_POINT('',#7471);
#7473=CARTESIAN_POINT('',(1.121250008593E2,1.534810984163E-1,
-9.075262166353E-1));
#7474=VERTEX_POINT('',#7473);
#7475=CARTESIAN_POINT('',(1.121250008593E2,-1.384651890159E1,
-2.407526216636E0));
#7476=VERTEX_POINT('',#7475);
#7477=CARTESIAN_POINT('',(1.121250008593E2,-1.384651890159E1,
-9.075262166353E-1));
#7478=VERTEX_POINT('',#7477);
#7479=CARTESIAN_POINT('',(1.261250008593E2,-1.384651890159E1,
-2.407526216636E0));
#7480=VERTEX_POINT('',#7479);
#7481=CARTESIAN_POINT('',(1.261250008593E2,-1.384651890159E1,
-9.075262166353E-1));
#7482=VERTEX_POINT('',#7481);
#7483=CARTESIAN_POINT('',(2.300000860440E0,-3.794651890312E1,
-2.407526216636E0));
#7484=CARTESIAN_POINT('',(-1.169999913956E1,-3.794651890312E1,
-2.407526216636E0));
#7485=VERTEX_POINT('',#7483);
#7486=VERTEX_POINT('',#7484);
#7487=CARTESIAN_POINT('',(2.300000860440E0,-3.794651890312E1,
-9.075262166352E-1));
#7488=VERTEX_POINT('',#7487);
#7489=CARTESIAN_POINT('',(-1.169999913956E1,-3.794651890312E1,
-9.075262166352E-1));
#7490=VERTEX_POINT('',#7489);
#7491=CARTESIAN_POINT('',(-1.169999913956E1,-5.194651890313E1,
-2.407526216636E0));
#7492=VERTEX_POINT('',#7491);
#7493=CARTESIAN_POINT('',(-1.169999913956E1,-5.194651890313E1,
-9.075262166352E-1));
#7494=VERTEX_POINT('',#7493);
#7495=CARTESIAN_POINT('',(2.300000860440E0,-5.194651890313E1,
-2.407526216636E0));
#7496=VERTEX_POINT('',#7495);
#7497=CARTESIAN_POINT('',(2.300000860440E0,-5.194651890313E1,
-9.075262166352E-1));
#7498=VERTEX_POINT('',#7497);
#7499=CARTESIAN_POINT('',(-8.569999913996E1,-5.699651890161E1,
-2.407526216636E0));
#7500=CARTESIAN_POINT('',(-9.969999913996E1,-5.699651890161E1,
-2.407526216636E0));
#7501=VERTEX_POINT('',#7499);
#7502=VERTEX_POINT('',#7500);
#7503=CARTESIAN_POINT('',(-8.569999913996E1,-5.699651890161E1,
-9.075262166352E-1));
#7504=VERTEX_POINT('',#7503);
#7505=CARTESIAN_POINT('',(-9.969999913996E1,-5.699651890161E1,
-9.075262166352E-1));
#7506=VERTEX_POINT('',#7505);
#7507=CARTESIAN_POINT('',(-9.969999913996E1,-7.099651890161E1,
-2.407526216636E0));
#7508=VERTEX_POINT('',#7507);
#7509=CARTESIAN_POINT('',(-9.969999913996E1,-7.099651890161E1,
-9.075262166352E-1));
#7510=VERTEX_POINT('',#7509);
#7511=CARTESIAN_POINT('',(-8.569999913996E1,-7.099651890161E1,
-2.407526216636E0));
#7512=VERTEX_POINT('',#7511);
#7513=CARTESIAN_POINT('',(-8.569999913996E1,-7.099651890161E1,
-9.075262166352E-1));
#7514=VERTEX_POINT('',#7513);
#7515=CARTESIAN_POINT('',(8.080000085970E1,-5.699651890161E1,
-2.407526216636E0));
#7516=CARTESIAN_POINT('',(6.680000085970E1,-5.699651890161E1,
-2.407526216636E0));
#7517=VERTEX_POINT('',#7515);
#7518=VERTEX_POINT('',#7516);
#7519=CARTESIAN_POINT('',(8.080000085970E1,-5.699651890161E1,
-9.075262166352E-1));
#7520=VERTEX_POINT('',#7519);
#7521=CARTESIAN_POINT('',(6.680000085970E1,-5.699651890161E1,
-9.075262166352E-1));
#7522=VERTEX_POINT('',#7521);
#7523=CARTESIAN_POINT('',(6.680000085970E1,-7.099651890161E1,
-2.407526216636E0));
#7524=VERTEX_POINT('',#7523);
#7525=CARTESIAN_POINT('',(6.680000085970E1,-7.099651890161E1,
-9.075262166352E-1));
#7526=VERTEX_POINT('',#7525);
#7527=CARTESIAN_POINT('',(8.080000085970E1,-7.099651890161E1,
-2.407526216636E0));
#7528=VERTEX_POINT('',#7527);
#7529=CARTESIAN_POINT('',(8.080000085970E1,-7.099651890161E1,
-9.075262166352E-1));
#7530=VERTEX_POINT('',#7529);
#7531=CARTESIAN_POINT('',(1.024375007409E2,4.305348109843E1,-2.407526216636E0));
#7532=CARTESIAN_POINT('',(8.843750074092E1,4.305348109843E1,-2.407526216636E0));
#7533=VERTEX_POINT('',#7531);
#7534=VERTEX_POINT('',#7532);
#7535=CARTESIAN_POINT('',(1.024375007409E2,4.305348109843E1,
-9.075262166354E-1));
#7536=VERTEX_POINT('',#7535);
#7537=CARTESIAN_POINT('',(8.843750074092E1,4.305348109843E1,
-9.075262166354E-1));
#7538=VERTEX_POINT('',#7537);
#7539=CARTESIAN_POINT('',(8.843750074092E1,2.905348109842E1,-2.407526216636E0));
#7540=VERTEX_POINT('',#7539);
#7541=CARTESIAN_POINT('',(8.843750074092E1,2.905348109842E1,
-9.075262166354E-1));
#7542=VERTEX_POINT('',#7541);
#7543=CARTESIAN_POINT('',(1.024375007409E2,2.905348109842E1,-2.407526216636E0));
#7544=VERTEX_POINT('',#7543);
#7545=CARTESIAN_POINT('',(1.024375007409E2,2.905348109842E1,
-9.075262166354E-1));
#7546=VERTEX_POINT('',#7545);
#7547=CARTESIAN_POINT('',(-8.819999914108E1,1.534810982963E-1,
-2.407526216636E0));
#7548=CARTESIAN_POINT('',(-1.021999991411E2,1.534810982963E-1,
-2.407526216636E0));
#7549=VERTEX_POINT('',#7547);
#7550=VERTEX_POINT('',#7548);
#7551=CARTESIAN_POINT('',(-8.819999914108E1,1.534810982963E-1,
-9.075262166353E-1));
#7552=VERTEX_POINT('',#7551);
#7553=CARTESIAN_POINT('',(-1.021999991411E2,1.534810982963E-1,
-9.075262166353E-1));
#7554=VERTEX_POINT('',#7553);
#7555=CARTESIAN_POINT('',(-1.021999991411E2,-1.384651890171E1,
-2.407526216636E0));
#7556=VERTEX_POINT('',#7555);
#7557=CARTESIAN_POINT('',(-1.021999991411E2,-1.384651890171E1,
-9.075262166353E-1));
#7558=VERTEX_POINT('',#7557);
#7559=CARTESIAN_POINT('',(-8.819999914108E1,-1.384651890171E1,
-2.407526216636E0));
#7560=VERTEX_POINT('',#7559);
#7561=CARTESIAN_POINT('',(-8.819999914108E1,-1.384651890171E1,
-9.075262166353E-1));
#7562=VERTEX_POINT('',#7561);
#7563=CARTESIAN_POINT('',(1.498000008604E2,-5.699651890312E1,
-2.407526216636E0));
#7564=CARTESIAN_POINT('',(1.358000008604E2,-5.699651890312E1,
-2.407526216636E0));
#7565=VERTEX_POINT('',#7563);
#7566=VERTEX_POINT('',#7564);
#7567=CARTESIAN_POINT('',(1.498000008604E2,-5.699651890312E1,
-9.075262166352E-1));
#7568=VERTEX_POINT('',#7567);
#7569=CARTESIAN_POINT('',(1.358000008604E2,-5.699651890312E1,
-9.075262166352E-1));
#7570=VERTEX_POINT('',#7569);
#7571=CARTESIAN_POINT('',(1.358000008604E2,-7.099651890313E1,
-2.407526216636E0));
#7572=VERTEX_POINT('',#7571);
#7573=CARTESIAN_POINT('',(1.358000008604E2,-7.099651890313E1,
-9.075262166352E-1));
#7574=VERTEX_POINT('',#7573);
#7575=CARTESIAN_POINT('',(1.498000008604E2,-7.099651890313E1,
-2.407526216636E0));
#7576=VERTEX_POINT('',#7575);
#7577=CARTESIAN_POINT('',(1.498000008604E2,-7.099651890313E1,
-9.075262166352E-1));
#7578=VERTEX_POINT('',#7577);
#7579=CARTESIAN_POINT('',(-1.333999991400E2,-5.699651890161E1,
-2.407526216636E0));
#7580=CARTESIAN_POINT('',(-1.473999991400E2,-5.699651890161E1,
-2.407526216636E0));
#7581=VERTEX_POINT('',#7579);
#7582=VERTEX_POINT('',#7580);
#7583=CARTESIAN_POINT('',(-1.333999991400E2,-5.699651890161E1,
-9.075262166352E-1));
#7584=VERTEX_POINT('',#7583);
#7585=CARTESIAN_POINT('',(-1.473999991400E2,-5.699651890161E1,
-9.075262166352E-1));
#7586=VERTEX_POINT('',#7585);
#7587=CARTESIAN_POINT('',(-1.473999991400E2,-7.099651890161E1,
-2.407526216636E0));
#7588=VERTEX_POINT('',#7587);
#7589=CARTESIAN_POINT('',(-1.473999991400E2,-7.099651890161E1,
-9.075262166352E-1));
#7590=VERTEX_POINT('',#7589);
#7591=CARTESIAN_POINT('',(-1.333999991400E2,-7.099651890161E1,
-2.407526216636E0));
#7592=VERTEX_POINT('',#7591);
#7593=CARTESIAN_POINT('',(-1.333999991400E2,-7.099651890161E1,
-9.075262166352E-1));
#7594=VERTEX_POINT('',#7593);
#7595=CARTESIAN_POINT('',(8.338750074092E1,4.305348109843E1,-2.407526216636E0));
#7596=CARTESIAN_POINT('',(6.938750074092E1,4.305348109843E1,-2.407526216636E0));
#7597=VERTEX_POINT('',#7595);
#7598=VERTEX_POINT('',#7596);
#7599=CARTESIAN_POINT('',(8.338750074092E1,4.305348109843E1,
-9.075262166354E-1));
#7600=VERTEX_POINT('',#7599);
#7601=CARTESIAN_POINT('',(6.938750074092E1,4.305348109843E1,
-9.075262166354E-1));
#7602=VERTEX_POINT('',#7601);
#7603=CARTESIAN_POINT('',(6.938750074092E1,2.905348109842E1,-2.407526216636E0));
#7604=VERTEX_POINT('',#7603);
#7605=CARTESIAN_POINT('',(6.938750074092E1,2.905348109842E1,
-9.075262166354E-1));
#7606=VERTEX_POINT('',#7605);
#7607=CARTESIAN_POINT('',(8.338750074092E1,2.905348109842E1,-2.407526216636E0));
#7608=VERTEX_POINT('',#7607);
#7609=CARTESIAN_POINT('',(8.338750074092E1,2.905348109842E1,
-9.075262166354E-1));
#7610=VERTEX_POINT('',#7609);
#7611=CARTESIAN_POINT('',(3.572500073292E1,4.305348109843E1,-2.407526216636E0));
#7612=CARTESIAN_POINT('',(2.172500073292E1,4.305348109843E1,-2.407526216636E0));
#7613=VERTEX_POINT('',#7611);
#7614=VERTEX_POINT('',#7612);
#7615=CARTESIAN_POINT('',(3.572500073292E1,4.305348109843E1,
-9.075262166354E-1));
#7616=VERTEX_POINT('',#7615);
#7617=CARTESIAN_POINT('',(2.172500073292E1,4.305348109843E1,
-9.075262166354E-1));
#7618=VERTEX_POINT('',#7617);
#7619=CARTESIAN_POINT('',(2.172500073292E1,2.905348109842E1,-2.407526216636E0));
#7620=VERTEX_POINT('',#7619);
#7621=CARTESIAN_POINT('',(2.172500073292E1,2.905348109842E1,
-9.075262166354E-1));
#7622=VERTEX_POINT('',#7621);
#7623=CARTESIAN_POINT('',(3.572500073292E1,2.905348109842E1,-2.407526216636E0));
#7624=VERTEX_POINT('',#7623);
#7625=CARTESIAN_POINT('',(3.572500073292E1,2.905348109842E1,
-9.075262166354E-1));
#7626=VERTEX_POINT('',#7625);
#7627=CARTESIAN_POINT('',(-7.389999913956E1,-3.794651890312E1,
-2.407526216636E0));
#7628=CARTESIAN_POINT('',(-8.789999913956E1,-3.794651890312E1,
-2.407526216636E0));
#7629=VERTEX_POINT('',#7627);
#7630=VERTEX_POINT('',#7628);
#7631=CARTESIAN_POINT('',(-7.389999913956E1,-3.794651890312E1,
-9.075262166352E-1));
#7632=VERTEX_POINT('',#7631);
#7633=CARTESIAN_POINT('',(-8.789999913956E1,-3.794651890312E1,
-9.075262166352E-1));
#7634=VERTEX_POINT('',#7633);
#7635=CARTESIAN_POINT('',(-8.789999913956E1,-5.194651890313E1,
-2.407526216636E0));
#7636=VERTEX_POINT('',#7635);
#7637=CARTESIAN_POINT('',(-8.789999913956E1,-5.194651890313E1,
-9.075262166352E-1));
#7638=VERTEX_POINT('',#7637);
#7639=CARTESIAN_POINT('',(-7.389999913956E1,-5.194651890313E1,
-2.407526216636E0));
#7640=VERTEX_POINT('',#7639);
#7641=CARTESIAN_POINT('',(-7.389999913956E1,-5.194651890313E1,
-9.075262166352E-1));
#7642=VERTEX_POINT('',#7641);
#7643=CARTESIAN_POINT('',(3.565000085992E1,1.920348109843E1,-2.407526216636E0));
#7644=CARTESIAN_POINT('',(2.165000085992E1,1.920348109843E1,-2.407526216636E0));
#7645=VERTEX_POINT('',#7643);
#7646=VERTEX_POINT('',#7644);
#7647=CARTESIAN_POINT('',(3.565000085992E1,1.920348109843E1,
-9.075262166354E-1));
#7648=VERTEX_POINT('',#7647);
#7649=CARTESIAN_POINT('',(2.165000085992E1,1.920348109843E1,
-9.075262166354E-1));
#7650=VERTEX_POINT('',#7649);
#7651=CARTESIAN_POINT('',(2.165000085992E1,5.203481098425E0,-2.407526216636E0));
#7652=VERTEX_POINT('',#7651);
#7653=CARTESIAN_POINT('',(2.165000085992E1,5.203481098425E0,
-9.075262166354E-1));
#7654=VERTEX_POINT('',#7653);
#7655=CARTESIAN_POINT('',(3.565000085992E1,5.203481098425E0,-2.407526216636E0));
#7656=VERTEX_POINT('',#7655);
#7657=CARTESIAN_POINT('',(3.565000085992E1,5.203481098425E0,
-9.075262166354E-1));
#7658=VERTEX_POINT('',#7657);
#7659=CARTESIAN_POINT('',(-5.959999914008E1,1.920348109843E1,
-2.407526216636E0));
#7660=CARTESIAN_POINT('',(-7.359999914008E1,1.920348109843E1,
-2.407526216636E0));
#7661=VERTEX_POINT('',#7659);
#7662=VERTEX_POINT('',#7660);
#7663=CARTESIAN_POINT('',(-5.959999914008E1,1.920348109843E1,
-9.075262166354E-1));
#7664=VERTEX_POINT('',#7663);
#7665=CARTESIAN_POINT('',(-7.359999914008E1,1.920348109843E1,
-9.075262166354E-1));
#7666=VERTEX_POINT('',#7665);
#7667=CARTESIAN_POINT('',(-7.359999914008E1,5.203481098425E0,
-2.407526216636E0));
#7668=VERTEX_POINT('',#7667);
#7669=CARTESIAN_POINT('',(-7.359999914008E1,5.203481098425E0,
-9.075262166354E-1));
#7670=VERTEX_POINT('',#7669);
#7671=CARTESIAN_POINT('',(-5.959999914008E1,5.203481098425E0,
-2.407526216636E0));
#7672=VERTEX_POINT('',#7671);
#7673=CARTESIAN_POINT('',(-5.959999914008E1,5.203481098425E0,
-9.075262166354E-1));
#7674=VERTEX_POINT('',#7673);
#7675=CARTESIAN_POINT('',(1.498000008346E2,1.534810996363E-1,
-2.407526216636E0));
#7676=CARTESIAN_POINT('',(1.358000008346E2,1.534810996363E-1,
-2.407526216636E0));
#7677=VERTEX_POINT('',#7675);
#7678=VERTEX_POINT('',#7676);
#7679=CARTESIAN_POINT('',(1.498000008346E2,1.534810996363E-1,
-9.075262166353E-1));
#7680=VERTEX_POINT('',#7679);
#7681=CARTESIAN_POINT('',(1.358000008346E2,1.534810996363E-1,
-9.075262166353E-1));
#7682=VERTEX_POINT('',#7681);
#7683=CARTESIAN_POINT('',(1.358000008346E2,-1.384651890037E1,
-2.407526216636E0));
#7684=VERTEX_POINT('',#7683);
#7685=CARTESIAN_POINT('',(1.358000008346E2,-1.384651890037E1,
-9.075262166353E-1));
#7686=VERTEX_POINT('',#7685);
#7687=CARTESIAN_POINT('',(1.498000008346E2,-1.384651890037E1,
-2.407526216636E0));
#7688=VERTEX_POINT('',#7687);
#7689=CARTESIAN_POINT('',(1.498000008346E2,-1.384651890037E1,
-9.075262166353E-1));
#7690=VERTEX_POINT('',#7689);
#7691=CARTESIAN_POINT('',(1.214875007409E2,4.305348109843E1,-2.407526216636E0));
#7692=CARTESIAN_POINT('',(1.074875007409E2,4.305348109843E1,-2.407526216636E0));
#7693=VERTEX_POINT('',#7691);
#7694=VERTEX_POINT('',#7692);
#7695=CARTESIAN_POINT('',(1.214875007409E2,4.305348109843E1,
-9.075262166354E-1));
#7696=VERTEX_POINT('',#7695);
#7697=CARTESIAN_POINT('',(1.074875007409E2,4.305348109843E1,
-9.075262166354E-1));
#7698=VERTEX_POINT('',#7697);
#7699=CARTESIAN_POINT('',(1.074875007409E2,2.905348109842E1,-2.407526216636E0));
#7700=VERTEX_POINT('',#7699);
#7701=CARTESIAN_POINT('',(1.074875007409E2,2.905348109842E1,
-9.075262166354E-1));
#7702=VERTEX_POINT('',#7701);
#7703=CARTESIAN_POINT('',(1.214875007409E2,2.905348109842E1,-2.407526216636E0));
#7704=VERTEX_POINT('',#7703);
#7705=CARTESIAN_POINT('',(1.214875007409E2,2.905348109842E1,
-9.075262166354E-1));
#7706=VERTEX_POINT('',#7705);
#7707=CARTESIAN_POINT('',(-6.914999914108E1,1.534810982963E-1,
-2.407526216636E0));
#7708=CARTESIAN_POINT('',(-8.314999914108E1,1.534810982963E-1,
-2.407526216636E0));
#7709=VERTEX_POINT('',#7707);
#7710=VERTEX_POINT('',#7708);
#7711=CARTESIAN_POINT('',(-6.914999914108E1,1.534810982963E-1,
-9.075262166353E-1));
#7712=VERTEX_POINT('',#7711);
#7713=CARTESIAN_POINT('',(-8.314999914108E1,1.534810982963E-1,
-9.075262166353E-1));
#7714=VERTEX_POINT('',#7713);
#7715=CARTESIAN_POINT('',(-8.314999914108E1,-1.384651890171E1,
-2.407526216636E0));
#7716=VERTEX_POINT('',#7715);
#7717=CARTESIAN_POINT('',(-8.314999914108E1,-1.384651890171E1,
-9.075262166353E-1));
#7718=VERTEX_POINT('',#7717);
#7719=CARTESIAN_POINT('',(-6.914999914108E1,-1.384651890171E1,
-2.407526216636E0));
#7720=VERTEX_POINT('',#7719);
#7721=CARTESIAN_POINT('',(-6.914999914108E1,-1.384651890171E1,
-9.075262166353E-1));
#7722=VERTEX_POINT('',#7721);
#7723=CARTESIAN_POINT('',(7.050000858920E0,1.534810982963E-1,
-2.407526216636E0));
#7724=CARTESIAN_POINT('',(-6.949999141080E0,1.534810982963E-1,
-2.407526216636E0));
#7725=VERTEX_POINT('',#7723);
#7726=VERTEX_POINT('',#7724);
#7727=CARTESIAN_POINT('',(7.050000858920E0,1.534810982963E-1,
-9.075262166353E-1));
#7728=VERTEX_POINT('',#7727);
#7729=CARTESIAN_POINT('',(-6.949999141080E0,1.534810982963E-1,
-9.075262166353E-1));
#7730=VERTEX_POINT('',#7729);
#7731=CARTESIAN_POINT('',(-6.949999141080E0,-1.384651890171E1,
-2.407526216636E0));
#7732=VERTEX_POINT('',#7731);
#7733=CARTESIAN_POINT('',(-6.949999141080E0,-1.384651890171E1,
-9.075262166353E-1));
#7734=VERTEX_POINT('',#7733);
#7735=CARTESIAN_POINT('',(7.050000858920E0,-1.384651890171E1,
-2.407526216636E0));
#7736=VERTEX_POINT('',#7735);
#7737=CARTESIAN_POINT('',(7.050000858920E0,-1.384651890171E1,
-9.075262166353E-1));
#7738=VERTEX_POINT('',#7737);
#7739=CARTESIAN_POINT('',(-3.579999913956E1,-3.794651890312E1,
-2.407526216636E0));
#7740=CARTESIAN_POINT('',(-4.979999913956E1,-3.794651890312E1,
-2.407526216636E0));
#7741=VERTEX_POINT('',#7739);
#7742=VERTEX_POINT('',#7740);
#7743=CARTESIAN_POINT('',(-3.579999913956E1,-3.794651890312E1,
-9.075262166352E-1));
#7744=VERTEX_POINT('',#7743);
#7745=CARTESIAN_POINT('',(-4.979999913956E1,-3.794651890312E1,
-9.075262166352E-1));
#7746=VERTEX_POINT('',#7745);
#7747=CARTESIAN_POINT('',(-4.979999913956E1,-5.194651890313E1,
-2.407526216636E0));
#7748=VERTEX_POINT('',#7747);
#7749=CARTESIAN_POINT('',(-4.979999913956E1,-5.194651890313E1,
-9.075262166352E-1));
#7750=VERTEX_POINT('',#7749);
#7751=CARTESIAN_POINT('',(-3.579999913956E1,-5.194651890313E1,
-2.407526216636E0));
#7752=VERTEX_POINT('',#7751);
#7753=CARTESIAN_POINT('',(-3.579999913956E1,-5.194651890313E1,
-9.075262166352E-1));
#7754=VERTEX_POINT('',#7753);
#7755=CARTESIAN_POINT('',(-1.357999991401E2,1.920348109843E1,
-2.407526216636E0));
#7756=CARTESIAN_POINT('',(-1.497999991401E2,1.920348109843E1,
-2.407526216636E0));
#7757=VERTEX_POINT('',#7755);
#7758=VERTEX_POINT('',#7756);
#7759=CARTESIAN_POINT('',(-1.357999991401E2,1.920348109843E1,
-9.075262166354E-1));
#7760=VERTEX_POINT('',#7759);
#7761=CARTESIAN_POINT('',(-1.497999991401E2,1.920348109843E1,
-9.075262166354E-1));
#7762=VERTEX_POINT('',#7761);
#7763=CARTESIAN_POINT('',(-1.497999991401E2,5.203481098425E0,
-2.407526216636E0));
#7764=VERTEX_POINT('',#7763);
#7765=CARTESIAN_POINT('',(-1.497999991401E2,5.203481098425E0,
-9.075262166354E-1));
#7766=VERTEX_POINT('',#7765);
#7767=CARTESIAN_POINT('',(-1.357999991401E2,5.203481098425E0,
-2.407526216636E0));
#7768=VERTEX_POINT('',#7767);
#7769=CARTESIAN_POINT('',(-1.357999991401E2,5.203481098425E0,
-9.075262166354E-1));
#7770=VERTEX_POINT('',#7769);
#7771=CARTESIAN_POINT('',(-9.294999913956E1,-3.794651890312E1,
-2.407526216636E0));
#7772=CARTESIAN_POINT('',(-1.069499991396E2,-3.794651890312E1,
-2.407526216636E0));
#7773=VERTEX_POINT('',#7771);
#7774=VERTEX_POINT('',#7772);
#7775=CARTESIAN_POINT('',(-9.294999913956E1,-3.794651890312E1,
-9.075262166352E-1));
#7776=VERTEX_POINT('',#7775);
#7777=CARTESIAN_POINT('',(-1.069499991396E2,-3.794651890312E1,
-9.075262166352E-1));
#7778=VERTEX_POINT('',#7777);
#7779=CARTESIAN_POINT('',(-1.069499991396E2,-5.194651890313E1,
-2.407526216636E0));
#7780=VERTEX_POINT('',#7779);
#7781=CARTESIAN_POINT('',(-1.069499991396E2,-5.194651890313E1,
-9.075262166352E-1));
#7782=VERTEX_POINT('',#7781);
#7783=CARTESIAN_POINT('',(-9.294999913956E1,-5.194651890313E1,
-2.407526216636E0));
#7784=VERTEX_POINT('',#7783);
#7785=CARTESIAN_POINT('',(-9.294999913956E1,-5.194651890313E1,
-9.075262166352E-1));
#7786=VERTEX_POINT('',#7785);
#7787=CARTESIAN_POINT('',(-6.908749927508E1,4.305348109843E1,
-2.407526216636E0));
#7788=CARTESIAN_POINT('',(-8.308749927508E1,4.305348109843E1,
-2.407526216636E0));
#7789=VERTEX_POINT('',#7787);
#7790=VERTEX_POINT('',#7788);
#7791=CARTESIAN_POINT('',(-6.908749927508E1,4.305348109843E1,
-9.075262166354E-1));
#7792=VERTEX_POINT('',#7791);
#7793=CARTESIAN_POINT('',(-8.308749927508E1,4.305348109843E1,
-9.075262166354E-1));
#7794=VERTEX_POINT('',#7793);
#7795=CARTESIAN_POINT('',(-8.308749927508E1,2.905348109842E1,
-2.407526216636E0));
#7796=VERTEX_POINT('',#7795);
#7797=CARTESIAN_POINT('',(-8.308749927508E1,2.905348109842E1,
-9.075262166354E-1));
#7798=VERTEX_POINT('',#7797);
#7799=CARTESIAN_POINT('',(-6.908749927508E1,2.905348109842E1,
-2.407526216636E0));
#7800=VERTEX_POINT('',#7799);
#7801=CARTESIAN_POINT('',(-6.908749927508E1,2.905348109842E1,
-9.075262166354E-1));
#7802=VERTEX_POINT('',#7801);
#7803=CARTESIAN_POINT('',(-1.222249992326E2,-5.171155741633E1,
-2.407526216636E0));
#7804=CARTESIAN_POINT('',(-1.204534571797E2,-5.171155739224E1,
-2.407526216636E0));
#7805=VERTEX_POINT('',#7803);
#7806=VERTEX_POINT('',#7804);
#7807=CARTESIAN_POINT('',(-1.222249992326E2,-5.171155741633E1,
-9.075262166358E-1));
#7808=VERTEX_POINT('',#7807);
#7809=CARTESIAN_POINT('',(-1.204534571797E2,-5.171155739224E1,
-9.075262166358E-1));
#7810=VERTEX_POINT('',#7809);
#7811=CARTESIAN_POINT('',(-1.204534571797E2,-5.321187446219E1,
-2.407526216636E0));
#7812=VERTEX_POINT('',#7811);
#7813=CARTESIAN_POINT('',(-1.204534571797E2,-5.321187446219E1,
-9.075262166358E-1));
#7814=VERTEX_POINT('',#7813);
#7815=CARTESIAN_POINT('',(-1.173475006850E2,-5.321187446219E1,
-2.407526216636E0));
#7816=VERTEX_POINT('',#7815);
#7817=CARTESIAN_POINT('',(-1.173475006850E2,-5.321187446219E1,
-9.075262166358E-1));
#7818=VERTEX_POINT('',#7817);
#7819=CARTESIAN_POINT('',(-1.173475006850E2,-5.171155739224E1,
-2.407526216636E0));
#7820=VERTEX_POINT('',#7819);
#7821=CARTESIAN_POINT('',(-1.173475006850E2,-5.171155739224E1,
-9.075262166358E-1));
#7822=VERTEX_POINT('',#7821);
#7823=CARTESIAN_POINT('',(-1.155749991417E2,-5.171155741633E1,
-2.407526216636E0));
#7824=VERTEX_POINT('',#7823);
#7825=CARTESIAN_POINT('',(-1.155749991417E2,-5.171155741633E1,
-9.075262166358E-1));
#7826=VERTEX_POINT('',#7825);
#7827=CARTESIAN_POINT('',(-1.155749991417E2,-4.521155742173E1,
-2.407526216636E0));
#7828=VERTEX_POINT('',#7827);
#7829=CARTESIAN_POINT('',(-1.155749991417E2,-4.521155742173E1,
-9.075262166358E-1));
#7830=VERTEX_POINT('',#7829);
#7831=CARTESIAN_POINT('',(-1.146749991434E2,-4.521155742173E1,
-2.407526216636E0));
#7832=VERTEX_POINT('',#7831);
#7833=CARTESIAN_POINT('',(-1.146749991434E2,-4.521155742173E1,
-9.075262166358E-1));
#7834=VERTEX_POINT('',#7833);
#7835=CARTESIAN_POINT('',(-1.146749991434E2,-4.276155741953E1,
-2.407526216636E0));
#7836=VERTEX_POINT('',#7835);
#7837=CARTESIAN_POINT('',(-1.146749991434E2,-4.276155741953E1,
-9.075262166358E-1));
#7838=VERTEX_POINT('',#7837);
#7839=CARTESIAN_POINT('',(-1.155749991417E2,-4.276155741953E1,
-2.407526216636E0));
#7840=VERTEX_POINT('',#7839);
#7841=CARTESIAN_POINT('',(-1.155749991417E2,-4.276155741953E1,
-9.075262166358E-1));
#7842=VERTEX_POINT('',#7841);
#7843=CARTESIAN_POINT('',(-1.155749991417E2,-3.951155741463E1,
-2.407526216636E0));
#7844=VERTEX_POINT('',#7843);
#7845=CARTESIAN_POINT('',(-1.155749991417E2,-3.951155741463E1,
-9.075262166358E-1));
#7846=VERTEX_POINT('',#7845);
#7847=CARTESIAN_POINT('',(-1.222249998828E2,-3.951155741463E1,
-2.407526216636E0));
#7848=VERTEX_POINT('',#7847);
#7849=CARTESIAN_POINT('',(-1.222249998828E2,-3.951155741463E1,
-9.075262166358E-1));
#7850=VERTEX_POINT('',#7849);
#7851=CARTESIAN_POINT('',(-1.222249998828E2,-4.276155742973E1,
-2.407526216636E0));
#7852=VERTEX_POINT('',#7851);
#7853=CARTESIAN_POINT('',(-1.222249998828E2,-4.276155742973E1,
-9.075262166358E-1));
#7854=VERTEX_POINT('',#7853);
#7855=CARTESIAN_POINT('',(-1.238999991407E2,-4.276155742973E1,
-2.407526216636E0));
#7856=VERTEX_POINT('',#7855);
#7857=CARTESIAN_POINT('',(-1.238999991407E2,-4.276155742973E1,
-9.075262166355E-1));
#7858=VERTEX_POINT('',#7857);
#7859=CARTESIAN_POINT('',(-1.238999991407E2,-3.794651890163E1,
-9.075262166352E-1));
#7860=VERTEX_POINT('',#7859);
#7861=CARTESIAN_POINT('',(-1.238999991407E2,-3.794651890163E1,
-2.407526216636E0));
#7862=VERTEX_POINT('',#7861);
#7863=CARTESIAN_POINT('',(-1.378999991407E2,-3.794651890163E1,
-2.407526216636E0));
#7864=VERTEX_POINT('',#7863);
#7865=CARTESIAN_POINT('',(-1.378999991407E2,-3.794651890163E1,
-9.075262166352E-1));
#7866=VERTEX_POINT('',#7865);
#7867=CARTESIAN_POINT('',(-1.378999991407E2,-4.276155743733E1,
-9.075262166355E-1));
#7868=CARTESIAN_POINT('',(-1.378999991407E2,-4.276155743733E1,
-2.407526216636E0));
#7869=VERTEX_POINT('',#7867);
#7870=VERTEX_POINT('',#7868);
#7871=CARTESIAN_POINT('',(-1.395749998767E2,-4.276155743733E1,
-2.407526216636E0));
#7872=VERTEX_POINT('',#7871);
#7873=CARTESIAN_POINT('',(-1.395749998767E2,-4.276155743733E1,
-9.075262166358E-1));
#7874=VERTEX_POINT('',#7873);
#7875=CARTESIAN_POINT('',(-1.395749998767E2,-3.951155743233E1,
-2.407526216636E0));
#7876=VERTEX_POINT('',#7875);
#7877=CARTESIAN_POINT('',(-1.395749998767E2,-3.951155743233E1,
-9.075262166358E-1));
#7878=VERTEX_POINT('',#7877);
#7879=CARTESIAN_POINT('',(-1.462249991395E2,-3.951155743233E1,
-2.407526216636E0));
#7880=VERTEX_POINT('',#7879);
#7881=CARTESIAN_POINT('',(-1.462249991395E2,-3.951155743233E1,
-9.075262166358E-1));
#7882=VERTEX_POINT('',#7881);
#7883=CARTESIAN_POINT('',(-1.462249991395E2,-4.276155743733E1,
-2.407526216636E0));
#7884=VERTEX_POINT('',#7883);
#7885=CARTESIAN_POINT('',(-1.462249991395E2,-4.276155743733E1,
-9.075262166358E-1));
#7886=VERTEX_POINT('',#7885);
#7887=CARTESIAN_POINT('',(-1.471249991455E2,-4.276155743733E1,
-2.407526216636E0));
#7888=VERTEX_POINT('',#7887);
#7889=CARTESIAN_POINT('',(-1.471249991455E2,-4.276155743733E1,
-9.075262166358E-1));
#7890=VERTEX_POINT('',#7889);
#7891=CARTESIAN_POINT('',(-1.471249991455E2,-4.521155743953E1,
-2.407526216636E0));
#7892=VERTEX_POINT('',#7891);
#7893=CARTESIAN_POINT('',(-1.471249991455E2,-4.521155743953E1,
-9.075262166358E-1));
#7894=VERTEX_POINT('',#7893);
#7895=CARTESIAN_POINT('',(-1.462249991395E2,-4.521155743953E1,
-2.407526216636E0));
#7896=VERTEX_POINT('',#7895);
#7897=CARTESIAN_POINT('',(-1.462249991395E2,-4.521155743953E1,
-9.075262166358E-1));
#7898=VERTEX_POINT('',#7897);
#7899=CARTESIAN_POINT('',(-1.462249991395E2,-5.171155743413E1,
-2.407526216636E0));
#7900=VERTEX_POINT('',#7899);
#7901=CARTESIAN_POINT('',(-1.462249991395E2,-5.171155743413E1,
-9.075262166358E-1));
#7902=VERTEX_POINT('',#7901);
#7903=CARTESIAN_POINT('',(-1.444534571783E2,-5.171155741005E1,
-2.407526216636E0));
#7904=VERTEX_POINT('',#7903);
#7905=CARTESIAN_POINT('',(-1.444534571783E2,-5.171155741005E1,
-9.075262166358E-1));
#7906=VERTEX_POINT('',#7905);
#7907=CARTESIAN_POINT('',(-1.444534571783E2,-5.321187446727E1,
-2.407526216636E0));
#7908=VERTEX_POINT('',#7907);
#7909=CARTESIAN_POINT('',(-1.444534571783E2,-5.321187446727E1,
-9.075262166358E-1));
#7910=VERTEX_POINT('',#7909);
#7911=CARTESIAN_POINT('',(-1.413475006834E2,-5.321187446727E1,
-2.407526216636E0));
#7912=VERTEX_POINT('',#7911);
#7913=CARTESIAN_POINT('',(-1.413475006834E2,-5.321187446727E1,
-9.075262166358E-1));
#7914=VERTEX_POINT('',#7913);
#7915=CARTESIAN_POINT('',(-1.413475006834E2,-5.171155741005E1,
-2.407526216636E0));
#7916=VERTEX_POINT('',#7915);
#7917=CARTESIAN_POINT('',(-1.413475006834E2,-5.171155741005E1,
-9.075262166358E-1));
#7918=VERTEX_POINT('',#7917);
#7919=CARTESIAN_POINT('',(-1.395749992315E2,-5.171155743413E1,
-2.407526216636E0));
#7920=VERTEX_POINT('',#7919);
#7921=CARTESIAN_POINT('',(-1.395749992315E2,-5.171155743413E1,
-9.075262166358E-1));
#7922=VERTEX_POINT('',#7921);
#7923=CARTESIAN_POINT('',(-1.395749992315E2,-5.097151889903E1,
-2.407526216636E0));
#7924=VERTEX_POINT('',#7923);
#7925=CARTESIAN_POINT('',(-1.395749992315E2,-5.097151889903E1,
-9.075262166358E-1));
#7926=VERTEX_POINT('',#7925);
#7927=CARTESIAN_POINT('',(-1.378999991407E2,-5.097151889903E1,
-2.407526216636E0));
#7928=VERTEX_POINT('',#7927);
#7929=CARTESIAN_POINT('',(-1.378999991407E2,-5.097151889903E1,
-9.075262166355E-1));
#7930=VERTEX_POINT('',#7929);
#7931=CARTESIAN_POINT('',(-1.378999991407E2,-5.194651890164E1,
-9.075262166352E-1));
#7932=VERTEX_POINT('',#7931);
#7933=CARTESIAN_POINT('',(-1.378999991407E2,-5.194651890164E1,
-2.407526216636E0));
#7934=VERTEX_POINT('',#7933);
#7935=CARTESIAN_POINT('',(-1.238999991407E2,-5.194651890164E1,
-2.407526216636E0));
#7936=VERTEX_POINT('',#7935);
#7937=CARTESIAN_POINT('',(-1.238999991407E2,-5.194651890164E1,
-9.075262166352E-1));
#7938=VERTEX_POINT('',#7937);
#7939=CARTESIAN_POINT('',(-1.238999991407E2,-5.097151889903E1,
-9.075262166355E-1));
#7940=CARTESIAN_POINT('',(-1.238999991407E2,-5.097151889903E1,
-2.407526216636E0));
#7941=VERTEX_POINT('',#7939);
#7942=VERTEX_POINT('',#7940);
#7943=CARTESIAN_POINT('',(-1.222249992326E2,-5.097151889903E1,
-2.407526216636E0));
#7944=VERTEX_POINT('',#7943);
#7945=CARTESIAN_POINT('',(-1.222249992326E2,-5.097151889903E1,
-9.075262166358E-1));
#7946=VERTEX_POINT('',#7945);
#7947=CARTESIAN_POINT('',(-6.439999913897E1,-1.889651890174E1,
-2.407526216636E0));
#7948=CARTESIAN_POINT('',(-7.839999913897E1,-1.889651890174E1,
-2.407526216636E0));
#7949=VERTEX_POINT('',#7947);
#7950=VERTEX_POINT('',#7948);
#7951=CARTESIAN_POINT('',(-6.439999913897E1,-1.889651890174E1,
-9.075262166353E-1));
#7952=VERTEX_POINT('',#7951);
#7953=CARTESIAN_POINT('',(-7.839999913897E1,-1.889651890174E1,
-9.075262166353E-1));
#7954=VERTEX_POINT('',#7953);
#7955=CARTESIAN_POINT('',(-7.839999913897E1,-3.289651890175E1,
-2.407526216636E0));
#7956=VERTEX_POINT('',#7955);
#7957=CARTESIAN_POINT('',(-7.839999913897E1,-3.289651890175E1,
-9.075262166353E-1));
#7958=VERTEX_POINT('',#7957);
#7959=CARTESIAN_POINT('',(-6.439999913897E1,-3.289651890175E1,
-2.407526216636E0));
#7960=VERTEX_POINT('',#7959);
#7961=CARTESIAN_POINT('',(-6.439999913897E1,-3.289651890175E1,
-9.075262166353E-1));
#7962=VERTEX_POINT('',#7961);
#7963=CARTESIAN_POINT('',(-1.024999991390E2,-1.889651890174E1,
-2.407526216636E0));
#7964=CARTESIAN_POINT('',(-1.164999991390E2,-1.889651890174E1,
-2.407526216636E0));
#7965=VERTEX_POINT('',#7963);
#7966=VERTEX_POINT('',#7964);
#7967=CARTESIAN_POINT('',(-1.024999991390E2,-1.889651890174E1,
-9.075262166353E-1));
#7968=VERTEX_POINT('',#7967);
#7969=CARTESIAN_POINT('',(-1.164999991390E2,-1.889651890174E1,
-9.075262166353E-1));
#7970=VERTEX_POINT('',#7969);
#7971=CARTESIAN_POINT('',(-1.164999991390E2,-3.289651890175E1,
-2.407526216636E0));
#7972=VERTEX_POINT('',#7971);
#7973=CARTESIAN_POINT('',(-1.164999991390E2,-3.289651890175E1,
-9.075262166353E-1));
#7974=VERTEX_POINT('',#7973);
#7975=CARTESIAN_POINT('',(-1.024999991390E2,-3.289651890175E1,
-2.407526216636E0));
#7976=VERTEX_POINT('',#7975);
#7977=CARTESIAN_POINT('',(-1.024999991390E2,-3.289651890175E1,
-9.075262166353E-1));
#7978=VERTEX_POINT('',#7977);
#7979=CARTESIAN_POINT('',(1.498000008340E2,-1.889651890174E1,
-2.407526216636E0));
#7980=CARTESIAN_POINT('',(1.358000008340E2,-1.889651890174E1,
-2.407526216636E0));
#7981=VERTEX_POINT('',#7979);
#7982=VERTEX_POINT('',#7980);
#7983=CARTESIAN_POINT('',(1.498000008340E2,-1.889651890174E1,
-9.075262166353E-1));
#7984=VERTEX_POINT('',#7983);
#7985=CARTESIAN_POINT('',(1.358000008340E2,-1.889651890174E1,
-9.075262166353E-1));
#7986=VERTEX_POINT('',#7985);
#7987=CARTESIAN_POINT('',(1.358000008340E2,-3.289651890175E1,
-2.407526216636E0));
#7988=VERTEX_POINT('',#7987);
#7989=CARTESIAN_POINT('',(1.358000008340E2,-3.289651890175E1,
-9.075262166353E-1));
#7990=VERTEX_POINT('',#7989);
#7991=CARTESIAN_POINT('',(1.498000008340E2,-3.289651890175E1,
-2.407526216636E0));
#7992=VERTEX_POINT('',#7991);
#7993=CARTESIAN_POINT('',(1.498000008340E2,-3.289651890175E1,
-9.075262166353E-1));
#7994=VERTEX_POINT('',#7993);
#7995=CARTESIAN_POINT('',(1.023000008589E2,1.534810982963E-1,
-2.407526216636E0));
#7996=CARTESIAN_POINT('',(8.830000085892E1,1.534810982963E-1,
-2.407526216636E0));
#7997=VERTEX_POINT('',#7995);
#7998=VERTEX_POINT('',#7996);
#7999=CARTESIAN_POINT('',(1.023000008589E2,1.534810982963E-1,
-9.075262166353E-1));
#8000=VERTEX_POINT('',#7999);
#8001=CARTESIAN_POINT('',(8.830000085892E1,1.534810982963E-1,
-9.075262166353E-1));
#8002=VERTEX_POINT('',#8001);
#8003=CARTESIAN_POINT('',(8.830000085892E1,-1.384651890171E1,
-2.407526216636E0));
#8004=VERTEX_POINT('',#8003);
#8005=CARTESIAN_POINT('',(8.830000085892E1,-1.384651890171E1,
-9.075262166353E-1));
#8006=VERTEX_POINT('',#8005);
#8007=CARTESIAN_POINT('',(1.023000008589E2,-1.384651890171E1,
-2.407526216636E0));
#8008=VERTEX_POINT('',#8007);
#8009=CARTESIAN_POINT('',(1.023000008589E2,-1.384651890171E1,
-9.075262166353E-1));
#8010=VERTEX_POINT('',#8009);
#8011=CARTESIAN_POINT('',(1.667500073292E1,4.305348109843E1,-2.407526216636E0));
#8012=CARTESIAN_POINT('',(2.675000732917E0,4.305348109843E1,-2.407526216636E0));
#8013=VERTEX_POINT('',#8011);
#8014=VERTEX_POINT('',#8012);
#8015=CARTESIAN_POINT('',(1.667500073292E1,4.305348109843E1,
-9.075262166354E-1));
#8016=VERTEX_POINT('',#8015);
#8017=CARTESIAN_POINT('',(2.675000732917E0,4.305348109843E1,
-9.075262166354E-1));
#8018=VERTEX_POINT('',#8017);
#8019=CARTESIAN_POINT('',(2.675000732917E0,2.905348109842E1,-2.407526216636E0));
#8020=VERTEX_POINT('',#8019);
#8021=CARTESIAN_POINT('',(2.675000732917E0,2.905348109842E1,
-9.075262166354E-1));
#8022=VERTEX_POINT('',#8021);
#8023=CARTESIAN_POINT('',(1.667500073292E1,2.905348109842E1,-2.407526216636E0));
#8024=VERTEX_POINT('',#8023);
#8025=CARTESIAN_POINT('',(1.667500073292E1,2.905348109842E1,
-9.075262166354E-1));
#8026=VERTEX_POINT('',#8025);
#8027=CARTESIAN_POINT('',(-2.629999913897E1,-1.889651890174E1,
-2.407526216636E0));
#8028=CARTESIAN_POINT('',(-4.029999913897E1,-1.889651890174E1,
-2.407526216636E0));
#8029=VERTEX_POINT('',#8027);
#8030=VERTEX_POINT('',#8028);
#8031=CARTESIAN_POINT('',(-2.629999913897E1,-1.889651890174E1,
-9.075262166353E-1));
#8032=VERTEX_POINT('',#8031);
#8033=CARTESIAN_POINT('',(-4.029999913897E1,-1.889651890174E1,
-9.075262166353E-1));
#8034=VERTEX_POINT('',#8033);
#8035=CARTESIAN_POINT('',(-4.029999913897E1,-3.289651890175E1,
-2.407526216636E0));
#8036=VERTEX_POINT('',#8035);
#8037=CARTESIAN_POINT('',(-4.029999913897E1,-3.289651890175E1,
-9.075262166353E-1));
#8038=VERTEX_POINT('',#8037);
#8039=CARTESIAN_POINT('',(-2.629999913897E1,-3.289651890175E1,
-2.407526216636E0));
#8040=VERTEX_POINT('',#8039);
#8041=CARTESIAN_POINT('',(-2.629999913897E1,-3.289651890175E1,
-9.075262166353E-1));
#8042=VERTEX_POINT('',#8041);
#8043=CARTESIAN_POINT('',(1.498000008329E2,4.305348109843E1,-2.407526216636E0));
#8044=CARTESIAN_POINT('',(1.358000008329E2,4.305348109843E1,-2.407526216636E0));
#8045=VERTEX_POINT('',#8043);
#8046=VERTEX_POINT('',#8044);
#8047=CARTESIAN_POINT('',(1.498000008329E2,4.305348109843E1,
-9.075262166354E-1));
#8048=VERTEX_POINT('',#8047);
#8049=CARTESIAN_POINT('',(1.358000008329E2,4.305348109843E1,
-9.075262166354E-1));
#8050=VERTEX_POINT('',#8049);
#8051=CARTESIAN_POINT('',(1.358000008329E2,2.905348109842E1,-2.407526216636E0));
#8052=VERTEX_POINT('',#8051);
#8053=CARTESIAN_POINT('',(1.358000008329E2,2.905348109842E1,
-9.075262166354E-1));
#8054=VERTEX_POINT('',#8053);
#8055=CARTESIAN_POINT('',(1.498000008329E2,2.905348109842E1,-2.407526216636E0));
#8056=VERTEX_POINT('',#8055);
#8057=CARTESIAN_POINT('',(1.498000008329E2,2.905348109842E1,
-9.075262166354E-1));
#8058=VERTEX_POINT('',#8057);
#8059=CARTESIAN_POINT('',(-1.674999913956E1,-3.794651890312E1,
-2.407526216636E0));
#8060=CARTESIAN_POINT('',(-3.074999913956E1,-3.794651890312E1,
-2.407526216636E0));
#8061=VERTEX_POINT('',#8059);
#8062=VERTEX_POINT('',#8060);
#8063=CARTESIAN_POINT('',(-1.674999913956E1,-3.794651890312E1,
-9.075262166352E-1));
#8064=VERTEX_POINT('',#8063);
#8065=CARTESIAN_POINT('',(-3.074999913956E1,-3.794651890312E1,
-9.075262166352E-1));
#8066=VERTEX_POINT('',#8065);
#8067=CARTESIAN_POINT('',(-3.074999913956E1,-5.194651890313E1,
-2.407526216636E0));
#8068=VERTEX_POINT('',#8067);
#8069=CARTESIAN_POINT('',(-3.074999913956E1,-5.194651890313E1,
-9.075262166352E-1));
#8070=VERTEX_POINT('',#8069);
#8071=CARTESIAN_POINT('',(-1.674999913956E1,-5.194651890313E1,
-2.407526216636E0));
#8072=VERTEX_POINT('',#8071);
#8073=CARTESIAN_POINT('',(-1.674999913956E1,-5.194651890313E1,
-9.075262166352E-1));
#8074=VERTEX_POINT('',#8073);
#8075=CARTESIAN_POINT('',(8.800000086103E1,-1.889651890174E1,
-2.407526216636E0));
#8076=CARTESIAN_POINT('',(7.400000086103E1,-1.889651890174E1,
-2.407526216636E0));
#8077=VERTEX_POINT('',#8075);
#8078=VERTEX_POINT('',#8076);
#8079=CARTESIAN_POINT('',(8.800000086103E1,-1.889651890174E1,
-9.075262166353E-1));
#8080=VERTEX_POINT('',#8079);
#8081=CARTESIAN_POINT('',(7.400000086103E1,-1.889651890174E1,
-9.075262166353E-1));
#8082=VERTEX_POINT('',#8081);
#8083=CARTESIAN_POINT('',(7.400000086103E1,-3.289651890175E1,
-2.407526216636E0));
#8084=VERTEX_POINT('',#8083);
#8085=CARTESIAN_POINT('',(7.400000086103E1,-3.289651890175E1,
-9.075262166353E-1));
#8086=VERTEX_POINT('',#8085);
#8087=CARTESIAN_POINT('',(8.800000086103E1,-3.289651890175E1,
-2.407526216636E0));
#8088=VERTEX_POINT('',#8087);
#8089=CARTESIAN_POINT('',(8.800000086103E1,-3.289651890175E1,
-9.075262166353E-1));
#8090=VERTEX_POINT('',#8089);
#8091=CARTESIAN_POINT('',(7.850000086044E1,-3.794651890312E1,
-2.407526216636E0));
#8092=CARTESIAN_POINT('',(6.450000086044E1,-3.794651890312E1,
-2.407526216636E0));
#8093=VERTEX_POINT('',#8091);
#8094=VERTEX_POINT('',#8092);
#8095=CARTESIAN_POINT('',(7.850000086044E1,-3.794651890312E1,
-9.075262166352E-1));
#8096=VERTEX_POINT('',#8095);
#8097=CARTESIAN_POINT('',(6.450000086044E1,-3.794651890312E1,
-9.075262166352E-1));
#8098=VERTEX_POINT('',#8097);
#8099=CARTESIAN_POINT('',(6.450000086044E1,-5.194651890313E1,
-2.407526216636E0));
#8100=VERTEX_POINT('',#8099);
#8101=CARTESIAN_POINT('',(6.450000086044E1,-5.194651890313E1,
-9.075262166352E-1));
#8102=VERTEX_POINT('',#8101);
#8103=CARTESIAN_POINT('',(7.850000086044E1,-5.194651890313E1,
-2.407526216636E0));
#8104=VERTEX_POINT('',#8103);
#8105=CARTESIAN_POINT('',(7.850000086044E1,-5.194651890313E1,
-9.075262166352E-1));
#8106=VERTEX_POINT('',#8105);
#8107=CARTESIAN_POINT('',(-1.167499991401E2,1.920348109843E1,
-2.407526216636E0));
#8108=CARTESIAN_POINT('',(-1.307499991401E2,1.920348109843E1,
-2.407526216636E0));
#8109=VERTEX_POINT('',#8107);
#8110=VERTEX_POINT('',#8108);
#8111=CARTESIAN_POINT('',(-1.167499991401E2,1.920348109843E1,
-9.075262166354E-1));
#8112=VERTEX_POINT('',#8111);
#8113=CARTESIAN_POINT('',(-1.307499991401E2,1.920348109843E1,
-9.075262166354E-1));
#8114=VERTEX_POINT('',#8113);
#8115=CARTESIAN_POINT('',(-1.307499991401E2,5.203481098425E0,
-2.407526216636E0));
#8116=VERTEX_POINT('',#8115);
#8117=CARTESIAN_POINT('',(-1.307499991401E2,5.203481098425E0,
-9.075262166354E-1));
#8118=VERTEX_POINT('',#8117);
#8119=CARTESIAN_POINT('',(-1.167499991401E2,5.203481098425E0,
-2.407526216636E0));
#8120=VERTEX_POINT('',#8119);
#8121=CARTESIAN_POINT('',(-1.167499991401E2,5.203481098425E0,
-9.075262166354E-1));
#8122=VERTEX_POINT('',#8121);
#8123=CARTESIAN_POINT('',(6.895000086103E1,-1.889651890174E1,
-2.407526216636E0));
#8124=CARTESIAN_POINT('',(5.495000086103E1,-1.889651890174E1,
-2.407526216636E0));
#8125=VERTEX_POINT('',#8123);
#8126=VERTEX_POINT('',#8124);
#8127=CARTESIAN_POINT('',(6.895000086103E1,-1.889651890174E1,
-9.075262166353E-1));
#8128=VERTEX_POINT('',#8127);
#8129=CARTESIAN_POINT('',(5.495000086103E1,-1.889651890174E1,
-9.075262166353E-1));
#8130=VERTEX_POINT('',#8129);
#8131=CARTESIAN_POINT('',(5.495000086103E1,-3.289651890175E1,
-2.407526216636E0));
#8132=VERTEX_POINT('',#8131);
#8133=CARTESIAN_POINT('',(5.495000086103E1,-3.289651890175E1,
-9.075262166353E-1));
#8134=VERTEX_POINT('',#8133);
#8135=CARTESIAN_POINT('',(6.895000086103E1,-3.289651890175E1,
-2.407526216636E0));
#8136=VERTEX_POINT('',#8135);
#8137=CARTESIAN_POINT('',(6.895000086103E1,-3.289651890175E1,
-9.075262166353E-1));
#8138=VERTEX_POINT('',#8137);
#8139=CARTESIAN_POINT('',(-7.249999138970E0,-1.889651890174E1,
-2.407526216636E0));
#8140=CARTESIAN_POINT('',(-2.124999913897E1,-1.889651890174E1,
-2.407526216636E0));
#8141=VERTEX_POINT('',#8139);
#8142=VERTEX_POINT('',#8140);
#8143=CARTESIAN_POINT('',(-7.249999138970E0,-1.889651890174E1,
-9.075262166353E-1));
#8144=VERTEX_POINT('',#8143);
#8145=CARTESIAN_POINT('',(-2.124999913897E1,-1.889651890174E1,
-9.075262166353E-1));
#8146=VERTEX_POINT('',#8145);
#8147=CARTESIAN_POINT('',(-2.124999913897E1,-3.289651890175E1,
-2.407526216636E0));
#8148=VERTEX_POINT('',#8147);
#8149=CARTESIAN_POINT('',(-2.124999913897E1,-3.289651890175E1,
-9.075262166353E-1));
#8150=VERTEX_POINT('',#8149);
#8151=CARTESIAN_POINT('',(-7.249999138970E0,-3.289651890175E1,
-2.407526216636E0));
#8152=VERTEX_POINT('',#8151);
#8153=CARTESIAN_POINT('',(-7.249999138970E0,-3.289651890175E1,
-9.075262166353E-1));
#8154=VERTEX_POINT('',#8153);
#8155=CARTESIAN_POINT('',(6.420000085892E1,1.534810982963E-1,
-2.407526216636E0));
#8156=CARTESIAN_POINT('',(5.020000085892E1,1.534810982963E-1,
-2.407526216636E0));
#8157=VERTEX_POINT('',#8155);
#8158=VERTEX_POINT('',#8156);
#8159=CARTESIAN_POINT('',(6.420000085892E1,1.534810982963E-1,
-9.075262166353E-1));
#8160=VERTEX_POINT('',#8159);
#8161=CARTESIAN_POINT('',(5.020000085892E1,1.534810982963E-1,
-9.075262166353E-1));
#8162=VERTEX_POINT('',#8161);
#8163=CARTESIAN_POINT('',(5.020000085892E1,-1.384651890171E1,
-2.407526216636E0));
#8164=VERTEX_POINT('',#8163);
#8165=CARTESIAN_POINT('',(5.020000085892E1,-1.384651890171E1,
-9.075262166353E-1));
#8166=VERTEX_POINT('',#8165);
#8167=CARTESIAN_POINT('',(6.420000085892E1,-1.384651890171E1,
-2.407526216636E0));
#8168=VERTEX_POINT('',#8167);
#8169=CARTESIAN_POINT('',(6.420000085892E1,-1.384651890171E1,
-9.075262166353E-1));
#8170=VERTEX_POINT('',#8169);
#8171=CARTESIAN_POINT('',(9.280000085992E1,1.920348109843E1,-2.407526216636E0));
#8172=CARTESIAN_POINT('',(7.880000085992E1,1.920348109843E1,-2.407526216636E0));
#8173=VERTEX_POINT('',#8171);
#8174=VERTEX_POINT('',#8172);
#8175=CARTESIAN_POINT('',(9.280000085992E1,1.920348109843E1,
-9.075262166354E-1));
#8176=VERTEX_POINT('',#8175);
#8177=CARTESIAN_POINT('',(7.880000085992E1,1.920348109843E1,
-9.075262166354E-1));
#8178=VERTEX_POINT('',#8177);
#8179=CARTESIAN_POINT('',(7.880000085992E1,5.203481098425E0,-2.407526216636E0));
#8180=VERTEX_POINT('',#8179);
#8181=CARTESIAN_POINT('',(7.880000085992E1,5.203481098425E0,
-9.075262166354E-1));
#8182=VERTEX_POINT('',#8181);
#8183=CARTESIAN_POINT('',(9.280000085992E1,5.203481098425E0,-2.407526216636E0));
#8184=VERTEX_POINT('',#8183);
#8185=CARTESIAN_POINT('',(9.280000085992E1,5.203481098425E0,
-9.075262166354E-1));
#8186=VERTEX_POINT('',#8185);
#8187=CARTESIAN_POINT('',(-5.003749927508E1,4.305348109843E1,
-2.407526216636E0));
#8188=CARTESIAN_POINT('',(-6.403749927508E1,4.305348109843E1,
-2.407526216636E0));
#8189=VERTEX_POINT('',#8187);
#8190=VERTEX_POINT('',#8188);
#8191=CARTESIAN_POINT('',(-5.003749927508E1,4.305348109843E1,
-9.075262166354E-1));
#8192=VERTEX_POINT('',#8191);
#8193=CARTESIAN_POINT('',(-6.403749927508E1,4.305348109843E1,
-9.075262166354E-1));
#8194=VERTEX_POINT('',#8193);
#8195=CARTESIAN_POINT('',(-6.403749927508E1,2.905348109842E1,
-2.407526216636E0));
#8196=VERTEX_POINT('',#8195);
#8197=CARTESIAN_POINT('',(-6.403749927508E1,2.905348109842E1,
-9.075262166354E-1));
#8198=VERTEX_POINT('',#8197);
#8199=CARTESIAN_POINT('',(-5.003749927508E1,2.905348109842E1,
-2.407526216636E0));
#8200=VERTEX_POINT('',#8199);
#8201=CARTESIAN_POINT('',(-5.003749927508E1,2.905348109842E1,
-9.075262166354E-1));
#8202=VERTEX_POINT('',#8201);
#8203=CARTESIAN_POINT('',(1.307500008604E2,-3.794651890312E1,
-2.407526216636E0));
#8204=CARTESIAN_POINT('',(1.167500008604E2,-3.794651890312E1,
-2.407526216636E0));
#8205=VERTEX_POINT('',#8203);
#8206=VERTEX_POINT('',#8204);
#8207=CARTESIAN_POINT('',(1.307500008604E2,-3.794651890312E1,
-9.075262166352E-1));
#8208=VERTEX_POINT('',#8207);
#8209=CARTESIAN_POINT('',(1.167500008604E2,-3.794651890312E1,
-9.075262166352E-1));
#8210=VERTEX_POINT('',#8209);
#8211=CARTESIAN_POINT('',(1.167500008604E2,-5.194651890313E1,
-2.407526216636E0));
#8212=VERTEX_POINT('',#8211);
#8213=CARTESIAN_POINT('',(1.167500008604E2,-5.194651890313E1,
-9.075262166352E-1));
#8214=VERTEX_POINT('',#8213);
#8215=CARTESIAN_POINT('',(1.307500008604E2,-5.194651890313E1,
-2.407526216636E0));
#8216=VERTEX_POINT('',#8215);
#8217=CARTESIAN_POINT('',(1.307500008604E2,-5.194651890313E1,
-9.075262166352E-1));
#8218=VERTEX_POINT('',#8217);
#8219=CARTESIAN_POINT('',(-1.310499991407E2,1.534810984163E-1,
-2.407526216636E0));
#8220=CARTESIAN_POINT('',(-1.450499991407E2,1.534810984163E-1,
-2.407526216636E0));
#8221=VERTEX_POINT('',#8219);
#8222=VERTEX_POINT('',#8220);
#8223=CARTESIAN_POINT('',(-1.310499991407E2,1.534810984163E-1,
-9.075262166353E-1));
#8224=VERTEX_POINT('',#8223);
#8225=CARTESIAN_POINT('',(-1.450499991407E2,1.534810984163E-1,
-9.075262166353E-1));
#8226=VERTEX_POINT('',#8225);
#8227=CARTESIAN_POINT('',(-1.450499991407E2,-1.384651890159E1,
-2.407526216636E0));
#8228=VERTEX_POINT('',#8227);
#8229=CARTESIAN_POINT('',(-1.450499991407E2,-1.384651890159E1,
-9.075262166353E-1));
#8230=VERTEX_POINT('',#8229);
#8231=CARTESIAN_POINT('',(-1.310499991407E2,-1.384651890159E1,
-2.407526216636E0));
#8232=VERTEX_POINT('',#8231);
#8233=CARTESIAN_POINT('',(-1.310499991407E2,-1.384651890159E1,
-9.075262166353E-1));
#8234=VERTEX_POINT('',#8233);
#8235=CARTESIAN_POINT('',(-5.484999913956E1,-3.794651890312E1,
-2.407526216636E0));
#8236=CARTESIAN_POINT('',(-6.884999913956E1,-3.794651890312E1,
-2.407526216636E0));
#8237=VERTEX_POINT('',#8235);
#8238=VERTEX_POINT('',#8236);
#8239=CARTESIAN_POINT('',(-5.484999913956E1,-3.794651890312E1,
-9.075262166352E-1));
#8240=VERTEX_POINT('',#8239);
#8241=CARTESIAN_POINT('',(-6.884999913956E1,-3.794651890312E1,
-9.075262166352E-1));
#8242=VERTEX_POINT('',#8241);
#8243=CARTESIAN_POINT('',(-6.884999913956E1,-5.194651890313E1,
-2.407526216636E0));
#8244=VERTEX_POINT('',#8243);
#8245=CARTESIAN_POINT('',(-6.884999913956E1,-5.194651890313E1,
-9.075262166352E-1));
#8246=VERTEX_POINT('',#8245);
#8247=CARTESIAN_POINT('',(-5.484999913956E1,-5.194651890313E1,
-2.407526216636E0));
#8248=VERTEX_POINT('',#8247);
#8249=CARTESIAN_POINT('',(-5.484999913956E1,-5.194651890313E1,
-9.075262166352E-1));
#8250=VERTEX_POINT('',#8249);
#8251=CARTESIAN_POINT('',(-5.009999914108E1,1.534810982963E-1,
-2.407526216636E0));
#8252=CARTESIAN_POINT('',(-6.409999914108E1,1.534810982963E-1,
-2.407526216636E0));
#8253=VERTEX_POINT('',#8251);
#8254=VERTEX_POINT('',#8252);
#8255=CARTESIAN_POINT('',(-5.009999914108E1,1.534810982963E-1,
-9.075262166353E-1));
#8256=VERTEX_POINT('',#8255);
#8257=CARTESIAN_POINT('',(-6.409999914108E1,1.534810982963E-1,
-9.075262166353E-1));
#8258=VERTEX_POINT('',#8257);
#8259=CARTESIAN_POINT('',(-6.409999914108E1,-1.384651890171E1,
-2.407526216636E0));
#8260=VERTEX_POINT('',#8259);
#8261=CARTESIAN_POINT('',(-6.409999914108E1,-1.384651890171E1,
-9.075262166353E-1));
#8262=VERTEX_POINT('',#8261);
#8263=CARTESIAN_POINT('',(-5.009999914108E1,-1.384651890171E1,
-2.407526216636E0));
#8264=VERTEX_POINT('',#8263);
#8265=CARTESIAN_POINT('',(-5.009999914108E1,-1.384651890171E1,
-9.075262166353E-1));
#8266=VERTEX_POINT('',#8265);
#8267=CARTESIAN_POINT('',(2.135000086044E1,-3.794651890312E1,
-2.407526216636E0));
#8268=CARTESIAN_POINT('',(7.350000860440E0,-3.794651890312E1,
-2.407526216636E0));
#8269=VERTEX_POINT('',#8267);
#8270=VERTEX_POINT('',#8268);
#8271=CARTESIAN_POINT('',(2.135000086044E1,-3.794651890312E1,
-9.075262166352E-1));
#8272=VERTEX_POINT('',#8271);
#8273=CARTESIAN_POINT('',(7.350000860440E0,-3.794651890312E1,
-9.075262166352E-1));
#8274=VERTEX_POINT('',#8273);
#8275=CARTESIAN_POINT('',(7.350000860440E0,-5.194651890313E1,
-2.407526216636E0));
#8276=VERTEX_POINT('',#8275);
#8277=CARTESIAN_POINT('',(7.350000860440E0,-5.194651890313E1,
-9.075262166352E-1));
#8278=VERTEX_POINT('',#8277);
#8279=CARTESIAN_POINT('',(2.135000086044E1,-5.194651890313E1,
-2.407526216636E0));
#8280=VERTEX_POINT('',#8279);
#8281=CARTESIAN_POINT('',(2.135000086044E1,-5.194651890313E1,
-9.075262166352E-1));
#8282=VERTEX_POINT('',#8281);
#8283=CARTESIAN_POINT('',(5.470000085992E1,1.920348109843E1,-2.407526216636E0));
#8284=CARTESIAN_POINT('',(4.070000085992E1,1.920348109843E1,-2.407526216636E0));
#8285=VERTEX_POINT('',#8283);
#8286=VERTEX_POINT('',#8284);
#8287=CARTESIAN_POINT('',(5.470000085992E1,1.920348109843E1,
-9.075262166354E-1));
#8288=VERTEX_POINT('',#8287);
#8289=CARTESIAN_POINT('',(4.070000085992E1,1.920348109843E1,
-9.075262166354E-1));
#8290=VERTEX_POINT('',#8289);
#8291=CARTESIAN_POINT('',(4.070000085992E1,5.203481098425E0,-2.407526216636E0));
#8292=VERTEX_POINT('',#8291);
#8293=CARTESIAN_POINT('',(4.070000085992E1,5.203481098425E0,
-9.075262166354E-1));
#8294=VERTEX_POINT('',#8293);
#8295=CARTESIAN_POINT('',(5.470000085992E1,5.203481098425E0,-2.407526216636E0));
#8296=VERTEX_POINT('',#8295);
#8297=CARTESIAN_POINT('',(5.470000085992E1,5.203481098425E0,
-9.075262166354E-1));
#8298=VERTEX_POINT('',#8297);
#8299=CARTESIAN_POINT('',(-7.864999914008E1,1.920348109843E1,
-2.407526216636E0));
#8300=CARTESIAN_POINT('',(-9.264999914008E1,1.920348109843E1,
-2.407526216636E0));
#8301=VERTEX_POINT('',#8299);
#8302=VERTEX_POINT('',#8300);
#8303=CARTESIAN_POINT('',(-7.864999914008E1,1.920348109843E1,
-9.075262166354E-1));
#8304=VERTEX_POINT('',#8303);
#8305=CARTESIAN_POINT('',(-9.264999914008E1,1.920348109843E1,
-9.075262166354E-1));
#8306=VERTEX_POINT('',#8305);
#8307=CARTESIAN_POINT('',(-9.264999914008E1,5.203481098425E0,
-2.407526216636E0));
#8308=VERTEX_POINT('',#8307);
#8309=CARTESIAN_POINT('',(-9.264999914008E1,5.203481098425E0,
-9.075262166354E-1));
#8310=VERTEX_POINT('',#8309);
#8311=CARTESIAN_POINT('',(-7.864999914008E1,5.203481098425E0,
-2.407526216636E0));
#8312=VERTEX_POINT('',#8311);
#8313=CARTESIAN_POINT('',(-7.864999914008E1,5.203481098425E0,
-9.075262166354E-1));
#8314=VERTEX_POINT('',#8313);
#8315=CARTESIAN_POINT('',(-8.344999913897E1,-1.889651890174E1,
-2.407526216636E0));
#8316=CARTESIAN_POINT('',(-9.744999913897E1,-1.889651890174E1,
-2.407526216636E0));
#8317=VERTEX_POINT('',#8315);
#8318=VERTEX_POINT('',#8316);
#8319=CARTESIAN_POINT('',(-8.344999913897E1,-1.889651890174E1,
-9.075262166353E-1));
#8320=VERTEX_POINT('',#8319);
#8321=CARTESIAN_POINT('',(-9.744999913897E1,-1.889651890174E1,
-9.075262166353E-1));
#8322=VERTEX_POINT('',#8321);
#8323=CARTESIAN_POINT('',(-9.744999913897E1,-3.289651890175E1,
-2.407526216636E0));
#8324=VERTEX_POINT('',#8323);
#8325=CARTESIAN_POINT('',(-9.744999913897E1,-3.289651890175E1,
-9.075262166353E-1));
#8326=VERTEX_POINT('',#8325);
#8327=CARTESIAN_POINT('',(-8.344999913897E1,-3.289651890175E1,
-2.407526216636E0));
#8328=VERTEX_POINT('',#8327);
#8329=CARTESIAN_POINT('',(-8.344999913897E1,-3.289651890175E1,
-9.075262166353E-1));
#8330=VERTEX_POINT('',#8329);
#8331=CARTESIAN_POINT('',(4.040000086044E1,-3.794651890312E1,
-2.407526216636E0));
#8332=CARTESIAN_POINT('',(2.640000086044E1,-3.794651890312E1,
-2.407526216636E0));
#8333=VERTEX_POINT('',#8331);
#8334=VERTEX_POINT('',#8332);
#8335=CARTESIAN_POINT('',(4.040000086044E1,-3.794651890312E1,
-9.075262166352E-1));
#8336=VERTEX_POINT('',#8335);
#8337=CARTESIAN_POINT('',(2.640000086044E1,-3.794651890312E1,
-9.075262166352E-1));
#8338=VERTEX_POINT('',#8337);
#8339=CARTESIAN_POINT('',(2.640000086044E1,-5.194651890313E1,
-2.407526216636E0));
#8340=VERTEX_POINT('',#8339);
#8341=CARTESIAN_POINT('',(2.640000086044E1,-5.194651890313E1,
-9.075262166352E-1));
#8342=VERTEX_POINT('',#8341);
#8343=CARTESIAN_POINT('',(4.040000086044E1,-5.194651890313E1,
-2.407526216636E0));
#8344=VERTEX_POINT('',#8343);
#8345=CARTESIAN_POINT('',(4.040000086044E1,-5.194651890313E1,
-9.075262166352E-1));
#8346=VERTEX_POINT('',#8345);
#8347=CARTESIAN_POINT('',(-4.054999914008E1,1.920348109843E1,
-2.407526216636E0));
#8348=CARTESIAN_POINT('',(-5.454999914008E1,1.920348109843E1,
-2.407526216636E0));
#8349=VERTEX_POINT('',#8347);
#8350=VERTEX_POINT('',#8348);
#8351=CARTESIAN_POINT('',(-4.054999914008E1,1.920348109843E1,
-9.075262166354E-1));
#8352=VERTEX_POINT('',#8351);
#8353=CARTESIAN_POINT('',(-5.454999914008E1,1.920348109843E1,
-9.075262166354E-1));
#8354=VERTEX_POINT('',#8353);
#8355=CARTESIAN_POINT('',(-5.454999914008E1,5.203481098425E0,
-2.407526216636E0));
#8356=VERTEX_POINT('',#8355);
#8357=CARTESIAN_POINT('',(-5.454999914008E1,5.203481098425E0,
-9.075262166354E-1));
#8358=VERTEX_POINT('',#8357);
#8359=CARTESIAN_POINT('',(-4.054999914008E1,5.203481098425E0,
-2.407526216636E0));
#8360=VERTEX_POINT('',#8359);
#8361=CARTESIAN_POINT('',(-4.054999914008E1,5.203481098425E0,
-9.075262166354E-1));
#8362=VERTEX_POINT('',#8361);
#8363=CARTESIAN_POINT('',(-4.534999913897E1,-1.889651890174E1,
-2.407526216636E0));
#8364=CARTESIAN_POINT('',(-5.934999913897E1,-1.889651890174E1,
-2.407526216636E0));
#8365=VERTEX_POINT('',#8363);
#8366=VERTEX_POINT('',#8364);
#8367=CARTESIAN_POINT('',(-4.534999913897E1,-1.889651890174E1,
-9.075262166353E-1));
#8368=VERTEX_POINT('',#8367);
#8369=CARTESIAN_POINT('',(-5.934999913897E1,-1.889651890174E1,
-9.075262166353E-1));
#8370=VERTEX_POINT('',#8369);
#8371=CARTESIAN_POINT('',(-5.934999913897E1,-3.289651890175E1,
-2.407526216636E0));
#8372=VERTEX_POINT('',#8371);
#8373=CARTESIAN_POINT('',(-5.934999913897E1,-3.289651890175E1,
-9.075262166353E-1));
#8374=VERTEX_POINT('',#8373);
#8375=CARTESIAN_POINT('',(-4.534999913897E1,-3.289651890175E1,
-2.407526216636E0));
#8376=VERTEX_POINT('',#8375);
#8377=CARTESIAN_POINT('',(-4.534999913897E1,-3.289651890175E1,
-9.075262166353E-1));
#8378=VERTEX_POINT('',#8377);
#8379=CARTESIAN_POINT('',(3.085000086103E1,-1.889651890174E1,
-2.407526216636E0));
#8380=CARTESIAN_POINT('',(1.685000086103E1,-1.889651890174E1,
-2.407526216636E0));
#8381=VERTEX_POINT('',#8379);
#8382=VERTEX_POINT('',#8380);
#8383=CARTESIAN_POINT('',(3.085000086103E1,-1.889651890174E1,
-9.075262166353E-1));
#8384=VERTEX_POINT('',#8383);
#8385=CARTESIAN_POINT('',(1.685000086103E1,-1.889651890174E1,
-9.075262166353E-1));
#8386=VERTEX_POINT('',#8385);
#8387=CARTESIAN_POINT('',(1.685000086103E1,-3.289651890175E1,
-2.407526216636E0));
#8388=VERTEX_POINT('',#8387);
#8389=CARTESIAN_POINT('',(1.685000086103E1,-3.289651890175E1,
-9.075262166353E-1));
#8390=VERTEX_POINT('',#8389);
#8391=CARTESIAN_POINT('',(3.085000086103E1,-3.289651890175E1,
-2.407526216636E0));
#8392=VERTEX_POINT('',#8391);
#8393=CARTESIAN_POINT('',(3.085000086103E1,-3.289651890175E1,
-9.075262166353E-1));
#8394=VERTEX_POINT('',#8393);
#8395=CARTESIAN_POINT('',(2.610000085892E1,1.534810982963E-1,
-2.407526216636E0));
#8396=CARTESIAN_POINT('',(1.210000085892E1,1.534810982963E-1,
-2.407526216636E0));
#8397=VERTEX_POINT('',#8395);
#8398=VERTEX_POINT('',#8396);
#8399=CARTESIAN_POINT('',(2.610000085892E1,1.534810982963E-1,
-9.075262166353E-1));
#8400=VERTEX_POINT('',#8399);
#8401=CARTESIAN_POINT('',(1.210000085892E1,1.534810982963E-1,
-9.075262166353E-1));
#8402=VERTEX_POINT('',#8401);
#8403=CARTESIAN_POINT('',(1.210000085892E1,-1.384651890171E1,
-2.407526216636E0));
#8404=VERTEX_POINT('',#8403);
#8405=CARTESIAN_POINT('',(1.210000085892E1,-1.384651890171E1,
-9.075262166353E-1));
#8406=VERTEX_POINT('',#8405);
#8407=CARTESIAN_POINT('',(2.610000085892E1,-1.384651890171E1,
-2.407526216636E0));
#8408=VERTEX_POINT('',#8407);
#8409=CARTESIAN_POINT('',(2.610000085892E1,-1.384651890171E1,
-9.075262166353E-1));
#8410=VERTEX_POINT('',#8409);
#8411=CARTESIAN_POINT('',(1.660000085992E1,1.920348109843E1,-2.407526216636E0));
#8412=CARTESIAN_POINT('',(2.600000859917E0,1.920348109843E1,-2.407526216636E0));
#8413=VERTEX_POINT('',#8411);
#8414=VERTEX_POINT('',#8412);
#8415=CARTESIAN_POINT('',(1.660000085992E1,1.920348109843E1,
-9.075262166354E-1));
#8416=VERTEX_POINT('',#8415);
#8417=CARTESIAN_POINT('',(2.600000859917E0,1.920348109843E1,
-9.075262166354E-1));
#8418=VERTEX_POINT('',#8417);
#8419=CARTESIAN_POINT('',(2.600000859917E0,5.203481098425E0,-2.407526216636E0));
#8420=VERTEX_POINT('',#8419);
#8421=CARTESIAN_POINT('',(2.600000859917E0,5.203481098425E0,
-9.075262166354E-1));
#8422=VERTEX_POINT('',#8421);
#8423=CARTESIAN_POINT('',(1.660000085992E1,5.203481098425E0,-2.407526216636E0));
#8424=VERTEX_POINT('',#8423);
#8425=CARTESIAN_POINT('',(1.660000085992E1,5.203481098425E0,
-9.075262166354E-1));
#8426=VERTEX_POINT('',#8425);
#8427=CARTESIAN_POINT('',(1.045500008604E2,-3.794651890154E1,
-2.407526216636E0));
#8428=CARTESIAN_POINT('',(9.055000086039E1,-3.794651890154E1,
-2.407526216636E0));
#8429=VERTEX_POINT('',#8427);
#8430=VERTEX_POINT('',#8428);
#8431=CARTESIAN_POINT('',(1.045500008604E2,-3.794651890154E1,
-9.075262166339E-1));
#8432=VERTEX_POINT('',#8431);
#8433=CARTESIAN_POINT('',(9.055000086039E1,-3.794651890154E1,
-9.075262166339E-1));
#8434=VERTEX_POINT('',#8433);
#8435=CARTESIAN_POINT('',(9.055000086039E1,-5.194651890154E1,
-2.407526216636E0));
#8436=VERTEX_POINT('',#8435);
#8437=CARTESIAN_POINT('',(9.055000086039E1,-5.194651890154E1,
-9.075262166339E-1));
#8438=VERTEX_POINT('',#8437);
#8439=CARTESIAN_POINT('',(1.045500008604E2,-5.194651890154E1,
-2.407526216636E0));
#8440=VERTEX_POINT('',#8439);
#8441=CARTESIAN_POINT('',(1.045500008604E2,-5.194651890154E1,
-9.075262166339E-1));
#8442=VERTEX_POINT('',#8441);
#8443=CARTESIAN_POINT('',(1.117000008604E2,-5.699651890312E1,
-2.407526216636E0));
#8444=CARTESIAN_POINT('',(9.770000086044E1,-5.699651890312E1,
-2.407526216636E0));
#8445=VERTEX_POINT('',#8443);
#8446=VERTEX_POINT('',#8444);
#8447=CARTESIAN_POINT('',(1.117000008604E2,-5.699651890312E1,
-9.075262166352E-1));
#8448=VERTEX_POINT('',#8447);
#8449=CARTESIAN_POINT('',(9.770000086044E1,-5.699651890312E1,
-9.075262166352E-1));
#8450=VERTEX_POINT('',#8449);
#8451=CARTESIAN_POINT('',(9.770000086044E1,-7.099651890313E1,
-2.407526216636E0));
#8452=VERTEX_POINT('',#8451);
#8453=CARTESIAN_POINT('',(9.770000086044E1,-7.099651890313E1,
-9.075262166352E-1));
#8454=VERTEX_POINT('',#8453);
#8455=CARTESIAN_POINT('',(1.117000008604E2,-7.099651890313E1,
-2.407526216636E0));
#8456=VERTEX_POINT('',#8455);
#8457=CARTESIAN_POINT('',(1.117000008604E2,-7.099651890313E1,
-9.075262166352E-1));
#8458=VERTEX_POINT('',#8457);
#8459=CARTESIAN_POINT('',(-1.072499991411E2,1.534810982963E-1,
-2.407526216636E0));
#8460=CARTESIAN_POINT('',(-1.212499991411E2,1.534810982963E-1,
-2.407526216636E0));
#8461=VERTEX_POINT('',#8459);
#8462=VERTEX_POINT('',#8460);
#8463=CARTESIAN_POINT('',(-1.072499991411E2,1.534810982963E-1,
-9.075262166353E-1));
#8464=VERTEX_POINT('',#8463);
#8465=CARTESIAN_POINT('',(-1.212499991411E2,1.534810982963E-1,
-9.075262166353E-1));
#8466=VERTEX_POINT('',#8465);
#8467=CARTESIAN_POINT('',(-1.212499991411E2,-1.384651890171E1,
-2.407526216636E0));
#8468=VERTEX_POINT('',#8467);
#8469=CARTESIAN_POINT('',(-1.212499991411E2,-1.384651890171E1,
-9.075262166353E-1));
#8470=VERTEX_POINT('',#8469);
#8471=CARTESIAN_POINT('',(-1.072499991411E2,-1.384651890171E1,
-2.407526216636E0));
#8472=VERTEX_POINT('',#8471);
#8473=CARTESIAN_POINT('',(-1.072499991411E2,-1.384651890171E1,
-9.075262166353E-1));
#8474=VERTEX_POINT('',#8473);
#8475=CARTESIAN_POINT('',(-2.149999914008E1,1.920348109843E1,
-2.407526216636E0));
#8476=CARTESIAN_POINT('',(-3.549999914008E1,1.920348109843E1,
-2.407526216636E0));
#8477=VERTEX_POINT('',#8475);
#8478=VERTEX_POINT('',#8476);
#8479=CARTESIAN_POINT('',(-2.149999914008E1,1.920348109843E1,
-9.075262166354E-1));
#8480=VERTEX_POINT('',#8479);
#8481=CARTESIAN_POINT('',(-3.549999914008E1,1.920348109843E1,
-9.075262166354E-1));
#8482=VERTEX_POINT('',#8481);
#8483=CARTESIAN_POINT('',(-3.549999914008E1,5.203481098425E0,
-2.407526216636E0));
#8484=VERTEX_POINT('',#8483);
#8485=CARTESIAN_POINT('',(-3.549999914008E1,5.203481098425E0,
-9.075262166354E-1));
#8486=VERTEX_POINT('',#8485);
#8487=CARTESIAN_POINT('',(-2.149999914008E1,5.203481098425E0,
-2.407526216636E0));
#8488=VERTEX_POINT('',#8487);
#8489=CARTESIAN_POINT('',(-2.149999914008E1,5.203481098425E0,
-9.075262166354E-1));
#8490=VERTEX_POINT('',#8489);
#8491=CARTESIAN_POINT('',(6.433750074092E1,4.305348109843E1,-2.407526216636E0));
#8492=CARTESIAN_POINT('',(5.033750074092E1,4.305348109843E1,-2.407526216636E0));
#8493=VERTEX_POINT('',#8491);
#8494=VERTEX_POINT('',#8492);
#8495=CARTESIAN_POINT('',(6.433750074092E1,4.305348109843E1,
-9.075262166354E-1));
#8496=VERTEX_POINT('',#8495);
#8497=CARTESIAN_POINT('',(5.033750074092E1,4.305348109843E1,
-9.075262166354E-1));
#8498=VERTEX_POINT('',#8497);
#8499=CARTESIAN_POINT('',(5.033750074092E1,2.905348109842E1,-2.407526216636E0));
#8500=VERTEX_POINT('',#8499);
#8501=CARTESIAN_POINT('',(5.033750074092E1,2.905348109842E1,
-9.075262166354E-1));
#8502=VERTEX_POINT('',#8501);
#8503=CARTESIAN_POINT('',(6.433750074092E1,2.905348109842E1,-2.407526216636E0));
#8504=VERTEX_POINT('',#8503);
#8505=CARTESIAN_POINT('',(6.433750074092E1,2.905348109842E1,
-9.075262166354E-1));
#8506=VERTEX_POINT('',#8505);
#8507=CARTESIAN_POINT('',(4.990000086103E1,-1.889651890174E1,
-2.407526216636E0));
#8508=CARTESIAN_POINT('',(3.590000086103E1,-1.889651890174E1,
-2.407526216636E0));
#8509=VERTEX_POINT('',#8507);
#8510=VERTEX_POINT('',#8508);
#8511=CARTESIAN_POINT('',(4.990000086103E1,-1.889651890174E1,
-9.075262166353E-1));
#8512=VERTEX_POINT('',#8511);
#8513=CARTESIAN_POINT('',(3.590000086103E1,-1.889651890174E1,
-9.075262166353E-1));
#8514=VERTEX_POINT('',#8513);
#8515=CARTESIAN_POINT('',(3.590000086103E1,-3.289651890175E1,
-2.407526216636E0));
#8516=VERTEX_POINT('',#8515);
#8517=CARTESIAN_POINT('',(3.590000086103E1,-3.289651890175E1,
-9.075262166353E-1));
#8518=VERTEX_POINT('',#8517);
#8519=CARTESIAN_POINT('',(4.990000086103E1,-3.289651890175E1,
-2.407526216636E0));
#8520=VERTEX_POINT('',#8519);
#8521=CARTESIAN_POINT('',(4.990000086103E1,-3.289651890175E1,
-9.075262166353E-1));
#8522=VERTEX_POINT('',#8521);
#8523=CARTESIAN_POINT('',(8.325000085892E1,1.534810982963E-1,
-2.407526216636E0));
#8524=CARTESIAN_POINT('',(6.925000085892E1,1.534810982963E-1,
-2.407526216636E0));
#8525=VERTEX_POINT('',#8523);
#8526=VERTEX_POINT('',#8524);
#8527=CARTESIAN_POINT('',(8.325000085892E1,1.534810982963E-1,
-9.075262166353E-1));
#8528=VERTEX_POINT('',#8527);
#8529=CARTESIAN_POINT('',(6.925000085892E1,1.534810982963E-1,
-9.075262166353E-1));
#8530=VERTEX_POINT('',#8529);
#8531=CARTESIAN_POINT('',(6.925000085892E1,-1.384651890171E1,
-2.407526216636E0));
#8532=VERTEX_POINT('',#8531);
#8533=CARTESIAN_POINT('',(6.925000085892E1,-1.384651890171E1,
-9.075262166353E-1));
#8534=VERTEX_POINT('',#8533);
#8535=CARTESIAN_POINT('',(8.325000085892E1,-1.384651890171E1,
-2.407526216636E0));
#8536=VERTEX_POINT('',#8535);
#8537=CARTESIAN_POINT('',(8.325000085892E1,-1.384651890171E1,
-9.075262166353E-1));
#8538=VERTEX_POINT('',#8537);
#8539=CARTESIAN_POINT('',(4.515000085892E1,1.534810982963E-1,
-2.407526216636E0));
#8540=CARTESIAN_POINT('',(3.115000085892E1,1.534810982963E-1,
-2.407526216636E0));
#8541=VERTEX_POINT('',#8539);
#8542=VERTEX_POINT('',#8540);
#8543=CARTESIAN_POINT('',(4.515000085892E1,1.534810982963E-1,
-9.075262166353E-1));
#8544=VERTEX_POINT('',#8543);
#8545=CARTESIAN_POINT('',(3.115000085892E1,1.534810982963E-1,
-9.075262166353E-1));
#8546=VERTEX_POINT('',#8545);
#8547=CARTESIAN_POINT('',(3.115000085892E1,-1.384651890171E1,
-2.407526216636E0));
#8548=VERTEX_POINT('',#8547);
#8549=CARTESIAN_POINT('',(3.115000085892E1,-1.384651890171E1,
-9.075262166353E-1));
#8550=VERTEX_POINT('',#8549);
#8551=CARTESIAN_POINT('',(4.515000085892E1,-1.384651890171E1,
-2.407526216636E0));
#8552=VERTEX_POINT('',#8551);
#8553=CARTESIAN_POINT('',(4.515000085892E1,-1.384651890171E1,
-9.075262166353E-1));
#8554=VERTEX_POINT('',#8553);
#8555=CARTESIAN_POINT('',(5.695000085970E1,-5.699651890161E1,
-2.407526216636E0));
#8556=CARTESIAN_POINT('',(4.295000085970E1,-5.699651890161E1,
-2.407526216636E0));
#8557=VERTEX_POINT('',#8555);
#8558=VERTEX_POINT('',#8556);
#8559=CARTESIAN_POINT('',(5.695000085970E1,-5.699651890161E1,
-9.075262166352E-1));
#8560=VERTEX_POINT('',#8559);
#8561=CARTESIAN_POINT('',(4.295000085970E1,-5.699651890161E1,
-9.075262166352E-1));
#8562=VERTEX_POINT('',#8561);
#8563=CARTESIAN_POINT('',(4.295000085970E1,-7.099651890161E1,
-2.407526216636E0));
#8564=VERTEX_POINT('',#8563);
#8565=CARTESIAN_POINT('',(4.295000085970E1,-7.099651890161E1,
-9.075262166352E-1));
#8566=VERTEX_POINT('',#8565);
#8567=CARTESIAN_POINT('',(5.695000085970E1,-7.099651890161E1,
-2.407526216636E0));
#8568=VERTEX_POINT('',#8567);
#8569=CARTESIAN_POINT('',(5.695000085970E1,-7.099651890161E1,
-9.075262166352E-1));
#8570=VERTEX_POINT('',#8569);
#8571=CARTESIAN_POINT('',(-2.374999267083E0,4.305348109843E1,
-2.407526216636E0));
#8572=CARTESIAN_POINT('',(-1.637499926708E1,4.305348109843E1,
-2.407526216636E0));
#8573=VERTEX_POINT('',#8571);
#8574=VERTEX_POINT('',#8572);
#8575=CARTESIAN_POINT('',(-2.374999267083E0,4.305348109843E1,
-9.075262166354E-1));
#8576=VERTEX_POINT('',#8575);
#8577=CARTESIAN_POINT('',(-1.637499926708E1,4.305348109843E1,
-9.075262166354E-1));
#8578=VERTEX_POINT('',#8577);
#8579=CARTESIAN_POINT('',(-1.637499926708E1,2.905348109842E1,
-2.407526216636E0));
#8580=VERTEX_POINT('',#8579);
#8581=CARTESIAN_POINT('',(-1.637499926708E1,2.905348109842E1,
-9.075262166354E-1));
#8582=VERTEX_POINT('',#8581);
#8583=CARTESIAN_POINT('',(-2.374999267083E0,2.905348109842E1,
-2.407526216636E0));
#8584=VERTEX_POINT('',#8583);
#8585=CARTESIAN_POINT('',(-2.374999267083E0,2.905348109842E1,
-9.075262166354E-1));
#8586=VERTEX_POINT('',#8585);
#8587=CARTESIAN_POINT('',(-1.095499991400E2,-5.699651890161E1,
-2.407526216636E0));
#8588=CARTESIAN_POINT('',(-1.235499991400E2,-5.699651890161E1,
-2.407526216636E0));
#8589=VERTEX_POINT('',#8587);
#8590=VERTEX_POINT('',#8588);
#8591=CARTESIAN_POINT('',(-1.095499991400E2,-5.699651890161E1,
-9.075262166352E-1));
#8592=VERTEX_POINT('',#8591);
#8593=CARTESIAN_POINT('',(-1.235499991400E2,-5.699651890161E1,
-9.075262166352E-1));
#8594=VERTEX_POINT('',#8593);
#8595=CARTESIAN_POINT('',(-1.235499991400E2,-7.099651890161E1,
-2.407526216636E0));
#8596=VERTEX_POINT('',#8595);
#8597=CARTESIAN_POINT('',(-1.235499991400E2,-7.099651890161E1,
-9.075262166352E-1));
#8598=VERTEX_POINT('',#8597);
#8599=CARTESIAN_POINT('',(-1.095499991400E2,-7.099651890161E1,
-2.407526216636E0));
#8600=VERTEX_POINT('',#8599);
#8601=CARTESIAN_POINT('',(-1.095499991400E2,-7.099651890161E1,
-9.075262166352E-1));
#8602=VERTEX_POINT('',#8601);
#8603=CARTESIAN_POINT('',(1.307500008604E2,-5.699651890312E1,
-2.407526216636E0));
#8604=CARTESIAN_POINT('',(1.167500008604E2,-5.699651890312E1,
-2.407526216636E0));
#8605=VERTEX_POINT('',#8603);
#8606=VERTEX_POINT('',#8604);
#8607=CARTESIAN_POINT('',(1.307500008604E2,-5.699651890312E1,
-9.075262166352E-1));
#8608=VERTEX_POINT('',#8607);
#8609=CARTESIAN_POINT('',(1.167500008604E2,-5.699651890312E1,
-9.075262166352E-1));
#8610=VERTEX_POINT('',#8609);
#8611=CARTESIAN_POINT('',(1.167500008604E2,-7.099651890313E1,
-2.407526216636E0));
#8612=VERTEX_POINT('',#8611);
#8613=CARTESIAN_POINT('',(1.167500008604E2,-7.099651890313E1,
-9.075262166352E-1));
#8614=VERTEX_POINT('',#8613);
#8615=CARTESIAN_POINT('',(1.307500008604E2,-7.099651890313E1,
-2.407526216636E0));
#8616=VERTEX_POINT('',#8615);
#8617=CARTESIAN_POINT('',(1.307500008604E2,-7.099651890313E1,
-9.075262166352E-1));
#8618=VERTEX_POINT('',#8617);
#8619=CARTESIAN_POINT('',(1.498000008352E2,1.920348110102E1,-2.407526216636E0));
#8620=CARTESIAN_POINT('',(1.358000008352E2,1.920348110102E1,-2.407526216636E0));
#8621=VERTEX_POINT('',#8619);
#8622=VERTEX_POINT('',#8620);
#8623=CARTESIAN_POINT('',(1.498000008352E2,1.920348110102E1,
-9.075262166354E-1));
#8624=VERTEX_POINT('',#8623);
#8625=CARTESIAN_POINT('',(1.358000008352E2,1.920348110102E1,
-9.075262166354E-1));
#8626=VERTEX_POINT('',#8625);
#8627=CARTESIAN_POINT('',(1.358000008352E2,5.203481101014E0,-2.407526216636E0));
#8628=VERTEX_POINT('',#8627);
#8629=CARTESIAN_POINT('',(1.358000008352E2,5.203481101014E0,
-9.075262166354E-1));
#8630=VERTEX_POINT('',#8629);
#8631=CARTESIAN_POINT('',(1.498000008352E2,5.203481101014E0,-2.407526216636E0));
#8632=VERTEX_POINT('',#8631);
#8633=CARTESIAN_POINT('',(1.498000008352E2,5.203481101014E0,
-9.075262166354E-1));
#8634=VERTEX_POINT('',#8633);
#8635=CARTESIAN_POINT('',(-1.071874992751E2,4.305348109843E1,
-2.407526216636E0));
#8636=CARTESIAN_POINT('',(-1.211874992751E2,4.305348109843E1,
-2.407526216636E0));
#8637=VERTEX_POINT('',#8635);
#8638=VERTEX_POINT('',#8636);
#8639=CARTESIAN_POINT('',(-1.071874992751E2,4.305348109843E1,
-9.075262166354E-1));
#8640=VERTEX_POINT('',#8639);
#8641=CARTESIAN_POINT('',(-1.211874992751E2,4.305348109843E1,
-9.075262166354E-1));
#8642=VERTEX_POINT('',#8641);
#8643=CARTESIAN_POINT('',(-1.211874992751E2,2.905348109842E1,
-2.407526216636E0));
#8644=VERTEX_POINT('',#8643);
#8645=CARTESIAN_POINT('',(-1.211874992751E2,2.905348109842E1,
-9.075262166354E-1));
#8646=VERTEX_POINT('',#8645);
#8647=CARTESIAN_POINT('',(-1.071874992751E2,2.905348109842E1,
-2.407526216636E0));
#8648=VERTEX_POINT('',#8647);
#8649=CARTESIAN_POINT('',(-1.071874992751E2,2.905348109842E1,
-9.075262166354E-1));
#8650=VERTEX_POINT('',#8649);
#8651=CARTESIAN_POINT('',(-2.449999140083E0,1.920348109843E1,
-2.407526216636E0));
#8652=CARTESIAN_POINT('',(-1.644999914008E1,1.920348109843E1,
-2.407526216636E0));
#8653=VERTEX_POINT('',#8651);
#8654=VERTEX_POINT('',#8652);
#8655=CARTESIAN_POINT('',(-2.449999140083E0,1.920348109843E1,
-9.075262166354E-1));
#8656=VERTEX_POINT('',#8655);
#8657=CARTESIAN_POINT('',(-1.644999914008E1,1.920348109843E1,
-9.075262166354E-1));
#8658=VERTEX_POINT('',#8657);
#8659=CARTESIAN_POINT('',(-1.644999914008E1,5.203481098425E0,
-2.407526216636E0));
#8660=VERTEX_POINT('',#8659);
#8661=CARTESIAN_POINT('',(-1.644999914008E1,5.203481098425E0,
-9.075262166354E-1));
#8662=VERTEX_POINT('',#8661);
#8663=CARTESIAN_POINT('',(-2.449999140083E0,5.203481098425E0,
-2.407526216636E0));
#8664=VERTEX_POINT('',#8663);
#8665=CARTESIAN_POINT('',(-2.449999140083E0,5.203481098425E0,
-9.075262166354E-1));
#8666=VERTEX_POINT('',#8665);
#8667=CARTESIAN_POINT('',(-8.813749927508E1,4.305348109843E1,
-2.407526216636E0));
#8668=CARTESIAN_POINT('',(-1.021374992751E2,4.305348109843E1,
-2.407526216636E0));
#8669=VERTEX_POINT('',#8667);
#8670=VERTEX_POINT('',#8668);
#8671=CARTESIAN_POINT('',(-8.813749927508E1,4.305348109843E1,
-9.075262166354E-1));
#8672=VERTEX_POINT('',#8671);
#8673=CARTESIAN_POINT('',(-1.021374992751E2,4.305348109843E1,
-9.075262166354E-1));
#8674=VERTEX_POINT('',#8673);
#8675=CARTESIAN_POINT('',(-1.021374992751E2,2.905348109842E1,
-2.407526216636E0));
#8676=VERTEX_POINT('',#8675);
#8677=CARTESIAN_POINT('',(-1.021374992751E2,2.905348109842E1,
-9.075262166354E-1));
#8678=VERTEX_POINT('',#8677);
#8679=CARTESIAN_POINT('',(-8.813749927508E1,2.905348109842E1,
-2.407526216636E0));
#8680=VERTEX_POINT('',#8679);
#8681=CARTESIAN_POINT('',(-8.813749927508E1,2.905348109842E1,
-9.075262166354E-1));
#8682=VERTEX_POINT('',#8681);
#8683=CARTESIAN_POINT('',(1.498000008334E2,-3.794651890312E1,
-2.407526216636E0));
#8684=CARTESIAN_POINT('',(1.358000008334E2,-3.794651890312E1,
-2.407526216636E0));
#8685=VERTEX_POINT('',#8683);
#8686=VERTEX_POINT('',#8684);
#8687=CARTESIAN_POINT('',(1.498000008334E2,-3.794651890312E1,
-9.075262166352E-1));
#8688=VERTEX_POINT('',#8687);
#8689=CARTESIAN_POINT('',(1.358000008334E2,-3.794651890312E1,
-9.075262166352E-1));
#8690=VERTEX_POINT('',#8689);
#8691=CARTESIAN_POINT('',(1.358000008334E2,-5.194651890313E1,
-2.407526216636E0));
#8692=VERTEX_POINT('',#8691);
#8693=CARTESIAN_POINT('',(1.358000008334E2,-5.194651890313E1,
-9.075262166352E-1));
#8694=VERTEX_POINT('',#8693);
#8695=CARTESIAN_POINT('',(1.498000008334E2,-5.194651890313E1,
-2.407526216636E0));
#8696=VERTEX_POINT('',#8695);
#8697=CARTESIAN_POINT('',(1.498000008334E2,-5.194651890313E1,
-9.075262166352E-1));
#8698=VERTEX_POINT('',#8697);
#8699=CARTESIAN_POINT('',(-1.437499914106E1,-6.098912535948E1,
-2.407526216636E0));
#8700=CARTESIAN_POINT('',(-1.437499914106E1,-5.699651890219E1,
-2.407526216636E0));
#8701=VERTEX_POINT('',#8699);
#8702=VERTEX_POINT('',#8700);
#8703=CARTESIAN_POINT('',(-1.437499914106E1,-6.098912535948E1,
-9.075262166355E-1));
#8704=VERTEX_POINT('',#8703);
#8705=CARTESIAN_POINT('',(-1.437499914106E1,-5.699651890219E1,
-9.075262166352E-1));
#8706=VERTEX_POINT('',#8705);
#8707=CARTESIAN_POINT('',(-2.837499914106E1,-5.699651890219E1,
-2.407526216636E0));
#8708=VERTEX_POINT('',#8707);
#8709=CARTESIAN_POINT('',(-2.837499914106E1,-5.699651890219E1,
-9.075262166352E-1));
#8710=VERTEX_POINT('',#8709);
#8711=CARTESIAN_POINT('',(-2.837499914106E1,-6.098912535948E1,
-9.075262166355E-1));
#8712=VERTEX_POINT('',#8711);
#8713=CARTESIAN_POINT('',(-2.837499914106E1,-6.098912535948E1,
-2.407526216636E0));
#8714=VERTEX_POINT('',#8713);
#8715=CARTESIAN_POINT('',(-2.837499914106E1,-7.099651890220E1,
-9.075262166352E-1));
#8716=CARTESIAN_POINT('',(-1.437499914106E1,-7.099651890220E1,
-9.075262166352E-1));
#8717=VERTEX_POINT('',#8715);
#8718=VERTEX_POINT('',#8716);
#8719=CARTESIAN_POINT('',(-2.837499914106E1,-6.618912535949E1,
-9.075262166355E-1));
#8720=VERTEX_POINT('',#8719);
#8721=CARTESIAN_POINT('',(-6.814511950547E1,-6.618912535949E1,
-9.075262166358E-1));
#8722=VERTEX_POINT('',#8721);
#8723=CARTESIAN_POINT('',(-6.814511950547E1,-6.943912536449E1,
-9.075262166358E-1));
#8724=VERTEX_POINT('',#8723);
#8725=CARTESIAN_POINT('',(-7.479511876831E1,-6.943912536449E1,
-9.075262166358E-1));
#8726=VERTEX_POINT('',#8725);
#8727=CARTESIAN_POINT('',(-7.479511876831E1,-6.618912535949E1,
-9.075262166358E-1));
#8728=VERTEX_POINT('',#8727);
#8729=CARTESIAN_POINT('',(-7.569511877425E1,-6.618912535949E1,
-9.075262166358E-1));
#8730=VERTEX_POINT('',#8729);
#8731=CARTESIAN_POINT('',(-7.569511877425E1,-6.373912535728E1,
-9.075262166358E-1));
#8732=VERTEX_POINT('',#8731);
#8733=CARTESIAN_POINT('',(-7.479511876831E1,-6.373912535728E1,
-9.075262166358E-1));
#8734=VERTEX_POINT('',#8733);
#8735=CARTESIAN_POINT('',(-7.479511876831E1,-5.723912536269E1,
-9.075262166358E-1));
#8736=VERTEX_POINT('',#8735);
#8737=CARTESIAN_POINT('',(-7.302357680710E1,-5.723912538676E1,
-9.075262166358E-1));
#8738=VERTEX_POINT('',#8737);
#8739=CARTESIAN_POINT('',(-7.302357680710E1,-5.573713818436E1,
-9.075262166358E-1));
#8740=VERTEX_POINT('',#8739);
#8741=CARTESIAN_POINT('',(-6.991762031223E1,-5.573713818436E1,
-9.075262166358E-1));
#8742=VERTEX_POINT('',#8741);
#8743=CARTESIAN_POINT('',(-6.991762031223E1,-5.723912538676E1,
-9.075262166358E-1));
#8744=VERTEX_POINT('',#8743);
#8745=CARTESIAN_POINT('',(-6.814511886031E1,-5.723912536269E1,
-9.075262166358E-1));
#8746=VERTEX_POINT('',#8745);
#8747=CARTESIAN_POINT('',(-6.814511886031E1,-6.098912535948E1,
-9.075262166358E-1));
#8748=VERTEX_POINT('',#8747);
#8749=CARTESIAN_POINT('',(2.530488058651E1,-6.098912535948E1,
-9.075262166358E-1));
#8750=VERTEX_POINT('',#8749);
#8751=CARTESIAN_POINT('',(2.530488058651E1,-5.723912536269E1,
-9.075262166358E-1));
#8752=VERTEX_POINT('',#8751);
#8753=CARTESIAN_POINT('',(2.707738203843E1,-5.723912538677E1,
-9.075262166358E-1));
#8754=VERTEX_POINT('',#8753);
#8755=CARTESIAN_POINT('',(2.707738203843E1,-5.573713818436E1,
-9.075262166358E-1));
#8756=VERTEX_POINT('',#8755);
#8757=CARTESIAN_POINT('',(3.018333853331E1,-5.573713818436E1,
-9.075262166358E-1));
#8758=VERTEX_POINT('',#8757);
#8759=CARTESIAN_POINT('',(3.018333853331E1,-5.723912538677E1,
-9.075262166358E-1));
#8760=VERTEX_POINT('',#8759);
#8761=CARTESIAN_POINT('',(3.195488049451E1,-5.723912536269E1,
-9.075262166358E-1));
#8762=VERTEX_POINT('',#8761);
#8763=CARTESIAN_POINT('',(3.195488049451E1,-6.373912535728E1,
-9.075262166358E-1));
#8764=VERTEX_POINT('',#8763);
#8765=CARTESIAN_POINT('',(3.285488050051E1,-6.373912535728E1,
-9.075262166358E-1));
#8766=VERTEX_POINT('',#8765);
#8767=CARTESIAN_POINT('',(3.285488050051E1,-6.618912535949E1,
-9.075262166358E-1));
#8768=VERTEX_POINT('',#8767);
#8769=CARTESIAN_POINT('',(3.195488049451E1,-6.618912535949E1,
-9.075262166358E-1));
#8770=VERTEX_POINT('',#8769);
#8771=CARTESIAN_POINT('',(3.195488049451E1,-6.943912536449E1,
-9.075262166358E-1));
#8772=VERTEX_POINT('',#8771);
#8773=CARTESIAN_POINT('',(2.530488123171E1,-6.943912536449E1,
-9.075262166358E-1));
#8774=VERTEX_POINT('',#8773);
#8775=CARTESIAN_POINT('',(2.530488123171E1,-6.618912535948E1,
-9.075262166358E-1));
#8776=VERTEX_POINT('',#8775);
#8777=CARTESIAN_POINT('',(-1.437499914106E1,-6.618912535949E1,
-9.075262166355E-1));
#8778=VERTEX_POINT('',#8777);
#8779=CARTESIAN_POINT('',(1.533518288489E2,-4.889926505702E1,
-9.075262166353E-1));
#8780=VERTEX_POINT('',#8779);
#8781=CARTESIAN_POINT('',(1.553518288489E2,-4.689926505702E1,
-9.075262166358E-1));
#8782=VERTEX_POINT('',#8781);
#8783=CARTESIAN_POINT('',(1.573518288489E2,-4.889926505702E1,
-9.075262166358E-1));
#8784=VERTEX_POINT('',#8783);
#8785=CARTESIAN_POINT('',(1.573518288489E2,-6.139926505702E1,
-9.075262166358E-1));
#8786=VERTEX_POINT('',#8785);
#8787=CARTESIAN_POINT('',(1.603518288489E2,-6.139926505701E1,
-9.075262166358E-1));
#8788=VERTEX_POINT('',#8787);
#8789=CARTESIAN_POINT('',(1.603518288489E2,-2.639926505702E1,
-9.075262166358E-1));
#8790=VERTEX_POINT('',#8789);
#8791=CARTESIAN_POINT('',(1.573518288489E2,-2.639926505703E1,
-9.075262166358E-1));
#8792=VERTEX_POINT('',#8791);
#8793=CARTESIAN_POINT('',(1.573518288489E2,-3.889926505702E1,
-9.075262166358E-1));
#8794=VERTEX_POINT('',#8793);
#8795=CARTESIAN_POINT('',(1.553518288489E2,1.310073494298E1,
-9.075262166358E-1));
#8796=VERTEX_POINT('',#8795);
#8797=CARTESIAN_POINT('',(1.573518288489E2,1.110073494298E1,
-9.075262166358E-1));
#8798=VERTEX_POINT('',#8797);
#8799=CARTESIAN_POINT('',(1.573518288489E2,-1.399265057022E0,
-9.075262166358E-1));
#8800=VERTEX_POINT('',#8799);
#8801=CARTESIAN_POINT('',(1.603518288489E2,-1.399265057012E0,
-9.075262166358E-1));
#8802=VERTEX_POINT('',#8801);
#8803=CARTESIAN_POINT('',(1.603518288489E2,3.360073494298E1,
-9.075262166358E-1));
#8804=VERTEX_POINT('',#8803);
#8805=CARTESIAN_POINT('',(1.573518288489E2,3.360073494297E1,
-9.075262166358E-1));
#8806=VERTEX_POINT('',#8805);
#8807=CARTESIAN_POINT('',(1.573518288489E2,2.110073494298E1,
-9.075262166358E-1));
#8808=VERTEX_POINT('',#8807);
#8809=CARTESIAN_POINT('',(8.785182884924E1,4.900073495198E1,
-9.075262166358E-1));
#8810=VERTEX_POINT('',#8809);
#8811=CARTESIAN_POINT('',(8.985182884924E1,5.100073495198E1,
-9.075262166358E-1));
#8812=VERTEX_POINT('',#8811);
#8813=CARTESIAN_POINT('',(1.023518288492E2,5.100073495198E1,
-9.075262166358E-1));
#8814=VERTEX_POINT('',#8813);
#8815=CARTESIAN_POINT('',(1.023518288492E2,5.400073495198E1,
-9.075262166358E-1));
#8816=VERTEX_POINT('',#8815);
#8817=CARTESIAN_POINT('',(6.735182884924E1,5.400073495198E1,
-9.075262166358E-1));
#8818=VERTEX_POINT('',#8817);
#8819=CARTESIAN_POINT('',(6.735182884925E1,5.100073495198E1,
-9.075262166358E-1));
#8820=VERTEX_POINT('',#8819);
#8821=CARTESIAN_POINT('',(7.985182884924E1,5.100073495198E1,
-9.075262166358E-1));
#8822=VERTEX_POINT('',#8821);
#8823=CARTESIAN_POINT('',(2.851828849238E0,4.900073495198E1,
-9.075262166358E-1));
#8824=VERTEX_POINT('',#8823);
#8825=CARTESIAN_POINT('',(4.851828849238E0,5.100073495198E1,
-9.075262166358E-1));
#8826=VERTEX_POINT('',#8825);
#8827=CARTESIAN_POINT('',(1.735182884924E1,5.100073495198E1,
-9.075262166358E-1));
#8828=VERTEX_POINT('',#8827);
#8829=CARTESIAN_POINT('',(1.735182884923E1,5.400073495198E1,
-9.075262166358E-1));
#8830=VERTEX_POINT('',#8829);
#8831=CARTESIAN_POINT('',(-1.764817115076E1,5.400073495198E1,
-9.075262166358E-1));
#8832=VERTEX_POINT('',#8831);
#8833=CARTESIAN_POINT('',(-1.764817115075E1,5.100073495198E1,
-9.075262166358E-1));
#8834=VERTEX_POINT('',#8833);
#8835=CARTESIAN_POINT('',(-5.148171150762E0,5.100073495198E1,
-9.075262166358E-1));
#8836=VERTEX_POINT('',#8835);
#8837=CARTESIAN_POINT('',(-8.214817115076E1,4.900073495198E1,
-9.075262166358E-1));
#8838=VERTEX_POINT('',#8837);
#8839=CARTESIAN_POINT('',(-8.014817115076E1,5.100073495198E1,
-9.075262166358E-1));
#8840=VERTEX_POINT('',#8839);
#8841=CARTESIAN_POINT('',(-6.764817115076E1,5.100073495198E1,
-9.075262166358E-1));
#8842=VERTEX_POINT('',#8841);
#8843=CARTESIAN_POINT('',(-6.764817115077E1,5.400073495198E1,
-9.075262166358E-1));
#8844=VERTEX_POINT('',#8843);
#8845=CARTESIAN_POINT('',(-1.026481711508E2,5.400073495198E1,
-9.075262166358E-1));
#8846=VERTEX_POINT('',#8845);
#8847=CARTESIAN_POINT('',(-1.026481711508E2,5.100073495198E1,
-9.075262166358E-1));
#8848=VERTEX_POINT('',#8847);
#8849=CARTESIAN_POINT('',(-9.014817115076E1,5.100073495198E1,
-9.075262166358E-1));
#8850=VERTEX_POINT('',#8849);
#8851=CARTESIAN_POINT('',(-1.556481711511E2,1.910073494298E1,
-9.075262166358E-1));
#8852=VERTEX_POINT('',#8851);
#8853=CARTESIAN_POINT('',(-1.576481711511E2,2.110073494298E1,
-9.075262166358E-1));
#8854=VERTEX_POINT('',#8853);
#8855=CARTESIAN_POINT('',(-1.576481711511E2,3.360073494298E1,
-9.075262166358E-1));
#8856=VERTEX_POINT('',#8855);
#8857=CARTESIAN_POINT('',(-1.606481711511E2,3.360073494297E1,
-9.075262166358E-1));
#8858=VERTEX_POINT('',#8857);
#8859=CARTESIAN_POINT('',(-1.606481711511E2,-1.399265057022E0,
-9.075262166358E-1));
#8860=VERTEX_POINT('',#8859);
#8861=CARTESIAN_POINT('',(-1.576481711511E2,-1.399265057012E0,
-9.075262166358E-1));
#8862=VERTEX_POINT('',#8861);
#8863=CARTESIAN_POINT('',(-1.576481711511E2,1.110073494298E1,
-9.075262166358E-1));
#8864=VERTEX_POINT('',#8863);
#8865=CARTESIAN_POINT('',(-1.556481711511E2,-4.089926505702E1,
-9.075262166358E-1));
#8866=VERTEX_POINT('',#8865);
#8867=CARTESIAN_POINT('',(-1.576481711511E2,-3.889926505702E1,
-9.075262166358E-1));
#8868=VERTEX_POINT('',#8867);
#8869=CARTESIAN_POINT('',(-1.576481711511E2,-2.639926505702E1,
-9.075262166358E-1));
#8870=VERTEX_POINT('',#8869);
#8871=CARTESIAN_POINT('',(-1.606481711511E2,-2.639926505703E1,
-9.075262166358E-1));
#8872=VERTEX_POINT('',#8871);
#8873=CARTESIAN_POINT('',(-1.606481711511E2,-6.139926505702E1,
-9.075262166358E-1));
#8874=VERTEX_POINT('',#8873);
#8875=CARTESIAN_POINT('',(-1.576481711511E2,-6.139926505701E1,
-9.075262166358E-1));
#8876=VERTEX_POINT('',#8875);
#8877=CARTESIAN_POINT('',(-1.576481711511E2,-4.889926505702E1,
-9.075262166358E-1));
#8878=VERTEX_POINT('',#8877);
#8879=CARTESIAN_POINT('',(-1.280000000001E2,-7.679926506702E1,
-9.075262166358E-1));
#8880=VERTEX_POINT('',#8879);
#8881=CARTESIAN_POINT('',(-1.300000000001E2,-7.879926506702E1,
-9.075262166358E-1));
#8882=VERTEX_POINT('',#8881);
#8883=CARTESIAN_POINT('',(-1.425000000001E2,-7.879926506702E1,
-9.075262166358E-1));
#8884=VERTEX_POINT('',#8883);
#8885=CARTESIAN_POINT('',(-1.425000000001E2,-8.179926506702E1,
-9.075262166358E-1));
#8886=VERTEX_POINT('',#8885);
#8887=CARTESIAN_POINT('',(-1.075000000001E2,-8.179926506702E1,
-9.075262166358E-1));
#8888=VERTEX_POINT('',#8887);
#8889=CARTESIAN_POINT('',(-1.075000000001E2,-7.879926506702E1,
-9.075262166358E-1));
#8890=VERTEX_POINT('',#8889);
#8891=CARTESIAN_POINT('',(-1.200000000001E2,-7.879926506702E1,
-9.075262166358E-1));
#8892=VERTEX_POINT('',#8891);
#8893=CARTESIAN_POINT('',(-4.466666666676E1,-7.679926506702E1,
-9.075262166358E-1));
#8894=VERTEX_POINT('',#8893);
#8895=CARTESIAN_POINT('',(-4.666666666676E1,-7.879926506702E1,
-9.075262166358E-1));
#8896=VERTEX_POINT('',#8895);
#8897=CARTESIAN_POINT('',(-5.916666666676E1,-7.879926506702E1,
-9.075262166358E-1));
#8898=VERTEX_POINT('',#8897);
#8899=CARTESIAN_POINT('',(-5.916666666675E1,-8.179926506702E1,
-9.075262166358E-1));
#8900=VERTEX_POINT('',#8899);
#8901=CARTESIAN_POINT('',(-2.416666666676E1,-8.179926506702E1,
-9.075262166358E-1));
#8902=VERTEX_POINT('',#8901);
#8903=CARTESIAN_POINT('',(-2.416666666677E1,-7.879926506702E1,
-9.075262166358E-1));
#8904=VERTEX_POINT('',#8903);
#8905=CARTESIAN_POINT('',(-3.666666666676E1,-7.879926506702E1,
-9.075262166358E-1));
#8906=VERTEX_POINT('',#8905);
#8907=CARTESIAN_POINT('',(3.866666666657E1,-7.679926506702E1,
-9.075262166358E-1));
#8908=VERTEX_POINT('',#8907);
#8909=CARTESIAN_POINT('',(3.666666666657E1,-7.879926506702E1,
-9.075262166358E-1));
#8910=VERTEX_POINT('',#8909);
#8911=CARTESIAN_POINT('',(2.416666666657E1,-7.879926506702E1,
-9.075262166358E-1));
#8912=VERTEX_POINT('',#8911);
#8913=CARTESIAN_POINT('',(2.416666666658E1,-8.179926506702E1,
-9.075262166358E-1));
#8914=VERTEX_POINT('',#8913);
#8915=CARTESIAN_POINT('',(5.916666666657E1,-8.179926506702E1,
-9.075262166358E-1));
#8916=VERTEX_POINT('',#8915);
#8917=CARTESIAN_POINT('',(5.916666666656E1,-7.879926506702E1,
-9.075262166358E-1));
#8918=VERTEX_POINT('',#8917);
#8919=CARTESIAN_POINT('',(4.666666666657E1,-7.879926506702E1,
-9.075262166358E-1));
#8920=VERTEX_POINT('',#8919);
#8921=CARTESIAN_POINT('',(1.219999999999E2,-7.679926506702E1,
-9.075262166358E-1));
#8922=VERTEX_POINT('',#8921);
#8923=CARTESIAN_POINT('',(1.199999999999E2,-7.879926506702E1,
-9.075262166358E-1));
#8924=VERTEX_POINT('',#8923);
#8925=CARTESIAN_POINT('',(1.074999999999E2,-7.879926506702E1,
-9.075262166358E-1));
#8926=VERTEX_POINT('',#8925);
#8927=CARTESIAN_POINT('',(1.074999999999E2,-8.179926506702E1,
-9.075262166358E-1));
#8928=VERTEX_POINT('',#8927);
#8929=CARTESIAN_POINT('',(1.424999999999E2,-8.179926506702E1,
-9.075262166358E-1));
#8930=VERTEX_POINT('',#8929);
#8931=CARTESIAN_POINT('',(1.424999999999E2,-7.879926506702E1,
-9.075262166358E-1));
#8932=VERTEX_POINT('',#8931);
#8933=CARTESIAN_POINT('',(1.299999999999E2,-7.879926506702E1,
-9.075262166358E-1));
#8934=VERTEX_POINT('',#8933);
#8935=CARTESIAN_POINT('',(-2.837499914106E1,-6.618912535949E1,
-2.407526216636E0));
#8936=CARTESIAN_POINT('',(-2.837499914106E1,-7.099651890220E1,
-2.407526216636E0));
#8937=VERTEX_POINT('',#8935);
#8938=VERTEX_POINT('',#8936);
#8939=CARTESIAN_POINT('',(-1.437499914106E1,-7.099651890220E1,
-2.407526216636E0));
#8940=VERTEX_POINT('',#8939);
#8941=CARTESIAN_POINT('',(-1.437499914106E1,-6.618912535949E1,
-2.407526216636E0));
#8942=VERTEX_POINT('',#8941);
#8943=CARTESIAN_POINT('',(2.530488123171E1,-6.618912535948E1,
-2.407526216636E0));
#8944=VERTEX_POINT('',#8943);
#8945=CARTESIAN_POINT('',(2.530488123171E1,-6.943912536449E1,
-2.407526216636E0));
#8946=VERTEX_POINT('',#8945);
#8947=CARTESIAN_POINT('',(3.195488049451E1,-6.943912536449E1,
-2.407526216636E0));
#8948=VERTEX_POINT('',#8947);
#8949=CARTESIAN_POINT('',(3.195488049451E1,-6.618912535949E1,
-2.407526216636E0));
#8950=VERTEX_POINT('',#8949);
#8951=CARTESIAN_POINT('',(3.285488050051E1,-6.618912535949E1,
-2.407526216636E0));
#8952=VERTEX_POINT('',#8951);
#8953=CARTESIAN_POINT('',(3.285488050051E1,-6.373912535728E1,
-2.407526216636E0));
#8954=VERTEX_POINT('',#8953);
#8955=CARTESIAN_POINT('',(3.195488049451E1,-6.373912535728E1,
-2.407526216636E0));
#8956=VERTEX_POINT('',#8955);
#8957=CARTESIAN_POINT('',(3.195488049451E1,-5.723912536269E1,
-2.407526216636E0));
#8958=VERTEX_POINT('',#8957);
#8959=CARTESIAN_POINT('',(3.018333853331E1,-5.723912538677E1,
-2.407526216636E0));
#8960=VERTEX_POINT('',#8959);
#8961=CARTESIAN_POINT('',(3.018333853331E1,-5.573713818436E1,
-2.407526216636E0));
#8962=VERTEX_POINT('',#8961);
#8963=CARTESIAN_POINT('',(2.707738203843E1,-5.573713818436E1,
-2.407526216636E0));
#8964=VERTEX_POINT('',#8963);
#8965=CARTESIAN_POINT('',(2.707738203843E1,-5.723912538677E1,
-2.407526216636E0));
#8966=VERTEX_POINT('',#8965);
#8967=CARTESIAN_POINT('',(2.530488058651E1,-5.723912536269E1,
-2.407526216636E0));
#8968=VERTEX_POINT('',#8967);
#8969=CARTESIAN_POINT('',(2.530488058651E1,-6.098912535948E1,
-2.407526216636E0));
#8970=VERTEX_POINT('',#8969);
#8971=CARTESIAN_POINT('',(-6.814511886031E1,-6.098912535948E1,
-2.407526216636E0));
#8972=VERTEX_POINT('',#8971);
#8973=CARTESIAN_POINT('',(-6.814511886031E1,-5.723912536269E1,
-2.407526216636E0));
#8974=VERTEX_POINT('',#8973);
#8975=CARTESIAN_POINT('',(-6.991762031223E1,-5.723912538676E1,
-2.407526216636E0));
#8976=VERTEX_POINT('',#8975);
#8977=CARTESIAN_POINT('',(-6.991762031223E1,-5.573713818436E1,
-2.407526216636E0));
#8978=VERTEX_POINT('',#8977);
#8979=CARTESIAN_POINT('',(-7.302357680710E1,-5.573713818436E1,
-2.407526216636E0));
#8980=VERTEX_POINT('',#8979);
#8981=CARTESIAN_POINT('',(-7.302357680710E1,-5.723912538676E1,
-2.407526216636E0));
#8982=VERTEX_POINT('',#8981);
#8983=CARTESIAN_POINT('',(-7.479511876831E1,-5.723912536269E1,
-2.407526216636E0));
#8984=VERTEX_POINT('',#8983);
#8985=CARTESIAN_POINT('',(-7.479511876831E1,-6.373912535728E1,
-2.407526216636E0));
#8986=VERTEX_POINT('',#8985);
#8987=CARTESIAN_POINT('',(-7.569511877425E1,-6.373912535728E1,
-2.407526216636E0));
#8988=VERTEX_POINT('',#8987);
#8989=CARTESIAN_POINT('',(-7.569511877425E1,-6.618912535949E1,
-2.407526216636E0));
#8990=VERTEX_POINT('',#8989);
#8991=CARTESIAN_POINT('',(-7.479511876831E1,-6.618912535949E1,
-2.407526216636E0));
#8992=VERTEX_POINT('',#8991);
#8993=CARTESIAN_POINT('',(-7.479511876831E1,-6.943912536449E1,
-2.407526216636E0));
#8994=VERTEX_POINT('',#8993);
#8995=CARTESIAN_POINT('',(-6.814511950547E1,-6.943912536449E1,
-2.407526216636E0));
#8996=VERTEX_POINT('',#8995);
#8997=CARTESIAN_POINT('',(-6.814511950547E1,-6.618912535949E1,
-2.407526216636E0));
#8998=VERTEX_POINT('',#8997);
#8999=CARTESIAN_POINT('',(1.533518288489E2,-4.889926505702E1,
-2.407526216635E0));
#9000=VERTEX_POINT('',#8999);
#9001=CARTESIAN_POINT('',(1.299999999999E2,-7.879926506702E1,
-2.407526216636E0));
#9002=VERTEX_POINT('',#9001);
#9003=CARTESIAN_POINT('',(1.424999999999E2,-7.879926506702E1,
-2.407526216636E0));
#9004=VERTEX_POINT('',#9003);
#9005=CARTESIAN_POINT('',(1.424999999999E2,-8.179926506702E1,
-2.407526216636E0));
#9006=VERTEX_POINT('',#9005);
#9007=CARTESIAN_POINT('',(1.074999999999E2,-8.179926506702E1,
-2.407526216636E0));
#9008=VERTEX_POINT('',#9007);
#9009=CARTESIAN_POINT('',(1.074999999999E2,-7.879926506702E1,
-2.407526216636E0));
#9010=VERTEX_POINT('',#9009);
#9011=CARTESIAN_POINT('',(1.199999999999E2,-7.879926506702E1,
-2.407526216636E0));
#9012=VERTEX_POINT('',#9011);
#9013=CARTESIAN_POINT('',(4.666666666657E1,-7.879926506702E1,
-2.407526216636E0));
#9014=VERTEX_POINT('',#9013);
#9015=CARTESIAN_POINT('',(5.916666666657E1,-7.879926506702E1,
-2.407526216636E0));
#9016=VERTEX_POINT('',#9015);
#9017=CARTESIAN_POINT('',(5.916666666657E1,-8.179926506702E1,
-2.407526216636E0));
#9018=VERTEX_POINT('',#9017);
#9019=CARTESIAN_POINT('',(2.416666666657E1,-8.179926506702E1,
-2.407526216636E0));
#9020=VERTEX_POINT('',#9019);
#9021=CARTESIAN_POINT('',(2.416666666657E1,-7.879926506702E1,
-2.407526216636E0));
#9022=VERTEX_POINT('',#9021);
#9023=CARTESIAN_POINT('',(3.666666666657E1,-7.879926506702E1,
-2.407526216636E0));
#9024=VERTEX_POINT('',#9023);
#9025=CARTESIAN_POINT('',(-3.666666666676E1,-7.879926506702E1,
-2.407526216636E0));
#9026=VERTEX_POINT('',#9025);
#9027=CARTESIAN_POINT('',(-2.416666666677E1,-7.879926506702E1,
-2.407526216636E0));
#9028=VERTEX_POINT('',#9027);
#9029=CARTESIAN_POINT('',(-2.416666666676E1,-8.179926506702E1,
-2.407526216636E0));
#9030=VERTEX_POINT('',#9029);
#9031=CARTESIAN_POINT('',(-5.916666666676E1,-8.179926506702E1,
-2.407526216636E0));
#9032=VERTEX_POINT('',#9031);
#9033=CARTESIAN_POINT('',(-5.916666666676E1,-7.879926506702E1,
-2.407526216636E0));
#9034=VERTEX_POINT('',#9033);
#9035=CARTESIAN_POINT('',(-4.666666666676E1,-7.879926506702E1,
-2.407526216636E0));
#9036=VERTEX_POINT('',#9035);
#9037=CARTESIAN_POINT('',(-1.200000000001E2,-7.879926506702E1,
-2.407526216636E0));
#9038=VERTEX_POINT('',#9037);
#9039=CARTESIAN_POINT('',(-1.075000000001E2,-7.879926506702E1,
-2.407526216636E0));
#9040=VERTEX_POINT('',#9039);
#9041=CARTESIAN_POINT('',(-1.075000000001E2,-8.179926506702E1,
-2.407526216636E0));
#9042=VERTEX_POINT('',#9041);
#9043=CARTESIAN_POINT('',(-1.425000000001E2,-8.179926506702E1,
-2.407526216636E0));
#9044=VERTEX_POINT('',#9043);
#9045=CARTESIAN_POINT('',(-1.425000000001E2,-7.879926506702E1,
-2.407526216636E0));
#9046=VERTEX_POINT('',#9045);
#9047=CARTESIAN_POINT('',(-1.300000000001E2,-7.879926506702E1,
-2.407526216636E0));
#9048=VERTEX_POINT('',#9047);
#9049=CARTESIAN_POINT('',(-1.576481711511E2,-4.889926505702E1,
-2.407526216636E0));
#9050=VERTEX_POINT('',#9049);
#9051=CARTESIAN_POINT('',(-1.576481711511E2,-6.139926505702E1,
-2.407526216636E0));
#9052=VERTEX_POINT('',#9051);
#9053=CARTESIAN_POINT('',(-1.606481711511E2,-6.139926505702E1,
-2.407526216636E0));
#9054=VERTEX_POINT('',#9053);
#9055=CARTESIAN_POINT('',(-1.606481711511E2,-2.639926505703E1,
-2.407526216636E0));
#9056=VERTEX_POINT('',#9055);
#9057=CARTESIAN_POINT('',(-1.576481711511E2,-2.639926505702E1,
-2.407526216636E0));
#9058=VERTEX_POINT('',#9057);
#9059=CARTESIAN_POINT('',(-1.576481711511E2,-3.889926505702E1,
-2.407526216636E0));
#9060=VERTEX_POINT('',#9059);
#9061=CARTESIAN_POINT('',(-1.576481711511E2,1.110073494298E1,
-2.407526216636E0));
#9062=VERTEX_POINT('',#9061);
#9063=CARTESIAN_POINT('',(-1.576481711511E2,-1.399265057019E0,
-2.407526216636E0));
#9064=VERTEX_POINT('',#9063);
#9065=CARTESIAN_POINT('',(-1.606481711511E2,-1.399265057022E0,
-2.407526216636E0));
#9066=VERTEX_POINT('',#9065);
#9067=CARTESIAN_POINT('',(-1.606481711511E2,3.360073494297E1,
-2.407526216636E0));
#9068=VERTEX_POINT('',#9067);
#9069=CARTESIAN_POINT('',(-1.576481711511E2,3.360073494298E1,
-2.407526216636E0));
#9070=VERTEX_POINT('',#9069);
#9071=CARTESIAN_POINT('',(-1.576481711511E2,2.110073494298E1,
-2.407526216636E0));
#9072=VERTEX_POINT('',#9071);
#9073=CARTESIAN_POINT('',(-9.014817115076E1,5.100073495198E1,
-2.407526216636E0));
#9074=VERTEX_POINT('',#9073);
#9075=CARTESIAN_POINT('',(-1.026481711508E2,5.100073495198E1,
-2.407526216636E0));
#9076=VERTEX_POINT('',#9075);
#9077=CARTESIAN_POINT('',(-1.026481711508E2,5.400073495198E1,
-2.407526216636E0));
#9078=VERTEX_POINT('',#9077);
#9079=CARTESIAN_POINT('',(-6.764817115077E1,5.400073495198E1,
-2.407526216636E0));
#9080=VERTEX_POINT('',#9079);
#9081=CARTESIAN_POINT('',(-6.764817115076E1,5.100073495198E1,
-2.407526216636E0));
#9082=VERTEX_POINT('',#9081);
#9083=CARTESIAN_POINT('',(-8.014817115076E1,5.100073495198E1,
-2.407526216636E0));
#9084=VERTEX_POINT('',#9083);
#9085=CARTESIAN_POINT('',(-5.148171150762E0,5.100073495198E1,
-2.407526216636E0));
#9086=VERTEX_POINT('',#9085);
#9087=CARTESIAN_POINT('',(-1.764817115076E1,5.100073495198E1,
-2.407526216636E0));
#9088=VERTEX_POINT('',#9087);
#9089=CARTESIAN_POINT('',(-1.764817115076E1,5.400073495198E1,
-2.407526216636E0));
#9090=VERTEX_POINT('',#9089);
#9091=CARTESIAN_POINT('',(1.735182884923E1,5.400073495198E1,-2.407526216636E0));
#9092=VERTEX_POINT('',#9091);
#9093=CARTESIAN_POINT('',(1.735182884924E1,5.100073495198E1,-2.407526216636E0));
#9094=VERTEX_POINT('',#9093);
#9095=CARTESIAN_POINT('',(4.851828849238E0,5.100073495198E1,-2.407526216636E0));
#9096=VERTEX_POINT('',#9095);
#9097=CARTESIAN_POINT('',(7.985182884924E1,5.100073495198E1,-2.407526216636E0));
#9098=VERTEX_POINT('',#9097);
#9099=CARTESIAN_POINT('',(6.735182884924E1,5.100073495198E1,-2.407526216636E0));
#9100=VERTEX_POINT('',#9099);
#9101=CARTESIAN_POINT('',(6.735182884924E1,5.400073495198E1,-2.407526216636E0));
#9102=VERTEX_POINT('',#9101);
#9103=CARTESIAN_POINT('',(1.023518288492E2,5.400073495198E1,-2.407526216636E0));
#9104=VERTEX_POINT('',#9103);
#9105=CARTESIAN_POINT('',(1.023518288492E2,5.100073495198E1,-2.407526216636E0));
#9106=VERTEX_POINT('',#9105);
#9107=CARTESIAN_POINT('',(8.985182884924E1,5.100073495198E1,-2.407526216636E0));
#9108=VERTEX_POINT('',#9107);
#9109=CARTESIAN_POINT('',(1.573518288489E2,2.110073494298E1,-2.407526216636E0));
#9110=VERTEX_POINT('',#9109);
#9111=CARTESIAN_POINT('',(1.573518288489E2,3.360073494297E1,-2.407526216636E0));
#9112=VERTEX_POINT('',#9111);
#9113=CARTESIAN_POINT('',(1.603518288489E2,3.360073494298E1,-2.407526216636E0));
#9114=VERTEX_POINT('',#9113);
#9115=CARTESIAN_POINT('',(1.603518288489E2,-1.399265057019E0,
-2.407526216636E0));
#9116=VERTEX_POINT('',#9115);
#9117=CARTESIAN_POINT('',(1.573518288489E2,-1.399265057022E0,
-2.407526216636E0));
#9118=VERTEX_POINT('',#9117);
#9119=CARTESIAN_POINT('',(1.573518288489E2,1.110073494298E1,-2.407526216636E0));
#9120=VERTEX_POINT('',#9119);
#9121=CARTESIAN_POINT('',(1.573518288489E2,-3.889926505702E1,
-2.407526216636E0));
#9122=VERTEX_POINT('',#9121);
#9123=CARTESIAN_POINT('',(1.573518288489E2,-2.639926505703E1,
-2.407526216636E0));
#9124=VERTEX_POINT('',#9123);
#9125=CARTESIAN_POINT('',(1.603518288489E2,-2.639926505702E1,
-2.407526216636E0));
#9126=VERTEX_POINT('',#9125);
#9127=CARTESIAN_POINT('',(1.603518288489E2,-6.139926505702E1,
-2.407526216636E0));
#9128=VERTEX_POINT('',#9127);
#9129=CARTESIAN_POINT('',(1.573518288489E2,-6.139926505702E1,
-2.407526216636E0));
#9130=VERTEX_POINT('',#9129);
#9131=CARTESIAN_POINT('',(1.573518288489E2,-4.889926505702E1,
-2.407526216636E0));
#9132=VERTEX_POINT('',#9131);
#9133=CARTESIAN_POINT('',(9.05E1,-5.85E1,-2.407526216636E0));
#9134=CARTESIAN_POINT('',(9.05E1,-5.85E1,-9.075262166358E-1));
#9135=VERTEX_POINT('',#9133);
#9136=VERTEX_POINT('',#9134);
#9137=CARTESIAN_POINT('',(8.75E1,-5.85E1,-2.407526216636E0));
#9138=CARTESIAN_POINT('',(8.75E1,-5.85E1,-9.075262166358E-1));
#9139=VERTEX_POINT('',#9137);
#9140=VERTEX_POINT('',#9138);
#9141=CARTESIAN_POINT('',(8.9E1,-6.E1,-9.075262166358E-1));
#9142=VERTEX_POINT('',#9141);
#9143=CARTESIAN_POINT('',(8.9E1,-5.7E1,-9.075262166358E-1));
#9144=VERTEX_POINT('',#9143);
#9145=CARTESIAN_POINT('',(1.305E2,3.E1,-2.407526216636E0));
#9146=CARTESIAN_POINT('',(1.305E2,3.E1,-9.075262166358E-1));
#9147=VERTEX_POINT('',#9145);
#9148=VERTEX_POINT('',#9146);
#9149=CARTESIAN_POINT('',(1.275E2,3.E1,-2.407526216636E0));
#9150=CARTESIAN_POINT('',(1.275E2,3.E1,-9.075262166358E-1));
#9151=VERTEX_POINT('',#9149);
#9152=VERTEX_POINT('',#9150);
#9153=CARTESIAN_POINT('',(1.29E2,2.85E1,-9.075262166358E-1));
#9154=VERTEX_POINT('',#9153);
#9155=CARTESIAN_POINT('',(1.29E2,3.15E1,-9.075262166358E-1));
#9156=VERTEX_POINT('',#9155);
#9157=CARTESIAN_POINT('',(-1.165E2,2.4E1,-2.407526216636E0));
#9158=CARTESIAN_POINT('',(-1.165E2,2.4E1,-9.075262166358E-1));
#9159=VERTEX_POINT('',#9157);
#9160=VERTEX_POINT('',#9158);
#9161=CARTESIAN_POINT('',(-1.195E2,2.4E1,-2.407526216636E0));
#9162=CARTESIAN_POINT('',(-1.195E2,2.4E1,-9.075262166358E-1));
#9163=VERTEX_POINT('',#9161);
#9164=VERTEX_POINT('',#9162);
#9165=CARTESIAN_POINT('',(-1.18E2,2.25E1,-9.075262166358E-1));
#9166=VERTEX_POINT('',#9165);
#9167=CARTESIAN_POINT('',(-1.18E2,2.55E1,-9.075262166358E-1));
#9168=VERTEX_POINT('',#9167);
#9169=CARTESIAN_POINT('',(-1.03E2,-5.85E1,-2.407526216636E0));
#9170=CARTESIAN_POINT('',(-1.03E2,-5.85E1,-9.075262166358E-1));
#9171=VERTEX_POINT('',#9169);
#9172=VERTEX_POINT('',#9170);
#9173=CARTESIAN_POINT('',(-1.06E2,-5.85E1,-2.407526216636E0));
#9174=CARTESIAN_POINT('',(-1.06E2,-5.85E1,-9.075262166358E-1));
#9175=VERTEX_POINT('',#9173);
#9176=VERTEX_POINT('',#9174);
#9177=CARTESIAN_POINT('',(-1.045E2,-6.E1,-9.075262166358E-1));
#9178=VERTEX_POINT('',#9177);
#9179=CARTESIAN_POINT('',(-1.045E2,-5.7E1,-9.075262166358E-1));
#9180=VERTEX_POINT('',#9179);
#9181=CARTESIAN_POINT('',(-8.E0,-1.6E1,-2.407526216636E0));
#9182=CARTESIAN_POINT('',(-8.E0,-1.6E1,-9.075262166358E-1));
#9183=VERTEX_POINT('',#9181);
#9184=VERTEX_POINT('',#9182);
#9185=CARTESIAN_POINT('',(-1.1E1,-1.6E1,-2.407526216636E0));
#9186=CARTESIAN_POINT('',(-1.1E1,-1.6E1,-9.075262166358E-1));
#9187=VERTEX_POINT('',#9185);
#9188=VERTEX_POINT('',#9186);
#9189=CARTESIAN_POINT('',(-9.5E0,-1.75E1,-9.075262166358E-1));
#9190=VERTEX_POINT('',#9189);
#9191=CARTESIAN_POINT('',(-9.5E0,-1.45E1,-9.075262166358E-1));
#9192=VERTEX_POINT('',#9191);
#9193=CARTESIAN_POINT('',(1.533518288489E2,1.915835492998E1,
-9.075262166343E-1));
#9194=DIRECTION('',(1.E0,0.E0,0.E0));
#9195=DIRECTION('',(0.E0,0.E0,1.E0));
#9196=AXIS2_PLACEMENT_3D('',#9193,#9194,#9195);
#9197=PLANE('',#9196);
#9199=ORIENTED_EDGE('',*,*,#9198,.T.);
#9201=ORIENTED_EDGE('',*,*,#9200,.F.);
#9203=ORIENTED_EDGE('',*,*,#9202,.T.);
#9205=ORIENTED_EDGE('',*,*,#9204,.T.);
#9206=EDGE_LOOP('',(#9199,#9201,#9203,#9205));
#9207=FACE_OUTER_BOUND('',#9206,.F.);
#9208=ADVANCED_FACE('',(#9207),#9197,.T.);
#9209=CARTESIAN_POINT('',(1.553518288489E2,-3.889926505702E1,
-1.657526216634E0));
#9210=DIRECTION('',(0.E0,0.E0,1.E0));
#9211=DIRECTION('',(1.E0,0.E0,0.E0));
#9212=AXIS2_PLACEMENT_3D('',#9209,#9210,#9211);
#9213=CYLINDRICAL_SURFACE('',#9212,2.E0);
#9214=ORIENTED_EDGE('',*,*,#9198,.F.);
#9216=ORIENTED_EDGE('',*,*,#9215,.T.);
#9218=ORIENTED_EDGE('',*,*,#9217,.F.);
#9220=ORIENTED_EDGE('',*,*,#9219,.T.);
#9221=EDGE_LOOP('',(#9214,#9216,#9218,#9220));
#9222=FACE_OUTER_BOUND('',#9221,.F.);
#9223=ADVANCED_FACE('',(#9222),#9213,.F.);
#9224=CARTESIAN_POINT('',(-9.525735640083E0,2.151731413306E1,
-2.407526216636E0));
#9225=DIRECTION('',(0.E0,0.E0,1.E0));
#9226=DIRECTION('',(1.E0,0.E0,0.E0));
#9227=AXIS2_PLACEMENT_3D('',#9224,#9225,#9226);
#9228=PLANE('',#9227);
#9230=ORIENTED_EDGE('',*,*,#9229,.F.);
#9232=ORIENTED_EDGE('',*,*,#9231,.F.);
#9234=ORIENTED_EDGE('',*,*,#9233,.T.);
#9236=ORIENTED_EDGE('',*,*,#9235,.F.);
#9238=ORIENTED_EDGE('',*,*,#9237,.T.);
#9240=ORIENTED_EDGE('',*,*,#9239,.F.);
#9242=ORIENTED_EDGE('',*,*,#9241,.T.);
#9243=ORIENTED_EDGE('',*,*,#9215,.F.);
#9244=ORIENTED_EDGE('',*,*,#9204,.F.);
#9246=ORIENTED_EDGE('',*,*,#9245,.F.);
#9248=ORIENTED_EDGE('',*,*,#9247,.T.);
#9250=ORIENTED_EDGE('',*,*,#9249,.F.);
#9252=ORIENTED_EDGE('',*,*,#9251,.T.);
#9254=ORIENTED_EDGE('',*,*,#9253,.F.);
#9256=ORIENTED_EDGE('',*,*,#9255,.T.);
#9258=ORIENTED_EDGE('',*,*,#9257,.F.);
#9260=ORIENTED_EDGE('',*,*,#9259,.F.);
#9262=ORIENTED_EDGE('',*,*,#9261,.F.);
#9264=ORIENTED_EDGE('',*,*,#9263,.F.);
#9266=ORIENTED_EDGE('',*,*,#9265,.F.);
#9268=ORIENTED_EDGE('',*,*,#9267,.T.);
#9270=ORIENTED_EDGE('',*,*,#9269,.F.);
#9272=ORIENTED_EDGE('',*,*,#9271,.T.);
#9274=ORIENTED_EDGE('',*,*,#9273,.F.);
#9276=ORIENTED_EDGE('',*,*,#9275,.T.);
#9278=ORIENTED_EDGE('',*,*,#9277,.F.);
#9280=ORIENTED_EDGE('',*,*,#9279,.F.);
#9282=ORIENTED_EDGE('',*,*,#9281,.F.);
#9284=ORIENTED_EDGE('',*,*,#9283,.T.);
#9286=ORIENTED_EDGE('',*,*,#9285,.F.);
#9288=ORIENTED_EDGE('',*,*,#9287,.T.);
#9290=ORIENTED_EDGE('',*,*,#9289,.F.);
#9292=ORIENTED_EDGE('',*,*,#9291,.T.);
#9294=ORIENTED_EDGE('',*,*,#9293,.F.);
#9296=ORIENTED_EDGE('',*,*,#9295,.F.);
#9298=ORIENTED_EDGE('',*,*,#9297,.F.);
#9300=ORIENTED_EDGE('',*,*,#9299,.T.);
#9302=ORIENTED_EDGE('',*,*,#9301,.F.);
#9304=ORIENTED_EDGE('',*,*,#9303,.T.);
#9306=ORIENTED_EDGE('',*,*,#9305,.F.);
#9308=ORIENTED_EDGE('',*,*,#9307,.T.);
#9310=ORIENTED_EDGE('',*,*,#9309,.F.);
#9312=ORIENTED_EDGE('',*,*,#9311,.F.);
#9314=ORIENTED_EDGE('',*,*,#9313,.F.);
#9316=ORIENTED_EDGE('',*,*,#9315,.F.);
#9318=ORIENTED_EDGE('',*,*,#9317,.F.);
#9320=ORIENTED_EDGE('',*,*,#9319,.T.);
#9322=ORIENTED_EDGE('',*,*,#9321,.F.);
#9324=ORIENTED_EDGE('',*,*,#9323,.T.);
#9326=ORIENTED_EDGE('',*,*,#9325,.F.);
#9328=ORIENTED_EDGE('',*,*,#9327,.T.);
#9330=ORIENTED_EDGE('',*,*,#9329,.F.);
#9332=ORIENTED_EDGE('',*,*,#9331,.F.);
#9334=ORIENTED_EDGE('',*,*,#9333,.F.);
#9336=ORIENTED_EDGE('',*,*,#9335,.T.);
#9338=ORIENTED_EDGE('',*,*,#9337,.F.);
#9340=ORIENTED_EDGE('',*,*,#9339,.T.);
#9342=ORIENTED_EDGE('',*,*,#9341,.F.);
#9344=ORIENTED_EDGE('',*,*,#9343,.T.);
#9346=ORIENTED_EDGE('',*,*,#9345,.F.);
#9348=ORIENTED_EDGE('',*,*,#9347,.F.);
#9350=ORIENTED_EDGE('',*,*,#9349,.F.);
#9352=ORIENTED_EDGE('',*,*,#9351,.F.);
#9354=ORIENTED_EDGE('',*,*,#9353,.F.);
#9356=ORIENTED_EDGE('',*,*,#9355,.T.);
#9358=ORIENTED_EDGE('',*,*,#9357,.F.);
#9360=ORIENTED_EDGE('',*,*,#9359,.T.);
#9362=ORIENTED_EDGE('',*,*,#9361,.F.);
#9364=ORIENTED_EDGE('',*,*,#9363,.T.);
#9366=ORIENTED_EDGE('',*,*,#9365,.F.);
#9368=ORIENTED_EDGE('',*,*,#9367,.F.);
#9370=ORIENTED_EDGE('',*,*,#9369,.F.);
#9372=ORIENTED_EDGE('',*,*,#9371,.T.);
#9374=ORIENTED_EDGE('',*,*,#9373,.F.);
#9376=ORIENTED_EDGE('',*,*,#9375,.T.);
#9378=ORIENTED_EDGE('',*,*,#9377,.F.);
#9380=ORIENTED_EDGE('',*,*,#9379,.T.);
#9382=ORIENTED_EDGE('',*,*,#9381,.F.);
#9384=ORIENTED_EDGE('',*,*,#9383,.F.);
#9386=ORIENTED_EDGE('',*,*,#9385,.F.);
#9388=ORIENTED_EDGE('',*,*,#9387,.T.);
#9390=ORIENTED_EDGE('',*,*,#9389,.F.);
#9392=ORIENTED_EDGE('',*,*,#9391,.T.);
#9394=ORIENTED_EDGE('',*,*,#9393,.F.);
#9396=ORIENTED_EDGE('',*,*,#9395,.T.);
#9398=ORIENTED_EDGE('',*,*,#9397,.F.);
#9400=ORIENTED_EDGE('',*,*,#9399,.F.);
#9402=ORIENTED_EDGE('',*,*,#9401,.F.);
#9404=ORIENTED_EDGE('',*,*,#9403,.T.);
#9406=ORIENTED_EDGE('',*,*,#9405,.F.);
#9408=ORIENTED_EDGE('',*,*,#9407,.T.);
#9410=ORIENTED_EDGE('',*,*,#9409,.F.);
#9412=ORIENTED_EDGE('',*,*,#9411,.T.);
#9414=ORIENTED_EDGE('',*,*,#9413,.F.);
#9416=ORIENTED_EDGE('',*,*,#9415,.F.);
#9418=ORIENTED_EDGE('',*,*,#9417,.F.);
#9419=EDGE_LOOP('',(#9230,#9232,#9234,#9236,#9238,#9240,#9242,#9243,#9244,#9246,
#9248,#9250,#9252,#9254,#9256,#9258,#9260,#9262,#9264,#9266,#9268,#9270,#9272,
#9274,#9276,#9278,#9280,#9282,#9284,#9286,#9288,#9290,#9292,#9294,#9296,#9298,
#9300,#9302,#9304,#9306,#9308,#9310,#9312,#9314,#9316,#9318,#9320,#9322,#9324,
#9326,#9328,#9330,#9332,#9334,#9336,#9338,#9340,#9342,#9344,#9346,#9348,#9350,
#9352,#9354,#9356,#9358,#9360,#9362,#9364,#9366,#9368,#9370,#9372,#9374,#9376,
#9378,#9380,#9382,#9384,#9386,#9388,#9390,#9392,#9394,#9396,#9398,#9400,#9402,
#9404,#9406,#9408,#9410,#9412,#9414,#9416,#9418));
#9420=FACE_OUTER_BOUND('',#9419,.F.);
#9422=ORIENTED_EDGE('',*,*,#9421,.F.);
#9424=ORIENTED_EDGE('',*,*,#9423,.F.);
#9425=EDGE_LOOP('',(#9422,#9424));
#9426=FACE_BOUND('',#9425,.F.);
#9428=ORIENTED_EDGE('',*,*,#9427,.F.);
#9430=ORIENTED_EDGE('',*,*,#9429,.F.);
#9431=EDGE_LOOP('',(#9428,#9430));
#9432=FACE_BOUND('',#9431,.F.);
#9434=ORIENTED_EDGE('',*,*,#9433,.F.);
#9436=ORIENTED_EDGE('',*,*,#9435,.F.);
#9437=EDGE_LOOP('',(#9434,#9436));
#9438=FACE_BOUND('',#9437,.F.);
#9440=ORIENTED_EDGE('',*,*,#9439,.F.);
#9442=ORIENTED_EDGE('',*,*,#9441,.F.);
#9443=EDGE_LOOP('',(#9440,#9442));
#9444=FACE_BOUND('',#9443,.F.);
#9446=ORIENTED_EDGE('',*,*,#9445,.F.);
#9448=ORIENTED_EDGE('',*,*,#9447,.F.);
#9450=ORIENTED_EDGE('',*,*,#9449,.F.);
#9452=ORIENTED_EDGE('',*,*,#9451,.T.);
#9454=ORIENTED_EDGE('',*,*,#9453,.F.);
#9456=ORIENTED_EDGE('',*,*,#9455,.F.);
#9458=ORIENTED_EDGE('',*,*,#9457,.T.);
#9460=ORIENTED_EDGE('',*,*,#9459,.F.);
#9462=ORIENTED_EDGE('',*,*,#9461,.F.);
#9464=ORIENTED_EDGE('',*,*,#9463,.F.);
#9466=ORIENTED_EDGE('',*,*,#9465,.F.);
#9468=ORIENTED_EDGE('',*,*,#9467,.T.);
#9470=ORIENTED_EDGE('',*,*,#9469,.F.);
#9472=ORIENTED_EDGE('',*,*,#9471,.F.);
#9474=ORIENTED_EDGE('',*,*,#9473,.F.);
#9476=ORIENTED_EDGE('',*,*,#9475,.F.);
#9478=ORIENTED_EDGE('',*,*,#9477,.F.);
#9480=ORIENTED_EDGE('',*,*,#9479,.F.);
#9482=ORIENTED_EDGE('',*,*,#9481,.F.);
#9484=ORIENTED_EDGE('',*,*,#9483,.F.);
#9486=ORIENTED_EDGE('',*,*,#9485,.F.);
#9488=ORIENTED_EDGE('',*,*,#9487,.F.);
#9490=ORIENTED_EDGE('',*,*,#9489,.F.);
#9492=ORIENTED_EDGE('',*,*,#9491,.T.);
#9494=ORIENTED_EDGE('',*,*,#9493,.F.);
#9496=ORIENTED_EDGE('',*,*,#9495,.F.);
#9498=ORIENTED_EDGE('',*,*,#9497,.T.);
#9500=ORIENTED_EDGE('',*,*,#9499,.F.);
#9502=ORIENTED_EDGE('',*,*,#9501,.T.);
#9504=ORIENTED_EDGE('',*,*,#9503,.F.);
#9506=ORIENTED_EDGE('',*,*,#9505,.F.);
#9508=ORIENTED_EDGE('',*,*,#9507,.T.);
#9510=ORIENTED_EDGE('',*,*,#9509,.F.);
#9512=ORIENTED_EDGE('',*,*,#9511,.F.);
#9514=ORIENTED_EDGE('',*,*,#9513,.F.);
#9516=ORIENTED_EDGE('',*,*,#9515,.T.);
#9517=EDGE_LOOP('',(#9446,#9448,#9450,#9452,#9454,#9456,#9458,#9460,#9462,#9464,
#9466,#9468,#9470,#9472,#9474,#9476,#9478,#9480,#9482,#9484,#9486,#9488,#9490,
#9492,#9494,#9496,#9498,#9500,#9502,#9504,#9506,#9508,#9510,#9512,#9514,#9516));
#9518=FACE_BOUND('',#9517,.F.);
#9520=ORIENTED_EDGE('',*,*,#9519,.F.);
#9522=ORIENTED_EDGE('',*,*,#9521,.F.);
#9524=ORIENTED_EDGE('',*,*,#9523,.F.);
#9526=ORIENTED_EDGE('',*,*,#9525,.F.);
#9527=EDGE_LOOP('',(#9520,#9522,#9524,#9526));
#9528=FACE_BOUND('',#9527,.F.);
#9530=ORIENTED_EDGE('',*,*,#9529,.F.);
#9532=ORIENTED_EDGE('',*,*,#9531,.F.);
#9534=ORIENTED_EDGE('',*,*,#9533,.F.);
#9536=ORIENTED_EDGE('',*,*,#9535,.F.);
#9537=EDGE_LOOP('',(#9530,#9532,#9534,#9536));
#9538=FACE_BOUND('',#9537,.F.);
#9540=ORIENTED_EDGE('',*,*,#9539,.F.);
#9542=ORIENTED_EDGE('',*,*,#9541,.F.);
#9544=ORIENTED_EDGE('',*,*,#9543,.F.);
#9546=ORIENTED_EDGE('',*,*,#9545,.F.);
#9547=EDGE_LOOP('',(#9540,#9542,#9544,#9546));
#9548=FACE_BOUND('',#9547,.F.);
#9550=ORIENTED_EDGE('',*,*,#9549,.F.);
#9552=ORIENTED_EDGE('',*,*,#9551,.F.);
#9554=ORIENTED_EDGE('',*,*,#9553,.F.);
#9556=ORIENTED_EDGE('',*,*,#9555,.F.);
#9557=EDGE_LOOP('',(#9550,#9552,#9554,#9556));
#9558=FACE_BOUND('',#9557,.F.);
#9560=ORIENTED_EDGE('',*,*,#9559,.F.);
#9562=ORIENTED_EDGE('',*,*,#9561,.F.);
#9564=ORIENTED_EDGE('',*,*,#9563,.F.);
#9566=ORIENTED_EDGE('',*,*,#9565,.F.);
#9567=EDGE_LOOP('',(#9560,#9562,#9564,#9566));
#9568=FACE_BOUND('',#9567,.F.);
#9570=ORIENTED_EDGE('',*,*,#9569,.F.);
#9572=ORIENTED_EDGE('',*,*,#9571,.F.);
#9574=ORIENTED_EDGE('',*,*,#9573,.F.);
#9576=ORIENTED_EDGE('',*,*,#9575,.F.);
#9577=EDGE_LOOP('',(#9570,#9572,#9574,#9576));
#9578=FACE_BOUND('',#9577,.F.);
#9580=ORIENTED_EDGE('',*,*,#9579,.F.);
#9582=ORIENTED_EDGE('',*,*,#9581,.F.);
#9584=ORIENTED_EDGE('',*,*,#9583,.F.);
#9586=ORIENTED_EDGE('',*,*,#9585,.F.);
#9587=EDGE_LOOP('',(#9580,#9582,#9584,#9586));
#9588=FACE_BOUND('',#9587,.F.);
#9590=ORIENTED_EDGE('',*,*,#9589,.F.);
#9592=ORIENTED_EDGE('',*,*,#9591,.F.);
#9594=ORIENTED_EDGE('',*,*,#9593,.F.);
#9596=ORIENTED_EDGE('',*,*,#9595,.F.);
#9597=EDGE_LOOP('',(#9590,#9592,#9594,#9596));
#9598=FACE_BOUND('',#9597,.F.);
#9600=ORIENTED_EDGE('',*,*,#9599,.F.);
#9602=ORIENTED_EDGE('',*,*,#9601,.F.);
#9604=ORIENTED_EDGE('',*,*,#9603,.F.);
#9606=ORIENTED_EDGE('',*,*,#9605,.F.);
#9607=EDGE_LOOP('',(#9600,#9602,#9604,#9606));
#9608=FACE_BOUND('',#9607,.F.);
#9610=ORIENTED_EDGE('',*,*,#9609,.F.);
#9612=ORIENTED_EDGE('',*,*,#9611,.F.);
#9614=ORIENTED_EDGE('',*,*,#9613,.F.);
#9616=ORIENTED_EDGE('',*,*,#9615,.F.);
#9617=EDGE_LOOP('',(#9610,#9612,#9614,#9616));
#9618=FACE_BOUND('',#9617,.F.);
#9620=ORIENTED_EDGE('',*,*,#9619,.F.);
#9622=ORIENTED_EDGE('',*,*,#9621,.F.);
#9624=ORIENTED_EDGE('',*,*,#9623,.F.);
#9626=ORIENTED_EDGE('',*,*,#9625,.F.);
#9627=EDGE_LOOP('',(#9620,#9622,#9624,#9626));
#9628=FACE_BOUND('',#9627,.F.);
#9630=ORIENTED_EDGE('',*,*,#9629,.F.);
#9632=ORIENTED_EDGE('',*,*,#9631,.F.);
#9634=ORIENTED_EDGE('',*,*,#9633,.F.);
#9636=ORIENTED_EDGE('',*,*,#9635,.F.);
#9637=EDGE_LOOP('',(#9630,#9632,#9634,#9636));
#9638=FACE_BOUND('',#9637,.F.);
#9640=ORIENTED_EDGE('',*,*,#9639,.F.);
#9642=ORIENTED_EDGE('',*,*,#9641,.F.);
#9644=ORIENTED_EDGE('',*,*,#9643,.F.);
#9646=ORIENTED_EDGE('',*,*,#9645,.F.);
#9647=EDGE_LOOP('',(#9640,#9642,#9644,#9646));
#9648=FACE_BOUND('',#9647,.F.);
#9650=ORIENTED_EDGE('',*,*,#9649,.F.);
#9652=ORIENTED_EDGE('',*,*,#9651,.F.);
#9654=ORIENTED_EDGE('',*,*,#9653,.F.);
#9656=ORIENTED_EDGE('',*,*,#9655,.F.);
#9657=EDGE_LOOP('',(#9650,#9652,#9654,#9656));
#9658=FACE_BOUND('',#9657,.F.);
#9660=ORIENTED_EDGE('',*,*,#9659,.F.);
#9662=ORIENTED_EDGE('',*,*,#9661,.F.);
#9664=ORIENTED_EDGE('',*,*,#9663,.F.);
#9666=ORIENTED_EDGE('',*,*,#9665,.F.);
#9667=EDGE_LOOP('',(#9660,#9662,#9664,#9666));
#9668=FACE_BOUND('',#9667,.F.);
#9670=ORIENTED_EDGE('',*,*,#9669,.F.);
#9672=ORIENTED_EDGE('',*,*,#9671,.F.);
#9674=ORIENTED_EDGE('',*,*,#9673,.F.);
#9676=ORIENTED_EDGE('',*,*,#9675,.F.);
#9677=EDGE_LOOP('',(#9670,#9672,#9674,#9676));
#9678=FACE_BOUND('',#9677,.F.);
#9680=ORIENTED_EDGE('',*,*,#9679,.F.);
#9682=ORIENTED_EDGE('',*,*,#9681,.F.);
#9684=ORIENTED_EDGE('',*,*,#9683,.F.);
#9686=ORIENTED_EDGE('',*,*,#9685,.F.);
#9687=EDGE_LOOP('',(#9680,#9682,#9684,#9686));
#9688=FACE_BOUND('',#9687,.F.);
#9690=ORIENTED_EDGE('',*,*,#9689,.F.);
#9692=ORIENTED_EDGE('',*,*,#9691,.F.);
#9694=ORIENTED_EDGE('',*,*,#9693,.F.);
#9696=ORIENTED_EDGE('',*,*,#9695,.F.);
#9697=EDGE_LOOP('',(#9690,#9692,#9694,#9696));
#9698=FACE_BOUND('',#9697,.F.);
#9700=ORIENTED_EDGE('',*,*,#9699,.F.);
#9702=ORIENTED_EDGE('',*,*,#9701,.F.);
#9704=ORIENTED_EDGE('',*,*,#9703,.F.);
#9706=ORIENTED_EDGE('',*,*,#9705,.F.);
#9707=EDGE_LOOP('',(#9700,#9702,#9704,#9706));
#9708=FACE_BOUND('',#9707,.F.);
#9710=ORIENTED_EDGE('',*,*,#9709,.F.);
#9712=ORIENTED_EDGE('',*,*,#9711,.F.);
#9714=ORIENTED_EDGE('',*,*,#9713,.F.);
#9716=ORIENTED_EDGE('',*,*,#9715,.F.);
#9717=EDGE_LOOP('',(#9710,#9712,#9714,#9716));
#9718=FACE_BOUND('',#9717,.F.);
#9720=ORIENTED_EDGE('',*,*,#9719,.F.);
#9722=ORIENTED_EDGE('',*,*,#9721,.F.);
#9724=ORIENTED_EDGE('',*,*,#9723,.F.);
#9726=ORIENTED_EDGE('',*,*,#9725,.F.);
#9727=EDGE_LOOP('',(#9720,#9722,#9724,#9726));
#9728=FACE_BOUND('',#9727,.F.);
#9730=ORIENTED_EDGE('',*,*,#9729,.F.);
#9732=ORIENTED_EDGE('',*,*,#9731,.F.);
#9734=ORIENTED_EDGE('',*,*,#9733,.F.);
#9736=ORIENTED_EDGE('',*,*,#9735,.F.);
#9737=EDGE_LOOP('',(#9730,#9732,#9734,#9736));
#9738=FACE_BOUND('',#9737,.F.);
#9740=ORIENTED_EDGE('',*,*,#9739,.F.);
#9742=ORIENTED_EDGE('',*,*,#9741,.F.);
#9744=ORIENTED_EDGE('',*,*,#9743,.F.);
#9746=ORIENTED_EDGE('',*,*,#9745,.F.);
#9747=EDGE_LOOP('',(#9740,#9742,#9744,#9746));
#9748=FACE_BOUND('',#9747,.F.);
#9750=ORIENTED_EDGE('',*,*,#9749,.F.);
#9752=ORIENTED_EDGE('',*,*,#9751,.F.);
#9754=ORIENTED_EDGE('',*,*,#9753,.F.);
#9756=ORIENTED_EDGE('',*,*,#9755,.F.);
#9757=EDGE_LOOP('',(#9750,#9752,#9754,#9756));
#9758=FACE_BOUND('',#9757,.F.);
#9760=ORIENTED_EDGE('',*,*,#9759,.F.);
#9762=ORIENTED_EDGE('',*,*,#9761,.F.);
#9764=ORIENTED_EDGE('',*,*,#9763,.F.);
#9766=ORIENTED_EDGE('',*,*,#9765,.F.);
#9767=EDGE_LOOP('',(#9760,#9762,#9764,#9766));
#9768=FACE_BOUND('',#9767,.F.);
#9770=ORIENTED_EDGE('',*,*,#9769,.F.);
#9772=ORIENTED_EDGE('',*,*,#9771,.F.);
#9774=ORIENTED_EDGE('',*,*,#9773,.F.);
#9776=ORIENTED_EDGE('',*,*,#9775,.F.);
#9777=EDGE_LOOP('',(#9770,#9772,#9774,#9776));
#9778=FACE_BOUND('',#9777,.F.);
#9780=ORIENTED_EDGE('',*,*,#9779,.F.);
#9782=ORIENTED_EDGE('',*,*,#9781,.F.);
#9784=ORIENTED_EDGE('',*,*,#9783,.F.);
#9786=ORIENTED_EDGE('',*,*,#9785,.F.);
#9787=EDGE_LOOP('',(#9780,#9782,#9784,#9786));
#9788=FACE_BOUND('',#9787,.F.);
#9790=ORIENTED_EDGE('',*,*,#9789,.F.);
#9792=ORIENTED_EDGE('',*,*,#9791,.F.);
#9794=ORIENTED_EDGE('',*,*,#9793,.F.);
#9796=ORIENTED_EDGE('',*,*,#9795,.F.);
#9797=EDGE_LOOP('',(#9790,#9792,#9794,#9796));
#9798=FACE_BOUND('',#9797,.F.);
#9800=ORIENTED_EDGE('',*,*,#9799,.F.);
#9802=ORIENTED_EDGE('',*,*,#9801,.F.);
#9804=ORIENTED_EDGE('',*,*,#9803,.F.);
#9806=ORIENTED_EDGE('',*,*,#9805,.F.);
#9807=EDGE_LOOP('',(#9800,#9802,#9804,#9806));
#9808=FACE_BOUND('',#9807,.F.);
#9810=ORIENTED_EDGE('',*,*,#9809,.F.);
#9812=ORIENTED_EDGE('',*,*,#9811,.F.);
#9814=ORIENTED_EDGE('',*,*,#9813,.F.);
#9816=ORIENTED_EDGE('',*,*,#9815,.F.);
#9817=EDGE_LOOP('',(#9810,#9812,#9814,#9816));
#9818=FACE_BOUND('',#9817,.F.);
#9820=ORIENTED_EDGE('',*,*,#9819,.F.);
#9822=ORIENTED_EDGE('',*,*,#9821,.F.);
#9824=ORIENTED_EDGE('',*,*,#9823,.F.);
#9826=ORIENTED_EDGE('',*,*,#9825,.F.);
#9827=EDGE_LOOP('',(#9820,#9822,#9824,#9826));
#9828=FACE_BOUND('',#9827,.F.);
#9830=ORIENTED_EDGE('',*,*,#9829,.F.);
#9832=ORIENTED_EDGE('',*,*,#9831,.F.);
#9834=ORIENTED_EDGE('',*,*,#9833,.F.);
#9836=ORIENTED_EDGE('',*,*,#9835,.F.);
#9837=EDGE_LOOP('',(#9830,#9832,#9834,#9836));
#9838=FACE_BOUND('',#9837,.F.);
#9840=ORIENTED_EDGE('',*,*,#9839,.F.);
#9842=ORIENTED_EDGE('',*,*,#9841,.F.);
#9844=ORIENTED_EDGE('',*,*,#9843,.F.);
#9846=ORIENTED_EDGE('',*,*,#9845,.F.);
#9847=EDGE_LOOP('',(#9840,#9842,#9844,#9846));
#9848=FACE_BOUND('',#9847,.F.);
#9850=ORIENTED_EDGE('',*,*,#9849,.F.);
#9852=ORIENTED_EDGE('',*,*,#9851,.F.);
#9854=ORIENTED_EDGE('',*,*,#9853,.F.);
#9856=ORIENTED_EDGE('',*,*,#9855,.F.);
#9857=EDGE_LOOP('',(#9850,#9852,#9854,#9856));
#9858=FACE_BOUND('',#9857,.F.);
#9860=ORIENTED_EDGE('',*,*,#9859,.F.);
#9862=ORIENTED_EDGE('',*,*,#9861,.F.);
#9864=ORIENTED_EDGE('',*,*,#9863,.F.);
#9866=ORIENTED_EDGE('',*,*,#9865,.F.);
#9867=EDGE_LOOP('',(#9860,#9862,#9864,#9866));
#9868=FACE_BOUND('',#9867,.F.);
#9870=ORIENTED_EDGE('',*,*,#9869,.F.);
#9872=ORIENTED_EDGE('',*,*,#9871,.F.);
#9874=ORIENTED_EDGE('',*,*,#9873,.F.);
#9876=ORIENTED_EDGE('',*,*,#9875,.F.);
#9877=EDGE_LOOP('',(#9870,#9872,#9874,#9876));
#9878=FACE_BOUND('',#9877,.F.);
#9880=ORIENTED_EDGE('',*,*,#9879,.F.);
#9882=ORIENTED_EDGE('',*,*,#9881,.F.);
#9884=ORIENTED_EDGE('',*,*,#9883,.F.);
#9886=ORIENTED_EDGE('',*,*,#9885,.F.);
#9887=EDGE_LOOP('',(#9880,#9882,#9884,#9886));
#9888=FACE_BOUND('',#9887,.F.);
#9890=ORIENTED_EDGE('',*,*,#9889,.F.);
#9892=ORIENTED_EDGE('',*,*,#9891,.F.);
#9894=ORIENTED_EDGE('',*,*,#9893,.F.);
#9896=ORIENTED_EDGE('',*,*,#9895,.F.);
#9897=EDGE_LOOP('',(#9890,#9892,#9894,#9896));
#9898=FACE_BOUND('',#9897,.F.);
#9900=ORIENTED_EDGE('',*,*,#9899,.F.);
#9902=ORIENTED_EDGE('',*,*,#9901,.F.);
#9904=ORIENTED_EDGE('',*,*,#9903,.F.);
#9906=ORIENTED_EDGE('',*,*,#9905,.F.);
#9907=EDGE_LOOP('',(#9900,#9902,#9904,#9906));
#9908=FACE_BOUND('',#9907,.F.);
#9910=ORIENTED_EDGE('',*,*,#9909,.F.);
#9912=ORIENTED_EDGE('',*,*,#9911,.F.);
#9914=ORIENTED_EDGE('',*,*,#9913,.F.);
#9916=ORIENTED_EDGE('',*,*,#9915,.F.);
#9917=EDGE_LOOP('',(#9910,#9912,#9914,#9916));
#9918=FACE_BOUND('',#9917,.F.);
#9920=ORIENTED_EDGE('',*,*,#9919,.F.);
#9922=ORIENTED_EDGE('',*,*,#9921,.F.);
#9924=ORIENTED_EDGE('',*,*,#9923,.F.);
#9926=ORIENTED_EDGE('',*,*,#9925,.F.);
#9927=EDGE_LOOP('',(#9920,#9922,#9924,#9926));
#9928=FACE_BOUND('',#9927,.F.);
#9930=ORIENTED_EDGE('',*,*,#9929,.F.);
#9932=ORIENTED_EDGE('',*,*,#9931,.F.);
#9934=ORIENTED_EDGE('',*,*,#9933,.F.);
#9936=ORIENTED_EDGE('',*,*,#9935,.F.);
#9937=EDGE_LOOP('',(#9930,#9932,#9934,#9936));
#9938=FACE_BOUND('',#9937,.F.);
#9940=ORIENTED_EDGE('',*,*,#9939,.F.);
#9942=ORIENTED_EDGE('',*,*,#9941,.F.);
#9944=ORIENTED_EDGE('',*,*,#9943,.F.);
#9946=ORIENTED_EDGE('',*,*,#9945,.F.);
#9947=EDGE_LOOP('',(#9940,#9942,#9944,#9946));
#9948=FACE_BOUND('',#9947,.F.);
#9950=ORIENTED_EDGE('',*,*,#9949,.F.);
#9952=ORIENTED_EDGE('',*,*,#9951,.F.);
#9954=ORIENTED_EDGE('',*,*,#9953,.F.);
#9956=ORIENTED_EDGE('',*,*,#9955,.F.);
#9957=EDGE_LOOP('',(#9950,#9952,#9954,#9956));
#9958=FACE_BOUND('',#9957,.F.);
#9960=ORIENTED_EDGE('',*,*,#9959,.F.);
#9962=ORIENTED_EDGE('',*,*,#9961,.F.);
#9964=ORIENTED_EDGE('',*,*,#9963,.F.);
#9966=ORIENTED_EDGE('',*,*,#9965,.F.);
#9967=EDGE_LOOP('',(#9960,#9962,#9964,#9966));
#9968=FACE_BOUND('',#9967,.F.);
#9970=ORIENTED_EDGE('',*,*,#9969,.F.);
#9972=ORIENTED_EDGE('',*,*,#9971,.F.);
#9974=ORIENTED_EDGE('',*,*,#9973,.F.);
#9976=ORIENTED_EDGE('',*,*,#9975,.F.);
#9977=EDGE_LOOP('',(#9970,#9972,#9974,#9976));
#9978=FACE_BOUND('',#9977,.F.);
#9980=ORIENTED_EDGE('',*,*,#9979,.F.);
#9982=ORIENTED_EDGE('',*,*,#9981,.F.);
#9984=ORIENTED_EDGE('',*,*,#9983,.F.);
#9986=ORIENTED_EDGE('',*,*,#9985,.F.);
#9987=EDGE_LOOP('',(#9980,#9982,#9984,#9986));
#9988=FACE_BOUND('',#9987,.F.);
#9990=ORIENTED_EDGE('',*,*,#9989,.F.);
#9992=ORIENTED_EDGE('',*,*,#9991,.F.);
#9994=ORIENTED_EDGE('',*,*,#9993,.F.);
#9996=ORIENTED_EDGE('',*,*,#9995,.F.);
#9997=EDGE_LOOP('',(#9990,#9992,#9994,#9996));
#9998=FACE_BOUND('',#9997,.F.);
#10000=ORIENTED_EDGE('',*,*,#9999,.F.);
#10002=ORIENTED_EDGE('',*,*,#10001,.F.);
#10004=ORIENTED_EDGE('',*,*,#10003,.F.);
#10006=ORIENTED_EDGE('',*,*,#10005,.F.);
#10007=EDGE_LOOP('',(#10000,#10002,#10004,#10006));
#10008=FACE_BOUND('',#10007,.F.);
#10010=ORIENTED_EDGE('',*,*,#10009,.F.);
#10012=ORIENTED_EDGE('',*,*,#10011,.F.);
#10014=ORIENTED_EDGE('',*,*,#10013,.F.);
#10016=ORIENTED_EDGE('',*,*,#10015,.F.);
#10017=EDGE_LOOP('',(#10010,#10012,#10014,#10016));
#10018=FACE_BOUND('',#10017,.F.);
#10020=ORIENTED_EDGE('',*,*,#10019,.F.);
#10022=ORIENTED_EDGE('',*,*,#10021,.F.);
#10024=ORIENTED_EDGE('',*,*,#10023,.F.);
#10026=ORIENTED_EDGE('',*,*,#10025,.F.);
#10027=EDGE_LOOP('',(#10020,#10022,#10024,#10026));
#10028=FACE_BOUND('',#10027,.F.);
#10030=ORIENTED_EDGE('',*,*,#10029,.F.);
#10032=ORIENTED_EDGE('',*,*,#10031,.F.);
#10034=ORIENTED_EDGE('',*,*,#10033,.F.);
#10036=ORIENTED_EDGE('',*,*,#10035,.F.);
#10037=EDGE_LOOP('',(#10030,#10032,#10034,#10036));
#10038=FACE_BOUND('',#10037,.F.);
#10040=ORIENTED_EDGE('',*,*,#10039,.F.);
#10042=ORIENTED_EDGE('',*,*,#10041,.F.);
#10044=ORIENTED_EDGE('',*,*,#10043,.F.);
#10046=ORIENTED_EDGE('',*,*,#10045,.F.);
#10047=EDGE_LOOP('',(#10040,#10042,#10044,#10046));
#10048=FACE_BOUND('',#10047,.F.);
#10050=ORIENTED_EDGE('',*,*,#10049,.F.);
#10052=ORIENTED_EDGE('',*,*,#10051,.F.);
#10054=ORIENTED_EDGE('',*,*,#10053,.F.);
#10056=ORIENTED_EDGE('',*,*,#10055,.F.);
#10057=EDGE_LOOP('',(#10050,#10052,#10054,#10056));
#10058=FACE_BOUND('',#10057,.F.);
#10060=ORIENTED_EDGE('',*,*,#10059,.F.);
#10062=ORIENTED_EDGE('',*,*,#10061,.F.);
#10064=ORIENTED_EDGE('',*,*,#10063,.F.);
#10066=ORIENTED_EDGE('',*,*,#10065,.F.);
#10067=EDGE_LOOP('',(#10060,#10062,#10064,#10066));
#10068=FACE_BOUND('',#10067,.F.);
#10070=ORIENTED_EDGE('',*,*,#10069,.F.);
#10072=ORIENTED_EDGE('',*,*,#10071,.F.);
#10074=ORIENTED_EDGE('',*,*,#10073,.F.);
#10076=ORIENTED_EDGE('',*,*,#10075,.F.);
#10077=EDGE_LOOP('',(#10070,#10072,#10074,#10076));
#10078=FACE_BOUND('',#10077,.F.);
#10080=ORIENTED_EDGE('',*,*,#10079,.F.);
#10082=ORIENTED_EDGE('',*,*,#10081,.F.);
#10084=ORIENTED_EDGE('',*,*,#10083,.F.);
#10086=ORIENTED_EDGE('',*,*,#10085,.F.);
#10087=EDGE_LOOP('',(#10080,#10082,#10084,#10086));
#10088=FACE_BOUND('',#10087,.F.);
#10090=ORIENTED_EDGE('',*,*,#10089,.F.);
#10092=ORIENTED_EDGE('',*,*,#10091,.F.);
#10094=ORIENTED_EDGE('',*,*,#10093,.F.);
#10096=ORIENTED_EDGE('',*,*,#10095,.F.);
#10097=EDGE_LOOP('',(#10090,#10092,#10094,#10096));
#10098=FACE_BOUND('',#10097,.F.);
#10100=ORIENTED_EDGE('',*,*,#10099,.F.);
#10102=ORIENTED_EDGE('',*,*,#10101,.F.);
#10104=ORIENTED_EDGE('',*,*,#10103,.F.);
#10106=ORIENTED_EDGE('',*,*,#10105,.F.);
#10107=EDGE_LOOP('',(#10100,#10102,#10104,#10106));
#10108=FACE_BOUND('',#10107,.F.);
#10110=ORIENTED_EDGE('',*,*,#10109,.F.);
#10112=ORIENTED_EDGE('',*,*,#10111,.F.);
#10114=ORIENTED_EDGE('',*,*,#10113,.F.);
#10116=ORIENTED_EDGE('',*,*,#10115,.F.);
#10117=EDGE_LOOP('',(#10110,#10112,#10114,#10116));
#10118=FACE_BOUND('',#10117,.F.);
#10120=ORIENTED_EDGE('',*,*,#10119,.F.);
#10122=ORIENTED_EDGE('',*,*,#10121,.F.);
#10124=ORIENTED_EDGE('',*,*,#10123,.F.);
#10126=ORIENTED_EDGE('',*,*,#10125,.F.);
#10127=EDGE_LOOP('',(#10120,#10122,#10124,#10126));
#10128=FACE_BOUND('',#10127,.F.);
#10130=ORIENTED_EDGE('',*,*,#10129,.F.);
#10132=ORIENTED_EDGE('',*,*,#10131,.F.);
#10134=ORIENTED_EDGE('',*,*,#10133,.F.);
#10136=ORIENTED_EDGE('',*,*,#10135,.F.);
#10137=EDGE_LOOP('',(#10130,#10132,#10134,#10136));
#10138=FACE_BOUND('',#10137,.F.);
#10140=ORIENTED_EDGE('',*,*,#10139,.F.);
#10142=ORIENTED_EDGE('',*,*,#10141,.F.);
#10144=ORIENTED_EDGE('',*,*,#10143,.F.);
#10146=ORIENTED_EDGE('',*,*,#10145,.F.);
#10147=EDGE_LOOP('',(#10140,#10142,#10144,#10146));
#10148=FACE_BOUND('',#10147,.F.);
#10150=ORIENTED_EDGE('',*,*,#10149,.F.);
#10152=ORIENTED_EDGE('',*,*,#10151,.F.);
#10154=ORIENTED_EDGE('',*,*,#10153,.F.);
#10156=ORIENTED_EDGE('',*,*,#10155,.F.);
#10157=EDGE_LOOP('',(#10150,#10152,#10154,#10156));
#10158=FACE_BOUND('',#10157,.F.);
#10160=ORIENTED_EDGE('',*,*,#10159,.F.);
#10162=ORIENTED_EDGE('',*,*,#10161,.F.);
#10164=ORIENTED_EDGE('',*,*,#10163,.F.);
#10166=ORIENTED_EDGE('',*,*,#10165,.F.);
#10167=EDGE_LOOP('',(#10160,#10162,#10164,#10166));
#10168=FACE_BOUND('',#10167,.F.);
#10170=ORIENTED_EDGE('',*,*,#10169,.F.);
#10172=ORIENTED_EDGE('',*,*,#10171,.F.);
#10174=ORIENTED_EDGE('',*,*,#10173,.F.);
#10176=ORIENTED_EDGE('',*,*,#10175,.F.);
#10177=EDGE_LOOP('',(#10170,#10172,#10174,#10176));
#10178=FACE_BOUND('',#10177,.F.);
#10180=ORIENTED_EDGE('',*,*,#10179,.F.);
#10182=ORIENTED_EDGE('',*,*,#10181,.F.);
#10184=ORIENTED_EDGE('',*,*,#10183,.F.);
#10186=ORIENTED_EDGE('',*,*,#10185,.F.);
#10187=EDGE_LOOP('',(#10180,#10182,#10184,#10186));
#10188=FACE_BOUND('',#10187,.F.);
#10190=ORIENTED_EDGE('',*,*,#10189,.F.);
#10192=ORIENTED_EDGE('',*,*,#10191,.F.);
#10194=ORIENTED_EDGE('',*,*,#10193,.F.);
#10196=ORIENTED_EDGE('',*,*,#10195,.F.);
#10197=EDGE_LOOP('',(#10190,#10192,#10194,#10196));
#10198=FACE_BOUND('',#10197,.F.);
#10200=ORIENTED_EDGE('',*,*,#10199,.F.);
#10202=ORIENTED_EDGE('',*,*,#10201,.F.);
#10204=ORIENTED_EDGE('',*,*,#10203,.F.);
#10206=ORIENTED_EDGE('',*,*,#10205,.F.);
#10207=EDGE_LOOP('',(#10200,#10202,#10204,#10206));
#10208=FACE_BOUND('',#10207,.F.);
#10210=ORIENTED_EDGE('',*,*,#10209,.F.);
#10212=ORIENTED_EDGE('',*,*,#10211,.F.);
#10214=ORIENTED_EDGE('',*,*,#10213,.F.);
#10216=ORIENTED_EDGE('',*,*,#10215,.F.);
#10217=EDGE_LOOP('',(#10210,#10212,#10214,#10216));
#10218=FACE_BOUND('',#10217,.F.);
#10220=ORIENTED_EDGE('',*,*,#10219,.F.);
#10222=ORIENTED_EDGE('',*,*,#10221,.F.);
#10224=ORIENTED_EDGE('',*,*,#10223,.F.);
#10226=ORIENTED_EDGE('',*,*,#10225,.F.);
#10227=EDGE_LOOP('',(#10220,#10222,#10224,#10226));
#10228=FACE_BOUND('',#10227,.F.);
#10230=ORIENTED_EDGE('',*,*,#10229,.F.);
#10232=ORIENTED_EDGE('',*,*,#10231,.F.);
#10234=ORIENTED_EDGE('',*,*,#10233,.F.);
#10236=ORIENTED_EDGE('',*,*,#10235,.F.);
#10237=EDGE_LOOP('',(#10230,#10232,#10234,#10236));
#10238=FACE_BOUND('',#10237,.F.);
#10240=ORIENTED_EDGE('',*,*,#10239,.F.);
#10242=ORIENTED_EDGE('',*,*,#10241,.F.);
#10244=ORIENTED_EDGE('',*,*,#10243,.F.);
#10246=ORIENTED_EDGE('',*,*,#10245,.F.);
#10247=EDGE_LOOP('',(#10240,#10242,#10244,#10246));
#10248=FACE_BOUND('',#10247,.F.);
#10250=ORIENTED_EDGE('',*,*,#10249,.F.);
#10252=ORIENTED_EDGE('',*,*,#10251,.F.);
#10254=ORIENTED_EDGE('',*,*,#10253,.F.);
#10256=ORIENTED_EDGE('',*,*,#10255,.F.);
#10257=EDGE_LOOP('',(#10250,#10252,#10254,#10256));
#10258=FACE_BOUND('',#10257,.F.);
#10260=ORIENTED_EDGE('',*,*,#10259,.F.);
#10262=ORIENTED_EDGE('',*,*,#10261,.F.);
#10264=ORIENTED_EDGE('',*,*,#10263,.F.);
#10266=ORIENTED_EDGE('',*,*,#10265,.F.);
#10267=EDGE_LOOP('',(#10260,#10262,#10264,#10266));
#10268=FACE_BOUND('',#10267,.F.);
#10270=ORIENTED_EDGE('',*,*,#10269,.F.);
#10272=ORIENTED_EDGE('',*,*,#10271,.F.);
#10274=ORIENTED_EDGE('',*,*,#10273,.F.);
#10276=ORIENTED_EDGE('',*,*,#10275,.F.);
#10277=EDGE_LOOP('',(#10270,#10272,#10274,#10276));
#10278=FACE_BOUND('',#10277,.F.);
#10280=ORIENTED_EDGE('',*,*,#10279,.F.);
#10282=ORIENTED_EDGE('',*,*,#10281,.F.);
#10284=ORIENTED_EDGE('',*,*,#10283,.F.);
#10286=ORIENTED_EDGE('',*,*,#10285,.F.);
#10287=EDGE_LOOP('',(#10280,#10282,#10284,#10286));
#10288=FACE_BOUND('',#10287,.F.);
#10290=ORIENTED_EDGE('',*,*,#10289,.F.);
#10292=ORIENTED_EDGE('',*,*,#10291,.F.);
#10294=ORIENTED_EDGE('',*,*,#10293,.F.);
#10296=ORIENTED_EDGE('',*,*,#10295,.F.);
#10298=ORIENTED_EDGE('',*,*,#10297,.F.);
#10300=ORIENTED_EDGE('',*,*,#10299,.F.);
#10302=ORIENTED_EDGE('',*,*,#10301,.F.);
#10304=ORIENTED_EDGE('',*,*,#10303,.F.);
#10306=ORIENTED_EDGE('',*,*,#10305,.F.);
#10308=ORIENTED_EDGE('',*,*,#10307,.F.);
#10310=ORIENTED_EDGE('',*,*,#10309,.F.);
#10312=ORIENTED_EDGE('',*,*,#10311,.F.);
#10314=ORIENTED_EDGE('',*,*,#10313,.F.);
#10316=ORIENTED_EDGE('',*,*,#10315,.F.);
#10318=ORIENTED_EDGE('',*,*,#10317,.F.);
#10320=ORIENTED_EDGE('',*,*,#10319,.F.);
#10322=ORIENTED_EDGE('',*,*,#10321,.F.);
#10324=ORIENTED_EDGE('',*,*,#10323,.F.);
#10326=ORIENTED_EDGE('',*,*,#10325,.F.);
#10328=ORIENTED_EDGE('',*,*,#10327,.F.);
#10330=ORIENTED_EDGE('',*,*,#10329,.F.);
#10332=ORIENTED_EDGE('',*,*,#10331,.F.);
#10334=ORIENTED_EDGE('',*,*,#10333,.F.);
#10336=ORIENTED_EDGE('',*,*,#10335,.F.);
#10338=ORIENTED_EDGE('',*,*,#10337,.F.);
#10340=ORIENTED_EDGE('',*,*,#10339,.F.);
#10342=ORIENTED_EDGE('',*,*,#10341,.F.);
#10344=ORIENTED_EDGE('',*,*,#10343,.F.);
#10346=ORIENTED_EDGE('',*,*,#10345,.F.);
#10348=ORIENTED_EDGE('',*,*,#10347,.F.);
#10350=ORIENTED_EDGE('',*,*,#10349,.F.);
#10352=ORIENTED_EDGE('',*,*,#10351,.F.);
#10354=ORIENTED_EDGE('',*,*,#10353,.F.);
#10356=ORIENTED_EDGE('',*,*,#10355,.F.);
#10358=ORIENTED_EDGE('',*,*,#10357,.F.);
#10360=ORIENTED_EDGE('',*,*,#10359,.F.);
#10361=EDGE_LOOP('',(#10290,#10292,#10294,#10296,#10298,#10300,#10302,#10304,
#10306,#10308,#10310,#10312,#10314,#10316,#10318,#10320,#10322,#10324,#10326,
#10328,#10330,#10332,#10334,#10336,#10338,#10340,#10342,#10344,#10346,#10348,
#10350,#10352,#10354,#10356,#10358,#10360));
#10362=FACE_BOUND('',#10361,.F.);
#10364=ORIENTED_EDGE('',*,*,#10363,.F.);
#10366=ORIENTED_EDGE('',*,*,#10365,.F.);
#10368=ORIENTED_EDGE('',*,*,#10367,.F.);
#10370=ORIENTED_EDGE('',*,*,#10369,.F.);
#10372=ORIENTED_EDGE('',*,*,#10371,.F.);
#10374=ORIENTED_EDGE('',*,*,#10373,.F.);
#10376=ORIENTED_EDGE('',*,*,#10375,.F.);
#10378=ORIENTED_EDGE('',*,*,#10377,.F.);
#10380=ORIENTED_EDGE('',*,*,#10379,.F.);
#10382=ORIENTED_EDGE('',*,*,#10381,.F.);
#10384=ORIENTED_EDGE('',*,*,#10383,.F.);
#10386=ORIENTED_EDGE('',*,*,#10385,.F.);
#10388=ORIENTED_EDGE('',*,*,#10387,.F.);
#10390=ORIENTED_EDGE('',*,*,#10389,.F.);
#10392=ORIENTED_EDGE('',*,*,#10391,.F.);
#10394=ORIENTED_EDGE('',*,*,#10393,.F.);
#10396=ORIENTED_EDGE('',*,*,#10395,.F.);
#10398=ORIENTED_EDGE('',*,*,#10397,.F.);
#10400=ORIENTED_EDGE('',*,*,#10399,.F.);
#10402=ORIENTED_EDGE('',*,*,#10401,.F.);
#10404=ORIENTED_EDGE('',*,*,#10403,.F.);
#10406=ORIENTED_EDGE('',*,*,#10405,.F.);
#10408=ORIENTED_EDGE('',*,*,#10407,.F.);
#10410=ORIENTED_EDGE('',*,*,#10409,.F.);
#10412=ORIENTED_EDGE('',*,*,#10411,.F.);
#10414=ORIENTED_EDGE('',*,*,#10413,.F.);
#10416=ORIENTED_EDGE('',*,*,#10415,.F.);
#10418=ORIENTED_EDGE('',*,*,#10417,.F.);
#10420=ORIENTED_EDGE('',*,*,#10419,.F.);
#10422=ORIENTED_EDGE('',*,*,#10421,.F.);
#10424=ORIENTED_EDGE('',*,*,#10423,.F.);
#10426=ORIENTED_EDGE('',*,*,#10425,.F.);
#10428=ORIENTED_EDGE('',*,*,#10427,.F.);
#10430=ORIENTED_EDGE('',*,*,#10429,.F.);
#10432=ORIENTED_EDGE('',*,*,#10431,.F.);
#10434=ORIENTED_EDGE('',*,*,#10433,.F.);
#10435=EDGE_LOOP('',(#10364,#10366,#10368,#10370,#10372,#10374,#10376,#10378,
#10380,#10382,#10384,#10386,#10388,#10390,#10392,#10394,#10396,#10398,#10400,
#10402,#10404,#10406,#10408,#10410,#10412,#10414,#10416,#10418,#10420,#10422,
#10424,#10426,#10428,#10430,#10432,#10434));
#10436=FACE_BOUND('',#10435,.F.);
#10438=ORIENTED_EDGE('',*,*,#10437,.F.);
#10440=ORIENTED_EDGE('',*,*,#10439,.F.);
#10442=ORIENTED_EDGE('',*,*,#10441,.F.);
#10444=ORIENTED_EDGE('',*,*,#10443,.F.);
#10446=ORIENTED_EDGE('',*,*,#10445,.F.);
#10448=ORIENTED_EDGE('',*,*,#10447,.F.);
#10450=ORIENTED_EDGE('',*,*,#10449,.F.);
#10452=ORIENTED_EDGE('',*,*,#10451,.F.);
#10454=ORIENTED_EDGE('',*,*,#10453,.F.);
#10456=ORIENTED_EDGE('',*,*,#10455,.F.);
#10458=ORIENTED_EDGE('',*,*,#10457,.F.);
#10460=ORIENTED_EDGE('',*,*,#10459,.F.);
#10462=ORIENTED_EDGE('',*,*,#10461,.F.);
#10464=ORIENTED_EDGE('',*,*,#10463,.F.);
#10466=ORIENTED_EDGE('',*,*,#10465,.F.);
#10468=ORIENTED_EDGE('',*,*,#10467,.F.);
#10470=ORIENTED_EDGE('',*,*,#10469,.F.);
#10472=ORIENTED_EDGE('',*,*,#10471,.F.);
#10474=ORIENTED_EDGE('',*,*,#10473,.F.);
#10476=ORIENTED_EDGE('',*,*,#10475,.F.);
#10478=ORIENTED_EDGE('',*,*,#10477,.F.);
#10480=ORIENTED_EDGE('',*,*,#10479,.F.);
#10482=ORIENTED_EDGE('',*,*,#10481,.F.);
#10484=ORIENTED_EDGE('',*,*,#10483,.F.);
#10486=ORIENTED_EDGE('',*,*,#10485,.F.);
#10488=ORIENTED_EDGE('',*,*,#10487,.F.);
#10490=ORIENTED_EDGE('',*,*,#10489,.F.);
#10492=ORIENTED_EDGE('',*,*,#10491,.F.);
#10494=ORIENTED_EDGE('',*,*,#10493,.F.);
#10496=ORIENTED_EDGE('',*,*,#10495,.F.);
#10498=ORIENTED_EDGE('',*,*,#10497,.F.);
#10500=ORIENTED_EDGE('',*,*,#10499,.F.);
#10502=ORIENTED_EDGE('',*,*,#10501,.F.);
#10504=ORIENTED_EDGE('',*,*,#10503,.F.);
#10506=ORIENTED_EDGE('',*,*,#10505,.F.);
#10508=ORIENTED_EDGE('',*,*,#10507,.F.);
#10509=EDGE_LOOP('',(#10438,#10440,#10442,#10444,#10446,#10448,#10450,#10452,
#10454,#10456,#10458,#10460,#10462,#10464,#10466,#10468,#10470,#10472,#10474,
#10476,#10478,#10480,#10482,#10484,#10486,#10488,#10490,#10492,#10494,#10496,
#10498,#10500,#10502,#10504,#10506,#10508));
#10510=FACE_BOUND('',#10509,.F.);
#10512=ORIENTED_EDGE('',*,*,#10511,.F.);
#10514=ORIENTED_EDGE('',*,*,#10513,.F.);
#10515=EDGE_LOOP('',(#10512,#10514));
#10516=FACE_BOUND('',#10515,.F.);
#10517=ADVANCED_FACE('',(#9420,#9426,#9432,#9438,#9444,#9518,#9528,#9538,#9548,
#9558,#9568,#9578,#9588,#9598,#9608,#9618,#9628,#9638,#9648,#9658,#9668,#9678,
#9688,#9698,#9708,#9718,#9728,#9738,#9748,#9758,#9768,#9778,#9788,#9798,#9808,
#9818,#9828,#9838,#9848,#9858,#9868,#9878,#9888,#9898,#9908,#9918,#9928,#9938,
#9948,#9958,#9968,#9978,#9988,#9998,#10008,#10018,#10028,#10038,#10048,#10058,
#10068,#10078,#10088,#10098,#10108,#10118,#10128,#10138,#10148,#10158,#10168,
#10178,#10188,#10198,#10208,#10218,#10228,#10238,#10248,#10258,#10268,#10278,
#10288,#10362,#10436,#10510,#10516),#9228,.F.);
#10518=CARTESIAN_POINT('',(-9.5E0,-1.6E1,0.E0));
#10519=DIRECTION('',(0.E0,0.E0,1.E0));
#10520=DIRECTION('',(-1.E0,0.E0,0.E0));
#10521=AXIS2_PLACEMENT_3D('',#10518,#10519,#10520);
#10522=CYLINDRICAL_SURFACE('',#10521,1.5E0);
#10523=ORIENTED_EDGE('',*,*,#10511,.T.);
#10525=ORIENTED_EDGE('',*,*,#10524,.T.);
#10527=ORIENTED_EDGE('',*,*,#10526,.T.);
#10529=ORIENTED_EDGE('',*,*,#10528,.T.);
#10531=ORIENTED_EDGE('',*,*,#10530,.F.);
#10532=EDGE_LOOP('',(#10523,#10525,#10527,#10529,#10531));
#10533=FACE_OUTER_BOUND('',#10532,.F.);
#10534=ADVANCED_FACE('',(#10533),#10522,.F.);
#10535=CARTESIAN_POINT('',(-9.5E0,-1.6E1,0.E0));
#10536=DIRECTION('',(0.E0,0.E0,1.E0));
#10537=DIRECTION('',(-1.E0,0.E0,0.E0));
#10538=AXIS2_PLACEMENT_3D('',#10535,#10536,#10537);
#10539=CYLINDRICAL_SURFACE('',#10538,1.5E0);
#10540=ORIENTED_EDGE('',*,*,#10513,.T.);
#10541=ORIENTED_EDGE('',*,*,#10530,.T.);
#10543=ORIENTED_EDGE('',*,*,#10542,.T.);
#10545=ORIENTED_EDGE('',*,*,#10544,.T.);
#10546=ORIENTED_EDGE('',*,*,#10524,.F.);
#10547=EDGE_LOOP('',(#10540,#10541,#10543,#10545,#10546));
#10548=FACE_OUTER_BOUND('',#10547,.F.);
#10549=ADVANCED_FACE('',(#10548),#10539,.F.);
#10550=CARTESIAN_POINT('',(-1.545257356401E2,-7.558259447881E1,
-9.075262166358E-1));
#10551=DIRECTION('',(0.E0,0.E0,-1.E0));
#10552=DIRECTION('',(0.E0,-1.E0,0.E0));
#10553=AXIS2_PLACEMENT_3D('',#10550,#10551,#10552);
#10554=PLANE('',#10553);
#10556=ORIENTED_EDGE('',*,*,#10555,.F.);
#10558=ORIENTED_EDGE('',*,*,#10557,.T.);
#10560=ORIENTED_EDGE('',*,*,#10559,.F.);
#10562=ORIENTED_EDGE('',*,*,#10561,.T.);
#10564=ORIENTED_EDGE('',*,*,#10563,.F.);
#10566=ORIENTED_EDGE('',*,*,#10565,.T.);
#10568=ORIENTED_EDGE('',*,*,#10567,.F.);
#10570=ORIENTED_EDGE('',*,*,#10569,.T.);
#10572=ORIENTED_EDGE('',*,*,#10571,.F.);
#10574=ORIENTED_EDGE('',*,*,#10573,.F.);
#10576=ORIENTED_EDGE('',*,*,#10575,.T.);
#10578=ORIENTED_EDGE('',*,*,#10577,.F.);
#10580=ORIENTED_EDGE('',*,*,#10579,.T.);
#10582=ORIENTED_EDGE('',*,*,#10581,.F.);
#10584=ORIENTED_EDGE('',*,*,#10583,.T.);
#10586=ORIENTED_EDGE('',*,*,#10585,.F.);
#10588=ORIENTED_EDGE('',*,*,#10587,.T.);
#10590=ORIENTED_EDGE('',*,*,#10589,.F.);
#10592=ORIENTED_EDGE('',*,*,#10591,.F.);
#10594=ORIENTED_EDGE('',*,*,#10593,.T.);
#10596=ORIENTED_EDGE('',*,*,#10595,.F.);
#10598=ORIENTED_EDGE('',*,*,#10597,.T.);
#10600=ORIENTED_EDGE('',*,*,#10599,.F.);
#10602=ORIENTED_EDGE('',*,*,#10601,.T.);
#10604=ORIENTED_EDGE('',*,*,#10603,.F.);
#10606=ORIENTED_EDGE('',*,*,#10605,.T.);
#10608=ORIENTED_EDGE('',*,*,#10607,.F.);
#10610=ORIENTED_EDGE('',*,*,#10609,.F.);
#10612=ORIENTED_EDGE('',*,*,#10611,.T.);
#10614=ORIENTED_EDGE('',*,*,#10613,.F.);
#10616=ORIENTED_EDGE('',*,*,#10615,.T.);
#10618=ORIENTED_EDGE('',*,*,#10617,.F.);
#10620=ORIENTED_EDGE('',*,*,#10619,.T.);
#10622=ORIENTED_EDGE('',*,*,#10621,.F.);
#10624=ORIENTED_EDGE('',*,*,#10623,.T.);
#10626=ORIENTED_EDGE('',*,*,#10625,.F.);
#10628=ORIENTED_EDGE('',*,*,#10627,.F.);
#10630=ORIENTED_EDGE('',*,*,#10629,.T.);
#10632=ORIENTED_EDGE('',*,*,#10631,.F.);
#10634=ORIENTED_EDGE('',*,*,#10633,.F.);
#10636=ORIENTED_EDGE('',*,*,#10635,.F.);
#10638=ORIENTED_EDGE('',*,*,#10637,.T.);
#10640=ORIENTED_EDGE('',*,*,#10639,.F.);
#10642=ORIENTED_EDGE('',*,*,#10641,.T.);
#10644=ORIENTED_EDGE('',*,*,#10643,.F.);
#10646=ORIENTED_EDGE('',*,*,#10645,.T.);
#10648=ORIENTED_EDGE('',*,*,#10647,.F.);
#10650=ORIENTED_EDGE('',*,*,#10649,.F.);
#10652=ORIENTED_EDGE('',*,*,#10651,.F.);
#10654=ORIENTED_EDGE('',*,*,#10653,.F.);
#10656=ORIENTED_EDGE('',*,*,#10655,.T.);
#10658=ORIENTED_EDGE('',*,*,#10657,.F.);
#10660=ORIENTED_EDGE('',*,*,#10659,.T.);
#10662=ORIENTED_EDGE('',*,*,#10661,.F.);
#10664=ORIENTED_EDGE('',*,*,#10663,.T.);
#10666=ORIENTED_EDGE('',*,*,#10665,.F.);
#10668=ORIENTED_EDGE('',*,*,#10667,.F.);
#10670=ORIENTED_EDGE('',*,*,#10669,.F.);
#10672=ORIENTED_EDGE('',*,*,#10671,.F.);
#10674=ORIENTED_EDGE('',*,*,#10673,.T.);
#10676=ORIENTED_EDGE('',*,*,#10675,.F.);
#10678=ORIENTED_EDGE('',*,*,#10677,.T.);
#10680=ORIENTED_EDGE('',*,*,#10679,.F.);
#10682=ORIENTED_EDGE('',*,*,#10681,.T.);
#10684=ORIENTED_EDGE('',*,*,#10683,.F.);
#10686=ORIENTED_EDGE('',*,*,#10685,.T.);
#10688=ORIENTED_EDGE('',*,*,#10687,.F.);
#10690=ORIENTED_EDGE('',*,*,#10689,.F.);
#10692=ORIENTED_EDGE('',*,*,#10691,.T.);
#10694=ORIENTED_EDGE('',*,*,#10693,.F.);
#10696=ORIENTED_EDGE('',*,*,#10695,.T.);
#10698=ORIENTED_EDGE('',*,*,#10697,.F.);
#10700=ORIENTED_EDGE('',*,*,#10699,.T.);
#10702=ORIENTED_EDGE('',*,*,#10701,.F.);
#10704=ORIENTED_EDGE('',*,*,#10703,.T.);
#10706=ORIENTED_EDGE('',*,*,#10705,.F.);
#10708=ORIENTED_EDGE('',*,*,#10707,.F.);
#10710=ORIENTED_EDGE('',*,*,#10709,.T.);
#10712=ORIENTED_EDGE('',*,*,#10711,.F.);
#10714=ORIENTED_EDGE('',*,*,#10713,.T.);
#10716=ORIENTED_EDGE('',*,*,#10715,.F.);
#10718=ORIENTED_EDGE('',*,*,#10717,.T.);
#10720=ORIENTED_EDGE('',*,*,#10719,.F.);
#10722=ORIENTED_EDGE('',*,*,#10721,.T.);
#10724=ORIENTED_EDGE('',*,*,#10723,.F.);
#10726=ORIENTED_EDGE('',*,*,#10725,.F.);
#10728=ORIENTED_EDGE('',*,*,#10727,.T.);
#10730=ORIENTED_EDGE('',*,*,#10729,.F.);
#10732=ORIENTED_EDGE('',*,*,#10731,.T.);
#10734=ORIENTED_EDGE('',*,*,#10733,.F.);
#10736=ORIENTED_EDGE('',*,*,#10735,.T.);
#10738=ORIENTED_EDGE('',*,*,#10737,.F.);
#10740=ORIENTED_EDGE('',*,*,#10739,.T.);
#10742=ORIENTED_EDGE('',*,*,#10741,.F.);
#10744=ORIENTED_EDGE('',*,*,#10743,.T.);
#10746=ORIENTED_EDGE('',*,*,#10745,.F.);
#10748=ORIENTED_EDGE('',*,*,#10747,.F.);
#10749=ORIENTED_EDGE('',*,*,#9200,.T.);
#10750=ORIENTED_EDGE('',*,*,#9219,.F.);
#10752=ORIENTED_EDGE('',*,*,#10751,.T.);
#10754=ORIENTED_EDGE('',*,*,#10753,.F.);
#10756=ORIENTED_EDGE('',*,*,#10755,.T.);
#10758=ORIENTED_EDGE('',*,*,#10757,.F.);
#10760=ORIENTED_EDGE('',*,*,#10759,.T.);
#10762=ORIENTED_EDGE('',*,*,#10761,.F.);
#10764=ORIENTED_EDGE('',*,*,#10763,.F.);
#10766=ORIENTED_EDGE('',*,*,#10765,.T.);
#10767=EDGE_LOOP('',(#10556,#10558,#10560,#10562,#10564,#10566,#10568,#10570,
#10572,#10574,#10576,#10578,#10580,#10582,#10584,#10586,#10588,#10590,#10592,
#10594,#10596,#10598,#10600,#10602,#10604,#10606,#10608,#10610,#10612,#10614,
#10616,#10618,#10620,#10622,#10624,#10626,#10628,#10630,#10632,#10634,#10636,
#10638,#10640,#10642,#10644,#10646,#10648,#10650,#10652,#10654,#10656,#10658,
#10660,#10662,#10664,#10666,#10668,#10670,#10672,#10674,#10676,#10678,#10680,
#10682,#10684,#10686,#10688,#10690,#10692,#10694,#10696,#10698,#10700,#10702,
#10704,#10706,#10708,#10710,#10712,#10714,#10716,#10718,#10720,#10722,#10724,
#10726,#10728,#10730,#10732,#10734,#10736,#10738,#10740,#10742,#10744,#10746,
#10748,#10749,#10750,#10752,#10754,#10756,#10758,#10760,#10762,#10764,#10766));
#10768=FACE_OUTER_BOUND('',#10767,.F.);
#10770=ORIENTED_EDGE('',*,*,#10769,.F.);
#10772=ORIENTED_EDGE('',*,*,#10771,.F.);
#10774=ORIENTED_EDGE('',*,*,#10773,.F.);
#10776=ORIENTED_EDGE('',*,*,#10775,.F.);
#10777=EDGE_LOOP('',(#10770,#10772,#10774,#10776));
#10778=FACE_BOUND('',#10777,.F.);
#10780=ORIENTED_EDGE('',*,*,#10779,.F.);
#10782=ORIENTED_EDGE('',*,*,#10781,.F.);
#10784=ORIENTED_EDGE('',*,*,#10783,.F.);
#10786=ORIENTED_EDGE('',*,*,#10785,.F.);
#10787=EDGE_LOOP('',(#10780,#10782,#10784,#10786));
#10788=FACE_BOUND('',#10787,.F.);
#10790=ORIENTED_EDGE('',*,*,#10789,.F.);
#10792=ORIENTED_EDGE('',*,*,#10791,.F.);
#10794=ORIENTED_EDGE('',*,*,#10793,.F.);
#10796=ORIENTED_EDGE('',*,*,#10795,.F.);
#10797=EDGE_LOOP('',(#10790,#10792,#10794,#10796));
#10798=FACE_BOUND('',#10797,.F.);
#10800=ORIENTED_EDGE('',*,*,#10799,.F.);
#10802=ORIENTED_EDGE('',*,*,#10801,.F.);
#10804=ORIENTED_EDGE('',*,*,#10803,.F.);
#10806=ORIENTED_EDGE('',*,*,#10805,.F.);
#10807=EDGE_LOOP('',(#10800,#10802,#10804,#10806));
#10808=FACE_BOUND('',#10807,.F.);
#10810=ORIENTED_EDGE('',*,*,#10809,.T.);
#10812=ORIENTED_EDGE('',*,*,#10811,.T.);
#10814=ORIENTED_EDGE('',*,*,#10813,.F.);
#10816=ORIENTED_EDGE('',*,*,#10815,.F.);
#10818=ORIENTED_EDGE('',*,*,#10817,.T.);
#10820=ORIENTED_EDGE('',*,*,#10819,.F.);
#10822=ORIENTED_EDGE('',*,*,#10821,.F.);
#10824=ORIENTED_EDGE('',*,*,#10823,.T.);
#10826=ORIENTED_EDGE('',*,*,#10825,.F.);
#10828=ORIENTED_EDGE('',*,*,#10827,.F.);
#10830=ORIENTED_EDGE('',*,*,#10829,.F.);
#10832=ORIENTED_EDGE('',*,*,#10831,.F.);
#10834=ORIENTED_EDGE('',*,*,#10833,.T.);
#10836=ORIENTED_EDGE('',*,*,#10835,.F.);
#10838=ORIENTED_EDGE('',*,*,#10837,.F.);
#10840=ORIENTED_EDGE('',*,*,#10839,.F.);
#10842=ORIENTED_EDGE('',*,*,#10841,.F.);
#10844=ORIENTED_EDGE('',*,*,#10843,.T.);
#10846=ORIENTED_EDGE('',*,*,#10845,.T.);
#10848=ORIENTED_EDGE('',*,*,#10847,.T.);
#10850=ORIENTED_EDGE('',*,*,#10849,.F.);
#10852=ORIENTED_EDGE('',*,*,#10851,.F.);
#10854=ORIENTED_EDGE('',*,*,#10853,.F.);
#10856=ORIENTED_EDGE('',*,*,#10855,.F.);
#10858=ORIENTED_EDGE('',*,*,#10857,.T.);
#10860=ORIENTED_EDGE('',*,*,#10859,.F.);
#10862=ORIENTED_EDGE('',*,*,#10861,.F.);
#10864=ORIENTED_EDGE('',*,*,#10863,.F.);
#10866=ORIENTED_EDGE('',*,*,#10865,.F.);
#10868=ORIENTED_EDGE('',*,*,#10867,.T.);
#10870=ORIENTED_EDGE('',*,*,#10869,.F.);
#10872=ORIENTED_EDGE('',*,*,#10871,.F.);
#10874=ORIENTED_EDGE('',*,*,#10873,.T.);
#10876=ORIENTED_EDGE('',*,*,#10875,.F.);
#10878=ORIENTED_EDGE('',*,*,#10877,.F.);
#10880=ORIENTED_EDGE('',*,*,#10879,.T.);
#10881=EDGE_LOOP('',(#10810,#10812,#10814,#10816,#10818,#10820,#10822,#10824,
#10826,#10828,#10830,#10832,#10834,#10836,#10838,#10840,#10842,#10844,#10846,
#10848,#10850,#10852,#10854,#10856,#10858,#10860,#10862,#10864,#10866,#10868,
#10870,#10872,#10874,#10876,#10878,#10880));
#10882=FACE_BOUND('',#10881,.F.);
#10884=ORIENTED_EDGE('',*,*,#10883,.T.);
#10886=ORIENTED_EDGE('',*,*,#10885,.T.);
#10888=ORIENTED_EDGE('',*,*,#10887,.T.);
#10890=ORIENTED_EDGE('',*,*,#10889,.T.);
#10891=EDGE_LOOP('',(#10884,#10886,#10888,#10890));
#10892=FACE_BOUND('',#10891,.F.);
#10894=ORIENTED_EDGE('',*,*,#10893,.T.);
#10896=ORIENTED_EDGE('',*,*,#10895,.T.);
#10898=ORIENTED_EDGE('',*,*,#10897,.T.);
#10900=ORIENTED_EDGE('',*,*,#10899,.T.);
#10901=EDGE_LOOP('',(#10894,#10896,#10898,#10900));
#10902=FACE_BOUND('',#10901,.F.);
#10904=ORIENTED_EDGE('',*,*,#10903,.T.);
#10906=ORIENTED_EDGE('',*,*,#10905,.T.);
#10908=ORIENTED_EDGE('',*,*,#10907,.T.);
#10910=ORIENTED_EDGE('',*,*,#10909,.T.);
#10911=EDGE_LOOP('',(#10904,#10906,#10908,#10910));
#10912=FACE_BOUND('',#10911,.F.);
#10914=ORIENTED_EDGE('',*,*,#10913,.T.);
#10916=ORIENTED_EDGE('',*,*,#10915,.T.);
#10918=ORIENTED_EDGE('',*,*,#10917,.T.);
#10920=ORIENTED_EDGE('',*,*,#10919,.T.);
#10921=EDGE_LOOP('',(#10914,#10916,#10918,#10920));
#10922=FACE_BOUND('',#10921,.F.);
#10924=ORIENTED_EDGE('',*,*,#10923,.T.);
#10926=ORIENTED_EDGE('',*,*,#10925,.T.);
#10928=ORIENTED_EDGE('',*,*,#10927,.T.);
#10930=ORIENTED_EDGE('',*,*,#10929,.T.);
#10931=EDGE_LOOP('',(#10924,#10926,#10928,#10930));
#10932=FACE_BOUND('',#10931,.F.);
#10934=ORIENTED_EDGE('',*,*,#10933,.T.);
#10936=ORIENTED_EDGE('',*,*,#10935,.T.);
#10938=ORIENTED_EDGE('',*,*,#10937,.T.);
#10940=ORIENTED_EDGE('',*,*,#10939,.T.);
#10941=EDGE_LOOP('',(#10934,#10936,#10938,#10940));
#10942=FACE_BOUND('',#10941,.F.);
#10944=ORIENTED_EDGE('',*,*,#10943,.T.);
#10946=ORIENTED_EDGE('',*,*,#10945,.T.);
#10948=ORIENTED_EDGE('',*,*,#10947,.T.);
#10950=ORIENTED_EDGE('',*,*,#10949,.T.);
#10951=EDGE_LOOP('',(#10944,#10946,#10948,#10950));
#10952=FACE_BOUND('',#10951,.F.);
#10954=ORIENTED_EDGE('',*,*,#10953,.T.);
#10956=ORIENTED_EDGE('',*,*,#10955,.T.);
#10958=ORIENTED_EDGE('',*,*,#10957,.T.);
#10960=ORIENTED_EDGE('',*,*,#10959,.T.);
#10961=EDGE_LOOP('',(#10954,#10956,#10958,#10960));
#10962=FACE_BOUND('',#10961,.F.);
#10964=ORIENTED_EDGE('',*,*,#10963,.T.);
#10966=ORIENTED_EDGE('',*,*,#10965,.T.);
#10968=ORIENTED_EDGE('',*,*,#10967,.T.);
#10970=ORIENTED_EDGE('',*,*,#10969,.T.);
#10971=EDGE_LOOP('',(#10964,#10966,#10968,#10970));
#10972=FACE_BOUND('',#10971,.F.);
#10974=ORIENTED_EDGE('',*,*,#10973,.T.);
#10976=ORIENTED_EDGE('',*,*,#10975,.T.);
#10978=ORIENTED_EDGE('',*,*,#10977,.T.);
#10980=ORIENTED_EDGE('',*,*,#10979,.T.);
#10981=EDGE_LOOP('',(#10974,#10976,#10978,#10980));
#10982=FACE_BOUND('',#10981,.F.);
#10984=ORIENTED_EDGE('',*,*,#10983,.T.);
#10986=ORIENTED_EDGE('',*,*,#10985,.T.);
#10988=ORIENTED_EDGE('',*,*,#10987,.T.);
#10990=ORIENTED_EDGE('',*,*,#10989,.T.);
#10991=EDGE_LOOP('',(#10984,#10986,#10988,#10990));
#10992=FACE_BOUND('',#10991,.F.);
#10994=ORIENTED_EDGE('',*,*,#10993,.T.);
#10996=ORIENTED_EDGE('',*,*,#10995,.T.);
#10998=ORIENTED_EDGE('',*,*,#10997,.T.);
#11000=ORIENTED_EDGE('',*,*,#10999,.T.);
#11001=EDGE_LOOP('',(#10994,#10996,#10998,#11000));
#11002=FACE_BOUND('',#11001,.F.);
#11004=ORIENTED_EDGE('',*,*,#11003,.T.);
#11006=ORIENTED_EDGE('',*,*,#11005,.T.);
#11008=ORIENTED_EDGE('',*,*,#11007,.T.);
#11010=ORIENTED_EDGE('',*,*,#11009,.T.);
#11011=EDGE_LOOP('',(#11004,#11006,#11008,#11010));
#11012=FACE_BOUND('',#11011,.F.);
#11014=ORIENTED_EDGE('',*,*,#11013,.T.);
#11016=ORIENTED_EDGE('',*,*,#11015,.T.);
#11018=ORIENTED_EDGE('',*,*,#11017,.T.);
#11020=ORIENTED_EDGE('',*,*,#11019,.T.);
#11021=EDGE_LOOP('',(#11014,#11016,#11018,#11020));
#11022=FACE_BOUND('',#11021,.F.);
#11024=ORIENTED_EDGE('',*,*,#11023,.T.);
#11026=ORIENTED_EDGE('',*,*,#11025,.T.);
#11028=ORIENTED_EDGE('',*,*,#11027,.T.);
#11030=ORIENTED_EDGE('',*,*,#11029,.T.);
#11031=EDGE_LOOP('',(#11024,#11026,#11028,#11030));
#11032=FACE_BOUND('',#11031,.F.);
#11034=ORIENTED_EDGE('',*,*,#11033,.T.);
#11036=ORIENTED_EDGE('',*,*,#11035,.T.);
#11038=ORIENTED_EDGE('',*,*,#11037,.T.);
#11040=ORIENTED_EDGE('',*,*,#11039,.T.);
#11041=EDGE_LOOP('',(#11034,#11036,#11038,#11040));
#11042=FACE_BOUND('',#11041,.F.);
#11044=ORIENTED_EDGE('',*,*,#11043,.T.);
#11046=ORIENTED_EDGE('',*,*,#11045,.T.);
#11048=ORIENTED_EDGE('',*,*,#11047,.T.);
#11050=ORIENTED_EDGE('',*,*,#11049,.T.);
#11051=EDGE_LOOP('',(#11044,#11046,#11048,#11050));
#11052=FACE_BOUND('',#11051,.F.);
#11054=ORIENTED_EDGE('',*,*,#11053,.T.);
#11056=ORIENTED_EDGE('',*,*,#11055,.T.);
#11058=ORIENTED_EDGE('',*,*,#11057,.T.);
#11060=ORIENTED_EDGE('',*,*,#11059,.T.);
#11061=EDGE_LOOP('',(#11054,#11056,#11058,#11060));
#11062=FACE_BOUND('',#11061,.F.);
#11064=ORIENTED_EDGE('',*,*,#11063,.T.);
#11066=ORIENTED_EDGE('',*,*,#11065,.T.);
#11068=ORIENTED_EDGE('',*,*,#11067,.T.);
#11070=ORIENTED_EDGE('',*,*,#11069,.T.);
#11071=EDGE_LOOP('',(#11064,#11066,#11068,#11070));
#11072=FACE_BOUND('',#11071,.F.);
#11074=ORIENTED_EDGE('',*,*,#11073,.T.);
#11076=ORIENTED_EDGE('',*,*,#11075,.T.);
#11078=ORIENTED_EDGE('',*,*,#11077,.T.);
#11080=ORIENTED_EDGE('',*,*,#11079,.T.);
#11081=EDGE_LOOP('',(#11074,#11076,#11078,#11080));
#11082=FACE_BOUND('',#11081,.F.);
#11084=ORIENTED_EDGE('',*,*,#11083,.T.);
#11086=ORIENTED_EDGE('',*,*,#11085,.T.);
#11088=ORIENTED_EDGE('',*,*,#11087,.T.);
#11090=ORIENTED_EDGE('',*,*,#11089,.T.);
#11091=EDGE_LOOP('',(#11084,#11086,#11088,#11090));
#11092=FACE_BOUND('',#11091,.F.);
#11094=ORIENTED_EDGE('',*,*,#11093,.T.);
#11096=ORIENTED_EDGE('',*,*,#11095,.T.);
#11098=ORIENTED_EDGE('',*,*,#11097,.T.);
#11100=ORIENTED_EDGE('',*,*,#11099,.T.);
#11101=EDGE_LOOP('',(#11094,#11096,#11098,#11100));
#11102=FACE_BOUND('',#11101,.F.);
#11104=ORIENTED_EDGE('',*,*,#11103,.T.);
#11106=ORIENTED_EDGE('',*,*,#11105,.T.);
#11108=ORIENTED_EDGE('',*,*,#11107,.T.);
#11110=ORIENTED_EDGE('',*,*,#11109,.T.);
#11111=EDGE_LOOP('',(#11104,#11106,#11108,#11110));
#11112=FACE_BOUND('',#11111,.F.);
#11114=ORIENTED_EDGE('',*,*,#11113,.T.);
#11116=ORIENTED_EDGE('',*,*,#11115,.T.);
#11118=ORIENTED_EDGE('',*,*,#11117,.T.);
#11120=ORIENTED_EDGE('',*,*,#11119,.T.);
#11121=EDGE_LOOP('',(#11114,#11116,#11118,#11120));
#11122=FACE_BOUND('',#11121,.F.);
#11124=ORIENTED_EDGE('',*,*,#11123,.T.);
#11126=ORIENTED_EDGE('',*,*,#11125,.T.);
#11128=ORIENTED_EDGE('',*,*,#11127,.T.);
#11130=ORIENTED_EDGE('',*,*,#11129,.T.);
#11131=EDGE_LOOP('',(#11124,#11126,#11128,#11130));
#11132=FACE_BOUND('',#11131,.F.);
#11134=ORIENTED_EDGE('',*,*,#11133,.T.);
#11136=ORIENTED_EDGE('',*,*,#11135,.T.);
#11138=ORIENTED_EDGE('',*,*,#11137,.T.);
#11140=ORIENTED_EDGE('',*,*,#11139,.T.);
#11141=EDGE_LOOP('',(#11134,#11136,#11138,#11140));
#11142=FACE_BOUND('',#11141,.F.);
#11144=ORIENTED_EDGE('',*,*,#11143,.T.);
#11146=ORIENTED_EDGE('',*,*,#11145,.T.);
#11148=ORIENTED_EDGE('',*,*,#11147,.T.);
#11150=ORIENTED_EDGE('',*,*,#11149,.T.);
#11151=EDGE_LOOP('',(#11144,#11146,#11148,#11150));
#11152=FACE_BOUND('',#11151,.F.);
#11154=ORIENTED_EDGE('',*,*,#11153,.T.);
#11156=ORIENTED_EDGE('',*,*,#11155,.T.);
#11158=ORIENTED_EDGE('',*,*,#11157,.T.);
#11160=ORIENTED_EDGE('',*,*,#11159,.T.);
#11161=EDGE_LOOP('',(#11154,#11156,#11158,#11160));
#11162=FACE_BOUND('',#11161,.F.);
#11164=ORIENTED_EDGE('',*,*,#11163,.T.);
#11166=ORIENTED_EDGE('',*,*,#11165,.T.);
#11168=ORIENTED_EDGE('',*,*,#11167,.T.);
#11170=ORIENTED_EDGE('',*,*,#11169,.T.);
#11171=EDGE_LOOP('',(#11164,#11166,#11168,#11170));
#11172=FACE_BOUND('',#11171,.F.);
#11174=ORIENTED_EDGE('',*,*,#11173,.T.);
#11176=ORIENTED_EDGE('',*,*,#11175,.T.);
#11178=ORIENTED_EDGE('',*,*,#11177,.T.);
#11180=ORIENTED_EDGE('',*,*,#11179,.T.);
#11181=EDGE_LOOP('',(#11174,#11176,#11178,#11180));
#11182=FACE_BOUND('',#11181,.F.);
#11184=ORIENTED_EDGE('',*,*,#11183,.T.);
#11186=ORIENTED_EDGE('',*,*,#11185,.T.);
#11188=ORIENTED_EDGE('',*,*,#11187,.T.);
#11190=ORIENTED_EDGE('',*,*,#11189,.T.);
#11191=EDGE_LOOP('',(#11184,#11186,#11188,#11190));
#11192=FACE_BOUND('',#11191,.F.);
#11194=ORIENTED_EDGE('',*,*,#11193,.T.);
#11196=ORIENTED_EDGE('',*,*,#11195,.T.);
#11198=ORIENTED_EDGE('',*,*,#11197,.T.);
#11200=ORIENTED_EDGE('',*,*,#11199,.T.);
#11201=EDGE_LOOP('',(#11194,#11196,#11198,#11200));
#11202=FACE_BOUND('',#11201,.F.);
#11204=ORIENTED_EDGE('',*,*,#11203,.T.);
#11206=ORIENTED_EDGE('',*,*,#11205,.T.);
#11208=ORIENTED_EDGE('',*,*,#11207,.T.);
#11210=ORIENTED_EDGE('',*,*,#11209,.T.);
#11211=EDGE_LOOP('',(#11204,#11206,#11208,#11210));
#11212=FACE_BOUND('',#11211,.F.);
#11214=ORIENTED_EDGE('',*,*,#11213,.T.);
#11216=ORIENTED_EDGE('',*,*,#11215,.T.);
#11218=ORIENTED_EDGE('',*,*,#11217,.T.);
#11220=ORIENTED_EDGE('',*,*,#11219,.T.);
#11221=EDGE_LOOP('',(#11214,#11216,#11218,#11220));
#11222=FACE_BOUND('',#11221,.F.);
#11224=ORIENTED_EDGE('',*,*,#11223,.T.);
#11226=ORIENTED_EDGE('',*,*,#11225,.T.);
#11228=ORIENTED_EDGE('',*,*,#11227,.T.);
#11230=ORIENTED_EDGE('',*,*,#11229,.T.);
#11231=EDGE_LOOP('',(#11224,#11226,#11228,#11230));
#11232=FACE_BOUND('',#11231,.F.);
#11234=ORIENTED_EDGE('',*,*,#11233,.T.);
#11236=ORIENTED_EDGE('',*,*,#11235,.T.);
#11238=ORIENTED_EDGE('',*,*,#11237,.T.);
#11240=ORIENTED_EDGE('',*,*,#11239,.T.);
#11241=EDGE_LOOP('',(#11234,#11236,#11238,#11240));
#11242=FACE_BOUND('',#11241,.F.);
#11244=ORIENTED_EDGE('',*,*,#11243,.T.);
#11246=ORIENTED_EDGE('',*,*,#11245,.T.);
#11248=ORIENTED_EDGE('',*,*,#11247,.T.);
#11250=ORIENTED_EDGE('',*,*,#11249,.T.);
#11251=EDGE_LOOP('',(#11244,#11246,#11248,#11250));
#11252=FACE_BOUND('',#11251,.F.);
#11254=ORIENTED_EDGE('',*,*,#11253,.T.);
#11256=ORIENTED_EDGE('',*,*,#11255,.T.);
#11258=ORIENTED_EDGE('',*,*,#11257,.T.);
#11260=ORIENTED_EDGE('',*,*,#11259,.T.);
#11261=EDGE_LOOP('',(#11254,#11256,#11258,#11260));
#11262=FACE_BOUND('',#11261,.F.);
#11264=ORIENTED_EDGE('',*,*,#11263,.T.);
#11266=ORIENTED_EDGE('',*,*,#11265,.T.);
#11268=ORIENTED_EDGE('',*,*,#11267,.T.);
#11270=ORIENTED_EDGE('',*,*,#11269,.T.);
#11271=EDGE_LOOP('',(#11264,#11266,#11268,#11270));
#11272=FACE_BOUND('',#11271,.F.);
#11274=ORIENTED_EDGE('',*,*,#11273,.T.);
#11276=ORIENTED_EDGE('',*,*,#11275,.T.);
#11278=ORIENTED_EDGE('',*,*,#11277,.T.);
#11280=ORIENTED_EDGE('',*,*,#11279,.T.);
#11281=EDGE_LOOP('',(#11274,#11276,#11278,#11280));
#11282=FACE_BOUND('',#11281,.F.);
#11284=ORIENTED_EDGE('',*,*,#11283,.T.);
#11286=ORIENTED_EDGE('',*,*,#11285,.T.);
#11288=ORIENTED_EDGE('',*,*,#11287,.T.);
#11290=ORIENTED_EDGE('',*,*,#11289,.T.);
#11291=EDGE_LOOP('',(#11284,#11286,#11288,#11290));
#11292=FACE_BOUND('',#11291,.F.);
#11294=ORIENTED_EDGE('',*,*,#11293,.T.);
#11296=ORIENTED_EDGE('',*,*,#11295,.T.);
#11298=ORIENTED_EDGE('',*,*,#11297,.T.);
#11300=ORIENTED_EDGE('',*,*,#11299,.T.);
#11301=EDGE_LOOP('',(#11294,#11296,#11298,#11300));
#11302=FACE_BOUND('',#11301,.F.);
#11304=ORIENTED_EDGE('',*,*,#11303,.T.);
#11306=ORIENTED_EDGE('',*,*,#11305,.T.);
#11308=ORIENTED_EDGE('',*,*,#11307,.T.);
#11310=ORIENTED_EDGE('',*,*,#11309,.T.);
#11311=EDGE_LOOP('',(#11304,#11306,#11308,#11310));
#11312=FACE_BOUND('',#11311,.F.);
#11314=ORIENTED_EDGE('',*,*,#11313,.T.);
#11316=ORIENTED_EDGE('',*,*,#11315,.T.);
#11318=ORIENTED_EDGE('',*,*,#11317,.T.);
#11320=ORIENTED_EDGE('',*,*,#11319,.T.);
#11321=EDGE_LOOP('',(#11314,#11316,#11318,#11320));
#11322=FACE_BOUND('',#11321,.F.);
#11324=ORIENTED_EDGE('',*,*,#11323,.T.);
#11326=ORIENTED_EDGE('',*,*,#11325,.T.);
#11328=ORIENTED_EDGE('',*,*,#11327,.T.);
#11330=ORIENTED_EDGE('',*,*,#11329,.T.);
#11331=EDGE_LOOP('',(#11324,#11326,#11328,#11330));
#11332=FACE_BOUND('',#11331,.F.);
#11334=ORIENTED_EDGE('',*,*,#11333,.T.);
#11336=ORIENTED_EDGE('',*,*,#11335,.T.);
#11338=ORIENTED_EDGE('',*,*,#11337,.T.);
#11340=ORIENTED_EDGE('',*,*,#11339,.T.);
#11341=EDGE_LOOP('',(#11334,#11336,#11338,#11340));
#11342=FACE_BOUND('',#11341,.F.);
#11344=ORIENTED_EDGE('',*,*,#11343,.T.);
#11346=ORIENTED_EDGE('',*,*,#11345,.T.);
#11348=ORIENTED_EDGE('',*,*,#11347,.T.);
#11350=ORIENTED_EDGE('',*,*,#11349,.T.);
#11351=EDGE_LOOP('',(#11344,#11346,#11348,#11350));
#11352=FACE_BOUND('',#11351,.F.);
#11354=ORIENTED_EDGE('',*,*,#11353,.T.);
#11356=ORIENTED_EDGE('',*,*,#11355,.T.);
#11358=ORIENTED_EDGE('',*,*,#11357,.T.);
#11360=ORIENTED_EDGE('',*,*,#11359,.T.);
#11362=ORIENTED_EDGE('',*,*,#11361,.T.);
#11364=ORIENTED_EDGE('',*,*,#11363,.T.);
#11366=ORIENTED_EDGE('',*,*,#11365,.T.);
#11368=ORIENTED_EDGE('',*,*,#11367,.T.);
#11370=ORIENTED_EDGE('',*,*,#11369,.T.);
#11372=ORIENTED_EDGE('',*,*,#11371,.T.);
#11374=ORIENTED_EDGE('',*,*,#11373,.T.);
#11376=ORIENTED_EDGE('',*,*,#11375,.T.);
#11378=ORIENTED_EDGE('',*,*,#11377,.T.);
#11380=ORIENTED_EDGE('',*,*,#11379,.T.);
#11382=ORIENTED_EDGE('',*,*,#11381,.T.);
#11384=ORIENTED_EDGE('',*,*,#11383,.T.);
#11386=ORIENTED_EDGE('',*,*,#11385,.T.);
#11388=ORIENTED_EDGE('',*,*,#11387,.T.);
#11390=ORIENTED_EDGE('',*,*,#11389,.T.);
#11392=ORIENTED_EDGE('',*,*,#11391,.T.);
#11394=ORIENTED_EDGE('',*,*,#11393,.T.);
#11396=ORIENTED_EDGE('',*,*,#11395,.T.);
#11398=ORIENTED_EDGE('',*,*,#11397,.T.);
#11400=ORIENTED_EDGE('',*,*,#11399,.T.);
#11402=ORIENTED_EDGE('',*,*,#11401,.T.);
#11404=ORIENTED_EDGE('',*,*,#11403,.T.);
#11406=ORIENTED_EDGE('',*,*,#11405,.T.);
#11408=ORIENTED_EDGE('',*,*,#11407,.T.);
#11410=ORIENTED_EDGE('',*,*,#11409,.T.);
#11412=ORIENTED_EDGE('',*,*,#11411,.T.);
#11414=ORIENTED_EDGE('',*,*,#11413,.T.);
#11416=ORIENTED_EDGE('',*,*,#11415,.T.);
#11418=ORIENTED_EDGE('',*,*,#11417,.T.);
#11420=ORIENTED_EDGE('',*,*,#11419,.T.);
#11422=ORIENTED_EDGE('',*,*,#11421,.T.);
#11424=ORIENTED_EDGE('',*,*,#11423,.T.);
#11425=EDGE_LOOP('',(#11354,#11356,#11358,#11360,#11362,#11364,#11366,#11368,
#11370,#11372,#11374,#11376,#11378,#11380,#11382,#11384,#11386,#11388,#11390,
#11392,#11394,#11396,#11398,#11400,#11402,#11404,#11406,#11408,#11410,#11412,
#11414,#11416,#11418,#11420,#11422,#11424));
#11426=FACE_BOUND('',#11425,.F.);
#11428=ORIENTED_EDGE('',*,*,#11427,.T.);
#11430=ORIENTED_EDGE('',*,*,#11429,.T.);
#11432=ORIENTED_EDGE('',*,*,#11431,.T.);
#11434=ORIENTED_EDGE('',*,*,#11433,.T.);
#11435=EDGE_LOOP('',(#11428,#11430,#11432,#11434));
#11436=FACE_BOUND('',#11435,.F.);
#11438=ORIENTED_EDGE('',*,*,#11437,.T.);
#11440=ORIENTED_EDGE('',*,*,#11439,.T.);
#11442=ORIENTED_EDGE('',*,*,#11441,.T.);
#11444=ORIENTED_EDGE('',*,*,#11443,.T.);
#11445=EDGE_LOOP('',(#11438,#11440,#11442,#11444));
#11446=FACE_BOUND('',#11445,.F.);
#11448=ORIENTED_EDGE('',*,*,#11447,.T.);
#11450=ORIENTED_EDGE('',*,*,#11449,.T.);
#11452=ORIENTED_EDGE('',*,*,#11451,.T.);
#11454=ORIENTED_EDGE('',*,*,#11453,.T.);
#11455=EDGE_LOOP('',(#11448,#11450,#11452,#11454));
#11456=FACE_BOUND('',#11455,.F.);
#11458=ORIENTED_EDGE('',*,*,#11457,.T.);
#11460=ORIENTED_EDGE('',*,*,#11459,.T.);
#11462=ORIENTED_EDGE('',*,*,#11461,.T.);
#11464=ORIENTED_EDGE('',*,*,#11463,.T.);
#11465=EDGE_LOOP('',(#11458,#11460,#11462,#11464));
#11466=FACE_BOUND('',#11465,.F.);
#11468=ORIENTED_EDGE('',*,*,#11467,.T.);
#11470=ORIENTED_EDGE('',*,*,#11469,.T.);
#11472=ORIENTED_EDGE('',*,*,#11471,.T.);
#11474=ORIENTED_EDGE('',*,*,#11473,.T.);
#11475=EDGE_LOOP('',(#11468,#11470,#11472,#11474));
#11476=FACE_BOUND('',#11475,.F.);
#11478=ORIENTED_EDGE('',*,*,#11477,.T.);
#11480=ORIENTED_EDGE('',*,*,#11479,.T.);
#11482=ORIENTED_EDGE('',*,*,#11481,.T.);
#11484=ORIENTED_EDGE('',*,*,#11483,.T.);
#11485=EDGE_LOOP('',(#11478,#11480,#11482,#11484));
#11486=FACE_BOUND('',#11485,.F.);
#11488=ORIENTED_EDGE('',*,*,#11487,.T.);
#11490=ORIENTED_EDGE('',*,*,#11489,.T.);
#11492=ORIENTED_EDGE('',*,*,#11491,.T.);
#11494=ORIENTED_EDGE('',*,*,#11493,.T.);
#11495=EDGE_LOOP('',(#11488,#11490,#11492,#11494));
#11496=FACE_BOUND('',#11495,.F.);
#11498=ORIENTED_EDGE('',*,*,#11497,.T.);
#11500=ORIENTED_EDGE('',*,*,#11499,.T.);
#11502=ORIENTED_EDGE('',*,*,#11501,.T.);
#11504=ORIENTED_EDGE('',*,*,#11503,.T.);
#11505=EDGE_LOOP('',(#11498,#11500,#11502,#11504));
#11506=FACE_BOUND('',#11505,.F.);
#11508=ORIENTED_EDGE('',*,*,#11507,.T.);
#11510=ORIENTED_EDGE('',*,*,#11509,.T.);
#11512=ORIENTED_EDGE('',*,*,#11511,.T.);
#11514=ORIENTED_EDGE('',*,*,#11513,.T.);
#11515=EDGE_LOOP('',(#11508,#11510,#11512,#11514));
#11516=FACE_BOUND('',#11515,.F.);
#11518=ORIENTED_EDGE('',*,*,#11517,.T.);
#11520=ORIENTED_EDGE('',*,*,#11519,.T.);
#11522=ORIENTED_EDGE('',*,*,#11521,.T.);
#11524=ORIENTED_EDGE('',*,*,#11523,.T.);
#11525=EDGE_LOOP('',(#11518,#11520,#11522,#11524));
#11526=FACE_BOUND('',#11525,.F.);
#11528=ORIENTED_EDGE('',*,*,#11527,.T.);
#11530=ORIENTED_EDGE('',*,*,#11529,.T.);
#11532=ORIENTED_EDGE('',*,*,#11531,.T.);
#11534=ORIENTED_EDGE('',*,*,#11533,.T.);
#11535=EDGE_LOOP('',(#11528,#11530,#11532,#11534));
#11536=FACE_BOUND('',#11535,.F.);
#11538=ORIENTED_EDGE('',*,*,#11537,.T.);
#11540=ORIENTED_EDGE('',*,*,#11539,.T.);
#11542=ORIENTED_EDGE('',*,*,#11541,.T.);
#11544=ORIENTED_EDGE('',*,*,#11543,.T.);
#11545=EDGE_LOOP('',(#11538,#11540,#11542,#11544));
#11546=FACE_BOUND('',#11545,.F.);
#11548=ORIENTED_EDGE('',*,*,#11547,.T.);
#11550=ORIENTED_EDGE('',*,*,#11549,.T.);
#11552=ORIENTED_EDGE('',*,*,#11551,.T.);
#11554=ORIENTED_EDGE('',*,*,#11553,.T.);
#11555=EDGE_LOOP('',(#11548,#11550,#11552,#11554));
#11556=FACE_BOUND('',#11555,.F.);
#11558=ORIENTED_EDGE('',*,*,#11557,.T.);
#11560=ORIENTED_EDGE('',*,*,#11559,.T.);
#11562=ORIENTED_EDGE('',*,*,#11561,.T.);
#11564=ORIENTED_EDGE('',*,*,#11563,.T.);
#11565=EDGE_LOOP('',(#11558,#11560,#11562,#11564));
#11566=FACE_BOUND('',#11565,.F.);
#11568=ORIENTED_EDGE('',*,*,#11567,.T.);
#11570=ORIENTED_EDGE('',*,*,#11569,.T.);
#11572=ORIENTED_EDGE('',*,*,#11571,.T.);
#11574=ORIENTED_EDGE('',*,*,#11573,.T.);
#11575=EDGE_LOOP('',(#11568,#11570,#11572,#11574));
#11576=FACE_BOUND('',#11575,.F.);
#11578=ORIENTED_EDGE('',*,*,#11577,.T.);
#11580=ORIENTED_EDGE('',*,*,#11579,.T.);
#11582=ORIENTED_EDGE('',*,*,#11581,.T.);
#11584=ORIENTED_EDGE('',*,*,#11583,.T.);
#11585=EDGE_LOOP('',(#11578,#11580,#11582,#11584));
#11586=FACE_BOUND('',#11585,.F.);
#11588=ORIENTED_EDGE('',*,*,#11587,.T.);
#11590=ORIENTED_EDGE('',*,*,#11589,.T.);
#11592=ORIENTED_EDGE('',*,*,#11591,.T.);
#11594=ORIENTED_EDGE('',*,*,#11593,.T.);
#11595=EDGE_LOOP('',(#11588,#11590,#11592,#11594));
#11596=FACE_BOUND('',#11595,.F.);
#11598=ORIENTED_EDGE('',*,*,#11597,.T.);
#11600=ORIENTED_EDGE('',*,*,#11599,.T.);
#11602=ORIENTED_EDGE('',*,*,#11601,.T.);
#11604=ORIENTED_EDGE('',*,*,#11603,.T.);
#11605=EDGE_LOOP('',(#11598,#11600,#11602,#11604));
#11606=FACE_BOUND('',#11605,.F.);
#11608=ORIENTED_EDGE('',*,*,#11607,.T.);
#11610=ORIENTED_EDGE('',*,*,#11609,.T.);
#11612=ORIENTED_EDGE('',*,*,#11611,.T.);
#11614=ORIENTED_EDGE('',*,*,#11613,.T.);
#11615=EDGE_LOOP('',(#11608,#11610,#11612,#11614));
#11616=FACE_BOUND('',#11615,.F.);
#11618=ORIENTED_EDGE('',*,*,#11617,.T.);
#11620=ORIENTED_EDGE('',*,*,#11619,.T.);
#11622=ORIENTED_EDGE('',*,*,#11621,.T.);
#11624=ORIENTED_EDGE('',*,*,#11623,.T.);
#11625=EDGE_LOOP('',(#11618,#11620,#11622,#11624));
#11626=FACE_BOUND('',#11625,.F.);
#11628=ORIENTED_EDGE('',*,*,#11627,.T.);
#11630=ORIENTED_EDGE('',*,*,#11629,.T.);
#11632=ORIENTED_EDGE('',*,*,#11631,.T.);
#11634=ORIENTED_EDGE('',*,*,#11633,.T.);
#11635=EDGE_LOOP('',(#11628,#11630,#11632,#11634));
#11636=FACE_BOUND('',#11635,.F.);
#11638=ORIENTED_EDGE('',*,*,#11637,.T.);
#11640=ORIENTED_EDGE('',*,*,#11639,.T.);
#11642=ORIENTED_EDGE('',*,*,#11641,.T.);
#11644=ORIENTED_EDGE('',*,*,#11643,.T.);
#11646=ORIENTED_EDGE('',*,*,#11645,.T.);
#11648=ORIENTED_EDGE('',*,*,#11647,.T.);
#11650=ORIENTED_EDGE('',*,*,#11649,.T.);
#11652=ORIENTED_EDGE('',*,*,#11651,.T.);
#11654=ORIENTED_EDGE('',*,*,#11653,.T.);
#11656=ORIENTED_EDGE('',*,*,#11655,.T.);
#11658=ORIENTED_EDGE('',*,*,#11657,.T.);
#11660=ORIENTED_EDGE('',*,*,#11659,.T.);
#11662=ORIENTED_EDGE('',*,*,#11661,.T.);
#11664=ORIENTED_EDGE('',*,*,#11663,.T.);
#11666=ORIENTED_EDGE('',*,*,#11665,.T.);
#11668=ORIENTED_EDGE('',*,*,#11667,.T.);
#11670=ORIENTED_EDGE('',*,*,#11669,.T.);
#11672=ORIENTED_EDGE('',*,*,#11671,.T.);
#11674=ORIENTED_EDGE('',*,*,#11673,.T.);
#11676=ORIENTED_EDGE('',*,*,#11675,.T.);
#11678=ORIENTED_EDGE('',*,*,#11677,.T.);
#11680=ORIENTED_EDGE('',*,*,#11679,.T.);
#11682=ORIENTED_EDGE('',*,*,#11681,.T.);
#11684=ORIENTED_EDGE('',*,*,#11683,.T.);
#11686=ORIENTED_EDGE('',*,*,#11685,.T.);
#11688=ORIENTED_EDGE('',*,*,#11687,.T.);
#11690=ORIENTED_EDGE('',*,*,#11689,.T.);
#11692=ORIENTED_EDGE('',*,*,#11691,.T.);
#11694=ORIENTED_EDGE('',*,*,#11693,.T.);
#11696=ORIENTED_EDGE('',*,*,#11695,.T.);
#11698=ORIENTED_EDGE('',*,*,#11697,.T.);
#11700=ORIENTED_EDGE('',*,*,#11699,.T.);
#11702=ORIENTED_EDGE('',*,*,#11701,.T.);
#11704=ORIENTED_EDGE('',*,*,#11703,.T.);
#11706=ORIENTED_EDGE('',*,*,#11705,.T.);
#11708=ORIENTED_EDGE('',*,*,#11707,.T.);
#11709=EDGE_LOOP('',(#11638,#11640,#11642,#11644,#11646,#11648,#11650,#11652,
#11654,#11656,#11658,#11660,#11662,#11664,#11666,#11668,#11670,#11672,#11674,
#11676,#11678,#11680,#11682,#11684,#11686,#11688,#11690,#11692,#11694,#11696,
#11698,#11700,#11702,#11704,#11706,#11708));
#11710=FACE_BOUND('',#11709,.F.);
#11712=ORIENTED_EDGE('',*,*,#11711,.T.);
#11714=ORIENTED_EDGE('',*,*,#11713,.T.);
#11716=ORIENTED_EDGE('',*,*,#11715,.T.);
#11718=ORIENTED_EDGE('',*,*,#11717,.T.);
#11719=EDGE_LOOP('',(#11712,#11714,#11716,#11718));
#11720=FACE_BOUND('',#11719,.F.);
#11722=ORIENTED_EDGE('',*,*,#11721,.T.);
#11724=ORIENTED_EDGE('',*,*,#11723,.T.);
#11726=ORIENTED_EDGE('',*,*,#11725,.T.);
#11728=ORIENTED_EDGE('',*,*,#11727,.T.);
#11729=EDGE_LOOP('',(#11722,#11724,#11726,#11728));
#11730=FACE_BOUND('',#11729,.F.);
#11732=ORIENTED_EDGE('',*,*,#11731,.T.);
#11734=ORIENTED_EDGE('',*,*,#11733,.T.);
#11736=ORIENTED_EDGE('',*,*,#11735,.T.);
#11738=ORIENTED_EDGE('',*,*,#11737,.T.);
#11739=EDGE_LOOP('',(#11732,#11734,#11736,#11738));
#11740=FACE_BOUND('',#11739,.F.);
#11742=ORIENTED_EDGE('',*,*,#11741,.T.);
#11744=ORIENTED_EDGE('',*,*,#11743,.T.);
#11746=ORIENTED_EDGE('',*,*,#11745,.T.);
#11748=ORIENTED_EDGE('',*,*,#11747,.T.);
#11749=EDGE_LOOP('',(#11742,#11744,#11746,#11748));
#11750=FACE_BOUND('',#11749,.F.);
#11752=ORIENTED_EDGE('',*,*,#11751,.T.);
#11754=ORIENTED_EDGE('',*,*,#11753,.T.);
#11756=ORIENTED_EDGE('',*,*,#11755,.T.);
#11758=ORIENTED_EDGE('',*,*,#11757,.T.);
#11759=EDGE_LOOP('',(#11752,#11754,#11756,#11758));
#11760=FACE_BOUND('',#11759,.F.);
#11762=ORIENTED_EDGE('',*,*,#11761,.T.);
#11764=ORIENTED_EDGE('',*,*,#11763,.T.);
#11766=ORIENTED_EDGE('',*,*,#11765,.T.);
#11768=ORIENTED_EDGE('',*,*,#11767,.T.);
#11769=EDGE_LOOP('',(#11762,#11764,#11766,#11768));
#11770=FACE_BOUND('',#11769,.F.);
#11772=ORIENTED_EDGE('',*,*,#11771,.T.);
#11774=ORIENTED_EDGE('',*,*,#11773,.T.);
#11776=ORIENTED_EDGE('',*,*,#11775,.T.);
#11778=ORIENTED_EDGE('',*,*,#11777,.T.);
#11780=ORIENTED_EDGE('',*,*,#11779,.T.);
#11782=ORIENTED_EDGE('',*,*,#11781,.T.);
#11784=ORIENTED_EDGE('',*,*,#11783,.T.);
#11786=ORIENTED_EDGE('',*,*,#11785,.T.);
#11788=ORIENTED_EDGE('',*,*,#11787,.T.);
#11790=ORIENTED_EDGE('',*,*,#11789,.T.);
#11792=ORIENTED_EDGE('',*,*,#11791,.T.);
#11794=ORIENTED_EDGE('',*,*,#11793,.T.);
#11796=ORIENTED_EDGE('',*,*,#11795,.T.);
#11798=ORIENTED_EDGE('',*,*,#11797,.T.);
#11800=ORIENTED_EDGE('',*,*,#11799,.T.);
#11802=ORIENTED_EDGE('',*,*,#11801,.T.);
#11804=ORIENTED_EDGE('',*,*,#11803,.T.);
#11806=ORIENTED_EDGE('',*,*,#11805,.T.);
#11808=ORIENTED_EDGE('',*,*,#11807,.T.);
#11810=ORIENTED_EDGE('',*,*,#11809,.T.);
#11812=ORIENTED_EDGE('',*,*,#11811,.T.);
#11814=ORIENTED_EDGE('',*,*,#11813,.T.);
#11816=ORIENTED_EDGE('',*,*,#11815,.T.);
#11818=ORIENTED_EDGE('',*,*,#11817,.T.);
#11820=ORIENTED_EDGE('',*,*,#11819,.T.);
#11822=ORIENTED_EDGE('',*,*,#11821,.T.);
#11824=ORIENTED_EDGE('',*,*,#11823,.T.);
#11826=ORIENTED_EDGE('',*,*,#11825,.T.);
#11828=ORIENTED_EDGE('',*,*,#11827,.T.);
#11830=ORIENTED_EDGE('',*,*,#11829,.T.);
#11832=ORIENTED_EDGE('',*,*,#11831,.T.);
#11834=ORIENTED_EDGE('',*,*,#11833,.T.);
#11836=ORIENTED_EDGE('',*,*,#11835,.T.);
#11838=ORIENTED_EDGE('',*,*,#11837,.T.);
#11840=ORIENTED_EDGE('',*,*,#11839,.T.);
#11842=ORIENTED_EDGE('',*,*,#11841,.T.);
#11843=EDGE_LOOP('',(#11772,#11774,#11776,#11778,#11780,#11782,#11784,#11786,
#11788,#11790,#11792,#11794,#11796,#11798,#11800,#11802,#11804,#11806,#11808,
#11810,#11812,#11814,#11816,#11818,#11820,#11822,#11824,#11826,#11828,#11830,
#11832,#11834,#11836,#11838,#11840,#11842));
#11844=FACE_BOUND('',#11843,.F.);
#11846=ORIENTED_EDGE('',*,*,#11845,.T.);
#11848=ORIENTED_EDGE('',*,*,#11847,.T.);
#11850=ORIENTED_EDGE('',*,*,#11849,.T.);
#11852=ORIENTED_EDGE('',*,*,#11851,.T.);
#11853=EDGE_LOOP('',(#11846,#11848,#11850,#11852));
#11854=FACE_BOUND('',#11853,.F.);
#11856=ORIENTED_EDGE('',*,*,#11855,.T.);
#11858=ORIENTED_EDGE('',*,*,#11857,.T.);
#11860=ORIENTED_EDGE('',*,*,#11859,.T.);
#11862=ORIENTED_EDGE('',*,*,#11861,.T.);
#11863=EDGE_LOOP('',(#11856,#11858,#11860,#11862));
#11864=FACE_BOUND('',#11863,.F.);
#11866=ORIENTED_EDGE('',*,*,#11865,.T.);
#11868=ORIENTED_EDGE('',*,*,#11867,.T.);
#11870=ORIENTED_EDGE('',*,*,#11869,.T.);
#11872=ORIENTED_EDGE('',*,*,#11871,.T.);
#11873=EDGE_LOOP('',(#11866,#11868,#11870,#11872));
#11874=FACE_BOUND('',#11873,.F.);
#11875=ORIENTED_EDGE('',*,*,#10528,.F.);
#11876=ORIENTED_EDGE('',*,*,#10526,.F.);
#11877=ORIENTED_EDGE('',*,*,#10544,.F.);
#11878=ORIENTED_EDGE('',*,*,#10542,.F.);
#11879=EDGE_LOOP('',(#11875,#11876,#11877,#11878));
#11880=FACE_BOUND('',#11879,.F.);
#11881=ADVANCED_FACE('',(#10768,#10778,#10788,#10798,#10808,#10882,#10892,
#10902,#10912,#10922,#10932,#10942,#10952,#10962,#10972,#10982,#10992,#11002,
#11012,#11022,#11032,#11042,#11052,#11062,#11072,#11082,#11092,#11102,#11112,
#11122,#11132,#11142,#11152,#11162,#11172,#11182,#11192,#11202,#11212,#11222,
#11232,#11242,#11252,#11262,#11272,#11282,#11292,#11302,#11312,#11322,#11332,
#11342,#11352,#11426,#11436,#11446,#11456,#11466,#11476,#11486,#11496,#11506,
#11516,#11526,#11536,#11546,#11556,#11566,#11576,#11586,#11596,#11606,#11616,
#11626,#11636,#11710,#11720,#11730,#11740,#11750,#11760,#11770,#11844,#11854,
#11864,#11874,#11880),#10554,.F.);
#11882=CARTESIAN_POINT('',(-1.045E2,-5.85E1,0.E0));
#11883=DIRECTION('',(0.E0,0.E0,1.E0));
#11884=DIRECTION('',(-1.E0,0.E0,0.E0));
#11885=AXIS2_PLACEMENT_3D('',#11882,#11883,#11884);
#11886=CYLINDRICAL_SURFACE('',#11885,1.5E0);
#11887=ORIENTED_EDGE('',*,*,#9421,.T.);
#11889=ORIENTED_EDGE('',*,*,#11888,.T.);
#11890=ORIENTED_EDGE('',*,*,#10771,.T.);
#11891=ORIENTED_EDGE('',*,*,#10769,.T.);
#11893=ORIENTED_EDGE('',*,*,#11892,.F.);
#11894=EDGE_LOOP('',(#11887,#11889,#11890,#11891,#11893));
#11895=FACE_OUTER_BOUND('',#11894,.F.);
#11896=ADVANCED_FACE('',(#11895),#11886,.F.);
#11897=CARTESIAN_POINT('',(-1.045E2,-5.85E1,0.E0));
#11898=DIRECTION('',(0.E0,0.E0,1.E0));
#11899=DIRECTION('',(-1.E0,0.E0,0.E0));
#11900=AXIS2_PLACEMENT_3D('',#11897,#11898,#11899);
#11901=CYLINDRICAL_SURFACE('',#11900,1.5E0);
#11902=ORIENTED_EDGE('',*,*,#9423,.T.);
#11903=ORIENTED_EDGE('',*,*,#11892,.T.);
#11904=ORIENTED_EDGE('',*,*,#10775,.T.);
#11905=ORIENTED_EDGE('',*,*,#10773,.T.);
#11906=ORIENTED_EDGE('',*,*,#11888,.F.);
#11907=EDGE_LOOP('',(#11902,#11903,#11904,#11905,#11906));
#11908=FACE_OUTER_BOUND('',#11907,.F.);
#11909=ADVANCED_FACE('',(#11908),#11901,.F.);
#11910=CARTESIAN_POINT('',(-1.18E2,2.4E1,0.E0));
#11911=DIRECTION('',(0.E0,0.E0,1.E0));
#11912=DIRECTION('',(-1.E0,0.E0,0.E0));
#11913=AXIS2_PLACEMENT_3D('',#11910,#11911,#11912);
#11914=CYLINDRICAL_SURFACE('',#11913,1.5E0);
#11915=ORIENTED_EDGE('',*,*,#9427,.T.);
#11917=ORIENTED_EDGE('',*,*,#11916,.T.);
#11918=ORIENTED_EDGE('',*,*,#10781,.T.);
#11919=ORIENTED_EDGE('',*,*,#10779,.T.);
#11921=ORIENTED_EDGE('',*,*,#11920,.F.);
#11922=EDGE_LOOP('',(#11915,#11917,#11918,#11919,#11921));
#11923=FACE_OUTER_BOUND('',#11922,.F.);
#11924=ADVANCED_FACE('',(#11923),#11914,.F.);
#11925=CARTESIAN_POINT('',(-1.18E2,2.4E1,0.E0));
#11926=DIRECTION('',(0.E0,0.E0,1.E0));
#11927=DIRECTION('',(-1.E0,0.E0,0.E0));
#11928=AXIS2_PLACEMENT_3D('',#11925,#11926,#11927);
#11929=CYLINDRICAL_SURFACE('',#11928,1.5E0);
#11930=ORIENTED_EDGE('',*,*,#9429,.T.);
#11931=ORIENTED_EDGE('',*,*,#11920,.T.);
#11932=ORIENTED_EDGE('',*,*,#10785,.T.);
#11933=ORIENTED_EDGE('',*,*,#10783,.T.);
#11934=ORIENTED_EDGE('',*,*,#11916,.F.);
#11935=EDGE_LOOP('',(#11930,#11931,#11932,#11933,#11934));
#11936=FACE_OUTER_BOUND('',#11935,.F.);
#11937=ADVANCED_FACE('',(#11936),#11929,.F.);
#11938=CARTESIAN_POINT('',(1.29E2,3.E1,0.E0));
#11939=DIRECTION('',(0.E0,0.E0,1.E0));
#11940=DIRECTION('',(-1.E0,0.E0,0.E0));
#11941=AXIS2_PLACEMENT_3D('',#11938,#11939,#11940);
#11942=CYLINDRICAL_SURFACE('',#11941,1.5E0);
#11943=ORIENTED_EDGE('',*,*,#9433,.T.);
#11945=ORIENTED_EDGE('',*,*,#11944,.T.);
#11946=ORIENTED_EDGE('',*,*,#10791,.T.);
#11947=ORIENTED_EDGE('',*,*,#10789,.T.);
#11949=ORIENTED_EDGE('',*,*,#11948,.F.);
#11950=EDGE_LOOP('',(#11943,#11945,#11946,#11947,#11949));
#11951=FACE_OUTER_BOUND('',#11950,.F.);
#11952=ADVANCED_FACE('',(#11951),#11942,.F.);
#11953=CARTESIAN_POINT('',(1.29E2,3.E1,0.E0));
#11954=DIRECTION('',(0.E0,0.E0,1.E0));
#11955=DIRECTION('',(-1.E0,0.E0,0.E0));
#11956=AXIS2_PLACEMENT_3D('',#11953,#11954,#11955);
#11957=CYLINDRICAL_SURFACE('',#11956,1.5E0);
#11958=ORIENTED_EDGE('',*,*,#9435,.T.);
#11959=ORIENTED_EDGE('',*,*,#11948,.T.);
#11960=ORIENTED_EDGE('',*,*,#10795,.T.);
#11961=ORIENTED_EDGE('',*,*,#10793,.T.);
#11962=ORIENTED_EDGE('',*,*,#11944,.F.);
#11963=EDGE_LOOP('',(#11958,#11959,#11960,#11961,#11962));
#11964=FACE_OUTER_BOUND('',#11963,.F.);
#11965=ADVANCED_FACE('',(#11964),#11957,.F.);
#11966=CARTESIAN_POINT('',(8.9E1,-5.85E1,0.E0));
#11967=DIRECTION('',(0.E0,0.E0,1.E0));
#11968=DIRECTION('',(-1.E0,0.E0,0.E0));
#11969=AXIS2_PLACEMENT_3D('',#11966,#11967,#11968);
#11970=CYLINDRICAL_SURFACE('',#11969,1.5E0);
#11971=ORIENTED_EDGE('',*,*,#9439,.T.);
#11973=ORIENTED_EDGE('',*,*,#11972,.T.);
#11974=ORIENTED_EDGE('',*,*,#10801,.T.);
#11975=ORIENTED_EDGE('',*,*,#10799,.T.);
#11977=ORIENTED_EDGE('',*,*,#11976,.F.);
#11978=EDGE_LOOP('',(#11971,#11973,#11974,#11975,#11977));
#11979=FACE_OUTER_BOUND('',#11978,.F.);
#11980=ADVANCED_FACE('',(#11979),#11970,.F.);
#11981=CARTESIAN_POINT('',(8.9E1,-5.85E1,0.E0));
#11982=DIRECTION('',(0.E0,0.E0,1.E0));
#11983=DIRECTION('',(-1.E0,0.E0,0.E0));
#11984=AXIS2_PLACEMENT_3D('',#11981,#11982,#11983);
#11985=CYLINDRICAL_SURFACE('',#11984,1.5E0);
#11986=ORIENTED_EDGE('',*,*,#9441,.T.);
#11987=ORIENTED_EDGE('',*,*,#11976,.T.);
#11988=ORIENTED_EDGE('',*,*,#10805,.T.);
#11989=ORIENTED_EDGE('',*,*,#10803,.T.);
#11990=ORIENTED_EDGE('',*,*,#11972,.F.);
#11991=EDGE_LOOP('',(#11986,#11987,#11988,#11989,#11990));
#11992=FACE_OUTER_BOUND('',#11991,.F.);
#11993=ADVANCED_FACE('',(#11992),#11985,.F.);
#11994=CARTESIAN_POINT('',(-2.137499914106E1,-7.099651890220E1,
-2.407526216636E0));
#11995=DIRECTION('',(0.E0,-1.E0,0.E0));
#11996=DIRECTION('',(0.E0,0.E0,1.E0));
#11997=AXIS2_PLACEMENT_3D('',#11994,#11995,#11996);
#11998=PLANE('',#11997);
#12000=ORIENTED_EDGE('',*,*,#11999,.F.);
#12001=ORIENTED_EDGE('',*,*,#10809,.F.);
#12003=ORIENTED_EDGE('',*,*,#12002,.T.);
#12004=ORIENTED_EDGE('',*,*,#9515,.F.);
#12005=EDGE_LOOP('',(#12000,#12001,#12003,#12004));
#12006=FACE_OUTER_BOUND('',#12005,.F.);
#12007=ADVANCED_FACE('',(#12006),#11998,.F.);
#12008=CARTESIAN_POINT('',(-1.437499914106E1,-6.399651890219E1,
-5.907526216637E0));
#12009=DIRECTION('',(1.E0,0.E0,0.E0));
#12010=DIRECTION('',(0.E0,0.E0,1.E0));
#12011=AXIS2_PLACEMENT_3D('',#12008,#12009,#12010);
#12012=PLANE('',#12011);
#12013=ORIENTED_EDGE('',*,*,#10811,.F.);
#12014=ORIENTED_EDGE('',*,*,#11999,.T.);
#12015=ORIENTED_EDGE('',*,*,#9513,.T.);
#12017=ORIENTED_EDGE('',*,*,#12016,.T.);
#12018=EDGE_LOOP('',(#12013,#12014,#12015,#12017));
#12019=FACE_OUTER_BOUND('',#12018,.F.);
#12020=ADVANCED_FACE('',(#12019),#12012,.F.);
#12021=CARTESIAN_POINT('',(-7.504512024047E1,-6.618912535949E1,
-2.010752621664E1));
#12022=DIRECTION('',(0.E0,-1.E0,0.E0));
#12023=DIRECTION('',(-1.E0,0.E0,0.E0));
#12024=AXIS2_PLACEMENT_3D('',#12021,#12022,#12023);
#12025=PLANE('',#12024);
#12026=ORIENTED_EDGE('',*,*,#9511,.T.);
#12028=ORIENTED_EDGE('',*,*,#12027,.T.);
#12029=ORIENTED_EDGE('',*,*,#10813,.T.);
#12030=ORIENTED_EDGE('',*,*,#12016,.F.);
#12031=EDGE_LOOP('',(#12026,#12028,#12029,#12030));
#12032=FACE_OUTER_BOUND('',#12031,.F.);
#12033=ADVANCED_FACE('',(#12032),#12025,.F.);
#12034=CARTESIAN_POINT('',(2.530488123171E1,-6.618912535949E1,
-2.010752621664E1));
#12035=DIRECTION('',(-1.E0,0.E0,0.E0));
#12036=DIRECTION('',(0.E0,1.E0,0.E0));
#12037=AXIS2_PLACEMENT_3D('',#12034,#12035,#12036);
#12038=PLANE('',#12037);
#12039=ORIENTED_EDGE('',*,*,#9509,.T.);
#12041=ORIENTED_EDGE('',*,*,#12040,.F.);
#12042=ORIENTED_EDGE('',*,*,#10815,.T.);
#12043=ORIENTED_EDGE('',*,*,#12027,.F.);
#12044=EDGE_LOOP('',(#12039,#12041,#12042,#12043));
#12045=FACE_OUTER_BOUND('',#12044,.F.);
#12046=ADVANCED_FACE('',(#12045),#12038,.F.);
#12047=CARTESIAN_POINT('',(-2.142011913687E1,-6.943912536449E1,
-2.407526216636E0));
#12048=DIRECTION('',(0.E0,-1.E0,0.E0));
#12049=DIRECTION('',(0.E0,0.E0,-1.E0));
#12050=AXIS2_PLACEMENT_3D('',#12047,#12048,#12049);
#12051=PLANE('',#12050);
#12052=ORIENTED_EDGE('',*,*,#10817,.F.);
#12053=ORIENTED_EDGE('',*,*,#12040,.T.);
#12054=ORIENTED_EDGE('',*,*,#9507,.F.);
#12056=ORIENTED_EDGE('',*,*,#12055,.F.);
#12057=EDGE_LOOP('',(#12052,#12053,#12054,#12056));
#12058=FACE_OUTER_BOUND('',#12057,.F.);
#12059=ADVANCED_FACE('',(#12058),#12051,.F.);
#12060=CARTESIAN_POINT('',(3.195488049451E1,-6.943912536449E1,
-2.010752621664E1));
#12061=DIRECTION('',(1.E0,0.E0,0.E0));
#12062=DIRECTION('',(0.E0,-1.E0,0.E0));
#12063=AXIS2_PLACEMENT_3D('',#12060,#12061,#12062);
#12064=PLANE('',#12063);
#12065=ORIENTED_EDGE('',*,*,#9505,.T.);
#12067=ORIENTED_EDGE('',*,*,#12066,.T.);
#12068=ORIENTED_EDGE('',*,*,#10819,.T.);
#12069=ORIENTED_EDGE('',*,*,#12055,.T.);
#12070=EDGE_LOOP('',(#12065,#12067,#12068,#12069));
#12071=FACE_OUTER_BOUND('',#12070,.F.);
#12072=ADVANCED_FACE('',(#12071),#12064,.F.);
#12073=CARTESIAN_POINT('',(3.195488049451E1,-6.618912535949E1,
-2.010752621664E1));
#12074=DIRECTION('',(0.E0,-1.E0,0.E0));
#12075=DIRECTION('',(-1.E0,0.E0,0.E0));
#12076=AXIS2_PLACEMENT_3D('',#12073,#12074,#12075);
#12077=PLANE('',#12076);
#12078=ORIENTED_EDGE('',*,*,#9503,.T.);
#12080=ORIENTED_EDGE('',*,*,#12079,.F.);
#12081=ORIENTED_EDGE('',*,*,#10821,.T.);
#12082=ORIENTED_EDGE('',*,*,#12066,.F.);
#12083=EDGE_LOOP('',(#12078,#12080,#12081,#12082));
#12084=FACE_OUTER_BOUND('',#12083,.F.);
#12085=ADVANCED_FACE('',(#12084),#12077,.F.);
#12086=CARTESIAN_POINT('',(3.285488050051E1,-6.258813177442E1,
-2.407526216636E0));
#12087=DIRECTION('',(1.E0,0.E0,0.E0));
#12088=DIRECTION('',(0.E0,0.E0,1.E0));
#12089=AXIS2_PLACEMENT_3D('',#12086,#12087,#12088);
#12090=PLANE('',#12089);
#12091=ORIENTED_EDGE('',*,*,#10823,.F.);
#12092=ORIENTED_EDGE('',*,*,#12079,.T.);
#12093=ORIENTED_EDGE('',*,*,#9501,.F.);
#12095=ORIENTED_EDGE('',*,*,#12094,.F.);
#12096=EDGE_LOOP('',(#12091,#12092,#12093,#12095));
#12097=FACE_OUTER_BOUND('',#12096,.F.);
#12098=ADVANCED_FACE('',(#12097),#12090,.F.);
#12099=CARTESIAN_POINT('',(3.285488050051E1,-6.373912535728E1,
-2.010752621664E1));
#12100=DIRECTION('',(0.E0,1.E0,0.E0));
#12101=DIRECTION('',(1.E0,0.E0,0.E0));
#12102=AXIS2_PLACEMENT_3D('',#12099,#12100,#12101);
#12103=PLANE('',#12102);
#12104=ORIENTED_EDGE('',*,*,#9499,.T.);
#12106=ORIENTED_EDGE('',*,*,#12105,.T.);
#12107=ORIENTED_EDGE('',*,*,#10825,.T.);
#12108=ORIENTED_EDGE('',*,*,#12094,.T.);
#12109=EDGE_LOOP('',(#12104,#12106,#12107,#12108));
#12110=FACE_OUTER_BOUND('',#12109,.F.);
#12111=ADVANCED_FACE('',(#12110),#12103,.F.);
#12112=CARTESIAN_POINT('',(3.195488049451E1,-6.373912535728E1,
-2.010752621664E1));
#12113=DIRECTION('',(1.E0,0.E0,0.E0));
#12114=DIRECTION('',(0.E0,-1.E0,0.E0));
#12115=AXIS2_PLACEMENT_3D('',#12112,#12113,#12114);
#12116=PLANE('',#12115);
#12118=ORIENTED_EDGE('',*,*,#12117,.T.);
#12119=ORIENTED_EDGE('',*,*,#10827,.T.);
#12120=ORIENTED_EDGE('',*,*,#12105,.F.);
#12121=ORIENTED_EDGE('',*,*,#9497,.F.);
#12122=EDGE_LOOP('',(#12118,#12119,#12120,#12121));
#12123=FACE_OUTER_BOUND('',#12122,.F.);
#12124=ADVANCED_FACE('',(#12123),#12116,.F.);
#12125=CARTESIAN_POINT('',(3.195488049451E1,-5.723912536269E1,
-2.010752621664E1));
#12126=DIRECTION('',(0.E0,1.E0,0.E0));
#12127=DIRECTION('',(1.E0,0.E0,0.E0));
#12128=AXIS2_PLACEMENT_3D('',#12125,#12126,#12127);
#12129=PLANE('',#12128);
#12130=ORIENTED_EDGE('',*,*,#9495,.T.);
#12132=ORIENTED_EDGE('',*,*,#12131,.F.);
#12133=ORIENTED_EDGE('',*,*,#10829,.T.);
#12134=ORIENTED_EDGE('',*,*,#12117,.F.);
#12135=EDGE_LOOP('',(#12130,#12132,#12133,#12134));
#12136=FACE_OUTER_BOUND('',#12135,.F.);
#12137=ADVANCED_FACE('',(#12136),#12129,.F.);
#12138=CARTESIAN_POINT('',(3.018333853331E1,-5.648813180965E1,
-9.107526216634E0));
#12139=DIRECTION('',(1.E0,0.E0,0.E0));
#12140=DIRECTION('',(0.E0,0.E0,1.E0));
#12141=AXIS2_PLACEMENT_3D('',#12138,#12139,#12140);
#12142=PLANE('',#12141);
#12143=ORIENTED_EDGE('',*,*,#9493,.T.);
#12145=ORIENTED_EDGE('',*,*,#12144,.T.);
#12146=ORIENTED_EDGE('',*,*,#10831,.T.);
#12147=ORIENTED_EDGE('',*,*,#12131,.T.);
#12148=EDGE_LOOP('',(#12143,#12145,#12146,#12147));
#12149=FACE_OUTER_BOUND('',#12148,.F.);
#12150=ADVANCED_FACE('',(#12149),#12142,.F.);
#12151=CARTESIAN_POINT('',(-2.142011913687E1,-5.573713818436E1,
-2.407526216636E0));
#12152=DIRECTION('',(0.E0,1.E0,0.E0));
#12153=DIRECTION('',(0.E0,0.E0,1.E0));
#12154=AXIS2_PLACEMENT_3D('',#12151,#12152,#12153);
#12155=PLANE('',#12154);
#12156=ORIENTED_EDGE('',*,*,#10833,.F.);
#12157=ORIENTED_EDGE('',*,*,#12144,.F.);
#12158=ORIENTED_EDGE('',*,*,#9491,.F.);
#12160=ORIENTED_EDGE('',*,*,#12159,.T.);
#12161=EDGE_LOOP('',(#12156,#12157,#12158,#12160));
#12162=FACE_OUTER_BOUND('',#12161,.F.);
#12163=ADVANCED_FACE('',(#12162),#12155,.F.);
#12164=CARTESIAN_POINT('',(2.707738203843E1,-5.648813180965E1,
-9.107526216634E0));
#12165=DIRECTION('',(-1.E0,0.E0,0.E0));
#12166=DIRECTION('',(0.E0,0.E0,-1.E0));
#12167=AXIS2_PLACEMENT_3D('',#12164,#12165,#12166);
#12168=PLANE('',#12167);
#12169=ORIENTED_EDGE('',*,*,#9489,.T.);
#12171=ORIENTED_EDGE('',*,*,#12170,.F.);
#12172=ORIENTED_EDGE('',*,*,#10835,.T.);
#12173=ORIENTED_EDGE('',*,*,#12159,.F.);
#12174=EDGE_LOOP('',(#12169,#12171,#12172,#12173));
#12175=FACE_OUTER_BOUND('',#12174,.F.);
#12176=ADVANCED_FACE('',(#12175),#12168,.F.);
#12177=CARTESIAN_POINT('',(2.707988049851E1,-5.723912536269E1,
-2.010752621664E1));
#12178=DIRECTION('',(0.E0,1.E0,0.E0));
#12179=DIRECTION('',(1.E0,0.E0,0.E0));
#12180=AXIS2_PLACEMENT_3D('',#12177,#12178,#12179);
#12181=PLANE('',#12180);
#12182=ORIENTED_EDGE('',*,*,#9487,.T.);
#12184=ORIENTED_EDGE('',*,*,#12183,.T.);
#12185=ORIENTED_EDGE('',*,*,#10837,.T.);
#12186=ORIENTED_EDGE('',*,*,#12170,.T.);
#12187=EDGE_LOOP('',(#12182,#12184,#12185,#12186));
#12188=FACE_OUTER_BOUND('',#12187,.F.);
#12189=ADVANCED_FACE('',(#12188),#12181,.F.);
#12190=CARTESIAN_POINT('',(2.530488058651E1,-5.723912536269E1,
-2.010752621664E1));
#12191=DIRECTION('',(-1.E0,0.E0,0.E0));
#12192=DIRECTION('',(0.E0,1.E0,0.E0));
#12193=AXIS2_PLACEMENT_3D('',#12190,#12191,#12192);
#12194=PLANE('',#12193);
#12195=ORIENTED_EDGE('',*,*,#9485,.T.);
#12197=ORIENTED_EDGE('',*,*,#12196,.T.);
#12198=ORIENTED_EDGE('',*,*,#10839,.T.);
#12199=ORIENTED_EDGE('',*,*,#12183,.F.);
#12200=EDGE_LOOP('',(#12195,#12197,#12198,#12199));
#12201=FACE_OUTER_BOUND('',#12200,.F.);
#12202=ADVANCED_FACE('',(#12201),#12194,.F.);
#12203=CARTESIAN_POINT('',(1.830488058651E1,-6.098912535948E1,
-2.010752621664E1));
#12204=DIRECTION('',(0.E0,1.E0,0.E0));
#12205=DIRECTION('',(1.E0,0.E0,0.E0));
#12206=AXIS2_PLACEMENT_3D('',#12203,#12204,#12205);
#12207=PLANE('',#12206);
#12208=ORIENTED_EDGE('',*,*,#9483,.T.);
#12210=ORIENTED_EDGE('',*,*,#12209,.T.);
#12211=ORIENTED_EDGE('',*,*,#10841,.T.);
#12212=ORIENTED_EDGE('',*,*,#12196,.F.);
#12213=EDGE_LOOP('',(#12208,#12210,#12211,#12212));
#12214=FACE_OUTER_BOUND('',#12213,.F.);
#12215=ADVANCED_FACE('',(#12214),#12207,.F.);
#12216=CARTESIAN_POINT('',(-1.437499914106E1,-6.399651890219E1,
-5.907526216637E0));
#12217=DIRECTION('',(1.E0,0.E0,0.E0));
#12218=DIRECTION('',(0.E0,0.E0,1.E0));
#12219=AXIS2_PLACEMENT_3D('',#12216,#12217,#12218);
#12220=PLANE('',#12219);
#12221=ORIENTED_EDGE('',*,*,#9481,.T.);
#12223=ORIENTED_EDGE('',*,*,#12222,.T.);
#12224=ORIENTED_EDGE('',*,*,#10843,.F.);
#12225=ORIENTED_EDGE('',*,*,#12209,.F.);
#12226=EDGE_LOOP('',(#12221,#12223,#12224,#12225));
#12227=FACE_OUTER_BOUND('',#12226,.F.);
#12228=ADVANCED_FACE('',(#12227),#12220,.F.);
#12229=CARTESIAN_POINT('',(-2.137499914106E1,-5.699651890219E1,
-5.907526216637E0));
#12230=DIRECTION('',(0.E0,1.E0,0.E0));
#12231=DIRECTION('',(0.E0,0.E0,-1.E0));
#12232=AXIS2_PLACEMENT_3D('',#12229,#12230,#12231);
#12233=PLANE('',#12232);
#12234=ORIENTED_EDGE('',*,*,#9479,.T.);
#12236=ORIENTED_EDGE('',*,*,#12235,.T.);
#12237=ORIENTED_EDGE('',*,*,#10845,.F.);
#12238=ORIENTED_EDGE('',*,*,#12222,.F.);
#12239=EDGE_LOOP('',(#12234,#12236,#12237,#12238));
#12240=FACE_OUTER_BOUND('',#12239,.F.);
#12241=ADVANCED_FACE('',(#12240),#12233,.F.);
#12242=CARTESIAN_POINT('',(-2.837499914106E1,-6.399651890219E1,
-5.907526216637E0));
#12243=DIRECTION('',(-1.E0,0.E0,0.E0));
#12244=DIRECTION('',(0.E0,0.E0,-1.E0));
#12245=AXIS2_PLACEMENT_3D('',#12242,#12243,#12244);
#12246=PLANE('',#12245);
#12247=ORIENTED_EDGE('',*,*,#10847,.F.);
#12248=ORIENTED_EDGE('',*,*,#12235,.F.);
#12249=ORIENTED_EDGE('',*,*,#9477,.T.);
#12251=ORIENTED_EDGE('',*,*,#12250,.F.);
#12252=EDGE_LOOP('',(#12247,#12248,#12249,#12251));
#12253=FACE_OUTER_BOUND('',#12252,.F.);
#12254=ADVANCED_FACE('',(#12253),#12246,.F.);
#12255=CARTESIAN_POINT('',(2.528255194251E1,-6.098912535948E1,
-2.010752621664E1));
#12256=DIRECTION('',(0.E0,1.E0,0.E0));
#12257=DIRECTION('',(1.E0,0.E0,0.E0));
#12258=AXIS2_PLACEMENT_3D('',#12255,#12256,#12257);
#12259=PLANE('',#12258);
#12260=ORIENTED_EDGE('',*,*,#9475,.T.);
#12262=ORIENTED_EDGE('',*,*,#12261,.T.);
#12263=ORIENTED_EDGE('',*,*,#10849,.T.);
#12264=ORIENTED_EDGE('',*,*,#12250,.T.);
#12265=EDGE_LOOP('',(#12260,#12262,#12263,#12264));
#12266=FACE_OUTER_BOUND('',#12265,.F.);
#12267=ADVANCED_FACE('',(#12266),#12259,.F.);
#12268=CARTESIAN_POINT('',(-6.814511886031E1,-6.098912535948E1,
-2.010752621664E1));
#12269=DIRECTION('',(1.E0,0.E0,0.E0));
#12270=DIRECTION('',(0.E0,-1.E0,0.E0));
#12271=AXIS2_PLACEMENT_3D('',#12268,#12269,#12270);
#12272=PLANE('',#12271);
#12273=ORIENTED_EDGE('',*,*,#9473,.T.);
#12275=ORIENTED_EDGE('',*,*,#12274,.T.);
#12276=ORIENTED_EDGE('',*,*,#10851,.T.);
#12277=ORIENTED_EDGE('',*,*,#12261,.F.);
#12278=EDGE_LOOP('',(#12273,#12275,#12276,#12277));
#12279=FACE_OUTER_BOUND('',#12278,.F.);
#12280=ADVANCED_FACE('',(#12279),#12272,.F.);
#12281=CARTESIAN_POINT('',(-6.808977688331E1,-5.723912536269E1,
-2.010752621664E1));
#12282=DIRECTION('',(0.E0,1.E0,0.E0));
#12283=DIRECTION('',(1.E0,0.E0,0.E0));
#12284=AXIS2_PLACEMENT_3D('',#12281,#12282,#12283);
#12285=PLANE('',#12284);
#12286=ORIENTED_EDGE('',*,*,#9471,.T.);
#12288=ORIENTED_EDGE('',*,*,#12287,.F.);
#12289=ORIENTED_EDGE('',*,*,#10853,.T.);
#12290=ORIENTED_EDGE('',*,*,#12274,.F.);
#12291=EDGE_LOOP('',(#12286,#12288,#12289,#12290));
#12292=FACE_OUTER_BOUND('',#12291,.F.);
#12293=ADVANCED_FACE('',(#12292),#12285,.F.);
#12294=CARTESIAN_POINT('',(-6.991762031223E1,-5.648813180963E1,
-9.107526216634E0));
#12295=DIRECTION('',(1.E0,0.E0,0.E0));
#12296=DIRECTION('',(0.E0,0.E0,1.E0));
#12297=AXIS2_PLACEMENT_3D('',#12294,#12295,#12296);
#12298=PLANE('',#12297);
#12299=ORIENTED_EDGE('',*,*,#9469,.T.);
#12301=ORIENTED_EDGE('',*,*,#12300,.T.);
#12302=ORIENTED_EDGE('',*,*,#10855,.T.);
#12303=ORIENTED_EDGE('',*,*,#12287,.T.);
#12304=EDGE_LOOP('',(#12299,#12301,#12302,#12303));
#12305=FACE_OUTER_BOUND('',#12304,.F.);
#12306=ADVANCED_FACE('',(#12305),#12298,.F.);
#12307=CARTESIAN_POINT('',(-2.142011913687E1,-5.573713818436E1,
-2.407526216636E0));
#12308=DIRECTION('',(0.E0,1.E0,0.E0));
#12309=DIRECTION('',(0.E0,0.E0,1.E0));
#12310=AXIS2_PLACEMENT_3D('',#12307,#12308,#12309);
#12311=PLANE('',#12310);
#12312=ORIENTED_EDGE('',*,*,#10857,.F.);
#12313=ORIENTED_EDGE('',*,*,#12300,.F.);
#12314=ORIENTED_EDGE('',*,*,#9467,.F.);
#12316=ORIENTED_EDGE('',*,*,#12315,.T.);
#12317=EDGE_LOOP('',(#12312,#12313,#12314,#12316));
#12318=FACE_OUTER_BOUND('',#12317,.F.);
#12319=ADVANCED_FACE('',(#12318),#12311,.F.);
#12320=CARTESIAN_POINT('',(-7.302357680710E1,-5.648813180963E1,
-9.107526216634E0));
#12321=DIRECTION('',(-1.E0,0.E0,0.E0));
#12322=DIRECTION('',(0.E0,0.E0,-1.E0));
#12323=AXIS2_PLACEMENT_3D('',#12320,#12321,#12322);
#12324=PLANE('',#12323);
#12325=ORIENTED_EDGE('',*,*,#9465,.T.);
#12327=ORIENTED_EDGE('',*,*,#12326,.F.);
#12328=ORIENTED_EDGE('',*,*,#10859,.T.);
#12329=ORIENTED_EDGE('',*,*,#12315,.F.);
#12330=EDGE_LOOP('',(#12325,#12327,#12328,#12329));
#12331=FACE_OUTER_BOUND('',#12330,.F.);
#12332=ADVANCED_FACE('',(#12331),#12324,.F.);
#12333=CARTESIAN_POINT('',(-7.296477679547E1,-5.723912536269E1,
-2.010752621664E1));
#12334=DIRECTION('',(0.E0,1.E0,0.E0));
#12335=DIRECTION('',(1.E0,0.E0,0.E0));
#12336=AXIS2_PLACEMENT_3D('',#12333,#12334,#12335);
#12337=PLANE('',#12336);
#12338=ORIENTED_EDGE('',*,*,#9463,.T.);
#12340=ORIENTED_EDGE('',*,*,#12339,.T.);
#12341=ORIENTED_EDGE('',*,*,#10861,.T.);
#12342=ORIENTED_EDGE('',*,*,#12326,.T.);
#12343=EDGE_LOOP('',(#12338,#12340,#12341,#12342));
#12344=FACE_OUTER_BOUND('',#12343,.F.);
#12345=ADVANCED_FACE('',(#12344),#12337,.F.);
#12346=CARTESIAN_POINT('',(-7.479511876831E1,-5.723912536269E1,
-2.010752621664E1));
#12347=DIRECTION('',(-1.E0,0.E0,0.E0));
#12348=DIRECTION('',(0.E0,1.E0,0.E0));
#12349=AXIS2_PLACEMENT_3D('',#12346,#12347,#12348);
#12350=PLANE('',#12349);
#12351=ORIENTED_EDGE('',*,*,#9461,.T.);
#12353=ORIENTED_EDGE('',*,*,#12352,.T.);
#12354=ORIENTED_EDGE('',*,*,#10863,.T.);
#12355=ORIENTED_EDGE('',*,*,#12339,.F.);
#12356=EDGE_LOOP('',(#12351,#12353,#12354,#12355));
#12357=FACE_OUTER_BOUND('',#12356,.F.);
#12358=ADVANCED_FACE('',(#12357),#12350,.F.);
#12359=CARTESIAN_POINT('',(-7.473977679131E1,-6.373912535728E1,
-2.010752621664E1));
#12360=DIRECTION('',(0.E0,1.E0,0.E0));
#12361=DIRECTION('',(1.E0,0.E0,0.E0));
#12362=AXIS2_PLACEMENT_3D('',#12359,#12360,#12361);
#12363=PLANE('',#12362);
#12364=ORIENTED_EDGE('',*,*,#9459,.T.);
#12366=ORIENTED_EDGE('',*,*,#12365,.F.);
#12367=ORIENTED_EDGE('',*,*,#10865,.T.);
#12368=ORIENTED_EDGE('',*,*,#12352,.F.);
#12369=EDGE_LOOP('',(#12364,#12366,#12367,#12368));
#12370=FACE_OUTER_BOUND('',#12369,.F.);
#12371=ADVANCED_FACE('',(#12370),#12363,.F.);
#12372=CARTESIAN_POINT('',(-7.569511877425E1,-6.258813177442E1,
-2.407526216636E0));
#12373=DIRECTION('',(-1.E0,0.E0,0.E0));
#12374=DIRECTION('',(0.E0,0.E0,-1.E0));
#12375=AXIS2_PLACEMENT_3D('',#12372,#12373,#12374);
#12376=PLANE('',#12375);
#12377=ORIENTED_EDGE('',*,*,#10867,.F.);
#12378=ORIENTED_EDGE('',*,*,#12365,.T.);
#12379=ORIENTED_EDGE('',*,*,#9457,.F.);
#12381=ORIENTED_EDGE('',*,*,#12380,.F.);
#12382=EDGE_LOOP('',(#12377,#12378,#12379,#12381));
#12383=FACE_OUTER_BOUND('',#12382,.F.);
#12384=ADVANCED_FACE('',(#12383),#12376,.F.);
#12385=CARTESIAN_POINT('',(-7.563977679725E1,-6.618912535949E1,
-2.010752621664E1));
#12386=DIRECTION('',(0.E0,-1.E0,0.E0));
#12387=DIRECTION('',(-1.E0,0.E0,0.E0));
#12388=AXIS2_PLACEMENT_3D('',#12385,#12386,#12387);
#12389=PLANE('',#12388);
#12390=ORIENTED_EDGE('',*,*,#9455,.T.);
#12392=ORIENTED_EDGE('',*,*,#12391,.T.);
#12393=ORIENTED_EDGE('',*,*,#10869,.T.);
#12394=ORIENTED_EDGE('',*,*,#12380,.T.);
#12395=EDGE_LOOP('',(#12390,#12392,#12393,#12394));
#12396=FACE_OUTER_BOUND('',#12395,.F.);
#12397=ADVANCED_FACE('',(#12396),#12389,.F.);
#12398=CARTESIAN_POINT('',(-7.479511876831E1,-6.618912535949E1,
-2.010752621664E1));
#12399=DIRECTION('',(-1.E0,0.E0,0.E0));
#12400=DIRECTION('',(0.E0,1.E0,0.E0));
#12401=AXIS2_PLACEMENT_3D('',#12398,#12399,#12400);
#12402=PLANE('',#12401);
#12403=ORIENTED_EDGE('',*,*,#9453,.T.);
#12405=ORIENTED_EDGE('',*,*,#12404,.F.);
#12406=ORIENTED_EDGE('',*,*,#10871,.T.);
#12407=ORIENTED_EDGE('',*,*,#12391,.F.);
#12408=EDGE_LOOP('',(#12403,#12405,#12406,#12407));
#12409=FACE_OUTER_BOUND('',#12408,.F.);
#12410=ADVANCED_FACE('',(#12409),#12402,.F.);
#12411=CARTESIAN_POINT('',(-2.142011913687E1,-6.943912536449E1,
-2.407526216636E0));
#12412=DIRECTION('',(0.E0,-1.E0,0.E0));
#12413=DIRECTION('',(0.E0,0.E0,-1.E0));
#12414=AXIS2_PLACEMENT_3D('',#12411,#12412,#12413);
#12415=PLANE('',#12414);
#12416=ORIENTED_EDGE('',*,*,#10873,.F.);
#12417=ORIENTED_EDGE('',*,*,#12404,.T.);
#12418=ORIENTED_EDGE('',*,*,#9451,.F.);
#12420=ORIENTED_EDGE('',*,*,#12419,.F.);
#12421=EDGE_LOOP('',(#12416,#12417,#12418,#12420));
#12422=FACE_OUTER_BOUND('',#12421,.F.);
#12423=ADVANCED_FACE('',(#12422),#12415,.F.);
#12424=CARTESIAN_POINT('',(-6.814511950547E1,-6.943912536449E1,
-2.010752621664E1));
#12425=DIRECTION('',(1.E0,0.E0,0.E0));
#12426=DIRECTION('',(0.E0,-1.E0,0.E0));
#12427=AXIS2_PLACEMENT_3D('',#12424,#12425,#12426);
#12428=PLANE('',#12427);
#12429=ORIENTED_EDGE('',*,*,#9449,.T.);
#12431=ORIENTED_EDGE('',*,*,#12430,.T.);
#12432=ORIENTED_EDGE('',*,*,#10875,.T.);
#12433=ORIENTED_EDGE('',*,*,#12419,.T.);
#12434=EDGE_LOOP('',(#12429,#12431,#12432,#12433));
#12435=FACE_OUTER_BOUND('',#12434,.F.);
#12436=ADVANCED_FACE('',(#12435),#12428,.F.);
#12437=CARTESIAN_POINT('',(-6.806744888447E1,-6.618912535949E1,
-2.010752621664E1));
#12438=DIRECTION('',(0.E0,-1.E0,0.E0));
#12439=DIRECTION('',(-1.E0,0.E0,0.E0));
#12440=AXIS2_PLACEMENT_3D('',#12437,#12438,#12439);
#12441=PLANE('',#12440);
#12442=ORIENTED_EDGE('',*,*,#9447,.T.);
#12444=ORIENTED_EDGE('',*,*,#12443,.F.);
#12445=ORIENTED_EDGE('',*,*,#10877,.T.);
#12446=ORIENTED_EDGE('',*,*,#12430,.F.);
#12447=EDGE_LOOP('',(#12442,#12444,#12445,#12446));
#12448=FACE_OUTER_BOUND('',#12447,.F.);
#12449=ADVANCED_FACE('',(#12448),#12441,.F.);
#12450=CARTESIAN_POINT('',(-2.837499914106E1,-6.399651890219E1,
-5.907526216637E0));
#12451=DIRECTION('',(-1.E0,0.E0,0.E0));
#12452=DIRECTION('',(0.E0,0.E0,-1.E0));
#12453=AXIS2_PLACEMENT_3D('',#12450,#12451,#12452);
#12454=PLANE('',#12453);
#12455=ORIENTED_EDGE('',*,*,#9445,.T.);
#12456=ORIENTED_EDGE('',*,*,#12002,.F.);
#12457=ORIENTED_EDGE('',*,*,#10879,.F.);
#12458=ORIENTED_EDGE('',*,*,#12443,.T.);
#12459=EDGE_LOOP('',(#12455,#12456,#12457,#12458));
#12460=FACE_OUTER_BOUND('',#12459,.F.);
#12461=ADVANCED_FACE('',(#12460),#12454,.F.);
#12462=CARTESIAN_POINT('',(1.498000008334E2,-4.494651890312E1,
-5.907526216637E0));
#12463=DIRECTION('',(1.E0,0.E0,0.E0));
#12464=DIRECTION('',(0.E0,0.E0,1.E0));
#12465=AXIS2_PLACEMENT_3D('',#12462,#12463,#12464);
#12466=PLANE('',#12465);
#12467=ORIENTED_EDGE('',*,*,#9525,.T.);
#12469=ORIENTED_EDGE('',*,*,#12468,.T.);
#12470=ORIENTED_EDGE('',*,*,#10883,.F.);
#12472=ORIENTED_EDGE('',*,*,#12471,.F.);
#12473=EDGE_LOOP('',(#12467,#12469,#12470,#12472));
#12474=FACE_OUTER_BOUND('',#12473,.F.);
#12475=ADVANCED_FACE('',(#12474),#12466,.F.);
#12476=CARTESIAN_POINT('',(1.428000008334E2,-3.794651890312E1,
-5.907526216637E0));
#12477=DIRECTION('',(0.E0,1.E0,0.E0));
#12478=DIRECTION('',(0.E0,0.E0,-1.E0));
#12479=AXIS2_PLACEMENT_3D('',#12476,#12477,#12478);
#12480=PLANE('',#12479);
#12481=ORIENTED_EDGE('',*,*,#9523,.T.);
#12483=ORIENTED_EDGE('',*,*,#12482,.T.);
#12484=ORIENTED_EDGE('',*,*,#10885,.F.);
#12485=ORIENTED_EDGE('',*,*,#12468,.F.);
#12486=EDGE_LOOP('',(#12481,#12483,#12484,#12485));
#12487=FACE_OUTER_BOUND('',#12486,.F.);
#12488=ADVANCED_FACE('',(#12487),#12480,.F.);
#12489=CARTESIAN_POINT('',(1.358000008334E2,-4.494651890312E1,
-5.907526216637E0));
#12490=DIRECTION('',(-1.E0,0.E0,0.E0));
#12491=DIRECTION('',(0.E0,0.E0,-1.E0));
#12492=AXIS2_PLACEMENT_3D('',#12489,#12490,#12491);
#12493=PLANE('',#12492);
#12494=ORIENTED_EDGE('',*,*,#9521,.T.);
#12496=ORIENTED_EDGE('',*,*,#12495,.T.);
#12497=ORIENTED_EDGE('',*,*,#10887,.F.);
#12498=ORIENTED_EDGE('',*,*,#12482,.F.);
#12499=EDGE_LOOP('',(#12494,#12496,#12497,#12498));
#12500=FACE_OUTER_BOUND('',#12499,.F.);
#12501=ADVANCED_FACE('',(#12500),#12493,.F.);
#12502=CARTESIAN_POINT('',(1.428000008334E2,-5.194651890313E1,
-5.907526216637E0));
#12503=DIRECTION('',(0.E0,-1.E0,0.E0));
#12504=DIRECTION('',(0.E0,0.E0,1.E0));
#12505=AXIS2_PLACEMENT_3D('',#12502,#12503,#12504);
#12506=PLANE('',#12505);
#12507=ORIENTED_EDGE('',*,*,#9519,.T.);
#12508=ORIENTED_EDGE('',*,*,#12471,.T.);
#12509=ORIENTED_EDGE('',*,*,#10889,.F.);
#12510=ORIENTED_EDGE('',*,*,#12495,.F.);
#12511=EDGE_LOOP('',(#12507,#12508,#12509,#12510));
#12512=FACE_OUTER_BOUND('',#12511,.F.);
#12513=ADVANCED_FACE('',(#12512),#12506,.F.);
#12514=CARTESIAN_POINT('',(-8.813749927508E1,3.605348109843E1,
-5.907526216637E0));
#12515=DIRECTION('',(1.E0,0.E0,0.E0));
#12516=DIRECTION('',(0.E0,0.E0,1.E0));
#12517=AXIS2_PLACEMENT_3D('',#12514,#12515,#12516);
#12518=PLANE('',#12517);
#12519=ORIENTED_EDGE('',*,*,#9535,.T.);
#12521=ORIENTED_EDGE('',*,*,#12520,.T.);
#12522=ORIENTED_EDGE('',*,*,#10893,.F.);
#12524=ORIENTED_EDGE('',*,*,#12523,.F.);
#12525=EDGE_LOOP('',(#12519,#12521,#12522,#12524));
#12526=FACE_OUTER_BOUND('',#12525,.F.);
#12527=ADVANCED_FACE('',(#12526),#12518,.F.);
#12528=CARTESIAN_POINT('',(-9.513749927508E1,4.305348109843E1,
-5.907526216637E0));
#12529=DIRECTION('',(0.E0,1.E0,0.E0));
#12530=DIRECTION('',(0.E0,0.E0,-1.E0));
#12531=AXIS2_PLACEMENT_3D('',#12528,#12529,#12530);
#12532=PLANE('',#12531);
#12533=ORIENTED_EDGE('',*,*,#9533,.T.);
#12535=ORIENTED_EDGE('',*,*,#12534,.T.);
#12536=ORIENTED_EDGE('',*,*,#10895,.F.);
#12537=ORIENTED_EDGE('',*,*,#12520,.F.);
#12538=EDGE_LOOP('',(#12533,#12535,#12536,#12537));
#12539=FACE_OUTER_BOUND('',#12538,.F.);
#12540=ADVANCED_FACE('',(#12539),#12532,.F.);
#12541=CARTESIAN_POINT('',(-1.021374992751E2,3.605348109843E1,
-5.907526216637E0));
#12542=DIRECTION('',(-1.E0,0.E0,0.E0));
#12543=DIRECTION('',(0.E0,0.E0,-1.E0));
#12544=AXIS2_PLACEMENT_3D('',#12541,#12542,#12543);
#12545=PLANE('',#12544);
#12546=ORIENTED_EDGE('',*,*,#9531,.T.);
#12548=ORIENTED_EDGE('',*,*,#12547,.T.);
#12549=ORIENTED_EDGE('',*,*,#10897,.F.);
#12550=ORIENTED_EDGE('',*,*,#12534,.F.);
#12551=EDGE_LOOP('',(#12546,#12548,#12549,#12550));
#12552=FACE_OUTER_BOUND('',#12551,.F.);
#12553=ADVANCED_FACE('',(#12552),#12545,.F.);
#12554=CARTESIAN_POINT('',(-9.513749927508E1,2.905348109842E1,
-5.907526216637E0));
#12555=DIRECTION('',(0.E0,-1.E0,0.E0));
#12556=DIRECTION('',(0.E0,0.E0,1.E0));
#12557=AXIS2_PLACEMENT_3D('',#12554,#12555,#12556);
#12558=PLANE('',#12557);
#12559=ORIENTED_EDGE('',*,*,#9529,.T.);
#12560=ORIENTED_EDGE('',*,*,#12523,.T.);
#12561=ORIENTED_EDGE('',*,*,#10899,.F.);
#12562=ORIENTED_EDGE('',*,*,#12547,.F.);
#12563=EDGE_LOOP('',(#12559,#12560,#12561,#12562));
#12564=FACE_OUTER_BOUND('',#12563,.F.);
#12565=ADVANCED_FACE('',(#12564),#12558,.F.);
#12566=CARTESIAN_POINT('',(-2.449999140083E0,1.220348109843E1,
-5.907526216637E0));
#12567=DIRECTION('',(1.E0,0.E0,0.E0));
#12568=DIRECTION('',(0.E0,0.E0,1.E0));
#12569=AXIS2_PLACEMENT_3D('',#12566,#12567,#12568);
#12570=PLANE('',#12569);
#12571=ORIENTED_EDGE('',*,*,#9545,.T.);
#12573=ORIENTED_EDGE('',*,*,#12572,.T.);
#12574=ORIENTED_EDGE('',*,*,#10903,.F.);
#12576=ORIENTED_EDGE('',*,*,#12575,.F.);
#12577=EDGE_LOOP('',(#12571,#12573,#12574,#12576));
#12578=FACE_OUTER_BOUND('',#12577,.F.);
#12579=ADVANCED_FACE('',(#12578),#12570,.F.);
#12580=CARTESIAN_POINT('',(-9.449999140083E0,1.920348109843E1,
-5.907526216637E0));
#12581=DIRECTION('',(0.E0,1.E0,0.E0));
#12582=DIRECTION('',(0.E0,0.E0,-1.E0));
#12583=AXIS2_PLACEMENT_3D('',#12580,#12581,#12582);
#12584=PLANE('',#12583);
#12585=ORIENTED_EDGE('',*,*,#9543,.T.);
#12587=ORIENTED_EDGE('',*,*,#12586,.T.);
#12588=ORIENTED_EDGE('',*,*,#10905,.F.);
#12589=ORIENTED_EDGE('',*,*,#12572,.F.);
#12590=EDGE_LOOP('',(#12585,#12587,#12588,#12589));
#12591=FACE_OUTER_BOUND('',#12590,.F.);
#12592=ADVANCED_FACE('',(#12591),#12584,.F.);
#12593=CARTESIAN_POINT('',(-1.644999914008E1,1.220348109843E1,
-5.907526216637E0));
#12594=DIRECTION('',(-1.E0,0.E0,0.E0));
#12595=DIRECTION('',(0.E0,0.E0,-1.E0));
#12596=AXIS2_PLACEMENT_3D('',#12593,#12594,#12595);
#12597=PLANE('',#12596);
#12598=ORIENTED_EDGE('',*,*,#9541,.T.);
#12600=ORIENTED_EDGE('',*,*,#12599,.T.);
#12601=ORIENTED_EDGE('',*,*,#10907,.F.);
#12602=ORIENTED_EDGE('',*,*,#12586,.F.);
#12603=EDGE_LOOP('',(#12598,#12600,#12601,#12602));
#12604=FACE_OUTER_BOUND('',#12603,.F.);
#12605=ADVANCED_FACE('',(#12604),#12597,.F.);
#12606=CARTESIAN_POINT('',(-9.449999140083E0,5.203481098424E0,
-5.907526216637E0));
#12607=DIRECTION('',(0.E0,-1.E0,0.E0));
#12608=DIRECTION('',(0.E0,0.E0,1.E0));
#12609=AXIS2_PLACEMENT_3D('',#12606,#12607,#12608);
#12610=PLANE('',#12609);
#12611=ORIENTED_EDGE('',*,*,#9539,.T.);
#12612=ORIENTED_EDGE('',*,*,#12575,.T.);
#12613=ORIENTED_EDGE('',*,*,#10909,.F.);
#12614=ORIENTED_EDGE('',*,*,#12599,.F.);
#12615=EDGE_LOOP('',(#12611,#12612,#12613,#12614));
#12616=FACE_OUTER_BOUND('',#12615,.F.);
#12617=ADVANCED_FACE('',(#12616),#12610,.F.);
#12618=CARTESIAN_POINT('',(-1.071874992751E2,3.605348109843E1,
-5.907526216637E0));
#12619=DIRECTION('',(1.E0,0.E0,0.E0));
#12620=DIRECTION('',(0.E0,0.E0,1.E0));
#12621=AXIS2_PLACEMENT_3D('',#12618,#12619,#12620);
#12622=PLANE('',#12621);
#12623=ORIENTED_EDGE('',*,*,#9555,.T.);
#12625=ORIENTED_EDGE('',*,*,#12624,.T.);
#12626=ORIENTED_EDGE('',*,*,#10913,.F.);
#12628=ORIENTED_EDGE('',*,*,#12627,.F.);
#12629=EDGE_LOOP('',(#12623,#12625,#12626,#12628));
#12630=FACE_OUTER_BOUND('',#12629,.F.);
#12631=ADVANCED_FACE('',(#12630),#12622,.F.);
#12632=CARTESIAN_POINT('',(-1.141874992751E2,4.305348109843E1,
-5.907526216637E0));
#12633=DIRECTION('',(0.E0,1.E0,0.E0));
#12634=DIRECTION('',(0.E0,0.E0,-1.E0));
#12635=AXIS2_PLACEMENT_3D('',#12632,#12633,#12634);
#12636=PLANE('',#12635);
#12637=ORIENTED_EDGE('',*,*,#9553,.T.);
#12639=ORIENTED_EDGE('',*,*,#12638,.T.);
#12640=ORIENTED_EDGE('',*,*,#10915,.F.);
#12641=ORIENTED_EDGE('',*,*,#12624,.F.);
#12642=EDGE_LOOP('',(#12637,#12639,#12640,#12641));
#12643=FACE_OUTER_BOUND('',#12642,.F.);
#12644=ADVANCED_FACE('',(#12643),#12636,.F.);
#12645=CARTESIAN_POINT('',(-1.211874992751E2,3.605348109843E1,
-5.907526216637E0));
#12646=DIRECTION('',(-1.E0,0.E0,0.E0));
#12647=DIRECTION('',(0.E0,0.E0,-1.E0));
#12648=AXIS2_PLACEMENT_3D('',#12645,#12646,#12647);
#12649=PLANE('',#12648);
#12650=ORIENTED_EDGE('',*,*,#9551,.T.);
#12652=ORIENTED_EDGE('',*,*,#12651,.T.);
#12653=ORIENTED_EDGE('',*,*,#10917,.F.);
#12654=ORIENTED_EDGE('',*,*,#12638,.F.);
#12655=EDGE_LOOP('',(#12650,#12652,#12653,#12654));
#12656=FACE_OUTER_BOUND('',#12655,.F.);
#12657=ADVANCED_FACE('',(#12656),#12649,.F.);
#12658=CARTESIAN_POINT('',(-1.141874992751E2,2.905348109842E1,
-5.907526216637E0));
#12659=DIRECTION('',(0.E0,-1.E0,0.E0));
#12660=DIRECTION('',(0.E0,0.E0,1.E0));
#12661=AXIS2_PLACEMENT_3D('',#12658,#12659,#12660);
#12662=PLANE('',#12661);
#12663=ORIENTED_EDGE('',*,*,#9549,.T.);
#12664=ORIENTED_EDGE('',*,*,#12627,.T.);
#12665=ORIENTED_EDGE('',*,*,#10919,.F.);
#12666=ORIENTED_EDGE('',*,*,#12651,.F.);
#12667=EDGE_LOOP('',(#12663,#12664,#12665,#12666));
#12668=FACE_OUTER_BOUND('',#12667,.F.);
#12669=ADVANCED_FACE('',(#12668),#12662,.F.);
#12670=CARTESIAN_POINT('',(1.498000008352E2,1.220348110102E1,
-5.907526216637E0));
#12671=DIRECTION('',(1.E0,0.E0,0.E0));
#12672=DIRECTION('',(0.E0,0.E0,1.E0));
#12673=AXIS2_PLACEMENT_3D('',#12670,#12671,#12672);
#12674=PLANE('',#12673);
#12675=ORIENTED_EDGE('',*,*,#9565,.T.);
#12677=ORIENTED_EDGE('',*,*,#12676,.T.);
#12678=ORIENTED_EDGE('',*,*,#10923,.F.);
#12680=ORIENTED_EDGE('',*,*,#12679,.F.);
#12681=EDGE_LOOP('',(#12675,#12677,#12678,#12680));
#12682=FACE_OUTER_BOUND('',#12681,.F.);
#12683=ADVANCED_FACE('',(#12682),#12674,.F.);
#12684=CARTESIAN_POINT('',(1.428000008352E2,1.920348110102E1,
-5.907526216637E0));
#12685=DIRECTION('',(0.E0,1.E0,0.E0));
#12686=DIRECTION('',(0.E0,0.E0,-1.E0));
#12687=AXIS2_PLACEMENT_3D('',#12684,#12685,#12686);
#12688=PLANE('',#12687);
#12689=ORIENTED_EDGE('',*,*,#9563,.T.);
#12691=ORIENTED_EDGE('',*,*,#12690,.T.);
#12692=ORIENTED_EDGE('',*,*,#10925,.F.);
#12693=ORIENTED_EDGE('',*,*,#12676,.F.);
#12694=EDGE_LOOP('',(#12689,#12691,#12692,#12693));
#12695=FACE_OUTER_BOUND('',#12694,.F.);
#12696=ADVANCED_FACE('',(#12695),#12688,.F.);
#12697=CARTESIAN_POINT('',(1.358000008352E2,1.220348110102E1,
-5.907526216637E0));
#12698=DIRECTION('',(-1.E0,0.E0,0.E0));
#12699=DIRECTION('',(0.E0,0.E0,-1.E0));
#12700=AXIS2_PLACEMENT_3D('',#12697,#12698,#12699);
#12701=PLANE('',#12700);
#12702=ORIENTED_EDGE('',*,*,#9561,.T.);
#12704=ORIENTED_EDGE('',*,*,#12703,.T.);
#12705=ORIENTED_EDGE('',*,*,#10927,.F.);
#12706=ORIENTED_EDGE('',*,*,#12690,.F.);
#12707=EDGE_LOOP('',(#12702,#12704,#12705,#12706));
#12708=FACE_OUTER_BOUND('',#12707,.F.);
#12709=ADVANCED_FACE('',(#12708),#12701,.F.);
#12710=CARTESIAN_POINT('',(1.428000008352E2,5.203481101014E0,
-5.907526216637E0));
#12711=DIRECTION('',(0.E0,-1.E0,0.E0));
#12712=DIRECTION('',(0.E0,0.E0,1.E0));
#12713=AXIS2_PLACEMENT_3D('',#12710,#12711,#12712);
#12714=PLANE('',#12713);
#12715=ORIENTED_EDGE('',*,*,#9559,.T.);
#12716=ORIENTED_EDGE('',*,*,#12679,.T.);
#12717=ORIENTED_EDGE('',*,*,#10929,.F.);
#12718=ORIENTED_EDGE('',*,*,#12703,.F.);
#12719=EDGE_LOOP('',(#12715,#12716,#12717,#12718));
#12720=FACE_OUTER_BOUND('',#12719,.F.);
#12721=ADVANCED_FACE('',(#12720),#12714,.F.);
#12722=CARTESIAN_POINT('',(1.307500008604E2,-6.399651890312E1,
-5.907526216637E0));
#12723=DIRECTION('',(1.E0,0.E0,0.E0));
#12724=DIRECTION('',(0.E0,0.E0,1.E0));
#12725=AXIS2_PLACEMENT_3D('',#12722,#12723,#12724);
#12726=PLANE('',#12725);
#12727=ORIENTED_EDGE('',*,*,#9575,.T.);
#12729=ORIENTED_EDGE('',*,*,#12728,.T.);
#12730=ORIENTED_EDGE('',*,*,#10933,.F.);
#12732=ORIENTED_EDGE('',*,*,#12731,.F.);
#12733=EDGE_LOOP('',(#12727,#12729,#12730,#12732));
#12734=FACE_OUTER_BOUND('',#12733,.F.);
#12735=ADVANCED_FACE('',(#12734),#12726,.F.);
#12736=CARTESIAN_POINT('',(1.237500008604E2,-5.699651890312E1,
-5.907526216637E0));
#12737=DIRECTION('',(0.E0,1.E0,0.E0));
#12738=DIRECTION('',(0.E0,0.E0,-1.E0));
#12739=AXIS2_PLACEMENT_3D('',#12736,#12737,#12738);
#12740=PLANE('',#12739);
#12741=ORIENTED_EDGE('',*,*,#9573,.T.);
#12743=ORIENTED_EDGE('',*,*,#12742,.T.);
#12744=ORIENTED_EDGE('',*,*,#10935,.F.);
#12745=ORIENTED_EDGE('',*,*,#12728,.F.);
#12746=EDGE_LOOP('',(#12741,#12743,#12744,#12745));
#12747=FACE_OUTER_BOUND('',#12746,.F.);
#12748=ADVANCED_FACE('',(#12747),#12740,.F.);
#12749=CARTESIAN_POINT('',(1.167500008604E2,-6.399651890312E1,
-5.907526216637E0));
#12750=DIRECTION('',(-1.E0,0.E0,0.E0));
#12751=DIRECTION('',(0.E0,0.E0,-1.E0));
#12752=AXIS2_PLACEMENT_3D('',#12749,#12750,#12751);
#12753=PLANE('',#12752);
#12754=ORIENTED_EDGE('',*,*,#9571,.T.);
#12756=ORIENTED_EDGE('',*,*,#12755,.T.);
#12757=ORIENTED_EDGE('',*,*,#10937,.F.);
#12758=ORIENTED_EDGE('',*,*,#12742,.F.);
#12759=EDGE_LOOP('',(#12754,#12756,#12757,#12758));
#12760=FACE_OUTER_BOUND('',#12759,.F.);
#12761=ADVANCED_FACE('',(#12760),#12753,.F.);
#12762=CARTESIAN_POINT('',(1.237500008604E2,-7.099651890313E1,
-5.907526216637E0));
#12763=DIRECTION('',(0.E0,-1.E0,0.E0));
#12764=DIRECTION('',(0.E0,0.E0,1.E0));
#12765=AXIS2_PLACEMENT_3D('',#12762,#12763,#12764);
#12766=PLANE('',#12765);
#12767=ORIENTED_EDGE('',*,*,#9569,.T.);
#12768=ORIENTED_EDGE('',*,*,#12731,.T.);
#12769=ORIENTED_EDGE('',*,*,#10939,.F.);
#12770=ORIENTED_EDGE('',*,*,#12755,.F.);
#12771=EDGE_LOOP('',(#12767,#12768,#12769,#12770));
#12772=FACE_OUTER_BOUND('',#12771,.F.);
#12773=ADVANCED_FACE('',(#12772),#12766,.F.);
#12774=CARTESIAN_POINT('',(-1.095499991400E2,-6.399651890161E1,
-5.907526216637E0));
#12775=DIRECTION('',(1.E0,0.E0,0.E0));
#12776=DIRECTION('',(0.E0,0.E0,1.E0));
#12777=AXIS2_PLACEMENT_3D('',#12774,#12775,#12776);
#12778=PLANE('',#12777);
#12779=ORIENTED_EDGE('',*,*,#9585,.T.);
#12781=ORIENTED_EDGE('',*,*,#12780,.T.);
#12782=ORIENTED_EDGE('',*,*,#10943,.F.);
#12784=ORIENTED_EDGE('',*,*,#12783,.F.);
#12785=EDGE_LOOP('',(#12779,#12781,#12782,#12784));
#12786=FACE_OUTER_BOUND('',#12785,.F.);
#12787=ADVANCED_FACE('',(#12786),#12778,.F.);
#12788=CARTESIAN_POINT('',(-1.165499991400E2,-5.699651890161E1,
-5.907526216637E0));
#12789=DIRECTION('',(0.E0,1.E0,0.E0));
#12790=DIRECTION('',(0.E0,0.E0,-1.E0));
#12791=AXIS2_PLACEMENT_3D('',#12788,#12789,#12790);
#12792=PLANE('',#12791);
#12793=ORIENTED_EDGE('',*,*,#9583,.T.);
#12795=ORIENTED_EDGE('',*,*,#12794,.T.);
#12796=ORIENTED_EDGE('',*,*,#10945,.F.);
#12797=ORIENTED_EDGE('',*,*,#12780,.F.);
#12798=EDGE_LOOP('',(#12793,#12795,#12796,#12797));
#12799=FACE_OUTER_BOUND('',#12798,.F.);
#12800=ADVANCED_FACE('',(#12799),#12792,.F.);
#12801=CARTESIAN_POINT('',(-1.235499991400E2,-6.399651890161E1,
-5.907526216637E0));
#12802=DIRECTION('',(-1.E0,0.E0,0.E0));
#12803=DIRECTION('',(0.E0,0.E0,-1.E0));
#12804=AXIS2_PLACEMENT_3D('',#12801,#12802,#12803);
#12805=PLANE('',#12804);
#12806=ORIENTED_EDGE('',*,*,#9581,.T.);
#12808=ORIENTED_EDGE('',*,*,#12807,.T.);
#12809=ORIENTED_EDGE('',*,*,#10947,.F.);
#12810=ORIENTED_EDGE('',*,*,#12794,.F.);
#12811=EDGE_LOOP('',(#12806,#12808,#12809,#12810));
#12812=FACE_OUTER_BOUND('',#12811,.F.);
#12813=ADVANCED_FACE('',(#12812),#12805,.F.);
#12814=CARTESIAN_POINT('',(-1.165499991400E2,-7.099651890161E1,
-5.907526216637E0));
#12815=DIRECTION('',(0.E0,-1.E0,0.E0));
#12816=DIRECTION('',(0.E0,0.E0,1.E0));
#12817=AXIS2_PLACEMENT_3D('',#12814,#12815,#12816);
#12818=PLANE('',#12817);
#12819=ORIENTED_EDGE('',*,*,#9579,.T.);
#12820=ORIENTED_EDGE('',*,*,#12783,.T.);
#12821=ORIENTED_EDGE('',*,*,#10949,.F.);
#12822=ORIENTED_EDGE('',*,*,#12807,.F.);
#12823=EDGE_LOOP('',(#12819,#12820,#12821,#12822));
#12824=FACE_OUTER_BOUND('',#12823,.F.);
#12825=ADVANCED_FACE('',(#12824),#12818,.F.);
#12826=CARTESIAN_POINT('',(-2.374999267083E0,3.605348109843E1,
-5.907526216637E0));
#12827=DIRECTION('',(1.E0,0.E0,0.E0));
#12828=DIRECTION('',(0.E0,0.E0,1.E0));
#12829=AXIS2_PLACEMENT_3D('',#12826,#12827,#12828);
#12830=PLANE('',#12829);
#12831=ORIENTED_EDGE('',*,*,#9595,.T.);
#12833=ORIENTED_EDGE('',*,*,#12832,.T.);
#12834=ORIENTED_EDGE('',*,*,#10953,.F.);
#12836=ORIENTED_EDGE('',*,*,#12835,.F.);
#12837=EDGE_LOOP('',(#12831,#12833,#12834,#12836));
#12838=FACE_OUTER_BOUND('',#12837,.F.);
#12839=ADVANCED_FACE('',(#12838),#12830,.F.);
#12840=CARTESIAN_POINT('',(-9.374999267083E0,4.305348109843E1,
-5.907526216637E0));
#12841=DIRECTION('',(0.E0,1.E0,0.E0));
#12842=DIRECTION('',(0.E0,0.E0,-1.E0));
#12843=AXIS2_PLACEMENT_3D('',#12840,#12841,#12842);
#12844=PLANE('',#12843);
#12845=ORIENTED_EDGE('',*,*,#9593,.T.);
#12847=ORIENTED_EDGE('',*,*,#12846,.T.);
#12848=ORIENTED_EDGE('',*,*,#10955,.F.);
#12849=ORIENTED_EDGE('',*,*,#12832,.F.);
#12850=EDGE_LOOP('',(#12845,#12847,#12848,#12849));
#12851=FACE_OUTER_BOUND('',#12850,.F.);
#12852=ADVANCED_FACE('',(#12851),#12844,.F.);
#12853=CARTESIAN_POINT('',(-1.637499926708E1,3.605348109843E1,
-5.907526216637E0));
#12854=DIRECTION('',(-1.E0,0.E0,0.E0));
#12855=DIRECTION('',(0.E0,0.E0,-1.E0));
#12856=AXIS2_PLACEMENT_3D('',#12853,#12854,#12855);
#12857=PLANE('',#12856);
#12858=ORIENTED_EDGE('',*,*,#9591,.T.);
#12860=ORIENTED_EDGE('',*,*,#12859,.T.);
#12861=ORIENTED_EDGE('',*,*,#10957,.F.);
#12862=ORIENTED_EDGE('',*,*,#12846,.F.);
#12863=EDGE_LOOP('',(#12858,#12860,#12861,#12862));
#12864=FACE_OUTER_BOUND('',#12863,.F.);
#12865=ADVANCED_FACE('',(#12864),#12857,.F.);
#12866=CARTESIAN_POINT('',(-9.374999267083E0,2.905348109842E1,
-5.907526216637E0));
#12867=DIRECTION('',(0.E0,-1.E0,0.E0));
#12868=DIRECTION('',(0.E0,0.E0,1.E0));
#12869=AXIS2_PLACEMENT_3D('',#12866,#12867,#12868);
#12870=PLANE('',#12869);
#12871=ORIENTED_EDGE('',*,*,#9589,.T.);
#12872=ORIENTED_EDGE('',*,*,#12835,.T.);
#12873=ORIENTED_EDGE('',*,*,#10959,.F.);
#12874=ORIENTED_EDGE('',*,*,#12859,.F.);
#12875=EDGE_LOOP('',(#12871,#12872,#12873,#12874));
#12876=FACE_OUTER_BOUND('',#12875,.F.);
#12877=ADVANCED_FACE('',(#12876),#12870,.F.);
#12878=CARTESIAN_POINT('',(5.695000085970E1,-6.399651890161E1,
-5.907526216637E0));
#12879=DIRECTION('',(1.E0,0.E0,0.E0));
#12880=DIRECTION('',(0.E0,0.E0,1.E0));
#12881=AXIS2_PLACEMENT_3D('',#12878,#12879,#12880);
#12882=PLANE('',#12881);
#12883=ORIENTED_EDGE('',*,*,#9605,.T.);
#12885=ORIENTED_EDGE('',*,*,#12884,.T.);
#12886=ORIENTED_EDGE('',*,*,#10963,.F.);
#12888=ORIENTED_EDGE('',*,*,#12887,.F.);
#12889=EDGE_LOOP('',(#12883,#12885,#12886,#12888));
#12890=FACE_OUTER_BOUND('',#12889,.F.);
#12891=ADVANCED_FACE('',(#12890),#12882,.F.);
#12892=CARTESIAN_POINT('',(4.995000085970E1,-5.699651890161E1,
-5.907526216637E0));
#12893=DIRECTION('',(0.E0,1.E0,0.E0));
#12894=DIRECTION('',(0.E0,0.E0,-1.E0));
#12895=AXIS2_PLACEMENT_3D('',#12892,#12893,#12894);
#12896=PLANE('',#12895);
#12897=ORIENTED_EDGE('',*,*,#9603,.T.);
#12899=ORIENTED_EDGE('',*,*,#12898,.T.);
#12900=ORIENTED_EDGE('',*,*,#10965,.F.);
#12901=ORIENTED_EDGE('',*,*,#12884,.F.);
#12902=EDGE_LOOP('',(#12897,#12899,#12900,#12901));
#12903=FACE_OUTER_BOUND('',#12902,.F.);
#12904=ADVANCED_FACE('',(#12903),#12896,.F.);
#12905=CARTESIAN_POINT('',(4.295000085970E1,-6.399651890161E1,
-5.907526216637E0));
#12906=DIRECTION('',(-1.E0,0.E0,0.E0));
#12907=DIRECTION('',(0.E0,0.E0,-1.E0));
#12908=AXIS2_PLACEMENT_3D('',#12905,#12906,#12907);
#12909=PLANE('',#12908);
#12910=ORIENTED_EDGE('',*,*,#9601,.T.);
#12912=ORIENTED_EDGE('',*,*,#12911,.T.);
#12913=ORIENTED_EDGE('',*,*,#10967,.F.);
#12914=ORIENTED_EDGE('',*,*,#12898,.F.);
#12915=EDGE_LOOP('',(#12910,#12912,#12913,#12914));
#12916=FACE_OUTER_BOUND('',#12915,.F.);
#12917=ADVANCED_FACE('',(#12916),#12909,.F.);
#12918=CARTESIAN_POINT('',(4.995000085970E1,-7.099651890161E1,
-5.907526216637E0));
#12919=DIRECTION('',(0.E0,-1.E0,0.E0));
#12920=DIRECTION('',(0.E0,0.E0,1.E0));
#12921=AXIS2_PLACEMENT_3D('',#12918,#12919,#12920);
#12922=PLANE('',#12921);
#12923=ORIENTED_EDGE('',*,*,#9599,.T.);
#12924=ORIENTED_EDGE('',*,*,#12887,.T.);
#12925=ORIENTED_EDGE('',*,*,#10969,.F.);
#12926=ORIENTED_EDGE('',*,*,#12911,.F.);
#12927=EDGE_LOOP('',(#12923,#12924,#12925,#12926));
#12928=FACE_OUTER_BOUND('',#12927,.F.);
#12929=ADVANCED_FACE('',(#12928),#12922,.F.);
#12930=CARTESIAN_POINT('',(4.515000085892E1,-6.846518901705E0,
-5.907526216637E0));
#12931=DIRECTION('',(1.E0,0.E0,0.E0));
#12932=DIRECTION('',(0.E0,0.E0,1.E0));
#12933=AXIS2_PLACEMENT_3D('',#12930,#12931,#12932);
#12934=PLANE('',#12933);
#12935=ORIENTED_EDGE('',*,*,#9615,.T.);
#12937=ORIENTED_EDGE('',*,*,#12936,.T.);
#12938=ORIENTED_EDGE('',*,*,#10973,.F.);
#12940=ORIENTED_EDGE('',*,*,#12939,.F.);
#12941=EDGE_LOOP('',(#12935,#12937,#12938,#12940));
#12942=FACE_OUTER_BOUND('',#12941,.F.);
#12943=ADVANCED_FACE('',(#12942),#12934,.F.);
#12944=CARTESIAN_POINT('',(3.815000085892E1,1.534810982963E-1,
-5.907526216637E0));
#12945=DIRECTION('',(0.E0,1.E0,0.E0));
#12946=DIRECTION('',(0.E0,0.E0,-1.E0));
#12947=AXIS2_PLACEMENT_3D('',#12944,#12945,#12946);
#12948=PLANE('',#12947);
#12949=ORIENTED_EDGE('',*,*,#9613,.T.);
#12951=ORIENTED_EDGE('',*,*,#12950,.T.);
#12952=ORIENTED_EDGE('',*,*,#10975,.F.);
#12953=ORIENTED_EDGE('',*,*,#12936,.F.);
#12954=EDGE_LOOP('',(#12949,#12951,#12952,#12953));
#12955=FACE_OUTER_BOUND('',#12954,.F.);
#12956=ADVANCED_FACE('',(#12955),#12948,.F.);
#12957=CARTESIAN_POINT('',(3.115000085892E1,-6.846518901705E0,
-5.907526216637E0));
#12958=DIRECTION('',(-1.E0,0.E0,0.E0));
#12959=DIRECTION('',(0.E0,0.E0,-1.E0));
#12960=AXIS2_PLACEMENT_3D('',#12957,#12958,#12959);
#12961=PLANE('',#12960);
#12962=ORIENTED_EDGE('',*,*,#9611,.T.);
#12964=ORIENTED_EDGE('',*,*,#12963,.T.);
#12965=ORIENTED_EDGE('',*,*,#10977,.F.);
#12966=ORIENTED_EDGE('',*,*,#12950,.F.);
#12967=EDGE_LOOP('',(#12962,#12964,#12965,#12966));
#12968=FACE_OUTER_BOUND('',#12967,.F.);
#12969=ADVANCED_FACE('',(#12968),#12961,.F.);
#12970=CARTESIAN_POINT('',(3.815000085892E1,-1.384651890171E1,
-5.907526216637E0));
#12971=DIRECTION('',(0.E0,-1.E0,0.E0));
#12972=DIRECTION('',(0.E0,0.E0,1.E0));
#12973=AXIS2_PLACEMENT_3D('',#12970,#12971,#12972);
#12974=PLANE('',#12973);
#12975=ORIENTED_EDGE('',*,*,#9609,.T.);
#12976=ORIENTED_EDGE('',*,*,#12939,.T.);
#12977=ORIENTED_EDGE('',*,*,#10979,.F.);
#12978=ORIENTED_EDGE('',*,*,#12963,.F.);
#12979=EDGE_LOOP('',(#12975,#12976,#12977,#12978));
#12980=FACE_OUTER_BOUND('',#12979,.F.);
#12981=ADVANCED_FACE('',(#12980),#12974,.F.);
#12982=CARTESIAN_POINT('',(8.325000085892E1,-6.846518901705E0,
-5.907526216637E0));
#12983=DIRECTION('',(1.E0,0.E0,0.E0));
#12984=DIRECTION('',(0.E0,0.E0,1.E0));
#12985=AXIS2_PLACEMENT_3D('',#12982,#12983,#12984);
#12986=PLANE('',#12985);
#12987=ORIENTED_EDGE('',*,*,#9625,.T.);
#12989=ORIENTED_EDGE('',*,*,#12988,.T.);
#12990=ORIENTED_EDGE('',*,*,#10983,.F.);
#12992=ORIENTED_EDGE('',*,*,#12991,.F.);
#12993=EDGE_LOOP('',(#12987,#12989,#12990,#12992));
#12994=FACE_OUTER_BOUND('',#12993,.F.);
#12995=ADVANCED_FACE('',(#12994),#12986,.F.);
#12996=CARTESIAN_POINT('',(7.625000085892E1,1.534810982963E-1,
-5.907526216637E0));
#12997=DIRECTION('',(0.E0,1.E0,0.E0));
#12998=DIRECTION('',(0.E0,0.E0,-1.E0));
#12999=AXIS2_PLACEMENT_3D('',#12996,#12997,#12998);
#13000=PLANE('',#12999);
#13001=ORIENTED_EDGE('',*,*,#9623,.T.);
#13003=ORIENTED_EDGE('',*,*,#13002,.T.);
#13004=ORIENTED_EDGE('',*,*,#10985,.F.);
#13005=ORIENTED_EDGE('',*,*,#12988,.F.);
#13006=EDGE_LOOP('',(#13001,#13003,#13004,#13005));
#13007=FACE_OUTER_BOUND('',#13006,.F.);
#13008=ADVANCED_FACE('',(#13007),#13000,.F.);
#13009=CARTESIAN_POINT('',(6.925000085892E1,-6.846518901705E0,
-5.907526216637E0));
#13010=DIRECTION('',(-1.E0,0.E0,0.E0));
#13011=DIRECTION('',(0.E0,0.E0,-1.E0));
#13012=AXIS2_PLACEMENT_3D('',#13009,#13010,#13011);
#13013=PLANE('',#13012);
#13014=ORIENTED_EDGE('',*,*,#9621,.T.);
#13016=ORIENTED_EDGE('',*,*,#13015,.T.);
#13017=ORIENTED_EDGE('',*,*,#10987,.F.);
#13018=ORIENTED_EDGE('',*,*,#13002,.F.);
#13019=EDGE_LOOP('',(#13014,#13016,#13017,#13018));
#13020=FACE_OUTER_BOUND('',#13019,.F.);
#13021=ADVANCED_FACE('',(#13020),#13013,.F.);
#13022=CARTESIAN_POINT('',(7.625000085892E1,-1.384651890171E1,
-5.907526216637E0));
#13023=DIRECTION('',(0.E0,-1.E0,0.E0));
#13024=DIRECTION('',(0.E0,0.E0,1.E0));
#13025=AXIS2_PLACEMENT_3D('',#13022,#13023,#13024);
#13026=PLANE('',#13025);
#13027=ORIENTED_EDGE('',*,*,#9619,.T.);
#13028=ORIENTED_EDGE('',*,*,#12991,.T.);
#13029=ORIENTED_EDGE('',*,*,#10989,.F.);
#13030=ORIENTED_EDGE('',*,*,#13015,.F.);
#13031=EDGE_LOOP('',(#13027,#13028,#13029,#13030));
#13032=FACE_OUTER_BOUND('',#13031,.F.);
#13033=ADVANCED_FACE('',(#13032),#13026,.F.);
#13034=CARTESIAN_POINT('',(4.990000086103E1,-2.589651890174E1,
-5.907526216637E0));
#13035=DIRECTION('',(1.E0,0.E0,0.E0));
#13036=DIRECTION('',(0.E0,0.E0,1.E0));
#13037=AXIS2_PLACEMENT_3D('',#13034,#13035,#13036);
#13038=PLANE('',#13037);
#13039=ORIENTED_EDGE('',*,*,#9635,.T.);
#13041=ORIENTED_EDGE('',*,*,#13040,.T.);
#13042=ORIENTED_EDGE('',*,*,#10993,.F.);
#13044=ORIENTED_EDGE('',*,*,#13043,.F.);
#13045=EDGE_LOOP('',(#13039,#13041,#13042,#13044));
#13046=FACE_OUTER_BOUND('',#13045,.F.);
#13047=ADVANCED_FACE('',(#13046),#13038,.F.);
#13048=CARTESIAN_POINT('',(4.290000086103E1,-1.889651890174E1,
-5.907526216637E0));
#13049=DIRECTION('',(0.E0,1.E0,0.E0));
#13050=DIRECTION('',(0.E0,0.E0,-1.E0));
#13051=AXIS2_PLACEMENT_3D('',#13048,#13049,#13050);
#13052=PLANE('',#13051);
#13053=ORIENTED_EDGE('',*,*,#9633,.T.);
#13055=ORIENTED_EDGE('',*,*,#13054,.T.);
#13056=ORIENTED_EDGE('',*,*,#10995,.F.);
#13057=ORIENTED_EDGE('',*,*,#13040,.F.);
#13058=EDGE_LOOP('',(#13053,#13055,#13056,#13057));
#13059=FACE_OUTER_BOUND('',#13058,.F.);
#13060=ADVANCED_FACE('',(#13059),#13052,.F.);
#13061=CARTESIAN_POINT('',(3.590000086103E1,-2.589651890174E1,
-5.907526216637E0));
#13062=DIRECTION('',(-1.E0,0.E0,0.E0));
#13063=DIRECTION('',(0.E0,0.E0,-1.E0));
#13064=AXIS2_PLACEMENT_3D('',#13061,#13062,#13063);
#13065=PLANE('',#13064);
#13066=ORIENTED_EDGE('',*,*,#9631,.T.);
#13068=ORIENTED_EDGE('',*,*,#13067,.T.);
#13069=ORIENTED_EDGE('',*,*,#10997,.F.);
#13070=ORIENTED_EDGE('',*,*,#13054,.F.);
#13071=EDGE_LOOP('',(#13066,#13068,#13069,#13070));
#13072=FACE_OUTER_BOUND('',#13071,.F.);
#13073=ADVANCED_FACE('',(#13072),#13065,.F.);
#13074=CARTESIAN_POINT('',(4.290000086103E1,-3.289651890175E1,
-5.907526216637E0));
#13075=DIRECTION('',(0.E0,-1.E0,0.E0));
#13076=DIRECTION('',(0.E0,0.E0,1.E0));
#13077=AXIS2_PLACEMENT_3D('',#13074,#13075,#13076);
#13078=PLANE('',#13077);
#13079=ORIENTED_EDGE('',*,*,#9629,.T.);
#13080=ORIENTED_EDGE('',*,*,#13043,.T.);
#13081=ORIENTED_EDGE('',*,*,#10999,.F.);
#13082=ORIENTED_EDGE('',*,*,#13067,.F.);
#13083=EDGE_LOOP('',(#13079,#13080,#13081,#13082));
#13084=FACE_OUTER_BOUND('',#13083,.F.);
#13085=ADVANCED_FACE('',(#13084),#13078,.F.);
#13086=CARTESIAN_POINT('',(6.433750074092E1,3.605348109843E1,
-5.907526216637E0));
#13087=DIRECTION('',(1.E0,0.E0,0.E0));
#13088=DIRECTION('',(0.E0,0.E0,1.E0));
#13089=AXIS2_PLACEMENT_3D('',#13086,#13087,#13088);
#13090=PLANE('',#13089);
#13091=ORIENTED_EDGE('',*,*,#9645,.T.);
#13093=ORIENTED_EDGE('',*,*,#13092,.T.);
#13094=ORIENTED_EDGE('',*,*,#11003,.F.);
#13096=ORIENTED_EDGE('',*,*,#13095,.F.);
#13097=EDGE_LOOP('',(#13091,#13093,#13094,#13096));
#13098=FACE_OUTER_BOUND('',#13097,.F.);
#13099=ADVANCED_FACE('',(#13098),#13090,.F.);
#13100=CARTESIAN_POINT('',(5.733750074092E1,4.305348109843E1,
-5.907526216637E0));
#13101=DIRECTION('',(0.E0,1.E0,0.E0));
#13102=DIRECTION('',(0.E0,0.E0,-1.E0));
#13103=AXIS2_PLACEMENT_3D('',#13100,#13101,#13102);
#13104=PLANE('',#13103);
#13105=ORIENTED_EDGE('',*,*,#9643,.T.);
#13107=ORIENTED_EDGE('',*,*,#13106,.T.);
#13108=ORIENTED_EDGE('',*,*,#11005,.F.);
#13109=ORIENTED_EDGE('',*,*,#13092,.F.);
#13110=EDGE_LOOP('',(#13105,#13107,#13108,#13109));
#13111=FACE_OUTER_BOUND('',#13110,.F.);
#13112=ADVANCED_FACE('',(#13111),#13104,.F.);
#13113=CARTESIAN_POINT('',(5.033750074092E1,3.605348109843E1,
-5.907526216637E0));
#13114=DIRECTION('',(-1.E0,0.E0,0.E0));
#13115=DIRECTION('',(0.E0,0.E0,-1.E0));
#13116=AXIS2_PLACEMENT_3D('',#13113,#13114,#13115);
#13117=PLANE('',#13116);
#13118=ORIENTED_EDGE('',*,*,#9641,.T.);
#13120=ORIENTED_EDGE('',*,*,#13119,.T.);
#13121=ORIENTED_EDGE('',*,*,#11007,.F.);
#13122=ORIENTED_EDGE('',*,*,#13106,.F.);
#13123=EDGE_LOOP('',(#13118,#13120,#13121,#13122));
#13124=FACE_OUTER_BOUND('',#13123,.F.);
#13125=ADVANCED_FACE('',(#13124),#13117,.F.);
#13126=CARTESIAN_POINT('',(5.733750074092E1,2.905348109842E1,
-5.907526216637E0));
#13127=DIRECTION('',(0.E0,-1.E0,0.E0));
#13128=DIRECTION('',(0.E0,0.E0,1.E0));
#13129=AXIS2_PLACEMENT_3D('',#13126,#13127,#13128);
#13130=PLANE('',#13129);
#13131=ORIENTED_EDGE('',*,*,#9639,.T.);
#13132=ORIENTED_EDGE('',*,*,#13095,.T.);
#13133=ORIENTED_EDGE('',*,*,#11009,.F.);
#13134=ORIENTED_EDGE('',*,*,#13119,.F.);
#13135=EDGE_LOOP('',(#13131,#13132,#13133,#13134));
#13136=FACE_OUTER_BOUND('',#13135,.F.);
#13137=ADVANCED_FACE('',(#13136),#13130,.F.);
#13138=CARTESIAN_POINT('',(-2.149999914008E1,1.220348109843E1,
-5.907526216637E0));
#13139=DIRECTION('',(1.E0,0.E0,0.E0));
#13140=DIRECTION('',(0.E0,0.E0,1.E0));
#13141=AXIS2_PLACEMENT_3D('',#13138,#13139,#13140);
#13142=PLANE('',#13141);
#13143=ORIENTED_EDGE('',*,*,#9655,.T.);
#13145=ORIENTED_EDGE('',*,*,#13144,.T.);
#13146=ORIENTED_EDGE('',*,*,#11013,.F.);
#13148=ORIENTED_EDGE('',*,*,#13147,.F.);
#13149=EDGE_LOOP('',(#13143,#13145,#13146,#13148));
#13150=FACE_OUTER_BOUND('',#13149,.F.);
#13151=ADVANCED_FACE('',(#13150),#13142,.F.);
#13152=CARTESIAN_POINT('',(-2.849999914008E1,1.920348109843E1,
-5.907526216637E0));
#13153=DIRECTION('',(0.E0,1.E0,0.E0));
#13154=DIRECTION('',(0.E0,0.E0,-1.E0));
#13155=AXIS2_PLACEMENT_3D('',#13152,#13153,#13154);
#13156=PLANE('',#13155);
#13157=ORIENTED_EDGE('',*,*,#9653,.T.);
#13159=ORIENTED_EDGE('',*,*,#13158,.T.);
#13160=ORIENTED_EDGE('',*,*,#11015,.F.);
#13161=ORIENTED_EDGE('',*,*,#13144,.F.);
#13162=EDGE_LOOP('',(#13157,#13159,#13160,#13161));
#13163=FACE_OUTER_BOUND('',#13162,.F.);
#13164=ADVANCED_FACE('',(#13163),#13156,.F.);
#13165=CARTESIAN_POINT('',(-3.549999914008E1,1.220348109843E1,
-5.907526216637E0));
#13166=DIRECTION('',(-1.E0,0.E0,0.E0));
#13167=DIRECTION('',(0.E0,0.E0,-1.E0));
#13168=AXIS2_PLACEMENT_3D('',#13165,#13166,#13167);
#13169=PLANE('',#13168);
#13170=ORIENTED_EDGE('',*,*,#9651,.T.);
#13172=ORIENTED_EDGE('',*,*,#13171,.T.);
#13173=ORIENTED_EDGE('',*,*,#11017,.F.);
#13174=ORIENTED_EDGE('',*,*,#13158,.F.);
#13175=EDGE_LOOP('',(#13170,#13172,#13173,#13174));
#13176=FACE_OUTER_BOUND('',#13175,.F.);
#13177=ADVANCED_FACE('',(#13176),#13169,.F.);
#13178=CARTESIAN_POINT('',(-2.849999914008E1,5.203481098424E0,
-5.907526216637E0));
#13179=DIRECTION('',(0.E0,-1.E0,0.E0));
#13180=DIRECTION('',(0.E0,0.E0,1.E0));
#13181=AXIS2_PLACEMENT_3D('',#13178,#13179,#13180);
#13182=PLANE('',#13181);
#13183=ORIENTED_EDGE('',*,*,#9649,.T.);
#13184=ORIENTED_EDGE('',*,*,#13147,.T.);
#13185=ORIENTED_EDGE('',*,*,#11019,.F.);
#13186=ORIENTED_EDGE('',*,*,#13171,.F.);
#13187=EDGE_LOOP('',(#13183,#13184,#13185,#13186));
#13188=FACE_OUTER_BOUND('',#13187,.F.);
#13189=ADVANCED_FACE('',(#13188),#13182,.F.);
#13190=CARTESIAN_POINT('',(-1.072499991411E2,-6.846518901705E0,
-5.907526216637E0));
#13191=DIRECTION('',(1.E0,0.E0,0.E0));
#13192=DIRECTION('',(0.E0,0.E0,1.E0));
#13193=AXIS2_PLACEMENT_3D('',#13190,#13191,#13192);
#13194=PLANE('',#13193);
#13195=ORIENTED_EDGE('',*,*,#9665,.T.);
#13197=ORIENTED_EDGE('',*,*,#13196,.T.);
#13198=ORIENTED_EDGE('',*,*,#11023,.F.);
#13200=ORIENTED_EDGE('',*,*,#13199,.F.);
#13201=EDGE_LOOP('',(#13195,#13197,#13198,#13200));
#13202=FACE_OUTER_BOUND('',#13201,.F.);
#13203=ADVANCED_FACE('',(#13202),#13194,.F.);
#13204=CARTESIAN_POINT('',(-1.142499991411E2,1.534810982963E-1,
-5.907526216637E0));
#13205=DIRECTION('',(0.E0,1.E0,0.E0));
#13206=DIRECTION('',(0.E0,0.E0,-1.E0));
#13207=AXIS2_PLACEMENT_3D('',#13204,#13205,#13206);
#13208=PLANE('',#13207);
#13209=ORIENTED_EDGE('',*,*,#9663,.T.);
#13211=ORIENTED_EDGE('',*,*,#13210,.T.);
#13212=ORIENTED_EDGE('',*,*,#11025,.F.);
#13213=ORIENTED_EDGE('',*,*,#13196,.F.);
#13214=EDGE_LOOP('',(#13209,#13211,#13212,#13213));
#13215=FACE_OUTER_BOUND('',#13214,.F.);
#13216=ADVANCED_FACE('',(#13215),#13208,.F.);
#13217=CARTESIAN_POINT('',(-1.212499991411E2,-6.846518901705E0,
-5.907526216637E0));
#13218=DIRECTION('',(-1.E0,0.E0,0.E0));
#13219=DIRECTION('',(0.E0,0.E0,-1.E0));
#13220=AXIS2_PLACEMENT_3D('',#13217,#13218,#13219);
#13221=PLANE('',#13220);
#13222=ORIENTED_EDGE('',*,*,#9661,.T.);
#13224=ORIENTED_EDGE('',*,*,#13223,.T.);
#13225=ORIENTED_EDGE('',*,*,#11027,.F.);
#13226=ORIENTED_EDGE('',*,*,#13210,.F.);
#13227=EDGE_LOOP('',(#13222,#13224,#13225,#13226));
#13228=FACE_OUTER_BOUND('',#13227,.F.);
#13229=ADVANCED_FACE('',(#13228),#13221,.F.);
#13230=CARTESIAN_POINT('',(-1.142499991411E2,-1.384651890171E1,
-5.907526216637E0));
#13231=DIRECTION('',(0.E0,-1.E0,0.E0));
#13232=DIRECTION('',(0.E0,0.E0,1.E0));
#13233=AXIS2_PLACEMENT_3D('',#13230,#13231,#13232);
#13234=PLANE('',#13233);
#13235=ORIENTED_EDGE('',*,*,#9659,.T.);
#13236=ORIENTED_EDGE('',*,*,#13199,.T.);
#13237=ORIENTED_EDGE('',*,*,#11029,.F.);
#13238=ORIENTED_EDGE('',*,*,#13223,.F.);
#13239=EDGE_LOOP('',(#13235,#13236,#13237,#13238));
#13240=FACE_OUTER_BOUND('',#13239,.F.);
#13241=ADVANCED_FACE('',(#13240),#13234,.F.);
#13242=CARTESIAN_POINT('',(1.117000008604E2,-6.399651890312E1,
-5.907526216637E0));
#13243=DIRECTION('',(1.E0,0.E0,0.E0));
#13244=DIRECTION('',(0.E0,0.E0,1.E0));
#13245=AXIS2_PLACEMENT_3D('',#13242,#13243,#13244);
#13246=PLANE('',#13245);
#13247=ORIENTED_EDGE('',*,*,#9675,.T.);
#13249=ORIENTED_EDGE('',*,*,#13248,.T.);
#13250=ORIENTED_EDGE('',*,*,#11033,.F.);
#13252=ORIENTED_EDGE('',*,*,#13251,.F.);
#13253=EDGE_LOOP('',(#13247,#13249,#13250,#13252));
#13254=FACE_OUTER_BOUND('',#13253,.F.);
#13255=ADVANCED_FACE('',(#13254),#13246,.F.);
#13256=CARTESIAN_POINT('',(1.047000008604E2,-5.699651890312E1,
-5.907526216637E0));
#13257=DIRECTION('',(0.E0,1.E0,0.E0));
#13258=DIRECTION('',(0.E0,0.E0,-1.E0));
#13259=AXIS2_PLACEMENT_3D('',#13256,#13257,#13258);
#13260=PLANE('',#13259);
#13261=ORIENTED_EDGE('',*,*,#9673,.T.);
#13263=ORIENTED_EDGE('',*,*,#13262,.T.);
#13264=ORIENTED_EDGE('',*,*,#11035,.F.);
#13265=ORIENTED_EDGE('',*,*,#13248,.F.);
#13266=EDGE_LOOP('',(#13261,#13263,#13264,#13265));
#13267=FACE_OUTER_BOUND('',#13266,.F.);
#13268=ADVANCED_FACE('',(#13267),#13260,.F.);
#13269=CARTESIAN_POINT('',(9.770000086044E1,-6.399651890312E1,
-5.907526216637E0));
#13270=DIRECTION('',(-1.E0,0.E0,0.E0));
#13271=DIRECTION('',(0.E0,0.E0,-1.E0));
#13272=AXIS2_PLACEMENT_3D('',#13269,#13270,#13271);
#13273=PLANE('',#13272);
#13274=ORIENTED_EDGE('',*,*,#9671,.T.);
#13276=ORIENTED_EDGE('',*,*,#13275,.T.);
#13277=ORIENTED_EDGE('',*,*,#11037,.F.);
#13278=ORIENTED_EDGE('',*,*,#13262,.F.);
#13279=EDGE_LOOP('',(#13274,#13276,#13277,#13278));
#13280=FACE_OUTER_BOUND('',#13279,.F.);
#13281=ADVANCED_FACE('',(#13280),#13273,.F.);
#13282=CARTESIAN_POINT('',(1.047000008604E2,-7.099651890313E1,
-5.907526216637E0));
#13283=DIRECTION('',(0.E0,-1.E0,0.E0));
#13284=DIRECTION('',(0.E0,0.E0,1.E0));
#13285=AXIS2_PLACEMENT_3D('',#13282,#13283,#13284);
#13286=PLANE('',#13285);
#13287=ORIENTED_EDGE('',*,*,#9669,.T.);
#13288=ORIENTED_EDGE('',*,*,#13251,.T.);
#13289=ORIENTED_EDGE('',*,*,#11039,.F.);
#13290=ORIENTED_EDGE('',*,*,#13275,.F.);
#13291=EDGE_LOOP('',(#13287,#13288,#13289,#13290));
#13292=FACE_OUTER_BOUND('',#13291,.F.);
#13293=ADVANCED_FACE('',(#13292),#13286,.F.);
#13294=CARTESIAN_POINT('',(1.045500008604E2,-4.494651890154E1,
-5.907526216635E0));
#13295=DIRECTION('',(1.E0,0.E0,0.E0));
#13296=DIRECTION('',(0.E0,0.E0,1.E0));
#13297=AXIS2_PLACEMENT_3D('',#13294,#13295,#13296);
#13298=PLANE('',#13297);
#13299=ORIENTED_EDGE('',*,*,#9685,.T.);
#13301=ORIENTED_EDGE('',*,*,#13300,.T.);
#13302=ORIENTED_EDGE('',*,*,#11043,.F.);
#13304=ORIENTED_EDGE('',*,*,#13303,.F.);
#13305=EDGE_LOOP('',(#13299,#13301,#13302,#13304));
#13306=FACE_OUTER_BOUND('',#13305,.F.);
#13307=ADVANCED_FACE('',(#13306),#13298,.F.);
#13308=CARTESIAN_POINT('',(9.755000086039E1,-3.794651890154E1,
-5.907526216635E0));
#13309=DIRECTION('',(0.E0,1.E0,0.E0));
#13310=DIRECTION('',(0.E0,0.E0,-1.E0));
#13311=AXIS2_PLACEMENT_3D('',#13308,#13309,#13310);
#13312=PLANE('',#13311);
#13313=ORIENTED_EDGE('',*,*,#9683,.T.);
#13315=ORIENTED_EDGE('',*,*,#13314,.T.);
#13316=ORIENTED_EDGE('',*,*,#11045,.F.);
#13317=ORIENTED_EDGE('',*,*,#13300,.F.);
#13318=EDGE_LOOP('',(#13313,#13315,#13316,#13317));
#13319=FACE_OUTER_BOUND('',#13318,.F.);
#13320=ADVANCED_FACE('',(#13319),#13312,.F.);
#13321=CARTESIAN_POINT('',(9.055000086039E1,-4.494651890154E1,
-5.907526216635E0));
#13322=DIRECTION('',(-1.E0,0.E0,0.E0));
#13323=DIRECTION('',(0.E0,0.E0,-1.E0));
#13324=AXIS2_PLACEMENT_3D('',#13321,#13322,#13323);
#13325=PLANE('',#13324);
#13326=ORIENTED_EDGE('',*,*,#9681,.T.);
#13328=ORIENTED_EDGE('',*,*,#13327,.T.);
#13329=ORIENTED_EDGE('',*,*,#11047,.F.);
#13330=ORIENTED_EDGE('',*,*,#13314,.F.);
#13331=EDGE_LOOP('',(#13326,#13328,#13329,#13330));
#13332=FACE_OUTER_BOUND('',#13331,.F.);
#13333=ADVANCED_FACE('',(#13332),#13325,.F.);
#13334=CARTESIAN_POINT('',(9.755000086039E1,-5.194651890154E1,
-5.907526216635E0));
#13335=DIRECTION('',(0.E0,-1.E0,0.E0));
#13336=DIRECTION('',(0.E0,0.E0,1.E0));
#13337=AXIS2_PLACEMENT_3D('',#13334,#13335,#13336);
#13338=PLANE('',#13337);
#13339=ORIENTED_EDGE('',*,*,#9679,.T.);
#13340=ORIENTED_EDGE('',*,*,#13303,.T.);
#13341=ORIENTED_EDGE('',*,*,#11049,.F.);
#13342=ORIENTED_EDGE('',*,*,#13327,.F.);
#13343=EDGE_LOOP('',(#13339,#13340,#13341,#13342));
#13344=FACE_OUTER_BOUND('',#13343,.F.);
#13345=ADVANCED_FACE('',(#13344),#13338,.F.);
#13346=CARTESIAN_POINT('',(1.660000085992E1,1.220348109843E1,
-5.907526216637E0));
#13347=DIRECTION('',(1.E0,0.E0,0.E0));
#13348=DIRECTION('',(0.E0,0.E0,1.E0));
#13349=AXIS2_PLACEMENT_3D('',#13346,#13347,#13348);
#13350=PLANE('',#13349);
#13351=ORIENTED_EDGE('',*,*,#9695,.T.);
#13353=ORIENTED_EDGE('',*,*,#13352,.T.);
#13354=ORIENTED_EDGE('',*,*,#11053,.F.);
#13356=ORIENTED_EDGE('',*,*,#13355,.F.);
#13357=EDGE_LOOP('',(#13351,#13353,#13354,#13356));
#13358=FACE_OUTER_BOUND('',#13357,.F.);
#13359=ADVANCED_FACE('',(#13358),#13350,.F.);
#13360=CARTESIAN_POINT('',(9.600000859917E0,1.920348109843E1,
-5.907526216637E0));
#13361=DIRECTION('',(0.E0,1.E0,0.E0));
#13362=DIRECTION('',(0.E0,0.E0,-1.E0));
#13363=AXIS2_PLACEMENT_3D('',#13360,#13361,#13362);
#13364=PLANE('',#13363);
#13365=ORIENTED_EDGE('',*,*,#9693,.T.);
#13367=ORIENTED_EDGE('',*,*,#13366,.T.);
#13368=ORIENTED_EDGE('',*,*,#11055,.F.);
#13369=ORIENTED_EDGE('',*,*,#13352,.F.);
#13370=EDGE_LOOP('',(#13365,#13367,#13368,#13369));
#13371=FACE_OUTER_BOUND('',#13370,.F.);
#13372=ADVANCED_FACE('',(#13371),#13364,.F.);
#13373=CARTESIAN_POINT('',(2.600000859917E0,1.220348109843E1,
-5.907526216637E0));
#13374=DIRECTION('',(-1.E0,0.E0,0.E0));
#13375=DIRECTION('',(0.E0,0.E0,-1.E0));
#13376=AXIS2_PLACEMENT_3D('',#13373,#13374,#13375);
#13377=PLANE('',#13376);
#13378=ORIENTED_EDGE('',*,*,#9691,.T.);
#13380=ORIENTED_EDGE('',*,*,#13379,.T.);
#13381=ORIENTED_EDGE('',*,*,#11057,.F.);
#13382=ORIENTED_EDGE('',*,*,#13366,.F.);
#13383=EDGE_LOOP('',(#13378,#13380,#13381,#13382));
#13384=FACE_OUTER_BOUND('',#13383,.F.);
#13385=ADVANCED_FACE('',(#13384),#13377,.F.);
#13386=CARTESIAN_POINT('',(9.600000859917E0,5.203481098424E0,
-5.907526216637E0));
#13387=DIRECTION('',(0.E0,-1.E0,0.E0));
#13388=DIRECTION('',(0.E0,0.E0,1.E0));
#13389=AXIS2_PLACEMENT_3D('',#13386,#13387,#13388);
#13390=PLANE('',#13389);
#13391=ORIENTED_EDGE('',*,*,#9689,.T.);
#13392=ORIENTED_EDGE('',*,*,#13355,.T.);
#13393=ORIENTED_EDGE('',*,*,#11059,.F.);
#13394=ORIENTED_EDGE('',*,*,#13379,.F.);
#13395=EDGE_LOOP('',(#13391,#13392,#13393,#13394));
#13396=FACE_OUTER_BOUND('',#13395,.F.);
#13397=ADVANCED_FACE('',(#13396),#13390,.F.);
#13398=CARTESIAN_POINT('',(2.610000085892E1,-6.846518901705E0,
-5.907526216637E0));
#13399=DIRECTION('',(1.E0,0.E0,0.E0));
#13400=DIRECTION('',(0.E0,0.E0,1.E0));
#13401=AXIS2_PLACEMENT_3D('',#13398,#13399,#13400);
#13402=PLANE('',#13401);
#13403=ORIENTED_EDGE('',*,*,#9705,.T.);
#13405=ORIENTED_EDGE('',*,*,#13404,.T.);
#13406=ORIENTED_EDGE('',*,*,#11063,.F.);
#13408=ORIENTED_EDGE('',*,*,#13407,.F.);
#13409=EDGE_LOOP('',(#13403,#13405,#13406,#13408));
#13410=FACE_OUTER_BOUND('',#13409,.F.);
#13411=ADVANCED_FACE('',(#13410),#13402,.F.);
#13412=CARTESIAN_POINT('',(1.910000085892E1,1.534810982963E-1,
-5.907526216637E0));
#13413=DIRECTION('',(0.E0,1.E0,0.E0));
#13414=DIRECTION('',(0.E0,0.E0,-1.E0));
#13415=AXIS2_PLACEMENT_3D('',#13412,#13413,#13414);
#13416=PLANE('',#13415);
#13417=ORIENTED_EDGE('',*,*,#9703,.T.);
#13419=ORIENTED_EDGE('',*,*,#13418,.T.);
#13420=ORIENTED_EDGE('',*,*,#11065,.F.);
#13421=ORIENTED_EDGE('',*,*,#13404,.F.);
#13422=EDGE_LOOP('',(#13417,#13419,#13420,#13421));
#13423=FACE_OUTER_BOUND('',#13422,.F.);
#13424=ADVANCED_FACE('',(#13423),#13416,.F.);
#13425=CARTESIAN_POINT('',(1.210000085892E1,-6.846518901705E0,
-5.907526216637E0));
#13426=DIRECTION('',(-1.E0,0.E0,0.E0));
#13427=DIRECTION('',(0.E0,0.E0,-1.E0));
#13428=AXIS2_PLACEMENT_3D('',#13425,#13426,#13427);
#13429=PLANE('',#13428);
#13430=ORIENTED_EDGE('',*,*,#9701,.T.);
#13432=ORIENTED_EDGE('',*,*,#13431,.T.);
#13433=ORIENTED_EDGE('',*,*,#11067,.F.);
#13434=ORIENTED_EDGE('',*,*,#13418,.F.);
#13435=EDGE_LOOP('',(#13430,#13432,#13433,#13434));
#13436=FACE_OUTER_BOUND('',#13435,.F.);
#13437=ADVANCED_FACE('',(#13436),#13429,.F.);
#13438=CARTESIAN_POINT('',(1.910000085892E1,-1.384651890171E1,
-5.907526216637E0));
#13439=DIRECTION('',(0.E0,-1.E0,0.E0));
#13440=DIRECTION('',(0.E0,0.E0,1.E0));
#13441=AXIS2_PLACEMENT_3D('',#13438,#13439,#13440);
#13442=PLANE('',#13441);
#13443=ORIENTED_EDGE('',*,*,#9699,.T.);
#13444=ORIENTED_EDGE('',*,*,#13407,.T.);
#13445=ORIENTED_EDGE('',*,*,#11069,.F.);
#13446=ORIENTED_EDGE('',*,*,#13431,.F.);
#13447=EDGE_LOOP('',(#13443,#13444,#13445,#13446));
#13448=FACE_OUTER_BOUND('',#13447,.F.);
#13449=ADVANCED_FACE('',(#13448),#13442,.F.);
#13450=CARTESIAN_POINT('',(3.085000086103E1,-2.589651890174E1,
-5.907526216637E0));
#13451=DIRECTION('',(1.E0,0.E0,0.E0));
#13452=DIRECTION('',(0.E0,0.E0,1.E0));
#13453=AXIS2_PLACEMENT_3D('',#13450,#13451,#13452);
#13454=PLANE('',#13453);
#13455=ORIENTED_EDGE('',*,*,#9715,.T.);
#13457=ORIENTED_EDGE('',*,*,#13456,.T.);
#13458=ORIENTED_EDGE('',*,*,#11073,.F.);
#13460=ORIENTED_EDGE('',*,*,#13459,.F.);
#13461=EDGE_LOOP('',(#13455,#13457,#13458,#13460));
#13462=FACE_OUTER_BOUND('',#13461,.F.);
#13463=ADVANCED_FACE('',(#13462),#13454,.F.);
#13464=CARTESIAN_POINT('',(2.385000086103E1,-1.889651890174E1,
-5.907526216637E0));
#13465=DIRECTION('',(0.E0,1.E0,0.E0));
#13466=DIRECTION('',(0.E0,0.E0,-1.E0));
#13467=AXIS2_PLACEMENT_3D('',#13464,#13465,#13466);
#13468=PLANE('',#13467);
#13469=ORIENTED_EDGE('',*,*,#9713,.T.);
#13471=ORIENTED_EDGE('',*,*,#13470,.T.);
#13472=ORIENTED_EDGE('',*,*,#11075,.F.);
#13473=ORIENTED_EDGE('',*,*,#13456,.F.);
#13474=EDGE_LOOP('',(#13469,#13471,#13472,#13473));
#13475=FACE_OUTER_BOUND('',#13474,.F.);
#13476=ADVANCED_FACE('',(#13475),#13468,.F.);
#13477=CARTESIAN_POINT('',(1.685000086103E1,-2.589651890174E1,
-5.907526216637E0));
#13478=DIRECTION('',(-1.E0,0.E0,0.E0));
#13479=DIRECTION('',(0.E0,0.E0,-1.E0));
#13480=AXIS2_PLACEMENT_3D('',#13477,#13478,#13479);
#13481=PLANE('',#13480);
#13482=ORIENTED_EDGE('',*,*,#9711,.T.);
#13484=ORIENTED_EDGE('',*,*,#13483,.T.);
#13485=ORIENTED_EDGE('',*,*,#11077,.F.);
#13486=ORIENTED_EDGE('',*,*,#13470,.F.);
#13487=EDGE_LOOP('',(#13482,#13484,#13485,#13486));
#13488=FACE_OUTER_BOUND('',#13487,.F.);
#13489=ADVANCED_FACE('',(#13488),#13481,.F.);
#13490=CARTESIAN_POINT('',(2.385000086103E1,-3.289651890175E1,
-5.907526216637E0));
#13491=DIRECTION('',(0.E0,-1.E0,0.E0));
#13492=DIRECTION('',(0.E0,0.E0,1.E0));
#13493=AXIS2_PLACEMENT_3D('',#13490,#13491,#13492);
#13494=PLANE('',#13493);
#13495=ORIENTED_EDGE('',*,*,#9709,.T.);
#13496=ORIENTED_EDGE('',*,*,#13459,.T.);
#13497=ORIENTED_EDGE('',*,*,#11079,.F.);
#13498=ORIENTED_EDGE('',*,*,#13483,.F.);
#13499=EDGE_LOOP('',(#13495,#13496,#13497,#13498));
#13500=FACE_OUTER_BOUND('',#13499,.F.);
#13501=ADVANCED_FACE('',(#13500),#13494,.F.);
#13502=CARTESIAN_POINT('',(-4.534999913897E1,-2.589651890174E1,
-5.907526216637E0));
#13503=DIRECTION('',(1.E0,0.E0,0.E0));
#13504=DIRECTION('',(0.E0,0.E0,1.E0));
#13505=AXIS2_PLACEMENT_3D('',#13502,#13503,#13504);
#13506=PLANE('',#13505);
#13507=ORIENTED_EDGE('',*,*,#9725,.T.);
#13509=ORIENTED_EDGE('',*,*,#13508,.T.);
#13510=ORIENTED_EDGE('',*,*,#11083,.F.);
#13512=ORIENTED_EDGE('',*,*,#13511,.F.);
#13513=EDGE_LOOP('',(#13507,#13509,#13510,#13512));
#13514=FACE_OUTER_BOUND('',#13513,.F.);
#13515=ADVANCED_FACE('',(#13514),#13506,.F.);
#13516=CARTESIAN_POINT('',(-5.234999913897E1,-1.889651890174E1,
-5.907526216637E0));
#13517=DIRECTION('',(0.E0,1.E0,0.E0));
#13518=DIRECTION('',(0.E0,0.E0,-1.E0));
#13519=AXIS2_PLACEMENT_3D('',#13516,#13517,#13518);
#13520=PLANE('',#13519);
#13521=ORIENTED_EDGE('',*,*,#9723,.T.);
#13523=ORIENTED_EDGE('',*,*,#13522,.T.);
#13524=ORIENTED_EDGE('',*,*,#11085,.F.);
#13525=ORIENTED_EDGE('',*,*,#13508,.F.);
#13526=EDGE_LOOP('',(#13521,#13523,#13524,#13525));
#13527=FACE_OUTER_BOUND('',#13526,.F.);
#13528=ADVANCED_FACE('',(#13527),#13520,.F.);
#13529=CARTESIAN_POINT('',(-5.934999913897E1,-2.589651890174E1,
-5.907526216637E0));
#13530=DIRECTION('',(-1.E0,0.E0,0.E0));
#13531=DIRECTION('',(0.E0,0.E0,-1.E0));
#13532=AXIS2_PLACEMENT_3D('',#13529,#13530,#13531);
#13533=PLANE('',#13532);
#13534=ORIENTED_EDGE('',*,*,#9721,.T.);
#13536=ORIENTED_EDGE('',*,*,#13535,.T.);
#13537=ORIENTED_EDGE('',*,*,#11087,.F.);
#13538=ORIENTED_EDGE('',*,*,#13522,.F.);
#13539=EDGE_LOOP('',(#13534,#13536,#13537,#13538));
#13540=FACE_OUTER_BOUND('',#13539,.F.);
#13541=ADVANCED_FACE('',(#13540),#13533,.F.);
#13542=CARTESIAN_POINT('',(-5.234999913897E1,-3.289651890175E1,
-5.907526216637E0));
#13543=DIRECTION('',(0.E0,-1.E0,0.E0));
#13544=DIRECTION('',(0.E0,0.E0,1.E0));
#13545=AXIS2_PLACEMENT_3D('',#13542,#13543,#13544);
#13546=PLANE('',#13545);
#13547=ORIENTED_EDGE('',*,*,#9719,.T.);
#13548=ORIENTED_EDGE('',*,*,#13511,.T.);
#13549=ORIENTED_EDGE('',*,*,#11089,.F.);
#13550=ORIENTED_EDGE('',*,*,#13535,.F.);
#13551=EDGE_LOOP('',(#13547,#13548,#13549,#13550));
#13552=FACE_OUTER_BOUND('',#13551,.F.);
#13553=ADVANCED_FACE('',(#13552),#13546,.F.);
#13554=CARTESIAN_POINT('',(-4.054999914008E1,1.220348109843E1,
-5.907526216637E0));
#13555=DIRECTION('',(1.E0,0.E0,0.E0));
#13556=DIRECTION('',(0.E0,0.E0,1.E0));
#13557=AXIS2_PLACEMENT_3D('',#13554,#13555,#13556);
#13558=PLANE('',#13557);
#13559=ORIENTED_EDGE('',*,*,#9735,.T.);
#13561=ORIENTED_EDGE('',*,*,#13560,.T.);
#13562=ORIENTED_EDGE('',*,*,#11093,.F.);
#13564=ORIENTED_EDGE('',*,*,#13563,.F.);
#13565=EDGE_LOOP('',(#13559,#13561,#13562,#13564));
#13566=FACE_OUTER_BOUND('',#13565,.F.);
#13567=ADVANCED_FACE('',(#13566),#13558,.F.);
#13568=CARTESIAN_POINT('',(-4.754999914008E1,1.920348109843E1,
-5.907526216637E0));
#13569=DIRECTION('',(0.E0,1.E0,0.E0));
#13570=DIRECTION('',(0.E0,0.E0,-1.E0));
#13571=AXIS2_PLACEMENT_3D('',#13568,#13569,#13570);
#13572=PLANE('',#13571);
#13573=ORIENTED_EDGE('',*,*,#9733,.T.);
#13575=ORIENTED_EDGE('',*,*,#13574,.T.);
#13576=ORIENTED_EDGE('',*,*,#11095,.F.);
#13577=ORIENTED_EDGE('',*,*,#13560,.F.);
#13578=EDGE_LOOP('',(#13573,#13575,#13576,#13577));
#13579=FACE_OUTER_BOUND('',#13578,.F.);
#13580=ADVANCED_FACE('',(#13579),#13572,.F.);
#13581=CARTESIAN_POINT('',(-5.454999914008E1,1.220348109843E1,
-5.907526216637E0));
#13582=DIRECTION('',(-1.E0,0.E0,0.E0));
#13583=DIRECTION('',(0.E0,0.E0,-1.E0));
#13584=AXIS2_PLACEMENT_3D('',#13581,#13582,#13583);
#13585=PLANE('',#13584);
#13586=ORIENTED_EDGE('',*,*,#9731,.T.);
#13588=ORIENTED_EDGE('',*,*,#13587,.T.);
#13589=ORIENTED_EDGE('',*,*,#11097,.F.);
#13590=ORIENTED_EDGE('',*,*,#13574,.F.);
#13591=EDGE_LOOP('',(#13586,#13588,#13589,#13590));
#13592=FACE_OUTER_BOUND('',#13591,.F.);
#13593=ADVANCED_FACE('',(#13592),#13585,.F.);
#13594=CARTESIAN_POINT('',(-4.754999914008E1,5.203481098424E0,
-5.907526216637E0));
#13595=DIRECTION('',(0.E0,-1.E0,0.E0));
#13596=DIRECTION('',(0.E0,0.E0,1.E0));
#13597=AXIS2_PLACEMENT_3D('',#13594,#13595,#13596);
#13598=PLANE('',#13597);
#13599=ORIENTED_EDGE('',*,*,#9729,.T.);
#13600=ORIENTED_EDGE('',*,*,#13563,.T.);
#13601=ORIENTED_EDGE('',*,*,#11099,.F.);
#13602=ORIENTED_EDGE('',*,*,#13587,.F.);
#13603=EDGE_LOOP('',(#13599,#13600,#13601,#13602));
#13604=FACE_OUTER_BOUND('',#13603,.F.);
#13605=ADVANCED_FACE('',(#13604),#13598,.F.);
#13606=CARTESIAN_POINT('',(4.040000086044E1,-4.494651890312E1,
-5.907526216637E0));
#13607=DIRECTION('',(1.E0,0.E0,0.E0));
#13608=DIRECTION('',(0.E0,0.E0,1.E0));
#13609=AXIS2_PLACEMENT_3D('',#13606,#13607,#13608);
#13610=PLANE('',#13609);
#13611=ORIENTED_EDGE('',*,*,#9745,.T.);
#13613=ORIENTED_EDGE('',*,*,#13612,.T.);
#13614=ORIENTED_EDGE('',*,*,#11103,.F.);
#13616=ORIENTED_EDGE('',*,*,#13615,.F.);
#13617=EDGE_LOOP('',(#13611,#13613,#13614,#13616));
#13618=FACE_OUTER_BOUND('',#13617,.F.);
#13619=ADVANCED_FACE('',(#13618),#13610,.F.);
#13620=CARTESIAN_POINT('',(3.340000086044E1,-3.794651890312E1,
-5.907526216637E0));
#13621=DIRECTION('',(0.E0,1.E0,0.E0));
#13622=DIRECTION('',(0.E0,0.E0,-1.E0));
#13623=AXIS2_PLACEMENT_3D('',#13620,#13621,#13622);
#13624=PLANE('',#13623);
#13625=ORIENTED_EDGE('',*,*,#9743,.T.);
#13627=ORIENTED_EDGE('',*,*,#13626,.T.);
#13628=ORIENTED_EDGE('',*,*,#11105,.F.);
#13629=ORIENTED_EDGE('',*,*,#13612,.F.);
#13630=EDGE_LOOP('',(#13625,#13627,#13628,#13629));
#13631=FACE_OUTER_BOUND('',#13630,.F.);
#13632=ADVANCED_FACE('',(#13631),#13624,.F.);
#13633=CARTESIAN_POINT('',(2.640000086044E1,-4.494651890312E1,
-5.907526216637E0));
#13634=DIRECTION('',(-1.E0,0.E0,0.E0));
#13635=DIRECTION('',(0.E0,0.E0,-1.E0));
#13636=AXIS2_PLACEMENT_3D('',#13633,#13634,#13635);
#13637=PLANE('',#13636);
#13638=ORIENTED_EDGE('',*,*,#9741,.T.);
#13640=ORIENTED_EDGE('',*,*,#13639,.T.);
#13641=ORIENTED_EDGE('',*,*,#11107,.F.);
#13642=ORIENTED_EDGE('',*,*,#13626,.F.);
#13643=EDGE_LOOP('',(#13638,#13640,#13641,#13642));
#13644=FACE_OUTER_BOUND('',#13643,.F.);
#13645=ADVANCED_FACE('',(#13644),#13637,.F.);
#13646=CARTESIAN_POINT('',(3.340000086044E1,-5.194651890313E1,
-5.907526216637E0));
#13647=DIRECTION('',(0.E0,-1.E0,0.E0));
#13648=DIRECTION('',(0.E0,0.E0,1.E0));
#13649=AXIS2_PLACEMENT_3D('',#13646,#13647,#13648);
#13650=PLANE('',#13649);
#13651=ORIENTED_EDGE('',*,*,#9739,.T.);
#13652=ORIENTED_EDGE('',*,*,#13615,.T.);
#13653=ORIENTED_EDGE('',*,*,#11109,.F.);
#13654=ORIENTED_EDGE('',*,*,#13639,.F.);
#13655=EDGE_LOOP('',(#13651,#13652,#13653,#13654));
#13656=FACE_OUTER_BOUND('',#13655,.F.);
#13657=ADVANCED_FACE('',(#13656),#13650,.F.);
#13658=CARTESIAN_POINT('',(-8.344999913897E1,-2.589651890174E1,
-5.907526216637E0));
#13659=DIRECTION('',(1.E0,0.E0,0.E0));
#13660=DIRECTION('',(0.E0,0.E0,1.E0));
#13661=AXIS2_PLACEMENT_3D('',#13658,#13659,#13660);
#13662=PLANE('',#13661);
#13663=ORIENTED_EDGE('',*,*,#9755,.T.);
#13665=ORIENTED_EDGE('',*,*,#13664,.T.);
#13666=ORIENTED_EDGE('',*,*,#11113,.F.);
#13668=ORIENTED_EDGE('',*,*,#13667,.F.);
#13669=EDGE_LOOP('',(#13663,#13665,#13666,#13668));
#13670=FACE_OUTER_BOUND('',#13669,.F.);
#13671=ADVANCED_FACE('',(#13670),#13662,.F.);
#13672=CARTESIAN_POINT('',(-9.044999913897E1,-1.889651890174E1,
-5.907526216637E0));
#13673=DIRECTION('',(0.E0,1.E0,0.E0));
#13674=DIRECTION('',(0.E0,0.E0,-1.E0));
#13675=AXIS2_PLACEMENT_3D('',#13672,#13673,#13674);
#13676=PLANE('',#13675);
#13677=ORIENTED_EDGE('',*,*,#9753,.T.);
#13679=ORIENTED_EDGE('',*,*,#13678,.T.);
#13680=ORIENTED_EDGE('',*,*,#11115,.F.);
#13681=ORIENTED_EDGE('',*,*,#13664,.F.);
#13682=EDGE_LOOP('',(#13677,#13679,#13680,#13681));
#13683=FACE_OUTER_BOUND('',#13682,.F.);
#13684=ADVANCED_FACE('',(#13683),#13676,.F.);
#13685=CARTESIAN_POINT('',(-9.744999913897E1,-2.589651890174E1,
-5.907526216637E0));
#13686=DIRECTION('',(-1.E0,0.E0,0.E0));
#13687=DIRECTION('',(0.E0,0.E0,-1.E0));
#13688=AXIS2_PLACEMENT_3D('',#13685,#13686,#13687);
#13689=PLANE('',#13688);
#13690=ORIENTED_EDGE('',*,*,#9751,.T.);
#13692=ORIENTED_EDGE('',*,*,#13691,.T.);
#13693=ORIENTED_EDGE('',*,*,#11117,.F.);
#13694=ORIENTED_EDGE('',*,*,#13678,.F.);
#13695=EDGE_LOOP('',(#13690,#13692,#13693,#13694));
#13696=FACE_OUTER_BOUND('',#13695,.F.);
#13697=ADVANCED_FACE('',(#13696),#13689,.F.);
#13698=CARTESIAN_POINT('',(-9.044999913897E1,-3.289651890175E1,
-5.907526216637E0));
#13699=DIRECTION('',(0.E0,-1.E0,0.E0));
#13700=DIRECTION('',(0.E0,0.E0,1.E0));
#13701=AXIS2_PLACEMENT_3D('',#13698,#13699,#13700);
#13702=PLANE('',#13701);
#13703=ORIENTED_EDGE('',*,*,#9749,.T.);
#13704=ORIENTED_EDGE('',*,*,#13667,.T.);
#13705=ORIENTED_EDGE('',*,*,#11119,.F.);
#13706=ORIENTED_EDGE('',*,*,#13691,.F.);
#13707=EDGE_LOOP('',(#13703,#13704,#13705,#13706));
#13708=FACE_OUTER_BOUND('',#13707,.F.);
#13709=ADVANCED_FACE('',(#13708),#13702,.F.);
#13710=CARTESIAN_POINT('',(-7.864999914008E1,1.220348109843E1,
-5.907526216637E0));
#13711=DIRECTION('',(1.E0,0.E0,0.E0));
#13712=DIRECTION('',(0.E0,0.E0,1.E0));
#13713=AXIS2_PLACEMENT_3D('',#13710,#13711,#13712);
#13714=PLANE('',#13713);
#13715=ORIENTED_EDGE('',*,*,#9765,.T.);
#13717=ORIENTED_EDGE('',*,*,#13716,.T.);
#13718=ORIENTED_EDGE('',*,*,#11123,.F.);
#13720=ORIENTED_EDGE('',*,*,#13719,.F.);
#13721=EDGE_LOOP('',(#13715,#13717,#13718,#13720));
#13722=FACE_OUTER_BOUND('',#13721,.F.);
#13723=ADVANCED_FACE('',(#13722),#13714,.F.);
#13724=CARTESIAN_POINT('',(-8.564999914008E1,1.920348109843E1,
-5.907526216637E0));
#13725=DIRECTION('',(0.E0,1.E0,0.E0));
#13726=DIRECTION('',(0.E0,0.E0,-1.E0));
#13727=AXIS2_PLACEMENT_3D('',#13724,#13725,#13726);
#13728=PLANE('',#13727);
#13729=ORIENTED_EDGE('',*,*,#9763,.T.);
#13731=ORIENTED_EDGE('',*,*,#13730,.T.);
#13732=ORIENTED_EDGE('',*,*,#11125,.F.);
#13733=ORIENTED_EDGE('',*,*,#13716,.F.);
#13734=EDGE_LOOP('',(#13729,#13731,#13732,#13733));
#13735=FACE_OUTER_BOUND('',#13734,.F.);
#13736=ADVANCED_FACE('',(#13735),#13728,.F.);
#13737=CARTESIAN_POINT('',(-9.264999914008E1,1.220348109843E1,
-5.907526216637E0));
#13738=DIRECTION('',(-1.E0,0.E0,0.E0));
#13739=DIRECTION('',(0.E0,0.E0,-1.E0));
#13740=AXIS2_PLACEMENT_3D('',#13737,#13738,#13739);
#13741=PLANE('',#13740);
#13742=ORIENTED_EDGE('',*,*,#9761,.T.);
#13744=ORIENTED_EDGE('',*,*,#13743,.T.);
#13745=ORIENTED_EDGE('',*,*,#11127,.F.);
#13746=ORIENTED_EDGE('',*,*,#13730,.F.);
#13747=EDGE_LOOP('',(#13742,#13744,#13745,#13746));
#13748=FACE_OUTER_BOUND('',#13747,.F.);
#13749=ADVANCED_FACE('',(#13748),#13741,.F.);
#13750=CARTESIAN_POINT('',(-8.564999914008E1,5.203481098424E0,
-5.907526216637E0));
#13751=DIRECTION('',(0.E0,-1.E0,0.E0));
#13752=DIRECTION('',(0.E0,0.E0,1.E0));
#13753=AXIS2_PLACEMENT_3D('',#13750,#13751,#13752);
#13754=PLANE('',#13753);
#13755=ORIENTED_EDGE('',*,*,#9759,.T.);
#13756=ORIENTED_EDGE('',*,*,#13719,.T.);
#13757=ORIENTED_EDGE('',*,*,#11129,.F.);
#13758=ORIENTED_EDGE('',*,*,#13743,.F.);
#13759=EDGE_LOOP('',(#13755,#13756,#13757,#13758));
#13760=FACE_OUTER_BOUND('',#13759,.F.);
#13761=ADVANCED_FACE('',(#13760),#13754,.F.);
#13762=CARTESIAN_POINT('',(5.470000085992E1,1.220348109843E1,
-5.907526216637E0));
#13763=DIRECTION('',(1.E0,0.E0,0.E0));
#13764=DIRECTION('',(0.E0,0.E0,1.E0));
#13765=AXIS2_PLACEMENT_3D('',#13762,#13763,#13764);
#13766=PLANE('',#13765);
#13767=ORIENTED_EDGE('',*,*,#9775,.T.);
#13769=ORIENTED_EDGE('',*,*,#13768,.T.);
#13770=ORIENTED_EDGE('',*,*,#11133,.F.);
#13772=ORIENTED_EDGE('',*,*,#13771,.F.);
#13773=EDGE_LOOP('',(#13767,#13769,#13770,#13772));
#13774=FACE_OUTER_BOUND('',#13773,.F.);
#13775=ADVANCED_FACE('',(#13774),#13766,.F.);
#13776=CARTESIAN_POINT('',(4.770000085992E1,1.920348109843E1,
-5.907526216637E0));
#13777=DIRECTION('',(0.E0,1.E0,0.E0));
#13778=DIRECTION('',(0.E0,0.E0,-1.E0));
#13779=AXIS2_PLACEMENT_3D('',#13776,#13777,#13778);
#13780=PLANE('',#13779);
#13781=ORIENTED_EDGE('',*,*,#9773,.T.);
#13783=ORIENTED_EDGE('',*,*,#13782,.T.);
#13784=ORIENTED_EDGE('',*,*,#11135,.F.);
#13785=ORIENTED_EDGE('',*,*,#13768,.F.);
#13786=EDGE_LOOP('',(#13781,#13783,#13784,#13785));
#13787=FACE_OUTER_BOUND('',#13786,.F.);
#13788=ADVANCED_FACE('',(#13787),#13780,.F.);
#13789=CARTESIAN_POINT('',(4.070000085992E1,1.220348109843E1,
-5.907526216637E0));
#13790=DIRECTION('',(-1.E0,0.E0,0.E0));
#13791=DIRECTION('',(0.E0,0.E0,-1.E0));
#13792=AXIS2_PLACEMENT_3D('',#13789,#13790,#13791);
#13793=PLANE('',#13792);
#13794=ORIENTED_EDGE('',*,*,#9771,.T.);
#13796=ORIENTED_EDGE('',*,*,#13795,.T.);
#13797=ORIENTED_EDGE('',*,*,#11137,.F.);
#13798=ORIENTED_EDGE('',*,*,#13782,.F.);
#13799=EDGE_LOOP('',(#13794,#13796,#13797,#13798));
#13800=FACE_OUTER_BOUND('',#13799,.F.);
#13801=ADVANCED_FACE('',(#13800),#13793,.F.);
#13802=CARTESIAN_POINT('',(4.770000085992E1,5.203481098424E0,
-5.907526216637E0));
#13803=DIRECTION('',(0.E0,-1.E0,0.E0));
#13804=DIRECTION('',(0.E0,0.E0,1.E0));
#13805=AXIS2_PLACEMENT_3D('',#13802,#13803,#13804);
#13806=PLANE('',#13805);
#13807=ORIENTED_EDGE('',*,*,#9769,.T.);
#13808=ORIENTED_EDGE('',*,*,#13771,.T.);
#13809=ORIENTED_EDGE('',*,*,#11139,.F.);
#13810=ORIENTED_EDGE('',*,*,#13795,.F.);
#13811=EDGE_LOOP('',(#13807,#13808,#13809,#13810));
#13812=FACE_OUTER_BOUND('',#13811,.F.);
#13813=ADVANCED_FACE('',(#13812),#13806,.F.);
#13814=CARTESIAN_POINT('',(2.135000086044E1,-4.494651890312E1,
-5.907526216637E0));
#13815=DIRECTION('',(1.E0,0.E0,0.E0));
#13816=DIRECTION('',(0.E0,0.E0,1.E0));
#13817=AXIS2_PLACEMENT_3D('',#13814,#13815,#13816);
#13818=PLANE('',#13817);
#13819=ORIENTED_EDGE('',*,*,#9785,.T.);
#13821=ORIENTED_EDGE('',*,*,#13820,.T.);
#13822=ORIENTED_EDGE('',*,*,#11143,.F.);
#13824=ORIENTED_EDGE('',*,*,#13823,.F.);
#13825=EDGE_LOOP('',(#13819,#13821,#13822,#13824));
#13826=FACE_OUTER_BOUND('',#13825,.F.);
#13827=ADVANCED_FACE('',(#13826),#13818,.F.);
#13828=CARTESIAN_POINT('',(1.435000086044E1,-3.794651890312E1,
-5.907526216637E0));
#13829=DIRECTION('',(0.E0,1.E0,0.E0));
#13830=DIRECTION('',(0.E0,0.E0,-1.E0));
#13831=AXIS2_PLACEMENT_3D('',#13828,#13829,#13830);
#13832=PLANE('',#13831);
#13833=ORIENTED_EDGE('',*,*,#9783,.T.);
#13835=ORIENTED_EDGE('',*,*,#13834,.T.);
#13836=ORIENTED_EDGE('',*,*,#11145,.F.);
#13837=ORIENTED_EDGE('',*,*,#13820,.F.);
#13838=EDGE_LOOP('',(#13833,#13835,#13836,#13837));
#13839=FACE_OUTER_BOUND('',#13838,.F.);
#13840=ADVANCED_FACE('',(#13839),#13832,.F.);
#13841=CARTESIAN_POINT('',(7.350000860440E0,-4.494651890312E1,
-5.907526216637E0));
#13842=DIRECTION('',(-1.E0,0.E0,0.E0));
#13843=DIRECTION('',(0.E0,0.E0,-1.E0));
#13844=AXIS2_PLACEMENT_3D('',#13841,#13842,#13843);
#13845=PLANE('',#13844);
#13846=ORIENTED_EDGE('',*,*,#9781,.T.);
#13848=ORIENTED_EDGE('',*,*,#13847,.T.);
#13849=ORIENTED_EDGE('',*,*,#11147,.F.);
#13850=ORIENTED_EDGE('',*,*,#13834,.F.);
#13851=EDGE_LOOP('',(#13846,#13848,#13849,#13850));
#13852=FACE_OUTER_BOUND('',#13851,.F.);
#13853=ADVANCED_FACE('',(#13852),#13845,.F.);
#13854=CARTESIAN_POINT('',(1.435000086044E1,-5.194651890313E1,
-5.907526216637E0));
#13855=DIRECTION('',(0.E0,-1.E0,0.E0));
#13856=DIRECTION('',(0.E0,0.E0,1.E0));
#13857=AXIS2_PLACEMENT_3D('',#13854,#13855,#13856);
#13858=PLANE('',#13857);
#13859=ORIENTED_EDGE('',*,*,#9779,.T.);
#13860=ORIENTED_EDGE('',*,*,#13823,.T.);
#13861=ORIENTED_EDGE('',*,*,#11149,.F.);
#13862=ORIENTED_EDGE('',*,*,#13847,.F.);
#13863=EDGE_LOOP('',(#13859,#13860,#13861,#13862));
#13864=FACE_OUTER_BOUND('',#13863,.F.);
#13865=ADVANCED_FACE('',(#13864),#13858,.F.);
#13866=CARTESIAN_POINT('',(-5.009999914108E1,-6.846518901705E0,
-5.907526216637E0));
#13867=DIRECTION('',(1.E0,0.E0,0.E0));
#13868=DIRECTION('',(0.E0,0.E0,1.E0));
#13869=AXIS2_PLACEMENT_3D('',#13866,#13867,#13868);
#13870=PLANE('',#13869);
#13871=ORIENTED_EDGE('',*,*,#9795,.T.);
#13873=ORIENTED_EDGE('',*,*,#13872,.T.);
#13874=ORIENTED_EDGE('',*,*,#11153,.F.);
#13876=ORIENTED_EDGE('',*,*,#13875,.F.);
#13877=EDGE_LOOP('',(#13871,#13873,#13874,#13876));
#13878=FACE_OUTER_BOUND('',#13877,.F.);
#13879=ADVANCED_FACE('',(#13878),#13870,.F.);
#13880=CARTESIAN_POINT('',(-5.709999914108E1,1.534810982963E-1,
-5.907526216637E0));
#13881=DIRECTION('',(0.E0,1.E0,0.E0));
#13882=DIRECTION('',(0.E0,0.E0,-1.E0));
#13883=AXIS2_PLACEMENT_3D('',#13880,#13881,#13882);
#13884=PLANE('',#13883);
#13885=ORIENTED_EDGE('',*,*,#9793,.T.);
#13887=ORIENTED_EDGE('',*,*,#13886,.T.);
#13888=ORIENTED_EDGE('',*,*,#11155,.F.);
#13889=ORIENTED_EDGE('',*,*,#13872,.F.);
#13890=EDGE_LOOP('',(#13885,#13887,#13888,#13889));
#13891=FACE_OUTER_BOUND('',#13890,.F.);
#13892=ADVANCED_FACE('',(#13891),#13884,.F.);
#13893=CARTESIAN_POINT('',(-6.409999914108E1,-6.846518901705E0,
-5.907526216637E0));
#13894=DIRECTION('',(-1.E0,0.E0,0.E0));
#13895=DIRECTION('',(0.E0,0.E0,-1.E0));
#13896=AXIS2_PLACEMENT_3D('',#13893,#13894,#13895);
#13897=PLANE('',#13896);
#13898=ORIENTED_EDGE('',*,*,#9791,.T.);
#13900=ORIENTED_EDGE('',*,*,#13899,.T.);
#13901=ORIENTED_EDGE('',*,*,#11157,.F.);
#13902=ORIENTED_EDGE('',*,*,#13886,.F.);
#13903=EDGE_LOOP('',(#13898,#13900,#13901,#13902));
#13904=FACE_OUTER_BOUND('',#13903,.F.);
#13905=ADVANCED_FACE('',(#13904),#13897,.F.);
#13906=CARTESIAN_POINT('',(-5.709999914108E1,-1.384651890171E1,
-5.907526216637E0));
#13907=DIRECTION('',(0.E0,-1.E0,0.E0));
#13908=DIRECTION('',(0.E0,0.E0,1.E0));
#13909=AXIS2_PLACEMENT_3D('',#13906,#13907,#13908);
#13910=PLANE('',#13909);
#13911=ORIENTED_EDGE('',*,*,#9789,.T.);
#13912=ORIENTED_EDGE('',*,*,#13875,.T.);
#13913=ORIENTED_EDGE('',*,*,#11159,.F.);
#13914=ORIENTED_EDGE('',*,*,#13899,.F.);
#13915=EDGE_LOOP('',(#13911,#13912,#13913,#13914));
#13916=FACE_OUTER_BOUND('',#13915,.F.);
#13917=ADVANCED_FACE('',(#13916),#13910,.F.);
#13918=CARTESIAN_POINT('',(-5.484999913956E1,-4.494651890312E1,
-5.907526216637E0));
#13919=DIRECTION('',(1.E0,0.E0,0.E0));
#13920=DIRECTION('',(0.E0,0.E0,1.E0));
#13921=AXIS2_PLACEMENT_3D('',#13918,#13919,#13920);
#13922=PLANE('',#13921);
#13923=ORIENTED_EDGE('',*,*,#9805,.T.);
#13925=ORIENTED_EDGE('',*,*,#13924,.T.);
#13926=ORIENTED_EDGE('',*,*,#11163,.F.);
#13928=ORIENTED_EDGE('',*,*,#13927,.F.);
#13929=EDGE_LOOP('',(#13923,#13925,#13926,#13928));
#13930=FACE_OUTER_BOUND('',#13929,.F.);
#13931=ADVANCED_FACE('',(#13930),#13922,.F.);
#13932=CARTESIAN_POINT('',(-6.184999913956E1,-3.794651890312E1,
-5.907526216637E0));
#13933=DIRECTION('',(0.E0,1.E0,0.E0));
#13934=DIRECTION('',(0.E0,0.E0,-1.E0));
#13935=AXIS2_PLACEMENT_3D('',#13932,#13933,#13934);
#13936=PLANE('',#13935);
#13937=ORIENTED_EDGE('',*,*,#9803,.T.);
#13939=ORIENTED_EDGE('',*,*,#13938,.T.);
#13940=ORIENTED_EDGE('',*,*,#11165,.F.);
#13941=ORIENTED_EDGE('',*,*,#13924,.F.);
#13942=EDGE_LOOP('',(#13937,#13939,#13940,#13941));
#13943=FACE_OUTER_BOUND('',#13942,.F.);
#13944=ADVANCED_FACE('',(#13943),#13936,.F.);
#13945=CARTESIAN_POINT('',(-6.884999913956E1,-4.494651890312E1,
-5.907526216637E0));
#13946=DIRECTION('',(-1.E0,0.E0,0.E0));
#13947=DIRECTION('',(0.E0,0.E0,-1.E0));
#13948=AXIS2_PLACEMENT_3D('',#13945,#13946,#13947);
#13949=PLANE('',#13948);
#13950=ORIENTED_EDGE('',*,*,#9801,.T.);
#13952=ORIENTED_EDGE('',*,*,#13951,.T.);
#13953=ORIENTED_EDGE('',*,*,#11167,.F.);
#13954=ORIENTED_EDGE('',*,*,#13938,.F.);
#13955=EDGE_LOOP('',(#13950,#13952,#13953,#13954));
#13956=FACE_OUTER_BOUND('',#13955,.F.);
#13957=ADVANCED_FACE('',(#13956),#13949,.F.);
#13958=CARTESIAN_POINT('',(-6.184999913956E1,-5.194651890313E1,
-5.907526216637E0));
#13959=DIRECTION('',(0.E0,-1.E0,0.E0));
#13960=DIRECTION('',(0.E0,0.E0,1.E0));
#13961=AXIS2_PLACEMENT_3D('',#13958,#13959,#13960);
#13962=PLANE('',#13961);
#13963=ORIENTED_EDGE('',*,*,#9799,.T.);
#13964=ORIENTED_EDGE('',*,*,#13927,.T.);
#13965=ORIENTED_EDGE('',*,*,#11169,.F.);
#13966=ORIENTED_EDGE('',*,*,#13951,.F.);
#13967=EDGE_LOOP('',(#13963,#13964,#13965,#13966));
#13968=FACE_OUTER_BOUND('',#13967,.F.);
#13969=ADVANCED_FACE('',(#13968),#13962,.F.);
#13970=CARTESIAN_POINT('',(-1.310499991407E2,-6.846518901585E0,
-5.907526216637E0));
#13971=DIRECTION('',(1.E0,0.E0,0.E0));
#13972=DIRECTION('',(0.E0,0.E0,1.E0));
#13973=AXIS2_PLACEMENT_3D('',#13970,#13971,#13972);
#13974=PLANE('',#13973);
#13975=ORIENTED_EDGE('',*,*,#9815,.T.);
#13977=ORIENTED_EDGE('',*,*,#13976,.T.);
#13978=ORIENTED_EDGE('',*,*,#11173,.F.);
#13980=ORIENTED_EDGE('',*,*,#13979,.F.);
#13981=EDGE_LOOP('',(#13975,#13977,#13978,#13980));
#13982=FACE_OUTER_BOUND('',#13981,.F.);
#13983=ADVANCED_FACE('',(#13982),#13974,.F.);
#13984=CARTESIAN_POINT('',(-1.380499991407E2,1.534810984163E-1,
-5.907526216637E0));
#13985=DIRECTION('',(0.E0,1.E0,0.E0));
#13986=DIRECTION('',(0.E0,0.E0,-1.E0));
#13987=AXIS2_PLACEMENT_3D('',#13984,#13985,#13986);
#13988=PLANE('',#13987);
#13989=ORIENTED_EDGE('',*,*,#9813,.T.);
#13991=ORIENTED_EDGE('',*,*,#13990,.T.);
#13992=ORIENTED_EDGE('',*,*,#11175,.F.);
#13993=ORIENTED_EDGE('',*,*,#13976,.F.);
#13994=EDGE_LOOP('',(#13989,#13991,#13992,#13993));
#13995=FACE_OUTER_BOUND('',#13994,.F.);
#13996=ADVANCED_FACE('',(#13995),#13988,.F.);
#13997=CARTESIAN_POINT('',(-1.450499991407E2,-6.846518901585E0,
-5.907526216637E0));
#13998=DIRECTION('',(-1.E0,0.E0,0.E0));
#13999=DIRECTION('',(0.E0,0.E0,-1.E0));
#14000=AXIS2_PLACEMENT_3D('',#13997,#13998,#13999);
#14001=PLANE('',#14000);
#14002=ORIENTED_EDGE('',*,*,#9811,.T.);
#14004=ORIENTED_EDGE('',*,*,#14003,.T.);
#14005=ORIENTED_EDGE('',*,*,#11177,.F.);
#14006=ORIENTED_EDGE('',*,*,#13990,.F.);
#14007=EDGE_LOOP('',(#14002,#14004,#14005,#14006));
#14008=FACE_OUTER_BOUND('',#14007,.F.);
#14009=ADVANCED_FACE('',(#14008),#14001,.F.);
#14010=CARTESIAN_POINT('',(-1.380499991407E2,-1.384651890159E1,
-5.907526216637E0));
#14011=DIRECTION('',(0.E0,-1.E0,0.E0));
#14012=DIRECTION('',(0.E0,0.E0,1.E0));
#14013=AXIS2_PLACEMENT_3D('',#14010,#14011,#14012);
#14014=PLANE('',#14013);
#14015=ORIENTED_EDGE('',*,*,#9809,.T.);
#14016=ORIENTED_EDGE('',*,*,#13979,.T.);
#14017=ORIENTED_EDGE('',*,*,#11179,.F.);
#14018=ORIENTED_EDGE('',*,*,#14003,.F.);
#14019=EDGE_LOOP('',(#14015,#14016,#14017,#14018));
#14020=FACE_OUTER_BOUND('',#14019,.F.);
#14021=ADVANCED_FACE('',(#14020),#14014,.F.);
#14022=CARTESIAN_POINT('',(1.307500008604E2,-4.494651890312E1,
-5.907526216637E0));
#14023=DIRECTION('',(1.E0,0.E0,0.E0));
#14024=DIRECTION('',(0.E0,0.E0,1.E0));
#14025=AXIS2_PLACEMENT_3D('',#14022,#14023,#14024);
#14026=PLANE('',#14025);
#14027=ORIENTED_EDGE('',*,*,#9825,.T.);
#14029=ORIENTED_EDGE('',*,*,#14028,.T.);
#14030=ORIENTED_EDGE('',*,*,#11183,.F.);
#14032=ORIENTED_EDGE('',*,*,#14031,.F.);
#14033=EDGE_LOOP('',(#14027,#14029,#14030,#14032));
#14034=FACE_OUTER_BOUND('',#14033,.F.);
#14035=ADVANCED_FACE('',(#14034),#14026,.F.);
#14036=CARTESIAN_POINT('',(1.237500008604E2,-3.794651890312E1,
-5.907526216637E0));
#14037=DIRECTION('',(0.E0,1.E0,0.E0));
#14038=DIRECTION('',(0.E0,0.E0,-1.E0));
#14039=AXIS2_PLACEMENT_3D('',#14036,#14037,#14038);
#14040=PLANE('',#14039);
#14041=ORIENTED_EDGE('',*,*,#9823,.T.);
#14043=ORIENTED_EDGE('',*,*,#14042,.T.);
#14044=ORIENTED_EDGE('',*,*,#11185,.F.);
#14045=ORIENTED_EDGE('',*,*,#14028,.F.);
#14046=EDGE_LOOP('',(#14041,#14043,#14044,#14045));
#14047=FACE_OUTER_BOUND('',#14046,.F.);
#14048=ADVANCED_FACE('',(#14047),#14040,.F.);
#14049=CARTESIAN_POINT('',(1.167500008604E2,-4.494651890312E1,
-5.907526216637E0));
#14050=DIRECTION('',(-1.E0,0.E0,0.E0));
#14051=DIRECTION('',(0.E0,0.E0,-1.E0));
#14052=AXIS2_PLACEMENT_3D('',#14049,#14050,#14051);
#14053=PLANE('',#14052);
#14054=ORIENTED_EDGE('',*,*,#9821,.T.);
#14056=ORIENTED_EDGE('',*,*,#14055,.T.);
#14057=ORIENTED_EDGE('',*,*,#11187,.F.);
#14058=ORIENTED_EDGE('',*,*,#14042,.F.);
#14059=EDGE_LOOP('',(#14054,#14056,#14057,#14058));
#14060=FACE_OUTER_BOUND('',#14059,.F.);
#14061=ADVANCED_FACE('',(#14060),#14053,.F.);
#14062=CARTESIAN_POINT('',(1.237500008604E2,-5.194651890313E1,
-5.907526216637E0));
#14063=DIRECTION('',(0.E0,-1.E0,0.E0));
#14064=DIRECTION('',(0.E0,0.E0,1.E0));
#14065=AXIS2_PLACEMENT_3D('',#14062,#14063,#14064);
#14066=PLANE('',#14065);
#14067=ORIENTED_EDGE('',*,*,#9819,.T.);
#14068=ORIENTED_EDGE('',*,*,#14031,.T.);
#14069=ORIENTED_EDGE('',*,*,#11189,.F.);
#14070=ORIENTED_EDGE('',*,*,#14055,.F.);
#14071=EDGE_LOOP('',(#14067,#14068,#14069,#14070));
#14072=FACE_OUTER_BOUND('',#14071,.F.);
#14073=ADVANCED_FACE('',(#14072),#14066,.F.);
#14074=CARTESIAN_POINT('',(-5.003749927508E1,3.605348109843E1,
-5.907526216637E0));
#14075=DIRECTION('',(1.E0,0.E0,0.E0));
#14076=DIRECTION('',(0.E0,0.E0,1.E0));
#14077=AXIS2_PLACEMENT_3D('',#14074,#14075,#14076);
#14078=PLANE('',#14077);
#14079=ORIENTED_EDGE('',*,*,#9835,.T.);
#14081=ORIENTED_EDGE('',*,*,#14080,.T.);
#14082=ORIENTED_EDGE('',*,*,#11193,.F.);
#14084=ORIENTED_EDGE('',*,*,#14083,.F.);
#14085=EDGE_LOOP('',(#14079,#14081,#14082,#14084));
#14086=FACE_OUTER_BOUND('',#14085,.F.);
#14087=ADVANCED_FACE('',(#14086),#14078,.F.);
#14088=CARTESIAN_POINT('',(-5.703749927508E1,4.305348109843E1,
-5.907526216637E0));
#14089=DIRECTION('',(0.E0,1.E0,0.E0));
#14090=DIRECTION('',(0.E0,0.E0,-1.E0));
#14091=AXIS2_PLACEMENT_3D('',#14088,#14089,#14090);
#14092=PLANE('',#14091);
#14093=ORIENTED_EDGE('',*,*,#9833,.T.);
#14095=ORIENTED_EDGE('',*,*,#14094,.T.);
#14096=ORIENTED_EDGE('',*,*,#11195,.F.);
#14097=ORIENTED_EDGE('',*,*,#14080,.F.);
#14098=EDGE_LOOP('',(#14093,#14095,#14096,#14097));
#14099=FACE_OUTER_BOUND('',#14098,.F.);
#14100=ADVANCED_FACE('',(#14099),#14092,.F.);
#14101=CARTESIAN_POINT('',(-6.403749927508E1,3.605348109843E1,
-5.907526216637E0));
#14102=DIRECTION('',(-1.E0,0.E0,0.E0));
#14103=DIRECTION('',(0.E0,0.E0,-1.E0));
#14104=AXIS2_PLACEMENT_3D('',#14101,#14102,#14103);
#14105=PLANE('',#14104);
#14106=ORIENTED_EDGE('',*,*,#9831,.T.);
#14108=ORIENTED_EDGE('',*,*,#14107,.T.);
#14109=ORIENTED_EDGE('',*,*,#11197,.F.);
#14110=ORIENTED_EDGE('',*,*,#14094,.F.);
#14111=EDGE_LOOP('',(#14106,#14108,#14109,#14110));
#14112=FACE_OUTER_BOUND('',#14111,.F.);
#14113=ADVANCED_FACE('',(#14112),#14105,.F.);
#14114=CARTESIAN_POINT('',(-5.703749927508E1,2.905348109842E1,
-5.907526216637E0));
#14115=DIRECTION('',(0.E0,-1.E0,0.E0));
#14116=DIRECTION('',(0.E0,0.E0,1.E0));
#14117=AXIS2_PLACEMENT_3D('',#14114,#14115,#14116);
#14118=PLANE('',#14117);
#14119=ORIENTED_EDGE('',*,*,#9829,.T.);
#14120=ORIENTED_EDGE('',*,*,#14083,.T.);
#14121=ORIENTED_EDGE('',*,*,#11199,.F.);
#14122=ORIENTED_EDGE('',*,*,#14107,.F.);
#14123=EDGE_LOOP('',(#14119,#14120,#14121,#14122));
#14124=FACE_OUTER_BOUND('',#14123,.F.);
#14125=ADVANCED_FACE('',(#14124),#14118,.F.);
#14126=CARTESIAN_POINT('',(9.280000085992E1,1.220348109843E1,
-5.907526216637E0));
#14127=DIRECTION('',(1.E0,0.E0,0.E0));
#14128=DIRECTION('',(0.E0,0.E0,1.E0));
#14129=AXIS2_PLACEMENT_3D('',#14126,#14127,#14128);
#14130=PLANE('',#14129);
#14131=ORIENTED_EDGE('',*,*,#9845,.T.);
#14133=ORIENTED_EDGE('',*,*,#14132,.T.);
#14134=ORIENTED_EDGE('',*,*,#11203,.F.);
#14136=ORIENTED_EDGE('',*,*,#14135,.F.);
#14137=EDGE_LOOP('',(#14131,#14133,#14134,#14136));
#14138=FACE_OUTER_BOUND('',#14137,.F.);
#14139=ADVANCED_FACE('',(#14138),#14130,.F.);
#14140=CARTESIAN_POINT('',(8.580000085992E1,1.920348109843E1,
-5.907526216637E0));
#14141=DIRECTION('',(0.E0,1.E0,0.E0));
#14142=DIRECTION('',(0.E0,0.E0,-1.E0));
#14143=AXIS2_PLACEMENT_3D('',#14140,#14141,#14142);
#14144=PLANE('',#14143);
#14145=ORIENTED_EDGE('',*,*,#9843,.T.);
#14147=ORIENTED_EDGE('',*,*,#14146,.T.);
#14148=ORIENTED_EDGE('',*,*,#11205,.F.);
#14149=ORIENTED_EDGE('',*,*,#14132,.F.);
#14150=EDGE_LOOP('',(#14145,#14147,#14148,#14149));
#14151=FACE_OUTER_BOUND('',#14150,.F.);
#14152=ADVANCED_FACE('',(#14151),#14144,.F.);
#14153=CARTESIAN_POINT('',(7.880000085992E1,1.220348109843E1,
-5.907526216637E0));
#14154=DIRECTION('',(-1.E0,0.E0,0.E0));
#14155=DIRECTION('',(0.E0,0.E0,-1.E0));
#14156=AXIS2_PLACEMENT_3D('',#14153,#14154,#14155);
#14157=PLANE('',#14156);
#14158=ORIENTED_EDGE('',*,*,#9841,.T.);
#14160=ORIENTED_EDGE('',*,*,#14159,.T.);
#14161=ORIENTED_EDGE('',*,*,#11207,.F.);
#14162=ORIENTED_EDGE('',*,*,#14146,.F.);
#14163=EDGE_LOOP('',(#14158,#14160,#14161,#14162));
#14164=FACE_OUTER_BOUND('',#14163,.F.);
#14165=ADVANCED_FACE('',(#14164),#14157,.F.);
#14166=CARTESIAN_POINT('',(8.580000085992E1,5.203481098424E0,
-5.907526216637E0));
#14167=DIRECTION('',(0.E0,-1.E0,0.E0));
#14168=DIRECTION('',(0.E0,0.E0,1.E0));
#14169=AXIS2_PLACEMENT_3D('',#14166,#14167,#14168);
#14170=PLANE('',#14169);
#14171=ORIENTED_EDGE('',*,*,#9839,.T.);
#14172=ORIENTED_EDGE('',*,*,#14135,.T.);
#14173=ORIENTED_EDGE('',*,*,#11209,.F.);
#14174=ORIENTED_EDGE('',*,*,#14159,.F.);
#14175=EDGE_LOOP('',(#14171,#14172,#14173,#14174));
#14176=FACE_OUTER_BOUND('',#14175,.F.);
#14177=ADVANCED_FACE('',(#14176),#14170,.F.);
#14178=CARTESIAN_POINT('',(6.420000085892E1,-6.846518901705E0,
-5.907526216637E0));
#14179=DIRECTION('',(1.E0,0.E0,0.E0));
#14180=DIRECTION('',(0.E0,0.E0,1.E0));
#14181=AXIS2_PLACEMENT_3D('',#14178,#14179,#14180);
#14182=PLANE('',#14181);
#14183=ORIENTED_EDGE('',*,*,#9855,.T.);
#14185=ORIENTED_EDGE('',*,*,#14184,.T.);
#14186=ORIENTED_EDGE('',*,*,#11213,.F.);
#14188=ORIENTED_EDGE('',*,*,#14187,.F.);
#14189=EDGE_LOOP('',(#14183,#14185,#14186,#14188));
#14190=FACE_OUTER_BOUND('',#14189,.F.);
#14191=ADVANCED_FACE('',(#14190),#14182,.F.);
#14192=CARTESIAN_POINT('',(5.720000085892E1,1.534810982963E-1,
-5.907526216637E0));
#14193=DIRECTION('',(0.E0,1.E0,0.E0));
#14194=DIRECTION('',(0.E0,0.E0,-1.E0));
#14195=AXIS2_PLACEMENT_3D('',#14192,#14193,#14194);
#14196=PLANE('',#14195);
#14197=ORIENTED_EDGE('',*,*,#9853,.T.);
#14199=ORIENTED_EDGE('',*,*,#14198,.T.);
#14200=ORIENTED_EDGE('',*,*,#11215,.F.);
#14201=ORIENTED_EDGE('',*,*,#14184,.F.);
#14202=EDGE_LOOP('',(#14197,#14199,#14200,#14201));
#14203=FACE_OUTER_BOUND('',#14202,.F.);
#14204=ADVANCED_FACE('',(#14203),#14196,.F.);
#14205=CARTESIAN_POINT('',(5.020000085892E1,-6.846518901705E0,
-5.907526216637E0));
#14206=DIRECTION('',(-1.E0,0.E0,0.E0));
#14207=DIRECTION('',(0.E0,0.E0,-1.E0));
#14208=AXIS2_PLACEMENT_3D('',#14205,#14206,#14207);
#14209=PLANE('',#14208);
#14210=ORIENTED_EDGE('',*,*,#9851,.T.);
#14212=ORIENTED_EDGE('',*,*,#14211,.T.);
#14213=ORIENTED_EDGE('',*,*,#11217,.F.);
#14214=ORIENTED_EDGE('',*,*,#14198,.F.);
#14215=EDGE_LOOP('',(#14210,#14212,#14213,#14214));
#14216=FACE_OUTER_BOUND('',#14215,.F.);
#14217=ADVANCED_FACE('',(#14216),#14209,.F.);
#14218=CARTESIAN_POINT('',(5.720000085892E1,-1.384651890171E1,
-5.907526216637E0));
#14219=DIRECTION('',(0.E0,-1.E0,0.E0));
#14220=DIRECTION('',(0.E0,0.E0,1.E0));
#14221=AXIS2_PLACEMENT_3D('',#14218,#14219,#14220);
#14222=PLANE('',#14221);
#14223=ORIENTED_EDGE('',*,*,#9849,.T.);
#14224=ORIENTED_EDGE('',*,*,#14187,.T.);
#14225=ORIENTED_EDGE('',*,*,#11219,.F.);
#14226=ORIENTED_EDGE('',*,*,#14211,.F.);
#14227=EDGE_LOOP('',(#14223,#14224,#14225,#14226));
#14228=FACE_OUTER_BOUND('',#14227,.F.);
#14229=ADVANCED_FACE('',(#14228),#14222,.F.);
#14230=CARTESIAN_POINT('',(-7.249999138970E0,-2.589651890174E1,
-5.907526216637E0));
#14231=DIRECTION('',(1.E0,0.E0,0.E0));
#14232=DIRECTION('',(0.E0,0.E0,1.E0));
#14233=AXIS2_PLACEMENT_3D('',#14230,#14231,#14232);
#14234=PLANE('',#14233);
#14235=ORIENTED_EDGE('',*,*,#9865,.T.);
#14237=ORIENTED_EDGE('',*,*,#14236,.T.);
#14238=ORIENTED_EDGE('',*,*,#11223,.F.);
#14240=ORIENTED_EDGE('',*,*,#14239,.F.);
#14241=EDGE_LOOP('',(#14235,#14237,#14238,#14240));
#14242=FACE_OUTER_BOUND('',#14241,.F.);
#14243=ADVANCED_FACE('',(#14242),#14234,.F.);
#14244=CARTESIAN_POINT('',(-1.424999913897E1,-1.889651890174E1,
-5.907526216637E0));
#14245=DIRECTION('',(0.E0,1.E0,0.E0));
#14246=DIRECTION('',(0.E0,0.E0,-1.E0));
#14247=AXIS2_PLACEMENT_3D('',#14244,#14245,#14246);
#14248=PLANE('',#14247);
#14249=ORIENTED_EDGE('',*,*,#9863,.T.);
#14251=ORIENTED_EDGE('',*,*,#14250,.T.);
#14252=ORIENTED_EDGE('',*,*,#11225,.F.);
#14253=ORIENTED_EDGE('',*,*,#14236,.F.);
#14254=EDGE_LOOP('',(#14249,#14251,#14252,#14253));
#14255=FACE_OUTER_BOUND('',#14254,.F.);
#14256=ADVANCED_FACE('',(#14255),#14248,.F.);
#14257=CARTESIAN_POINT('',(-2.124999913897E1,-2.589651890174E1,
-5.907526216637E0));
#14258=DIRECTION('',(-1.E0,0.E0,0.E0));
#14259=DIRECTION('',(0.E0,0.E0,-1.E0));
#14260=AXIS2_PLACEMENT_3D('',#14257,#14258,#14259);
#14261=PLANE('',#14260);
#14262=ORIENTED_EDGE('',*,*,#9861,.T.);
#14264=ORIENTED_EDGE('',*,*,#14263,.T.);
#14265=ORIENTED_EDGE('',*,*,#11227,.F.);
#14266=ORIENTED_EDGE('',*,*,#14250,.F.);
#14267=EDGE_LOOP('',(#14262,#14264,#14265,#14266));
#14268=FACE_OUTER_BOUND('',#14267,.F.);
#14269=ADVANCED_FACE('',(#14268),#14261,.F.);
#14270=CARTESIAN_POINT('',(-1.424999913897E1,-3.289651890175E1,
-5.907526216637E0));
#14271=DIRECTION('',(0.E0,-1.E0,0.E0));
#14272=DIRECTION('',(0.E0,0.E0,1.E0));
#14273=AXIS2_PLACEMENT_3D('',#14270,#14271,#14272);
#14274=PLANE('',#14273);
#14275=ORIENTED_EDGE('',*,*,#9859,.T.);
#14276=ORIENTED_EDGE('',*,*,#14239,.T.);
#14277=ORIENTED_EDGE('',*,*,#11229,.F.);
#14278=ORIENTED_EDGE('',*,*,#14263,.F.);
#14279=EDGE_LOOP('',(#14275,#14276,#14277,#14278));
#14280=FACE_OUTER_BOUND('',#14279,.F.);
#14281=ADVANCED_FACE('',(#14280),#14274,.F.);
#14282=CARTESIAN_POINT('',(6.895000086103E1,-2.589651890174E1,
-5.907526216637E0));
#14283=DIRECTION('',(1.E0,0.E0,0.E0));
#14284=DIRECTION('',(0.E0,0.E0,1.E0));
#14285=AXIS2_PLACEMENT_3D('',#14282,#14283,#14284);
#14286=PLANE('',#14285);
#14287=ORIENTED_EDGE('',*,*,#9875,.T.);
#14289=ORIENTED_EDGE('',*,*,#14288,.T.);
#14290=ORIENTED_EDGE('',*,*,#11233,.F.);
#14292=ORIENTED_EDGE('',*,*,#14291,.F.);
#14293=EDGE_LOOP('',(#14287,#14289,#14290,#14292));
#14294=FACE_OUTER_BOUND('',#14293,.F.);
#14295=ADVANCED_FACE('',(#14294),#14286,.F.);
#14296=CARTESIAN_POINT('',(6.195000086103E1,-1.889651890174E1,
-5.907526216637E0));
#14297=DIRECTION('',(0.E0,1.E0,0.E0));
#14298=DIRECTION('',(0.E0,0.E0,-1.E0));
#14299=AXIS2_PLACEMENT_3D('',#14296,#14297,#14298);
#14300=PLANE('',#14299);
#14301=ORIENTED_EDGE('',*,*,#9873,.T.);
#14303=ORIENTED_EDGE('',*,*,#14302,.T.);
#14304=ORIENTED_EDGE('',*,*,#11235,.F.);
#14305=ORIENTED_EDGE('',*,*,#14288,.F.);
#14306=EDGE_LOOP('',(#14301,#14303,#14304,#14305));
#14307=FACE_OUTER_BOUND('',#14306,.F.);
#14308=ADVANCED_FACE('',(#14307),#14300,.F.);
#14309=CARTESIAN_POINT('',(5.495000086103E1,-2.589651890174E1,
-5.907526216637E0));
#14310=DIRECTION('',(-1.E0,0.E0,0.E0));
#14311=DIRECTION('',(0.E0,0.E0,-1.E0));
#14312=AXIS2_PLACEMENT_3D('',#14309,#14310,#14311);
#14313=PLANE('',#14312);
#14314=ORIENTED_EDGE('',*,*,#9871,.T.);
#14316=ORIENTED_EDGE('',*,*,#14315,.T.);
#14317=ORIENTED_EDGE('',*,*,#11237,.F.);
#14318=ORIENTED_EDGE('',*,*,#14302,.F.);
#14319=EDGE_LOOP('',(#14314,#14316,#14317,#14318));
#14320=FACE_OUTER_BOUND('',#14319,.F.);
#14321=ADVANCED_FACE('',(#14320),#14313,.F.);
#14322=CARTESIAN_POINT('',(6.195000086103E1,-3.289651890175E1,
-5.907526216637E0));
#14323=DIRECTION('',(0.E0,-1.E0,0.E0));
#14324=DIRECTION('',(0.E0,0.E0,1.E0));
#14325=AXIS2_PLACEMENT_3D('',#14322,#14323,#14324);
#14326=PLANE('',#14325);
#14327=ORIENTED_EDGE('',*,*,#9869,.T.);
#14328=ORIENTED_EDGE('',*,*,#14291,.T.);
#14329=ORIENTED_EDGE('',*,*,#11239,.F.);
#14330=ORIENTED_EDGE('',*,*,#14315,.F.);
#14331=EDGE_LOOP('',(#14327,#14328,#14329,#14330));
#14332=FACE_OUTER_BOUND('',#14331,.F.);
#14333=ADVANCED_FACE('',(#14332),#14326,.F.);
#14334=CARTESIAN_POINT('',(-1.167499991401E2,1.220348109843E1,
-5.907526216637E0));
#14335=DIRECTION('',(1.E0,0.E0,0.E0));
#14336=DIRECTION('',(0.E0,0.E0,1.E0));
#14337=AXIS2_PLACEMENT_3D('',#14334,#14335,#14336);
#14338=PLANE('',#14337);
#14339=ORIENTED_EDGE('',*,*,#9885,.T.);
#14341=ORIENTED_EDGE('',*,*,#14340,.T.);
#14342=ORIENTED_EDGE('',*,*,#11243,.F.);
#14344=ORIENTED_EDGE('',*,*,#14343,.F.);
#14345=EDGE_LOOP('',(#14339,#14341,#14342,#14344));
#14346=FACE_OUTER_BOUND('',#14345,.F.);
#14347=ADVANCED_FACE('',(#14346),#14338,.F.);
#14348=CARTESIAN_POINT('',(-1.237499991401E2,1.920348109843E1,
-5.907526216637E0));
#14349=DIRECTION('',(0.E0,1.E0,0.E0));
#14350=DIRECTION('',(0.E0,0.E0,-1.E0));
#14351=AXIS2_PLACEMENT_3D('',#14348,#14349,#14350);
#14352=PLANE('',#14351);
#14353=ORIENTED_EDGE('',*,*,#9883,.T.);
#14355=ORIENTED_EDGE('',*,*,#14354,.T.);
#14356=ORIENTED_EDGE('',*,*,#11245,.F.);
#14357=ORIENTED_EDGE('',*,*,#14340,.F.);
#14358=EDGE_LOOP('',(#14353,#14355,#14356,#14357));
#14359=FACE_OUTER_BOUND('',#14358,.F.);
#14360=ADVANCED_FACE('',(#14359),#14352,.F.);
#14361=CARTESIAN_POINT('',(-1.307499991401E2,1.220348109843E1,
-5.907526216637E0));
#14362=DIRECTION('',(-1.E0,0.E0,0.E0));
#14363=DIRECTION('',(0.E0,0.E0,-1.E0));
#14364=AXIS2_PLACEMENT_3D('',#14361,#14362,#14363);
#14365=PLANE('',#14364);
#14366=ORIENTED_EDGE('',*,*,#9881,.T.);
#14368=ORIENTED_EDGE('',*,*,#14367,.T.);
#14369=ORIENTED_EDGE('',*,*,#11247,.F.);
#14370=ORIENTED_EDGE('',*,*,#14354,.F.);
#14371=EDGE_LOOP('',(#14366,#14368,#14369,#14370));
#14372=FACE_OUTER_BOUND('',#14371,.F.);
#14373=ADVANCED_FACE('',(#14372),#14365,.F.);
#14374=CARTESIAN_POINT('',(-1.237499991401E2,5.203481098424E0,
-5.907526216637E0));
#14375=DIRECTION('',(0.E0,-1.E0,0.E0));
#14376=DIRECTION('',(0.E0,0.E0,1.E0));
#14377=AXIS2_PLACEMENT_3D('',#14374,#14375,#14376);
#14378=PLANE('',#14377);
#14379=ORIENTED_EDGE('',*,*,#9879,.T.);
#14380=ORIENTED_EDGE('',*,*,#14343,.T.);
#14381=ORIENTED_EDGE('',*,*,#11249,.F.);
#14382=ORIENTED_EDGE('',*,*,#14367,.F.);
#14383=EDGE_LOOP('',(#14379,#14380,#14381,#14382));
#14384=FACE_OUTER_BOUND('',#14383,.F.);
#14385=ADVANCED_FACE('',(#14384),#14378,.F.);
#14386=CARTESIAN_POINT('',(7.850000086044E1,-4.494651890312E1,
-5.907526216637E0));
#14387=DIRECTION('',(1.E0,0.E0,0.E0));
#14388=DIRECTION('',(0.E0,0.E0,1.E0));
#14389=AXIS2_PLACEMENT_3D('',#14386,#14387,#14388);
#14390=PLANE('',#14389);
#14391=ORIENTED_EDGE('',*,*,#9895,.T.);
#14393=ORIENTED_EDGE('',*,*,#14392,.T.);
#14394=ORIENTED_EDGE('',*,*,#11253,.F.);
#14396=ORIENTED_EDGE('',*,*,#14395,.F.);
#14397=EDGE_LOOP('',(#14391,#14393,#14394,#14396));
#14398=FACE_OUTER_BOUND('',#14397,.F.);
#14399=ADVANCED_FACE('',(#14398),#14390,.F.);
#14400=CARTESIAN_POINT('',(7.150000086044E1,-3.794651890312E1,
-5.907526216637E0));
#14401=DIRECTION('',(0.E0,1.E0,0.E0));
#14402=DIRECTION('',(0.E0,0.E0,-1.E0));
#14403=AXIS2_PLACEMENT_3D('',#14400,#14401,#14402);
#14404=PLANE('',#14403);
#14405=ORIENTED_EDGE('',*,*,#9893,.T.);
#14407=ORIENTED_EDGE('',*,*,#14406,.T.);
#14408=ORIENTED_EDGE('',*,*,#11255,.F.);
#14409=ORIENTED_EDGE('',*,*,#14392,.F.);
#14410=EDGE_LOOP('',(#14405,#14407,#14408,#14409));
#14411=FACE_OUTER_BOUND('',#14410,.F.);
#14412=ADVANCED_FACE('',(#14411),#14404,.F.);
#14413=CARTESIAN_POINT('',(6.450000086044E1,-4.494651890312E1,
-5.907526216637E0));
#14414=DIRECTION('',(-1.E0,0.E0,0.E0));
#14415=DIRECTION('',(0.E0,0.E0,-1.E0));
#14416=AXIS2_PLACEMENT_3D('',#14413,#14414,#14415);
#14417=PLANE('',#14416);
#14418=ORIENTED_EDGE('',*,*,#9891,.T.);
#14420=ORIENTED_EDGE('',*,*,#14419,.T.);
#14421=ORIENTED_EDGE('',*,*,#11257,.F.);
#14422=ORIENTED_EDGE('',*,*,#14406,.F.);
#14423=EDGE_LOOP('',(#14418,#14420,#14421,#14422));
#14424=FACE_OUTER_BOUND('',#14423,.F.);
#14425=ADVANCED_FACE('',(#14424),#14417,.F.);
#14426=CARTESIAN_POINT('',(7.150000086044E1,-5.194651890313E1,
-5.907526216637E0));
#14427=DIRECTION('',(0.E0,-1.E0,0.E0));
#14428=DIRECTION('',(0.E0,0.E0,1.E0));
#14429=AXIS2_PLACEMENT_3D('',#14426,#14427,#14428);
#14430=PLANE('',#14429);
#14431=ORIENTED_EDGE('',*,*,#9889,.T.);
#14432=ORIENTED_EDGE('',*,*,#14395,.T.);
#14433=ORIENTED_EDGE('',*,*,#11259,.F.);
#14434=ORIENTED_EDGE('',*,*,#14419,.F.);
#14435=EDGE_LOOP('',(#14431,#14432,#14433,#14434));
#14436=FACE_OUTER_BOUND('',#14435,.F.);
#14437=ADVANCED_FACE('',(#14436),#14430,.F.);
#14438=CARTESIAN_POINT('',(8.800000086103E1,-2.589651890174E1,
-5.907526216637E0));
#14439=DIRECTION('',(1.E0,0.E0,0.E0));
#14440=DIRECTION('',(0.E0,0.E0,1.E0));
#14441=AXIS2_PLACEMENT_3D('',#14438,#14439,#14440);
#14442=PLANE('',#14441);
#14443=ORIENTED_EDGE('',*,*,#9905,.T.);
#14445=ORIENTED_EDGE('',*,*,#14444,.T.);
#14446=ORIENTED_EDGE('',*,*,#11263,.F.);
#14448=ORIENTED_EDGE('',*,*,#14447,.F.);
#14449=EDGE_LOOP('',(#14443,#14445,#14446,#14448));
#14450=FACE_OUTER_BOUND('',#14449,.F.);
#14451=ADVANCED_FACE('',(#14450),#14442,.F.);
#14452=CARTESIAN_POINT('',(8.100000086103E1,-1.889651890174E1,
-5.907526216637E0));
#14453=DIRECTION('',(0.E0,1.E0,0.E0));
#14454=DIRECTION('',(0.E0,0.E0,-1.E0));
#14455=AXIS2_PLACEMENT_3D('',#14452,#14453,#14454);
#14456=PLANE('',#14455);
#14457=ORIENTED_EDGE('',*,*,#9903,.T.);
#14459=ORIENTED_EDGE('',*,*,#14458,.T.);
#14460=ORIENTED_EDGE('',*,*,#11265,.F.);
#14461=ORIENTED_EDGE('',*,*,#14444,.F.);
#14462=EDGE_LOOP('',(#14457,#14459,#14460,#14461));
#14463=FACE_OUTER_BOUND('',#14462,.F.);
#14464=ADVANCED_FACE('',(#14463),#14456,.F.);
#14465=CARTESIAN_POINT('',(7.400000086103E1,-2.589651890174E1,
-5.907526216637E0));
#14466=DIRECTION('',(-1.E0,0.E0,0.E0));
#14467=DIRECTION('',(0.E0,0.E0,-1.E0));
#14468=AXIS2_PLACEMENT_3D('',#14465,#14466,#14467);
#14469=PLANE('',#14468);
#14470=ORIENTED_EDGE('',*,*,#9901,.T.);
#14472=ORIENTED_EDGE('',*,*,#14471,.T.);
#14473=ORIENTED_EDGE('',*,*,#11267,.F.);
#14474=ORIENTED_EDGE('',*,*,#14458,.F.);
#14475=EDGE_LOOP('',(#14470,#14472,#14473,#14474));
#14476=FACE_OUTER_BOUND('',#14475,.F.);
#14477=ADVANCED_FACE('',(#14476),#14469,.F.);
#14478=CARTESIAN_POINT('',(8.100000086103E1,-3.289651890175E1,
-5.907526216637E0));
#14479=DIRECTION('',(0.E0,-1.E0,0.E0));
#14480=DIRECTION('',(0.E0,0.E0,1.E0));
#14481=AXIS2_PLACEMENT_3D('',#14478,#14479,#14480);
#14482=PLANE('',#14481);
#14483=ORIENTED_EDGE('',*,*,#9899,.T.);
#14484=ORIENTED_EDGE('',*,*,#14447,.T.);
#14485=ORIENTED_EDGE('',*,*,#11269,.F.);
#14486=ORIENTED_EDGE('',*,*,#14471,.F.);
#14487=EDGE_LOOP('',(#14483,#14484,#14485,#14486));
#14488=FACE_OUTER_BOUND('',#14487,.F.);
#14489=ADVANCED_FACE('',(#14488),#14482,.F.);
#14490=CARTESIAN_POINT('',(-1.674999913956E1,-4.494651890312E1,
-5.907526216637E0));
#14491=DIRECTION('',(1.E0,0.E0,0.E0));
#14492=DIRECTION('',(0.E0,0.E0,1.E0));
#14493=AXIS2_PLACEMENT_3D('',#14490,#14491,#14492);
#14494=PLANE('',#14493);
#14495=ORIENTED_EDGE('',*,*,#9915,.T.);
#14497=ORIENTED_EDGE('',*,*,#14496,.T.);
#14498=ORIENTED_EDGE('',*,*,#11273,.F.);
#14500=ORIENTED_EDGE('',*,*,#14499,.F.);
#14501=EDGE_LOOP('',(#14495,#14497,#14498,#14500));
#14502=FACE_OUTER_BOUND('',#14501,.F.);
#14503=ADVANCED_FACE('',(#14502),#14494,.F.);
#14504=CARTESIAN_POINT('',(-2.374999913956E1,-3.794651890312E1,
-5.907526216637E0));
#14505=DIRECTION('',(0.E0,1.E0,0.E0));
#14506=DIRECTION('',(0.E0,0.E0,-1.E0));
#14507=AXIS2_PLACEMENT_3D('',#14504,#14505,#14506);
#14508=PLANE('',#14507);
#14509=ORIENTED_EDGE('',*,*,#9913,.T.);
#14511=ORIENTED_EDGE('',*,*,#14510,.T.);
#14512=ORIENTED_EDGE('',*,*,#11275,.F.);
#14513=ORIENTED_EDGE('',*,*,#14496,.F.);
#14514=EDGE_LOOP('',(#14509,#14511,#14512,#14513));
#14515=FACE_OUTER_BOUND('',#14514,.F.);
#14516=ADVANCED_FACE('',(#14515),#14508,.F.);
#14517=CARTESIAN_POINT('',(-3.074999913956E1,-4.494651890312E1,
-5.907526216637E0));
#14518=DIRECTION('',(-1.E0,0.E0,0.E0));
#14519=DIRECTION('',(0.E0,0.E0,-1.E0));
#14520=AXIS2_PLACEMENT_3D('',#14517,#14518,#14519);
#14521=PLANE('',#14520);
#14522=ORIENTED_EDGE('',*,*,#9911,.T.);
#14524=ORIENTED_EDGE('',*,*,#14523,.T.);
#14525=ORIENTED_EDGE('',*,*,#11277,.F.);
#14526=ORIENTED_EDGE('',*,*,#14510,.F.);
#14527=EDGE_LOOP('',(#14522,#14524,#14525,#14526));
#14528=FACE_OUTER_BOUND('',#14527,.F.);
#14529=ADVANCED_FACE('',(#14528),#14521,.F.);
#14530=CARTESIAN_POINT('',(-2.374999913956E1,-5.194651890313E1,
-5.907526216637E0));
#14531=DIRECTION('',(0.E0,-1.E0,0.E0));
#14532=DIRECTION('',(0.E0,0.E0,1.E0));
#14533=AXIS2_PLACEMENT_3D('',#14530,#14531,#14532);
#14534=PLANE('',#14533);
#14535=ORIENTED_EDGE('',*,*,#9909,.T.);
#14536=ORIENTED_EDGE('',*,*,#14499,.T.);
#14537=ORIENTED_EDGE('',*,*,#11279,.F.);
#14538=ORIENTED_EDGE('',*,*,#14523,.F.);
#14539=EDGE_LOOP('',(#14535,#14536,#14537,#14538));
#14540=FACE_OUTER_BOUND('',#14539,.F.);
#14541=ADVANCED_FACE('',(#14540),#14534,.F.);
#14542=CARTESIAN_POINT('',(1.498000008329E2,3.605348109843E1,
-5.907526216637E0));
#14543=DIRECTION('',(1.E0,0.E0,0.E0));
#14544=DIRECTION('',(0.E0,0.E0,1.E0));
#14545=AXIS2_PLACEMENT_3D('',#14542,#14543,#14544);
#14546=PLANE('',#14545);
#14547=ORIENTED_EDGE('',*,*,#9925,.T.);
#14549=ORIENTED_EDGE('',*,*,#14548,.T.);
#14550=ORIENTED_EDGE('',*,*,#11283,.F.);
#14552=ORIENTED_EDGE('',*,*,#14551,.F.);
#14553=EDGE_LOOP('',(#14547,#14549,#14550,#14552));
#14554=FACE_OUTER_BOUND('',#14553,.F.);
#14555=ADVANCED_FACE('',(#14554),#14546,.F.);
#14556=CARTESIAN_POINT('',(1.428000008329E2,4.305348109843E1,
-5.907526216637E0));
#14557=DIRECTION('',(0.E0,1.E0,0.E0));
#14558=DIRECTION('',(0.E0,0.E0,-1.E0));
#14559=AXIS2_PLACEMENT_3D('',#14556,#14557,#14558);
#14560=PLANE('',#14559);
#14561=ORIENTED_EDGE('',*,*,#9923,.T.);
#14563=ORIENTED_EDGE('',*,*,#14562,.T.);
#14564=ORIENTED_EDGE('',*,*,#11285,.F.);
#14565=ORIENTED_EDGE('',*,*,#14548,.F.);
#14566=EDGE_LOOP('',(#14561,#14563,#14564,#14565));
#14567=FACE_OUTER_BOUND('',#14566,.F.);
#14568=ADVANCED_FACE('',(#14567),#14560,.F.);
#14569=CARTESIAN_POINT('',(1.358000008329E2,3.605348109843E1,
-5.907526216637E0));
#14570=DIRECTION('',(-1.E0,0.E0,0.E0));
#14571=DIRECTION('',(0.E0,0.E0,-1.E0));
#14572=AXIS2_PLACEMENT_3D('',#14569,#14570,#14571);
#14573=PLANE('',#14572);
#14574=ORIENTED_EDGE('',*,*,#9921,.T.);
#14576=ORIENTED_EDGE('',*,*,#14575,.T.);
#14577=ORIENTED_EDGE('',*,*,#11287,.F.);
#14578=ORIENTED_EDGE('',*,*,#14562,.F.);
#14579=EDGE_LOOP('',(#14574,#14576,#14577,#14578));
#14580=FACE_OUTER_BOUND('',#14579,.F.);
#14581=ADVANCED_FACE('',(#14580),#14573,.F.);
#14582=CARTESIAN_POINT('',(1.428000008329E2,2.905348109842E1,
-5.907526216637E0));
#14583=DIRECTION('',(0.E0,-1.E0,0.E0));
#14584=DIRECTION('',(0.E0,0.E0,1.E0));
#14585=AXIS2_PLACEMENT_3D('',#14582,#14583,#14584);
#14586=PLANE('',#14585);
#14587=ORIENTED_EDGE('',*,*,#9919,.T.);
#14588=ORIENTED_EDGE('',*,*,#14551,.T.);
#14589=ORIENTED_EDGE('',*,*,#11289,.F.);
#14590=ORIENTED_EDGE('',*,*,#14575,.F.);
#14591=EDGE_LOOP('',(#14587,#14588,#14589,#14590));
#14592=FACE_OUTER_BOUND('',#14591,.F.);
#14593=ADVANCED_FACE('',(#14592),#14586,.F.);
#14594=CARTESIAN_POINT('',(-2.629999913897E1,-2.589651890174E1,
-5.907526216637E0));
#14595=DIRECTION('',(1.E0,0.E0,0.E0));
#14596=DIRECTION('',(0.E0,0.E0,1.E0));
#14597=AXIS2_PLACEMENT_3D('',#14594,#14595,#14596);
#14598=PLANE('',#14597);
#14599=ORIENTED_EDGE('',*,*,#9935,.T.);
#14601=ORIENTED_EDGE('',*,*,#14600,.T.);
#14602=ORIENTED_EDGE('',*,*,#11293,.F.);
#14604=ORIENTED_EDGE('',*,*,#14603,.F.);
#14605=EDGE_LOOP('',(#14599,#14601,#14602,#14604));
#14606=FACE_OUTER_BOUND('',#14605,.F.);
#14607=ADVANCED_FACE('',(#14606),#14598,.F.);
#14608=CARTESIAN_POINT('',(-3.329999913897E1,-1.889651890174E1,
-5.907526216637E0));
#14609=DIRECTION('',(0.E0,1.E0,0.E0));
#14610=DIRECTION('',(0.E0,0.E0,-1.E0));
#14611=AXIS2_PLACEMENT_3D('',#14608,#14609,#14610);
#14612=PLANE('',#14611);
#14613=ORIENTED_EDGE('',*,*,#9933,.T.);
#14615=ORIENTED_EDGE('',*,*,#14614,.T.);
#14616=ORIENTED_EDGE('',*,*,#11295,.F.);
#14617=ORIENTED_EDGE('',*,*,#14600,.F.);
#14618=EDGE_LOOP('',(#14613,#14615,#14616,#14617));
#14619=FACE_OUTER_BOUND('',#14618,.F.);
#14620=ADVANCED_FACE('',(#14619),#14612,.F.);
#14621=CARTESIAN_POINT('',(-4.029999913897E1,-2.589651890174E1,
-5.907526216637E0));
#14622=DIRECTION('',(-1.E0,0.E0,0.E0));
#14623=DIRECTION('',(0.E0,0.E0,-1.E0));
#14624=AXIS2_PLACEMENT_3D('',#14621,#14622,#14623);
#14625=PLANE('',#14624);
#14626=ORIENTED_EDGE('',*,*,#9931,.T.);
#14628=ORIENTED_EDGE('',*,*,#14627,.T.);
#14629=ORIENTED_EDGE('',*,*,#11297,.F.);
#14630=ORIENTED_EDGE('',*,*,#14614,.F.);
#14631=EDGE_LOOP('',(#14626,#14628,#14629,#14630));
#14632=FACE_OUTER_BOUND('',#14631,.F.);
#14633=ADVANCED_FACE('',(#14632),#14625,.F.);
#14634=CARTESIAN_POINT('',(-3.329999913897E1,-3.289651890175E1,
-5.907526216637E0));
#14635=DIRECTION('',(0.E0,-1.E0,0.E0));
#14636=DIRECTION('',(0.E0,0.E0,1.E0));
#14637=AXIS2_PLACEMENT_3D('',#14634,#14635,#14636);
#14638=PLANE('',#14637);
#14639=ORIENTED_EDGE('',*,*,#9929,.T.);
#14640=ORIENTED_EDGE('',*,*,#14603,.T.);
#14641=ORIENTED_EDGE('',*,*,#11299,.F.);
#14642=ORIENTED_EDGE('',*,*,#14627,.F.);
#14643=EDGE_LOOP('',(#14639,#14640,#14641,#14642));
#14644=FACE_OUTER_BOUND('',#14643,.F.);
#14645=ADVANCED_FACE('',(#14644),#14638,.F.);
#14646=CARTESIAN_POINT('',(1.667500073292E1,3.605348109843E1,
-5.907526216637E0));
#14647=DIRECTION('',(1.E0,0.E0,0.E0));
#14648=DIRECTION('',(0.E0,0.E0,1.E0));
#14649=AXIS2_PLACEMENT_3D('',#14646,#14647,#14648);
#14650=PLANE('',#14649);
#14651=ORIENTED_EDGE('',*,*,#9945,.T.);
#14653=ORIENTED_EDGE('',*,*,#14652,.T.);
#14654=ORIENTED_EDGE('',*,*,#11303,.F.);
#14656=ORIENTED_EDGE('',*,*,#14655,.F.);
#14657=EDGE_LOOP('',(#14651,#14653,#14654,#14656));
#14658=FACE_OUTER_BOUND('',#14657,.F.);
#14659=ADVANCED_FACE('',(#14658),#14650,.F.);
#14660=CARTESIAN_POINT('',(9.675000732917E0,4.305348109843E1,
-5.907526216637E0));
#14661=DIRECTION('',(0.E0,1.E0,0.E0));
#14662=DIRECTION('',(0.E0,0.E0,-1.E0));
#14663=AXIS2_PLACEMENT_3D('',#14660,#14661,#14662);
#14664=PLANE('',#14663);
#14665=ORIENTED_EDGE('',*,*,#9943,.T.);
#14667=ORIENTED_EDGE('',*,*,#14666,.T.);
#14668=ORIENTED_EDGE('',*,*,#11305,.F.);
#14669=ORIENTED_EDGE('',*,*,#14652,.F.);
#14670=EDGE_LOOP('',(#14665,#14667,#14668,#14669));
#14671=FACE_OUTER_BOUND('',#14670,.F.);
#14672=ADVANCED_FACE('',(#14671),#14664,.F.);
#14673=CARTESIAN_POINT('',(2.675000732917E0,3.605348109843E1,
-5.907526216637E0));
#14674=DIRECTION('',(-1.E0,0.E0,0.E0));
#14675=DIRECTION('',(0.E0,0.E0,-1.E0));
#14676=AXIS2_PLACEMENT_3D('',#14673,#14674,#14675);
#14677=PLANE('',#14676);
#14678=ORIENTED_EDGE('',*,*,#9941,.T.);
#14680=ORIENTED_EDGE('',*,*,#14679,.T.);
#14681=ORIENTED_EDGE('',*,*,#11307,.F.);
#14682=ORIENTED_EDGE('',*,*,#14666,.F.);
#14683=EDGE_LOOP('',(#14678,#14680,#14681,#14682));
#14684=FACE_OUTER_BOUND('',#14683,.F.);
#14685=ADVANCED_FACE('',(#14684),#14677,.F.);
#14686=CARTESIAN_POINT('',(9.675000732917E0,2.905348109842E1,
-5.907526216637E0));
#14687=DIRECTION('',(0.E0,-1.E0,0.E0));
#14688=DIRECTION('',(0.E0,0.E0,1.E0));
#14689=AXIS2_PLACEMENT_3D('',#14686,#14687,#14688);
#14690=PLANE('',#14689);
#14691=ORIENTED_EDGE('',*,*,#9939,.T.);
#14692=ORIENTED_EDGE('',*,*,#14655,.T.);
#14693=ORIENTED_EDGE('',*,*,#11309,.F.);
#14694=ORIENTED_EDGE('',*,*,#14679,.F.);
#14695=EDGE_LOOP('',(#14691,#14692,#14693,#14694));
#14696=FACE_OUTER_BOUND('',#14695,.F.);
#14697=ADVANCED_FACE('',(#14696),#14690,.F.);
#14698=CARTESIAN_POINT('',(1.023000008589E2,-6.846518901705E0,
-5.907526216637E0));
#14699=DIRECTION('',(1.E0,0.E0,0.E0));
#14700=DIRECTION('',(0.E0,0.E0,1.E0));
#14701=AXIS2_PLACEMENT_3D('',#14698,#14699,#14700);
#14702=PLANE('',#14701);
#14703=ORIENTED_EDGE('',*,*,#9955,.T.);
#14705=ORIENTED_EDGE('',*,*,#14704,.T.);
#14706=ORIENTED_EDGE('',*,*,#11313,.F.);
#14708=ORIENTED_EDGE('',*,*,#14707,.F.);
#14709=EDGE_LOOP('',(#14703,#14705,#14706,#14708));
#14710=FACE_OUTER_BOUND('',#14709,.F.);
#14711=ADVANCED_FACE('',(#14710),#14702,.F.);
#14712=CARTESIAN_POINT('',(9.530000085892E1,1.534810982963E-1,
-5.907526216637E0));
#14713=DIRECTION('',(0.E0,1.E0,0.E0));
#14714=DIRECTION('',(0.E0,0.E0,-1.E0));
#14715=AXIS2_PLACEMENT_3D('',#14712,#14713,#14714);
#14716=PLANE('',#14715);
#14717=ORIENTED_EDGE('',*,*,#9953,.T.);
#14719=ORIENTED_EDGE('',*,*,#14718,.T.);
#14720=ORIENTED_EDGE('',*,*,#11315,.F.);
#14721=ORIENTED_EDGE('',*,*,#14704,.F.);
#14722=EDGE_LOOP('',(#14717,#14719,#14720,#14721));
#14723=FACE_OUTER_BOUND('',#14722,.F.);
#14724=ADVANCED_FACE('',(#14723),#14716,.F.);
#14725=CARTESIAN_POINT('',(8.830000085892E1,-6.846518901705E0,
-5.907526216637E0));
#14726=DIRECTION('',(-1.E0,0.E0,0.E0));
#14727=DIRECTION('',(0.E0,0.E0,-1.E0));
#14728=AXIS2_PLACEMENT_3D('',#14725,#14726,#14727);
#14729=PLANE('',#14728);
#14730=ORIENTED_EDGE('',*,*,#9951,.T.);
#14732=ORIENTED_EDGE('',*,*,#14731,.T.);
#14733=ORIENTED_EDGE('',*,*,#11317,.F.);
#14734=ORIENTED_EDGE('',*,*,#14718,.F.);
#14735=EDGE_LOOP('',(#14730,#14732,#14733,#14734));
#14736=FACE_OUTER_BOUND('',#14735,.F.);
#14737=ADVANCED_FACE('',(#14736),#14729,.F.);
#14738=CARTESIAN_POINT('',(9.530000085892E1,-1.384651890171E1,
-5.907526216637E0));
#14739=DIRECTION('',(0.E0,-1.E0,0.E0));
#14740=DIRECTION('',(0.E0,0.E0,1.E0));
#14741=AXIS2_PLACEMENT_3D('',#14738,#14739,#14740);
#14742=PLANE('',#14741);
#14743=ORIENTED_EDGE('',*,*,#9949,.T.);
#14744=ORIENTED_EDGE('',*,*,#14707,.T.);
#14745=ORIENTED_EDGE('',*,*,#11319,.F.);
#14746=ORIENTED_EDGE('',*,*,#14731,.F.);
#14747=EDGE_LOOP('',(#14743,#14744,#14745,#14746));
#14748=FACE_OUTER_BOUND('',#14747,.F.);
#14749=ADVANCED_FACE('',(#14748),#14742,.F.);
#14750=CARTESIAN_POINT('',(1.498000008340E2,-2.589651890174E1,
-5.907526216637E0));
#14751=DIRECTION('',(1.E0,0.E0,0.E0));
#14752=DIRECTION('',(0.E0,0.E0,1.E0));
#14753=AXIS2_PLACEMENT_3D('',#14750,#14751,#14752);
#14754=PLANE('',#14753);
#14755=ORIENTED_EDGE('',*,*,#9965,.T.);
#14757=ORIENTED_EDGE('',*,*,#14756,.T.);
#14758=ORIENTED_EDGE('',*,*,#11323,.F.);
#14760=ORIENTED_EDGE('',*,*,#14759,.F.);
#14761=EDGE_LOOP('',(#14755,#14757,#14758,#14760));
#14762=FACE_OUTER_BOUND('',#14761,.F.);
#14763=ADVANCED_FACE('',(#14762),#14754,.F.);
#14764=CARTESIAN_POINT('',(1.428000008340E2,-1.889651890174E1,
-5.907526216637E0));
#14765=DIRECTION('',(0.E0,1.E0,0.E0));
#14766=DIRECTION('',(0.E0,0.E0,-1.E0));
#14767=AXIS2_PLACEMENT_3D('',#14764,#14765,#14766);
#14768=PLANE('',#14767);
#14769=ORIENTED_EDGE('',*,*,#9963,.T.);
#14771=ORIENTED_EDGE('',*,*,#14770,.T.);
#14772=ORIENTED_EDGE('',*,*,#11325,.F.);
#14773=ORIENTED_EDGE('',*,*,#14756,.F.);
#14774=EDGE_LOOP('',(#14769,#14771,#14772,#14773));
#14775=FACE_OUTER_BOUND('',#14774,.F.);
#14776=ADVANCED_FACE('',(#14775),#14768,.F.);
#14777=CARTESIAN_POINT('',(1.358000008340E2,-2.589651890174E1,
-5.907526216637E0));
#14778=DIRECTION('',(-1.E0,0.E0,0.E0));
#14779=DIRECTION('',(0.E0,0.E0,-1.E0));
#14780=AXIS2_PLACEMENT_3D('',#14777,#14778,#14779);
#14781=PLANE('',#14780);
#14782=ORIENTED_EDGE('',*,*,#9961,.T.);
#14784=ORIENTED_EDGE('',*,*,#14783,.T.);
#14785=ORIENTED_EDGE('',*,*,#11327,.F.);
#14786=ORIENTED_EDGE('',*,*,#14770,.F.);
#14787=EDGE_LOOP('',(#14782,#14784,#14785,#14786));
#14788=FACE_OUTER_BOUND('',#14787,.F.);
#14789=ADVANCED_FACE('',(#14788),#14781,.F.);
#14790=CARTESIAN_POINT('',(1.428000008340E2,-3.289651890175E1,
-5.907526216637E0));
#14791=DIRECTION('',(0.E0,-1.E0,0.E0));
#14792=DIRECTION('',(0.E0,0.E0,1.E0));
#14793=AXIS2_PLACEMENT_3D('',#14790,#14791,#14792);
#14794=PLANE('',#14793);
#14795=ORIENTED_EDGE('',*,*,#9959,.T.);
#14796=ORIENTED_EDGE('',*,*,#14759,.T.);
#14797=ORIENTED_EDGE('',*,*,#11329,.F.);
#14798=ORIENTED_EDGE('',*,*,#14783,.F.);
#14799=EDGE_LOOP('',(#14795,#14796,#14797,#14798));
#14800=FACE_OUTER_BOUND('',#14799,.F.);
#14801=ADVANCED_FACE('',(#14800),#14794,.F.);
#14802=CARTESIAN_POINT('',(-1.024999991390E2,-2.589651890174E1,
-5.907526216637E0));
#14803=DIRECTION('',(1.E0,0.E0,0.E0));
#14804=DIRECTION('',(0.E0,0.E0,1.E0));
#14805=AXIS2_PLACEMENT_3D('',#14802,#14803,#14804);
#14806=PLANE('',#14805);
#14807=ORIENTED_EDGE('',*,*,#9975,.T.);
#14809=ORIENTED_EDGE('',*,*,#14808,.T.);
#14810=ORIENTED_EDGE('',*,*,#11333,.F.);
#14812=ORIENTED_EDGE('',*,*,#14811,.F.);
#14813=EDGE_LOOP('',(#14807,#14809,#14810,#14812));
#14814=FACE_OUTER_BOUND('',#14813,.F.);
#14815=ADVANCED_FACE('',(#14814),#14806,.F.);
#14816=CARTESIAN_POINT('',(-1.094999991390E2,-1.889651890174E1,
-5.907526216637E0));
#14817=DIRECTION('',(0.E0,1.E0,0.E0));
#14818=DIRECTION('',(0.E0,0.E0,-1.E0));
#14819=AXIS2_PLACEMENT_3D('',#14816,#14817,#14818);
#14820=PLANE('',#14819);
#14821=ORIENTED_EDGE('',*,*,#9973,.T.);
#14823=ORIENTED_EDGE('',*,*,#14822,.T.);
#14824=ORIENTED_EDGE('',*,*,#11335,.F.);
#14825=ORIENTED_EDGE('',*,*,#14808,.F.);
#14826=EDGE_LOOP('',(#14821,#14823,#14824,#14825));
#14827=FACE_OUTER_BOUND('',#14826,.F.);
#14828=ADVANCED_FACE('',(#14827),#14820,.F.);
#14829=CARTESIAN_POINT('',(-1.164999991390E2,-2.589651890174E1,
-5.907526216637E0));
#14830=DIRECTION('',(-1.E0,0.E0,0.E0));
#14831=DIRECTION('',(0.E0,0.E0,-1.E0));
#14832=AXIS2_PLACEMENT_3D('',#14829,#14830,#14831);
#14833=PLANE('',#14832);
#14834=ORIENTED_EDGE('',*,*,#9971,.T.);
#14836=ORIENTED_EDGE('',*,*,#14835,.T.);
#14837=ORIENTED_EDGE('',*,*,#11337,.F.);
#14838=ORIENTED_EDGE('',*,*,#14822,.F.);
#14839=EDGE_LOOP('',(#14834,#14836,#14837,#14838));
#14840=FACE_OUTER_BOUND('',#14839,.F.);
#14841=ADVANCED_FACE('',(#14840),#14833,.F.);
#14842=CARTESIAN_POINT('',(-1.094999991390E2,-3.289651890175E1,
-5.907526216637E0));
#14843=DIRECTION('',(0.E0,-1.E0,0.E0));
#14844=DIRECTION('',(0.E0,0.E0,1.E0));
#14845=AXIS2_PLACEMENT_3D('',#14842,#14843,#14844);
#14846=PLANE('',#14845);
#14847=ORIENTED_EDGE('',*,*,#9969,.T.);
#14848=ORIENTED_EDGE('',*,*,#14811,.T.);
#14849=ORIENTED_EDGE('',*,*,#11339,.F.);
#14850=ORIENTED_EDGE('',*,*,#14835,.F.);
#14851=EDGE_LOOP('',(#14847,#14848,#14849,#14850));
#14852=FACE_OUTER_BOUND('',#14851,.F.);
#14853=ADVANCED_FACE('',(#14852),#14846,.F.);
#14854=CARTESIAN_POINT('',(-6.439999913897E1,-2.589651890174E1,
-5.907526216637E0));
#14855=DIRECTION('',(1.E0,0.E0,0.E0));
#14856=DIRECTION('',(0.E0,0.E0,1.E0));
#14857=AXIS2_PLACEMENT_3D('',#14854,#14855,#14856);
#14858=PLANE('',#14857);
#14859=ORIENTED_EDGE('',*,*,#9985,.T.);
#14861=ORIENTED_EDGE('',*,*,#14860,.T.);
#14862=ORIENTED_EDGE('',*,*,#11343,.F.);
#14864=ORIENTED_EDGE('',*,*,#14863,.F.);
#14865=EDGE_LOOP('',(#14859,#14861,#14862,#14864));
#14866=FACE_OUTER_BOUND('',#14865,.F.);
#14867=ADVANCED_FACE('',(#14866),#14858,.F.);
#14868=CARTESIAN_POINT('',(-7.139999913897E1,-1.889651890174E1,
-5.907526216637E0));
#14869=DIRECTION('',(0.E0,1.E0,0.E0));
#14870=DIRECTION('',(0.E0,0.E0,-1.E0));
#14871=AXIS2_PLACEMENT_3D('',#14868,#14869,#14870);
#14872=PLANE('',#14871);
#14873=ORIENTED_EDGE('',*,*,#9983,.T.);
#14875=ORIENTED_EDGE('',*,*,#14874,.T.);
#14876=ORIENTED_EDGE('',*,*,#11345,.F.);
#14877=ORIENTED_EDGE('',*,*,#14860,.F.);
#14878=EDGE_LOOP('',(#14873,#14875,#14876,#14877));
#14879=FACE_OUTER_BOUND('',#14878,.F.);
#14880=ADVANCED_FACE('',(#14879),#14872,.F.);
#14881=CARTESIAN_POINT('',(-7.839999913897E1,-2.589651890174E1,
-5.907526216637E0));
#14882=DIRECTION('',(-1.E0,0.E0,0.E0));
#14883=DIRECTION('',(0.E0,0.E0,-1.E0));
#14884=AXIS2_PLACEMENT_3D('',#14881,#14882,#14883);
#14885=PLANE('',#14884);
#14886=ORIENTED_EDGE('',*,*,#9981,.T.);
#14888=ORIENTED_EDGE('',*,*,#14887,.T.);
#14889=ORIENTED_EDGE('',*,*,#11347,.F.);
#14890=ORIENTED_EDGE('',*,*,#14874,.F.);
#14891=EDGE_LOOP('',(#14886,#14888,#14889,#14890));
#14892=FACE_OUTER_BOUND('',#14891,.F.);
#14893=ADVANCED_FACE('',(#14892),#14885,.F.);
#14894=CARTESIAN_POINT('',(-7.139999913897E1,-3.289651890175E1,
-5.907526216637E0));
#14895=DIRECTION('',(0.E0,-1.E0,0.E0));
#14896=DIRECTION('',(0.E0,0.E0,1.E0));
#14897=AXIS2_PLACEMENT_3D('',#14894,#14895,#14896);
#14898=PLANE('',#14897);
#14899=ORIENTED_EDGE('',*,*,#9979,.T.);
#14900=ORIENTED_EDGE('',*,*,#14863,.T.);
#14901=ORIENTED_EDGE('',*,*,#11349,.F.);
#14902=ORIENTED_EDGE('',*,*,#14887,.F.);
#14903=EDGE_LOOP('',(#14899,#14900,#14901,#14902));
#14904=FACE_OUTER_BOUND('',#14903,.F.);
#14905=ADVANCED_FACE('',(#14904),#14898,.F.);
#14906=CARTESIAN_POINT('',(-1.222249992326E2,-5.097151889903E1,
-7.707526216633E0));
#14907=DIRECTION('',(-1.E0,0.E0,0.E0));
#14908=DIRECTION('',(0.E0,1.E0,0.E0));
#14909=AXIS2_PLACEMENT_3D('',#14906,#14907,#14908);
#14910=PLANE('',#14909);
#14911=ORIENTED_EDGE('',*,*,#10499,.T.);
#14913=ORIENTED_EDGE('',*,*,#14912,.T.);
#14914=ORIENTED_EDGE('',*,*,#11353,.F.);
#14916=ORIENTED_EDGE('',*,*,#14915,.F.);
#14917=EDGE_LOOP('',(#14911,#14913,#14914,#14916));
#14918=FACE_OUTER_BOUND('',#14917,.F.);
#14919=ADVANCED_FACE('',(#14918),#14910,.F.);
#14920=CARTESIAN_POINT('',(-1.222249992326E2,-5.171155741633E1,
-7.707526216633E0));
#14921=DIRECTION('',(0.E0,-1.E0,0.E0));
#14922=DIRECTION('',(-1.E0,0.E0,0.E0));
#14923=AXIS2_PLACEMENT_3D('',#14920,#14921,#14922);
#14924=PLANE('',#14923);
#14925=ORIENTED_EDGE('',*,*,#10497,.T.);
#14927=ORIENTED_EDGE('',*,*,#14926,.T.);
#14928=ORIENTED_EDGE('',*,*,#11355,.F.);
#14929=ORIENTED_EDGE('',*,*,#14912,.F.);
#14930=EDGE_LOOP('',(#14925,#14927,#14928,#14929));
#14931=FACE_OUTER_BOUND('',#14930,.F.);
#14932=ADVANCED_FACE('',(#14931),#14924,.F.);
#14933=CARTESIAN_POINT('',(-1.204534571797E2,-5.246171589806E1,
-9.207526216633E0));
#14934=DIRECTION('',(-1.E0,0.E0,0.E0));
#14935=DIRECTION('',(0.E0,0.E0,-1.E0));
#14936=AXIS2_PLACEMENT_3D('',#14933,#14934,#14935);
#14937=PLANE('',#14936);
#14938=ORIENTED_EDGE('',*,*,#10495,.T.);
#14940=ORIENTED_EDGE('',*,*,#14939,.T.);
#14941=ORIENTED_EDGE('',*,*,#11357,.F.);
#14942=ORIENTED_EDGE('',*,*,#14926,.F.);
#14943=EDGE_LOOP('',(#14938,#14940,#14941,#14942));
#14944=FACE_OUTER_BOUND('',#14943,.F.);
#14945=ADVANCED_FACE('',(#14944),#14937,.F.);
#14946=CARTESIAN_POINT('',(-1.308999991445E2,-5.321187446727E1,
-9.207526216636E0));
#14947=DIRECTION('',(0.E0,-1.E0,0.E0));
#14948=DIRECTION('',(0.E0,0.E0,1.E0));
#14949=AXIS2_PLACEMENT_3D('',#14946,#14947,#14948);
#14950=PLANE('',#14949);
#14951=ORIENTED_EDGE('',*,*,#10493,.T.);
#14953=ORIENTED_EDGE('',*,*,#14952,.T.);
#14954=ORIENTED_EDGE('',*,*,#11359,.F.);
#14955=ORIENTED_EDGE('',*,*,#14939,.F.);
#14956=EDGE_LOOP('',(#14951,#14953,#14954,#14955));
#14957=FACE_OUTER_BOUND('',#14956,.F.);
#14958=ADVANCED_FACE('',(#14957),#14950,.F.);
#14959=CARTESIAN_POINT('',(-1.173475006850E2,-5.246171589806E1,
-9.207526216633E0));
#14960=DIRECTION('',(1.E0,0.E0,0.E0));
#14961=DIRECTION('',(0.E0,0.E0,1.E0));
#14962=AXIS2_PLACEMENT_3D('',#14959,#14960,#14961);
#14963=PLANE('',#14962);
#14964=ORIENTED_EDGE('',*,*,#10491,.T.);
#14966=ORIENTED_EDGE('',*,*,#14965,.T.);
#14967=ORIENTED_EDGE('',*,*,#11361,.F.);
#14968=ORIENTED_EDGE('',*,*,#14952,.F.);
#14969=EDGE_LOOP('',(#14964,#14966,#14967,#14968));
#14970=FACE_OUTER_BOUND('',#14969,.F.);
#14971=ADVANCED_FACE('',(#14970),#14963,.F.);
#14972=CARTESIAN_POINT('',(-1.173499991452E2,-5.171155741633E1,
-7.707526216633E0));
#14973=DIRECTION('',(0.E0,-1.E0,0.E0));
#14974=DIRECTION('',(-1.E0,0.E0,0.E0));
#14975=AXIS2_PLACEMENT_3D('',#14972,#14973,#14974);
#14976=PLANE('',#14975);
#14977=ORIENTED_EDGE('',*,*,#10489,.T.);
#14979=ORIENTED_EDGE('',*,*,#14978,.T.);
#14980=ORIENTED_EDGE('',*,*,#11363,.F.);
#14981=ORIENTED_EDGE('',*,*,#14965,.F.);
#14982=EDGE_LOOP('',(#14977,#14979,#14980,#14981));
#14983=FACE_OUTER_BOUND('',#14982,.F.);
#14984=ADVANCED_FACE('',(#14983),#14976,.F.);
#14985=CARTESIAN_POINT('',(-1.155749991417E2,-5.171155741633E1,
-7.707526216633E0));
#14986=DIRECTION('',(1.E0,0.E0,0.E0));
#14987=DIRECTION('',(0.E0,-1.E0,0.E0));
#14988=AXIS2_PLACEMENT_3D('',#14985,#14986,#14987);
#14989=PLANE('',#14988);
#14990=ORIENTED_EDGE('',*,*,#10487,.T.);
#14992=ORIENTED_EDGE('',*,*,#14991,.T.);
#14993=ORIENTED_EDGE('',*,*,#11365,.F.);
#14994=ORIENTED_EDGE('',*,*,#14978,.F.);
#14995=EDGE_LOOP('',(#14990,#14992,#14993,#14994));
#14996=FACE_OUTER_BOUND('',#14995,.F.);
#14997=ADVANCED_FACE('',(#14996),#14989,.F.);
#14998=CARTESIAN_POINT('',(-1.155749991417E2,-4.521155742173E1,
-7.707526216633E0));
#14999=DIRECTION('',(0.E0,-1.E0,0.E0));
#15000=DIRECTION('',(-1.E0,0.E0,0.E0));
#15001=AXIS2_PLACEMENT_3D('',#14998,#14999,#15000);
#15002=PLANE('',#15001);
#15003=ORIENTED_EDGE('',*,*,#10485,.T.);
#15005=ORIENTED_EDGE('',*,*,#15004,.T.);
#15006=ORIENTED_EDGE('',*,*,#11367,.F.);
#15007=ORIENTED_EDGE('',*,*,#14991,.F.);
#15008=EDGE_LOOP('',(#15003,#15005,#15006,#15007));
#15009=FACE_OUTER_BOUND('',#15008,.F.);
#15010=ADVANCED_FACE('',(#15009),#15002,.F.);
#15011=CARTESIAN_POINT('',(-1.146749991434E2,-4.557919668445E1,
-9.207526216636E0));
#15012=DIRECTION('',(1.E0,0.E0,0.E0));
#15013=DIRECTION('',(0.E0,0.E0,1.E0));
#15014=AXIS2_PLACEMENT_3D('',#15011,#15012,#15013);
#15015=PLANE('',#15014);
#15016=ORIENTED_EDGE('',*,*,#10483,.T.);
#15018=ORIENTED_EDGE('',*,*,#15017,.T.);
#15019=ORIENTED_EDGE('',*,*,#11369,.F.);
#15020=ORIENTED_EDGE('',*,*,#15004,.F.);
#15021=EDGE_LOOP('',(#15016,#15018,#15019,#15020));
#15022=FACE_OUTER_BOUND('',#15021,.F.);
#15023=ADVANCED_FACE('',(#15022),#15015,.F.);
#15024=CARTESIAN_POINT('',(-1.146749991434E2,-4.276155741953E1,
-7.707526216633E0));
#15025=DIRECTION('',(0.E0,1.E0,0.E0));
#15026=DIRECTION('',(1.E0,0.E0,0.E0));
#15027=AXIS2_PLACEMENT_3D('',#15024,#15025,#15026);
#15028=PLANE('',#15027);
#15029=ORIENTED_EDGE('',*,*,#10481,.T.);
#15031=ORIENTED_EDGE('',*,*,#15030,.T.);
#15032=ORIENTED_EDGE('',*,*,#11371,.F.);
#15033=ORIENTED_EDGE('',*,*,#15017,.F.);
#15034=EDGE_LOOP('',(#15029,#15031,#15032,#15033));
#15035=FACE_OUTER_BOUND('',#15034,.F.);
#15036=ADVANCED_FACE('',(#15035),#15028,.F.);
#15037=CARTESIAN_POINT('',(-1.155749991417E2,-4.276155741953E1,
-7.707526216633E0));
#15038=DIRECTION('',(1.E0,0.E0,0.E0));
#15039=DIRECTION('',(0.E0,-1.E0,0.E0));
#15040=AXIS2_PLACEMENT_3D('',#15037,#15038,#15039);
#15041=PLANE('',#15040);
#15042=ORIENTED_EDGE('',*,*,#10479,.T.);
#15044=ORIENTED_EDGE('',*,*,#15043,.T.);
#15045=ORIENTED_EDGE('',*,*,#11373,.F.);
#15046=ORIENTED_EDGE('',*,*,#15030,.F.);
#15047=EDGE_LOOP('',(#15042,#15044,#15045,#15046));
#15048=FACE_OUTER_BOUND('',#15047,.F.);
#15049=ADVANCED_FACE('',(#15048),#15041,.F.);
#15050=CARTESIAN_POINT('',(-1.155749991417E2,-3.951155741463E1,
-7.707526216633E0));
#15051=DIRECTION('',(0.E0,1.E0,0.E0));
#15052=DIRECTION('',(1.E0,0.E0,0.E0));
#15053=AXIS2_PLACEMENT_3D('',#15050,#15051,#15052);
#15054=PLANE('',#15053);
#15055=ORIENTED_EDGE('',*,*,#10477,.T.);
#15057=ORIENTED_EDGE('',*,*,#15056,.T.);
#15058=ORIENTED_EDGE('',*,*,#11375,.F.);
#15059=ORIENTED_EDGE('',*,*,#15043,.F.);
#15060=EDGE_LOOP('',(#15055,#15057,#15058,#15059));
#15061=FACE_OUTER_BOUND('',#15060,.F.);
#15062=ADVANCED_FACE('',(#15061),#15054,.F.);
#15063=CARTESIAN_POINT('',(-1.222249998828E2,-3.951155741463E1,
-7.707526216633E0));
#15064=DIRECTION('',(-1.E0,0.E0,0.E0));
#15065=DIRECTION('',(0.E0,1.E0,0.E0));
#15066=AXIS2_PLACEMENT_3D('',#15063,#15064,#15065);
#15067=PLANE('',#15066);
#15068=ORIENTED_EDGE('',*,*,#10475,.T.);
#15070=ORIENTED_EDGE('',*,*,#15069,.T.);
#15071=ORIENTED_EDGE('',*,*,#11377,.F.);
#15072=ORIENTED_EDGE('',*,*,#15056,.F.);
#15073=EDGE_LOOP('',(#15068,#15070,#15071,#15072));
#15074=FACE_OUTER_BOUND('',#15073,.F.);
#15075=ADVANCED_FACE('',(#15074),#15067,.F.);
#15076=CARTESIAN_POINT('',(-1.222249998828E2,-4.276155742973E1,
-7.707526216633E0));
#15077=DIRECTION('',(0.E0,1.E0,0.E0));
#15078=DIRECTION('',(1.E0,0.E0,0.E0));
#15079=AXIS2_PLACEMENT_3D('',#15076,#15077,#15078);
#15080=PLANE('',#15079);
#15081=ORIENTED_EDGE('',*,*,#10473,.T.);
#15083=ORIENTED_EDGE('',*,*,#15082,.T.);
#15084=ORIENTED_EDGE('',*,*,#11379,.F.);
#15085=ORIENTED_EDGE('',*,*,#15069,.F.);
#15086=EDGE_LOOP('',(#15081,#15083,#15084,#15085));
#15087=FACE_OUTER_BOUND('',#15086,.F.);
#15088=ADVANCED_FACE('',(#15087),#15080,.F.);
#15089=CARTESIAN_POINT('',(-1.238999991407E2,-4.494651890163E1,
-5.907526216637E0));
#15090=DIRECTION('',(1.E0,0.E0,0.E0));
#15091=DIRECTION('',(0.E0,0.E0,1.E0));
#15092=AXIS2_PLACEMENT_3D('',#15089,#15090,#15091);
#15093=PLANE('',#15092);
#15094=ORIENTED_EDGE('',*,*,#15082,.F.);
#15095=ORIENTED_EDGE('',*,*,#10471,.T.);
#15097=ORIENTED_EDGE('',*,*,#15096,.T.);
#15098=ORIENTED_EDGE('',*,*,#11381,.F.);
#15099=EDGE_LOOP('',(#15094,#15095,#15097,#15098));
#15100=FACE_OUTER_BOUND('',#15099,.F.);
#15101=ADVANCED_FACE('',(#15100),#15093,.F.);
#15102=CARTESIAN_POINT('',(-1.308999991407E2,-3.794651890163E1,
-5.907526216637E0));
#15103=DIRECTION('',(0.E0,1.E0,0.E0));
#15104=DIRECTION('',(0.E0,0.E0,-1.E0));
#15105=AXIS2_PLACEMENT_3D('',#15102,#15103,#15104);
#15106=PLANE('',#15105);
#15107=ORIENTED_EDGE('',*,*,#10469,.T.);
#15109=ORIENTED_EDGE('',*,*,#15108,.T.);
#15110=ORIENTED_EDGE('',*,*,#11383,.F.);
#15111=ORIENTED_EDGE('',*,*,#15096,.F.);
#15112=EDGE_LOOP('',(#15107,#15109,#15110,#15111));
#15113=FACE_OUTER_BOUND('',#15112,.F.);
#15114=ADVANCED_FACE('',(#15113),#15106,.F.);
#15115=CARTESIAN_POINT('',(-1.378999991407E2,-4.494651890163E1,
-5.907526216637E0));
#15116=DIRECTION('',(-1.E0,0.E0,0.E0));
#15117=DIRECTION('',(0.E0,0.E0,-1.E0));
#15118=AXIS2_PLACEMENT_3D('',#15115,#15116,#15117);
#15119=PLANE('',#15118);
#15121=ORIENTED_EDGE('',*,*,#15120,.F.);
#15122=ORIENTED_EDGE('',*,*,#11385,.F.);
#15123=ORIENTED_EDGE('',*,*,#15108,.F.);
#15124=ORIENTED_EDGE('',*,*,#10467,.T.);
#15125=EDGE_LOOP('',(#15121,#15122,#15123,#15124));
#15126=FACE_OUTER_BOUND('',#15125,.F.);
#15127=ADVANCED_FACE('',(#15126),#15119,.F.);
#15128=CARTESIAN_POINT('',(-1.378749991466E2,-4.276155743733E1,
-7.707526216633E0));
#15129=DIRECTION('',(0.E0,1.E0,0.E0));
#15130=DIRECTION('',(1.E0,0.E0,0.E0));
#15131=AXIS2_PLACEMENT_3D('',#15128,#15129,#15130);
#15132=PLANE('',#15131);
#15133=ORIENTED_EDGE('',*,*,#10465,.T.);
#15135=ORIENTED_EDGE('',*,*,#15134,.T.);
#15136=ORIENTED_EDGE('',*,*,#11387,.F.);
#15137=ORIENTED_EDGE('',*,*,#15120,.T.);
#15138=EDGE_LOOP('',(#15133,#15135,#15136,#15137));
#15139=FACE_OUTER_BOUND('',#15138,.F.);
#15140=ADVANCED_FACE('',(#15139),#15132,.F.);
#15141=CARTESIAN_POINT('',(-1.395749998767E2,-4.276155743733E1,
-7.707526216633E0));
#15142=DIRECTION('',(1.E0,0.E0,0.E0));
#15143=DIRECTION('',(0.E0,-1.E0,0.E0));
#15144=AXIS2_PLACEMENT_3D('',#15141,#15142,#15143);
#15145=PLANE('',#15144);
#15146=ORIENTED_EDGE('',*,*,#10463,.T.);
#15148=ORIENTED_EDGE('',*,*,#15147,.T.);
#15149=ORIENTED_EDGE('',*,*,#11389,.F.);
#15150=ORIENTED_EDGE('',*,*,#15134,.F.);
#15151=EDGE_LOOP('',(#15146,#15148,#15149,#15150));
#15152=FACE_OUTER_BOUND('',#15151,.F.);
#15153=ADVANCED_FACE('',(#15152),#15145,.F.);
#15154=CARTESIAN_POINT('',(-1.395749998767E2,-3.951155743233E1,
-7.707526216633E0));
#15155=DIRECTION('',(0.E0,1.E0,0.E0));
#15156=DIRECTION('',(1.E0,0.E0,0.E0));
#15157=AXIS2_PLACEMENT_3D('',#15154,#15155,#15156);
#15158=PLANE('',#15157);
#15159=ORIENTED_EDGE('',*,*,#10461,.T.);
#15161=ORIENTED_EDGE('',*,*,#15160,.T.);
#15162=ORIENTED_EDGE('',*,*,#11391,.F.);
#15163=ORIENTED_EDGE('',*,*,#15147,.F.);
#15164=EDGE_LOOP('',(#15159,#15161,#15162,#15163));
#15165=FACE_OUTER_BOUND('',#15164,.F.);
#15166=ADVANCED_FACE('',(#15165),#15158,.F.);
#15167=CARTESIAN_POINT('',(-1.462249991395E2,-3.951155743233E1,
-7.707526216633E0));
#15168=DIRECTION('',(-1.E0,0.E0,0.E0));
#15169=DIRECTION('',(0.E0,1.E0,0.E0));
#15170=AXIS2_PLACEMENT_3D('',#15167,#15168,#15169);
#15171=PLANE('',#15170);
#15172=ORIENTED_EDGE('',*,*,#10459,.T.);
#15174=ORIENTED_EDGE('',*,*,#15173,.T.);
#15175=ORIENTED_EDGE('',*,*,#11393,.F.);
#15176=ORIENTED_EDGE('',*,*,#15160,.F.);
#15177=EDGE_LOOP('',(#15172,#15174,#15175,#15176));
#15178=FACE_OUTER_BOUND('',#15177,.F.);
#15179=ADVANCED_FACE('',(#15178),#15171,.F.);
#15180=CARTESIAN_POINT('',(-1.462249991395E2,-4.276155743733E1,
-7.707526216633E0));
#15181=DIRECTION('',(0.E0,1.E0,0.E0));
#15182=DIRECTION('',(1.E0,0.E0,0.E0));
#15183=AXIS2_PLACEMENT_3D('',#15180,#15181,#15182);
#15184=PLANE('',#15183);
#15185=ORIENTED_EDGE('',*,*,#10457,.T.);
#15187=ORIENTED_EDGE('',*,*,#15186,.T.);
#15188=ORIENTED_EDGE('',*,*,#11395,.F.);
#15189=ORIENTED_EDGE('',*,*,#15173,.F.);
#15190=EDGE_LOOP('',(#15185,#15187,#15188,#15189));
#15191=FACE_OUTER_BOUND('',#15190,.F.);
#15192=ADVANCED_FACE('',(#15191),#15184,.F.);
#15193=CARTESIAN_POINT('',(-1.471249991455E2,-4.557919668445E1,
-9.207526216636E0));
#15194=DIRECTION('',(-1.E0,0.E0,0.E0));
#15195=DIRECTION('',(0.E0,0.E0,-1.E0));
#15196=AXIS2_PLACEMENT_3D('',#15193,#15194,#15195);
#15197=PLANE('',#15196);
#15198=ORIENTED_EDGE('',*,*,#10455,.T.);
#15200=ORIENTED_EDGE('',*,*,#15199,.T.);
#15201=ORIENTED_EDGE('',*,*,#11397,.F.);
#15202=ORIENTED_EDGE('',*,*,#15186,.F.);
#15203=EDGE_LOOP('',(#15198,#15200,#15201,#15202));
#15204=FACE_OUTER_BOUND('',#15203,.F.);
#15205=ADVANCED_FACE('',(#15204),#15197,.F.);
#15206=CARTESIAN_POINT('',(-1.471249991455E2,-4.521155743953E1,
-7.707526216633E0));
#15207=DIRECTION('',(0.E0,-1.E0,0.E0));
#15208=DIRECTION('',(-1.E0,0.E0,0.E0));
#15209=AXIS2_PLACEMENT_3D('',#15206,#15207,#15208);
#15210=PLANE('',#15209);
#15211=ORIENTED_EDGE('',*,*,#10453,.T.);
#15213=ORIENTED_EDGE('',*,*,#15212,.T.);
#15214=ORIENTED_EDGE('',*,*,#11399,.F.);
#15215=ORIENTED_EDGE('',*,*,#15199,.F.);
#15216=EDGE_LOOP('',(#15211,#15213,#15214,#15215));
#15217=FACE_OUTER_BOUND('',#15216,.F.);
#15218=ADVANCED_FACE('',(#15217),#15210,.F.);
#15219=CARTESIAN_POINT('',(-1.462249991395E2,-4.521155743953E1,
-7.707526216633E0));
#15220=DIRECTION('',(-1.E0,0.E0,0.E0));
#15221=DIRECTION('',(0.E0,1.E0,0.E0));
#15222=AXIS2_PLACEMENT_3D('',#15219,#15220,#15221);
#15223=PLANE('',#15222);
#15224=ORIENTED_EDGE('',*,*,#10451,.T.);
#15226=ORIENTED_EDGE('',*,*,#15225,.T.);
#15227=ORIENTED_EDGE('',*,*,#11401,.F.);
#15228=ORIENTED_EDGE('',*,*,#15212,.F.);
#15229=EDGE_LOOP('',(#15224,#15226,#15227,#15228));
#15230=FACE_OUTER_BOUND('',#15229,.F.);
#15231=ADVANCED_FACE('',(#15230),#15223,.F.);
#15232=CARTESIAN_POINT('',(-1.462249991395E2,-5.171155743413E1,
-7.707526216633E0));
#15233=DIRECTION('',(0.E0,-1.E0,0.E0));
#15234=DIRECTION('',(-1.E0,0.E0,0.E0));
#15235=AXIS2_PLACEMENT_3D('',#15232,#15233,#15234);
#15236=PLANE('',#15235);
#15237=ORIENTED_EDGE('',*,*,#10449,.T.);
#15239=ORIENTED_EDGE('',*,*,#15238,.T.);
#15240=ORIENTED_EDGE('',*,*,#11403,.F.);
#15241=ORIENTED_EDGE('',*,*,#15225,.F.);
#15242=EDGE_LOOP('',(#15237,#15239,#15240,#15241));
#15243=FACE_OUTER_BOUND('',#15242,.F.);
#15244=ADVANCED_FACE('',(#15243),#15236,.F.);
#15245=CARTESIAN_POINT('',(-1.444534571783E2,-5.246171591458E1,
-9.207526216633E0));
#15246=DIRECTION('',(-1.E0,0.E0,0.E0));
#15247=DIRECTION('',(0.E0,0.E0,-1.E0));
#15248=AXIS2_PLACEMENT_3D('',#15245,#15246,#15247);
#15249=PLANE('',#15248);
#15250=ORIENTED_EDGE('',*,*,#10447,.T.);
#15252=ORIENTED_EDGE('',*,*,#15251,.T.);
#15253=ORIENTED_EDGE('',*,*,#11405,.F.);
#15254=ORIENTED_EDGE('',*,*,#15238,.F.);
#15255=EDGE_LOOP('',(#15250,#15252,#15253,#15254));
#15256=FACE_OUTER_BOUND('',#15255,.F.);
#15257=ADVANCED_FACE('',(#15256),#15249,.F.);
#15258=CARTESIAN_POINT('',(-1.308999991445E2,-5.321187446727E1,
-9.207526216636E0));
#15259=DIRECTION('',(0.E0,-1.E0,0.E0));
#15260=DIRECTION('',(0.E0,0.E0,1.E0));
#15261=AXIS2_PLACEMENT_3D('',#15258,#15259,#15260);
#15262=PLANE('',#15261);
#15263=ORIENTED_EDGE('',*,*,#10445,.T.);
#15265=ORIENTED_EDGE('',*,*,#15264,.T.);
#15266=ORIENTED_EDGE('',*,*,#11407,.F.);
#15267=ORIENTED_EDGE('',*,*,#15251,.F.);
#15268=EDGE_LOOP('',(#15263,#15265,#15266,#15267));
#15269=FACE_OUTER_BOUND('',#15268,.F.);
#15270=ADVANCED_FACE('',(#15269),#15262,.F.);
#15271=CARTESIAN_POINT('',(-1.413475006834E2,-5.246171591458E1,
-9.207526216633E0));
#15272=DIRECTION('',(1.E0,0.E0,0.E0));
#15273=DIRECTION('',(0.E0,0.E0,1.E0));
#15274=AXIS2_PLACEMENT_3D('',#15271,#15272,#15273);
#15275=PLANE('',#15274);
#15276=ORIENTED_EDGE('',*,*,#10443,.T.);
#15278=ORIENTED_EDGE('',*,*,#15277,.T.);
#15279=ORIENTED_EDGE('',*,*,#11409,.F.);
#15280=ORIENTED_EDGE('',*,*,#15264,.F.);
#15281=EDGE_LOOP('',(#15276,#15278,#15279,#15280));
#15282=FACE_OUTER_BOUND('',#15281,.F.);
#15283=ADVANCED_FACE('',(#15282),#15275,.F.);
#15284=CARTESIAN_POINT('',(-1.413499991435E2,-5.171155743413E1,
-7.707526216633E0));
#15285=DIRECTION('',(0.E0,-1.E0,0.E0));
#15286=DIRECTION('',(-1.E0,0.E0,0.E0));
#15287=AXIS2_PLACEMENT_3D('',#15284,#15285,#15286);
#15288=PLANE('',#15287);
#15289=ORIENTED_EDGE('',*,*,#10441,.T.);
#15291=ORIENTED_EDGE('',*,*,#15290,.T.);
#15292=ORIENTED_EDGE('',*,*,#11411,.F.);
#15293=ORIENTED_EDGE('',*,*,#15277,.F.);
#15294=EDGE_LOOP('',(#15289,#15291,#15292,#15293));
#15295=FACE_OUTER_BOUND('',#15294,.F.);
#15296=ADVANCED_FACE('',(#15295),#15288,.F.);
#15297=CARTESIAN_POINT('',(-1.395749992315E2,-5.171155743413E1,
-7.707526216633E0));
#15298=DIRECTION('',(1.E0,0.E0,0.E0));
#15299=DIRECTION('',(0.E0,-1.E0,0.E0));
#15300=AXIS2_PLACEMENT_3D('',#15297,#15298,#15299);
#15301=PLANE('',#15300);
#15302=ORIENTED_EDGE('',*,*,#10439,.T.);
#15304=ORIENTED_EDGE('',*,*,#15303,.T.);
#15305=ORIENTED_EDGE('',*,*,#11413,.F.);
#15306=ORIENTED_EDGE('',*,*,#15290,.F.);
#15307=EDGE_LOOP('',(#15302,#15304,#15305,#15306));
#15308=FACE_OUTER_BOUND('',#15307,.F.);
#15309=ADVANCED_FACE('',(#15308),#15301,.F.);
#15310=CARTESIAN_POINT('',(-1.395749992315E2,-5.097151889903E1,
-7.707526216633E0));
#15311=DIRECTION('',(0.E0,-1.E0,0.E0));
#15312=DIRECTION('',(-1.E0,0.E0,0.E0));
#15313=AXIS2_PLACEMENT_3D('',#15310,#15311,#15312);
#15314=PLANE('',#15313);
#15315=ORIENTED_EDGE('',*,*,#10437,.T.);
#15317=ORIENTED_EDGE('',*,*,#15316,.T.);
#15318=ORIENTED_EDGE('',*,*,#11415,.F.);
#15319=ORIENTED_EDGE('',*,*,#15303,.F.);
#15320=EDGE_LOOP('',(#15315,#15317,#15318,#15319));
#15321=FACE_OUTER_BOUND('',#15320,.F.);
#15322=ADVANCED_FACE('',(#15321),#15314,.F.);
#15323=CARTESIAN_POINT('',(-1.378999991407E2,-4.494651890163E1,
-5.907526216637E0));
#15324=DIRECTION('',(-1.E0,0.E0,0.E0));
#15325=DIRECTION('',(0.E0,0.E0,-1.E0));
#15326=AXIS2_PLACEMENT_3D('',#15323,#15324,#15325);
#15327=PLANE('',#15326);
#15328=ORIENTED_EDGE('',*,*,#15316,.F.);
#15329=ORIENTED_EDGE('',*,*,#10507,.T.);
#15331=ORIENTED_EDGE('',*,*,#15330,.T.);
#15332=ORIENTED_EDGE('',*,*,#11417,.F.);
#15333=EDGE_LOOP('',(#15328,#15329,#15331,#15332));
#15334=FACE_OUTER_BOUND('',#15333,.F.);
#15335=ADVANCED_FACE('',(#15334),#15327,.F.);
#15336=CARTESIAN_POINT('',(-1.308999991407E2,-5.194651890164E1,
-5.907526216637E0));
#15337=DIRECTION('',(0.E0,-1.E0,0.E0));
#15338=DIRECTION('',(0.E0,0.E0,1.E0));
#15339=AXIS2_PLACEMENT_3D('',#15336,#15337,#15338);
#15340=PLANE('',#15339);
#15341=ORIENTED_EDGE('',*,*,#10505,.T.);
#15343=ORIENTED_EDGE('',*,*,#15342,.T.);
#15344=ORIENTED_EDGE('',*,*,#11419,.F.);
#15345=ORIENTED_EDGE('',*,*,#15330,.F.);
#15346=EDGE_LOOP('',(#15341,#15343,#15344,#15345));
#15347=FACE_OUTER_BOUND('',#15346,.F.);
#15348=ADVANCED_FACE('',(#15347),#15340,.F.);
#15349=CARTESIAN_POINT('',(-1.238999991407E2,-4.494651890163E1,
-5.907526216637E0));
#15350=DIRECTION('',(1.E0,0.E0,0.E0));
#15351=DIRECTION('',(0.E0,0.E0,1.E0));
#15352=AXIS2_PLACEMENT_3D('',#15349,#15350,#15351);
#15353=PLANE('',#15352);
#15355=ORIENTED_EDGE('',*,*,#15354,.F.);
#15356=ORIENTED_EDGE('',*,*,#11421,.F.);
#15357=ORIENTED_EDGE('',*,*,#15342,.F.);
#15358=ORIENTED_EDGE('',*,*,#10503,.T.);
#15359=EDGE_LOOP('',(#15355,#15356,#15357,#15358));
#15360=FACE_OUTER_BOUND('',#15359,.F.);
#15361=ADVANCED_FACE('',(#15360),#15353,.F.);
#15362=CARTESIAN_POINT('',(-1.239249991473E2,-5.097151889903E1,
-7.707526216633E0));
#15363=DIRECTION('',(0.E0,-1.E0,0.E0));
#15364=DIRECTION('',(-1.E0,0.E0,0.E0));
#15365=AXIS2_PLACEMENT_3D('',#15362,#15363,#15364);
#15366=PLANE('',#15365);
#15367=ORIENTED_EDGE('',*,*,#10501,.T.);
#15368=ORIENTED_EDGE('',*,*,#14915,.T.);
#15369=ORIENTED_EDGE('',*,*,#11423,.F.);
#15370=ORIENTED_EDGE('',*,*,#15354,.T.);
#15371=EDGE_LOOP('',(#15367,#15368,#15369,#15370));
#15372=FACE_OUTER_BOUND('',#15371,.F.);
#15373=ADVANCED_FACE('',(#15372),#15366,.F.);
#15374=CARTESIAN_POINT('',(-6.908749927508E1,3.605348109843E1,
-5.907526216637E0));
#15375=DIRECTION('',(1.E0,0.E0,0.E0));
#15376=DIRECTION('',(0.E0,0.E0,1.E0));
#15377=AXIS2_PLACEMENT_3D('',#15374,#15375,#15376);
#15378=PLANE('',#15377);
#15379=ORIENTED_EDGE('',*,*,#9995,.T.);
#15381=ORIENTED_EDGE('',*,*,#15380,.T.);
#15382=ORIENTED_EDGE('',*,*,#11427,.F.);
#15384=ORIENTED_EDGE('',*,*,#15383,.F.);
#15385=EDGE_LOOP('',(#15379,#15381,#15382,#15384));
#15386=FACE_OUTER_BOUND('',#15385,.F.);
#15387=ADVANCED_FACE('',(#15386),#15378,.F.);
#15388=CARTESIAN_POINT('',(-7.608749927508E1,4.305348109843E1,
-5.907526216637E0));
#15389=DIRECTION('',(0.E0,1.E0,0.E0));
#15390=DIRECTION('',(0.E0,0.E0,-1.E0));
#15391=AXIS2_PLACEMENT_3D('',#15388,#15389,#15390);
#15392=PLANE('',#15391);
#15393=ORIENTED_EDGE('',*,*,#9993,.T.);
#15395=ORIENTED_EDGE('',*,*,#15394,.T.);
#15396=ORIENTED_EDGE('',*,*,#11429,.F.);
#15397=ORIENTED_EDGE('',*,*,#15380,.F.);
#15398=EDGE_LOOP('',(#15393,#15395,#15396,#15397));
#15399=FACE_OUTER_BOUND('',#15398,.F.);
#15400=ADVANCED_FACE('',(#15399),#15392,.F.);
#15401=CARTESIAN_POINT('',(-8.308749927508E1,3.605348109843E1,
-5.907526216637E0));
#15402=DIRECTION('',(-1.E0,0.E0,0.E0));
#15403=DIRECTION('',(0.E0,0.E0,-1.E0));
#15404=AXIS2_PLACEMENT_3D('',#15401,#15402,#15403);
#15405=PLANE('',#15404);
#15406=ORIENTED_EDGE('',*,*,#9991,.T.);
#15408=ORIENTED_EDGE('',*,*,#15407,.T.);
#15409=ORIENTED_EDGE('',*,*,#11431,.F.);
#15410=ORIENTED_EDGE('',*,*,#15394,.F.);
#15411=EDGE_LOOP('',(#15406,#15408,#15409,#15410));
#15412=FACE_OUTER_BOUND('',#15411,.F.);
#15413=ADVANCED_FACE('',(#15412),#15405,.F.);
#15414=CARTESIAN_POINT('',(-7.608749927508E1,2.905348109842E1,
-5.907526216637E0));
#15415=DIRECTION('',(0.E0,-1.E0,0.E0));
#15416=DIRECTION('',(0.E0,0.E0,1.E0));
#15417=AXIS2_PLACEMENT_3D('',#15414,#15415,#15416);
#15418=PLANE('',#15417);
#15419=ORIENTED_EDGE('',*,*,#9989,.T.);
#15420=ORIENTED_EDGE('',*,*,#15383,.T.);
#15421=ORIENTED_EDGE('',*,*,#11433,.F.);
#15422=ORIENTED_EDGE('',*,*,#15407,.F.);
#15423=EDGE_LOOP('',(#15419,#15420,#15421,#15422));
#15424=FACE_OUTER_BOUND('',#15423,.F.);
#15425=ADVANCED_FACE('',(#15424),#15418,.F.);
#15426=CARTESIAN_POINT('',(-9.294999913956E1,-4.494651890312E1,
-5.907526216637E0));
#15427=DIRECTION('',(1.E0,0.E0,0.E0));
#15428=DIRECTION('',(0.E0,0.E0,1.E0));
#15429=AXIS2_PLACEMENT_3D('',#15426,#15427,#15428);
#15430=PLANE('',#15429);
#15431=ORIENTED_EDGE('',*,*,#10005,.T.);
#15433=ORIENTED_EDGE('',*,*,#15432,.T.);
#15434=ORIENTED_EDGE('',*,*,#11437,.F.);
#15436=ORIENTED_EDGE('',*,*,#15435,.F.);
#15437=EDGE_LOOP('',(#15431,#15433,#15434,#15436));
#15438=FACE_OUTER_BOUND('',#15437,.F.);
#15439=ADVANCED_FACE('',(#15438),#15430,.F.);
#15440=CARTESIAN_POINT('',(-9.994999913956E1,-3.794651890312E1,
-5.907526216637E0));
#15441=DIRECTION('',(0.E0,1.E0,0.E0));
#15442=DIRECTION('',(0.E0,0.E0,-1.E0));
#15443=AXIS2_PLACEMENT_3D('',#15440,#15441,#15442);
#15444=PLANE('',#15443);
#15445=ORIENTED_EDGE('',*,*,#10003,.T.);
#15447=ORIENTED_EDGE('',*,*,#15446,.T.);
#15448=ORIENTED_EDGE('',*,*,#11439,.F.);
#15449=ORIENTED_EDGE('',*,*,#15432,.F.);
#15450=EDGE_LOOP('',(#15445,#15447,#15448,#15449));
#15451=FACE_OUTER_BOUND('',#15450,.F.);
#15452=ADVANCED_FACE('',(#15451),#15444,.F.);
#15453=CARTESIAN_POINT('',(-1.069499991396E2,-4.494651890312E1,
-5.907526216637E0));
#15454=DIRECTION('',(-1.E0,0.E0,0.E0));
#15455=DIRECTION('',(0.E0,0.E0,-1.E0));
#15456=AXIS2_PLACEMENT_3D('',#15453,#15454,#15455);
#15457=PLANE('',#15456);
#15458=ORIENTED_EDGE('',*,*,#10001,.T.);
#15460=ORIENTED_EDGE('',*,*,#15459,.T.);
#15461=ORIENTED_EDGE('',*,*,#11441,.F.);
#15462=ORIENTED_EDGE('',*,*,#15446,.F.);
#15463=EDGE_LOOP('',(#15458,#15460,#15461,#15462));
#15464=FACE_OUTER_BOUND('',#15463,.F.);
#15465=ADVANCED_FACE('',(#15464),#15457,.F.);
#15466=CARTESIAN_POINT('',(-9.994999913956E1,-5.194651890313E1,
-5.907526216637E0));
#15467=DIRECTION('',(0.E0,-1.E0,0.E0));
#15468=DIRECTION('',(0.E0,0.E0,1.E0));
#15469=AXIS2_PLACEMENT_3D('',#15466,#15467,#15468);
#15470=PLANE('',#15469);
#15471=ORIENTED_EDGE('',*,*,#9999,.T.);
#15472=ORIENTED_EDGE('',*,*,#15435,.T.);
#15473=ORIENTED_EDGE('',*,*,#11443,.F.);
#15474=ORIENTED_EDGE('',*,*,#15459,.F.);
#15475=EDGE_LOOP('',(#15471,#15472,#15473,#15474));
#15476=FACE_OUTER_BOUND('',#15475,.F.);
#15477=ADVANCED_FACE('',(#15476),#15470,.F.);
#15478=CARTESIAN_POINT('',(-1.357999991401E2,1.220348109843E1,
-5.907526216637E0));
#15479=DIRECTION('',(1.E0,0.E0,0.E0));
#15480=DIRECTION('',(0.E0,0.E0,1.E0));
#15481=AXIS2_PLACEMENT_3D('',#15478,#15479,#15480);
#15482=PLANE('',#15481);
#15483=ORIENTED_EDGE('',*,*,#10015,.T.);
#15485=ORIENTED_EDGE('',*,*,#15484,.T.);
#15486=ORIENTED_EDGE('',*,*,#11447,.F.);
#15488=ORIENTED_EDGE('',*,*,#15487,.F.);
#15489=EDGE_LOOP('',(#15483,#15485,#15486,#15488));
#15490=FACE_OUTER_BOUND('',#15489,.F.);
#15491=ADVANCED_FACE('',(#15490),#15482,.F.);
#15492=CARTESIAN_POINT('',(-1.427999991401E2,1.920348109843E1,
-5.907526216637E0));
#15493=DIRECTION('',(0.E0,1.E0,0.E0));
#15494=DIRECTION('',(0.E0,0.E0,-1.E0));
#15495=AXIS2_PLACEMENT_3D('',#15492,#15493,#15494);
#15496=PLANE('',#15495);
#15497=ORIENTED_EDGE('',*,*,#10013,.T.);
#15499=ORIENTED_EDGE('',*,*,#15498,.T.);
#15500=ORIENTED_EDGE('',*,*,#11449,.F.);
#15501=ORIENTED_EDGE('',*,*,#15484,.F.);
#15502=EDGE_LOOP('',(#15497,#15499,#15500,#15501));
#15503=FACE_OUTER_BOUND('',#15502,.F.);
#15504=ADVANCED_FACE('',(#15503),#15496,.F.);
#15505=CARTESIAN_POINT('',(-1.497999991401E2,1.220348109843E1,
-5.907526216637E0));
#15506=DIRECTION('',(-1.E0,0.E0,0.E0));
#15507=DIRECTION('',(0.E0,0.E0,-1.E0));
#15508=AXIS2_PLACEMENT_3D('',#15505,#15506,#15507);
#15509=PLANE('',#15508);
#15510=ORIENTED_EDGE('',*,*,#10011,.T.);
#15512=ORIENTED_EDGE('',*,*,#15511,.T.);
#15513=ORIENTED_EDGE('',*,*,#11451,.F.);
#15514=ORIENTED_EDGE('',*,*,#15498,.F.);
#15515=EDGE_LOOP('',(#15510,#15512,#15513,#15514));
#15516=FACE_OUTER_BOUND('',#15515,.F.);
#15517=ADVANCED_FACE('',(#15516),#15509,.F.);
#15518=CARTESIAN_POINT('',(-1.427999991401E2,5.203481098424E0,
-5.907526216637E0));
#15519=DIRECTION('',(0.E0,-1.E0,0.E0));
#15520=DIRECTION('',(0.E0,0.E0,1.E0));
#15521=AXIS2_PLACEMENT_3D('',#15518,#15519,#15520);
#15522=PLANE('',#15521);
#15523=ORIENTED_EDGE('',*,*,#10009,.T.);
#15524=ORIENTED_EDGE('',*,*,#15487,.T.);
#15525=ORIENTED_EDGE('',*,*,#11453,.F.);
#15526=ORIENTED_EDGE('',*,*,#15511,.F.);
#15527=EDGE_LOOP('',(#15523,#15524,#15525,#15526));
#15528=FACE_OUTER_BOUND('',#15527,.F.);
#15529=ADVANCED_FACE('',(#15528),#15522,.F.);
#15530=CARTESIAN_POINT('',(-3.579999913956E1,-4.494651890312E1,
-5.907526216637E0));
#15531=DIRECTION('',(1.E0,0.E0,0.E0));
#15532=DIRECTION('',(0.E0,0.E0,1.E0));
#15533=AXIS2_PLACEMENT_3D('',#15530,#15531,#15532);
#15534=PLANE('',#15533);
#15535=ORIENTED_EDGE('',*,*,#10025,.T.);
#15537=ORIENTED_EDGE('',*,*,#15536,.T.);
#15538=ORIENTED_EDGE('',*,*,#11457,.F.);
#15540=ORIENTED_EDGE('',*,*,#15539,.F.);
#15541=EDGE_LOOP('',(#15535,#15537,#15538,#15540));
#15542=FACE_OUTER_BOUND('',#15541,.F.);
#15543=ADVANCED_FACE('',(#15542),#15534,.F.);
#15544=CARTESIAN_POINT('',(-4.279999913956E1,-3.794651890312E1,
-5.907526216637E0));
#15545=DIRECTION('',(0.E0,1.E0,0.E0));
#15546=DIRECTION('',(0.E0,0.E0,-1.E0));
#15547=AXIS2_PLACEMENT_3D('',#15544,#15545,#15546);
#15548=PLANE('',#15547);
#15549=ORIENTED_EDGE('',*,*,#10023,.T.);
#15551=ORIENTED_EDGE('',*,*,#15550,.T.);
#15552=ORIENTED_EDGE('',*,*,#11459,.F.);
#15553=ORIENTED_EDGE('',*,*,#15536,.F.);
#15554=EDGE_LOOP('',(#15549,#15551,#15552,#15553));
#15555=FACE_OUTER_BOUND('',#15554,.F.);
#15556=ADVANCED_FACE('',(#15555),#15548,.F.);
#15557=CARTESIAN_POINT('',(-4.979999913956E1,-4.494651890312E1,
-5.907526216637E0));
#15558=DIRECTION('',(-1.E0,0.E0,0.E0));
#15559=DIRECTION('',(0.E0,0.E0,-1.E0));
#15560=AXIS2_PLACEMENT_3D('',#15557,#15558,#15559);
#15561=PLANE('',#15560);
#15562=ORIENTED_EDGE('',*,*,#10021,.T.);
#15564=ORIENTED_EDGE('',*,*,#15563,.T.);
#15565=ORIENTED_EDGE('',*,*,#11461,.F.);
#15566=ORIENTED_EDGE('',*,*,#15550,.F.);
#15567=EDGE_LOOP('',(#15562,#15564,#15565,#15566));
#15568=FACE_OUTER_BOUND('',#15567,.F.);
#15569=ADVANCED_FACE('',(#15568),#15561,.F.);
#15570=CARTESIAN_POINT('',(-4.279999913956E1,-5.194651890313E1,
-5.907526216637E0));
#15571=DIRECTION('',(0.E0,-1.E0,0.E0));
#15572=DIRECTION('',(0.E0,0.E0,1.E0));
#15573=AXIS2_PLACEMENT_3D('',#15570,#15571,#15572);
#15574=PLANE('',#15573);
#15575=ORIENTED_EDGE('',*,*,#10019,.T.);
#15576=ORIENTED_EDGE('',*,*,#15539,.T.);
#15577=ORIENTED_EDGE('',*,*,#11463,.F.);
#15578=ORIENTED_EDGE('',*,*,#15563,.F.);
#15579=EDGE_LOOP('',(#15575,#15576,#15577,#15578));
#15580=FACE_OUTER_BOUND('',#15579,.F.);
#15581=ADVANCED_FACE('',(#15580),#15574,.F.);
#15582=CARTESIAN_POINT('',(7.050000858920E0,-6.846518901705E0,
-5.907526216637E0));
#15583=DIRECTION('',(1.E0,0.E0,0.E0));
#15584=DIRECTION('',(0.E0,0.E0,1.E0));
#15585=AXIS2_PLACEMENT_3D('',#15582,#15583,#15584);
#15586=PLANE('',#15585);
#15587=ORIENTED_EDGE('',*,*,#10035,.T.);
#15589=ORIENTED_EDGE('',*,*,#15588,.T.);
#15590=ORIENTED_EDGE('',*,*,#11467,.F.);
#15592=ORIENTED_EDGE('',*,*,#15591,.F.);
#15593=EDGE_LOOP('',(#15587,#15589,#15590,#15592));
#15594=FACE_OUTER_BOUND('',#15593,.F.);
#15595=ADVANCED_FACE('',(#15594),#15586,.F.);
#15596=CARTESIAN_POINT('',(5.000085892008E-2,1.534810982963E-1,
-5.907526216637E0));
#15597=DIRECTION('',(0.E0,1.E0,0.E0));
#15598=DIRECTION('',(0.E0,0.E0,-1.E0));
#15599=AXIS2_PLACEMENT_3D('',#15596,#15597,#15598);
#15600=PLANE('',#15599);
#15601=ORIENTED_EDGE('',*,*,#10033,.T.);
#15603=ORIENTED_EDGE('',*,*,#15602,.T.);
#15604=ORIENTED_EDGE('',*,*,#11469,.F.);
#15605=ORIENTED_EDGE('',*,*,#15588,.F.);
#15606=EDGE_LOOP('',(#15601,#15603,#15604,#15605));
#15607=FACE_OUTER_BOUND('',#15606,.F.);
#15608=ADVANCED_FACE('',(#15607),#15600,.F.);
#15609=CARTESIAN_POINT('',(-6.949999141080E0,-6.846518901705E0,
-5.907526216637E0));
#15610=DIRECTION('',(-1.E0,0.E0,0.E0));
#15611=DIRECTION('',(0.E0,0.E0,-1.E0));
#15612=AXIS2_PLACEMENT_3D('',#15609,#15610,#15611);
#15613=PLANE('',#15612);
#15614=ORIENTED_EDGE('',*,*,#10031,.T.);
#15616=ORIENTED_EDGE('',*,*,#15615,.T.);
#15617=ORIENTED_EDGE('',*,*,#11471,.F.);
#15618=ORIENTED_EDGE('',*,*,#15602,.F.);
#15619=EDGE_LOOP('',(#15614,#15616,#15617,#15618));
#15620=FACE_OUTER_BOUND('',#15619,.F.);
#15621=ADVANCED_FACE('',(#15620),#15613,.F.);
#15622=CARTESIAN_POINT('',(5.000085892008E-2,-1.384651890171E1,
-5.907526216637E0));
#15623=DIRECTION('',(0.E0,-1.E0,0.E0));
#15624=DIRECTION('',(0.E0,0.E0,1.E0));
#15625=AXIS2_PLACEMENT_3D('',#15622,#15623,#15624);
#15626=PLANE('',#15625);
#15627=ORIENTED_EDGE('',*,*,#10029,.T.);
#15628=ORIENTED_EDGE('',*,*,#15591,.T.);
#15629=ORIENTED_EDGE('',*,*,#11473,.F.);
#15630=ORIENTED_EDGE('',*,*,#15615,.F.);
#15631=EDGE_LOOP('',(#15627,#15628,#15629,#15630));
#15632=FACE_OUTER_BOUND('',#15631,.F.);
#15633=ADVANCED_FACE('',(#15632),#15626,.F.);
#15634=CARTESIAN_POINT('',(-6.914999914108E1,-6.846518901705E0,
-5.907526216637E0));
#15635=DIRECTION('',(1.E0,0.E0,0.E0));
#15636=DIRECTION('',(0.E0,0.E0,1.E0));
#15637=AXIS2_PLACEMENT_3D('',#15634,#15635,#15636);
#15638=PLANE('',#15637);
#15639=ORIENTED_EDGE('',*,*,#10045,.T.);
#15641=ORIENTED_EDGE('',*,*,#15640,.T.);
#15642=ORIENTED_EDGE('',*,*,#11477,.F.);
#15644=ORIENTED_EDGE('',*,*,#15643,.F.);
#15645=EDGE_LOOP('',(#15639,#15641,#15642,#15644));
#15646=FACE_OUTER_BOUND('',#15645,.F.);
#15647=ADVANCED_FACE('',(#15646),#15638,.F.);
#15648=CARTESIAN_POINT('',(-7.614999914108E1,1.534810982963E-1,
-5.907526216637E0));
#15649=DIRECTION('',(0.E0,1.E0,0.E0));
#15650=DIRECTION('',(0.E0,0.E0,-1.E0));
#15651=AXIS2_PLACEMENT_3D('',#15648,#15649,#15650);
#15652=PLANE('',#15651);
#15653=ORIENTED_EDGE('',*,*,#10043,.T.);
#15655=ORIENTED_EDGE('',*,*,#15654,.T.);
#15656=ORIENTED_EDGE('',*,*,#11479,.F.);
#15657=ORIENTED_EDGE('',*,*,#15640,.F.);
#15658=EDGE_LOOP('',(#15653,#15655,#15656,#15657));
#15659=FACE_OUTER_BOUND('',#15658,.F.);
#15660=ADVANCED_FACE('',(#15659),#15652,.F.);
#15661=CARTESIAN_POINT('',(-8.314999914108E1,-6.846518901705E0,
-5.907526216637E0));
#15662=DIRECTION('',(-1.E0,0.E0,0.E0));
#15663=DIRECTION('',(0.E0,0.E0,-1.E0));
#15664=AXIS2_PLACEMENT_3D('',#15661,#15662,#15663);
#15665=PLANE('',#15664);
#15666=ORIENTED_EDGE('',*,*,#10041,.T.);
#15668=ORIENTED_EDGE('',*,*,#15667,.T.);
#15669=ORIENTED_EDGE('',*,*,#11481,.F.);
#15670=ORIENTED_EDGE('',*,*,#15654,.F.);
#15671=EDGE_LOOP('',(#15666,#15668,#15669,#15670));
#15672=FACE_OUTER_BOUND('',#15671,.F.);
#15673=ADVANCED_FACE('',(#15672),#15665,.F.);
#15674=CARTESIAN_POINT('',(-7.614999914108E1,-1.384651890171E1,
-5.907526216637E0));
#15675=DIRECTION('',(0.E0,-1.E0,0.E0));
#15676=DIRECTION('',(0.E0,0.E0,1.E0));
#15677=AXIS2_PLACEMENT_3D('',#15674,#15675,#15676);
#15678=PLANE('',#15677);
#15679=ORIENTED_EDGE('',*,*,#10039,.T.);
#15680=ORIENTED_EDGE('',*,*,#15643,.T.);
#15681=ORIENTED_EDGE('',*,*,#11483,.F.);
#15682=ORIENTED_EDGE('',*,*,#15667,.F.);
#15683=EDGE_LOOP('',(#15679,#15680,#15681,#15682));
#15684=FACE_OUTER_BOUND('',#15683,.F.);
#15685=ADVANCED_FACE('',(#15684),#15678,.F.);
#15686=CARTESIAN_POINT('',(1.214875007409E2,3.605348109843E1,
-5.907526216637E0));
#15687=DIRECTION('',(1.E0,0.E0,0.E0));
#15688=DIRECTION('',(0.E0,0.E0,1.E0));
#15689=AXIS2_PLACEMENT_3D('',#15686,#15687,#15688);
#15690=PLANE('',#15689);
#15691=ORIENTED_EDGE('',*,*,#10055,.T.);
#15693=ORIENTED_EDGE('',*,*,#15692,.T.);
#15694=ORIENTED_EDGE('',*,*,#11487,.F.);
#15696=ORIENTED_EDGE('',*,*,#15695,.F.);
#15697=EDGE_LOOP('',(#15691,#15693,#15694,#15696));
#15698=FACE_OUTER_BOUND('',#15697,.F.);
#15699=ADVANCED_FACE('',(#15698),#15690,.F.);
#15700=CARTESIAN_POINT('',(1.144875007409E2,4.305348109843E1,
-5.907526216637E0));
#15701=DIRECTION('',(0.E0,1.E0,0.E0));
#15702=DIRECTION('',(0.E0,0.E0,-1.E0));
#15703=AXIS2_PLACEMENT_3D('',#15700,#15701,#15702);
#15704=PLANE('',#15703);
#15705=ORIENTED_EDGE('',*,*,#10053,.T.);
#15707=ORIENTED_EDGE('',*,*,#15706,.T.);
#15708=ORIENTED_EDGE('',*,*,#11489,.F.);
#15709=ORIENTED_EDGE('',*,*,#15692,.F.);
#15710=EDGE_LOOP('',(#15705,#15707,#15708,#15709));
#15711=FACE_OUTER_BOUND('',#15710,.F.);
#15712=ADVANCED_FACE('',(#15711),#15704,.F.);
#15713=CARTESIAN_POINT('',(1.074875007409E2,3.605348109843E1,
-5.907526216637E0));
#15714=DIRECTION('',(-1.E0,0.E0,0.E0));
#15715=DIRECTION('',(0.E0,0.E0,-1.E0));
#15716=AXIS2_PLACEMENT_3D('',#15713,#15714,#15715);
#15717=PLANE('',#15716);
#15718=ORIENTED_EDGE('',*,*,#10051,.T.);
#15720=ORIENTED_EDGE('',*,*,#15719,.T.);
#15721=ORIENTED_EDGE('',*,*,#11491,.F.);
#15722=ORIENTED_EDGE('',*,*,#15706,.F.);
#15723=EDGE_LOOP('',(#15718,#15720,#15721,#15722));
#15724=FACE_OUTER_BOUND('',#15723,.F.);
#15725=ADVANCED_FACE('',(#15724),#15717,.F.);
#15726=CARTESIAN_POINT('',(1.144875007409E2,2.905348109842E1,
-5.907526216637E0));
#15727=DIRECTION('',(0.E0,-1.E0,0.E0));
#15728=DIRECTION('',(0.E0,0.E0,1.E0));
#15729=AXIS2_PLACEMENT_3D('',#15726,#15727,#15728);
#15730=PLANE('',#15729);
#15731=ORIENTED_EDGE('',*,*,#10049,.T.);
#15732=ORIENTED_EDGE('',*,*,#15695,.T.);
#15733=ORIENTED_EDGE('',*,*,#11493,.F.);
#15734=ORIENTED_EDGE('',*,*,#15719,.F.);
#15735=EDGE_LOOP('',(#15731,#15732,#15733,#15734));
#15736=FACE_OUTER_BOUND('',#15735,.F.);
#15737=ADVANCED_FACE('',(#15736),#15730,.F.);
#15738=CARTESIAN_POINT('',(1.498000008346E2,-6.846518900365E0,
-5.907526216637E0));
#15739=DIRECTION('',(1.E0,0.E0,0.E0));
#15740=DIRECTION('',(0.E0,0.E0,1.E0));
#15741=AXIS2_PLACEMENT_3D('',#15738,#15739,#15740);
#15742=PLANE('',#15741);
#15743=ORIENTED_EDGE('',*,*,#10065,.T.);
#15745=ORIENTED_EDGE('',*,*,#15744,.T.);
#15746=ORIENTED_EDGE('',*,*,#11497,.F.);
#15748=ORIENTED_EDGE('',*,*,#15747,.F.);
#15749=EDGE_LOOP('',(#15743,#15745,#15746,#15748));
#15750=FACE_OUTER_BOUND('',#15749,.F.);
#15751=ADVANCED_FACE('',(#15750),#15742,.F.);
#15752=CARTESIAN_POINT('',(1.428000008346E2,1.534810996363E-1,
-5.907526216637E0));
#15753=DIRECTION('',(0.E0,1.E0,0.E0));
#15754=DIRECTION('',(0.E0,0.E0,-1.E0));
#15755=AXIS2_PLACEMENT_3D('',#15752,#15753,#15754);
#15756=PLANE('',#15755);
#15757=ORIENTED_EDGE('',*,*,#10063,.T.);
#15759=ORIENTED_EDGE('',*,*,#15758,.T.);
#15760=ORIENTED_EDGE('',*,*,#11499,.F.);
#15761=ORIENTED_EDGE('',*,*,#15744,.F.);
#15762=EDGE_LOOP('',(#15757,#15759,#15760,#15761));
#15763=FACE_OUTER_BOUND('',#15762,.F.);
#15764=ADVANCED_FACE('',(#15763),#15756,.F.);
#15765=CARTESIAN_POINT('',(1.358000008346E2,-6.846518900365E0,
-5.907526216637E0));
#15766=DIRECTION('',(-1.E0,0.E0,0.E0));
#15767=DIRECTION('',(0.E0,0.E0,-1.E0));
#15768=AXIS2_PLACEMENT_3D('',#15765,#15766,#15767);
#15769=PLANE('',#15768);
#15770=ORIENTED_EDGE('',*,*,#10061,.T.);
#15772=ORIENTED_EDGE('',*,*,#15771,.T.);
#15773=ORIENTED_EDGE('',*,*,#11501,.F.);
#15774=ORIENTED_EDGE('',*,*,#15758,.F.);
#15775=EDGE_LOOP('',(#15770,#15772,#15773,#15774));
#15776=FACE_OUTER_BOUND('',#15775,.F.);
#15777=ADVANCED_FACE('',(#15776),#15769,.F.);
#15778=CARTESIAN_POINT('',(1.428000008346E2,-1.384651890037E1,
-5.907526216637E0));
#15779=DIRECTION('',(0.E0,-1.E0,0.E0));
#15780=DIRECTION('',(0.E0,0.E0,1.E0));
#15781=AXIS2_PLACEMENT_3D('',#15778,#15779,#15780);
#15782=PLANE('',#15781);
#15783=ORIENTED_EDGE('',*,*,#10059,.T.);
#15784=ORIENTED_EDGE('',*,*,#15747,.T.);
#15785=ORIENTED_EDGE('',*,*,#11503,.F.);
#15786=ORIENTED_EDGE('',*,*,#15771,.F.);
#15787=EDGE_LOOP('',(#15783,#15784,#15785,#15786));
#15788=FACE_OUTER_BOUND('',#15787,.F.);
#15789=ADVANCED_FACE('',(#15788),#15782,.F.);
#15790=CARTESIAN_POINT('',(-5.959999914008E1,1.220348109843E1,
-5.907526216637E0));
#15791=DIRECTION('',(1.E0,0.E0,0.E0));
#15792=DIRECTION('',(0.E0,0.E0,1.E0));
#15793=AXIS2_PLACEMENT_3D('',#15790,#15791,#15792);
#15794=PLANE('',#15793);
#15795=ORIENTED_EDGE('',*,*,#10075,.T.);
#15797=ORIENTED_EDGE('',*,*,#15796,.T.);
#15798=ORIENTED_EDGE('',*,*,#11507,.F.);
#15800=ORIENTED_EDGE('',*,*,#15799,.F.);
#15801=EDGE_LOOP('',(#15795,#15797,#15798,#15800));
#15802=FACE_OUTER_BOUND('',#15801,.F.);
#15803=ADVANCED_FACE('',(#15802),#15794,.F.);
#15804=CARTESIAN_POINT('',(-6.659999914008E1,1.920348109843E1,
-5.907526216637E0));
#15805=DIRECTION('',(0.E0,1.E0,0.E0));
#15806=DIRECTION('',(0.E0,0.E0,-1.E0));
#15807=AXIS2_PLACEMENT_3D('',#15804,#15805,#15806);
#15808=PLANE('',#15807);
#15809=ORIENTED_EDGE('',*,*,#10073,.T.);
#15811=ORIENTED_EDGE('',*,*,#15810,.T.);
#15812=ORIENTED_EDGE('',*,*,#11509,.F.);
#15813=ORIENTED_EDGE('',*,*,#15796,.F.);
#15814=EDGE_LOOP('',(#15809,#15811,#15812,#15813));
#15815=FACE_OUTER_BOUND('',#15814,.F.);
#15816=ADVANCED_FACE('',(#15815),#15808,.F.);
#15817=CARTESIAN_POINT('',(-7.359999914008E1,1.220348109843E1,
-5.907526216637E0));
#15818=DIRECTION('',(-1.E0,0.E0,0.E0));
#15819=DIRECTION('',(0.E0,0.E0,-1.E0));
#15820=AXIS2_PLACEMENT_3D('',#15817,#15818,#15819);
#15821=PLANE('',#15820);
#15822=ORIENTED_EDGE('',*,*,#10071,.T.);
#15824=ORIENTED_EDGE('',*,*,#15823,.T.);
#15825=ORIENTED_EDGE('',*,*,#11511,.F.);
#15826=ORIENTED_EDGE('',*,*,#15810,.F.);
#15827=EDGE_LOOP('',(#15822,#15824,#15825,#15826));
#15828=FACE_OUTER_BOUND('',#15827,.F.);
#15829=ADVANCED_FACE('',(#15828),#15821,.F.);
#15830=CARTESIAN_POINT('',(-6.659999914008E1,5.203481098424E0,
-5.907526216637E0));
#15831=DIRECTION('',(0.E0,-1.E0,0.E0));
#15832=DIRECTION('',(0.E0,0.E0,1.E0));
#15833=AXIS2_PLACEMENT_3D('',#15830,#15831,#15832);
#15834=PLANE('',#15833);
#15835=ORIENTED_EDGE('',*,*,#10069,.T.);
#15836=ORIENTED_EDGE('',*,*,#15799,.T.);
#15837=ORIENTED_EDGE('',*,*,#11513,.F.);
#15838=ORIENTED_EDGE('',*,*,#15823,.F.);
#15839=EDGE_LOOP('',(#15835,#15836,#15837,#15838));
#15840=FACE_OUTER_BOUND('',#15839,.F.);
#15841=ADVANCED_FACE('',(#15840),#15834,.F.);
#15842=CARTESIAN_POINT('',(3.565000085992E1,1.220348109843E1,
-5.907526216637E0));
#15843=DIRECTION('',(1.E0,0.E0,0.E0));
#15844=DIRECTION('',(0.E0,0.E0,1.E0));
#15845=AXIS2_PLACEMENT_3D('',#15842,#15843,#15844);
#15846=PLANE('',#15845);
#15847=ORIENTED_EDGE('',*,*,#10085,.T.);
#15849=ORIENTED_EDGE('',*,*,#15848,.T.);
#15850=ORIENTED_EDGE('',*,*,#11517,.F.);
#15852=ORIENTED_EDGE('',*,*,#15851,.F.);
#15853=EDGE_LOOP('',(#15847,#15849,#15850,#15852));
#15854=FACE_OUTER_BOUND('',#15853,.F.);
#15855=ADVANCED_FACE('',(#15854),#15846,.F.);
#15856=CARTESIAN_POINT('',(2.865000085992E1,1.920348109843E1,
-5.907526216637E0));
#15857=DIRECTION('',(0.E0,1.E0,0.E0));
#15858=DIRECTION('',(0.E0,0.E0,-1.E0));
#15859=AXIS2_PLACEMENT_3D('',#15856,#15857,#15858);
#15860=PLANE('',#15859);
#15861=ORIENTED_EDGE('',*,*,#10083,.T.);
#15863=ORIENTED_EDGE('',*,*,#15862,.T.);
#15864=ORIENTED_EDGE('',*,*,#11519,.F.);
#15865=ORIENTED_EDGE('',*,*,#15848,.F.);
#15866=EDGE_LOOP('',(#15861,#15863,#15864,#15865));
#15867=FACE_OUTER_BOUND('',#15866,.F.);
#15868=ADVANCED_FACE('',(#15867),#15860,.F.);
#15869=CARTESIAN_POINT('',(2.165000085992E1,1.220348109843E1,
-5.907526216637E0));
#15870=DIRECTION('',(-1.E0,0.E0,0.E0));
#15871=DIRECTION('',(0.E0,0.E0,-1.E0));
#15872=AXIS2_PLACEMENT_3D('',#15869,#15870,#15871);
#15873=PLANE('',#15872);
#15874=ORIENTED_EDGE('',*,*,#10081,.T.);
#15876=ORIENTED_EDGE('',*,*,#15875,.T.);
#15877=ORIENTED_EDGE('',*,*,#11521,.F.);
#15878=ORIENTED_EDGE('',*,*,#15862,.F.);
#15879=EDGE_LOOP('',(#15874,#15876,#15877,#15878));
#15880=FACE_OUTER_BOUND('',#15879,.F.);
#15881=ADVANCED_FACE('',(#15880),#15873,.F.);
#15882=CARTESIAN_POINT('',(2.865000085992E1,5.203481098424E0,
-5.907526216637E0));
#15883=DIRECTION('',(0.E0,-1.E0,0.E0));
#15884=DIRECTION('',(0.E0,0.E0,1.E0));
#15885=AXIS2_PLACEMENT_3D('',#15882,#15883,#15884);
#15886=PLANE('',#15885);
#15887=ORIENTED_EDGE('',*,*,#10079,.T.);
#15888=ORIENTED_EDGE('',*,*,#15851,.T.);
#15889=ORIENTED_EDGE('',*,*,#11523,.F.);
#15890=ORIENTED_EDGE('',*,*,#15875,.F.);
#15891=EDGE_LOOP('',(#15887,#15888,#15889,#15890));
#15892=FACE_OUTER_BOUND('',#15891,.F.);
#15893=ADVANCED_FACE('',(#15892),#15886,.F.);
#15894=CARTESIAN_POINT('',(-7.389999913956E1,-4.494651890312E1,
-5.907526216637E0));
#15895=DIRECTION('',(1.E0,0.E0,0.E0));
#15896=DIRECTION('',(0.E0,0.E0,1.E0));
#15897=AXIS2_PLACEMENT_3D('',#15894,#15895,#15896);
#15898=PLANE('',#15897);
#15899=ORIENTED_EDGE('',*,*,#10095,.T.);
#15901=ORIENTED_EDGE('',*,*,#15900,.T.);
#15902=ORIENTED_EDGE('',*,*,#11527,.F.);
#15904=ORIENTED_EDGE('',*,*,#15903,.F.);
#15905=EDGE_LOOP('',(#15899,#15901,#15902,#15904));
#15906=FACE_OUTER_BOUND('',#15905,.F.);
#15907=ADVANCED_FACE('',(#15906),#15898,.F.);
#15908=CARTESIAN_POINT('',(-8.089999913956E1,-3.794651890312E1,
-5.907526216637E0));
#15909=DIRECTION('',(0.E0,1.E0,0.E0));
#15910=DIRECTION('',(0.E0,0.E0,-1.E0));
#15911=AXIS2_PLACEMENT_3D('',#15908,#15909,#15910);
#15912=PLANE('',#15911);
#15913=ORIENTED_EDGE('',*,*,#10093,.T.);
#15915=ORIENTED_EDGE('',*,*,#15914,.T.);
#15916=ORIENTED_EDGE('',*,*,#11529,.F.);
#15917=ORIENTED_EDGE('',*,*,#15900,.F.);
#15918=EDGE_LOOP('',(#15913,#15915,#15916,#15917));
#15919=FACE_OUTER_BOUND('',#15918,.F.);
#15920=ADVANCED_FACE('',(#15919),#15912,.F.);
#15921=CARTESIAN_POINT('',(-8.789999913956E1,-4.494651890312E1,
-5.907526216637E0));
#15922=DIRECTION('',(-1.E0,0.E0,0.E0));
#15923=DIRECTION('',(0.E0,0.E0,-1.E0));
#15924=AXIS2_PLACEMENT_3D('',#15921,#15922,#15923);
#15925=PLANE('',#15924);
#15926=ORIENTED_EDGE('',*,*,#10091,.T.);
#15928=ORIENTED_EDGE('',*,*,#15927,.T.);
#15929=ORIENTED_EDGE('',*,*,#11531,.F.);
#15930=ORIENTED_EDGE('',*,*,#15914,.F.);
#15931=EDGE_LOOP('',(#15926,#15928,#15929,#15930));
#15932=FACE_OUTER_BOUND('',#15931,.F.);
#15933=ADVANCED_FACE('',(#15932),#15925,.F.);
#15934=CARTESIAN_POINT('',(-8.089999913956E1,-5.194651890313E1,
-5.907526216637E0));
#15935=DIRECTION('',(0.E0,-1.E0,0.E0));
#15936=DIRECTION('',(0.E0,0.E0,1.E0));
#15937=AXIS2_PLACEMENT_3D('',#15934,#15935,#15936);
#15938=PLANE('',#15937);
#15939=ORIENTED_EDGE('',*,*,#10089,.T.);
#15940=ORIENTED_EDGE('',*,*,#15903,.T.);
#15941=ORIENTED_EDGE('',*,*,#11533,.F.);
#15942=ORIENTED_EDGE('',*,*,#15927,.F.);
#15943=EDGE_LOOP('',(#15939,#15940,#15941,#15942));
#15944=FACE_OUTER_BOUND('',#15943,.F.);
#15945=ADVANCED_FACE('',(#15944),#15938,.F.);
#15946=CARTESIAN_POINT('',(3.572500073292E1,3.605348109843E1,
-5.907526216637E0));
#15947=DIRECTION('',(1.E0,0.E0,0.E0));
#15948=DIRECTION('',(0.E0,0.E0,1.E0));
#15949=AXIS2_PLACEMENT_3D('',#15946,#15947,#15948);
#15950=PLANE('',#15949);
#15951=ORIENTED_EDGE('',*,*,#10105,.T.);
#15953=ORIENTED_EDGE('',*,*,#15952,.T.);
#15954=ORIENTED_EDGE('',*,*,#11537,.F.);
#15956=ORIENTED_EDGE('',*,*,#15955,.F.);
#15957=EDGE_LOOP('',(#15951,#15953,#15954,#15956));
#15958=FACE_OUTER_BOUND('',#15957,.F.);
#15959=ADVANCED_FACE('',(#15958),#15950,.F.);
#15960=CARTESIAN_POINT('',(2.872500073292E1,4.305348109843E1,
-5.907526216637E0));
#15961=DIRECTION('',(0.E0,1.E0,0.E0));
#15962=DIRECTION('',(0.E0,0.E0,-1.E0));
#15963=AXIS2_PLACEMENT_3D('',#15960,#15961,#15962);
#15964=PLANE('',#15963);
#15965=ORIENTED_EDGE('',*,*,#10103,.T.);
#15967=ORIENTED_EDGE('',*,*,#15966,.T.);
#15968=ORIENTED_EDGE('',*,*,#11539,.F.);
#15969=ORIENTED_EDGE('',*,*,#15952,.F.);
#15970=EDGE_LOOP('',(#15965,#15967,#15968,#15969));
#15971=FACE_OUTER_BOUND('',#15970,.F.);
#15972=ADVANCED_FACE('',(#15971),#15964,.F.);
#15973=CARTESIAN_POINT('',(2.172500073292E1,3.605348109843E1,
-5.907526216637E0));
#15974=DIRECTION('',(-1.E0,0.E0,0.E0));
#15975=DIRECTION('',(0.E0,0.E0,-1.E0));
#15976=AXIS2_PLACEMENT_3D('',#15973,#15974,#15975);
#15977=PLANE('',#15976);
#15978=ORIENTED_EDGE('',*,*,#10101,.T.);
#15980=ORIENTED_EDGE('',*,*,#15979,.T.);
#15981=ORIENTED_EDGE('',*,*,#11541,.F.);
#15982=ORIENTED_EDGE('',*,*,#15966,.F.);
#15983=EDGE_LOOP('',(#15978,#15980,#15981,#15982));
#15984=FACE_OUTER_BOUND('',#15983,.F.);
#15985=ADVANCED_FACE('',(#15984),#15977,.F.);
#15986=CARTESIAN_POINT('',(2.872500073292E1,2.905348109842E1,
-5.907526216637E0));
#15987=DIRECTION('',(0.E0,-1.E0,0.E0));
#15988=DIRECTION('',(0.E0,0.E0,1.E0));
#15989=AXIS2_PLACEMENT_3D('',#15986,#15987,#15988);
#15990=PLANE('',#15989);
#15991=ORIENTED_EDGE('',*,*,#10099,.T.);
#15992=ORIENTED_EDGE('',*,*,#15955,.T.);
#15993=ORIENTED_EDGE('',*,*,#11543,.F.);
#15994=ORIENTED_EDGE('',*,*,#15979,.F.);
#15995=EDGE_LOOP('',(#15991,#15992,#15993,#15994));
#15996=FACE_OUTER_BOUND('',#15995,.F.);
#15997=ADVANCED_FACE('',(#15996),#15990,.F.);
#15998=CARTESIAN_POINT('',(8.338750074092E1,3.605348109843E1,
-5.907526216637E0));
#15999=DIRECTION('',(1.E0,0.E0,0.E0));
#16000=DIRECTION('',(0.E0,0.E0,1.E0));
#16001=AXIS2_PLACEMENT_3D('',#15998,#15999,#16000);
#16002=PLANE('',#16001);
#16003=ORIENTED_EDGE('',*,*,#10115,.T.);
#16005=ORIENTED_EDGE('',*,*,#16004,.T.);
#16006=ORIENTED_EDGE('',*,*,#11547,.F.);
#16008=ORIENTED_EDGE('',*,*,#16007,.F.);
#16009=EDGE_LOOP('',(#16003,#16005,#16006,#16008));
#16010=FACE_OUTER_BOUND('',#16009,.F.);
#16011=ADVANCED_FACE('',(#16010),#16002,.F.);
#16012=CARTESIAN_POINT('',(7.638750074092E1,4.305348109843E1,
-5.907526216637E0));
#16013=DIRECTION('',(0.E0,1.E0,0.E0));
#16014=DIRECTION('',(0.E0,0.E0,-1.E0));
#16015=AXIS2_PLACEMENT_3D('',#16012,#16013,#16014);
#16016=PLANE('',#16015);
#16017=ORIENTED_EDGE('',*,*,#10113,.T.);
#16019=ORIENTED_EDGE('',*,*,#16018,.T.);
#16020=ORIENTED_EDGE('',*,*,#11549,.F.);
#16021=ORIENTED_EDGE('',*,*,#16004,.F.);
#16022=EDGE_LOOP('',(#16017,#16019,#16020,#16021));
#16023=FACE_OUTER_BOUND('',#16022,.F.);
#16024=ADVANCED_FACE('',(#16023),#16016,.F.);
#16025=CARTESIAN_POINT('',(6.938750074092E1,3.605348109843E1,
-5.907526216637E0));
#16026=DIRECTION('',(-1.E0,0.E0,0.E0));
#16027=DIRECTION('',(0.E0,0.E0,-1.E0));
#16028=AXIS2_PLACEMENT_3D('',#16025,#16026,#16027);
#16029=PLANE('',#16028);
#16030=ORIENTED_EDGE('',*,*,#10111,.T.);
#16032=ORIENTED_EDGE('',*,*,#16031,.T.);
#16033=ORIENTED_EDGE('',*,*,#11551,.F.);
#16034=ORIENTED_EDGE('',*,*,#16018,.F.);
#16035=EDGE_LOOP('',(#16030,#16032,#16033,#16034));
#16036=FACE_OUTER_BOUND('',#16035,.F.);
#16037=ADVANCED_FACE('',(#16036),#16029,.F.);
#16038=CARTESIAN_POINT('',(7.638750074092E1,2.905348109842E1,
-5.907526216637E0));
#16039=DIRECTION('',(0.E0,-1.E0,0.E0));
#16040=DIRECTION('',(0.E0,0.E0,1.E0));
#16041=AXIS2_PLACEMENT_3D('',#16038,#16039,#16040);
#16042=PLANE('',#16041);
#16043=ORIENTED_EDGE('',*,*,#10109,.T.);
#16044=ORIENTED_EDGE('',*,*,#16007,.T.);
#16045=ORIENTED_EDGE('',*,*,#11553,.F.);
#16046=ORIENTED_EDGE('',*,*,#16031,.F.);
#16047=EDGE_LOOP('',(#16043,#16044,#16045,#16046));
#16048=FACE_OUTER_BOUND('',#16047,.F.);
#16049=ADVANCED_FACE('',(#16048),#16042,.F.);
#16050=CARTESIAN_POINT('',(-1.333999991400E2,-6.399651890161E1,
-5.907526216637E0));
#16051=DIRECTION('',(1.E0,0.E0,0.E0));
#16052=DIRECTION('',(0.E0,0.E0,1.E0));
#16053=AXIS2_PLACEMENT_3D('',#16050,#16051,#16052);
#16054=PLANE('',#16053);
#16055=ORIENTED_EDGE('',*,*,#10125,.T.);
#16057=ORIENTED_EDGE('',*,*,#16056,.T.);
#16058=ORIENTED_EDGE('',*,*,#11557,.F.);
#16060=ORIENTED_EDGE('',*,*,#16059,.F.);
#16061=EDGE_LOOP('',(#16055,#16057,#16058,#16060));
#16062=FACE_OUTER_BOUND('',#16061,.F.);
#16063=ADVANCED_FACE('',(#16062),#16054,.F.);
#16064=CARTESIAN_POINT('',(-1.403999991400E2,-5.699651890161E1,
-5.907526216637E0));
#16065=DIRECTION('',(0.E0,1.E0,0.E0));
#16066=DIRECTION('',(0.E0,0.E0,-1.E0));
#16067=AXIS2_PLACEMENT_3D('',#16064,#16065,#16066);
#16068=PLANE('',#16067);
#16069=ORIENTED_EDGE('',*,*,#10123,.T.);
#16071=ORIENTED_EDGE('',*,*,#16070,.T.);
#16072=ORIENTED_EDGE('',*,*,#11559,.F.);
#16073=ORIENTED_EDGE('',*,*,#16056,.F.);
#16074=EDGE_LOOP('',(#16069,#16071,#16072,#16073));
#16075=FACE_OUTER_BOUND('',#16074,.F.);
#16076=ADVANCED_FACE('',(#16075),#16068,.F.);
#16077=CARTESIAN_POINT('',(-1.473999991400E2,-6.399651890161E1,
-5.907526216637E0));
#16078=DIRECTION('',(-1.E0,0.E0,0.E0));
#16079=DIRECTION('',(0.E0,0.E0,-1.E0));
#16080=AXIS2_PLACEMENT_3D('',#16077,#16078,#16079);
#16081=PLANE('',#16080);
#16082=ORIENTED_EDGE('',*,*,#10121,.T.);
#16084=ORIENTED_EDGE('',*,*,#16083,.T.);
#16085=ORIENTED_EDGE('',*,*,#11561,.F.);
#16086=ORIENTED_EDGE('',*,*,#16070,.F.);
#16087=EDGE_LOOP('',(#16082,#16084,#16085,#16086));
#16088=FACE_OUTER_BOUND('',#16087,.F.);
#16089=ADVANCED_FACE('',(#16088),#16081,.F.);
#16090=CARTESIAN_POINT('',(-1.403999991400E2,-7.099651890161E1,
-5.907526216637E0));
#16091=DIRECTION('',(0.E0,-1.E0,0.E0));
#16092=DIRECTION('',(0.E0,0.E0,1.E0));
#16093=AXIS2_PLACEMENT_3D('',#16090,#16091,#16092);
#16094=PLANE('',#16093);
#16095=ORIENTED_EDGE('',*,*,#10119,.T.);
#16096=ORIENTED_EDGE('',*,*,#16059,.T.);
#16097=ORIENTED_EDGE('',*,*,#11563,.F.);
#16098=ORIENTED_EDGE('',*,*,#16083,.F.);
#16099=EDGE_LOOP('',(#16095,#16096,#16097,#16098));
#16100=FACE_OUTER_BOUND('',#16099,.F.);
#16101=ADVANCED_FACE('',(#16100),#16094,.F.);
#16102=CARTESIAN_POINT('',(1.498000008604E2,-6.399651890312E1,
-5.907526216637E0));
#16103=DIRECTION('',(1.E0,0.E0,0.E0));
#16104=DIRECTION('',(0.E0,0.E0,1.E0));
#16105=AXIS2_PLACEMENT_3D('',#16102,#16103,#16104);
#16106=PLANE('',#16105);
#16107=ORIENTED_EDGE('',*,*,#10135,.T.);
#16109=ORIENTED_EDGE('',*,*,#16108,.T.);
#16110=ORIENTED_EDGE('',*,*,#11567,.F.);
#16112=ORIENTED_EDGE('',*,*,#16111,.F.);
#16113=EDGE_LOOP('',(#16107,#16109,#16110,#16112));
#16114=FACE_OUTER_BOUND('',#16113,.F.);
#16115=ADVANCED_FACE('',(#16114),#16106,.F.);
#16116=CARTESIAN_POINT('',(1.428000008604E2,-5.699651890312E1,
-5.907526216637E0));
#16117=DIRECTION('',(0.E0,1.E0,0.E0));
#16118=DIRECTION('',(0.E0,0.E0,-1.E0));
#16119=AXIS2_PLACEMENT_3D('',#16116,#16117,#16118);
#16120=PLANE('',#16119);
#16121=ORIENTED_EDGE('',*,*,#10133,.T.);
#16123=ORIENTED_EDGE('',*,*,#16122,.T.);
#16124=ORIENTED_EDGE('',*,*,#11569,.F.);
#16125=ORIENTED_EDGE('',*,*,#16108,.F.);
#16126=EDGE_LOOP('',(#16121,#16123,#16124,#16125));
#16127=FACE_OUTER_BOUND('',#16126,.F.);
#16128=ADVANCED_FACE('',(#16127),#16120,.F.);
#16129=CARTESIAN_POINT('',(1.358000008604E2,-6.399651890312E1,
-5.907526216637E0));
#16130=DIRECTION('',(-1.E0,0.E0,0.E0));
#16131=DIRECTION('',(0.E0,0.E0,-1.E0));
#16132=AXIS2_PLACEMENT_3D('',#16129,#16130,#16131);
#16133=PLANE('',#16132);
#16134=ORIENTED_EDGE('',*,*,#10131,.T.);
#16136=ORIENTED_EDGE('',*,*,#16135,.T.);
#16137=ORIENTED_EDGE('',*,*,#11571,.F.);
#16138=ORIENTED_EDGE('',*,*,#16122,.F.);
#16139=EDGE_LOOP('',(#16134,#16136,#16137,#16138));
#16140=FACE_OUTER_BOUND('',#16139,.F.);
#16141=ADVANCED_FACE('',(#16140),#16133,.F.);
#16142=CARTESIAN_POINT('',(1.428000008604E2,-7.099651890313E1,
-5.907526216637E0));
#16143=DIRECTION('',(0.E0,-1.E0,0.E0));
#16144=DIRECTION('',(0.E0,0.E0,1.E0));
#16145=AXIS2_PLACEMENT_3D('',#16142,#16143,#16144);
#16146=PLANE('',#16145);
#16147=ORIENTED_EDGE('',*,*,#10129,.T.);
#16148=ORIENTED_EDGE('',*,*,#16111,.T.);
#16149=ORIENTED_EDGE('',*,*,#11573,.F.);
#16150=ORIENTED_EDGE('',*,*,#16135,.F.);
#16151=EDGE_LOOP('',(#16147,#16148,#16149,#16150));
#16152=FACE_OUTER_BOUND('',#16151,.F.);
#16153=ADVANCED_FACE('',(#16152),#16146,.F.);
#16154=CARTESIAN_POINT('',(-8.819999914108E1,-6.846518901705E0,
-5.907526216637E0));
#16155=DIRECTION('',(1.E0,0.E0,0.E0));
#16156=DIRECTION('',(0.E0,0.E0,1.E0));
#16157=AXIS2_PLACEMENT_3D('',#16154,#16155,#16156);
#16158=PLANE('',#16157);
#16159=ORIENTED_EDGE('',*,*,#10145,.T.);
#16161=ORIENTED_EDGE('',*,*,#16160,.T.);
#16162=ORIENTED_EDGE('',*,*,#11577,.F.);
#16164=ORIENTED_EDGE('',*,*,#16163,.F.);
#16165=EDGE_LOOP('',(#16159,#16161,#16162,#16164));
#16166=FACE_OUTER_BOUND('',#16165,.F.);
#16167=ADVANCED_FACE('',(#16166),#16158,.F.);
#16168=CARTESIAN_POINT('',(-9.519999914108E1,1.534810982963E-1,
-5.907526216637E0));
#16169=DIRECTION('',(0.E0,1.E0,0.E0));
#16170=DIRECTION('',(0.E0,0.E0,-1.E0));
#16171=AXIS2_PLACEMENT_3D('',#16168,#16169,#16170);
#16172=PLANE('',#16171);
#16173=ORIENTED_EDGE('',*,*,#10143,.T.);
#16175=ORIENTED_EDGE('',*,*,#16174,.T.);
#16176=ORIENTED_EDGE('',*,*,#11579,.F.);
#16177=ORIENTED_EDGE('',*,*,#16160,.F.);
#16178=EDGE_LOOP('',(#16173,#16175,#16176,#16177));
#16179=FACE_OUTER_BOUND('',#16178,.F.);
#16180=ADVANCED_FACE('',(#16179),#16172,.F.);
#16181=CARTESIAN_POINT('',(-1.021999991411E2,-6.846518901705E0,
-5.907526216637E0));
#16182=DIRECTION('',(-1.E0,0.E0,0.E0));
#16183=DIRECTION('',(0.E0,0.E0,-1.E0));
#16184=AXIS2_PLACEMENT_3D('',#16181,#16182,#16183);
#16185=PLANE('',#16184);
#16186=ORIENTED_EDGE('',*,*,#10141,.T.);
#16188=ORIENTED_EDGE('',*,*,#16187,.T.);
#16189=ORIENTED_EDGE('',*,*,#11581,.F.);
#16190=ORIENTED_EDGE('',*,*,#16174,.F.);
#16191=EDGE_LOOP('',(#16186,#16188,#16189,#16190));
#16192=FACE_OUTER_BOUND('',#16191,.F.);
#16193=ADVANCED_FACE('',(#16192),#16185,.F.);
#16194=CARTESIAN_POINT('',(-9.519999914108E1,-1.384651890171E1,
-5.907526216637E0));
#16195=DIRECTION('',(0.E0,-1.E0,0.E0));
#16196=DIRECTION('',(0.E0,0.E0,1.E0));
#16197=AXIS2_PLACEMENT_3D('',#16194,#16195,#16196);
#16198=PLANE('',#16197);
#16199=ORIENTED_EDGE('',*,*,#10139,.T.);
#16200=ORIENTED_EDGE('',*,*,#16163,.T.);
#16201=ORIENTED_EDGE('',*,*,#11583,.F.);
#16202=ORIENTED_EDGE('',*,*,#16187,.F.);
#16203=EDGE_LOOP('',(#16199,#16200,#16201,#16202));
#16204=FACE_OUTER_BOUND('',#16203,.F.);
#16205=ADVANCED_FACE('',(#16204),#16198,.F.);
#16206=CARTESIAN_POINT('',(1.024375007409E2,3.605348109843E1,
-5.907526216637E0));
#16207=DIRECTION('',(1.E0,0.E0,0.E0));
#16208=DIRECTION('',(0.E0,0.E0,1.E0));
#16209=AXIS2_PLACEMENT_3D('',#16206,#16207,#16208);
#16210=PLANE('',#16209);
#16211=ORIENTED_EDGE('',*,*,#10155,.T.);
#16213=ORIENTED_EDGE('',*,*,#16212,.T.);
#16214=ORIENTED_EDGE('',*,*,#11587,.F.);
#16216=ORIENTED_EDGE('',*,*,#16215,.F.);
#16217=EDGE_LOOP('',(#16211,#16213,#16214,#16216));
#16218=FACE_OUTER_BOUND('',#16217,.F.);
#16219=ADVANCED_FACE('',(#16218),#16210,.F.);
#16220=CARTESIAN_POINT('',(9.543750074092E1,4.305348109843E1,
-5.907526216637E0));
#16221=DIRECTION('',(0.E0,1.E0,0.E0));
#16222=DIRECTION('',(0.E0,0.E0,-1.E0));
#16223=AXIS2_PLACEMENT_3D('',#16220,#16221,#16222);
#16224=PLANE('',#16223);
#16225=ORIENTED_EDGE('',*,*,#10153,.T.);
#16227=ORIENTED_EDGE('',*,*,#16226,.T.);
#16228=ORIENTED_EDGE('',*,*,#11589,.F.);
#16229=ORIENTED_EDGE('',*,*,#16212,.F.);
#16230=EDGE_LOOP('',(#16225,#16227,#16228,#16229));
#16231=FACE_OUTER_BOUND('',#16230,.F.);
#16232=ADVANCED_FACE('',(#16231),#16224,.F.);
#16233=CARTESIAN_POINT('',(8.843750074092E1,3.605348109843E1,
-5.907526216637E0));
#16234=DIRECTION('',(-1.E0,0.E0,0.E0));
#16235=DIRECTION('',(0.E0,0.E0,-1.E0));
#16236=AXIS2_PLACEMENT_3D('',#16233,#16234,#16235);
#16237=PLANE('',#16236);
#16238=ORIENTED_EDGE('',*,*,#10151,.T.);
#16240=ORIENTED_EDGE('',*,*,#16239,.T.);
#16241=ORIENTED_EDGE('',*,*,#11591,.F.);
#16242=ORIENTED_EDGE('',*,*,#16226,.F.);
#16243=EDGE_LOOP('',(#16238,#16240,#16241,#16242));
#16244=FACE_OUTER_BOUND('',#16243,.F.);
#16245=ADVANCED_FACE('',(#16244),#16237,.F.);
#16246=CARTESIAN_POINT('',(9.543750074092E1,2.905348109842E1,
-5.907526216637E0));
#16247=DIRECTION('',(0.E0,-1.E0,0.E0));
#16248=DIRECTION('',(0.E0,0.E0,1.E0));
#16249=AXIS2_PLACEMENT_3D('',#16246,#16247,#16248);
#16250=PLANE('',#16249);
#16251=ORIENTED_EDGE('',*,*,#10149,.T.);
#16252=ORIENTED_EDGE('',*,*,#16215,.T.);
#16253=ORIENTED_EDGE('',*,*,#11593,.F.);
#16254=ORIENTED_EDGE('',*,*,#16239,.F.);
#16255=EDGE_LOOP('',(#16251,#16252,#16253,#16254));
#16256=FACE_OUTER_BOUND('',#16255,.F.);
#16257=ADVANCED_FACE('',(#16256),#16250,.F.);
#16258=CARTESIAN_POINT('',(8.080000085970E1,-6.399651890161E1,
-5.907526216637E0));
#16259=DIRECTION('',(1.E0,0.E0,0.E0));
#16260=DIRECTION('',(0.E0,0.E0,1.E0));
#16261=AXIS2_PLACEMENT_3D('',#16258,#16259,#16260);
#16262=PLANE('',#16261);
#16263=ORIENTED_EDGE('',*,*,#10165,.T.);
#16265=ORIENTED_EDGE('',*,*,#16264,.T.);
#16266=ORIENTED_EDGE('',*,*,#11597,.F.);
#16268=ORIENTED_EDGE('',*,*,#16267,.F.);
#16269=EDGE_LOOP('',(#16263,#16265,#16266,#16268));
#16270=FACE_OUTER_BOUND('',#16269,.F.);
#16271=ADVANCED_FACE('',(#16270),#16262,.F.);
#16272=CARTESIAN_POINT('',(7.380000085970E1,-5.699651890161E1,
-5.907526216637E0));
#16273=DIRECTION('',(0.E0,1.E0,0.E0));
#16274=DIRECTION('',(0.E0,0.E0,-1.E0));
#16275=AXIS2_PLACEMENT_3D('',#16272,#16273,#16274);
#16276=PLANE('',#16275);
#16277=ORIENTED_EDGE('',*,*,#10163,.T.);
#16279=ORIENTED_EDGE('',*,*,#16278,.T.);
#16280=ORIENTED_EDGE('',*,*,#11599,.F.);
#16281=ORIENTED_EDGE('',*,*,#16264,.F.);
#16282=EDGE_LOOP('',(#16277,#16279,#16280,#16281));
#16283=FACE_OUTER_BOUND('',#16282,.F.);
#16284=ADVANCED_FACE('',(#16283),#16276,.F.);
#16285=CARTESIAN_POINT('',(6.680000085970E1,-6.399651890161E1,
-5.907526216637E0));
#16286=DIRECTION('',(-1.E0,0.E0,0.E0));
#16287=DIRECTION('',(0.E0,0.E0,-1.E0));
#16288=AXIS2_PLACEMENT_3D('',#16285,#16286,#16287);
#16289=PLANE('',#16288);
#16290=ORIENTED_EDGE('',*,*,#10161,.T.);
#16292=ORIENTED_EDGE('',*,*,#16291,.T.);
#16293=ORIENTED_EDGE('',*,*,#11601,.F.);
#16294=ORIENTED_EDGE('',*,*,#16278,.F.);
#16295=EDGE_LOOP('',(#16290,#16292,#16293,#16294));
#16296=FACE_OUTER_BOUND('',#16295,.F.);
#16297=ADVANCED_FACE('',(#16296),#16289,.F.);
#16298=CARTESIAN_POINT('',(7.380000085970E1,-7.099651890161E1,
-5.907526216637E0));
#16299=DIRECTION('',(0.E0,-1.E0,0.E0));
#16300=DIRECTION('',(0.E0,0.E0,1.E0));
#16301=AXIS2_PLACEMENT_3D('',#16298,#16299,#16300);
#16302=PLANE('',#16301);
#16303=ORIENTED_EDGE('',*,*,#10159,.T.);
#16304=ORIENTED_EDGE('',*,*,#16267,.T.);
#16305=ORIENTED_EDGE('',*,*,#11603,.F.);
#16306=ORIENTED_EDGE('',*,*,#16291,.F.);
#16307=EDGE_LOOP('',(#16303,#16304,#16305,#16306));
#16308=FACE_OUTER_BOUND('',#16307,.F.);
#16309=ADVANCED_FACE('',(#16308),#16302,.F.);
#16310=CARTESIAN_POINT('',(-8.569999913996E1,-6.399651890161E1,
-5.907526216637E0));
#16311=DIRECTION('',(1.E0,0.E0,0.E0));
#16312=DIRECTION('',(0.E0,0.E0,1.E0));
#16313=AXIS2_PLACEMENT_3D('',#16310,#16311,#16312);
#16314=PLANE('',#16313);
#16315=ORIENTED_EDGE('',*,*,#10175,.T.);
#16317=ORIENTED_EDGE('',*,*,#16316,.T.);
#16318=ORIENTED_EDGE('',*,*,#11607,.F.);
#16320=ORIENTED_EDGE('',*,*,#16319,.F.);
#16321=EDGE_LOOP('',(#16315,#16317,#16318,#16320));
#16322=FACE_OUTER_BOUND('',#16321,.F.);
#16323=ADVANCED_FACE('',(#16322),#16314,.F.);
#16324=CARTESIAN_POINT('',(-9.269999913996E1,-5.699651890161E1,
-5.907526216637E0));
#16325=DIRECTION('',(0.E0,1.E0,0.E0));
#16326=DIRECTION('',(0.E0,0.E0,-1.E0));
#16327=AXIS2_PLACEMENT_3D('',#16324,#16325,#16326);
#16328=PLANE('',#16327);
#16329=ORIENTED_EDGE('',*,*,#10173,.T.);
#16331=ORIENTED_EDGE('',*,*,#16330,.T.);
#16332=ORIENTED_EDGE('',*,*,#11609,.F.);
#16333=ORIENTED_EDGE('',*,*,#16316,.F.);
#16334=EDGE_LOOP('',(#16329,#16331,#16332,#16333));
#16335=FACE_OUTER_BOUND('',#16334,.F.);
#16336=ADVANCED_FACE('',(#16335),#16328,.F.);
#16337=CARTESIAN_POINT('',(-9.969999913996E1,-6.399651890161E1,
-5.907526216637E0));
#16338=DIRECTION('',(-1.E0,0.E0,0.E0));
#16339=DIRECTION('',(0.E0,0.E0,-1.E0));
#16340=AXIS2_PLACEMENT_3D('',#16337,#16338,#16339);
#16341=PLANE('',#16340);
#16342=ORIENTED_EDGE('',*,*,#10171,.T.);
#16344=ORIENTED_EDGE('',*,*,#16343,.T.);
#16345=ORIENTED_EDGE('',*,*,#11611,.F.);
#16346=ORIENTED_EDGE('',*,*,#16330,.F.);
#16347=EDGE_LOOP('',(#16342,#16344,#16345,#16346));
#16348=FACE_OUTER_BOUND('',#16347,.F.);
#16349=ADVANCED_FACE('',(#16348),#16341,.F.);
#16350=CARTESIAN_POINT('',(-9.269999913996E1,-7.099651890161E1,
-5.907526216637E0));
#16351=DIRECTION('',(0.E0,-1.E0,0.E0));
#16352=DIRECTION('',(0.E0,0.E0,1.E0));
#16353=AXIS2_PLACEMENT_3D('',#16350,#16351,#16352);
#16354=PLANE('',#16353);
#16355=ORIENTED_EDGE('',*,*,#10169,.T.);
#16356=ORIENTED_EDGE('',*,*,#16319,.T.);
#16357=ORIENTED_EDGE('',*,*,#11613,.F.);
#16358=ORIENTED_EDGE('',*,*,#16343,.F.);
#16359=EDGE_LOOP('',(#16355,#16356,#16357,#16358));
#16360=FACE_OUTER_BOUND('',#16359,.F.);
#16361=ADVANCED_FACE('',(#16360),#16354,.F.);
#16362=CARTESIAN_POINT('',(2.300000860440E0,-4.494651890312E1,
-5.907526216637E0));
#16363=DIRECTION('',(1.E0,0.E0,0.E0));
#16364=DIRECTION('',(0.E0,0.E0,1.E0));
#16365=AXIS2_PLACEMENT_3D('',#16362,#16363,#16364);
#16366=PLANE('',#16365);
#16367=ORIENTED_EDGE('',*,*,#10185,.T.);
#16369=ORIENTED_EDGE('',*,*,#16368,.T.);
#16370=ORIENTED_EDGE('',*,*,#11617,.F.);
#16372=ORIENTED_EDGE('',*,*,#16371,.F.);
#16373=EDGE_LOOP('',(#16367,#16369,#16370,#16372));
#16374=FACE_OUTER_BOUND('',#16373,.F.);
#16375=ADVANCED_FACE('',(#16374),#16366,.F.);
#16376=CARTESIAN_POINT('',(-4.699999139560E0,-3.794651890312E1,
-5.907526216637E0));
#16377=DIRECTION('',(0.E0,1.E0,0.E0));
#16378=DIRECTION('',(0.E0,0.E0,-1.E0));
#16379=AXIS2_PLACEMENT_3D('',#16376,#16377,#16378);
#16380=PLANE('',#16379);
#16381=ORIENTED_EDGE('',*,*,#10183,.T.);
#16383=ORIENTED_EDGE('',*,*,#16382,.T.);
#16384=ORIENTED_EDGE('',*,*,#11619,.F.);
#16385=ORIENTED_EDGE('',*,*,#16368,.F.);
#16386=EDGE_LOOP('',(#16381,#16383,#16384,#16385));
#16387=FACE_OUTER_BOUND('',#16386,.F.);
#16388=ADVANCED_FACE('',(#16387),#16380,.F.);
#16389=CARTESIAN_POINT('',(-1.169999913956E1,-4.494651890312E1,
-5.907526216637E0));
#16390=DIRECTION('',(-1.E0,0.E0,0.E0));
#16391=DIRECTION('',(0.E0,0.E0,-1.E0));
#16392=AXIS2_PLACEMENT_3D('',#16389,#16390,#16391);
#16393=PLANE('',#16392);
#16394=ORIENTED_EDGE('',*,*,#10181,.T.);
#16396=ORIENTED_EDGE('',*,*,#16395,.T.);
#16397=ORIENTED_EDGE('',*,*,#11621,.F.);
#16398=ORIENTED_EDGE('',*,*,#16382,.F.);
#16399=EDGE_LOOP('',(#16394,#16396,#16397,#16398));
#16400=FACE_OUTER_BOUND('',#16399,.F.);
#16401=ADVANCED_FACE('',(#16400),#16393,.F.);
#16402=CARTESIAN_POINT('',(-4.699999139560E0,-5.194651890313E1,
-5.907526216637E0));
#16403=DIRECTION('',(0.E0,-1.E0,0.E0));
#16404=DIRECTION('',(0.E0,0.E0,1.E0));
#16405=AXIS2_PLACEMENT_3D('',#16402,#16403,#16404);
#16406=PLANE('',#16405);
#16407=ORIENTED_EDGE('',*,*,#10179,.T.);
#16408=ORIENTED_EDGE('',*,*,#16371,.T.);
#16409=ORIENTED_EDGE('',*,*,#11623,.F.);
#16410=ORIENTED_EDGE('',*,*,#16395,.F.);
#16411=EDGE_LOOP('',(#16407,#16408,#16409,#16410));
#16412=FACE_OUTER_BOUND('',#16411,.F.);
#16413=ADVANCED_FACE('',(#16412),#16406,.F.);
#16414=CARTESIAN_POINT('',(1.261250008593E2,-6.846518901585E0,
-5.907526216637E0));
#16415=DIRECTION('',(1.E0,0.E0,0.E0));
#16416=DIRECTION('',(0.E0,0.E0,1.E0));
#16417=AXIS2_PLACEMENT_3D('',#16414,#16415,#16416);
#16418=PLANE('',#16417);
#16419=ORIENTED_EDGE('',*,*,#10195,.T.);
#16421=ORIENTED_EDGE('',*,*,#16420,.T.);
#16422=ORIENTED_EDGE('',*,*,#11627,.F.);
#16424=ORIENTED_EDGE('',*,*,#16423,.F.);
#16425=EDGE_LOOP('',(#16419,#16421,#16422,#16424));
#16426=FACE_OUTER_BOUND('',#16425,.F.);
#16427=ADVANCED_FACE('',(#16426),#16418,.F.);
#16428=CARTESIAN_POINT('',(1.191250008593E2,1.534810984163E-1,
-5.907526216637E0));
#16429=DIRECTION('',(0.E0,1.E0,0.E0));
#16430=DIRECTION('',(0.E0,0.E0,-1.E0));
#16431=AXIS2_PLACEMENT_3D('',#16428,#16429,#16430);
#16432=PLANE('',#16431);
#16433=ORIENTED_EDGE('',*,*,#10193,.T.);
#16435=ORIENTED_EDGE('',*,*,#16434,.T.);
#16436=ORIENTED_EDGE('',*,*,#11629,.F.);
#16437=ORIENTED_EDGE('',*,*,#16420,.F.);
#16438=EDGE_LOOP('',(#16433,#16435,#16436,#16437));
#16439=FACE_OUTER_BOUND('',#16438,.F.);
#16440=ADVANCED_FACE('',(#16439),#16432,.F.);
#16441=CARTESIAN_POINT('',(1.121250008593E2,-6.846518901585E0,
-5.907526216637E0));
#16442=DIRECTION('',(-1.E0,0.E0,0.E0));
#16443=DIRECTION('',(0.E0,0.E0,-1.E0));
#16444=AXIS2_PLACEMENT_3D('',#16441,#16442,#16443);
#16445=PLANE('',#16444);
#16446=ORIENTED_EDGE('',*,*,#10191,.T.);
#16448=ORIENTED_EDGE('',*,*,#16447,.T.);
#16449=ORIENTED_EDGE('',*,*,#11631,.F.);
#16450=ORIENTED_EDGE('',*,*,#16434,.F.);
#16451=EDGE_LOOP('',(#16446,#16448,#16449,#16450));
#16452=FACE_OUTER_BOUND('',#16451,.F.);
#16453=ADVANCED_FACE('',(#16452),#16445,.F.);
#16454=CARTESIAN_POINT('',(1.191250008593E2,-1.384651890159E1,
-5.907526216637E0));
#16455=DIRECTION('',(0.E0,-1.E0,0.E0));
#16456=DIRECTION('',(0.E0,0.E0,1.E0));
#16457=AXIS2_PLACEMENT_3D('',#16454,#16455,#16456);
#16458=PLANE('',#16457);
#16459=ORIENTED_EDGE('',*,*,#10189,.T.);
#16460=ORIENTED_EDGE('',*,*,#16423,.T.);
#16461=ORIENTED_EDGE('',*,*,#11633,.F.);
#16462=ORIENTED_EDGE('',*,*,#16447,.F.);
#16463=EDGE_LOOP('',(#16459,#16460,#16461,#16462));
#16464=FACE_OUTER_BOUND('',#16463,.F.);
#16465=ADVANCED_FACE('',(#16464),#16458,.F.);
#16466=CARTESIAN_POINT('',(1.230500007679E2,6.178481099763E0,
-7.707526216634E0));
#16467=DIRECTION('',(-1.E0,0.E0,0.E0));
#16468=DIRECTION('',(0.E0,1.E0,0.E0));
#16469=AXIS2_PLACEMENT_3D('',#16466,#16467,#16468);
#16470=PLANE('',#16469);
#16471=ORIENTED_EDGE('',*,*,#10425,.T.);
#16473=ORIENTED_EDGE('',*,*,#16472,.T.);
#16474=ORIENTED_EDGE('',*,*,#11637,.F.);
#16476=ORIENTED_EDGE('',*,*,#16475,.F.);
#16477=EDGE_LOOP('',(#16471,#16473,#16474,#16476));
#16478=FACE_OUTER_BOUND('',#16477,.F.);
#16479=ADVANCED_FACE('',(#16478),#16470,.F.);
#16480=CARTESIAN_POINT('',(1.230500007679E2,5.438442582464E0,
-7.707526216634E0));
#16481=DIRECTION('',(0.E0,-1.E0,0.E0));
#16482=DIRECTION('',(-1.E0,0.E0,0.E0));
#16483=AXIS2_PLACEMENT_3D('',#16480,#16481,#16482);
#16484=PLANE('',#16483);
#16485=ORIENTED_EDGE('',*,*,#10423,.T.);
#16487=ORIENTED_EDGE('',*,*,#16486,.T.);
#16488=ORIENTED_EDGE('',*,*,#11639,.F.);
#16489=ORIENTED_EDGE('',*,*,#16472,.F.);
#16490=EDGE_LOOP('',(#16485,#16487,#16488,#16489));
#16491=FACE_OUTER_BOUND('',#16490,.F.);
#16492=ADVANCED_FACE('',(#16491),#16484,.F.);
#16493=CARTESIAN_POINT('',(1.248215428208E2,4.688284100732E0,
-9.207526216633E0));
#16494=DIRECTION('',(-1.E0,0.E0,0.E0));
#16495=DIRECTION('',(0.E0,0.E0,-1.E0));
#16496=AXIS2_PLACEMENT_3D('',#16493,#16494,#16495);
#16497=PLANE('',#16496);
#16498=ORIENTED_EDGE('',*,*,#10421,.T.);
#16500=ORIENTED_EDGE('',*,*,#16499,.T.);
#16501=ORIENTED_EDGE('',*,*,#11641,.F.);
#16502=ORIENTED_EDGE('',*,*,#16486,.F.);
#16503=EDGE_LOOP('',(#16498,#16500,#16501,#16502));
#16504=FACE_OUTER_BOUND('',#16503,.F.);
#16505=ADVANCED_FACE('',(#16504),#16497,.F.);
#16506=CARTESIAN_POINT('',(1.143750008561E2,3.938125531523E0,
-9.207526216637E0));
#16507=DIRECTION('',(0.E0,-1.E0,0.E0));
#16508=DIRECTION('',(0.E0,0.E0,1.E0));
#16509=AXIS2_PLACEMENT_3D('',#16506,#16507,#16508);
#16510=PLANE('',#16509);
#16511=ORIENTED_EDGE('',*,*,#10419,.T.);
#16513=ORIENTED_EDGE('',*,*,#16512,.T.);
#16514=ORIENTED_EDGE('',*,*,#11643,.F.);
#16515=ORIENTED_EDGE('',*,*,#16499,.F.);
#16516=EDGE_LOOP('',(#16511,#16513,#16514,#16515));
#16517=FACE_OUTER_BOUND('',#16516,.F.);
#16518=ADVANCED_FACE('',(#16517),#16510,.F.);
#16519=CARTESIAN_POINT('',(1.279274993155E2,4.688284100732E0,
-9.207526216633E0));
#16520=DIRECTION('',(1.E0,0.E0,0.E0));
#16521=DIRECTION('',(0.E0,0.E0,1.E0));
#16522=AXIS2_PLACEMENT_3D('',#16519,#16520,#16521);
#16523=PLANE('',#16522);
#16524=ORIENTED_EDGE('',*,*,#10417,.T.);
#16526=ORIENTED_EDGE('',*,*,#16525,.T.);
#16527=ORIENTED_EDGE('',*,*,#11645,.F.);
#16528=ORIENTED_EDGE('',*,*,#16512,.F.);
#16529=EDGE_LOOP('',(#16524,#16526,#16527,#16528));
#16530=FACE_OUTER_BOUND('',#16529,.F.);
#16531=ADVANCED_FACE('',(#16530),#16523,.F.);
#16532=CARTESIAN_POINT('',(1.279250008553E2,5.438442582464E0,
-7.707526216634E0));
#16533=DIRECTION('',(0.E0,-1.E0,0.E0));
#16534=DIRECTION('',(-1.E0,0.E0,0.E0));
#16535=AXIS2_PLACEMENT_3D('',#16532,#16533,#16534);
#16536=PLANE('',#16535);
#16537=ORIENTED_EDGE('',*,*,#10415,.T.);
#16539=ORIENTED_EDGE('',*,*,#16538,.T.);
#16540=ORIENTED_EDGE('',*,*,#11647,.F.);
#16541=ORIENTED_EDGE('',*,*,#16525,.F.);
#16542=EDGE_LOOP('',(#16537,#16539,#16540,#16541));
#16543=FACE_OUTER_BOUND('',#16542,.F.);
#16544=ADVANCED_FACE('',(#16543),#16536,.F.);
#16545=CARTESIAN_POINT('',(1.297000008588E2,5.438442582464E0,
-7.707526216634E0));
#16546=DIRECTION('',(1.E0,0.E0,0.E0));
#16547=DIRECTION('',(0.E0,-1.E0,0.E0));
#16548=AXIS2_PLACEMENT_3D('',#16545,#16546,#16547);
#16549=PLANE('',#16548);
#16550=ORIENTED_EDGE('',*,*,#10413,.T.);
#16552=ORIENTED_EDGE('',*,*,#16551,.T.);
#16553=ORIENTED_EDGE('',*,*,#11649,.F.);
#16554=ORIENTED_EDGE('',*,*,#16538,.F.);
#16555=EDGE_LOOP('',(#16550,#16552,#16553,#16554));
#16556=FACE_OUTER_BOUND('',#16555,.F.);
#16557=ADVANCED_FACE('',(#16556),#16549,.F.);
#16558=CARTESIAN_POINT('',(1.297000008588E2,1.193844257706E1,
-7.707526216634E0));
#16559=DIRECTION('',(0.E0,-1.E0,0.E0));
#16560=DIRECTION('',(-1.E0,0.E0,0.E0));
#16561=AXIS2_PLACEMENT_3D('',#16558,#16559,#16560);
#16562=PLANE('',#16561);
#16563=ORIENTED_EDGE('',*,*,#10411,.T.);
#16565=ORIENTED_EDGE('',*,*,#16564,.T.);
#16566=ORIENTED_EDGE('',*,*,#11651,.F.);
#16567=ORIENTED_EDGE('',*,*,#16551,.F.);
#16568=EDGE_LOOP('',(#16563,#16565,#16566,#16567));
#16569=FACE_OUTER_BOUND('',#16568,.F.);
#16570=ADVANCED_FACE('',(#16569),#16562,.F.);
#16571=CARTESIAN_POINT('',(1.306000008571E2,1.157080331434E1,
-9.207526216637E0));
#16572=DIRECTION('',(1.E0,0.E0,0.E0));
#16573=DIRECTION('',(0.E0,0.E0,1.E0));
#16574=AXIS2_PLACEMENT_3D('',#16571,#16572,#16573);
#16575=PLANE('',#16574);
#16576=ORIENTED_EDGE('',*,*,#10409,.T.);
#16578=ORIENTED_EDGE('',*,*,#16577,.T.);
#16579=ORIENTED_EDGE('',*,*,#11653,.F.);
#16580=ORIENTED_EDGE('',*,*,#16564,.F.);
#16581=EDGE_LOOP('',(#16576,#16578,#16579,#16580));
#16582=FACE_OUTER_BOUND('',#16581,.F.);
#16583=ADVANCED_FACE('',(#16582),#16575,.F.);
#16584=CARTESIAN_POINT('',(1.306000008571E2,1.438844257926E1,
-7.707526216634E0));
#16585=DIRECTION('',(0.E0,1.E0,0.E0));
#16586=DIRECTION('',(1.E0,0.E0,0.E0));
#16587=AXIS2_PLACEMENT_3D('',#16584,#16585,#16586);
#16588=PLANE('',#16587);
#16589=ORIENTED_EDGE('',*,*,#10407,.T.);
#16591=ORIENTED_EDGE('',*,*,#16590,.T.);
#16592=ORIENTED_EDGE('',*,*,#11655,.F.);
#16593=ORIENTED_EDGE('',*,*,#16577,.F.);
#16594=EDGE_LOOP('',(#16589,#16591,#16592,#16593));
#16595=FACE_OUTER_BOUND('',#16594,.F.);
#16596=ADVANCED_FACE('',(#16595),#16588,.F.);
#16597=CARTESIAN_POINT('',(1.297000008588E2,1.438844257926E1,
-7.707526216634E0));
#16598=DIRECTION('',(1.E0,0.E0,0.E0));
#16599=DIRECTION('',(0.E0,-1.E0,0.E0));
#16600=AXIS2_PLACEMENT_3D('',#16597,#16598,#16599);
#16601=PLANE('',#16600);
#16602=ORIENTED_EDGE('',*,*,#10405,.T.);
#16604=ORIENTED_EDGE('',*,*,#16603,.T.);
#16605=ORIENTED_EDGE('',*,*,#11657,.F.);
#16606=ORIENTED_EDGE('',*,*,#16590,.F.);
#16607=EDGE_LOOP('',(#16602,#16604,#16605,#16606));
#16608=FACE_OUTER_BOUND('',#16607,.F.);
#16609=ADVANCED_FACE('',(#16608),#16601,.F.);
#16610=CARTESIAN_POINT('',(1.297000008588E2,1.763844258416E1,
-7.707526216634E0));
#16611=DIRECTION('',(0.E0,1.E0,0.E0));
#16612=DIRECTION('',(1.E0,0.E0,0.E0));
#16613=AXIS2_PLACEMENT_3D('',#16610,#16611,#16612);
#16614=PLANE('',#16613);
#16615=ORIENTED_EDGE('',*,*,#10403,.T.);
#16617=ORIENTED_EDGE('',*,*,#16616,.T.);
#16618=ORIENTED_EDGE('',*,*,#11659,.F.);
#16619=ORIENTED_EDGE('',*,*,#16603,.F.);
#16620=EDGE_LOOP('',(#16615,#16617,#16618,#16619));
#16621=FACE_OUTER_BOUND('',#16620,.F.);
#16622=ADVANCED_FACE('',(#16621),#16614,.F.);
#16623=CARTESIAN_POINT('',(1.230500001177E2,1.763844258416E1,
-7.707526216634E0));
#16624=DIRECTION('',(-1.E0,0.E0,0.E0));
#16625=DIRECTION('',(0.E0,1.E0,0.E0));
#16626=AXIS2_PLACEMENT_3D('',#16623,#16624,#16625);
#16627=PLANE('',#16626);
#16628=ORIENTED_EDGE('',*,*,#10401,.T.);
#16630=ORIENTED_EDGE('',*,*,#16629,.T.);
#16631=ORIENTED_EDGE('',*,*,#11661,.F.);
#16632=ORIENTED_EDGE('',*,*,#16616,.F.);
#16633=EDGE_LOOP('',(#16628,#16630,#16631,#16632));
#16634=FACE_OUTER_BOUND('',#16633,.F.);
#16635=ADVANCED_FACE('',(#16634),#16627,.F.);
#16636=CARTESIAN_POINT('',(1.230500001177E2,1.438844256906E1,
-7.707526216634E0));
#16637=DIRECTION('',(0.E0,1.E0,0.E0));
#16638=DIRECTION('',(1.E0,0.E0,0.E0));
#16639=AXIS2_PLACEMENT_3D('',#16636,#16637,#16638);
#16640=PLANE('',#16639);
#16641=ORIENTED_EDGE('',*,*,#10399,.T.);
#16643=ORIENTED_EDGE('',*,*,#16642,.T.);
#16644=ORIENTED_EDGE('',*,*,#11663,.F.);
#16645=ORIENTED_EDGE('',*,*,#16629,.F.);
#16646=EDGE_LOOP('',(#16641,#16643,#16644,#16645));
#16647=FACE_OUTER_BOUND('',#16646,.F.);
#16648=ADVANCED_FACE('',(#16647),#16640,.F.);
#16649=CARTESIAN_POINT('',(1.213750008598E2,1.220348109716E1,
-5.907526216637E0));
#16650=DIRECTION('',(1.E0,0.E0,0.E0));
#16651=DIRECTION('',(0.E0,0.E0,1.E0));
#16652=AXIS2_PLACEMENT_3D('',#16649,#16650,#16651);
#16653=PLANE('',#16652);
#16654=ORIENTED_EDGE('',*,*,#16642,.F.);
#16655=ORIENTED_EDGE('',*,*,#10397,.T.);
#16657=ORIENTED_EDGE('',*,*,#16656,.T.);
#16658=ORIENTED_EDGE('',*,*,#11665,.F.);
#16659=EDGE_LOOP('',(#16654,#16655,#16657,#16658));
#16660=FACE_OUTER_BOUND('',#16659,.F.);
#16661=ADVANCED_FACE('',(#16660),#16653,.F.);
#16662=CARTESIAN_POINT('',(1.143750008598E2,1.920348109716E1,
-5.907526216637E0));
#16663=DIRECTION('',(0.E0,1.E0,0.E0));
#16664=DIRECTION('',(0.E0,0.E0,-1.E0));
#16665=AXIS2_PLACEMENT_3D('',#16662,#16663,#16664);
#16666=PLANE('',#16665);
#16667=ORIENTED_EDGE('',*,*,#10395,.T.);
#16669=ORIENTED_EDGE('',*,*,#16668,.T.);
#16670=ORIENTED_EDGE('',*,*,#11667,.F.);
#16671=ORIENTED_EDGE('',*,*,#16656,.F.);
#16672=EDGE_LOOP('',(#16667,#16669,#16670,#16671));
#16673=FACE_OUTER_BOUND('',#16672,.F.);
#16674=ADVANCED_FACE('',(#16673),#16666,.F.);
#16675=CARTESIAN_POINT('',(1.073750008598E2,1.220348109716E1,
-5.907526216637E0));
#16676=DIRECTION('',(-1.E0,0.E0,0.E0));
#16677=DIRECTION('',(0.E0,0.E0,-1.E0));
#16678=AXIS2_PLACEMENT_3D('',#16675,#16676,#16677);
#16679=PLANE('',#16678);
#16681=ORIENTED_EDGE('',*,*,#16680,.F.);
#16682=ORIENTED_EDGE('',*,*,#11669,.F.);
#16683=ORIENTED_EDGE('',*,*,#16668,.F.);
#16684=ORIENTED_EDGE('',*,*,#10393,.T.);
#16685=EDGE_LOOP('',(#16681,#16682,#16683,#16684));
#16686=FACE_OUTER_BOUND('',#16685,.F.);
#16687=ADVANCED_FACE('',(#16686),#16679,.F.);
#16688=CARTESIAN_POINT('',(1.074000008539E2,1.438844256146E1,
-7.707526216634E0));
#16689=DIRECTION('',(0.E0,1.E0,0.E0));
#16690=DIRECTION('',(1.E0,0.E0,0.E0));
#16691=AXIS2_PLACEMENT_3D('',#16688,#16689,#16690);
#16692=PLANE('',#16691);
#16693=ORIENTED_EDGE('',*,*,#10391,.T.);
#16695=ORIENTED_EDGE('',*,*,#16694,.T.);
#16696=ORIENTED_EDGE('',*,*,#11671,.F.);
#16697=ORIENTED_EDGE('',*,*,#16680,.T.);
#16698=EDGE_LOOP('',(#16693,#16695,#16696,#16697));
#16699=FACE_OUTER_BOUND('',#16698,.F.);
#16700=ADVANCED_FACE('',(#16699),#16692,.F.);
#16701=CARTESIAN_POINT('',(1.057000001238E2,1.438844256146E1,
-7.707526216634E0));
#16702=DIRECTION('',(1.E0,0.E0,0.E0));
#16703=DIRECTION('',(0.E0,-1.E0,0.E0));
#16704=AXIS2_PLACEMENT_3D('',#16701,#16702,#16703);
#16705=PLANE('',#16704);
#16706=ORIENTED_EDGE('',*,*,#10389,.T.);
#16708=ORIENTED_EDGE('',*,*,#16707,.T.);
#16709=ORIENTED_EDGE('',*,*,#11673,.F.);
#16710=ORIENTED_EDGE('',*,*,#16694,.F.);
#16711=EDGE_LOOP('',(#16706,#16708,#16709,#16710));
#16712=FACE_OUTER_BOUND('',#16711,.F.);
#16713=ADVANCED_FACE('',(#16712),#16705,.F.);
#16714=CARTESIAN_POINT('',(1.057000001238E2,1.763844256646E1,
-7.707526216634E0));
#16715=DIRECTION('',(0.E0,1.E0,0.E0));
#16716=DIRECTION('',(1.E0,0.E0,0.E0));
#16717=AXIS2_PLACEMENT_3D('',#16714,#16715,#16716);
#16718=PLANE('',#16717);
#16719=ORIENTED_EDGE('',*,*,#10387,.T.);
#16721=ORIENTED_EDGE('',*,*,#16720,.T.);
#16722=ORIENTED_EDGE('',*,*,#11675,.F.);
#16723=ORIENTED_EDGE('',*,*,#16707,.F.);
#16724=EDGE_LOOP('',(#16719,#16721,#16722,#16723));
#16725=FACE_OUTER_BOUND('',#16724,.F.);
#16726=ADVANCED_FACE('',(#16725),#16718,.F.);
#16727=CARTESIAN_POINT('',(9.905000086100E1,1.763844256646E1,
-7.707526216634E0));
#16728=DIRECTION('',(-1.E0,0.E0,0.E0));
#16729=DIRECTION('',(0.E0,1.E0,0.E0));
#16730=AXIS2_PLACEMENT_3D('',#16727,#16728,#16729);
#16731=PLANE('',#16730);
#16732=ORIENTED_EDGE('',*,*,#10385,.T.);
#16734=ORIENTED_EDGE('',*,*,#16733,.T.);
#16735=ORIENTED_EDGE('',*,*,#11677,.F.);
#16736=ORIENTED_EDGE('',*,*,#16720,.F.);
#16737=EDGE_LOOP('',(#16732,#16734,#16735,#16736));
#16738=FACE_OUTER_BOUND('',#16737,.F.);
#16739=ADVANCED_FACE('',(#16738),#16731,.F.);
#16740=CARTESIAN_POINT('',(9.905000086100E1,1.438844256146E1,
-7.707526216634E0));
#16741=DIRECTION('',(0.E0,1.E0,0.E0));
#16742=DIRECTION('',(1.E0,0.E0,0.E0));
#16743=AXIS2_PLACEMENT_3D('',#16740,#16741,#16742);
#16744=PLANE('',#16743);
#16745=ORIENTED_EDGE('',*,*,#10383,.T.);
#16747=ORIENTED_EDGE('',*,*,#16746,.T.);
#16748=ORIENTED_EDGE('',*,*,#11679,.F.);
#16749=ORIENTED_EDGE('',*,*,#16733,.F.);
#16750=EDGE_LOOP('',(#16745,#16747,#16748,#16749));
#16751=FACE_OUTER_BOUND('',#16750,.F.);
#16752=ADVANCED_FACE('',(#16751),#16744,.F.);
#16753=CARTESIAN_POINT('',(9.815000085500E1,1.157080331434E1,
-9.207526216637E0));
#16754=DIRECTION('',(-1.E0,0.E0,0.E0));
#16755=DIRECTION('',(0.E0,0.E0,-1.E0));
#16756=AXIS2_PLACEMENT_3D('',#16753,#16754,#16755);
#16757=PLANE('',#16756);
#16758=ORIENTED_EDGE('',*,*,#10381,.T.);
#16760=ORIENTED_EDGE('',*,*,#16759,.T.);
#16761=ORIENTED_EDGE('',*,*,#11681,.F.);
#16762=ORIENTED_EDGE('',*,*,#16746,.F.);
#16763=EDGE_LOOP('',(#16758,#16760,#16761,#16762));
#16764=FACE_OUTER_BOUND('',#16763,.F.);
#16765=ADVANCED_FACE('',(#16764),#16757,.F.);
#16766=CARTESIAN_POINT('',(9.815000085500E1,1.193844255926E1,
-7.707526216634E0));
#16767=DIRECTION('',(0.E0,-1.E0,0.E0));
#16768=DIRECTION('',(-1.E0,0.E0,0.E0));
#16769=AXIS2_PLACEMENT_3D('',#16766,#16767,#16768);
#16770=PLANE('',#16769);
#16771=ORIENTED_EDGE('',*,*,#10379,.T.);
#16773=ORIENTED_EDGE('',*,*,#16772,.T.);
#16774=ORIENTED_EDGE('',*,*,#11683,.F.);
#16775=ORIENTED_EDGE('',*,*,#16759,.F.);
#16776=EDGE_LOOP('',(#16771,#16773,#16774,#16775));
#16777=FACE_OUTER_BOUND('',#16776,.F.);
#16778=ADVANCED_FACE('',(#16777),#16770,.F.);
#16779=CARTESIAN_POINT('',(9.905000086100E1,1.193844255926E1,
-7.707526216634E0));
#16780=DIRECTION('',(-1.E0,0.E0,0.E0));
#16781=DIRECTION('',(0.E0,1.E0,0.E0));
#16782=AXIS2_PLACEMENT_3D('',#16779,#16780,#16781);
#16783=PLANE('',#16782);
#16784=ORIENTED_EDGE('',*,*,#10377,.T.);
#16786=ORIENTED_EDGE('',*,*,#16785,.T.);
#16787=ORIENTED_EDGE('',*,*,#11685,.F.);
#16788=ORIENTED_EDGE('',*,*,#16772,.F.);
#16789=EDGE_LOOP('',(#16784,#16786,#16787,#16788));
#16790=FACE_OUTER_BOUND('',#16789,.F.);
#16791=ADVANCED_FACE('',(#16790),#16783,.F.);
#16792=CARTESIAN_POINT('',(9.905000086100E1,5.438442564663E0,
-7.707526216634E0));
#16793=DIRECTION('',(0.E0,-1.E0,0.E0));
#16794=DIRECTION('',(-1.E0,0.E0,0.E0));
#16795=AXIS2_PLACEMENT_3D('',#16792,#16793,#16794);
#16796=PLANE('',#16795);
#16797=ORIENTED_EDGE('',*,*,#10375,.T.);
#16799=ORIENTED_EDGE('',*,*,#16798,.T.);
#16800=ORIENTED_EDGE('',*,*,#11687,.F.);
#16801=ORIENTED_EDGE('',*,*,#16785,.F.);
#16802=EDGE_LOOP('',(#16797,#16799,#16800,#16801));
#16803=FACE_OUTER_BOUND('',#16802,.F.);
#16804=ADVANCED_FACE('',(#16803),#16796,.F.);
#16805=CARTESIAN_POINT('',(1.008215428222E2,4.688284084206E0,
-9.207526216633E0));
#16806=DIRECTION('',(-1.E0,0.E0,0.E0));
#16807=DIRECTION('',(0.E0,0.E0,-1.E0));
#16808=AXIS2_PLACEMENT_3D('',#16805,#16806,#16807);
#16809=PLANE('',#16808);
#16810=ORIENTED_EDGE('',*,*,#10373,.T.);
#16812=ORIENTED_EDGE('',*,*,#16811,.T.);
#16813=ORIENTED_EDGE('',*,*,#11689,.F.);
#16814=ORIENTED_EDGE('',*,*,#16798,.F.);
#16815=EDGE_LOOP('',(#16810,#16812,#16813,#16814));
#16816=FACE_OUTER_BOUND('',#16815,.F.);
#16817=ADVANCED_FACE('',(#16816),#16809,.F.);
#16818=CARTESIAN_POINT('',(1.143750008561E2,3.938125531523E0,
-9.207526216637E0));
#16819=DIRECTION('',(0.E0,-1.E0,0.E0));
#16820=DIRECTION('',(0.E0,0.E0,1.E0));
#16821=AXIS2_PLACEMENT_3D('',#16818,#16819,#16820);
#16822=PLANE('',#16821);
#16823=ORIENTED_EDGE('',*,*,#10371,.T.);
#16825=ORIENTED_EDGE('',*,*,#16824,.T.);
#16826=ORIENTED_EDGE('',*,*,#11691,.F.);
#16827=ORIENTED_EDGE('',*,*,#16811,.F.);
#16828=EDGE_LOOP('',(#16823,#16825,#16826,#16827));
#16829=FACE_OUTER_BOUND('',#16828,.F.);
#16830=ADVANCED_FACE('',(#16829),#16822,.F.);
#16831=CARTESIAN_POINT('',(1.039274993171E2,4.688284084206E0,
-9.207526216633E0));
#16832=DIRECTION('',(1.E0,0.E0,0.E0));
#16833=DIRECTION('',(0.E0,0.E0,1.E0));
#16834=AXIS2_PLACEMENT_3D('',#16831,#16832,#16833);
#16835=PLANE('',#16834);
#16836=ORIENTED_EDGE('',*,*,#10369,.T.);
#16838=ORIENTED_EDGE('',*,*,#16837,.T.);
#16839=ORIENTED_EDGE('',*,*,#11693,.F.);
#16840=ORIENTED_EDGE('',*,*,#16824,.F.);
#16841=EDGE_LOOP('',(#16836,#16838,#16839,#16840));
#16842=FACE_OUTER_BOUND('',#16841,.F.);
#16843=ADVANCED_FACE('',(#16842),#16835,.F.);
#16844=CARTESIAN_POINT('',(1.039250008570E2,5.438442564663E0,
-7.707526216634E0));
#16845=DIRECTION('',(0.E0,-1.E0,0.E0));
#16846=DIRECTION('',(-1.E0,0.E0,0.E0));
#16847=AXIS2_PLACEMENT_3D('',#16844,#16845,#16846);
#16848=PLANE('',#16847);
#16849=ORIENTED_EDGE('',*,*,#10367,.T.);
#16851=ORIENTED_EDGE('',*,*,#16850,.T.);
#16852=ORIENTED_EDGE('',*,*,#11695,.F.);
#16853=ORIENTED_EDGE('',*,*,#16837,.F.);
#16854=EDGE_LOOP('',(#16849,#16851,#16852,#16853));
#16855=FACE_OUTER_BOUND('',#16854,.F.);
#16856=ADVANCED_FACE('',(#16855),#16848,.F.);
#16857=CARTESIAN_POINT('',(1.057000007690E2,5.438442564663E0,
-7.707526216634E0));
#16858=DIRECTION('',(1.E0,0.E0,0.E0));
#16859=DIRECTION('',(0.E0,-1.E0,0.E0));
#16860=AXIS2_PLACEMENT_3D('',#16857,#16858,#16859);
#16861=PLANE('',#16860);
#16862=ORIENTED_EDGE('',*,*,#10365,.T.);
#16864=ORIENTED_EDGE('',*,*,#16863,.T.);
#16865=ORIENTED_EDGE('',*,*,#11697,.F.);
#16866=ORIENTED_EDGE('',*,*,#16850,.F.);
#16867=EDGE_LOOP('',(#16862,#16864,#16865,#16866));
#16868=FACE_OUTER_BOUND('',#16867,.F.);
#16869=ADVANCED_FACE('',(#16868),#16861,.F.);
#16870=CARTESIAN_POINT('',(1.057000007690E2,6.178481099763E0,
-7.707526216634E0));
#16871=DIRECTION('',(0.E0,-1.E0,0.E0));
#16872=DIRECTION('',(-1.E0,0.E0,0.E0));
#16873=AXIS2_PLACEMENT_3D('',#16870,#16871,#16872);
#16874=PLANE('',#16873);
#16875=ORIENTED_EDGE('',*,*,#10363,.T.);
#16877=ORIENTED_EDGE('',*,*,#16876,.T.);
#16878=ORIENTED_EDGE('',*,*,#11699,.F.);
#16879=ORIENTED_EDGE('',*,*,#16863,.F.);
#16880=EDGE_LOOP('',(#16875,#16877,#16878,#16879));
#16881=FACE_OUTER_BOUND('',#16880,.F.);
#16882=ADVANCED_FACE('',(#16881),#16874,.F.);
#16883=CARTESIAN_POINT('',(1.073750008598E2,1.220348109716E1,
-5.907526216637E0));
#16884=DIRECTION('',(-1.E0,0.E0,0.E0));
#16885=DIRECTION('',(0.E0,0.E0,-1.E0));
#16886=AXIS2_PLACEMENT_3D('',#16883,#16884,#16885);
#16887=PLANE('',#16886);
#16888=ORIENTED_EDGE('',*,*,#16876,.F.);
#16889=ORIENTED_EDGE('',*,*,#10433,.T.);
#16891=ORIENTED_EDGE('',*,*,#16890,.T.);
#16892=ORIENTED_EDGE('',*,*,#11701,.F.);
#16893=EDGE_LOOP('',(#16888,#16889,#16891,#16892));
#16894=FACE_OUTER_BOUND('',#16893,.F.);
#16895=ADVANCED_FACE('',(#16894),#16887,.F.);
#16896=CARTESIAN_POINT('',(1.143750008598E2,5.203481097154E0,
-5.907526216637E0));
#16897=DIRECTION('',(0.E0,-1.E0,0.E0));
#16898=DIRECTION('',(0.E0,0.E0,1.E0));
#16899=AXIS2_PLACEMENT_3D('',#16896,#16897,#16898);
#16900=PLANE('',#16899);
#16901=ORIENTED_EDGE('',*,*,#10431,.T.);
#16903=ORIENTED_EDGE('',*,*,#16902,.T.);
#16904=ORIENTED_EDGE('',*,*,#11703,.F.);
#16905=ORIENTED_EDGE('',*,*,#16890,.F.);
#16906=EDGE_LOOP('',(#16901,#16903,#16904,#16905));
#16907=FACE_OUTER_BOUND('',#16906,.F.);
#16908=ADVANCED_FACE('',(#16907),#16900,.F.);
#16909=CARTESIAN_POINT('',(1.213750008598E2,1.220348109716E1,
-5.907526216637E0));
#16910=DIRECTION('',(1.E0,0.E0,0.E0));
#16911=DIRECTION('',(0.E0,0.E0,1.E0));
#16912=AXIS2_PLACEMENT_3D('',#16909,#16910,#16911);
#16913=PLANE('',#16912);
#16915=ORIENTED_EDGE('',*,*,#16914,.F.);
#16916=ORIENTED_EDGE('',*,*,#11705,.F.);
#16917=ORIENTED_EDGE('',*,*,#16902,.F.);
#16918=ORIENTED_EDGE('',*,*,#10429,.T.);
#16919=EDGE_LOOP('',(#16915,#16916,#16917,#16918));
#16920=FACE_OUTER_BOUND('',#16919,.F.);
#16921=ADVANCED_FACE('',(#16920),#16913,.F.);
#16922=CARTESIAN_POINT('',(1.213500008532E2,6.178481099763E0,
-7.707526216634E0));
#16923=DIRECTION('',(0.E0,-1.E0,0.E0));
#16924=DIRECTION('',(-1.E0,0.E0,0.E0));
#16925=AXIS2_PLACEMENT_3D('',#16922,#16923,#16924);
#16926=PLANE('',#16925);
#16927=ORIENTED_EDGE('',*,*,#10427,.T.);
#16928=ORIENTED_EDGE('',*,*,#16475,.T.);
#16929=ORIENTED_EDGE('',*,*,#11707,.F.);
#16930=ORIENTED_EDGE('',*,*,#16914,.T.);
#16931=EDGE_LOOP('',(#16927,#16928,#16929,#16930));
#16932=FACE_OUTER_BOUND('',#16931,.F.);
#16933=ADVANCED_FACE('',(#16932),#16926,.F.);
#16934=CARTESIAN_POINT('',(7.375000085992E1,1.220348109843E1,
-5.907526216637E0));
#16935=DIRECTION('',(1.E0,0.E0,0.E0));
#16936=DIRECTION('',(0.E0,0.E0,1.E0));
#16937=AXIS2_PLACEMENT_3D('',#16934,#16935,#16936);
#16938=PLANE('',#16937);
#16939=ORIENTED_EDGE('',*,*,#10205,.T.);
#16941=ORIENTED_EDGE('',*,*,#16940,.T.);
#16942=ORIENTED_EDGE('',*,*,#11711,.F.);
#16944=ORIENTED_EDGE('',*,*,#16943,.F.);
#16945=EDGE_LOOP('',(#16939,#16941,#16942,#16944));
#16946=FACE_OUTER_BOUND('',#16945,.F.);
#16947=ADVANCED_FACE('',(#16946),#16938,.F.);
#16948=CARTESIAN_POINT('',(6.675000085992E1,1.920348109843E1,
-5.907526216637E0));
#16949=DIRECTION('',(0.E0,1.E0,0.E0));
#16950=DIRECTION('',(0.E0,0.E0,-1.E0));
#16951=AXIS2_PLACEMENT_3D('',#16948,#16949,#16950);
#16952=PLANE('',#16951);
#16953=ORIENTED_EDGE('',*,*,#10203,.T.);
#16955=ORIENTED_EDGE('',*,*,#16954,.T.);
#16956=ORIENTED_EDGE('',*,*,#11713,.F.);
#16957=ORIENTED_EDGE('',*,*,#16940,.F.);
#16958=EDGE_LOOP('',(#16953,#16955,#16956,#16957));
#16959=FACE_OUTER_BOUND('',#16958,.F.);
#16960=ADVANCED_FACE('',(#16959),#16952,.F.);
#16961=CARTESIAN_POINT('',(5.975000085992E1,1.220348109843E1,
-5.907526216637E0));
#16962=DIRECTION('',(-1.E0,0.E0,0.E0));
#16963=DIRECTION('',(0.E0,0.E0,-1.E0));
#16964=AXIS2_PLACEMENT_3D('',#16961,#16962,#16963);
#16965=PLANE('',#16964);
#16966=ORIENTED_EDGE('',*,*,#10201,.T.);
#16968=ORIENTED_EDGE('',*,*,#16967,.T.);
#16969=ORIENTED_EDGE('',*,*,#11715,.F.);
#16970=ORIENTED_EDGE('',*,*,#16954,.F.);
#16971=EDGE_LOOP('',(#16966,#16968,#16969,#16970));
#16972=FACE_OUTER_BOUND('',#16971,.F.);
#16973=ADVANCED_FACE('',(#16972),#16965,.F.);
#16974=CARTESIAN_POINT('',(6.675000085992E1,5.203481098424E0,
-5.907526216637E0));
#16975=DIRECTION('',(0.E0,-1.E0,0.E0));
#16976=DIRECTION('',(0.E0,0.E0,1.E0));
#16977=AXIS2_PLACEMENT_3D('',#16974,#16975,#16976);
#16978=PLANE('',#16977);
#16979=ORIENTED_EDGE('',*,*,#10199,.T.);
#16980=ORIENTED_EDGE('',*,*,#16943,.T.);
#16981=ORIENTED_EDGE('',*,*,#11717,.F.);
#16982=ORIENTED_EDGE('',*,*,#16967,.F.);
#16983=EDGE_LOOP('',(#16979,#16980,#16981,#16982));
#16984=FACE_OUTER_BOUND('',#16983,.F.);
#16985=ADVANCED_FACE('',(#16984),#16978,.F.);
#16986=CARTESIAN_POINT('',(-1.357999991401E2,3.605348109843E1,
-5.907526216637E0));
#16987=DIRECTION('',(1.E0,0.E0,0.E0));
#16988=DIRECTION('',(0.E0,0.E0,1.E0));
#16989=AXIS2_PLACEMENT_3D('',#16986,#16987,#16988);
#16990=PLANE('',#16989);
#16991=ORIENTED_EDGE('',*,*,#10215,.T.);
#16993=ORIENTED_EDGE('',*,*,#16992,.T.);
#16994=ORIENTED_EDGE('',*,*,#11721,.F.);
#16996=ORIENTED_EDGE('',*,*,#16995,.F.);
#16997=EDGE_LOOP('',(#16991,#16993,#16994,#16996));
#16998=FACE_OUTER_BOUND('',#16997,.F.);
#16999=ADVANCED_FACE('',(#16998),#16990,.F.);
#17000=CARTESIAN_POINT('',(-1.427999991401E2,4.305348109843E1,
-5.907526216637E0));
#17001=DIRECTION('',(0.E0,1.E0,0.E0));
#17002=DIRECTION('',(0.E0,0.E0,-1.E0));
#17003=AXIS2_PLACEMENT_3D('',#17000,#17001,#17002);
#17004=PLANE('',#17003);
#17005=ORIENTED_EDGE('',*,*,#10213,.T.);
#17007=ORIENTED_EDGE('',*,*,#17006,.T.);
#17008=ORIENTED_EDGE('',*,*,#11723,.F.);
#17009=ORIENTED_EDGE('',*,*,#16992,.F.);
#17010=EDGE_LOOP('',(#17005,#17007,#17008,#17009));
#17011=FACE_OUTER_BOUND('',#17010,.F.);
#17012=ADVANCED_FACE('',(#17011),#17004,.F.);
#17013=CARTESIAN_POINT('',(-1.497999991401E2,3.605348109843E1,
-5.907526216637E0));
#17014=DIRECTION('',(-1.E0,0.E0,0.E0));
#17015=DIRECTION('',(0.E0,0.E0,-1.E0));
#17016=AXIS2_PLACEMENT_3D('',#17013,#17014,#17015);
#17017=PLANE('',#17016);
#17018=ORIENTED_EDGE('',*,*,#10211,.T.);
#17020=ORIENTED_EDGE('',*,*,#17019,.T.);
#17021=ORIENTED_EDGE('',*,*,#11725,.F.);
#17022=ORIENTED_EDGE('',*,*,#17006,.F.);
#17023=EDGE_LOOP('',(#17018,#17020,#17021,#17022));
#17024=FACE_OUTER_BOUND('',#17023,.F.);
#17025=ADVANCED_FACE('',(#17024),#17017,.F.);
#17026=CARTESIAN_POINT('',(-1.427999991401E2,2.905348109842E1,
-5.907526216637E0));
#17027=DIRECTION('',(0.E0,-1.E0,0.E0));
#17028=DIRECTION('',(0.E0,0.E0,1.E0));
#17029=AXIS2_PLACEMENT_3D('',#17026,#17027,#17028);
#17030=PLANE('',#17029);
#17031=ORIENTED_EDGE('',*,*,#10209,.T.);
#17032=ORIENTED_EDGE('',*,*,#16995,.T.);
#17033=ORIENTED_EDGE('',*,*,#11727,.F.);
#17034=ORIENTED_EDGE('',*,*,#17019,.F.);
#17035=EDGE_LOOP('',(#17031,#17032,#17033,#17034));
#17036=FACE_OUTER_BOUND('',#17035,.F.);
#17037=ADVANCED_FACE('',(#17036),#17030,.F.);
#17038=CARTESIAN_POINT('',(-3.104999914108E1,-6.846518901705E0,
-5.907526216637E0));
#17039=DIRECTION('',(1.E0,0.E0,0.E0));
#17040=DIRECTION('',(0.E0,0.E0,1.E0));
#17041=AXIS2_PLACEMENT_3D('',#17038,#17039,#17040);
#17042=PLANE('',#17041);
#17043=ORIENTED_EDGE('',*,*,#10225,.T.);
#17045=ORIENTED_EDGE('',*,*,#17044,.T.);
#17046=ORIENTED_EDGE('',*,*,#11731,.F.);
#17048=ORIENTED_EDGE('',*,*,#17047,.F.);
#17049=EDGE_LOOP('',(#17043,#17045,#17046,#17048));
#17050=FACE_OUTER_BOUND('',#17049,.F.);
#17051=ADVANCED_FACE('',(#17050),#17042,.F.);
#17052=CARTESIAN_POINT('',(-3.804999914108E1,1.534810982963E-1,
-5.907526216637E0));
#17053=DIRECTION('',(0.E0,1.E0,0.E0));
#17054=DIRECTION('',(0.E0,0.E0,-1.E0));
#17055=AXIS2_PLACEMENT_3D('',#17052,#17053,#17054);
#17056=PLANE('',#17055);
#17057=ORIENTED_EDGE('',*,*,#10223,.T.);
#17059=ORIENTED_EDGE('',*,*,#17058,.T.);
#17060=ORIENTED_EDGE('',*,*,#11733,.F.);
#17061=ORIENTED_EDGE('',*,*,#17044,.F.);
#17062=EDGE_LOOP('',(#17057,#17059,#17060,#17061));
#17063=FACE_OUTER_BOUND('',#17062,.F.);
#17064=ADVANCED_FACE('',(#17063),#17056,.F.);
#17065=CARTESIAN_POINT('',(-4.504999914108E1,-6.846518901705E0,
-5.907526216637E0));
#17066=DIRECTION('',(-1.E0,0.E0,0.E0));
#17067=DIRECTION('',(0.E0,0.E0,-1.E0));
#17068=AXIS2_PLACEMENT_3D('',#17065,#17066,#17067);
#17069=PLANE('',#17068);
#17070=ORIENTED_EDGE('',*,*,#10221,.T.);
#17072=ORIENTED_EDGE('',*,*,#17071,.T.);
#17073=ORIENTED_EDGE('',*,*,#11735,.F.);
#17074=ORIENTED_EDGE('',*,*,#17058,.F.);
#17075=EDGE_LOOP('',(#17070,#17072,#17073,#17074));
#17076=FACE_OUTER_BOUND('',#17075,.F.);
#17077=ADVANCED_FACE('',(#17076),#17069,.F.);
#17078=CARTESIAN_POINT('',(-3.804999914108E1,-1.384651890171E1,
-5.907526216637E0));
#17079=DIRECTION('',(0.E0,-1.E0,0.E0));
#17080=DIRECTION('',(0.E0,0.E0,1.E0));
#17081=AXIS2_PLACEMENT_3D('',#17078,#17079,#17080);
#17082=PLANE('',#17081);
#17083=ORIENTED_EDGE('',*,*,#10219,.T.);
#17084=ORIENTED_EDGE('',*,*,#17047,.T.);
#17085=ORIENTED_EDGE('',*,*,#11737,.F.);
#17086=ORIENTED_EDGE('',*,*,#17071,.F.);
#17087=EDGE_LOOP('',(#17083,#17084,#17085,#17086));
#17088=FACE_OUTER_BOUND('',#17087,.F.);
#17089=ADVANCED_FACE('',(#17088),#17082,.F.);
#17090=CARTESIAN_POINT('',(5.945000086044E1,-4.494651890312E1,
-5.907526216637E0));
#17091=DIRECTION('',(1.E0,0.E0,0.E0));
#17092=DIRECTION('',(0.E0,0.E0,1.E0));
#17093=AXIS2_PLACEMENT_3D('',#17090,#17091,#17092);
#17094=PLANE('',#17093);
#17095=ORIENTED_EDGE('',*,*,#10235,.T.);
#17097=ORIENTED_EDGE('',*,*,#17096,.T.);
#17098=ORIENTED_EDGE('',*,*,#11741,.F.);
#17100=ORIENTED_EDGE('',*,*,#17099,.F.);
#17101=EDGE_LOOP('',(#17095,#17097,#17098,#17100));
#17102=FACE_OUTER_BOUND('',#17101,.F.);
#17103=ADVANCED_FACE('',(#17102),#17094,.F.);
#17104=CARTESIAN_POINT('',(5.245000086044E1,-3.794651890312E1,
-5.907526216637E0));
#17105=DIRECTION('',(0.E0,1.E0,0.E0));
#17106=DIRECTION('',(0.E0,0.E0,-1.E0));
#17107=AXIS2_PLACEMENT_3D('',#17104,#17105,#17106);
#17108=PLANE('',#17107);
#17109=ORIENTED_EDGE('',*,*,#10233,.T.);
#17111=ORIENTED_EDGE('',*,*,#17110,.T.);
#17112=ORIENTED_EDGE('',*,*,#11743,.F.);
#17113=ORIENTED_EDGE('',*,*,#17096,.F.);
#17114=EDGE_LOOP('',(#17109,#17111,#17112,#17113));
#17115=FACE_OUTER_BOUND('',#17114,.F.);
#17116=ADVANCED_FACE('',(#17115),#17108,.F.);
#17117=CARTESIAN_POINT('',(4.545000086044E1,-4.494651890312E1,
-5.907526216637E0));
#17118=DIRECTION('',(-1.E0,0.E0,0.E0));
#17119=DIRECTION('',(0.E0,0.E0,-1.E0));
#17120=AXIS2_PLACEMENT_3D('',#17117,#17118,#17119);
#17121=PLANE('',#17120);
#17122=ORIENTED_EDGE('',*,*,#10231,.T.);
#17124=ORIENTED_EDGE('',*,*,#17123,.T.);
#17125=ORIENTED_EDGE('',*,*,#11745,.F.);
#17126=ORIENTED_EDGE('',*,*,#17110,.F.);
#17127=EDGE_LOOP('',(#17122,#17124,#17125,#17126));
#17128=FACE_OUTER_BOUND('',#17127,.F.);
#17129=ADVANCED_FACE('',(#17128),#17121,.F.);
#17130=CARTESIAN_POINT('',(5.245000086044E1,-5.194651890313E1,
-5.907526216637E0));
#17131=DIRECTION('',(0.E0,-1.E0,0.E0));
#17132=DIRECTION('',(0.E0,0.E0,1.E0));
#17133=AXIS2_PLACEMENT_3D('',#17130,#17131,#17132);
#17134=PLANE('',#17133);
#17135=ORIENTED_EDGE('',*,*,#10229,.T.);
#17136=ORIENTED_EDGE('',*,*,#17099,.T.);
#17137=ORIENTED_EDGE('',*,*,#11747,.F.);
#17138=ORIENTED_EDGE('',*,*,#17123,.F.);
#17139=EDGE_LOOP('',(#17135,#17136,#17137,#17138));
#17140=FACE_OUTER_BOUND('',#17139,.F.);
#17141=ADVANCED_FACE('',(#17140),#17134,.F.);
#17142=CARTESIAN_POINT('',(-9.769999914008E1,1.220348109843E1,
-5.907526216637E0));
#17143=DIRECTION('',(1.E0,0.E0,0.E0));
#17144=DIRECTION('',(0.E0,0.E0,1.E0));
#17145=AXIS2_PLACEMENT_3D('',#17142,#17143,#17144);
#17146=PLANE('',#17145);
#17147=ORIENTED_EDGE('',*,*,#10245,.T.);
#17149=ORIENTED_EDGE('',*,*,#17148,.T.);
#17150=ORIENTED_EDGE('',*,*,#11751,.F.);
#17152=ORIENTED_EDGE('',*,*,#17151,.F.);
#17153=EDGE_LOOP('',(#17147,#17149,#17150,#17152));
#17154=FACE_OUTER_BOUND('',#17153,.F.);
#17155=ADVANCED_FACE('',(#17154),#17146,.F.);
#17156=CARTESIAN_POINT('',(-1.046999991401E2,1.920348109843E1,
-5.907526216637E0));
#17157=DIRECTION('',(0.E0,1.E0,0.E0));
#17158=DIRECTION('',(0.E0,0.E0,-1.E0));
#17159=AXIS2_PLACEMENT_3D('',#17156,#17157,#17158);
#17160=PLANE('',#17159);
#17161=ORIENTED_EDGE('',*,*,#10243,.T.);
#17163=ORIENTED_EDGE('',*,*,#17162,.T.);
#17164=ORIENTED_EDGE('',*,*,#11753,.F.);
#17165=ORIENTED_EDGE('',*,*,#17148,.F.);
#17166=EDGE_LOOP('',(#17161,#17163,#17164,#17165));
#17167=FACE_OUTER_BOUND('',#17166,.F.);
#17168=ADVANCED_FACE('',(#17167),#17160,.F.);
#17169=CARTESIAN_POINT('',(-1.116999991401E2,1.220348109843E1,
-5.907526216637E0));
#17170=DIRECTION('',(-1.E0,0.E0,0.E0));
#17171=DIRECTION('',(0.E0,0.E0,-1.E0));
#17172=AXIS2_PLACEMENT_3D('',#17169,#17170,#17171);
#17173=PLANE('',#17172);
#17174=ORIENTED_EDGE('',*,*,#10241,.T.);
#17176=ORIENTED_EDGE('',*,*,#17175,.T.);
#17177=ORIENTED_EDGE('',*,*,#11755,.F.);
#17178=ORIENTED_EDGE('',*,*,#17162,.F.);
#17179=EDGE_LOOP('',(#17174,#17176,#17177,#17178));
#17180=FACE_OUTER_BOUND('',#17179,.F.);
#17181=ADVANCED_FACE('',(#17180),#17173,.F.);
#17182=CARTESIAN_POINT('',(-1.046999991401E2,5.203481098424E0,
-5.907526216637E0));
#17183=DIRECTION('',(0.E0,-1.E0,0.E0));
#17184=DIRECTION('',(0.E0,0.E0,1.E0));
#17185=AXIS2_PLACEMENT_3D('',#17182,#17183,#17184);
#17186=PLANE('',#17185);
#17187=ORIENTED_EDGE('',*,*,#10239,.T.);
#17188=ORIENTED_EDGE('',*,*,#17151,.T.);
#17189=ORIENTED_EDGE('',*,*,#11757,.F.);
#17190=ORIENTED_EDGE('',*,*,#17175,.F.);
#17191=EDGE_LOOP('',(#17187,#17188,#17189,#17190));
#17192=FACE_OUTER_BOUND('',#17191,.F.);
#17193=ADVANCED_FACE('',(#17192),#17186,.F.);
#17194=CARTESIAN_POINT('',(-1.286999991394E2,-2.589651890088E1,
-5.907526216637E0));
#17195=DIRECTION('',(1.E0,0.E0,0.E0));
#17196=DIRECTION('',(0.E0,0.E0,1.E0));
#17197=AXIS2_PLACEMENT_3D('',#17194,#17195,#17196);
#17198=PLANE('',#17197);
#17199=ORIENTED_EDGE('',*,*,#10255,.T.);
#17201=ORIENTED_EDGE('',*,*,#17200,.T.);
#17202=ORIENTED_EDGE('',*,*,#11761,.F.);
#17204=ORIENTED_EDGE('',*,*,#17203,.F.);
#17205=EDGE_LOOP('',(#17199,#17201,#17202,#17204));
#17206=FACE_OUTER_BOUND('',#17205,.F.);
#17207=ADVANCED_FACE('',(#17206),#17198,.F.);
#17208=CARTESIAN_POINT('',(-1.356999991394E2,-1.889651890088E1,
-5.907526216637E0));
#17209=DIRECTION('',(0.E0,1.E0,0.E0));
#17210=DIRECTION('',(0.E0,0.E0,-1.E0));
#17211=AXIS2_PLACEMENT_3D('',#17208,#17209,#17210);
#17212=PLANE('',#17211);
#17213=ORIENTED_EDGE('',*,*,#10253,.T.);
#17215=ORIENTED_EDGE('',*,*,#17214,.T.);
#17216=ORIENTED_EDGE('',*,*,#11763,.F.);
#17217=ORIENTED_EDGE('',*,*,#17200,.F.);
#17218=EDGE_LOOP('',(#17213,#17215,#17216,#17217));
#17219=FACE_OUTER_BOUND('',#17218,.F.);
#17220=ADVANCED_FACE('',(#17219),#17212,.F.);
#17221=CARTESIAN_POINT('',(-1.426999991394E2,-2.589651890088E1,
-5.907526216637E0));
#17222=DIRECTION('',(-1.E0,0.E0,0.E0));
#17223=DIRECTION('',(0.E0,0.E0,-1.E0));
#17224=AXIS2_PLACEMENT_3D('',#17221,#17222,#17223);
#17225=PLANE('',#17224);
#17226=ORIENTED_EDGE('',*,*,#10251,.T.);
#17228=ORIENTED_EDGE('',*,*,#17227,.T.);
#17229=ORIENTED_EDGE('',*,*,#11765,.F.);
#17230=ORIENTED_EDGE('',*,*,#17214,.F.);
#17231=EDGE_LOOP('',(#17226,#17228,#17229,#17230));
#17232=FACE_OUTER_BOUND('',#17231,.F.);
#17233=ADVANCED_FACE('',(#17232),#17225,.F.);
#17234=CARTESIAN_POINT('',(-1.356999991394E2,-3.289651890088E1,
-5.907526216637E0));
#17235=DIRECTION('',(0.E0,-1.E0,0.E0));
#17236=DIRECTION('',(0.E0,0.E0,1.E0));
#17237=AXIS2_PLACEMENT_3D('',#17234,#17235,#17236);
#17238=PLANE('',#17237);
#17239=ORIENTED_EDGE('',*,*,#10249,.T.);
#17240=ORIENTED_EDGE('',*,*,#17203,.T.);
#17241=ORIENTED_EDGE('',*,*,#11767,.F.);
#17242=ORIENTED_EDGE('',*,*,#17227,.F.);
#17243=EDGE_LOOP('',(#17239,#17240,#17241,#17242));
#17244=FACE_OUTER_BOUND('',#17243,.F.);
#17245=ADVANCED_FACE('',(#17244),#17238,.F.);
#17246=CARTESIAN_POINT('',(1.206750007679E2,-3.192151890024E1,
-7.707526216633E0));
#17247=DIRECTION('',(-1.E0,0.E0,0.E0));
#17248=DIRECTION('',(0.E0,1.E0,0.E0));
#17249=AXIS2_PLACEMENT_3D('',#17246,#17247,#17248);
#17250=PLANE('',#17249);
#17251=ORIENTED_EDGE('',*,*,#10351,.T.);
#17253=ORIENTED_EDGE('',*,*,#17252,.T.);
#17254=ORIENTED_EDGE('',*,*,#11771,.F.);
#17256=ORIENTED_EDGE('',*,*,#17255,.F.);
#17257=EDGE_LOOP('',(#17251,#17253,#17254,#17256));
#17258=FACE_OUTER_BOUND('',#17257,.F.);
#17259=ADVANCED_FACE('',(#17258),#17250,.F.);
#17260=CARTESIAN_POINT('',(1.206750007679E2,-3.266155741754E1,
-7.707526216633E0));
#17261=DIRECTION('',(0.E0,-1.E0,0.E0));
#17262=DIRECTION('',(-1.E0,0.E0,0.E0));
#17263=AXIS2_PLACEMENT_3D('',#17260,#17261,#17262);
#17264=PLANE('',#17263);
#17265=ORIENTED_EDGE('',*,*,#10349,.T.);
#17267=ORIENTED_EDGE('',*,*,#17266,.T.);
#17268=ORIENTED_EDGE('',*,*,#11773,.F.);
#17269=ORIENTED_EDGE('',*,*,#17252,.F.);
#17270=EDGE_LOOP('',(#17265,#17267,#17268,#17269));
#17271=FACE_OUTER_BOUND('',#17270,.F.);
#17272=ADVANCED_FACE('',(#17271),#17264,.F.);
#17273=CARTESIAN_POINT('',(1.224465428208E2,-3.341171589927E1,
-9.207526216633E0));
#17274=DIRECTION('',(-1.E0,0.E0,0.E0));
#17275=DIRECTION('',(0.E0,0.E0,-1.E0));
#17276=AXIS2_PLACEMENT_3D('',#17273,#17274,#17275);
#17277=PLANE('',#17276);
#17278=ORIENTED_EDGE('',*,*,#10347,.T.);
#17280=ORIENTED_EDGE('',*,*,#17279,.T.);
#17281=ORIENTED_EDGE('',*,*,#11775,.F.);
#17282=ORIENTED_EDGE('',*,*,#17266,.F.);
#17283=EDGE_LOOP('',(#17278,#17280,#17281,#17282));
#17284=FACE_OUTER_BOUND('',#17283,.F.);
#17285=ADVANCED_FACE('',(#17284),#17277,.F.);
#17286=CARTESIAN_POINT('',(1.120000008561E2,-3.416187446848E1,
-9.207526216637E0));
#17287=DIRECTION('',(0.E0,-1.E0,0.E0));
#17288=DIRECTION('',(0.E0,0.E0,1.E0));
#17289=AXIS2_PLACEMENT_3D('',#17286,#17287,#17288);
#17290=PLANE('',#17289);
#17291=ORIENTED_EDGE('',*,*,#10345,.T.);
#17293=ORIENTED_EDGE('',*,*,#17292,.T.);
#17294=ORIENTED_EDGE('',*,*,#11777,.F.);
#17295=ORIENTED_EDGE('',*,*,#17279,.F.);
#17296=EDGE_LOOP('',(#17291,#17293,#17294,#17295));
#17297=FACE_OUTER_BOUND('',#17296,.F.);
#17298=ADVANCED_FACE('',(#17297),#17290,.F.);
#17299=CARTESIAN_POINT('',(1.255524993155E2,-3.341171589927E1,
-9.207526216633E0));
#17300=DIRECTION('',(1.E0,0.E0,0.E0));
#17301=DIRECTION('',(0.E0,0.E0,1.E0));
#17302=AXIS2_PLACEMENT_3D('',#17299,#17300,#17301);
#17303=PLANE('',#17302);
#17304=ORIENTED_EDGE('',*,*,#10343,.T.);
#17306=ORIENTED_EDGE('',*,*,#17305,.T.);
#17307=ORIENTED_EDGE('',*,*,#11779,.F.);
#17308=ORIENTED_EDGE('',*,*,#17292,.F.);
#17309=EDGE_LOOP('',(#17304,#17306,#17307,#17308));
#17310=FACE_OUTER_BOUND('',#17309,.F.);
#17311=ADVANCED_FACE('',(#17310),#17303,.F.);
#17312=CARTESIAN_POINT('',(1.255500008553E2,-3.266155741754E1,
-7.707526216633E0));
#17313=DIRECTION('',(0.E0,-1.E0,0.E0));
#17314=DIRECTION('',(-1.E0,0.E0,0.E0));
#17315=AXIS2_PLACEMENT_3D('',#17312,#17313,#17314);
#17316=PLANE('',#17315);
#17317=ORIENTED_EDGE('',*,*,#10341,.T.);
#17319=ORIENTED_EDGE('',*,*,#17318,.T.);
#17320=ORIENTED_EDGE('',*,*,#11781,.F.);
#17321=ORIENTED_EDGE('',*,*,#17305,.F.);
#17322=EDGE_LOOP('',(#17317,#17319,#17320,#17321));
#17323=FACE_OUTER_BOUND('',#17322,.F.);
#17324=ADVANCED_FACE('',(#17323),#17316,.F.);
#17325=CARTESIAN_POINT('',(1.273250008588E2,-3.266155741754E1,
-7.707526216633E0));
#17326=DIRECTION('',(1.E0,0.E0,0.E0));
#17327=DIRECTION('',(0.E0,-1.E0,0.E0));
#17328=AXIS2_PLACEMENT_3D('',#17325,#17326,#17327);
#17329=PLANE('',#17328);
#17330=ORIENTED_EDGE('',*,*,#10339,.T.);
#17332=ORIENTED_EDGE('',*,*,#17331,.T.);
#17333=ORIENTED_EDGE('',*,*,#11783,.F.);
#17334=ORIENTED_EDGE('',*,*,#17318,.F.);
#17335=EDGE_LOOP('',(#17330,#17332,#17333,#17334));
#17336=FACE_OUTER_BOUND('',#17335,.F.);
#17337=ADVANCED_FACE('',(#17336),#17329,.F.);
#17338=CARTESIAN_POINT('',(1.273250008588E2,-2.616155742294E1,
-7.707526216633E0));
#17339=DIRECTION('',(0.E0,-1.E0,0.E0));
#17340=DIRECTION('',(-1.E0,0.E0,0.E0));
#17341=AXIS2_PLACEMENT_3D('',#17338,#17339,#17340);
#17342=PLANE('',#17341);
#17343=ORIENTED_EDGE('',*,*,#10337,.T.);
#17345=ORIENTED_EDGE('',*,*,#17344,.T.);
#17346=ORIENTED_EDGE('',*,*,#11785,.F.);
#17347=ORIENTED_EDGE('',*,*,#17331,.F.);
#17348=EDGE_LOOP('',(#17343,#17345,#17346,#17347));
#17349=FACE_OUTER_BOUND('',#17348,.F.);
#17350=ADVANCED_FACE('',(#17349),#17342,.F.);
#17351=CARTESIAN_POINT('',(1.282250008571E2,-2.652919668566E1,
-9.207526216637E0));
#17352=DIRECTION('',(1.E0,0.E0,0.E0));
#17353=DIRECTION('',(0.E0,0.E0,1.E0));
#17354=AXIS2_PLACEMENT_3D('',#17351,#17352,#17353);
#17355=PLANE('',#17354);
#17356=ORIENTED_EDGE('',*,*,#10335,.T.);
#17358=ORIENTED_EDGE('',*,*,#17357,.T.);
#17359=ORIENTED_EDGE('',*,*,#11787,.F.);
#17360=ORIENTED_EDGE('',*,*,#17344,.F.);
#17361=EDGE_LOOP('',(#17356,#17358,#17359,#17360));
#17362=FACE_OUTER_BOUND('',#17361,.F.);
#17363=ADVANCED_FACE('',(#17362),#17355,.F.);
#17364=CARTESIAN_POINT('',(1.282250008571E2,-2.371155742074E1,
-7.707526216633E0));
#17365=DIRECTION('',(0.E0,1.E0,0.E0));
#17366=DIRECTION('',(1.E0,0.E0,0.E0));
#17367=AXIS2_PLACEMENT_3D('',#17364,#17365,#17366);
#17368=PLANE('',#17367);
#17369=ORIENTED_EDGE('',*,*,#10333,.T.);
#17371=ORIENTED_EDGE('',*,*,#17370,.T.);
#17372=ORIENTED_EDGE('',*,*,#11789,.F.);
#17373=ORIENTED_EDGE('',*,*,#17357,.F.);
#17374=EDGE_LOOP('',(#17369,#17371,#17372,#17373));
#17375=FACE_OUTER_BOUND('',#17374,.F.);
#17376=ADVANCED_FACE('',(#17375),#17368,.F.);
#17377=CARTESIAN_POINT('',(1.273250008588E2,-2.371155742074E1,
-7.707526216633E0));
#17378=DIRECTION('',(1.E0,0.E0,0.E0));
#17379=DIRECTION('',(0.E0,-1.E0,0.E0));
#17380=AXIS2_PLACEMENT_3D('',#17377,#17378,#17379);
#17381=PLANE('',#17380);
#17382=ORIENTED_EDGE('',*,*,#10331,.T.);
#17384=ORIENTED_EDGE('',*,*,#17383,.T.);
#17385=ORIENTED_EDGE('',*,*,#11791,.F.);
#17386=ORIENTED_EDGE('',*,*,#17370,.F.);
#17387=EDGE_LOOP('',(#17382,#17384,#17385,#17386));
#17388=FACE_OUTER_BOUND('',#17387,.F.);
#17389=ADVANCED_FACE('',(#17388),#17381,.F.);
#17390=CARTESIAN_POINT('',(1.273250008588E2,-2.046155741584E1,
-7.707526216633E0));
#17391=DIRECTION('',(0.E0,1.E0,0.E0));
#17392=DIRECTION('',(1.E0,0.E0,0.E0));
#17393=AXIS2_PLACEMENT_3D('',#17390,#17391,#17392);
#17394=PLANE('',#17393);
#17395=ORIENTED_EDGE('',*,*,#10329,.T.);
#17397=ORIENTED_EDGE('',*,*,#17396,.T.);
#17398=ORIENTED_EDGE('',*,*,#11793,.F.);
#17399=ORIENTED_EDGE('',*,*,#17383,.F.);
#17400=EDGE_LOOP('',(#17395,#17397,#17398,#17399));
#17401=FACE_OUTER_BOUND('',#17400,.F.);
#17402=ADVANCED_FACE('',(#17401),#17394,.F.);
#17403=CARTESIAN_POINT('',(1.206750001177E2,-2.046155741584E1,
-7.707526216633E0));
#17404=DIRECTION('',(-1.E0,0.E0,0.E0));
#17405=DIRECTION('',(0.E0,1.E0,0.E0));
#17406=AXIS2_PLACEMENT_3D('',#17403,#17404,#17405);
#17407=PLANE('',#17406);
#17408=ORIENTED_EDGE('',*,*,#10327,.T.);
#17410=ORIENTED_EDGE('',*,*,#17409,.T.);
#17411=ORIENTED_EDGE('',*,*,#11795,.F.);
#17412=ORIENTED_EDGE('',*,*,#17396,.F.);
#17413=EDGE_LOOP('',(#17408,#17410,#17411,#17412));
#17414=FACE_OUTER_BOUND('',#17413,.F.);
#17415=ADVANCED_FACE('',(#17414),#17407,.F.);
#17416=CARTESIAN_POINT('',(1.206750001177E2,-2.371155743094E1,
-7.707526216633E0));
#17417=DIRECTION('',(0.E0,1.E0,0.E0));
#17418=DIRECTION('',(1.E0,0.E0,0.E0));
#17419=AXIS2_PLACEMENT_3D('',#17416,#17417,#17418);
#17420=PLANE('',#17419);
#17421=ORIENTED_EDGE('',*,*,#10325,.T.);
#17423=ORIENTED_EDGE('',*,*,#17422,.T.);
#17424=ORIENTED_EDGE('',*,*,#11797,.F.);
#17425=ORIENTED_EDGE('',*,*,#17409,.F.);
#17426=EDGE_LOOP('',(#17421,#17423,#17424,#17425));
#17427=FACE_OUTER_BOUND('',#17426,.F.);
#17428=ADVANCED_FACE('',(#17427),#17420,.F.);
#17429=CARTESIAN_POINT('',(1.190000008598E2,-2.589651890284E1,
-5.907526216637E0));
#17430=DIRECTION('',(1.E0,0.E0,0.E0));
#17431=DIRECTION('',(0.E0,0.E0,1.E0));
#17432=AXIS2_PLACEMENT_3D('',#17429,#17430,#17431);
#17433=PLANE('',#17432);
#17434=ORIENTED_EDGE('',*,*,#17422,.F.);
#17435=ORIENTED_EDGE('',*,*,#10323,.T.);
#17437=ORIENTED_EDGE('',*,*,#17436,.T.);
#17438=ORIENTED_EDGE('',*,*,#11799,.F.);
#17439=EDGE_LOOP('',(#17434,#17435,#17437,#17438));
#17440=FACE_OUTER_BOUND('',#17439,.F.);
#17441=ADVANCED_FACE('',(#17440),#17433,.F.);
#17442=CARTESIAN_POINT('',(1.120000008598E2,-1.889651890284E1,
-5.907526216637E0));
#17443=DIRECTION('',(0.E0,1.E0,0.E0));
#17444=DIRECTION('',(0.E0,0.E0,-1.E0));
#17445=AXIS2_PLACEMENT_3D('',#17442,#17443,#17444);
#17446=PLANE('',#17445);
#17447=ORIENTED_EDGE('',*,*,#10321,.T.);
#17449=ORIENTED_EDGE('',*,*,#17448,.T.);
#17450=ORIENTED_EDGE('',*,*,#11801,.F.);
#17451=ORIENTED_EDGE('',*,*,#17436,.F.);
#17452=EDGE_LOOP('',(#17447,#17449,#17450,#17451));
#17453=FACE_OUTER_BOUND('',#17452,.F.);
#17454=ADVANCED_FACE('',(#17453),#17446,.F.);
#17455=CARTESIAN_POINT('',(1.050000008598E2,-2.589651890284E1,
-5.907526216637E0));
#17456=DIRECTION('',(-1.E0,0.E0,0.E0));
#17457=DIRECTION('',(0.E0,0.E0,-1.E0));
#17458=AXIS2_PLACEMENT_3D('',#17455,#17456,#17457);
#17459=PLANE('',#17458);
#17461=ORIENTED_EDGE('',*,*,#17460,.F.);
#17462=ORIENTED_EDGE('',*,*,#11803,.F.);
#17463=ORIENTED_EDGE('',*,*,#17448,.F.);
#17464=ORIENTED_EDGE('',*,*,#10319,.T.);
#17465=EDGE_LOOP('',(#17461,#17462,#17463,#17464));
#17466=FACE_OUTER_BOUND('',#17465,.F.);
#17467=ADVANCED_FACE('',(#17466),#17459,.F.);
#17468=CARTESIAN_POINT('',(1.050250008539E2,-2.371155743854E1,
-7.707526216633E0));
#17469=DIRECTION('',(0.E0,1.E0,0.E0));
#17470=DIRECTION('',(1.E0,0.E0,0.E0));
#17471=AXIS2_PLACEMENT_3D('',#17468,#17469,#17470);
#17472=PLANE('',#17471);
#17473=ORIENTED_EDGE('',*,*,#10317,.T.);
#17475=ORIENTED_EDGE('',*,*,#17474,.T.);
#17476=ORIENTED_EDGE('',*,*,#11805,.F.);
#17477=ORIENTED_EDGE('',*,*,#17460,.T.);
#17478=EDGE_LOOP('',(#17473,#17475,#17476,#17477));
#17479=FACE_OUTER_BOUND('',#17478,.F.);
#17480=ADVANCED_FACE('',(#17479),#17472,.F.);
#17481=CARTESIAN_POINT('',(1.033250001238E2,-2.371155743854E1,
-7.707526216633E0));
#17482=DIRECTION('',(1.E0,0.E0,0.E0));
#17483=DIRECTION('',(0.E0,-1.E0,0.E0));
#17484=AXIS2_PLACEMENT_3D('',#17481,#17482,#17483);
#17485=PLANE('',#17484);
#17486=ORIENTED_EDGE('',*,*,#10315,.T.);
#17488=ORIENTED_EDGE('',*,*,#17487,.T.);
#17489=ORIENTED_EDGE('',*,*,#11807,.F.);
#17490=ORIENTED_EDGE('',*,*,#17474,.F.);
#17491=EDGE_LOOP('',(#17486,#17488,#17489,#17490));
#17492=FACE_OUTER_BOUND('',#17491,.F.);
#17493=ADVANCED_FACE('',(#17492),#17485,.F.);
#17494=CARTESIAN_POINT('',(1.033250001238E2,-2.046155743354E1,
-7.707526216633E0));
#17495=DIRECTION('',(0.E0,1.E0,0.E0));
#17496=DIRECTION('',(1.E0,0.E0,0.E0));
#17497=AXIS2_PLACEMENT_3D('',#17494,#17495,#17496);
#17498=PLANE('',#17497);
#17499=ORIENTED_EDGE('',*,*,#10313,.T.);
#17501=ORIENTED_EDGE('',*,*,#17500,.T.);
#17502=ORIENTED_EDGE('',*,*,#11809,.F.);
#17503=ORIENTED_EDGE('',*,*,#17487,.F.);
#17504=EDGE_LOOP('',(#17499,#17501,#17502,#17503));
#17505=FACE_OUTER_BOUND('',#17504,.F.);
#17506=ADVANCED_FACE('',(#17505),#17498,.F.);
#17507=CARTESIAN_POINT('',(9.667500086100E1,-2.046155743354E1,
-7.707526216633E0));
#17508=DIRECTION('',(-1.E0,0.E0,0.E0));
#17509=DIRECTION('',(0.E0,1.E0,0.E0));
#17510=AXIS2_PLACEMENT_3D('',#17507,#17508,#17509);
#17511=PLANE('',#17510);
#17512=ORIENTED_EDGE('',*,*,#10311,.T.);
#17514=ORIENTED_EDGE('',*,*,#17513,.T.);
#17515=ORIENTED_EDGE('',*,*,#11811,.F.);
#17516=ORIENTED_EDGE('',*,*,#17500,.F.);
#17517=EDGE_LOOP('',(#17512,#17514,#17515,#17516));
#17518=FACE_OUTER_BOUND('',#17517,.F.);
#17519=ADVANCED_FACE('',(#17518),#17511,.F.);
#17520=CARTESIAN_POINT('',(9.667500086100E1,-2.371155743854E1,
-7.707526216633E0));
#17521=DIRECTION('',(0.E0,1.E0,0.E0));
#17522=DIRECTION('',(1.E0,0.E0,0.E0));
#17523=AXIS2_PLACEMENT_3D('',#17520,#17521,#17522);
#17524=PLANE('',#17523);
#17525=ORIENTED_EDGE('',*,*,#10309,.T.);
#17527=ORIENTED_EDGE('',*,*,#17526,.T.);
#17528=ORIENTED_EDGE('',*,*,#11813,.F.);
#17529=ORIENTED_EDGE('',*,*,#17513,.F.);
#17530=EDGE_LOOP('',(#17525,#17527,#17528,#17529));
#17531=FACE_OUTER_BOUND('',#17530,.F.);
#17532=ADVANCED_FACE('',(#17531),#17524,.F.);
#17533=CARTESIAN_POINT('',(9.577500085500E1,-2.652919668566E1,
-9.207526216637E0));
#17534=DIRECTION('',(-1.E0,0.E0,0.E0));
#17535=DIRECTION('',(0.E0,0.E0,-1.E0));
#17536=AXIS2_PLACEMENT_3D('',#17533,#17534,#17535);
#17537=PLANE('',#17536);
#17538=ORIENTED_EDGE('',*,*,#10307,.T.);
#17540=ORIENTED_EDGE('',*,*,#17539,.T.);
#17541=ORIENTED_EDGE('',*,*,#11815,.F.);
#17542=ORIENTED_EDGE('',*,*,#17526,.F.);
#17543=EDGE_LOOP('',(#17538,#17540,#17541,#17542));
#17544=FACE_OUTER_BOUND('',#17543,.F.);
#17545=ADVANCED_FACE('',(#17544),#17537,.F.);
#17546=CARTESIAN_POINT('',(9.577500085500E1,-2.616155744074E1,
-7.707526216633E0));
#17547=DIRECTION('',(0.E0,-1.E0,0.E0));
#17548=DIRECTION('',(-1.E0,0.E0,0.E0));
#17549=AXIS2_PLACEMENT_3D('',#17546,#17547,#17548);
#17550=PLANE('',#17549);
#17551=ORIENTED_EDGE('',*,*,#10305,.T.);
#17553=ORIENTED_EDGE('',*,*,#17552,.T.);
#17554=ORIENTED_EDGE('',*,*,#11817,.F.);
#17555=ORIENTED_EDGE('',*,*,#17539,.F.);
#17556=EDGE_LOOP('',(#17551,#17553,#17554,#17555));
#17557=FACE_OUTER_BOUND('',#17556,.F.);
#17558=ADVANCED_FACE('',(#17557),#17550,.F.);
#17559=CARTESIAN_POINT('',(9.667500086100E1,-2.616155744074E1,
-7.707526216633E0));
#17560=DIRECTION('',(-1.E0,0.E0,0.E0));
#17561=DIRECTION('',(0.E0,1.E0,0.E0));
#17562=AXIS2_PLACEMENT_3D('',#17559,#17560,#17561);
#17563=PLANE('',#17562);
#17564=ORIENTED_EDGE('',*,*,#10303,.T.);
#17566=ORIENTED_EDGE('',*,*,#17565,.T.);
#17567=ORIENTED_EDGE('',*,*,#11819,.F.);
#17568=ORIENTED_EDGE('',*,*,#17552,.F.);
#17569=EDGE_LOOP('',(#17564,#17566,#17567,#17568));
#17570=FACE_OUTER_BOUND('',#17569,.F.);
#17571=ADVANCED_FACE('',(#17570),#17563,.F.);
#17572=CARTESIAN_POINT('',(9.667500086100E1,-3.266155743534E1,
-7.707526216633E0));
#17573=DIRECTION('',(0.E0,-1.E0,0.E0));
#17574=DIRECTION('',(-1.E0,0.E0,0.E0));
#17575=AXIS2_PLACEMENT_3D('',#17572,#17573,#17574);
#17576=PLANE('',#17575);
#17577=ORIENTED_EDGE('',*,*,#10301,.T.);
#17579=ORIENTED_EDGE('',*,*,#17578,.T.);
#17580=ORIENTED_EDGE('',*,*,#11821,.F.);
#17581=ORIENTED_EDGE('',*,*,#17565,.F.);
#17582=EDGE_LOOP('',(#17577,#17579,#17580,#17581));
#17583=FACE_OUTER_BOUND('',#17582,.F.);
#17584=ADVANCED_FACE('',(#17583),#17576,.F.);
#17585=CARTESIAN_POINT('',(9.844654282220E1,-3.341171591579E1,
-9.207526216633E0));
#17586=DIRECTION('',(-1.E0,0.E0,0.E0));
#17587=DIRECTION('',(0.E0,0.E0,-1.E0));
#17588=AXIS2_PLACEMENT_3D('',#17585,#17586,#17587);
#17589=PLANE('',#17588);
#17590=ORIENTED_EDGE('',*,*,#10299,.T.);
#17592=ORIENTED_EDGE('',*,*,#17591,.T.);
#17593=ORIENTED_EDGE('',*,*,#11823,.F.);
#17594=ORIENTED_EDGE('',*,*,#17578,.F.);
#17595=EDGE_LOOP('',(#17590,#17592,#17593,#17594));
#17596=FACE_OUTER_BOUND('',#17595,.F.);
#17597=ADVANCED_FACE('',(#17596),#17589,.F.);
#17598=CARTESIAN_POINT('',(1.120000008561E2,-3.416187446848E1,
-9.207526216637E0));
#17599=DIRECTION('',(0.E0,-1.E0,0.E0));
#17600=DIRECTION('',(0.E0,0.E0,1.E0));
#17601=AXIS2_PLACEMENT_3D('',#17598,#17599,#17600);
#17602=PLANE('',#17601);
#17603=ORIENTED_EDGE('',*,*,#10297,.T.);
#17605=ORIENTED_EDGE('',*,*,#17604,.T.);
#17606=ORIENTED_EDGE('',*,*,#11825,.F.);
#17607=ORIENTED_EDGE('',*,*,#17591,.F.);
#17608=EDGE_LOOP('',(#17603,#17605,#17606,#17607));
#17609=FACE_OUTER_BOUND('',#17608,.F.);
#17610=ADVANCED_FACE('',(#17609),#17602,.F.);
#17611=CARTESIAN_POINT('',(1.015524993171E2,-3.341171591579E1,
-9.207526216633E0));
#17612=DIRECTION('',(1.E0,0.E0,0.E0));
#17613=DIRECTION('',(0.E0,0.E0,1.E0));
#17614=AXIS2_PLACEMENT_3D('',#17611,#17612,#17613);
#17615=PLANE('',#17614);
#17616=ORIENTED_EDGE('',*,*,#10295,.T.);
#17618=ORIENTED_EDGE('',*,*,#17617,.T.);
#17619=ORIENTED_EDGE('',*,*,#11827,.F.);
#17620=ORIENTED_EDGE('',*,*,#17604,.F.);
#17621=EDGE_LOOP('',(#17616,#17618,#17619,#17620));
#17622=FACE_OUTER_BOUND('',#17621,.F.);
#17623=ADVANCED_FACE('',(#17622),#17615,.F.);
#17624=CARTESIAN_POINT('',(1.015500008570E2,-3.266155743534E1,
-7.707526216633E0));
#17625=DIRECTION('',(0.E0,-1.E0,0.E0));
#17626=DIRECTION('',(-1.E0,0.E0,0.E0));
#17627=AXIS2_PLACEMENT_3D('',#17624,#17625,#17626);
#17628=PLANE('',#17627);
#17629=ORIENTED_EDGE('',*,*,#10293,.T.);
#17631=ORIENTED_EDGE('',*,*,#17630,.T.);
#17632=ORIENTED_EDGE('',*,*,#11829,.F.);
#17633=ORIENTED_EDGE('',*,*,#17617,.F.);
#17634=EDGE_LOOP('',(#17629,#17631,#17632,#17633));
#17635=FACE_OUTER_BOUND('',#17634,.F.);
#17636=ADVANCED_FACE('',(#17635),#17628,.F.);
#17637=CARTESIAN_POINT('',(1.033250007690E2,-3.266155743534E1,
-7.707526216633E0));
#17638=DIRECTION('',(1.E0,0.E0,0.E0));
#17639=DIRECTION('',(0.E0,-1.E0,0.E0));
#17640=AXIS2_PLACEMENT_3D('',#17637,#17638,#17639);
#17641=PLANE('',#17640);
#17642=ORIENTED_EDGE('',*,*,#10291,.T.);
#17644=ORIENTED_EDGE('',*,*,#17643,.T.);
#17645=ORIENTED_EDGE('',*,*,#11831,.F.);
#17646=ORIENTED_EDGE('',*,*,#17630,.F.);
#17647=EDGE_LOOP('',(#17642,#17644,#17645,#17646));
#17648=FACE_OUTER_BOUND('',#17647,.F.);
#17649=ADVANCED_FACE('',(#17648),#17641,.F.);
#17650=CARTESIAN_POINT('',(1.033250007690E2,-3.192151890024E1,
-7.707526216633E0));
#17651=DIRECTION('',(0.E0,-1.E0,0.E0));
#17652=DIRECTION('',(-1.E0,0.E0,0.E0));
#17653=AXIS2_PLACEMENT_3D('',#17650,#17651,#17652);
#17654=PLANE('',#17653);
#17655=ORIENTED_EDGE('',*,*,#10289,.T.);
#17657=ORIENTED_EDGE('',*,*,#17656,.T.);
#17658=ORIENTED_EDGE('',*,*,#11833,.F.);
#17659=ORIENTED_EDGE('',*,*,#17643,.F.);
#17660=EDGE_LOOP('',(#17655,#17657,#17658,#17659));
#17661=FACE_OUTER_BOUND('',#17660,.F.);
#17662=ADVANCED_FACE('',(#17661),#17654,.F.);
#17663=CARTESIAN_POINT('',(1.050000008598E2,-2.589651890284E1,
-5.907526216637E0));
#17664=DIRECTION('',(-1.E0,0.E0,0.E0));
#17665=DIRECTION('',(0.E0,0.E0,-1.E0));
#17666=AXIS2_PLACEMENT_3D('',#17663,#17664,#17665);
#17667=PLANE('',#17666);
#17668=ORIENTED_EDGE('',*,*,#17656,.F.);
#17669=ORIENTED_EDGE('',*,*,#10359,.T.);
#17671=ORIENTED_EDGE('',*,*,#17670,.T.);
#17672=ORIENTED_EDGE('',*,*,#11835,.F.);
#17673=EDGE_LOOP('',(#17668,#17669,#17671,#17672));
#17674=FACE_OUTER_BOUND('',#17673,.F.);
#17675=ADVANCED_FACE('',(#17674),#17667,.F.);
#17676=CARTESIAN_POINT('',(1.120000008598E2,-3.289651890285E1,
-5.907526216637E0));
#17677=DIRECTION('',(0.E0,-1.E0,0.E0));
#17678=DIRECTION('',(0.E0,0.E0,1.E0));
#17679=AXIS2_PLACEMENT_3D('',#17676,#17677,#17678);
#17680=PLANE('',#17679);
#17681=ORIENTED_EDGE('',*,*,#10357,.T.);
#17683=ORIENTED_EDGE('',*,*,#17682,.T.);
#17684=ORIENTED_EDGE('',*,*,#11837,.F.);
#17685=ORIENTED_EDGE('',*,*,#17670,.F.);
#17686=EDGE_LOOP('',(#17681,#17683,#17684,#17685));
#17687=FACE_OUTER_BOUND('',#17686,.F.);
#17688=ADVANCED_FACE('',(#17687),#17680,.F.);
#17689=CARTESIAN_POINT('',(1.190000008598E2,-2.589651890284E1,
-5.907526216637E0));
#17690=DIRECTION('',(1.E0,0.E0,0.E0));
#17691=DIRECTION('',(0.E0,0.E0,1.E0));
#17692=AXIS2_PLACEMENT_3D('',#17689,#17690,#17691);
#17693=PLANE('',#17692);
#17695=ORIENTED_EDGE('',*,*,#17694,.F.);
#17696=ORIENTED_EDGE('',*,*,#11839,.F.);
#17697=ORIENTED_EDGE('',*,*,#17682,.F.);
#17698=ORIENTED_EDGE('',*,*,#10355,.T.);
#17699=EDGE_LOOP('',(#17695,#17696,#17697,#17698));
#17700=FACE_OUTER_BOUND('',#17699,.F.);
#17701=ADVANCED_FACE('',(#17700),#17693,.F.);
#17702=CARTESIAN_POINT('',(1.189750008532E2,-3.192151890024E1,
-7.707526216633E0));
#17703=DIRECTION('',(0.E0,-1.E0,0.E0));
#17704=DIRECTION('',(-1.E0,0.E0,0.E0));
#17705=AXIS2_PLACEMENT_3D('',#17702,#17703,#17704);
#17706=PLANE('',#17705);
#17707=ORIENTED_EDGE('',*,*,#10353,.T.);
#17708=ORIENTED_EDGE('',*,*,#17255,.T.);
#17709=ORIENTED_EDGE('',*,*,#11841,.F.);
#17710=ORIENTED_EDGE('',*,*,#17694,.T.);
#17711=EDGE_LOOP('',(#17707,#17708,#17709,#17710));
#17712=FACE_OUTER_BOUND('',#17711,.F.);
#17713=ADVANCED_FACE('',(#17712),#17706,.F.);
#17714=CARTESIAN_POINT('',(-2.142499926708E1,3.605348109843E1,
-5.907526216637E0));
#17715=DIRECTION('',(1.E0,0.E0,0.E0));
#17716=DIRECTION('',(0.E0,0.E0,1.E0));
#17717=AXIS2_PLACEMENT_3D('',#17714,#17715,#17716);
#17718=PLANE('',#17717);
#17719=ORIENTED_EDGE('',*,*,#10265,.T.);
#17721=ORIENTED_EDGE('',*,*,#17720,.T.);
#17722=ORIENTED_EDGE('',*,*,#11845,.F.);
#17724=ORIENTED_EDGE('',*,*,#17723,.F.);
#17725=EDGE_LOOP('',(#17719,#17721,#17722,#17724));
#17726=FACE_OUTER_BOUND('',#17725,.F.);
#17727=ADVANCED_FACE('',(#17726),#17718,.F.);
#17728=CARTESIAN_POINT('',(-2.842499926708E1,4.305348109843E1,
-5.907526216637E0));
#17729=DIRECTION('',(0.E0,1.E0,0.E0));
#17730=DIRECTION('',(0.E0,0.E0,-1.E0));
#17731=AXIS2_PLACEMENT_3D('',#17728,#17729,#17730);
#17732=PLANE('',#17731);
#17733=ORIENTED_EDGE('',*,*,#10263,.T.);
#17735=ORIENTED_EDGE('',*,*,#17734,.T.);
#17736=ORIENTED_EDGE('',*,*,#11847,.F.);
#17737=ORIENTED_EDGE('',*,*,#17720,.F.);
#17738=EDGE_LOOP('',(#17733,#17735,#17736,#17737));
#17739=FACE_OUTER_BOUND('',#17738,.F.);
#17740=ADVANCED_FACE('',(#17739),#17732,.F.);
#17741=CARTESIAN_POINT('',(-3.542499926708E1,3.605348109843E1,
-5.907526216637E0));
#17742=DIRECTION('',(-1.E0,0.E0,0.E0));
#17743=DIRECTION('',(0.E0,0.E0,-1.E0));
#17744=AXIS2_PLACEMENT_3D('',#17741,#17742,#17743);
#17745=PLANE('',#17744);
#17746=ORIENTED_EDGE('',*,*,#10261,.T.);
#17748=ORIENTED_EDGE('',*,*,#17747,.T.);
#17749=ORIENTED_EDGE('',*,*,#11849,.F.);
#17750=ORIENTED_EDGE('',*,*,#17734,.F.);
#17751=EDGE_LOOP('',(#17746,#17748,#17749,#17750));
#17752=FACE_OUTER_BOUND('',#17751,.F.);
#17753=ADVANCED_FACE('',(#17752),#17745,.F.);
#17754=CARTESIAN_POINT('',(-2.842499926708E1,2.905348109842E1,
-5.907526216637E0));
#17755=DIRECTION('',(0.E0,-1.E0,0.E0));
#17756=DIRECTION('',(0.E0,0.E0,1.E0));
#17757=AXIS2_PLACEMENT_3D('',#17754,#17755,#17756);
#17758=PLANE('',#17757);
#17759=ORIENTED_EDGE('',*,*,#10259,.T.);
#17760=ORIENTED_EDGE('',*,*,#17723,.T.);
#17761=ORIENTED_EDGE('',*,*,#11851,.F.);
#17762=ORIENTED_EDGE('',*,*,#17747,.F.);
#17763=EDGE_LOOP('',(#17759,#17760,#17761,#17762));
#17764=FACE_OUTER_BOUND('',#17763,.F.);
#17765=ADVANCED_FACE('',(#17764),#17758,.F.);
#17766=CARTESIAN_POINT('',(-1.199999914108E1,-6.846518901705E0,
-5.907526216637E0));
#17767=DIRECTION('',(1.E0,0.E0,0.E0));
#17768=DIRECTION('',(0.E0,0.E0,1.E0));
#17769=AXIS2_PLACEMENT_3D('',#17766,#17767,#17768);
#17770=PLANE('',#17769);
#17771=ORIENTED_EDGE('',*,*,#10275,.T.);
#17773=ORIENTED_EDGE('',*,*,#17772,.T.);
#17774=ORIENTED_EDGE('',*,*,#11855,.F.);
#17776=ORIENTED_EDGE('',*,*,#17775,.F.);
#17777=EDGE_LOOP('',(#17771,#17773,#17774,#17776));
#17778=FACE_OUTER_BOUND('',#17777,.F.);
#17779=ADVANCED_FACE('',(#17778),#17770,.F.);
#17780=CARTESIAN_POINT('',(-1.899999914108E1,1.534810982963E-1,
-5.907526216637E0));
#17781=DIRECTION('',(0.E0,1.E0,0.E0));
#17782=DIRECTION('',(0.E0,0.E0,-1.E0));
#17783=AXIS2_PLACEMENT_3D('',#17780,#17781,#17782);
#17784=PLANE('',#17783);
#17785=ORIENTED_EDGE('',*,*,#10273,.T.);
#17787=ORIENTED_EDGE('',*,*,#17786,.T.);
#17788=ORIENTED_EDGE('',*,*,#11857,.F.);
#17789=ORIENTED_EDGE('',*,*,#17772,.F.);
#17790=EDGE_LOOP('',(#17785,#17787,#17788,#17789));
#17791=FACE_OUTER_BOUND('',#17790,.F.);
#17792=ADVANCED_FACE('',(#17791),#17784,.F.);
#17793=CARTESIAN_POINT('',(-2.599999914108E1,-6.846518901705E0,
-5.907526216637E0));
#17794=DIRECTION('',(-1.E0,0.E0,0.E0));
#17795=DIRECTION('',(0.E0,0.E0,-1.E0));
#17796=AXIS2_PLACEMENT_3D('',#17793,#17794,#17795);
#17797=PLANE('',#17796);
#17798=ORIENTED_EDGE('',*,*,#10271,.T.);
#17800=ORIENTED_EDGE('',*,*,#17799,.T.);
#17801=ORIENTED_EDGE('',*,*,#11859,.F.);
#17802=ORIENTED_EDGE('',*,*,#17786,.F.);
#17803=EDGE_LOOP('',(#17798,#17800,#17801,#17802));
#17804=FACE_OUTER_BOUND('',#17803,.F.);
#17805=ADVANCED_FACE('',(#17804),#17797,.F.);
#17806=CARTESIAN_POINT('',(-1.899999914108E1,-1.384651890171E1,
-5.907526216637E0));
#17807=DIRECTION('',(0.E0,-1.E0,0.E0));
#17808=DIRECTION('',(0.E0,0.E0,1.E0));
#17809=AXIS2_PLACEMENT_3D('',#17806,#17807,#17808);
#17810=PLANE('',#17809);
#17811=ORIENTED_EDGE('',*,*,#10269,.T.);
#17812=ORIENTED_EDGE('',*,*,#17775,.T.);
#17813=ORIENTED_EDGE('',*,*,#11861,.F.);
#17814=ORIENTED_EDGE('',*,*,#17799,.F.);
#17815=EDGE_LOOP('',(#17811,#17812,#17813,#17814));
#17816=FACE_OUTER_BOUND('',#17815,.F.);
#17817=ADVANCED_FACE('',(#17816),#17810,.F.);
#17818=CARTESIAN_POINT('',(1.180000086103E1,-2.589651890174E1,
-5.907526216637E0));
#17819=DIRECTION('',(1.E0,0.E0,0.E0));
#17820=DIRECTION('',(0.E0,0.E0,1.E0));
#17821=AXIS2_PLACEMENT_3D('',#17818,#17819,#17820);
#17822=PLANE('',#17821);
#17823=ORIENTED_EDGE('',*,*,#10285,.T.);
#17825=ORIENTED_EDGE('',*,*,#17824,.T.);
#17826=ORIENTED_EDGE('',*,*,#11865,.F.);
#17828=ORIENTED_EDGE('',*,*,#17827,.F.);
#17829=EDGE_LOOP('',(#17823,#17825,#17826,#17828));
#17830=FACE_OUTER_BOUND('',#17829,.F.);
#17831=ADVANCED_FACE('',(#17830),#17822,.F.);
#17832=CARTESIAN_POINT('',(4.800000861030E0,-1.889651890174E1,
-5.907526216637E0));
#17833=DIRECTION('',(0.E0,1.E0,0.E0));
#17834=DIRECTION('',(0.E0,0.E0,-1.E0));
#17835=AXIS2_PLACEMENT_3D('',#17832,#17833,#17834);
#17836=PLANE('',#17835);
#17837=ORIENTED_EDGE('',*,*,#10283,.T.);
#17839=ORIENTED_EDGE('',*,*,#17838,.T.);
#17840=ORIENTED_EDGE('',*,*,#11867,.F.);
#17841=ORIENTED_EDGE('',*,*,#17824,.F.);
#17842=EDGE_LOOP('',(#17837,#17839,#17840,#17841));
#17843=FACE_OUTER_BOUND('',#17842,.F.);
#17844=ADVANCED_FACE('',(#17843),#17836,.F.);
#17845=CARTESIAN_POINT('',(-2.199999138970E0,-2.589651890174E1,
-5.907526216637E0));
#17846=DIRECTION('',(-1.E0,0.E0,0.E0));
#17847=DIRECTION('',(0.E0,0.E0,-1.E0));
#17848=AXIS2_PLACEMENT_3D('',#17845,#17846,#17847);
#17849=PLANE('',#17848);
#17850=ORIENTED_EDGE('',*,*,#10281,.T.);
#17852=ORIENTED_EDGE('',*,*,#17851,.T.);
#17853=ORIENTED_EDGE('',*,*,#11869,.F.);
#17854=ORIENTED_EDGE('',*,*,#17838,.F.);
#17855=EDGE_LOOP('',(#17850,#17852,#17853,#17854));
#17856=FACE_OUTER_BOUND('',#17855,.F.);
#17857=ADVANCED_FACE('',(#17856),#17849,.F.);
#17858=CARTESIAN_POINT('',(4.800000861030E0,-3.289651890175E1,
-5.907526216637E0));
#17859=DIRECTION('',(0.E0,-1.E0,0.E0));
#17860=DIRECTION('',(0.E0,0.E0,1.E0));
#17861=AXIS2_PLACEMENT_3D('',#17858,#17859,#17860);
#17862=PLANE('',#17861);
#17863=ORIENTED_EDGE('',*,*,#10279,.T.);
#17864=ORIENTED_EDGE('',*,*,#17827,.T.);
#17865=ORIENTED_EDGE('',*,*,#11871,.F.);
#17866=ORIENTED_EDGE('',*,*,#17851,.F.);
#17867=EDGE_LOOP('',(#17863,#17864,#17865,#17866));
#17868=FACE_OUTER_BOUND('',#17867,.F.);
#17869=ADVANCED_FACE('',(#17868),#17862,.F.);
#17870=CARTESIAN_POINT('',(1.508518288489E2,-7.229926506702E1,
-1.657526216634E0));
#17871=DIRECTION('',(0.E0,0.E0,1.E0));
#17872=DIRECTION('',(-1.E0,0.E0,0.E0));
#17873=AXIS2_PLACEMENT_3D('',#17870,#17871,#17872);
#17874=CYLINDRICAL_SURFACE('',#17873,2.5E0);
#17875=ORIENTED_EDGE('',*,*,#9417,.T.);
#17877=ORIENTED_EDGE('',*,*,#17876,.F.);
#17878=ORIENTED_EDGE('',*,*,#10555,.T.);
#17880=ORIENTED_EDGE('',*,*,#17879,.F.);
#17881=EDGE_LOOP('',(#17875,#17877,#17878,#17880));
#17882=FACE_OUTER_BOUND('',#17881,.F.);
#17883=ADVANCED_FACE('',(#17882),#17874,.T.);
#17884=CARTESIAN_POINT('',(-8.333333333343E1,-7.479926506702E1,
-1.657526216635E0));
#17885=DIRECTION('',(0.E0,-1.E0,0.E0));
#17886=DIRECTION('',(0.E0,0.E0,1.E0));
#17887=AXIS2_PLACEMENT_3D('',#17884,#17885,#17886);
#17888=PLANE('',#17887);
#17889=ORIENTED_EDGE('',*,*,#10557,.F.);
#17890=ORIENTED_EDGE('',*,*,#17876,.T.);
#17891=ORIENTED_EDGE('',*,*,#9415,.T.);
#17893=ORIENTED_EDGE('',*,*,#17892,.T.);
#17894=EDGE_LOOP('',(#17889,#17890,#17891,#17893));
#17895=FACE_OUTER_BOUND('',#17894,.F.);
#17896=ADVANCED_FACE('',(#17895),#17888,.T.);
#17897=CARTESIAN_POINT('',(1.299999999999E2,-7.679926506702E1,
-1.657526216634E0));
#17898=DIRECTION('',(0.E0,0.E0,1.E0));
#17899=DIRECTION('',(0.E0,-1.E0,0.E0));
#17900=AXIS2_PLACEMENT_3D('',#17897,#17898,#17899);
#17901=CYLINDRICAL_SURFACE('',#17900,2.E0);
#17902=ORIENTED_EDGE('',*,*,#17892,.F.);
#17903=ORIENTED_EDGE('',*,*,#9413,.T.);
#17905=ORIENTED_EDGE('',*,*,#17904,.F.);
#17906=ORIENTED_EDGE('',*,*,#10559,.T.);
#17907=EDGE_LOOP('',(#17902,#17903,#17905,#17906));
#17908=FACE_OUTER_BOUND('',#17907,.F.);
#17909=ADVANCED_FACE('',(#17908),#17901,.F.);
#17910=CARTESIAN_POINT('',(1.039999999999E2,-7.879926506702E1,
-2.407526216634E0));
#17911=DIRECTION('',(0.E0,1.E0,0.E0));
#17912=DIRECTION('',(0.E0,0.E0,-1.E0));
#17913=AXIS2_PLACEMENT_3D('',#17910,#17911,#17912);
#17914=PLANE('',#17913);
#17915=ORIENTED_EDGE('',*,*,#9411,.F.);
#17917=ORIENTED_EDGE('',*,*,#17916,.T.);
#17918=ORIENTED_EDGE('',*,*,#10561,.F.);
#17919=ORIENTED_EDGE('',*,*,#17904,.T.);
#17920=EDGE_LOOP('',(#17915,#17917,#17918,#17919));
#17921=FACE_OUTER_BOUND('',#17920,.F.);
#17922=ADVANCED_FACE('',(#17921),#17914,.T.);
#17923=CARTESIAN_POINT('',(1.424999999999E2,-8.029926506702E1,
-2.407526216634E0));
#17924=DIRECTION('',(0.E0,0.E0,1.E0));
#17925=DIRECTION('',(0.E0,1.E0,0.E0));
#17926=AXIS2_PLACEMENT_3D('',#17923,#17924,#17925);
#17927=CYLINDRICAL_SURFACE('',#17926,1.5E0);
#17928=ORIENTED_EDGE('',*,*,#10563,.T.);
#17929=ORIENTED_EDGE('',*,*,#17916,.F.);
#17930=ORIENTED_EDGE('',*,*,#9409,.T.);
#17932=ORIENTED_EDGE('',*,*,#17931,.F.);
#17933=EDGE_LOOP('',(#17928,#17929,#17930,#17932));
#17934=FACE_OUTER_BOUND('',#17933,.F.);
#17935=ADVANCED_FACE('',(#17934),#17927,.T.);
#17936=CARTESIAN_POINT('',(1.039999999999E2,-8.179926506702E1,
-2.407526216634E0));
#17937=DIRECTION('',(0.E0,-1.E0,0.E0));
#17938=DIRECTION('',(0.E0,0.E0,1.E0));
#17939=AXIS2_PLACEMENT_3D('',#17936,#17937,#17938);
#17940=PLANE('',#17939);
#17941=ORIENTED_EDGE('',*,*,#10565,.F.);
#17942=ORIENTED_EDGE('',*,*,#17931,.T.);
#17943=ORIENTED_EDGE('',*,*,#9407,.F.);
#17945=ORIENTED_EDGE('',*,*,#17944,.T.);
#17946=EDGE_LOOP('',(#17941,#17942,#17943,#17945));
#17947=FACE_OUTER_BOUND('',#17946,.F.);
#17948=ADVANCED_FACE('',(#17947),#17940,.T.);
#17949=CARTESIAN_POINT('',(1.074999999999E2,-8.029926506702E1,
-2.407526216634E0));
#17950=DIRECTION('',(0.E0,0.E0,1.E0));
#17951=DIRECTION('',(0.E0,1.E0,0.E0));
#17952=AXIS2_PLACEMENT_3D('',#17949,#17950,#17951);
#17953=CYLINDRICAL_SURFACE('',#17952,1.5E0);
#17954=ORIENTED_EDGE('',*,*,#10567,.T.);
#17955=ORIENTED_EDGE('',*,*,#17944,.F.);
#17956=ORIENTED_EDGE('',*,*,#9405,.T.);
#17958=ORIENTED_EDGE('',*,*,#17957,.F.);
#17959=EDGE_LOOP('',(#17954,#17955,#17956,#17958));
#17960=FACE_OUTER_BOUND('',#17959,.F.);
#17961=ADVANCED_FACE('',(#17960),#17953,.T.);
#17962=CARTESIAN_POINT('',(1.039999999999E2,-7.879926506702E1,
-2.407526216634E0));
#17963=DIRECTION('',(0.E0,1.E0,0.E0));
#17964=DIRECTION('',(0.E0,0.E0,-1.E0));
#17965=AXIS2_PLACEMENT_3D('',#17962,#17963,#17964);
#17966=PLANE('',#17965);
#17967=ORIENTED_EDGE('',*,*,#10569,.F.);
#17968=ORIENTED_EDGE('',*,*,#17957,.T.);
#17969=ORIENTED_EDGE('',*,*,#9403,.F.);
#17971=ORIENTED_EDGE('',*,*,#17970,.T.);
#17972=EDGE_LOOP('',(#17967,#17968,#17969,#17971));
#17973=FACE_OUTER_BOUND('',#17972,.F.);
#17974=ADVANCED_FACE('',(#17973),#17966,.T.);
#17975=CARTESIAN_POINT('',(1.199999999999E2,-7.679926506702E1,
-1.657526216634E0));
#17976=DIRECTION('',(0.E0,0.E0,-1.E0));
#17977=DIRECTION('',(0.E0,1.E0,0.E0));
#17978=AXIS2_PLACEMENT_3D('',#17975,#17976,#17977);
#17979=CYLINDRICAL_SURFACE('',#17978,2.E0);
#17981=ORIENTED_EDGE('',*,*,#17980,.F.);
#17982=ORIENTED_EDGE('',*,*,#10573,.T.);
#17983=ORIENTED_EDGE('',*,*,#10571,.T.);
#17984=ORIENTED_EDGE('',*,*,#17970,.F.);
#17985=ORIENTED_EDGE('',*,*,#9401,.T.);
#17986=EDGE_LOOP('',(#17981,#17982,#17983,#17984,#17985));
#17987=FACE_OUTER_BOUND('',#17986,.F.);
#17988=ADVANCED_FACE('',(#17987),#17979,.F.);
#17989=CARTESIAN_POINT('',(-8.333333333343E1,-7.479926506702E1,
-1.657526216635E0));
#17990=DIRECTION('',(0.E0,-1.E0,0.E0));
#17991=DIRECTION('',(0.E0,0.E0,1.E0));
#17992=AXIS2_PLACEMENT_3D('',#17989,#17990,#17991);
#17993=PLANE('',#17992);
#17994=ORIENTED_EDGE('',*,*,#9399,.T.);
#17996=ORIENTED_EDGE('',*,*,#17995,.T.);
#17997=ORIENTED_EDGE('',*,*,#10575,.F.);
#17998=ORIENTED_EDGE('',*,*,#17980,.T.);
#17999=EDGE_LOOP('',(#17994,#17996,#17997,#17998));
#18000=FACE_OUTER_BOUND('',#17999,.F.);
#18001=ADVANCED_FACE('',(#18000),#17993,.T.);
#18002=CARTESIAN_POINT('',(4.666666666657E1,-7.679926506702E1,
-1.657526216634E0));
#18003=DIRECTION('',(0.E0,0.E0,1.E0));
#18004=DIRECTION('',(0.E0,-1.E0,0.E0));
#18005=AXIS2_PLACEMENT_3D('',#18002,#18003,#18004);
#18006=CYLINDRICAL_SURFACE('',#18005,2.E0);
#18007=ORIENTED_EDGE('',*,*,#17995,.F.);
#18008=ORIENTED_EDGE('',*,*,#9397,.T.);
#18010=ORIENTED_EDGE('',*,*,#18009,.F.);
#18011=ORIENTED_EDGE('',*,*,#10577,.T.);
#18012=EDGE_LOOP('',(#18007,#18008,#18010,#18011));
#18013=FACE_OUTER_BOUND('',#18012,.F.);
#18014=ADVANCED_FACE('',(#18013),#18006,.F.);
#18015=CARTESIAN_POINT('',(2.066666666657E1,-7.879926506702E1,
-2.407526216634E0));
#18016=DIRECTION('',(0.E0,1.E0,0.E0));
#18017=DIRECTION('',(0.E0,0.E0,-1.E0));
#18018=AXIS2_PLACEMENT_3D('',#18015,#18016,#18017);
#18019=PLANE('',#18018);
#18020=ORIENTED_EDGE('',*,*,#9395,.F.);
#18022=ORIENTED_EDGE('',*,*,#18021,.T.);
#18023=ORIENTED_EDGE('',*,*,#10579,.F.);
#18024=ORIENTED_EDGE('',*,*,#18009,.T.);
#18025=EDGE_LOOP('',(#18020,#18022,#18023,#18024));
#18026=FACE_OUTER_BOUND('',#18025,.F.);
#18027=ADVANCED_FACE('',(#18026),#18019,.T.);
#18028=CARTESIAN_POINT('',(5.916666666657E1,-8.029926506702E1,
-2.407526216634E0));
#18029=DIRECTION('',(0.E0,0.E0,1.E0));
#18030=DIRECTION('',(0.E0,1.E0,0.E0));
#18031=AXIS2_PLACEMENT_3D('',#18028,#18029,#18030);
#18032=CYLINDRICAL_SURFACE('',#18031,1.5E0);
#18033=ORIENTED_EDGE('',*,*,#10581,.T.);
#18034=ORIENTED_EDGE('',*,*,#18021,.F.);
#18035=ORIENTED_EDGE('',*,*,#9393,.T.);
#18037=ORIENTED_EDGE('',*,*,#18036,.F.);
#18038=EDGE_LOOP('',(#18033,#18034,#18035,#18037));
#18039=FACE_OUTER_BOUND('',#18038,.F.);
#18040=ADVANCED_FACE('',(#18039),#18032,.T.);
#18041=CARTESIAN_POINT('',(2.066666666657E1,-8.179926506702E1,
-2.407526216634E0));
#18042=DIRECTION('',(0.E0,-1.E0,0.E0));
#18043=DIRECTION('',(0.E0,0.E0,1.E0));
#18044=AXIS2_PLACEMENT_3D('',#18041,#18042,#18043);
#18045=PLANE('',#18044);
#18046=ORIENTED_EDGE('',*,*,#10583,.F.);
#18047=ORIENTED_EDGE('',*,*,#18036,.T.);
#18048=ORIENTED_EDGE('',*,*,#9391,.F.);
#18050=ORIENTED_EDGE('',*,*,#18049,.T.);
#18051=EDGE_LOOP('',(#18046,#18047,#18048,#18050));
#18052=FACE_OUTER_BOUND('',#18051,.F.);
#18053=ADVANCED_FACE('',(#18052),#18045,.T.);
#18054=CARTESIAN_POINT('',(2.416666666657E1,-8.029926506702E1,
-2.407526216634E0));
#18055=DIRECTION('',(0.E0,0.E0,1.E0));
#18056=DIRECTION('',(0.E0,1.E0,0.E0));
#18057=AXIS2_PLACEMENT_3D('',#18054,#18055,#18056);
#18058=CYLINDRICAL_SURFACE('',#18057,1.5E0);
#18059=ORIENTED_EDGE('',*,*,#10585,.T.);
#18060=ORIENTED_EDGE('',*,*,#18049,.F.);
#18061=ORIENTED_EDGE('',*,*,#9389,.T.);
#18063=ORIENTED_EDGE('',*,*,#18062,.F.);
#18064=EDGE_LOOP('',(#18059,#18060,#18061,#18063));
#18065=FACE_OUTER_BOUND('',#18064,.F.);
#18066=ADVANCED_FACE('',(#18065),#18058,.T.);
#18067=CARTESIAN_POINT('',(2.066666666657E1,-7.879926506702E1,
-2.407526216634E0));
#18068=DIRECTION('',(0.E0,1.E0,0.E0));
#18069=DIRECTION('',(0.E0,0.E0,-1.E0));
#18070=AXIS2_PLACEMENT_3D('',#18067,#18068,#18069);
#18071=PLANE('',#18070);
#18072=ORIENTED_EDGE('',*,*,#10587,.F.);
#18073=ORIENTED_EDGE('',*,*,#18062,.T.);
#18074=ORIENTED_EDGE('',*,*,#9387,.F.);
#18076=ORIENTED_EDGE('',*,*,#18075,.T.);
#18077=EDGE_LOOP('',(#18072,#18073,#18074,#18076));
#18078=FACE_OUTER_BOUND('',#18077,.F.);
#18079=ADVANCED_FACE('',(#18078),#18071,.T.);
#18080=CARTESIAN_POINT('',(3.666666666657E1,-7.679926506702E1,
-1.657526216634E0));
#18081=DIRECTION('',(0.E0,0.E0,-1.E0));
#18082=DIRECTION('',(0.E0,1.E0,0.E0));
#18083=AXIS2_PLACEMENT_3D('',#18080,#18081,#18082);
#18084=CYLINDRICAL_SURFACE('',#18083,2.E0);
#18086=ORIENTED_EDGE('',*,*,#18085,.F.);
#18087=ORIENTED_EDGE('',*,*,#10591,.T.);
#18088=ORIENTED_EDGE('',*,*,#10589,.T.);
#18089=ORIENTED_EDGE('',*,*,#18075,.F.);
#18090=ORIENTED_EDGE('',*,*,#9385,.T.);
#18091=EDGE_LOOP('',(#18086,#18087,#18088,#18089,#18090));
#18092=FACE_OUTER_BOUND('',#18091,.F.);
#18093=ADVANCED_FACE('',(#18092),#18084,.F.);
#18094=CARTESIAN_POINT('',(-8.333333333343E1,-7.479926506702E1,
-1.657526216635E0));
#18095=DIRECTION('',(0.E0,-1.E0,0.E0));
#18096=DIRECTION('',(0.E0,0.E0,1.E0));
#18097=AXIS2_PLACEMENT_3D('',#18094,#18095,#18096);
#18098=PLANE('',#18097);
#18099=ORIENTED_EDGE('',*,*,#9383,.T.);
#18101=ORIENTED_EDGE('',*,*,#18100,.T.);
#18102=ORIENTED_EDGE('',*,*,#10593,.F.);
#18103=ORIENTED_EDGE('',*,*,#18085,.T.);
#18104=EDGE_LOOP('',(#18099,#18101,#18102,#18103));
#18105=FACE_OUTER_BOUND('',#18104,.F.);
#18106=ADVANCED_FACE('',(#18105),#18098,.T.);
#18107=CARTESIAN_POINT('',(-3.666666666676E1,-7.679926506702E1,
-1.657526216634E0));
#18108=DIRECTION('',(0.E0,0.E0,1.E0));
#18109=DIRECTION('',(0.E0,-1.E0,0.E0));
#18110=AXIS2_PLACEMENT_3D('',#18107,#18108,#18109);
#18111=CYLINDRICAL_SURFACE('',#18110,2.E0);
#18112=ORIENTED_EDGE('',*,*,#18100,.F.);
#18113=ORIENTED_EDGE('',*,*,#9381,.T.);
#18115=ORIENTED_EDGE('',*,*,#18114,.F.);
#18116=ORIENTED_EDGE('',*,*,#10595,.T.);
#18117=EDGE_LOOP('',(#18112,#18113,#18115,#18116));
#18118=FACE_OUTER_BOUND('',#18117,.F.);
#18119=ADVANCED_FACE('',(#18118),#18111,.F.);
#18120=CARTESIAN_POINT('',(-6.266666666676E1,-7.879926506702E1,
-2.407526216634E0));
#18121=DIRECTION('',(0.E0,1.E0,0.E0));
#18122=DIRECTION('',(0.E0,0.E0,-1.E0));
#18123=AXIS2_PLACEMENT_3D('',#18120,#18121,#18122);
#18124=PLANE('',#18123);
#18125=ORIENTED_EDGE('',*,*,#9379,.F.);
#18127=ORIENTED_EDGE('',*,*,#18126,.T.);
#18128=ORIENTED_EDGE('',*,*,#10597,.F.);
#18129=ORIENTED_EDGE('',*,*,#18114,.T.);
#18130=EDGE_LOOP('',(#18125,#18127,#18128,#18129));
#18131=FACE_OUTER_BOUND('',#18130,.F.);
#18132=ADVANCED_FACE('',(#18131),#18124,.T.);
#18133=CARTESIAN_POINT('',(-2.416666666676E1,-8.029926506702E1,
-2.407526216634E0));
#18134=DIRECTION('',(0.E0,0.E0,1.E0));
#18135=DIRECTION('',(0.E0,1.E0,0.E0));
#18136=AXIS2_PLACEMENT_3D('',#18133,#18134,#18135);
#18137=CYLINDRICAL_SURFACE('',#18136,1.5E0);
#18138=ORIENTED_EDGE('',*,*,#10599,.T.);
#18139=ORIENTED_EDGE('',*,*,#18126,.F.);
#18140=ORIENTED_EDGE('',*,*,#9377,.T.);
#18142=ORIENTED_EDGE('',*,*,#18141,.F.);
#18143=EDGE_LOOP('',(#18138,#18139,#18140,#18142));
#18144=FACE_OUTER_BOUND('',#18143,.F.);
#18145=ADVANCED_FACE('',(#18144),#18137,.T.);
#18146=CARTESIAN_POINT('',(-6.266666666676E1,-8.179926506702E1,
-2.407526216634E0));
#18147=DIRECTION('',(0.E0,-1.E0,0.E0));
#18148=DIRECTION('',(0.E0,0.E0,1.E0));
#18149=AXIS2_PLACEMENT_3D('',#18146,#18147,#18148);
#18150=PLANE('',#18149);
#18151=ORIENTED_EDGE('',*,*,#10601,.F.);
#18152=ORIENTED_EDGE('',*,*,#18141,.T.);
#18153=ORIENTED_EDGE('',*,*,#9375,.F.);
#18155=ORIENTED_EDGE('',*,*,#18154,.T.);
#18156=EDGE_LOOP('',(#18151,#18152,#18153,#18155));
#18157=FACE_OUTER_BOUND('',#18156,.F.);
#18158=ADVANCED_FACE('',(#18157),#18150,.T.);
#18159=CARTESIAN_POINT('',(-5.916666666676E1,-8.029926506702E1,
-2.407526216634E0));
#18160=DIRECTION('',(0.E0,0.E0,1.E0));
#18161=DIRECTION('',(0.E0,1.E0,0.E0));
#18162=AXIS2_PLACEMENT_3D('',#18159,#18160,#18161);
#18163=CYLINDRICAL_SURFACE('',#18162,1.5E0);
#18164=ORIENTED_EDGE('',*,*,#10603,.T.);
#18165=ORIENTED_EDGE('',*,*,#18154,.F.);
#18166=ORIENTED_EDGE('',*,*,#9373,.T.);
#18168=ORIENTED_EDGE('',*,*,#18167,.F.);
#18169=EDGE_LOOP('',(#18164,#18165,#18166,#18168));
#18170=FACE_OUTER_BOUND('',#18169,.F.);
#18171=ADVANCED_FACE('',(#18170),#18163,.T.);
#18172=CARTESIAN_POINT('',(-6.266666666676E1,-7.879926506702E1,
-2.407526216634E0));
#18173=DIRECTION('',(0.E0,1.E0,0.E0));
#18174=DIRECTION('',(0.E0,0.E0,-1.E0));
#18175=AXIS2_PLACEMENT_3D('',#18172,#18173,#18174);
#18176=PLANE('',#18175);
#18177=ORIENTED_EDGE('',*,*,#10605,.F.);
#18178=ORIENTED_EDGE('',*,*,#18167,.T.);
#18179=ORIENTED_EDGE('',*,*,#9371,.F.);
#18181=ORIENTED_EDGE('',*,*,#18180,.T.);
#18182=EDGE_LOOP('',(#18177,#18178,#18179,#18181));
#18183=FACE_OUTER_BOUND('',#18182,.F.);
#18184=ADVANCED_FACE('',(#18183),#18176,.T.);
#18185=CARTESIAN_POINT('',(-4.666666666676E1,-7.679926506702E1,
-1.657526216634E0));
#18186=DIRECTION('',(0.E0,0.E0,-1.E0));
#18187=DIRECTION('',(0.E0,1.E0,0.E0));
#18188=AXIS2_PLACEMENT_3D('',#18185,#18186,#18187);
#18189=CYLINDRICAL_SURFACE('',#18188,2.E0);
#18191=ORIENTED_EDGE('',*,*,#18190,.F.);
#18192=ORIENTED_EDGE('',*,*,#10609,.T.);
#18193=ORIENTED_EDGE('',*,*,#10607,.T.);
#18194=ORIENTED_EDGE('',*,*,#18180,.F.);
#18195=ORIENTED_EDGE('',*,*,#9369,.T.);
#18196=EDGE_LOOP('',(#18191,#18192,#18193,#18194,#18195));
#18197=FACE_OUTER_BOUND('',#18196,.F.);
#18198=ADVANCED_FACE('',(#18197),#18189,.F.);
#18199=CARTESIAN_POINT('',(-8.333333333343E1,-7.479926506702E1,
-1.657526216635E0));
#18200=DIRECTION('',(0.E0,-1.E0,0.E0));
#18201=DIRECTION('',(0.E0,0.E0,1.E0));
#18202=AXIS2_PLACEMENT_3D('',#18199,#18200,#18201);
#18203=PLANE('',#18202);
#18204=ORIENTED_EDGE('',*,*,#9367,.T.);
#18206=ORIENTED_EDGE('',*,*,#18205,.T.);
#18207=ORIENTED_EDGE('',*,*,#10611,.F.);
#18208=ORIENTED_EDGE('',*,*,#18190,.T.);
#18209=EDGE_LOOP('',(#18204,#18206,#18207,#18208));
#18210=FACE_OUTER_BOUND('',#18209,.F.);
#18211=ADVANCED_FACE('',(#18210),#18203,.T.);
#18212=CARTESIAN_POINT('',(-1.200000000001E2,-7.679926506702E1,
-1.657526216634E0));
#18213=DIRECTION('',(0.E0,0.E0,1.E0));
#18214=DIRECTION('',(0.E0,-1.E0,0.E0));
#18215=AXIS2_PLACEMENT_3D('',#18212,#18213,#18214);
#18216=CYLINDRICAL_SURFACE('',#18215,2.E0);
#18217=ORIENTED_EDGE('',*,*,#18205,.F.);
#18218=ORIENTED_EDGE('',*,*,#9365,.T.);
#18220=ORIENTED_EDGE('',*,*,#18219,.F.);
#18221=ORIENTED_EDGE('',*,*,#10613,.T.);
#18222=EDGE_LOOP('',(#18217,#18218,#18220,#18221));
#18223=FACE_OUTER_BOUND('',#18222,.F.);
#18224=ADVANCED_FACE('',(#18223),#18216,.F.);
#18225=CARTESIAN_POINT('',(-1.460000000001E2,-7.879926506702E1,
-2.407526216634E0));
#18226=DIRECTION('',(0.E0,1.E0,0.E0));
#18227=DIRECTION('',(0.E0,0.E0,-1.E0));
#18228=AXIS2_PLACEMENT_3D('',#18225,#18226,#18227);
#18229=PLANE('',#18228);
#18230=ORIENTED_EDGE('',*,*,#9363,.F.);
#18232=ORIENTED_EDGE('',*,*,#18231,.T.);
#18233=ORIENTED_EDGE('',*,*,#10615,.F.);
#18234=ORIENTED_EDGE('',*,*,#18219,.T.);
#18235=EDGE_LOOP('',(#18230,#18232,#18233,#18234));
#18236=FACE_OUTER_BOUND('',#18235,.F.);
#18237=ADVANCED_FACE('',(#18236),#18229,.T.);
#18238=CARTESIAN_POINT('',(-1.075000000001E2,-8.029926506702E1,
-2.407526216634E0));
#18239=DIRECTION('',(0.E0,0.E0,1.E0));
#18240=DIRECTION('',(0.E0,1.E0,0.E0));
#18241=AXIS2_PLACEMENT_3D('',#18238,#18239,#18240);
#18242=CYLINDRICAL_SURFACE('',#18241,1.5E0);
#18243=ORIENTED_EDGE('',*,*,#10617,.T.);
#18244=ORIENTED_EDGE('',*,*,#18231,.F.);
#18245=ORIENTED_EDGE('',*,*,#9361,.T.);
#18247=ORIENTED_EDGE('',*,*,#18246,.F.);
#18248=EDGE_LOOP('',(#18243,#18244,#18245,#18247));
#18249=FACE_OUTER_BOUND('',#18248,.F.);
#18250=ADVANCED_FACE('',(#18249),#18242,.T.);
#18251=CARTESIAN_POINT('',(-1.460000000001E2,-8.179926506702E1,
-2.407526216634E0));
#18252=DIRECTION('',(0.E0,-1.E0,0.E0));
#18253=DIRECTION('',(0.E0,0.E0,1.E0));
#18254=AXIS2_PLACEMENT_3D('',#18251,#18252,#18253);
#18255=PLANE('',#18254);
#18256=ORIENTED_EDGE('',*,*,#10619,.F.);
#18257=ORIENTED_EDGE('',*,*,#18246,.T.);
#18258=ORIENTED_EDGE('',*,*,#9359,.F.);
#18260=ORIENTED_EDGE('',*,*,#18259,.T.);
#18261=EDGE_LOOP('',(#18256,#18257,#18258,#18260));
#18262=FACE_OUTER_BOUND('',#18261,.F.);
#18263=ADVANCED_FACE('',(#18262),#18255,.T.);
#18264=CARTESIAN_POINT('',(-1.425000000001E2,-8.029926506702E1,
-2.407526216634E0));
#18265=DIRECTION('',(0.E0,0.E0,1.E0));
#18266=DIRECTION('',(0.E0,1.E0,0.E0));
#18267=AXIS2_PLACEMENT_3D('',#18264,#18265,#18266);
#18268=CYLINDRICAL_SURFACE('',#18267,1.5E0);
#18269=ORIENTED_EDGE('',*,*,#10621,.T.);
#18270=ORIENTED_EDGE('',*,*,#18259,.F.);
#18271=ORIENTED_EDGE('',*,*,#9357,.T.);
#18273=ORIENTED_EDGE('',*,*,#18272,.F.);
#18274=EDGE_LOOP('',(#18269,#18270,#18271,#18273));
#18275=FACE_OUTER_BOUND('',#18274,.F.);
#18276=ADVANCED_FACE('',(#18275),#18268,.T.);
#18277=CARTESIAN_POINT('',(-1.460000000001E2,-7.879926506702E1,
-2.407526216634E0));
#18278=DIRECTION('',(0.E0,1.E0,0.E0));
#18279=DIRECTION('',(0.E0,0.E0,-1.E0));
#18280=AXIS2_PLACEMENT_3D('',#18277,#18278,#18279);
#18281=PLANE('',#18280);
#18282=ORIENTED_EDGE('',*,*,#10623,.F.);
#18283=ORIENTED_EDGE('',*,*,#18272,.T.);
#18284=ORIENTED_EDGE('',*,*,#9355,.F.);
#18286=ORIENTED_EDGE('',*,*,#18285,.T.);
#18287=EDGE_LOOP('',(#18282,#18283,#18284,#18286));
#18288=FACE_OUTER_BOUND('',#18287,.F.);
#18289=ADVANCED_FACE('',(#18288),#18281,.T.);
#18290=CARTESIAN_POINT('',(-1.300000000001E2,-7.679926506702E1,
-1.657526216634E0));
#18291=DIRECTION('',(0.E0,0.E0,-1.E0));
#18292=DIRECTION('',(0.E0,1.E0,0.E0));
#18293=AXIS2_PLACEMENT_3D('',#18290,#18291,#18292);
#18294=CYLINDRICAL_SURFACE('',#18293,2.E0);
#18296=ORIENTED_EDGE('',*,*,#18295,.F.);
#18297=ORIENTED_EDGE('',*,*,#10627,.T.);
#18298=ORIENTED_EDGE('',*,*,#10625,.T.);
#18299=ORIENTED_EDGE('',*,*,#18285,.F.);
#18300=ORIENTED_EDGE('',*,*,#9353,.T.);
#18301=EDGE_LOOP('',(#18296,#18297,#18298,#18299,#18300));
#18302=FACE_OUTER_BOUND('',#18301,.F.);
#18303=ADVANCED_FACE('',(#18302),#18294,.F.);
#18304=CARTESIAN_POINT('',(-8.333333333343E1,-7.479926506702E1,
-1.657526216635E0));
#18305=DIRECTION('',(0.E0,-1.E0,0.E0));
#18306=DIRECTION('',(0.E0,0.E0,1.E0));
#18307=AXIS2_PLACEMENT_3D('',#18304,#18305,#18306);
#18308=PLANE('',#18307);
#18309=ORIENTED_EDGE('',*,*,#9351,.T.);
#18311=ORIENTED_EDGE('',*,*,#18310,.T.);
#18312=ORIENTED_EDGE('',*,*,#10629,.F.);
#18313=ORIENTED_EDGE('',*,*,#18295,.T.);
#18314=EDGE_LOOP('',(#18309,#18311,#18312,#18313));
#18315=FACE_OUTER_BOUND('',#18314,.F.);
#18316=ADVANCED_FACE('',(#18315),#18308,.T.);
#18317=CARTESIAN_POINT('',(-1.511481711511E2,-7.229926506702E1,
-1.657526216634E0));
#18318=DIRECTION('',(0.E0,0.E0,-1.E0));
#18319=DIRECTION('',(1.E0,0.E0,0.E0));
#18320=AXIS2_PLACEMENT_3D('',#18317,#18318,#18319);
#18321=CYLINDRICAL_SURFACE('',#18320,2.5E0);
#18322=ORIENTED_EDGE('',*,*,#10631,.T.);
#18323=ORIENTED_EDGE('',*,*,#18310,.F.);
#18324=ORIENTED_EDGE('',*,*,#9349,.T.);
#18326=ORIENTED_EDGE('',*,*,#18325,.F.);
#18327=EDGE_LOOP('',(#18322,#18323,#18324,#18326));
#18328=FACE_OUTER_BOUND('',#18327,.F.);
#18329=ADVANCED_FACE('',(#18328),#18321,.T.);
#18330=CARTESIAN_POINT('',(-1.536481711511E2,-7.157914507002E1,
-1.657526216634E0));
#18331=DIRECTION('',(-1.E0,0.E0,0.E0));
#18332=DIRECTION('',(0.E0,0.E0,-1.E0));
#18333=AXIS2_PLACEMENT_3D('',#18330,#18331,#18332);
#18334=PLANE('',#18333);
#18335=ORIENTED_EDGE('',*,*,#10633,.T.);
#18336=ORIENTED_EDGE('',*,*,#18325,.T.);
#18337=ORIENTED_EDGE('',*,*,#9347,.T.);
#18339=ORIENTED_EDGE('',*,*,#18338,.T.);
#18340=EDGE_LOOP('',(#18335,#18336,#18337,#18339));
#18341=FACE_OUTER_BOUND('',#18340,.F.);
#18342=ADVANCED_FACE('',(#18341),#18334,.T.);
#18343=CARTESIAN_POINT('',(-1.556481711511E2,-4.889926505702E1,
-1.657526216634E0));
#18344=DIRECTION('',(0.E0,0.E0,1.E0));
#18345=DIRECTION('',(-1.E0,0.E0,0.E0));
#18346=AXIS2_PLACEMENT_3D('',#18343,#18344,#18345);
#18347=CYLINDRICAL_SURFACE('',#18346,2.E0);
#18348=ORIENTED_EDGE('',*,*,#18338,.F.);
#18349=ORIENTED_EDGE('',*,*,#9345,.T.);
#18351=ORIENTED_EDGE('',*,*,#18350,.F.);
#18352=ORIENTED_EDGE('',*,*,#10635,.T.);
#18353=EDGE_LOOP('',(#18348,#18349,#18351,#18352));
#18354=FACE_OUTER_BOUND('',#18353,.F.);
#18355=ADVANCED_FACE('',(#18354),#18347,.F.);
#18356=CARTESIAN_POINT('',(-1.576481711511E2,-2.289926505702E1,
-2.407526216634E0));
#18357=DIRECTION('',(1.E0,0.E0,0.E0));
#18358=DIRECTION('',(0.E0,0.E0,-1.E0));
#18359=AXIS2_PLACEMENT_3D('',#18356,#18357,#18358);
#18360=PLANE('',#18359);
#18361=ORIENTED_EDGE('',*,*,#9343,.F.);
#18363=ORIENTED_EDGE('',*,*,#18362,.T.);
#18364=ORIENTED_EDGE('',*,*,#10637,.F.);
#18365=ORIENTED_EDGE('',*,*,#18350,.T.);
#18366=EDGE_LOOP('',(#18361,#18363,#18364,#18365));
#18367=FACE_OUTER_BOUND('',#18366,.F.);
#18368=ADVANCED_FACE('',(#18367),#18360,.T.);
#18369=CARTESIAN_POINT('',(-1.591481711511E2,-6.139926505702E1,
-2.407526216634E0));
#18370=DIRECTION('',(0.E0,0.E0,1.E0));
#18371=DIRECTION('',(1.E0,0.E0,0.E0));
#18372=AXIS2_PLACEMENT_3D('',#18369,#18370,#18371);
#18373=CYLINDRICAL_SURFACE('',#18372,1.5E0);
#18374=ORIENTED_EDGE('',*,*,#10639,.T.);
#18375=ORIENTED_EDGE('',*,*,#18362,.F.);
#18376=ORIENTED_EDGE('',*,*,#9341,.T.);
#18378=ORIENTED_EDGE('',*,*,#18377,.F.);
#18379=EDGE_LOOP('',(#18374,#18375,#18376,#18378));
#18380=FACE_OUTER_BOUND('',#18379,.F.);
#18381=ADVANCED_FACE('',(#18380),#18373,.T.);
#18382=CARTESIAN_POINT('',(-1.606481711511E2,-2.289926505702E1,
-2.407526216634E0));
#18383=DIRECTION('',(-1.E0,0.E0,0.E0));
#18384=DIRECTION('',(0.E0,0.E0,1.E0));
#18385=AXIS2_PLACEMENT_3D('',#18382,#18383,#18384);
#18386=PLANE('',#18385);
#18387=ORIENTED_EDGE('',*,*,#10641,.F.);
#18388=ORIENTED_EDGE('',*,*,#18377,.T.);
#18389=ORIENTED_EDGE('',*,*,#9339,.F.);
#18391=ORIENTED_EDGE('',*,*,#18390,.T.);
#18392=EDGE_LOOP('',(#18387,#18388,#18389,#18391));
#18393=FACE_OUTER_BOUND('',#18392,.F.);
#18394=ADVANCED_FACE('',(#18393),#18386,.T.);
#18395=CARTESIAN_POINT('',(-1.591481711511E2,-2.639926505702E1,
-2.407526216634E0));
#18396=DIRECTION('',(0.E0,0.E0,1.E0));
#18397=DIRECTION('',(1.E0,0.E0,0.E0));
#18398=AXIS2_PLACEMENT_3D('',#18395,#18396,#18397);
#18399=CYLINDRICAL_SURFACE('',#18398,1.5E0);
#18400=ORIENTED_EDGE('',*,*,#10643,.T.);
#18401=ORIENTED_EDGE('',*,*,#18390,.F.);
#18402=ORIENTED_EDGE('',*,*,#9337,.T.);
#18404=ORIENTED_EDGE('',*,*,#18403,.F.);
#18405=EDGE_LOOP('',(#18400,#18401,#18402,#18404));
#18406=FACE_OUTER_BOUND('',#18405,.F.);
#18407=ADVANCED_FACE('',(#18406),#18399,.T.);
#18408=CARTESIAN_POINT('',(-1.576481711511E2,-2.289926505702E1,
-2.407526216634E0));
#18409=DIRECTION('',(1.E0,0.E0,0.E0));
#18410=DIRECTION('',(0.E0,0.E0,-1.E0));
#18411=AXIS2_PLACEMENT_3D('',#18408,#18409,#18410);
#18412=PLANE('',#18411);
#18413=ORIENTED_EDGE('',*,*,#10645,.F.);
#18414=ORIENTED_EDGE('',*,*,#18403,.T.);
#18415=ORIENTED_EDGE('',*,*,#9335,.F.);
#18417=ORIENTED_EDGE('',*,*,#18416,.T.);
#18418=EDGE_LOOP('',(#18413,#18414,#18415,#18417));
#18419=FACE_OUTER_BOUND('',#18418,.F.);
#18420=ADVANCED_FACE('',(#18419),#18412,.T.);
#18421=CARTESIAN_POINT('',(-1.556481711511E2,-3.889926505702E1,
-1.657526216634E0));
#18422=DIRECTION('',(0.E0,0.E0,-1.E0));
#18423=DIRECTION('',(1.E0,0.E0,0.E0));
#18424=AXIS2_PLACEMENT_3D('',#18421,#18422,#18423);
#18425=CYLINDRICAL_SURFACE('',#18424,2.E0);
#18427=ORIENTED_EDGE('',*,*,#18426,.F.);
#18428=ORIENTED_EDGE('',*,*,#10649,.T.);
#18429=ORIENTED_EDGE('',*,*,#10647,.T.);
#18430=ORIENTED_EDGE('',*,*,#18416,.F.);
#18431=ORIENTED_EDGE('',*,*,#9333,.T.);
#18432=EDGE_LOOP('',(#18427,#18428,#18429,#18430,#18431));
#18433=FACE_OUTER_BOUND('',#18432,.F.);
#18434=ADVANCED_FACE('',(#18433),#18425,.F.);
#18435=CARTESIAN_POINT('',(-1.536481711511E2,-7.157914507002E1,
-1.657526216634E0));
#18436=DIRECTION('',(-1.E0,0.E0,0.E0));
#18437=DIRECTION('',(0.E0,0.E0,-1.E0));
#18438=AXIS2_PLACEMENT_3D('',#18435,#18436,#18437);
#18439=PLANE('',#18438);
#18440=ORIENTED_EDGE('',*,*,#9331,.T.);
#18442=ORIENTED_EDGE('',*,*,#18441,.T.);
#18443=ORIENTED_EDGE('',*,*,#10651,.T.);
#18444=ORIENTED_EDGE('',*,*,#18426,.T.);
#18445=EDGE_LOOP('',(#18440,#18442,#18443,#18444));
#18446=FACE_OUTER_BOUND('',#18445,.F.);
#18447=ADVANCED_FACE('',(#18446),#18439,.T.);
#18448=CARTESIAN_POINT('',(-1.556481711511E2,1.110073494298E1,
-1.657526216634E0));
#18449=DIRECTION('',(0.E0,0.E0,1.E0));
#18450=DIRECTION('',(-1.E0,0.E0,0.E0));
#18451=AXIS2_PLACEMENT_3D('',#18448,#18449,#18450);
#18452=CYLINDRICAL_SURFACE('',#18451,2.E0);
#18453=ORIENTED_EDGE('',*,*,#18441,.F.);
#18454=ORIENTED_EDGE('',*,*,#9329,.T.);
#18456=ORIENTED_EDGE('',*,*,#18455,.F.);
#18457=ORIENTED_EDGE('',*,*,#10653,.T.);
#18458=EDGE_LOOP('',(#18453,#18454,#18456,#18457));
#18459=FACE_OUTER_BOUND('',#18458,.F.);
#18460=ADVANCED_FACE('',(#18459),#18452,.F.);
#18461=CARTESIAN_POINT('',(-1.576481711511E2,3.710073494298E1,
-2.407526216634E0));
#18462=DIRECTION('',(1.E0,0.E0,0.E0));
#18463=DIRECTION('',(0.E0,0.E0,-1.E0));
#18464=AXIS2_PLACEMENT_3D('',#18461,#18462,#18463);
#18465=PLANE('',#18464);
#18466=ORIENTED_EDGE('',*,*,#9327,.F.);
#18468=ORIENTED_EDGE('',*,*,#18467,.T.);
#18469=ORIENTED_EDGE('',*,*,#10655,.F.);
#18470=ORIENTED_EDGE('',*,*,#18455,.T.);
#18471=EDGE_LOOP('',(#18466,#18468,#18469,#18470));
#18472=FACE_OUTER_BOUND('',#18471,.F.);
#18473=ADVANCED_FACE('',(#18472),#18465,.T.);
#18474=CARTESIAN_POINT('',(-1.591481711511E2,-1.399265057022E0,
-2.407526216634E0));
#18475=DIRECTION('',(0.E0,0.E0,1.E0));
#18476=DIRECTION('',(1.E0,0.E0,0.E0));
#18477=AXIS2_PLACEMENT_3D('',#18474,#18475,#18476);
#18478=CYLINDRICAL_SURFACE('',#18477,1.5E0);
#18479=ORIENTED_EDGE('',*,*,#10657,.T.);
#18480=ORIENTED_EDGE('',*,*,#18467,.F.);
#18481=ORIENTED_EDGE('',*,*,#9325,.T.);
#18483=ORIENTED_EDGE('',*,*,#18482,.F.);
#18484=EDGE_LOOP('',(#18479,#18480,#18481,#18483));
#18485=FACE_OUTER_BOUND('',#18484,.F.);
#18486=ADVANCED_FACE('',(#18485),#18478,.T.);
#18487=CARTESIAN_POINT('',(-1.606481711511E2,3.710073494298E1,
-2.407526216634E0));
#18488=DIRECTION('',(-1.E0,0.E0,0.E0));
#18489=DIRECTION('',(0.E0,0.E0,1.E0));
#18490=AXIS2_PLACEMENT_3D('',#18487,#18488,#18489);
#18491=PLANE('',#18490);
#18492=ORIENTED_EDGE('',*,*,#10659,.F.);
#18493=ORIENTED_EDGE('',*,*,#18482,.T.);
#18494=ORIENTED_EDGE('',*,*,#9323,.F.);
#18496=ORIENTED_EDGE('',*,*,#18495,.T.);
#18497=EDGE_LOOP('',(#18492,#18493,#18494,#18496));
#18498=FACE_OUTER_BOUND('',#18497,.F.);
#18499=ADVANCED_FACE('',(#18498),#18491,.T.);
#18500=CARTESIAN_POINT('',(-1.591481711511E2,3.360073494298E1,
-2.407526216634E0));
#18501=DIRECTION('',(0.E0,0.E0,1.E0));
#18502=DIRECTION('',(1.E0,0.E0,0.E0));
#18503=AXIS2_PLACEMENT_3D('',#18500,#18501,#18502);
#18504=CYLINDRICAL_SURFACE('',#18503,1.5E0);
#18505=ORIENTED_EDGE('',*,*,#10661,.T.);
#18506=ORIENTED_EDGE('',*,*,#18495,.F.);
#18507=ORIENTED_EDGE('',*,*,#9321,.T.);
#18509=ORIENTED_EDGE('',*,*,#18508,.F.);
#18510=EDGE_LOOP('',(#18505,#18506,#18507,#18509));
#18511=FACE_OUTER_BOUND('',#18510,.F.);
#18512=ADVANCED_FACE('',(#18511),#18504,.T.);
#18513=CARTESIAN_POINT('',(-1.576481711511E2,3.710073494298E1,
-2.407526216634E0));
#18514=DIRECTION('',(1.E0,0.E0,0.E0));
#18515=DIRECTION('',(0.E0,0.E0,-1.E0));
#18516=AXIS2_PLACEMENT_3D('',#18513,#18514,#18515);
#18517=PLANE('',#18516);
#18518=ORIENTED_EDGE('',*,*,#10663,.F.);
#18519=ORIENTED_EDGE('',*,*,#18508,.T.);
#18520=ORIENTED_EDGE('',*,*,#9319,.F.);
#18522=ORIENTED_EDGE('',*,*,#18521,.T.);
#18523=EDGE_LOOP('',(#18518,#18519,#18520,#18522));
#18524=FACE_OUTER_BOUND('',#18523,.F.);
#18525=ADVANCED_FACE('',(#18524),#18517,.T.);
#18526=CARTESIAN_POINT('',(-1.556481711511E2,2.110073494298E1,
-1.657526216634E0));
#18527=DIRECTION('',(0.E0,0.E0,-1.E0));
#18528=DIRECTION('',(1.E0,0.E0,0.E0));
#18529=AXIS2_PLACEMENT_3D('',#18526,#18527,#18528);
#18530=CYLINDRICAL_SURFACE('',#18529,2.E0);
#18532=ORIENTED_EDGE('',*,*,#18531,.F.);
#18533=ORIENTED_EDGE('',*,*,#10667,.T.);
#18534=ORIENTED_EDGE('',*,*,#10665,.T.);
#18535=ORIENTED_EDGE('',*,*,#18521,.F.);
#18536=ORIENTED_EDGE('',*,*,#9317,.T.);
#18537=EDGE_LOOP('',(#18532,#18533,#18534,#18535,#18536));
#18538=FACE_OUTER_BOUND('',#18537,.F.);
#18539=ADVANCED_FACE('',(#18538),#18530,.F.);
#18540=CARTESIAN_POINT('',(-1.536481711511E2,-7.157914507002E1,
-1.657526216634E0));
#18541=DIRECTION('',(-1.E0,0.E0,0.E0));
#18542=DIRECTION('',(0.E0,0.E0,-1.E0));
#18543=AXIS2_PLACEMENT_3D('',#18540,#18541,#18542);
#18544=PLANE('',#18543);
#18545=ORIENTED_EDGE('',*,*,#9315,.T.);
#18547=ORIENTED_EDGE('',*,*,#18546,.T.);
#18548=ORIENTED_EDGE('',*,*,#10669,.T.);
#18549=ORIENTED_EDGE('',*,*,#18531,.T.);
#18550=EDGE_LOOP('',(#18545,#18547,#18548,#18549));
#18551=FACE_OUTER_BOUND('',#18550,.F.);
#18552=ADVANCED_FACE('',(#18551),#18544,.T.);
#18553=CARTESIAN_POINT('',(-1.511481711511E2,4.450073495198E1,
-1.657526216634E0));
#18554=DIRECTION('',(0.E0,0.E0,-1.E0));
#18555=DIRECTION('',(1.E0,0.E0,0.E0));
#18556=AXIS2_PLACEMENT_3D('',#18553,#18554,#18555);
#18557=CYLINDRICAL_SURFACE('',#18556,2.5E0);
#18558=ORIENTED_EDGE('',*,*,#10671,.T.);
#18559=ORIENTED_EDGE('',*,*,#18546,.F.);
#18560=ORIENTED_EDGE('',*,*,#9313,.T.);
#18562=ORIENTED_EDGE('',*,*,#18561,.F.);
#18563=EDGE_LOOP('',(#18558,#18559,#18560,#18562));
#18564=FACE_OUTER_BOUND('',#18563,.F.);
#18565=ADVANCED_FACE('',(#18564),#18557,.T.);
#18566=CARTESIAN_POINT('',(-4.264818365076E1,4.700073495198E1,
-1.657526216636E0));
#18567=DIRECTION('',(0.E0,1.E0,0.E0));
#18568=DIRECTION('',(0.E0,0.E0,-1.E0));
#18569=AXIS2_PLACEMENT_3D('',#18566,#18567,#18568);
#18570=PLANE('',#18569);
#18571=ORIENTED_EDGE('',*,*,#10673,.F.);
#18572=ORIENTED_EDGE('',*,*,#18561,.T.);
#18573=ORIENTED_EDGE('',*,*,#9311,.T.);
#18575=ORIENTED_EDGE('',*,*,#18574,.T.);
#18576=EDGE_LOOP('',(#18571,#18572,#18573,#18575));
#18577=FACE_OUTER_BOUND('',#18576,.F.);
#18578=ADVANCED_FACE('',(#18577),#18570,.T.);
#18579=CARTESIAN_POINT('',(-9.014817115076E1,4.900073495198E1,
-1.657526216634E0));
#18580=DIRECTION('',(0.E0,0.E0,1.E0));
#18581=DIRECTION('',(0.E0,1.E0,0.E0));
#18582=AXIS2_PLACEMENT_3D('',#18579,#18580,#18581);
#18583=CYLINDRICAL_SURFACE('',#18582,2.E0);
#18584=ORIENTED_EDGE('',*,*,#18574,.F.);
#18585=ORIENTED_EDGE('',*,*,#9309,.T.);
#18587=ORIENTED_EDGE('',*,*,#18586,.F.);
#18588=ORIENTED_EDGE('',*,*,#10675,.T.);
#18589=EDGE_LOOP('',(#18584,#18585,#18587,#18588));
#18590=FACE_OUTER_BOUND('',#18589,.F.);
#18591=ADVANCED_FACE('',(#18590),#18583,.F.);
#18592=CARTESIAN_POINT('',(-6.414817115076E1,5.100073495198E1,
-2.407526216634E0));
#18593=DIRECTION('',(0.E0,-1.E0,0.E0));
#18594=DIRECTION('',(0.E0,0.E0,-1.E0));
#18595=AXIS2_PLACEMENT_3D('',#18592,#18593,#18594);
#18596=PLANE('',#18595);
#18597=ORIENTED_EDGE('',*,*,#9307,.F.);
#18599=ORIENTED_EDGE('',*,*,#18598,.T.);
#18600=ORIENTED_EDGE('',*,*,#10677,.F.);
#18601=ORIENTED_EDGE('',*,*,#18586,.T.);
#18602=EDGE_LOOP('',(#18597,#18599,#18600,#18601));
#18603=FACE_OUTER_BOUND('',#18602,.F.);
#18604=ADVANCED_FACE('',(#18603),#18596,.T.);
#18605=CARTESIAN_POINT('',(-1.026481711508E2,5.250073495198E1,
-2.407526216634E0));
#18606=DIRECTION('',(0.E0,0.E0,1.E0));
#18607=DIRECTION('',(0.E0,-1.E0,0.E0));
#18608=AXIS2_PLACEMENT_3D('',#18605,#18606,#18607);
#18609=CYLINDRICAL_SURFACE('',#18608,1.5E0);
#18610=ORIENTED_EDGE('',*,*,#10679,.T.);
#18611=ORIENTED_EDGE('',*,*,#18598,.F.);
#18612=ORIENTED_EDGE('',*,*,#9305,.T.);
#18614=ORIENTED_EDGE('',*,*,#18613,.F.);
#18615=EDGE_LOOP('',(#18610,#18611,#18612,#18614));
#18616=FACE_OUTER_BOUND('',#18615,.F.);
#18617=ADVANCED_FACE('',(#18616),#18609,.T.);
#18618=CARTESIAN_POINT('',(-6.414817115076E1,5.400073495198E1,
-2.407526216634E0));
#18619=DIRECTION('',(0.E0,1.E0,0.E0));
#18620=DIRECTION('',(0.E0,0.E0,1.E0));
#18621=AXIS2_PLACEMENT_3D('',#18618,#18619,#18620);
#18622=PLANE('',#18621);
#18623=ORIENTED_EDGE('',*,*,#10681,.F.);
#18624=ORIENTED_EDGE('',*,*,#18613,.T.);
#18625=ORIENTED_EDGE('',*,*,#9303,.F.);
#18627=ORIENTED_EDGE('',*,*,#18626,.T.);
#18628=EDGE_LOOP('',(#18623,#18624,#18625,#18627));
#18629=FACE_OUTER_BOUND('',#18628,.F.);
#18630=ADVANCED_FACE('',(#18629),#18622,.T.);
#18631=CARTESIAN_POINT('',(-6.764817115076E1,5.250073495198E1,
-2.407526216634E0));
#18632=DIRECTION('',(0.E0,0.E0,1.E0));
#18633=DIRECTION('',(0.E0,-1.E0,0.E0));
#18634=AXIS2_PLACEMENT_3D('',#18631,#18632,#18633);
#18635=CYLINDRICAL_SURFACE('',#18634,1.5E0);
#18636=ORIENTED_EDGE('',*,*,#10683,.T.);
#18637=ORIENTED_EDGE('',*,*,#18626,.F.);
#18638=ORIENTED_EDGE('',*,*,#9301,.T.);
#18640=ORIENTED_EDGE('',*,*,#18639,.F.);
#18641=EDGE_LOOP('',(#18636,#18637,#18638,#18640));
#18642=FACE_OUTER_BOUND('',#18641,.F.);
#18643=ADVANCED_FACE('',(#18642),#18635,.T.);
#18644=CARTESIAN_POINT('',(-6.414817115076E1,5.100073495198E1,
-2.407526216634E0));
#18645=DIRECTION('',(0.E0,-1.E0,0.E0));
#18646=DIRECTION('',(0.E0,0.E0,-1.E0));
#18647=AXIS2_PLACEMENT_3D('',#18644,#18645,#18646);
#18648=PLANE('',#18647);
#18649=ORIENTED_EDGE('',*,*,#10685,.F.);
#18650=ORIENTED_EDGE('',*,*,#18639,.T.);
#18651=ORIENTED_EDGE('',*,*,#9299,.F.);
#18653=ORIENTED_EDGE('',*,*,#18652,.T.);
#18654=EDGE_LOOP('',(#18649,#18650,#18651,#18653));
#18655=FACE_OUTER_BOUND('',#18654,.F.);
#18656=ADVANCED_FACE('',(#18655),#18648,.T.);
#18657=CARTESIAN_POINT('',(-8.014817115076E1,4.900073495198E1,
-1.657526216634E0));
#18658=DIRECTION('',(0.E0,0.E0,-1.E0));
#18659=DIRECTION('',(0.E0,-1.E0,0.E0));
#18660=AXIS2_PLACEMENT_3D('',#18657,#18658,#18659);
#18661=CYLINDRICAL_SURFACE('',#18660,2.E0);
#18663=ORIENTED_EDGE('',*,*,#18662,.F.);
#18664=ORIENTED_EDGE('',*,*,#10689,.T.);
#18665=ORIENTED_EDGE('',*,*,#10687,.T.);
#18666=ORIENTED_EDGE('',*,*,#18652,.F.);
#18667=ORIENTED_EDGE('',*,*,#9297,.T.);
#18668=EDGE_LOOP('',(#18663,#18664,#18665,#18666,#18667));
#18669=FACE_OUTER_BOUND('',#18668,.F.);
#18670=ADVANCED_FACE('',(#18669),#18661,.F.);
#18671=CARTESIAN_POINT('',(-4.264818365076E1,4.700073495198E1,
-1.657526216636E0));
#18672=DIRECTION('',(0.E0,1.E0,0.E0));
#18673=DIRECTION('',(0.E0,0.E0,-1.E0));
#18674=AXIS2_PLACEMENT_3D('',#18671,#18672,#18673);
#18675=PLANE('',#18674);
#18676=ORIENTED_EDGE('',*,*,#10691,.F.);
#18677=ORIENTED_EDGE('',*,*,#18662,.T.);
#18678=ORIENTED_EDGE('',*,*,#9295,.T.);
#18680=ORIENTED_EDGE('',*,*,#18679,.T.);
#18681=EDGE_LOOP('',(#18676,#18677,#18678,#18680));
#18682=FACE_OUTER_BOUND('',#18681,.F.);
#18683=ADVANCED_FACE('',(#18682),#18675,.T.);
#18684=CARTESIAN_POINT('',(-5.148171150762E0,4.900073495198E1,
-1.657526216634E0));
#18685=DIRECTION('',(0.E0,0.E0,1.E0));
#18686=DIRECTION('',(0.E0,1.E0,0.E0));
#18687=AXIS2_PLACEMENT_3D('',#18684,#18685,#18686);
#18688=CYLINDRICAL_SURFACE('',#18687,2.E0);
#18689=ORIENTED_EDGE('',*,*,#18679,.F.);
#18690=ORIENTED_EDGE('',*,*,#9293,.T.);
#18692=ORIENTED_EDGE('',*,*,#18691,.F.);
#18693=ORIENTED_EDGE('',*,*,#10693,.T.);
#18694=EDGE_LOOP('',(#18689,#18690,#18692,#18693));
#18695=FACE_OUTER_BOUND('',#18694,.F.);
#18696=ADVANCED_FACE('',(#18695),#18688,.F.);
#18697=CARTESIAN_POINT('',(2.085182884924E1,5.100073495198E1,
-2.407526216634E0));
#18698=DIRECTION('',(0.E0,-1.E0,0.E0));
#18699=DIRECTION('',(0.E0,0.E0,-1.E0));
#18700=AXIS2_PLACEMENT_3D('',#18697,#18698,#18699);
#18701=PLANE('',#18700);
#18702=ORIENTED_EDGE('',*,*,#9291,.F.);
#18704=ORIENTED_EDGE('',*,*,#18703,.T.);
#18705=ORIENTED_EDGE('',*,*,#10695,.F.);
#18706=ORIENTED_EDGE('',*,*,#18691,.T.);
#18707=EDGE_LOOP('',(#18702,#18704,#18705,#18706));
#18708=FACE_OUTER_BOUND('',#18707,.F.);
#18709=ADVANCED_FACE('',(#18708),#18701,.T.);
#18710=CARTESIAN_POINT('',(-1.764817115076E1,5.250073495198E1,
-2.407526216634E0));
#18711=DIRECTION('',(0.E0,0.E0,1.E0));
#18712=DIRECTION('',(0.E0,-1.E0,0.E0));
#18713=AXIS2_PLACEMENT_3D('',#18710,#18711,#18712);
#18714=CYLINDRICAL_SURFACE('',#18713,1.5E0);
#18715=ORIENTED_EDGE('',*,*,#10697,.T.);
#18716=ORIENTED_EDGE('',*,*,#18703,.F.);
#18717=ORIENTED_EDGE('',*,*,#9289,.T.);
#18719=ORIENTED_EDGE('',*,*,#18718,.F.);
#18720=EDGE_LOOP('',(#18715,#18716,#18717,#18719));
#18721=FACE_OUTER_BOUND('',#18720,.F.);
#18722=ADVANCED_FACE('',(#18721),#18714,.T.);
#18723=CARTESIAN_POINT('',(2.085182884924E1,5.400073495198E1,
-2.407526216634E0));
#18724=DIRECTION('',(0.E0,1.E0,0.E0));
#18725=DIRECTION('',(0.E0,0.E0,1.E0));
#18726=AXIS2_PLACEMENT_3D('',#18723,#18724,#18725);
#18727=PLANE('',#18726);
#18728=ORIENTED_EDGE('',*,*,#10699,.F.);
#18729=ORIENTED_EDGE('',*,*,#18718,.T.);
#18730=ORIENTED_EDGE('',*,*,#9287,.F.);
#18732=ORIENTED_EDGE('',*,*,#18731,.T.);
#18733=EDGE_LOOP('',(#18728,#18729,#18730,#18732));
#18734=FACE_OUTER_BOUND('',#18733,.F.);
#18735=ADVANCED_FACE('',(#18734),#18727,.T.);
#18736=CARTESIAN_POINT('',(1.735182884924E1,5.250073495198E1,
-2.407526216634E0));
#18737=DIRECTION('',(0.E0,0.E0,1.E0));
#18738=DIRECTION('',(0.E0,-1.E0,0.E0));
#18739=AXIS2_PLACEMENT_3D('',#18736,#18737,#18738);
#18740=CYLINDRICAL_SURFACE('',#18739,1.5E0);
#18741=ORIENTED_EDGE('',*,*,#10701,.T.);
#18742=ORIENTED_EDGE('',*,*,#18731,.F.);
#18743=ORIENTED_EDGE('',*,*,#9285,.T.);
#18745=ORIENTED_EDGE('',*,*,#18744,.F.);
#18746=EDGE_LOOP('',(#18741,#18742,#18743,#18745));
#18747=FACE_OUTER_BOUND('',#18746,.F.);
#18748=ADVANCED_FACE('',(#18747),#18740,.T.);
#18749=CARTESIAN_POINT('',(2.085182884924E1,5.100073495198E1,
-2.407526216634E0));
#18750=DIRECTION('',(0.E0,-1.E0,0.E0));
#18751=DIRECTION('',(0.E0,0.E0,-1.E0));
#18752=AXIS2_PLACEMENT_3D('',#18749,#18750,#18751);
#18753=PLANE('',#18752);
#18754=ORIENTED_EDGE('',*,*,#10703,.F.);
#18755=ORIENTED_EDGE('',*,*,#18744,.T.);
#18756=ORIENTED_EDGE('',*,*,#9283,.F.);
#18758=ORIENTED_EDGE('',*,*,#18757,.T.);
#18759=EDGE_LOOP('',(#18754,#18755,#18756,#18758));
#18760=FACE_OUTER_BOUND('',#18759,.F.);
#18761=ADVANCED_FACE('',(#18760),#18753,.T.);
#18762=CARTESIAN_POINT('',(4.851828849238E0,4.900073495198E1,
-1.657526216634E0));
#18763=DIRECTION('',(0.E0,0.E0,-1.E0));
#18764=DIRECTION('',(0.E0,-1.E0,0.E0));
#18765=AXIS2_PLACEMENT_3D('',#18762,#18763,#18764);
#18766=CYLINDRICAL_SURFACE('',#18765,2.E0);
#18768=ORIENTED_EDGE('',*,*,#18767,.F.);
#18769=ORIENTED_EDGE('',*,*,#10707,.T.);
#18770=ORIENTED_EDGE('',*,*,#10705,.T.);
#18771=ORIENTED_EDGE('',*,*,#18757,.F.);
#18772=ORIENTED_EDGE('',*,*,#9281,.T.);
#18773=EDGE_LOOP('',(#18768,#18769,#18770,#18771,#18772));
#18774=FACE_OUTER_BOUND('',#18773,.F.);
#18775=ADVANCED_FACE('',(#18774),#18766,.F.);
#18776=CARTESIAN_POINT('',(-4.264818365076E1,4.700073495198E1,
-1.657526216636E0));
#18777=DIRECTION('',(0.E0,1.E0,0.E0));
#18778=DIRECTION('',(0.E0,0.E0,-1.E0));
#18779=AXIS2_PLACEMENT_3D('',#18776,#18777,#18778);
#18780=PLANE('',#18779);
#18781=ORIENTED_EDGE('',*,*,#10709,.F.);
#18782=ORIENTED_EDGE('',*,*,#18767,.T.);
#18783=ORIENTED_EDGE('',*,*,#9279,.T.);
#18785=ORIENTED_EDGE('',*,*,#18784,.T.);
#18786=EDGE_LOOP('',(#18781,#18782,#18783,#18785));
#18787=FACE_OUTER_BOUND('',#18786,.F.);
#18788=ADVANCED_FACE('',(#18787),#18780,.T.);
#18789=CARTESIAN_POINT('',(7.985182884924E1,4.900073495198E1,
-1.657526216634E0));
#18790=DIRECTION('',(0.E0,0.E0,1.E0));
#18791=DIRECTION('',(0.E0,1.E0,0.E0));
#18792=AXIS2_PLACEMENT_3D('',#18789,#18790,#18791);
#18793=CYLINDRICAL_SURFACE('',#18792,2.E0);
#18794=ORIENTED_EDGE('',*,*,#18784,.F.);
#18795=ORIENTED_EDGE('',*,*,#9277,.T.);
#18797=ORIENTED_EDGE('',*,*,#18796,.F.);
#18798=ORIENTED_EDGE('',*,*,#10711,.T.);
#18799=EDGE_LOOP('',(#18794,#18795,#18797,#18798));
#18800=FACE_OUTER_BOUND('',#18799,.F.);
#18801=ADVANCED_FACE('',(#18800),#18793,.F.);
#18802=CARTESIAN_POINT('',(1.058518288492E2,5.100073495198E1,
-2.407526216634E0));
#18803=DIRECTION('',(0.E0,-1.E0,0.E0));
#18804=DIRECTION('',(0.E0,0.E0,-1.E0));
#18805=AXIS2_PLACEMENT_3D('',#18802,#18803,#18804);
#18806=PLANE('',#18805);
#18807=ORIENTED_EDGE('',*,*,#9275,.F.);
#18809=ORIENTED_EDGE('',*,*,#18808,.T.);
#18810=ORIENTED_EDGE('',*,*,#10713,.F.);
#18811=ORIENTED_EDGE('',*,*,#18796,.T.);
#18812=EDGE_LOOP('',(#18807,#18809,#18810,#18811));
#18813=FACE_OUTER_BOUND('',#18812,.F.);
#18814=ADVANCED_FACE('',(#18813),#18806,.T.);
#18815=CARTESIAN_POINT('',(6.735182884924E1,5.250073495198E1,
-2.407526216634E0));
#18816=DIRECTION('',(0.E0,0.E0,1.E0));
#18817=DIRECTION('',(0.E0,-1.E0,0.E0));
#18818=AXIS2_PLACEMENT_3D('',#18815,#18816,#18817);
#18819=CYLINDRICAL_SURFACE('',#18818,1.5E0);
#18820=ORIENTED_EDGE('',*,*,#10715,.T.);
#18821=ORIENTED_EDGE('',*,*,#18808,.F.);
#18822=ORIENTED_EDGE('',*,*,#9273,.T.);
#18824=ORIENTED_EDGE('',*,*,#18823,.F.);
#18825=EDGE_LOOP('',(#18820,#18821,#18822,#18824));
#18826=FACE_OUTER_BOUND('',#18825,.F.);
#18827=ADVANCED_FACE('',(#18826),#18819,.T.);
#18828=CARTESIAN_POINT('',(1.058518288492E2,5.400073495198E1,
-2.407526216634E0));
#18829=DIRECTION('',(0.E0,1.E0,0.E0));
#18830=DIRECTION('',(0.E0,0.E0,1.E0));
#18831=AXIS2_PLACEMENT_3D('',#18828,#18829,#18830);
#18832=PLANE('',#18831);
#18833=ORIENTED_EDGE('',*,*,#10717,.F.);
#18834=ORIENTED_EDGE('',*,*,#18823,.T.);
#18835=ORIENTED_EDGE('',*,*,#9271,.F.);
#18837=ORIENTED_EDGE('',*,*,#18836,.T.);
#18838=EDGE_LOOP('',(#18833,#18834,#18835,#18837));
#18839=FACE_OUTER_BOUND('',#18838,.F.);
#18840=ADVANCED_FACE('',(#18839),#18832,.T.);
#18841=CARTESIAN_POINT('',(1.023518288492E2,5.250073495198E1,
-2.407526216634E0));
#18842=DIRECTION('',(0.E0,0.E0,1.E0));
#18843=DIRECTION('',(0.E0,-1.E0,0.E0));
#18844=AXIS2_PLACEMENT_3D('',#18841,#18842,#18843);
#18845=CYLINDRICAL_SURFACE('',#18844,1.5E0);
#18846=ORIENTED_EDGE('',*,*,#10719,.T.);
#18847=ORIENTED_EDGE('',*,*,#18836,.F.);
#18848=ORIENTED_EDGE('',*,*,#9269,.T.);
#18850=ORIENTED_EDGE('',*,*,#18849,.F.);
#18851=EDGE_LOOP('',(#18846,#18847,#18848,#18850));
#18852=FACE_OUTER_BOUND('',#18851,.F.);
#18853=ADVANCED_FACE('',(#18852),#18845,.T.);
#18854=CARTESIAN_POINT('',(1.058518288492E2,5.100073495198E1,
-2.407526216634E0));
#18855=DIRECTION('',(0.E0,-1.E0,0.E0));
#18856=DIRECTION('',(0.E0,0.E0,-1.E0));
#18857=AXIS2_PLACEMENT_3D('',#18854,#18855,#18856);
#18858=PLANE('',#18857);
#18859=ORIENTED_EDGE('',*,*,#10721,.F.);
#18860=ORIENTED_EDGE('',*,*,#18849,.T.);
#18861=ORIENTED_EDGE('',*,*,#9267,.F.);
#18863=ORIENTED_EDGE('',*,*,#18862,.T.);
#18864=EDGE_LOOP('',(#18859,#18860,#18861,#18863));
#18865=FACE_OUTER_BOUND('',#18864,.F.);
#18866=ADVANCED_FACE('',(#18865),#18858,.T.);
#18867=CARTESIAN_POINT('',(8.985182884924E1,4.900073495198E1,
-1.657526216634E0));
#18868=DIRECTION('',(0.E0,0.E0,-1.E0));
#18869=DIRECTION('',(0.E0,-1.E0,0.E0));
#18870=AXIS2_PLACEMENT_3D('',#18867,#18868,#18869);
#18871=CYLINDRICAL_SURFACE('',#18870,2.E0);
#18873=ORIENTED_EDGE('',*,*,#18872,.F.);
#18874=ORIENTED_EDGE('',*,*,#10725,.T.);
#18875=ORIENTED_EDGE('',*,*,#10723,.T.);
#18876=ORIENTED_EDGE('',*,*,#18862,.F.);
#18877=ORIENTED_EDGE('',*,*,#9265,.T.);
#18878=EDGE_LOOP('',(#18873,#18874,#18875,#18876,#18877));
#18879=FACE_OUTER_BOUND('',#18878,.F.);
#18880=ADVANCED_FACE('',(#18879),#18871,.F.);
#18881=CARTESIAN_POINT('',(-4.264818365076E1,4.700073495198E1,
-1.657526216636E0));
#18882=DIRECTION('',(0.E0,1.E0,0.E0));
#18883=DIRECTION('',(0.E0,0.E0,-1.E0));
#18884=AXIS2_PLACEMENT_3D('',#18881,#18882,#18883);
#18885=PLANE('',#18884);
#18886=ORIENTED_EDGE('',*,*,#9263,.T.);
#18888=ORIENTED_EDGE('',*,*,#18887,.T.);
#18889=ORIENTED_EDGE('',*,*,#10727,.F.);
#18890=ORIENTED_EDGE('',*,*,#18872,.T.);
#18891=EDGE_LOOP('',(#18886,#18888,#18889,#18890));
#18892=FACE_OUTER_BOUND('',#18891,.F.);
#18893=ADVANCED_FACE('',(#18892),#18885,.T.);
#18894=CARTESIAN_POINT('',(1.508518288489E2,4.450073495198E1,
-1.657526216634E0));
#18895=DIRECTION('',(0.E0,0.E0,1.E0));
#18896=DIRECTION('',(-1.E0,0.E0,0.E0));
#18897=AXIS2_PLACEMENT_3D('',#18894,#18895,#18896);
#18898=CYLINDRICAL_SURFACE('',#18897,2.5E0);
#18899=ORIENTED_EDGE('',*,*,#9261,.T.);
#18901=ORIENTED_EDGE('',*,*,#18900,.F.);
#18902=ORIENTED_EDGE('',*,*,#10729,.T.);
#18903=ORIENTED_EDGE('',*,*,#18887,.F.);
#18904=EDGE_LOOP('',(#18899,#18901,#18902,#18903));
#18905=FACE_OUTER_BOUND('',#18904,.F.);
#18906=ADVANCED_FACE('',(#18905),#18898,.T.);
#18907=CARTESIAN_POINT('',(1.533518288489E2,1.915835492998E1,
-9.075262166343E-1));
#18908=DIRECTION('',(1.E0,0.E0,0.E0));
#18909=DIRECTION('',(0.E0,0.E0,1.E0));
#18910=AXIS2_PLACEMENT_3D('',#18907,#18908,#18909);
#18911=PLANE('',#18910);
#18913=ORIENTED_EDGE('',*,*,#18912,.T.);
#18914=ORIENTED_EDGE('',*,*,#10731,.F.);
#18915=ORIENTED_EDGE('',*,*,#18900,.T.);
#18916=ORIENTED_EDGE('',*,*,#9259,.T.);
#18917=EDGE_LOOP('',(#18913,#18914,#18915,#18916));
#18918=FACE_OUTER_BOUND('',#18917,.F.);
#18919=ADVANCED_FACE('',(#18918),#18911,.T.);
#18920=CARTESIAN_POINT('',(1.553518288489E2,2.110073494298E1,
-1.657526216634E0));
#18921=DIRECTION('',(0.E0,0.E0,1.E0));
#18922=DIRECTION('',(1.E0,0.E0,0.E0));
#18923=AXIS2_PLACEMENT_3D('',#18920,#18921,#18922);
#18924=CYLINDRICAL_SURFACE('',#18923,2.E0);
#18925=ORIENTED_EDGE('',*,*,#18912,.F.);
#18926=ORIENTED_EDGE('',*,*,#9257,.T.);
#18928=ORIENTED_EDGE('',*,*,#18927,.F.);
#18929=ORIENTED_EDGE('',*,*,#10733,.T.);
#18930=EDGE_LOOP('',(#18925,#18926,#18928,#18929));
#18931=FACE_OUTER_BOUND('',#18930,.F.);
#18932=ADVANCED_FACE('',(#18931),#18924,.F.);
#18933=CARTESIAN_POINT('',(1.573518288489E2,-4.899265057023E0,
-2.407526216634E0));
#18934=DIRECTION('',(-1.E0,0.E0,0.E0));
#18935=DIRECTION('',(0.E0,0.E0,-1.E0));
#18936=AXIS2_PLACEMENT_3D('',#18933,#18934,#18935);
#18937=PLANE('',#18936);
#18938=ORIENTED_EDGE('',*,*,#9255,.F.);
#18940=ORIENTED_EDGE('',*,*,#18939,.T.);
#18941=ORIENTED_EDGE('',*,*,#10735,.F.);
#18942=ORIENTED_EDGE('',*,*,#18927,.T.);
#18943=EDGE_LOOP('',(#18938,#18940,#18941,#18942));
#18944=FACE_OUTER_BOUND('',#18943,.F.);
#18945=ADVANCED_FACE('',(#18944),#18937,.T.);
#18946=CARTESIAN_POINT('',(1.588518288489E2,3.360073494298E1,
-2.407526216634E0));
#18947=DIRECTION('',(0.E0,0.E0,1.E0));
#18948=DIRECTION('',(-1.E0,0.E0,0.E0));
#18949=AXIS2_PLACEMENT_3D('',#18946,#18947,#18948);
#18950=CYLINDRICAL_SURFACE('',#18949,1.5E0);
#18951=ORIENTED_EDGE('',*,*,#10737,.T.);
#18952=ORIENTED_EDGE('',*,*,#18939,.F.);
#18953=ORIENTED_EDGE('',*,*,#9253,.T.);
#18955=ORIENTED_EDGE('',*,*,#18954,.F.);
#18956=EDGE_LOOP('',(#18951,#18952,#18953,#18955));
#18957=FACE_OUTER_BOUND('',#18956,.F.);
#18958=ADVANCED_FACE('',(#18957),#18950,.T.);
#18959=CARTESIAN_POINT('',(1.603518288489E2,-4.899265057023E0,
-2.407526216634E0));
#18960=DIRECTION('',(1.E0,0.E0,0.E0));
#18961=DIRECTION('',(0.E0,0.E0,1.E0));
#18962=AXIS2_PLACEMENT_3D('',#18959,#18960,#18961);
#18963=PLANE('',#18962);
#18964=ORIENTED_EDGE('',*,*,#10739,.F.);
#18965=ORIENTED_EDGE('',*,*,#18954,.T.);
#18966=ORIENTED_EDGE('',*,*,#9251,.F.);
#18968=ORIENTED_EDGE('',*,*,#18967,.T.);
#18969=EDGE_LOOP('',(#18964,#18965,#18966,#18968));
#18970=FACE_OUTER_BOUND('',#18969,.F.);
#18971=ADVANCED_FACE('',(#18970),#18963,.T.);
#18972=CARTESIAN_POINT('',(1.588518288489E2,-1.399265057022E0,
-2.407526216634E0));
#18973=DIRECTION('',(0.E0,0.E0,1.E0));
#18974=DIRECTION('',(-1.E0,0.E0,0.E0));
#18975=AXIS2_PLACEMENT_3D('',#18972,#18973,#18974);
#18976=CYLINDRICAL_SURFACE('',#18975,1.5E0);
#18977=ORIENTED_EDGE('',*,*,#10741,.T.);
#18978=ORIENTED_EDGE('',*,*,#18967,.F.);
#18979=ORIENTED_EDGE('',*,*,#9249,.T.);
#18981=ORIENTED_EDGE('',*,*,#18980,.F.);
#18982=EDGE_LOOP('',(#18977,#18978,#18979,#18981));
#18983=FACE_OUTER_BOUND('',#18982,.F.);
#18984=ADVANCED_FACE('',(#18983),#18976,.T.);
#18985=CARTESIAN_POINT('',(1.573518288489E2,-4.899265057023E0,
-2.407526216634E0));
#18986=DIRECTION('',(-1.E0,0.E0,0.E0));
#18987=DIRECTION('',(0.E0,0.E0,-1.E0));
#18988=AXIS2_PLACEMENT_3D('',#18985,#18986,#18987);
#18989=PLANE('',#18988);
#18990=ORIENTED_EDGE('',*,*,#10743,.F.);
#18991=ORIENTED_EDGE('',*,*,#18980,.T.);
#18992=ORIENTED_EDGE('',*,*,#9247,.F.);
#18994=ORIENTED_EDGE('',*,*,#18993,.T.);
#18995=EDGE_LOOP('',(#18990,#18991,#18992,#18994));
#18996=FACE_OUTER_BOUND('',#18995,.F.);
#18997=ADVANCED_FACE('',(#18996),#18989,.T.);
#18998=CARTESIAN_POINT('',(1.553518288489E2,1.110073494298E1,
-1.657526216634E0));
#18999=DIRECTION('',(0.E0,0.E0,-1.E0));
#19000=DIRECTION('',(-1.E0,0.E0,0.E0));
#19001=AXIS2_PLACEMENT_3D('',#18998,#18999,#19000);
#19002=CYLINDRICAL_SURFACE('',#19001,2.E0);
#19003=ORIENTED_EDGE('',*,*,#9202,.F.);
#19004=ORIENTED_EDGE('',*,*,#10747,.T.);
#19005=ORIENTED_EDGE('',*,*,#10745,.T.);
#19006=ORIENTED_EDGE('',*,*,#18993,.F.);
#19007=ORIENTED_EDGE('',*,*,#9245,.T.);
#19008=EDGE_LOOP('',(#19003,#19004,#19005,#19006,#19007));
#19009=FACE_OUTER_BOUND('',#19008,.F.);
#19010=ADVANCED_FACE('',(#19009),#19002,.F.);
#19011=CARTESIAN_POINT('',(1.533518288489E2,1.915835492998E1,
-9.075262166343E-1));
#19012=DIRECTION('',(1.E0,0.E0,0.E0));
#19013=DIRECTION('',(0.E0,0.E0,1.E0));
#19014=AXIS2_PLACEMENT_3D('',#19011,#19012,#19013);
#19015=PLANE('',#19014);
#19017=ORIENTED_EDGE('',*,*,#19016,.T.);
#19018=ORIENTED_EDGE('',*,*,#9229,.T.);
#19019=ORIENTED_EDGE('',*,*,#17879,.T.);
#19020=ORIENTED_EDGE('',*,*,#10765,.F.);
#19021=EDGE_LOOP('',(#19017,#19018,#19019,#19020));
#19022=FACE_OUTER_BOUND('',#19021,.F.);
#19023=ADVANCED_FACE('',(#19022),#19015,.T.);
#19024=CARTESIAN_POINT('',(1.553518288489E2,-4.889926505702E1,
-1.657526216634E0));
#19025=DIRECTION('',(0.E0,0.E0,-1.E0));
#19026=DIRECTION('',(-1.E0,0.E0,0.E0));
#19027=AXIS2_PLACEMENT_3D('',#19024,#19025,#19026);
#19028=CYLINDRICAL_SURFACE('',#19027,2.E0);
#19029=ORIENTED_EDGE('',*,*,#19016,.F.);
#19030=ORIENTED_EDGE('',*,*,#10763,.T.);
#19031=ORIENTED_EDGE('',*,*,#10761,.T.);
#19033=ORIENTED_EDGE('',*,*,#19032,.F.);
#19034=ORIENTED_EDGE('',*,*,#9231,.T.);
#19035=EDGE_LOOP('',(#19029,#19030,#19031,#19033,#19034));
#19036=FACE_OUTER_BOUND('',#19035,.F.);
#19037=ADVANCED_FACE('',(#19036),#19028,.F.);
#19038=CARTESIAN_POINT('',(1.573518288489E2,-6.489926505702E1,
-2.407526216634E0));
#19039=DIRECTION('',(-1.E0,0.E0,0.E0));
#19040=DIRECTION('',(0.E0,0.E0,-1.E0));
#19041=AXIS2_PLACEMENT_3D('',#19038,#19039,#19040);
#19042=PLANE('',#19041);
#19043=ORIENTED_EDGE('',*,*,#10759,.F.);
#19045=ORIENTED_EDGE('',*,*,#19044,.T.);
#19046=ORIENTED_EDGE('',*,*,#9233,.F.);
#19047=ORIENTED_EDGE('',*,*,#19032,.T.);
#19048=EDGE_LOOP('',(#19043,#19045,#19046,#19047));
#19049=FACE_OUTER_BOUND('',#19048,.F.);
#19050=ADVANCED_FACE('',(#19049),#19042,.T.);
#19051=CARTESIAN_POINT('',(1.588518288489E2,-6.139926505702E1,
-2.407526216634E0));
#19052=DIRECTION('',(0.E0,0.E0,1.E0));
#19053=DIRECTION('',(-1.E0,0.E0,0.E0));
#19054=AXIS2_PLACEMENT_3D('',#19051,#19052,#19053);
#19055=CYLINDRICAL_SURFACE('',#19054,1.5E0);
#19056=ORIENTED_EDGE('',*,*,#10757,.T.);
#19058=ORIENTED_EDGE('',*,*,#19057,.F.);
#19059=ORIENTED_EDGE('',*,*,#9235,.T.);
#19060=ORIENTED_EDGE('',*,*,#19044,.F.);
#19061=EDGE_LOOP('',(#19056,#19058,#19059,#19060));
#19062=FACE_OUTER_BOUND('',#19061,.F.);
#19063=ADVANCED_FACE('',(#19062),#19055,.T.);
#19064=CARTESIAN_POINT('',(1.603518288489E2,-6.489926505702E1,
-2.407526216634E0));
#19065=DIRECTION('',(1.E0,0.E0,0.E0));
#19066=DIRECTION('',(0.E0,0.E0,1.E0));
#19067=AXIS2_PLACEMENT_3D('',#19064,#19065,#19066);
#19068=PLANE('',#19067);
#19069=ORIENTED_EDGE('',*,*,#10755,.F.);
#19071=ORIENTED_EDGE('',*,*,#19070,.T.);
#19072=ORIENTED_EDGE('',*,*,#9237,.F.);
#19073=ORIENTED_EDGE('',*,*,#19057,.T.);
#19074=EDGE_LOOP('',(#19069,#19071,#19072,#19073));
#19075=FACE_OUTER_BOUND('',#19074,.F.);
#19076=ADVANCED_FACE('',(#19075),#19068,.T.);
#19077=CARTESIAN_POINT('',(1.588518288489E2,-2.639926505702E1,
-2.407526216634E0));
#19078=DIRECTION('',(0.E0,0.E0,1.E0));
#19079=DIRECTION('',(-1.E0,0.E0,0.E0));
#19080=AXIS2_PLACEMENT_3D('',#19077,#19078,#19079);
#19081=CYLINDRICAL_SURFACE('',#19080,1.5E0);
#19082=ORIENTED_EDGE('',*,*,#10753,.T.);
#19084=ORIENTED_EDGE('',*,*,#19083,.F.);
#19085=ORIENTED_EDGE('',*,*,#9239,.T.);
#19086=ORIENTED_EDGE('',*,*,#19070,.F.);
#19087=EDGE_LOOP('',(#19082,#19084,#19085,#19086));
#19088=FACE_OUTER_BOUND('',#19087,.F.);
#19089=ADVANCED_FACE('',(#19088),#19081,.T.);
#19090=CARTESIAN_POINT('',(1.573518288489E2,-6.489926505702E1,
-2.407526216634E0));
#19091=DIRECTION('',(-1.E0,0.E0,0.E0));
#19092=DIRECTION('',(0.E0,0.E0,-1.E0));
#19093=AXIS2_PLACEMENT_3D('',#19090,#19091,#19092);
#19094=PLANE('',#19093);
#19095=ORIENTED_EDGE('',*,*,#9241,.F.);
#19096=ORIENTED_EDGE('',*,*,#19083,.T.);
#19097=ORIENTED_EDGE('',*,*,#10751,.F.);
#19098=ORIENTED_EDGE('',*,*,#9217,.T.);
#19099=EDGE_LOOP('',(#19095,#19096,#19097,#19098));
#19100=FACE_OUTER_BOUND('',#19099,.F.);
#19101=ADVANCED_FACE('',(#19100),#19094,.T.);
#19102=CLOSED_SHELL('',(#9208,#9223,#10517,#10534,#10549,#11881,#11896,#11909,
#11924,#11937,#11952,#11965,#11980,#11993,#12007,#12020,#12033,#12046,#12059,
#12072,#12085,#12098,#12111,#12124,#12137,#12150,#12163,#12176,#12189,#12202,
#12215,#12228,#12241,#12254,#12267,#12280,#12293,#12306,#12319,#12332,#12345,
#12358,#12371,#12384,#12397,#12410,#12423,#12436,#12449,#12461,#12475,#12488,
#12501,#12513,#12527,#12540,#12553,#12565,#12579,#12592,#12605,#12617,#12631,
#12644,#12657,#12669,#12683,#12696,#12709,#12721,#12735,#12748,#12761,#12773,
#12787,#12800,#12813,#12825,#12839,#12852,#12865,#12877,#12891,#12904,#12917,
#12929,#12943,#12956,#12969,#12981,#12995,#13008,#13021,#13033,#13047,#13060,
#13073,#13085,#13099,#13112,#13125,#13137,#13151,#13164,#13177,#13189,#13203,
#13216,#13229,#13241,#13255,#13268,#13281,#13293,#13307,#13320,#13333,#13345,
#13359,#13372,#13385,#13397,#13411,#13424,#13437,#13449,#13463,#13476,#13489,
#13501,#13515,#13528,#13541,#13553,#13567,#13580,#13593,#13605,#13619,#13632,
#13645,#13657,#13671,#13684,#13697,#13709,#13723,#13736,#13749,#13761,#13775,
#13788,#13801,#13813,#13827,#13840,#13853,#13865,#13879,#13892,#13905,#13917,
#13931,#13944,#13957,#13969,#13983,#13996,#14009,#14021,#14035,#14048,#14061,
#14073,#14087,#14100,#14113,#14125,#14139,#14152,#14165,#14177,#14191,#14204,
#14217,#14229,#14243,#14256,#14269,#14281,#14295,#14308,#14321,#14333,#14347,
#14360,#14373,#14385,#14399,#14412,#14425,#14437,#14451,#14464,#14477,#14489,
#14503,#14516,#14529,#14541,#14555,#14568,#14581,#14593,#14607,#14620,#14633,
#14645,#14659,#14672,#14685,#14697,#14711,#14724,#14737,#14749,#14763,#14776,
#14789,#14801,#14815,#14828,#14841,#14853,#14867,#14880,#14893,#14905,#14919,
#14932,#14945,#14958,#14971,#14984,#14997,#15010,#15023,#15036,#15049,#15062,
#15075,#15088,#15101,#15114,#15127,#15140,#15153,#15166,#15179,#15192,#15205,
#15218,#15231,#15244,#15257,#15270,#15283,#15296,#15309,#15322,#15335,#15348,
#15361,#15373,#15387,#15400,#15413,#15425,#15439,#15452,#15465,#15477,#15491,
#15504,#15517,#15529,#15543,#15556,#15569,#15581,#15595,#15608,#15621,#15633,
#15647,#15660,#15673,#15685,#15699,#15712,#15725,#15737,#15751,#15764,#15777,
#15789,#15803,#15816,#15829,#15841,#15855,#15868,#15881,#15893,#15907,#15920,
#15933,#15945,#15959,#15972,#15985,#15997,#16011,#16024,#16037,#16049,#16063,
#16076,#16089,#16101,#16115,#16128,#16141,#16153,#16167,#16180,#16193,#16205,
#16219,#16232,#16245,#16257,#16271,#16284,#16297,#16309,#16323,#16336,#16349,
#16361,#16375,#16388,#16401,#16413,#16427,#16440,#16453,#16465,#16479,#16492,
#16505,#16518,#16531,#16544,#16557,#16570,#16583,#16596,#16609,#16622,#16635,
#16648,#16661,#16674,#16687,#16700,#16713,#16726,#16739,#16752,#16765,#16778,
#16791,#16804,#16817,#16830,#16843,#16856,#16869,#16882,#16895,#16908,#16921,
#16933,#16947,#16960,#16973,#16985,#16999,#17012,#17025,#17037,#17051,#17064,
#17077,#17089,#17103,#17116,#17129,#17141,#17155,#17168,#17181,#17193,#17207,
#17220,#17233,#17245,#17259,#17272,#17285,#17298,#17311,#17324,#17337,#17350,
#17363,#17376,#17389,#17402,#17415,#17428,#17441,#17454,#17467,#17480,#17493,
#17506,#17519,#17532,#17545,#17558,#17571,#17584,#17597,#17610,#17623,#17636,
#17649,#17662,#17675,#17688,#17701,#17713,#17727,#17740,#17753,#17765,#17779,
#17792,#17805,#17817,#17831,#17844,#17857,#17869,#17883,#17896,#17909,#17922,
#17935,#17948,#17961,#17974,#17988,#18001,#18014,#18027,#18040,#18053,#18066,
#18079,#18093,#18106,#18119,#18132,#18145,#18158,#18171,#18184,#18198,#18211,
#18224,#18237,#18250,#18263,#18276,#18289,#18303,#18316,#18329,#18342,#18355,
#18368,#18381,#18394,#18407,#18420,#18434,#18447,#18460,#18473,#18486,#18499,
#18512,#18525,#18539,#18552,#18565,#18578,#18591,#18604,#18617,#18630,#18643,
#18656,#18670,#18683,#18696,#18709,#18722,#18735,#18748,#18761,#18775,#18788,
#18801,#18814,#18827,#18840,#18853,#18866,#18880,#18893,#18906,#18919,#18932,
#18945,#18958,#18971,#18984,#18997,#19010,#19023,#19037,#19050,#19063,#19076,
#19089,#19101));
#19103=MANIFOLD_SOLID_BREP('',#19102);
#19105=DIMENSIONAL_EXPONENTS(0.E0,0.E0,0.E0,0.E0,0.E0,0.E0,0.E0);
#19107=PLANE_ANGLE_MEASURE_WITH_UNIT(PLANE_ANGLE_MEASURE(1.745329251994E-2),
#19106);
#19108=(CONVERSION_BASED_UNIT('DEGREE',#19107)NAMED_UNIT(*)PLANE_ANGLE_UNIT());
#19110=UNCERTAINTY_MEASURE_WITH_UNIT(LENGTH_MEASURE(3.485328842568E-2),#19104,
'closure',
'Maximum model space distance between geometric entities at asserted connectivities');
#19111=(GEOMETRIC_REPRESENTATION_CONTEXT(3)GLOBAL_UNCERTAINTY_ASSIGNED_CONTEXT((
#19110))GLOBAL_UNIT_ASSIGNED_CONTEXT((#19104,#19108,#19109))REPRESENTATION_CONTEXT('ID1','3'));
#19113=APPLICATION_CONTEXT(
'CONFIGURATION CONTROLLED 3D DESIGNS OF MECHANICAL PARTS AND ASSEMBLIES');
#19114=APPLICATION_PROTOCOL_DEFINITION('international standard',
'config_control_design',1994,#19113);
#19115=DESIGN_CONTEXT('',#19113,'design');
#19116=MECHANICAL_CONTEXT('',#19113,'mechanical');
#19117=PRODUCT('ZENG0A4002D_183','ZENG0A4002D_183','NOT SPECIFIED',(#19116));
#19118=PRODUCT_DEFINITION_FORMATION_WITH_SPECIFIED_SOURCE('1','LAST_VERSION',
#19117,.MADE.);
#19122=PRODUCT_CATEGORY('part','');
#19123=PRODUCT_RELATED_PRODUCT_CATEGORY('detail','',(#19117));
#19124=PRODUCT_CATEGORY_RELATIONSHIP('','',#19122,#19123);
#19125=SECURITY_CLASSIFICATION_LEVEL('unclassified');
#19126=SECURITY_CLASSIFICATION('','',#19125);
#19127=CC_DESIGN_SECURITY_CLASSIFICATION(#19126,(#19118));
#19128=APPROVAL_STATUS('approved');
#19129=APPROVAL(#19128,'');
#19130=CC_DESIGN_APPROVAL(#19129,(#19126,#19118,#19119));
#19131=CALENDAR_DATE(123,5,2);
#19132=COORDINATED_UNIVERSAL_TIME_OFFSET(8,0,.AHEAD.);
#19133=LOCAL_TIME(21,21,1.6E1,#19132);
#19134=DATE_AND_TIME(#19131,#19133);
#19135=APPROVAL_DATE_TIME(#19134,#19129);
#19136=DATE_TIME_ROLE('creation_date');
#19137=CC_DESIGN_DATE_AND_TIME_ASSIGNMENT(#19134,#19136,(#19119));
#19138=DATE_TIME_ROLE('classification_date');
#19139=CC_DESIGN_DATE_AND_TIME_ASSIGNMENT(#19134,#19138,(#19126));
#19140=PERSON('UNSPECIFIED','UNSPECIFIED',$,$,$,$);
#19141=ORGANIZATION('UNSPECIFIED','UNSPECIFIED','UNSPECIFIED');
#19142=PERSON_AND_ORGANIZATION(#19140,#19141);
#19143=APPROVAL_ROLE('approver');
#19144=APPROVAL_PERSON_ORGANIZATION(#19142,#19129,#19143);
#19145=PERSON_AND_ORGANIZATION_ROLE('creator');
#19146=CC_DESIGN_PERSON_AND_ORGANIZATION_ASSIGNMENT(#19142,#19145,(#19118,
#19119));
#19147=PERSON_AND_ORGANIZATION_ROLE('design_supplier');
#19148=CC_DESIGN_PERSON_AND_ORGANIZATION_ASSIGNMENT(#19142,#19147,(#19118));
#19149=PERSON_AND_ORGANIZATION_ROLE('classification_officer');
#19150=CC_DESIGN_PERSON_AND_ORGANIZATION_ASSIGNMENT(#19142,#19149,(#19126));
#19151=PERSON_AND_ORGANIZATION_ROLE('design_owner');
#19152=CC_DESIGN_PERSON_AND_ORGANIZATION_ASSIGNMENT(#19142,#19151,(#19117));
#18=CIRCLE('',#17,1.5E0);
#23=CIRCLE('',#22,1.5E0);
#28=CIRCLE('',#27,1.5E0);
#33=CIRCLE('',#32,1.5E0);
#38=CIRCLE('',#37,1.5E0);
#43=CIRCLE('',#42,1.5E0);
#48=CIRCLE('',#47,1.5E0);
#53=CIRCLE('',#52,1.5E0);
#58=CIRCLE('',#57,1.5E0);
#63=CIRCLE('',#62,1.5E0);
#1848=CIRCLE('',#1847,2.E0);
#1853=CIRCLE('',#1852,1.5E0);
#1858=CIRCLE('',#1857,1.5E0);
#1863=CIRCLE('',#1862,2.E0);
#1872=CIRCLE('',#1871,2.E0);
#1877=CIRCLE('',#1876,1.5E0);
#1882=CIRCLE('',#1881,1.5E0);
#1887=CIRCLE('',#1886,2.E0);
#1896=CIRCLE('',#1895,2.5E0);
#1905=CIRCLE('',#1904,2.E0);
#1910=CIRCLE('',#1909,1.5E0);
#1915=CIRCLE('',#1914,1.5E0);
#1920=CIRCLE('',#1919,2.E0);
#1929=CIRCLE('',#1928,2.E0);
#1934=CIRCLE('',#1933,1.5E0);
#1939=CIRCLE('',#1938,1.5E0);
#1944=CIRCLE('',#1943,2.E0);
#1953=CIRCLE('',#1952,2.E0);
#1958=CIRCLE('',#1957,1.5E0);
#1963=CIRCLE('',#1962,1.5E0);
#1968=CIRCLE('',#1967,2.E0);
#1977=CIRCLE('',#1976,2.5E0);
#1986=CIRCLE('',#1985,2.E0);
#1991=CIRCLE('',#1990,1.5E0);
#1996=CIRCLE('',#1995,1.5E0);
#2001=CIRCLE('',#2000,2.E0);
#2010=CIRCLE('',#2009,2.E0);
#2015=CIRCLE('',#2014,1.5E0);
#2020=CIRCLE('',#2019,1.5E0);
#2025=CIRCLE('',#2024,2.E0);
#2034=CIRCLE('',#2033,2.5E0);
#2043=CIRCLE('',#2042,2.E0);
#2048=CIRCLE('',#2047,1.5E0);
#2053=CIRCLE('',#2052,1.5E0);
#2058=CIRCLE('',#2057,2.E0);
#2067=CIRCLE('',#2066,2.E0);
#2072=CIRCLE('',#2071,1.5E0);
#2077=CIRCLE('',#2076,1.5E0);
#2082=CIRCLE('',#2081,2.E0);
#2091=CIRCLE('',#2090,2.E0);
#2096=CIRCLE('',#2095,1.5E0);
#2101=CIRCLE('',#2100,1.5E0);
#2106=CIRCLE('',#2105,2.E0);
#2115=CIRCLE('',#2114,2.E0);
#2120=CIRCLE('',#2119,1.5E0);
#2125=CIRCLE('',#2124,1.5E0);
#2130=CIRCLE('',#2129,2.E0);
#2139=CIRCLE('',#2138,2.5E0);
#2152=CIRCLE('',#2151,1.5E0);
#2157=CIRCLE('',#2156,1.5E0);
#2162=CIRCLE('',#2161,1.5E0);
#2167=CIRCLE('',#2166,1.5E0);
#2172=CIRCLE('',#2171,1.5E0);
#2177=CIRCLE('',#2176,1.5E0);
#2182=CIRCLE('',#2181,1.5E0);
#2187=CIRCLE('',#2186,1.5E0);
#2192=CIRCLE('',#2191,1.5E0);
#2197=CIRCLE('',#2196,1.5E0);
#2202=CIRCLE('',#2201,1.5E0);
#2207=CIRCLE('',#2206,1.5E0);
#2212=CIRCLE('',#2211,1.5E0);
#2217=CIRCLE('',#2216,1.5E0);
#2222=CIRCLE('',#2221,1.5E0);
#2227=CIRCLE('',#2226,1.5E0);
#2232=CIRCLE('',#2231,1.5E0);
#2237=CIRCLE('',#2236,1.5E0);
#2242=CIRCLE('',#2241,1.5E0);
#2247=CIRCLE('',#2246,1.5E0);
#2348=CIRCLE('',#2347,2.5E0);
#2353=CIRCLE('',#2352,2.E0);
#2358=CIRCLE('',#2357,1.5E0);
#2363=CIRCLE('',#2362,1.5E0);
#2368=CIRCLE('',#2367,2.E0);
#2373=CIRCLE('',#2372,2.E0);
#2378=CIRCLE('',#2377,2.E0);
#2383=CIRCLE('',#2382,1.5E0);
#2388=CIRCLE('',#2387,1.5E0);
#2393=CIRCLE('',#2392,2.E0);
#2398=CIRCLE('',#2397,2.E0);
#2403=CIRCLE('',#2402,2.E0);
#2408=CIRCLE('',#2407,1.5E0);
#2413=CIRCLE('',#2412,1.5E0);
#2418=CIRCLE('',#2417,2.E0);
#2423=CIRCLE('',#2422,2.E0);
#2428=CIRCLE('',#2427,2.E0);
#2433=CIRCLE('',#2432,1.5E0);
#2438=CIRCLE('',#2437,1.5E0);
#2443=CIRCLE('',#2442,2.E0);
#2448=CIRCLE('',#2447,2.E0);
#2453=CIRCLE('',#2452,2.5E0);
#2462=CIRCLE('',#2461,2.E0);
#2467=CIRCLE('',#2466,1.5E0);
#2472=CIRCLE('',#2471,1.5E0);
#2477=CIRCLE('',#2476,2.E0);
#2482=CIRCLE('',#2481,2.E0);
#2491=CIRCLE('',#2490,2.E0);
#2496=CIRCLE('',#2495,1.5E0);
#2501=CIRCLE('',#2500,1.5E0);
#2506=CIRCLE('',#2505,2.E0);
#2511=CIRCLE('',#2510,2.E0);
#2520=CIRCLE('',#2519,2.5E0);
#2525=CIRCLE('',#2524,2.E0);
#2530=CIRCLE('',#2529,1.5E0);
#2535=CIRCLE('',#2534,1.5E0);
#2540=CIRCLE('',#2539,2.E0);
#2545=CIRCLE('',#2544,2.E0);
#2550=CIRCLE('',#2549,2.E0);
#2555=CIRCLE('',#2554,1.5E0);
#2560=CIRCLE('',#2559,1.5E0);
#2565=CIRCLE('',#2564,2.E0);
#2570=CIRCLE('',#2569,2.E0);
#2575=CIRCLE('',#2574,2.E0);
#2580=CIRCLE('',#2579,1.5E0);
#2585=CIRCLE('',#2584,1.5E0);
#2590=CIRCLE('',#2589,2.E0);
#2595=CIRCLE('',#2594,2.E0);
#2600=CIRCLE('',#2599,2.5E0);
#2605=CIRCLE('',#2604,2.E0);
#2610=CIRCLE('',#2609,1.5E0);
#2615=CIRCLE('',#2614,1.5E0);
#2620=CIRCLE('',#2619,2.E0);
#2625=CIRCLE('',#2624,2.E0);
#2630=CIRCLE('',#2629,2.E0);
#2635=CIRCLE('',#2634,1.5E0);
#2640=CIRCLE('',#2639,1.5E0);
#2645=CIRCLE('',#2644,2.E0);
#2650=CIRCLE('',#2649,2.E0);
#9198=EDGE_CURVE('',#6921,#6922,#9,.T.);
#9200=EDGE_CURVE('',#6926,#6922,#5,.T.);
#9202=EDGE_CURVE('',#6926,#6924,#6862,.T.);
#9204=EDGE_CURVE('',#6924,#6921,#1867,.T.);
#9215=EDGE_CURVE('',#6921,#9122,#1863,.T.);
#9217=EDGE_CURVE('',#8794,#9122,#13,.T.);
#9219=EDGE_CURVE('',#8794,#6922,#2630,.T.);
#9229=EDGE_CURVE('',#9000,#7032,#1843,.T.);
#9231=EDGE_CURVE('',#9132,#9000,#1848,.T.);
#9233=EDGE_CURVE('',#9132,#9130,#6886,.T.);
#9235=EDGE_CURVE('',#9128,#9130,#1853,.T.);
#9237=EDGE_CURVE('',#9128,#9126,#6902,.T.);
#9239=EDGE_CURVE('',#9124,#9126,#1858,.T.);
#9241=EDGE_CURVE('',#9124,#9122,#6914,.T.);
#9245=EDGE_CURVE('',#9120,#6924,#1872,.T.);
#9247=EDGE_CURVE('',#9120,#9118,#6858,.T.);
#9249=EDGE_CURVE('',#9116,#9118,#1877,.T.);
#9251=EDGE_CURVE('',#9116,#9114,#6842,.T.);
#9253=EDGE_CURVE('',#9112,#9114,#1882,.T.);
#9255=EDGE_CURVE('',#9112,#9110,#6822,.T.);
#9257=EDGE_CURVE('',#6929,#9110,#1887,.T.);
#9259=EDGE_CURVE('',#6932,#6929,#1891,.T.);
#9261=EDGE_CURVE('',#6946,#6932,#1896,.T.);
#9263=EDGE_CURVE('',#6945,#6946,#1900,.T.);
#9265=EDGE_CURVE('',#9108,#6945,#1905,.T.);
#9267=EDGE_CURVE('',#9108,#9106,#6786,.T.);
#9269=EDGE_CURVE('',#9104,#9106,#1910,.T.);
#9271=EDGE_CURVE('',#9104,#9102,#6770,.T.);
#9273=EDGE_CURVE('',#9100,#9102,#1915,.T.);
#9275=EDGE_CURVE('',#9100,#9098,#6750,.T.);
#9277=EDGE_CURVE('',#6940,#9098,#1920,.T.);
#9279=EDGE_CURVE('',#6942,#6940,#1924,.T.);
#9281=EDGE_CURVE('',#9096,#6942,#1929,.T.);
#9283=EDGE_CURVE('',#9096,#9094,#6726,.T.);
#9285=EDGE_CURVE('',#9092,#9094,#1934,.T.);
#9287=EDGE_CURVE('',#9092,#9090,#6710,.T.);
#9289=EDGE_CURVE('',#9088,#9090,#1939,.T.);
#9291=EDGE_CURVE('',#9088,#9086,#6690,.T.);
#9293=EDGE_CURVE('',#6956,#9086,#1944,.T.);
#9295=EDGE_CURVE('',#6958,#6956,#1948,.T.);
#9297=EDGE_CURVE('',#9084,#6958,#1953,.T.);
#9299=EDGE_CURVE('',#9084,#9082,#6666,.T.);
#9301=EDGE_CURVE('',#9080,#9082,#1958,.T.);
#9303=EDGE_CURVE('',#9080,#9078,#6650,.T.);
#9305=EDGE_CURVE('',#9076,#9078,#1963,.T.);
#9307=EDGE_CURVE('',#9076,#9074,#6630,.T.);
#9309=EDGE_CURVE('',#6964,#9074,#1968,.T.);
#9311=EDGE_CURVE('',#6966,#6964,#1972,.T.);
#9313=EDGE_CURVE('',#7026,#6966,#1977,.T.);
#9315=EDGE_CURVE('',#7025,#7026,#1981,.T.);
#9317=EDGE_CURVE('',#9072,#7025,#1986,.T.);
#9319=EDGE_CURVE('',#9072,#9070,#6598,.T.);
#9321=EDGE_CURVE('',#9068,#9070,#1991,.T.);
#9323=EDGE_CURVE('',#9068,#9066,#6582,.T.);
#9325=EDGE_CURVE('',#9064,#9066,#1996,.T.);
#9327=EDGE_CURVE('',#9064,#9062,#6562,.T.);
#9329=EDGE_CURVE('',#7018,#9062,#2001,.T.);
#9331=EDGE_CURVE('',#7017,#7018,#2005,.T.);
#9333=EDGE_CURVE('',#9060,#7017,#2010,.T.);
#9335=EDGE_CURVE('',#9060,#9058,#6542,.T.);
#9337=EDGE_CURVE('',#9056,#9058,#2015,.T.);
#9339=EDGE_CURVE('',#9056,#9054,#6526,.T.);
#9341=EDGE_CURVE('',#9052,#9054,#2020,.T.);
#9343=EDGE_CURVE('',#9052,#9050,#6506,.T.);
#9345=EDGE_CURVE('',#7012,#9050,#2025,.T.);
#9347=EDGE_CURVE('',#7014,#7012,#2029,.T.);
#9349=EDGE_CURVE('',#7002,#7014,#2034,.T.);
#9351=EDGE_CURVE('',#7001,#7002,#2038,.T.);
#9353=EDGE_CURVE('',#9048,#7001,#2043,.T.);
#9355=EDGE_CURVE('',#9048,#9046,#6474,.T.);
#9357=EDGE_CURVE('',#9044,#9046,#2048,.T.);
#9359=EDGE_CURVE('',#9044,#9042,#6458,.T.);
#9361=EDGE_CURVE('',#9040,#9042,#2053,.T.);
#9363=EDGE_CURVE('',#9040,#9038,#6438,.T.);
#9365=EDGE_CURVE('',#6994,#9038,#2058,.T.);
#9367=EDGE_CURVE('',#6993,#6994,#2062,.T.);
#9369=EDGE_CURVE('',#9036,#6993,#2067,.T.);
#9371=EDGE_CURVE('',#9036,#9034,#6414,.T.);
#9373=EDGE_CURVE('',#9032,#9034,#2072,.T.);
#9375=EDGE_CURVE('',#9032,#9030,#6398,.T.);
#9377=EDGE_CURVE('',#9028,#9030,#2077,.T.);
#9379=EDGE_CURVE('',#9028,#9026,#6378,.T.);
#9381=EDGE_CURVE('',#6986,#9026,#2082,.T.);
#9383=EDGE_CURVE('',#6985,#6986,#2086,.T.);
#9385=EDGE_CURVE('',#9024,#6985,#2091,.T.);
#9387=EDGE_CURVE('',#9024,#9022,#6354,.T.);
#9389=EDGE_CURVE('',#9020,#9022,#2096,.T.);
#9391=EDGE_CURVE('',#9020,#9018,#6338,.T.);
#9393=EDGE_CURVE('',#9016,#9018,#2101,.T.);
#9395=EDGE_CURVE('',#9016,#9014,#6318,.T.);
#9397=EDGE_CURVE('',#6978,#9014,#2106,.T.);
#9399=EDGE_CURVE('',#6977,#6978,#2110,.T.);
#9401=EDGE_CURVE('',#9012,#6977,#2115,.T.);
#9403=EDGE_CURVE('',#9012,#9010,#6294,.T.);
#9405=EDGE_CURVE('',#9008,#9010,#2120,.T.);
#9407=EDGE_CURVE('',#9008,#9006,#6278,.T.);
#9409=EDGE_CURVE('',#9004,#9006,#2125,.T.);
#9411=EDGE_CURVE('',#9004,#9002,#6258,.T.);
#9413=EDGE_CURVE('',#6972,#9002,#2130,.T.);
#9415=EDGE_CURVE('',#6974,#6972,#2134,.T.);
#9417=EDGE_CURVE('',#7032,#6974,#2139,.T.);
#9421=EDGE_CURVE('',#9171,#9175,#28,.T.);
#9423=EDGE_CURVE('',#9175,#9171,#33,.T.);
#9427=EDGE_CURVE('',#9159,#9163,#38,.T.);
#9429=EDGE_CURVE('',#9163,#9159,#43,.T.);
#9433=EDGE_CURVE('',#9147,#9151,#48,.T.);
#9435=EDGE_CURVE('',#9151,#9147,#53,.T.);
#9439=EDGE_CURVE('',#9135,#9139,#58,.T.);
#9441=EDGE_CURVE('',#9139,#9135,#63,.T.);
#9445=EDGE_CURVE('',#8937,#8938,#67,.T.);
#9447=EDGE_CURVE('',#8998,#8937,#71,.T.);
#9449=EDGE_CURVE('',#8996,#8998,#75,.T.);
#9451=EDGE_CURVE('',#8996,#8994,#2886,.T.);
#9453=EDGE_CURVE('',#8992,#8994,#79,.T.);
#9455=EDGE_CURVE('',#8990,#8992,#83,.T.);
#9457=EDGE_CURVE('',#8990,#8988,#2866,.T.);
#9459=EDGE_CURVE('',#8986,#8988,#87,.T.);
#9461=EDGE_CURVE('',#8984,#8986,#91,.T.);
#9463=EDGE_CURVE('',#8982,#8984,#95,.T.);
#9465=EDGE_CURVE('',#8980,#8982,#99,.T.);
#9467=EDGE_CURVE('',#8980,#8978,#2838,.T.);
#9469=EDGE_CURVE('',#8976,#8978,#103,.T.);
#9471=EDGE_CURVE('',#8974,#8976,#107,.T.);
#9473=EDGE_CURVE('',#8972,#8974,#111,.T.);
#9475=EDGE_CURVE('',#8714,#8972,#115,.T.);
#9477=EDGE_CURVE('',#8708,#8714,#119,.T.);
#9479=EDGE_CURVE('',#8702,#8708,#123,.T.);
#9481=EDGE_CURVE('',#8701,#8702,#127,.T.);
#9483=EDGE_CURVE('',#8970,#8701,#131,.T.);
#9485=EDGE_CURVE('',#8968,#8970,#135,.T.);
#9487=EDGE_CURVE('',#8966,#8968,#139,.T.);
#9489=EDGE_CURVE('',#8964,#8966,#143,.T.);
#9491=EDGE_CURVE('',#8964,#8962,#2770,.T.);
#9493=EDGE_CURVE('',#8960,#8962,#147,.T.);
#9495=EDGE_CURVE('',#8958,#8960,#151,.T.);
#9497=EDGE_CURVE('',#8958,#8956,#2750,.T.);
#9499=EDGE_CURVE('',#8954,#8956,#155,.T.);
#9501=EDGE_CURVE('',#8954,#8952,#2738,.T.);
#9503=EDGE_CURVE('',#8950,#8952,#159,.T.);
#9505=EDGE_CURVE('',#8948,#8950,#163,.T.);
#9507=EDGE_CURVE('',#8948,#8946,#2718,.T.);
#9509=EDGE_CURVE('',#8944,#8946,#167,.T.);
#9511=EDGE_CURVE('',#8942,#8944,#171,.T.);
#9513=EDGE_CURVE('',#8940,#8942,#175,.T.);
#9515=EDGE_CURVE('',#8940,#8938,#2694,.T.);
#9519=EDGE_CURVE('',#8692,#8696,#179,.T.);
#9521=EDGE_CURVE('',#8686,#8692,#183,.T.);
#9523=EDGE_CURVE('',#8685,#8686,#187,.T.);
#9525=EDGE_CURVE('',#8696,#8685,#191,.T.);
#9529=EDGE_CURVE('',#8676,#8680,#195,.T.);
#9531=EDGE_CURVE('',#8670,#8676,#199,.T.);
#9533=EDGE_CURVE('',#8669,#8670,#203,.T.);
#9535=EDGE_CURVE('',#8680,#8669,#207,.T.);
#9539=EDGE_CURVE('',#8660,#8664,#211,.T.);
#9541=EDGE_CURVE('',#8654,#8660,#215,.T.);
#9543=EDGE_CURVE('',#8653,#8654,#219,.T.);
#9545=EDGE_CURVE('',#8664,#8653,#223,.T.);
#9549=EDGE_CURVE('',#8644,#8648,#227,.T.);
#9551=EDGE_CURVE('',#8638,#8644,#231,.T.);
#9553=EDGE_CURVE('',#8637,#8638,#235,.T.);
#9555=EDGE_CURVE('',#8648,#8637,#239,.T.);
#9559=EDGE_CURVE('',#8628,#8632,#243,.T.);
#9561=EDGE_CURVE('',#8622,#8628,#247,.T.);
#9563=EDGE_CURVE('',#8621,#8622,#251,.T.);
#9565=EDGE_CURVE('',#8632,#8621,#255,.T.);
#9569=EDGE_CURVE('',#8612,#8616,#259,.T.);
#9571=EDGE_CURVE('',#8606,#8612,#263,.T.);
#9573=EDGE_CURVE('',#8605,#8606,#267,.T.);
#9575=EDGE_CURVE('',#8616,#8605,#271,.T.);
#9579=EDGE_CURVE('',#8596,#8600,#275,.T.);
#9581=EDGE_CURVE('',#8590,#8596,#279,.T.);
#9583=EDGE_CURVE('',#8589,#8590,#283,.T.);
#9585=EDGE_CURVE('',#8600,#8589,#287,.T.);
#9589=EDGE_CURVE('',#8580,#8584,#291,.T.);
#9591=EDGE_CURVE('',#8574,#8580,#295,.T.);
#9593=EDGE_CURVE('',#8573,#8574,#299,.T.);
#9595=EDGE_CURVE('',#8584,#8573,#303,.T.);
#9599=EDGE_CURVE('',#8564,#8568,#307,.T.);
#9601=EDGE_CURVE('',#8558,#8564,#311,.T.);
#9603=EDGE_CURVE('',#8557,#8558,#315,.T.);
#9605=EDGE_CURVE('',#8568,#8557,#319,.T.);
#9609=EDGE_CURVE('',#8548,#8552,#323,.T.);
#9611=EDGE_CURVE('',#8542,#8548,#327,.T.);
#9613=EDGE_CURVE('',#8541,#8542,#331,.T.);
#9615=EDGE_CURVE('',#8552,#8541,#335,.T.);
#9619=EDGE_CURVE('',#8532,#8536,#339,.T.);
#9621=EDGE_CURVE('',#8526,#8532,#343,.T.);
#9623=EDGE_CURVE('',#8525,#8526,#347,.T.);
#9625=EDGE_CURVE('',#8536,#8525,#351,.T.);
#9629=EDGE_CURVE('',#8516,#8520,#355,.T.);
#9631=EDGE_CURVE('',#8510,#8516,#359,.T.);
#9633=EDGE_CURVE('',#8509,#8510,#363,.T.);
#9635=EDGE_CURVE('',#8520,#8509,#367,.T.);
#9639=EDGE_CURVE('',#8500,#8504,#371,.T.);
#9641=EDGE_CURVE('',#8494,#8500,#375,.T.);
#9643=EDGE_CURVE('',#8493,#8494,#379,.T.);
#9645=EDGE_CURVE('',#8504,#8493,#383,.T.);
#9649=EDGE_CURVE('',#8484,#8488,#387,.T.);
#9651=EDGE_CURVE('',#8478,#8484,#391,.T.);
#9653=EDGE_CURVE('',#8477,#8478,#395,.T.);
#9655=EDGE_CURVE('',#8488,#8477,#399,.T.);
#9659=EDGE_CURVE('',#8468,#8472,#403,.T.);
#9661=EDGE_CURVE('',#8462,#8468,#407,.T.);
#9663=EDGE_CURVE('',#8461,#8462,#411,.T.);
#9665=EDGE_CURVE('',#8472,#8461,#415,.T.);
#9669=EDGE_CURVE('',#8452,#8456,#419,.T.);
#9671=EDGE_CURVE('',#8446,#8452,#423,.T.);
#9673=EDGE_CURVE('',#8445,#8446,#427,.T.);
#9675=EDGE_CURVE('',#8456,#8445,#431,.T.);
#9679=EDGE_CURVE('',#8436,#8440,#435,.T.);
#9681=EDGE_CURVE('',#8430,#8436,#439,.T.);
#9683=EDGE_CURVE('',#8429,#8430,#443,.T.);
#9685=EDGE_CURVE('',#8440,#8429,#447,.T.);
#9689=EDGE_CURVE('',#8420,#8424,#451,.T.);
#9691=EDGE_CURVE('',#8414,#8420,#455,.T.);
#9693=EDGE_CURVE('',#8413,#8414,#459,.T.);
#9695=EDGE_CURVE('',#8424,#8413,#463,.T.);
#9699=EDGE_CURVE('',#8404,#8408,#467,.T.);
#9701=EDGE_CURVE('',#8398,#8404,#471,.T.);
#9703=EDGE_CURVE('',#8397,#8398,#475,.T.);
#9705=EDGE_CURVE('',#8408,#8397,#479,.T.);
#9709=EDGE_CURVE('',#8388,#8392,#483,.T.);
#9711=EDGE_CURVE('',#8382,#8388,#487,.T.);
#9713=EDGE_CURVE('',#8381,#8382,#491,.T.);
#9715=EDGE_CURVE('',#8392,#8381,#495,.T.);
#9719=EDGE_CURVE('',#8372,#8376,#499,.T.);
#9721=EDGE_CURVE('',#8366,#8372,#503,.T.);
#9723=EDGE_CURVE('',#8365,#8366,#507,.T.);
#9725=EDGE_CURVE('',#8376,#8365,#511,.T.);
#9729=EDGE_CURVE('',#8356,#8360,#515,.T.);
#9731=EDGE_CURVE('',#8350,#8356,#519,.T.);
#9733=EDGE_CURVE('',#8349,#8350,#523,.T.);
#9735=EDGE_CURVE('',#8360,#8349,#527,.T.);
#9739=EDGE_CURVE('',#8340,#8344,#531,.T.);
#9741=EDGE_CURVE('',#8334,#8340,#535,.T.);
#9743=EDGE_CURVE('',#8333,#8334,#539,.T.);
#9745=EDGE_CURVE('',#8344,#8333,#543,.T.);
#9749=EDGE_CURVE('',#8324,#8328,#547,.T.);
#9751=EDGE_CURVE('',#8318,#8324,#551,.T.);
#9753=EDGE_CURVE('',#8317,#8318,#555,.T.);
#9755=EDGE_CURVE('',#8328,#8317,#559,.T.);
#9759=EDGE_CURVE('',#8308,#8312,#563,.T.);
#9761=EDGE_CURVE('',#8302,#8308,#567,.T.);
#9763=EDGE_CURVE('',#8301,#8302,#571,.T.);
#9765=EDGE_CURVE('',#8312,#8301,#575,.T.);
#9769=EDGE_CURVE('',#8292,#8296,#579,.T.);
#9771=EDGE_CURVE('',#8286,#8292,#583,.T.);
#9773=EDGE_CURVE('',#8285,#8286,#587,.T.);
#9775=EDGE_CURVE('',#8296,#8285,#591,.T.);
#9779=EDGE_CURVE('',#8276,#8280,#595,.T.);
#9781=EDGE_CURVE('',#8270,#8276,#599,.T.);
#9783=EDGE_CURVE('',#8269,#8270,#603,.T.);
#9785=EDGE_CURVE('',#8280,#8269,#607,.T.);
#9789=EDGE_CURVE('',#8260,#8264,#611,.T.);
#9791=EDGE_CURVE('',#8254,#8260,#615,.T.);
#9793=EDGE_CURVE('',#8253,#8254,#619,.T.);
#9795=EDGE_CURVE('',#8264,#8253,#623,.T.);
#9799=EDGE_CURVE('',#8244,#8248,#627,.T.);
#9801=EDGE_CURVE('',#8238,#8244,#631,.T.);
#9803=EDGE_CURVE('',#8237,#8238,#635,.T.);
#9805=EDGE_CURVE('',#8248,#8237,#639,.T.);
#9809=EDGE_CURVE('',#8228,#8232,#643,.T.);
#9811=EDGE_CURVE('',#8222,#8228,#647,.T.);
#9813=EDGE_CURVE('',#8221,#8222,#651,.T.);
#9815=EDGE_CURVE('',#8232,#8221,#655,.T.);
#9819=EDGE_CURVE('',#8212,#8216,#659,.T.);
#9821=EDGE_CURVE('',#8206,#8212,#663,.T.);
#9823=EDGE_CURVE('',#8205,#8206,#667,.T.);
#9825=EDGE_CURVE('',#8216,#8205,#671,.T.);
#9829=EDGE_CURVE('',#8196,#8200,#675,.T.);
#9831=EDGE_CURVE('',#8190,#8196,#679,.T.);
#9833=EDGE_CURVE('',#8189,#8190,#683,.T.);
#9835=EDGE_CURVE('',#8200,#8189,#687,.T.);
#9839=EDGE_CURVE('',#8180,#8184,#691,.T.);
#9841=EDGE_CURVE('',#8174,#8180,#695,.T.);
#9843=EDGE_CURVE('',#8173,#8174,#699,.T.);
#9845=EDGE_CURVE('',#8184,#8173,#703,.T.);
#9849=EDGE_CURVE('',#8164,#8168,#707,.T.);
#9851=EDGE_CURVE('',#8158,#8164,#711,.T.);
#9853=EDGE_CURVE('',#8157,#8158,#715,.T.);
#9855=EDGE_CURVE('',#8168,#8157,#719,.T.);
#9859=EDGE_CURVE('',#8148,#8152,#723,.T.);
#9861=EDGE_CURVE('',#8142,#8148,#727,.T.);
#9863=EDGE_CURVE('',#8141,#8142,#731,.T.);
#9865=EDGE_CURVE('',#8152,#8141,#735,.T.);
#9869=EDGE_CURVE('',#8132,#8136,#739,.T.);
#9871=EDGE_CURVE('',#8126,#8132,#743,.T.);
#9873=EDGE_CURVE('',#8125,#8126,#747,.T.);
#9875=EDGE_CURVE('',#8136,#8125,#751,.T.);
#9879=EDGE_CURVE('',#8116,#8120,#755,.T.);
#9881=EDGE_CURVE('',#8110,#8116,#759,.T.);
#9883=EDGE_CURVE('',#8109,#8110,#763,.T.);
#9885=EDGE_CURVE('',#8120,#8109,#767,.T.);
#9889=EDGE_CURVE('',#8100,#8104,#771,.T.);
#9891=EDGE_CURVE('',#8094,#8100,#775,.T.);
#9893=EDGE_CURVE('',#8093,#8094,#779,.T.);
#9895=EDGE_CURVE('',#8104,#8093,#783,.T.);
#9899=EDGE_CURVE('',#8084,#8088,#787,.T.);
#9901=EDGE_CURVE('',#8078,#8084,#791,.T.);
#9903=EDGE_CURVE('',#8077,#8078,#795,.T.);
#9905=EDGE_CURVE('',#8088,#8077,#799,.T.);
#9909=EDGE_CURVE('',#8068,#8072,#803,.T.);
#9911=EDGE_CURVE('',#8062,#8068,#807,.T.);
#9913=EDGE_CURVE('',#8061,#8062,#811,.T.);
#9915=EDGE_CURVE('',#8072,#8061,#815,.T.);
#9919=EDGE_CURVE('',#8052,#8056,#819,.T.);
#9921=EDGE_CURVE('',#8046,#8052,#823,.T.);
#9923=EDGE_CURVE('',#8045,#8046,#827,.T.);
#9925=EDGE_CURVE('',#8056,#8045,#831,.T.);
#9929=EDGE_CURVE('',#8036,#8040,#835,.T.);
#9931=EDGE_CURVE('',#8030,#8036,#839,.T.);
#9933=EDGE_CURVE('',#8029,#8030,#843,.T.);
#9935=EDGE_CURVE('',#8040,#8029,#847,.T.);
#9939=EDGE_CURVE('',#8020,#8024,#851,.T.);
#9941=EDGE_CURVE('',#8014,#8020,#855,.T.);
#9943=EDGE_CURVE('',#8013,#8014,#859,.T.);
#9945=EDGE_CURVE('',#8024,#8013,#863,.T.);
#9949=EDGE_CURVE('',#8004,#8008,#867,.T.);
#9951=EDGE_CURVE('',#7998,#8004,#871,.T.);
#9953=EDGE_CURVE('',#7997,#7998,#875,.T.);
#9955=EDGE_CURVE('',#8008,#7997,#879,.T.);
#9959=EDGE_CURVE('',#7988,#7992,#883,.T.);
#9961=EDGE_CURVE('',#7982,#7988,#887,.T.);
#9963=EDGE_CURVE('',#7981,#7982,#891,.T.);
#9965=EDGE_CURVE('',#7992,#7981,#895,.T.);
#9969=EDGE_CURVE('',#7972,#7976,#899,.T.);
#9971=EDGE_CURVE('',#7966,#7972,#903,.T.);
#9973=EDGE_CURVE('',#7965,#7966,#907,.T.);
#9975=EDGE_CURVE('',#7976,#7965,#911,.T.);
#9979=EDGE_CURVE('',#7956,#7960,#915,.T.);
#9981=EDGE_CURVE('',#7950,#7956,#919,.T.);
#9983=EDGE_CURVE('',#7949,#7950,#923,.T.);
#9985=EDGE_CURVE('',#7960,#7949,#927,.T.);
#9989=EDGE_CURVE('',#7796,#7800,#931,.T.);
#9991=EDGE_CURVE('',#7790,#7796,#935,.T.);
#9993=EDGE_CURVE('',#7789,#7790,#939,.T.);
#9995=EDGE_CURVE('',#7800,#7789,#943,.T.);
#9999=EDGE_CURVE('',#7780,#7784,#947,.T.);
#10001=EDGE_CURVE('',#7774,#7780,#951,.T.);
#10003=EDGE_CURVE('',#7773,#7774,#955,.T.);
#10005=EDGE_CURVE('',#7784,#7773,#959,.T.);
#10009=EDGE_CURVE('',#7764,#7768,#963,.T.);
#10011=EDGE_CURVE('',#7758,#7764,#967,.T.);
#10013=EDGE_CURVE('',#7757,#7758,#971,.T.);
#10015=EDGE_CURVE('',#7768,#7757,#975,.T.);
#10019=EDGE_CURVE('',#7748,#7752,#979,.T.);
#10021=EDGE_CURVE('',#7742,#7748,#983,.T.);
#10023=EDGE_CURVE('',#7741,#7742,#987,.T.);
#10025=EDGE_CURVE('',#7752,#7741,#991,.T.);
#10029=EDGE_CURVE('',#7732,#7736,#995,.T.);
#10031=EDGE_CURVE('',#7726,#7732,#999,.T.);
#10033=EDGE_CURVE('',#7725,#7726,#1003,.T.);
#10035=EDGE_CURVE('',#7736,#7725,#1007,.T.);
#10039=EDGE_CURVE('',#7716,#7720,#1011,.T.);
#10041=EDGE_CURVE('',#7710,#7716,#1015,.T.);
#10043=EDGE_CURVE('',#7709,#7710,#1019,.T.);
#10045=EDGE_CURVE('',#7720,#7709,#1023,.T.);
#10049=EDGE_CURVE('',#7700,#7704,#1027,.T.);
#10051=EDGE_CURVE('',#7694,#7700,#1031,.T.);
#10053=EDGE_CURVE('',#7693,#7694,#1035,.T.);
#10055=EDGE_CURVE('',#7704,#7693,#1039,.T.);
#10059=EDGE_CURVE('',#7684,#7688,#1043,.T.);
#10061=EDGE_CURVE('',#7678,#7684,#1047,.T.);
#10063=EDGE_CURVE('',#7677,#7678,#1051,.T.);
#10065=EDGE_CURVE('',#7688,#7677,#1055,.T.);
#10069=EDGE_CURVE('',#7668,#7672,#1059,.T.);
#10071=EDGE_CURVE('',#7662,#7668,#1063,.T.);
#10073=EDGE_CURVE('',#7661,#7662,#1067,.T.);
#10075=EDGE_CURVE('',#7672,#7661,#1071,.T.);
#10079=EDGE_CURVE('',#7652,#7656,#1075,.T.);
#10081=EDGE_CURVE('',#7646,#7652,#1079,.T.);
#10083=EDGE_CURVE('',#7645,#7646,#1083,.T.);
#10085=EDGE_CURVE('',#7656,#7645,#1087,.T.);
#10089=EDGE_CURVE('',#7636,#7640,#1091,.T.);
#10091=EDGE_CURVE('',#7630,#7636,#1095,.T.);
#10093=EDGE_CURVE('',#7629,#7630,#1099,.T.);
#10095=EDGE_CURVE('',#7640,#7629,#1103,.T.);
#10099=EDGE_CURVE('',#7620,#7624,#1107,.T.);
#10101=EDGE_CURVE('',#7614,#7620,#1111,.T.);
#10103=EDGE_CURVE('',#7613,#7614,#1115,.T.);
#10105=EDGE_CURVE('',#7624,#7613,#1119,.T.);
#10109=EDGE_CURVE('',#7604,#7608,#1123,.T.);
#10111=EDGE_CURVE('',#7598,#7604,#1127,.T.);
#10113=EDGE_CURVE('',#7597,#7598,#1131,.T.);
#10115=EDGE_CURVE('',#7608,#7597,#1135,.T.);
#10119=EDGE_CURVE('',#7588,#7592,#1139,.T.);
#10121=EDGE_CURVE('',#7582,#7588,#1143,.T.);
#10123=EDGE_CURVE('',#7581,#7582,#1147,.T.);
#10125=EDGE_CURVE('',#7592,#7581,#1151,.T.);
#10129=EDGE_CURVE('',#7572,#7576,#1155,.T.);
#10131=EDGE_CURVE('',#7566,#7572,#1159,.T.);
#10133=EDGE_CURVE('',#7565,#7566,#1163,.T.);
#10135=EDGE_CURVE('',#7576,#7565,#1167,.T.);
#10139=EDGE_CURVE('',#7556,#7560,#1171,.T.);
#10141=EDGE_CURVE('',#7550,#7556,#1175,.T.);
#10143=EDGE_CURVE('',#7549,#7550,#1179,.T.);
#10145=EDGE_CURVE('',#7560,#7549,#1183,.T.);
#10149=EDGE_CURVE('',#7540,#7544,#1187,.T.);
#10151=EDGE_CURVE('',#7534,#7540,#1191,.T.);
#10153=EDGE_CURVE('',#7533,#7534,#1195,.T.);
#10155=EDGE_CURVE('',#7544,#7533,#1199,.T.);
#10159=EDGE_CURVE('',#7524,#7528,#1203,.T.);
#10161=EDGE_CURVE('',#7518,#7524,#1207,.T.);
#10163=EDGE_CURVE('',#7517,#7518,#1211,.T.);
#10165=EDGE_CURVE('',#7528,#7517,#1215,.T.);
#10169=EDGE_CURVE('',#7508,#7512,#1219,.T.);
#10171=EDGE_CURVE('',#7502,#7508,#1223,.T.);
#10173=EDGE_CURVE('',#7501,#7502,#1227,.T.);
#10175=EDGE_CURVE('',#7512,#7501,#1231,.T.);
#10179=EDGE_CURVE('',#7492,#7496,#1235,.T.);
#10181=EDGE_CURVE('',#7486,#7492,#1239,.T.);
#10183=EDGE_CURVE('',#7485,#7486,#1243,.T.);
#10185=EDGE_CURVE('',#7496,#7485,#1247,.T.);
#10189=EDGE_CURVE('',#7476,#7480,#1251,.T.);
#10191=EDGE_CURVE('',#7470,#7476,#1255,.T.);
#10193=EDGE_CURVE('',#7469,#7470,#1259,.T.);
#10195=EDGE_CURVE('',#7480,#7469,#1263,.T.);
#10199=EDGE_CURVE('',#7316,#7320,#1267,.T.);
#10201=EDGE_CURVE('',#7310,#7316,#1271,.T.);
#10203=EDGE_CURVE('',#7309,#7310,#1275,.T.);
#10205=EDGE_CURVE('',#7320,#7309,#1279,.T.);
#10209=EDGE_CURVE('',#7300,#7304,#1283,.T.);
#10211=EDGE_CURVE('',#7294,#7300,#1287,.T.);
#10213=EDGE_CURVE('',#7293,#7294,#1291,.T.);
#10215=EDGE_CURVE('',#7304,#7293,#1295,.T.);
#10219=EDGE_CURVE('',#7284,#7288,#1299,.T.);
#10221=EDGE_CURVE('',#7278,#7284,#1303,.T.);
#10223=EDGE_CURVE('',#7277,#7278,#1307,.T.);
#10225=EDGE_CURVE('',#7288,#7277,#1311,.T.);
#10229=EDGE_CURVE('',#7268,#7272,#1315,.T.);
#10231=EDGE_CURVE('',#7262,#7268,#1319,.T.);
#10233=EDGE_CURVE('',#7261,#7262,#1323,.T.);
#10235=EDGE_CURVE('',#7272,#7261,#1327,.T.);
#10239=EDGE_CURVE('',#7252,#7256,#1331,.T.);
#10241=EDGE_CURVE('',#7246,#7252,#1335,.T.);
#10243=EDGE_CURVE('',#7245,#7246,#1339,.T.);
#10245=EDGE_CURVE('',#7256,#7245,#1343,.T.);
#10249=EDGE_CURVE('',#7236,#7240,#1347,.T.);
#10251=EDGE_CURVE('',#7230,#7236,#1351,.T.);
#10253=EDGE_CURVE('',#7229,#7230,#1355,.T.);
#10255=EDGE_CURVE('',#7240,#7229,#1359,.T.);
#10259=EDGE_CURVE('',#7076,#7080,#1363,.T.);
#10261=EDGE_CURVE('',#7070,#7076,#1367,.T.);
#10263=EDGE_CURVE('',#7069,#7070,#1371,.T.);
#10265=EDGE_CURVE('',#7080,#7069,#1375,.T.);
#10269=EDGE_CURVE('',#7060,#7064,#1379,.T.);
#10271=EDGE_CURVE('',#7054,#7060,#1383,.T.);
#10273=EDGE_CURVE('',#7053,#7054,#1387,.T.);
#10275=EDGE_CURVE('',#7064,#7053,#1391,.T.);
#10279=EDGE_CURVE('',#7044,#7048,#1395,.T.);
#10281=EDGE_CURVE('',#7038,#7044,#1399,.T.);
#10283=EDGE_CURVE('',#7037,#7038,#1403,.T.);
#10285=EDGE_CURVE('',#7048,#7037,#1407,.T.);
#10289=EDGE_CURVE('',#7204,#7208,#1411,.T.);
#10291=EDGE_CURVE('',#7200,#7204,#1415,.T.);
#10293=EDGE_CURVE('',#7196,#7200,#1419,.T.);
#10295=EDGE_CURVE('',#7192,#7196,#1423,.T.);
#10297=EDGE_CURVE('',#7188,#7192,#1427,.T.);
#10299=EDGE_CURVE('',#7184,#7188,#1431,.T.);
#10301=EDGE_CURVE('',#7180,#7184,#1435,.T.);
#10303=EDGE_CURVE('',#7176,#7180,#1439,.T.);
#10305=EDGE_CURVE('',#7172,#7176,#1443,.T.);
#10307=EDGE_CURVE('',#7168,#7172,#1447,.T.);
#10309=EDGE_CURVE('',#7164,#7168,#1451,.T.);
#10311=EDGE_CURVE('',#7160,#7164,#1455,.T.);
#10313=EDGE_CURVE('',#7156,#7160,#1459,.T.);
#10315=EDGE_CURVE('',#7152,#7156,#1463,.T.);
#10317=EDGE_CURVE('',#7150,#7152,#1467,.T.);
#10319=EDGE_CURVE('',#7144,#7150,#1471,.T.);
#10321=EDGE_CURVE('',#7142,#7144,#1475,.T.);
#10323=EDGE_CURVE('',#7136,#7142,#1479,.T.);
#10325=EDGE_CURVE('',#7132,#7136,#1483,.T.);
#10327=EDGE_CURVE('',#7128,#7132,#1487,.T.);
#10329=EDGE_CURVE('',#7124,#7128,#1491,.T.);
#10331=EDGE_CURVE('',#7120,#7124,#1495,.T.);
#10333=EDGE_CURVE('',#7116,#7120,#1499,.T.);
#10335=EDGE_CURVE('',#7112,#7116,#1503,.T.);
#10337=EDGE_CURVE('',#7108,#7112,#1507,.T.);
#10339=EDGE_CURVE('',#7104,#7108,#1511,.T.);
#10341=EDGE_CURVE('',#7100,#7104,#1515,.T.);
#10343=EDGE_CURVE('',#7096,#7100,#1519,.T.);
#10345=EDGE_CURVE('',#7092,#7096,#1523,.T.);
#10347=EDGE_CURVE('',#7086,#7092,#1527,.T.);
#10349=EDGE_CURVE('',#7085,#7086,#1531,.T.);
#10351=EDGE_CURVE('',#7224,#7085,#1535,.T.);
#10353=EDGE_CURVE('',#7222,#7224,#1539,.T.);
#10355=EDGE_CURVE('',#7216,#7222,#1543,.T.);
#10357=EDGE_CURVE('',#7214,#7216,#1547,.T.);
#10359=EDGE_CURVE('',#7208,#7214,#1551,.T.);
#10363=EDGE_CURVE('',#7444,#7448,#1555,.T.);
#10365=EDGE_CURVE('',#7440,#7444,#1559,.T.);
#10367=EDGE_CURVE('',#7436,#7440,#1563,.T.);
#10369=EDGE_CURVE('',#7432,#7436,#1567,.T.);
#10371=EDGE_CURVE('',#7428,#7432,#1571,.T.);
#10373=EDGE_CURVE('',#7424,#7428,#1575,.T.);
#10375=EDGE_CURVE('',#7420,#7424,#1579,.T.);
#10377=EDGE_CURVE('',#7416,#7420,#1583,.T.);
#10379=EDGE_CURVE('',#7412,#7416,#1587,.T.);
#10381=EDGE_CURVE('',#7408,#7412,#1591,.T.);
#10383=EDGE_CURVE('',#7404,#7408,#1595,.T.);
#10385=EDGE_CURVE('',#7400,#7404,#1599,.T.);
#10387=EDGE_CURVE('',#7396,#7400,#1603,.T.);
#10389=EDGE_CURVE('',#7392,#7396,#1607,.T.);
#10391=EDGE_CURVE('',#7390,#7392,#1611,.T.);
#10393=EDGE_CURVE('',#7384,#7390,#1615,.T.);
#10395=EDGE_CURVE('',#7382,#7384,#1619,.T.);
#10397=EDGE_CURVE('',#7376,#7382,#1623,.T.);
#10399=EDGE_CURVE('',#7372,#7376,#1627,.T.);
#10401=EDGE_CURVE('',#7368,#7372,#1631,.T.);
#10403=EDGE_CURVE('',#7364,#7368,#1635,.T.);
#10405=EDGE_CURVE('',#7360,#7364,#1639,.T.);
#10407=EDGE_CURVE('',#7356,#7360,#1643,.T.);
#10409=EDGE_CURVE('',#7352,#7356,#1647,.T.);
#10411=EDGE_CURVE('',#7348,#7352,#1651,.T.);
#10413=EDGE_CURVE('',#7344,#7348,#1655,.T.);
#10415=EDGE_CURVE('',#7340,#7344,#1659,.T.);
#10417=EDGE_CURVE('',#7336,#7340,#1663,.T.);
#10419=EDGE_CURVE('',#7332,#7336,#1667,.T.);
#10421=EDGE_CURVE('',#7326,#7332,#1671,.T.);
#10423=EDGE_CURVE('',#7325,#7326,#1675,.T.);
#10425=EDGE_CURVE('',#7464,#7325,#1679,.T.);
#10427=EDGE_CURVE('',#7462,#7464,#1683,.T.);
#10429=EDGE_CURVE('',#7456,#7462,#1687,.T.);
#10431=EDGE_CURVE('',#7454,#7456,#1691,.T.);
#10433=EDGE_CURVE('',#7448,#7454,#1695,.T.);
#10437=EDGE_CURVE('',#7924,#7928,#1699,.T.);
#10439=EDGE_CURVE('',#7920,#7924,#1703,.T.);
#10441=EDGE_CURVE('',#7916,#7920,#1707,.T.);
#10443=EDGE_CURVE('',#7912,#7916,#1711,.T.);
#10445=EDGE_CURVE('',#7908,#7912,#1715,.T.);
#10447=EDGE_CURVE('',#7904,#7908,#1719,.T.);
#10449=EDGE_CURVE('',#7900,#7904,#1723,.T.);
#10451=EDGE_CURVE('',#7896,#7900,#1727,.T.);
#10453=EDGE_CURVE('',#7892,#7896,#1731,.T.);
#10455=EDGE_CURVE('',#7888,#7892,#1735,.T.);
#10457=EDGE_CURVE('',#7884,#7888,#1739,.T.);
#10459=EDGE_CURVE('',#7880,#7884,#1743,.T.);
#10461=EDGE_CURVE('',#7876,#7880,#1747,.T.);
#10463=EDGE_CURVE('',#7872,#7876,#1751,.T.);
#10465=EDGE_CURVE('',#7870,#7872,#1755,.T.);
#10467=EDGE_CURVE('',#7864,#7870,#1759,.T.);
#10469=EDGE_CURVE('',#7862,#7864,#1763,.T.);
#10471=EDGE_CURVE('',#7856,#7862,#1767,.T.);
#10473=EDGE_CURVE('',#7852,#7856,#1771,.T.);
#10475=EDGE_CURVE('',#7848,#7852,#1775,.T.);
#10477=EDGE_CURVE('',#7844,#7848,#1779,.T.);
#10479=EDGE_CURVE('',#7840,#7844,#1783,.T.);
#10481=EDGE_CURVE('',#7836,#7840,#1787,.T.);
#10483=EDGE_CURVE('',#7832,#7836,#1791,.T.);
#10485=EDGE_CURVE('',#7828,#7832,#1795,.T.);
#10487=EDGE_CURVE('',#7824,#7828,#1799,.T.);
#10489=EDGE_CURVE('',#7820,#7824,#1803,.T.);
#10491=EDGE_CURVE('',#7816,#7820,#1807,.T.);
#10493=EDGE_CURVE('',#7812,#7816,#1811,.T.);
#10495=EDGE_CURVE('',#7806,#7812,#1815,.T.);
#10497=EDGE_CURVE('',#7805,#7806,#1819,.T.);
#10499=EDGE_CURVE('',#7944,#7805,#1823,.T.);
#10501=EDGE_CURVE('',#7942,#7944,#1827,.T.);
#10503=EDGE_CURVE('',#7936,#7942,#1831,.T.);
#10505=EDGE_CURVE('',#7934,#7936,#1835,.T.);
#10507=EDGE_CURVE('',#7928,#7934,#1839,.T.);
#10511=EDGE_CURVE('',#9183,#9187,#18,.T.);
#10513=EDGE_CURVE('',#9187,#9183,#23,.T.);
#10524=EDGE_CURVE('',#9187,#9188,#2143,.T.);
#10526=EDGE_CURVE('',#9188,#9192,#2157,.T.);
#10528=EDGE_CURVE('',#9192,#9184,#2152,.T.);
#10530=EDGE_CURVE('',#9183,#9184,#2147,.T.);
#10542=EDGE_CURVE('',#9184,#9190,#2167,.T.);
#10544=EDGE_CURVE('',#9190,#9188,#2162,.T.);
#10555=EDGE_CURVE('',#6969,#7034,#2348,.T.);
#10557=EDGE_CURVE('',#6969,#6970,#6246,.T.);
#10559=EDGE_CURVE('',#8934,#6970,#2353,.T.);
#10561=EDGE_CURVE('',#8934,#8932,#6262,.T.);
#10563=EDGE_CURVE('',#8930,#8932,#2358,.T.);
#10565=EDGE_CURVE('',#8930,#8928,#6274,.T.);
#10567=EDGE_CURVE('',#8926,#8928,#2363,.T.);
#10569=EDGE_CURVE('',#8926,#8924,#6290,.T.);
#10571=EDGE_CURVE('',#8922,#8924,#2368,.T.);
#10573=EDGE_CURVE('',#6980,#8922,#2373,.T.);
#10575=EDGE_CURVE('',#6980,#6982,#6306,.T.);
#10577=EDGE_CURVE('',#8920,#6982,#2378,.T.);
#10579=EDGE_CURVE('',#8920,#8918,#6322,.T.);
#10581=EDGE_CURVE('',#8916,#8918,#2383,.T.);
#10583=EDGE_CURVE('',#8916,#8914,#6334,.T.);
#10585=EDGE_CURVE('',#8912,#8914,#2388,.T.);
#10587=EDGE_CURVE('',#8912,#8910,#6350,.T.);
#10589=EDGE_CURVE('',#8908,#8910,#2393,.T.);
#10591=EDGE_CURVE('',#6988,#8908,#2398,.T.);
#10593=EDGE_CURVE('',#6988,#6990,#6366,.T.);
#10595=EDGE_CURVE('',#8906,#6990,#2403,.T.);
#10597=EDGE_CURVE('',#8906,#8904,#6382,.T.);
#10599=EDGE_CURVE('',#8902,#8904,#2408,.T.);
#10601=EDGE_CURVE('',#8902,#8900,#6394,.T.);
#10603=EDGE_CURVE('',#8898,#8900,#2413,.T.);
#10605=EDGE_CURVE('',#8898,#8896,#6410,.T.);
#10607=EDGE_CURVE('',#8894,#8896,#2418,.T.);
#10609=EDGE_CURVE('',#6996,#8894,#2423,.T.);
#10611=EDGE_CURVE('',#6996,#6998,#6426,.T.);
#10613=EDGE_CURVE('',#8892,#6998,#2428,.T.);
#10615=EDGE_CURVE('',#8892,#8890,#6442,.T.);
#10617=EDGE_CURVE('',#8888,#8890,#2433,.T.);
#10619=EDGE_CURVE('',#8888,#8886,#6454,.T.);
#10621=EDGE_CURVE('',#8884,#8886,#2438,.T.);
#10623=EDGE_CURVE('',#8884,#8882,#6470,.T.);
#10625=EDGE_CURVE('',#8880,#8882,#2443,.T.);
#10627=EDGE_CURVE('',#7004,#8880,#2448,.T.);
#10629=EDGE_CURVE('',#7004,#7006,#6486,.T.);
#10631=EDGE_CURVE('',#7010,#7006,#2453,.T.);
#10633=EDGE_CURVE('',#7009,#7010,#2457,.T.);
#10635=EDGE_CURVE('',#8878,#7009,#2462,.T.);
#10637=EDGE_CURVE('',#8878,#8876,#6510,.T.);
#10639=EDGE_CURVE('',#8874,#8876,#2467,.T.);
#10641=EDGE_CURVE('',#8874,#8872,#6522,.T.);
#10643=EDGE_CURVE('',#8870,#8872,#2472,.T.);
#10645=EDGE_CURVE('',#8870,#8868,#6538,.T.);
#10647=EDGE_CURVE('',#8866,#8868,#2477,.T.);
#10649=EDGE_CURVE('',#7020,#8866,#2482,.T.);
#10651=EDGE_CURVE('',#7022,#7020,#2486,.T.);
#10653=EDGE_CURVE('',#8864,#7022,#2491,.T.);
#10655=EDGE_CURVE('',#8864,#8862,#6566,.T.);
#10657=EDGE_CURVE('',#8860,#8862,#2496,.T.);
#10659=EDGE_CURVE('',#8860,#8858,#6578,.T.);
#10661=EDGE_CURVE('',#8856,#8858,#2501,.T.);
#10663=EDGE_CURVE('',#8856,#8854,#6594,.T.);
#10665=EDGE_CURVE('',#8852,#8854,#2506,.T.);
#10667=EDGE_CURVE('',#7028,#8852,#2511,.T.);
#10669=EDGE_CURVE('',#7030,#7028,#2515,.T.);
#10671=EDGE_CURVE('',#6961,#7030,#2520,.T.);
#10673=EDGE_CURVE('',#6961,#6962,#6618,.T.);
#10675=EDGE_CURVE('',#8850,#6962,#2525,.T.);
#10677=EDGE_CURVE('',#8850,#8848,#6634,.T.);
#10679=EDGE_CURVE('',#8846,#8848,#2530,.T.);
#10681=EDGE_CURVE('',#8846,#8844,#6646,.T.);
#10683=EDGE_CURVE('',#8842,#8844,#2535,.T.);
#10685=EDGE_CURVE('',#8842,#8840,#6662,.T.);
#10687=EDGE_CURVE('',#8838,#8840,#2540,.T.);
#10689=EDGE_CURVE('',#6953,#8838,#2545,.T.);
#10691=EDGE_CURVE('',#6953,#6954,#6678,.T.);
#10693=EDGE_CURVE('',#8836,#6954,#2550,.T.);
#10695=EDGE_CURVE('',#8836,#8834,#6694,.T.);
#10697=EDGE_CURVE('',#8832,#8834,#2555,.T.);
#10699=EDGE_CURVE('',#8832,#8830,#6706,.T.);
#10701=EDGE_CURVE('',#8828,#8830,#2560,.T.);
#10703=EDGE_CURVE('',#8828,#8826,#6722,.T.);
#10705=EDGE_CURVE('',#8824,#8826,#2565,.T.);
#10707=EDGE_CURVE('',#6937,#8824,#2570,.T.);
#10709=EDGE_CURVE('',#6937,#6938,#6738,.T.);
#10711=EDGE_CURVE('',#8822,#6938,#2575,.T.);
#10713=EDGE_CURVE('',#8822,#8820,#6754,.T.);
#10715=EDGE_CURVE('',#8818,#8820,#2580,.T.);
#10717=EDGE_CURVE('',#8818,#8816,#6766,.T.);
#10719=EDGE_CURVE('',#8814,#8816,#2585,.T.);
#10721=EDGE_CURVE('',#8814,#8812,#6782,.T.);
#10723=EDGE_CURVE('',#8810,#8812,#2590,.T.);
#10725=EDGE_CURVE('',#6948,#8810,#2595,.T.);
#10727=EDGE_CURVE('',#6948,#6950,#6798,.T.);
#10729=EDGE_CURVE('',#6934,#6950,#2600,.T.);
#10731=EDGE_CURVE('',#6934,#6930,#6810,.T.);
#10733=EDGE_CURVE('',#8808,#6930,#2605,.T.);
#10735=EDGE_CURVE('',#8808,#8806,#6826,.T.);
#10737=EDGE_CURVE('',#8804,#8806,#2610,.T.);
#10739=EDGE_CURVE('',#8804,#8802,#6838,.T.);
#10741=EDGE_CURVE('',#8800,#8802,#2615,.T.);
#10743=EDGE_CURVE('',#8800,#8798,#6854,.T.);
#10745=EDGE_CURVE('',#8796,#8798,#2620,.T.);
#10747=EDGE_CURVE('',#6926,#8796,#2625,.T.);
#10751=EDGE_CURVE('',#8794,#8792,#6918,.T.);
#10753=EDGE_CURVE('',#8790,#8792,#2635,.T.);
#10755=EDGE_CURVE('',#8790,#8788,#6898,.T.);
#10757=EDGE_CURVE('',#8786,#8788,#2640,.T.);
#10759=EDGE_CURVE('',#8786,#8784,#6882,.T.);
#10761=EDGE_CURVE('',#8782,#8784,#2645,.T.);
#10763=EDGE_CURVE('',#8780,#8782,#2650,.T.);
#10765=EDGE_CURVE('',#8780,#7034,#6870,.T.);
#10769=EDGE_CURVE('',#9180,#9172,#2172,.T.);
#10771=EDGE_CURVE('',#9176,#9180,#2177,.T.);
#10773=EDGE_CURVE('',#9178,#9176,#2182,.T.);
#10775=EDGE_CURVE('',#9172,#9178,#2187,.T.);
#10779=EDGE_CURVE('',#9168,#9160,#2192,.T.);
#10781=EDGE_CURVE('',#9164,#9168,#2197,.T.);
#10783=EDGE_CURVE('',#9166,#9164,#2202,.T.);
#10785=EDGE_CURVE('',#9160,#9166,#2207,.T.);
#10789=EDGE_CURVE('',#9156,#9148,#2212,.T.);
#10791=EDGE_CURVE('',#9152,#9156,#2217,.T.);
#10793=EDGE_CURVE('',#9154,#9152,#2222,.T.);
#10795=EDGE_CURVE('',#9148,#9154,#2227,.T.);
#10799=EDGE_CURVE('',#9144,#9136,#2232,.T.);
#10801=EDGE_CURVE('',#9140,#9144,#2237,.T.);
#10803=EDGE_CURVE('',#9142,#9140,#2242,.T.);
#10805=EDGE_CURVE('',#9136,#9142,#2247,.T.);
#10809=EDGE_CURVE('',#8717,#8718,#2690,.T.);
#10811=EDGE_CURVE('',#8718,#8778,#2698,.T.);
#10813=EDGE_CURVE('',#8776,#8778,#2251,.T.);
#10815=EDGE_CURVE('',#8774,#8776,#2255,.T.);
#10817=EDGE_CURVE('',#8774,#8772,#2714,.T.);
#10819=EDGE_CURVE('',#8770,#8772,#2259,.T.);
#10821=EDGE_CURVE('',#8768,#8770,#2263,.T.);
#10823=EDGE_CURVE('',#8768,#8766,#2734,.T.);
#10825=EDGE_CURVE('',#8764,#8766,#2267,.T.);
#10827=EDGE_CURVE('',#8762,#8764,#2271,.T.);
#10829=EDGE_CURVE('',#8760,#8762,#2275,.T.);
#10831=EDGE_CURVE('',#8758,#8760,#2279,.T.);
#10833=EDGE_CURVE('',#8758,#8756,#2762,.T.);
#10835=EDGE_CURVE('',#8754,#8756,#2283,.T.);
#10837=EDGE_CURVE('',#8752,#8754,#2287,.T.);
#10839=EDGE_CURVE('',#8750,#8752,#2291,.T.);
#10841=EDGE_CURVE('',#8704,#8750,#2295,.T.);
#10843=EDGE_CURVE('',#8704,#8706,#2790,.T.);
#10845=EDGE_CURVE('',#8706,#8710,#2798,.T.);
#10847=EDGE_CURVE('',#8710,#8712,#2806,.T.);
#10849=EDGE_CURVE('',#8748,#8712,#2299,.T.);
#10851=EDGE_CURVE('',#8746,#8748,#2303,.T.);
#10853=EDGE_CURVE('',#8744,#8746,#2307,.T.);
#10855=EDGE_CURVE('',#8742,#8744,#2311,.T.);
#10857=EDGE_CURVE('',#8742,#8740,#2830,.T.);
#10859=EDGE_CURVE('',#8738,#8740,#2315,.T.);
#10861=EDGE_CURVE('',#8736,#8738,#2319,.T.);
#10863=EDGE_CURVE('',#8734,#8736,#2323,.T.);
#10865=EDGE_CURVE('',#8732,#8734,#2327,.T.);
#10867=EDGE_CURVE('',#8732,#8730,#2862,.T.);
#10869=EDGE_CURVE('',#8728,#8730,#2331,.T.);
#10871=EDGE_CURVE('',#8726,#8728,#2335,.T.);
#10873=EDGE_CURVE('',#8726,#8724,#2882,.T.);
#10875=EDGE_CURVE('',#8722,#8724,#2339,.T.);
#10877=EDGE_CURVE('',#8720,#8722,#2343,.T.);
#10879=EDGE_CURVE('',#8720,#8717,#2906,.T.);
#10883=EDGE_CURVE('',#8698,#8688,#2910,.T.);
#10885=EDGE_CURVE('',#8688,#8690,#2918,.T.);
#10887=EDGE_CURVE('',#8690,#8694,#2926,.T.);
#10889=EDGE_CURVE('',#8694,#8698,#2934,.T.);
#10893=EDGE_CURVE('',#8682,#8672,#2942,.T.);
#10895=EDGE_CURVE('',#8672,#8674,#2950,.T.);
#10897=EDGE_CURVE('',#8674,#8678,#2958,.T.);
#10899=EDGE_CURVE('',#8678,#8682,#2966,.T.);
#10903=EDGE_CURVE('',#8666,#8656,#2974,.T.);
#10905=EDGE_CURVE('',#8656,#8658,#2982,.T.);
#10907=EDGE_CURVE('',#8658,#8662,#2990,.T.);
#10909=EDGE_CURVE('',#8662,#8666,#2998,.T.);
#10913=EDGE_CURVE('',#8650,#8640,#3006,.T.);
#10915=EDGE_CURVE('',#8640,#8642,#3014,.T.);
#10917=EDGE_CURVE('',#8642,#8646,#3022,.T.);
#10919=EDGE_CURVE('',#8646,#8650,#3030,.T.);
#10923=EDGE_CURVE('',#8634,#8624,#3038,.T.);
#10925=EDGE_CURVE('',#8624,#8626,#3046,.T.);
#10927=EDGE_CURVE('',#8626,#8630,#3054,.T.);
#10929=EDGE_CURVE('',#8630,#8634,#3062,.T.);
#10933=EDGE_CURVE('',#8618,#8608,#3070,.T.);
#10935=EDGE_CURVE('',#8608,#8610,#3078,.T.);
#10937=EDGE_CURVE('',#8610,#8614,#3086,.T.);
#10939=EDGE_CURVE('',#8614,#8618,#3094,.T.);
#10943=EDGE_CURVE('',#8602,#8592,#3102,.T.);
#10945=EDGE_CURVE('',#8592,#8594,#3110,.T.);
#10947=EDGE_CURVE('',#8594,#8598,#3118,.T.);
#10949=EDGE_CURVE('',#8598,#8602,#3126,.T.);
#10953=EDGE_CURVE('',#8586,#8576,#3134,.T.);
#10955=EDGE_CURVE('',#8576,#8578,#3142,.T.);
#10957=EDGE_CURVE('',#8578,#8582,#3150,.T.);
#10959=EDGE_CURVE('',#8582,#8586,#3158,.T.);
#10963=EDGE_CURVE('',#8570,#8560,#3166,.T.);
#10965=EDGE_CURVE('',#8560,#8562,#3174,.T.);
#10967=EDGE_CURVE('',#8562,#8566,#3182,.T.);
#10969=EDGE_CURVE('',#8566,#8570,#3190,.T.);
#10973=EDGE_CURVE('',#8554,#8544,#3198,.T.);
#10975=EDGE_CURVE('',#8544,#8546,#3206,.T.);
#10977=EDGE_CURVE('',#8546,#8550,#3214,.T.);
#10979=EDGE_CURVE('',#8550,#8554,#3222,.T.);
#10983=EDGE_CURVE('',#8538,#8528,#3230,.T.);
#10985=EDGE_CURVE('',#8528,#8530,#3238,.T.);
#10987=EDGE_CURVE('',#8530,#8534,#3246,.T.);
#10989=EDGE_CURVE('',#8534,#8538,#3254,.T.);
#10993=EDGE_CURVE('',#8522,#8512,#3262,.T.);
#10995=EDGE_CURVE('',#8512,#8514,#3270,.T.);
#10997=EDGE_CURVE('',#8514,#8518,#3278,.T.);
#10999=EDGE_CURVE('',#8518,#8522,#3286,.T.);
#11003=EDGE_CURVE('',#8506,#8496,#3294,.T.);
#11005=EDGE_CURVE('',#8496,#8498,#3302,.T.);
#11007=EDGE_CURVE('',#8498,#8502,#3310,.T.);
#11009=EDGE_CURVE('',#8502,#8506,#3318,.T.);
#11013=EDGE_CURVE('',#8490,#8480,#3326,.T.);
#11015=EDGE_CURVE('',#8480,#8482,#3334,.T.);
#11017=EDGE_CURVE('',#8482,#8486,#3342,.T.);
#11019=EDGE_CURVE('',#8486,#8490,#3350,.T.);
#11023=EDGE_CURVE('',#8474,#8464,#3358,.T.);
#11025=EDGE_CURVE('',#8464,#8466,#3366,.T.);
#11027=EDGE_CURVE('',#8466,#8470,#3374,.T.);
#11029=EDGE_CURVE('',#8470,#8474,#3382,.T.);
#11033=EDGE_CURVE('',#8458,#8448,#3390,.T.);
#11035=EDGE_CURVE('',#8448,#8450,#3398,.T.);
#11037=EDGE_CURVE('',#8450,#8454,#3406,.T.);
#11039=EDGE_CURVE('',#8454,#8458,#3414,.T.);
#11043=EDGE_CURVE('',#8442,#8432,#3422,.T.);
#11045=EDGE_CURVE('',#8432,#8434,#3430,.T.);
#11047=EDGE_CURVE('',#8434,#8438,#3438,.T.);
#11049=EDGE_CURVE('',#8438,#8442,#3446,.T.);
#11053=EDGE_CURVE('',#8426,#8416,#3454,.T.);
#11055=EDGE_CURVE('',#8416,#8418,#3462,.T.);
#11057=EDGE_CURVE('',#8418,#8422,#3470,.T.);
#11059=EDGE_CURVE('',#8422,#8426,#3478,.T.);
#11063=EDGE_CURVE('',#8410,#8400,#3486,.T.);
#11065=EDGE_CURVE('',#8400,#8402,#3494,.T.);
#11067=EDGE_CURVE('',#8402,#8406,#3502,.T.);
#11069=EDGE_CURVE('',#8406,#8410,#3510,.T.);
#11073=EDGE_CURVE('',#8394,#8384,#3518,.T.);
#11075=EDGE_CURVE('',#8384,#8386,#3526,.T.);
#11077=EDGE_CURVE('',#8386,#8390,#3534,.T.);
#11079=EDGE_CURVE('',#8390,#8394,#3542,.T.);
#11083=EDGE_CURVE('',#8378,#8368,#3550,.T.);
#11085=EDGE_CURVE('',#8368,#8370,#3558,.T.);
#11087=EDGE_CURVE('',#8370,#8374,#3566,.T.);
#11089=EDGE_CURVE('',#8374,#8378,#3574,.T.);
#11093=EDGE_CURVE('',#8362,#8352,#3582,.T.);
#11095=EDGE_CURVE('',#8352,#8354,#3590,.T.);
#11097=EDGE_CURVE('',#8354,#8358,#3598,.T.);
#11099=EDGE_CURVE('',#8358,#8362,#3606,.T.);
#11103=EDGE_CURVE('',#8346,#8336,#3614,.T.);
#11105=EDGE_CURVE('',#8336,#8338,#3622,.T.);
#11107=EDGE_CURVE('',#8338,#8342,#3630,.T.);
#11109=EDGE_CURVE('',#8342,#8346,#3638,.T.);
#11113=EDGE_CURVE('',#8330,#8320,#3646,.T.);
#11115=EDGE_CURVE('',#8320,#8322,#3654,.T.);
#11117=EDGE_CURVE('',#8322,#8326,#3662,.T.);
#11119=EDGE_CURVE('',#8326,#8330,#3670,.T.);
#11123=EDGE_CURVE('',#8314,#8304,#3678,.T.);
#11125=EDGE_CURVE('',#8304,#8306,#3686,.T.);
#11127=EDGE_CURVE('',#8306,#8310,#3694,.T.);
#11129=EDGE_CURVE('',#8310,#8314,#3702,.T.);
#11133=EDGE_CURVE('',#8298,#8288,#3710,.T.);
#11135=EDGE_CURVE('',#8288,#8290,#3718,.T.);
#11137=EDGE_CURVE('',#8290,#8294,#3726,.T.);
#11139=EDGE_CURVE('',#8294,#8298,#3734,.T.);
#11143=EDGE_CURVE('',#8282,#8272,#3742,.T.);
#11145=EDGE_CURVE('',#8272,#8274,#3750,.T.);
#11147=EDGE_CURVE('',#8274,#8278,#3758,.T.);
#11149=EDGE_CURVE('',#8278,#8282,#3766,.T.);
#11153=EDGE_CURVE('',#8266,#8256,#3774,.T.);
#11155=EDGE_CURVE('',#8256,#8258,#3782,.T.);
#11157=EDGE_CURVE('',#8258,#8262,#3790,.T.);
#11159=EDGE_CURVE('',#8262,#8266,#3798,.T.);
#11163=EDGE_CURVE('',#8250,#8240,#3806,.T.);
#11165=EDGE_CURVE('',#8240,#8242,#3814,.T.);
#11167=EDGE_CURVE('',#8242,#8246,#3822,.T.);
#11169=EDGE_CURVE('',#8246,#8250,#3830,.T.);
#11173=EDGE_CURVE('',#8234,#8224,#3838,.T.);
#11175=EDGE_CURVE('',#8224,#8226,#3846,.T.);
#11177=EDGE_CURVE('',#8226,#8230,#3854,.T.);
#11179=EDGE_CURVE('',#8230,#8234,#3862,.T.);
#11183=EDGE_CURVE('',#8218,#8208,#3870,.T.);
#11185=EDGE_CURVE('',#8208,#8210,#3878,.T.);
#11187=EDGE_CURVE('',#8210,#8214,#3886,.T.);
#11189=EDGE_CURVE('',#8214,#8218,#3894,.T.);
#11193=EDGE_CURVE('',#8202,#8192,#3902,.T.);
#11195=EDGE_CURVE('',#8192,#8194,#3910,.T.);
#11197=EDGE_CURVE('',#8194,#8198,#3918,.T.);
#11199=EDGE_CURVE('',#8198,#8202,#3926,.T.);
#11203=EDGE_CURVE('',#8186,#8176,#3934,.T.);
#11205=EDGE_CURVE('',#8176,#8178,#3942,.T.);
#11207=EDGE_CURVE('',#8178,#8182,#3950,.T.);
#11209=EDGE_CURVE('',#8182,#8186,#3958,.T.);
#11213=EDGE_CURVE('',#8170,#8160,#3966,.T.);
#11215=EDGE_CURVE('',#8160,#8162,#3974,.T.);
#11217=EDGE_CURVE('',#8162,#8166,#3982,.T.);
#11219=EDGE_CURVE('',#8166,#8170,#3990,.T.);
#11223=EDGE_CURVE('',#8154,#8144,#3998,.T.);
#11225=EDGE_CURVE('',#8144,#8146,#4006,.T.);
#11227=EDGE_CURVE('',#8146,#8150,#4014,.T.);
#11229=EDGE_CURVE('',#8150,#8154,#4022,.T.);
#11233=EDGE_CURVE('',#8138,#8128,#4030,.T.);
#11235=EDGE_CURVE('',#8128,#8130,#4038,.T.);
#11237=EDGE_CURVE('',#8130,#8134,#4046,.T.);
#11239=EDGE_CURVE('',#8134,#8138,#4054,.T.);
#11243=EDGE_CURVE('',#8122,#8112,#4062,.T.);
#11245=EDGE_CURVE('',#8112,#8114,#4070,.T.);
#11247=EDGE_CURVE('',#8114,#8118,#4078,.T.);
#11249=EDGE_CURVE('',#8118,#8122,#4086,.T.);
#11253=EDGE_CURVE('',#8106,#8096,#4094,.T.);
#11255=EDGE_CURVE('',#8096,#8098,#4102,.T.);
#11257=EDGE_CURVE('',#8098,#8102,#4110,.T.);
#11259=EDGE_CURVE('',#8102,#8106,#4118,.T.);
#11263=EDGE_CURVE('',#8090,#8080,#4126,.T.);
#11265=EDGE_CURVE('',#8080,#8082,#4134,.T.);
#11267=EDGE_CURVE('',#8082,#8086,#4142,.T.);
#11269=EDGE_CURVE('',#8086,#8090,#4150,.T.);
#11273=EDGE_CURVE('',#8074,#8064,#4158,.T.);
#11275=EDGE_CURVE('',#8064,#8066,#4166,.T.);
#11277=EDGE_CURVE('',#8066,#8070,#4174,.T.);
#11279=EDGE_CURVE('',#8070,#8074,#4182,.T.);
#11283=EDGE_CURVE('',#8058,#8048,#4190,.T.);
#11285=EDGE_CURVE('',#8048,#8050,#4198,.T.);
#11287=EDGE_CURVE('',#8050,#8054,#4206,.T.);
#11289=EDGE_CURVE('',#8054,#8058,#4214,.T.);
#11293=EDGE_CURVE('',#8042,#8032,#4222,.T.);
#11295=EDGE_CURVE('',#8032,#8034,#4230,.T.);
#11297=EDGE_CURVE('',#8034,#8038,#4238,.T.);
#11299=EDGE_CURVE('',#8038,#8042,#4246,.T.);
#11303=EDGE_CURVE('',#8026,#8016,#4254,.T.);
#11305=EDGE_CURVE('',#8016,#8018,#4262,.T.);
#11307=EDGE_CURVE('',#8018,#8022,#4270,.T.);
#11309=EDGE_CURVE('',#8022,#8026,#4278,.T.);
#11313=EDGE_CURVE('',#8010,#8000,#4286,.T.);
#11315=EDGE_CURVE('',#8000,#8002,#4294,.T.);
#11317=EDGE_CURVE('',#8002,#8006,#4302,.T.);
#11319=EDGE_CURVE('',#8006,#8010,#4310,.T.);
#11323=EDGE_CURVE('',#7994,#7984,#4318,.T.);
#11325=EDGE_CURVE('',#7984,#7986,#4326,.T.);
#11327=EDGE_CURVE('',#7986,#7990,#4334,.T.);
#11329=EDGE_CURVE('',#7990,#7994,#4342,.T.);
#11333=EDGE_CURVE('',#7978,#7968,#4350,.T.);
#11335=EDGE_CURVE('',#7968,#7970,#4358,.T.);
#11337=EDGE_CURVE('',#7970,#7974,#4366,.T.);
#11339=EDGE_CURVE('',#7974,#7978,#4374,.T.);
#11343=EDGE_CURVE('',#7962,#7952,#4382,.T.);
#11345=EDGE_CURVE('',#7952,#7954,#4390,.T.);
#11347=EDGE_CURVE('',#7954,#7958,#4398,.T.);
#11349=EDGE_CURVE('',#7958,#7962,#4406,.T.);
#11353=EDGE_CURVE('',#7946,#7808,#4414,.T.);
#11355=EDGE_CURVE('',#7808,#7810,#4422,.T.);
#11357=EDGE_CURVE('',#7810,#7814,#4430,.T.);
#11359=EDGE_CURVE('',#7814,#7818,#4438,.T.);
#11361=EDGE_CURVE('',#7818,#7822,#4446,.T.);
#11363=EDGE_CURVE('',#7822,#7826,#4454,.T.);
#11365=EDGE_CURVE('',#7826,#7830,#4462,.T.);
#11367=EDGE_CURVE('',#7830,#7834,#4470,.T.);
#11369=EDGE_CURVE('',#7834,#7838,#4478,.T.);
#11371=EDGE_CURVE('',#7838,#7842,#4486,.T.);
#11373=EDGE_CURVE('',#7842,#7846,#4494,.T.);
#11375=EDGE_CURVE('',#7846,#7850,#4502,.T.);
#11377=EDGE_CURVE('',#7850,#7854,#4510,.T.);
#11379=EDGE_CURVE('',#7854,#7858,#4518,.T.);
#11381=EDGE_CURVE('',#7858,#7860,#4530,.T.);
#11383=EDGE_CURVE('',#7860,#7866,#4534,.T.);
#11385=EDGE_CURVE('',#7866,#7869,#4546,.T.);
#11387=EDGE_CURVE('',#7869,#7874,#4554,.T.);
#11389=EDGE_CURVE('',#7874,#7878,#4558,.T.);
#11391=EDGE_CURVE('',#7878,#7882,#4566,.T.);
#11393=EDGE_CURVE('',#7882,#7886,#4574,.T.);
#11395=EDGE_CURVE('',#7886,#7890,#4582,.T.);
#11397=EDGE_CURVE('',#7890,#7894,#4590,.T.);
#11399=EDGE_CURVE('',#7894,#7898,#4598,.T.);
#11401=EDGE_CURVE('',#7898,#7902,#4606,.T.);
#11403=EDGE_CURVE('',#7902,#7906,#4614,.T.);
#11405=EDGE_CURVE('',#7906,#7910,#4622,.T.);
#11407=EDGE_CURVE('',#7910,#7914,#4630,.T.);
#11409=EDGE_CURVE('',#7914,#7918,#4638,.T.);
#11411=EDGE_CURVE('',#7918,#7922,#4646,.T.);
#11413=EDGE_CURVE('',#7922,#7926,#4654,.T.);
#11415=EDGE_CURVE('',#7926,#7930,#4662,.T.);
#11417=EDGE_CURVE('',#7930,#7932,#4674,.T.);
#11419=EDGE_CURVE('',#7932,#7938,#4678,.T.);
#11421=EDGE_CURVE('',#7938,#7941,#4690,.T.);
#11423=EDGE_CURVE('',#7941,#7946,#4698,.T.);
#11427=EDGE_CURVE('',#7802,#7792,#4702,.T.);
#11429=EDGE_CURVE('',#7792,#7794,#4710,.T.);
#11431=EDGE_CURVE('',#7794,#7798,#4718,.T.);
#11433=EDGE_CURVE('',#7798,#7802,#4726,.T.);
#11437=EDGE_CURVE('',#7786,#7776,#4734,.T.);
#11439=EDGE_CURVE('',#7776,#7778,#4742,.T.);
#11441=EDGE_CURVE('',#7778,#7782,#4750,.T.);
#11443=EDGE_CURVE('',#7782,#7786,#4758,.T.);
#11447=EDGE_CURVE('',#7770,#7760,#4766,.T.);
#11449=EDGE_CURVE('',#7760,#7762,#4774,.T.);
#11451=EDGE_CURVE('',#7762,#7766,#4782,.T.);
#11453=EDGE_CURVE('',#7766,#7770,#4790,.T.);
#11457=EDGE_CURVE('',#7754,#7744,#4798,.T.);
#11459=EDGE_CURVE('',#7744,#7746,#4806,.T.);
#11461=EDGE_CURVE('',#7746,#7750,#4814,.T.);
#11463=EDGE_CURVE('',#7750,#7754,#4822,.T.);
#11467=EDGE_CURVE('',#7738,#7728,#4830,.T.);
#11469=EDGE_CURVE('',#7728,#7730,#4838,.T.);
#11471=EDGE_CURVE('',#7730,#7734,#4846,.T.);
#11473=EDGE_CURVE('',#7734,#7738,#4854,.T.);
#11477=EDGE_CURVE('',#7722,#7712,#4862,.T.);
#11479=EDGE_CURVE('',#7712,#7714,#4870,.T.);
#11481=EDGE_CURVE('',#7714,#7718,#4878,.T.);
#11483=EDGE_CURVE('',#7718,#7722,#4886,.T.);
#11487=EDGE_CURVE('',#7706,#7696,#4894,.T.);
#11489=EDGE_CURVE('',#7696,#7698,#4902,.T.);
#11491=EDGE_CURVE('',#7698,#7702,#4910,.T.);
#11493=EDGE_CURVE('',#7702,#7706,#4918,.T.);
#11497=EDGE_CURVE('',#7690,#7680,#4926,.T.);
#11499=EDGE_CURVE('',#7680,#7682,#4934,.T.);
#11501=EDGE_CURVE('',#7682,#7686,#4942,.T.);
#11503=EDGE_CURVE('',#7686,#7690,#4950,.T.);
#11507=EDGE_CURVE('',#7674,#7664,#4958,.T.);
#11509=EDGE_CURVE('',#7664,#7666,#4966,.T.);
#11511=EDGE_CURVE('',#7666,#7670,#4974,.T.);
#11513=EDGE_CURVE('',#7670,#7674,#4982,.T.);
#11517=EDGE_CURVE('',#7658,#7648,#4990,.T.);
#11519=EDGE_CURVE('',#7648,#7650,#4998,.T.);
#11521=EDGE_CURVE('',#7650,#7654,#5006,.T.);
#11523=EDGE_CURVE('',#7654,#7658,#5014,.T.);
#11527=EDGE_CURVE('',#7642,#7632,#5022,.T.);
#11529=EDGE_CURVE('',#7632,#7634,#5030,.T.);
#11531=EDGE_CURVE('',#7634,#7638,#5038,.T.);
#11533=EDGE_CURVE('',#7638,#7642,#5046,.T.);
#11537=EDGE_CURVE('',#7626,#7616,#5054,.T.);
#11539=EDGE_CURVE('',#7616,#7618,#5062,.T.);
#11541=EDGE_CURVE('',#7618,#7622,#5070,.T.);
#11543=EDGE_CURVE('',#7622,#7626,#5078,.T.);
#11547=EDGE_CURVE('',#7610,#7600,#5086,.T.);
#11549=EDGE_CURVE('',#7600,#7602,#5094,.T.);
#11551=EDGE_CURVE('',#7602,#7606,#5102,.T.);
#11553=EDGE_CURVE('',#7606,#7610,#5110,.T.);
#11557=EDGE_CURVE('',#7594,#7584,#5118,.T.);
#11559=EDGE_CURVE('',#7584,#7586,#5126,.T.);
#11561=EDGE_CURVE('',#7586,#7590,#5134,.T.);
#11563=EDGE_CURVE('',#7590,#7594,#5142,.T.);
#11567=EDGE_CURVE('',#7578,#7568,#5150,.T.);
#11569=EDGE_CURVE('',#7568,#7570,#5158,.T.);
#11571=EDGE_CURVE('',#7570,#7574,#5166,.T.);
#11573=EDGE_CURVE('',#7574,#7578,#5174,.T.);
#11577=EDGE_CURVE('',#7562,#7552,#5182,.T.);
#11579=EDGE_CURVE('',#7552,#7554,#5190,.T.);
#11581=EDGE_CURVE('',#7554,#7558,#5198,.T.);
#11583=EDGE_CURVE('',#7558,#7562,#5206,.T.);
#11587=EDGE_CURVE('',#7546,#7536,#5214,.T.);
#11589=EDGE_CURVE('',#7536,#7538,#5222,.T.);
#11591=EDGE_CURVE('',#7538,#7542,#5230,.T.);
#11593=EDGE_CURVE('',#7542,#7546,#5238,.T.);
#11597=EDGE_CURVE('',#7530,#7520,#5246,.T.);
#11599=EDGE_CURVE('',#7520,#7522,#5254,.T.);
#11601=EDGE_CURVE('',#7522,#7526,#5262,.T.);
#11603=EDGE_CURVE('',#7526,#7530,#5270,.T.);
#11607=EDGE_CURVE('',#7514,#7504,#5278,.T.);
#11609=EDGE_CURVE('',#7504,#7506,#5286,.T.);
#11611=EDGE_CURVE('',#7506,#7510,#5294,.T.);
#11613=EDGE_CURVE('',#7510,#7514,#5302,.T.);
#11617=EDGE_CURVE('',#7498,#7488,#5310,.T.);
#11619=EDGE_CURVE('',#7488,#7490,#5318,.T.);
#11621=EDGE_CURVE('',#7490,#7494,#5326,.T.);
#11623=EDGE_CURVE('',#7494,#7498,#5334,.T.);
#11627=EDGE_CURVE('',#7482,#7472,#5342,.T.);
#11629=EDGE_CURVE('',#7472,#7474,#5350,.T.);
#11631=EDGE_CURVE('',#7474,#7478,#5358,.T.);
#11633=EDGE_CURVE('',#7478,#7482,#5366,.T.);
#11637=EDGE_CURVE('',#7466,#7328,#5374,.T.);
#11639=EDGE_CURVE('',#7328,#7330,#5382,.T.);
#11641=EDGE_CURVE('',#7330,#7334,#5390,.T.);
#11643=EDGE_CURVE('',#7334,#7338,#5398,.T.);
#11645=EDGE_CURVE('',#7338,#7342,#5406,.T.);
#11647=EDGE_CURVE('',#7342,#7346,#5414,.T.);
#11649=EDGE_CURVE('',#7346,#7350,#5422,.T.);
#11651=EDGE_CURVE('',#7350,#7354,#5430,.T.);
#11653=EDGE_CURVE('',#7354,#7358,#5438,.T.);
#11655=EDGE_CURVE('',#7358,#7362,#5446,.T.);
#11657=EDGE_CURVE('',#7362,#7366,#5454,.T.);
#11659=EDGE_CURVE('',#7366,#7370,#5462,.T.);
#11661=EDGE_CURVE('',#7370,#7374,#5470,.T.);
#11663=EDGE_CURVE('',#7374,#7378,#5478,.T.);
#11665=EDGE_CURVE('',#7378,#7380,#5490,.T.);
#11667=EDGE_CURVE('',#7380,#7386,#5494,.T.);
#11669=EDGE_CURVE('',#7386,#7389,#5506,.T.);
#11671=EDGE_CURVE('',#7389,#7394,#5514,.T.);
#11673=EDGE_CURVE('',#7394,#7398,#5518,.T.);
#11675=EDGE_CURVE('',#7398,#7402,#5526,.T.);
#11677=EDGE_CURVE('',#7402,#7406,#5534,.T.);
#11679=EDGE_CURVE('',#7406,#7410,#5542,.T.);
#11681=EDGE_CURVE('',#7410,#7414,#5550,.T.);
#11683=EDGE_CURVE('',#7414,#7418,#5558,.T.);
#11685=EDGE_CURVE('',#7418,#7422,#5566,.T.);
#11687=EDGE_CURVE('',#7422,#7426,#5574,.T.);
#11689=EDGE_CURVE('',#7426,#7430,#5582,.T.);
#11691=EDGE_CURVE('',#7430,#7434,#5590,.T.);
#11693=EDGE_CURVE('',#7434,#7438,#5598,.T.);
#11695=EDGE_CURVE('',#7438,#7442,#5606,.T.);
#11697=EDGE_CURVE('',#7442,#7446,#5614,.T.);
#11699=EDGE_CURVE('',#7446,#7450,#5622,.T.);
#11701=EDGE_CURVE('',#7450,#7452,#5634,.T.);
#11703=EDGE_CURVE('',#7452,#7458,#5638,.T.);
#11705=EDGE_CURVE('',#7458,#7461,#5650,.T.);
#11707=EDGE_CURVE('',#7461,#7466,#5658,.T.);
#11711=EDGE_CURVE('',#7322,#7312,#5662,.T.);
#11713=EDGE_CURVE('',#7312,#7314,#5670,.T.);
#11715=EDGE_CURVE('',#7314,#7318,#5678,.T.);
#11717=EDGE_CURVE('',#7318,#7322,#5686,.T.);
#11721=EDGE_CURVE('',#7306,#7296,#5694,.T.);
#11723=EDGE_CURVE('',#7296,#7298,#5702,.T.);
#11725=EDGE_CURVE('',#7298,#7302,#5710,.T.);
#11727=EDGE_CURVE('',#7302,#7306,#5718,.T.);
#11731=EDGE_CURVE('',#7290,#7280,#5726,.T.);
#11733=EDGE_CURVE('',#7280,#7282,#5734,.T.);
#11735=EDGE_CURVE('',#7282,#7286,#5742,.T.);
#11737=EDGE_CURVE('',#7286,#7290,#5750,.T.);
#11741=EDGE_CURVE('',#7274,#7264,#5758,.T.);
#11743=EDGE_CURVE('',#7264,#7266,#5766,.T.);
#11745=EDGE_CURVE('',#7266,#7270,#5774,.T.);
#11747=EDGE_CURVE('',#7270,#7274,#5782,.T.);
#11751=EDGE_CURVE('',#7258,#7248,#5790,.T.);
#11753=EDGE_CURVE('',#7248,#7250,#5798,.T.);
#11755=EDGE_CURVE('',#7250,#7254,#5806,.T.);
#11757=EDGE_CURVE('',#7254,#7258,#5814,.T.);
#11761=EDGE_CURVE('',#7242,#7232,#5822,.T.);
#11763=EDGE_CURVE('',#7232,#7234,#5830,.T.);
#11765=EDGE_CURVE('',#7234,#7238,#5838,.T.);
#11767=EDGE_CURVE('',#7238,#7242,#5846,.T.);
#11771=EDGE_CURVE('',#7226,#7088,#5854,.T.);
#11773=EDGE_CURVE('',#7088,#7090,#5862,.T.);
#11775=EDGE_CURVE('',#7090,#7094,#5870,.T.);
#11777=EDGE_CURVE('',#7094,#7098,#5878,.T.);
#11779=EDGE_CURVE('',#7098,#7102,#5886,.T.);
#11781=EDGE_CURVE('',#7102,#7106,#5894,.T.);
#11783=EDGE_CURVE('',#7106,#7110,#5902,.T.);
#11785=EDGE_CURVE('',#7110,#7114,#5910,.T.);
#11787=EDGE_CURVE('',#7114,#7118,#5918,.T.);
#11789=EDGE_CURVE('',#7118,#7122,#5926,.T.);
#11791=EDGE_CURVE('',#7122,#7126,#5934,.T.);
#11793=EDGE_CURVE('',#7126,#7130,#5942,.T.);
#11795=EDGE_CURVE('',#7130,#7134,#5950,.T.);
#11797=EDGE_CURVE('',#7134,#7138,#5958,.T.);
#11799=EDGE_CURVE('',#7138,#7140,#5970,.T.);
#11801=EDGE_CURVE('',#7140,#7146,#5974,.T.);
#11803=EDGE_CURVE('',#7146,#7149,#5986,.T.);
#11805=EDGE_CURVE('',#7149,#7154,#5994,.T.);
#11807=EDGE_CURVE('',#7154,#7158,#5998,.T.);
#11809=EDGE_CURVE('',#7158,#7162,#6006,.T.);
#11811=EDGE_CURVE('',#7162,#7166,#6014,.T.);
#11813=EDGE_CURVE('',#7166,#7170,#6022,.T.);
#11815=EDGE_CURVE('',#7170,#7174,#6030,.T.);
#11817=EDGE_CURVE('',#7174,#7178,#6038,.T.);
#11819=EDGE_CURVE('',#7178,#7182,#6046,.T.);
#11821=EDGE_CURVE('',#7182,#7186,#6054,.T.);
#11823=EDGE_CURVE('',#7186,#7190,#6062,.T.);
#11825=EDGE_CURVE('',#7190,#7194,#6070,.T.);
#11827=EDGE_CURVE('',#7194,#7198,#6078,.T.);
#11829=EDGE_CURVE('',#7198,#7202,#6086,.T.);
#11831=EDGE_CURVE('',#7202,#7206,#6094,.T.);
#11833=EDGE_CURVE('',#7206,#7210,#6102,.T.);
#11835=EDGE_CURVE('',#7210,#7212,#6114,.T.);
#11837=EDGE_CURVE('',#7212,#7218,#6118,.T.);
#11839=EDGE_CURVE('',#7218,#7221,#6130,.T.);
#11841=EDGE_CURVE('',#7221,#7226,#6138,.T.);
#11845=EDGE_CURVE('',#7082,#7072,#6142,.T.);
#11847=EDGE_CURVE('',#7072,#7074,#6150,.T.);
#11849=EDGE_CURVE('',#7074,#7078,#6158,.T.);
#11851=EDGE_CURVE('',#7078,#7082,#6166,.T.);
#11855=EDGE_CURVE('',#7066,#7056,#6174,.T.);
#11857=EDGE_CURVE('',#7056,#7058,#6182,.T.);
#11859=EDGE_CURVE('',#7058,#7062,#6190,.T.);
#11861=EDGE_CURVE('',#7062,#7066,#6198,.T.);
#11865=EDGE_CURVE('',#7050,#7040,#6206,.T.);
#11867=EDGE_CURVE('',#7040,#7042,#6214,.T.);
#11869=EDGE_CURVE('',#7042,#7046,#6222,.T.);
#11871=EDGE_CURVE('',#7046,#7050,#6230,.T.);
#11888=EDGE_CURVE('',#9175,#9176,#2654,.T.);
#11892=EDGE_CURVE('',#9171,#9172,#2658,.T.);
#11916=EDGE_CURVE('',#9163,#9164,#2662,.T.);
#11920=EDGE_CURVE('',#9159,#9160,#2666,.T.);
#11944=EDGE_CURVE('',#9151,#9152,#2670,.T.);
#11948=EDGE_CURVE('',#9147,#9148,#2674,.T.);
#11972=EDGE_CURVE('',#9139,#9140,#2678,.T.);
#11976=EDGE_CURVE('',#9135,#9136,#2682,.T.);
#11999=EDGE_CURVE('',#8718,#8940,#2686,.T.);
#12002=EDGE_CURVE('',#8717,#8938,#2902,.T.);
#12016=EDGE_CURVE('',#8942,#8778,#2702,.T.);
#12027=EDGE_CURVE('',#8944,#8776,#2710,.T.);
#12040=EDGE_CURVE('',#8774,#8946,#2706,.T.);
#12055=EDGE_CURVE('',#8772,#8948,#2722,.T.);
#12066=EDGE_CURVE('',#8950,#8770,#2730,.T.);
#12079=EDGE_CURVE('',#8768,#8952,#2726,.T.);
#12094=EDGE_CURVE('',#8766,#8954,#2742,.T.);
#12105=EDGE_CURVE('',#8956,#8764,#2746,.T.);
#12117=EDGE_CURVE('',#8958,#8762,#2758,.T.);
#12131=EDGE_CURVE('',#8760,#8960,#2754,.T.);
#12144=EDGE_CURVE('',#8962,#8758,#2766,.T.);
#12159=EDGE_CURVE('',#8964,#8756,#2778,.T.);
#12170=EDGE_CURVE('',#8754,#8966,#2774,.T.);
#12183=EDGE_CURVE('',#8968,#8752,#2782,.T.);
#12196=EDGE_CURVE('',#8970,#8750,#2786,.T.);
#12209=EDGE_CURVE('',#8701,#8704,#2794,.T.);
#12222=EDGE_CURVE('',#8702,#8706,#2802,.T.);
#12235=EDGE_CURVE('',#8708,#8710,#2810,.T.);
#12250=EDGE_CURVE('',#8712,#8714,#2814,.T.);
#12261=EDGE_CURVE('',#8972,#8748,#2818,.T.);
#12274=EDGE_CURVE('',#8974,#8746,#2826,.T.);
#12287=EDGE_CURVE('',#8744,#8976,#2822,.T.);
#12300=EDGE_CURVE('',#8978,#8742,#2834,.T.);
#12315=EDGE_CURVE('',#8980,#8740,#2846,.T.);
#12326=EDGE_CURVE('',#8738,#8982,#2842,.T.);
#12339=EDGE_CURVE('',#8984,#8736,#2850,.T.);
#12352=EDGE_CURVE('',#8986,#8734,#2858,.T.);
#12365=EDGE_CURVE('',#8732,#8988,#2854,.T.);
#12380=EDGE_CURVE('',#8730,#8990,#2870,.T.);
#12391=EDGE_CURVE('',#8992,#8728,#2878,.T.);
#12404=EDGE_CURVE('',#8726,#8994,#2874,.T.);
#12419=EDGE_CURVE('',#8724,#8996,#2890,.T.);
#12430=EDGE_CURVE('',#8998,#8722,#2898,.T.);
#12443=EDGE_CURVE('',#8720,#8937,#2894,.T.);
#12468=EDGE_CURVE('',#8685,#8688,#2922,.T.);
#12471=EDGE_CURVE('',#8696,#8698,#2914,.T.);
#12482=EDGE_CURVE('',#8686,#8690,#2930,.T.);
#12495=EDGE_CURVE('',#8692,#8694,#2938,.T.);
#12520=EDGE_CURVE('',#8669,#8672,#2954,.T.);
#12523=EDGE_CURVE('',#8680,#8682,#2946,.T.);
#12534=EDGE_CURVE('',#8670,#8674,#2962,.T.);
#12547=EDGE_CURVE('',#8676,#8678,#2970,.T.);
#12572=EDGE_CURVE('',#8653,#8656,#2986,.T.);
#12575=EDGE_CURVE('',#8664,#8666,#2978,.T.);
#12586=EDGE_CURVE('',#8654,#8658,#2994,.T.);
#12599=EDGE_CURVE('',#8660,#8662,#3002,.T.);
#12624=EDGE_CURVE('',#8637,#8640,#3018,.T.);
#12627=EDGE_CURVE('',#8648,#8650,#3010,.T.);
#12638=EDGE_CURVE('',#8638,#8642,#3026,.T.);
#12651=EDGE_CURVE('',#8644,#8646,#3034,.T.);
#12676=EDGE_CURVE('',#8621,#8624,#3050,.T.);
#12679=EDGE_CURVE('',#8632,#8634,#3042,.T.);
#12690=EDGE_CURVE('',#8622,#8626,#3058,.T.);
#12703=EDGE_CURVE('',#8628,#8630,#3066,.T.);
#12728=EDGE_CURVE('',#8605,#8608,#3082,.T.);
#12731=EDGE_CURVE('',#8616,#8618,#3074,.T.);
#12742=EDGE_CURVE('',#8606,#8610,#3090,.T.);
#12755=EDGE_CURVE('',#8612,#8614,#3098,.T.);
#12780=EDGE_CURVE('',#8589,#8592,#3114,.T.);
#12783=EDGE_CURVE('',#8600,#8602,#3106,.T.);
#12794=EDGE_CURVE('',#8590,#8594,#3122,.T.);
#12807=EDGE_CURVE('',#8596,#8598,#3130,.T.);
#12832=EDGE_CURVE('',#8573,#8576,#3146,.T.);
#12835=EDGE_CURVE('',#8584,#8586,#3138,.T.);
#12846=EDGE_CURVE('',#8574,#8578,#3154,.T.);
#12859=EDGE_CURVE('',#8580,#8582,#3162,.T.);
#12884=EDGE_CURVE('',#8557,#8560,#3178,.T.);
#12887=EDGE_CURVE('',#8568,#8570,#3170,.T.);
#12898=EDGE_CURVE('',#8558,#8562,#3186,.T.);
#12911=EDGE_CURVE('',#8564,#8566,#3194,.T.);
#12936=EDGE_CURVE('',#8541,#8544,#3210,.T.);
#12939=EDGE_CURVE('',#8552,#8554,#3202,.T.);
#12950=EDGE_CURVE('',#8542,#8546,#3218,.T.);
#12963=EDGE_CURVE('',#8548,#8550,#3226,.T.);
#12988=EDGE_CURVE('',#8525,#8528,#3242,.T.);
#12991=EDGE_CURVE('',#8536,#8538,#3234,.T.);
#13002=EDGE_CURVE('',#8526,#8530,#3250,.T.);
#13015=EDGE_CURVE('',#8532,#8534,#3258,.T.);
#13040=EDGE_CURVE('',#8509,#8512,#3274,.T.);
#13043=EDGE_CURVE('',#8520,#8522,#3266,.T.);
#13054=EDGE_CURVE('',#8510,#8514,#3282,.T.);
#13067=EDGE_CURVE('',#8516,#8518,#3290,.T.);
#13092=EDGE_CURVE('',#8493,#8496,#3306,.T.);
#13095=EDGE_CURVE('',#8504,#8506,#3298,.T.);
#13106=EDGE_CURVE('',#8494,#8498,#3314,.T.);
#13119=EDGE_CURVE('',#8500,#8502,#3322,.T.);
#13144=EDGE_CURVE('',#8477,#8480,#3338,.T.);
#13147=EDGE_CURVE('',#8488,#8490,#3330,.T.);
#13158=EDGE_CURVE('',#8478,#8482,#3346,.T.);
#13171=EDGE_CURVE('',#8484,#8486,#3354,.T.);
#13196=EDGE_CURVE('',#8461,#8464,#3370,.T.);
#13199=EDGE_CURVE('',#8472,#8474,#3362,.T.);
#13210=EDGE_CURVE('',#8462,#8466,#3378,.T.);
#13223=EDGE_CURVE('',#8468,#8470,#3386,.T.);
#13248=EDGE_CURVE('',#8445,#8448,#3402,.T.);
#13251=EDGE_CURVE('',#8456,#8458,#3394,.T.);
#13262=EDGE_CURVE('',#8446,#8450,#3410,.T.);
#13275=EDGE_CURVE('',#8452,#8454,#3418,.T.);
#13300=EDGE_CURVE('',#8429,#8432,#3434,.T.);
#13303=EDGE_CURVE('',#8440,#8442,#3426,.T.);
#13314=EDGE_CURVE('',#8430,#8434,#3442,.T.);
#13327=EDGE_CURVE('',#8436,#8438,#3450,.T.);
#13352=EDGE_CURVE('',#8413,#8416,#3466,.T.);
#13355=EDGE_CURVE('',#8424,#8426,#3458,.T.);
#13366=EDGE_CURVE('',#8414,#8418,#3474,.T.);
#13379=EDGE_CURVE('',#8420,#8422,#3482,.T.);
#13404=EDGE_CURVE('',#8397,#8400,#3498,.T.);
#13407=EDGE_CURVE('',#8408,#8410,#3490,.T.);
#13418=EDGE_CURVE('',#8398,#8402,#3506,.T.);
#13431=EDGE_CURVE('',#8404,#8406,#3514,.T.);
#13456=EDGE_CURVE('',#8381,#8384,#3530,.T.);
#13459=EDGE_CURVE('',#8392,#8394,#3522,.T.);
#13470=EDGE_CURVE('',#8382,#8386,#3538,.T.);
#13483=EDGE_CURVE('',#8388,#8390,#3546,.T.);
#13508=EDGE_CURVE('',#8365,#8368,#3562,.T.);
#13511=EDGE_CURVE('',#8376,#8378,#3554,.T.);
#13522=EDGE_CURVE('',#8366,#8370,#3570,.T.);
#13535=EDGE_CURVE('',#8372,#8374,#3578,.T.);
#13560=EDGE_CURVE('',#8349,#8352,#3594,.T.);
#13563=EDGE_CURVE('',#8360,#8362,#3586,.T.);
#13574=EDGE_CURVE('',#8350,#8354,#3602,.T.);
#13587=EDGE_CURVE('',#8356,#8358,#3610,.T.);
#13612=EDGE_CURVE('',#8333,#8336,#3626,.T.);
#13615=EDGE_CURVE('',#8344,#8346,#3618,.T.);
#13626=EDGE_CURVE('',#8334,#8338,#3634,.T.);
#13639=EDGE_CURVE('',#8340,#8342,#3642,.T.);
#13664=EDGE_CURVE('',#8317,#8320,#3658,.T.);
#13667=EDGE_CURVE('',#8328,#8330,#3650,.T.);
#13678=EDGE_CURVE('',#8318,#8322,#3666,.T.);
#13691=EDGE_CURVE('',#8324,#8326,#3674,.T.);
#13716=EDGE_CURVE('',#8301,#8304,#3690,.T.);
#13719=EDGE_CURVE('',#8312,#8314,#3682,.T.);
#13730=EDGE_CURVE('',#8302,#8306,#3698,.T.);
#13743=EDGE_CURVE('',#8308,#8310,#3706,.T.);
#13768=EDGE_CURVE('',#8285,#8288,#3722,.T.);
#13771=EDGE_CURVE('',#8296,#8298,#3714,.T.);
#13782=EDGE_CURVE('',#8286,#8290,#3730,.T.);
#13795=EDGE_CURVE('',#8292,#8294,#3738,.T.);
#13820=EDGE_CURVE('',#8269,#8272,#3754,.T.);
#13823=EDGE_CURVE('',#8280,#8282,#3746,.T.);
#13834=EDGE_CURVE('',#8270,#8274,#3762,.T.);
#13847=EDGE_CURVE('',#8276,#8278,#3770,.T.);
#13872=EDGE_CURVE('',#8253,#8256,#3786,.T.);
#13875=EDGE_CURVE('',#8264,#8266,#3778,.T.);
#13886=EDGE_CURVE('',#8254,#8258,#3794,.T.);
#13899=EDGE_CURVE('',#8260,#8262,#3802,.T.);
#13924=EDGE_CURVE('',#8237,#8240,#3818,.T.);
#13927=EDGE_CURVE('',#8248,#8250,#3810,.T.);
#13938=EDGE_CURVE('',#8238,#8242,#3826,.T.);
#13951=EDGE_CURVE('',#8244,#8246,#3834,.T.);
#13976=EDGE_CURVE('',#8221,#8224,#3850,.T.);
#13979=EDGE_CURVE('',#8232,#8234,#3842,.T.);
#13990=EDGE_CURVE('',#8222,#8226,#3858,.T.);
#14003=EDGE_CURVE('',#8228,#8230,#3866,.T.);
#14028=EDGE_CURVE('',#8205,#8208,#3882,.T.);
#14031=EDGE_CURVE('',#8216,#8218,#3874,.T.);
#14042=EDGE_CURVE('',#8206,#8210,#3890,.T.);
#14055=EDGE_CURVE('',#8212,#8214,#3898,.T.);
#14080=EDGE_CURVE('',#8189,#8192,#3914,.T.);
#14083=EDGE_CURVE('',#8200,#8202,#3906,.T.);
#14094=EDGE_CURVE('',#8190,#8194,#3922,.T.);
#14107=EDGE_CURVE('',#8196,#8198,#3930,.T.);
#14132=EDGE_CURVE('',#8173,#8176,#3946,.T.);
#14135=EDGE_CURVE('',#8184,#8186,#3938,.T.);
#14146=EDGE_CURVE('',#8174,#8178,#3954,.T.);
#14159=EDGE_CURVE('',#8180,#8182,#3962,.T.);
#14184=EDGE_CURVE('',#8157,#8160,#3978,.T.);
#14187=EDGE_CURVE('',#8168,#8170,#3970,.T.);
#14198=EDGE_CURVE('',#8158,#8162,#3986,.T.);
#14211=EDGE_CURVE('',#8164,#8166,#3994,.T.);
#14236=EDGE_CURVE('',#8141,#8144,#4010,.T.);
#14239=EDGE_CURVE('',#8152,#8154,#4002,.T.);
#14250=EDGE_CURVE('',#8142,#8146,#4018,.T.);
#14263=EDGE_CURVE('',#8148,#8150,#4026,.T.);
#14288=EDGE_CURVE('',#8125,#8128,#4042,.T.);
#14291=EDGE_CURVE('',#8136,#8138,#4034,.T.);
#14302=EDGE_CURVE('',#8126,#8130,#4050,.T.);
#14315=EDGE_CURVE('',#8132,#8134,#4058,.T.);
#14340=EDGE_CURVE('',#8109,#8112,#4074,.T.);
#14343=EDGE_CURVE('',#8120,#8122,#4066,.T.);
#14354=EDGE_CURVE('',#8110,#8114,#4082,.T.);
#14367=EDGE_CURVE('',#8116,#8118,#4090,.T.);
#14392=EDGE_CURVE('',#8093,#8096,#4106,.T.);
#14395=EDGE_CURVE('',#8104,#8106,#4098,.T.);
#14406=EDGE_CURVE('',#8094,#8098,#4114,.T.);
#14419=EDGE_CURVE('',#8100,#8102,#4122,.T.);
#14444=EDGE_CURVE('',#8077,#8080,#4138,.T.);
#14447=EDGE_CURVE('',#8088,#8090,#4130,.T.);
#14458=EDGE_CURVE('',#8078,#8082,#4146,.T.);
#14471=EDGE_CURVE('',#8084,#8086,#4154,.T.);
#14496=EDGE_CURVE('',#8061,#8064,#4170,.T.);
#14499=EDGE_CURVE('',#8072,#8074,#4162,.T.);
#14510=EDGE_CURVE('',#8062,#8066,#4178,.T.);
#14523=EDGE_CURVE('',#8068,#8070,#4186,.T.);
#14548=EDGE_CURVE('',#8045,#8048,#4202,.T.);
#14551=EDGE_CURVE('',#8056,#8058,#4194,.T.);
#14562=EDGE_CURVE('',#8046,#8050,#4210,.T.);
#14575=EDGE_CURVE('',#8052,#8054,#4218,.T.);
#14600=EDGE_CURVE('',#8029,#8032,#4234,.T.);
#14603=EDGE_CURVE('',#8040,#8042,#4226,.T.);
#14614=EDGE_CURVE('',#8030,#8034,#4242,.T.);
#14627=EDGE_CURVE('',#8036,#8038,#4250,.T.);
#14652=EDGE_CURVE('',#8013,#8016,#4266,.T.);
#14655=EDGE_CURVE('',#8024,#8026,#4258,.T.);
#14666=EDGE_CURVE('',#8014,#8018,#4274,.T.);
#14679=EDGE_CURVE('',#8020,#8022,#4282,.T.);
#14704=EDGE_CURVE('',#7997,#8000,#4298,.T.);
#14707=EDGE_CURVE('',#8008,#8010,#4290,.T.);
#14718=EDGE_CURVE('',#7998,#8002,#4306,.T.);
#14731=EDGE_CURVE('',#8004,#8006,#4314,.T.);
#14756=EDGE_CURVE('',#7981,#7984,#4330,.T.);
#14759=EDGE_CURVE('',#7992,#7994,#4322,.T.);
#14770=EDGE_CURVE('',#7982,#7986,#4338,.T.);
#14783=EDGE_CURVE('',#7988,#7990,#4346,.T.);
#14808=EDGE_CURVE('',#7965,#7968,#4362,.T.);
#14811=EDGE_CURVE('',#7976,#7978,#4354,.T.);
#14822=EDGE_CURVE('',#7966,#7970,#4370,.T.);
#14835=EDGE_CURVE('',#7972,#7974,#4378,.T.);
#14860=EDGE_CURVE('',#7949,#7952,#4394,.T.);
#14863=EDGE_CURVE('',#7960,#7962,#4386,.T.);
#14874=EDGE_CURVE('',#7950,#7954,#4402,.T.);
#14887=EDGE_CURVE('',#7956,#7958,#4410,.T.);
#14912=EDGE_CURVE('',#7805,#7808,#4426,.T.);
#14915=EDGE_CURVE('',#7944,#7946,#4418,.T.);
#14926=EDGE_CURVE('',#7806,#7810,#4434,.T.);
#14939=EDGE_CURVE('',#7812,#7814,#4442,.T.);
#14952=EDGE_CURVE('',#7816,#7818,#4450,.T.);
#14965=EDGE_CURVE('',#7820,#7822,#4458,.T.);
#14978=EDGE_CURVE('',#7824,#7826,#4466,.T.);
#14991=EDGE_CURVE('',#7828,#7830,#4474,.T.);
#15004=EDGE_CURVE('',#7832,#7834,#4482,.T.);
#15017=EDGE_CURVE('',#7836,#7838,#4490,.T.);
#15030=EDGE_CURVE('',#7840,#7842,#4498,.T.);
#15043=EDGE_CURVE('',#7844,#7846,#4506,.T.);
#15056=EDGE_CURVE('',#7848,#7850,#4514,.T.);
#15069=EDGE_CURVE('',#7852,#7854,#4522,.T.);
#15082=EDGE_CURVE('',#7856,#7858,#4526,.T.);
#15096=EDGE_CURVE('',#7862,#7860,#4538,.T.);
#15108=EDGE_CURVE('',#7864,#7866,#4550,.T.);
#15120=EDGE_CURVE('',#7869,#7870,#4542,.T.);
#15134=EDGE_CURVE('',#7872,#7874,#4562,.T.);
#15147=EDGE_CURVE('',#7876,#7878,#4570,.T.);
#15160=EDGE_CURVE('',#7880,#7882,#4578,.T.);
#15173=EDGE_CURVE('',#7884,#7886,#4586,.T.);
#15186=EDGE_CURVE('',#7888,#7890,#4594,.T.);
#15199=EDGE_CURVE('',#7892,#7894,#4602,.T.);
#15212=EDGE_CURVE('',#7896,#7898,#4610,.T.);
#15225=EDGE_CURVE('',#7900,#7902,#4618,.T.);
#15238=EDGE_CURVE('',#7904,#7906,#4626,.T.);
#15251=EDGE_CURVE('',#7908,#7910,#4634,.T.);
#15264=EDGE_CURVE('',#7912,#7914,#4642,.T.);
#15277=EDGE_CURVE('',#7916,#7918,#4650,.T.);
#15290=EDGE_CURVE('',#7920,#7922,#4658,.T.);
#15303=EDGE_CURVE('',#7924,#7926,#4666,.T.);
#15316=EDGE_CURVE('',#7928,#7930,#4670,.T.);
#15330=EDGE_CURVE('',#7934,#7932,#4682,.T.);
#15342=EDGE_CURVE('',#7936,#7938,#4694,.T.);
#15354=EDGE_CURVE('',#7941,#7942,#4686,.T.);
#15380=EDGE_CURVE('',#7789,#7792,#4714,.T.);
#15383=EDGE_CURVE('',#7800,#7802,#4706,.T.);
#15394=EDGE_CURVE('',#7790,#7794,#4722,.T.);
#15407=EDGE_CURVE('',#7796,#7798,#4730,.T.);
#15432=EDGE_CURVE('',#7773,#7776,#4746,.T.);
#15435=EDGE_CURVE('',#7784,#7786,#4738,.T.);
#15446=EDGE_CURVE('',#7774,#7778,#4754,.T.);
#15459=EDGE_CURVE('',#7780,#7782,#4762,.T.);
#15484=EDGE_CURVE('',#7757,#7760,#4778,.T.);
#15487=EDGE_CURVE('',#7768,#7770,#4770,.T.);
#15498=EDGE_CURVE('',#7758,#7762,#4786,.T.);
#15511=EDGE_CURVE('',#7764,#7766,#4794,.T.);
#15536=EDGE_CURVE('',#7741,#7744,#4810,.T.);
#15539=EDGE_CURVE('',#7752,#7754,#4802,.T.);
#15550=EDGE_CURVE('',#7742,#7746,#4818,.T.);
#15563=EDGE_CURVE('',#7748,#7750,#4826,.T.);
#15588=EDGE_CURVE('',#7725,#7728,#4842,.T.);
#15591=EDGE_CURVE('',#7736,#7738,#4834,.T.);
#15602=EDGE_CURVE('',#7726,#7730,#4850,.T.);
#15615=EDGE_CURVE('',#7732,#7734,#4858,.T.);
#15640=EDGE_CURVE('',#7709,#7712,#4874,.T.);
#15643=EDGE_CURVE('',#7720,#7722,#4866,.T.);
#15654=EDGE_CURVE('',#7710,#7714,#4882,.T.);
#15667=EDGE_CURVE('',#7716,#7718,#4890,.T.);
#15692=EDGE_CURVE('',#7693,#7696,#4906,.T.);
#15695=EDGE_CURVE('',#7704,#7706,#4898,.T.);
#15706=EDGE_CURVE('',#7694,#7698,#4914,.T.);
#15719=EDGE_CURVE('',#7700,#7702,#4922,.T.);
#15744=EDGE_CURVE('',#7677,#7680,#4938,.T.);
#15747=EDGE_CURVE('',#7688,#7690,#4930,.T.);
#15758=EDGE_CURVE('',#7678,#7682,#4946,.T.);
#15771=EDGE_CURVE('',#7684,#7686,#4954,.T.);
#15796=EDGE_CURVE('',#7661,#7664,#4970,.T.);
#15799=EDGE_CURVE('',#7672,#7674,#4962,.T.);
#15810=EDGE_CURVE('',#7662,#7666,#4978,.T.);
#15823=EDGE_CURVE('',#7668,#7670,#4986,.T.);
#15848=EDGE_CURVE('',#7645,#7648,#5002,.T.);
#15851=EDGE_CURVE('',#7656,#7658,#4994,.T.);
#15862=EDGE_CURVE('',#7646,#7650,#5010,.T.);
#15875=EDGE_CURVE('',#7652,#7654,#5018,.T.);
#15900=EDGE_CURVE('',#7629,#7632,#5034,.T.);
#15903=EDGE_CURVE('',#7640,#7642,#5026,.T.);
#15914=EDGE_CURVE('',#7630,#7634,#5042,.T.);
#15927=EDGE_CURVE('',#7636,#7638,#5050,.T.);
#15952=EDGE_CURVE('',#7613,#7616,#5066,.T.);
#15955=EDGE_CURVE('',#7624,#7626,#5058,.T.);
#15966=EDGE_CURVE('',#7614,#7618,#5074,.T.);
#15979=EDGE_CURVE('',#7620,#7622,#5082,.T.);
#16004=EDGE_CURVE('',#7597,#7600,#5098,.T.);
#16007=EDGE_CURVE('',#7608,#7610,#5090,.T.);
#16018=EDGE_CURVE('',#7598,#7602,#5106,.T.);
#16031=EDGE_CURVE('',#7604,#7606,#5114,.T.);
#16056=EDGE_CURVE('',#7581,#7584,#5130,.T.);
#16059=EDGE_CURVE('',#7592,#7594,#5122,.T.);
#16070=EDGE_CURVE('',#7582,#7586,#5138,.T.);
#16083=EDGE_CURVE('',#7588,#7590,#5146,.T.);
#16108=EDGE_CURVE('',#7565,#7568,#5162,.T.);
#16111=EDGE_CURVE('',#7576,#7578,#5154,.T.);
#16122=EDGE_CURVE('',#7566,#7570,#5170,.T.);
#16135=EDGE_CURVE('',#7572,#7574,#5178,.T.);
#16160=EDGE_CURVE('',#7549,#7552,#5194,.T.);
#16163=EDGE_CURVE('',#7560,#7562,#5186,.T.);
#16174=EDGE_CURVE('',#7550,#7554,#5202,.T.);
#16187=EDGE_CURVE('',#7556,#7558,#5210,.T.);
#16212=EDGE_CURVE('',#7533,#7536,#5226,.T.);
#16215=EDGE_CURVE('',#7544,#7546,#5218,.T.);
#16226=EDGE_CURVE('',#7534,#7538,#5234,.T.);
#16239=EDGE_CURVE('',#7540,#7542,#5242,.T.);
#16264=EDGE_CURVE('',#7517,#7520,#5258,.T.);
#16267=EDGE_CURVE('',#7528,#7530,#5250,.T.);
#16278=EDGE_CURVE('',#7518,#7522,#5266,.T.);
#16291=EDGE_CURVE('',#7524,#7526,#5274,.T.);
#16316=EDGE_CURVE('',#7501,#7504,#5290,.T.);
#16319=EDGE_CURVE('',#7512,#7514,#5282,.T.);
#16330=EDGE_CURVE('',#7502,#7506,#5298,.T.);
#16343=EDGE_CURVE('',#7508,#7510,#5306,.T.);
#16368=EDGE_CURVE('',#7485,#7488,#5322,.T.);
#16371=EDGE_CURVE('',#7496,#7498,#5314,.T.);
#16382=EDGE_CURVE('',#7486,#7490,#5330,.T.);
#16395=EDGE_CURVE('',#7492,#7494,#5338,.T.);
#16420=EDGE_CURVE('',#7469,#7472,#5354,.T.);
#16423=EDGE_CURVE('',#7480,#7482,#5346,.T.);
#16434=EDGE_CURVE('',#7470,#7474,#5362,.T.);
#16447=EDGE_CURVE('',#7476,#7478,#5370,.T.);
#16472=EDGE_CURVE('',#7325,#7328,#5386,.T.);
#16475=EDGE_CURVE('',#7464,#7466,#5378,.T.);
#16486=EDGE_CURVE('',#7326,#7330,#5394,.T.);
#16499=EDGE_CURVE('',#7332,#7334,#5402,.T.);
#16512=EDGE_CURVE('',#7336,#7338,#5410,.T.);
#16525=EDGE_CURVE('',#7340,#7342,#5418,.T.);
#16538=EDGE_CURVE('',#7344,#7346,#5426,.T.);
#16551=EDGE_CURVE('',#7348,#7350,#5434,.T.);
#16564=EDGE_CURVE('',#7352,#7354,#5442,.T.);
#16577=EDGE_CURVE('',#7356,#7358,#5450,.T.);
#16590=EDGE_CURVE('',#7360,#7362,#5458,.T.);
#16603=EDGE_CURVE('',#7364,#7366,#5466,.T.);
#16616=EDGE_CURVE('',#7368,#7370,#5474,.T.);
#16629=EDGE_CURVE('',#7372,#7374,#5482,.T.);
#16642=EDGE_CURVE('',#7376,#7378,#5486,.T.);
#16656=EDGE_CURVE('',#7382,#7380,#5498,.T.);
#16668=EDGE_CURVE('',#7384,#7386,#5510,.T.);
#16680=EDGE_CURVE('',#7389,#7390,#5502,.T.);
#16694=EDGE_CURVE('',#7392,#7394,#5522,.T.);
#16707=EDGE_CURVE('',#7396,#7398,#5530,.T.);
#16720=EDGE_CURVE('',#7400,#7402,#5538,.T.);
#16733=EDGE_CURVE('',#7404,#7406,#5546,.T.);
#16746=EDGE_CURVE('',#7408,#7410,#5554,.T.);
#16759=EDGE_CURVE('',#7412,#7414,#5562,.T.);
#16772=EDGE_CURVE('',#7416,#7418,#5570,.T.);
#16785=EDGE_CURVE('',#7420,#7422,#5578,.T.);
#16798=EDGE_CURVE('',#7424,#7426,#5586,.T.);
#16811=EDGE_CURVE('',#7428,#7430,#5594,.T.);
#16824=EDGE_CURVE('',#7432,#7434,#5602,.T.);
#16837=EDGE_CURVE('',#7436,#7438,#5610,.T.);
#16850=EDGE_CURVE('',#7440,#7442,#5618,.T.);
#16863=EDGE_CURVE('',#7444,#7446,#5626,.T.);
#16876=EDGE_CURVE('',#7448,#7450,#5630,.T.);
#16890=EDGE_CURVE('',#7454,#7452,#5642,.T.);
#16902=EDGE_CURVE('',#7456,#7458,#5654,.T.);
#16914=EDGE_CURVE('',#7461,#7462,#5646,.T.);
#16940=EDGE_CURVE('',#7309,#7312,#5674,.T.);
#16943=EDGE_CURVE('',#7320,#7322,#5666,.T.);
#16954=EDGE_CURVE('',#7310,#7314,#5682,.T.);
#16967=EDGE_CURVE('',#7316,#7318,#5690,.T.);
#16992=EDGE_CURVE('',#7293,#7296,#5706,.T.);
#16995=EDGE_CURVE('',#7304,#7306,#5698,.T.);
#17006=EDGE_CURVE('',#7294,#7298,#5714,.T.);
#17019=EDGE_CURVE('',#7300,#7302,#5722,.T.);
#17044=EDGE_CURVE('',#7277,#7280,#5738,.T.);
#17047=EDGE_CURVE('',#7288,#7290,#5730,.T.);
#17058=EDGE_CURVE('',#7278,#7282,#5746,.T.);
#17071=EDGE_CURVE('',#7284,#7286,#5754,.T.);
#17096=EDGE_CURVE('',#7261,#7264,#5770,.T.);
#17099=EDGE_CURVE('',#7272,#7274,#5762,.T.);
#17110=EDGE_CURVE('',#7262,#7266,#5778,.T.);
#17123=EDGE_CURVE('',#7268,#7270,#5786,.T.);
#17148=EDGE_CURVE('',#7245,#7248,#5802,.T.);
#17151=EDGE_CURVE('',#7256,#7258,#5794,.T.);
#17162=EDGE_CURVE('',#7246,#7250,#5810,.T.);
#17175=EDGE_CURVE('',#7252,#7254,#5818,.T.);
#17200=EDGE_CURVE('',#7229,#7232,#5834,.T.);
#17203=EDGE_CURVE('',#7240,#7242,#5826,.T.);
#17214=EDGE_CURVE('',#7230,#7234,#5842,.T.);
#17227=EDGE_CURVE('',#7236,#7238,#5850,.T.);
#17252=EDGE_CURVE('',#7085,#7088,#5866,.T.);
#17255=EDGE_CURVE('',#7224,#7226,#5858,.T.);
#17266=EDGE_CURVE('',#7086,#7090,#5874,.T.);
#17279=EDGE_CURVE('',#7092,#7094,#5882,.T.);
#17292=EDGE_CURVE('',#7096,#7098,#5890,.T.);
#17305=EDGE_CURVE('',#7100,#7102,#5898,.T.);
#17318=EDGE_CURVE('',#7104,#7106,#5906,.T.);
#17331=EDGE_CURVE('',#7108,#7110,#5914,.T.);
#17344=EDGE_CURVE('',#7112,#7114,#5922,.T.);
#17357=EDGE_CURVE('',#7116,#7118,#5930,.T.);
#17370=EDGE_CURVE('',#7120,#7122,#5938,.T.);
#17383=EDGE_CURVE('',#7124,#7126,#5946,.T.);
#17396=EDGE_CURVE('',#7128,#7130,#5954,.T.);
#17409=EDGE_CURVE('',#7132,#7134,#5962,.T.);
#17422=EDGE_CURVE('',#7136,#7138,#5966,.T.);
#17436=EDGE_CURVE('',#7142,#7140,#5978,.T.);
#17448=EDGE_CURVE('',#7144,#7146,#5990,.T.);
#17460=EDGE_CURVE('',#7149,#7150,#5982,.T.);
#17474=EDGE_CURVE('',#7152,#7154,#6002,.T.);
#17487=EDGE_CURVE('',#7156,#7158,#6010,.T.);
#17500=EDGE_CURVE('',#7160,#7162,#6018,.T.);
#17513=EDGE_CURVE('',#7164,#7166,#6026,.T.);
#17526=EDGE_CURVE('',#7168,#7170,#6034,.T.);
#17539=EDGE_CURVE('',#7172,#7174,#6042,.T.);
#17552=EDGE_CURVE('',#7176,#7178,#6050,.T.);
#17565=EDGE_CURVE('',#7180,#7182,#6058,.T.);
#17578=EDGE_CURVE('',#7184,#7186,#6066,.T.);
#17591=EDGE_CURVE('',#7188,#7190,#6074,.T.);
#17604=EDGE_CURVE('',#7192,#7194,#6082,.T.);
#17617=EDGE_CURVE('',#7196,#7198,#6090,.T.);
#17630=EDGE_CURVE('',#7200,#7202,#6098,.T.);
#17643=EDGE_CURVE('',#7204,#7206,#6106,.T.);
#17656=EDGE_CURVE('',#7208,#7210,#6110,.T.);
#17670=EDGE_CURVE('',#7214,#7212,#6122,.T.);
#17682=EDGE_CURVE('',#7216,#7218,#6134,.T.);
#17694=EDGE_CURVE('',#7221,#7222,#6126,.T.);
#17720=EDGE_CURVE('',#7069,#7072,#6154,.T.);
#17723=EDGE_CURVE('',#7080,#7082,#6146,.T.);
#17734=EDGE_CURVE('',#7070,#7074,#6162,.T.);
#17747=EDGE_CURVE('',#7076,#7078,#6170,.T.);
#17772=EDGE_CURVE('',#7053,#7056,#6186,.T.);
#17775=EDGE_CURVE('',#7064,#7066,#6178,.T.);
#17786=EDGE_CURVE('',#7054,#7058,#6194,.T.);
#17799=EDGE_CURVE('',#7060,#7062,#6202,.T.);
#17824=EDGE_CURVE('',#7037,#7040,#6218,.T.);
#17827=EDGE_CURVE('',#7048,#7050,#6210,.T.);
#17838=EDGE_CURVE('',#7038,#7042,#6226,.T.);
#17851=EDGE_CURVE('',#7044,#7046,#6234,.T.);
#17876=EDGE_CURVE('',#6969,#6974,#6238,.T.);
#17879=EDGE_CURVE('',#7032,#7034,#6242,.T.);
#17892=EDGE_CURVE('',#6972,#6970,#6250,.T.);
#17904=EDGE_CURVE('',#8934,#9002,#6254,.T.);
#17916=EDGE_CURVE('',#9004,#8932,#6266,.T.);
#17931=EDGE_CURVE('',#8930,#9006,#6270,.T.);
#17944=EDGE_CURVE('',#9008,#8928,#6282,.T.);
#17957=EDGE_CURVE('',#8926,#9010,#6286,.T.);
#17970=EDGE_CURVE('',#9012,#8924,#6302,.T.);
#17980=EDGE_CURVE('',#6980,#6977,#6298,.T.);
#17995=EDGE_CURVE('',#6978,#6982,#6310,.T.);
#18009=EDGE_CURVE('',#8920,#9014,#6314,.T.);
#18021=EDGE_CURVE('',#9016,#8918,#6326,.T.);
#18036=EDGE_CURVE('',#8916,#9018,#6330,.T.);
#18049=EDGE_CURVE('',#9020,#8914,#6342,.T.);
#18062=EDGE_CURVE('',#8912,#9022,#6346,.T.);
#18075=EDGE_CURVE('',#9024,#8910,#6362,.T.);
#18085=EDGE_CURVE('',#6988,#6985,#6358,.T.);
#18100=EDGE_CURVE('',#6986,#6990,#6370,.T.);
#18114=EDGE_CURVE('',#8906,#9026,#6374,.T.);
#18126=EDGE_CURVE('',#9028,#8904,#6386,.T.);
#18141=EDGE_CURVE('',#8902,#9030,#6390,.T.);
#18154=EDGE_CURVE('',#9032,#8900,#6402,.T.);
#18167=EDGE_CURVE('',#8898,#9034,#6406,.T.);
#18180=EDGE_CURVE('',#9036,#8896,#6422,.T.);
#18190=EDGE_CURVE('',#6996,#6993,#6418,.T.);
#18205=EDGE_CURVE('',#6994,#6998,#6430,.T.);
#18219=EDGE_CURVE('',#8892,#9038,#6434,.T.);
#18231=EDGE_CURVE('',#9040,#8890,#6446,.T.);
#18246=EDGE_CURVE('',#8888,#9042,#6450,.T.);
#18259=EDGE_CURVE('',#9044,#8886,#6462,.T.);
#18272=EDGE_CURVE('',#8884,#9046,#6466,.T.);
#18285=EDGE_CURVE('',#9048,#8882,#6482,.T.);
#18295=EDGE_CURVE('',#7004,#7001,#6478,.T.);
#18310=EDGE_CURVE('',#7002,#7006,#6490,.T.);
#18325=EDGE_CURVE('',#7010,#7014,#6494,.T.);
#18338=EDGE_CURVE('',#7012,#7009,#6498,.T.);
#18350=EDGE_CURVE('',#8878,#9050,#6502,.T.);
#18362=EDGE_CURVE('',#9052,#8876,#6514,.T.);
#18377=EDGE_CURVE('',#8874,#9054,#6518,.T.);
#18390=EDGE_CURVE('',#9056,#8872,#6530,.T.);
#18403=EDGE_CURVE('',#8870,#9058,#6534,.T.);
#18416=EDGE_CURVE('',#9060,#8868,#6550,.T.);
#18426=EDGE_CURVE('',#7020,#7017,#6546,.T.);
#18441=EDGE_CURVE('',#7018,#7022,#6554,.T.);
#18455=EDGE_CURVE('',#8864,#9062,#6558,.T.);
#18467=EDGE_CURVE('',#9064,#8862,#6570,.T.);
#18482=EDGE_CURVE('',#8860,#9066,#6574,.T.);
#18495=EDGE_CURVE('',#9068,#8858,#6586,.T.);
#18508=EDGE_CURVE('',#8856,#9070,#6590,.T.);
#18521=EDGE_CURVE('',#9072,#8854,#6606,.T.);
#18531=EDGE_CURVE('',#7028,#7025,#6602,.T.);
#18546=EDGE_CURVE('',#7026,#7030,#6610,.T.);
#18561=EDGE_CURVE('',#6961,#6966,#6614,.T.);
#18574=EDGE_CURVE('',#6964,#6962,#6622,.T.);
#18586=EDGE_CURVE('',#8850,#9074,#6626,.T.);
#18598=EDGE_CURVE('',#9076,#8848,#6638,.T.);
#18613=EDGE_CURVE('',#8846,#9078,#6642,.T.);
#18626=EDGE_CURVE('',#9080,#8844,#6654,.T.);
#18639=EDGE_CURVE('',#8842,#9082,#6658,.T.);
#18652=EDGE_CURVE('',#9084,#8840,#6674,.T.);
#18662=EDGE_CURVE('',#6953,#6958,#6670,.T.);
#18679=EDGE_CURVE('',#6956,#6954,#6682,.T.);
#18691=EDGE_CURVE('',#8836,#9086,#6686,.T.);
#18703=EDGE_CURVE('',#9088,#8834,#6698,.T.);
#18718=EDGE_CURVE('',#8832,#9090,#6702,.T.);
#18731=EDGE_CURVE('',#9092,#8830,#6714,.T.);
#18744=EDGE_CURVE('',#8828,#9094,#6718,.T.);
#18757=EDGE_CURVE('',#9096,#8826,#6734,.T.);
#18767=EDGE_CURVE('',#6937,#6942,#6730,.T.);
#18784=EDGE_CURVE('',#6940,#6938,#6742,.T.);
#18796=EDGE_CURVE('',#8822,#9098,#6746,.T.);
#18808=EDGE_CURVE('',#9100,#8820,#6758,.T.);
#18823=EDGE_CURVE('',#8818,#9102,#6762,.T.);
#18836=EDGE_CURVE('',#9104,#8816,#6774,.T.);
#18849=EDGE_CURVE('',#8814,#9106,#6778,.T.);
#18862=EDGE_CURVE('',#9108,#8812,#6794,.T.);
#18872=EDGE_CURVE('',#6948,#6945,#6790,.T.);
#18887=EDGE_CURVE('',#6946,#6950,#6806,.T.);
#18900=EDGE_CURVE('',#6934,#6932,#6802,.T.);
#18912=EDGE_CURVE('',#6929,#6930,#6814,.T.);
#18927=EDGE_CURVE('',#8808,#9110,#6818,.T.);
#18939=EDGE_CURVE('',#9112,#8806,#6830,.T.);
#18954=EDGE_CURVE('',#8804,#9114,#6834,.T.);
#18967=EDGE_CURVE('',#9116,#8802,#6846,.T.);
#18980=EDGE_CURVE('',#8800,#9118,#6850,.T.);
#18993=EDGE_CURVE('',#9120,#8798,#6866,.T.);
#19016=EDGE_CURVE('',#8780,#9000,#6874,.T.);
#19032=EDGE_CURVE('',#9132,#8784,#6878,.T.);
#19044=EDGE_CURVE('',#8786,#9130,#6894,.T.);
#19057=EDGE_CURVE('',#9128,#8788,#6890,.T.);
#19070=EDGE_CURVE('',#8790,#9126,#6910,.T.);
#19083=EDGE_CURVE('',#9124,#8792,#6906,.T.);
#19104=(LENGTH_UNIT()NAMED_UNIT(*)SI_UNIT(.MILLI.,.METRE.));
#19106=(NAMED_UNIT(*)PLANE_ANGLE_UNIT()SI_UNIT($,.RADIAN.));
#19109=(NAMED_UNIT(*)SI_UNIT($,.STERADIAN.)SOLID_ANGLE_UNIT());
#19112=ADVANCED_BREP_SHAPE_REPRESENTATION('',(#19103),#19111);
#19119=PRODUCT_DEFINITION('design','',#19118,#19115);
#19120=PRODUCT_DEFINITION_SHAPE('','SHAPE FOR ZENG0A4002D_183.',#19119);
#19121=SHAPE_DEFINITION_REPRESENTATION(#19120,#19112);
ENDSEC;
END-ISO-10303-21;
