  0
SECTION
  2
HEADER
  9
$ACADVER
  1
AC1027
  9
$ACADMAINTVER
 70
   105
  9
$DWGCODEPAGE
  3
ANSI_936
  9
$LASTSAVEDBY
  1
CHK
  9
$REQUIREDVERSIONS
160
                 0
  9
$INSBASE
 10
0.0
 20
0.0
 30
0.0
  9
$EXTMIN
 10
-114.8190135906387
 20
-65.85714119827412
 30
0.0
  9
$EXTMAX
 10
525.7307611033153
 20
204.8594214750128
 30
0.0
  9
$LIMMIN
 10
-105.0
 20
-148.5
  9
$LIMMAX
 10
105.0
 20
148.5
  9
$ORTHOMODE
 70
     0
  9
$REGENMODE
 70
     1
  9
$FILLMODE
 70
     1
  9
$QTEXTMODE
 70
     0
  9
$MIRRTEXT
 70
     1
  9
$LTSCALE
 40
1.0
  9
$ATTMODE
 70
     1
  9
$TEXTSIZE
 40
2.5
  9
$TRACEWID
 40
1.0
  9
$TEXTSTYLE
  7
标准
  9
$CLAYER
  8
粗实线层
  9
$CELTYPE
  6
ByLayer
  9
$CECOLOR
 62
   256
  9
$CELTSCALE
 40
1.0
  9
$DISPSILH
 70
     0
  9
$DIMSCALE
 40
1.0
  9
$DIMASZ
 40
4.0
  9
$DIMEXO
 40
0.0
  9
$DIMDLI
 40
10.0
  9
$DIMRND
 40
0.0
  9
$DIMDLE
 40
6.0
  9
$DIMEXE
 40
2.0
  9
$DIMTP
 40
0.0
  9
$DIMTM
 40
0.0
  9
$DIMTXT
 40
3.5
  9
$DIMCEN
 40
0.0
  9
$DIMTSZ
 40
0.0
  9
$DIMTOL
 70
     0
  9
$DIMLIM
 70
     0
  9
$DIMTIH
 70
     0
  9
$DIMTOH
 70
     0
  9
$DIMSE1
 70
     0
  9
$DIMSE2
 70
     0
  9
$DIMTAD
 70
     1
  9
$DIMZIN
 70
     8
  9
$DIMBLK
  1
CAXARROW
  9
$DIMASO
 70
     1
  9
$DIMSHO
 70
     1
  9
$DIMPOST
  1

  9
$DIMAPOST
  1

  9
$DIMALT
 70
     0
  9
$DIMALTD
 70
     2
  9
$DIMALTF
 40
1.0
  9
$DIMLFAC
 40
1.0
  9
$DIMTOFL
 70
     1
  9
$DIMTVP
 40
0.0
  9
$DIMTIX
 70
     0
  9
$DIMSOXD
 70
     0
  9
$DIMSAH
 70
     0
  9
$DIMBLK1
  1

  9
$DIMBLK2
  1

  9
$DIMSTYLE
  2
GB_尺寸
  9
$DIMCLRD
 70
     0
  9
$DIMCLRE
 70
     0
  9
$DIMCLRT
 70
     0
  9
$DIMTFAC
 40
0.7071067811865475
  9
$DIMGAP
 40
0.625
  9
$DIMJUST
 70
     0
  9
$DIMSD1
 70
     0
  9
$DIMSD2
 70
     0
  9
$DIMTOLJ
 70
     1
  9
$DIMTZIN
 70
     0
  9
$DIMALTZ
 70
     0
  9
$DIMALTTZ
 70
     0
  9
$DIMUPT
 70
     0
  9
$DIMDEC
 70
     2
  9
$DIMTDEC
 70
     3
  9
$DIMALTU
 70
     2
  9
$DIMALTTD
 70
     3
  9
$DIMTXSTY
  7
标准
  9
$DIMAUNIT
 70
     0
  9
$DIMADEC
 70
     2
  9
$DIMALTRND
 40
0.0
  9
$DIMAZIN
 70
     2
  9
$DIMDSEP
 70
    46
  9
$DIMATFIT
 70
     3
  9
$DIMFRAC
 70
     2
  9
$DIMLDRBLK
  1

  9
$DIMLUNIT
 70
     2
  9
$DIMLWD
 70
    -2
  9
$DIMLWE
 70
    -2
  9
$DIMTMOVE
 70
     2
  9
$DIMFXL
 40
1.0
  9
$DIMFXLON
 70
     0
  9
$DIMJOGANG
 40
0.7853981633974483
  9
$DIMTFILL
 70
     0
  9
$DIMTFILLCLR
 70
     0
  9
$DIMARCSYM
 70
     1
  9
$DIMLTYPE
  6
Continuous
  9
$DIMLTEX1
  6
Continuous
  9
$DIMLTEX2
  6
Continuous
  9
$DIMTXTDIRECTION
 70
     0
  9
$LUNITS
 70
     2
  9
$LUPREC
 70
     4
  9
$SKETCHINC
 40
1.0
  9
$FILLETRAD
 40
0.0
  9
$AUNITS
 70
     0
  9
$AUPREC
 70
     0
  9
$MENU
  1
.
  9
$ELEVATION
 40
0.0
  9
$PELEVATION
 40
0.0
  9
$THICKNESS
 40
0.0
  9
$LIMCHECK
 70
     0
  9
$CHAMFERA
 40
0.0
  9
$CHAMFERB
 40
0.0
  9
$CHAMFERC
 40
0.0
  9
$CHAMFERD
 40
0.0
  9
$SKPOLY
 70
     0
  9
$TDCREATE
 40
2460782.935585301
  9
$TDUCREATE
 40
2460782.602251967
  9
$TDUPDATE
 40
2460782.935586204
  9
$TDUUPDATE
 40
2460782.60225287
  9
$TDINDWG
 40
0.0000000116
  9
$TDUSRTIMER
 40
0.0000000116
  9
$USRTIMER
 70
     1
  9
$ANGBASE
 50
0.0
  9
$ANGDIR
 70
     0
  9
$PDMODE
 70
     0
  9
$PDSIZE
 40
-5.0
  9
$PLINEWID
 40
0.0
  9
$SPLFRAME
 70
     0
  9
$SPLINETYPE
 70
     6
  9
$SPLINESEGS
 70
     8
  9
$HANDSEED
  5
2E6
  9
$SURFTAB1
 70
     6
  9
$SURFTAB2
 70
     6
  9
$SURFTYPE
 70
     6
  9
$SURFU
 70
     6
  9
$SURFV
 70
     6
  9
$UCSBASE
  2

  9
$UCSNAME
  2

  9
$UCSORG
 10
0.0
 20
0.0
 30
0.0
  9
$UCSXDIR
 10
1.0
 20
0.0
 30
0.0
  9
$UCSYDIR
 10
0.0
 20
1.0
 30
0.0
  9
$UCSORTHOREF
  2

  9
$UCSORTHOVIEW
 70
     0
  9
$UCSORGTOP
 10
0.0
 20
0.0
 30
0.0
  9
$UCSORGBOTTOM
 10
0.0
 20
0.0
 30
0.0
  9
$UCSORGLEFT
 10
0.0
 20
0.0
 30
0.0
  9
$UCSORGRIGHT
 10
0.0
 20
0.0
 30
0.0
  9
$UCSORGFRONT
 10
0.0
 20
0.0
 30
0.0
  9
$UCSORGBACK
 10
0.0
 20
0.0
 30
0.0
  9
$PUCSBASE
  2

  9
$PUCSNAME
  2

  9
$PUCSORG
 10
0.0
 20
0.0
 30
0.0
  9
$PUCSXDIR
 10
1.0
 20
0.0
 30
0.0
  9
$PUCSYDIR
 10
0.0
 20
1.0
 30
0.0
  9
$PUCSORTHOREF
  2

  9
$PUCSORTHOVIEW
 70
     0
  9
$PUCSORGTOP
 10
0.0
 20
0.0
 30
0.0
  9
$PUCSORGBOTTOM
 10
0.0
 20
0.0
 30
0.0
  9
$PUCSORGLEFT
 10
0.0
 20
0.0
 30
0.0
  9
$PUCSORGRIGHT
 10
0.0
 20
0.0
 30
0.0
  9
$PUCSORGFRONT
 10
0.0
 20
0.0
 30
0.0
  9
$PUCSORGBACK
 10
0.0
 20
0.0
 30
0.0
  9
$USERI1
 70
     0
  9
$USERI2
 70
     0
  9
$USERI3
 70
     0
  9
$USERI4
 70
     0
  9
$USERI5
 70
     0
  9
$USERR1
 40
0.0
  9
$USERR2
 40
0.0
  9
$USERR3
 40
0.0
  9
$USERR4
 40
0.0
  9
$USERR5
 40
0.0
  9
$WORLDVIEW
 70
     1
  9
$SHADEDGE
 70
     3
  9
$SHADEDIF
 70
    70
  9
$TILEMODE
 70
     1
  9
$MAXACTVP
 70
    64
  9
$PINSBASE
 10
0.0
 20
0.0
 30
0.0
  9
$PLIMCHECK
 70
     0
  9
$PEXTMIN
 10
1.000000000000000E+20
 20
1.000000000000000E+20
 30
1.000000000000000E+20
  9
$PEXTMAX
 10
-1.000000000000000E+20
 20
-1.000000000000000E+20
 30
-1.000000000000000E+20
  9
$PLIMMIN
 10
0.0
 20
0.0
  9
$PLIMMAX
 10
420.0
 20
297.0
  9
$UNITMODE
 70
     0
  9
$VISRETAIN
 70
     1
  9
$PLINEGEN
 70
     0
  9
$PSLTSCALE
 70
     1
  9
$TREEDEPTH
 70
  3020
  9
$CMLSTYLE
  2
Standard
  9
$CMLJUST
 70
     0
  9
$CMLSCALE
 40
20.0
  9
$PROXYGRAPHICS
 70
     1
  9
$MEASUREMENT
 70
     1
  9
$CELWEIGHT
370
    -1
  9
$ENDCAPS
280
     0
  9
$JOINSTYLE
280
     0
  9
$LWDISPLAY
290
     0
  9
$INSUNITS
 70
     4
  9
$HYPERLINKBASE
  1

  9
$STYLESHEET
  1

  9
$XEDIT
290
     1
  9
$CEPSNTYPE
380
     0
  9
$PSTYLEMODE
290
     1
  9
$FINGERPRINTGUID
  2
{bf8ac279-ac1b-4c0c-8319-99c23911c42a}
  9
$VERSIONGUID
  2
{FAEB1C32-E019-11D5-929B-00C0DF256EC4}
  9
$EXTNAMES
290
     1
  9
$PSVPSCALE
 40
0.0
  9
$OLESTARTUP
290
     0
  9
$SORTENTS
280
   127
  9
$INDEXCTL
280
     0
  9
$HIDETEXT
280
     1
  9
$XCLIPFRAME
280
     2
  9
$HALOGAP
280
     0
  9
$OBSCOLOR
 70
   257
  9
$OBSLTYPE
280
     0
  9
$INTERSECTIONDISPLAY
280
     0
  9
$INTERSECTIONCOLOR
 70
   257
  9
$DIMASSOC
280
     2
  9
$PROJECTNAME
  1

  9
$CAMERADISPLAY
290
     0
  9
$LENSLENGTH
 40
50.0
  9
$CAMERAHEIGHT
 40
0.0
  9
$STEPSPERSEC
 40
2.0
  9
$STEPSIZE
 40
6.0
  9
$3DDWFPREC
 40
2.0
  9
$PSOLWIDTH
 40
5.0
  9
$PSOLHEIGHT
 40
80.0
  9
$LOFTANG1
 40
1.570796326794897
  9
$LOFTANG2
 40
1.570796326794897
  9
$LOFTMAG1
 40
0.0
  9
$LOFTMAG2
 40
0.0
  9
$LOFTPARAM
 70
     7
  9
$LOFTNORMALS
280
     1
  9
$LATITUDE
 40
37.795
  9
$LONGITUDE
 40
-122.394
  9
$NORTHDIRECTION
 40
0.0
  9
$TIMEZONE
 70
 -8000
  9
$LIGHTGLYPHDISPLAY
280
     1
  9
$TILEMODELIGHTSYNCH
280
     1
  9
$CMATERIAL
347
44
  9
$SOLIDHIST
280
     0
  9
$SHOWHIST
280
     1
  9
$DWFFRAME
280
     2
  9
$DGNFRAME
280
     2
  9
$REALWORLDSCALE
290
     1
  9
$INTERFERECOLOR
 62
   256
  9
$CSHADOW
280
     0
  9
$SHADOWPLANELOCATION
 40
0.0
  0
ENDSEC
  0
SECTION
  2
CLASSES
  0
CLASS
  1
ACDBDICTIONARYWDFLT
  2
AcDbDictionaryWithDefault
  3
ObjectDBX Classes
 90
        0
 91
        3
280
     0
281
     0
  0
CLASS
  1
VISUALSTYLE
  2
AcDbVisualStyle
  3
ObjectDBX Classes
 90
     4095
 91
        3
280
     0
281
     0
  0
CLASS
  1
MATERIAL
  2
AcDbMaterial
  3
ObjectDBX Classes
 90
     1153
 91
        3
280
     0
281
     0
  0
CLASS
  1
SCALE
  2
AcDbScale
  3
ObjectDBX Classes
 90
     1153
 91
        3
280
     0
281
     0
  0
CLASS
  1
TABLESTYLE
  2
AcDbTableStyle
  3
ObjectDBX Classes
 90
     4095
 91
        3
280
     0
281
     0
  0
CLASS
  1
MLEADERSTYLE
  2
AcDbMLeaderStyle
  3
ACDB_MLEADERSTYLE_CLASS
 90
     4095
 91
        3
280
     0
281
     0
  0
CLASS
  1
SUN
  2
AcDbSun
  3
SCENEOE
 90
     1153
 91
        3
280
     0
281
     0
  0
CLASS
  1
WIPEOUTVARIABLES
  2
AcDbWipeoutVariables
  3
WipeOut|AutoCAD Express Tool|expresstools@autodesk.com
 90
        0
 91
        3
280
     0
281
     0
  0
CLASS
  1
DICTIONARYVAR
  2
AcDbDictionaryVar
  3
ObjectDBX Classes
 90
        0
 91
        3
280
     0
281
     0
  0
CLASS
  1
CELLSTYLEMAP
  2
AcDbCellStyleMap
  3
ObjectDBX Classes
 90
     1152
 91
        3
280
     0
281
     0
  0
ENDSEC
  0
SECTION
  2
TABLES
  0
TABLE
  2
VPORT
  5
8
330
0
100
AcDbSymbolTable
 70
     1
  0
VPORT
  5
29
330
8
100
AcDbSymbolTableRecord
100
AcDbViewportTableRecord
  2
*Active
 70
     0
 10
0.0
 20
0.0
 11
1.0
 21
1.0
 12
205.4558737563383
 22
69.50114013836932
 13
0.0
 23
0.0
 14
10.0
 24
10.0
 15
10.0
 25
10.0
 16
0.0
 26
0.0
 36
1.0
 17
0.0
 27
0.0
 37
0.0
 40
270.7165626732869
 41
2.36612702366127
 42
50.0
 43
0.0
 44
0.0
 50
0.0
 51
0.0
 71
     0
 72
   100
 73
     1
 74
     3
 75
     0
 76
     0
 77
     0
 78
     0
281
     0
 65
     1
110
0.0
120
0.0
130
0.0
111
1.0
121
0.0
131
0.0
112
0.0
122
1.0
132
0.0
 79
     0
146
0.0
348
2F
 60
     3
 61
     5
292
     1
282
     1
141
0.0
142
0.0
 63
   250
361
5D
  0
ENDTAB
  0
TABLE
  2
LTYPE
  5
5
330
0
100
AcDbSymbolTable
 70
     4
  0
LTYPE
  5
14
330
5
100
AcDbSymbolTableRecord
100
AcDbLinetypeTableRecord
  2
ByBlock
 70
     0
  3

 72
    65
 73
     0
 40
0.0
  0
LTYPE
  5
15
330
5
100
AcDbSymbolTableRecord
100
AcDbLinetypeTableRecord
  2
ByLayer
 70
     0
  3

 72
    65
 73
     0
 40
0.0
  0
LTYPE
  5
16
330
5
100
AcDbSymbolTableRecord
100
AcDbLinetypeTableRecord
  2
Continuous
 70
     0
  3
Solid line
 72
    65
 73
     0
 40
0.0
  0
LTYPE
  5
D2
330
5
100
AcDbSymbolTableRecord
100
AcDbLinetypeTableRecord
  2
虚线
 70
     0
  3
虚线: __ __ __ __ __ __ __ __ __ __ __ __ __
 72
    65
 73
     2
 40
2.0
 49
1.0
 74
     0
 49
-1.0
 74
     0
  0
LTYPE
  5
D3
330
5
100
AcDbSymbolTableRecord
100
AcDbLinetypeTableRecord
  2
点画线
 70
     0
  3
点画线: ____ . ____ . ____ . ____ . ____ . ____
 72
    65
 73
     4
 40
18.0
 49
12.0
 74
     0
 49
-2.0
 74
     0
 49
2.0
 74
     0
 49
-2.0
 74
     0
  0
LTYPE
  5
D4
330
5
100
AcDbSymbolTableRecord
100
AcDbLinetypeTableRecord
  2
双点画线
 70
     0
  3
双点画线: ____ . . ____ . . ____ . . ____ . . ____ 
 72
    65
 73
     6
 40
22.0
 49
12.0
 74
     0
 49
-2.0
 74
     0
 49
2.0
 74
     0
 49
-2.0
 74
     0
 49
2.0
 74
     0
 49
-2.0
 74
     0
  0
ENDTAB
  0
TABLE
  2
LAYER
  5
2
330
0
100
AcDbSymbolTable
 70
     9
  0
LAYER
  5
10
330
2
100
AcDbSymbolTableRecord
100
AcDbLayerTableRecord
  2
0
 70
     0
 62
     7
  6
Continuous
370
    35
390
F
347
46
348
0
1001
AcAecLayerStandard
1000

1000
0层
  0
LAYER
  5
D6
330
2
100
AcDbSymbolTableRecord
100
AcDbLayerTableRecord
  2
中心线层
 70
     0
 62
     1
  6
点画线
370
    18
390
F
347
46
348
0
1001
AcAecLayerStandard
1000

1000
中心线层
  0
LAYER
  5
D7
330
2
100
AcDbSymbolTableRecord
100
AcDbLayerTableRecord
  2
虚线层
 70
     0
 62
     6
  6
虚线
370
    18
390
F
347
46
348
0
1001
AcAecLayerStandard
1000

1000
虚线层
  0
LAYER
  5
D8
330
2
100
AcDbSymbolTableRecord
100
AcDbLayerTableRecord
  2
细实线层
 70
     0
 62
     7
  6
Continuous
370
    18
390
F
347
46
348
0
1001
AcAecLayerStandard
1000

1000
细实线层
  0
LAYER
  5
D9
330
2
100
AcDbSymbolTableRecord
100
AcDbLayerTableRecord
  2
粗实线层
 70
     0
 62
     7
  6
Continuous
370
    35
390
F
347
46
348
0
1001
AcAecLayerStandard
1000

1000
粗实线层
  0
LAYER
  5
DA
330
2
100
AcDbSymbolTableRecord
100
AcDbLayerTableRecord
  2
尺寸线层
 70
     0
 62
     3
  6
Continuous
370
    18
390
F
347
46
348
0
1001
AcAecLayerStandard
1000

1000
尺寸线层
  0
LAYER
  5
DB
330
2
100
AcDbSymbolTableRecord
100
AcDbLayerTableRecord
  2
剖面线层
 70
     0
 62
     4
  6
Continuous
370
    18
390
F
347
46
348
0
1001
AcAecLayerStandard
1000

1000
剖面线层
  0
LAYER
  5
DC
330
2
100
AcDbSymbolTableRecord
100
AcDbLayerTableRecord
  2
隐藏层
 70
     0
 62
    -7
  6
Continuous
370
    18
390
F
347
46
348
0
1001
AcAecLayerStandard
1000

1000
隐藏层
  0
LAYER
  5
DD
330
2
100
AcDbSymbolTableRecord
100
AcDbLayerTableRecord
  2
BLACK
 70
     0
 62
     7
  6
Continuous
370
    18
390
F
347
46
348
0
1001
AcAecLayerStandard
1000

1000

  0
ENDTAB
  0
TABLE
  2
STYLE
  5
3
330
0
100
AcDbSymbolTable
 70
     3
  0
STYLE
  5
11
330
3
100
AcDbSymbolTableRecord
100
AcDbTextStyleTableRecord
  2
Standard
 70
     0
 40
0.0
 41
1.0
 50
0.0
 71
     0
 42
2.5
  3
txt
  4

  0
STYLE
  5
DE
330
3
100
AcDbSymbolTableRecord
100
AcDbTextStyleTableRecord
  2
标准
 70
     0
 40
0.0
 41
0.667
 50
0.0
 71
     0
 42
2.5
  3

  4

1001
CAXA_DRAFT_TXTSTYLE
1041
0.1
1041
1.918
1001
ACAD
1000
宋体
1071
    34306
  0
STYLE
  5
DF
330
3
100
AcDbSymbolTableRecord
100
AcDbTextStyleTableRecord
  2
机械
 70
     0
 40
0.0
 41
0.667
 50
0.0
 71
     0
 42
2.5
  3
isocp
  4
gbcbig.shx
1001
CAXA_DRAFT_TXTSTYLE
1041
0.1
1041
1.918
  0
ENDTAB
  0
TABLE
  2
VIEW
  5
6
330
0
100
AcDbSymbolTable
 70
     0
  0
ENDTAB
  0
TABLE
  2
UCS
  5
7
330
0
100
AcDbSymbolTable
 70
     0
  0
ENDTAB
  0
TABLE
  2
APPID
  5
9
330
0
100
AcDbSymbolTable
 70
   116
  0
APPID
  5
12
330
9
100
AcDbSymbolTableRecord
100
AcDbRegAppTableRecord
  2
ACAD
 70
     0
  0
APPID
  5
5E
330
9
100
AcDbSymbolTableRecord
100
AcDbRegAppTableRecord
  2
CAXA_DRAFT_PAPERORDER
 70
     0
  0
APPID
  5
5F
330
9
100
AcDbSymbolTableRecord
100
AcDbRegAppTableRecord
  2
CAXA_DRAFT_ROUGH
 70
     0
  0
APPID
  5
60
330
9
100
AcDbSymbolTableRecord
100
AcDbRegAppTableRecord
  2
CAXA_DRAFT_ROUGH_STD
 70
     0
  0
APPID
  5
61
330
9
100
AcDbSymbolTableRecord
100
AcDbRegAppTableRecord
  2
CAXA_DRAFT_FORMATED_TXT
 70
     0
  0
APPID
  5
62
330
9
100
AcDbSymbolTableRecord
100
AcDbRegAppTableRecord
  2
CAXA_DRAFT_DATUM
 70
     0
  0
APPID
  5
63
330
9
100
AcDbSymbolTableRecord
100
AcDbRegAppTableRecord
  2
CAXA_DRAFT_WELD
 70
     0
  0
APPID
  5
64
330
9
100
AcDbSymbolTableRecord
100
AcDbRegAppTableRecord
  2
CAXA_DRAFT_GEOTOL
 70
     0
  0
APPID
  5
65
330
9
100
AcDbSymbolTableRecord
100
AcDbRegAppTableRecord
  2
CAXA_DRAFT_CUTS
 70
     0
  0
APPID
  5
66
330
9
100
AcDbSymbolTableRecord
100
AcDbRegAppTableRecord
  2
CAXA_DRAFT_DIMHALF
 70
     0
  0
APPID
  5
67
330
9
100
AcDbSymbolTableRecord
100
AcDbRegAppTableRecord
  2
CAXA_DRAFT_DIMRAY
 70
     0
  0
APPID
  5
68
330
9
100
AcDbSymbolTableRecord
100
AcDbRegAppTableRecord
  2
CAXA_DRAFT_DIMARCLEN
 70
     0
  0
APPID
  5
69
330
9
100
AcDbSymbolTableRecord
100
AcDbRegAppTableRecord
  2
CAXA_DRAFT_DIMTAPER
 70
     0
  0
APPID
  5
6A
330
9
100
AcDbSymbolTableRecord
100
AcDbRegAppTableRecord
  2
CAXA_DRAFT_DIMPITCH
 70
     0
  0
APPID
  5
6B
330
9
100
AcDbSymbolTableRecord
100
AcDbRegAppTableRecord
  2
CAXA_DRAFT_DIMCOORD
 70
     0
  0
APPID
  5
6C
330
9
100
AcDbSymbolTableRecord
100
AcDbRegAppTableRecord
  2
CAXA_DRAFT_DIMORIALIGN
 70
     0
  0
APPID
  5
6D
330
9
100
AcDbSymbolTableRecord
100
AcDbRegAppTableRecord
  2
CAXA_DRAFT_DIMHOLEPOS
 70
     0
  0
APPID
  5
6E
330
9
100
AcDbSymbolTableRecord
100
AcDbRegAppTableRecord
  2
CAXA_DRAFT_DIMCRDLEADER
 70
     0
  0
APPID
  5
6F
330
9
100
AcDbSymbolTableRecord
100
AcDbRegAppTableRecord
  2
CAXA_DRAFT_DIMCHAMFER
 70
     0
  0
APPID
  5
70
330
9
100
AcDbSymbolTableRecord
100
AcDbRegAppTableRecord
  2
CAXA_DRAFT_DIMCENTERHOLE
 70
     0
  0
APPID
  5
71
330
9
100
AcDbSymbolTableRecord
100
AcDbRegAppTableRecord
  2
CAXA_DRAFT_DIMLEADER
 70
     0
  0
APPID
  5
72
330
9
100
AcDbSymbolTableRecord
100
AcDbRegAppTableRecord
  2
CAXA_DRAFT_DIMCRDLIST
 70
     0
  0
APPID
  5
73
330
9
100
AcDbSymbolTableRecord
100
AcDbRegAppTableRecord
  2
CAXA_DRAFT_PAPERSCALE
 70
     0
  0
APPID
  5
74
330
9
100
AcDbSymbolTableRecord
100
AcDbRegAppTableRecord
  2
CAXA_DRAFT_FILEVERSION
 70
     0
  0
APPID
  5
75
330
9
100
AcDbSymbolTableRecord
100
AcDbRegAppTableRecord
  2
CAXA_DRAFT_PRODUCTVERSION
 70
     0
  0
APPID
  5
76
330
9
100
AcDbSymbolTableRecord
100
AcDbRegAppTableRecord
  2
CAXA_DRAFT_DATATABLE
 70
     0
  0
APPID
  5
77
330
9
100
AcDbSymbolTableRecord
100
AcDbRegAppTableRecord
  2
CAXA_DRAFT_PAPERINFO
 70
     0
  0
APPID
  5
78
330
9
100
AcDbSymbolTableRecord
100
AcDbRegAppTableRecord
  2
CAXA_DRAFT_PAPERFRAME
 70
     0
  0
APPID
  5
79
330
9
100
AcDbSymbolTableRecord
100
AcDbRegAppTableRecord
  2
CAXA_DRAFT_PAPERTITLE
 70
     0
  0
APPID
  5
7A
330
9
100
AcDbSymbolTableRecord
100
AcDbRegAppTableRecord
  2
CAXA_DRAFT_PAPERPAREATABLE
 70
     0
  0
APPID
  5
7B
330
9
100
AcDbSymbolTableRecord
100
AcDbRegAppTableRecord
  2
CAXA_DRAFT_PARTNO
 70
     0
  0
APPID
  5
7C
330
9
100
AcDbSymbolTableRecord
100
AcDbRegAppTableRecord
  2
CAXA_DRAFT_BOMTABLE
 70
     0
  0
APPID
  5
7D
330
9
100
AcDbSymbolTableRecord
100
AcDbRegAppTableRecord
  2
CAXA_DRAFT_BLKREF_EXTATT
 70
     0
  0
APPID
  5
7E
330
9
100
AcDbSymbolTableRecord
100
AcDbRegAppTableRecord
  2
CAXA_DRAFT_DBVIEWDATA
 70
     0
  0
APPID
  5
7F
330
9
100
AcDbSymbolTableRecord
100
AcDbRegAppTableRecord
  2
CAXA_DRAFT_DIMSYMTOL
 70
     0
  0
APPID
  5
80
330
9
100
AcDbSymbolTableRecord
100
AcDbRegAppTableRecord
  2
CAXA_DRAFT_DIMASSEMTOL
 70
     0
  0
APPID
  5
81
330
9
100
AcDbSymbolTableRecord
100
AcDbRegAppTableRecord
  2
CAXA_DRAFT_DIMANGLETOL
 70
     0
  0
APPID
  5
82
330
9
100
AcDbSymbolTableRecord
100
AcDbRegAppTableRecord
  2
CAXA_DRAFT_DRAFTDATA
 70
     0
  0
APPID
  5
83
330
9
100
AcDbSymbolTableRecord
100
AcDbRegAppTableRecord
  2
CAXA_DRAFT_DIMORIGIN
 70
     0
  0
APPID
  5
84
330
9
100
AcDbSymbolTableRecord
100
AcDbRegAppTableRecord
  2
CAXA_DRAFT_ENLARGE_EDGE
 70
     0
  0
APPID
  5
85
330
9
100
AcDbSymbolTableRecord
100
AcDbRegAppTableRecord
  2
CAXA_DRAFT_DIMSTY_T_VPOS
 70
     0
  0
APPID
  5
86
330
9
100
AcDbSymbolTableRecord
100
AcDbRegAppTableRecord
  2
CAXA_DRAFT_DIMSTY_AT_VPOS
 70
     0
  0
APPID
  5
87
330
9
100
AcDbSymbolTableRecord
100
AcDbRegAppTableRecord
  2
CAXA_DRAFT_BLKHIDE
 70
     0
  0
APPID
  5
88
330
9
100
AcDbSymbolTableRecord
100
AcDbRegAppTableRecord
  2
CAXA_DRAFT_DIMARROWREVERSE
 70
     0
  0
APPID
  5
89
330
9
100
AcDbSymbolTableRecord
100
AcDbRegAppTableRecord
  2
CAXA_DRAFT_TXTSTYLE
 70
     0
  0
APPID
  5
8A
330
9
100
AcDbSymbolTableRecord
100
AcDbRegAppTableRecord
  2
CAXA_DRAFT_ATTRIBUTE_2PT
 70
     0
  0
APPID
  5
8B
330
9
100
AcDbSymbolTableRecord
100
AcDbRegAppTableRecord
  2
CAXA_DRAFT_ATTDEF_2PT
 70
     0
  0
APPID
  5
8C
330
9
100
AcDbSymbolTableRecord
100
AcDbRegAppTableRecord
  2
CAXA_DRAFT_DIMBIGARC
 70
     0
  0
APPID
  5
8D
330
9
100
AcDbSymbolTableRecord
100
AcDbRegAppTableRecord
  2
CAXA_DRAFT_ISNEB09R3
 70
     0
  0
APPID
  5
8E
330
9
100
AcDbSymbolTableRecord
100
AcDbRegAppTableRecord
  2
CAXA_DRAFT_WIPEOUT_B_HIDE
 70
     0
  0
APPID
  5
8F
330
9
100
AcDbSymbolTableRecord
100
AcDbRegAppTableRecord
  2
CAXA_DRAFT_BLKREF_SYMBOL
 70
     0
  0
APPID
  5
90
330
9
100
AcDbSymbolTableRecord
100
AcDbRegAppTableRecord
  2
CAXA_DRAFT_ENL_COMMENTS
 70
     0
  0
APPID
  5
91
330
9
100
AcDbSymbolTableRecord
100
AcDbRegAppTableRecord
  2
CAXA_DRAFT_ENL_TSCALE
 70
     0
  0
APPID
  5
92
330
9
100
AcDbSymbolTableRecord
100
AcDbRegAppTableRecord
  2
CAXA_DRAFT_TXTSCALE
 70
     0
  0
APPID
  5
93
330
9
100
AcDbSymbolTableRecord
100
AcDbRegAppTableRecord
  2
CAXA_DRAFT_KEEPLTSEG_ZOOM
 70
     0
  0
APPID
  5
94
330
9
100
AcDbSymbolTableRecord
100
AcDbRegAppTableRecord
  2
CAXA_DRAFT_SPECLIB
 70
     0
  0
APPID
  5
95
330
9
100
AcDbSymbolTableRecord
100
AcDbRegAppTableRecord
  2
CAXA_DRAFT_DATUM_2011R2
 70
     0
  0
APPID
  5
96
330
9
100
AcDbSymbolTableRecord
100
AcDbRegAppTableRecord
  2
CAXA_DRAFT_ROUGH_2011R2
 70
     0
  0
APPID
  5
97
330
9
100
AcDbSymbolTableRecord
100
AcDbRegAppTableRecord
  2
CAXA_DRAFT_GEOTOL_2011R2
 70
     0
  0
APPID
  5
98
330
9
100
AcDbSymbolTableRecord
100
AcDbRegAppTableRecord
  2
CAXA_DRAFT_DMOVMAP_2011R3
 70
     0
  0
APPID
  5
99
330
9
100
AcDbSymbolTableRecord
100
AcDbRegAppTableRecord
  2
CAXA_DRAFT_DDTSTY_2011R3
 70
     0
  0
APPID
  5
9A
330
9
100
AcDbSymbolTableRecord
100
AcDbRegAppTableRecord
  2
CAXA_DRAFT_SDTSTY_2011R3
 70
     0
  0
APPID
  5
9B
330
9
100
AcDbSymbolTableRecord
100
AcDbRegAppTableRecord
  2
CDRAFT_TXTROT_2011R3
 70
     0
  0
APPID
  5
9C
330
9
100
AcDbSymbolTableRecord
100
AcDbRegAppTableRecord
  2
CDRAFT_TOLOUT_2011R3
 70
     0
  0
APPID
  5
9D
330
9
100
AcDbSymbolTableRecord
100
AcDbRegAppTableRecord
  2
CAXA_DRAFT_DIMARCLENSTYLE
 70
     0
  0
APPID
  5
9E
330
9
100
AcDbSymbolTableRecord
100
AcDbRegAppTableRecord
  2
CAXA_DRAFT_DMOVMAP_2013
 70
     0
  0
APPID
  5
9F
330
9
100
AcDbSymbolTableRecord
100
AcDbRegAppTableRecord
  2
CAXA_DRAFT_DS_DLLNTYPE
 70
     0
  0
APPID
  5
A0
330
9
100
AcDbSymbolTableRecord
100
AcDbRegAppTableRecord
  2
CAXA_DRAFT_DS_LBLLNTYPE
 70
     0
  0
APPID
  5
A1
330
9
100
AcDbSymbolTableRecord
100
AcDbRegAppTableRecord
  2
CAXA_DRAFT_DS_RBLLNTYPE
 70
     0
  0
APPID
  5
A2
330
9
100
AcDbSymbolTableRecord
100
AcDbRegAppTableRecord
  2
CAXA_DRAFT_DS_ISFILLDFM
 70
     0
  0
APPID
  5
A3
330
9
100
AcDbSymbolTableRecord
100
AcDbRegAppTableRecord
  2
CAXA_DRAFT_DS_DISPZTOOL
 70
     0
  0
APPID
  5
A4
330
9
100
AcDbSymbolTableRecord
100
AcDbRegAppTableRecord
  2
CAXA_DRAFT_DS_SYMCOLOR
 70
     0
  0
APPID
  5
A5
330
9
100
AcDbSymbolTableRecord
100
AcDbRegAppTableRecord
  2
CAXA_DRAFT_HATCH_SCALE_ANGLE
 70
     0
  0
APPID
  5
A6
330
9
100
AcDbSymbolTableRecord
100
AcDbRegAppTableRecord
  2
CAXA_DRAFT_GEOTOL_ISFROMDWG
 70
     0
  0
APPID
  5
A7
330
9
100
AcDbSymbolTableRecord
100
AcDbRegAppTableRecord
  2
CxDragDiaDimLnStyle
 70
     0
  0
APPID
  5
A8
330
9
100
AcDbSymbolTableRecord
100
AcDbRegAppTableRecord
  2
CxDragRadDimLnStyle
 70
     0
  0
APPID
  5
A9
330
9
100
AcDbSymbolTableRecord
100
AcDbRegAppTableRecord
  2
CX_DbAnnotate_SimDimOriTxt
 70
     0
  0
APPID
  5
AA
330
9
100
AcDbSymbolTableRecord
100
AcDbRegAppTableRecord
  2
CX_DbAnnotate_TxtLocPara
 70
     0
  0
APPID
  5
AB
330
9
100
AcDbSymbolTableRecord
100
AcDbRegAppTableRecord
  2
CX_DbAnnotate_DragTxtLoc
 70
     0
  0
APPID
  5
AC
330
9
100
AcDbSymbolTableRecord
100
AcDbRegAppTableRecord
  2
UserSetTxtLoc
 70
     0
  0
APPID
  5
AD
330
9
100
AcDbSymbolTableRecord
100
AcDbRegAppTableRecord
  2
UserSetTxtLocType
 70
     0
  0
APPID
  5
AE
330
9
100
AcDbSymbolTableRecord
100
AcDbRegAppTableRecord
  2
UserSetTxtLocPt
 70
     0
  0
APPID
  5
AF
330
9
100
AcDbSymbolTableRecord
100
AcDbRegAppTableRecord
  2
CAXA_DRAFT_IMAGE_BINARY
 70
     0
  0
APPID
  5
B0
330
9
100
AcDbSymbolTableRecord
100
AcDbRegAppTableRecord
  2
DimTxtFrmStyle_2015R1
 70
     0
  0
APPID
  5
B1
330
9
100
AcDbSymbolTableRecord
100
AcDbRegAppTableRecord
  2
CAXA_DRAFT_GEOTOL_ISSHX
 70
     0
  0
APPID
  5
B2
330
9
100
AcDbSymbolTableRecord
100
AcDbRegAppTableRecord
  2
CAXA_SUPGRAPHICDIM
 70
     0
  0
APPID
  5
B3
330
9
100
AcDbSymbolTableRecord
100
AcDbRegAppTableRecord
  2
CAXA_GRAPHICARCLEN_HASLN
 70
     0
  0
APPID
  5
B4
330
9
100
AcDbSymbolTableRecord
100
AcDbRegAppTableRecord
  2
CAXA_GRAPHICDIM_OUT
 70
     0
  0
APPID
  5
B5
330
9
100
AcDbSymbolTableRecord
100
AcDbRegAppTableRecord
  2
CAXA_DATUM_LEADLNBKMODE
 70
     0
  0
APPID
  5
B6
330
9
100
AcDbSymbolTableRecord
100
AcDbRegAppTableRecord
  2
CX_DbDim_CrdDimLineAndArrow
 70
     0
  0
APPID
  5
B7
330
9
100
AcDbSymbolTableRecord
100
AcDbRegAppTableRecord
  2
CX_DbDim_TaperAngleStd
 70
     0
  0
APPID
  5
B8
330
9
100
AcDbSymbolTableRecord
100
AcDbRegAppTableRecord
  2
CX_DbAttribDef_OptionalVal
 70
     0
  0
APPID
  5
B9
330
9
100
AcDbSymbolTableRecord
100
AcDbRegAppTableRecord
  2
CAXA_DRAFT_LEADER_MLEADERLINE
 70
     0
  0
APPID
  5
BA
330
9
100
AcDbSymbolTableRecord
100
AcDbRegAppTableRecord
  2
CAXA_DRAFT_WELD_MLEADERLINE
 70
     0
  0
APPID
  5
BB
330
9
100
AcDbSymbolTableRecord
100
AcDbRegAppTableRecord
  2
CAXA_DRAFT_GEOTOL_MLEADERLINE
 70
     0
  0
APPID
  5
BC
330
9
100
AcDbSymbolTableRecord
100
AcDbRegAppTableRecord
  2
CAXA_DRAFT_ROUGH_MLEADERLINE
 70
     0
  0
APPID
  5
BD
330
9
100
AcDbSymbolTableRecord
100
AcDbRegAppTableRecord
  2
CAXA_DRAFT_DATUM_MLEADERLINE
 70
     0
  0
APPID
  5
BE
330
9
100
AcDbSymbolTableRecord
100
AcDbRegAppTableRecord
  2
CAXA_DRAFT_ROUGH_STDSPTDATA
 70
     0
  0
APPID
  5
BF
330
9
100
AcDbSymbolTableRecord
100
AcDbRegAppTableRecord
  2
CAXA_DRAFT_CUTS_LABLEDATA
 70
     0
  0
APPID
  5
C0
330
9
100
AcDbSymbolTableRecord
100
AcDbRegAppTableRecord
  2
CAXA_DRAFT_LEADER_DISPREFLINE
 70
     0
  0
APPID
  5
C1
330
9
100
AcDbSymbolTableRecord
100
AcDbRegAppTableRecord
  2
CAXA_DRAFT_TAPER_TEXTTYPE
 70
     0
  0
APPID
  5
C2
330
9
100
AcDbSymbolTableRecord
100
AcDbRegAppTableRecord
  2
CAXA_DRAFT_TAPER_RATEFORMAT
 70
     0
  0
APPID
  5
C3
330
9
100
AcDbSymbolTableRecord
100
AcDbRegAppTableRecord
  2
CAXA_DRAFT_TAPER_RATESEPAR
 70
     0
  0
APPID
  5
C4
330
9
100
AcDbSymbolTableRecord
100
AcDbRegAppTableRecord
  2
CX_DIMSTYLE_TXTFRAME
 70
     0
  0
APPID
  5
C5
330
9
100
AcDbSymbolTableRecord
100
AcDbRegAppTableRecord
  2
CX_DBDIM_TXTFRAME
 70
     0
  0
APPID
  5
C6
330
9
100
AcDbSymbolTableRecord
100
AcDbRegAppTableRecord
  2
CAXA_DRAFT_TABLEENT
 70
     0
  0
APPID
  5
C7
330
9
100
AcDbSymbolTableRecord
100
AcDbRegAppTableRecord
  2
CDRAFT_DIM_STD_REV_NAME
 70
     0
  0
APPID
  5
C8
330
9
100
AcDbSymbolTableRecord
100
AcDbRegAppTableRecord
  2
CAXA_DRAFT_BOM_STDSPTDATA
 70
     0
  0
APPID
  5
C9
330
9
100
AcDbSymbolTableRecord
100
AcDbRegAppTableRecord
  2
CAXA_DRAFT_PARTNO_STDSPTDATA
 70
     0
  0
APPID
  5
CA
330
9
100
AcDbSymbolTableRecord
100
AcDbRegAppTableRecord
  2
CAXA_DRAFT_DATUM_LOCPTEDIT
 70
     0
  0
APPID
  5
CB
330
9
100
AcDbSymbolTableRecord
100
AcDbRegAppTableRecord
  2
CAXA_DRAFT_INFO_WMFLAG
 70
     0
  0
APPID
  5
CC
330
9
100
AcDbSymbolTableRecord
100
AcDbRegAppTableRecord
  2
CX_DbDim_CrdDimTypeAndData
 70
     0
  0
APPID
  5
CD
330
9
100
AcDbSymbolTableRecord
100
AcDbRegAppTableRecord
  2
CX_DbDim_DimOriginBiText
 70
     0
  0
APPID
  5
CE
330
9
100
AcDbSymbolTableRecord
100
AcDbRegAppTableRecord
  2
CX_DbDim_DimCrdLeaderPts
 70
     0
  0
APPID
  5
CF
330
9
100
AcDbSymbolTableRecord
100
AcDbRegAppTableRecord
  2
CAXA_SOLID_FLAG
 70
     0
  0
APPID
  5
D5
330
9
100
AcDbSymbolTableRecord
100
AcDbRegAppTableRecord
  2
AcAecLayerStandard
 70
     0
  0
ENDTAB
  0
TABLE
  2
DIMSTYLE
  5
A
330
0
100
AcDbSymbolTable
 70
     4
100
AcDbDimStyleTable
  0
DIMSTYLE
105
E0
330
A
100
AcDbSymbolTableRecord
100
AcDbDimStyleTableRecord
  2
标准
 70
     0
 41
4.0
 42
0.0
 43
10.0
 44
2.0
 46
6.0
 90
        1
 73
     0
 74
     0
 77
     1
 78
     8
 79
     2
140
3.5
141
0.0
143
1.0
146
0.7071067811865475
147
0.625
172
     1
178
     0
179
     2
271
     2
272
     3
274
     3
276
     2
279
     2
340
DE
342
E1
345
16
346
16
347
16
1001
CAXA_DRAFT_DIMSTY_AT_VPOS
1070
     1
1001
CAXA_DRAFT_SDTSTY_2011R3
1070
     0
1001
CAXA_DRAFT_DS_ISFILLDFM
1070
     1
1001
CAXA_DRAFT_DS_DISPZTOOL
1070
     0
1001
CAXA_DRAFT_DS_SYMCOLOR
1071
1090519039
1001
DimTxtFrmStyle_2015R1
1070
     3
1001
CX_DIMSTYLE_TXTFRAME
1070
     0
1070
     0
  0
DIMSTYLE
105
E5
330
A
100
AcDbSymbolTableRecord
100
AcDbDimStyleTableRecord
  2
GB_尺寸
 70
     0
 41
4.0
 42
0.0
 43
10.0
 44
2.0
 46
6.0
 90
        1
 73
     0
 74
     0
 77
     1
 78
     8
 79
     2
140
3.5
141
0.0
143
1.0
146
0.7071067811865475
147
0.625
172
     1
178
     0
179
     2
271
     2
272
     3
274
     3
276
     2
279
     2
340
DE
342
E1
345
16
346
16
347
16
1001
CAXA_DRAFT_DIMSTY_AT_VPOS
1070
     1
1001
CAXA_DRAFT_SDTSTY_2011R3
1070
     0
1001
CAXA_DRAFT_DS_ISFILLDFM
1070
     1
1001
CAXA_DRAFT_DS_DISPZTOOL
1070
     0
1001
CAXA_DRAFT_DS_SYMCOLOR
1071
1090519039
1001
DimTxtFrmStyle_2015R1
1070
     3
1001
CX_DIMSTYLE_TXTFRAME
1070
     0
1070
     0
  0
DIMSTYLE
105
E6
330
A
100
AcDbSymbolTableRecord
100
AcDbDimStyleTableRecord
  2
GB_引出说明(1984)
 70
     0
 41
4.0
 42
0.0
 43
10.0
 44
2.0
 46
6.0
 90
        1
 73
     0
 74
     0
 77
     1
 78
     8
 79
     2
140
3.5
141
0.0
143
1.0
146
0.7071067811865475
147
0.625
172
     1
178
     0
179
     2
271
     2
272
     3
274
     3
276
     2
279
     2
340
DE
342
E1
345
16
346
16
347
16
1001
CAXA_DRAFT_DIMSTY_AT_VPOS
1070
     1
1001
CAXA_DRAFT_SDTSTY_2011R3
1070
     0
1001
CAXA_DRAFT_DS_ISFILLDFM
1070
     1
1001
CAXA_DRAFT_DS_DISPZTOOL
1070
     0
1001
CAXA_DRAFT_DS_SYMCOLOR
1071
1090519039
1001
DimTxtFrmStyle_2015R1
1070
     3
1001
CX_DIMSTYLE_TXTFRAME
1070
     0
1070
     0
  0
DIMSTYLE
105
E7
330
A
100
AcDbSymbolTableRecord
100
AcDbDimStyleTableRecord
  2
GB_锥度(2003)
 70
     0
 41
4.0
 42
0.0
 43
10.0
 44
2.0
 46
6.0
 90
        1
 73
     0
 74
     0
 77
     1
 78
     8
 79
     2
140
3.5
141
0.0
143
1.0
146
0.7071067811865475
147
0.625
172
     1
178
     0
179
     2
271
     2
272
     3
274
     3
276
     2
279
     2
340
DE
342
E1
345
16
346
16
347
16
1001
CAXA_DRAFT_DIMSTY_AT_VPOS
1070
     1
1001
CAXA_DRAFT_SDTSTY_2011R3
1070
     0
1001
CAXA_DRAFT_DS_ISFILLDFM
1070
     1
1001
CAXA_DRAFT_DS_DISPZTOOL
1070
     0
1001
CAXA_DRAFT_DS_SYMCOLOR
1071
1090519039
1001
DimTxtFrmStyle_2015R1
1070
     3
1001
CX_DIMSTYLE_TXTFRAME
1070
     0
1070
     0
  0
ENDTAB
  0
TABLE
  2
BLOCK_RECORD
  5
1
330
0
100
AcDbSymbolTable
 70
     1
  0
BLOCK_RECORD
  5
1F
330
1
100
AcDbSymbolTableRecord
100
AcDbBlockTableRecord
  2
*Model_Space
340
22
 70
     0
280
     1
281
     0
1001
CAXA_DRAFT_PAPERSCALE
1041
1.0
1001
CAXA_DRAFT_PAPERINFO
1041
210.0
1041
297.0
1071
        0
1070
     1
1070
     1
1070
     1
1070
     0
1001
CAXA_DRAFT_KEEPLTSEG_ZOOM
1070
     0
  0
BLOCK_RECORD
  5
1B
330
1
100
AcDbSymbolTableRecord
100
AcDbBlockTableRecord
  2
*Paper_Space
340
1E
 70
     0
280
     1
281
     0
  0
BLOCK_RECORD
  5
E1
330
1
100
AcDbSymbolTableRecord
100
AcDbBlockTableRecord
  2
_CAXARROW
340
0
 70
     0
280
     1
281
     0
  0
ENDTAB
  0
ENDSEC
  0
SECTION
  2
BLOCKS
  0
BLOCK
  5
20
330
1F
100
AcDbEntity
  8
0
100
AcDbBlockBegin
  2
*Model_Space
 70
     0
 10
0.0
 20
0.0
 30
0.0
  3
*Model_Space
  1

  0
ENDBLK
  5
21
330
1F
100
AcDbEntity
  8
0
100
AcDbBlockEnd
  0
BLOCK
  5
1C
330
1B
100
AcDbEntity
 67
     1
  8
0
100
AcDbBlockBegin
  2
*Paper_Space
 70
     0
 10
0.0
 20
0.0
 30
0.0
  3
*Paper_Space
  1

  0
ENDBLK
  5
1D
330
1B
100
AcDbEntity
 67
     1
  8
0
100
AcDbBlockEnd
  0
BLOCK
  5
E3
330
E1
100
AcDbEntity
  8
0
100
AcDbBlockBegin
  2
_CAXARROW
 70
     0
 10
0.0
 20
0.0
 30
0.0
  3
_CAXARROW
  1

  0
HATCH
  5
E2
330
E1
100
AcDbEntity
  8
0
 62
     0
100
AcDbHatch
 10
0.0
 20
0.0
 30
0.0
210
0.0
220
0.0
230
1.0
  2
SOLID
 70
     1
 71
     0
 91
        1
 92
        0
 93
        3
 72
     1
 10
0.0
 20
0.0
 11
-1.0
 21
0.125
 72
     1
 10
-1.0
 20
0.125
 11
-1.0
 21
-0.125
 72
     1
 10
-1.0
 20
-0.125
 11
0.0
 21
0.0
 97
        0
 75
     0
 76
     1
 98
        1
 10
0.0
 20
0.0
  0
ENDBLK
  5
E4
330
E1
100
AcDbEntity
  8
0
100
AcDbBlockEnd
  0
ENDSEC
  0
SECTION
  2
ENTITIES
  0
LINE
  5
117
330
1F
100
AcDbEntity
  8
BLACK
  6
Continuous
100
AcDbLine
 10
14.61862393546353
 20
85.89161022041844
 30
0.0
 11
14.61862393546353
 21
15.39161022041846
 31
0.0
  0
LINE
  5
118
330
1F
100
AcDbEntity
  8
BLACK
  6
Continuous
100
AcDbLine
 10
14.61862393546353
 20
15.39161022041846
 30
0.0
 11
14.63093793546353
 21
15.15641022041845
 31
0.0
  0
LINE
  5
119
330
1F
100
AcDbEntity
  8
BLACK
  6
Continuous
100
AcDbLine
 10
14.63093793546353
 20
86.12681022041843
 30
0.0
 11
14.61862393546353
 21
85.89161022041844
 31
0.0
  0
LINE
  5
11A
330
1F
100
AcDbEntity
  8
BLACK
  6
Continuous
100
AcDbLine
 10
14.63093793546353
 20
15.15641022041845
 30
0.0
 11
14.66778793546353
 21
14.92381022041846
 31
0.0
  0
LINE
  5
11B
330
1F
100
AcDbEntity
  8
BLACK
  6
Continuous
100
AcDbLine
 10
14.66778793546353
 20
86.35941022041844
 30
0.0
 11
14.63093793546353
 21
86.12681022041843
 31
0.0
  0
LINE
  5
11C
330
1F
100
AcDbEntity
  8
BLACK
  6
Continuous
100
AcDbLine
 10
14.66778793546353
 20
14.92381022041846
 30
0.0
 11
14.72874693546353
 21
14.69631022041845
 31
0.0
  0
LINE
  5
11D
330
1F
100
AcDbEntity
  8
BLACK
  6
Continuous
100
AcDbLine
 10
14.72874693546353
 20
86.58691022041845
 30
0.0
 11
14.66778793546353
 21
86.35941022041844
 31
0.0
  0
LINE
  5
11E
330
1F
100
AcDbEntity
  8
BLACK
  6
Continuous
100
AcDbLine
 10
14.72874693546353
 20
14.69631022041845
 30
0.0
 11
14.81314293546353
 21
14.47641022041846
 31
0.0
  0
LINE
  5
11F
330
1F
100
AcDbEntity
  8
BLACK
  6
Continuous
100
AcDbLine
 10
14.81314293546353
 20
86.80677022041844
 30
0.0
 11
14.72874693546353
 21
86.58691022041845
 31
0.0
  0
LINE
  5
120
330
1F
100
AcDbEntity
  8
BLACK
  6
Continuous
100
AcDbLine
 10
14.81314293546353
 20
14.47641022041846
 30
0.0
 11
14.92006093546353
 21
14.26661022041846
 31
0.0
  0
LINE
  5
121
330
1F
100
AcDbEntity
  8
BLACK
  6
Continuous
100
AcDbLine
 10
14.92006093546353
 20
87.01661022041844
 30
0.0
 11
14.81314293546353
 21
86.80677022041844
 31
0.0
  0
LINE
  5
122
330
1F
100
AcDbEntity
  8
BLACK
  6
Continuous
100
AcDbLine
 10
14.92006093546353
 20
14.26661022041846
 30
0.0
 11
15.04832693546353
 21
14.06911022041845
 31
0.0
  0
LINE
  5
123
330
1F
100
AcDbEntity
  8
BLACK
  6
Continuous
100
AcDbLine
 10
15.04832693546353
 20
87.21413522041844
 30
0.0
 11
14.92006093546353
 21
87.01661022041844
 31
0.0
  0
LINE
  5
124
330
1F
100
AcDbEntity
  8
BLACK
  6
Continuous
100
AcDbLine
 10
15.04832693546353
 20
14.06911022041845
 30
0.0
 11
15.19653493546353
 21
13.88601022041846
 31
0.0
  0
LINE
  5
125
330
1F
100
AcDbEntity
  8
BLACK
  6
Continuous
100
AcDbLine
 10
15.19653493546353
 20
87.39716422041845
 30
0.0
 11
15.04832693546353
 21
87.21413522041844
 31
0.0
  0
LINE
  5
126
330
1F
100
AcDbEntity
  8
BLACK
  6
Continuous
100
AcDbLine
 10
15.19653493546353
 20
13.88601022041846
 30
0.0
 11
15.36306993546353
 21
13.71951022041846
 31
0.0
  0
LINE
  5
127
330
1F
100
AcDbEntity
  8
BLACK
  6
Continuous
100
AcDbLine
 10
15.36306993546353
 20
87.56369922041844
 30
0.0
 11
15.19653493546353
 21
87.39716422041845
 31
0.0
  0
LINE
  5
128
330
1F
100
AcDbEntity
  8
BLACK
  6
Continuous
100
AcDbLine
 10
15.36306993546353
 20
13.71951022041846
 30
0.0
 11
15.54609893546353
 21
13.57131022041845
 31
0.0
  0
LINE
  5
129
330
1F
100
AcDbEntity
  8
BLACK
  6
Continuous
100
AcDbLine
 10
15.54609893546353
 20
87.71190722041844
 30
0.0
 11
15.36306993546353
 21
87.56369922041844
 31
0.0
  0
LINE
  5
12A
330
1F
100
AcDbEntity
  8
BLACK
  6
Continuous
100
AcDbLine
 10
15.54609893546353
 20
13.57131022041845
 30
0.0
 11
15.74362393546353
 21
13.44301022041846
 31
0.0
  0
LINE
  5
12B
330
1F
100
AcDbEntity
  8
BLACK
  6
Continuous
100
AcDbLine
 10
15.74362393546353
 20
87.84017322041845
 30
0.0
 11
15.54609893546353
 21
87.71190722041844
 31
0.0
  0
LINE
  5
12C
330
1F
100
AcDbEntity
  8
BLACK
  6
Continuous
100
AcDbLine
 10
15.74362393546353
 20
13.44301022041846
 30
0.0
 11
15.95346393546353
 21
13.33611022041846
 31
0.0
  0
LINE
  5
12D
330
1F
100
AcDbEntity
  8
BLACK
  6
Continuous
100
AcDbLine
 10
15.95346393546353
 20
87.94709122041844
 30
0.0
 11
15.74362393546353
 21
87.84017322041845
 31
0.0
  0
LINE
  5
12E
330
1F
100
AcDbEntity
  8
BLACK
  6
Continuous
100
AcDbLine
 10
15.95346393546353
 20
13.33611022041846
 30
0.0
 11
16.17332393546352
 21
13.25171022041846
 31
0.0
  0
LINE
  5
12F
330
1F
100
AcDbEntity
  8
BLACK
  6
Continuous
100
AcDbLine
 10
16.17332393546352
 20
88.03148722041844
 30
0.0
 11
15.95346393546353
 21
87.94709122041844
 31
0.0
  0
LINE
  5
130
330
1F
100
AcDbEntity
  8
BLACK
  6
Continuous
100
AcDbLine
 10
16.17332393546352
 20
13.25171022041846
 30
0.0
 11
16.40082393546352
 21
13.19081022041846
 31
0.0
  0
LINE
  5
131
330
1F
100
AcDbEntity
  8
BLACK
  6
Continuous
100
AcDbLine
 10
16.40082393546352
 20
88.09244622041844
 30
0.0
 11
16.17332393546352
 21
88.03148722041844
 31
0.0
  0
LINE
  5
132
330
1F
100
AcDbEntity
  8
BLACK
  6
Continuous
100
AcDbLine
 10
16.40082393546352
 20
13.19081022041846
 30
0.0
 11
16.63342393546352
 21
13.15391022041845
 31
0.0
  0
LINE
  5
133
330
1F
100
AcDbEntity
  8
BLACK
  6
Continuous
100
AcDbLine
 10
16.63342393546352
 20
88.12929622041844
 30
0.0
 11
16.40082393546352
 21
88.09244622041844
 31
0.0
  0
LINE
  5
134
330
1F
100
AcDbEntity
  8
BLACK
  6
Continuous
100
AcDbLine
 10
16.63342393546352
 20
13.15391022041845
 30
0.0
 11
16.86862393546352
 21
13.14161022041846
 31
0.0
  0
LINE
  5
135
330
1F
100
AcDbEntity
  8
BLACK
  6
Continuous
100
AcDbLine
 10
16.86862393546352
 20
88.14161022041844
 30
0.0
 11
16.63342393546352
 21
88.12929622041844
 31
0.0
  0
LINE
  5
136
330
1F
100
AcDbEntity
  8
BLACK
  6
Continuous
100
AcDbLine
 10
16.86862393546353
 20
13.14161022041846
 30
0.0
 11
241.8186239354635
 21
13.14161022041846
 31
0.0
  0
LINE
  5
137
330
1F
100
AcDbEntity
  8
BLACK
  6
Continuous
100
AcDbLine
 10
241.8186239354635
 20
88.14161022041846
 30
0.0
 11
16.8686239354635
 21
88.14161022041846
 31
0.0
  0
LINE
  5
138
330
1F
100
AcDbEntity
  8
BLACK
  6
Continuous
100
AcDbLine
 10
241.8186239354635
 20
13.14161022041846
 30
0.0
 11
242.0536239354635
 21
13.15391022041845
 31
0.0
  0
LINE
  5
139
330
1F
100
AcDbEntity
  8
BLACK
  6
Continuous
100
AcDbLine
 10
242.0536239354635
 20
88.12929622041845
 30
0.0
 11
241.8186239354635
 21
88.14161022041846
 31
0.0
  0
LINE
  5
13A
330
1F
100
AcDbEntity
  8
BLACK
  6
Continuous
100
AcDbLine
 10
242.0536239354635
 20
13.15391022041845
 30
0.0
 11
242.2866239354635
 21
13.19081022041846
 31
0.0
  0
LINE
  5
13B
330
1F
100
AcDbEntity
  8
BLACK
  6
Continuous
100
AcDbLine
 10
242.2866239354635
 20
88.09244622041845
 30
0.0
 11
242.0536239354635
 21
88.12929622041845
 31
0.0
  0
LINE
  5
13C
330
1F
100
AcDbEntity
  8
BLACK
  6
Continuous
100
AcDbLine
 10
242.2866239354635
 20
13.19081022041846
 30
0.0
 11
242.5136239354636
 21
13.25171022041846
 31
0.0
  0
LINE
  5
13D
330
1F
100
AcDbEntity
  8
BLACK
  6
Continuous
100
AcDbLine
 10
242.5136239354636
 20
88.03148722041846
 30
0.0
 11
242.2866239354635
 21
88.09244622041845
 31
0.0
  0
LINE
  5
13E
330
1F
100
AcDbEntity
  8
BLACK
  6
Continuous
100
AcDbLine
 10
242.5136239354636
 20
13.25171022041846
 30
0.0
 11
242.7336239354635
 21
13.33611022041846
 31
0.0
  0
LINE
  5
13F
330
1F
100
AcDbEntity
  8
BLACK
  6
Continuous
100
AcDbLine
 10
242.7336239354635
 20
87.94709122041846
 30
0.0
 11
242.5136239354636
 21
88.03148722041846
 31
0.0
  0
LINE
  5
140
330
1F
100
AcDbEntity
  8
BLACK
  6
Continuous
100
AcDbLine
 10
242.7336239354635
 20
13.33611022041846
 30
0.0
 11
242.9436239354635
 21
13.44301022041846
 31
0.0
  0
LINE
  5
141
330
1F
100
AcDbEntity
  8
BLACK
  6
Continuous
100
AcDbLine
 10
242.9436239354635
 20
87.84017322041845
 30
0.0
 11
242.7336239354635
 21
87.94709122041846
 31
0.0
  0
LINE
  5
142
330
1F
100
AcDbEntity
  8
BLACK
  6
Continuous
100
AcDbLine
 10
242.9436239354635
 20
13.44301022041846
 30
0.0
 11
243.1416239354635
 21
13.57131022041845
 31
0.0
  0
LINE
  5
143
330
1F
100
AcDbEntity
  8
BLACK
  6
Continuous
100
AcDbLine
 10
243.1416239354635
 20
87.71190722041845
 30
0.0
 11
242.9436239354635
 21
87.84017322041845
 31
0.0
  0
LINE
  5
144
330
1F
100
AcDbEntity
  8
BLACK
  6
Continuous
100
AcDbLine
 10
243.1416239354635
 20
13.57131022041845
 30
0.0
 11
243.3246239354635
 21
13.71951022041846
 31
0.0
  0
LINE
  5
145
330
1F
100
AcDbEntity
  8
BLACK
  6
Continuous
100
AcDbLine
 10
243.3246239354635
 20
87.56369922041846
 30
0.0
 11
243.1416239354635
 21
87.71190722041845
 31
0.0
  0
LINE
  5
146
330
1F
100
AcDbEntity
  8
BLACK
  6
Continuous
100
AcDbLine
 10
243.3246239354635
 20
13.71951022041846
 30
0.0
 11
243.4906239354635
 21
13.88601022041846
 31
0.0
  0
LINE
  5
147
330
1F
100
AcDbEntity
  8
BLACK
  6
Continuous
100
AcDbLine
 10
243.4906239354635
 20
87.39716422041846
 30
0.0
 11
243.3246239354635
 21
87.56369922041846
 31
0.0
  0
LINE
  5
148
330
1F
100
AcDbEntity
  8
BLACK
  6
Continuous
100
AcDbLine
 10
243.4906239354635
 20
13.88601022041846
 30
0.0
 11
243.6386239354636
 21
14.06911022041845
 31
0.0
  0
LINE
  5
149
330
1F
100
AcDbEntity
  8
BLACK
  6
Continuous
100
AcDbLine
 10
243.6386239354636
 20
87.21413522041846
 30
0.0
 11
243.4906239354635
 21
87.39716422041846
 31
0.0
  0
LINE
  5
14A
330
1F
100
AcDbEntity
  8
BLACK
  6
Continuous
100
AcDbLine
 10
243.6386239354636
 20
14.06911022041845
 30
0.0
 11
243.7676239354635
 21
14.26661022041846
 31
0.0
  0
LINE
  5
14B
330
1F
100
AcDbEntity
  8
BLACK
  6
Continuous
100
AcDbLine
 10
243.7676239354635
 20
87.01661022041846
 30
0.0
 11
243.6386239354636
 21
87.21413522041846
 31
0.0
  0
LINE
  5
14C
330
1F
100
AcDbEntity
  8
BLACK
  6
Continuous
100
AcDbLine
 10
243.7676239354635
 20
14.26661022041846
 30
0.0
 11
243.8736239354635
 21
14.47641022041846
 31
0.0
  0
LINE
  5
14D
330
1F
100
AcDbEntity
  8
BLACK
  6
Continuous
100
AcDbLine
 10
243.8736239354635
 20
86.80677022041846
 30
0.0
 11
243.7676239354635
 21
87.01661022041846
 31
0.0
  0
LINE
  5
14E
330
1F
100
AcDbEntity
  8
BLACK
  6
Continuous
100
AcDbLine
 10
243.8736239354635
 20
14.47641022041846
 30
0.0
 11
243.9586239354635
 21
14.69631022041845
 31
0.0
  0
LINE
  5
14F
330
1F
100
AcDbEntity
  8
BLACK
  6
Continuous
100
AcDbLine
 10
243.9586239354635
 20
86.58691022041845
 30
0.0
 11
243.8736239354635
 21
86.80677022041846
 31
0.0
  0
LINE
  5
150
330
1F
100
AcDbEntity
  8
BLACK
  6
Continuous
100
AcDbLine
 10
243.9586239354635
 20
14.69631022041845
 30
0.0
 11
244.0196239354635
 21
14.92381022041846
 31
0.0
  0
LINE
  5
151
330
1F
100
AcDbEntity
  8
BLACK
  6
Continuous
100
AcDbLine
 10
244.0196239354635
 20
86.35941022041845
 30
0.0
 11
243.9586239354635
 21
86.58691022041845
 31
0.0
  0
LINE
  5
152
330
1F
100
AcDbEntity
  8
BLACK
  6
Continuous
100
AcDbLine
 10
244.0196239354635
 20
14.92381022041846
 30
0.0
 11
244.0566239354635
 21
15.15641022041845
 31
0.0
  0
LINE
  5
153
330
1F
100
AcDbEntity
  8
BLACK
  6
Continuous
100
AcDbLine
 10
244.0566239354635
 20
86.12681022041845
 30
0.0
 11
244.0196239354635
 21
86.35941022041845
 31
0.0
  0
LINE
  5
154
330
1F
100
AcDbEntity
  8
BLACK
  6
Continuous
100
AcDbLine
 10
244.0566239354635
 20
15.15641022041845
 30
0.0
 11
244.0686239354635
 21
15.39161022041846
 31
0.0
  0
LINE
  5
155
330
1F
100
AcDbEntity
  8
BLACK
  6
Continuous
100
AcDbLine
 10
244.0686239354635
 20
85.89161022041846
 30
0.0
 11
244.0566239354635
 21
86.12681022041845
 31
0.0
  0
LINE
  5
156
330
1F
100
AcDbEntity
  8
BLACK
  6
Continuous
100
AcDbLine
 10
244.0686239354635
 20
15.39161022041846
 30
0.0
 11
244.0686239354635
 21
85.89161022041846
 31
0.0
  0
LINE
  5
157
330
1F
100
AcDbEntity
  8
0
100
AcDbLine
 10
18.06862393546349
 20
86.64161022041846
 30
0.0
 11
31.06862393546349
 21
86.64161022041846
 31
0.0
  0
LINE
  5
158
330
1F
100
AcDbEntity
  8
0
100
AcDbLine
 10
18.06862393546349
 20
72.64161022041846
 30
0.0
 11
31.06862393546349
 21
72.64161022041846
 31
0.0
  0
LINE
  5
159
330
1F
100
AcDbEntity
  8
0
100
AcDbLine
 10
17.5686239354635
 20
86.14161022041844
 30
0.0
 11
17.5686239354635
 21
73.14161022041844
 31
0.0
  0
LINE
  5
15A
330
1F
100
AcDbEntity
  8
0
100
AcDbLine
 10
31.56862393546349
 20
86.14161022041846
 30
0.0
 11
31.56862393546349
 21
73.14161022041846
 31
0.0
  0
ARC
  5
15B
330
1F
100
AcDbEntity
  8
0
100
AcDbCircle
 10
18.0686239354635
 20
86.14161022041844
 30
0.0
 40
0.5
100
AcDbArc
 50
90.0
 51
180.0
  0
ARC
  5
15C
330
1F
100
AcDbEntity
  8
0
100
AcDbCircle
 10
31.06862393546349
 20
86.14161022041846
 30
0.0
 40
0.4999999999999999
100
AcDbArc
 50
0.0000000000016284
 51
90.0
  0
ARC
  5
15D
330
1F
100
AcDbEntity
  8
0
100
AcDbCircle
 10
18.0686239354635
 20
73.14161022041844
 30
0.0
 40
0.5
100
AcDbArc
 50
180.0
 51
270.0
  0
ARC
  5
15E
330
1F
100
AcDbEntity
  8
0
100
AcDbCircle
 10
31.06862393546349
 20
73.14161022041846
 30
0.0
 40
0.4999999999999999
100
AcDbArc
 50
270.0
 51
0.0
  0
LINE
  5
15F
330
1F
100
AcDbEntity
  8
0
100
AcDbLine
 10
37.1186239354635
 20
86.64161022041846
 30
0.0
 11
50.1186239354635
 21
86.64161022041846
 31
0.0
  0
LINE
  5
160
330
1F
100
AcDbEntity
  8
0
100
AcDbLine
 10
37.1186239354635
 20
72.64161022041846
 30
0.0
 11
50.1186239354635
 21
72.64161022041846
 31
0.0
  0
LINE
  5
161
330
1F
100
AcDbEntity
  8
0
100
AcDbLine
 10
36.6186239354635
 20
86.14161022041846
 30
0.0
 11
36.6186239354635
 21
73.14161022041846
 31
0.0
  0
LINE
  5
162
330
1F
100
AcDbEntity
  8
0
100
AcDbLine
 10
50.6186239354635
 20
86.14161022041846
 30
0.0
 11
50.6186239354635
 21
73.14161022041846
 31
0.0
  0
ARC
  5
163
330
1F
100
AcDbEntity
  8
0
100
AcDbCircle
 10
37.1186239354635
 20
86.14161022041846
 30
0.0
 40
0.4999999999999999
100
AcDbArc
 50
90.0
 51
180.0
  0
ARC
  5
164
330
1F
100
AcDbEntity
  8
0
100
AcDbCircle
 10
50.1186239354635
 20
86.14161022041846
 30
0.0
 40
0.4999999999999999
100
AcDbArc
 50
0.0
 51
90.0
  0
ARC
  5
165
330
1F
100
AcDbEntity
  8
0
100
AcDbCircle
 10
37.1186239354635
 20
73.14161022041846
 30
0.0
 40
0.4999999999999999
100
AcDbArc
 50
180.0
 51
270.0
  0
ARC
  5
166
330
1F
100
AcDbEntity
  8
0
100
AcDbCircle
 10
50.1186239354635
 20
73.14161022041846
 30
0.0
 40
0.4999999999999999
100
AcDbArc
 50
270.0
 51
0.0
  0
LINE
  5
167
330
1F
100
AcDbEntity
  8
0
100
AcDbLine
 10
56.16862393546351
 20
86.64161022041846
 30
0.0
 11
69.16862393546351
 21
86.64161022041846
 31
0.0
  0
LINE
  5
168
330
1F
100
AcDbEntity
  8
0
100
AcDbLine
 10
56.16862393546351
 20
72.64161022041846
 30
0.0
 11
69.16862393546351
 21
72.64161022041846
 31
0.0
  0
LINE
  5
169
330
1F
100
AcDbEntity
  8
0
100
AcDbLine
 10
55.66862393546351
 20
86.14161022041846
 30
0.0
 11
55.66862393546351
 21
73.14161022041846
 31
0.0
  0
LINE
  5
16A
330
1F
100
AcDbEntity
  8
0
100
AcDbLine
 10
69.66862393546351
 20
86.14161022041846
 30
0.0
 11
69.66862393546351
 21
73.14161022041846
 31
0.0
  0
ARC
  5
16B
330
1F
100
AcDbEntity
  8
0
100
AcDbCircle
 10
56.16862393546351
 20
86.14161022041846
 30
0.0
 40
0.4999999999999999
100
AcDbArc
 50
90.0
 51
180.0
  0
ARC
  5
16C
330
1F
100
AcDbEntity
  8
0
100
AcDbCircle
 10
69.16862393546351
 20
86.14161022041846
 30
0.0
 40
0.4999999999999999
100
AcDbArc
 50
0.0000000000016284
 51
90.0
  0
ARC
  5
16D
330
1F
100
AcDbEntity
  8
0
100
AcDbCircle
 10
56.16862393546351
 20
73.14161022041846
 30
0.0
 40
0.4999999999999999
100
AcDbArc
 50
179.9999999999984
 51
270.0
  0
ARC
  5
16E
330
1F
100
AcDbEntity
  8
0
100
AcDbCircle
 10
69.16862393546351
 20
73.14161022041846
 30
0.0
 40
0.4999999999999999
100
AcDbArc
 50
270.0
 51
0.0
  0
LINE
  5
16F
330
1F
100
AcDbEntity
  8
0
100
AcDbLine
 10
75.21862393546353
 20
86.64161022041846
 30
0.0
 11
88.21862393546353
 21
86.64161022041846
 31
0.0
  0
LINE
  5
170
330
1F
100
AcDbEntity
  8
0
100
AcDbLine
 10
75.21862393546353
 20
72.64161022041846
 30
0.0
 11
88.21862393546353
 21
72.64161022041846
 31
0.0
  0
LINE
  5
171
330
1F
100
AcDbEntity
  8
0
100
AcDbLine
 10
74.71862393546353
 20
86.14161022041846
 30
0.0
 11
74.71862393546353
 21
73.14161022041846
 31
0.0
  0
LINE
  5
172
330
1F
100
AcDbEntity
  8
0
100
AcDbLine
 10
88.71862393546353
 20
86.14161022041846
 30
0.0
 11
88.71862393546353
 21
73.14161022041846
 31
0.0
  0
ARC
  5
173
330
1F
100
AcDbEntity
  8
0
100
AcDbCircle
 10
75.21862393546353
 20
86.14161022041846
 30
0.0
 40
0.4999999999999999
100
AcDbArc
 50
90.0
 51
180.0
  0
ARC
  5
174
330
1F
100
AcDbEntity
  8
0
100
AcDbCircle
 10
88.21862393546353
 20
86.14161022041846
 30
0.0
 40
0.4999999999999999
100
AcDbArc
 50
0.0
 51
90.0
  0
ARC
  5
175
330
1F
100
AcDbEntity
  8
0
100
AcDbCircle
 10
75.21862393546353
 20
73.14161022041846
 30
0.0
 40
0.4999999999999999
100
AcDbArc
 50
180.0
 51
270.0
  0
ARC
  5
176
330
1F
100
AcDbEntity
  8
0
100
AcDbCircle
 10
88.21862393546353
 20
73.14161022041846
 30
0.0
 40
0.4999999999999999
100
AcDbArc
 50
270.0
 51
0.0
  0
LINE
  5
177
330
1F
100
AcDbEntity
  8
0
100
AcDbLine
 10
94.26862393546354
 20
86.64161022041846
 30
0.0
 11
107.2686239354635
 21
86.64161022041846
 31
0.0
  0
LINE
  5
178
330
1F
100
AcDbEntity
  8
0
100
AcDbLine
 10
94.26862393546354
 20
72.64161022041846
 30
0.0
 11
107.2686239354635
 21
72.64161022041846
 31
0.0
  0
LINE
  5
179
330
1F
100
AcDbEntity
  8
0
100
AcDbLine
 10
93.76862393546354
 20
86.14161022041846
 30
0.0
 11
93.76862393546354
 21
73.14161022041846
 31
0.0
  0
LINE
  5
17A
330
1F
100
AcDbEntity
  8
0
100
AcDbLine
 10
107.7686239354635
 20
86.14161022041846
 30
0.0
 11
107.7686239354635
 21
73.14161022041846
 31
0.0
  0
ARC
  5
17B
330
1F
100
AcDbEntity
  8
0
100
AcDbCircle
 10
94.26862393546354
 20
86.14161022041846
 30
0.0
 40
0.4999999999999999
100
AcDbArc
 50
90.0
 51
180.0
  0
ARC
  5
17C
330
1F
100
AcDbEntity
  8
0
100
AcDbCircle
 10
107.2686239354635
 20
86.14161022041846
 30
0.0
 40
0.4999999999999999
100
AcDbArc
 50
0.0
 51
90.0
  0
ARC
  5
17D
330
1F
100
AcDbEntity
  8
0
100
AcDbCircle
 10
94.26862393546354
 20
73.14161022041846
 30
0.0
 40
0.4999999999999999
100
AcDbArc
 50
180.0
 51
270.0
  0
ARC
  5
17E
330
1F
100
AcDbEntity
  8
0
100
AcDbCircle
 10
107.2686239354635
 20
73.14161022041846
 30
0.0
 40
0.4999999999999999
100
AcDbArc
 50
270.0
 51
0.0
  0
LINE
  5
17F
330
1F
100
AcDbEntity
  8
0
100
AcDbLine
 10
113.3186239354635
 20
86.64161022041846
 30
0.0
 11
126.3186239354634
 21
86.64161022041846
 31
0.0
  0
LINE
  5
180
330
1F
100
AcDbEntity
  8
0
100
AcDbLine
 10
113.3186239354635
 20
72.64161022041846
 30
0.0
 11
126.3186239354634
 21
72.64161022041846
 31
0.0
  0
LINE
  5
181
330
1F
100
AcDbEntity
  8
0
100
AcDbLine
 10
112.8186239354635
 20
86.14161022041846
 30
0.0
 11
112.8186239354635
 21
73.14161022041846
 31
0.0
  0
LINE
  5
182
330
1F
100
AcDbEntity
  8
0
100
AcDbLine
 10
126.8186239354634
 20
86.14161022041846
 30
0.0
 11
126.8186239354634
 21
73.14161022041846
 31
0.0
  0
ARC
  5
183
330
1F
100
AcDbEntity
  8
0
100
AcDbCircle
 10
113.3186239354635
 20
86.14161022041846
 30
0.0
 40
0.4999999999999999
100
AcDbArc
 50
90.0
 51
180.0
  0
ARC
  5
184
330
1F
100
AcDbEntity
  8
0
100
AcDbCircle
 10
126.3186239354634
 20
86.14161022041846
 30
0.0
 40
0.4999999999999999
100
AcDbArc
 50
0.0
 51
90.0
  0
ARC
  5
185
330
1F
100
AcDbEntity
  8
0
100
AcDbCircle
 10
113.3186239354635
 20
73.14161022041846
 30
0.0
 40
0.4999999999999999
100
AcDbArc
 50
180.0000000000016
 51
270.0
  0
ARC
  5
186
330
1F
100
AcDbEntity
  8
0
100
AcDbCircle
 10
126.3186239354634
 20
73.14161022041846
 30
0.0
 40
0.4999999999999999
100
AcDbArc
 50
270.0
 51
0.0
  0
LINE
  5
187
330
1F
100
AcDbEntity
  8
0
100
AcDbLine
 10
132.3686239354636
 20
86.64161022041846
 30
0.0
 11
145.3686239354636
 21
86.64161022041846
 31
0.0
  0
LINE
  5
188
330
1F
100
AcDbEntity
  8
0
100
AcDbLine
 10
132.3686239354636
 20
72.64161022041846
 30
0.0
 11
145.3686239354636
 21
72.64161022041846
 31
0.0
  0
LINE
  5
189
330
1F
100
AcDbEntity
  8
0
100
AcDbLine
 10
131.8686239354636
 20
86.14161022041846
 30
0.0
 11
131.8686239354636
 21
73.14161022041846
 31
0.0
  0
LINE
  5
18A
330
1F
100
AcDbEntity
  8
0
100
AcDbLine
 10
145.8686239354636
 20
86.14161022041846
 30
0.0
 11
145.8686239354636
 21
73.14161022041846
 31
0.0
  0
ARC
  5
18B
330
1F
100
AcDbEntity
  8
0
100
AcDbCircle
 10
132.3686239354636
 20
86.14161022041846
 30
0.0
 40
0.4999999999999999
100
AcDbArc
 50
90.0
 51
180.0000000000016
  0
ARC
  5
18C
330
1F
100
AcDbEntity
  8
0
100
AcDbCircle
 10
145.3686239354636
 20
86.14161022041846
 30
0.0
 40
0.4999999999999999
100
AcDbArc
 50
0.0
 51
90.0
  0
ARC
  5
18D
330
1F
100
AcDbEntity
  8
0
100
AcDbCircle
 10
132.3686239354636
 20
73.14161022041846
 30
0.0
 40
0.4999999999999999
100
AcDbArc
 50
180.0
 51
270.0
  0
ARC
  5
18E
330
1F
100
AcDbEntity
  8
0
100
AcDbCircle
 10
145.3686239354636
 20
73.14161022041846
 30
0.0
 40
0.4999999999999999
100
AcDbArc
 50
270.0
 51
0.0
  0
LINE
  5
18F
330
1F
100
AcDbEntity
  8
0
100
AcDbLine
 10
151.4186239354635
 20
86.64161022041846
 30
0.0
 11
164.4186239354635
 21
86.64161022041846
 31
0.0
  0
LINE
  5
190
330
1F
100
AcDbEntity
  8
0
100
AcDbLine
 10
151.4186239354635
 20
72.64161022041846
 30
0.0
 11
164.4186239354635
 21
72.64161022041846
 31
0.0
  0
LINE
  5
191
330
1F
100
AcDbEntity
  8
0
100
AcDbLine
 10
150.9186239354635
 20
86.14161022041846
 30
0.0
 11
150.9186239354635
 21
73.14161022041846
 31
0.0
  0
LINE
  5
192
330
1F
100
AcDbEntity
  8
0
100
AcDbLine
 10
164.9186239354635
 20
86.14161022041846
 30
0.0
 11
164.9186239354635
 21
73.14161022041846
 31
0.0
  0
ARC
  5
193
330
1F
100
AcDbEntity
  8
0
100
AcDbCircle
 10
151.4186239354635
 20
86.14161022041846
 30
0.0
 40
0.4999999999999999
100
AcDbArc
 50
90.0
 51
180.0000000000016
  0
ARC
  5
194
330
1F
100
AcDbEntity
  8
0
100
AcDbCircle
 10
164.4186239354635
 20
86.14161022041846
 30
0.0
 40
0.4999999999999999
100
AcDbArc
 50
0.0
 51
90.0
  0
ARC
  5
195
330
1F
100
AcDbEntity
  8
0
100
AcDbCircle
 10
151.4186239354635
 20
73.14161022041846
 30
0.0
 40
0.4999999999999999
100
AcDbArc
 50
180.0
 51
270.0
  0
ARC
  5
196
330
1F
100
AcDbEntity
  8
0
100
AcDbCircle
 10
164.4186239354635
 20
73.14161022041846
 30
0.0
 40
0.4999999999999999
100
AcDbArc
 50
270.0
 51
0.0
  0
LINE
  5
197
330
1F
100
AcDbEntity
  8
0
100
AcDbLine
 10
170.4686239354635
 20
86.64161022041846
 30
0.0
 11
183.4686239354635
 21
86.64161022041846
 31
0.0
  0
LINE
  5
198
330
1F
100
AcDbEntity
  8
0
100
AcDbLine
 10
170.4686239354635
 20
72.64161022041846
 30
0.0
 11
183.4686239354635
 21
72.64161022041846
 31
0.0
  0
LINE
  5
199
330
1F
100
AcDbEntity
  8
0
100
AcDbLine
 10
169.9686239354635
 20
86.14161022041846
 30
0.0
 11
169.9686239354635
 21
73.14161022041846
 31
0.0
  0
LINE
  5
19A
330
1F
100
AcDbEntity
  8
0
100
AcDbLine
 10
183.9686239354635
 20
86.14161022041846
 30
0.0
 11
183.9686239354635
 21
73.14161022041846
 31
0.0
  0
ARC
  5
19B
330
1F
100
AcDbEntity
  8
0
100
AcDbCircle
 10
170.4686239354635
 20
86.14161022041846
 30
0.0
 40
0.4999999999999999
100
AcDbArc
 50
90.0
 51
180.0
  0
ARC
  5
19C
330
1F
100
AcDbEntity
  8
0
100
AcDbCircle
 10
183.4686239354635
 20
86.14161022041846
 30
0.0
 40
0.4999999999999999
100
AcDbArc
 50
0.0
 51
90.0
  0
ARC
  5
19D
330
1F
100
AcDbEntity
  8
0
100
AcDbCircle
 10
170.4686239354635
 20
73.14161022041846
 30
0.0
 40
0.4999999999999999
100
AcDbArc
 50
180.0
 51
270.0
  0
ARC
  5
19E
330
1F
100
AcDbEntity
  8
0
100
AcDbCircle
 10
183.4686239354635
 20
73.14161022041846
 30
0.0
 40
0.4999999999999999
100
AcDbArc
 50
270.0
 51
0.0
  0
LINE
  5
19F
330
1F
100
AcDbEntity
  8
0
100
AcDbLine
 10
189.5186239354636
 20
86.64161022041846
 30
0.0
 11
202.5186239354636
 21
86.64161022041846
 31
0.0
  0
LINE
  5
1A0
330
1F
100
AcDbEntity
  8
0
100
AcDbLine
 10
189.5186239354636
 20
72.64161022041846
 30
0.0
 11
202.5186239354636
 21
72.64161022041846
 31
0.0
  0
LINE
  5
1A1
330
1F
100
AcDbEntity
  8
0
100
AcDbLine
 10
189.0186239354636
 20
86.14161022041846
 30
0.0
 11
189.0186239354636
 21
73.14161022041846
 31
0.0
  0
LINE
  5
1A2
330
1F
100
AcDbEntity
  8
0
100
AcDbLine
 10
203.0186239354636
 20
86.14161022041846
 30
0.0
 11
203.0186239354636
 21
73.14161022041846
 31
0.0
  0
ARC
  5
1A3
330
1F
100
AcDbEntity
  8
0
100
AcDbCircle
 10
189.5186239354636
 20
86.14161022041846
 30
0.0
 40
0.4999999999999999
100
AcDbArc
 50
90.0
 51
180.0
  0
ARC
  5
1A4
330
1F
100
AcDbEntity
  8
0
100
AcDbCircle
 10
202.5186239354636
 20
86.14161022041846
 30
0.0
 40
0.4999999999999999
100
AcDbArc
 50
0.0
 51
90.0
  0
ARC
  5
1A5
330
1F
100
AcDbEntity
  8
0
100
AcDbCircle
 10
189.5186239354636
 20
73.14161022041846
 30
0.0
 40
0.4999999999999999
100
AcDbArc
 50
180.0
 51
270.0
  0
ARC
  5
1A6
330
1F
100
AcDbEntity
  8
0
100
AcDbCircle
 10
202.5186239354636
 20
73.14161022041846
 30
0.0
 40
0.4999999999999999
100
AcDbArc
 50
270.0
 51
0.0
  0
LINE
  5
1A7
330
1F
100
AcDbEntity
  8
0
100
AcDbLine
 10
208.5686239354634
 20
86.64161022041846
 30
0.0
 11
221.5686239354634
 21
86.64161022041846
 31
0.0
  0
LINE
  5
1A8
330
1F
100
AcDbEntity
  8
0
100
AcDbLine
 10
208.5686239354634
 20
72.64161022041846
 30
0.0
 11
221.5686239354634
 21
72.64161022041846
 31
0.0
  0
LINE
  5
1A9
330
1F
100
AcDbEntity
  8
0
100
AcDbLine
 10
208.0686239354634
 20
86.14161022041846
 30
0.0
 11
208.0686239354634
 21
73.14161022041846
 31
0.0
  0
LINE
  5
1AA
330
1F
100
AcDbEntity
  8
0
100
AcDbLine
 10
222.0686239354634
 20
86.14161022041846
 30
0.0
 11
222.0686239354634
 21
73.14161022041846
 31
0.0
  0
ARC
  5
1AB
330
1F
100
AcDbEntity
  8
0
100
AcDbCircle
 10
208.5686239354634
 20
86.14161022041846
 30
0.0
 40
0.4999999999999999
100
AcDbArc
 50
90.0
 51
180.0000000000016
  0
ARC
  5
1AC
330
1F
100
AcDbEntity
  8
0
100
AcDbCircle
 10
221.5686239354634
 20
86.14161022041846
 30
0.0
 40
0.4999999999999999
100
AcDbArc
 50
0.0
 51
90.0
  0
ARC
  5
1AD
330
1F
100
AcDbEntity
  8
0
100
AcDbCircle
 10
208.5686239354634
 20
73.14161022041846
 30
0.0
 40
0.4999999999999999
100
AcDbArc
 50
179.9999999999984
 51
270.0
  0
ARC
  5
1AE
330
1F
100
AcDbEntity
  8
0
100
AcDbCircle
 10
221.5686239354634
 20
73.14161022041846
 30
0.0
 40
0.4999999999999999
100
AcDbArc
 50
270.0
 51
0.0
  0
LINE
  5
1AF
330
1F
100
AcDbEntity
  8
0
100
AcDbLine
 10
227.6186239354636
 20
86.64161022041846
 30
0.0
 11
240.6186239354636
 21
86.64161022041846
 31
0.0
  0
LINE
  5
1B0
330
1F
100
AcDbEntity
  8
0
100
AcDbLine
 10
227.6186239354636
 20
72.64161022041846
 30
0.0
 11
240.6186239354636
 21
72.64161022041846
 31
0.0
  0
LINE
  5
1B1
330
1F
100
AcDbEntity
  8
0
100
AcDbLine
 10
227.1186239354636
 20
86.14161022041846
 30
0.0
 11
227.1186239354636
 21
73.14161022041846
 31
0.0
  0
LINE
  5
1B2
330
1F
100
AcDbEntity
  8
0
100
AcDbLine
 10
241.1186239354636
 20
86.14161022041846
 30
0.0
 11
241.1186239354636
 21
73.14161022041846
 31
0.0
  0
ARC
  5
1B3
330
1F
100
AcDbEntity
  8
0
100
AcDbCircle
 10
227.6186239354636
 20
86.14161022041846
 30
0.0
 40
0.4999999999999999
100
AcDbArc
 50
90.0
 51
180.0
  0
ARC
  5
1B4
330
1F
100
AcDbEntity
  8
0
100
AcDbCircle
 10
240.6186239354636
 20
86.14161022041846
 30
0.0
 40
0.4999999999999999
100
AcDbArc
 50
0.0
 51
90.0
  0
ARC
  5
1B5
330
1F
100
AcDbEntity
  8
0
100
AcDbCircle
 10
227.6186239354636
 20
73.14161022041846
 30
0.0
 40
0.4999999999999999
100
AcDbArc
 50
180.0
 51
270.0
  0
ARC
  5
1B6
330
1F
100
AcDbEntity
  8
0
100
AcDbCircle
 10
240.6186239354636
 20
73.14161022041846
 30
0.0
 40
0.4999999999999999
100
AcDbArc
 50
270.0
 51
0.0
  0
LINE
  5
1B7
330
1F
100
AcDbEntity
  8
0
100
AcDbLine
 10
20.44987393546351
 20
67.59161022041846
 30
0.0
 11
33.44987393546351
 21
67.59161022041846
 31
0.0
  0
LINE
  5
1B8
330
1F
100
AcDbEntity
  8
0
100
AcDbLine
 10
20.44987393546351
 20
53.59161022041846
 30
0.0
 11
33.44987393546351
 21
53.59161022041846
 31
0.0
  0
LINE
  5
1B9
330
1F
100
AcDbEntity
  8
0
100
AcDbLine
 10
19.94987393546351
 20
67.09161022041846
 30
0.0
 11
19.94987393546351
 21
54.09161022041845
 31
0.0
  0
LINE
  5
1BA
330
1F
100
AcDbEntity
  8
0
100
AcDbLine
 10
33.94987393546351
 20
67.09161022041846
 30
0.0
 11
33.94987393546351
 21
54.09161022041846
 31
0.0
  0
ARC
  5
1BB
330
1F
100
AcDbEntity
  8
0
100
AcDbCircle
 10
20.44987393546351
 20
67.09161022041846
 30
0.0
 40
0.5
100
AcDbArc
 50
90.0
 51
180.0
  0
ARC
  5
1BC
330
1F
100
AcDbEntity
  8
0
100
AcDbCircle
 10
33.44987393546351
 20
67.09161022041846
 30
0.0
 40
0.4999999999999999
100
AcDbArc
 50
0.0
 51
90.0
  0
ARC
  5
1BD
330
1F
100
AcDbEntity
  8
0
100
AcDbCircle
 10
20.44987393546351
 20
54.09161022041845
 30
0.0
 40
0.5
100
AcDbArc
 50
179.9999999999992
 51
270.0
  0
ARC
  5
1BE
330
1F
100
AcDbEntity
  8
0
100
AcDbCircle
 10
33.44987393546351
 20
54.09161022041846
 30
0.0
 40
0.4999999999999999
100
AcDbArc
 50
270.0
 51
0.0
  0
LINE
  5
1BF
330
1F
100
AcDbEntity
  8
0
100
AcDbLine
 10
41.88112393546349
 20
67.59161022041846
 30
0.0
 11
54.88112393546349
 21
67.59161022041846
 31
0.0
  0
LINE
  5
1C0
330
1F
100
AcDbEntity
  8
0
100
AcDbLine
 10
41.88112393546349
 20
53.59161022041846
 30
0.0
 11
54.88112393546349
 21
53.59161022041846
 31
0.0
  0
LINE
  5
1C1
330
1F
100
AcDbEntity
  8
0
100
AcDbLine
 10
41.38112393546349
 20
67.09161022041846
 30
0.0
 11
41.38112393546349
 21
54.09161022041846
 31
0.0
  0
LINE
  5
1C2
330
1F
100
AcDbEntity
  8
0
100
AcDbLine
 10
55.38112393546349
 20
67.09161022041846
 30
0.0
 11
55.38112393546349
 21
54.09161022041846
 31
0.0
  0
ARC
  5
1C3
330
1F
100
AcDbEntity
  8
0
100
AcDbCircle
 10
41.88112393546349
 20
67.09161022041846
 30
0.0
 40
0.4999999999999999
100
AcDbArc
 50
90.0
 51
180.0
  0
ARC
  5
1C4
330
1F
100
AcDbEntity
  8
0
100
AcDbCircle
 10
54.88112393546349
 20
67.09161022041846
 30
0.0
 40
0.4999999999999999
100
AcDbArc
 50
0.0
 51
90.0
  0
ARC
  5
1C5
330
1F
100
AcDbEntity
  8
0
100
AcDbCircle
 10
41.88112393546349
 20
54.09161022041846
 30
0.0
 40
0.4999999999999999
100
AcDbArc
 50
179.9999999999992
 51
270.0
  0
ARC
  5
1C6
330
1F
100
AcDbEntity
  8
0
100
AcDbCircle
 10
54.88112393546349
 20
54.09161022041846
 30
0.0
 40
0.4999999999999999
100
AcDbArc
 50
270.0
 51
359.9999999999992
  0
LINE
  5
1C7
330
1F
100
AcDbEntity
  8
0
100
AcDbLine
 10
60.9311239354635
 20
67.59161022041846
 30
0.0
 11
73.9311239354635
 21
67.59161022041846
 31
0.0
  0
LINE
  5
1C8
330
1F
100
AcDbEntity
  8
0
100
AcDbLine
 10
60.9311239354635
 20
53.59161022041846
 30
0.0
 11
73.9311239354635
 21
53.59161022041846
 31
0.0
  0
LINE
  5
1C9
330
1F
100
AcDbEntity
  8
0
100
AcDbLine
 10
60.4311239354635
 20
67.09161022041846
 30
0.0
 11
60.4311239354635
 21
54.09161022041846
 31
0.0
  0
LINE
  5
1CA
330
1F
100
AcDbEntity
  8
0
100
AcDbLine
 10
74.4311239354635
 20
67.09161022041846
 30
0.0
 11
74.4311239354635
 21
54.09161022041846
 31
0.0
  0
ARC
  5
1CB
330
1F
100
AcDbEntity
  8
0
100
AcDbCircle
 10
60.9311239354635
 20
67.09161022041846
 30
0.0
 40
0.4999999999999999
100
AcDbArc
 50
90.0
 51
180.0
  0
ARC
  5
1CC
330
1F
100
AcDbEntity
  8
0
100
AcDbCircle
 10
73.9311239354635
 20
67.09161022041846
 30
0.0
 40
0.4999999999999999
100
AcDbArc
 50
0.0
 51
90.0
  0
ARC
  5
1CD
330
1F
100
AcDbEntity
  8
0
100
AcDbCircle
 10
60.9311239354635
 20
54.09161022041846
 30
0.0
 40
0.4999999999999999
100
AcDbArc
 50
180.0
 51
270.0
  0
ARC
  5
1CE
330
1F
100
AcDbEntity
  8
0
100
AcDbCircle
 10
73.9311239354635
 20
54.09161022041846
 30
0.0
 40
0.4999999999999999
100
AcDbArc
 50
270.0
 51
0.0
  0
LINE
  5
1CF
330
1F
100
AcDbEntity
  8
0
100
AcDbLine
 10
79.98112393546351
 20
67.59161022041846
 30
0.0
 11
92.98112393546351
 21
67.59161022041846
 31
0.0
  0
LINE
  5
1D0
330
1F
100
AcDbEntity
  8
0
100
AcDbLine
 10
79.98112393546351
 20
53.59161022041846
 30
0.0
 11
92.98112393546351
 21
53.59161022041846
 31
0.0
  0
LINE
  5
1D1
330
1F
100
AcDbEntity
  8
0
100
AcDbLine
 10
79.48112393546351
 20
67.09161022041846
 30
0.0
 11
79.48112393546351
 21
54.09161022041846
 31
0.0
  0
LINE
  5
1D2
330
1F
100
AcDbEntity
  8
0
100
AcDbLine
 10
93.48112393546351
 20
67.09161022041846
 30
0.0
 11
93.48112393546351
 21
54.09161022041846
 31
0.0
  0
ARC
  5
1D3
330
1F
100
AcDbEntity
  8
0
100
AcDbCircle
 10
79.98112393546351
 20
67.09161022041846
 30
0.0
 40
0.4999999999999999
100
AcDbArc
 50
90.0
 51
180.0000000000016
  0
ARC
  5
1D4
330
1F
100
AcDbEntity
  8
0
100
AcDbCircle
 10
92.98112393546351
 20
67.09161022041846
 30
0.0
 40
0.4999999999999999
100
AcDbArc
 50
0.0
 51
90.0
  0
ARC
  5
1D5
330
1F
100
AcDbEntity
  8
0
100
AcDbCircle
 10
79.98112393546351
 20
54.09161022041846
 30
0.0
 40
0.4999999999999999
100
AcDbArc
 50
180.0
 51
270.0
  0
ARC
  5
1D6
330
1F
100
AcDbEntity
  8
0
100
AcDbCircle
 10
92.98112393546351
 20
54.09161022041846
 30
0.0
 40
0.4999999999999999
100
AcDbArc
 50
270.0
 51
0.0
  0
LINE
  5
1D7
330
1F
100
AcDbEntity
  8
0
100
AcDbLine
 10
99.03112393546353
 20
67.59161022041846
 30
0.0
 11
112.0311239354635
 21
67.59161022041846
 31
0.0
  0
LINE
  5
1D8
330
1F
100
AcDbEntity
  8
0
100
AcDbLine
 10
99.03112393546353
 20
53.59161022041846
 30
0.0
 11
112.0311239354635
 21
53.59161022041846
 31
0.0
  0
LINE
  5
1D9
330
1F
100
AcDbEntity
  8
0
100
AcDbLine
 10
98.53112393546353
 20
67.09161022041846
 30
0.0
 11
98.53112393546353
 21
54.09161022041846
 31
0.0
  0
LINE
  5
1DA
330
1F
100
AcDbEntity
  8
0
100
AcDbLine
 10
112.5311239354635
 20
67.09161022041846
 30
0.0
 11
112.5311239354635
 21
54.09161022041846
 31
0.0
  0
ARC
  5
1DB
330
1F
100
AcDbEntity
  8
0
100
AcDbCircle
 10
99.03112393546353
 20
67.09161022041846
 30
0.0
 40
0.4999999999999999
100
AcDbArc
 50
90.0
 51
180.0000000000016
  0
ARC
  5
1DC
330
1F
100
AcDbEntity
  8
0
100
AcDbCircle
 10
112.0311239354635
 20
67.09161022041846
 30
0.0
 40
0.4999999999999999
100
AcDbArc
 50
0.0
 51
90.0
  0
ARC
  5
1DD
330
1F
100
AcDbEntity
  8
0
100
AcDbCircle
 10
99.03112393546353
 20
54.09161022041846
 30
0.0
 40
0.4999999999999999
100
AcDbArc
 50
180.0
 51
270.0
  0
ARC
  5
1DE
330
1F
100
AcDbEntity
  8
0
100
AcDbCircle
 10
112.0311239354635
 20
54.09161022041846
 30
0.0
 40
0.4999999999999999
100
AcDbArc
 50
270.0
 51
0.0
  0
LINE
  5
1DF
330
1F
100
AcDbEntity
  8
0
100
AcDbLine
 10
118.0811239354635
 20
67.59161022041846
 30
0.0
 11
131.0811239354636
 21
67.59161022041846
 31
0.0
  0
LINE
  5
1E0
330
1F
100
AcDbEntity
  8
0
100
AcDbLine
 10
118.0811239354635
 20
53.59161022041846
 30
0.0
 11
131.0811239354636
 21
53.59161022041846
 31
0.0
  0
LINE
  5
1E1
330
1F
100
AcDbEntity
  8
0
100
AcDbLine
 10
117.5811239354635
 20
67.09161022041846
 30
0.0
 11
117.5811239354635
 21
54.09161022041846
 31
0.0
  0
LINE
  5
1E2
330
1F
100
AcDbEntity
  8
0
100
AcDbLine
 10
131.5811239354636
 20
67.09161022041846
 30
0.0
 11
131.5811239354636
 21
54.09161022041846
 31
0.0
  0
ARC
  5
1E3
330
1F
100
AcDbEntity
  8
0
100
AcDbCircle
 10
118.0811239354635
 20
67.09161022041846
 30
0.0
 40
0.4999999999999999
100
AcDbArc
 50
90.0
 51
180.0
  0
ARC
  5
1E4
330
1F
100
AcDbEntity
  8
0
100
AcDbCircle
 10
131.0811239354636
 20
67.09161022041846
 30
0.0
 40
0.4999999999999999
100
AcDbArc
 50
359.9999999999984
 51
90.0
  0
ARC
  5
1E5
330
1F
100
AcDbEntity
  8
0
100
AcDbCircle
 10
118.0811239354635
 20
54.09161022041846
 30
0.0
 40
0.4999999999999999
100
AcDbArc
 50
179.9999999999992
 51
270.0
  0
ARC
  5
1E6
330
1F
100
AcDbEntity
  8
0
100
AcDbCircle
 10
131.0811239354636
 20
54.09161022041846
 30
0.0
 40
0.4999999999999999
100
AcDbArc
 50
270.0
 51
0.0
  0
LINE
  5
1E7
330
1F
100
AcDbEntity
  8
0
100
AcDbLine
 10
137.1311239354634
 20
67.59161022041846
 30
0.0
 11
150.1311239354634
 21
67.59161022041846
 31
0.0
  0
LINE
  5
1E8
330
1F
100
AcDbEntity
  8
0
100
AcDbLine
 10
137.1311239354634
 20
53.59161022041846
 30
0.0
 11
150.1311239354634
 21
53.59161022041846
 31
0.0
  0
LINE
  5
1E9
330
1F
100
AcDbEntity
  8
0
100
AcDbLine
 10
136.6311239354634
 20
67.09161022041846
 30
0.0
 11
136.6311239354634
 21
54.09161022041846
 31
0.0
  0
LINE
  5
1EA
330
1F
100
AcDbEntity
  8
0
100
AcDbLine
 10
150.6311239354634
 20
67.09161022041846
 30
0.0
 11
150.6311239354634
 21
54.09161022041846
 31
0.0
  0
ARC
  5
1EB
330
1F
100
AcDbEntity
  8
0
100
AcDbCircle
 10
137.1311239354634
 20
67.09161022041846
 30
0.0
 40
0.4999999999999999
100
AcDbArc
 50
90.0
 51
180.0
  0
ARC
  5
1EC
330
1F
100
AcDbEntity
  8
0
100
AcDbCircle
 10
150.1311239354634
 20
67.09161022041846
 30
0.0
 40
0.4999999999999999
100
AcDbArc
 50
0.0
 51
90.0
  0
ARC
  5
1ED
330
1F
100
AcDbEntity
  8
0
100
AcDbCircle
 10
137.1311239354634
 20
54.09161022041846
 30
0.0
 40
0.4999999999999999
100
AcDbArc
 50
180.0
 51
270.0
  0
ARC
  5
1EE
330
1F
100
AcDbEntity
  8
0
100
AcDbCircle
 10
150.1311239354634
 20
54.09161022041846
 30
0.0
 40
0.4999999999999999
100
AcDbArc
 50
270.0
 51
0.0
  0
LINE
  5
1EF
330
1F
100
AcDbEntity
  8
0
100
AcDbLine
 10
156.1811239354636
 20
67.59161022041846
 30
0.0
 11
169.1811239354636
 21
67.59161022041846
 31
0.0
  0
LINE
  5
1F0
330
1F
100
AcDbEntity
  8
0
100
AcDbLine
 10
156.1811239354636
 20
53.59161022041846
 30
0.0
 11
169.1811239354636
 21
53.59161022041846
 31
0.0
  0
LINE
  5
1F1
330
1F
100
AcDbEntity
  8
0
100
AcDbLine
 10
155.6811239354636
 20
67.09161022041846
 30
0.0
 11
155.6811239354636
 21
54.09161022041846
 31
0.0
  0
LINE
  5
1F2
330
1F
100
AcDbEntity
  8
0
100
AcDbLine
 10
169.6811239354636
 20
67.09161022041846
 30
0.0
 11
169.6811239354636
 21
54.09161022041846
 31
0.0
  0
ARC
  5
1F3
330
1F
100
AcDbEntity
  8
0
100
AcDbCircle
 10
156.1811239354636
 20
67.09161022041846
 30
0.0
 40
0.4999999999999999
100
AcDbArc
 50
90.0
 51
180.0
  0
ARC
  5
1F4
330
1F
100
AcDbEntity
  8
0
100
AcDbCircle
 10
169.1811239354636
 20
67.09161022041846
 30
0.0
 40
0.4999999999999999
100
AcDbArc
 50
0.0
 51
90.0
  0
ARC
  5
1F5
330
1F
100
AcDbEntity
  8
0
100
AcDbCircle
 10
156.1811239354636
 20
54.09161022041846
 30
0.0
 40
0.4999999999999999
100
AcDbArc
 50
180.0
 51
270.0
  0
ARC
  5
1F6
330
1F
100
AcDbEntity
  8
0
100
AcDbCircle
 10
169.1811239354636
 20
54.09161022041846
 30
0.0
 40
0.4999999999999999
100
AcDbArc
 50
270.0
 51
359.9999999999992
  0
LINE
  5
1F7
330
1F
100
AcDbEntity
  8
0
100
AcDbLine
 10
175.2311239354635
 20
67.59161022041846
 30
0.0
 11
188.2311239354635
 21
67.59161022041846
 31
0.0
  0
LINE
  5
1F8
330
1F
100
AcDbEntity
  8
0
100
AcDbLine
 10
175.2311239354635
 20
53.59161022041846
 30
0.0
 11
188.2311239354635
 21
53.59161022041846
 31
0.0
  0
LINE
  5
1F9
330
1F
100
AcDbEntity
  8
0
100
AcDbLine
 10
174.7311239354635
 20
67.09161022041846
 30
0.0
 11
174.7311239354635
 21
54.09161022041846
 31
0.0
  0
LINE
  5
1FA
330
1F
100
AcDbEntity
  8
0
100
AcDbLine
 10
188.7311239354635
 20
67.09161022041846
 30
0.0
 11
188.7311239354635
 21
54.09161022041846
 31
0.0
  0
ARC
  5
1FB
330
1F
100
AcDbEntity
  8
0
100
AcDbCircle
 10
175.2311239354635
 20
67.09161022041846
 30
0.0
 40
0.4999999999999999
100
AcDbArc
 50
90.0
 51
180.0
  0
ARC
  5
1FC
330
1F
100
AcDbEntity
  8
0
100
AcDbCircle
 10
188.2311239354635
 20
67.09161022041846
 30
0.0
 40
0.4999999999999999
100
AcDbArc
 50
0.0
 51
90.0
  0
ARC
  5
1FD
330
1F
100
AcDbEntity
  8
0
100
AcDbCircle
 10
175.2311239354635
 20
54.09161022041846
 30
0.0
 40
0.4999999999999999
100
AcDbArc
 50
180.0
 51
270.0
  0
ARC
  5
1FE
330
1F
100
AcDbEntity
  8
0
100
AcDbCircle
 10
188.2311239354635
 20
54.09161022041846
 30
0.0
 40
0.4999999999999999
100
AcDbArc
 50
270.0
 51
359.9999999999992
  0
LINE
  5
1FF
330
1F
100
AcDbEntity
  8
0
100
AcDbLine
 10
194.2811239354635
 20
67.59161022041846
 30
0.0
 11
207.2811239354635
 21
67.59161022041846
 31
0.0
  0
LINE
  5
200
330
1F
100
AcDbEntity
  8
0
100
AcDbLine
 10
194.2811239354635
 20
53.59161022041846
 30
0.0
 11
207.2811239354635
 21
53.59161022041846
 31
0.0
  0
LINE
  5
201
330
1F
100
AcDbEntity
  8
0
100
AcDbLine
 10
193.7811239354635
 20
67.09161022041846
 30
0.0
 11
193.7811239354635
 21
54.09161022041846
 31
0.0
  0
LINE
  5
202
330
1F
100
AcDbEntity
  8
0
100
AcDbLine
 10
207.7811239354635
 20
67.09161022041846
 30
0.0
 11
207.7811239354635
 21
54.09161022041846
 31
0.0
  0
ARC
  5
203
330
1F
100
AcDbEntity
  8
0
100
AcDbCircle
 10
194.2811239354635
 20
67.09161022041846
 30
0.0
 40
0.4999999999999999
100
AcDbArc
 50
90.0
 51
180.0
  0
ARC
  5
204
330
1F
100
AcDbEntity
  8
0
100
AcDbCircle
 10
207.2811239354635
 20
67.09161022041846
 30
0.0
 40
0.4999999999999999
100
AcDbArc
 50
0.0
 51
90.0
  0
ARC
  5
205
330
1F
100
AcDbEntity
  8
0
100
AcDbCircle
 10
194.2811239354635
 20
54.09161022041846
 30
0.0
 40
0.4999999999999999
100
AcDbArc
 50
180.0
 51
270.0
  0
ARC
  5
206
330
1F
100
AcDbEntity
  8
0
100
AcDbCircle
 10
207.2811239354635
 20
54.09161022041846
 30
0.0
 40
0.4999999999999999
100
AcDbArc
 50
270.0
 51
0.0
  0
LINE
  5
207
330
1F
100
AcDbEntity
  8
0
100
AcDbLine
 10
220.4748739354634
 20
67.59161022041846
 30
0.0
 11
233.4748739354634
 21
67.59161022041846
 31
0.0
  0
LINE
  5
208
330
1F
100
AcDbEntity
  8
0
100
AcDbLine
 10
220.4748739354634
 20
53.59161022041846
 30
0.0
 11
233.4748739354634
 21
53.59161022041846
 31
0.0
  0
LINE
  5
209
330
1F
100
AcDbEntity
  8
0
100
AcDbLine
 10
219.9748739354634
 20
67.09161022041846
 30
0.0
 11
219.9748739354634
 21
54.09161022041846
 31
0.0
  0
LINE
  5
20A
330
1F
100
AcDbEntity
  8
0
100
AcDbLine
 10
233.9748739354634
 20
67.09161022041846
 30
0.0
 11
233.9748739354634
 21
54.09161022041846
 31
0.0
  0
ARC
  5
20B
330
1F
100
AcDbEntity
  8
0
100
AcDbCircle
 10
220.4748739354634
 20
67.09161022041846
 30
0.0
 40
0.4999999999999999
100
AcDbArc
 50
90.0
 51
180.0
  0
ARC
  5
20C
330
1F
100
AcDbEntity
  8
0
100
AcDbCircle
 10
233.4748739354634
 20
67.09161022041846
 30
0.0
 40
0.4999999999999999
100
AcDbArc
 50
0.0
 51
90.0
  0
ARC
  5
20D
330
1F
100
AcDbEntity
  8
0
100
AcDbCircle
 10
220.4748739354634
 20
54.09161022041846
 30
0.0
 40
0.4999999999999999
100
AcDbArc
 50
180.0000000000008
 51
270.0
  0
ARC
  5
20E
330
1F
100
AcDbEntity
  8
0
100
AcDbCircle
 10
233.4748739354634
 20
54.09161022041846
 30
0.0
 40
0.4999999999999999
100
AcDbArc
 50
270.0
 51
0.0000000000008142
  0
LINE
  5
20F
330
1F
100
AcDbEntity
  8
0
100
AcDbLine
 10
25.2123739354635
 20
48.54161022041846
 30
0.0
 11
38.2123739354635
 21
48.54161022041846
 31
0.0
  0
LINE
  5
210
330
1F
100
AcDbEntity
  8
0
100
AcDbLine
 10
25.2123739354635
 20
34.54161022041848
 30
0.0
 11
38.2123739354635
 21
34.54161022041848
 31
0.0
  0
LINE
  5
211
330
1F
100
AcDbEntity
  8
0
100
AcDbLine
 10
24.7123739354635
 20
48.04161022041846
 30
0.0
 11
24.7123739354635
 21
35.04161022041848
 31
0.0
  0
LINE
  5
212
330
1F
100
AcDbEntity
  8
0
100
AcDbLine
 10
38.7123739354635
 20
48.04161022041846
 30
0.0
 11
38.7123739354635
 21
35.04161022041848
 31
0.0
  0
ARC
  5
213
330
1F
100
AcDbEntity
  8
0
100
AcDbCircle
 10
25.2123739354635
 20
48.04161022041846
 30
0.0
 40
0.4999999999999999
100
AcDbArc
 50
90.0
 51
180.0
  0
ARC
  5
214
330
1F
100
AcDbEntity
  8
0
100
AcDbCircle
 10
38.2123739354635
 20
48.04161022041846
 30
0.0
 40
0.4999999999999999
100
AcDbArc
 50
359.9999999999992
 51
90.0
  0
ARC
  5
215
330
1F
100
AcDbEntity
  8
0
100
AcDbCircle
 10
25.2123739354635
 20
35.04161022041848
 30
0.0
 40
0.4999999999999999
100
AcDbArc
 50
180.0
 51
270.0
  0
ARC
  5
216
330
1F
100
AcDbEntity
  8
0
100
AcDbCircle
 10
38.2123739354635
 20
35.04161022041848
 30
0.0
 40
0.4999999999999999
100
AcDbArc
 50
270.0
 51
0.0
  0
LINE
  5
217
330
1F
100
AcDbEntity
  8
0
100
AcDbLine
 10
51.40612393546353
 20
48.54161022041846
 30
0.0
 11
64.40612393546353
 21
48.54161022041846
 31
0.0
  0
LINE
  5
218
330
1F
100
AcDbEntity
  8
0
100
AcDbLine
 10
51.40612393546353
 20
34.54161022041848
 30
0.0
 11
64.40612393546353
 21
34.54161022041848
 31
0.0
  0
LINE
  5
219
330
1F
100
AcDbEntity
  8
0
100
AcDbLine
 10
50.90612393546353
 20
48.04161022041846
 30
0.0
 11
50.90612393546353
 21
35.04161022041848
 31
0.0
  0
LINE
  5
21A
330
1F
100
AcDbEntity
  8
0
100
AcDbLine
 10
64.90612393546353
 20
48.04161022041846
 30
0.0
 11
64.90612393546353
 21
35.04161022041848
 31
0.0
  0
ARC
  5
21B
330
1F
100
AcDbEntity
  8
0
100
AcDbCircle
 10
51.40612393546353
 20
48.04161022041846
 30
0.0
 40
0.4999999999999999
100
AcDbArc
 50
90.0
 51
180.0
  0
ARC
  5
21C
330
1F
100
AcDbEntity
  8
0
100
AcDbCircle
 10
64.40612393546353
 20
48.04161022041846
 30
0.0
 40
0.4999999999999999
100
AcDbArc
 50
0.0
 51
90.0
  0
ARC
  5
21D
330
1F
100
AcDbEntity
  8
0
100
AcDbCircle
 10
51.40612393546353
 20
35.04161022041848
 30
0.0
 40
0.4999999999999999
100
AcDbArc
 50
179.9999999999992
 51
270.0
  0
ARC
  5
21E
330
1F
100
AcDbEntity
  8
0
100
AcDbCircle
 10
64.40612393546353
 20
35.04161022041848
 30
0.0
 40
0.4999999999999999
100
AcDbArc
 50
270.0
 51
0.0
  0
LINE
  5
21F
330
1F
100
AcDbEntity
  8
0
100
AcDbLine
 10
70.45612393546354
 20
48.54161022041846
 30
0.0
 11
83.45612393546354
 21
48.54161022041846
 31
0.0
  0
LINE
  5
220
330
1F
100
AcDbEntity
  8
0
100
AcDbLine
 10
70.45612393546354
 20
34.54161022041848
 30
0.0
 11
83.45612393546354
 21
34.54161022041848
 31
0.0
  0
LINE
  5
221
330
1F
100
AcDbEntity
  8
0
100
AcDbLine
 10
69.95612393546354
 20
48.04161022041846
 30
0.0
 11
69.95612393546354
 21
35.04161022041848
 31
0.0
  0
LINE
  5
222
330
1F
100
AcDbEntity
  8
0
100
AcDbLine
 10
83.95612393546354
 20
48.04161022041846
 30
0.0
 11
83.95612393546354
 21
35.04161022041848
 31
0.0
  0
ARC
  5
223
330
1F
100
AcDbEntity
  8
0
100
AcDbCircle
 10
70.45612393546354
 20
48.04161022041846
 30
0.0
 40
0.4999999999999999
100
AcDbArc
 50
90.0
 51
179.9999999999992
  0
ARC
  5
224
330
1F
100
AcDbEntity
  8
0
100
AcDbCircle
 10
83.45612393546354
 20
48.04161022041846
 30
0.0
 40
0.4999999999999999
100
AcDbArc
 50
0.0000000000008142
 51
90.0
  0
ARC
  5
225
330
1F
100
AcDbEntity
  8
0
100
AcDbCircle
 10
70.45612393546354
 20
35.04161022041848
 30
0.0
 40
0.4999999999999999
100
AcDbArc
 50
180.0
 51
270.0
  0
ARC
  5
226
330
1F
100
AcDbEntity
  8
0
100
AcDbCircle
 10
83.45612393546354
 20
35.04161022041848
 30
0.0
 40
0.4999999999999999
100
AcDbArc
 50
270.0
 51
0.0
  0
LINE
  5
227
330
1F
100
AcDbEntity
  8
0
100
AcDbLine
 10
89.50612393546349
 20
48.54161022041846
 30
0.0
 11
102.5061239354635
 21
48.54161022041846
 31
0.0
  0
LINE
  5
228
330
1F
100
AcDbEntity
  8
0
100
AcDbLine
 10
89.50612393546349
 20
34.54161022041848
 30
0.0
 11
102.5061239354635
 21
34.54161022041848
 31
0.0
  0
LINE
  5
229
330
1F
100
AcDbEntity
  8
0
100
AcDbLine
 10
89.00612393546349
 20
48.04161022041846
 30
0.0
 11
89.00612393546349
 21
35.04161022041848
 31
0.0
  0
LINE
  5
22A
330
1F
100
AcDbEntity
  8
0
100
AcDbLine
 10
103.0061239354635
 20
48.04161022041846
 30
0.0
 11
103.0061239354635
 21
35.04161022041848
 31
0.0
  0
ARC
  5
22B
330
1F
100
AcDbEntity
  8
0
100
AcDbCircle
 10
89.50612393546349
 20
48.04161022041846
 30
0.0
 40
0.4999999999999999
100
AcDbArc
 50
90.0
 51
179.9999999999984
  0
ARC
  5
22C
330
1F
100
AcDbEntity
  8
0
100
AcDbCircle
 10
102.5061239354635
 20
48.04161022041846
 30
0.0
 40
0.4999999999999999
100
AcDbArc
 50
0.0
 51
90.0
  0
ARC
  5
22D
330
1F
100
AcDbEntity
  8
0
100
AcDbCircle
 10
89.50612393546349
 20
35.04161022041848
 30
0.0
 40
0.4999999999999999
100
AcDbArc
 50
180.0
 51
270.0
  0
ARC
  5
22E
330
1F
100
AcDbEntity
  8
0
100
AcDbCircle
 10
102.5061239354635
 20
35.04161022041848
 30
0.0
 40
0.4999999999999999
100
AcDbArc
 50
270.0
 51
0.0000000000008142
  0
LINE
  5
22F
330
1F
100
AcDbEntity
  8
0
100
AcDbLine
 10
108.5561239354635
 20
48.54161022041846
 30
0.0
 11
121.5561239354636
 21
48.54161022041846
 31
0.0
  0
LINE
  5
230
330
1F
100
AcDbEntity
  8
0
100
AcDbLine
 10
108.5561239354635
 20
34.54161022041848
 30
0.0
 11
121.5561239354636
 21
34.54161022041848
 31
0.0
  0
LINE
  5
231
330
1F
100
AcDbEntity
  8
0
100
AcDbLine
 10
108.0561239354635
 20
48.04161022041846
 30
0.0
 11
108.0561239354635
 21
35.04161022041848
 31
0.0
  0
LINE
  5
232
330
1F
100
AcDbEntity
  8
0
100
AcDbLine
 10
122.0561239354636
 20
48.04161022041846
 30
0.0
 11
122.0561239354636
 21
35.04161022041848
 31
0.0
  0
ARC
  5
233
330
1F
100
AcDbEntity
  8
0
100
AcDbCircle
 10
108.5561239354635
 20
48.04161022041846
 30
0.0
 40
0.4999999999999999
100
AcDbArc
 50
90.0
 51
180.0
  0
ARC
  5
234
330
1F
100
AcDbEntity
  8
0
100
AcDbCircle
 10
121.5561239354636
 20
48.04161022041846
 30
0.0
 40
0.4999999999999999
100
AcDbArc
 50
0.0
 51
90.0
  0
ARC
  5
235
330
1F
100
AcDbEntity
  8
0
100
AcDbCircle
 10
108.5561239354635
 20
35.04161022041848
 30
0.0
 40
0.4999999999999999
100
AcDbArc
 50
180.0
 51
270.0
  0
ARC
  5
236
330
1F
100
AcDbEntity
  8
0
100
AcDbCircle
 10
121.5561239354636
 20
35.04161022041848
 30
0.0
 40
0.4999999999999999
100
AcDbArc
 50
270.0
 51
0.0
  0
LINE
  5
237
330
1F
100
AcDbEntity
  8
0
100
AcDbLine
 10
127.6061239354635
 20
48.54161022041846
 30
0.0
 11
140.6061239354635
 21
48.54161022041846
 31
0.0
  0
LINE
  5
238
330
1F
100
AcDbEntity
  8
0
100
AcDbLine
 10
127.6061239354635
 20
34.54161022041848
 30
0.0
 11
140.6061239354635
 21
34.54161022041848
 31
0.0
  0
LINE
  5
239
330
1F
100
AcDbEntity
  8
0
100
AcDbLine
 10
127.1061239354635
 20
48.04161022041846
 30
0.0
 11
127.1061239354635
 21
35.04161022041848
 31
0.0
  0
LINE
  5
23A
330
1F
100
AcDbEntity
  8
0
100
AcDbLine
 10
141.1061239354635
 20
48.04161022041846
 30
0.0
 11
141.1061239354635
 21
35.04161022041848
 31
0.0
  0
ARC
  5
23B
330
1F
100
AcDbEntity
  8
0
100
AcDbCircle
 10
127.6061239354635
 20
48.04161022041846
 30
0.0
 40
0.4999999999999999
100
AcDbArc
 50
90.0
 51
179.9999999999992
  0
ARC
  5
23C
330
1F
100
AcDbEntity
  8
0
100
AcDbCircle
 10
140.6061239354635
 20
48.04161022041846
 30
0.0
 40
0.4999999999999999
100
AcDbArc
 50
0.0
 51
90.0
  0
ARC
  5
23D
330
1F
100
AcDbEntity
  8
0
100
AcDbCircle
 10
127.6061239354635
 20
35.04161022041848
 30
0.0
 40
0.4999999999999999
100
AcDbArc
 50
180.0
 51
270.0
  0
ARC
  5
23E
330
1F
100
AcDbEntity
  8
0
100
AcDbCircle
 10
140.6061239354635
 20
35.04161022041848
 30
0.0
 40
0.4999999999999999
100
AcDbArc
 50
270.0
 51
0.0
  0
LINE
  5
23F
330
1F
100
AcDbEntity
  8
0
100
AcDbLine
 10
146.6561239354635
 20
48.54161022041846
 30
0.0
 11
159.6561239354635
 21
48.54161022041846
 31
0.0
  0
LINE
  5
240
330
1F
100
AcDbEntity
  8
0
100
AcDbLine
 10
146.6561239354635
 20
34.54161022041848
 30
0.0
 11
159.6561239354635
 21
34.54161022041848
 31
0.0
  0
LINE
  5
241
330
1F
100
AcDbEntity
  8
0
100
AcDbLine
 10
146.1561239354635
 20
48.04161022041846
 30
0.0
 11
146.1561239354635
 21
35.04161022041848
 31
0.0
  0
LINE
  5
242
330
1F
100
AcDbEntity
  8
0
100
AcDbLine
 10
160.1561239354635
 20
48.04161022041846
 30
0.0
 11
160.1561239354635
 21
35.04161022041848
 31
0.0
  0
ARC
  5
243
330
1F
100
AcDbEntity
  8
0
100
AcDbCircle
 10
146.6561239354635
 20
48.04161022041846
 30
0.0
 40
0.4999999999999999
100
AcDbArc
 50
90.0
 51
179.9999999999992
  0
ARC
  5
244
330
1F
100
AcDbEntity
  8
0
100
AcDbCircle
 10
159.6561239354635
 20
48.04161022041846
 30
0.0
 40
0.4999999999999999
100
AcDbArc
 50
0.0
 51
90.0
  0
ARC
  5
245
330
1F
100
AcDbEntity
  8
0
100
AcDbCircle
 10
146.6561239354635
 20
35.04161022041848
 30
0.0
 40
0.4999999999999999
100
AcDbArc
 50
180.0
 51
270.0
  0
ARC
  5
246
330
1F
100
AcDbEntity
  8
0
100
AcDbCircle
 10
159.6561239354635
 20
35.04161022041848
 30
0.0
 40
0.4999999999999999
100
AcDbArc
 50
270.0
 51
0.0000000000008142
  0
LINE
  5
247
330
1F
100
AcDbEntity
  8
0
100
AcDbLine
 10
165.7061239354636
 20
48.54161022041846
 30
0.0
 11
178.7061239354636
 21
48.54161022041846
 31
0.0
  0
LINE
  5
248
330
1F
100
AcDbEntity
  8
0
100
AcDbLine
 10
165.7061239354636
 20
34.54161022041848
 30
0.0
 11
178.7061239354636
 21
34.54161022041848
 31
0.0
  0
LINE
  5
249
330
1F
100
AcDbEntity
  8
0
100
AcDbLine
 10
165.2061239354636
 20
48.04161022041846
 30
0.0
 11
165.2061239354636
 21
35.04161022041848
 31
0.0
  0
LINE
  5
24A
330
1F
100
AcDbEntity
  8
0
100
AcDbLine
 10
179.2061239354636
 20
48.04161022041846
 30
0.0
 11
179.2061239354636
 21
35.04161022041848
 31
0.0
  0
ARC
  5
24B
330
1F
100
AcDbEntity
  8
0
100
AcDbCircle
 10
165.7061239354636
 20
48.04161022041846
 30
0.0
 40
0.4999999999999999
100
AcDbArc
 50
90.0
 51
179.9999999999992
  0
ARC
  5
24C
330
1F
100
AcDbEntity
  8
0
100
AcDbCircle
 10
178.7061239354636
 20
48.04161022041846
 30
0.0
 40
0.4999999999999999
100
AcDbArc
 50
0.0
 51
90.0
  0
ARC
  5
24D
330
1F
100
AcDbEntity
  8
0
100
AcDbCircle
 10
165.7061239354636
 20
35.04161022041848
 30
0.0
 40
0.4999999999999999
100
AcDbArc
 50
180.0
 51
270.0
  0
ARC
  5
24E
330
1F
100
AcDbEntity
  8
0
100
AcDbCircle
 10
178.7061239354636
 20
35.04161022041848
 30
0.0
 40
0.4999999999999999
100
AcDbArc
 50
270.0
 51
0.0000000000008142
  0
LINE
  5
24F
330
1F
100
AcDbEntity
  8
0
100
AcDbLine
 10
184.7561239354634
 20
48.54161022041846
 30
0.0
 11
197.7561239354634
 21
48.54161022041846
 31
0.0
  0
LINE
  5
250
330
1F
100
AcDbEntity
  8
0
100
AcDbLine
 10
184.7561239354634
 20
34.54161022041848
 30
0.0
 11
197.7561239354634
 21
34.54161022041848
 31
0.0
  0
LINE
  5
251
330
1F
100
AcDbEntity
  8
0
100
AcDbLine
 10
184.2561239354634
 20
48.04161022041846
 30
0.0
 11
184.2561239354634
 21
35.04161022041848
 31
0.0
  0
LINE
  5
252
330
1F
100
AcDbEntity
  8
0
100
AcDbLine
 10
198.2561239354634
 20
48.04161022041846
 30
0.0
 11
198.2561239354634
 21
35.04161022041848
 31
0.0
  0
ARC
  5
253
330
1F
100
AcDbEntity
  8
0
100
AcDbCircle
 10
184.7561239354634
 20
48.04161022041846
 30
0.0
 40
0.4999999999999999
100
AcDbArc
 50
90.0
 51
180.0
  0
ARC
  5
254
330
1F
100
AcDbEntity
  8
0
100
AcDbCircle
 10
197.7561239354634
 20
48.04161022041846
 30
0.0
 40
0.4999999999999999
100
AcDbArc
 50
0.0000000000008142
 51
90.0
  0
ARC
  5
255
330
1F
100
AcDbEntity
  8
0
100
AcDbCircle
 10
184.7561239354634
 20
35.04161022041848
 30
0.0
 40
0.4999999999999999
100
AcDbArc
 50
180.0
 51
270.0
  0
ARC
  5
256
330
1F
100
AcDbEntity
  8
0
100
AcDbCircle
 10
197.7561239354634
 20
35.04161022041848
 30
0.0
 40
0.4999999999999999
100
AcDbArc
 50
270.0
 51
359.9999999999992
  0
LINE
  5
257
330
1F
100
AcDbEntity
  8
0
100
AcDbLine
 10
203.8061239354636
 20
48.54161022041846
 30
0.0
 11
216.8061239354636
 21
48.54161022041846
 31
0.0
  0
LINE
  5
258
330
1F
100
AcDbEntity
  8
0
100
AcDbLine
 10
203.8061239354636
 20
34.54161022041848
 30
0.0
 11
216.8061239354636
 21
34.54161022041848
 31
0.0
  0
LINE
  5
259
330
1F
100
AcDbEntity
  8
0
100
AcDbLine
 10
203.3061239354636
 20
48.04161022041846
 30
0.0
 11
203.3061239354636
 21
35.04161022041848
 31
0.0
  0
LINE
  5
25A
330
1F
100
AcDbEntity
  8
0
100
AcDbLine
 10
217.3061239354636
 20
48.04161022041846
 30
0.0
 11
217.3061239354636
 21
35.04161022041848
 31
0.0
  0
ARC
  5
25B
330
1F
100
AcDbEntity
  8
0
100
AcDbCircle
 10
203.8061239354636
 20
48.04161022041846
 30
0.0
 40
0.4999999999999999
100
AcDbArc
 50
90.0
 51
180.0
  0
ARC
  5
25C
330
1F
100
AcDbEntity
  8
0
100
AcDbCircle
 10
216.8061239354636
 20
48.04161022041846
 30
0.0
 40
0.4999999999999999
100
AcDbArc
 50
0.0000000000008142
 51
90.0
  0
ARC
  5
25D
330
1F
100
AcDbEntity
  8
0
100
AcDbCircle
 10
203.8061239354636
 20
35.04161022041848
 30
0.0
 40
0.4999999999999999
100
AcDbArc
 50
180.0
 51
270.0
  0
ARC
  5
25E
330
1F
100
AcDbEntity
  8
0
100
AcDbCircle
 10
216.8061239354636
 20
35.04161022041848
 30
0.0
 40
0.4999999999999999
100
AcDbArc
 50
270.0
 51
0.0
  0
LINE
  5
25F
330
1F
100
AcDbEntity
  8
0
100
AcDbLine
 10
225.2373739354636
 20
48.54161022041846
 30
0.0
 11
238.2373739354636
 21
48.54161022041846
 31
0.0
  0
LINE
  5
260
330
1F
100
AcDbEntity
  8
0
100
AcDbLine
 10
225.2373739354636
 20
34.54161022041848
 30
0.0
 11
238.2373739354636
 21
34.54161022041848
 31
0.0
  0
LINE
  5
261
330
1F
100
AcDbEntity
  8
0
100
AcDbLine
 10
224.7373739354636
 20
48.04161022041846
 30
0.0
 11
224.7373739354636
 21
35.04161022041848
 31
0.0
  0
LINE
  5
262
330
1F
100
AcDbEntity
  8
0
100
AcDbLine
 10
238.7373739354636
 20
48.04161022041846
 30
0.0
 11
238.7373739354636
 21
35.04161022041848
 31
0.0
  0
ARC
  5
263
330
1F
100
AcDbEntity
  8
0
100
AcDbCircle
 10
225.2373739354636
 20
48.04161022041846
 30
0.0
 40
0.4999999999999999
100
AcDbArc
 50
90.0
 51
180.0
  0
ARC
  5
264
330
1F
100
AcDbEntity
  8
0
100
AcDbCircle
 10
238.2373739354636
 20
48.04161022041846
 30
0.0
 40
0.4999999999999999
100
AcDbArc
 50
0.0
 51
90.0
  0
ARC
  5
265
330
1F
100
AcDbEntity
  8
0
100
AcDbCircle
 10
225.2373739354636
 20
35.04161022041848
 30
0.0
 40
0.4999999999999999
100
AcDbArc
 50
180.0
 51
270.0
  0
ARC
  5
266
330
1F
100
AcDbEntity
  8
0
100
AcDbCircle
 10
238.2373739354636
 20
35.04161022041848
 30
0.0
 40
0.4999999999999999
100
AcDbArc
 50
270.0
 51
0.0
  0
LINE
  5
267
330
1F
100
AcDbEntity
  8
0
100
AcDbLine
 10
20.44987393546351
 20
29.49161022041847
 30
0.0
 11
33.44987393546351
 21
29.49161022041847
 31
0.0
  0
LINE
  5
268
330
1F
100
AcDbEntity
  8
0
100
AcDbLine
 10
20.44987393546351
 20
15.49161022041847
 30
0.0
 11
33.44987393546351
 21
15.49161022041847
 31
0.0
  0
LINE
  5
269
330
1F
100
AcDbEntity
  8
0
100
AcDbLine
 10
19.94987393546351
 20
28.99161022041847
 30
0.0
 11
19.94987393546351
 21
15.99161022041847
 31
0.0
  0
LINE
  5
26A
330
1F
100
AcDbEntity
  8
0
100
AcDbLine
 10
33.94987393546351
 20
28.99161022041847
 30
0.0
 11
33.94987393546351
 21
15.99161022041847
 31
0.0
  0
ARC
  5
26B
330
1F
100
AcDbEntity
  8
0
100
AcDbCircle
 10
20.44987393546351
 20
28.99161022041847
 30
0.0
 40
0.5
100
AcDbArc
 50
90.0
 51
180.0000000000004
  0
ARC
  5
26C
330
1F
100
AcDbEntity
  8
0
100
AcDbCircle
 10
33.44987393546351
 20
28.99161022041847
 30
0.0
 40
0.4999999999999999
100
AcDbArc
 50
0.0
 51
90.0
  0
ARC
  5
26D
330
1F
100
AcDbEntity
  8
0
100
AcDbCircle
 10
20.44987393546351
 20
15.99161022041847
 30
0.0
 40
0.5
100
AcDbArc
 50
180.0
 51
270.0
  0
ARC
  5
26E
330
1F
100
AcDbEntity
  8
0
100
AcDbCircle
 10
33.44987393546351
 20
15.99161022041847
 30
0.0
 40
0.4999999999999999
100
AcDbArc
 50
270.0
 51
0.0000000000002036
  0
LINE
  5
26F
330
1F
100
AcDbEntity
  8
0
100
AcDbLine
 10
41.88112393546349
 20
29.49161022041847
 30
0.0
 11
54.88112393546349
 21
29.49161022041847
 31
0.0
  0
LINE
  5
270
330
1F
100
AcDbEntity
  8
0
100
AcDbLine
 10
41.88112393546349
 20
15.49161022041847
 30
0.0
 11
54.88112393546349
 21
15.49161022041847
 31
0.0
  0
LINE
  5
271
330
1F
100
AcDbEntity
  8
0
100
AcDbLine
 10
41.38112393546349
 20
28.99161022041847
 30
0.0
 11
41.38112393546349
 21
15.99161022041847
 31
0.0
  0
LINE
  5
272
330
1F
100
AcDbEntity
  8
0
100
AcDbLine
 10
55.38112393546349
 20
28.99161022041847
 30
0.0
 11
55.38112393546349
 21
15.99161022041847
 31
0.0
  0
ARC
  5
273
330
1F
100
AcDbEntity
  8
0
100
AcDbCircle
 10
41.88112393546349
 20
28.99161022041847
 30
0.0
 40
0.4999999999999999
100
AcDbArc
 50
90.0
 51
180.0000000000004
  0
ARC
  5
274
330
1F
100
AcDbEntity
  8
0
100
AcDbCircle
 10
54.88112393546349
 20
28.99161022041847
 30
0.0
 40
0.4999999999999999
100
AcDbArc
 50
0.0
 51
90.0
  0
ARC
  5
275
330
1F
100
AcDbEntity
  8
0
100
AcDbCircle
 10
41.88112393546349
 20
15.99161022041847
 30
0.0
 40
0.4999999999999999
100
AcDbArc
 50
180.0
 51
270.0
  0
ARC
  5
276
330
1F
100
AcDbEntity
  8
0
100
AcDbCircle
 10
54.88112393546349
 20
15.99161022041847
 30
0.0
 40
0.4999999999999999
100
AcDbArc
 50
270.0
 51
0.0000000000002036
  0
LINE
  5
277
330
1F
100
AcDbEntity
  8
0
100
AcDbLine
 10
63.31237393546353
 20
29.49161022041847
 30
0.0
 11
76.31237393546353
 21
29.49161022041847
 31
0.0
  0
LINE
  5
278
330
1F
100
AcDbEntity
  8
0
100
AcDbLine
 10
63.31237393546353
 20
15.49161022041847
 30
0.0
 11
76.31237393546353
 21
15.49161022041847
 31
0.0
  0
LINE
  5
279
330
1F
100
AcDbEntity
  8
0
100
AcDbLine
 10
62.81237393546353
 20
28.99161022041847
 30
0.0
 11
62.81237393546353
 21
15.99161022041847
 31
0.0
  0
LINE
  5
27A
330
1F
100
AcDbEntity
  8
0
100
AcDbLine
 10
76.81237393546353
 20
28.99161022041847
 30
0.0
 11
76.81237393546353
 21
15.99161022041847
 31
0.0
  0
ARC
  5
27B
330
1F
100
AcDbEntity
  8
0
100
AcDbCircle
 10
63.31237393546353
 20
28.99161022041847
 30
0.0
 40
0.4999999999999999
100
AcDbArc
 50
90.0
 51
179.9999999999996
  0
ARC
  5
27C
330
1F
100
AcDbEntity
  8
0
100
AcDbCircle
 10
76.31237393546353
 20
28.99161022041847
 30
0.0
 40
0.4999999999999999
100
AcDbArc
 50
0.0
 51
90.0
  0
ARC
  5
27D
330
1F
100
AcDbEntity
  8
0
100
AcDbCircle
 10
63.31237393546353
 20
15.99161022041847
 30
0.0
 40
0.4999999999999999
100
AcDbArc
 50
179.9999999999998
 51
270.0
  0
ARC
  5
27E
330
1F
100
AcDbEntity
  8
0
100
AcDbCircle
 10
76.31237393546353
 20
15.99161022041847
 30
0.0
 40
0.4999999999999999
100
AcDbArc
 50
270.0
 51
359.9999999999998
  0
LINE
  5
27F
330
1F
100
AcDbEntity
  8
0
100
AcDbLine
 10
96.6498739354635
 20
29.49161022041847
 30
0.0
 11
109.6498739354635
 21
29.49161022041847
 31
0.0
  0
LINE
  5
280
330
1F
100
AcDbEntity
  8
0
100
AcDbLine
 10
96.6498739354635
 20
15.49161022041847
 30
0.0
 11
109.6498739354635
 21
15.49161022041847
 31
0.0
  0
LINE
  5
281
330
1F
100
AcDbEntity
  8
0
100
AcDbLine
 10
96.1498739354635
 20
28.99161022041847
 30
0.0
 11
96.1498739354635
 21
15.99161022041847
 31
0.0
  0
LINE
  5
282
330
1F
100
AcDbEntity
  8
0
100
AcDbLine
 10
110.1498739354635
 20
28.99161022041847
 30
0.0
 11
110.1498739354635
 21
15.99161022041847
 31
0.0
  0
ARC
  5
283
330
1F
100
AcDbEntity
  8
0
100
AcDbCircle
 10
96.6498739354635
 20
28.99161022041847
 30
0.0
 40
0.4999999999999999
100
AcDbArc
 50
90.0
 51
179.9999999999992
  0
ARC
  5
284
330
1F
100
AcDbEntity
  8
0
100
AcDbCircle
 10
109.6498739354635
 20
28.99161022041847
 30
0.0
 40
0.4999999999999999
100
AcDbArc
 50
359.9999999999996
 51
90.0
  0
ARC
  5
285
330
1F
100
AcDbEntity
  8
0
100
AcDbCircle
 10
96.6498739354635
 20
15.99161022041847
 30
0.0
 40
0.4999999999999999
100
AcDbArc
 50
180.0000000000002
 51
270.0
  0
ARC
  5
286
330
1F
100
AcDbEntity
  8
0
100
AcDbCircle
 10
109.6498739354635
 20
15.99161022041847
 30
0.0
 40
0.4999999999999999
100
AcDbArc
 50
270.0
 51
359.9999999999998
  0
LINE
  5
287
330
1F
100
AcDbEntity
  8
0
100
AcDbLine
 10
88.33687393546352
 20
16.49161022041847
 30
0.0
 11
94.08687393546352
 21
16.49161022041847
 31
0.0
  0
LINE
  5
288
330
1F
100
AcDbEntity
  8
0
100
AcDbLine
 10
88.33687393546352
 20
30.49161022041847
 30
0.0
 11
94.08687393546352
 21
30.49161022041847
 31
0.0
  0
LINE
  5
289
330
1F
100
AcDbEntity
  8
0
100
AcDbLine
 10
87.83687393546352
 20
16.99161022041847
 30
0.0
 11
87.83687393546352
 21
29.99161022041847
 31
0.0
  0
LINE
  5
28A
330
1F
100
AcDbEntity
  8
0
100
AcDbLine
 10
94.58687393546352
 20
16.99161022041847
 30
0.0
 11
94.58687393546352
 21
29.99161022041847
 31
0.0
  0
ARC
  5
28B
330
1F
100
AcDbEntity
  8
0
100
AcDbCircle
 10
88.33687393546352
 20
16.99161022041847
 30
0.0
 40
0.4999999999999999
100
AcDbArc
 50
180.0
 51
270.0
  0
ARC
  5
28C
330
1F
100
AcDbEntity
  8
0
100
AcDbCircle
 10
94.08687393546352
 20
16.99161022041847
 30
0.0
 40
0.4999999999999999
100
AcDbArc
 50
270.0
 51
0.0
  0
ARC
  5
28D
330
1F
100
AcDbEntity
  8
0
100
AcDbCircle
 10
88.33687393546352
 20
29.99161022041847
 30
0.0
 40
0.4999999999999999
100
AcDbArc
 50
90.0
 51
180.0000000000004
  0
ARC
  5
28E
330
1F
100
AcDbEntity
  8
0
100
AcDbCircle
 10
94.08687393546352
 20
29.99161022041847
 30
0.0
 40
0.4999999999999999
100
AcDbArc
 50
0.0
 51
90.0
  0
LINE
  5
28F
330
1F
100
AcDbEntity
  8
0
100
AcDbLine
 10
112.2128739354635
 20
16.49161022041847
 30
0.0
 11
117.9628739354635
 21
16.49161022041847
 31
0.0
  0
LINE
  5
290
330
1F
100
AcDbEntity
  8
0
100
AcDbLine
 10
112.2128739354635
 20
30.49161022041847
 30
0.0
 11
117.9628739354635
 21
30.49161022041847
 31
0.0
  0
LINE
  5
291
330
1F
100
AcDbEntity
  8
0
100
AcDbLine
 10
111.7128739354635
 20
16.99161022041847
 30
0.0
 11
111.7128739354635
 21
29.99161022041847
 31
0.0
  0
LINE
  5
292
330
1F
100
AcDbEntity
  8
0
100
AcDbLine
 10
118.4628739354635
 20
16.99161022041847
 30
0.0
 11
118.4628739354635
 21
29.99161022041847
 31
0.0
  0
ARC
  5
293
330
1F
100
AcDbEntity
  8
0
100
AcDbCircle
 10
112.2128739354635
 20
16.99161022041847
 30
0.0
 40
0.4999999999999999
100
AcDbArc
 50
180.0
 51
270.0
  0
ARC
  5
294
330
1F
100
AcDbEntity
  8
0
100
AcDbCircle
 10
117.9628739354635
 20
16.99161022041847
 30
0.0
 40
0.4999999999999999
100
AcDbArc
 50
270.0
 51
0.0
  0
ARC
  5
295
330
1F
100
AcDbEntity
  8
0
100
AcDbCircle
 10
112.2128739354635
 20
29.99161022041847
 30
0.0
 40
0.4999999999999999
100
AcDbArc
 50
90.0
 51
179.9999999999992
  0
ARC
  5
296
330
1F
100
AcDbEntity
  8
0
100
AcDbCircle
 10
117.9628739354635
 20
29.99161022041847
 30
0.0
 40
0.4999999999999999
100
AcDbArc
 50
359.9999999999996
 51
90.0
  0
LINE
  5
297
330
1F
100
AcDbEntity
  8
0
100
AcDbLine
 10
144.2748739354636
 20
29.49161022041847
 30
0.0
 11
157.2748739354636
 21
29.49161022041847
 31
0.0
  0
LINE
  5
298
330
1F
100
AcDbEntity
  8
0
100
AcDbLine
 10
144.2748739354636
 20
15.49161022041847
 30
0.0
 11
157.2748739354636
 21
15.49161022041847
 31
0.0
  0
LINE
  5
299
330
1F
100
AcDbEntity
  8
0
100
AcDbLine
 10
143.7748739354636
 20
28.99161022041847
 30
0.0
 11
143.7748739354636
 21
15.99161022041847
 31
0.0
  0
LINE
  5
29A
330
1F
100
AcDbEntity
  8
0
100
AcDbLine
 10
157.7748739354636
 20
28.99161022041847
 30
0.0
 11
157.7748739354636
 21
15.99161022041847
 31
0.0
  0
ARC
  5
29B
330
1F
100
AcDbEntity
  8
0
100
AcDbCircle
 10
144.2748739354636
 20
28.99161022041847
 30
0.0
 40
0.4999999999999999
100
AcDbArc
 50
90.0
 51
179.9999999999992
  0
ARC
  5
29C
330
1F
100
AcDbEntity
  8
0
100
AcDbCircle
 10
157.2748739354636
 20
28.99161022041847
 30
0.0
 40
0.4999999999999999
100
AcDbArc
 50
0.0
 51
90.0
  0
ARC
  5
29D
330
1F
100
AcDbEntity
  8
0
100
AcDbCircle
 10
144.2748739354636
 20
15.99161022041847
 30
0.0
 40
0.4999999999999999
100
AcDbArc
 50
180.0
 51
270.0
  0
ARC
  5
29E
330
1F
100
AcDbEntity
  8
0
100
AcDbCircle
 10
157.2748739354636
 20
15.99161022041847
 30
0.0
 40
0.4999999999999999
100
AcDbArc
 50
270.0
 51
0.0000000000016284
  0
LINE
  5
29F
330
1F
100
AcDbEntity
  8
0
100
AcDbLine
 10
135.9618739354635
 20
16.49161022041847
 30
0.0
 11
141.7118739354636
 21
16.49161022041847
 31
0.0
  0
LINE
  5
2A0
330
1F
100
AcDbEntity
  8
0
100
AcDbLine
 10
135.9618739354635
 20
30.49161022041847
 30
0.0
 11
141.7118739354636
 21
30.49161022041847
 31
0.0
  0
LINE
  5
2A1
330
1F
100
AcDbEntity
  8
0
100
AcDbLine
 10
135.4618739354635
 20
16.99161022041847
 30
0.0
 11
135.4618739354635
 21
29.99161022041847
 31
0.0
  0
LINE
  5
2A2
330
1F
100
AcDbEntity
  8
0
100
AcDbLine
 10
142.2118739354636
 20
16.99161022041847
 30
0.0
 11
142.2118739354636
 21
29.99161022041847
 31
0.0
  0
ARC
  5
2A3
330
1F
100
AcDbEntity
  8
0
100
AcDbCircle
 10
135.9618739354635
 20
16.99161022041847
 30
0.0
 40
0.4999999999999999
100
AcDbArc
 50
180.0
 51
270.0
  0
ARC
  5
2A4
330
1F
100
AcDbEntity
  8
0
100
AcDbCircle
 10
141.7118739354636
 20
16.99161022041847
 30
0.0
 40
0.4999999999999999
100
AcDbArc
 50
270.0
 51
0.0
  0
ARC
  5
2A5
330
1F
100
AcDbEntity
  8
0
100
AcDbCircle
 10
135.9618739354635
 20
29.99161022041847
 30
0.0
 40
0.4999999999999999
100
AcDbArc
 50
90.0
 51
180.0
  0
ARC
  5
2A6
330
1F
100
AcDbEntity
  8
0
100
AcDbCircle
 10
141.7118739354636
 20
29.99161022041847
 30
0.0
 40
0.4999999999999999
100
AcDbArc
 50
359.9999999999996
 51
90.0
  0
LINE
  5
2A7
330
1F
100
AcDbEntity
  8
0
100
AcDbLine
 10
159.8378739354636
 20
16.49161022041847
 30
0.0
 11
165.5878739354636
 21
16.49161022041847
 31
0.0
  0
LINE
  5
2A8
330
1F
100
AcDbEntity
  8
0
100
AcDbLine
 10
159.8378739354636
 20
30.49161022041847
 30
0.0
 11
165.5878739354636
 21
30.49161022041847
 31
0.0
  0
LINE
  5
2A9
330
1F
100
AcDbEntity
  8
0
100
AcDbLine
 10
159.3378739354636
 20
16.99161022041847
 30
0.0
 11
159.3378739354636
 21
29.99161022041847
 31
0.0
  0
LINE
  5
2AA
330
1F
100
AcDbEntity
  8
0
100
AcDbLine
 10
166.0878739354636
 20
16.99161022041847
 30
0.0
 11
166.0878739354636
 21
29.99161022041847
 31
0.0
  0
ARC
  5
2AB
330
1F
100
AcDbEntity
  8
0
100
AcDbCircle
 10
159.8378739354636
 20
16.99161022041847
 30
0.0
 40
0.4999999999999999
100
AcDbArc
 50
180.0
 51
270.0
  0
ARC
  5
2AC
330
1F
100
AcDbEntity
  8
0
100
AcDbCircle
 10
165.5878739354636
 20
16.99161022041847
 30
0.0
 40
0.4999999999999999
100
AcDbArc
 50
270.0
 51
0.0
  0
ARC
  5
2AD
330
1F
100
AcDbEntity
  8
0
100
AcDbCircle
 10
159.8378739354636
 20
29.99161022041847
 30
0.0
 40
0.4999999999999999
100
AcDbArc
 50
90.0
 51
180.0
  0
ARC
  5
2AE
330
1F
100
AcDbEntity
  8
0
100
AcDbCircle
 10
165.5878739354636
 20
29.99161022041847
 30
0.0
 40
0.4999999999999999
100
AcDbArc
 50
0.0000000000004071
 51
90.0
  0
LINE
  5
2AF
330
1F
100
AcDbEntity
  8
0
100
AcDbLine
 10
182.3748739354635
 20
29.49161022041847
 30
0.0
 11
195.3748739354635
 21
29.49161022041847
 31
0.0
  0
LINE
  5
2B0
330
1F
100
AcDbEntity
  8
0
100
AcDbLine
 10
182.3748739354635
 20
15.49161022041847
 30
0.0
 11
195.3748739354635
 21
15.49161022041847
 31
0.0
  0
LINE
  5
2B1
330
1F
100
AcDbEntity
  8
0
100
AcDbLine
 10
181.8748739354635
 20
28.99161022041847
 30
0.0
 11
181.8748739354635
 21
15.99161022041847
 31
0.0
  0
LINE
  5
2B2
330
1F
100
AcDbEntity
  8
0
100
AcDbLine
 10
195.8748739354635
 20
28.99161022041847
 30
0.0
 11
195.8748739354635
 21
15.99161022041847
 31
0.0
  0
ARC
  5
2B3
330
1F
100
AcDbEntity
  8
0
100
AcDbCircle
 10
182.3748739354635
 20
28.99161022041847
 30
0.0
 40
0.4999999999999999
100
AcDbArc
 50
90.0
 51
179.9999999999984
  0
ARC
  5
2B4
330
1F
100
AcDbEntity
  8
0
100
AcDbCircle
 10
195.3748739354635
 20
28.99161022041847
 30
0.0
 40
0.4999999999999999
100
AcDbArc
 50
359.9999999999996
 51
90.0
  0
ARC
  5
2B5
330
1F
100
AcDbEntity
  8
0
100
AcDbCircle
 10
182.3748739354635
 20
15.99161022041847
 30
0.0
 40
0.4999999999999999
100
AcDbArc
 50
180.0
 51
270.0
  0
ARC
  5
2B6
330
1F
100
AcDbEntity
  8
0
100
AcDbCircle
 10
195.3748739354635
 20
15.99161022041847
 30
0.0
 40
0.4999999999999999
100
AcDbArc
 50
270.0
 51
0.0000000000016284
  0
LINE
  5
2B7
330
1F
100
AcDbEntity
  8
0
100
AcDbLine
 10
203.8061239354636
 20
29.49161022041847
 30
0.0
 11
216.8061239354636
 21
29.49161022041847
 31
0.0
  0
LINE
  5
2B8
330
1F
100
AcDbEntity
  8
0
100
AcDbLine
 10
203.8061239354636
 20
15.49161022041847
 30
0.0
 11
216.8061239354636
 21
15.49161022041847
 31
0.0
  0
LINE
  5
2B9
330
1F
100
AcDbEntity
  8
0
100
AcDbLine
 10
203.3061239354636
 20
28.99161022041847
 30
0.0
 11
203.3061239354636
 21
15.99161022041847
 31
0.0
  0
LINE
  5
2BA
330
1F
100
AcDbEntity
  8
0
100
AcDbLine
 10
217.3061239354636
 20
28.99161022041847
 30
0.0
 11
217.3061239354636
 21
15.99161022041847
 31
0.0
  0
ARC
  5
2BB
330
1F
100
AcDbEntity
  8
0
100
AcDbCircle
 10
203.8061239354636
 20
28.99161022041847
 30
0.0
 40
0.4999999999999999
100
AcDbArc
 50
90.0
 51
179.9999999999988
  0
ARC
  5
2BC
330
1F
100
AcDbEntity
  8
0
100
AcDbCircle
 10
216.8061239354636
 20
28.99161022041847
 30
0.0
 40
0.4999999999999999
100
AcDbArc
 50
0.0000000000004071
 51
90.0
  0
ARC
  5
2BD
330
1F
100
AcDbEntity
  8
0
100
AcDbCircle
 10
203.8061239354636
 20
15.99161022041847
 30
0.0
 40
0.4999999999999999
100
AcDbArc
 50
180.0
 51
270.0
  0
ARC
  5
2BE
330
1F
100
AcDbEntity
  8
0
100
AcDbCircle
 10
216.8061239354636
 20
15.99161022041847
 30
0.0
 40
0.4999999999999999
100
AcDbArc
 50
270.0
 51
0.0
  0
LINE
  5
2BF
330
1F
100
AcDbEntity
  8
0
100
AcDbLine
 10
225.2373739354636
 20
29.49161022041847
 30
0.0
 11
238.2373739354636
 21
29.49161022041847
 31
0.0
  0
LINE
  5
2C0
330
1F
100
AcDbEntity
  8
0
100
AcDbLine
 10
225.2373739354636
 20
15.49161022041847
 30
0.0
 11
238.2373739354636
 21
15.49161022041847
 31
0.0
  0
LINE
  5
2C1
330
1F
100
AcDbEntity
  8
0
100
AcDbLine
 10
224.7373739354636
 20
28.99161022041847
 30
0.0
 11
224.7373739354636
 21
15.99161022041847
 31
0.0
  0
LINE
  5
2C2
330
1F
100
AcDbEntity
  8
0
100
AcDbLine
 10
238.7373739354636
 20
28.99161022041847
 30
0.0
 11
238.7373739354636
 21
15.99161022041847
 31
0.0
  0
ARC
  5
2C3
330
1F
100
AcDbEntity
  8
0
100
AcDbCircle
 10
225.2373739354636
 20
28.99161022041847
 30
0.0
 40
0.4999999999999999
100
AcDbArc
 50
90.0
 51
179.9999999999992
  0
ARC
  5
2C4
330
1F
100
AcDbEntity
  8
0
100
AcDbCircle
 10
238.2373739354636
 20
28.99161022041847
 30
0.0
 40
0.4999999999999999
100
AcDbArc
 50
359.9999999999996
 51
90.0
  0
ARC
  5
2C5
330
1F
100
AcDbEntity
  8
0
100
AcDbCircle
 10
225.2373739354636
 20
15.99161022041847
 30
0.0
 40
0.4999999999999999
100
AcDbArc
 50
180.0
 51
270.0
  0
ARC
  5
2C6
330
1F
100
AcDbEntity
  8
0
100
AcDbCircle
 10
238.2373739354636
 20
15.99161022041847
 30
0.0
 40
0.4999999999999999
100
AcDbArc
 50
270.0
 51
359.9999999999998
  0
CIRCLE
  5
2C7
330
1F
100
AcDbEntity
  8
0
  6
ByBlock
100
AcDbCircle
 10
34.09362393546353
 20
70.11661022041845
 30
0.0
 40
1.25
  0
CIRCLE
  5
2C8
330
1F
100
AcDbEntity
  8
0
  6
ByBlock
100
AcDbCircle
 10
224.5936239354635
 20
32.01661022041844
 30
0.0
 40
1.25
  0
CIRCLE
  5
2C9
330
1F
100
AcDbEntity
  8
0
  6
ByBlock
100
AcDbCircle
 10
224.5936239354635
 20
70.11661022041845
 30
0.0
 40
1.25
  0
CIRCLE
  5
2CA
330
1F
100
AcDbEntity
  8
0
  6
ByBlock
100
AcDbCircle
 10
34.09362393546353
 20
32.01661022041844
 30
0.0
 40
1.25
  0
CIRCLE
  5
2CB
330
1F
100
AcDbEntity
  8
粗实线层
100
AcDbCircle
 10
129.3436239354635
 20
51.06661022041845
 30
0.0
 40
1.25
  0
ENDSEC
  0
SECTION
  2
OBJECTS
  0
DICTIONARY
  5
C
330
0
100
AcDbDictionary
281
     1
  3
ACAD_DETAILVIEWSTYLE
350
2E2
  3
ACAD_GROUP
350
D
  3
ACAD_LAYOUT
350
1A
  3
ACAD_MATERIAL
350
43
  3
ACAD_MLEADERSTYLE
350
5B
  3
ACAD_MLINESTYLE
350
17
  3
ACAD_PLOTSETTINGS
350
19
  3
ACAD_PLOTSTYLENAME
350
E
  3
ACAD_SCALELIST
350
47
  3
ACAD_SECTIONVIEWSTYLE
350
2E3
  3
ACAD_TABLESTYLE
350
59
  3
ACAD_VISUALSTYLE
350
2A
  3
ACAD_WIPEOUT_VARS
350
2CC
  3
ACDB_RECOMPOSE_DATA
350
2DF
  3
AcDbVariableDictionary
350
2D9
  3
CAXA_DRAFT_BOMSTYLE
350
10F
  3
CAXA_DRAFT_CUTSSTYLE
350
103
  3
CAXA_DRAFT_CUTSSTYLEOVERRIDE
350
107
  3
CAXA_DRAFT_DATATABLE*Model_Space
350
115
  3
CAXA_DRAFT_DATUMSTYLE
350
FD
  3
CAXA_DRAFT_DATUMSTYLEOVERRIDE
350
101
  3
CAXA_DRAFT_DIMSTYLE_ANGTXTVPOS
350
2CD
  3
CAXA_DRAFT_DIMSTYLE_ISDISPZEROTOL
350
2D1
  3
CAXA_DRAFT_DIMSTYLE_ISFILLDFM
350
2CF
  3
CAXA_DRAFT_DIMSTYLE_SYMBOLCOLOR
350
2D3
  3
CAXA_DRAFT_DRAFTDATA
350
2D5
  3
CAXA_DRAFT_FILEVERSION
350
D0
  3
CAXA_DRAFT_GEOTOLSTYLE
350
F7
  3
CAXA_DRAFT_GEOTOLSTYLEOVERRIDE
350
FB
  3
CAXA_DRAFT_LEADERSTYLE
350
E8
  3
CAXA_DRAFT_PARTNOSTYLE
350
109
  3
CAXA_DRAFT_PARTNOSTYLEOVERRIDE
350
10D
  3
CAXA_DRAFT_ROUGHSTYLE
350
F1
  3
CAXA_DRAFT_ROUGHSTYLEOVERRIDE
350
F5
  3
CAXA_DRAFT_STDDATA
350
2D7
  3
CAXA_DRAFT_WELDSTYLE
350
EB
  3
CAXA_DRAFT_WELDSTYLEOVERRIDE
350
EF
  0
SUN
  5
5D
330
29
100
AcDbSun
 90
        1
290
     0
 63
     7
421
 16777215
 40
1.0
291
     1
 91
  2455826
 92
 54000000
292
     0
 70
     2
 71
   256
280
     1
  0
DICTIONARY
  5
2E2
102
{ACAD_REACTORS
330
C
102
}
330
C
100
AcDbDictionary
281
     1
  0
DICTIONARY
  5
D
102
{ACAD_REACTORS
330
C
102
}
330
C
100
AcDbDictionary
281
     1
  0
DICTIONARY
  5
1A
102
{ACAD_REACTORS
330
C
102
}
330
C
100
AcDbDictionary
281
     1
  3
Layout1
350
1E
  3
Model
350
22
  0
DICTIONARY
  5
43
102
{ACAD_REACTORS
330
C
102
}
330
C
100
AcDbDictionary
281
     1
  3
ByBlock
350
45
  3
ByLayer
350
44
  3
Global
350
46
  0
DICTIONARY
  5
5B
102
{ACAD_REACTORS
330
C
102
}
330
C
100
AcDbDictionary
281
     1
  3
Standard
350
5C
  0
DICTIONARY
  5
17
102
{ACAD_REACTORS
330
C
102
}
330
C
100
AcDbDictionary
281
     1
  3
Standard
350
18
  3
标准
350
113
  0
DICTIONARY
  5
19
102
{ACAD_REACTORS
330
C
102
}
330
C
100
AcDbDictionary
281
     1
  0
ACDBDICTIONARYWDFLT
  5
E
102
{ACAD_REACTORS
330
C
102
}
330
C
100
AcDbDictionary
281
     1
  3
Normal
350
F
100
AcDbDictionaryWithDefault
340
F
  0
DICTIONARY
  5
47
102
{ACAD_REACTORS
330
C
102
}
330
C
100
AcDbDictionary
281
     1
  3
A0
350
48
  3
A1
350
49
  3
A2
350
4A
  3
A3
350
4B
  3
A4
350
4C
  3
A5
350
4D
  3
A6
350
4E
  3
A7
350
4F
  3
A8
350
50
  3
A9
350
51
  3
B0
350
52
  3
B1
350
53
  3
B2
350
54
  3
B3
350
55
  3
B4
350
56
  3
B5
350
57
  3
B6
350
58
  0
DICTIONARY
  5
2E3
102
{ACAD_REACTORS
330
C
102
}
330
C
100
AcDbDictionary
281
     1
  0
DICTIONARY
  5
59
102
{ACAD_REACTORS
330
C
102
}
330
C
100
AcDbDictionary
281
     1
  3
Standard
350
5A
  3
标准
350
114
  0
DICTIONARY
  5
2A
102
{ACAD_REACTORS
330
C
102
}
330
C
100
AcDbDictionary
281
     1
  3
2dWireframe
350
2F
  3
Basic
350
32
  3
Brighten
350
36
  3
ColorChange
350
3A
  3
Conceptual
350
34
  3
Dim
350
35
  3
EdgeColorOff
350
3D
  3
Facepattern
350
39
  3
Flat
350
2B
  3
FlatWithEdges
350
2C
  3
Gouraud
350
2D
  3
GouraudWithEdges
350
2E
  3
Hidden
350
31
  3
JitterOff
350
3B
  3
Linepattern
350
38
  3
OverhangOff
350
3C
  3
Realistic
350
33
  3
Shaded
350
42
  3
Shaded with edges
350
41
  3
Shades of Gray
350
3E
  3
Sketchy
350
3F
  3
Thicken
350
37
  3
Wireframe
350
30
  3
X-Ray
350
40
  0
WIPEOUTVARIABLES
  5
2CC
102
{ACAD_REACTORS
330
C
102
}
330
C
100
AcDbWipeoutVariables
 70
     1
  0
XRECORD
  5
2DF
102
{ACAD_REACTORS
330
C
102
}
330
C
100
AcDbXrecord
280
     1
 90
        1
330
114
330
5A
  0
DICTIONARY
  5
2D9
102
{ACAD_REACTORS
330
C
102
}
330
C
100
AcDbDictionary
281
     1
  3
CANNOSCALE
350
2DA
  3
CENTEREXE
350
2E4
  3
CENTERLTYPEFILE
350
2E5
  3
CMLEADERSTYLE
350
2E1
  3
CTABLESTYLE
350
2E0
  0
DICTIONARY
  5
10F
102
{ACAD_REACTORS
330
C
102
}
330
C
100
AcDbDictionary
281
     1
  3
CAXA_DRAFT_CURRENTBOMSTYLE
350
110
  3
GB(4458.2-2003)
350
112
  3
标准
350
111
  0
DICTIONARY
  5
103
102
{ACAD_REACTORS
330
C
102
}
330
C
100
AcDbDictionary
281
     1
  3
CAXA_DRAFT_CURRENTCUTSSTYLE
350
104
  3
GB(17452-1998)
350
106
  3
标准
350
105
  0
DICTIONARY
  5
107
102
{ACAD_REACTORS
330
C
102
}
330
C
100
AcDbDictionary
281
     1
  3
CAXA_DRAFT_CUTSSTYLEOVERRIDE
350
108
  0
DICTIONARY
  5
115
102
{ACAD_REACTORS
330
C
102
}
330
C
100
AcDbDictionary
281
     1
  3
CAXA_DRAFT_DATATABLE*Model_Space
350
116
  0
DICTIONARY
  5
FD
102
{ACAD_REACTORS
330
C
102
}
330
C
100
AcDbDictionary
281
     1
  3
CAXA_DRAFT_CURRENTDATUMSTYLE
350
FE
  3
GB(1182-2008)
350
100
  3
标准
350
FF
  0
DICTIONARY
  5
101
102
{ACAD_REACTORS
330
C
102
}
330
C
100
AcDbDictionary
281
     1
  3
CAXA_DRAFT_DATUMSTYLEOVERRIDE
350
102
  0
DICTIONARY
  5
2CD
102
{ACAD_REACTORS
330
C
102
}
330
C
100
AcDbDictionary
281
     1
  3
CAXA_DRAFT_DIMSTYLE_ANGTXTVPOS
350
2CE
  0
DICTIONARY
  5
2D1
102
{ACAD_REACTORS
330
C
102
}
330
C
100
AcDbDictionary
281
     1
  3
CAXA_DRAFT_DIMSTYLE_ISDISPZEROTOL
350
2D2
  0
DICTIONARY
  5
2CF
102
{ACAD_REACTORS
330
C
102
}
330
C
100
AcDbDictionary
281
     1
  3
CAXA_DRAFT_DIMSTYLE_ISFILLDFM
350
2D0
  0
DICTIONARY
  5
2D3
102
{ACAD_REACTORS
330
C
102
}
330
C
100
AcDbDictionary
281
     1
  3
CAXA_DRAFT_DIMSTYLE_SYMBOLCOLOR
350
2D4
  0
DICTIONARY
  5
2D5
102
{ACAD_REACTORS
330
C
102
}
330
C
100
AcDbDictionary
281
     1
  3
CAXA_DRAFT_DRAFTDATA
350
2D6
  0
DICTIONARY
  5
D0
102
{ACAD_REACTORS
330
C
102
}
330
C
100
AcDbDictionary
281
     1
  3
CAXA_DRAFT_FILEVERSION
350
D1
  0
DICTIONARY
  5
F7
102
{ACAD_REACTORS
330
C
102
}
330
C
100
AcDbDictionary
281
     1
  3
CAXA_DRAFT_CURRENTGEOTOLSTYLE
350
F8
  3
GB(1182-2008)
350
FA
  3
标准
350
F9
  0
DICTIONARY
  5
FB
102
{ACAD_REACTORS
330
C
102
}
330
C
100
AcDbDictionary
281
     1
  3
CAXA_DRAFT_GEOTOLSTYLEOVERRIDE
350
FC
  0
DICTIONARY
  5
E8
102
{ACAD_REACTORS
330
C
102
}
330
C
100
AcDbDictionary
281
     1
  3
CAXA_DRAFT_CURRENTLEADERSTYLE
350
E9
  3
标准
350
EA
  0
DICTIONARY
  5
109
102
{ACAD_REACTORS
330
C
102
}
330
C
100
AcDbDictionary
281
     1
  3
CAXA_DRAFT_CURRENTPARTNOSTYLE
350
10A
  3
GB(4458.2-2003)
350
10C
  3
标准
350
10B
  0
DICTIONARY
  5
10D
102
{ACAD_REACTORS
330
C
102
}
330
C
100
AcDbDictionary
281
     1
  3
CAXA_DRAFT_PARTNOSTYLEOVERRIDE
350
10E
  0
DICTIONARY
  5
F1
102
{ACAD_REACTORS
330
C
102
}
330
C
100
AcDbDictionary
281
     1
  3
CAXA_DRAFT_CURRENTROUGHSTYLE
350
F2
  3
GB(131-93)
350
F4
  3
标准
350
F3
  0
DICTIONARY
  5
F5
102
{ACAD_REACTORS
330
C
102
}
330
C
100
AcDbDictionary
281
     1
  3
CAXA_DRAFT_ROUGHSTYLEOVERRIDE
350
F6
  0
DICTIONARY
  5
2D7
102
{ACAD_REACTORS
330
C
102
}
330
C
100
AcDbDictionary
281
     1
  3
CAXA_DRAFT_STDDATA
350
2D8
  0
DICTIONARY
  5
EB
102
{ACAD_REACTORS
330
C
102
}
330
C
100
AcDbDictionary
281
     1
  3
CAXA_DRAFT_CURRENTWELDSTYLE
350
EC
  3
GB(324-88)
350
EE
  3
标准
350
ED
  0
DICTIONARY
  5
EF
102
{ACAD_REACTORS
330
C
102
}
330
C
100
AcDbDictionary
281
     1
  3
CAXA_DRAFT_WELDSTYLEOVERRIDE
350
F0
  0
LAYOUT
  5
1E
102
{ACAD_REACTORS
330
1A
102
}
330
1A
100
AcDbPlotSettings
  1

  2
none_device
  4

  6

 40
0.0
 41
0.0
 42
0.0
 43
0.0
 44
0.0
 45
0.0
 46
0.0
 47
0.0
 48
0.0
 49
0.0
140
0.0
141
0.0
142
1.0
143
1.0
 70
   688
 72
     1
 73
     0
 74
     5
  7

 75
    16
 76
     0
 77
     2
 78
   300
147
1.0
148
0.0
149
0.0
100
AcDbLayout
  1
Layout1
 70
     1
 71
     1
 10
0.0
 20
0.0
 11
420.0
 21
297.0
 12
0.0
 22
0.0
 32
0.0
 14
1.000000000000000E+20
 24
1.000000000000000E+20
 34
1.000000000000000E+20
 15
-1.000000000000000E+20
 25
-1.000000000000000E+20
 35
-1.000000000000000E+20
146
0.0
 13
0.0
 23
0.0
 33
0.0
 16
1.0
 26
0.0
 36
0.0
 17
0.0
 27
1.0
 37
0.0
 76
     0
330
1B
  0
LAYOUT
  5
22
102
{ACAD_REACTORS
330
1A
102
}
330
1A
100
AcDbPlotSettings
  1

  2
none_device
  4
Letter_(8.50_x_11.00_Inches)
  6

 40
6.35
 41
6.35
 42
6.35000508
 43
6.35000508
 44
215.9
 45
279.4
 46
0.0
 47
0.0
 48
0.0
 49
0.0
140
0.0
141
0.0
142
1.0
143
1.0
 70
  1712
 72
     1
 73
     0
 74
     0
  7

 75
     0
 76
     0
 77
     2
 78
   300
147
1.0
148
0.0
149
0.0
100
AcDbLayout
  1
Model
 70
     1
 71
     0
 10
-105.0
 20
-148.5
 11
105.0
 21
148.5
 12
0.0
 22
0.0
 32
0.0
 14
-114.8190135906387
 24
-65.85714119827412
 34
0.0
 15
525.7307611033153
 25
204.8594214750128
 35
0.0
146
0.0
 13
0.0
 23
0.0
 33
0.0
 16
1.0
 26
0.0
 36
0.0
 17
0.0
 27
1.0
 37
0.0
 76
     0
330
1F
331
29
  0
MATERIAL
  5
45
102
{ACAD_REACTORS
330
43
102
}
330
43
100
AcDbMaterial
  1
ByBlock
 72
     1
 94
      127
  0
MATERIAL
  5
44
102
{ACAD_REACTORS
330
43
102
}
330
43
100
AcDbMaterial
  1
ByLayer
 72
     1
 94
      127
  0
MATERIAL
  5
46
102
{ACAD_REACTORS
330
43
102
}
330
43
100
AcDbMaterial
  1
Global
 72
     1
 94
      127
  0
MLEADERSTYLE
  5
5C
102
{ACAD_REACTORS
330
5B
102
}
330
5B
100
AcDbMLeaderStyle
179
     2
170
     2
171
     1
172
     0
 90
        2
 40
0.0
 41
0.0
173
     1
 91
-1056964608
340
14
 92
       -2
290
     1
 42
2.0
291
     1
 43
8.0
  3
Standard
341
0
 44
4.0
300

342
11
174
     1
178
     6
175
     1
176
     0
 93
-1056964608
 45
4.0
292
     0
297
     0
 46
4.0
343
0
 94
-1056964608
 47
1.0
 49
1.0
140
1.0
293
     1
141
0.0
294
     1
177
     0
142
1.0
295
     0
296
     0
143
3.75
271
     0
272
     9
273
     9
298
     0
  0
MLINESTYLE
  5
18
102
{ACAD_REACTORS
330
17
102
}
330
17
100
AcDbMlineStyle
  2
Standard
 70
     0
  3

 62
   256
 51
90.0
 52
90.0
 71
     2
 49
0.5
 62
   256
  6
BYLAYER
 49
-0.5
 62
   256
  6
BYLAYER
  0
MLINESTYLE
  5
113
102
{ACAD_REACTORS
330
17
102
}
330
17
100
AcDbMlineStyle
  2
标准
 70
     0
  3
标准
 62
   256
 51
90.0
 52
90.0
 71
     2
 49
0.5
 62
   256
  6
BYLAYER
 49
-0.5
 62
   256
  6
BYLAYER
  0
ACDBPLACEHOLDER
  5
F
102
{ACAD_REACTORS
330
E
102
}
330
E
  0
SCALE
  5
48
102
{ACAD_REACTORS
330
47
102
}
330
47
100
AcDbScale
 70
     0
300
1:1
140
1.0
141
1.0
290
     1
  0
SCALE
  5
49
102
{ACAD_REACTORS
330
47
102
}
330
47
100
AcDbScale
 70
     0
300
1:2
140
1.0
141
2.0
290
     0
  0
SCALE
  5
4A
102
{ACAD_REACTORS
330
47
102
}
330
47
100
AcDbScale
 70
     0
300
1:4
140
1.0
141
4.0
290
     0
  0
SCALE
  5
4B
102
{ACAD_REACTORS
330
47
102
}
330
47
100
AcDbScale
 70
     0
300
1:5
140
1.0
141
5.0
290
     0
  0
SCALE
  5
4C
102
{ACAD_REACTORS
330
47
102
}
330
47
100
AcDbScale
 70
     0
300
1:8
140
1.0
141
8.0
290
     0
  0
SCALE
  5
4D
102
{ACAD_REACTORS
330
47
102
}
330
47
100
AcDbScale
 70
     0
300
1:10
140
1.0
141
10.0
290
     0
  0
SCALE
  5
4E
102
{ACAD_REACTORS
330
47
102
}
330
47
100
AcDbScale
 70
     0
300
1:16
140
1.0
141
16.0
290
     0
  0
SCALE
  5
4F
102
{ACAD_REACTORS
330
47
102
}
330
47
100
AcDbScale
 70
     0
300
1:20
140
1.0
141
20.0
290
     0
  0
SCALE
  5
50
102
{ACAD_REACTORS
330
47
102
}
330
47
100
AcDbScale
 70
     0
300
1:30
140
1.0
141
30.0
290
     0
  0
SCALE
  5
51
102
{ACAD_REACTORS
330
47
102
}
330
47
100
AcDbScale
 70
     0
300
1:40
140
1.0
141
40.0
290
     0
  0
SCALE
  5
52
102
{ACAD_REACTORS
330
47
102
}
330
47
100
AcDbScale
 70
     0
300
1:50
140
1.0
141
50.0
290
     0
  0
SCALE
  5
53
102
{ACAD_REACTORS
330
47
102
}
330
47
100
AcDbScale
 70
     0
300
1:100
140
1.0
141
100.0
290
     0
  0
SCALE
  5
54
102
{ACAD_REACTORS
330
47
102
}
330
47
100
AcDbScale
 70
     0
300
2:1
140
2.0
141
1.0
290
     0
  0
SCALE
  5
55
102
{ACAD_REACTORS
330
47
102
}
330
47
100
AcDbScale
 70
     0
300
4:1
140
4.0
141
1.0
290
     0
  0
SCALE
  5
56
102
{ACAD_REACTORS
330
47
102
}
330
47
100
AcDbScale
 70
     0
300
8:1
140
8.0
141
1.0
290
     0
  0
SCALE
  5
57
102
{ACAD_REACTORS
330
47
102
}
330
47
100
AcDbScale
 70
     0
300
10:1
140
10.0
141
1.0
290
     0
  0
SCALE
  5
58
102
{ACAD_REACTORS
330
47
102
}
330
47
100
AcDbScale
 70
     0
300
100:1
140
100.0
141
1.0
290
     0
  0
TABLESTYLE
  5
5A
102
{ACAD_REACTORS
330
59
102
}
102
{ACAD_XDICTIONARY
360
2DB
102
}
330
59
100
AcDbTableStyle
  3
Standard
 70
     0
 71
     0
 40
0.06
 41
0.06
280
     0
281
     0
  7
Standard
140
4.5
170
     2
 62
     0
 63
   257
283
     0
 90
        4
 91
        0
  1

274
    -2
284
     1
 64
     0
275
    -2
285
     1
 65
     0
276
    -2
286
     1
 66
     0
277
    -2
287
     1
 67
     0
278
    -2
288
     1
 68
     0
279
    -2
289
     1
 69
     0
  7
Standard
140
6.0
170
     5
 62
     0
 63
   257
283
     0
 90
        4
 91
        0
  1

274
    -2
284
     1
 64
     0
275
    -2
285
     1
 65
     0
276
    -2
286
     1
 66
     0
277
    -2
287
     1
 67
     0
278
    -2
288
     1
 68
     0
279
    -2
289
     1
 69
     0
  7
Standard
140
4.5
170
     5
 62
     0
 63
   257
283
     0
 90
        4
 91
        0
  1

274
    -2
284
     1
 64
     0
275
    -2
285
     1
 65
     0
276
    -2
286
     1
 66
     0
277
    -2
287
     1
 67
     0
278
    -2
288
     1
 68
     0
279
    -2
289
     1
 69
     0
  0
TABLESTYLE
  5
114
102
{ACAD_REACTORS
330
59
102
}
102
{ACAD_XDICTIONARY
360
2DD
102
}
330
59
100
AcDbTableStyle
  3

 70
     0
 71
     1
 40
0.06
 41
0.06
280
     0
281
     0
  7
标准
140
4.5
170
     2
 62
     0
 63
   257
283
     0
 90
      356
 91
-867041280
  1

274
    -2
284
     1
 64
     0
275
    -2
285
     1
 65
     0
276
    -2
286
     1
 66
     0
277
    -2
287
     1
 67
     0
278
    -2
288
     1
 68
     0
279
    -2
289
     1
 69
     0
  7
标准
140
6.0
170
     5
 62
     0
 63
   257
283
     0
 90
      356
 91
-867041280
  1

274
    -2
284
     1
 64
     0
275
    -2
285
     1
 65
     0
276
    -2
286
     1
 66
     0
277
    -2
287
     1
 67
     0
278
    -2
288
     1
 68
     0
279
    -2
289
     1
 69
     0
  7
标准
140
4.5
170
     5
 62
     0
 63
   257
283
     0
 90
      356
 91
-867041280
  1

274
    -2
284
     1
 64
     0
275
    -2
285
     1
 65
     0
276
    -2
286
     1
 66
     0
277
    -2
287
     1
 67
     0
278
    -2
288
     1
 68
     0
279
    -2
289
     1
 69
     0
  0
VISUALSTYLE
  5
2F
102
{ACAD_REACTORS
330
2A
102
}
330
2A
100
AcDbVisualStyle
  2
2dWireframe
 70
     4
177
     3
291
     0
 70
    58
 90
        0
176
     1
 90
        2
176
     1
 90
        0
176
     1
 90
        0
176
     1
 40
0.6
176
     1
 40
30.0
176
     1
 62
     7
420
 16777215
176
     1
 90
        1
176
     1
 90
        4
176
     1
 62
     7
176
     1
 62
   257
176
     1
 90
        1
176
     1
 90
        1
176
     1
 40
1.0
176
     1
 90
        0
176
     1
 62
   257
176
     1
 40
1.0
176
     1
 90
        1
176
     1
 90
        6
176
     1
 90
        2
176
     1
 62
     7
176
     1
 90
        5
176
     1
 90
        0
176
     1
 90
        0
176
     1
290
     0
176
     1
 90
        1
176
     1
 40
0.0
176
     1
 90
        0
176
     1
290
     1
176
     1
290
     1
176
     1
290
     0
176
     1
290
     0
176
     1
290
     0
176
     1
290
     0
176
     1
290
     0
176
     1
290
     0
176
     1
290
     0
176
     1
 90
       50
176
     1
 40
0.0
176
     1
 40
1.0
176
     1
 90
        0
176
     1
 62
    18
420
        0
176
     1
 90
       50
176
     1
 90
        3
176
     1
 62
     5
420
      255
176
     1
290
     0
176
     1
 90
       50
176
     1
 90
       50
176
     1
 90
       50
176
     1
290
     0
176
     1
 90
       50
176
     1
 62
   256
176
     0
 40
1.0
176
     0
 90
        2
176
     1
  1
strokes_ogs.tif
176
     1
290
     0
176
     1
 40
1.0
176
     1
 40
1.0
176
     1
  0
VISUALSTYLE
  5
32
102
{ACAD_REACTORS
330
2A
102
}
330
2A
100
AcDbVisualStyle
  2
Basic
 70
     7
177
     3
291
     1
 70
    58
 90
        1
176
     1
 90
        0
176
     1
 90
        1
176
     1
 90
        0
176
     1
 40
0.6
176
     1
 40
30.0
176
     1
 62
     7
420
 16777215
176
     1
 90
        0
176
     1
 90
        4
176
     1
 62
     7
176
     1
 62
   257
176
     1
 90
        1
176
     1
 90
        1
176
     1
 40
1.0
176
     1
 90
        8
176
     1
 62
     7
176
     1
 40
1.0
176
     1
 90
        1
176
     1
 90
        6
176
     1
 90
        2
176
     1
 62
     7
176
     1
 90
        5
176
     1
 90
        0
176
     1
 90
        0
176
     1
290
     0
176
     1
 90
        1
176
     1
 40
0.0
176
     1
 90
        0
176
     1
290
     0
176
     1
290
     1
176
     1
290
     1
176
     1
290
     0
176
     1
290
     0
176
     1
290
     0
176
     1
290
     0
176
     1
290
     0
176
     1
290
     0
176
     1
 90
       50
176
     1
 40
0.0
176
     1
 40
1.0
176
     1
 90
        0
176
     1
 62
    18
420
        0
176
     1
 90
       50
176
     1
 90
        3
176
     1
 62
     5
420
      255
176
     1
290
     0
176
     1
 90
       50
176
     1
 90
       50
176
     1
 90
       50
176
     1
290
     0
176
     1
 90
       50
176
     1
 62
   256
176
     0
 40
1.0
176
     0
 90
        2
176
     1
  1
strokes_ogs.tif
176
     1
290
     0
176
     1
 40
1.0
176
     1
 40
1.0
176
     1
  0
VISUALSTYLE
  5
36
102
{ACAD_REACTORS
330
2A
102
}
330
2A
100
AcDbVisualStyle
  2
Brighten
 70
    12
177
     3
291
     1
 70
    58
 90
        2
176
     1
 90
        2
176
     1
 90
        0
176
     1
 90
        0
176
     1
 40
0.6
176
     1
 40
30.0
176
     1
 62
     7
420
 16777215
176
     1
 90
        1
176
     1
 90
        4
176
     1
 62
     7
176
     1
 62
   257
176
     1
 90
        1
176
     1
 90
        1
176
     1
 40
1.0
176
     1
 90
        8
176
     1
 62
     7
176
     1
 40
1.0
176
     1
 90
        1
176
     1
 90
        6
176
     1
 90
        2
176
     1
 62
     7
176
     1
 90
        5
176
     1
 90
        0
176
     1
 90
        0
176
     1
290
     0
176
     1
 90
        1
176
     1
 40
50.0
176
     1
 90
        0
176
     1
290
     0
176
     1
290
     1
176
     1
290
     1
176
     1
290
     0
176
     1
290
     0
176
     1
290
     0
176
     1
290
     0
176
     1
290
     0
176
     1
290
     0
176
     1
 90
       50
176
     1
 40
0.0
176
     1
 40
1.0
176
     1
 90
        0
176
     1
 62
    18
420
        0
176
     1
 90
       50
176
     1
 90
        3
176
     1
 62
     5
420
      255
176
     1
290
     0
176
     1
 90
       50
176
     1
 90
       50
176
     1
 90
       50
176
     1
290
     0
176
     1
 90
       50
176
     1
 62
   256
176
     0
 40
1.0
176
     0
 90
        2
176
     1
  1
strokes_ogs.tif
176
     1
290
     0
176
     1
 40
1.0
176
     1
 40
1.0
176
     1
  0
VISUALSTYLE
  5
3A
102
{ACAD_REACTORS
330
2A
102
}
330
2A
100
AcDbVisualStyle
  2
ColorChange
 70
    16
177
     3
291
     1
 70
    58
 90
        2
176
     1
 90
        2
176
     1
 90
        3
176
     1
 90
        0
176
     1
 40
0.6
176
     1
 40
30.0
176
     1
 62
     8
420
  8421504
176
     1
 90
        1
176
     1
 90
        4
176
     1
 62
     7
176
     1
 62
   257
176
     1
 90
        1
176
     1
 90
        1
176
     1
 40
1.0
176
     1
 90
        8
176
     1
 62
     8
420
  8421504
176
     1
 40
1.0
176
     1
 90
        1
176
     1
 90
        6
176
     1
 90
        2
176
     1
 62
     7
176
     1
 90
        5
176
     1
 90
        0
176
     1
 90
        0
176
     1
290
     0
176
     1
 90
        1
176
     1
 40
0.0
176
     1
 90
        0
176
     1
290
     0
176
     1
290
     1
176
     1
290
     1
176
     1
290
     0
176
     1
290
     0
176
     1
290
     0
176
     1
290
     0
176
     1
290
     0
176
     1
290
     0
176
     1
 90
       50
176
     1
 40
0.0
176
     1
 40
1.0
176
     1
 90
        0
176
     1
 62
    18
420
        0
176
     1
 90
       50
176
     1
 90
        3
176
     1
 62
     5
420
      255
176
     1
290
     0
176
     1
 90
       50
176
     1
 90
       50
176
     1
 90
       50
176
     1
290
     0
176
     1
 90
       50
176
     1
 62
   256
176
     0
 40
1.0
176
     0
 90
        2
176
     1
  1
strokes_ogs.tif
176
     1
290
     0
176
     1
 40
1.0
176
     1
 40
1.0
176
     1
  0
VISUALSTYLE
  5
34
102
{ACAD_REACTORS
330
2A
102
}
330
2A
100
AcDbVisualStyle
  2
Conceptual
 70
     9
177
     3
291
     0
 70
    58
 90
        3
176
     1
 90
        2
176
     1
 90
        0
176
     1
 90
        0
176
     1
 40
0.6
176
     1
 40
30.0
176
     1
 62
     7
420
 16777215
176
     1
 90
        2
176
     1
 90
        2
176
     1
 62
     7
176
     1
 62
   257
176
     1
 90
        1
176
     1
 90
        1
176
     1
 40
179.0
176
     1
 90
        8
176
     1
 62
     7
176
     1
 40
1.0
176
     1
 90
        1
176
     1
 90
        6
176
     1
 90
        2
176
     1
 62
     7
176
     1
 90
        3
176
     1
 90
        0
176
     1
 90
        0
176
     1
290
     0
176
     1
 90
        1
176
     1
 40
0.0
176
     1
 90
        0
176
     1
290
     0
176
     1
290
     1
176
     1
290
     1
176
     1
290
     0
176
     1
290
     0
176
     1
290
     0
176
     1
290
     0
176
     1
290
     0
176
     1
290
     0
176
     1
 90
       50
176
     1
 40
0.0
176
     1
 40
1.0
176
     1
 90
        0
176
     1
 62
    18
420
        0
176
     1
 90
       50
176
     1
 90
        3
176
     1
 62
     5
420
      255
176
     1
290
     0
176
     1
 90
       50
176
     1
 90
       50
176
     1
 90
       50
176
     1
290
     0
176
     1
 90
       50
176
     1
 62
   256
176
     0
 40
1.0
176
     0
 90
        2
176
     1
  1
strokes_ogs.tif
176
     1
290
     0
176
     1
 40
1.0
176
     1
 40
1.0
176
     1
  0
VISUALSTYLE
  5
35
102
{ACAD_REACTORS
330
2A
102
}
330
2A
100
AcDbVisualStyle
  2
Dim
 70
    11
177
     3
291
     1
 70
    58
 90
        2
176
     1
 90
        2
176
     1
 90
        0
176
     1
 90
        0
176
     1
 40
0.6
176
     1
 40
30.0
176
     1
 62
     7
420
 16777215
176
     1
 90
        1
176
     1
 90
        4
176
     1
 62
     7
176
     1
 62
   257
176
     1
 90
        1
176
     1
 90
        1
176
     1
 40
1.0
176
     1
 90
        8
176
     1
 62
     7
176
     1
 40
1.0
176
     1
 90
        1
176
     1
 90
        6
176
     1
 90
        2
176
     1
 62
     7
176
     1
 90
        5
176
     1
 90
        0
176
     1
 90
        0
176
     1
290
     0
176
     1
 90
        1
176
     1
 40
-50.0
176
     1
 90
        0
176
     1
290
     0
176
     1
290
     1
176
     1
290
     1
176
     1
290
     0
176
     1
290
     0
176
     1
290
     0
176
     1
290
     0
176
     1
290
     0
176
     1
290
     0
176
     1
 90
       50
176
     1
 40
0.0
176
     1
 40
1.0
176
     1
 90
        0
176
     1
 62
    18
420
        0
176
     1
 90
       50
176
     1
 90
        3
176
     1
 62
     5
420
      255
176
     1
290
     0
176
     1
 90
       50
176
     1
 90
       50
176
     1
 90
       50
176
     1
290
     0
176
     1
 90
       50
176
     1
 62
   256
176
     0
 40
1.0
176
     0
 90
        2
176
     1
  1
strokes_ogs.tif
176
     1
290
     0
176
     1
 40
1.0
176
     1
 40
1.0
176
     1
  0
VISUALSTYLE
  5
3D
102
{ACAD_REACTORS
330
2A
102
}
330
2A
100
AcDbVisualStyle
  2
EdgeColorOff
 70
    22
177
     3
291
     1
 70
    58
 90
        2
176
     0
 90
        2
176
     0
 90
        0
176
     0
 90
        0
176
     0
 40
0.6
176
     0
 40
30.0
176
     0
 62
     7
420
 16777215
176
     0
 90
        1
176
     0
 90
        4
176
     0
 62
     7
176
     0
 62
   257
176
     0
 90
        1
176
     0
 90
        1
176
     0
 40
1.0
176
     0
 90
        8
176
     2
 62
     7
176
     0
 40
1.0
176
     0
 90
        1
176
     0
 90
        6
176
     0
 90
        2
176
     0
 62
     7
176
     0
 90
        5
176
     0
 90
        0
176
     0
 90
        0
176
     0
290
     0
176
     0
 90
        1
176
     0
 40
0.0
176
     0
 90
        0
176
     0
290
     0
176
     0
290
     1
176
     0
290
     1
176
     0
290
     0
176
     0
290
     0
176
     0
290
     0
176
     0
290
     0
176
     0
290
     0
176
     0
290
     0
176
     0
 90
       50
176
     0
 40
0.0
176
     0
 40
1.0
176
     0
 90
        0
176
     0
 62
    18
420
        0
176
     0
 90
       50
176
     0
 90
        3
176
     0
 62
     5
420
      255
176
     0
290
     0
176
     0
 90
       50
176
     0
 90
       50
176
     0
 90
       50
176
     0
290
     0
176
     0
 90
       50
176
     0
 62
   256
176
     0
 40
1.0
176
     0
 90
        2
176
     0
  1
strokes_ogs.tif
176
     0
290
     0
176
     0
 40
1.0
176
     0
 40
1.0
176
     0
  0
VISUALSTYLE
  5
39
102
{ACAD_REACTORS
330
2A
102
}
330
2A
100
AcDbVisualStyle
  2
Facepattern
 70
    15
177
     3
291
     1
 70
    58
 90
        2
176
     1
 90
        2
176
     1
 90
        0
176
     1
 90
        0
176
     1
 40
0.6
176
     1
 40
30.0
176
     1
 62
     7
420
 16777215
176
     1
 90
        1
176
     1
 90
        4
176
     1
 62
     7
176
     1
 62
   257
176
     1
 90
        1
176
     1
 90
        1
176
     1
 40
1.0
176
     1
 90
        8
176
     1
 62
     7
176
     1
 40
1.0
176
     1
 90
        1
176
     1
 90
        6
176
     1
 90
        2
176
     1
 62
     7
176
     1
 90
        5
176
     1
 90
        0
176
     1
 90
        0
176
     1
290
     0
176
     1
 90
        1
176
     1
 40
0.0
176
     1
 90
        0
176
     1
290
     0
176
     1
290
     1
176
     1
290
     1
176
     1
290
     0
176
     1
290
     0
176
     1
290
     0
176
     1
290
     0
176
     1
290
     0
176
     1
290
     0
176
     1
 90
       50
176
     1
 40
0.0
176
     1
 40
1.0
176
     1
 90
        0
176
     1
 62
    18
420
        0
176
     1
 90
       50
176
     1
 90
        3
176
     1
 62
     5
420
      255
176
     1
290
     0
176
     1
 90
       50
176
     1
 90
       50
176
     1
 90
       50
176
     1
290
     0
176
     1
 90
       50
176
     1
 62
   256
176
     0
 40
1.0
176
     0
 90
        2
176
     1
  1
strokes_ogs.tif
176
     1
290
     0
176
     1
 40
1.0
176
     1
 40
1.0
176
     1
  0
VISUALSTYLE
  5
2B
102
{ACAD_REACTORS
330
2A
102
}
330
2A
100
AcDbVisualStyle
  2
Flat
 70
     0
177
     3
291
     1
 70
    58
 90
        2
176
     1
 90
        1
176
     1
 90
        1
176
     1
 90
        2
176
     1
 40
0.6
176
     1
 40
30.0
176
     1
 62
     7
420
 16777215
176
     1
 90
        0
176
     1
 90
        0
176
     1
 62
     7
176
     1
 62
   257
176
     1
 90
        1
176
     1
 90
        1
176
     1
 40
1.0
176
     1
 90
        8
176
     1
 62
     7
176
     1
 40
1.0
176
     1
 90
        1
176
     1
 90
        6
176
     1
 90
        2
176
     1
 62
     7
176
     1
 90
        5
176
     1
 90
        0
176
     1
 90
        0
176
     1
290
     0
176
     1
 90
       13
176
     1
 40
0.0
176
     1
 90
        0
176
     1
290
     0
176
     1
290
     1
176
     1
290
     1
176
     1
290
     0
176
     1
290
     0
176
     1
290
     0
176
     1
290
     0
176
     1
290
     0
176
     1
290
     0
176
     1
 90
       50
176
     1
 40
0.0
176
     1
 40
1.0
176
     1
 90
        0
176
     1
 62
    18
420
        0
176
     1
 90
       50
176
     1
 90
        3
176
     1
 62
     5
420
      255
176
     1
290
     0
176
     1
 90
       50
176
     1
 90
       50
176
     1
 90
       50
176
     1
290
     0
176
     1
 90
       50
176
     1
 62
   256
176
     0
 40
1.0
176
     0
 90
        2
176
     1
  1
strokes_ogs.tif
176
     1
290
     0
176
     1
 40
1.0
176
     1
 40
1.0
176
     1
  0
VISUALSTYLE
  5
2C
102
{ACAD_REACTORS
330
2A
102
}
330
2A
100
AcDbVisualStyle
  2
FlatWithEdges
 70
     1
177
     3
291
     1
 70
    58
 90
        2
176
     1
 90
        1
176
     1
 90
        1
176
     1
 90
        2
176
     1
 40
0.6
176
     1
 40
30.0
176
     1
 62
     7
420
 16777215
176
     1
 90
        1
176
     1
 90
        0
176
     1
 62
     7
176
     1
 62
   257
176
     1
 90
        1
176
     1
 90
        1
176
     1
 40
1.0
176
     1
 90
        0
176
     1
 62
   257
176
     1
 40
1.0
176
     1
 90
        1
176
     1
 90
        6
176
     1
 90
        2
176
     1
 62
     7
176
     1
 90
        5
176
     1
 90
        0
176
     1
 90
        0
176
     1
290
     0
176
     1
 90
       13
176
     1
 40
0.0
176
     1
 90
        0
176
     1
290
     0
176
     1
290
     1
176
     1
290
     1
176
     1
290
     0
176
     1
290
     0
176
     1
290
     0
176
     1
290
     0
176
     1
290
     0
176
     1
290
     0
176
     1
 90
       50
176
     1
 40
0.0
176
     1
 40
1.0
176
     1
 90
        0
176
     1
 62
    18
420
        0
176
     1
 90
       50
176
     1
 90
        3
176
     1
 62
     5
420
      255
176
     1
290
     0
176
     1
 90
       50
176
     1
 90
       50
176
     1
 90
       50
176
     1
290
     0
176
     1
 90
       50
176
     1
 62
   256
176
     0
 40
1.0
176
     0
 90
        2
176
     1
  1
strokes_ogs.tif
176
     1
290
     0
176
     1
 40
1.0
176
     1
 40
1.0
176
     1
  0
VISUALSTYLE
  5
2D
102
{ACAD_REACTORS
330
2A
102
}
330
2A
100
AcDbVisualStyle
  2
Gouraud
 70
     2
177
     3
291
     1
 70
    58
 90
        2
176
     1
 90
        2
176
     1
 90
        1
176
     1
 90
        2
176
     1
 40
0.6
176
     1
 40
30.0
176
     1
 62
     7
420
 16777215
176
     1
 90
        0
176
     1
 90
        0
176
     1
 62
     7
176
     1
 62
   257
176
     1
 90
        1
176
     1
 90
        1
176
     1
 40
1.0
176
     1
 90
        0
176
     1
 62
     7
176
     1
 40
1.0
176
     1
 90
        1
176
     1
 90
        6
176
     1
 90
        2
176
     1
 62
     7
176
     1
 90
        5
176
     1
 90
        0
176
     1
 90
        0
176
     1
290
     0
176
     1
 90
       13
176
     1
 40
0.0
176
     1
 90
        0
176
     1
290
     0
176
     1
290
     1
176
     1
290
     1
176
     1
290
     0
176
     1
290
     0
176
     1
290
     0
176
     1
290
     0
176
     1
290
     0
176
     1
290
     0
176
     1
 90
       50
176
     1
 40
0.0
176
     1
 40
1.0
176
     1
 90
        0
176
     1
 62
    18
420
        0
176
     1
 90
       50
176
     1
 90
        3
176
     1
 62
     5
420
      255
176
     1
290
     0
176
     1
 90
       50
176
     1
 90
       50
176
     1
 90
       50
176
     1
290
     0
176
     1
 90
       50
176
     1
 62
   256
176
     0
 40
1.0
176
     0
 90
        2
176
     1
  1
strokes_ogs.tif
176
     1
290
     0
176
     1
 40
1.0
176
     1
 40
1.0
176
     1
  0
VISUALSTYLE
  5
2E
102
{ACAD_REACTORS
330
2A
102
}
330
2A
100
AcDbVisualStyle
  2
GouraudWithEdges
 70
     3
177
     3
291
     1
 70
    58
 90
        2
176
     1
 90
        2
176
     1
 90
        1
176
     1
 90
        2
176
     1
 40
0.6
176
     1
 40
30.0
176
     1
 62
     7
420
 16777215
176
     1
 90
        1
176
     1
 90
        0
176
     1
 62
     7
176
     1
 62
   257
176
     1
 90
        1
176
     1
 90
        1
176
     1
 40
1.0
176
     1
 90
        0
176
     1
 62
   257
176
     1
 40
1.0
176
     1
 90
        1
176
     1
 90
        6
176
     1
 90
        2
176
     1
 62
     7
176
     1
 90
        5
176
     1
 90
        0
176
     1
 90
        0
176
     1
290
     0
176
     1
 90
       13
176
     1
 40
0.0
176
     1
 90
        0
176
     1
290
     0
176
     1
290
     1
176
     1
290
     1
176
     1
290
     0
176
     1
290
     0
176
     1
290
     0
176
     1
290
     0
176
     1
290
     0
176
     1
290
     0
176
     1
 90
       50
176
     1
 40
0.0
176
     1
 40
1.0
176
     1
 90
        0
176
     1
 62
    18
420
        0
176
     1
 90
       50
176
     1
 90
        3
176
     1
 62
     5
420
      255
176
     1
290
     0
176
     1
 90
       50
176
     1
 90
       50
176
     1
 90
       50
176
     1
290
     0
176
     1
 90
       50
176
     1
 62
   256
176
     0
 40
1.0
176
     0
 90
        2
176
     1
  1
strokes_ogs.tif
176
     1
290
     0
176
     1
 40
1.0
176
     1
 40
1.0
176
     1
  0
VISUALSTYLE
  5
31
102
{ACAD_REACTORS
330
2A
102
}
330
2A
100
AcDbVisualStyle
  2
Hidden
 70
     6
177
     3
291
     0
 70
    58
 90
        1
176
     1
 90
        2
176
     1
 90
        2
176
     1
 90
        0
176
     1
 40
0.6
176
     1
 40
30.0
176
     1
 62
     7
420
 16777215
176
     1
 90
        2
176
     1
 90
        2
176
     1
 62
     7
176
     1
 62
   257
176
     1
 90
        2
176
     1
 90
        1
176
     1
 40
40.0
176
     1
 90
        0
176
     1
 62
   257
176
     1
 40
1.0
176
     1
 90
        1
176
     1
 90
        6
176
     1
 90
        2
176
     1
 62
     7
176
     1
 90
        3
176
     1
 90
        0
176
     1
 90
        0
176
     1
290
     0
176
     1
 90
        1
176
     1
 40
0.0
176
     1
 90
        0
176
     1
290
     0
176
     1
290
     1
176
     1
290
     1
176
     1
290
     0
176
     1
290
     0
176
     1
290
     0
176
     1
290
     0
176
     1
290
     0
176
     1
290
     0
176
     1
 90
       50
176
     1
 40
0.0
176
     1
 40
1.0
176
     1
 90
        0
176
     1
 62
    18
420
        0
176
     1
 90
       50
176
     1
 90
        3
176
     1
 62
     5
420
      255
176
     1
290
     0
176
     1
 90
       50
176
     1
 90
       50
176
     1
 90
       50
176
     1
290
     0
176
     1
 90
       50
176
     1
 62
   256
176
     0
 40
1.0
176
     0
 90
        2
176
     1
  1
strokes_ogs.tif
176
     1
290
     0
176
     1
 40
1.0
176
     1
 40
1.0
176
     1
  0
VISUALSTYLE
  5
3B
102
{ACAD_REACTORS
330
2A
102
}
330
2A
100
AcDbVisualStyle
  2
JitterOff
 70
    20
177
     3
291
     1
 70
    58
 90
        2
176
     0
 90
        2
176
     0
 90
        0
176
     0
 90
        0
176
     0
 40
0.6
176
     0
 40
30.0
176
     0
 62
     7
420
 16777215
176
     0
 90
        1
176
     0
 90
        4
176
     0
 62
     7
176
     0
 62
   257
176
     0
 90
        1
176
     0
 90
        1
176
     0
 40
1.0
176
     0
 90
       10
176
     2
 62
     7
176
     0
 40
1.0
176
     0
 90
        1
176
     0
 90
        6
176
     0
 90
        2
176
     0
 62
     7
176
     0
 90
        5
176
     0
 90
        0
176
     0
 90
        0
176
     0
290
     0
176
     0
 90
        1
176
     0
 40
0.0
176
     0
 90
        0
176
     0
290
     0
176
     0
290
     1
176
     0
290
     1
176
     0
290
     0
176
     0
290
     0
176
     0
290
     0
176
     0
290
     0
176
     0
290
     0
176
     0
290
     0
176
     0
 90
       50
176
     0
 40
0.0
176
     0
 40
1.0
176
     0
 90
        0
176
     0
 62
    18
420
        0
176
     0
 90
       50
176
     0
 90
        3
176
     0
 62
     5
420
      255
176
     0
290
     0
176
     0
 90
       50
176
     0
 90
       50
176
     0
 90
       50
176
     0
290
     0
176
     0
 90
       50
176
     0
 62
   256
176
     0
 40
1.0
176
     0
 90
        2
176
     0
  1
strokes_ogs.tif
176
     0
290
     0
176
     0
 40
1.0
176
     0
 40
1.0
176
     0
  0
VISUALSTYLE
  5
38
102
{ACAD_REACTORS
330
2A
102
}
330
2A
100
AcDbVisualStyle
  2
Linepattern
 70
    14
177
     3
291
     1
 70
    58
 90
        2
176
     1
 90
        2
176
     1
 90
        0
176
     1
 90
        0
176
     1
 40
0.6
176
     1
 40
30.0
176
     1
 62
     7
420
 16777215
176
     1
 90
        1
176
     1
 90
        4
176
     1
 62
     7
176
     1
 62
   257
176
     1
 90
        7
176
     1
 90
        7
176
     1
 40
1.0
176
     1
 90
        8
176
     1
 62
     7
176
     1
 40
1.0
176
     1
 90
        1
176
     1
 90
        6
176
     1
 90
        2
176
     1
 62
     7
176
     1
 90
        5
176
     1
 90
        0
176
     1
 90
        0
176
     1
290
     0
176
     1
 90
        1
176
     1
 40
0.0
176
     1
 90
        0
176
     1
290
     0
176
     1
290
     1
176
     1
290
     1
176
     1
290
     0
176
     1
290
     0
176
     1
290
     0
176
     1
290
     0
176
     1
290
     0
176
     1
290
     0
176
     1
 90
       50
176
     1
 40
0.0
176
     1
 40
1.0
176
     1
 90
        0
176
     1
 62
    18
420
        0
176
     1
 90
       50
176
     1
 90
        3
176
     1
 62
     5
420
      255
176
     1
290
     0
176
     1
 90
       50
176
     1
 90
       50
176
     1
 90
       50
176
     1
290
     0
176
     1
 90
       50
176
     1
 62
   256
176
     0
 40
1.0
176
     0
 90
        2
176
     1
  1
strokes_ogs.tif
176
     1
290
     0
176
     1
 40
1.0
176
     1
 40
1.0
176
     1
  0
VISUALSTYLE
  5
3C
102
{ACAD_REACTORS
330
2A
102
}
330
2A
100
AcDbVisualStyle
  2
OverhangOff
 70
    21
177
     3
291
     1
 70
    58
 90
        2
176
     0
 90
        2
176
     0
 90
        0
176
     0
 90
        0
176
     0
 40
0.6
176
     0
 40
30.0
176
     0
 62
     7
420
 16777215
176
     0
 90
        1
176
     0
 90
        4
176
     0
 62
     7
176
     0
 62
   257
176
     0
 90
        1
176
     0
 90
        1
176
     0
 40
1.0
176
     0
 90
        9
176
     2
 62
     7
176
     0
 40
1.0
176
     0
 90
        1
176
     0
 90
        6
176
     0
 90
        2
176
     0
 62
     7
176
     0
 90
        5
176
     0
 90
        0
176
     0
 90
        0
176
     0
290
     0
176
     0
 90
        1
176
     0
 40
0.0
176
     0
 90
        0
176
     0
290
     0
176
     0
290
     1
176
     0
290
     1
176
     0
290
     0
176
     0
290
     0
176
     0
290
     0
176
     0
290
     0
176
     0
290
     0
176
     0
290
     0
176
     0
 90
       50
176
     0
 40
0.0
176
     0
 40
1.0
176
     0
 90
        0
176
     0
 62
    18
420
        0
176
     0
 90
       50
176
     0
 90
        3
176
     0
 62
     5
420
      255
176
     0
290
     0
176
     0
 90
       50
176
     0
 90
       50
176
     0
 90
       50
176
     0
290
     0
176
     0
 90
       50
176
     0
 62
   256
176
     0
 40
1.0
176
     0
 90
        2
176
     0
  1
strokes_ogs.tif
176
     0
290
     0
176
     0
 40
1.0
176
     0
 40
1.0
176
     0
  0
VISUALSTYLE
  5
33
102
{ACAD_REACTORS
330
2A
102
}
330
2A
100
AcDbVisualStyle
  2
Realistic
 70
     8
177
     3
291
     0
 70
    58
 90
        2
176
     1
 90
        3
176
     1
 90
        0
176
     1
 90
        2
176
     1
 40
0.6
176
     1
 40
30.0
176
     1
 62
     7
420
 16777215
176
     1
 90
        0
176
     1
 90
        0
176
     1
 62
     7
176
     1
 62
   257
176
     1
 90
        1
176
     1
 90
        1
176
     1
 40
1.0
176
     1
 90
        8
176
     1
 62
   257
176
     1
 40
1.0
176
     1
 90
        1
176
     1
 90
        6
176
     1
 90
        2
176
     1
 62
     7
176
     1
 90
        3
176
     1
 90
        0
176
     1
 90
        0
176
     1
290
     0
176
     1
 90
       13
176
     1
 40
0.0
176
     1
 90
        0
176
     1
290
     0
176
     1
290
     1
176
     1
290
     1
176
     1
290
     0
176
     1
290
     0
176
     1
290
     0
176
     1
290
     0
176
     1
290
     0
176
     1
290
     0
176
     1
 90
       50
176
     1
 40
0.0
176
     1
 40
1.0
176
     1
 90
        0
176
     1
 62
    18
420
        0
176
     1
 90
       50
176
     1
 90
        3
176
     1
 62
     5
420
      255
176
     1
290
     0
176
     1
 90
       50
176
     1
 90
       50
176
     1
 90
       50
176
     1
290
     0
176
     1
 90
       50
176
     1
 62
   256
176
     0
 40
1.0
176
     0
 90
        2
176
     1
  1
strokes_ogs.tif
176
     1
290
     0
176
     1
 40
1.0
176
     1
 40
1.0
176
     1
  0
VISUALSTYLE
  5
42
102
{ACAD_REACTORS
330
2A
102
}
330
2A
100
AcDbVisualStyle
  2
Shaded
 70
    27
177
     3
291
     0
 70
    58
 90
        2
176
     1
 90
        2
176
     1
 90
        1
176
     1
 90
        2
176
     1
 40
0.6
176
     1
 40
30.0
176
     1
 62
     7
420
 16777215
176
     1
 90
        0
176
     1
 90
        4
176
     1
 62
     7
176
     1
 62
   257
176
     1
 90
        1
176
     1
 90
        1
176
     1
 40
1.0
176
     1
 90
        8
176
     1
 62
   257
176
     1
 40
1.0
176
     1
 90
        1
176
     1
 90
        6
176
     1
 90
        2
176
     1
 62
     8
420
  7895160
176
     1
 90
        3
176
     1
 90
        0
176
     1
 90
        0
176
     1
290
     0
176
     1
 90
        5
176
     1
 40
0.0
176
     1
 90
        0
176
     1
290
     0
176
     1
290
     1
176
     1
290
     1
176
     1
290
     0
176
     1
290
     0
176
     1
290
     0
176
     1
290
     0
176
     1
290
     0
176
     1
290
     0
176
     1
 90
       50
176
     1
 40
0.0
176
     1
 40
1.0
176
     1
 90
        0
176
     1
 62
    18
420
        0
176
     1
 90
       50
176
     1
 90
        3
176
     1
 62
     5
420
      255
176
     1
290
     0
176
     1
 90
       50
176
     1
 90
       50
176
     1
 90
       50
176
     1
290
     0
176
     1
 90
       50
176
     1
 62
   256
176
     0
 40
1.0
176
     0
 90
        2
176
     1
  1
strokes_ogs.tif
176
     1
290
     0
176
     1
 40
1.0
176
     1
 40
1.0
176
     1
  0
VISUALSTYLE
  5
41
102
{ACAD_REACTORS
330
2A
102
}
330
2A
100
AcDbVisualStyle
  2
Shaded with edges
 70
    26
177
     3
291
     0
 70
    58
 90
        2
176
     1
 90
        2
176
     1
 90
        1
176
     1
 90
        2
176
     1
 40
0.6
176
     1
 40
30.0
176
     1
 62
     7
420
 16777215
176
     1
 90
        1
176
     1
 90
       10
176
     1
 62
     7
176
     1
 62
   257
176
     1
 90
        2
176
     1
 90
        1
176
     1
 40
1.0
176
     1
 90
        8
176
     1
 62
   257
176
     1
 40
1.0
176
     1
 90
        1
176
     1
 90
        6
176
     1
 90
        2
176
     1
 62
     7
176
     1
 90
        3
176
     1
 90
        0
176
     1
 90
        0
176
     1
290
     0
176
     1
 90
        5
176
     1
 40
0.0
176
     1
 90
        0
176
     1
290
     0
176
     1
290
     1
176
     1
290
     1
176
     1
290
     0
176
     1
290
     0
176
     1
290
     0
176
     1
290
     0
176
     1
290
     0
176
     1
290
     0
176
     1
 90
       50
176
     1
 40
0.0
176
     1
 40
1.0
176
     1
 90
        0
176
     1
 62
    18
420
        0
176
     1
 90
       50
176
     1
 90
        3
176
     1
 62
     5
420
      255
176
     1
290
     0
176
     1
 90
       50
176
     1
 90
       50
176
     1
 90
       50
176
     1
290
     0
176
     1
 90
       50
176
     1
 62
   256
176
     0
 40
1.0
176
     0
 90
        2
176
     1
  1
strokes_ogs.tif
176
     1
290
     0
176
     1
 40
1.0
176
     1
 40
1.0
176
     1
  0
VISUALSTYLE
  5
3E
102
{ACAD_REACTORS
330
2A
102
}
330
2A
100
AcDbVisualStyle
  2
Shades of Gray
 70
    23
177
     3
291
     0
 70
    58
 90
        2
176
     1
 90
        2
176
     1
 90
        3
176
     1
 90
        0
176
     1
 40
0.6
176
     1
 40
30.0
176
     1
 62
     7
420
 16777215
176
     1
 90
        2
176
     1
 90
        2
176
     1
 62
     7
176
     1
 62
     7
176
     1
 90
        1
176
     1
 90
        1
176
     1
 40
40.0
176
     1
 90
        8
176
     1
 62
     7
176
     1
 40
1.0
176
     1
 90
        1
176
     1
 90
        6
176
     1
 90
        2
176
     1
 62
     7
176
     1
 90
        3
176
     1
 90
        0
176
     1
 90
        0
176
     1
290
     0
176
     1
 90
        1
176
     1
 40
0.0
176
     1
 90
        0
176
     1
290
     0
176
     1
290
     1
176
     1
290
     1
176
     1
290
     0
176
     1
290
     0
176
     1
290
     0
176
     1
290
     0
176
     1
290
     0
176
     1
290
     0
176
     1
 90
       50
176
     1
 40
0.0
176
     1
 40
1.0
176
     1
 90
        0
176
     1
 62
    18
420
        0
176
     1
 90
       50
176
     1
 90
        3
176
     1
 62
     5
420
      255
176
     1
290
     0
176
     1
 90
       50
176
     1
 90
       50
176
     1
 90
       50
176
     1
290
     0
176
     1
 90
       50
176
     1
 62
   256
176
     0
 40
1.0
176
     0
 90
        2
176
     1
  1
strokes_ogs.tif
176
     1
290
     0
176
     1
 40
1.0
176
     1
 40
1.0
176
     1
  0
VISUALSTYLE
  5
3F
102
{ACAD_REACTORS
330
2A
102
}
330
2A
100
AcDbVisualStyle
  2
Sketchy
 70
    24
177
     3
291
     0
 70
    58
 90
        1
176
     1
 90
        2
176
     1
 90
        2
176
     1
 90
        0
176
     1
 40
0.6
176
     1
 40
30.0
176
     1
 62
     7
420
 16777215
176
     1
 90
        2
176
     1
 90
        2
176
     1
 62
     7
176
     1
 62
     7
176
     1
 90
        1
176
     1
 90
        1
176
     1
 40
40.0
176
     1
 90
       11
176
     1
 62
     7
176
     1
 40
1.0
176
     1
 90
        1
176
     1
 90
        6
176
     1
 90
        2
176
     1
 62
     7
176
     1
 90
        6
176
     1
 90
        0
176
     1
 90
        0
176
     1
290
     0
176
     1
 90
        1
176
     1
 40
0.0
176
     1
 90
        0
176
     1
290
     0
176
     1
290
     1
176
     1
290
     1
176
     1
290
     0
176
     1
290
     0
176
     1
290
     0
176
     1
290
     0
176
     1
290
     0
176
     1
290
     0
176
     1
 90
       50
176
     1
 40
0.0
176
     1
 40
1.0
176
     1
 90
        0
176
     1
 62
    18
420
        0
176
     1
 90
       50
176
     1
 90
        3
176
     1
 62
     5
420
      255
176
     1
290
     0
176
     1
 90
       50
176
     1
 90
       50
176
     1
 90
       50
176
     1
290
     0
176
     1
 90
       50
176
     1
 62
   256
176
     0
 40
1.0
176
     0
 90
        2
176
     1
  1
strokes_ogs.tif
176
     1
290
     0
176
     1
 40
1.0
176
     1
 40
1.0
176
     1
  0
VISUALSTYLE
  5
37
102
{ACAD_REACTORS
330
2A
102
}
330
2A
100
AcDbVisualStyle
  2
Thicken
 70
    13
177
     3
291
     1
 70
    58
 90
        2
176
     1
 90
        2
176
     1
 90
        0
176
     1
 90
        0
176
     1
 40
0.6
176
     1
 40
30.0
176
     1
 62
     7
420
 16777215
176
     1
 90
        1
176
     1
 90
        4
176
     1
 62
     7
176
     1
 62
   257
176
     1
 90
        1
176
     1
 90
        1
176
     1
 40
1.0
176
     1
 90
       12
176
     1
 62
     7
176
     1
 40
1.0
176
     1
 90
        1
176
     1
 90
        6
176
     1
 90
        2
176
     1
 62
     7
176
     1
 90
        5
176
     1
 90
        0
176
     1
 90
        0
176
     1
290
     0
176
     1
 90
        1
176
     1
 40
0.0
176
     1
 90
        0
176
     1
290
     0
176
     1
290
     1
176
     1
290
     1
176
     1
290
     0
176
     1
290
     0
176
     1
290
     0
176
     1
290
     0
176
     1
290
     0
176
     1
290
     0
176
     1
 90
       50
176
     1
 40
0.0
176
     1
 40
1.0
176
     1
 90
        0
176
     1
 62
    18
420
        0
176
     1
 90
       50
176
     1
 90
        3
176
     1
 62
     5
420
      255
176
     1
290
     0
176
     1
 90
       50
176
     1
 90
       50
176
     1
 90
       50
176
     1
290
     0
176
     1
 90
       50
176
     1
 62
   256
176
     0
 40
1.0
176
     0
 90
        2
176
     1
  1
strokes_ogs.tif
176
     1
290
     0
176
     1
 40
1.0
176
     1
 40
1.0
176
     1
  0
VISUALSTYLE
  5
30
102
{ACAD_REACTORS
330
2A
102
}
330
2A
100
AcDbVisualStyle
  2
Wireframe
 70
     5
177
     3
291
     0
 70
    58
 90
        0
176
     1
 90
        2
176
     1
 90
        0
176
     1
 90
        0
176
     1
 40
0.6
176
     1
 40
30.0
176
     1
 62
     7
420
 16777215
176
     1
 90
        1
176
     1
 90
        4
176
     1
 62
     7
176
     1
 62
   257
176
     1
 90
        1
176
     1
 90
        1
176
     1
 40
1.0
176
     1
 90
        0
176
     1
 62
   257
176
     1
 40
1.0
176
     1
 90
        1
176
     1
 90
        6
176
     1
 90
        2
176
     1
 62
     7
176
     1
 90
        3
176
     1
 90
        0
176
     1
 90
        0
176
     1
290
     0
176
     1
 90
        1
176
     1
 40
0.0
176
     1
 90
        0
176
     1
290
     0
176
     1
290
     1
176
     1
290
     1
176
     1
290
     0
176
     1
290
     0
176
     1
290
     0
176
     1
290
     0
176
     1
290
     0
176
     1
290
     0
176
     1
 90
       50
176
     1
 40
0.0
176
     1
 40
1.0
176
     1
 90
        0
176
     1
 62
    18
420
        0
176
     1
 90
       50
176
     1
 90
        3
176
     1
 62
     5
420
      255
176
     1
290
     0
176
     1
 90
       50
176
     1
 90
       50
176
     1
 90
       50
176
     1
290
     0
176
     1
 90
       50
176
     1
 62
   256
176
     0
 40
1.0
176
     0
 90
        2
176
     1
  1
strokes_ogs.tif
176
     1
290
     0
176
     1
 40
1.0
176
     1
 40
1.0
176
     1
  0
VISUALSTYLE
  5
40
102
{ACAD_REACTORS
330
2A
102
}
330
2A
100
AcDbVisualStyle
  2
X-Ray
 70
    25
177
     3
291
     0
 70
    58
 90
        2
176
     1
 90
        2
176
     1
 90
        1
176
     1
 90
        1
176
     1
 40
0.5
176
     1
 40
30.0
176
     1
 62
     7
420
 16777215
176
     1
 90
        1
176
     1
 90
        0
176
     1
 62
     7
176
     1
 62
   257
176
     1
 90
        1
176
     1
 90
        1
176
     1
 40
1.0
176
     1
 90
        8
176
     1
 62
     7
176
     1
 40
1.0
176
     1
 90
        1
176
     1
 90
        6
176
     1
 90
        2
176
     1
 62
     7
176
     1
 90
        3
176
     1
 90
        0
176
     1
 90
        0
176
     1
290
     0
176
     1
 90
       13
176
     1
 40
0.0
176
     1
 90
        0
176
     1
290
     0
176
     1
290
     1
176
     1
290
     1
176
     1
290
     0
176
     1
290
     0
176
     1
290
     0
176
     1
290
     0
176
     1
290
     0
176
     1
290
     0
176
     1
 90
       50
176
     1
 40
0.0
176
     1
 40
1.0
176
     1
 90
        0
176
     1
 62
    18
420
        0
176
     1
 90
       50
176
     1
 90
        3
176
     1
 62
     5
420
      255
176
     1
290
     0
176
     1
 90
       50
176
     1
 90
       50
176
     1
 90
       50
176
     1
290
     0
176
     1
 90
       50
176
     1
 62
   256
176
     0
 40
1.0
176
     0
 90
        2
176
     1
  1
strokes_ogs.tif
176
     1
290
     0
176
     1
 40
1.0
176
     1
 40
1.0
176
     1
  0
DICTIONARYVAR
  5
2DA
102
{ACAD_REACTORS
330
2D9
102
}
330
2D9
100
DictionaryVariables
280
     0
  1
1:1
  0
DICTIONARYVAR
  5
2E4
102
{ACAD_REACTORS
330
2D9
102
}
330
2D9
100
DictionaryVariables
280
     0
  1
3.500000
  0
DICTIONARYVAR
  5
2E5
102
{ACAD_REACTORS
330
2D9
102
}
330
2D9
100
DictionaryVariables
280
     0
  1
acadiso.lin
  0
DICTIONARYVAR
  5
2E1
102
{ACAD_REACTORS
330
2D9
102
}
330
2D9
100
DictionaryVariables
280
     0
  1
Standard
  0
DICTIONARYVAR
  5
2E0
102
{ACAD_REACTORS
330
2D9
102
}
330
2D9
100
DictionaryVariables
280
     0
  1
Standard
  0
XRECORD
  5
110
102
{ACAD_REACTORS
330
10F
102
}
330
10F
100
AcDbXrecord
280
     1
1000

1000
CAXA_DRAFT_CURRENTBOMSTYLE
1000
GB(4458.2-2003)
  0
XRECORD
  5
112
102
{ACAD_REACTORS
330
10F
102
}
330
10F
100
AcDbXrecord
280
     1
1000

1000
CAXA_DRAFT_BOMSTYLE
1000
GB(4458.2-2003)
1000

1041
7.0
1071
        0
1071
     1011
1041
1.66
1041
0.5
1071
1090519039
1071
1090519039
1071
1090519039
1071
1090519039
1041
3.5
1000
标准
1000
Continuous
1041
0.5
1071
        4
1041
0.5
1071
        4
1041
0.5
1071
        4
1041
0.5
1071
        4
1041
0.5
1071
        4
1041
0.25
1071
        3
1041
0.5
1071
        4
1041
0.5
1071
        4
1041
0.5
1071
        4
1041
0.5
1071
        4
1041
0.5
1071
        4
1041
0.25
1071
        3
1070
     0
1071
       10
1000
序号
1000
IndexID
1000

1071
       10
1071
       16
1070
     2
1070
     0
1041
0.0
1041
0.0
1041
0.0
1041
8.0
1041
14.0
1041
1.66
1041
0.5
1041
5.0
1000
标准
1071
        4
1070
     3
1071
     1001
1000
代号
1000
PCPNo
1000

1071
       10
1071
       32
1070
     2
1070
     0
1041
8.0
1041
0.0
1041
0.0
1041
40.0
1041
14.0
1041
1.66
1041
0.5
1041
5.0
1000
标准
1071
        4
1070
     3
1071
     1002
1000
名称
1000
PCPName
1000

1071
       10
1071
       32
1070
     2
1070
     0
1041
48.0
1041
0.0
1041
0.0
1041
44.0
1041
14.0
1041
1.66
1041
0.5
1041
5.0
1000
标准
1071
        4
1070
     3
1071
     1003
1000
数量
1000
Amount
1000

1071
        3
1071
       32
1070
     2
1070
     0
1041
92.0
1041
0.0
1041
0.0
1041
8.0
1041
14.0
1041
1.66
1041
0.5
1041
5.0
1000
标准
1071
        4
1070
     3
1071
     1004
1000
材料
1000
MaterialName
1000

1071
       10
1071
       32
1070
     2
1070
     0
1041
100.0
1041
0.0
1041
0.0
1041
38.0
1041
14.0
1041
1.66
1041
0.5
1041
5.0
1000
标准
1071
        4
1070
     3
1071
     1005
1000
重量
1000

1000

1071
        7
1071
       32
1070
     2
1070
     0
1041
138.0
1041
0.0
1041
0.0
1041
22.0
1041
7.0
1041
1.66
1041
0.5
1041
3.5
1000
标准
1071
        4
1070
     3
1071
     1006
1000
单件
1000
Weight
1000

1071
        7
1071
       32
1070
     2
1070
     1
1041
138.0
1041
7.0
1041
0.0
1041
10.0
1041
7.0
1041
1.66
1041
0.5
1041
3.5
1000
标准
1071
        4
1070
     3
1071
     1007
1000
总计
1000
TWeight
1000

1071
        7
1071
       32
1070
     2
1070
     1
1041
148.0
1041
7.0
1041
0.0
1041
12.0
1041
7.0
1041
1.66
1041
0.5
1041
3.5
1000
标准
1071
        4
1070
     3
1071
     1008
1000
备注
1000
Remark
1000

1071
       10
1071
       50
1070
     2
1070
     0
1041
160.0
1041
0.0
1041
0.0
1041
20.0
1041
14.0
1041
1.66
1041
0.5
1041
5.0
1000
标准
1071
        4
1070
     3
1071
     1009
1000
来源
1000
Source
1000

1071
       10
1071
       32
1070
     2
1070
     0
1041
180.0
1041
0.0
1041
0.0
1041
0.0
1041
14.0
1041
1.66
1041
0.5
1041
5.0
1000
标准
1071
        4
1070
     3
1071
     1010
1071
1090519039
1071
1090519039
1071
1090519039
1071
        1
1071
        7
1000
代号
1000
名称
1000
材料
1000
单件
1000
总计
1000
备注
1000
来源
1071
        1
1000
数量
1071
1090519039
1041
1.75
1041
0.875
1041
1.2
1041
1.2
1041
1.75
1041
0.875
1041
1.2
1041
1.2
  0
XRECORD
  5
111
102
{ACAD_REACTORS
330
10F
102
}
330
10F
100
AcDbXrecord
280
     1
1000

1000
CAXA_DRAFT_BOMSTYLE
1000
标准
1000

1041
7.0
1071
        0
1071
     1011
1041
1.66
1041
0.5
1071
1090519039
1071
1090519039
1071
1090519039
1071
1090519039
1041
3.5
1000
标准
1000
Continuous
1041
0.5
1071
        4
1041
0.5
1071
        4
1041
0.5
1071
        4
1041
0.5
1071
        4
1041
0.5
1071
        4
1041
0.25
1071
        3
1041
0.5
1071
        4
1041
0.5
1071
        4
1041
0.5
1071
        4
1041
0.5
1071
        4
1041
0.5
1071
        4
1041
0.25
1071
        3
1070
     0
1071
       10
1000
序号
1000
IndexID
1000

1071
       10
1071
       16
1070
     2
1070
     0
1041
0.0
1041
0.0
1041
0.0
1041
8.0
1041
14.0
1041
1.66
1041
0.5
1041
5.0
1000
标准
1071
        4
1070
     3
1071
     1001
1000
代号
1000
PCPNo
1000

1071
       10
1071
       32
1070
     2
1070
     0
1041
8.0
1041
0.0
1041
0.0
1041
40.0
1041
14.0
1041
1.66
1041
0.5
1041
5.0
1000
标准
1071
        4
1070
     3
1071
     1002
1000
名称
1000
PCPName
1000

1071
       10
1071
       32
1070
     2
1070
     0
1041
48.0
1041
0.0
1041
0.0
1041
44.0
1041
14.0
1041
1.66
1041
0.5
1041
5.0
1000
标准
1071
        4
1070
     3
1071
     1003
1000
数量
1000
Amount
1000

1071
        3
1071
       32
1070
     2
1070
     0
1041
92.0
1041
0.0
1041
0.0
1041
8.0
1041
14.0
1041
1.66
1041
0.5
1041
5.0
1000
标准
1071
        4
1070
     3
1071
     1004
1000
材料
1000
MaterialName
1000

1071
       10
1071
       32
1070
     2
1070
     0
1041
100.0
1041
0.0
1041
0.0
1041
38.0
1041
14.0
1041
1.66
1041
0.5
1041
5.0
1000
标准
1071
        4
1070
     3
1071
     1005
1000
重量
1000

1000

1071
        7
1071
       32
1070
     2
1070
     0
1041
138.0
1041
0.0
1041
0.0
1041
22.0
1041
7.0
1041
1.66
1041
0.5
1041
3.5
1000
标准
1071
        4
1070
     3
1071
     1006
1000
单件
1000
Weight
1000

1071
        7
1071
       32
1070
     2
1070
     1
1041
138.0
1041
7.0
1041
0.0
1041
10.0
1041
7.0
1041
1.66
1041
0.5
1041
3.5
1000
标准
1071
        4
1070
     3
1071
     1007
1000
总计
1000
TWeight
1000

1071
        7
1071
       32
1070
     2
1070
     1
1041
148.0
1041
7.0
1041
0.0
1041
12.0
1041
7.0
1041
1.66
1041
0.5
1041
3.5
1000
标准
1071
        4
1070
     3
1071
     1008
1000
备注
1000
Remark
1000

1071
       10
1071
       50
1070
     2
1070
     0
1041
160.0
1041
0.0
1041
0.0
1041
20.0
1041
14.0
1041
1.66
1041
0.5
1041
5.0
1000
标准
1071
        4
1070
     3
1071
     1009
1000
来源
1000
Source
1000

1071
       10
1071
       32
1070
     2
1070
     0
1041
180.0
1041
0.0
1041
0.0
1041
0.0
1041
14.0
1041
1.66
1041
0.5
1041
5.0
1000
标准
1071
        4
1070
     3
1071
     1010
1071
1090519039
1071
1090519039
1071
1090519039
1071
        1
1071
        7
1000
代号
1000
名称
1000
材料
1000
单件
1000
总计
1000
备注
1000
来源
1071
        1
1000
数量
1071
1090519039
1041
1.75
1041
0.875
1041
1.2
1041
1.2
1041
1.75
1041
0.875
1041
1.2
1041
1.2
  0
XRECORD
  5
104
102
{ACAD_REACTORS
330
103
102
}
330
103
100
AcDbXrecord
280
     1
1000

1000
CAXA_DRAFT_CURRENTCUTSSTYLE
1000
GB(17452-1998)
  0
XRECORD
  5
106
102
{ACAD_REACTORS
330
103
102
}
330
103
100
AcDbXrecord
280
     1
1000

1000
CAXA_DRAFT_CUTSSTYLE
1000
GB(17452-1998)
1000

1071
1090519039
1041
0.3499999940395355
1041
5.0
1000
标准
1070
     1
1041
4.0
1071
1090519039
1070
     0
1070
     0
1071
1090519039
1041
3.5
1070
     1
1041
1.0
1070
     0
1000
Dash Dot
1071
        1
  0
XRECORD
  5
105
102
{ACAD_REACTORS
330
103
102
}
330
103
100
AcDbXrecord
280
     1
1000

1000
CAXA_DRAFT_CUTSSTYLE
1000
标准
1000

1071
1090519039
1041
0.3499999940395355
1041
5.0
1000
标准
1070
     1
1041
4.0
1071
1090519039
1070
     0
1070
     0
1071
1090519039
1041
3.5
1070
     1
1041
1.0
1070
     0
1000
Dash Dot
1071
        1
  0
XRECORD
  5
108
102
{ACAD_REACTORS
330
107
102
}
330
107
100
AcDbXrecord
280
     1
1000

1000
CAXA_DRAFT_CUTSSTYLEOVERRIDE
1070
     0
1070
     0
1070
     0
1070
     0
1070
     0
1070
     0
1070
     0
1070
     0
1070
     0
1070
     0
1070
     0
1070
     0
1070
     0
1070
     0
1070
     0
1070
     0
1070
     0
  0
XRECORD
  5
116
102
{ACAD_REACTORS
330
115
102
}
330
115
100
AcDbXrecord
280
     1
1000

1000
CAXA_DRAFT_DATATABLE*Model_Space
1071
      103
1071
        2
1071
        0
1071
        0
1071
        0
1071
        9
1000
序号
1071
     1001
1000
代号
1071
     1002
1000
名称
1071
     1003
1000
数量
1071
     1004
1000
材料
1071
     1005
1000
单件
1071
     1007
1000
总计
1071
     1008
1000
备注
1071
     1009
1000
来源
1071
     1010
1000
序号
1070
     1
1000

1070
     1
1000

1070
     1
1000

1070
     1
1000

1070
     1
1071
        0
1071
        7
1000
代号
1000
名称
1000
材料
1000
单件
1000
总计
1000
备注
1000
来源
1071
        1
1000
数量
1071
        0
1000

1000

1070
     1
1000
标准
1071
        0
1071
        0
  0
XRECORD
  5
FE
102
{ACAD_REACTORS
330
FD
102
}
330
FD
100
AcDbXrecord
280
     1
1000

1000
CAXA_DRAFT_CURRENTDATUMSTYLE
1000
GB(1182-2008)
  0
XRECORD
  5
100
102
{ACAD_REACTORS
330
FD
102
}
330
FD
100
AcDbXrecord
280
     1
1000

1000
CAXA_DRAFT_DATUMSTYLE
1000
GB(1182-2008)
1000

1070
     2
1071
1090519039
1071
1090519039
1041
3.5
1041
1.0
1000
标准
1000
标准
1071
1090519039
1070
     1
1041
0.0
1071
        1
1071
1090519039
1070
     1
1071
        1
  0
XRECORD
  5
FF
102
{ACAD_REACTORS
330
FD
102
}
330
FD
100
AcDbXrecord
280
     1
1000

1000
CAXA_DRAFT_DATUMSTYLE
1000
标准
1000

1070
     2
1071
1090519039
1071
1090519039
1041
3.5
1041
1.0
1000
标准
1000
标准
1071
1090519039
1070
     1
1041
0.0
1071
        1
1071
1090519039
1070
     1
1071
        1
  0
XRECORD
  5
102
102
{ACAD_REACTORS
330
101
102
}
330
101
100
AcDbXrecord
280
     1
1000

1000
CAXA_DRAFT_DATUMSTYLEOVERRIDE
1070
     0
1070
     0
1070
     0
1070
     0
1070
     0
1070
     0
1070
     0
1070
     0
1070
     0
1070
     0
1070
     0
1070
     0
1070
     0
1070
     0
1070
     0
1070
     0
  0
XRECORD
  5
2CE
102
{ACAD_REACTORS
330
2CD
102
}
330
2CD
100
AcDbXrecord
280
     1
1000

1000
CAXA_DRAFT_DIMSTYLE_ANGTXTVPOS
1070
     1
  0
XRECORD
  5
2D2
102
{ACAD_REACTORS
330
2D1
102
}
330
2D1
100
AcDbXrecord
280
     1
1000

1000
CAXA_DRAFT_DIMSTYLE_ISDISPZEROTOL
1070
     0
  0
XRECORD
  5
2D0
102
{ACAD_REACTORS
330
2CF
102
}
330
2CF
100
AcDbXrecord
280
     1
1000

1000
CAXA_DRAFT_DIMSTYLE_ISFILLDFM
1070
     1
  0
XRECORD
  5
2D4
102
{ACAD_REACTORS
330
2D3
102
}
330
2D3
100
AcDbXrecord
280
     1
1000

1000
CAXA_DRAFT_DIMSTYLE_SYMBOLCOLOR
1071
1090519039
  0
XRECORD
  5
2D6
102
{ACAD_REACTORS
330
2D5
102
}
330
2D5
100
AcDbXrecord
280
     1
1000
CAXA_DRAFT_DRAFTDATA
1071
     1095
1004
0800000030002E003000000026000000430061007800610044007200610066007400200044006F00630075006D0065006E00740000001A000000310036002E0034002E0030002E003100320038003300330000005C00000043006F007000790072006900670068007400200028006300290020003200300032003000200043
1004
004100580041002E00200041006C006C0020007200690067006800740073002000720065007300650072007600650064002E000000294214BB3281134AB2A269D76549FA5000000000E1070100030004000F0023000B00A703E90704000300100016001B000E00880201000000000000000000000000000000000000000000
1004
00
1004
00000000000000000000000000000000000000000000000000000000000000000000000000000000000000000000000000000000000000000000000000000000000000000000000000000000000000000000000000000000000000000000000000000000000000000000000000000000000000000000000000000000000000
1004
00000000000000000000004E0000008F00910052008200C000E70022008100CD00FE0028008200C700E1003D008700B500E20023009E00B600E10051008100D900E5002900F700C300E50025008700CD00950051008600C400AE000000020000000E00000041007500740068006F0072000000100000004200450045004600
1004
4D
1004
0041004E0000001E000000500072006F006400750063007400560065007200730069006F006E00000010000000310031002E0031004400650076000000000000000800000030002E00300000000000000000000000000000000000000000000000000000000000000000000000000000000000000000000000000000000000
1004
0000000000000000000000000000000000000000000000000000000000000000000000000000000000000000000000000000000000000000000000000000000000000000000000000000000000000000000000000000000000000000000000000000000000000000000000000000010000000800000030002E003000000000
1004
00
1004
00000000000000000000000000000000000000000000000000000000000000000000000000000000000000000000000000000000000000000000000000000000000000000000000000000000000000000000000000000000000000000000000000000000000000000000000000000000000000000000000000000000000000
1004
000000000000000000000000000000000000000000000000000000000000000800000030002E0030000000000000000000000000000000000000000000000000000000000000000000000000000000000000000000000000000000000000000000000000000000000000000000000000000000000000000000000000000000
1004
00
1004
000000000000000000000000000000000000000000000000000000000000000000000000000000000000000000000000000000000000000000000000000000000000000000000000000000
  0
XRECORD
  5
D1
102
{ACAD_REACTORS
330
D0
102
}
330
D0
100
AcDbXrecord
280
     1
1000
CAXA_DRAFT_FILEVERSION
1000
16.4.0.12833
1000
10.1.0.000
1000
18.0.0.000.20170220
  0
XRECORD
  5
F8
102
{ACAD_REACTORS
330
F7
102
}
330
F7
100
AcDbXrecord
280
     1
1000

1000
CAXA_DRAFT_CURRENTGEOTOLSTYLE
1000
GB(1182-2008)
  0
XRECORD
  5
FA
102
{ACAD_REACTORS
330
F7
102
}
330
F7
100
AcDbXrecord
280
     1
1000

1000
CAXA_DRAFT_GEOTOLSTYLE
1000
GB(1182-2008)
1000

1000
标准
1000
标准
1070
     1
1070
     0
1070
     0
1070
     0
1070
     1
1070
     0
1070
     3
1000
.
1070
     0
1070
     1
1070
     0
1070
     0
1070
     0
1070
     3
1041
1.0
1000
.
1070
     0
1070
     1
1070
     0
1000
Continuous
1071
1090519039
1071
1090519039
1041
3.5
1071
1090519039
1041
1.0
1071
1090519039
1071
        1
1070
     0
1070
     0
  0
XRECORD
  5
F9
102
{ACAD_REACTORS
330
F7
102
}
330
F7
100
AcDbXrecord
280
     1
1000

1000
CAXA_DRAFT_GEOTOLSTYLE
1000
标准
1000

1000
标准
1000
标准
1070
     1
1070
     0
1070
     0
1070
     0
1070
     1
1070
     0
1070
     3
1000
.
1070
     0
1070
     1
1070
     0
1070
     0
1070
     0
1070
     3
1041
1.0
1000
.
1070
     0
1070
     1
1070
     0
1000
Continuous
1071
1090519039
1071
1090519039
1041
3.5
1071
1090519039
1041
1.0
1071
1090519039
1071
        1
1070
     0
1070
     0
  0
XRECORD
  5
FC
102
{ACAD_REACTORS
330
FB
102
}
330
FB
100
AcDbXrecord
280
     1
1000

1000
CAXA_DRAFT_GEOTOLSTYLEOVERRIDE
1070
     0
1070
     0
1070
     0
1070
     0
1070
     0
1070
     0
1070
     0
1070
     0
1070
     0
1070
     0
1070
     0
1070
     0
1070
     0
1070
     0
1070
     0
1070
     0
1070
     0
1070
     0
1070
     0
1070
     0
1070
     0
1070
     0
1070
     0
1070
     0
1070
     0
1070
     0
1070
     0
1070
     0
1070
     0
1070
     0
  0
XRECORD
  5
E9
102
{ACAD_REACTORS
330
E8
102
}
330
E8
100
AcDbXrecord
280
     1
1000

1000
CAXA_DRAFT_CURRENTLEADERSTYLE
1000
标准
  0
XRECORD
  5
EA
102
{ACAD_REACTORS
330
E8
102
}
330
E8
100
AcDbXrecord
280
     1
1000

1000
CAXA_DRAFT_LEADERSTYLE
1000
标准
1000

1070
     1
1041
4.0
1041
0.0
1041
0.0
1041
3.5
1000
Continuous
1071
1090519039
1041
3.5
1070
     1
  0
XRECORD
  5
10A
102
{ACAD_REACTORS
330
109
102
}
330
109
100
AcDbXrecord
280
     1
1000

1000
CAXA_DRAFT_CURRENTPARTNOSTYLE
1000
GB(4458.2-2003)
  0
XRECORD
  5
10C
102
{ACAD_REACTORS
330
109
102
}
330
109
100
AcDbXrecord
280
     1
1000

1000
CAXA_DRAFT_PARTNOSTYLE
1000
GB(4458.2-2003)
1000

1071
        0
1000
标准
1000
ByLayer
1041
5.0
1041
0.5
1071
        3
1041
2.0
1041
5.0
1041
10.0
1041
1.5
1041
1.1
1041
1.1
1071
        0
1000

1071
       -1
1071
       -1
1041
4.0
1041
1.0
1041
0.7
1041
0.9
1071
        1
1071
        1
1000
序号
1071
        1
1071
        2
1000

1000

1041
1.0
1071
        1
  0
XRECORD
  5
10B
102
{ACAD_REACTORS
330
109
102
}
330
109
100
AcDbXrecord
280
     1
1000

1000
CAXA_DRAFT_PARTNOSTYLE
1000
标准
1000

1071
        0
1000
标准
1000
ByLayer
1041
5.0
1041
0.5
1071
        3
1041
2.0
1041
5.0
1041
10.0
1041
1.5
1041
1.1
1041
1.1
1071
        0
1000

1071
       -1
1071
       -1
1041
4.0
1041
1.0
1041
0.7
1041
0.9
1071
        1
1071
        1
1000
序号
1071
        1
1071
        2
1000

1000

1041
1.0
1071
        1
  0
XRECORD
  5
10E
102
{ACAD_REACTORS
330
10D
102
}
330
10D
100
AcDbXrecord
280
     1
1000

1000
CAXA_DRAFT_PARTNOSTYLEOVERRIDE
1070
     0
1070
     0
1070
     0
1070
     0
1070
     0
1070
     0
1070
     0
1070
     0
1070
     0
1070
     0
1070
     0
1070
     0
1070
     0
1070
     0
1070
     0
1070
     0
  0
XRECORD
  5
F2
102
{ACAD_REACTORS
330
F1
102
}
330
F1
100
AcDbXrecord
280
     1
1000

1000
CAXA_DRAFT_CURRENTROUGHSTYLE
1000
GB(131-93)
  0
XRECORD
  5
F4
102
{ACAD_REACTORS
330
F1
102
}
330
F1
100
AcDbXrecord
280
     1
1000

1000
CAXA_DRAFT_ROUGHSTYLE
1000
GB(131-93)
1000

1000
标准
1000
标准
1000
Continuous
1071
1090519039
1071
1090519039
1041
3.5
1041
1.0
1041
0.0
1071
        0
1041
0.0
1071
        0
1071
        1
1070
     1
1070
     0
1070
     0
  0
XRECORD
  5
F3
102
{ACAD_REACTORS
330
F1
102
}
330
F1
100
AcDbXrecord
280
     1
1000

1000
CAXA_DRAFT_ROUGHSTYLE
1000
标准
1000

1000
标准
1000
标准
1000
Continuous
1071
1090519039
1071
1090519039
1041
3.5
1041
1.0
1041
0.0
1071
        0
1041
0.0
1071
        0
1071
        1
1070
     1
1070
     0
1070
     0
  0
XRECORD
  5
F6
102
{ACAD_REACTORS
330
F5
102
}
330
F5
100
AcDbXrecord
280
     1
1000

1000
CAXA_DRAFT_ROUGHSTYLEOVERRIDE
1070
     0
1070
     0
1070
     0
1070
     0
1070
     0
1070
     0
1070
     0
1070
     0
1070
     0
1070
     0
1070
     0
1070
     0
  0
XRECORD
  5
2D8
102
{ACAD_REACTORS
330
2D7
102
}
330
2D7
100
AcDbXrecord
280
     1
1000
CAXA_DRAFT_STDDATA
1071
     5732
1004
1A000000310036002E0034002E0030002E003100320038003300330000001A0000002A005300740061006E0064006100720064004D006700720000001200000001000000000000000000F03F000000000100000006000000470042000000080000002A004700420000001300000006000000470042000000FFFF0000000080
1004
000800000000008000E3FFFFFF0000000000000C40FFFFFF40010000000000000000001040FFFFFF4004000000FFFFFF40FFFF000000000C000000470042005F003A5CF85B0000060000000768C65100000D00000062180AC173A1D341AC13A517A280BD85100000002A00440049004D005300540044000000140000000100
1004
00
1004
00259DF64A6F542643BFC74B8B1F6D71FA02000000000002000000000000008000080000000000010000000000010000000000010000000000010000000000020000000000010000000000010000000000010000000000010000000000020000000000FFFF000000000000244000000000000028400C000000470042005F00
1004
3A5CF85B0000020000000000C6214C6C6E2B124B990DDA77D01DDBDA140000002A0052004F0055004700480053005400440000001600000001000000708C6003FCA6F84FA01B1854F3AD4C2918000000470042002F00540020003100330031002D0039003300000018000000470042002F00540020003100330031002D0039
1004
00
1004
33000000000080000900000002000000020000000200000001000000020000000000FFFF09000000000000000400000030000000010000000100000004000000300000000100000002000000040000003000000001000000030000000400000030000000010000000400000004000000300000000100000006000000040000
1004
00300000000100000007000000040000003000000001000000080000000400000030000000010000000A000000040000003000000001000000160000004700420028003100330031002D00390033002900000018000000470042002F00540020003100330031002D003900330000005F702C7848A26047AA45EF6977F15D81
1004
12
1004
0000002A00570045004C0044005300540044000000180000000100000009176A59B4AD5D40A81D3C0A9D8CD0312C0000004700420020003300320034002D00380038002C00200047004200200035003100380035002D003800350000002C0000004700420020003300320034002D00380038002C0020004700420020003500
1004
3100380035002D00380035000000000080000A0000000400000001000000190000000000000001000000FFFF0A0000007753B98F0A711D7F0000000000000100000001000000FFFF0A0000004900625F0A711D7F0000000000000200000001000000FFFF0A0000005600625F0A711D7F0000000000000300000001000000FF
1004
FF
1004
0E0000005553B98F5600625F0A711D7F0000000000000400000001000000FFFF10000000265E9D94B98F5600625F0A711D7F0000000000000500000001000000FFFF14000000265E9D94B98F5553B98F5600625F0A711D7F0000000000000600000001000000FFFF10000000265E9D94B98F5500625F0A711D7F0000000000
1004
000700000001000000FFFF10000000265E9D94B98F4A00625F0A711D7F0000000000000800000001000000FFFF0A000000015C955E0A711D7F0000000000000900000001000000FFFF08000000D2890A711D7F0000000000000A00000001000000FFFF100000005E580A711D7F1662FD690A711D7F0000000000000B000000
1004
01
1004
000000FFFF08000000B9700A711D7F0000000000000C00000001000000FFFF14000000B9700A711D7F28004F50BB792D4EC35F29000000000000000D00000001000000FFFF080000001D7F0A711D7F0000000000000E00000001000000FFFF140000001D7F0A711D7F28004F50BB792D4EC35F2900000000000000E8030000
1004
01000000FFFF120000006196A74F56008B576157E35306580A71000000000000E903000001000000FFFF160000005553B98F6196A74F56008B576157E35306580A71000000000000EA03000001000000FFFF0A000000EF7AA5630A711D7F000000000000EB03000001000000FFFF0A0000009862E053A563E3530000000000
1004
00
1004
EC03000001000000FFFF0A0000003E509C650A711D7F000000000000ED03000001000000FFFF0A00000006580A71A5633459000000000000EE03000001000000FFFF0A0000003E509C65A5633459000000000000F203000001000000FFFF0C000000EF53FB7964966C88AB57000000000000F303000001000000FFFF0A0000
1004
000163454E6C88AB57000000000000F403000001000000FFFF0C000000EF53FB7964966C88AB5700000000000002000000090000000000000001000000FFFF100000002C7B004ECD79735E6297267BF7530000000000000100000001000000FFFF100000002C7B8C4ECD79735E6297267BF753000000000000020000000100
1004
00
1004
00FFFF100000002C7B094ECD79735E6297267BF7530000000000000300000001000000FFFF100000002C7B004ECD79F9516297267BF7530000000000000400000001000000FFFF100000002C7B8C4ECD79F9516297267BF7530000000000000500000001000000FFFF100000002C7B004ECD79F8516297267BF75300000000
1004
00000600000001000000FFFF100000002C7B8C4ECD79F8516297267BF753000000000000F003000001000000FFFF0E000000BE8DE890735ED16EC78F216E000000000000F103000001000000FFFF0A0000004A52735E0A711D7F00000000000020000000090000000100000001000000FFFF0C000000265EAB577F67267BF7
1004
53
1004
0000000000000200000001000000FFFF0E000000094E62970A711D7F267BF7530000000000000400000001000000FFFF0E0000006854F4560A711D7F267BF7530000000000000800000001000000FFFF0A000000B0733A57267BF7530000000000001000000001000000FFFF0A0000003E5CE890267BF75300000000000020
1004
00000001000000FFFF12000000A44E1995AD65ED7E0A71A563267BF7530000000000004000000001000000FFFF0E000000094E62970A711D7F267BF7530000000000008000000001000000FFFF0E000000094E62970A711D7F267BF7530000000000000001000001000000FFFF0E000000094E62970A711D7F267BF7530000
1004
00
1004
00000040000000050000001000000001000000FFFF0C0000008755ED53625F0A711D7F0000000000001100000001000000FFFF100000005553B98F8755ED53625F0A711D7F0000000000001200000001000000FFFF0800000006580A711D7F0000000000001300000001000000FFFF0A0000000195B98F0A711D7F00000000
1004
00001400000001000000FFFF0A0000000195B98F6157E353000000000000160000004700420028003300320034002D0038003800290000002C0000004700420020003300320034002D00380038002C00200047004200200035003100380035002D0038003500000082D93BE9997F4041881A19EB1C8F9D46160000002A0047
1004
00
1004
45004F0054004F004C0053005400440000001A00000001000000DA579D9AD23AC242B38B91F0E32D71C81E000000470042002F005400200031003100380032002D00320030003000380000001E000000470042002F005400200031003100380032002D0032003000300038000000000080000B00000002000000010000000E
1004
0000000000000001000000FFFF08000000F476BF7EA65E00000200000000000100000001000000FFFF08000000735E6297A65E00000200000000000200000001000000FFFF060000000657A65E00000200000000000300000001000000FFFF080000000657F167A65E00000200000000000400000001000000FFFF0A000000
1004
BF
1004
7E6E8FD35EA65E00000200000000000500000001000000FFFF0A00000062976E8FD35EA65E00000200000000000600000001000000FFFF08000000735E4C88A65E00000200000000000700000001000000FFFF080000008257F476A65E00000200000000000800000001000000FFFF080000003E509C65A65E000002000000
1004
00000900000001000000FFFF060000004D4F6E7F00000200000000000A00000001000000FFFF080000000C54748FA65E00000200000000000B00000001000000FFFF08000000F95BF079A65E00000200000000000C00000001000000FFFF080000000657F38DA85200000200000000000D00000001000000FFFF0800000068
1004
51
1004
F38DA85200000200000000000200000006000000FFFFFFFF01000000FFFF0E000000006727599E5B534F8189426C0000040000006D000000FFFFFFFF01000000FFFF0C000000F65E384F6C51EE5D265E00000400000070000000FFFFFFFF01000000FFFF0E00000000670F5C9E5B534F8189426C0000040000006C000000FF
1004
FFFFFF01000000FFFF0E000000EA813175B67201606167F64E00000400000066000000FFFFFFFF01000000FFFF0A0000000553B95B8189426C00000400000065000000FFFFFFFF01000000FFFF100000000D4E038051867972815F3A5CF85B000004000000720000001C00000047004200280031003100380032002D003200
1004
30
1004
0030003800290000001E000000470042002F005400200031003100380032002D00320030003000380000009C9ED3E9A127ED45BC38BDB2527851D1140000002A0044004100540055004D0053005400440000001C00000001000000ABFD65BDD14B5A469C00E35FDA50A4141E000000470042002F0054002000310031003800
1004
32002D00320030003000380000001E000000470042002F005400200031003100380032002D0032003000300038000000000080000C0000001C00000047004200280031003100380032002D003200300030003800290000001E000000470042002F005400200031003100380032002D0032003000300038000000F527A1CFE2
1004
A4
1004
C24B8D50B0822447D51C120000002A00430055005400530053005400440000001E000000010000000230145DFF6B0A4FAD5D7DE6F4E1A14220000000470042002F0054002000310037003400350032002D003100390039003800000020000000470042002F0054002000310037003400350032002D00310039003900380000
1004
00FFFF0000000000000000000080000D0000001E000000470042002800310037003400350032002D0031003900390038002900000020000000470042002F0054002000310037003400350032002D0031003900390038000000B4471AD2BD196342BD5B37F15E7019F5160000002A0050004100520054004E004F0053005400
1004
44
1004
0000002000000001000000C538618EBE14A64387B54D2A0BE42DC522000000470042002F005400200034003400350038002E0032002D003200300030003300000022000000470042002F005400200034003400350038002E0032002D0032003000300033000000FFFF02000000000080000E00000020000000470042002800
1004
34003400350038002E0032002D0032003000300033002900000022000000470042002F005400200034003400350038002E0032002D0032003000300033000000B283886E965F1540BDADBD78F4779C6C100000002A0042004F004D00530054004400000022000000010000009E16704288DD1145BE6AD6C7BD512A9D220000
1004
00
1004
470042002F005400200034003400350038002E0032002D003200300030003300000022000000470042002F005400200034003400350038002E0032002D0032003000300033000000040000000100000001000000010000000100000001000000FFFF0100000000000100000001000000010000000100000001000000010000
1004
00010000000100000001000000000080000F0000002000000047004200280034003400350038002E0032002D0032003000300033002900000022000000470042002F005400200034003400350038002E0032002D00320030003000330000004D03C971A7683844874BB3EDB2ECE4A11E0000002A00430045004E0054004500
1004
52
1004
004C0049004E00450053005400440000002400000001000000239CCD5064AB684FAAFCCD0171048ABB22000000470042002F005400200034003400350037002E0034002D003200300030003200000022000000470042002F005400200034003400350037002E0034002D003200300030003200000000000000000000000000
1004
0840333333333333F33FFFFF22000000470042002F005400200034003400350037002E0034002D003200300030003200000060E27056119B2C499C7549322AC316521E0000002A00440045005400410049004C00560049004500570053005400440000002600000001000000FD693F42D5F0B04C9524885E6901AEBF1C0000
1004
00
1004
470042002F0054002000310034003600390030002D003900330000001C000000470042002F0054002000310034003600390030002D003900330000000000000000008000E3FFFFFF020000000000000000000C40FFFFFF4000008000F3FFFFFFFFFFFFFF0100000000000000000000000000104000000000060000000768C6
1004
51000010000000420079004C00610079006500720000001C000000470042002F0054002000310034003600390030002D00390033000000378324DF0EC65241979A18E3709AB2491A0000002A0048004F004C0045004C00490053005400530054004400000028000000010000009FAC568DC972D34C8EDE1697EA2C4F3B0200
1004
00
1004
00000002000000000000000000000000000000000000000000000000000000000000000000000000000000040000000000000005000000020000000000010000000000000000002440000000000000010000000000000000000000020000000500000004000000580000000200000000000000000034400000000000000100
1004
0000010000000000000002000000050000000400000059000000030000000000000000003440000000000000010000000100000000000000020000000500000006000000545B845F0000040000000000000000003940000000000000010000000100000000000000020000000000589549FE22248744AF67DF08A8858E931C
1004
00
1004
00002A00440049004D004C004500410044004500520053005400440000002A000000010000009CB4A305A33EE242B7971B4FE93D0C5122000000470042002F005400200034003400350038002E0034002D003100390038003400000022000000470042002F005400200034003400350038002E0034002D0031003900380034
1004
000000FFFF010000000000000000001040FFFFFF400000000000000840FFFFFF400000000000008000100000001C000000470042005F00155FFA51F48B0E66280031003900380034002900000022000000470042002F005400200034003400350038002E0034002D003100390038003400000081C6337BDA0E9143B488CF0D
1004
53
1004
7FA318140000002A005400410050004500520053005400440000002C000000010000004AE75D8F20808C438F29EBD0D2D3A2CB44000000470042002F005400200034003400350038002E0034002D0032003000300033002C002000470042002F0054002000310035003700350034002D003100390039003500000044000000
1004
470042002F005400200034003400350038002E0034002D0032003000300033002C002000470042002F0054002000310035003700350034002D00310039003900350000000000000000000000040000003A000000010000000000000000001040FFFFFF400000000000000840FFFFFF40000080001100000018000000470042
1004
00
1004
5F002595A65E280032003000300033002900000044000000470042002F005400200034003400350038002E0034002D0032003000300033002C002000470042002F0054002000310035003700350034002D0031003900390035000000100000002A00440049004D00530054004400000006000000470042000000
  0
XRECORD
  5
EC
102
{ACAD_REACTORS
330
EB
102
}
330
EB
100
AcDbXrecord
280
     1
1000

1000
CAXA_DRAFT_CURRENTWELDSTYLE
1000
GB(324-88)
  0
XRECORD
  5
EE
102
{ACAD_REACTORS
330
EB
102
}
330
EB
100
AcDbXrecord
280
     1
1000

1000
CAXA_DRAFT_WELDSTYLE
1000
GB(324-88)
1000

1000
标准
1000
标准
1041
0.3
1070
     0
1041
1.0
1041
0.5
1041
3.5
1041
1.0
1071
1090519039
1071
1090519039
1000
Dash
1041
0.0
1071
        0
1071
        1
1071
1090519039
  0
XRECORD
  5
ED
102
{ACAD_REACTORS
330
EB
102
}
330
EB
100
AcDbXrecord
280
     1
1000

1000
CAXA_DRAFT_WELDSTYLE
1000
标准
1000

1000
标准
1000
标准
1041
0.3
1070
     0
1041
1.0
1041
0.5
1041
3.5
1041
1.0
1071
1090519039
1071
1090519039
1000
Dash
1041
0.0
1071
        0
1071
        1
1071
1090519039
  0
XRECORD
  5
F0
102
{ACAD_REACTORS
330
EF
102
}
330
EF
100
AcDbXrecord
280
     1
1000

1000
CAXA_DRAFT_WELDSTYLEOVERRIDE
1070
     0
1070
     0
1070
     0
1070
     0
1070
     0
1070
     0
1070
     0
1070
     0
1070
     0
1070
     0
1070
     0
1070
     0
1070
     0
1070
     0
  0
DICTIONARY
  5
2DB
330
5A
100
AcDbDictionary
280
     1
281
     1
  3
ACAD_ROUNDTRIP_2008_TABLESTYLE_CELLSTYLEMAP
360
2DC
  0
DICTIONARY
  5
2DD
330
114
100
AcDbDictionary
280
     1
281
     1
  3
ACAD_ROUNDTRIP_2008_TABLESTYLE_CELLSTYLEMAP
360
2DE
  0
CELLSTYLEMAP
  5
2DC
102
{ACAD_REACTORS
330
2DB
102
}
330
2DB
100
AcDbCellStyleMap
 90
        3
300
CELLSTYLE
  1
TABLEFORMAT_BEGIN
 90
        5
170
     1
 91
        0
 92
    32768
 62
   257
 93
        1
300
CONTENTFORMAT
  1
CONTENTFORMAT_BEGIN
 90
        0
 91
        0
 92
        4
 93
        0
300

 40
0.0
140
1.0
 94
        5
 62
     0
340
11
144
6.0
309
CONTENTFORMAT_END
171
     1
301
MARGIN
  1
CELLMARGIN_BEGIN
 40
1.5
 40
1.5
 40
1.5
 40
1.5
 40
1.5
 40
1.5
309
CELLMARGIN_END
 94
        6
 95
        1
302
GRIDFORMAT
  1
GRIDFORMAT_BEGIN
 90
        0
 91
        1
 62
     0
 92
       -2
340
14
 93
        0
 40
0.045
309
GRIDFORMAT_END
 95
        2
302
GRIDFORMAT
  1
GRIDFORMAT_BEGIN
 90
        0
 91
        1
 62
     0
 92
       -2
340
14
 93
        0
 40
0.045
309
GRIDFORMAT_END
 95
        4
302
GRIDFORMAT
  1
GRIDFORMAT_BEGIN
 90
        0
 91
        1
 62
     0
 92
       -2
340
14
 93
        0
 40
0.045
309
GRIDFORMAT_END
 95
        8
302
GRIDFORMAT
  1
GRIDFORMAT_BEGIN
 90
        0
 91
        1
 62
     0
 92
       -2
340
14
 93
        0
 40
0.045
309
GRIDFORMAT_END
 95
       16
302
GRIDFORMAT
  1
GRIDFORMAT_BEGIN
 90
        0
 91
        1
 62
     0
 92
       -2
340
14
 93
        0
 40
0.045
309
GRIDFORMAT_END
 95
       32
302
GRIDFORMAT
  1
GRIDFORMAT_BEGIN
 90
        0
 91
        1
 62
     0
 92
       -2
340
14
 93
        0
 40
0.045
309
GRIDFORMAT_END
309
TABLEFORMAT_END
  1
CELLSTYLE_BEGIN
 90
        1
 91
        1
300
_TITLE
309
CELLSTYLE_END
300
CELLSTYLE
  1
TABLEFORMAT_BEGIN
 90
        5
170
     1
 91
        0
 92
        0
 62
   257
 93
        1
300
CONTENTFORMAT
  1
CONTENTFORMAT_BEGIN
 90
        0
 91
        0
 92
        4
 93
        0
300

 40
0.0
140
1.0
 94
        5
 62
     0
340
11
144
4.5
309
CONTENTFORMAT_END
171
     1
301
MARGIN
  1
CELLMARGIN_BEGIN
 40
1.5
 40
1.5
 40
1.5
 40
1.5
 40
1.5
 40
1.5
309
CELLMARGIN_END
 94
        6
 95
        1
302
GRIDFORMAT
  1
GRIDFORMAT_BEGIN
 90
        0
 91
        1
 62
     0
 92
       -2
340
14
 93
        0
 40
0.045
309
GRIDFORMAT_END
 95
        2
302
GRIDFORMAT
  1
GRIDFORMAT_BEGIN
 90
        0
 91
        1
 62
     0
 92
       -2
340
14
 93
        0
 40
0.045
309
GRIDFORMAT_END
 95
        4
302
GRIDFORMAT
  1
GRIDFORMAT_BEGIN
 90
        0
 91
        1
 62
     0
 92
       -2
340
14
 93
        0
 40
0.045
309
GRIDFORMAT_END
 95
        8
302
GRIDFORMAT
  1
GRIDFORMAT_BEGIN
 90
        0
 91
        1
 62
     0
 92
       -2
340
14
 93
        0
 40
0.045
309
GRIDFORMAT_END
 95
       16
302
GRIDFORMAT
  1
GRIDFORMAT_BEGIN
 90
        0
 91
        1
 62
     0
 92
       -2
340
14
 93
        0
 40
0.045
309
GRIDFORMAT_END
 95
       32
302
GRIDFORMAT
  1
GRIDFORMAT_BEGIN
 90
        0
 91
        1
 62
     0
 92
       -2
340
14
 93
        0
 40
0.045
309
GRIDFORMAT_END
309
TABLEFORMAT_END
  1
CELLSTYLE_BEGIN
 90
        2
 91
        1
300
_HEADER
309
CELLSTYLE_END
300
CELLSTYLE
  1
TABLEFORMAT_BEGIN
 90
        5
170
     1
 91
        0
 92
        0
 62
   257
 93
        1
300
CONTENTFORMAT
  1
CONTENTFORMAT_BEGIN
 90
        0
 91
        0
 92
        4
 93
        0
300

 40
0.0
140
1.0
 94
        2
 62
     0
340
11
144
4.5
309
CONTENTFORMAT_END
171
     1
301
MARGIN
  1
CELLMARGIN_BEGIN
 40
1.5
 40
1.5
 40
1.5
 40
1.5
 40
1.5
 40
1.5
309
CELLMARGIN_END
 94
        6
 95
        1
302
GRIDFORMAT
  1
GRIDFORMAT_BEGIN
 90
        0
 91
        1
 62
     0
 92
       -2
340
14
 93
        0
 40
0.045
309
GRIDFORMAT_END
 95
        2
302
GRIDFORMAT
  1
GRIDFORMAT_BEGIN
 90
        0
 91
        1
 62
     0
 92
       -2
340
14
 93
        0
 40
0.045
309
GRIDFORMAT_END
 95
        4
302
GRIDFORMAT
  1
GRIDFORMAT_BEGIN
 90
        0
 91
        1
 62
     0
 92
       -2
340
14
 93
        0
 40
0.045
309
GRIDFORMAT_END
 95
        8
302
GRIDFORMAT
  1
GRIDFORMAT_BEGIN
 90
        0
 91
        1
 62
     0
 92
       -2
340
14
 93
        0
 40
0.045
309
GRIDFORMAT_END
 95
       16
302
GRIDFORMAT
  1
GRIDFORMAT_BEGIN
 90
        0
 91
        1
 62
     0
 92
       -2
340
14
 93
        0
 40
0.045
309
GRIDFORMAT_END
 95
       32
302
GRIDFORMAT
  1
GRIDFORMAT_BEGIN
 90
        0
 91
        1
 62
     0
 92
       -2
340
14
 93
        0
 40
0.045
309
GRIDFORMAT_END
309
TABLEFORMAT_END
  1
CELLSTYLE_BEGIN
 90
        3
 91
        2
300
_DATA
309
CELLSTYLE_END
  0
CELLSTYLEMAP
  5
2DE
102
{ACAD_REACTORS
330
2DD
102
}
330
2DD
100
AcDbCellStyleMap
 90
        3
300
CELLSTYLE
  1
TABLEFORMAT_BEGIN
 90
        5
170
     1
 91
        0
 92
    32768
 62
   257
 93
        1
300
CONTENTFORMAT
  1
CONTENTFORMAT_BEGIN
 90
        0
 91
        0
 92
      356
 93
-867041280
300

 40
0.0
140
1.0
 94
        5
 62
     0
340
DE
144
6.0
309
CONTENTFORMAT_END
171
     1
301
MARGIN
  1
CELLMARGIN_BEGIN
 40
1.5
 40
1.5
 40
1.5
 40
1.5
 40
0.06
 40
0.06
309
CELLMARGIN_END
 94
        6
 95
        1
302
GRIDFORMAT
  1
GRIDFORMAT_BEGIN
 90
        0
 91
        1
 62
     0
 92
       -2
340
14
 93
        0
 40
0.045
309
GRIDFORMAT_END
 95
        2
302
GRIDFORMAT
  1
GRIDFORMAT_BEGIN
 90
        0
 91
        1
 62
     0
 92
       -2
340
14
 93
        0
 40
0.045
309
GRIDFORMAT_END
 95
        4
302
GRIDFORMAT
  1
GRIDFORMAT_BEGIN
 90
        0
 91
        1
 62
     0
 92
       -2
340
14
 93
        0
 40
0.045
309
GRIDFORMAT_END
 95
        8
302
GRIDFORMAT
  1
GRIDFORMAT_BEGIN
 90
        0
 91
        1
 62
     0
 92
       -2
340
14
 93
        0
 40
0.045
309
GRIDFORMAT_END
 95
       16
302
GRIDFORMAT
  1
GRIDFORMAT_BEGIN
 90
        0
 91
        1
 62
     0
 92
       -2
340
14
 93
        0
 40
0.045
309
GRIDFORMAT_END
 95
       32
302
GRIDFORMAT
  1
GRIDFORMAT_BEGIN
 90
        0
 91
        1
 62
     0
 92
       -2
340
14
 93
        0
 40
0.045
309
GRIDFORMAT_END
309
TABLEFORMAT_END
  1
CELLSTYLE_BEGIN
 90
        1
 91
        0
300
_TITLE
309
CELLSTYLE_END
300
CELLSTYLE
  1
TABLEFORMAT_BEGIN
 90
        5
170
     1
 91
        0
 92
        0
 62
   257
 93
        1
300
CONTENTFORMAT
  1
CONTENTFORMAT_BEGIN
 90
        0
 91
        0
 92
      356
 93
-867041280
300

 40
0.0
140
1.0
 94
        5
 62
     0
340
DE
144
4.5
309
CONTENTFORMAT_END
171
     1
301
MARGIN
  1
CELLMARGIN_BEGIN
 40
1.5
 40
1.5
 40
1.5
 40
1.5
 40
0.06
 40
0.06
309
CELLMARGIN_END
 94
        6
 95
        1
302
GRIDFORMAT
  1
GRIDFORMAT_BEGIN
 90
        0
 91
        1
 62
     0
 92
       -2
340
14
 93
        0
 40
0.045
309
GRIDFORMAT_END
 95
        2
302
GRIDFORMAT
  1
GRIDFORMAT_BEGIN
 90
        0
 91
        1
 62
     0
 92
       -2
340
14
 93
        0
 40
0.045
309
GRIDFORMAT_END
 95
        4
302
GRIDFORMAT
  1
GRIDFORMAT_BEGIN
 90
        0
 91
        1
 62
     0
 92
       -2
340
14
 93
        0
 40
0.045
309
GRIDFORMAT_END
 95
        8
302
GRIDFORMAT
  1
GRIDFORMAT_BEGIN
 90
        0
 91
        1
 62
     0
 92
       -2
340
14
 93
        0
 40
0.045
309
GRIDFORMAT_END
 95
       16
302
GRIDFORMAT
  1
GRIDFORMAT_BEGIN
 90
        0
 91
        1
 62
     0
 92
       -2
340
14
 93
        0
 40
0.045
309
GRIDFORMAT_END
 95
       32
302
GRIDFORMAT
  1
GRIDFORMAT_BEGIN
 90
        0
 91
        1
 62
     0
 92
       -2
340
14
 93
        0
 40
0.045
309
GRIDFORMAT_END
309
TABLEFORMAT_END
  1
CELLSTYLE_BEGIN
 90
        2
 91
        0
300
_HEADER
309
CELLSTYLE_END
300
CELLSTYLE
  1
TABLEFORMAT_BEGIN
 90
        5
170
     1
 91
        0
 92
        0
 62
   257
 93
        1
300
CONTENTFORMAT
  1
CONTENTFORMAT_BEGIN
 90
        0
 91
        0
 92
      356
 93
-867041280
300

 40
0.0
140
1.0
 94
        2
 62
     0
340
DE
144
4.5
309
CONTENTFORMAT_END
171
     1
301
MARGIN
  1
CELLMARGIN_BEGIN
 40
1.5
 40
1.5
 40
1.5
 40
1.5
 40
0.06
 40
0.06
309
CELLMARGIN_END
 94
        6
 95
        1
302
GRIDFORMAT
  1
GRIDFORMAT_BEGIN
 90
        0
 91
        1
 62
     0
 92
       -2
340
14
 93
        0
 40
0.045
309
GRIDFORMAT_END
 95
        2
302
GRIDFORMAT
  1
GRIDFORMAT_BEGIN
 90
        0
 91
        1
 62
     0
 92
       -2
340
14
 93
        0
 40
0.045
309
GRIDFORMAT_END
 95
        4
302
GRIDFORMAT
  1
GRIDFORMAT_BEGIN
 90
        0
 91
        1
 62
     0
 92
       -2
340
14
 93
        0
 40
0.045
309
GRIDFORMAT_END
 95
        8
302
GRIDFORMAT
  1
GRIDFORMAT_BEGIN
 90
        0
 91
        1
 62
     0
 92
       -2
340
14
 93
        0
 40
0.045
309
GRIDFORMAT_END
 95
       16
302
GRIDFORMAT
  1
GRIDFORMAT_BEGIN
 90
        0
 91
        1
 62
     0
 92
       -2
340
14
 93
        0
 40
0.045
309
GRIDFORMAT_END
 95
       32
302
GRIDFORMAT
  1
GRIDFORMAT_BEGIN
 90
        0
 91
        1
 62
     0
 92
       -2
340
14
 93
        0
 40
0.045
309
GRIDFORMAT_END
309
TABLEFORMAT_END
  1
CELLSTYLE_BEGIN
 90
        3
 91
        0
300
_DATA
309
CELLSTYLE_END
  0
ENDSEC
  0
SECTION
  2
THUMBNAILIMAGE
 90
    48214
310
28000000AC0000008C000000010010000000000020BC0000C40E0000C40E00000000000000000000000000000000000000000000000000000000000000000000000000000000000000000000000000000000000000000000000000000000000000000000000000000000000000000000000000000000000000000000000000
310
00000000000000000000000000000000000000000000000000000000000000000000000000000000000000000000000000000000000000000000000000000000000000000000000000000000000000000000000000000000000000000000000000000000000000000000000000000000000000000000000000000000000000
310
00000000000000000000000000000000000000000000000000000000000000000000000000000000000000000000000000000000000000000000000000000000000000000000000000000000000000000000000000000000000000000000000000000000000000000000000000000000000000000000000000000000000000
310
00000000000000000000000000000000000000000000000000000000000000000000000000000000000000000000000000000000000000000000000000000000000000000000000000000000000000000000000000000000000000000000000000000000000000000000000000000000000000000000000000000000000000
310
00000000000000000000000000000000000000000000000000000000000000000000000000000000000000000000000000000000000000000000000000000000000000000000000000000000000000000000000000000000000000000000000000000000000000000000000000000000000000000000000000000000000000
310
00000000000000000000000000000000000000000000000000000000000000000000000000000000000000000000000000000000000000000000000000000000000000000000000000000000000000000000000000000000000000000000000000000000000000000000000000000000000000000000000000000000000000
310
00000000000000000000000000000000000000000000000000000000000000000000000000000000000000000000000000000000000000000000000000000000000000000000000000000000000000000000000000000000000000000000000000000000000000000000000000000000000000000000000000000000000000
310
00000000000000000000000000000000000000000000000000000000000000000000000000000000000000000000000000000000000000000000000000000000000000000000000000000000000000000000000000000000000000000000000000000000000000000000000000000000000000000000000000000000000000
310
00000000000000000000000000000000000000000000000000000000000000000000000000000000000000000000000000000000000000000000000000000000000000000000000000000000000000000000000000000000000000000000000000000000000000000000000000000000000000000000000000000000000000
310
00000000000000000000000000000000000000000000000000000000000000000000000000000000000000000000000000000000000000000000000000000000000000000000000000000000000000000000000000000000000000000000000000000000000000000000000000000000000000000000000000000000000000
310
00000000000000000000000000000000000000000000000000000000000000000000000000000000000000000000000000000000000000000000000000000000000000000000000000000000000000000000000000000000000000000000000000000000000000000000000000000000000000000000000000000000000000
310
00000000000000000000000000000000000000000000000000000000000000000000000000000000000000000000000000000000000000000000000000000000000000000000000000000000000000000000000000000000000000000000000000000000000000000000000000000000000000000000000000000000000000
310
00000000000000000000000000000000000000000000000000000000000000000000000000000000000000000000000000000000000000000000000000000000000000000000000000000000000000000000000000000000000000000000000000000000000000000000000000000000000000000000000000000000000000
310
00000000000000000000000000000000000000000000000000000000000000000000000000000000000000000000000000000000000000000000000000000000000000000000000000000000000000000000000000000000000000000000000000000000000000000000000000000000000000000000000000000000000000
310
00000000000000000000000000000000000000000000000000000000000000000000000000000000000000000000000000000000000000000000000000000000000000000000000000000000000000000000000000000000000000000000000000000000000000000000000000000000000000000000000000000000000000
310
00000000000000000000000000000000000000000000000000000000000000000000000000000000000000000000000000000000000000000000000000000000000000000000000000000000000000000000000000000000000000000000000000000000000000000000000000000000000000000000000000000000000000
310
00000000000000000000000000000000000000000000000000000000000000000000000000000000000000000000000000000000000000000000000000000000000000000000000000000000000000000000000000000000000000000000000000000000000000000000000000000000000000000000000000000000000000
310
00000000000000000000000000000000000000000000000000000000000000000000000000000000000000000000000000000000000000000000000000000000000000000000000000000000000000000000000000000000000000000000000000000000000000000000000000000000000000000000000000000000000000
310
00000000000000000000000000000000000000000000000000000000000000000000000000000000000000000000000000000000000000000000000000000000000000000000000000000000000000000000000000000000000000000000000000000000000000000000000000000000000000000000000000000000000000
310
00000000000000000000000000000000000000000000000000000000000000000000000000000000000000000000000000000000000000000000000000000000000000000000000000000000000000000000000000000000000000000000000000000000000000000000000000000000000000000000000000000000000000
310
00000000000000000000000000000000000000000000000000000000000000000000000000000000000000000000000000000000000000000000000000000000000000000000000000000000000000000000000000000000000000000000000000000000000000000000000000000000000000000000000000000000000000
310
00000000000000000000000000000000000000000000000000000000000000000000000000000000000000000000000000000000000000000000000000000000000000000000000000000000000000000000000000000000000000000000000000000000000000000000000000000000000000000000000000000000000000
310
00000000000000000000000000000000000000000000000000000000000000000000000000000000000000000000000000000000000000000000000000000000000000000000000000000000000000000000000000000000000000000000000000000000000000000000000000000000000000000000000000000000000000
310
00000000000000000000000000000000000000000000000000000000000000000000000000000000000000000000000000000000000000000000000000000000000000000000000000000000000000000000000000000000000000000000000000000000000000000000000000000000000000000000000000000000000000
310
00000000000000000000000000000000000000000000000000000000000000000000000000000000000000000000000000000000000000000000000000000000000000000000000000000000000000000000000000000000000000000000000000000000000000000000000000000000000000000000000000000000000000
310
00000000000000000000000000000000000000000000000000000000000000000000000000000000000000000000000000000000000000000000000000000000000000000000000000000000000000000000000000000000000000000000000000000000000000000000000000000000000000000000000000000000000000
310
00000000000000000000000000000000000000000000000000000000000000000000000000000000000000000000000000000000000000000000000000000000000000000000000000000000000000000000000000000000000000000000000000000000000000000000000000000000000000000000000000000000000000
310
00000000000000000000000000000000000000000000000000000000000000000000000000000000000000000000000000000000000000000000000000000000000000000000000000000000000000000000000000000000000000000000000000000000000000000000000000000000000000000000000000000000000000
310
00000000000000000000000000000000000000000000000000000000000000000000000000000000000000000000000000000000000000000000000000000000000000000000000000000000000000000000000000000000000000000000000000000000000000000000000000000000000000000000000000000000000000
310
00000000000000000000000000000000000000000000000000000000000000000000000000000000000000000000000000000000000000000000000000000000000000000000000000000000000000000000000000000000000000000000000000000000000000000000000000000000000000000000000000000000000000
310
00000000000000000000000000000000000000000000000000000000000000000000000000000000000000000000000000000000000000000000000000000000000000000000000000000000000000000000000000000000000000000000000000000000000000000000000000000000000000000000000000000000000000
310
00000000000000000000000000000000000000000000000000000000000000000000000000000000000000000000000000000000000000000000000000000000000000000000000000000000000000000000000000000000000000000000000000000000000000000000000000000000000000000000000000000000000000
310
00000000000000000000000000000000000000000000000000000000000000000000000000000000000000000000000000000000000000000000000000000000000000000000000000000000000000000000000000000000000000000000000000000000000000000000000000000000000000000000000000000000000000
310
00000000000000000000000000000000000000000000000000000000000000000000000000000000000000000000000000000000000000000000000000000000000000000000000000000000000000000000000000000000000000000000000000000000000000000000000000000000000000000000000000000000000000
310
00000000000000000000000000000000000000000000000000000000000000000000000000000000000000000000000000000000000000000000000000000000000000000000000000000000000000000000000000000000000000000000000000000000000000000000000000000000000000000000000000000000000000
310
00000000000000000000000000000000000000000000000000000000000000000000000000000000000000000000000000000000000000000000000000000000000000000000000000000000000000000000000000000000000000000000000000000000000000000000000000000000000000000000000000000000000000
310
00000000000000000000000000000000000000000000000000000000000000000000000000000000000000000000000000000000000000000000000000000000000000000000000000000000000000000000000000000000000000000000000000000000000000000000000000000000000000000000000000000000000000
310
00000000000000000000000000000000000000000000000000000000000000000000000000000000000000000000000000000000000000000000000000000000000000000000000000000000000000000000000000000000000000000000000000000000000000000000000000000000000000000000000000000000000000
310
00000000000000000000000000000000000000000000000000000000000000000000000000000000000000000000000000000000000000000000000000000000000000000000000000000000000000000000000000000000000000000000000000000000000000000000000000000000000000000000000000000000000000
310
00000000000000000000000000000000000000000000000000000000000000000000000000000000000000000000000000000000000000000000000000000000000000000000000000000000000000000000000000000000000000000000000000000000000000000000000000000000000000000000000000000000000000
310
00000000000000000000000000000000000000000000000000000000000000000000000000000000000000000000000000000000000000000000000000000000000000000000000000000000000000000000000000000000000000000000000000000000000000000000000000000000000000000000000000000000000000
310
00000000000000000000000000000000000000000000000000000000000000000000000000000000000000000000000000000000000000000000000000000000000000000000000000000000000000000000000000000000000000000000000000000000000000000000000000000000000000000000000000000000000000
310
00000000000000000000000000000000000000000000000000000000000000000000000000000000000000000000000000000000000000000000000000000000000000000000000000000000000000000000000000000000000000000000000000000000000000000000000000000000000000000000000000000000000000
310
00000000000000000000000000000000000000000000000000000000000000000000000000000000000000000000000000000000000000000000000000000000000000000000000000000000000000000000000000000000000000000000000000000000000000000000000000000000000000000000000000000000000000
310
00000000000000000000000000000000000000000000000000000000000000000000000000000000000000000000000000000000000000000000000000000000000000000000000000000000000000000000000000000000000000000000000000000000000000000000000000000000000000000000000000000000000000
310
00000000000000000000000000000000000000000000000000000000000000000000000000000000000000000000000000000000000000000000000000000000000000000000000000000000000000000000000000000000000000000000000000000000000000000000000000000000000000000000000000000000000000
310
00000000000000000000000000000000000000000000000000000000000000000000000000000000000000000000000000000000000000000000000000000000000000000000000000000000000000000000000000000000000000000000000000000000000000000000000000000000000000000000000000000000000000
310
00000000000000000000000000000000000000000000000000000000000000000000000000000000000000000000000000000000000000000000000000000000000000000000000000000000000000000000000000000000000000000000000000000000000000000000000000000000000000000000000000000000000000
310
00000000000000000000000000000000000000000000000000000000000000000000000000000000000000000000000000000000000000000000000000000000000000000000000000000000000000000000000000000000000000000000000000000000000000000000000000000000000000000000000000000000000000
310
00000000000000000000000000000000000000000000000000000000000000000000000000000000000000000000000000000000000000000000000000000000000000000000000000000000000000000000000000000000000000000000000000000000000000000000000000000000000000000000000000000000000000
310
00000000000000000000000000000000000000000000000000000000000000000000000000000000000000000000000000000000000000000000000000000000000000000000000000000000000000000000000000000000000000000000000000000000000000000000000000000000000000000000000000000000000000
310
00000000000000000000000000000000000000000000000000000000000000000000000000000000000000000000000000000000000000000000000000000000000000000000000000000000000000000000000000000000000000000000000000000000000000000000000000000000000000000000000000000000000000
310
00000000000000000000000000000000000000000000000000000000000000000000000000000000000000000000000000000000000000000000000000000000000000000000000000000000000000000000000000000000000000000000000000000000000000000000000000000000000000000000000000000000000000
310
00000000000000000000000000000000000000000000000000000000000000000000000000000000000000000000000000000000000000000000000000000000000000000000000000000000000000000000000000000000000000000000000000000000000000000000000000000000000000000000000000000000000000
310
00000000000000000000000000000000000000000000000000000000000000000000000000000000000000000000000000000000000000000000000000000000000000000000000000000000000000000000000000000000000000000000000000000000000000000000000000000000000000000000000000000000000000
310
00000000000000000000000000000000000000000000000000000000000000000000000000000000000000000000000000000000000000000000000000000000000000000000000000000000000000000000000000000000000000000000000000000000000000000000000000000000000000000000000000000000000000
310
00000000000000000000000000000000000000000000000000000000000000000000000000000000000000000000000000000000000000000000000000000000000000000000000000000000000000000000000000000000000000000000000000000000000000000000000000000000000000000000000000000000000000
310
00000000000000000000000000000000000000000000000000000000000000000000000000000000000000000000000000000000000000000000000000000000000000000000000000000000000000000000000000000000000000000000000000000000000000000000000000000000000000000000000000000000000000
310
00000000000000000000000000000000000000000000000000000000000000000000000000000000000000000000000000000000000000000000000000000000000000000000000000000000000000000000000000000000000000000000000000000000000000000000000000000000000000000000000000000000000000
310
00000000000000000000000000000000000000000000000000000000000000000000000000000000000000000000000000000000000000000000000000000000000000000000000000000000000000000000000000000000000000000000000000000000000000000000000000000000000000000000000000000000000000
310
00000000000000000000000000000000000000000000000000000000000000000000000000000000000000000000000000000000000000000000000000000000000000000000000000000000000000000000000000000000000000000000000000000000000000000000000000000000000000000000000000000000000000
310
00000000000000000000000000000000000000000000000000000000000000000000000000000000000000000000000000000000000000000000000000000000000000000000000000000000000000000000000000000000000000000000000000000000000000000000000000000000000000000000000000000000000000
310
00000000000000000000000000000000000000000000000000000000000000000000000000000000000000000000000000000000000000000000000000000000000000000000000000000000000000000000000000000000000000000000000000000000000000000000000000000000000000000000000000000000000000
310
00000000000000000000000000000000000000000000000000000000000000000000000000000000000000000000000000000000000000000000000000000000000000000000000000000000000000000000000000000000000000000000000000000000000000000000000000000000000000000000000000000000000000
310
00000000000000000000000000000000000000000000000000000000000000000000000000000000000000000000000000000000000000000000000000000000000000000000000000000000000000000000000000000000000000000000000000000000000000000000000000000000000000000000000000000000000000
310
00000000000000000000000000000000000000000000000000000000000000000000000000000000000000000000000000000000000000000000000000000000000000000000000000000000000000000000000000000000000000000000000000000000000000000000000000000000000000000000000000000000000000
310
00000000000000000000000000000000000000000000000000000000000000000000000000000000000000000000000000000000000000000000000000000000000000000000000000000000000000000000000000000000000000000000000000000000000000000000000000000000000000000000000000000000000000
310
00000000000000000000000000000000000000000000000000000000000000000000000000000000000000000000000000000000000000000000000000000000000000000000000000000000000000000000000000000000000000000000000000000000000000000000000000000000000000000000000000000000000000
310
00000000000000000000000000000000000000000000000000000000000000000000000000000000000000000000000000000000000000000000000000000000000000000000000000000000000000000000000000000000000000000000000000000000000000000000000000000000000000000000000000000000000000
310
00000000000000000000000000000000000000000000000000000000000000000000000000000000000000000000000000000000000000000000000000000000000000000000000000000000000000000000000000000000000000000000000000000000000000000000000000000000000000000000000000000000000000
310
00000000000000000000000000000000000000000000000000000000000000000000000000000000000000000000000000000000000000000000000000000000000000000000000000000000000000000000000000000000000000000000000000000000000000000000000000000000000000000000000000000000000000
310
00000000000000000000000000000000000000000000000000000000000000000000000000000000000000000000000000000000000000000000000000000000000000000000000000000000000000000000000000000000000000000000000000000000000000000000000000000000000000000000000000000000000000
310
00000000000000000000000000000000000000000000000000000000000000000000000000000000000000000000000000000000000000000000000000000000000000000000000000000000000000000000000000000000000000000000000000000000000000000000000000000000000000000000000000000000000000
310
00000000000000000000000000000000000000000000000000000000000000000000000000000000000000000000000000000000000000000000000000000000000000000000000000000000000000000000000000000000000000000000000000000000000000000000000000000000000000000000000000000000000000
310
00000000000000000000000000000000000000000000000000000000000000000000000000000000000000000000000000000000000000000000000000000000000000000000000000000000000000000000000000000000000000000000000000000000000000000000000000000000000000000000000000000000000000
310
00000000000000000000000000000000000000000000000000000000000000000000000000000000000000000000000000000000000000000000000000000000000000000000000000000000000000000000000000000000000000000000000000000000000000000000000000000000000000000000000000000000000000
310
00000000000000000000000000000000000000000000000000000000000000000000000000000000000000000000000000000000000000000000000000000000000000000000000000000000000000000000000000000000000000000000000000000000000000000000000000000000000000000000000000000000000000
310
00000000000000000000000000000000000000000000000000000000000000000000000000000000000000000000000000000000000000000000000000000000000000000000000000000000000000000000000000000000000000000000000000000000000000000000000000000000000000000000000000000000000000
310
00000000000000000000000000000000000000000000000000000000000000000000000000000000000000000000000000000000000000000000000000000000000000000000000000000000000000000000000000000000000000000000000000000000000000000000000000000000000000000000000000000000000000
310
00000000000000000000000000000000000000000000000000000000000000000000000000000000000000000000000000000000000000000000000000000000000000000000000000000000000000000000000000000000000000000000000000000000000000000000000000000000000000000000000000000000000000
310
00000000000000000000000000000000000000000000000000000000000000000000000000000000000000000000000000000000000000000000000000000000000000000000000000000000000000000000000000000000000000000000000000000000000000000000000000000000000000000000000000000000000000
310
00000000000000000000000000000000000000000000000000000000000000000000000000000000000000000000000000000000000000000000000000000000000000000000000000000000000000000000000000000000000000000000000000000000000000000000000000000000000000000000000000000000000000
310
00000000000000000000000000000000000000000000000000000000000000000000000000000000000000000000000000000000000000000000000000000000000000000000000000000000000000000000000000000000000000000000000000000000000000000000000000000000000000000000000000000000000000
310
00000000000000000000000000000000000000000000000000000000000000000000000000000000000000000000000000000000000000000000000000000000000000000000000000000000000000000000000000000000000000000000000000000000000000000000000000000000000000000000000000000000000000
310
00000000000000000000000000000000000000000000000000000000000000000000000000000000000000000000000000000000000000000000000000000000000000000000000000000000000000000000000000000000000000000000000000000000000000000000000000000000000000000000000000000000000000
310
00000000000000000000000000000000000000000000000000000000000000000000000000000000000000000000000000000000000000000000000000000000000000000000000000000000000000000000000000000000000000000000000000000000000000000000000000000000000000000000000000000000000000
310
00000000000000000000000000000000000000000000000000000000000000000000000000000000000000000000000000000000000000000000000000000000000000000000000000000000000000000000000000000000000000000000000000000000000000000000000000000000000000000000000000000000000000
310
00000000000000000000000000000000000000000000000000000000000000000000000000000000000000000000000000000000000000000000000000000000000000000000000000000000000000000000000000000000000000000000000000000000000000000000000000000000000000000000000000000000000000
310
00000000000000000000000000000000000000000000000000000000000000000000000000000000000000000000000000000000000000000000000000000000000000000000000000000000000000000000000000000000000000000000000000000000000000000000000000000000000000000000000000000000000000
310
00000000000000000000000000000000000000000000000000000000000000000000000000000000000000000000000000000000000000000000000000000000000000000000000000000000000000000000000000000000000000000000000000000000000000000000000000000000000000000000000000000000000000
310
00000000000000000000000000000000000000000000000000000000000000000000000000000000000000000000000000000000000000000000000000000000000000000000000000000000000000000000000000000000000000000000000000000000000000000000000000000000000000000000000000000000000000
310
00000000000000000000000000000000000000000000000000000000000000000000000000000000000000000000000000000000000000000000000000000000000000000000000000000000000000000000000000000000000000000000000000000000000000000000000000000000000000000000000000000000000000
310
00000000000000000000000000000000000000000000000000000000000000000000000000000000000000000000000000000000000000000000000000000000000000000000000000000000000000000000000000000000000000000000000000000000000000000000000000000000000000000000000000000000000000
310
00000000000000000000000000000000000000000000000000000000000000000000000000000000000000000000000000000000000000000000000000000000000000000000000000000000000000000000000000000000000000000000000000000000000000000000000000000000000000000000000000000000000000
310
00000000000000000000000000000000000000000000000000000000000000000000000000000000000000000000000000000000000000000000000000000000000000000000000000000000000000000000000000000000000000000000000000000000000000000000000000000000000000000000000000000000000000
310
00000000000000000000000000000000000000000000000000000000000000000000000000000000000000000000000000000000000000000000000000000000000000000000000000000000000000000000000000000000000000000000000000000000000000000000000000000000000000000000000000000000000000
310
00000000000000000000000000000000000000000000000000000000000000000000000000000000000000000000000000000000000000000000000000000000000000000000000000000000000000000000000000000000000000000000000000000000000000000000000000000000000000000000000000000000000000
310
00000000000000000000000000000000000000000000000000000000000000000000000000000000000000000000000000000000000000000000000000000000000000000000000000000000000000000000000000000000000000000000000000000000000000000000000000000000000000000000000000000000000000
310
00000000000000000000000000000000000000000000000000000000000000000000000000000000000000000000000000000000000000000000000000000000000000000000000000000000000000000000000000000000000000000000000000000000000000000000000000000000000000000000000000000000000000
310
00000000000000000000000000000000000000000000000000000000000000000000000000000000000000000000000000000000000000000000000000000000000000000000000000000000000000000000000000000000000000000000000000000000000000000000000000000000000000000000000000000000000000
310
00000000000000000000000000000000000000000000000000000000000000000000000000000000000000000000000000000000000000000000000000000000000000000000000000000000000000000000000000000000000000000000000000000000000000000000000000000000000000000000000000000000000000
310
00000000000000000000000000000000000000000000000000000000000000000000000000000000000000000000000000000000000000000000000000000000000000000000000000000000000000000000000000000000000000000000000000000000000000000000000000000000000000000000000000000000000000
310
00000000000000000000000000000000000000000000000000000000000000000000000000000000000000000000000000000000000000000000000000000000000000000000000000000000000000000000000000000000000000000000000000000000000000000000000000000000000000000000000000000000000000
310
00000000000000000000000000000000000000000000000000000000000000000000000000000000000000000000000000000000000000000000000000000000000000000000000000000000000000000000000000000000000000000000000000000000000000000000000000000000000000000000000000000000000000
310
00000000000000000000000000000000000000000000000000000000000000000000000000000000000000000000000000000000000000000000000000000000000000000000000000000000000000000000000000000000000000000000000000000000000000000000000000000000000000000000000000000000000000
310
00000000000000000000000000000000000000000000000000000000000000000000000000000000000000000000000000000000000000000000000000000000000000000000000000000000000000000000000000000000000000000000000000000000000000000000000000000000000000000000000000000000000000
310
00000000000000000000000000000000000000000000000000000000000000000000000000000000000000000000000000000000000000000000000000000000000000000000000000000000000000000000000000000000000000000000000000000000000000000000000000000000000000000000000000000000000000
310
00000000000000000000000000000000000000000000000000000000000000000000000000000000000000000000000000000000000000000000000000000000000000000000000000000000000000000000000000000000000000000000000000000000000000000000000000000000000000000000000000000000000000
310
00000000000000000000000000000000000000000000000000000000000000000000000000000000000000000000000000000000000000000000000000000000000000000000000000000000000000000000000000000000000000000000000000000000000000000000000000000000000000000000000000000000000000
310
00000000000000000000000000000000000000000000000000000000000000000000000000000000000000000000000000000000000000000000000000000000000000000000000000000000000000000000000000000000000000000000000000000000000000000000000000000000000000000000000000000000000000
310
00000000000000000000000000000000000000000000000000000000000000000000000000000000000000000000000000000000000000000000000000000000000000000000000000000000000000000000000000000000000000000000000000000000000000000000000000000000000000000000000000000000000000
310
00000000000000000000000000000000000000000000000000000000000000000000000000000000000000000000000000000000000000000000000000000000000000000000000000000000000000000000000000000000000000000000000000000000000000000000000000000000000000000000000000000000000000
310
00000000000000000000000000000000000000000000000000000000000000000000000000000000000000000000000000000000000000000000000000000000000000000000000000000000000000000000000000000000000000000000000000000000000000000000000000000000000000000000000000000000000000
310
00000000000000000000000000000000000000000000000000000000000000000000000000000000000000000000000000000000000000000000000000000000000000000000000000000000000000000000000000000000000000000000000000000000000000000000000000000000000000000000000000000000000000
310
00000000000000000000000000000000000000000000000000000000000000000000000000000000000000000000000000000000000000000000000000000000000000000000000000000000000000000000000000000000000000000000000000000000000000000000000000000000000000000000000000000000000000
310
00000000000000000000000000000000000000000000000000000000000000000000000000000000000000000000000000000000000000000000000000000000000000000000000000000000000000000000000000000000000000000000000000000000000000000000000000000000000000000000000000000000000000
310
00000000000000000000000000000000000000000000000000000000000000000000000000000000000000000000000000000000000000000000000000000000000000000000000000000000000000000000000000000000000000000000000000000000000000000000000000000000000000000000000000000000000000
310
00000000000000000000000000000000000000000000000000000000000000000000000000000000000000000000000000000000000000000000000000000000000000000000000000000000000000000000000000000000000000000000000000000000000000000000000000000000000000000000000000000000000000
310
00000000000000000000000000000000000000000000000000000000000000000000000000000000000000000000000000000000000000000000000000000000000000000000000000000000000000000000000000000000000000000000000000000000000000000000000000000000000000000000000000000000000000
310
00000000000000000000000000000000000000000000000000000000000000000000000000000000000000000000000000000000000000000000000000000000000000000000000000000000000000000000000000000000000000000000000000000000000000000000000000000000000000000000000000000000000000
310
00000000000000000000000000000000000000000000000000000000000000000000000000000000000000000000000000000000000000000000000000000000000000000000000000000000000000000000000000000000000000000000000000000000000000000000000000000000000000000000000000000000000000
310
00000000000000000000000000000000000000000000000000000000000000000000000000000000000000000000000000000000000000000000000000000000000000000000000000000000000000000000000000000000000000000000000000000000000000000000000000000000000000000000000000000000000000
310
00000000000000000000000000000000000000000000000000000000000000000000000000000000000000000000000000000000000000000000000000000000000000000000000000000000000000000000000000000000000000000000000000000000000000000000000000000000000000000000000000000000000000
310
00000000000000000000000000000000000000000000000000000000000000000000000000000000000000000000000000000000000000000000000000000000000000000000000000000000000000000000000000000000000000000000000000000000000000000000000000000000000000000000000000000000000000
310
00000000000000000000000000000000000000000000000000000000000000000000000000000000000000000000000000000000000000000000000000000000000000000000000000000000000000000000000000000000000000000000000000000000000000000000000000000000000000000000000000000000000000
310
00000000000000000000000000000000000000000000000000000000000000000000000000000000000000000000000000000000000000000000000000000000000000000000000000000000000000000000000000000000000000000000000000000000000000000000000000000000000000000000000000000000000000
310
00000000000000000000000000000000000000000000000000000000000000000000000000000000000000000000000000000000000000000000000000000000000000000000000000000000000000000000000000000000000000000000000000000000000000000000000000000000000000000000000000000000000000
310
00000000000000000000000000000000000000000000000000000000000000000000000000000000000000000000000000000000000000000000000000000000000000000000000000000000000000000000000000000000000000000000000000000000000000000000000000000000000000000000000000000000000000
310
00000000000000000000000000000000000000000000000000000000000000000000000000000000000000000000000000000000000000000000000000000000000000000000000000000000000000000000000000000000000000000000000000000000000000000000000000000000000000000000000000000000000000
310
00000000000000000000000000000000000000000000000000000000000000000000000000000000000000000000000000000000000000000000000000000000000000000000000000000000000000000000000000000000000000000000000000000000000000000000000000000000000000000000000000000000000000
310
00000000000000000000000000000000000000000000000000000000000000000000000000000000000000000000000000000000000000000000000000000000000000000000000000000000000000000000000000000000000000000000000000000000000000000000000000000000000000000000000000000000000000
310
00000000000000000000000000000000000000000000000000000000000000000000000000000000000000000000000000000000000000000000000000000000000000000000000000000000000000000000000000000000000000000000000000000000000000000000000000000000000000000000000000000000000000
310
00000000000000000000000000000000000000000000000000000000000000000000000000000000000000000000000000000000000000000000000000000000000000000000000000000000000000000000000000000000000000000000000000000000000000000000000000000000000000000000000000000000000000
310
00000000000000000000000000000000000000000000000000000000000000000000000000000000000000000000000000000000000000000000000000000000000000000000000000000000000000000000000000000000000000000000000000000000000000000000000000000000000000000000000000000000000000
310
00000000000000000000000000000000000000000000000000000000000000000000000000000000000000000000000000000000000000000000000000000000000000000000000000000000000000000000000000000000000000000000000000000000000000000000000000000000000000000000000000000000000000
310
00000000000000000000000000000000000000000000000000000000000000000000000000000000000000000000000000000000000000000000000000000000000000000000000000000000000000000000000000000000000000000000000000000000000000000000000000000000000000000000000000000000000000
310
00000000000000000000000000000000000000000000000000000000000000000000000000000000000000000000000000000000000000000000000000000000000000000000000000000000000000000000000000000000000000000000000000000000000000000000000000000000000000000000000000000000000000
310
00000000000000000000000000000000000000000000000000000000000000000000000000000000000000000000000000000000000000000000000000000000000000000000000000000000000000000000000000000000000000000000000000000000000000000000000000000000000000000000000000000000000000
310
00000000000000000000000000000000000000000000000000000000000000000000000000000000000000000000000000000000000000000000000000000000000000000000000000000000000000000000000000000000000000000000000000000000000000000000000000000000000000000000000000000000000000
310
00000000000000000000000000000000000000000000000000000000000000000000000000000000000000000000000000000000000000000000000000000000000000000000000000000000000000000000000000000000000000000000000000000000000000000000000000000000000000000000000000000000000000
310
00000000000000000000000000000000000000000000000000000000000000000000000000000000000000000000000000000000000000000000000000000000000000000000000000000000000000000000000000000000000000000000000000000000000000000000000000000000000000000000000000000000000000
310
00000000000000000000000000000000000000000000000000000000000000000000000000000000000000000000000000000000000000000000000000000000000000000000000000000000000000000000000000000000000000000000000000000000000000000000000000000000000000000000000000000000000000
310
00000000000000000000000000000000000000000000000000000000000000000000000000000000000000000000000000000000000000000000000000000000000000000000000000000000000000000000000000000000000000000000000000000000000000000000000000000000000000000000000000000000000000
310
00000000000000000000000000000000000000000000000000000000000000000000000000000000000000000000000000000000000000000000000000000000000000000000000000000000000000000000000000000000000000000000000000000000000000000000000000000000000000000000000000000000000000
310
00000000000000000000000000000000000000000000000000000000000000000000000000000000000000000000000000000000000000000000000000000000000000000000000000000000000000000000000000000000000000000000000000000000000000000000000000000000000000000000000000000000000000
310
00000000000000000000000000000000000000000000000000000000000000000000000000000000000000000000000000000000000000000000000000000000000000000000000000000000000000000000000000000000000000000000000000000000000000000000000000000000000000000000000000000000000000
310
00000000000000000000000000000000000000000000000000000000000000000000000000000000000000000000000000000000000000000000000000000000000000000000000000000000000000000000000000000000000000000000000000000000000000000000000000000000000000000000000000000000000000
310
0000000000000000000000000000000000FF7FFF7FFF7FFF7FFF7FFF7FFF7FFF7FFF7FFF7FFF7FFF7FFF7FFF7FFF7FFF7FFF7FFF7FFF7FFF7FFF7FFF7FFF7FFF7FFF7FFF7FFF7FFF7FFF7FFF7FFF7FFF7FFF7FFF7FFF7FFF7FFF7FFF7FFF7FFF7FFF7FFF7FFF7FFF7FFF7FFF7FFF7FFF7FFF7FFF7FFF7FFF7FFF7FFF7FFF7F
310
FF7FFF7FFF7FFF7FFF7FFF7FFF7F0000000000000000000000000000000000000000000000000000000000000000000000000000000000000000000000000000000000000000000000000000000000000000000000000000000000000000000000000000000000000000000000000000000000000000000000000000000000
310
0000000000000000000000000000000000000000000000000000000000000000000000000000000000000000000000000000000000000000000000000000000000000000000000000000000000000000000000000000000000000000000000000000000000000000000000FF7FFF7FFF7FFF7FFF7FFF7FFF7FFF7FFF7FFF7F
310
FF7FFF7FFF7FFF7FFF7FFF7FFF7F0000FF7FFF7FFF7FFF7FFF7FFF7FFF7FFF7FFF7FFF7FFF7F00000000FF7FFF7FFF7FFF7FFF7FFF7FFF7FFF7FFF7FFF7F000000000000FF7FFF7FFF7FFF7FFF7FFF7FFF7FFF7FFF7FFF7FFF7FFF7FFF7FFF7FFF7FFF7FFF7FFF7F0000000000000000000000000000000000000000000000
310
00000000000000000000000000000000000000000000000000000000000000000000000000000000000000000000000000000000000000000000000000000000000000000000000000000000000000000000000000000000000000000000000000000000000000000000000000000000000000000000000000000000000000
310
00000000000000000000000000000000000000000000000000000000000000000000000000000000000000000000000000000000000000000000000000000000000000000000FF7FFF7F00000000FF7FFF7FFF7FFF7F00000000FF7FFF7FFF7FFF7F0000FF7FFF7F0000FF7FFF7FFF7FFF7FFF7F0000FF7FFF7FFF7FFF7FFF
310
7F00000000FF7FFF7FFF7FFF7FFF7F0000FF7FFF7FFF7FFF7F000000000000FF7FFF7F0000FF7FFF7FFF7FFF7FFF7F0000FF7FFF7FFF7FFF7F00000000FF7FFF7FFF7F000000000000000000000000000000000000000000000000000000000000000000000000000000000000000000000000000000000000000000000000
310
00000000000000000000000000000000000000000000000000000000000000000000000000000000000000000000000000000000000000000000000000000000000000000000000000000000000000000000000000000000000000000000000000000000000000000000000000000000000000000000000000000000000000
310
000000000000000000000000000000000000000000000000000000000000000000FF7FFF7F00000000FF7FFF7FFF7FFF7F00000000FF7FFF7FFF7FFF7F0000FF7FFF7F0000FF7FFF7FFF7FFF7FFF7F0000FF7FFF7FFF7FFF7FFF7F00000000FF7FFF7FFF7FFF7F00000000FF7FFF7FFF7FFF7F000000000000FF7FFF7F0000
310
FF7FFF7FFF7FFF7F00000000FF7FFF7FFF7FFF7F00000000FF7FFF7FFF7F00000000000000000000000000000000000000000000000000000000000000000000000000000000000000000000000000000000000000000000000000000000000000000000000000000000000000000000000000000000000000000000000000
310
000000000000000000000000000000000000000000000000000000000000000000000000000000000000000000000000000000000000000000000000000000000000000000000000000000000000000000000000000000000000000000000000000000000000000000000000000000000000000000000000000000FF7FFF7F
310
FF7FFF7FFF7FFF7FFF7FFF7FFF7FFF7FFF7FFF7FFF7FFF7FFF7FFF7FFF7F0000FF7FFF7FFF7FFF7FFF7FFF7FFF7FFF7FFF7FFF7FFF7F00000000FF7FFF7FFF7FFF7FFF7FFF7FFF7FFF7FFF7FFF7F000000000000FF7FFF7FFF7FFF7FFF7FFF7FFF7FFF7FFF7FFF7FFF7FFF7FFF7FFF7FFF7FFF7FFF7FFF7F00000000000000
310
00000000000000000000000000000000000000000000000000000000000000000000000000000000000000000000000000000000000000000000000000000000000000000000000000000000000000000000000000000000000000000000000000000000000000000000000000000000000000000000000000000000000000
310
0000000000000000000000000000000000000000000000000000000000000000000000000000000000000000000000000000000000000000000000000000000000000000000000000000000000000000000000000000FF7FFF7FFF7FFF7FFF7FFF7F0000FF7FFF7FFF7FFF7FFF7F0000FF7FFF7FFF7FFF7F0000FF7FFF7FFF
310
7FFF7FFF7FFF7FFF7FFF7FFF7FFF7FFF7F00000000FF7FFF7FFF7FFF7FFF7FFF7FFF7FFF7FFF7FFF7F0000000000000000FF7FFF7FFF7FFF7F0000FF7FFF7FFF7FFF7FFF7F0000FF7FFF7FFF7FFF7FFF7FFF7F0000000000000000000000000000000000000000000000000000000000000000000000000000000000000000
310
00000000000000000000000000000000000000000000000000000000000000000000000000000000000000000000000000000000000000000000000000000000000000000000000000000000000000000000000000000000000000000000000000000000000000000000000000000000000000000000000000000000000000
310
00000000000000000000000000000000000000000000000000000000000000000000000000000000000000000000000000FF7FFF7FFF7FFF7FFF7FFF7FFF7F00000000FF7FFF7FFF7FFF7FFF7FFF7FFF7FFF7FFF7FFF7FFF7FFF7FFF7FFF7FFF7FFF7FFF7FFF7FFF7FFF7FFF7FFF7FFF7FFF7FFF7FFF7FFF7FFF7FFF7FFF7F
310
FF7FFF7FFF7FFF7FFF7FFF7FFF7FFF7FFF7FFF7FFF7FFF7FFF7FFF7FFF7FFF7FFF7FFF7FFF7FFF7FFF7FFF7FFF7F000000000000000000000000000000000000000000000000000000000000000000000000000000000000000000000000000000000000000000000000000000000000000000000000000000000000000000
310
00000000000000000000000000000000000000000000000000000000000000000000000000000000000000000000000000000000000000000000000000000000000000000000000000000000000000000000000000000000000000000000000000000000000000000000000000000000000000000000000000000000000000
310
000000000000000000000000FF7FFF7FFF7FFF7FFF7FFF7FFF7F00000000FF7FFF7FFF7FFF7FFF7FFF7FFF7FFF7FFF7FFF7FFF7FFF7FFF7FFF7FFF7FFF7FFF7FFF7FFF7FFF7FFF7FFF7FFF7FFF7FFF7FFF7FFF7FFF7FFF7FFF7FFF7FFF7FFF7FFF7FFF7FFF7FFF7FFF7FFF7FFF7FFF7FFF7FFF7FFF7FFF7FFF7FFF7FFF7FFF
310
7FFF7FFF7FFF7FFF7F00000000000000000000000000000000000000000000000000000000000000000000000000000000000000000000000000000000000000000000000000000000000000000000000000000000000000000000000000000000000000000000000000000000000000000000000000000000000000000000
310
000000000000000000000000000000000000000000000000000000000000000000000000000000000000000000000000000000000000000000000000000000000000000000000000000000000000000000000000000000000000000000000000000000000000FF7FFF7FFF7F00000000FF7FFF7F00000000FF7FFF7F0000FF
310
7FFF7FFF7FFF7F0000FF7FFF7FFF7FFF7F0000FF7FFF7FFF7FFF7F00000000FF7FFF7FFF7F00000000FF7FFF7FFF7F00000000FF7FFF7FFF7F00000000FF7FFF7FFF7F00000000FF7FFF7FFF7F00000000FF7FFF7FFF7FFF7F00000000FF7FFF7FFF7F00000000000000000000000000000000000000000000000000000000
310
00000000000000000000000000000000000000000000000000000000000000000000000000000000000000000000000000000000000000000000000000000000000000000000000000000000000000000000000000000000000000000000000000000000000000000000000000000000000000000000000000000000000000
310
0000000000000000000000000000000000000000000000000000000000000000000000000000000000000000000000000000000000000000000000000000000000FF7FFF7FFF7FFF7FFF7FFF7FFF7F00000000FF7FFF7FFF7FFF7FFF7FFF7FFF7FFF7FFF7FFF7FFF7FFF7FFF7FFF7FFF7FFF7FFF7FFF7FFF7FFF7FFF7FFF7F
310
FF7FFF7FFF7FFF7FFF7FFF7FFF7FFF7FFF7FFF7FFF7FFF7FFF7FFF7FFF7FFF7FFF7FFF7FFF7FFF7FFF7FFF7FFF7FFF7FFF7FFF7FFF7FFF7FFF7FFF7FFF7F0000000000000000000000000000000000000000000000000000000000000000000000000000000000000000000000000000000000000000000000000000000000
310
00000000000000000000000000000000000000000000000000000000000000000000000000000000000000000000000000000000000000000000000000000000000000000000000000000000000000000000000000000000000000000000000000000000000000000000000000000000000000000000000000000000000000
310
00000000000000000000000000000000000000000000000000000000FF7F0000FF7FFF7FFF7FFF7FFF7F000000000000FF7FFF7FFF7FFF7F0000FF7FFF7FFF7FFF7F0000FF7FFF7FFF7FFF7F0000FF7FFF7FFF7FFF7FFF7FFF7FFF7FFF7FFF7FFF7FFF7FFF7FFF7FFF7FFF7FFF7FFF7FFF7FFF7FFF7FFF7FFF7FFF7FFF7FFF
310
7FFF7FFF7FFF7FFF7FFF7F0000FF7FFF7FFF7FFF7FFF7FFF7F000000000000000000000000000000000000000000000000000000000000000000000000000000000000000000000000000000000000000000000000000000000000000000000000000000000000000000000000000000000000000000000000000000000000
310
00000000000000000000000000000000000000000000000000000000000000000000000000000000000000000000000000000000000000000000000000000000000000000000000000000000000000000000000000000000000000000000000000000000000000000000000000000000000000000000FF7FFF7FFF7FFF7FFF
310
7FFF7FFF7FFF7FFF7FFF7FFF7FFF7FFF7FFF7FFF7FFF7FFF7FFF7FFF7FFF7FFF7FFF7FFF7FFF7FFF7FFF7FFF7FFF7FFF7FFF7FFF7FFF7FFF7FFF7FFF7FFF7FFF7FFF7FFF7FFF7FFF7FFF7FFF7FFF7FFF7FFF7FFF7FFF7FFF7FFF7FFF7FFF7FFF7F0000FF7FFF7FFF7FFF7FFF7FFF7F0000FF7F000000000000000000000000
310
00000000000000000000000000000000000000000000000000000000000000000000000000000000000000000000000000000000000000000000000000000000000000000000000000000000000000000000000000000000000000000000000000000000000000000000000000000000000000000000000000000000000000
310
000000000000000000000000000000000000000000000000000000000000000000000000000000000000000000000000000000000000000000000000000000000000000000000000000000000000000000FF7FFF7FFF7FFF7FFF7FFF7FFF7FFF7FFF7FFF7FFF7FFF7FFF7FFF7FFF7FFF7FFF7FFF7FFF7FFF7FFF7FFF7FFF7F
310
FF7FFF7FFF7FFF7FFF7FFF7FFF7FFF7FFF7FFF7FFF7FFF7FFF7FFF7FFF7FFF7FFF7FFF7FFF7FFF7FFF7FFF7FFF7FFF7FFF7FFF7FFF7FFF7FFF7FFF7F0000FF7FFF7FFF7FFF7FFF7FFF7F0000FF7F00000000000000000000000000000000000000000000000000000000000000000000000000000000000000000000000000
310
00000000000000000000000000000000000000000000000000000000000000000000000000000000000000000000000000000000000000000000000000000000000000000000000000000000000000000000000000000000000000000000000000000000000000000000000000000000000000000000000000000000000000
310
0000000000000000000000000000000000000000000000000000000000000000000000000000000000000000FF7FFF7F00000000FF7FFF7FFF7FFF7F00000000FF7FFF7FFF7F00000000FF7FFF7FFF7F00000000FF7FFF7FFF7F00000000FF7FFF7FFF7F00000000FF7FFF7FFF7FFF7F0000FF7FFF7FFF7FFF7F0000FF7FFF
310
7FFF7FFF7F00000000FF7FFF7FFF7F00000000FF7FFF7F0000FF7FFF7F00000000FF7FFF7F0000FF7F0000000000000000000000000000000000000000000000000000000000000000000000000000000000000000000000000000000000000000000000000000000000000000000000000000000000000000000000000000
310
00000000000000000000000000000000000000000000000000000000000000000000000000000000000000000000000000000000000000000000000000000000000000000000000000000000000000000000000000000000000000000000000000000000000000000000000000000000000000000000000000000000000000
310
00000000000000FF7FFF7FFF7FFF7FFF7FFF7FFF7FFF7FFF7FFF7FFF7FFF7FFF7FFF7FFF7FFF7FFF7FFF7FFF7FFF7FFF7FFF7FFF7FFF7FFF7FFF7FFF7FFF7FFF7FFF7FFF7FFF7FFF7FFF7FFF7FFF7FFF7FFF7FFF7FFF7FFF7FFF7FFF7FFF7FFF7FFF7FFF7FFF7FFF7FFF7FFF7FFF7FFF7F0000FF7FFF7FFF7FFF7FFF7FFF7F
310
0000FF7F000000000000000000000000000000000000000000000000000000000000000000000000000000000000000000000000000000000000000000000000000000000000000000000000000000000000000000000000000000000000000000000000000000000000000000000000000000000000000000000000000000
310
00000000000000000000000000000000000000000000000000000000000000000000000000000000000000000000000000000000000000000000000000000000000000000000000000000000000000000000000000000000000000000000000000FF7FFF7FFF7FFF7FFF7FFF7F0000FF7FFF7FFF7FFF7FFF7FFF7FFF7FFF7F
310
FF7FFF7FFF7FFF7FFF7FFF7FFF7FFF7FFF7FFF7FFF7FFF7FFF7FFF7FFF7FFF7FFF7F0000FF7FFF7FFF7FFF7F0000FF7FFF7FFF7FFF7F0000FF7FFF7FFF7FFF7FFF7FFF7FFF7FFF7FFF7FFF7F00000000FF7FFF7FFF7FFF7FFF7F0000FF7F000000000000000000000000000000000000000000000000000000000000000000
310
00000000000000000000000000000000000000000000000000000000000000000000000000000000000000000000000000000000000000000000000000000000000000000000000000000000000000000000000000000000000000000000000000000000000000000000000000000000000000000000000000000000000000
310
000000000000000000000000000000000000000000000000000000000000000000000000000000000000000000000000000000000000000000000000FF7FFF7FFF7FFF7FFF7FFF7FFF7FFF7FFF7FFF7FFF7FFF7FFF7FFF7FFF7FFF7FFF7FFF7FFF7FFF7FFF7FFF7FFF7FFF7FFF7FFF7FFF7FFF7FFF7FFF7FFF7FFF7FFF7FFF
310
7FFF7FFF7FFF7FFF7FFF7FFF7FFF7FFF7FFF7FFF7FFF7FFF7FFF7FFF7FFF7FFF7FFF7FFF7FFF7FFF7FFF7FFF7FFF7FFF7FFF7FFF7FFF7FFF7F00000000000000000000000000000000000000000000000000000000000000000000000000000000000000000000000000000000000000000000000000000000000000000000
310
00000000000000000000000000000000000000000000000000000000000000000000000000000000000000000000000000000000000000000000000000000000000000000000000000000000000000000000000000000000000000000000000000000000000000000000000000000000000000000000000000000000000000
310
0000000000000000000000000000000000000000000000FF7FFF7FFF7FFF7FFF7FFF7FFF7FFF7FFF7FFF7FFF7FFF7FFF7FFF7FFF7FFF7FFF7FFF7FFF7FFF7FFF7FFF7FFF7FFF7FFF7FFF7FFF7FFF7FFF7FFF7FFF7FFF7FFF7FFF7FFF7FFF7FFF7FFF7FFF7FFF7FFF7FFF7FFF7FFF7FFF7FFF7FFF7FFF7FFF7FFF7FFF7FFF7F
310
FF7FFF7FFF7FFF7FFF7FFF7FFF7FFF7FFF7FFF7F0000000000000000000000000000000000000000000000000000000000000000000000000000000000000000000000000000000000000000000000000000000000000000000000000000000000000000000000000000000000000000000000000000000000000000000000
310
0000000000000000000000000000000000000000000000000000000000000000000000000000000000000000000000000000000000000000000000000000000000000000000000000000000000000000000000000000000000000000000000000000000000000000000000000000000000FF7FFF7F0000FF7FFF7FFF7FFF7F
310
0000FF7FFF7FFF7FFF7F00000000FF7FFF7FFF7F00000000FF7FFF7FFF7F00000000FF7FFF7FFF7F00000000FF7FFF7FFF7F00000000FF7FFF7FFF7F00000000FF7FFF7FFF7F00000000FF7FFF7FFF7FFF7F0000FF7FFF7FFF7FFF7F0000FF7FFF7FFF7FFF7F00000000FF7FFF7F0000000000000000000000000000000000
310
00000000000000000000000000000000000000000000000000000000000000000000000000000000000000000000000000000000000000000000000000000000000000000000000000000000000000000000000000000000000000000000000000000000000000000000000000000000000000000000000000000000000000
310
00000000000000000000000000000000000000000000000000000000000000000000000000000000000000000000000000000000000000000000000000000000000000000000000000000000FF7FFF7F0000FF7FFF7FFF7FFF7F0000FF7FFF7FFF7FFF7F00000000FF7FFF7FFF7F00000000FF7FFF7FFF7F00000000FF7FFF
310
7FFF7F00000000FF7FFF7FFF7F00000000FF7FFF7FFF7F00000000FF7FFF7FFF7F00000000FF7FFF7FFF7FFF7F0000FF7FFF7FFF7FFF7F0000FF7FFF7FFF7FFF7F00000000FF7FFF7F000000000000000000000000000000000000000000000000000000000000000000000000000000000000000000000000000000000000
310
00000000000000000000000000000000000000000000000000000000000000000000000000000000000000000000000000000000000000000000000000000000000000000000000000000000000000000000000000000000000000000000000000000000000000000000000000000000000000000000000000000000000000
310
000000000000000000000000000000000000000000000000000000000000000000000000000000FF7FFF7FFF7FFF7FFF7FFF7FFF7FFF7FFF7FFF7FFF7FFF7FFF7FFF7FFF7FFF7FFF7FFF7FFF7FFF7FFF7FFF7FFF7FFF7FFF7FFF7FFF7FFF7FFF7FFF7FFF7FFF7FFF7FFF7FFF7FFF7FFF7FFF7FFF7FFF7FFF7FFF7FFF7FFF7F
310
FF7FFF7FFF7FFF7FFF7FFF7FFF7FFF7FFF7FFF7FFF7FFF7FFF7FFF7FFF7FFF7FFF7FFF7F00000000000000000000000000000000000000000000000000000000000000000000000000000000000000000000000000000000000000000000000000000000000000000000000000000000000000000000000000000000000000
310
00000000000000000000000000000000000000000000000000000000000000000000000000000000000000000000000000000000000000000000000000000000000000000000000000000000000000000000000000000000000000000000000000000000000000000000000000000000000000000000000000000000000000
310
00000000FF7FFF7FFF7FFF7F0000FF7FFF7FFF7FFF7F0000FF7FFF7FFF7FFF7FFF7FFF7FFF7FFF7FFF7FFF7FFF7FFF7FFF7FFF7FFF7FFF7FFF7FFF7FFF7FFF7FFF7FFF7FFF7FFF7FFF7FFF7FFF7FFF7FFF7FFF7FFF7FFF7FFF7FFF7FFF7F0000FF7FFF7FFF7FFF7F0000FF7FFF7FFF7FFF7F0000FF7FFF7FFF7FFF7FFF7F00
310
00000000000000000000000000000000000000000000000000000000000000000000000000000000000000000000000000000000000000000000000000000000000000000000000000000000000000000000000000000000000000000000000000000000000000000000000000000000000000000000000000000000000000
310
00000000000000000000000000000000000000000000000000000000000000000000000000000000000000000000000000000000000000000000000000000000000000000000000000000000000000000000000000000000000000000000000000000000000000000000000000000000000000000000000000000000000000
310
00000000000000000000000000000000000000000000000000000000000000000000000000000000000000000000000000000000000000000000000000000000000000000000000000000000000000000000000000000000000000000000000000000000000000000000000000000000000000000000000000000000000000
310
00000000000000000000000000000000000000000000000000000000000000000000000000000000000000000000000000000000000000000000000000000000000000000000000000000000000000000000000000000000000000000000000000000000000000000000000000000000000000000000000000000000000000
310
00000000000000000000000000000000000000000000000000000000000000000000000000000000000000000000000000000000000000000000000000000000000000000000000000000000000000000000000000000000000000000000000000000000000000000000000000000000000000000000000000000000000000
310
00000000000000000000000000000000000000000000000000000000000000000000000000000000000000000000000000000000000000000000000000000000000000000000000000000000000000000000000000000000000000000000000000000000000000000000000000000000000000000000000000000000000000
310
00000000000000000000000000000000000000000000000000000000000000000000000000000000000000000000000000000000000000000000000000000000000000000000000000000000000000000000000000000000000000000000000000000000000000000000000000000000000000000000000000000000000000
310
00000000000000000000000000000000000000000000000000000000000000000000000000000000000000000000000000000000000000000000000000000000000000000000000000000000000000000000000000000000000000000000000000000000000000000000000000000000000000000000000000000000000000
310
00000000000000000000000000000000000000000000000000000000000000000000000000000000000000000000000000000000000000000000000000000000000000000000000000000000000000000000000000000000000000000000000000000000000000000000000000000000000000000000000000000000000000
310
00000000000000000000000000000000000000000000000000000000000000000000000000000000000000000000000000000000000000000000000000000000000000000000000000000000000000000000000000000000000000000000000000000000000000000000000000000000000000000000000000000000000000
310
00000000000000000000000000000000000000000000000000000000000000000000000000000000000000000000000000000000000000000000000000000000000000000000000000000000000000000000000000000000000000000000000000000000000000000000000000000000000000000000000000000000000000
310
00000000000000000000000000000000000000000000000000000000000000000000000000000000000000000000000000000000000000000000000000000000000000000000000000000000000000000000000000000000000000000000000000000000000000000000000000000000000000000000000000000000000000
310
00000000000000000000000000000000000000000000000000000000000000000000000000000000000000000000000000000000000000000000000000000000000000000000000000000000000000000000000000000000000000000000000000000000000000000000000000000000000000000000000000000000000000
310
00000000000000000000000000000000000000000000000000000000000000000000000000000000000000000000000000000000000000000000000000000000000000000000000000000000000000000000000000000000000000000000000000000000000000000000000000000000000000000000000000000000000000
310
00000000000000000000000000000000000000000000000000000000000000000000000000000000000000000000000000000000000000000000000000000000000000000000000000000000000000000000000000000000000000000000000000000000000000000000000000000000000000000000000000000000000000
310
00000000000000000000000000000000000000000000000000000000000000000000000000000000000000000000000000000000000000000000000000000000000000000000000000000000000000000000000000000000000000000000000000000000000000000000000000000000000000000000000000000000000000
310
00000000000000000000000000000000000000000000000000000000000000000000000000000000000000000000000000000000000000000000000000000000000000000000000000000000000000000000000000000000000000000000000000000000000000000000000000000000000000000000000000000000000000
310
00000000000000000000000000000000000000000000000000000000000000000000000000000000000000000000000000000000000000000000000000000000000000000000000000000000000000000000000000000000000000000000000000000000000000000000000000000000000000000000000000000000000000
310
00000000000000000000000000000000000000000000000000000000000000000000000000000000000000000000000000000000000000000000000000000000000000000000000000000000000000000000000000000000000000000000000000000000000000000000000000000000000000000000000000000000000000
310
00000000000000000000000000000000000000000000000000000000000000000000000000000000000000000000000000000000000000000000000000000000000000000000000000000000000000000000000000000000000000000000000000000000000000000000000000000000000000000000000000000000000000
310
00000000000000000000000000000000000000000000000000000000000000000000000000000000000000000000000000000000000000000000000000000000000000000000000000000000000000000000000000000000000000000000000000000000000000000000000000000000000000000000000000000000000000
310
00000000000000000000000000000000000000000000000000000000000000000000000000000000000000000000000000000000000000000000000000000000000000000000000000000000000000000000000000000000000000000000000000000000000000000000000000000000000000000000000000000000000000
310
00000000000000000000000000000000000000000000000000000000000000000000000000000000000000000000000000000000000000000000000000000000000000000000000000000000000000000000000000000000000000000000000000000000000000000000000000000000000000000000000000000000000000
310
00000000000000000000000000000000000000000000000000000000000000000000000000000000000000000000000000000000000000000000000000000000000000000000000000000000000000000000000000000000000000000000000000000000000000000000000000000000000000000000000000000000000000
310
00000000000000000000000000000000000000000000000000000000000000000000000000000000000000000000000000000000000000000000000000000000000000000000000000000000000000000000000000000000000000000000000000000000000000000000000000000000000000000000000000000000000000
310
00000000000000000000000000000000000000000000000000000000000000000000000000000000000000000000000000000000000000000000000000000000000000000000000000000000000000000000000000000000000000000000000000000000000000000000000000000000000000000000000000000000000000
310
00000000000000000000000000000000000000000000000000000000000000000000000000000000000000000000000000000000000000000000000000000000000000000000000000000000000000000000000000000000000000000000000000000000000000000000000000000000000000000000000000000000000000
310
00000000000000000000000000000000000000000000000000000000000000000000000000000000000000000000000000000000000000000000000000000000000000000000000000000000000000000000000000000000000000000000000000000000000000000000000000000000000000000000000000000000000000
310
00000000000000000000000000000000000000000000000000000000000000000000000000000000000000000000000000000000000000000000000000000000000000000000000000000000000000000000000000000000000000000000000000000000000000000000000000000000000000000000000000000000000000
310
00000000000000000000000000000000000000000000000000000000000000000000000000000000000000000000000000000000000000000000000000000000000000000000000000000000000000000000000000000000000000000000000000000000000000000000000000000000000000000000000000000000000000
310
00000000000000000000000000000000000000000000000000000000000000000000000000000000000000000000000000000000000000000000000000000000000000000000000000000000000000000000000000000000000000000000000000000000000000000000000000000000000000000000000000000000000000
310
00000000000000000000000000000000000000000000000000000000000000000000000000000000000000000000000000000000000000000000000000000000000000000000000000000000000000000000000000000000000000000000000000000000000000000000000000000000000000000000000000000000000000
310
00000000000000000000000000000000000000000000000000000000000000000000000000000000000000000000000000000000000000000000000000000000000000000000000000000000000000000000000000000000000000000000000000000000000000000000000000000000000000000000000000000000000000
310
00000000000000000000000000000000000000000000000000000000000000000000000000000000000000000000000000000000000000000000000000000000000000000000000000000000000000000000000000000000000000000000000000000000000000000000000000000000000000000000000000000000000000
310
00000000000000000000000000000000000000000000000000000000000000000000000000000000000000000000000000000000000000000000000000000000000000000000000000000000000000000000000000000000000000000000000000000000000000000000000000000000000000000000000000000000000000
310
00000000000000000000000000000000000000000000000000000000000000000000000000000000000000000000000000000000000000000000000000000000000000000000000000000000000000000000000000000000000000000000000000000000000000000000000000000000000000000000000000000000000000
310
00000000000000000000000000000000000000000000000000000000000000000000000000000000000000000000000000000000000000000000000000000000000000000000000000000000000000000000000000000000000000000000000000000000000000000000000000000000000000000000000000000000000000
310
00000000000000000000000000000000000000000000000000000000000000000000000000000000000000000000000000000000000000000000000000000000000000000000000000000000000000000000000000000000000000000000000000000000000000000000000000000000000000000000000000000000000000
310
00000000000000000000000000000000000000000000000000000000000000000000000000000000000000000000000000000000000000000000000000000000000000000000000000000000000000000000000000000000000000000000000000000000000000000000000000000000000000000000000000000000000000
310
00000000000000000000000000000000000000000000000000000000000000000000000000000000000000000000000000000000000000000000000000000000000000000000000000000000000000000000000000000000000000000000000000000000000000000000000000000000000000000000000000000000000000
310
00000000000000000000000000000000000000000000000000000000000000000000000000000000000000000000000000000000000000000000000000000000000000000000000000000000000000000000000000000000000000000000000000000000000000000000000000000000000000000000000000000000000000
310
00000000000000000000000000000000000000000000000000000000000000000000000000000000000000000000000000000000000000000000000000000000000000000000000000000000000000000000000000000000000000000000000000000000000000000000000000000000000000000000000000000000000000
310
00000000000000000000000000000000000000000000000000000000000000000000000000000000000000000000000000000000000000000000000000000000000000000000000000000000000000000000000000000000000000000000000000000000000000000000000000000000000000000000000000000000000000
310
00000000000000000000000000000000000000000000000000000000000000000000000000000000000000000000000000000000000000000000000000000000000000000000000000000000000000000000000000000000000000000000000000000000000000000000000000000000000000000000000000000000000000
310
00000000000000000000000000000000000000000000000000000000000000000000000000000000000000000000000000000000000000000000000000000000000000000000000000000000000000000000000000000000000000000000000000000000000000000000000000000000000000000000000000000000000000
310
00000000000000000000000000000000000000000000000000000000000000000000000000000000000000000000000000000000000000000000000000000000000000000000000000000000000000000000000000000000000000000000000000000000000000000000000000000000000000000000000000000000000000
310
00000000000000000000000000000000000000000000000000000000000000000000000000000000000000000000000000000000000000000000000000000000000000000000000000000000000000000000000000000000000000000000000000000000000000000000000000000000000000000000000000000000000000
310
00000000000000000000000000000000000000000000000000000000000000000000000000000000000000000000000000000000000000000000000000000000000000000000000000000000000000000000000000000000000000000000000000000000000000000000000000000000000000000000000000000000000000
310
00000000000000000000000000000000000000000000000000000000000000000000000000000000000000000000000000000000000000000000000000000000000000000000000000000000000000000000000000000000000000000000000000000000000000000000000000000000000000000000000000000000000000
310
00000000000000000000000000000000000000000000000000000000000000000000000000000000000000000000000000000000000000000000000000000000000000000000000000000000000000000000000000000000000000000000000000000000000000000000000000000000000000000000000000000000000000
310
00000000000000000000000000000000000000000000000000000000000000000000000000000000000000000000000000000000000000000000000000000000000000000000000000000000000000000000000000000000000000000000000000000000000000000000000000000000000000000000000000000000000000
310
00000000000000000000000000000000000000000000000000000000000000000000000000000000000000000000000000000000000000000000000000000000000000000000000000000000000000000000000000000000000000000000000000000000000000000000000000000000000000000000000000000000000000
310
00000000000000000000000000000000000000000000000000000000000000000000000000000000000000000000000000000000000000000000000000000000000000000000000000000000000000000000000000000000000000000000000000000000000000000000000000000000000000000000000000000000000000
310
00000000000000000000000000000000000000000000000000000000000000000000000000000000000000000000000000000000000000000000000000000000000000000000000000000000000000000000000000000000000000000000000000000000000000000000000000000000000000000000000000000000000000
310
00000000000000000000000000000000000000000000000000000000000000000000000000000000000000000000000000000000000000000000000000000000000000000000000000000000000000000000000000000000000000000000000000000000000000000000000000000000000000000000000000000000000000
310
00000000000000000000000000000000000000000000000000000000000000000000000000000000000000000000000000000000000000000000000000000000000000000000000000000000000000000000000000000000000000000000000000000000000000000000000000000000000000000000000000000000000000
310
00000000000000000000000000000000000000000000000000000000000000000000000000000000000000000000000000000000000000000000000000000000000000000000000000000000000000000000000000000000000000000000000000000000000000000000000000000000000000000000000000000000000000
310
00000000000000000000000000000000000000000000000000000000000000000000000000000000000000000000000000000000000000000000000000000000000000000000000000000000000000000000000000000000000000000000000000000000000000000000000000000000000000000000000000000000000000
310
00000000000000000000000000000000000000000000000000000000000000000000000000000000000000000000000000000000000000000000000000000000000000000000000000000000000000000000000000000000000000000000000000000000000000000000000000000000000000000000000000000000000000
310
00000000000000000000000000000000000000000000000000000000000000000000000000000000000000000000000000000000000000000000000000000000000000000000000000000000000000000000000000000000000000000000000000000000000000000000000000000000000000000000000000000000000000
310
00000000000000000000000000000000000000000000000000000000000000000000000000000000000000000000000000000000000000000000000000000000000000000000000000000000000000000000000000000000000000000000000000000000000000000000000000000000000000000000000000000000000000
310
00000000000000000000000000000000000000000000000000000000000000000000000000000000000000000000000000000000000000000000000000000000000000000000000000000000000000000000000000000000000000000000000000000000000000000000000000000000000000000000000000000000000000
310
00000000000000000000000000000000000000000000000000000000000000000000000000000000000000000000000000000000000000000000000000000000000000000000000000000000000000000000000000000000000000000000000000000000000000000000000000000000000000000000000000000000000000
310
00000000000000000000000000000000000000000000000000000000000000000000000000000000000000000000000000000000000000000000000000000000000000000000000000000000000000000000000000000000000000000000000000000000000000000000000000000000000000000000000000000000000000
310
00000000000000000000000000000000000000000000000000000000000000000000000000000000000000000000000000000000000000000000000000000000000000000000000000000000000000000000000000000000000000000000000000000000000000000000000000000000000000000000000000000000000000
310
00000000000000000000000000000000000000000000000000000000000000000000000000000000000000000000000000000000000000000000000000000000000000000000000000000000000000000000000000000000000000000000000000000000000000000000000000000000000000000000000000000000000000
310
00000000000000000000000000000000000000000000000000000000000000000000000000000000000000000000000000000000000000000000000000000000000000000000000000000000000000000000000000000000000000000000000000000000000000000000000000000000000000000000000000000000000000
310
00000000000000000000000000000000000000000000000000000000000000000000000000000000000000000000000000000000000000000000000000000000000000000000000000000000000000000000000000000000000000000000000000000000000000000000000000000000000000000000000000000000000000
310
00000000000000000000000000000000000000000000000000000000000000000000000000000000000000000000000000000000000000000000000000000000000000000000000000000000000000000000000000000000000000000000000000000000000000000000000000000000000000000000000000000000000000
310
00000000000000000000000000000000000000000000000000000000000000000000000000000000000000000000000000000000000000000000000000000000000000000000000000000000000000000000000000000000000000000000000000000000000000000000000000000000000000000000000000000000000000
310
00000000000000000000000000000000000000000000000000000000000000000000000000000000000000000000000000000000000000000000000000000000000000000000000000000000000000000000000000000000000000000000000000000000000000000000000000000000000000000000000000000000000000
310
00000000000000000000000000000000000000000000000000000000000000000000000000000000000000000000000000000000000000000000000000000000000000000000000000000000000000000000000000000000000000000000000000000000000000000000000000000000000000000000000000000000000000
310
00000000000000000000000000000000000000000000000000000000000000000000000000000000000000000000000000000000000000000000000000000000000000000000000000000000000000000000000000000000000000000000000000000000000000000000000000000000000000000000000000000000000000
310
00000000000000000000000000000000000000000000000000000000000000000000000000000000000000000000000000000000000000000000000000000000000000000000000000000000000000000000000000000000000000000000000000000000000000000000000000000000000000000000000000000000000000
310
00000000000000000000000000000000000000000000000000000000000000000000000000000000000000000000000000000000000000000000000000000000000000000000000000000000000000000000000000000000000000000000000000000000000000000000000000000000000000000000000000000000000000
310
00000000000000000000000000000000000000000000000000000000000000000000000000000000000000000000000000000000000000000000000000000000000000000000000000000000000000000000000000000000000000000000000000000000000000000000000000000000000000000000000000000000000000
310
00000000000000000000000000000000000000000000000000000000000000000000000000000000000000000000000000000000000000000000000000000000000000000000000000000000000000000000000000000000000000000000000000000000000000000000000000000000000000000000000000000000000000
310
00000000000000000000000000000000000000000000000000000000000000000000000000000000000000000000000000000000000000000000000000000000000000000000000000000000000000000000000000000000000000000000000000000000000000000000000000000000000000000000000000000000000000
310
00000000000000000000000000000000000000000000000000000000000000000000000000000000000000000000000000000000000000000000000000000000000000000000000000000000000000000000000000000000000000000000000000000000000000000000000000000000000000000000000000000000000000
310
00000000000000000000000000000000000000000000000000000000000000000000000000000000000000000000000000000000000000000000000000000000000000000000000000000000000000000000000000000000000000000000000000000000000000000000000000000000000000000000000000000000000000
310
00000000000000000000000000000000000000000000000000000000000000000000000000000000000000000000000000000000000000000000000000000000000000000000000000000000000000000000000000000000000000000000000000000000000000000000000000000000000000000000000000000000000000
310
00000000000000000000000000000000000000000000000000000000000000000000000000000000000000000000000000000000000000000000000000000000000000000000000000000000000000000000000000000000000000000000000000000000000000000000000000000000000000000000000000000000000000
310
00000000000000000000000000000000000000000000000000000000000000000000000000000000000000000000000000000000000000000000000000000000000000000000000000000000000000000000000000000000000000000000000000000000000000000000000000000000000000000000000000000000000000
310
00000000000000000000000000000000000000000000000000000000000000000000000000000000000000000000000000000000000000000000000000000000000000000000000000000000000000000000000000000000000000000000000000000000000000000000000000000000000000000000000000000000000000
310
00000000000000000000000000000000000000000000000000000000000000000000000000000000000000000000000000000000000000000000000000000000000000000000000000000000000000000000000000000000000000000000000000000000000000000000000000000000000000000000000000000000000000
310
00000000000000000000000000000000000000000000000000000000000000000000000000000000000000000000000000000000000000000000000000000000000000000000000000000000000000000000000000000000000000000000000000000000000000000000000000000000000000000000000000000000000000
310
00000000000000000000000000000000000000000000000000000000000000000000000000000000000000000000000000000000000000000000000000000000000000000000000000000000000000000000000000000000000000000000000000000000000000000000000000000000000000000000000000000000000000
310
00000000000000000000000000000000000000000000000000000000000000000000000000000000000000000000000000000000000000000000000000000000000000000000000000000000000000000000000000000000000000000000000000000000000000000000000000000000000000000000000000000000000000
310
00000000000000000000000000000000000000000000000000000000000000000000000000000000000000000000000000000000000000000000000000000000000000000000000000000000000000000000000000000000000000000000000000000000000000000000000000000000000000000000000000000000000000
310
00000000000000000000000000000000000000000000000000000000000000000000000000000000000000000000000000000000000000000000000000000000000000000000000000000000000000000000000000000000000000000000000000000000000000000000000000000000000000000000000000000000000000
310
00000000000000000000000000000000000000000000000000000000000000000000000000000000000000000000000000000000000000000000000000000000000000000000000000000000000000000000000000000000000000000000000000000000000000000000000000000000000000000000000000000000000000
310
00000000000000000000000000000000000000000000000000000000000000000000000000000000000000000000000000000000000000000000000000000000000000000000000000000000000000000000000000000000000000000000000000000000000000000000000000000000000000000000000000000000000000
310
00000000000000000000000000000000000000000000000000000000000000000000000000000000000000000000000000000000000000000000000000000000000000000000000000000000000000000000000000000000000000000000000000000000000000000000000000000000000000000000000000000000000000
310
00000000000000000000000000000000000000000000000000000000000000000000000000000000000000000000000000000000000000000000000000000000000000000000000000000000000000000000000000000000000000000000000000000000000000000000000000000000000000000000000000000000000000
310
00000000000000000000000000000000000000000000000000000000000000000000000000000000000000000000000000000000000000000000000000000000000000000000000000000000000000000000000000000000000000000000000000000000000000000000000000000000000000000000000000000000000000
310
00000000000000000000000000000000000000000000000000000000000000000000000000000000000000000000000000000000000000000000000000000000000000000000000000000000000000000000000000000000000000000000000000000000000000000000000000000000000000000000000000000000000000
310
00000000000000000000000000000000000000000000000000000000000000000000000000000000000000000000000000000000000000000000000000000000000000000000000000000000000000000000000000000000000000000000000000000000000000000000000000000000000000000000000000000000000000
310
00000000000000000000000000000000000000000000000000000000000000000000000000000000000000000000000000000000000000000000000000000000000000000000000000000000000000000000000000000000000000000000000000000000000000000000000000000000000000000000000000000000000000
310
00000000000000000000000000000000000000000000000000000000000000000000000000000000000000000000000000000000000000000000000000000000000000000000000000000000000000000000000000000000000000000000000000000000000000000000000000000000000000000000000000000000000000
310
00000000000000000000000000000000000000000000000000000000000000000000000000000000000000000000000000000000000000000000000000000000000000000000000000000000000000000000000000000000000000000000000000000000000000000000000000000000000000000000000000000000000000
310
00000000000000000000000000000000000000000000000000000000000000000000000000000000000000000000000000000000000000000000000000000000000000000000000000000000000000000000000000000000000000000000000000000000000000000000000000000000000000000000000000000000000000
310
00000000000000000000000000000000000000000000000000000000000000000000000000000000000000000000000000000000000000000000000000000000000000000000000000000000000000000000000000000000000000000000000000000000000000000000000000000000000000000000000000000000000000
310
00000000000000000000000000000000000000000000000000000000000000000000000000000000000000000000000000000000000000000000000000000000000000000000000000000000000000000000000000000000000000000000000000000000000000000000000000000000000000000000000000000000000000
310
00000000000000000000000000000000000000000000000000000000000000000000000000000000000000000000000000000000000000000000000000000000000000000000000000000000000000000000000000000000000000000000000000000000000000000000000000000000000000000000000000000000000000
310
00000000000000000000000000000000000000000000000000000000000000000000000000000000000000000000000000000000000000000000000000000000000000000000000000000000000000000000000000000000000000000000000000000000000000000000000000000000000000000000000000000000000000
310
00000000000000000000000000000000000000000000000000000000000000000000000000000000000000000000000000000000000000000000000000000000000000000000000000000000000000000000000000000000000000000000000000000000000000000000000000000000000000000000000000000000000000
310
00000000000000000000000000000000000000000000000000000000000000000000000000000000000000000000000000000000000000000000000000000000000000000000000000000000000000000000000000000000000000000000000000000000000000000000000000000000000000000000000000000000000000
310
00000000000000000000000000000000000000000000000000000000000000000000000000000000000000000000000000000000000000000000000000000000000000000000000000000000000000000000000000000000000000000000000000000000000000000000000000000000000000000000000000000000000000
310
00000000000000000000000000000000000000000000000000000000000000000000000000000000000000000000000000000000000000000000000000000000000000000000000000000000000000000000000000000000000000000000000000000000000000000000000000000000000000000000000000000000000000
310
00000000000000000000000000000000000000000000000000000000000000000000000000000000000000000000000000000000000000000000000000000000000000000000000000000000000000000000000000000000000000000000000000000000000000000000000000000000000000000000000000000000000000
310
00000000000000000000000000000000000000000000000000000000000000000000000000000000000000000000000000000000000000000000000000000000000000000000000000000000000000000000000000000000000000000000000000000000000000000000000000000000000000000000000000000000000000
310
00000000000000000000000000000000000000000000000000000000000000000000000000000000000000000000000000000000000000000000000000000000000000000000000000000000000000000000000000000000000000000000000000000000000000000000000000000000000000000000000000000000000000
310
00000000000000000000000000000000000000000000000000000000000000000000000000000000000000000000000000000000000000000000000000000000000000000000000000000000000000000000000000000000000000000000000000000000000000000000000000000000000000000000000000000000000000
310
00000000000000000000000000000000000000000000000000000000000000000000000000000000000000000000000000000000000000000000000000000000000000000000000000000000000000000000000000000000000000000000000000000000000000000000000000000000000000000000000000000000000000
310
00000000000000000000000000000000000000000000000000000000000000000000000000000000000000000000000000000000000000000000000000000000000000000000000000000000000000000000000000000000000000000000000000000000000000000000000000000000000000000000000000000000000000
310
00000000000000000000000000000000000000000000000000000000000000000000000000000000000000000000000000000000000000000000000000000000000000000000000000000000000000000000000000000000000000000000000000000000000000000000000000000000000000000000000000000000000000
310
00000000000000000000000000000000000000000000000000000000000000000000000000000000000000000000000000000000000000000000000000000000000000000000000000000000000000000000000000000000000000000000000000000000000000000000000000000000000000000000000000000000000000
310
00000000000000000000000000000000000000000000000000000000000000000000000000000000000000000000000000000000000000000000000000000000000000000000000000000000000000000000000000000000000000000000000000000000000000000000000000000000000000000000000000000000000000
310
00000000000000000000000000000000000000000000000000000000000000000000000000000000000000000000000000000000000000000000000000000000000000000000000000000000000000000000000000000000000000000000000000000000000000000000000000000000000000000000000000000000000000
310
00000000000000000000000000000000000000000000000000000000000000000000000000000000000000000000000000000000000000000000000000000000000000000000000000000000000000000000000000000000000000000000000000000000000000000000000000000000000000000000000000000000000000
310
00000000000000000000000000000000000000000000000000000000000000000000000000000000000000000000000000000000000000000000000000000000000000000000000000000000000000000000000000000000000000000000000000000000000000000000000000000000000000000000000000000000000000
310
00000000000000000000000000000000000000000000000000000000000000000000000000000000000000000000000000000000000000000000000000000000000000000000000000000000000000000000000000000000000000000000000000000000000000000000000000000000000000000000000000000000000000
310
00000000000000000000000000000000000000000000000000000000000000000000000000000000000000000000000000000000000000000000000000000000000000000000000000000000000000000000000000000000000000000000000000000000000000000000000000000000000000000000000000000000000000
310
00000000000000000000000000000000000000000000000000000000000000000000000000000000000000000000000000000000000000000000000000000000000000000000000000000000000000000000000000000000000000000000000000000000000000000000000000000000000000000000000000000000000000
310
00000000000000000000000000000000000000000000000000000000000000000000000000000000000000000000000000000000000000000000000000000000000000000000000000000000000000000000000000000000000000000000000000000000000000000000000000000000000000000000000000000000000000
310
00000000000000000000000000000000000000000000000000000000000000000000000000000000000000000000000000000000000000000000000000000000000000000000000000000000000000000000000000000000000000000000000000000000000000000000000000000000000000000000000000000000000000
310
00000000000000000000000000000000000000000000000000000000000000000000000000000000000000000000000000000000000000000000000000000000000000000000000000000000000000000000000000000000000000000000000000000000000000000000000000000000000000000000000000000000000000
310
00000000000000000000000000000000000000000000000000000000000000000000000000000000000000000000000000000000000000000000000000000000000000000000000000000000000000000000000000000000000000000000000000000000000000000000000000000000000000000000000000000000000000
310
00000000000000000000000000000000000000000000000000000000000000000000000000000000000000000000000000000000000000000000000000000000000000000000000000000000000000000000000000000000000000000000000000000000000000000000000000000000000000000000000000000000000000
310
00000000000000000000000000000000000000000000000000000000000000000000000000000000000000000000000000000000000000000000000000000000000000000000000000000000000000000000000000000000000000000000000000000000000000000000000000000000000000000000000000000000000000
310
00000000000000000000000000000000000000000000000000000000000000000000000000000000000000000000000000000000000000000000000000000000000000000000000000000000000000000000000000000000000000000000000000000000000000000000000000000000000000000000000000000000000000
310
00000000000000000000000000000000000000000000000000000000000000000000000000000000000000000000000000000000000000000000000000000000000000000000000000000000000000000000000000000000000000000000000000000000000000000000000000000000000000000000000000000000000000
310
00000000000000000000000000000000000000000000000000000000000000000000000000000000000000000000000000000000000000000000000000000000000000000000000000000000000000000000000000000000000000000000000000000000000000000000000000000000000000000000000000000000000000
310
00000000000000000000000000000000000000000000000000000000000000000000000000000000000000000000000000000000000000000000000000000000000000000000000000000000000000000000000000000000000000000000000000000000000000000000000000000000000000000000000000000000000000
310
00000000000000000000000000000000000000000000000000000000000000000000000000000000000000000000000000000000000000000000000000000000000000000000000000000000000000000000000000000000000000000000000000000000000000000000000000000000000000000000000000000000000000
310
00000000000000000000000000000000000000000000000000000000000000000000000000000000000000000000000000000000000000000000000000000000000000000000000000000000000000000000000000000000000000000000000000000000000000000000000000000000000000000000000000000000000000
310
00000000000000000000000000000000000000000000000000000000000000000000000000000000000000000000000000000000000000000000000000000000000000000000000000000000000000000000000000000000000000000000000000000000000000000000000000000000000000000000000000000000000000
310
00000000000000000000000000000000000000000000000000000000000000000000000000000000000000000000000000000000000000000000000000000000000000000000000000000000000000000000000000000000000000000000000000000000000000000000000000000000000000000000000000000000000000
310
00000000000000000000000000000000000000000000000000000000000000000000000000000000000000000000000000000000000000000000000000000000000000000000000000000000000000000000000000000000000000000000000000000000000000000000000000000000000000000000000000000000000000
310
00000000000000000000000000000000000000000000000000000000000000000000000000000000000000000000000000000000000000000000000000000000000000000000000000000000000000000000000000000000000000000000000000000000000000000000000000000000000000000000000000000000000000
310
00000000000000000000000000000000000000000000000000000000000000000000000000000000000000000000000000000000000000000000000000000000000000000000000000000000000000000000000000000000000000000000000000000000000000000000000000000000000000000000000000000000000000
310
00000000000000000000000000000000000000000000000000000000000000000000000000000000000000000000000000000000000000000000000000000000000000000000000000000000000000000000000000000000000000000000000000000000000000000000000000000000000000000000000000000000000000
310
00000000000000000000000000000000000000000000000000000000000000000000000000000000000000000000000000000000000000000000000000000000000000000000000000000000000000000000000000000000000000000000000000000000000000000000000000000000000000000000000000000000000000
310
00000000000000000000000000000000000000000000000000000000000000000000000000000000000000000000000000000000000000000000000000000000000000000000000000000000000000000000000000000000000000000000000000000000000000000000000000000000000000000000000000000000000000
310
00000000000000000000000000000000000000000000000000000000000000000000000000000000000000000000000000000000000000000000000000000000000000000000000000000000000000000000000000000000000000000000000000000000000000000000000000000000000000000000000000000000000000
310
00000000000000000000000000000000000000000000000000000000000000000000000000000000000000000000000000000000000000000000000000000000000000000000000000000000000000000000000000000000000000000000000000000000000000000000000000000000000000000000000000000000000000
310
00000000000000000000000000000000000000000000000000000000000000000000000000000000000000000000000000000000000000000000000000000000000000000000000000000000000000000000000000000000000000000000000000000000000000000000000000000000000000000000000000000000000000
310
00000000000000000000000000000000000000000000000000000000000000000000000000000000000000000000000000000000000000000000000000000000000000000000000000000000000000000000000000000000000000000000000000000000000000000000000000000000000000000000000000000000000000
310
00000000000000000000000000000000000000000000000000000000000000000000000000000000000000000000000000000000000000000000000000000000000000000000000000000000000000000000000000000000000000000000000000000000000000000000000000000000000000000000000000000000000000
310
00000000000000000000000000000000000000000000000000000000000000000000000000000000000000000000000000000000000000000000000000000000000000000000000000000000000000000000000000000000000000000000000000000000000000000000000000000000000000000000000000000000000000
310
00000000000000000000000000000000000000000000000000000000000000000000000000000000000000000000000000000000000000000000000000000000000000000000000000000000000000000000000000000000000000000000000000000000000000000000000000000000000000000000000000000000000000
310
00000000000000000000000000000000000000000000000000000000000000000000000000000000000000000000000000000000000000000000000000000000000000000000000000000000000000000000000000000000000000000000000000000000000000000000000000000000000000000000000000000000000000
310
00000000000000000000000000000000000000000000000000000000000000000000000000000000000000000000000000000000000000000000000000000000000000000000000000000000000000000000000000000000000000000000000000000000000000000000000000000000000000000000000000000000000000
310
00000000000000000000000000000000000000000000000000000000000000000000000000000000000000000000000000000000000000000000000000000000000000000000000000000000000000000000000000000000000000000000000000000000000000000000000000000000000000000000000000000000000000
310
00000000000000000000000000000000000000000000000000000000000000000000000000000000000000000000000000000000000000000000000000000000000000000000000000000000000000000000000000000000000000000000000000000000000000000000000000000000000000000000000000000000000000
310
00000000000000000000000000000000000000000000000000000000000000000000000000000000000000000000000000000000000000000000000000000000000000000000000000000000000000000000000000000000000000000000000000000000000000000000000000000000000000000000000000000000000000
310
00000000000000000000000000000000000000000000000000000000000000000000000000000000000000000000000000000000000000000000000000000000000000000000000000000000000000000000000000000000000000000000000000000000000000000000000000000000000000000000000000000000000000
310
00000000000000000000000000000000000000000000000000000000000000000000000000000000000000000000000000000000000000000000000000000000000000000000000000000000000000000000000000000000000000000000000000000000000000000000000000000000000000000000000000000000000000
310
00000000000000000000000000000000000000000000000000000000000000000000000000000000000000000000000000000000000000000000000000000000000000000000000000000000000000000000000000000000000000000000000000000000000000000000000000000000000000000000000000000000000000
310
00000000000000000000000000000000000000000000000000000000000000000000000000000000000000000000000000000000000000000000000000000000000000000000000000000000000000000000000000000000000000000000000000000000000000000000000000000000000000000000000000000000000000
310
00000000000000000000000000000000000000000000000000000000000000000000000000000000000000000000000000000000000000000000000000000000000000000000000000000000000000000000000000000000000000000000000000000000000000000000000000000000000000000000000000000000000000
310
00000000000000000000000000000000000000000000000000000000000000000000000000000000000000000000000000000000000000000000000000000000000000000000000000000000000000000000000000000000000000000000000000000000000000000000000000000000000000000000000000000000000000
310
00000000000000000000000000000000000000000000000000000000000000000000000000000000000000000000000000000000000000000000000000000000000000000000000000000000000000000000000000000000000000000000000000000000000000000000000000000000000000000000000000000000000000
310
00000000000000000000000000000000000000000000000000000000000000000000000000000000000000000000000000000000000000000000000000000000000000000000000000000000000000000000000000000000000000000000000000000000000000000000000000000000000000000000000000000000000000
310
00000000000000000000000000000000000000000000000000000000000000000000000000000000000000000000000000000000000000000000000000000000000000000000000000000000000000000000000000000000000000000000000000000000000000000000000000000000000000000000000000000000000000
310
00000000000000000000000000000000000000000000000000000000000000000000000000000000000000000000000000000000000000000000000000000000000000000000000000000000000000000000000000000000000000000000000000000000000000000000000000000000000000000000000000000000000000
310
00000000000000000000000000000000000000000000000000000000000000000000000000000000000000000000000000000000000000000000000000000000000000000000000000000000000000000000000000000000000000000000000000000000000000000000000000000000000000000000000000000000000000
310
00000000000000000000000000000000000000000000000000000000000000000000000000000000000000000000000000000000000000000000000000000000000000000000000000000000000000000000000000000000000000000000000000000000000000000000000000000000000000000000000000000000000000
310
00000000000000000000000000000000000000000000000000000000000000000000000000000000000000000000000000000000000000000000000000000000000000000000000000000000000000000000000000000000000000000000000000000000000000000000000000000000000000000000000000000000000000
310
00000000000000000000000000000000000000000000000000000000000000000000000000000000000000000000000000000000000000000000000000000000000000000000000000000000000000000000000000000000000000000000000000000000000000000000000000000000000000000000000000000000000000
310
00000000000000000000000000000000000000000000000000000000000000000000000000000000000000000000000000000000000000000000000000000000000000000000000000000000000000000000000000000000000000000000000000000000000000000000000000000000000000000000000000000000000000
310
00000000000000000000000000000000000000000000000000000000000000000000000000000000000000000000000000000000000000000000000000000000000000000000000000000000000000000000000000000000000000000000000000000000000000000000000000000000000000000000000000000000000000
310
00000000000000000000000000000000000000000000000000000000000000000000000000000000000000000000000000000000000000000000000000000000000000000000000000000000000000000000000000000000000000000000000000000000000000000000000000000000000000000000000000000000000000
310
00000000000000000000000000000000000000000000000000000000000000000000000000000000000000000000000000000000000000000000000000000000000000000000000000000000000000000000000000000000000000000000000000000000000000000000000000000000000000000000000000000000000000
310
00000000000000000000000000000000000000000000000000000000000000000000000000000000000000000000000000000000000000000000000000000000000000000033345C26D3E50B0A01000000
  0
ENDSEC
  0
EOF
