  0
SECTION
  2
HEADER
  9
$ACADVER
  1
AC1032
  9
$ACADMAINTVER
 90
      329
  9
$DWGCODEPAGE
  3
ANSI_1252
  9
$LASTSAVEDBY
  1
duyan
  9
$REQUIREDVERSIONS
160
                 0
  9
$INSBASE
 10
0.0
 20
0.0
 30
0.0
  9
$EXTMIN
 10
40.44538939474723
 20
308.4416993144775
 30
0.0
  9
$EXTMAX
 10
391.251989358219
 20
418.2000194555916
 30
0.0
  9
$LIMMIN
 10
0.0
 20
0.0
  9
$LIMMAX
 10
420.0
 20
297.0
  9
$ORTHOMODE
 70
     0
  9
$REGENMODE
 70
     1
  9
$FILLMODE
 70
     1
  9
$QTEXTMODE
 70
     0
  9
$MIRRTEXT
 70
     0
  9
$LTSCALE
 40
1.0
  9
$ATTMODE
 70
     1
  9
$TEXTSIZE
 40
2.5
  9
$TRACEWID
 40
1.0
  9
$TEXTSTYLE
  7
Standard
  9
$CLAYER
  8
0
  9
$CELTYPE
  6
ByLayer
  9
$CECOLOR
 62
   256
  9
$CELTSCALE
 40
1.0
  9
$DISPSILH
 70
     0
  9
$DIMSCALE
 40
1.0
  9
$DIMASZ
 40
2.5
  9
$DIMEXO
 40
0.625
  9
$DIMDLI
 40
3.75
  9
$DIMRND
 40
0.0
  9
$DIMDLE
 40
0.0
  9
$DIMEXE
 40
1.25
  9
$DIMTP
 40
0.0
  9
$DIMTM
 40
0.0
  9
$DIMTXT
 40
2.5
  9
$DIMCEN
 40
2.5
  9
$DIMTSZ
 40
0.0
  9
$DIMTOL
 70
     0
  9
$DIMLIM
 70
     0
  9
$DIMTIH
 70
     0
  9
$DIMTOH
 70
     0
  9
$DIMSE1
 70
     0
  9
$DIMSE2
 70
     0
  9
$DIMTAD
 70
     1
  9
$DIMZIN
 70
     8
  9
$DIMBLK
  1

  9
$DIMASO
 70
     1
  9
$DIMSHO
 70
     1
  9
$DIMPOST
  1

  9
$DIMAPOST
  1

  9
$DIMALT
 70
     0
  9
$DIMALTD
 70
     3
  9
$DIMALTF
 40
0.03937007874016
  9
$DIMLFAC
 40
1.0
  9
$DIMTOFL
 70
     1
  9
$DIMTVP
 40
0.0
  9
$DIMTIX
 70
     0
  9
$DIMSOXD
 70
     0
  9
$DIMSAH
 70
     0
  9
$DIMBLK1
  1

  9
$DIMBLK2
  1

  9
$DIMSTYLE
  2
ISO-25
  9
$DIMCLRD
 70
     0
  9
$DIMCLRE
 70
     0
  9
$DIMCLRT
 70
     0
  9
$DIMTFAC
 40
1.0
  9
$DIMGAP
 40
0.625
  9
$DIMJUST
 70
     0
  9
$DIMSD1
 70
     0
  9
$DIMSD2
 70
     0
  9
$DIMTOLJ
 70
     0
  9
$DIMTZIN
 70
     8
  9
$DIMALTZ
 70
     0
  9
$DIMALTTZ
 70
     0
  9
$DIMUPT
 70
     0
  9
$DIMDEC
 70
     2
  9
$DIMTDEC
 70
     2
  9
$DIMALTU
 70
     2
  9
$DIMALTTD
 70
     3
  9
$DIMTXSTY
  7
Standard
  9
$DIMAUNIT
 70
     0
  9
$DIMADEC
 70
     0
  9
$DIMALTRND
 40
0.0
  9
$DIMAZIN
 70
     0
  9
$DIMDSEP
 70
    44
  9
$DIMATFIT
 70
     3
  9
$DIMFRAC
 70
     0
  9
$DIMLDRBLK
  1

  9
$DIMLUNIT
 70
     2
  9
$DIMLWD
 70
    -2
  9
$DIMLWE
 70
    -2
  9
$DIMTMOVE
 70
     0
  9
$DIMFXL
 40
1.0
  9
$DIMFXLON
 70
     0
  9
$DIMJOGANG
 40
0.7853981633974483
  9
$DIMTFILL
 70
     0
  9
$DIMTFILLCLR
 70
     0
  9
$DIMARCSYM
 70
     0
  9
$DIMLTYPE
  6

  9
$DIMLTEX1
  6

  9
$DIMLTEX2
  6

  9
$DIMTXTDIRECTION
 70
     0
  9
$LUNITS
 70
     2
  9
$LUPREC
 70
     4
  9
$SKETCHINC
 40
1.0
  9
$FILLETRAD
 40
0.5
  9
$AUNITS
 70
     0
  9
$AUPREC
 70
     0
  9
$MENU
  1
.
  9
$ELEVATION
 40
0.0
  9
$PELEVATION
 40
0.0
  9
$THICKNESS
 40
0.0
  9
$LIMCHECK
 70
     0
  9
$CHAMFERA
 40
0.0
  9
$CHAMFERB
 40
0.0
  9
$CHAMFERC
 40
0.0
  9
$CHAMFERD
 40
0.0
  9
$SKPOLY
 70
     0
  9
$TDCREATE
 40
2460390.470925926
  9
$TDUCREATE
 40
2460390.179259260
  9
$TDUPDATE
 40
2461144.030370371
  9
$TDUUPDATE
 40
2461143.738703704
  9
$TDINDWG
 40
0.4657523148
  9
$TDUSRTIMER
 40
0.4657523148
  9
$USRTIMER
 70
     1
  9
$ANGBASE
 50
0.0
  9
$ANGDIR
 70
     0
  9
$PDMODE
 70
     0
  9
$PDSIZE
 40
0.0
  9
$PLINEWID
 40
0.0
  9
$SPLFRAME
 70
     0
  9
$SPLINETYPE
 70
     6
  9
$SPLINESEGS
 70
     8
  9
$HANDSEED
  5
11B9
  9
$SURFTAB1
 70
     6
  9
$SURFTAB2
 70
     6
  9
$SURFTYPE
 70
     6
  9
$SURFU
 70
     6
  9
$SURFV
 70
     6
  9
$UCSBASE
  2

  9
$UCSNAME
  2

  9
$UCSORG
 10
0.0
 20
0.0
 30
0.0
  9
$UCSXDIR
 10
1.0
 20
0.0
 30
0.0
  9
$UCSYDIR
 10
0.0
 20
1.0
 30
0.0
  9
$UCSORTHOREF
  2

  9
$UCSORTHOVIEW
 70
     0
  9
$UCSORGTOP
 10
0.0
 20
0.0
 30
0.0
  9
$UCSORGBOTTOM
 10
0.0
 20
0.0
 30
0.0
  9
$UCSORGLEFT
 10
0.0
 20
0.0
 30
0.0
  9
$UCSORGRIGHT
 10
0.0
 20
0.0
 30
0.0
  9
$UCSORGFRONT
 10
0.0
 20
0.0
 30
0.0
  9
$UCSORGBACK
 10
0.0
 20
0.0
 30
0.0
  9
$PUCSBASE
  2

  9
$PUCSNAME
  2

  9
$PUCSORG
 10
0.0
 20
0.0
 30
0.0
  9
$PUCSXDIR
 10
1.0
 20
0.0
 30
0.0
  9
$PUCSYDIR
 10
0.0
 20
1.0
 30
0.0
  9
$PUCSORTHOREF
  2

  9
$PUCSORTHOVIEW
 70
     0
  9
$PUCSORGTOP
 10
0.0
 20
0.0
 30
0.0
  9
$PUCSORGBOTTOM
 10
0.0
 20
0.0
 30
0.0
  9
$PUCSORGLEFT
 10
0.0
 20
0.0
 30
0.0
  9
$PUCSORGRIGHT
 10
0.0
 20
0.0
 30
0.0
  9
$PUCSORGFRONT
 10
0.0
 20
0.0
 30
0.0
  9
$PUCSORGBACK
 10
0.0
 20
0.0
 30
0.0
  9
$USERI1
 70
     0
  9
$USERI2
 70
     0
  9
$USERI3
 70
     0
  9
$USERI4
 70
     0
  9
$USERI5
 70
     0
  9
$USERR1
 40
0.0
  9
$USERR2
 40
0.0
  9
$USERR3
 40
0.0
  9
$USERR4
 40
0.0
  9
$USERR5
 40
0.0
  9
$WORLDVIEW
 70
     1
  9
$SHADEDGE
 70
     3
  9
$SHADEDIF
 70
    70
  9
$TILEMODE
 70
     1
  9
$MAXACTVP
 70
    64
  9
$PINSBASE
 10
0.0
 20
0.0
 30
0.0
  9
$PLIMCHECK
 70
     0
  9
$PEXTMIN
 10
25.69999999999999
 20
19.5
 30
0.0
  9
$PEXTMAX
 10
231.3
 20
175.5
 30
0.0
  9
$PLIMMIN
 10
-20.0
 20
-7.5
  9
$PLIMMAX
 10
277.0
 20
202.5
  9
$UNITMODE
 70
     0
  9
$VISRETAIN
 70
     1
  9
$PLINEGEN
 70
     0
  9
$PSLTSCALE
 70
     1
  9
$TREEDEPTH
 70
  3020
  9
$CMLSTYLE
  2
Standard
  9
$CMLJUST
 70
     0
  9
$CMLSCALE
 40
20.0
  9
$PROXYGRAPHICS
 70
     1
  9
$MEASUREMENT
 70
     1
  9
$CELWEIGHT
370
    -1
  9
$ENDCAPS
280
     0
  9
$JOINSTYLE
280
     0
  9
$LWDISPLAY
290
     0
  9
$INSUNITS
 70
     4
  9
$HYPERLINKBASE
  1

  9
$STYLESHEET
  1

  9
$XEDIT
290
     1
  9
$CEPSNTYPE
380
     0
  9
$PSTYLEMODE
290
     1
  9
$FINGERPRINTGUID
  2
{E79342C8-021C-6043-89F8-FA197EE631B1}
  9
$VERSIONGUID
  2
{02029359-E30D-454C-A4DE-8BB951DD2692}
  9
$EXTNAMES
290
     1
  9
$PSVPSCALE
 40
0.0
  9
$OLESTARTUP
290
     0
  9
$SORTENTS
280
   127
  9
$INDEXCTL
280
     0
  9
$HIDETEXT
280
     1
  9
$XCLIPFRAME
280
     2
  9
$HALOGAP
280
     0
  9
$OBSCOLOR
 70
   257
  9
$OBSLTYPE
280
     0
  9
$INTERSECTIONDISPLAY
280
     0
  9
$INTERSECTIONCOLOR
 70
   257
  9
$DIMASSOC
280
     2
  9
$PROJECTNAME
  1

  9
$CAMERADISPLAY
290
     0
  9
$LENSLENGTH
 40
50.0
  9
$CAMERAHEIGHT
 40
0.0
  9
$STEPSPERSEC
 40
2.0
  9
$STEPSIZE
 40
6.0
  9
$3DDWFPREC
 40
2.0
  9
$PSOLWIDTH
 40
5.0
  9
$PSOLHEIGHT
 40
80.0
  9
$LOFTANG1
 40
1.570796326794896
  9
$LOFTANG2
 40
1.570796326794896
  9
$LOFTMAG1
 40
0.0
  9
$LOFTMAG2
 40
0.0
  9
$LOFTPARAM
 70
     7
  9
$LOFTNORMALS
280
     1
  9
$LATITUDE
 40
37.795
  9
$LONGITUDE
 40
-122.394
  9
$NORTHDIRECTION
 40
0.0
  9
$TIMEZONE
 70
 -8000
  9
$LIGHTGLYPHDISPLAY
280
     1
  9
$TILEMODELIGHTSYNCH
280
     1
  9
$CMATERIAL
347
EC
  9
$SOLIDHIST
280
     0
  9
$SHOWHIST
280
     1
  9
$DWFFRAME
280
     2
  9
$DGNFRAME
280
     0
  9
$REALWORLDSCALE
290
     1
  9
$INTERFERECOLOR
 62
     1
  9
$INTERFEREOBJVS
345
F9
  9
$INTERFEREVPVS
346
F6
  9
$CSHADOW
280
     0
  9
$SHADOWPLANELOCATION
 40
0.0
  0
ENDSEC
  0
SECTION
  2
CLASSES
  0
CLASS
  1
ACDBDICTIONARYWDFLT
  2
AcDbDictionaryWithDefault
  3
ObjectDBX Classes
 90
        0
 91
        1
280
     0
281
     0
  0
CLASS
  1
ACDBPLACEHOLDER
  2
AcDbPlaceHolder
  3
ObjectDBX Classes
 90
        0
 91
        1
280
     0
281
     0
  0
CLASS
  1
LAYOUT
  2
AcDbLayout
  3
ObjectDBX Classes
 90
        0
 91
        3
280
     0
281
     0
  0
CLASS
  1
DICTIONARYVAR
  2
AcDbDictionaryVar
  3
ObjectDBX Classes
 90
        0
 91
       11
280
     0
281
     0
  0
CLASS
  1
TABLESTYLE
  2
AcDbTableStyle
  3
ObjectDBX Classes
 90
     4095
 91
        1
280
     0
281
     0
  0
CLASS
  1
MATERIAL
  2
AcDbMaterial
  3
ObjectDBX Classes
 90
     1153
 91
        3
280
     0
281
     0
  0
CLASS
  1
VISUALSTYLE
  2
AcDbVisualStyle
  3
ObjectDBX Classes
 90
     4095
 91
       24
280
     0
281
     0
  0
CLASS
  1
SCALE
  2
AcDbScale
  3
ObjectDBX Classes
 90
     1153
 91
       17
280
     0
281
     0
  0
CLASS
  1
MLEADERSTYLE
  2
AcDbMLeaderStyle
  3
ACDB_MLEADERSTYLE_CLASS
 90
     4095
 91
        2
280
     0
281
     0
  0
CLASS
  1
CELLSTYLEMAP
  2
AcDbCellStyleMap
  3
ObjectDBX Classes
 90
     1152
 91
       23
280
     0
281
     0
  0
CLASS
  1
EXACXREFPANELOBJECT
  2
ExAcXREFPanelObject
  3
EXAC_ESW
 90
     1025
 91
        0
280
     0
281
     0
  0
CLASS
  1
NPOCOLLECTION
  2
AcDbImpNonPersistentObjectsCollection
  3
ObjectDBX Classes
 90
     1153
 91
        0
280
     0
281
     0
  0
CLASS
  1
LAYER_INDEX
  2
AcDbLayerIndex
  3
ObjectDBX Classes
 90
        0
 91
        0
280
     0
281
     0
  0
CLASS
  1
SPATIAL_INDEX
  2
AcDbSpatialIndex
  3
ObjectDBX Classes
 90
        0
 91
        0
280
     0
281
     0
  0
CLASS
  1
IDBUFFER
  2
AcDbIdBuffer
  3
ObjectDBX Classes
 90
        0
 91
        0
280
     0
281
     0
  0
CLASS
  1
ACDBSECTIONVIEWSTYLE
  2
AcDbSectionViewStyle
  3
ObjectDBX Classes
 90
     1025
 91
        1
280
     0
281
     0
  0
CLASS
  1
ACDBDETAILVIEWSTYLE
  2
AcDbDetailViewStyle
  3
ObjectDBX Classes
 90
     1025
 91
        1
280
     0
281
     0
  0
CLASS
  1
SORTENTSTABLE
  2
AcDbSortentsTable
  3
ObjectDBX Classes
 90
        0
 91
        4
280
     0
281
     0
  0
CLASS
  1
RAPIDRTRENDERSETTINGS
  2
AcDbRapidRTRenderSettings
  3
ObjectDBX Classes
 90
     1024
 91
       12
280
     0
281
     0
  0
CLASS
  1
DIMASSOC
  2
AcDbDimAssoc
  3
"AcDbDimAssoc|Product Desc:     AcDim ARX App For Dimension|Company:          Autodesk, Inc.|WEB Address:      www.autodesk.com"
 90
        0
 91
        1
280
     0
281
     0
  0
ENDSEC
  0
SECTION
  2
TABLES
  0
TABLE
  2
VPORT
  5
8
330
0
100
AcDbSymbolTable
 70
     1
  0
VPORT
  5
EA
330
8
100
AcDbSymbolTableRecord
100
AcDbViewportTableRecord
  2
*Active
 70
     0
 10
0.0
 20
0.0
 11
1.0
 21
1.0
 12
221.3823589968696
 22
367.9111584967537
 13
0.0
 23
0.0
 14
10.0
 24
10.0
 15
10.0
 25
10.0
 16
0.0
 26
0.0
 36
1.0
 17
0.0
 27
0.0
 37
0.0
 40
178.7965903722681
 41
2.176020408163265
 42
50.0
 43
0.0
 44
0.0
 50
0.0
 51
0.0
 71
     0
 72
  1000
 73
     1
 74
     3
 75
     0
 76
     1
 77
     0
 78
     0
281
     0
 65
     1
110
0.0
120
0.0
130
0.0
111
1.0
121
0.0
131
0.0
112
0.0
122
1.0
132
0.0
 79
     0
146
0.0
348
F5
 60
     3
 61
     5
292
     1
282
     1
141
0.0
142
0.0
 63
   250
421
  3355443
1001
ACAD_NAV_VCDISPLAY
1070
     3
  0
ENDTAB
  0
TABLE
  2
LTYPE
  5
5
330
0
100
AcDbSymbolTable
 70
     3
  0
LTYPE
  5
14
330
5
100
AcDbSymbolTableRecord
100
AcDbLinetypeTableRecord
  2
ByBlock
 70
     0
  3

 72
    65
 73
     0
 40
0.0
  0
LTYPE
  5
15
330
5
100
AcDbSymbolTableRecord
100
AcDbLinetypeTableRecord
  2
ByLayer
 70
     0
  3

 72
    65
 73
     0
 40
0.0
  0
LTYPE
  5
16
330
5
100
AcDbSymbolTableRecord
100
AcDbLinetypeTableRecord
  2
Continuous
 70
     0
  3
Solid line
 72
    65
 73
     0
 40
0.0
  0
ENDTAB
  0
TABLE
  2
LAYER
  5
2
102
{ACAD_XDICTIONARY
360
1FF
102
}
330
0
100
AcDbSymbolTable
 70
     3
  0
LAYER
  5
10
102
{ACAD_XDICTIONARY
360
13C
102
}
330
2
100
AcDbSymbolTableRecord
100
AcDbLayerTableRecord
  2
0
 70
     0
 62
     7
  6
Continuous
370
    -3
390
F
347
EE
348
0
  0
LAYER
  5
281
102
{ACAD_XDICTIONARY
360
282
102
}
330
2
100
AcDbSymbolTableRecord
100
AcDbLayerTableRecord
  2
Visible_Pen_No__7
 70
     0
 62
     7
  6
Continuous
370
    18
390
F
347
EE
348
0
  0
LAYER
  5
10A6
330
2
100
AcDbSymbolTableRecord
100
AcDbLayerTableRecord
  2
Defpoints
 70
     0
 62
     7
  6
Continuous
290
     0
370
    -3
390
F
347
EE
348
0
  0
ENDTAB
  0
TABLE
  2
STYLE
  5
3
330
0
100
AcDbSymbolTable
 70
     2
  0
STYLE
  5
11
330
3
100
AcDbSymbolTableRecord
100
AcDbTextStyleTableRecord
  2
Standard
 70
     0
 40
0.0
 41
1.0
 50
0.0
 71
     0
 42
2.5
  3
arial.ttf
  4

1001
ACAD
1000
Arial
1071
       34
  0
STYLE
  5
132
330
3
100
AcDbSymbolTableRecord
100
AcDbTextStyleTableRecord
  2
Annotative
 70
     0
 40
0.0
 41
1.0
 50
0.0
 71
     0
 42
2.5
  3
arial.ttf
  4

1001
AcadAnnotative
1000
AnnotativeData
1002
{
1070
     1
1070
     1
1002
}
1001
ACAD
1000
Arial
1071
       34
  0
ENDTAB
  0
TABLE
  2
VIEW
  5
6
330
0
100
AcDbSymbolTable
 70
    22
  0
ENDTAB
  0
TABLE
  2
UCS
  5
7
330
0
100
AcDbSymbolTable
 70
     0
  0
ENDTAB
  0
TABLE
  2
APPID
  5
9
330
0
100
AcDbSymbolTable
 70
    12
  0
APPID
  5
12
330
9
100
AcDbSymbolTableRecord
100
AcDbRegAppTableRecord
  2
ACAD
 70
     0
  0
APPID
  5
9E
330
9
100
AcDbSymbolTableRecord
100
AcDbRegAppTableRecord
  2
ACAD_PSEXT
 70
     0
  0
APPID
  5
133
330
9
100
AcDbSymbolTableRecord
100
AcDbRegAppTableRecord
  2
AcadAnnoPO
 70
     0
  0
APPID
  5
134
330
9
100
AcDbSymbolTableRecord
100
AcDbRegAppTableRecord
  2
AcadAnnotative
 70
     0
  0
APPID
  5
135
330
9
100
AcDbSymbolTableRecord
100
AcDbRegAppTableRecord
  2
ACAD_DSTYLE_DIMJAG
 70
     0
  0
APPID
  5
136
330
9
100
AcDbSymbolTableRecord
100
AcDbRegAppTableRecord
  2
ACAD_DSTYLE_DIMTALN
 70
     0
  0
APPID
  5
165
330
9
100
AcDbSymbolTableRecord
100
AcDbRegAppTableRecord
  2
ACAD_MLEADERVER
 70
     0
  0
APPID
  5
217
330
9
100
AcDbSymbolTableRecord
100
AcDbRegAppTableRecord
  2
ACAD_NAV_VCDISPLAY
 70
     0
  0
APPID
  5
61F
330
9
100
AcDbSymbolTableRecord
100
AcDbRegAppTableRecord
  2
ACAD_EXEMPT_FROM_CAD_STANDARDS
 70
     0
  0
APPID
  5
76D
330
9
100
AcDbSymbolTableRecord
100
AcDbRegAppTableRecord
  2
AcadStringInfo
 70
     0
  0
APPID
  5
DA5
330
9
100
AcDbSymbolTableRecord
100
AcDbRegAppTableRecord
  2
ACAD_DSTYLE_DIMRADIAL_EXTENSION
 70
     0
  0
APPID
  5
10A3
330
9
100
AcDbSymbolTableRecord
100
AcDbRegAppTableRecord
  2
Acad_TC
 70
     0
  0
ENDTAB
  0
TABLE
  2
DIMSTYLE
  5
A
330
0
100
AcDbSymbolTable
 70
     5
100
AcDbDimStyleTable
 71
     2
340
27
340
137
  0
DIMSTYLE
105
1B0
330
A
100
AcDbSymbolTableRecord
100
AcDbDimStyleTableRecord
  2
Standard
 70
     0
340
11
  0
DIMSTYLE
105
137
330
A
100
AcDbSymbolTableRecord
100
AcDbDimStyleTableRecord
  2
Annotative
 70
     0
 40
0.0
 41
2.5
 42
0.625
 43
3.75
 44
1.25
 73
     0
 74
     0
 77
     1
 78
     8
140
2.5
141
2.5
143
0.03937007874016
147
0.625
171
     3
172
     1
271
     2
272
     2
274
     3
278
    44
283
     0
284
     8
340
11
1001
AcadAnnotative
1000
AnnotativeData
1002
{
1070
     1
1070
     1
1002
}
1001
ACAD_DSTYLE_DIMJAG
1070
   388
1040
1.5
1001
ACAD_DSTYLE_DIMTALN
1070
   392
1070
     0
  0
DIMSTYLE
105
27
330
A
100
AcDbSymbolTableRecord
100
AcDbDimStyleTableRecord
  2
ISO-25
 70
     0
 41
2.5
 42
0.625
 43
3.75
 44
1.25
 73
     0
 74
     0
 77
     1
 78
     8
140
2.5
141
2.5
143
0.03937007874016
147
0.625
171
     3
172
     1
271
     2
272
     2
274
     3
278
    44
283
     0
284
     8
340
11
  0
ENDTAB
  0
TABLE
  2
BLOCK_RECORD
  5
1
330
0
100
AcDbSymbolTable
 70
     6
  0
BLOCK_RECORD
  5
1F
102
{ACAD_XDICTIONARY
360
1CE
102
}
330
1
100
AcDbSymbolTableRecord
100
AcDbBlockTableRecord
  2
*Model_Space
340
22
 70
     0
280
     1
281
     0
  0
BLOCK_RECORD
  5
D6
330
1
100
AcDbSymbolTableRecord
100
AcDbBlockTableRecord
  2
*Paper_Space
340
D7
 70
     0
280
     1
281
     0
  0
BLOCK_RECORD
  5
D2
330
1
100
AcDbSymbolTableRecord
100
AcDbBlockTableRecord
  2
*Paper_Space0
340
D3
 70
     0
280
     1
281
     0
  0
BLOCK_RECORD
  5
DD8
102
{ACAD_XDICTIONARY
360
DDC
102
}
330
1
100
AcDbSymbolTableRecord
100
AcDbBlockTableRecord
  2
A$Ce0d5dfef
340
0
 70
     4
280
     1
281
     0
  0
BLOCK_RECORD
  5
10A7
330
1
100
AcDbSymbolTableRecord
100
AcDbBlockTableRecord
  2
*D4
340
0
 70
     0
280
     1
281
     0
  0
ENDTAB
  0
ENDSEC
  0
SECTION
  2
BLOCKS
  0
BLOCK
  5
20
330
1F
100
AcDbEntity
  8
0
100
AcDbBlockBegin
  2
*Model_Space
 70
     0
 10
0.0
 20
0.0
 30
0.0
  3
*Model_Space
  1

  0
ENDBLK
  5
21
330
1F
100
AcDbEntity
  8
0
100
AcDbBlockEnd
  0
BLOCK
  5
D8
330
D6
100
AcDbEntity
 67
     1
  8
0
100
AcDbBlockBegin
  2
*Paper_Space
 70
     0
 10
0.0
 20
0.0
 30
0.0
  3
*Paper_Space
  1

  0
ENDBLK
  5
D9
330
D6
100
AcDbEntity
 67
     1
  8
0
100
AcDbBlockEnd
  0
BLOCK
  5
D4
330
D2
100
AcDbEntity
 67
     1
  8
0
100
AcDbBlockBegin
  2
*Paper_Space0
 70
     0
 10
0.0
 20
0.0
 30
0.0
  3
*Paper_Space0
  1

  0
ENDBLK
  5
D5
330
D2
100
AcDbEntity
 67
     1
  8
0
100
AcDbBlockEnd
  0
BLOCK
  5
DDE
330
DD8
100
AcDbEntity
  8
0
100
AcDbBlockBegin
  2
A$Ce0d5dfef
 70
     0
 10
0.0
 20
0.0
 30
0.0
  3
A$Ce0d5dfef
  1

  0
ARC
  5
DD9
330
DD8
100
AcDbEntity
  8
0
100
AcDbCircle
 10
1.272451522865367
 20
0.2170602237256389
 30
0.0
 40
1.25
100
AcDbArc
 50
349.999999923577
 51
84.79391738393784
  0
LINE
  5
DDA
330
DD8
100
AcDbEntity
  8
0
100
AcDbLine
 10
1.363422880556384
 20
1.463949339746136
 30
0.0
 11
1.38587440342178
 21
1.461903687847211
 31
0.0
  0
ARC
  5
DDB
330
DD8
100
AcDbEntity
  8
0
100
AcDbCircle
 10
1.25
 20
0.2191058756245638
 30
0.0
 40
1.25
100
AcDbArc
 50
84.79391738393784
 51
180.0
  0
ENDBLK
  5
DDF
330
DD8
100
AcDbEntity
  8
0
100
AcDbBlockEnd
  0
BLOCK
  5
10A8
330
10A7
100
AcDbEntity
  8
0
100
AcDbBlockBegin
  2
*D4
 70
     1
 10
0.0
 20
0.0
 30
0.0
  3
*D4
  1

  0
LINE
  5
10B4
330
10A7
100
AcDbEntity
  8
0
 62
     0
440
 16777216
370
    -2
100
AcDbLine
 10
189.0027105877542
 20
327.8773334854924
 30
0.0
 11
184.9578339164643
 21
328.5905543850749
 31
0.0
  0
LINE
  5
10B5
330
10A7
100
AcDbEntity
  8
0
 62
     0
440
 16777216
370
    -2
100
AcDbLine
 10
186.57163609847
 20
314.0900251023105
 30
0.0
 11
182.5267594271801
 21
314.8032460018929
 31
0.0
  0
LINE
  5
10B6
330
10A7
100
AcDbEntity
  8
0
 62
     0
440
 16777216
370
    -2
100
AcDbLine
 10
185.754723157912
 20
325.9114747787801
 30
0.0
 11
184.1918895673472
 21
317.0482051588281
 31
0.0
  0
SOLID
  5
10B7
330
10A7
100
AcDbEntity
  8
0
 62
     0
440
 16777216
100
AcDbTrace
 10
185.3443865943096
 20
325.9838281870067
 30
0.0
 11
186.1650597215145
 21
325.8391213705535
 31
0.0
 12
186.1888436072717
 22
328.3734941603951
 32
0.0
 13
186.1888436072717
 23
328.3734941603951
 33
0.0
  0
SOLID
  5
10B8
330
10A7
100
AcDbEntity
  8
0
 62
     0
440
 16777216
100
AcDbTrace
 10
183.7815530037447
 20
317.1205585670547
 30
0.0
 11
184.6022261309497
 21
316.9758517506015
 31
0.0
 12
183.7577691179876
 22
314.5861857772131
 32
0.0
 13
183.7577691179876
 23
314.5861857772131
 33
0.0
  0
MTEXT
  5
10B9
330
10A7
100
AcDbEntity
  8
0
 62
     0
440
 16777216
100
AcDbMText
 10
183.1217535875748
 20
321.8063186832782
 30
0.0
 40
2.5
 41
0.0
 46
0.0
 71
     5
 72
     1
  1
14
 11
0.173648179743868
 21
0.984807752645988
 31
0.0
 73
     1
 44
1.0
  0
POINT
  5
10BA
330
10A7
100
AcDbEntity
  8
Defpoints
 62
     0
440
 16777216
100
AcDbPoint
 10
189.6182154331579
 20
327.7688033731525
 30
0.0
  0
POINT
  5
10BB
330
10A7
100
AcDbEntity
  8
Defpoints
 62
     0
440
 16777216
100
AcDbPoint
 10
187.1871409438738
 20
313.9814949899705
 30
0.0
  0
POINT
  5
10BC
330
10A7
100
AcDbEntity
  8
Defpoints
 62
     0
440
 16777216
100
AcDbPoint
 10
183.7577691179876
 20
314.5861857772131
 30
0.0
  0
ENDBLK
  5
10A9
330
10A7
100
AcDbEntity
  8
0
100
AcDbBlockEnd
  0
ENDSEC
  0
SECTION
  2
ENTITIES
  0
LINE
  5
B5E
330
1F
100
AcDbEntity
  8
0
100
AcDbLine
 10
391.051989358219
 20
329.159998613812
 30
0.0
 11
391.0519893582188
 21
410.2000194555916
 31
0.0
  0
LINE
  5
B62
330
1F
100
AcDbEntity
  8
0
100
AcDbLine
 10
337.2325003862093
 20
418.0000194555908
 30
0.0
 11
298.820421678194
 21
418.0000194555902
 31
0.0
  0
ARC
  5
B63
330
1F
100
AcDbEntity
  8
0
  6
Continuous
100
AcDbCircle
 10
298.820421678194
 20
416.0000194555903
 30
0.0
 40
2.0
100
AcDbArc
 50
90.0
 51
100.0000000000018
  0
ARC
  5
B64
330
1F
100
AcDbEntity
  8
0
  6
Continuous
100
AcDbCircle
 10
132.6769570747716
 20
416.0000194555904
 30
0.0
 40
2.0
100
AcDbArc
 50
79.99999999999818
 51
90.0
  0
LINE
  5
B65
330
1F
100
AcDbEntity
  8
0
100
AcDbLine
 10
40.44538939474723
 20
410.2000194555915
 30
0.0
 11
40.44538939474811
 21
329.159998613812
 31
0.0
  0
LINE
  5
B67
330
1F
100
AcDbEntity
  8
0
100
AcDbLine
 10
129.371880515918
 20
321.3296141198363
 30
0.0
 11
201.1563511092185
 21
308.672075158363
 31
0.0
  0
ARC
  5
B68
330
1F
100
AcDbEntity
  8
0
100
AcDbCircle
 10
129.0245841605841
 20
319.3599986138119
 30
0.0
 40
2.0
100
AcDbArc
 50
79.99999999999818
 51
90.0
  0
LWPOLYLINE
  5
B6D
330
1F
100
AcDbEntity
  8
0
100
AcDbPolyline
 90
        8
 70
     1
 43
0.0
 10
111.7141893490945
 20
412.9457850461711
 10
111.7141893308442
 20
401.7742121891674
 42
-1.000000012904781
 10
110.2999757867214
 20
400.3599986085442
 10
99.12840292636886
 20
400.3599986234452
 42
-1.000000010536712
 10
97.71418934909451
 20
401.7742121709172
 10
97.71418936399582
 20
412.9457850312698
 42
-1.000000010536712
 10
99.12840291146757
 20
414.3599986085441
 10
110.2999758016224
 20
414.3599986234452
 42
-0.9999999894632878
  0
LWPOLYLINE
  5
B6E
330
1F
100
AcDbEntity
  8
0
100
AcDbPolyline
 90
        8
 70
     1
 43
0.0
 10
190.3602734422781
 20
334.2019100617673
 10
192.3001967285432
 20
345.2037616215163
 42
-1.000000012904781
 10
193.9385008023173
 20
346.3509145153603
 10
204.9403523832085
 20
344.4109912438992
 42
-1.0
 10
206.0875052559102
 20
342.7726871553212
 10
204.1475819653377
 20
331.7708356017245
 42
-1.000000016660004
 10
202.5092778958712
 20
330.6236827017282
 10
191.5074263361224
 20
332.5636059879932
 42
-1.000000012904781
  0
LWPOLYLINE
  5
B6F
330
1F
100
AcDbEntity
  8
0
100
AcDbPolyline
 90
        8
 70
     1
 43
0.0
 10
173.7060734422783
 20
395.1701100617673
 10
175.6459967285433
 20
406.1719616215161
 42
-1.000000012904781
 10
177.2843008023176
 20
407.3191145153601
 10
188.2861523832083
 20
405.379191243899
 42
-1.0
 10
189.4333052559103
 20
403.7408871553211
 10
187.4933819696456
 20
392.7390355955722
 42
-1.000000012904781
 10
185.8550778958714
 20
391.5918827017283
 10
174.8532263322427
 20
393.5318059852767
 42
-1.000000010536712
  0
LWPOLYLINE
  5
B70
330
1F
100
AcDbEntity
  8
0
100
AcDbPolyline
 90
        8
 70
     1
 43
0.0
 10
174.2239778958713
 20
374.2988827017283
 10
163.2221263361224
 20
376.2388059879932
 42
-1.000000012904781
 10
162.0749734422784
 20
377.8771100617672
 10
164.0148967285431
 20
388.8789616215163
 42
-1.000000012904781
 10
165.6532008023174
 20
390.0261145153604
 10
176.655052365946
 20
388.086191231812
 42
-1.000000010536712
 10
177.8022052559103
 20
386.4478871553211
 10
175.8622819696455
 20
375.4460355955722
 42
-1.000000012904781
  0
LWPOLYLINE
  5
B71
330
1F
100
AcDbEntity
  8
0
100
AcDbPolyline
 90
        8
 70
     1
 43
0.0
 10
164.988077895871
 20
337.2396827017281
 10
153.9862263361222
 20
339.1796059879931
 42
-1.000000012904781
 10
152.8390734422782
 20
340.8179100617673
 10
154.7789967285431
 20
351.8197616215164
 42
-1.000000012904781
 10
156.4173008023173
 20
352.9669145153603
 10
167.4191523832081
 20
351.0269912438992
 42
-1.0
 10
168.5663052559103
 20
349.3886871553212
 10
166.6263819696454
 20
338.3868355955723
 42
-1.000000012904781
  0
LWPOLYLINE
  5
B72
330
1F
100
AcDbEntity
  8
0
100
AcDbPolyline
 90
        8
 70
     1
 43
0.0
 10
159.0416052559102
 20
389.7558871553211
 10
157.1016819696453
 20
378.7540355955723
 42
-1.000000012904781
 10
155.463377895871
 20
377.6068827017283
 10
144.4615263361223
 20
379.5468059879931
 42
-1.000000012904781
 10
143.3143734422782
 20
381.1851100617674
 10
145.2542967285431
 20
392.1869616215163
 42
-1.000000012904781
 10
146.8926008023174
 20
393.3341145153603
 10
157.8944523659458
 20
391.394191231812
 42
-1.000000010536712
  0
LWPOLYLINE
  5
B73
330
1F
100
AcDbEntity
  8
0
100
AcDbPolyline
 90
        8
 70
     1
 43
0.0
 10
146.2274778958711
 20
340.5476827017283
 10
135.2256263322426
 20
342.4876059852767
 42
-1.000000010536712
 10
134.0784734422783
 20
344.1259100617673
 10
136.0183967285431
 20
355.1277616215164
 42
-1.000000012904781
 10
137.6567008023173
 20
356.2749145153603
 10
148.6585523832081
 20
354.3349912438991
 42
-1.0
 10
149.8057052559102
 20
352.6966871553212
 10
147.8657819696454
 20
341.6948355955722
 42
-1.000000012904781
  0
LWPOLYLINE
  5
B74
330
1F
100
AcDbEntity
  8
0
100
AcDbPolyline
 90
        8
 70
     1
 43
0.0
 10
140.2810302559102
 20
393.0638871553211
 10
138.3411069723621
 20
382.0620355916927
 42
-1.000000010536712
 10
136.7028028958711
 20
380.9148827017283
 10
125.7009512977178
 20
382.8548059611021
 42
-0.9999999894632878
 10
124.5537984422784
 20
384.4931100617675
 10
126.4937217285431
 20
395.4949616215163
 42
-1.000000012904781
 10
128.1320258023174
 20
396.6421145153603
 10
139.1338773659458
 20
394.702191231812
 42
-1.000000010536712
  0
LWPOLYLINE
  5
B75
330
1F
100
AcDbEntity
  8
0
100
AcDbPolyline
 90
        8
 70
     1
 43
0.0
 10
107.2390893490943
 20
363.6742121709174
 10
107.2390893673445
 20
374.8457850279211
 42
-1.000000012904781
 10
108.6533029114674
 20
376.2599986085443
 10
119.8248757867213
 20
376.2599986085443
 42
-1.0
 10
121.2390893490943
 20
374.8457850461712
 10
121.2390893341931
 20
363.6742121858187
 42
-1.000000010536712
 10
119.8248757867213
 20
362.2599986085443
 10
108.6533029263686
 20
362.2599986234455
 42
-1.000000010536712
  0
LWPOLYLINE
  5
B76
330
1F
100
AcDbEntity
  8
0
100
AcDbPolyline
 90
        8
 70
     1
 43
0.0
 10
158.5237008023176
 20
410.6271145153599
 10
169.5255523659461
 20
408.6871912318118
 42
-1.000000010536712
 10
170.6727052559103
 20
407.048887155321
 10
168.7327819696456
 20
396.0470355955722
 42
-1.000000012904781
 10
167.0944778958713
 20
394.8998827017283
 10
156.0926263322428
 20
396.8398059852765
 42
-1.000000010536712
 10
154.9454734422783
 20
398.4781100617673
 10
156.8853967328511
 20
409.479961615364
 42
-1.000000016660004
  0
LWPOLYLINE
  5
B77
330
1F
100
AcDbEntity
  8
0
100
AcDbPolyline
 90
        8
 70
     1
 43
0.0
 10
136.1848734422783
 20
401.7861100617674
 10
138.1247967285432
 20
412.7879616215163
 42
-1.000000012904781
 10
139.7631008023175
 20
413.9351145153601
 10
150.7649523832083
 20
411.9951912438991
 42
-1.0
 10
151.9121052559105
 20
410.3568871553211
 10
149.9721819696456
 20
399.3550355955722
 42
-1.000000012904781
 10
148.3338778958712
 20
398.2078827017283
 10
137.3320263361223
 20
400.147805987993
 42
-1.000000012904781
  0
LWPOLYLINE
  5
B78
330
1F
100
AcDbEntity
  8
0
100
AcDbPolyline
 90
        8
 70
     1
 43
0.0
 10
195.3044507078699
 20
351.2379881651062
 10
184.302599148121
 20
353.1779114513711
 42
-1.000000012904781
 10
183.1554462542771
 20
354.8162155251454
 10
185.0953695448497
 20
365.818067078742
 42
-1.000000016660004
 10
186.7336736143161
 20
366.9652199787382
 10
197.735525195207
 20
365.0252967072772
 42
-1.0
 10
198.882678067909
 20
363.3869926186991
 10
196.9427547816441
 20
352.3851410589502
 42
-1.000000012904781
  0
LWPOLYLINE
  5
B79
330
1F
100
AcDbEntity
  8
0
100
AcDbPolyline
 90
        8
 70
     1
 43
0.0
 10
95.04538934909431
 20
393.8957850461711
 10
95.04538933419317
 20
382.7242121858185
 42
-1.000000010536712
 10
93.6311757867211
 20
381.3099986085443
 10
82.4596029263685
 20
381.3099986234454
 42
-1.000000010536712
 10
81.04538934909422
 20
382.7242121709172
 10
81.04538936734432
 20
393.8957850279211
 42
-1.000000012904781
 10
82.45960291146744
 20
395.3099986085442
 10
93.6311757867211
 20
395.3099986085443
 42
-1.0
  0
LWPOLYLINE
  5
B7A
330
1F
100
AcDbEntity
  8
0
100
AcDbPolyline
 90
        8
 70
     1
 43
0.0
 10
129.3499757867212
 20
402.3001986085441
 10
118.1784029297176
 20
402.3001986267942
 42
-1.000000012904781
 10
116.7641893490944
 20
403.7144121709173
 10
116.7641893639958
 20
414.8859850312699
 42
-1.000000010536712
 10
118.1784029114677
 20
416.3001986085442
 10
129.3499758049713
 20
416.3001986267942
 42
-0.9999999870952155
 10
130.7641893490945
 20
414.8859850461711
 10
130.7641893341932
 20
403.7144121858183
 42
-1.000000010536712
  0
LWPOLYLINE
  5
B7B
330
1F
100
AcDbEntity
  8
0
100
AcDbPolyline
 90
        8
 70
     1
 43
0.0
 10
117.4436757867212
 20
381.3099986085443
 10
106.2721029297174
 20
381.3099986267945
 42
-1.000000012904781
 10
104.8578893490943
 20
382.7242121709172
 10
104.8578893639954
 20
393.8957850312701
 42
-1.000000010536712
 10
106.2721029114674
 20
395.3099986085443
 10
117.4436757718201
 20
395.3099985936432
 42
-1.000000010536712
 10
118.8578893490943
 20
393.8957850461711
 10
118.8578893308442
 20
382.7242121891675
 42
-1.000000012904781
  0
LWPOLYLINE
  5
B7C
330
1F
100
AcDbEntity
  8
0
100
AcDbPolyline
 90
        8
 70
     1
 43
0.0
 10
128.3827893490942
 20
355.7957850461713
 10
128.3827893308441
 20
344.6242121891675
 42
-1.000000012904781
 10
126.9685757867212
 20
343.2099986085443
 10
115.7970029263686
 20
343.2099986234455
 42
-1.000000010536712
 10
114.3827893490942
 20
344.6242121709174
 10
114.3827893639954
 20
355.7957850312702
 42
-1.000000010536712
 10
115.7970029114674
 20
357.2099986085443
 10
126.9685757867212
 20
357.2099986085444
 42
-1.0
  0
LWPOLYLINE
  5
B7D
330
1F
100
AcDbEntity
  8
0
100
AcDbPolyline
 90
        8
 70
     1
 43
0.0
 10
276.7383819861237
 20
390.5110616426583
 10
278.6783052364429
 20
379.5092100765712
 42
-1.000000012904781
 10
277.5311523848829
 20
377.8709059731893
 10
266.529300803992
 20
375.9309827017282
 42
-1.0
 10
264.8909967154137
 20
377.0781355744304
 10
262.9510734650946
 20
388.0799871405175
 42
-1.000000012904781
 10
264.098226316655
 20
389.7182912438992
 10
275.1000778975459
 20
391.6582145153603
 42
-1.0
  0
LWPOLYLINE
  5
B7E
330
1F
100
AcDbEntity
  8
0
100
AcDbPolyline
 90
        8
 70
     1
 43
0.0
 10
142.6008780679089
 20
373.3109926186991
 10
140.6609547843607
 20
362.3091410550705
 42
-1.000000010536712
 10
139.0226507078699
 20
361.1619881651062
 10
128.0207991542734
 20
363.1019114556789
 42
-1.000000016660004
 10
126.8736462542769
 20
364.7402155251452
 10
128.813569540542
 20
375.7420670848942
 42
-1.000000012904781
 10
130.4518736143161
 20
376.8892199787381
 10
141.4537251952071
 20
374.9492967072772
 42
-1.0
  0
LWPOLYLINE
  5
B7F
330
1F
100
AcDbEntity
  8
0
100
AcDbPolyline
 90
        8
 70
     1
 43
0.0
 10
78.66418934909439
 20
401.7742121709172
 10
78.6641893673447
 20
412.945785027921
 42
-1.000000012904781
 10
80.07840291146763
 20
414.3599986085441
 10
91.24997578672131
 20
414.359998608544
 42
-1.0
 10
92.66418934909452
 20
412.9457850461711
 10
92.66418933419322
 20
401.7742121858185
 42
-1.000000010536712
 10
91.24997578672141
 20
400.3599986085442
 10
80.07840291146749
 20
400.3599986085442
 42
-1.0
  0
LWPOLYLINE
  5
B80
330
1F
100
AcDbEntity
  8
0
100
AcDbPolyline
 90
        8
 70
     1
 43
0.0
 10
95.04538934909431
 20
374.8457850461713
 10
95.04538933419317
 20
363.6742121858187
 42
-1.000000010536712
 10
93.6311757867211
 20
362.2599986085443
 10
77.69710291146711
 20
362.2599986383471
 42
-1.000000010536712
 10
76.2828893341928
 20
363.6742121858189
 10
76.28288934909424
 20
374.8457850461715
 42
-1.000000010536712
 10
77.69710289656599
 20
376.2599986234459
 10
93.6311757867211
 20
376.2599986085443
 42
-1.0
  0
LWPOLYLINE
  5
B81
330
1F
100
AcDbEntity
  8
0
100
AcDbPolyline
 90
        8
 70
     1
 43
0.0
 10
157.78325070787
 20
357.8539881651061
 10
146.7813991442413
 20
359.7939114486544
 42
-1.000000010536712
 10
145.634246254277
 20
361.4322155251453
 10
147.5741695378254
 20
372.4340670887738
 42
-1.000000010536712
 10
149.2124736143161
 20
373.5812199787381
 10
160.2143251952069
 20
371.641296707277
 42
-1.0
 10
161.3614780679091
 20
370.0029926186991
 10
159.4215547816441
 20
359.0011410589501
 42
-1.000000012904781
  0
LWPOLYLINE
  5
B82
330
1F
100
AcDbEntity
  8
0
100
AcDbPolyline
 90
        8
 70
     1
 43
0.0
 10
343.3080893507689
 20
412.9457850461711
 10
343.3080893325189
 20
401.7742121891674
 42
-1.000000012904781
 10
341.8938757883958
 20
400.3599986085442
 10
330.7223029313919
 20
400.3599986267942
 42
-1.000000012904781
 10
329.3080893507688
 20
401.7742121709172
 10
329.308089369019
 20
412.945785027921
 42
-1.000000012904781
 10
330.7223029131419
 20
414.3599986085441
 10
341.8938757883958
 20
414.359998608544
 42
-1.0
  0
LWPOLYLINE
  5
B83
330
1F
100
AcDbEntity
  8
0
100
AcDbPolyline
 90
        8
 70
     1
 43
0.0
 10
240.0099523848826
 20
371.2549059731894
 10
229.0081008039916
 20
369.3149827017283
 42
-1.0
 10
227.3697967154137
 20
370.4621355744304
 10
225.4298734650951
 20
381.4639871405173
 42
-1.000000012904781
 10
226.577026316655
 20
383.1022912438992
 10
237.5788778975457
 20
385.0422145153602
 42
-1.0
 10
239.2171819861237
 20
383.8950616426582
 10
241.1571052302907
 20
372.8932100808789
 42
-1.000000016660004
  0
LWPOLYLINE
  5
B84
330
1F
100
AcDbEntity
  8
0
100
AcDbPolyline
 90
        8
 70
     1
 43
0.0
 10
258.770552384883
 20
374.5629059731894
 42
1.000000010536712
 10
259.9177052453784
 20
376.2012100703143
 10
257.9777819861237
 20
387.2030616426582
 42
1.0
 10
256.3394778975458
 20
388.3502145153603
 10
245.337626316655
 20
386.4102912438992
 42
1.000000010536712
 10
244.1904734612153
 20
384.771987143234
 10
246.1303967302175
 20
373.7701355955723
 42
1.000000012904781
 10
247.7687008039917
 20
372.6229827017283
  0
LWPOLYLINE
  5
B85
330
1F
100
AcDbEntity
  8
0
100
AcDbPolyline
 90
        8
 70
     1
 43
0.0
 10
302.6740993509414
 20
414.4280631618827
 10
304.6140226224025
 20
403.4262115809918
 42
-1.0
 10
303.4668697497005
 20
401.787907492414
 10
292.4650181836134
 20
399.847984242095
 42
-1.000000012904781
 10
290.8267140802315
 20
400.9951370936549
 10
288.8867908299122
 20
411.9969886597421
 42
-1.000000012904781
 10
290.0339436814726
 20
413.6352927631238
 10
301.0357952771668
 20
415.5752160557268
 42
-0.9999999870952155
  0
LWPOLYLINE
  5
B86
330
1F
100
AcDbEntity
  8
0
100
AcDbPolyline
 90
        8
 70
     1
 43
0.0
 10
366.4411029131418
 20
395.3099986085442
 10
377.6126758066457
 20
395.3099986267944
 42
-0.9999999870952155
 10
379.0268893507683
 20
393.8957850461711
 10
379.026889332518
 20
382.7242121891675
 42
-1.000000012904781
 10
377.6126757883954
 20
381.3099986085441
 10
366.4411029131418
 20
381.3099986085443
 42
-1.0
 10
365.0268893507687
 20
382.7242121709172
 10
365.0268893690188
 20
393.8957850279211
 42
-1.000000012904781
  0
LWPOLYLINE
  5
B87
330
1F
100
AcDbEntity
  8
0
100
AcDbPolyline
 90
        8
 70
     1
 43
0.0
 10
322.8438757850468
 20
402.3001986118933
 42
1.000000012904781
 10
324.2580893358676
 20
403.7144121858183
 10
324.2580893507687
 20
414.8859850461711
 42
1.0
 10
322.8438757883956
 20
416.3001986085442
 10
311.6723029131418
 20
416.3001986085442
 42
1.000000010536712
 10
310.25808936567
 20
414.8859850312699
 10
310.258089350769
 20
403.7144121709173
 42
1.0
 10
311.672302913142
 20
402.3001986085441
  0
LWPOLYLINE
  5
B88
330
1F
100
AcDbEntity
  8
0
100
AcDbPolyline
 90
        8
 70
     1
 43
0.0
 10
283.9134993509413
 20
411.1200631618828
 10
285.8534226012604
 20
400.1182115957957
 42
-1.000000012904781
 10
284.7062697497005
 20
398.479907492414
 10
273.7044181836132
 20
396.539984242095
 42
-1.000000012904781
 10
272.0661140802315
 20
397.687137093655
 10
270.1261908260328
 20
408.6889886624584
 42
-1.000000010536712
 10
271.2733436814725
 20
410.3272927631238
 10
282.275195262363
 20
412.2672160345848
 42
-1.0
  0
LWPOLYLINE
  5
B89
330
1F
100
AcDbEntity
  8
0
100
AcDbPolyline
 90
        8
 70
     1
 43
0.0
 10
329.3081893507685
 20
363.6742121709174
 10
329.3081893690188
 20
374.8457850279211
 42
-1.000000012904781
 10
330.7224029131419
 20
376.2599986085443
 10
341.8939758032966
 20
376.2599986234455
 42
-0.9999999894632878
 10
343.3081893507686
 20
374.8457850461713
 10
343.3081893325185
 20
363.6742121891675
 42
-1.000000012904781
 10
341.8939757883955
 20
362.2599986085444
 10
330.722402928043
 20
362.2599986234456
 42
-1.000000010536712
  0
LWPOLYLINE
  5
B8A
330
1F
100
AcDbEntity
  8
0
100
AcDbPolyline
 90
        8
 70
     1
 43
0.0
 10
315.7002757883955
 20
343.2099986085443
 10
304.528702928043
 20
343.2099986234455
 42
-1.000000010536712
 10
303.1144893507688
 20
344.6242121709175
 10
303.1144893743298
 20
355.7957850226105
 42
-1.000000016660004
 10
304.5287029131419
 20
357.2099986085444
 10
315.7002757883955
 20
357.2099986085444
 42
-1.0
 10
317.1144893507685
 20
355.7957850461712
 10
317.1144893325185
 20
344.6242121891675
 42
-1.000000012904781
  0
LWPOLYLINE
  5
B8B
330
1F
100
AcDbEntity
  8
0
100
AcDbPolyline
 90
        8
 70
     1
 43
0.0
 10
310.2581893507686
 20
363.6742121709174
 10
310.2581893690188
 20
374.8457850279211
 42
-1.000000012904781
 10
311.6724029131422
 20
376.2599986085443
 10
322.8439757883955
 20
376.2599986085444
 42
-1.0
 10
324.2581893507685
 20
374.8457850461712
 10
324.2581893325186
 20
363.6742121891675
 42
-1.000000012904781
 10
322.8439757883955
 20
362.2599986085443
 10
311.6724029280429
 20
362.2599986234456
 42
-1.000000010536712
  0
LWPOLYLINE
  5
B8C
330
1F
100
AcDbEntity
  8
0
100
AcDbPolyline
 90
        8
 70
     1
 43
0.0
 10
355.2143893507687
 20
393.8957850461711
 10
355.2143893358675
 20
382.7242121858185
 42
-1.000000010536712
 10
353.8001757883955
 20
381.3099986085441
 10
342.628602913142
 20
381.3099986085443
 42
-1.0
 10
341.2143893507689
 20
382.7242121709172
 10
341.21438936567
 20
393.89578503127
 42
-1.000000010536712
 10
342.6286029131418
 20
395.3099986085443
 10
353.8001757883955
 20
395.3099986085442
 42
-1.0
  0
LWPOLYLINE
  5
B8D
330
1F
100
AcDbEntity
  8
0
100
AcDbPolyline
 90
        8
 70
     1
 43
0.0
 10
336.1644893507688
 20
355.7957850461713
 10
336.1644893507685
 20
344.6242121709175
 42
-1.0
 10
334.7502757883955
 20
343.2099986085442
 10
323.5787029280431
 20
343.2099986234456
 42
-1.000000010536712
 10
322.1644893507685
 20
344.6242121709174
 10
322.1644893690188
 20
355.7957850279212
 42
-1.000000012904781
 10
323.5787029131418
 20
357.2099986085444
 10
334.7502758032968
 20
357.2099986234456
 42
-0.9999999894632878
  0
LWPOLYLINE
  5
B8E
330
1F
100
AcDbEntity
  8
0
100
AcDbPolyline
 90
        8
 70
     1
 43
0.0
 10
276.7183819861235
 20
351.8197616426583
 10
278.6583052403226
 20
340.8179100738546
 42
-1.000000010536712
 10
277.5111523848825
 20
339.1796059731894
 10
266.5093008160791
 20
337.2396827189906
 42
-1.000000010536712
 10
264.8709967154137
 20
338.3868355744304
 10
262.9310734612151
 20
349.3886871432339
 42
-1.000000010536712
 10
264.078226316655
 20
351.0269912438993
 10
275.0800778975455
 20
352.9669145153603
 42
-1.0
  0
LWPOLYLINE
  5
B8F
330
1F
100
AcDbEntity
  8
0
100
AcDbPolyline
 90
        8
 70
     1
 43
0.0
 10
247.1850697497002
 20
391.8639074924141
 10
236.1832181688095
 20
389.9239842209529
 42
-1.0
 10
234.5449140802315
 20
391.0711370936549
 10
232.6049908260328
 20
402.0729886624584
 42
-1.000000010536712
 10
233.7521436814725
 20
403.7112927631238
 10
244.7539952771671
 20
405.6512160557267
 42
-0.9999999870952155
 10
246.3922993509416
 20
404.5040631618827
 10
248.3322225951082
 20
393.5022116001036
 42
-1.000000016660004
  0
LWPOLYLINE
  5
B90
330
1F
100
AcDbEntity
  8
0
100
AcDbPolyline
 90
        8
 70
     1
 43
0.0
 10
265.1528993509412
 20
407.8120631618828
 10
267.0928225951078
 20
396.8102116001034
 42
-1.000000016660004
 10
265.9456697497002
 20
395.171907492414
 10
254.9438181808966
 20
393.2319842382153
 42
-1.000000010536712
 10
253.3055140802316
 20
394.3791370936551
 10
251.3655908260329
 20
405.3809886624584
 42
-1.000000010536712
 10
252.5127436814726
 20
407.0192927631238
 10
263.5145952623632
 20
408.9592160345849
 42
-1.0
  0
LWPOLYLINE
  5
B91
330
1F
100
AcDbEntity
  8
0
100
AcDbPolyline
 90
        8
 70
     1
 43
0.0
 10
164.394846254277
 20
358.1242155251453
 10
166.3347695448497
 20
369.1260670787419
 42
-1.000000016660004
 10
167.9730736143161
 20
370.2732199787381
 10
178.974925195207
 20
368.333296707277
 42
-1.0
 10
180.122078067909
 20
366.6949926186991
 10
178.1821547843606
 20
355.6931410550705
 42
-1.000000010536712
 10
176.5438507078698
 20
354.5459881651062
 10
165.5419991442413
 20
356.4859114486545
 42
-1.000000010536712
  0
LWPOLYLINE
  5
B92
330
1F
100
AcDbEntity
  8
0
100
AcDbPolyline
 90
        8
 70
     1
 43
0.0
 10
196.5628052559103
 20
383.1398871553212
 10
194.6228819696454
 20
372.1380355955723
 42
-1.000000012904781
 10
192.9845778958712
 20
370.9908827017283
 10
181.9827263361223
 20
372.9308059879932
 42
-1.000000012904781
 10
180.8355734422781
 20
374.5691100617673
 10
182.7754967285433
 20
385.5709616215163
 42
-1.000000012904781
 10
184.4138008023174
 20
386.7181145153602
 10
195.4156523832082
 20
384.7781912438991
 42
-1.0
  0
LWPOLYLINE
  5
B93
330
1F
100
AcDbEntity
  8
0
100
AcDbPolyline
 90
        8
 70
     1
 43
0.0
 10
196.0449008023174
 20
404.0111145153603
 10
207.046752365946
 20
402.0711912318119
 42
-1.000000010536712
 10
208.1939052559103
 20
400.4328871553211
 10
206.2539819696454
 20
389.4310355955722
 42
-1.000000012904781
 10
204.6156778958712
 20
388.2838827017283
 10
193.6138263322427
 20
390.2238059852767
 42
-1.000000010536712
 10
192.4666734422783
 20
391.8621100617674
 10
194.4065967258267
 20
402.8639616253959
 42
-1.000000010536712
  0
LWPOLYLINE
  5
B94
330
1F
100
AcDbEntity
  8
0
100
AcDbPolyline
 90
        8
 70
     1
 43
0.0
 10
171.5996734422782
 20
337.5099100617674
 10
173.5395967285431
 20
348.5117616215163
 42
-1.000000012904781
 10
175.1779008023175
 20
349.6589145153603
 10
186.1797523832081
 20
347.7189912438992
 42
-1.0
 10
187.3269052559103
 20
346.0806871553212
 10
185.3869819696453
 20
335.0788355955724
 42
-1.000000012904781
 10
183.7486778958712
 20
333.9316827017281
 10
172.7468263149804
 20
335.8716059731895
 42
-1.0
  0
LWPOLYLINE
  5
B95
330
1F
100
AcDbEntity
  8
0
100
AcDbPolyline
 90
        8
 70
     1
 43
0.0
 10
282.8388263166549
 20
354.3349912438991
 10
293.8406779096327
 20
356.2749145326226
 42
-0.9999999894632878
 10
295.4789819861237
 20
355.1277616426583
 10
297.4189052364427
 20
344.1259100765712
 42
-1.000000012904781
 10
296.2717523848825
 20
342.4876059731894
 10
285.269900816079
 20
340.5476827189906
 42
-1.000000010536712
 10
283.6315967154138
 20
341.6948355744304
 10
281.6916734650945
 20
352.6966871405175
 42
-1.000000012904781
  0
LWPOLYLINE
  5
B96
330
1F
100
AcDbEntity
  8
0
100
AcDbPolyline
 90
        8
 70
     1
 43
0.0
 10
295.4989819861237
 20
393.8190616426581
 10
297.4389052364428
 20
382.8172100765712
 42
-1.000000012904781
 10
296.2917523848826
 20
381.1789059731894
 10
285.2899008039922
 20
379.2389827017284
 42
-1.0
 10
283.6515967154138
 20
380.3861355744303
 10
281.7116734650946
 20
391.3879871405173
 42
-1.000000012904781
 10
282.8588263166547
 20
393.0262912438991
 10
293.8606778975454
 20
394.9662145153603
 42
-1.0
  0
LWPOLYLINE
  5
B97
330
1F
100
AcDbEntity
  8
0
100
AcDbPolyline
 90
        8
 70
     1
 43
0.0
 10
334.7501757883955
 20
381.3099986085443
 10
323.5786029280433
 20
381.3099986234456
 42
-1.000000010536712
 10
322.1643893507685
 20
382.7242121709172
 10
322.1643893656698
 20
393.89578503127
 42
-1.000000010536712
 10
323.578602913142
 20
395.3099986085442
 10
334.7501757883959
 20
395.3099986085443
 42
-1.0
 10
336.1643893507685
 20
393.8957850461711
 10
336.1643893325185
 20
382.7242121891675
 42
-1.000000012904781
  0
LWPOLYLINE
  5
B98
330
1F
100
AcDbEntity
  8
0
100
AcDbPolyline
 90
        8
 70
     1
 43
0.0
 10
227.3497967154137
 20
331.7708355744305
 10
225.4098734612151
 20
342.772687143234
 42
-1.000000010536712
 10
226.5570263166547
 20
344.4109912438992
 10
237.5588779096327
 20
346.3509145326227
 42
-0.9999999894632878
 10
239.1971819861236
 20
345.2037616426583
 10
241.1371052364426
 20
334.2019100765711
 42
-1.000000012904781
 10
239.9899523848826
 20
332.5636059731894
 10
228.9881008231031
 20
330.6236827290224
 42
-1.000000016660004
  0
LWPOLYLINE
  5
B99
330
1F
100
AcDbEntity
  8
0
100
AcDbPolyline
 90
        8
 70
     1
 43
0.0
 10
258.7505523848825
 20
335.8716059731894
 10
247.7487008160791
 20
333.9316827189906
 42
-1.000000010536712
 10
246.1103967154137
 20
335.0788355744304
 10
244.1704734612148
 20
346.0806871432341
 42
-1.000000010536712
 10
245.3176263166547
 20
347.7189912438992
 10
256.3194778854584
 20
349.658914498098
 42
-1.000000010536712
 10
257.9577819861236
 20
348.5117616426582
 10
259.8977052364428
 20
337.5099100765711
 42
-1.000000012904781
  0
LWPOLYLINE
  5
B9A
330
1F
100
AcDbEntity
  8
0
100
AcDbPolyline
 90
        8
 70
     1
 43
0.0
 10
44.35960285751391
 20
357.2099986085443
 10
55.53117573276772
 20
357.2099986085444
 42
-1.0
 10
56.94538929514081
 20
355.7957850461713
 10
56.94538928023964
 20
344.6242121858186
 42
-1.000000010536712
 10
55.53117573276772
 20
343.2099986085443
 10
44.35960287241507
 20
343.2099986234455
 42
-1.000000010536712
 10
42.94538929514081
 20
344.6242121709174
 10
42.94538931339096
 20
355.7957850279212
 42
-1.000000012904781
  0
LWPOLYLINE
  5
B9B
330
1F
100
AcDbEntity
  8
0
100
AcDbPolyline
 90
        8
 70
     1
 43
0.0
 10
60.29377573276772
 20
381.3099986085443
 10
49.1222028724152
 20
381.3099986234454
 42
-1.000000010536712
 10
47.70798929514096
 20
382.7242121709172
 10
47.70798931339109
 20
393.8957850279211
 42
-1.000000012904781
 10
49.12220285751407
 20
395.3099986085443
 10
60.29377571786651
 20
395.3099985936432
 42
-1.000000010536712
 10
61.70798929514083
 20
393.8957850461713
 10
61.70798928023963
 20
382.7242121858185
 42
-1.000000010536712
  0
LWPOLYLINE
  5
B9C
330
1F
100
AcDbEntity
  8
0
100
AcDbPolyline
 90
        8
 70
     1
 43
0.0
 10
317.1143893507685
 20
394.9562850461711
 10
317.1143893325184
 20
383.7847121891675
 42
-1.000000012904781
 10
315.7001757883959
 20
382.3704986085441
 10
304.5286029280431
 20
382.3704986234454
 42
-1.000000010536712
 10
303.1143893507687
 20
383.7847121709174
 10
303.1143893765783
 20
394.9562850203615
 42
-1.00000001825012
 10
304.5286029131418
 20
396.3704986085443
 10
315.7001757701455
 20
396.3704985902941
 42
-1.000000012904781
  0
LWPOLYLINE
  5
B9D
330
1F
100
AcDbEntity
  8
0
100
AcDbPolyline
 90
        8
 70
     1
 43
0.0
 10
46.74090285751399
 20
376.2599986085443
 10
57.91247573276772
 20
376.2599986085443
 42
-1.0
 10
59.32668929514083
 20
374.8457850461713
 10
59.32668928023961
 20
363.6742121858187
 42
-1.000000010536712
 10
57.91247573276772
 20
362.2599986085444
 10
46.74090287241503
 20
362.2599986234455
 42
-1.000000010536712
 10
45.32668929514081
 20
363.6742121709175
 10
45.32668931004186
 20
374.8457850312702
 42
-1.000000010536712
  0
LWPOLYLINE
  5
B9E
330
1F
100
AcDbEntity
  8
0
100
AcDbPolyline
 90
        8
 70
     1
 43
0.0
 10
51.5035028575139
 20
414.3599986085442
 10
62.67507573276772
 20
414.3599986085442
 42
-1.0
 10
64.08928929514084
 20
412.9457850461712
 10
64.08928927689068
 20
401.7742121891674
 42
-1.000000012904781
 10
62.67507573276772
 20
400.3599986085442
 10
51.50350287241511
 20
400.3599986234452
 42
-1.000000010536712
 10
50.08928929514085
 20
401.7742121709172
 10
50.08928931004207
 20
412.9457850312699
 42
-1.000000010536712
  0
LWPOLYLINE
  5
B9F
330
1F
100
AcDbEntity
  8
0
100
AcDbPolyline
 90
        8
 70
     1
 43
0.0
 10
71.52033934909415
 20
325.5742121709169
 10
71.52033936734429
 20
336.7457850279206
 42
-1.000000012904781
 10
72.93455291146725
 20
338.1599986085439
 10
84.10612578672106
 20
338.1599986085439
 42
-1.0
 10
85.52033934909427
 20
336.7457850461708
 10
85.52033933084397
 20
325.5742121891672
 42
-1.000000012904781
 10
84.10612578672106
 20
324.1599986085438
 10
72.93455292636839
 20
324.159998623445
 42
-1.000000010536712
  0
ARC
  5
BA0
330
1F
100
AcDbEntity
  8
0
100
AcDbCircle
 10
373.6573825748505
 20
337.4528918072164
 30
0.0
 40
1.00000000000004
100
AcDbArc
 50
315.0
 51
134.9999987925823
  0
LINE
  5
BA1
330
1F
100
AcDbEntity
  8
0
100
AcDbLine
 10
374.3644893560372
 20
336.7457850260298
 30
0.0
 11
374.3644893377868
 21
325.5742121690262
 31
0.0
  0
ARC
  5
BA2
330
1F
100
AcDbEntity
  8
0
100
AcDbCircle
 10
373.6573825748505
 20
324.8671053695895
 30
0.0
 40
1.000000000000009
100
AcDbArc
 50
225.0000000000086
 51
45.00000147878615
  0
LWPOLYLINE
  5
BA3
330
1F
100
AcDbEntity
  8
0
100
AcDbPolyline
 90
        8
 70
     1
 43
0.0
 10
109.3328393490941
 20
336.7457850461708
 10
109.3328393255333
 20
325.5742121944777
 42
-1.000000016660004
 10
107.918625786721
 20
324.1599986085439
 10
96.74705292636843
 20
324.159998623445
 42
-1.000000010536712
 10
95.33283934909425
 20
325.574212170917
 10
95.33283937265499
 20
336.7457850226099
 42
-1.000000016660004
 10
96.74705291146722
 20
338.1599986085439
 10
107.918625786721
 20
338.1599986085439
 42
-1.0
  0
LINE
  5
BA4
330
1F
100
AcDbEntity
  8
0
100
AcDbLine
 10
372.9502757936641
 20
324.1599985884028
 30
0.0
 11
323.4787029366601
 21
324.1599986320629
 31
0.0
  0
ARC
  5
BA5
330
1F
100
AcDbEntity
  8
0
100
AcDbCircle
 10
322.7715961372234
 20
324.8671053949993
 30
0.0
 40
0.9999999999999783
100
AcDbArc
 50
134.999999999996
 51
315.0000014787775
  0
LINE
  5
BA6
330
1F
100
AcDbEntity
  8
0
100
AcDbLine
 10
322.064489356037
 20
325.5742121761858
 30
0.0
 11
322.0644893709381
 21
336.7457850365385
 31
0.0
  0
ARC
  5
BA7
330
1F
100
AcDbEntity
  8
0
100
AcDbCircle
 10
322.7715961372234
 20
337.4528918326262
 30
0.0
 40
1.000000000000025
100
AcDbArc
 50
44.99999999999942
 51
225.0000012074137
  0
LINE
  5
BA8
330
1F
100
AcDbEntity
  8
0
100
AcDbLine
 10
323.4787029184101
 20
338.1599986138127
 30
0.0
 11
372.9502758085652
 21
338.1599986033041
 31
0.0
  0
LINE
  5
BA9
330
1F
100
AcDbEntity
  8
0
 62
    51
420
 16249473
100
AcDbLine
 10
375.3830893612018
 20
400.3599986210998
 30
0.0
 11
354.383089355237
 21
400.3599986210998
 31
0.0
  0
LINE
  5
BAA
330
1F
100
AcDbEntity
  8
0
 62
    51
420
 16249473
100
AcDbLine
 10
351.383089355237
 20
400.3599986274267
 30
0.0
 11
349.672302913142
 21
400.3599986259078
 31
0.0
  0
LINE
  5
BAB
330
1F
100
AcDbEntity
  8
0
 62
    51
420
 16249473
100
AcDbLine
 10
348.2580893507688
 20
401.7742121882807
 30
0.0
 11
348.2580893507688
 21
412.9457850470577
 31
0.0
  0
ARC
  5
BAC
330
1F
100
AcDbEntity
  8
0
 62
    51
420
 16249473
100
AcDbCircle
 10
348.9651961319554
 20
413.652891828244
 30
0.0
 40
1.000000000000077
100
AcDbArc
 50
44.99999999999482
 51
224.9999999999954
  0
LINE
  5
BAD
330
1F
100
AcDbEntity
  8
0
 62
    51
420
 16249473
100
AcDbLine
 10
349.672302913142
 20
414.3599986094306
 30
0.0
 11
380.0938757734943
 21
414.3599985945293
 31
0.0
  0
ARC
  5
BAE
330
1F
100
AcDbEntity
  8
0
 62
    51
420
 16249473
100
AcDbCircle
 10
380.8009825695823
 20
413.652891828244
 30
0.0
 40
1.000000000000035
100
AcDbArc
 50
315.0000000000006
 51
135.0000012074188
  0
LINE
  5
BAF
330
1F
100
AcDbEntity
  8
0
 62
    51
420
 16249473
100
AcDbLine
 10
381.508089350769
 20
412.9457850470575
 30
0.0
 11
381.5080893656699
 21
401.7742121882807
 31
0.0
  0
LINE
  5
BB0
330
1F
100
AcDbEntity
  8
0
 62
    51
420
 16249473
100
AcDbLine
 10
380.0938758032963
 20
400.3599986259078
 30
0.0
 11
378.3830893612016
 21
400.3599986274267
 31
0.0
  0
ARC
  5
BB1
330
1F
100
AcDbEntity
  8
0
 62
    51
420
 16249473
100
AcDbCircle
 10
360.9715461319553
 20
375.5528918273578
 30
0.0
 40
1.000000000000007
100
AcDbArc
 50
45.00000000000144
 51
191.2600386727305
  0
ARC
  5
BB2
330
1F
100
AcDbEntity
  8
0
 62
    51
420
 16249473
100
AcDbCircle
 10
359.5004195059772
 20
375.2599985868449
 30
0.0
 40
0.5
100
AcDbArc
 50
269.9999999165064
 51
11.2600386727306
  0
LINE
  5
BB3
330
1F
100
AcDbEntity
  8
0
 62
    51
420
 16249473
100
AcDbLine
 10
361.6786529131418
 20
376.2599986085444
 30
0.0
 11
372.8502257701454
 21
376.2599985902941
 31
0.0
  0
ARC
  5
BB4
330
1F
100
AcDbEntity
  8
0
 62
    51
420
 16249473
100
AcDbCircle
 10
373.5573325695822
 20
375.5528918273578
 30
0.0
 40
1.000000000000147
100
AcDbArc
 50
348.7399613272728
 51
135.000001478791
  0
ARC
  5
BB5
330
1F
100
AcDbEntity
  8
0
 62
    51
420
 16249473
100
AcDbCircle
 10
375.0284591955604
 20
375.2599985868449
 30
0.0
 40
0.5
100
AcDbArc
 50
168.7399613272727
 51
270.0000000834936
  0
LINE
  5
BB6
330
1F
100
AcDbEntity
  8
0
  6
Continuous
 62
    51
420
 16249473
100
AcDbLine
 10
353.3830893520733
 20
398.8599986145919
 30
0.0
 11
352.3830893520736
 21
398.859998616701
 31
0.0
  0
ARC
  5
BB7
330
1F
100
AcDbEntity
  8
0
  6
Continuous
 62
    51
420
 16249473
100
AcDbCircle
 10
353.3830893531278
 20
399.3599986145919
 30
0.0
 40
0.5
100
AcDbArc
 50
269.9999998791629
 51
359.9999998791597
  0
LINE
  5
BB8
330
1F
100
AcDbEntity
  8
0
  6
Continuous
 62
    51
420
 16249473
100
AcDbLine
 10
353.8830893541823
 20
399.8599986221543
 30
0.0
 11
353.8830893531279
 21
399.3599986135373
 31
0.0
  0
ARC
  5
BB9
330
1F
100
AcDbEntity
  8
0
  6
Continuous
 62
    51
420
 16249473
100
AcDbCircle
 10
354.3830893541823
 20
399.8599986210999
 30
0.0
 40
0.5
100
AcDbArc
 50
89.99999987916295
 51
179.9999998791596
  0
LINE
  5
BBA
330
1F
100
AcDbEntity
  8
0
  6
Continuous
 62
    51
420
 16249473
100
AcDbLine
 10
351.8830893541823
 20
399.8599986263723
 30
0.0
 11
351.8830893531279
 21
399.3599986177554
 31
0.0
  0
ARC
  5
BBB
330
1F
100
AcDbEntity
  8
0
  6
Continuous
 62
    51
420
 16249473
100
AcDbCircle
 10
352.3830893531278
 20
399.359998616701
 30
0.0
 40
0.5
100
AcDbArc
 50
179.9999998791629
 51
269.9999998791629
  0
ARC
  5
BBC
330
1F
100
AcDbEntity
  8
0
  6
Continuous
 62
    51
420
 16249473
100
AcDbCircle
 10
351.3830893541825
 20
399.8599986274269
 30
0.0
 40
0.5
100
AcDbArc
 50
359.9999998791629
 51
89.99999987916295
  0
LINE
  5
BBD
330
1F
100
AcDbEntity
  8
0
  6
Continuous
 62
    51
420
 16249473
100
AcDbLine
 10
376.3830893643651
 20
398.8599986145919
 30
0.0
 11
377.3830893643649
 21
398.8599986167009
 31
0.0
  0
ARC
  5
BBE
330
1F
100
AcDbEntity
  8
0
  6
Continuous
 62
    51
420
 16249473
100
AcDbCircle
 10
376.3830893633105
 20
399.3599986145919
 30
0.0
 40
0.5
100
AcDbArc
 50
180.0000001208369
 51
270.000000120837
  0
LINE
  5
BBF
330
1F
100
AcDbEntity
  8
0
  6
Continuous
 62
    51
420
 16249473
100
AcDbLine
 10
375.883089362256
 20
399.8599986221543
 30
0.0
 11
375.8830893633105
 21
399.3599986135373
 31
0.0
  0
ARC
  5
BC0
330
1F
100
AcDbEntity
  8
0
  6
Continuous
 62
    51
420
 16249473
100
AcDbCircle
 10
375.3830893622561
 20
399.8599986210999
 30
0.0
 40
0.5
100
AcDbArc
 50
0.0000001208370583
 51
90.00000012083706
  0
LINE
  5
BC1
330
1F
100
AcDbEntity
  8
0
  6
Continuous
 62
    51
420
 16249473
100
AcDbLine
 10
377.8830893622562
 20
399.8599986263723
 30
0.0
 11
377.8830893633108
 21
399.3599986177553
 31
0.0
  0
ARC
  5
BC2
330
1F
100
AcDbEntity
  8
0
  6
Continuous
 62
    51
420
 16249473
100
AcDbCircle
 10
377.3830893633105
 20
399.359998616701
 30
0.0
 40
0.5
100
AcDbArc
 50
270.000000120837
 51
0.0000001208370583
  0
ARC
  5
BC3
330
1F
100
AcDbEntity
  8
0
  6
Continuous
 62
    51
420
 16249473
100
AcDbCircle
 10
378.3830893622562
 20
399.8599986274268
 30
0.0
 40
0.5
100
AcDbArc
 50
90.00000012083706
 51
180.0000001208338
  0
ARC
  5
BC4
330
1F
100
AcDbEntity
  8
0
 62
    51
420
 16249473
100
AcDbCircle
 10
348.9651961319554
 20
401.0671054070943
 30
0.0
 40
1.000000000000077
100
AcDbArc
 50
135.0000000000046
 51
315.0000000000052
  0
ARC
  5
BC5
330
1F
100
AcDbEntity
  8
0
 62
    51
420
 16249473
100
AcDbCircle
 10
380.8009825844834
 20
401.0671054070943
 30
0.0
 40
1.000000000000077
100
AcDbArc
 50
224.9999999999908
 51
44.99999999999942
  0
ARC
  5
BC6
330
1F
100
AcDbEntity
  8
0
  6
Continuous
100
AcDbCircle
 10
302.4727448953334
 20
319.3599986138122
 30
0.0
 40
2.0
100
AcDbArc
 50
90.0
 51
99.99999987916249
  0
LINE
  5
BC7
330
1F
100
AcDbEntity
  8
0
  6
Continuous
100
AcDbLine
 10
220.4486893773206
 20
402.6983570913596
 30
0.0
 11
220.4486893773206
 21
354.890937492787
 31
0.0
  0
LINE
  5
BC8
330
1F
100
AcDbEntity
  8
0
  6
Continuous
100
AcDbLine
 10
211.0486893756463
 20
402.6983570913596
 30
0.0
 11
211.0486893756463
 21
354.8909374927871
 31
0.0
  0
ARC
  5
BC9
330
1F
100
AcDbEntity
  8
0
100
AcDbCircle
 10
203.0486893756463
 20
354.8909374927871
 30
0.0
 40
8.0
100
AcDbArc
 50
349.9999998791655
 51
0.0
  0
LINE
  5
BCA
330
1F
100
AcDbEntity
  8
0
  6
Continuous
100
AcDbLine
 10
133.0242534301054
 20
417.9696349616149
 30
0.0
 11
209.5959857309801
 21
404.467972597384
 31
0.0
  0
LINE
  5
BCC
330
1F
100
AcDbEntity
  8
0
  6
Continuous
100
AcDbLine
 10
298.4731253228602
 20
417.9696349616147
 30
0.0
 11
221.9013930219866
 21
404.467972597384
 31
0.0
  0
LINE
  5
BCE
330
1F
100
AcDbEntity
  8
0
  6
Continuous
100
AcDbLine
 10
230.3410261143502
 20
308.6720838077206
 30
0.0
 11
302.1254485441533
 21
321.3296141205691
 31
0.0
  0
ARC
  5
BD0
330
1F
100
AcDbEntity
  8
0
 62
    51
420
 16249473
100
AcDbCircle
 10
188.3935442961357
 20
314.4867883597668
 30
0.0
 40
1.000000000000007
100
AcDbArc
 50
215.0000000000009
 51
1.26025868955672
  0
ARC
  5
BD1
330
1F
100
AcDbEntity
  8
0
  6
Continuous
 62
    51
420
 16249473
100
AcDbCircle
 10
189.8931814538534
 20
314.5197791947443
 30
0.0
 40
0.5
100
AcDbArc
 50
79.99995485467093
 51
181.2602586895534
  0
LINE
  5
BD2
330
1F
100
AcDbEntity
  8
0
 62
    51
420
 16249473
100
AcDbLine
 10
187.5743922518467
 20
313.9132119234157
 30
0.0
 11
171.6853331017299
 21
316.7148904745382
 31
0.0
  0
LINE
  5
BD3
330
1F
100
AcDbEntity
  8
0
  6
Continuous
 62
    51
420
 16249473
100
AcDbLine
 10
195.9918216152758
 20
328.168104559067
 30
0.0
 11
196.9766293679219
 21
327.9944563793232
 31
0.0
  0
ARC
  5
BD4
330
1F
100
AcDbEntity
  8
0
  6
Continuous
 62
    51
420
 16249473
100
AcDbCircle
 10
195.9049975254041
 20
327.675700682744
 30
0.0
 40
0.5
100
AcDbArc
 50
79.99999987916203
 51
169.9999998791622
  0
LINE
  5
BD5
330
1F
100
AcDbEntity
  8
0
  6
Continuous
 62
    51
420
 16249473
100
AcDbLine
 10
199.5837562648757
 20
325.5038963263134
 30
0.0
 11
197.5868021993175
 21
314.1786071793705
 31
0.0
  0
ARC
  5
BD6
330
1F
100
AcDbEntity
  8
0
  6
Continuous
 62
    51
420
 16249473
100
AcDbCircle
 10
197.0943983229945
 20
314.2654312692424
 30
0.0
 40
0.5
100
AcDbArc
 50
259.9999998791652
 51
349.9999998791623
  0
ARC
  5
BD7
330
1F
100
AcDbEntity
  8
0
  6
Continuous
 62
    51
420
 16249473
100
AcDbCircle
 10
199.0913523885528
 20
325.5907204161854
 30
0.0
 40
0.5
100
AcDbArc
 50
349.9999998791623
 51
79.99999987916203
  0
LINE
  5
BD8
330
1F
100
AcDbEntity
  8
0
  6
Continuous
 62
    51
420
 16249473
100
AcDbLine
 10
193.0107187911947
 20
327.1706220865555
 30
0.0
 11
194.7465415915179
 21
326.8645411013558
 31
0.0
  0
LINE
  5
BD9
330
1F
100
AcDbEntity
  8
0
  6
Continuous
 62
    51
420
 16249473
100
AcDbLine
 10
195.3257695577127
 20
327.2701208878069
 30
0.0
 11
195.4125936490811
 21
327.7625247726159
 31
0.0
  0
ARC
  5
BDA
330
1F
100
AcDbEntity
  8
0
  6
Continuous
 62
    51
420
 16249473
100
AcDbCircle
 10
194.8333656813898
 20
327.3569449776788
 30
0.0
 40
0.5
100
AcDbArc
 50
259.999999879162
 51
349.9999998791622
  0
LINE
  5
BDB
330
1F
100
AcDbEntity
  8
0
  6
Continuous
 62
    51
420
 16249473
100
AcDbLine
 10
197.2953850630047
 20
326.9228245283192
 30
0.0
 11
197.3822091543728
 21
327.4152284131282
 31
0.0
  0
ARC
  5
BDC
330
1F
100
AcDbEntity
  8
0
  6
Continuous
 62
    51
420
 16249473
100
AcDbCircle
 10
196.88980527805
 20
327.5020525030001
 30
0.0
 40
0.5
100
AcDbArc
 50
349.9999998791623
 51
79.99999987916203
  0
LINE
  5
BDD
330
1F
100
AcDbEntity
  8
0
  6
Continuous
 62
    51
420
 16249473
100
AcDbLine
 10
197.7009648494557
 20
326.3435965621241
 30
0.0
 11
199.1781764784247
 21
326.0831242925083
 31
0.0
  0
ARC
  5
BDE
330
1F
100
AcDbEntity
  8
0
  6
Continuous
 62
    51
420
 16249473
100
AcDbCircle
 10
197.7877889393277
 20
326.8360004384472
 30
0.0
 40
0.5
100
AcDbArc
 50
169.9999998791655
 51
259.9999998791652
  0
LINE
  5
BDF
330
1F
100
AcDbEntity
  8
0
  6
Continuous
 62
    51
420
 16249473
100
AcDbLine
 10
173.34124328389
 20
332.1620126475408
 30
0.0
 11
172.3564355305118
 21
332.3356608231307
 31
0.0
  0
ARC
  5
BE0
330
1F
100
AcDbEntity
  8
0
  6
Continuous
 62
    51
420
 16249473
100
AcDbCircle
 10
173.2544191960951
 20
331.6696087708517
 30
0.0
 40
0.5
100
AcDbArc
 50
350.0000001208374
 51
80.00000012083754
  0
LINE
  5
BE1
330
1F
100
AcDbEntity
  8
0
  6
Continuous
 62
    51
420
 16249473
100
AcDbLine
 10
162.7730956305446
 20
319.8094982392388
 30
0.0
 11
169.8006624882472
 21
318.5703429011084
 31
0.0
  0
LINE
  5
BE2
330
1F
100
AcDbEntity
  8
0
  6
Continuous
 62
    51
420
 16249473
100
AcDbLine
 10
173.659998983493
 20
331.0903807978813
 30
0.0
 11
173.7468230727842
 21
331.5827846830567
 31
0.0
  0
ARC
  5
BE3
330
1F
100
AcDbEntity
  8
0
  6
Continuous
 62
    51
420
 16249473
100
AcDbCircle
 10
174.1524028601822
 20
331.0035567100864
 30
0.0
 40
0.5
100
AcDbArc
 50
170.0000001208375
 51
260.0000001208375
  0
LINE
  5
BE4
330
1F
100
AcDbEntity
  8
0
  6
Continuous
 62
    51
420
 16249473
100
AcDbLine
 10
171.6903834767362
 20
331.4376771490614
 30
0.0
 11
171.7772075660274
 21
331.9300810342367
 31
0.0
  0
ARC
  5
BE5
330
1F
100
AcDbEntity
  8
0
  6
Continuous
 62
    51
420
 16249473
100
AcDbCircle
 10
172.2696114427166
 20
331.8432569464416
 30
0.0
 40
0.5
100
AcDbArc
 50
80.00000012083754
 51
170.0000001208341
  0
LINE
  5
BE6
330
1F
100
AcDbEntity
  8
0
  6
Continuous
 62
    51
420
 16249473
100
AcDbLine
 10
171.1111555122521
 20
331.0320973601672
 30
0.0
 11
169.3753327141262
 21
331.3381783578284
 31
0.0
  0
ARC
  5
BE7
330
1F
100
AcDbEntity
  8
0
  6
Continuous
 62
    51
420
 16249473
100
AcDbCircle
 10
171.197979600047
 20
331.5245012368563
 30
0.0
 40
0.5
100
AcDbArc
 50
260.0000001208375
 51
350.0000001208341
  0
LINE
  5
BE8
330
1F
100
AcDbEntity
  8
0
100
AcDbLine
 10
155.9765669854518
 20
332.2647036610766
 30
0.0
 11
154.0366436991871
 21
321.2628521013277
 31
0.0
  0
ARC
  5
BE9
330
1F
100
AcDbEntity
  8
0
100
AcDbCircle
 10
153.2174916697019
 20
320.6892756438346
 30
0.0
 40
0.9999999999999886
100
AcDbArc
 50
214.9999999999976
 51
35.00000147877948
  0
LINE
  5
BEA
330
1F
100
AcDbEntity
  8
0
100
AcDbLine
 10
152.3983396254128
 20
320.1156992074837
 30
0.0
 11
136.5092803766996
 21
322.91737762195
 31
0.0
  0
ARC
  5
BEB
330
1F
100
AcDbEntity
  8
0
100
AcDbCircle
 10
135.9357039576108
 20
323.7365296783262
 30
0.0
 40
1.000000000000009
100
AcDbArc
 50
125.0000000000019
 51
304.9999987925837
  0
LINE
  5
BEC
330
1F
100
AcDbEntity
  8
0
100
AcDbLine
 10
135.3621275212598
 20
324.5556817226151
 30
0.0
 11
137.3020508075247
 21
335.5575332823641
 31
0.0
  0
ARC
  5
BED
330
1F
100
AcDbEntity
  8
0
100
AcDbCircle
 10
138.1212028370098
 20
336.1311097398572
 30
0.0
 40
0.9999999999999211
100
AcDbArc
 50
35.00000000000574
 51
215.0000014787871
  0
LINE
  5
BEE
330
1F
100
AcDbEntity
  8
0
100
AcDbLine
 10
138.9403548812987
 20
336.7046776583961
 30
0.0
 11
154.8294140916079
 21
333.9030077348509
 31
0.0
  0
ARC
  5
BEF
330
1F
100
AcDbEntity
  8
0
100
AcDbCircle
 10
155.4029905491009
 20
333.0838557053656
 30
0.0
 40
0.9999999999999728
100
AcDbArc
 50
304.9999999999967
 51
125.0000014787753
  0
LINE
  5
BF0
330
1F
100
AcDbEntity
  8
0
100
AcDbLine
 10
294.1952765402498
 20
335.5575333018443
 30
0.0
 11
296.1351998237983
 21
324.5556817382159
 31
0.0
  0
ARC
  5
BF1
330
1F
100
AcDbEntity
  8
0
100
AcDbCircle
 10
295.5616233874473
 20
323.7365296939268
 30
0.0
 40
1.000000000000015
100
AcDbArc
 50
234.9999999999981
 51
54.9999999999981
  0
LINE
  5
BF2
330
1F
100
AcDbEntity
  8
0
100
AcDbLine
 10
294.9880469510962
 20
322.9173776496378
 30
0.0
 11
279.0989390279108
 21
320.1156992114517
 31
0.0
  0
ARC
  5
BF3
330
1F
100
AcDbEntity
  8
0
100
AcDbCircle
 10
278.2798356911403
 20
320.6892756439231
 30
0.0
 40
0.9999999999999827
100
AcDbArc
 50
144.9999987925896
 51
325.0000002713643
  0
LINE
  5
BF4
330
1F
100
AcDbEntity
  8
0
100
AcDbLine
 10
277.4606836589383
 20
321.2628520975365
 30
0.0
 11
275.5207603792698
 21
332.2647036584485
 31
0.0
  0
ARC
  5
BF5
330
1F
100
AcDbEntity
  8
0
100
AcDbCircle
 10
276.0943368117411
 20
333.083855705454
 30
0.0
 40
0.9999999999999852
100
AcDbArc
 50
54.99999879257416
 51
235.000000271359
  0
LINE
  5
BF6
330
1F
100
AcDbEntity
  8
0
100
AcDbLine
 10
276.6679132653544
 20
333.9030077376557
 30
0.0
 11
292.5569724637591
 21
336.7046861918087
 31
0.0
  0
ARC
  5
BF7
330
1F
100
AcDbEntity
  8
0
100
AcDbCircle
 10
293.3761245080481
 20
336.1311097554577
 30
0.0
 40
0.9999999999999847
100
AcDbArc
 50
324.9999987925822
 51
145.0000000000026
  0
LINE
  5
BF8
330
1F
100
AcDbEntity
  8
0
  6
Continuous
 62
    51
420
 16249473
100
AcDbLine
 10
191.3015755570149
 20
328.9951300834982
 30
0.0
 11
192.2863833096607
 21
328.8214819037543
 31
0.0
  0
ARC
  5
BF9
330
1F
100
AcDbEntity
  8
0
  6
Continuous
 62
    51
420
 16249473
100
AcDbCircle
 10
191.2147514671429
 20
328.5027262071752
 30
0.0
 40
0.5
100
AcDbArc
 50
79.99999987916203
 51
169.9999998791622
  0
LINE
  5
BFA
330
1F
100
AcDbEntity
  8
0
  6
Continuous
 62
    51
420
 16249473
100
AcDbLine
 10
197.0075742331226
 20
313.7730273929195
 30
0.0
 11
189.9800059306688
 21
315.0121830028386
 31
0.0
  0
LINE
  5
BFB
330
1F
100
AcDbEntity
  8
0
  6
Continuous
 62
    51
420
 16249473
100
AcDbLine
 10
190.6355234994516
 20
328.0971464122381
 30
0.0
 11
190.72234759082
 21
328.5895502970471
 31
0.0
  0
ARC
  5
BFC
330
1F
100
AcDbEntity
  8
0
  6
Continuous
 62
    51
420
 16249473
100
AcDbCircle
 10
190.1431196231287
 20
328.1839705021101
 30
0.0
 40
0.5
100
AcDbArc
 50
259.999999879162
 51
349.9999998791622
  0
LINE
  5
BFD
330
1F
100
AcDbEntity
  8
0
  6
Continuous
 62
    51
420
 16249473
100
AcDbLine
 10
192.6051390047435
 20
327.7498500527503
 30
0.0
 11
192.6919630961119
 21
328.2422539375594
 31
0.0
  0
ARC
  5
BFE
330
1F
100
AcDbEntity
  8
0
  6
Continuous
 62
    51
420
 16249473
100
AcDbCircle
 10
192.1995592197889
 20
328.3290780274313
 30
0.0
 40
0.5
100
AcDbArc
 50
349.9999998791623
 51
79.99999987916203
  0
ARC
  5
BFF
330
1F
100
AcDbEntity
  8
0
  6
Continuous
 62
    51
420
 16249473
100
AcDbCircle
 10
193.0975428810666
 20
327.6630259628785
 30
0.0
 40
0.5
100
AcDbArc
 50
169.9999998791655
 51
259.9999998791652
  0
LINE
  5
C00
330
1F
100
AcDbEntity
  8
0
  6
Continuous
 62
    51
420
 16249473
100
AcDbLine
 10
168.6509972256291
 20
332.9890381719721
 30
0.0
 11
167.6661894722506
 21
333.162686347562
 31
0.0
  0
ARC
  5
C01
330
1F
100
AcDbEntity
  8
0
  6
Continuous
 62
    51
420
 16249473
100
AcDbCircle
 10
168.5641731378341
 20
332.4966342952828
 30
0.0
 40
0.5
100
AcDbArc
 50
350.0000001208374
 51
80.00000012083754
  0
LINE
  5
C02
330
1F
100
AcDbEntity
  8
0
  6
Continuous
 62
    51
420
 16249473
100
AcDbLine
 10
164.3644698594391
 20
331.7140153590891
 30
0.0
 11
162.3675158416506
 21
320.3887262037231
 31
0.0
  0
ARC
  5
C03
330
1F
100
AcDbEntity
  8
0
  6
Continuous
 62
    51
420
 16249473
100
AcDbCircle
 10
162.8599197183397
 20
320.3019021159281
 30
0.0
 40
0.5
100
AcDbArc
 50
170.0000001208374
 51
260.0000001208375
  0
ARC
  5
C04
330
1F
100
AcDbEntity
  8
0
  6
Continuous
 62
    51
420
 16249473
100
AcDbCircle
 10
164.8568737361283
 20
331.6271912712941
 30
0.0
 40
0.5
100
AcDbArc
 50
80.00000012083754
 51
170.0000001208374
  0
LINE
  5
C05
330
1F
100
AcDbEntity
  8
0
  6
Continuous
 62
    51
420
 16249473
100
AcDbLine
 10
168.9697529252318
 20
331.9174063223126
 30
0.0
 11
169.0565770145232
 21
332.4098102074878
 31
0.0
  0
ARC
  5
C06
330
1F
100
AcDbEntity
  8
0
  6
Continuous
 62
    51
420
 16249473
100
AcDbCircle
 10
169.4621568019211
 20
331.8305822345176
 30
0.0
 40
0.5
100
AcDbArc
 50
170.0000001208375
 51
260.0000001208375
  0
LINE
  5
C07
330
1F
100
AcDbEntity
  8
0
  6
Continuous
 62
    51
420
 16249473
100
AcDbLine
 10
167.0001374184751
 20
332.2647026734927
 30
0.0
 11
167.0869615077664
 21
332.7571065586678
 31
0.0
  0
ARC
  5
C08
330
1F
100
AcDbEntity
  8
0
  6
Continuous
 62
    51
420
 16249473
100
AcDbCircle
 10
167.5793653844556
 20
332.6702824708728
 30
0.0
 40
0.5
100
AcDbArc
 50
80.00000012083754
 51
170.0000001208341
  0
LINE
  5
C09
330
1F
100
AcDbEntity
  8
0
  6
Continuous
 62
    51
420
 16249473
100
AcDbLine
 10
166.4209094539908
 20
331.8591228845984
 30
0.0
 11
164.9436978239231
 21
332.1195951479833
 31
0.0
  0
ARC
  5
C0A
330
1F
100
AcDbEntity
  8
0
  6
Continuous
 62
    51
420
 16249473
100
AcDbCircle
 10
166.5077335417859
 20
332.3515267612876
 30
0.0
 40
0.5
100
AcDbArc
 50
260.0000001208375
 51
350.0000001208341
  0
LINE
  5
C0B
330
1F
100
AcDbEntity
  8
0
 62
    51
420
 16249473
100
AcDbLine
 10
174.0655787723873
 20
330.5111528333971
 30
0.0
 11
190.0562955332566
 21
327.6915580319122
 31
0.0
  0
ARC
  5
C0C
330
1F
100
AcDbEntity
  8
0
 62
    51
420
 16249473
100
AcDbCircle
 10
171.1117566442368
 20
317.5340425040233
 30
0.0
 40
0.9999999999999948
100
AcDbArc
 50
158.740182777197
 51
305.0000014787867
  0
ARC
  5
C0D
330
1F
100
AcDbEntity
  8
0
  6
Continuous
 62
    51
420
 16249473
100
AcDbCircle
 10
169.7138380125896
 20
318.07793909281
 30
0.0
 40
0.5
100
AcDbArc
 50
338.7401827771937
 51
79.99995498940631
  0
ARC
  5
C0E
330
1F
100
AcDbEntity
  8
0
 62
    51
420
 16249473
100
AcDbCircle
 10
243.1038344568313
 20
314.4867883597668
 30
0.0
 40
1.000000000000007
100
AcDbArc
 50
178.7397413104432
 51
325.0000000000022
  0
ARC
  5
C0F
330
1F
100
AcDbEntity
  8
0
  6
Continuous
 62
    51
420
 16249473
100
AcDbCircle
 10
241.6041972991135
 20
314.5197791947443
 30
0.0
 40
0.5
100
AcDbArc
 50
358.7397413104465
 51
100.0000451453258
  0
LINE
  5
C10
330
1F
100
AcDbEntity
  8
0
 62
    51
420
 16249473
100
AcDbLine
 10
243.9229865011201
 20
313.9132119234157
 30
0.0
 11
259.812045651237
 21
316.7148904745382
 31
0.0
  0
LINE
  5
C11
330
1F
100
AcDbEntity
  8
0
  6
Continuous
 62
    51
420
 16249473
100
AcDbLine
 10
235.5055571376908
 20
328.1681045590669
 30
0.0
 11
234.520749385045
 21
327.994456379323
 31
0.0
  0
ARC
  5
C12
330
1F
100
AcDbEntity
  8
0
  6
Continuous
 62
    51
420
 16249473
100
AcDbCircle
 10
235.5923812275626
 20
327.675700682744
 30
0.0
 40
0.5
100
AcDbArc
 50
10.00000012083782
 51
100.0000001208347
  0
LINE
  5
C13
330
1F
100
AcDbEntity
  8
0
  6
Continuous
 62
    51
420
 16249473
100
AcDbLine
 10
231.9136224880911
 20
325.5038963263134
 30
0.0
 11
233.9105765536493
 21
314.1786071793705
 31
0.0
  0
ARC
  5
C14
330
1F
100
AcDbEntity
  8
0
  6
Continuous
 62
    51
420
 16249473
100
AcDbCircle
 10
234.4029804299722
 20
314.2654312692425
 30
0.0
 40
0.5
100
AcDbArc
 50
190.0000001208345
 51
280.0000001208348
  0
ARC
  5
C15
330
1F
100
AcDbEntity
  8
0
  6
Continuous
 62
    51
420
 16249473
100
AcDbCircle
 10
232.406026364414
 20
325.5907204161854
 30
0.0
 40
0.5
100
AcDbArc
 50
100.0000001208347
 51
190.0000001208345
  0
LINE
  5
C16
330
1F
100
AcDbEntity
  8
0
  6
Continuous
 62
    51
420
 16249473
100
AcDbLine
 10
238.4866599617721
 20
327.1706220865555
 30
0.0
 11
236.7508371614491
 21
326.8645411013558
 31
0.0
  0
LINE
  5
C17
330
1F
100
AcDbEntity
  8
0
  6
Continuous
 62
    51
420
 16249473
100
AcDbLine
 10
236.1716091952541
 20
327.2701208878069
 30
0.0
 11
236.0847851038859
 21
327.7625247726159
 31
0.0
  0
ARC
  5
C18
330
1F
100
AcDbEntity
  8
0
  6
Continuous
 62
    51
420
 16249473
100
AcDbCircle
 10
236.6640130715772
 20
327.3569449776788
 30
0.0
 40
0.5
100
AcDbArc
 50
190.0000001208378
 51
280.0000001208348
  0
LINE
  5
C19
330
1F
100
AcDbEntity
  8
0
  6
Continuous
 62
    51
420
 16249473
100
AcDbLine
 10
234.2019936899621
 20
326.9228245283192
 30
0.0
 11
234.1151695985941
 21
327.4152284131282
 31
0.0
  0
ARC
  5
C1A
330
1F
100
AcDbEntity
  8
0
  6
Continuous
 62
    51
420
 16249473
100
AcDbCircle
 10
234.607573474917
 20
327.5020525030001
 30
0.0
 40
0.5
100
AcDbArc
 50
100.0000001208347
 51
190.0000001208345
  0
LINE
  5
C1B
330
1F
100
AcDbEntity
  8
0
  6
Continuous
 62
    51
420
 16249473
100
AcDbLine
 10
233.7964139035112
 20
326.3435965621241
 30
0.0
 11
232.319202274542
 21
326.0831242925083
 31
0.0
  0
ARC
  5
C1C
330
1F
100
AcDbEntity
  8
0
  6
Continuous
 62
    51
420
 16249473
100
AcDbCircle
 10
233.7095898136391
 20
326.8360004384472
 30
0.0
 40
0.5
100
AcDbArc
 50
280.0000001208348
 51
10.00000012083447
  0
LINE
  5
C1D
330
1F
100
AcDbEntity
  8
0
  6
Continuous
 62
    51
420
 16249473
100
AcDbLine
 10
258.1561354690768
 20
332.1620126475408
 30
0.0
 11
259.1409432224551
 21
332.3356608231307
 31
0.0
  0
ARC
  5
C1E
330
1F
100
AcDbEntity
  8
0
  6
Continuous
 62
    51
420
 16249473
100
AcDbCircle
 10
258.2429595568718
 20
331.6696087708517
 30
0.0
 40
0.5
100
AcDbArc
 50
99.99999987916249
 51
189.9999998791626
  0
LINE
  5
C1F
330
1F
100
AcDbEntity
  8
0
  6
Continuous
 62
    51
420
 16249473
100
AcDbLine
 10
268.7242831224221
 20
319.8094982392388
 30
0.0
 11
261.6967162647195
 21
318.5703429011084
 31
0.0
  0
LINE
  5
C20
330
1F
100
AcDbEntity
  8
0
  6
Continuous
 62
    51
420
 16249473
100
AcDbLine
 10
257.8373797694737
 20
331.0903807978813
 30
0.0
 11
257.7505556801824
 21
331.5827846830566
 31
0.0
  0
ARC
  5
C21
330
1F
100
AcDbEntity
  8
0
  6
Continuous
 62
    51
420
 16249473
100
AcDbCircle
 10
257.3449758927846
 20
331.0035567100864
 30
0.0
 40
0.5
100
AcDbArc
 50
279.9999998791625
 51
9.999999879159322
  0
LINE
  5
C22
330
1F
100
AcDbEntity
  8
0
  6
Continuous
 62
    51
420
 16249473
100
AcDbLine
 10
259.8069952762307
 20
331.4376771490613
 30
0.0
 11
259.7201711869395
 21
331.9300810342365
 31
0.0
  0
ARC
  5
C23
330
1F
100
AcDbEntity
  8
0
  6
Continuous
 62
    51
420
 16249473
100
AcDbCircle
 10
259.2277673102501
 20
331.8432569464416
 30
0.0
 40
0.5
100
AcDbArc
 50
9.99999987916267
 51
99.99999987916249
  0
LINE
  5
C24
330
1F
100
AcDbEntity
  8
0
  6
Continuous
 62
    51
420
 16249473
100
AcDbLine
 10
260.3862232407148
 20
331.0320973601672
 30
0.0
 11
262.1220460388407
 21
331.3381783578284
 31
0.0
  0
ARC
  5
C25
330
1F
100
AcDbEntity
  8
0
  6
Continuous
 62
    51
420
 16249473
100
AcDbCircle
 10
260.2993991529198
 20
331.5245012368563
 30
0.0
 40
0.5
100
AcDbArc
 50
189.9999998791627
 51
279.9999998791625
  0
LINE
  5
C26
330
1F
100
AcDbEntity
  8
0
  6
Continuous
 62
    51
420
 16249473
100
AcDbLine
 10
240.1958031959519
 20
328.9951300834982
 30
0.0
 11
239.2109954433061
 21
328.8214819037543
 31
0.0
  0
ARC
  5
C27
330
1F
100
AcDbEntity
  8
0
  6
Continuous
 62
    51
420
 16249473
100
AcDbCircle
 10
240.282627285824
 20
328.5027262071752
 30
0.0
 40
0.5
100
AcDbArc
 50
10.00000012083782
 51
100.0000001208347
  0
LINE
  5
C28
330
1F
100
AcDbEntity
  8
0
  6
Continuous
 62
    51
420
 16249473
100
AcDbLine
 10
234.4898045198442
 20
313.7730273929195
 30
0.0
 11
241.5173728222981
 21
315.0121830028386
 31
0.0
  0
LINE
  5
C29
330
1F
100
AcDbEntity
  8
0
  6
Continuous
 62
    51
420
 16249473
100
AcDbLine
 10
240.8618552535151
 20
328.0971464122381
 30
0.0
 11
240.7750311621467
 21
328.5895502970471
 31
0.0
  0
ARC
  5
C2A
330
1F
100
AcDbEntity
  8
0
  6
Continuous
 62
    51
420
 16249473
100
AcDbCircle
 10
241.3542591298381
 20
328.1839705021101
 30
0.0
 40
0.5
100
AcDbArc
 50
190.0000001208378
 51
280.0000001208348
  0
LINE
  5
C2B
330
1F
100
AcDbEntity
  8
0
  6
Continuous
 62
    51
420
 16249473
100
AcDbLine
 10
238.892239748223
 20
327.7498500527503
 30
0.0
 11
238.805415656855
 21
328.2422539375593
 31
0.0
  0
ARC
  5
C2C
330
1F
100
AcDbEntity
  8
0
  6
Continuous
 62
    51
420
 16249473
100
AcDbCircle
 10
239.2978195331781
 20
328.3290780274313
 30
0.0
 40
0.5
100
AcDbArc
 50
100.0000001208347
 51
190.0000001208345
  0
ARC
  5
C2D
330
1F
100
AcDbEntity
  8
0
  6
Continuous
 62
    51
420
 16249473
100
AcDbCircle
 10
238.3998358719003
 20
327.6630259628785
 30
0.0
 40
0.5
100
AcDbArc
 50
280.0000001208348
 51
10.00000012083447
  0
LINE
  5
C2E
330
1F
100
AcDbEntity
  8
0
  6
Continuous
 62
    51
420
 16249473
100
AcDbLine
 10
262.8463815273379
 20
332.9890381719721
 30
0.0
 11
263.8311892807161
 21
333.162686347562
 31
0.0
  0
ARC
  5
C2F
330
1F
100
AcDbEntity
  8
0
  6
Continuous
 62
    51
420
 16249473
100
AcDbCircle
 10
262.9332056151327
 20
332.4966342952828
 30
0.0
 40
0.5
100
AcDbArc
 50
99.99999987916249
 51
189.9999998791626
  0
LINE
  5
C30
330
1F
100
AcDbEntity
  8
0
  6
Continuous
 62
    51
420
 16249473
100
AcDbLine
 10
267.1329088935279
 20
331.7140153590891
 30
0.0
 11
269.1298629113162
 21
320.3887262037231
 31
0.0
  0
ARC
  5
C31
330
1F
100
AcDbEntity
  8
0
  6
Continuous
 62
    51
420
 16249473
100
AcDbCircle
 10
268.637459034627
 20
320.301902115928
 30
0.0
 40
0.5
100
AcDbArc
 50
279.9999998791625
 51
9.999999879162599
  0
ARC
  5
C32
330
1F
100
AcDbEntity
  8
0
  6
Continuous
 62
    51
420
 16249473
100
AcDbCircle
 10
266.6405050168385
 20
331.6271912712941
 30
0.0
 40
0.5
100
AcDbArc
 50
9.999999879162599
 51
99.99999987916249
  0
LINE
  5
C33
330
1F
100
AcDbEntity
  8
0
  6
Continuous
 62
    51
420
 16249473
100
AcDbLine
 10
262.5276258277351
 20
331.9174063223126
 30
0.0
 11
262.4408017384435
 21
332.4098102074878
 31
0.0
  0
ARC
  5
C34
330
1F
100
AcDbEntity
  8
0
  6
Continuous
 62
    51
420
 16249473
100
AcDbCircle
 10
262.0352219510457
 20
331.8305822345176
 30
0.0
 40
0.5
100
AcDbArc
 50
279.9999998791625
 51
9.999999879159322
  0
LINE
  5
C35
330
1F
100
AcDbEntity
  8
0
  6
Continuous
 62
    51
420
 16249473
100
AcDbLine
 10
264.4972413344916
 20
332.2647026734925
 30
0.0
 11
264.4104172452005
 21
332.7571065586678
 31
0.0
  0
ARC
  5
C36
330
1F
100
AcDbEntity
  8
0
  6
Continuous
 62
    51
420
 16249473
100
AcDbCircle
 10
263.9180133685112
 20
332.6702824708728
 30
0.0
 40
0.5
100
AcDbArc
 50
9.99999987916267
 51
99.99999987916249
  0
LINE
  5
C37
330
1F
100
AcDbEntity
  8
0
  6
Continuous
 62
    51
420
 16249473
100
AcDbLine
 10
265.0764692989759
 20
331.8591228845983
 30
0.0
 11
266.5536809290435
 21
332.1195951479833
 31
0.0
  0
ARC
  5
C38
330
1F
100
AcDbEntity
  8
0
  6
Continuous
 62
    51
420
 16249473
100
AcDbCircle
 10
264.9896452111807
 20
332.3515267612876
 30
0.0
 40
0.5
100
AcDbArc
 50
189.9999998791627
 51
279.9999998791625
  0
LINE
  5
C39
330
1F
100
AcDbEntity
  8
0
 62
    51
420
 16249473
100
AcDbLine
 10
257.4317999805796
 20
330.5111528333971
 30
0.0
 11
241.44108321971
 21
327.6915580319122
 31
0.0
  0
ARC
  5
C3A
330
1F
100
AcDbEntity
  8
0
 62
    51
420
 16249473
100
AcDbCircle
 10
260.38562210873
 20
317.5340425040233
 30
0.0
 40
0.9999999999999948
100
AcDbArc
 50
234.9999985212133
 51
21.25981722280603
  0
ARC
  5
C3B
330
1F
100
AcDbEntity
  8
0
  6
Continuous
 62
    51
420
 16249473
100
AcDbCircle
 10
261.7835407403772
 20
318.07793909281
 30
0.0
 40
0.5
100
AcDbArc
 50
100.0000450105937
 51
201.2598172228062
  0
ARC
  5
C3F
330
1F
100
AcDbEntity
  8
0
100
AcDbCircle
 10
341.8215961319554
 20
343.9171053643211
 30
0.0
 40
0.9999999999999982
100
AcDbArc
 50
135.0
 51
315.0000012074182
  0
LINE
  5
C40
330
1F
100
AcDbEntity
  8
0
100
AcDbLine
 10
341.1144893507688
 20
344.6242121455077
 30
0.0
 11
341.1144893507688
 21
355.7957850207615
 31
0.0
  0
ARC
  5
C41
330
1F
100
AcDbEntity
  8
0
100
AcDbCircle
 10
341.8215961319556
 20
356.5028918019481
 30
0.0
 40
1.000000000000035
100
AcDbArc
 50
45.0
 51
224.9999999999954
  0
LINE
  5
C42
330
1F
100
AcDbEntity
  8
0
100
AcDbLine
 10
342.528702913142
 20
357.2099985831346
 30
0.0
 11
361.0438757764113
 21
357.2099985831346
 31
0.0
  0
LINE
  5
C43
330
1F
100
AcDbEntity
  8
0
  6
Continuous
 62
    51
420
 16249473
100
AcDbLine
 10
355.7644584252674
 20
360.759998592653
 30
0.0
 11
354.7644202519756
 21
360.7599985933817
 31
0.0
  0
ARC
  5
C44
330
1F
100
AcDbEntity
  8
0
  6
Continuous
 62
    51
420
 16249473
100
AcDbCircle
 10
355.7644393391113
 20
361.2599985922888
 30
0.0
 40
0.5
100
AcDbArc
 50
269.9999999165064
 51
359.9999999165063
  0
LINE
  5
C45
330
1F
100
AcDbEntity
  8
0
  6
Continuous
 62
    51
420
 16249473
100
AcDbLine
 10
351.7644393412969
 20
362.7599986067344
 30
0.0
 11
351.7644393580547
 21
374.2599985981176
 31
0.0
  0
ARC
  5
C46
330
1F
100
AcDbEntity
  8
0
  6
Continuous
 62
    51
420
 16249473
100
AcDbCircle
 10
352.2644393580545
 20
374.259998597389
 30
0.0
 40
0.5
100
AcDbArc
 50
89.99999991650645
 51
179.9999999165064
  0
ARC
  5
C47
330
1F
100
AcDbEntity
  8
0
  6
Continuous
 62
    51
420
 16249473
100
AcDbCircle
 10
352.2644393412968
 20
362.7599986060058
 30
0.0
 40
0.5
100
AcDbArc
 50
179.9999999165064
 51
269.9999999165064
  0
LINE
  5
C48
330
1F
100
AcDbEntity
  8
0
  6
Continuous
 62
    51
420
 16249473
100
AcDbLine
 10
352.2644393587833
 20
374.759998597389
 30
0.0
 11
359.5004195052486
 21
374.7599985868449
 31
0.0
  0
LINE
  5
C49
330
1F
100
AcDbEntity
  8
0
  6
Continuous
 62
    51
420
 16249473
100
AcDbLine
 10
377.7644123499515
 20
362.2599985994485
 30
0.0
 11
356.7644393405684
 21
362.2599985994485
 31
0.0
  0
LINE
  5
C4A
330
1F
100
AcDbEntity
  8
0
  6
Continuous
 62
    51
420
 16249473
100
AcDbLine
 10
356.2644393398398
 20
361.7599986001772
 30
0.0
 11
356.2644393391112
 21
361.2599985915601
 31
0.0
  0
ARC
  5
C4B
330
1F
100
AcDbEntity
  8
0
  6
Continuous
 62
    51
420
 16249473
100
AcDbCircle
 10
356.7644393398398
 20
361.7599985994484
 30
0.0
 40
0.5
100
AcDbArc
 50
89.99999991650645
 51
179.9999999165064
  0
LINE
  5
C4C
330
1F
100
AcDbEntity
  8
0
  6
Continuous
 62
    51
420
 16249473
100
AcDbLine
 10
354.2644393398398
 20
361.7599986030914
 30
0.0
 11
354.2644393391112
 21
361.259998593746
 31
0.0
  0
ARC
  5
C4D
330
1F
100
AcDbEntity
  8
0
  6
Continuous
 62
    51
420
 16249473
100
AcDbCircle
 10
354.7644393391112
 20
361.2599985930174
 30
0.0
 40
0.5
100
AcDbArc
 50
179.9999999165097
 51
269.9999999165064
  0
LINE
  5
C4E
330
1F
100
AcDbEntity
  8
0
  6
Continuous
 62
    51
420
 16249473
100
AcDbLine
 10
353.7644393405684
 20
362.25999860382
 30
0.0
 11
352.2644393405685
 21
362.2599986060058
 31
0.0
  0
ARC
  5
C4F
330
1F
100
AcDbEntity
  8
0
  6
Continuous
 62
    51
420
 16249473
100
AcDbCircle
 10
353.7644393398398
 20
361.7599986038201
 30
0.0
 40
0.5
100
AcDbArc
 50
359.9999999165063
 51
89.99999991650968
  0
LINE
  5
C50
330
1F
100
AcDbEntity
  8
0
  6
Continuous
100
AcDbLine
 10
361.0438757615104
 20
343.2099985980357
 30
0.0
 11
342.5287029280432
 21
343.2099985980357
 31
0.0
  0
LINE
  5
C51
330
1F
100
AcDbEntity
  8
0
  6
Continuous
100
AcDbLine
 10
368.7224029155932
 20
343.2099985980357
 30
0.0
 11
387.2375757681835
 21
343.2099985980357
 31
0.0
  0
ARC
  5
C52
330
1F
100
AcDbEntity
  8
0
100
AcDbCircle
 10
387.9446825642712
 20
343.9171053643211
 30
0.0
 40
0.9999999999999982
100
AcDbArc
 50
224.9999987925817
 51
45.0
  0
LINE
  5
C53
330
1F
100
AcDbEntity
  8
0
100
AcDbLine
 10
388.6517893454578
 20
344.6242121455077
 30
0.0
 11
388.6517893454578
 21
355.7957850207615
 31
0.0
  0
ARC
  5
C54
330
1F
100
AcDbEntity
  8
0
100
AcDbCircle
 10
387.944682564271
 20
356.5028918019481
 30
0.0
 40
1.000000000000035
100
AcDbArc
 50
315.0000000000006
 51
135.0
  0
ARC
  5
C55
330
1F
100
AcDbEntity
  8
0
100
AcDbCircle
 10
368.0152961195054
 20
343.9171053643211
 30
0.0
 40
0.9999999999999982
100
AcDbArc
 50
135.0
 51
315.0000012074182
  0
LINE
  5
C56
330
1F
100
AcDbEntity
  8
0
100
AcDbLine
 10
367.3081893383188
 20
344.6242121455077
 30
0.0
 11
367.3081893383188
 21
355.7957850207615
 31
0.0
  0
ARC
  5
C57
330
1F
100
AcDbEntity
  8
0
100
AcDbCircle
 10
368.0152961195056
 20
356.5028918019481
 30
0.0
 40
1.000000000000035
100
AcDbArc
 50
45.0
 51
225.0
  0
ARC
  5
C58
330
1F
100
AcDbEntity
  8
0
100
AcDbCircle
 10
361.750982557598
 20
343.9171053643211
 30
0.0
 40
0.9999999999999982
100
AcDbArc
 50
224.9999987925817
 51
45.0
  0
LINE
  5
C59
330
1F
100
AcDbEntity
  8
0
100
AcDbLine
 10
362.4580893387845
 20
344.6242121455077
 30
0.0
 11
362.4580893387845
 21
355.7957850207615
 31
0.0
  0
ARC
  5
C5A
330
1F
100
AcDbEntity
  8
0
100
AcDbCircle
 10
361.7509825575979
 20
356.5028918019481
 30
0.0
 40
1.000000000000035
100
AcDbArc
 50
315.0000000000006
 51
135.0
  0
LINE
  5
C5B
330
1F
100
AcDbEntity
  8
0
100
AcDbLine
 10
368.722402900692
 20
357.2099985831346
 30
0.0
 11
387.2375757830845
 21
357.2099985831346
 31
0.0
  0
ARC
  5
C66
330
1F
100
AcDbEntity
  8
0
100
AcDbCircle
 10
349.1081892329116
 20
375.5528918273578
 30
0.0
 40
1.0
100
AcDbArc
 50
89.97794627655114
 51
90.02205372347489
  0
ARC
  5
C6A
330
1F
100
AcDbEntity
  8
0
100
AcDbCircle
 10
385.4206894503755
 20
375.5528918273578
 30
0.0
 40
1.0
100
AcDbArc
 50
89.97794625115394
 51
90.02205374884608
  0
LINE
  5
C84
330
1F
100
AcDbEntity
  8
0
100
AcDbLine
 10
200.7433139873815
 20
369.6228081815251
 30
0.0
 11
202.4892779489751
 21
369.3149827017283
 31
0.0
  0
ARC
  5
C85
330
1F
100
AcDbEntity
  8
0
100
AcDbCircle
 10
203.3084299932641
 20
369.8885591380793
 30
0.0
 40
1.000000000000011
100
AcDbArc
 50
214.9999999999978
 51
34.99999999999783
  0
LINE
  5
C86
330
1F
100
AcDbEntity
  8
0
100
AcDbLine
 10
204.1275820375531
 20
370.4621355744304
 30
0.0
 11
206.0675052878717
 21
381.4639871405173
 31
0.0
  0
ARC
  5
C87
330
1F
100
AcDbEntity
  8
0
100
AcDbCircle
 10
205.4939288726628
 20
382.2831391996102
 30
0.0
 40
0.9999999999999598
100
AcDbArc
 50
304.9999985212149
 51
124.9999999999928
  0
LINE
  5
C88
330
1F
100
AcDbEntity
  8
0
100
AcDbLine
 10
204.9203524363119
 20
383.1022912438992
 30
0.0
 11
203.1743884747184
 21
383.410116723696
 31
0.0
  0
ARC
  5
C89
330
1F
100
AcDbEntity
  8
0
100
AcDbCircle
 10
202.3552364304293
 20
382.8365402873449
 30
0.0
 40
1.000000000000021
100
AcDbArc
 50
35.00000000000073
 51
215.0000000000007
  0
LINE
  5
C8A
330
1F
100
AcDbEntity
  8
0
100
AcDbLine
 10
201.5360843861402
 20
382.2629638509939
 30
0.0
 11
199.5961611419735
 21
371.2611122892146
 31
0.0
  0
ARC
  5
C8B
330
1F
100
AcDbEntity
  8
0
100
AcDbCircle
 10
200.1697375510305
 20
370.4419602258141
 30
0.0
 40
1.000000000000009
100
AcDbArc
 50
124.999998090904
 51
304.9999999999997
  0
LINE
  5
C8C
330
1F
100
AcDbEntity
  8
0
100
AcDbLine
 10
225.993407580986
 20
402.343218259251
 30
0.0
 11
224.4506263870206
 21
402.0711912318119
 31
0.0
  0
ARC
  5
C8D
330
1F
100
AcDbEntity
  8
0
100
AcDbCircle
 10
223.8770499334075
 20
401.2520391996101
 30
0.0
 40
0.9999999999999378
100
AcDbArc
 50
54.99999879258857
 51
235.0000000000068
  0
LINE
  5
C8E
330
1F
100
AcDbEntity
  8
0
100
AcDbLine
 10
223.3034734970565
 20
400.4328871553211
 30
0.0
 11
225.2433967833213
 21
389.4310355955722
 31
0.0
  0
ARC
  5
C8F
330
1F
100
AcDbEntity
  8
0
100
AcDbCircle
 10
226.0625488128066
 20
388.8574591380793
 30
0.0
 40
0.9999999999999998
100
AcDbArc
 50
144.9999985212214
 51
325.0000000000022
  0
LINE
  5
C90
330
1F
100
AcDbEntity
  8
0
100
AcDbLine
 10
226.8817008570955
 20
388.2838827017283
 30
0.0
 11
228.4244820510605
 21
388.5559097291674
 31
0.0
  0
ARC
  5
C91
330
1F
100
AcDbEntity
  8
0
100
AcDbCircle
 10
228.998058504674
 20
389.3750617613691
 30
0.0
 40
0.9999999999999728
100
AcDbArc
 50
234.999998792581
 51
54.99999999999744
  0
LINE
  5
C92
330
1F
100
AcDbEntity
  8
0
100
AcDbLine
 10
229.5716349410251
 20
390.1942138056581
 30
0.0
 11
227.6317116574766
 21
401.1960653692865
 31
0.0
  0
ARC
  5
C93
330
1F
100
AcDbEntity
  8
0
100
AcDbCircle
 10
226.8125596252748
 20
401.7696418228999
 30
0.0
 40
0.999999999999996
100
AcDbArc
 50
324.9999987925781
 51
144.9999999999985
  0
ARC
  5
CAA
330
1F
100
AcDbEntity
  8
0
100
AcDbCircle
 10
101.439089454477
 20
375.5528918271576
 30
0.0
 40
1.0
100
AcDbArc
 50
89.97785700307142
 51
90.02214299692859
  0
LWPOLYLINE
  5
CB4
330
1F
100
AcDbEntity
  8
0
100
AcDbPolyline
 90
        8
 70
     1
 43
0.0
 10
236.1929280450968
 20
351.2379881651062
 10
247.1947796048457
 20
353.1779114513711
 42
1.000000012904781
 10
248.3419324986896
 20
354.8162155251454
 10
246.4020092081169
 20
365.818067078742
 42
1.000000016660004
 10
244.7637051386506
 20
366.9652199787382
 10
233.7618535577597
 20
365.0252967072772
 42
1.0
 10
232.6147006850576
 20
363.3869926186991
 10
234.5546239713225
 20
352.3851410589502
 42
1.000000012904781
  0
LWPOLYLINE
  5
CB5
330
1F
100
AcDbEntity
  8
0
100
AcDbPolyline
 90
        8
 70
     1
 43
0.0
 10
288.8965006850577
 20
373.3109926186991
 10
290.8364239686059
 20
362.3091410550705
 42
1.000000010536712
 10
292.4747280450968
 20
361.1619881651062
 10
303.4765795986934
 20
363.1019114556789
 42
1.000000016660004
 10
304.6237324986899
 20
364.7402155251452
 10
302.6838092124247
 20
375.7420670848942
 42
1.000000012904781
 10
301.0455051386507
 20
376.8892199787381
 10
290.0436535577597
 20
374.9492967072772
 42
1.0
  0
LWPOLYLINE
  5
CB6
330
1F
100
AcDbEntity
  8
0
100
AcDbPolyline
 90
        8
 70
     1
 43
0.0
 10
273.7141280450967
 20
357.8539881651061
 10
284.7159796087254
 20
359.7939114486544
 42
1.000000010536712
 10
285.8631324986896
 20
361.4322155251453
 10
283.9232092151412
 20
372.4340670887738
 42
1.000000010536712
 10
282.2849051386505
 20
373.5812199787381
 10
271.2830535577599
 20
371.641296707277
 42
1.0
 10
270.1359006850576
 20
370.0029926186991
 10
272.0758239713226
 20
359.0011410589501
 42
1.000000012904781
  0
LWPOLYLINE
  5
CB7
330
1F
100
AcDbEntity
  8
0
100
AcDbPolyline
 90
        8
 70
     1
 43
0.0
 10
267.1025324986897
 20
358.1242155251453
 10
265.1626092081169
 20
369.1260670787419
 42
1.000000016660004
 10
263.5243051386506
 20
370.2732199787381
 10
252.5224535577597
 20
368.333296707277
 42
1.0
 10
251.3753006850578
 20
366.6949926186991
 10
253.3152239686061
 20
355.6931410550705
 42
1.000000010536712
 10
254.9535280450968
 20
354.5459881651062
 10
265.9553796087252
 20
356.4859114486545
 42
1.000000010536712
  0
ARC
  5
CB9
330
1F
100
AcDbEntity
  8
0
100
AcDbCircle
 10
53.1153393507685
 20
335.4289986085439
 30
0.0
 40
1.5
100
AcDbArc
 50
90.0
 51
180.0
  0
ARC
  5
CBB
330
1F
100
AcDbEntity
  8
0
100
AcDbCircle
 10
57.1153393507685
 20
324.1289986085439
 30
0.0
 40
1.5
100
AcDbArc
 50
270.0
 51
0.0
  0
ARC
  5
CBC
330
1F
100
AcDbEntity
  8
0
100
AcDbCircle
 10
57.1153393507685
 20
335.4289986085439
 30
0.0
 40
1.5
100
AcDbArc
 50
0.0
 51
90.0
  0
ARC
  5
CBE
330
1F
100
AcDbEntity
  8
0
100
AcDbCircle
 10
53.11533935076851
 20
324.1289986085439
 30
0.0
 40
1.5
100
AcDbArc
 50
180.0
 51
270.0
  0
ARC
  5
CC0
330
1F
100
AcDbEntity
  8
0
100
AcDbCircle
 10
365.7339961319552
 20
418.8000194555914
 30
0.0
 40
1.5
100
AcDbArc
 50
270.0
 51
309.9445051898176
  0
ARC
  5
CC1
330
1F
100
AcDbEntity
  8
0
100
AcDbCircle
 10
367.660132160381
 20
416.5000194555916
 30
0.0
 40
1.5
100
AcDbArc
 50
90.0
 51
129.9445051898177
  0
ARC
  5
CC2
330
1F
100
AcDbEntity
  8
0
100
AcDbCircle
 10
339.1586364146351
 20
418.8000194555915
 30
0.0
 40
1.5
100
AcDbArc
 50
230.0554948101839
 51
270.0
  0
ARC
  5
CC3
330
1F
100
AcDbEntity
  8
0
100
AcDbCircle
 10
337.2325003862093
 20
416.5000194555916
 30
0.0
 40
1.5
100
AcDbArc
 50
50.05549481018428
 51
90.0
  0
LINE
  5
CCC
330
1F
100
AcDbEntity
  8
0
100
AcDbLine
 10
210.9271513968142
 20
353.5017520548362
 30
0.0
 11
203.2732629698443
 21
310.0943943049
 31
0.0
  0
LINE
  5
CCE
330
1F
100
AcDbEntity
  8
0
100
AcDbLine
 10
220.5702273561527
 20
353.5017520548359
 30
0.0
 11
228.2241142578782
 21
310.0944029549897
 31
0.0
  0
ARC
  5
CCF
330
1F
100
AcDbEntity
  8
0
100
AcDbCircle
 10
228.4486893773206
 20
354.890937492787
 30
0.0
 40
8.0
100
AcDbArc
 50
180.0
 51
190.0000001208344
  0
LINE
  5
D01
330
1F
100
AcDbEntity
  8
0
  6
Continuous
 62
    51
420
 16249473
100
AcDbLine
 10
382.7644393419902
 20
362.7599986067344
 30
0.0
 11
382.7644393252324
 21
374.2599985981176
 31
0.0
  0
ARC
  5
D02
330
1F
100
AcDbEntity
  8
0
  6
Continuous
 62
    51
420
 16249473
100
AcDbCircle
 10
382.2644393252326
 20
374.259998597389
 30
0.0
 40
0.5
100
AcDbArc
 50
0.0000000834935806
 51
90.00000008349356
  0
ARC
  5
D03
330
1F
100
AcDbEntity
  8
0
  6
Continuous
 62
    51
420
 16249473
100
AcDbCircle
 10
382.2644393419902
 20
362.7599986060058
 30
0.0
 40
0.5
100
AcDbArc
 50
270.0000000834936
 51
0.0000000834935806
  0
LINE
  5
D04
330
1F
100
AcDbEntity
  8
0
  6
Continuous
 62
    51
420
 16249473
100
AcDbLine
 10
382.2644393245038
 20
374.759998597389
 30
0.0
 11
375.0284591962889
 21
374.7599985868449
 31
0.0
  0
LINE
  5
D05
330
1F
100
AcDbEntity
  8
0
  6
Continuous
 62
    51
420
 16249473
100
AcDbLine
 10
380.7644123499515
 20
362.25999860382
 30
0.0
 11
382.2644393427187
 21
362.2599986060058
 31
0.0
  0
LINE
  5
D06
330
1F
100
AcDbEntity
  8
0
  6
Continuous
 62
    51
420
 16249473
100
AcDbLine
 10
378.7643932652525
 20
360.759998592653
 30
0.0
 11
379.7644314385443
 21
360.7599985933817
 31
0.0
  0
ARC
  5
D07
330
1F
100
AcDbEntity
  8
0
  6
Continuous
 62
    51
420
 16249473
100
AcDbCircle
 10
378.7644123514086
 20
361.2599985922888
 30
0.0
 40
0.5
100
AcDbArc
 50
180.0000000834936
 51
270.0000000834936
  0
LINE
  5
D08
330
1F
100
AcDbEntity
  8
0
  6
Continuous
 62
    51
420
 16249473
100
AcDbLine
 10
378.2644123506802
 20
361.7599986001772
 30
0.0
 11
378.2644123514087
 21
361.2599985915601
 31
0.0
  0
ARC
  5
D09
330
1F
100
AcDbEntity
  8
0
  6
Continuous
 62
    51
420
 16249473
100
AcDbCircle
 10
377.7644123506802
 20
361.7599985994484
 30
0.0
 40
0.5
100
AcDbArc
 50
0.0000000834935806
 51
90.00000008349356
  0
LINE
  5
D0A
330
1F
100
AcDbEntity
  8
0
  6
Continuous
 62
    51
420
 16249473
100
AcDbLine
 10
380.2644123506802
 20
361.7599986030914
 30
0.0
 11
380.2644123514087
 21
361.259998593746
 31
0.0
  0
ARC
  5
D0B
330
1F
100
AcDbEntity
  8
0
  6
Continuous
 62
    51
420
 16249473
100
AcDbCircle
 10
379.7644123514087
 20
361.2599985930174
 30
0.0
 40
0.5
100
AcDbArc
 50
270.0000000834936
 51
0.0000000834903237
  0
ARC
  5
D0C
330
1F
100
AcDbEntity
  8
0
  6
Continuous
 62
    51
420
 16249473
100
AcDbCircle
 10
380.7644123506802
 20
361.7599986038201
 30
0.0
 40
0.5
100
AcDbArc
 50
90.00000008349356
 51
180.0000000834936
  0
LINE
  5
D0D
330
1F
100
AcDbEntity
  8
0
  6
Continuous
 62
    51
420
 16249473
100
AcDbLine
 10
78.92653934294829
 20
341.7099986062544
 30
0.0
 11
77.9265393429484
 21
341.7099986083634
 31
0.0
  0
LINE
  5
D0E
330
1F
100
AcDbEntity
  8
Visible_Pen_No__7
  6
Continuous
 62
    51
420
 16249473
370
    18
100
AcDbLine
 10
109.4327893565448
 20
355.7957850230315
 30
0.0
 11
109.4327893565448
 21
344.624212179156
 31
0.0
  0
LINE
  5
D0F
330
1F
100
AcDbEntity
  8
Visible_Pen_No__7
  6
Continuous
 62
    51
420
 16249473
370
    18
100
AcDbLine
 10
73.79985434294765
 20
344.6242121948445
 30
0.0
 11
73.79985434294765
 21
355.7957850387201
 31
0.0
  0
LINE
  5
D10
330
1F
100
AcDbEntity
  8
0
 62
    51
420
 16249473
100
AcDbLine
 10
75.21406789910532
 20
357.2099986073086
 30
0.0
 11
108.0185757792705
 21
357.2099985705035
 31
0.0
  0
LINE
  5
D11
330
1F
100
AcDbEntity
  8
0
 62
    51
420
 16249473
100
AcDbLine
 10
103.9265393459302
 20
343.2099986136357
 30
0.0
 11
108.0185758090725
 21
343.2099986018819
 31
0.0
  0
LINE
  5
D12
330
1F
100
AcDbEntity
  8
0
 62
    51
420
 16249473
100
AcDbLine
 10
79.92653933891083
 20
343.2099986073088
 30
0.0
 11
100.92653934593
 21
343.2099986073088
 31
0.0
  0
LINE
  5
D13
330
1F
100
AcDbEntity
  8
0
 62
    51
420
 16249473
100
AcDbLine
 10
75.21406788015821
 20
343.2099986073087
 30
0.0
 11
76.92653933996556
 21
343.2099986136357
 31
0.0
  0
ARC
  5
D14
330
1F
100
AcDbEntity
  8
0
 62
    51
420
 16249473
100
AcDbCircle
 10
108.7256825753582
 20
356.5028918042182
 30
0.0
 40
1.000000000000035
100
AcDbArc
 50
315.0
 51
135.000001207418
  0
ARC
  5
D15
330
1F
100
AcDbEntity
  8
0
 62
    51
420
 16249473
100
AcDbCircle
 10
108.7256825902592
 20
343.9171053830684
 30
0.0
 40
1.000000000000077
100
AcDbArc
 50
224.9999999999911
 51
45.0
  0
ARC
  5
D16
330
1F
100
AcDbEntity
  8
0
 62
    51
420
 16249473
100
AcDbCircle
 10
74.50696112413424
 20
356.5028918199066
 30
0.0
 40
1.000000000000035
100
AcDbArc
 50
44.99999879258172
 51
225.0000000000003
  0
ARC
  5
D17
330
1F
100
AcDbEntity
  8
0
 62
    51
420
 16249473
100
AcDbCircle
 10
74.50696110923326
 20
343.9171053987569
 30
0.0
 40
1.000000000000077
100
AcDbArc
 50
134.9999999999997
 51
315.0000000000092
  0
ARC
  5
D18
330
1F
100
AcDbEntity
  8
0
  6
Continuous
 62
    51
420
 16249473
100
AcDbCircle
 10
78.92653933785638
 20
342.2099986008008
 30
0.0
 40
0.5
100
AcDbArc
 50
269.9999998791629
 51
359.9999998791597
  0
LINE
  5
D19
330
1F
100
AcDbEntity
  8
0
  6
Continuous
 62
    51
420
 16249473
100
AcDbLine
 10
79.42653933891083
 20
342.7099986083633
 30
0.0
 11
79.42653933785638
 21
342.2099985997463
 31
0.0
  0
ARC
  5
D1A
330
1F
100
AcDbEntity
  8
0
  6
Continuous
 62
    51
420
 16249473
100
AcDbCircle
 10
79.92653933891083
 20
342.7099986073088
 30
0.0
 40
0.5
100
AcDbArc
 50
89.99999987916295
 51
179.9999998791596
  0
LINE
  5
D1B
330
1F
100
AcDbEntity
  8
0
  6
Continuous
 62
    51
420
 16249473
100
AcDbLine
 10
77.42653933891083
 20
342.7099986125812
 30
0.0
 11
77.42653933785638
 21
342.2099986039643
 31
0.0
  0
ARC
  5
D1C
330
1F
100
AcDbEntity
  8
0
  6
Continuous
 62
    51
420
 16249473
100
AcDbCircle
 10
77.92653933785638
 20
342.2099986029098
 30
0.0
 40
0.5
100
AcDbArc
 50
179.9999998791629
 51
269.9999998791629
  0
ARC
  5
D1D
330
1F
100
AcDbEntity
  8
0
  6
Continuous
 62
    51
420
 16249473
100
AcDbCircle
 10
76.92653933891104
 20
342.7099986136357
 30
0.0
 40
0.5
100
AcDbArc
 50
359.9999998791629
 51
89.99999987916295
  0
LINE
  5
D1E
330
1F
100
AcDbEntity
  8
0
  6
Continuous
 62
    51
420
 16249473
100
AcDbLine
 10
101.9265393490936
 20
341.7099986008008
 30
0.0
 11
102.9265393490935
 21
341.7099986029098
 31
0.0
  0
ARC
  5
D1F
330
1F
100
AcDbEntity
  8
0
  6
Continuous
 62
    51
420
 16249473
100
AcDbCircle
 10
101.926539348039
 20
342.2099986008007
 30
0.0
 40
0.5
100
AcDbArc
 50
180.0000001208369
 51
270.000000120837
  0
LINE
  5
D20
330
1F
100
AcDbEntity
  8
0
  6
Continuous
 62
    51
420
 16249473
100
AcDbLine
 10
101.4265393469846
 20
342.7099986083633
 30
0.0
 11
101.426539348039
 21
342.2099985997463
 31
0.0
  0
ARC
  5
D21
330
1F
100
AcDbEntity
  8
0
  6
Continuous
 62
    51
420
 16249473
100
AcDbCircle
 10
100.9265393469846
 20
342.7099986073088
 30
0.0
 40
0.5
100
AcDbArc
 50
0.0000001208370583
 51
90.00000012083706
  0
LINE
  5
D22
330
1F
100
AcDbEntity
  8
0
  6
Continuous
 62
    51
420
 16249473
100
AcDbLine
 10
103.4265393469847
 20
342.7099986125812
 30
0.0
 11
103.4265393480394
 21
342.2099986039643
 31
0.0
  0
ARC
  5
D23
330
1F
100
AcDbEntity
  8
0
  6
Continuous
 62
    51
420
 16249473
100
AcDbCircle
 10
102.9265393480391
 20
342.2099986029098
 30
0.0
 40
0.5
100
AcDbArc
 50
270.000000120837
 51
0.0000001208370583
  0
ARC
  5
D24
330
1F
100
AcDbEntity
  8
0
  6
Continuous
 62
    51
420
 16249473
100
AcDbCircle
 10
103.9265393469847
 20
342.7099986136357
 30
0.0
 40
0.5
100
AcDbArc
 50
90.00000012083706
 51
180.0000001208338
  0
LINE
  5
D2C
330
1F
100
AcDbEntity
  8
0
100
AcDbLine
 10
339.1586364146351
 20
417.3000194555915
 30
0.0
 11
365.7339961319552
 21
417.3000194555915
 31
0.0
  0
ARC
  5
D38
330
1F
100
AcDbEntity
  8
0
100
AcDbCircle
 10
338.6394893507687
 20
320.5599986138121
 30
0.0
 40
1.5
100
AcDbArc
 50
90.0
 51
129.9445051898159
  0
ARC
  5
D39
330
1F
100
AcDbEntity
  8
0
100
AcDbCircle
 10
336.7133533223428
 20
322.859998613812
 30
0.0
 40
1.5
100
AcDbArc
 50
270.0
 51
309.9445051898162
  0
ARC
  5
D3A
330
1F
100
AcDbEntity
  8
0
100
AcDbCircle
 10
368.0152961195054
 20
320.5599986138121
 30
0.0
 40
1.5
100
AcDbArc
 50
50.0554948101842
 51
90.0
  0
ARC
  5
D3B
330
1F
100
AcDbEntity
  8
0
100
AcDbCircle
 10
369.9414321479312
 20
322.859998613812
 30
0.0
 40
1.5
100
AcDbArc
 50
230.0554948101841
 51
270.0
  0
LINE
  5
D3E
330
1F
100
AcDbEntity
  8
0
100
AcDbLine
 10
338.6394893507687
 20
322.0599986138122
 30
0.0
 11
368.0152961195054
 21
322.0599986138122
 31
0.0
  0
LINE
  5
D55
330
1F
100
AcDbEntity
  8
0
100
AcDbLine
 10
129.0245841605841
 20
321.3599986138119
 30
0.0
 11
94.78402543062401
 21
321.3599986138119
 31
0.0
  0
LINE
  5
D68
330
1F
100
AcDbEntity
  8
0
100
AcDbLine
 10
94.24761326329944
 20
417.9999200910347
 30
0.0
 11
132.6769570747716
 21
418.0000194555905
 31
0.0
  0
LINE
  5
D72
330
1F
100
AcDbEntity
  8
0
100
AcDbLine
 10
369.9414321479312
 20
321.3599986138121
 30
0.0
 11
383.251989358219
 21
321.3599986138121
 31
0.0
  0
LINE
  5
D73
330
1F
100
AcDbEntity
  8
0
100
AcDbLine
 10
302.4727448953334
 20
321.3599986138122
 30
0.0
 11
336.7133533223428
 21
321.3599986138122
 31
0.0
  0
LINE
  5
D74
330
1F
100
AcDbEntity
  8
0
100
AcDbLine
 10
367.660132160381
 20
418.0000194555916
 30
0.0
 11
383.2519893582189
 21
418.0000194555916
 31
0.0
  0
ARC
  5
EBA
330
1F
100
AcDbEntity
  8
0
100
AcDbCircle
 10
134.5943649094912
 20
414.7355972342749
 30
0.0
 40
1.25
100
AcDbArc
 50
355.0000000000002
 51
175.0000000000067
  0
LINE
  5
EBB
330
1F
100
AcDbEntity
  8
0
100
AcDbLine
 10
133.3491215368765
 20
414.8445419127096
 30
0.0
 11
133.2987571041967
 21
408.5320171692016
 31
0.0
  0
LINE
  5
EBC
330
1F
100
AcDbEntity
  8
0
100
AcDbLine
 10
135.8396082821059
 20
414.6266525558403
 30
0.0
 11
134.7930491495159
 21
408.4012835552393
 31
0.0
  0
ARC
  5
EBD
330
1F
100
AcDbEntity
  8
0
100
AcDbCircle
 10
133.5628081502933
 20
402.944849512905
 30
0.0
 40
0.7499999990872796
100
AcDbArc
 50
175.0000000000002
 51
355.0000000000002
  0
LINE
  5
EBE
330
1F
100
AcDbEntity
  8
0
100
AcDbLine
 10
133.2987571041967
 20
408.5320171692016
 30
0.0
 11
132.8156621276338
 21
403.0102163198862
 31
0.0
  0
LINE
  5
EBF
330
1F
100
AcDbEntity
  8
0
100
AcDbLine
 10
134.7930491495159
 20
408.4012835552393
 30
0.0
 11
134.309954172953
 21
402.8794827059238
 31
0.0
  0
ARC
  5
EFA
330
1F
100
AcDbEntity
  8
0
100
AcDbCircle
 10
122.8303408628346
 20
397.4660397382602
 30
0.0
 40
1.25
100
AcDbArc
 50
355.0000000000002
 51
175.0000000000067
  0
LINE
  5
EFC
330
1F
100
AcDbEntity
  8
0
100
AcDbLine
 10
124.0755842354493
 20
397.3570950598256
 30
0.0
 11
123.0290251028593
 21
391.1317260592245
 31
0.0
  0
LINE
  5
EFE
330
1F
100
AcDbEntity
  8
0
100
AcDbLine
 10
121.5347330575401
 20
391.2624596731868
 30
0.0
 11
121.0516380809771
 21
385.7406588238715
 31
0.0
  0
LINE
  5
EFF
330
1F
100
AcDbEntity
  8
0
100
AcDbLine
 10
123.0290251028593
 20
391.1317260592245
 30
0.0
 11
122.5459301262963
 21
385.609925209909
 31
0.0
  0
LINE
  5
F02
330
1F
100
AcDbEntity
  8
0
100
AcDbLine
 10
123.9295654960381
 20
377.817748675598
 30
0.0
 11
123.8792010633583
 21
371.5052239320901
 31
0.0
  0
LINE
  5
F03
330
1F
100
AcDbEntity
  8
0
100
AcDbLine
 10
126.4200522412675
 20
377.5998593187289
 30
0.0
 11
125.3734931086775
 21
371.3744903181277
 31
0.0
  0
LINE
  5
F05
330
1F
100
AcDbEntity
  8
0
100
AcDbLine
 10
123.8792010633583
 20
371.5052239320901
 30
0.0
 11
123.3961060867953
 21
365.9834230827747
 31
0.0
  0
LINE
  5
F06
330
1F
100
AcDbEntity
  8
0
100
AcDbLine
 10
125.3734931086775
 20
371.3744903181277
 30
0.0
 11
124.8903981321145
 21
365.8526894688122
 31
0.0
  0
ARC
  5
F08
330
1F
100
AcDbEntity
  8
0
100
AcDbCircle
 10
132.3550158628345
 20
357.09883973826
 30
0.0
 40
1.25
100
AcDbArc
 50
355.0000000000002
 51
175.0000000000067
  0
LINE
  5
F0C
330
1F
100
AcDbEntity
  8
0
100
AcDbLine
 10
131.05940805754
 20
350.8952596731867
 30
0.0
 11
130.5763130809771
 21
345.3734588238713
 31
0.0
  0
LINE
  5
F0D
330
1F
100
AcDbEntity
  8
0
100
AcDbLine
 10
132.5537001028592
 20
350.7645260592243
 30
0.0
 11
132.0706051262962
 21
345.2427252099089
 31
0.0
  0
ARC
  5
F65
330
1F
100
AcDbEntity
  8
0
100
AcDbCircle
 10
306.3353115945667
 20
416.396845697507
 30
0.0
 40
1.25
100
AcDbArc
 50
4.999999999993455
 51
185.0
  0
LINE
  5
F66
330
1F
100
AcDbEntity
  8
0
100
AcDbLine
 10
307.5805549671813
 20
416.5057903759416
 30
0.0
 11
307.6309193998612
 21
410.1932656324335
 31
0.0
  0
LINE
  5
F67
330
1F
100
AcDbEntity
  8
0
100
AcDbLine
 10
305.090068221952
 20
416.2879010190724
 30
0.0
 11
306.1366273545421
 21
410.0625320184713
 31
0.0
  0
ARC
  5
F68
330
1F
100
AcDbEntity
  8
0
100
AcDbCircle
 10
307.3668683537643
 20
404.6060979761368
 30
0.0
 40
0.7499999990872796
100
AcDbArc
 50
184.9999999999999
 51
4.999999999999998
  0
LINE
  5
F69
330
1F
100
AcDbEntity
  8
0
100
AcDbLine
 10
307.6309193998612
 20
410.1932656324335
 30
0.0
 11
308.1140143764242
 21
404.6714647831181
 31
0.0
  0
LINE
  5
F6A
330
1F
100
AcDbEntity
  8
0
100
AcDbLine
 10
306.1366273545421
 20
410.0625320184713
 30
0.0
 11
306.6197223311051
 21
404.5407311691556
 31
0.0
  0
ARC
  5
F6C
330
1F
100
AcDbEntity
  8
0
100
AcDbCircle
 10
299.1749663354698
 20
395.790448908369
 30
0.0
 40
1.25
100
AcDbArc
 50
4.999999999993659
 51
184.9999999999998
  0
LINE
  5
F70
330
1F
100
AcDbEntity
  8
0
100
AcDbLine
 10
300.4705741407643
 20
389.5868688432957
 30
0.0
 11
300.9536691173271
 21
384.06506799398
 31
0.0
  0
LINE
  5
F71
330
1F
100
AcDbEntity
  8
0
100
AcDbLine
 10
298.9762820954451
 20
389.4561352293334
 30
0.0
 11
299.459377072008
 21
383.9343343800177
 31
0.0
  0
ARC
  5
F73
330
1F
100
AcDbEntity
  8
0
100
AcDbCircle
 10
306.3400974246882
 20
377.7099813901946
 30
0.0
 40
1.25
100
AcDbArc
 50
4.999999999993659
 51
184.9999999999998
  0
LINE
  5
F74
330
1F
100
AcDbEntity
  8
0
100
AcDbLine
 10
307.5853407973029
 20
377.8189260686291
 30
0.0
 11
307.6357052299827
 21
371.5064013251212
 31
0.0
  0
LINE
  5
F75
330
1F
100
AcDbEntity
  8
0
100
AcDbLine
 10
305.0948540520735
 20
377.60103671176
 30
0.0
 11
306.1414131846635
 21
371.3756677111588
 31
0.0
  0
ARC
  5
F76
330
1F
100
AcDbEntity
  8
0
100
AcDbCircle
 10
307.3716541838863
 20
365.9192336688245
 30
0.0
 40
0.7499999990872796
100
AcDbArc
 50
184.9999999999998
 51
4.999999999999793
  0
LINE
  5
F77
330
1F
100
AcDbEntity
  8
0
100
AcDbLine
 10
307.6357052299827
 20
371.5064013251212
 30
0.0
 11
308.1188002065456
 21
365.9846004758057
 31
0.0
  0
LINE
  5
F78
330
1F
100
AcDbEntity
  8
0
100
AcDbLine
 10
306.1414131846635
 20
371.3756677111588
 30
0.0
 11
306.6245081612265
 21
365.8538668618433
 31
0.0
  0
LINE
  5
F7B
330
1F
100
AcDbEntity
  8
0
100
AcDbLine
 10
300.4100577856123
 20
357.2098300685935
 30
0.0
 11
300.4604222182921
 21
350.8973053250856
 31
0.0
  0
LINE
  5
F7E
330
1F
100
AcDbEntity
  8
0
100
AcDbLine
 10
300.4604222182921
 20
350.8973053250856
 30
0.0
 11
300.943517194855
 21
345.3755044757701
 31
0.0
  0
LINE
  5
F7F
330
1F
100
AcDbEntity
  8
0
100
AcDbLine
 10
298.9661301729729
 20
350.7665717111232
 30
0.0
 11
299.4492251495359
 21
345.2447708618077
 31
0.0
  0
ARC
  5
F88
330
1F
100
AcDbEntity
  8
0
100
AcDbCircle
 10
65.76338262101166
 20
418.8000194555914
 30
0.0
 40
1.5
100
AcDbArc
 50
230.0554948101837
 51
270.0
  0
ARC
  5
F89
330
1F
100
AcDbEntity
  8
0
100
AcDbCircle
 10
63.83724659258581
 20
416.5000194555916
 30
0.0
 40
1.5
100
AcDbArc
 50
50.05549481018114
 51
90.0
  0
ARC
  5
F8A
330
1F
100
AcDbEntity
  8
0
100
AcDbCircle
 10
92.33874233833171
 20
418.8000194555915
 30
0.0
 40
1.5
100
AcDbArc
 50
270.0
 51
309.9445051898157
  0
ARC
  5
F8B
330
1F
100
AcDbEntity
  8
0
100
AcDbCircle
 10
94.26487836675757
 20
416.5000194555916
 30
0.0
 40
1.5
100
AcDbArc
 50
90.0
 51
129.9445051898155
  0
LINE
  5
F8C
330
1F
100
AcDbEntity
  8
0
100
AcDbLine
 10
92.33874233833171
 20
417.3000194555915
 30
0.0
 11
65.76338262101166
 21
417.3000194555915
 31
0.0
  0
ARC
  5
F8D
330
1F
100
AcDbEntity
  8
0
100
AcDbCircle
 10
92.85788940219816
 20
320.5599986138121
 30
0.0
 40
1.5
100
AcDbArc
 50
50.05549481018437
 51
90.0
  0
ARC
  5
F8E
330
1F
100
AcDbEntity
  8
0
100
AcDbCircle
 10
94.78402543062401
 20
322.8599986138119
 30
0.0
 40
1.5
100
AcDbArc
 50
230.0554948101843
 51
270.0
  0
ARC
  5
F8F
330
1F
100
AcDbEntity
  8
0
100
AcDbCircle
 10
63.48208263346146
 20
320.5599986138121
 30
0.0
 40
1.5
100
AcDbArc
 50
90.0
 51
129.9445051898156
  0
ARC
  5
F90
330
1F
100
AcDbEntity
  8
0
100
AcDbCircle
 10
61.5559466050356
 20
322.859998613812
 30
0.0
 40
1.5
100
AcDbArc
 50
270.0
 51
309.9445051898156
  0
LINE
  5
F91
330
1F
100
AcDbEntity
  8
0
100
AcDbLine
 10
92.85788940219816
 20
322.0599986138121
 30
0.0
 11
63.48208263346146
 21
322.0599986138121
 31
0.0
  0
LINE
  5
F92
330
1F
100
AcDbEntity
  8
0
100
AcDbLine
 10
63.83724659258581
 20
418.0000194555916
 30
0.0
 11
48.24538939474724
 21
418.0000194555916
 31
0.0
  0
LINE
  5
F93
330
1F
100
AcDbEntity
  8
0
100
AcDbLine
 10
61.5559466050356
 20
321.3599986138121
 30
0.0
 11
48.24538939474803
 21
321.3599986138121
 31
0.0
  0
ARC
  5
F9B
330
1F
100
AcDbEntity
  8
0
100
AcDbCircle
 10
66.61413927398874
 20
375.8028918538759
 30
0.0
 40
0.7499999981746086
100
AcDbArc
 50
0.0
 51
180.0
  0
ARC
  5
FA4
330
1F
100
AcDbEntity
  8
0
100
AcDbCircle
 10
66.6141392739887
 20
362.7171053890374
 30
0.0
 40
0.7499999981746086
100
AcDbArc
 50
180.0
 51
0.0
  0
ARC
  5
FB1
330
1F
100
AcDbEntity
  8
0
100
AcDbCircle
 10
64.23283927398871
 20
356.7528918538759
 30
0.0
 40
0.7499999981746086
100
AcDbArc
 50
0.0
 51
180.0
  0
ARC
  5
FB2
330
1F
100
AcDbEntity
  8
0
100
AcDbCircle
 10
64.23283927398867
 20
343.6671053890374
 30
0.0
 40
0.7499999981746086
100
AcDbArc
 50
180.0
 51
0.0
  0
ARC
  5
FB5
330
1F
100
AcDbEntity
  8
0
100
AcDbCircle
 10
64.23283927398871
 20
337.7028918299473
 30
0.0
 40
0.7499999981746086
100
AcDbArc
 50
0.0
 51
180.0
  0
ARC
  5
FB6
330
1F
100
AcDbEntity
  8
0
100
AcDbCircle
 10
64.23283927398867
 20
324.6171053651088
 30
0.0
 40
0.7499999981746086
100
AcDbArc
 50
180.0
 51
0.0
  0
ARC
  5
FB9
330
1F
100
AcDbEntity
  8
0
100
AcDbCircle
 10
90.4265893457534
 20
337.7028918353768
 30
0.0
 40
0.7499999981746086
100
AcDbArc
 50
0.0
 51
180.0
  0
ARC
  5
FBA
330
1F
100
AcDbEntity
  8
0
100
AcDbCircle
 10
90.42658934575337
 20
324.6171053705384
 30
0.0
 40
0.7499999981746086
100
AcDbArc
 50
180.0
 51
0.0
  0
ARC
  5
FBD
330
1F
100
AcDbEntity
  8
0
100
AcDbCircle
 10
113.55043942819
 20
337.7028918299473
 30
0.0
 40
0.7499999981746086
100
AcDbArc
 50
0.0
 51
180.0
  0
ARC
  5
FBE
330
1F
100
AcDbEntity
  8
0
100
AcDbCircle
 10
113.5504394281899
 20
324.6171053651088
 30
0.0
 40
0.7499999981746086
100
AcDbArc
 50
180.0
 51
0.0
  0
ARC
  5
FC1
330
1F
100
AcDbEntity
  8
0
100
AcDbCircle
 10
101.439089454477
 20
375.8028918538759
 30
0.0
 40
0.7499999981746086
100
AcDbArc
 50
0.0
 51
180.0
  0
ARC
  5
FC2
330
1F
100
AcDbEntity
  8
0
100
AcDbCircle
 10
101.4390894544769
 20
362.7171053890374
 30
0.0
 40
0.7499999981746086
100
AcDbArc
 50
180.0
 51
0.0
  0
ARC
  5
FC5
330
1F
100
AcDbEntity
  8
0
100
AcDbCircle
 10
99.05788945280242
 20
394.8528918306575
 30
0.0
 40
0.7499999981746086
100
AcDbArc
 50
0.0
 51
180.0
  0
ARC
  5
FC6
330
1F
100
AcDbEntity
  8
0
100
AcDbCircle
 10
99.05788945280235
 20
381.767105365819
 30
0.0
 40
0.7499999981746086
100
AcDbArc
 50
180.0
 51
0.0
  0
LINE
  5
FC8
330
1F
100
AcDbEntity
  8
0
100
AcDbLine
 10
98.3078894546278
 20
394.8528918306575
 30
0.0
 11
98.3078894546278
 21
381.767105365819
 31
0.0
  0
ARC
  5
FC9
330
1F
100
AcDbEntity
  8
0
100
AcDbCircle
 10
77.03288926028719
 20
394.8528918306575
 30
0.0
 40
0.7499999981746086
100
AcDbArc
 50
0.0
 51
180.0
  0
ARC
  5
FCA
330
1F
100
AcDbEntity
  8
0
100
AcDbCircle
 10
77.03288926028716
 20
381.767105365819
 30
0.0
 40
0.7499999981746086
100
AcDbArc
 50
180.0
 51
0.0
  0
ARC
  5
FCD
330
1F
100
AcDbEntity
  8
0
100
AcDbCircle
 10
68.99543927398871
 20
394.8528918538759
 30
0.0
 40
0.7499999981746086
100
AcDbArc
 50
0.0
 51
180.0
  0
ARC
  5
FCE
330
1F
100
AcDbEntity
  8
0
100
AcDbCircle
 10
68.99543927398865
 20
381.7671053890374
 30
0.0
 40
0.7499999981746086
100
AcDbArc
 50
180.0
 51
0.0
  0
ARC
  5
FD1
330
1F
100
AcDbEntity
  8
0
100
AcDbCircle
 10
71.37673931744922
 20
413.9028918367048
 30
0.0
 40
0.7499999981746086
100
AcDbArc
 50
0.0
 51
180.0
  0
ARC
  5
FD2
330
1F
100
AcDbEntity
  8
0
100
AcDbCircle
 10
71.37673931744919
 20
400.8171053718664
 30
0.0
 40
0.7499999981746086
100
AcDbArc
 50
180.0
 51
0.0
  0
ARC
  5
FD5
330
1F
100
AcDbEntity
  8
0
100
AcDbCircle
 10
361.0143892710866
 20
394.8528918397825
 30
0.0
 40
0.7499999981746086
100
AcDbArc
 50
0.0
 51
180.0
  0
ARC
  5
FD6
330
1F
100
AcDbEntity
  8
0
100
AcDbCircle
 10
361.0143892710866
 20
381.767105374944
 30
0.0
 40
0.7499999981746086
100
AcDbArc
 50
180.0
 51
0.0
  0
LINE
  5
FD7
330
1F
100
AcDbEntity
  8
0
100
AcDbLine
 10
361.7643892692613
 20
394.8528918397825
 30
0.0
 11
361.7643892692613
 21
381.767105374944
 31
0.0
  0
ARC
  5
FD9
330
1F
100
AcDbEntity
  8
0
100
AcDbCircle
 10
383.0393894636018
 20
394.8528918397825
 30
0.0
 40
0.7499999981746086
100
AcDbArc
 50
0.0
 51
180.0
  0
ARC
  5
FDA
330
1F
100
AcDbEntity
  8
0
100
AcDbCircle
 10
383.0393894636018
 20
381.767105374944
 30
0.0
 40
0.7499999981746086
100
AcDbArc
 50
180.0
 51
0.0
  0
LINE
  5
FDC
330
1F
100
AcDbEntity
  8
0
100
AcDbLine
 10
382.2893894654273
 20
394.8528918397825
 30
0.0
 11
382.2893894654273
 21
381.767105374944
 31
0.0
  0
ARC
  5
FDD
330
1F
100
AcDbEntity
  8
0
100
AcDbCircle
 10
385.4206894503755
 20
375.8028918538759
 30
0.0
 40
0.7499999981746086
100
AcDbArc
 50
0.0
 51
180.0
  0
ARC
  5
FDE
330
1F
100
AcDbEntity
  8
0
100
AcDbCircle
 10
385.4206894503755
 20
362.7171053890374
 30
0.0
 40
0.7499999981746086
100
AcDbArc
 50
180.0
 51
0.0
  0
LINE
  5
FDF
330
1F
100
AcDbEntity
  8
0
100
AcDbLine
 10
386.1706894485501
 20
375.8028918538759
 30
0.0
 11
386.1706894485501
 21
362.7171053890374
 31
0.0
  0
ARC
  5
FE1
330
1F
100
AcDbEntity
  8
0
100
AcDbCircle
 10
349.1081892329115
 20
375.8028918538759
 30
0.0
 40
0.7499999981746086
100
AcDbArc
 50
0.0
 51
180.0
  0
ARC
  5
FE2
330
1F
100
AcDbEntity
  8
0
100
AcDbCircle
 10
349.1081892329115
 20
362.7171053890373
 30
0.0
 40
0.7499999981746086
100
AcDbArc
 50
180.0
 51
0.0
  0
LINE
  5
FE4
330
1F
100
AcDbEntity
  8
0
100
AcDbLine
 10
348.3581892347369
 20
375.8028918538759
 30
0.0
 11
348.3581892347369
 21
362.7171053890373
 31
0.0
  0
ARC
  5
FE5
330
1F
100
AcDbEntity
  8
0
100
AcDbCircle
 10
378.4820394021983
 20
337.7028918299473
 30
0.0
 40
0.7499999981746086
100
AcDbArc
 50
0.0
 51
180.0
  0
ARC
  5
FE6
330
1F
100
AcDbEntity
  8
0
100
AcDbCircle
 10
378.4820394021983
 20
324.6171053651088
 30
0.0
 40
0.7499999981746086
100
AcDbArc
 50
180.0
 51
0.0
  0
LINE
  5
FE7
330
1F
100
AcDbEntity
  8
0
100
AcDbLine
 10
379.232039400373
 20
337.7028918299473
 30
0.0
 11
379.232039400373
 21
324.6171053651088
 31
0.0
  0
ARC
  5
FE9
330
1F
100
AcDbEntity
  8
0
100
AcDbCircle
 10
317.9469393247769
 20
337.7028918299473
 30
0.0
 40
0.7499999981746086
100
AcDbArc
 50
0.0
 51
180.0
  0
ARC
  5
FEA
330
1F
100
AcDbEntity
  8
0
100
AcDbCircle
 10
317.9469393247768
 20
324.6171053651088
 30
0.0
 40
0.7499999981746086
100
AcDbArc
 50
180.0
 51
0.0
  0
LINE
  5
FEC
330
1F
100
AcDbEntity
  8
0
100
AcDbLine
 10
317.1969393266021
 20
337.7028918299473
 30
0.0
 11
317.1969393266021
 21
324.6171053651088
 31
0.0
  0
LINE
  5
100F
330
1F
100
AcDbEntity
  8
0
100
AcDbLine
 10
53.1153393507685
 20
336.9289986085438
 30
0.0
 11
57.1153393507685
 21
336.9289986085438
 31
0.0
  0
LINE
  5
1010
330
1F
100
AcDbEntity
  8
0
100
AcDbLine
 10
58.61533935076851
 20
335.4289986085439
 30
0.0
 11
58.61533935076852
 21
324.1289986085439
 31
0.0
  0
LINE
  5
1011
330
1F
100
AcDbEntity
  8
0
100
AcDbLine
 10
51.6153393507685
 20
335.4289986085439
 30
0.0
 11
51.6153393507685
 21
324.1289986085439
 31
0.0
  0
LINE
  5
1012
330
1F
100
AcDbEntity
  8
0
100
AcDbLine
 10
53.11533935076851
 20
322.6289986085439
 30
0.0
 11
57.1153393507685
 21
322.6289986085439
 31
0.0
  0
LINE
  5
105E
330
1F
100
AcDbEntity
  8
0
100
AcDbLine
 10
300.4202097080845
 20
395.8993935868035
 30
0.0
 11
300.4705741407644
 21
389.5868688432955
 31
0.0
  0
LINE
  5
105F
330
1F
100
AcDbEntity
  8
0
100
AcDbLine
 10
297.9297229628552
 20
395.6815042299344
 30
0.0
 11
298.9762820954452
 21
389.4561352293332
 31
0.0
  0
ARC
  5
1060
330
1F
100
AcDbEntity
  8
0
100
AcDbCircle
 10
300.206523094668
 20
383.9997011869989
 30
0.0
 40
0.7499999990872796
100
AcDbArc
 50
184.9999999999998
 51
4.999999999999792
  0
ARC
  5
1063
330
1F
100
AcDbEntity
  8
0
100
AcDbCircle
 10
299.1648144129976
 20
357.100885390159
 30
0.0
 40
1.25
100
AcDbArc
 50
4.999999999993664
 51
184.9999999999998
  0
LINE
  5
1065
330
1F
100
AcDbEntity
  8
0
100
AcDbLine
 10
297.9195710403829
 20
356.9919407117244
 30
0.0
 11
298.9661301729729
 21
350.7665717111232
 31
0.0
  0
ARC
  5
1066
330
1F
100
AcDbEntity
  8
0
100
AcDbCircle
 10
300.1963711721958
 20
345.3101376687889
 30
0.0
 40
0.7499999990872796
100
AcDbArc
 50
184.9999999999998
 51
4.999999999999792
  0
LINE
  5
106A
330
1F
100
AcDbEntity
  8
0
100
AcDbLine
 10
121.5850974902199
 20
397.5749844166949
 30
0.0
 11
121.5347330575401
 21
391.2624596731869
 31
0.0
  0
ARC
  5
106C
330
1F
100
AcDbEntity
  8
0
100
AcDbCircle
 10
121.7987841036366
 20
385.6752920168903
 30
0.0
 40
0.7499999990872796
100
AcDbArc
 50
175.0000000000002
 51
355.0000000000002
  0
ARC
  5
106F
330
1F
100
AcDbEntity
  8
0
100
AcDbCircle
 10
125.1748088686528
 20
377.7088039971634
 30
0.0
 40
1.25
100
AcDbArc
 50
355.0000000000002
 51
175.0000000000067
  0
ARC
  5
1072
330
1F
100
AcDbEntity
  8
0
100
AcDbCircle
 10
124.1432521094549
 20
365.9180562757935
 30
0.0
 40
0.7499999990872796
100
AcDbArc
 50
175.0000000000002
 51
355.0000000000002
  0
LINE
  5
1076
330
1F
100
AcDbEntity
  8
0
100
AcDbLine
 10
131.1097724902198
 20
357.2077844166947
 30
0.0
 11
131.05940805754
 21
350.8952596731867
 31
0.0
  0
LINE
  5
1077
330
1F
100
AcDbEntity
  8
0
100
AcDbLine
 10
133.6002592354492
 20
356.9898950598255
 30
0.0
 11
132.5537001028592
 21
350.7645260592244
 31
0.0
  0
ARC
  5
1078
330
1F
100
AcDbEntity
  8
0
100
AcDbCircle
 10
131.3234591036366
 20
345.3080920168901
 30
0.0
 40
0.7499999990872796
100
AcDbArc
 50
175.0000000000002
 51
355.0000000000002
  0
ARC
  5
1119
330
1F
100
AcDbEntity
  8
0
100
AcDbCircle
 10
48.24538939474795
 20
329.159998613812
 30
0.0
 40
7.79999999999984
100
AcDbArc
 50
180.0
 51
270.0000000000006
  0
ARC
  5
111A
330
1F
100
AcDbEntity
  8
0
100
AcDbCircle
 10
48.24538939474734
 20
410.2000194555915
 30
0.0
 40
7.800000000000117
100
AcDbArc
 50
90.00000000000083
 51
180.0
  0
ARC
  5
1124
330
1F
100
AcDbEntity
  8
0
100
AcDbCircle
 10
209.2445062108161
 20
402.6983570913596
 30
0.0
 40
1.80418316483022
100
AcDbArc
 50
359.9999999999999
 51
78.76616184087968
  0
ARC
  5
1126
330
1F
100
AcDbEntity
  8
0
100
AcDbCircle
 10
201.4757130759001
 20
310.4832668738814
 30
0.0
 40
1.839132267164404
100
AcDbArc
 50
259.9999999999998
 51
347.7930413744665
  0
ARC
  5
114B
330
1F
100
AcDbEntity
  8
0
100
AcDbCircle
 10
222.2528725421509
 20
402.6983570913596
 30
0.0
 40
1.804183164830277
100
AcDbArc
 50
101.2338381591292
 51
180.0000000000001
  0
ARC
  5
114C
330
1F
100
AcDbEntity
  8
0
100
AcDbCircle
 10
230.3528103912003
 20
310.9761377635829
 30
0.0
 40
2.304084091500405
100
AcDbArc
 50
202.5000000000003
 51
269.7069584941456
  0
ARC
  5
114D
330
1F
100
AcDbEntity
  8
0
100
AcDbCircle
 10
383.2519893582192
 20
329.159998613812
 30
0.0
 40
7.79999999999984
100
AcDbArc
 50
269.9999999999988
 51
0.0
  0
ARC
  5
114E
330
1F
100
AcDbEntity
  8
0
100
AcDbCircle
 10
383.2519893582189
 20
410.2000194555917
 30
0.0
 40
7.799999999999954
100
AcDbArc
 50
0.0000000000004071
 51
90.0000000000004
  0
LINE
  5
117C
330
1F
100
AcDbEntity
  8
0
100
AcDbLine
 10
72.12673931562384
 20
413.9028918367048
 30
0.0
 11
72.12673931562381
 21
400.8171053718664
 31
0.0
  0
LINE
  5
117D
330
1F
100
AcDbEntity
  8
0
100
AcDbLine
 10
70.6267393192746
 20
413.9028918367048
 30
0.0
 11
70.62673931927458
 21
400.8171053718664
 31
0.0
  0
LINE
  5
117E
330
1F
100
AcDbEntity
  8
0
100
AcDbLine
 10
99.80788945097703
 20
394.8528918306575
 30
0.0
 11
99.80788945097698
 21
381.767105365819
 31
0.0
  0
LINE
  5
117F
330
1F
100
AcDbEntity
  8
0
100
AcDbLine
 10
77.7828892584618
 20
394.8528918306575
 30
0.0
 11
77.7828892584618
 21
381.767105365819
 31
0.0
  0
LINE
  5
1180
330
1F
100
AcDbEntity
  8
0
100
AcDbLine
 10
76.28288926211258
 20
394.8528918306575
 30
0.0
 11
76.28288926211258
 21
381.767105365819
 31
0.0
  0
LINE
  5
1181
330
1F
100
AcDbEntity
  8
0
100
AcDbLine
 10
69.7454392721633
 20
394.8528918538759
 30
0.0
 11
69.7454392721633
 21
381.7671053890374
 31
0.0
  0
LINE
  5
1182
330
1F
100
AcDbEntity
  8
0
100
AcDbLine
 10
68.24543927581411
 20
394.8528918538759
 30
0.0
 11
68.24543927581411
 21
381.7671053890374
 31
0.0
  0
LINE
  5
1183
330
1F
100
AcDbEntity
  8
0
100
AcDbLine
 10
114.3004394263646
 20
337.7028918299473
 30
0.0
 11
114.3004394263646
 21
324.6171053651088
 31
0.0
  0
LINE
  5
1184
330
1F
100
AcDbEntity
  8
0
100
AcDbLine
 10
112.8004394300153
 20
324.6171053651088
 30
0.0
 11
112.8004394300154
 21
337.7028918299473
 31
0.0
  0
LINE
  5
1185
330
1F
100
AcDbEntity
  8
0
100
AcDbLine
 10
91.17658934392801
 20
337.7028918353768
 30
0.0
 11
91.17658934392801
 21
324.6171053705384
 31
0.0
  0
LINE
  5
1186
330
1F
100
AcDbEntity
  8
0
100
AcDbLine
 10
89.67658934757876
 20
324.6171053705384
 30
0.0
 11
89.67658934757878
 21
337.7028918353768
 31
0.0
  0
LINE
  5
1187
330
1F
100
AcDbEntity
  8
0
100
AcDbLine
 10
64.98283927216331
 20
337.7028918299473
 30
0.0
 11
64.98283927216331
 21
324.6171053651088
 31
0.0
  0
LINE
  5
1188
330
1F
100
AcDbEntity
  8
0
100
AcDbLine
 10
63.48283927581411
 20
337.7028918299473
 30
0.0
 11
63.48283927581411
 21
324.6171053651088
 31
0.0
  0
LINE
  5
1189
330
1F
100
AcDbEntity
  8
0
100
AcDbLine
 10
64.98283927216331
 20
356.7528918538759
 30
0.0
 11
64.98283927216331
 21
343.6671053890374
 31
0.0
  0
LINE
  5
118A
330
1F
100
AcDbEntity
  8
0
100
AcDbLine
 10
63.48283927581411
 20
356.7528918538759
 30
0.0
 11
63.48283927581406
 21
343.6671053890374
 31
0.0
  0
LINE
  5
118B
330
1F
100
AcDbEntity
  8
0
100
AcDbLine
 10
102.1890894526515
 20
362.7171053890374
 30
0.0
 11
102.1890894526516
 21
375.8028918538759
 31
0.0
  0
LINE
  5
118C
330
1F
100
AcDbEntity
  8
0
100
AcDbLine
 10
100.6890894563024
 20
375.8028918538759
 30
0.0
 11
100.6890894563024
 21
362.7171053890374
 31
0.0
  0
LINE
  5
118D
330
1F
100
AcDbEntity
  8
0
100
AcDbLine
 10
67.36413927216336
 20
375.8028918538759
 30
0.0
 11
67.3641392721633
 21
362.7171053890374
 31
0.0
  0
LINE
  5
118E
330
1F
100
AcDbEntity
  8
0
100
AcDbLine
 10
65.86413927581412
 20
375.8028918538759
 30
0.0
 11
65.86413927581412
 21
362.7171053890374
 31
0.0
  0
LINE
  5
1198
330
1F
100
AcDbEntity
  8
0
100
AcDbLine
 10
377.7320394040237
 20
324.6171053651088
 30
0.0
 11
377.7320394040237
 21
337.7028918299473
 31
0.0
  0
LINE
  5
1199
330
1F
100
AcDbEntity
  8
0
100
AcDbLine
 10
318.6969393229515
 20
337.7028918299473
 30
0.0
 11
318.6969393229515
 21
324.6171053651088
 31
0.0
  0
LINE
  5
119A
330
1F
100
AcDbEntity
  8
0
100
AcDbLine
 10
349.8581892310861
 20
362.7171053890373
 30
0.0
 11
349.8581892310861
 21
375.8028918538759
 31
0.0
  0
LINE
  5
119B
330
1F
100
AcDbEntity
  8
0
100
AcDbLine
 10
384.6706894522009
 20
375.8028918538759
 30
0.0
 11
384.6706894522009
 21
362.7171053890374
 31
0.0
  0
LINE
  5
119C
330
1F
100
AcDbEntity
  8
0
100
AcDbLine
 10
360.2643892729121
 20
381.767105374944
 30
0.0
 11
360.2643892729121
 21
394.8528918397825
 31
0.0
  0
LINE
  5
119D
330
1F
100
AcDbEntity
  8
0
100
AcDbLine
 10
383.7893894617764
 20
394.8528918397825
 30
0.0
 11
383.7893894617764
 21
381.767105374944
 31
0.0
  0
VIEWPORT
  5
D86
102
{ACAD_XDICTIONARY
360
D87
102
}
330
D6
100
AcDbEntity
 67
     1
  8
0
348
F5
100
AcDbViewport
 10
124.3001292868143
 20
150.0672028800076
 30
0.0
 40
304.4318769589206
 41
139.9030431042167
 68
     1
 69
     1
 12
124.3001292868143
 22
150.0672028800076
 13
0.0
 23
0.0
 14
0.5
 24
0.5
 15
0.5
 25
0.5
 16
0.0
 26
0.0
 36
1.0
 17
0.0
 27
0.0
 37
0.0
 42
50.0
 43
0.0
 44
0.0
 45
139.9030431042167
 50
0.0
 51
0.0
 72
  1000
 90
   819232
  1

281
     0
 71
     1
 74
     0
110
0.0
120
0.0
130
0.0
111
1.0
121
0.0
131
0.0
112
0.0
122
1.0
132
0.0
 79
     0
146
0.0
170
     0
 61
     5
292
     1
282
     1
141
0.0
142
0.0
 63
   250
421
  3355443
  0
VIEWPORT
  5
D8A
102
{ACAD_XDICTIONARY
360
D8B
102
}
330
D6
100
AcDbEntity
 67
     1
  8
0
348
F5
100
AcDbViewport
 10
128.5
 20
97.5
 30
0.0
 40
205.6
 41
156.0
 68
     2
 69
     2
 12
298.7722175560738
 22
224.810728160244
 13
0.0
 23
0.0
 14
10.0
 24
10.0
 15
10.0
 25
10.0
 16
0.0
 26
0.0
 36
1.0
 17
0.0
 27
0.0
 37
0.0
 42
50.0
 43
0.0
 44
0.0
 45
411.3723331509826
 50
0.0
 51
0.0
 72
  1000
 90
   819808
  1

281
     0
 71
     1
 74
     0
110
0.0
120
0.0
130
0.0
111
1.0
121
0.0
131
0.0
112
0.0
122
1.0
132
0.0
 79
     0
146
0.0
170
     0
 61
     5
292
     1
282
     1
141
0.0
142
0.0
 63
   250
421
  3355443
  0
ENDSEC
  0
SECTION
  2
OBJECTS
  0
DICTIONARY
  5
C
330
0
100
AcDbDictionary
281
     1
  3
ACAD_CIP_PREVIOUS_PRODUCT_INFO
350
216
  3
ACAD_COLOR
350
6B
  3
ACAD_DETAILVIEWSTYLE
350
21B
  3
ACAD_GROUP
350
D
  3
ACAD_LAST_SAVED_VERSION_INFO
350
D3F
  3
ACAD_LAYOUT
350
1A
  3
ACAD_MATERIAL
350
6A
  3
ACAD_MLEADERSTYLE
350
12D
  3
ACAD_MLINESTYLE
350
17
  3
ACAD_PLOTSETTINGS
350
19
  3
ACAD_PLOTSTYLENAME
350
E
  3
ACAD_RENDER_RAPIDRT_SETTINGS
350
78A
  3
ACAD_SCALELIST
350
10C
  3
ACAD_SECTIONVIEWSTYLE
350
219
  3
ACAD_TABLESTYLE
350
7E
  3
ACAD_VISUALSTYLE
350
EF
  3
ACDB_RECOMPOSE_DATA
350
11B8
  3
AcDbVariableDictionary
350
5E
  0
DICTIONARY
  5
1FF
330
2
100
AcDbDictionary
280
     1
281
     1
  3
ACAD_LAYERSTATES
360
200
  0
DICTIONARY
  5
13C
330
10
100
AcDbDictionary
280
     1
281
     1
  0
DICTIONARY
  5
282
330
281
100
AcDbDictionary
280
     1
281
     1
  0
DICTIONARY
  5
1CE
330
1F
100
AcDbDictionary
280
     1
281
     1
  3
ACAD_SORTENTS
360
628
  0
DICTIONARY
  5
DDC
330
DD8
100
AcDbDictionary
280
     1
281
     1
  3
ACAD_SORTENTS
360
DDD
  0
DICTIONARY
  5
D87
330
D86
100
AcDbDictionary
280
     1
281
     1
  3
ASDK_XREC_ANNOTATION_SCALE_INFO
360
D88
  0
DICTIONARY
  5
D8B
330
D8A
100
AcDbDictionary
280
     1
281
     1
  3
ASDK_XREC_ANNOTATION_SCALE_INFO
360
D8C
  0
XRECORD
  5
216
102
{ACAD_REACTORS
330
C
102
}
330
C
100
AcDbXrecord
280
     1
300
ACD
300
2025
300
87919ACD_2025_0F
  0
DICTIONARY
  5
6B
102
{ACAD_REACTORS
330
C
102
}
330
C
100
AcDbDictionary
281
     1
  0
DICTIONARY
  5
21B
102
{ACAD_REACTORS
330
C
102
}
330
C
100
AcDbDictionary
281
     1
  3
Metric50
350
21C
  0
DICTIONARY
  5
D
102
{ACAD_REACTORS
330
C
102
}
330
C
100
AcDbDictionary
281
     1
  0
XRECORD
  5
D3F
102
{ACAD_REACTORS
330
C
102
}
330
C
100
AcDbXrecord
280
     1
300
{02029359-E30D-454C-A4DE-8BB951DD2692}
301

302
{02029359-E30D-454C-A4DE-8BB951DD2692}
303
E:\KEEB PLATE\EIF68 Alu  喷砂.dxf
  0
DICTIONARY
  5
1A
102
{ACAD_REACTORS
330
C
102
}
330
C
100
AcDbDictionary
281
     1
  3
Model
350
22
  3
布局1
350
D3
  3
布局2
350
D7
1001
AcadStringInfo
1000
MIFCodePage
1070
     5
  0
DICTIONARY
  5
6A
102
{ACAD_REACTORS
330
C
102
}
330
C
100
AcDbDictionary
281
     1
  3
ByBlock
350
ED
  3
ByLayer
350
EC
  3
Global
350
EE
  0
DICTIONARY
  5
12D
102
{ACAD_REACTORS
330
C
102
}
330
C
100
AcDbDictionary
281
     1
  3
Annotative
350
13B
  3
Standard
350
12E
  0
DICTIONARY
  5
17
102
{ACAD_REACTORS
330
C
102
}
330
C
100
AcDbDictionary
281
     1
  3
Standard
350
18
  0
DICTIONARY
  5
19
102
{ACAD_REACTORS
330
C
102
}
330
C
100
AcDbDictionary
281
     1
  0
ACDBDICTIONARYWDFLT
  5
E
102
{ACAD_REACTORS
330
C
102
}
330
C
100
AcDbDictionary
281
     1
  3
Normal
350
F
100
AcDbDictionaryWithDefault
340
F
  0
DICTIONARY
  5
78A
102
{ACAD_REACTORS
330
C
102
}
330
C
100
AcDbDictionary
281
     1
  3
Coffee-Break Quality
350
78E
  3
High
350
78D
  3
Low
350
78B
  3
Lunch Quality
350
78F
  3
Medium
350
78C
  3
Overnight Quality
350
790
  0
DICTIONARY
  5
10C
102
{ACAD_REACTORS
330
C
102
}
330
C
100
AcDbDictionary
281
     1
  3
A0
350
10D
  3
A1
350
1BE
  3
A2
350
1BF
  3
A3
350
1C0
  3
A4
350
1C1
  3
A5
350
1C2
  3
A6
350
1C3
  3
A7
350
1C4
  3
A8
350
1C5
  3
A9
350
1C6
  3
B0
350
1C7
  3
B1
350
1C8
  3
B2
350
1C9
  3
B3
350
1CA
  3
B4
350
1CB
  3
B5
350
1CC
  3
B6
350
1CD
  0
DICTIONARY
  5
219
102
{ACAD_REACTORS
330
C
102
}
330
C
100
AcDbDictionary
281
     1
  3
Metric50
350
21A
  0
DICTIONARY
  5
7E
102
{ACAD_REACTORS
330
C
102
}
330
C
100
AcDbDictionary
281
     1
  3
Standard
350
7F
  0
DICTIONARY
  5
EF
102
{ACAD_REACTORS
330
C
102
}
330
C
100
AcDbDictionary
281
     1
  3
2dWireframe
350
F5
  3
Basic
350
F4
  3
Brighten
350
FB
  3
ColorChange
350
FF
  3
Conceptual
350
F8
  3
Dim
350
FA
  3
EdgeColorOff
350
1E6
  3
Facepattern
350
FE
  3
Flat
350
F0
  3
FlatWithEdges
350
F1
  3
Gouraud
350
F2
  3
GouraudWithEdges
350
F3
  3
Hidden
350
F7
  3
JitterOff
350
1E4
  3
Linepattern
350
FD
  3
OverhangOff
350
1E5
  3
Realistic
350
F9
  3
Shaded
350
1F3
  3
Shaded with edges
350
1F2
  3
Shades of Gray
350
1EF
  3
Sketchy
350
1F0
  3
Thicken
350
FC
  3
Wireframe
350
F6
  3
X-Ray
350
1F1
  0
XRECORD
  5
11B8
102
{ACAD_REACTORS
330
C
102
}
330
C
100
AcDbXrecord
280
     1
 90
        1
330
7F
  0
DICTIONARY
  5
5E
102
{ACAD_REACTORS
330
C
102
}
330
C
100
AcDbDictionary
281
     1
  3
CANNOSCALE
350
146
  3
CENTEREXE
350
259
  3
CENTERLTYPEFILE
350
25A
  3
CMLEADERSTYLE
350
145
  3
CTABLESTYLE
350
84
  3
CVIEWDETAILSTYLE
350
227
  3
CVIEWSECTIONSTYLE
350
228
  3
DIMASSOC
350
5F
  3
HIDETEXT
350
63
  3
LAYEREVAL
350
1AE
  3
LAYERNOTIFY
350
1AF
  0
DICTIONARY
  5
200
102
{ACAD_REACTORS
330
1FF
102
}
330
1FF
100
AcDbDictionary
281
     1
  0
SORTENTSTABLE
  5
628
102
{ACAD_REACTORS
330
1CE
102
}
330
1CE
100
AcDbSortentsTable
330
1F
331
B6D
  5
B6E
331
B6E
  5
B6F
331
B6F
  5
B70
331
B70
  5
B71
331
B71
  5
B72
331
B72
  5
B73
331
B73
  5
B74
331
B74
  5
B75
331
B75
  5
B76
331
B76
  5
B77
331
B77
  5
B78
331
B78
  5
B79
331
B79
  5
B7A
331
B7A
  5
B7B
331
B7B
  5
B7C
331
B7C
  5
B7D
331
B7D
  5
B7E
331
B7E
  5
B7F
331
B7F
  5
B80
331
B80
  5
B81
331
B81
  5
B82
331
B82
  5
B83
331
B83
  5
B84
331
B84
  5
B85
331
B85
  5
B86
331
B86
  5
B87
331
B87
  5
B88
331
B88
  5
B89
331
B89
  5
B8A
331
B8A
  5
B8B
331
B8B
  5
B8C
331
B8C
  5
B8D
331
B8D
  5
B8E
331
B8E
  5
B8F
331
B8F
  5
B90
331
B90
  5
B91
331
B91
  5
B92
331
B92
  5
B93
331
B93
  5
B94
331
B94
  5
B95
331
B95
  5
B96
331
B96
  5
B97
331
B97
  5
B98
331
B98
  5
B99
331
B99
  5
B9A
331
B9A
  5
B9B
331
B9B
  5
B9C
331
B9C
  5
B9D
331
B9D
  5
B9E
331
B9E
  5
B9F
331
B9F
  5
BA0
331
BA0
  5
BA1
331
BA1
  5
BA2
331
BA2
  5
BA3
331
BA3
  5
BA4
331
BA4
  5
BA5
331
BA5
  5
BA6
331
BA6
  5
BA7
331
BA7
  5
BA8
331
BA8
  5
BA9
331
BA9
  5
BAA
331
BAA
  5
BAB
331
BAB
  5
BAC
331
BAC
  5
BAD
331
BAD
  5
BAE
331
BAE
  5
BAF
331
BAF
  5
BB0
331
BB0
  5
BB1
331
BB1
  5
BB2
331
BB2
  5
BB3
331
BB3
  5
BB4
331
BB4
  5
BB5
331
BB5
  5
BB6
331
BB6
  5
BB7
331
BB7
  5
BB8
331
BB8
  5
BB9
331
BB9
  5
BBA
331
BBA
  5
BBB
331
BBB
  5
BBC
331
BBC
  5
BBD
331
BBD
  5
BBE
331
BBE
  5
BBF
331
BBF
  5
BC0
331
BC0
  5
BC1
331
BC1
  5
BC2
331
BC2
  5
BC3
331
BC3
  5
BC4
331
BC4
  5
BC5
331
BC5
  5
BC6
331
BC6
  5
BC7
331
BC7
  5
BC8
331
BC8
  5
BC9
331
BC9
  5
BCA
331
BCA
  5
BCB
331
BCC
  5
BCD
331
BCE
  5
BCF
331
BD0
  5
BD1
331
BD1
  5
BD2
331
BD2
  5
BD3
331
BD3
  5
BD4
331
BD4
  5
BD5
331
BD5
  5
BD6
331
BD6
  5
BD7
331
BD7
  5
BD8
331
BD8
  5
BD9
331
BD9
  5
BDA
331
BDA
  5
BDB
331
BDB
  5
BDC
331
BDC
  5
BDD
331
BDD
  5
BDE
331
BDE
  5
BDF
331
BDF
  5
BE0
331
BE0
  5
BE1
331
BE1
  5
BE2
331
BE2
  5
BE3
331
BE3
  5
BE4
331
BE4
  5
BE5
331
BE5
  5
BE6
331
BE6
  5
BE7
331
BE7
  5
BE8
331
BE8
  5
BE9
331
BE9
  5
BEA
331
BEA
  5
BEB
331
BEB
  5
BEC
331
BEC
  5
BED
331
BED
  5
BEE
331
BEE
  5
BEF
331
BEF
  5
BF0
331
BF0
  5
BF1
331
BF1
  5
BF2
331
BF2
  5
BF3
331
BF3
  5
BF4
331
BF4
  5
BF5
331
BF5
  5
BF6
331
BF6
  5
BF7
331
BF7
  5
BF8
331
BF8
  5
BF9
331
BF9
  5
BFA
331
BFA
  5
BFB
331
BFB
  5
BFC
331
BFC
  5
BFD
331
BFD
  5
BFE
331
BFE
  5
BFF
331
BFF
  5
C00
331
C00
  5
C01
331
C01
  5
C02
331
C02
  5
C03
331
C03
  5
C04
331
C04
  5
C05
331
C05
  5
C06
331
C06
  5
C07
331
C07
  5
C08
331
C08
  5
C09
331
C09
  5
C0A
331
C0A
  5
C0B
331
C0B
  5
C0C
331
C0C
  5
C0D
331
C0D
  5
C0E
331
C0E
  5
C0F
331
C0F
  5
C10
331
C10
  5
C11
331
C11
  5
C12
331
C12
  5
C13
331
C13
  5
C14
331
C14
  5
C15
331
C15
  5
C16
331
C16
  5
C17
331
C17
  5
C18
331
C18
  5
C19
331
C19
  5
C1A
331
C1A
  5
C1B
331
C1B
  5
C1C
331
C1C
  5
C1D
331
C1D
  5
C1E
331
C1E
  5
C1F
331
C1F
  5
C20
331
C20
  5
C21
331
C21
  5
C22
331
C22
  5
C23
331
C23
  5
C24
331
C24
  5
C25
331
C25
  5
C26
331
C26
  5
C27
331
C27
  5
C28
331
C28
  5
C29
331
C29
  5
C2A
331
C2A
  5
C2B
331
C2B
  5
C2C
331
C2C
  5
C2D
331
C2D
  5
C2E
331
C2E
  5
C2F
331
C2F
  5
C30
331
C30
  5
C31
331
C31
  5
C32
331
C32
  5
C33
331
C33
  5
C34
331
C34
  5
C35
331
C35
  5
C36
331
C36
  5
C37
331
C37
  5
C38
331
C38
  5
C39
331
C39
  5
C3A
331
C3A
  5
C3B
331
C3B
  5
C3C
331
C3F
  5
C41
331
C40
  5
C42
331
C41
  5
C43
331
C42
  5
C44
331
C43
  5
C45
331
C44
  5
C46
331
C45
  5
C47
331
C46
  5
C48
331
C47
  5
C49
331
C48
  5
C4A
331
C49
  5
C4B
331
C4A
  5
C4C
331
C4B
  5
C4D
331
C4C
  5
C4E
331
C4D
  5
C4F
331
C4E
  5
C50
331
C4F
  5
C51
331
C50
  5
C52
331
C51
  5
C53
331
C52
  5
C54
331
C53
  5
C55
331
C54
  5
C56
331
C55
  5
C57
331
C56
  5
C58
331
C57
  5
C59
331
C58
  5
C5A
331
C59
  5
C5B
331
C5A
  5
C5C
331
C5B
  5
C5D
331
C66
  5
C68
331
C6A
  5
C6C
331
C84
  5
C86
331
C85
  5
C87
331
C86
  5
C88
331
C87
  5
C89
331
C88
  5
C8A
331
C89
  5
C8B
331
C8A
  5
C8C
331
C8B
  5
C8D
331
C8C
  5
C8E
331
C8D
  5
C8F
331
C8E
  5
C90
331
C8F
  5
C91
331
C90
  5
C92
331
C91
  5
C93
331
C92
  5
C94
331
C93
  5
C95
331
CAA
  5
CAF
331
CB4
  5
CB6
331
CB5
  5
CB7
331
CB6
  5
CB8
331
CB7
  5
CB9
331
CB9
  5
CBB
331
CBB
  5
CBD
331
CBC
  5
CBE
331
CBE
  5
CC0
331
CC0
  5
CC2
331
CC1
  5
CC3
331
CC2
  5
CC5
331
CC3
  5
CC6
331
CCC
  5
CCE
331
CCE
  5
CD0
331
CCF
  5
CD1
331
D01
  5
D03
331
D02
  5
D04
331
D03
  5
D05
331
D04
  5
D06
331
D05
  5
D07
331
D06
  5
D08
331
D07
  5
D09
331
D08
  5
D0A
331
D09
  5
D0B
331
D0A
  5
D0C
331
D0B
  5
D0D
331
D0C
  5
D0E
331
D0D
  5
D0F
331
D0E
  5
D10
331
D0F
  5
D11
331
D10
  5
D12
331
D11
  5
D13
331
D12
  5
D14
331
D13
  5
D15
331
D14
  5
D16
331
D15
  5
D17
331
D16
  5
D18
331
D17
  5
D19
331
D18
  5
D1A
331
D19
  5
D1B
331
D1A
  5
D1C
331
D1B
  5
D1D
331
D1C
  5
D1E
331
D1D
  5
D1F
331
D1E
  5
D20
331
D1F
  5
D21
331
D20
  5
D22
331
D21
  5
D23
331
D22
  5
D24
331
D23
  5
D2B
331
D24
  5
D2C
331
D2C
  5
D39
331
D38
  5
D3A
331
D39
  5
D3B
331
D3A
  5
D3C
331
D3B
  5
D3E
331
D3E
  5
D52
  0
SORTENTSTABLE
  5
DDD
102
{ACAD_REACTORS
330
DDC
102
}
330
DDC
100
AcDbSortentsTable
330
DD8
  0
XRECORD
  5
D88
102
{ACAD_REACTORS
330
D87
102
}
330
D87
100
AcDbXrecord
280
     1
 90
        1
340
10D
  0
XRECORD
  5
D8C
102
{ACAD_REACTORS
330
D8B
102
}
330
D8B
100
AcDbXrecord
280
     1
 90
        1
340
10D
  0
ACDBDETAILVIEWSTYLE
  5
21C
102
{ACAD_REACTORS
330
21B
102
}
330
21B
100
AcDbModelDocViewStyle
 70
     0
  3
Metric50
290
     0
300
Metric50
 90
        0
100
AcDbDetailViewStyle
 70
     0
 71
     0
 90
        3
 71
     1
340
11
 62
   256
 40
5.0
340
0
 62
   256
 40
5.0
300

 40
0.0
280
     1
 71
     2
340
16
 90
       25
 62
   256
 71
     3
340
11
 62
   256
 40
5.0
 90
        0
 40
15.0
 90
        1
300
%<\AcVar ViewDetailId>% (%<\AcVar ViewScale \f "%sn">%)
 71
     4
340
16
 90
       25
 62
   256
340
16
 90
       25
 62
   256
280
     0
  0
LAYOUT
  5
22
102
{ACAD_XDICTIONARY
360
205
102
}
102
{ACAD_REACTORS
330
1A
102
}
330
1A
100
AcDbPlotSettings
  1

  2
none_device
  4
ISO_A4_(210.00_x_297.00_MM)
  6

 40
7.5
 41
20.0
 42
7.5
 43
20.0
 44
210.0
 45
297.0
 46
11.54999923706054
 47
-13.65000009536743
 48
0.0
 49
0.0
140
0.0
141
0.0
142
1.0
143
8.704084754739808
 70
 11952
 72
     1
 73
     0
 74
     0
  7

 75
     0
147
0.1148885871608098
 76
     0
 77
     2
 78
   300
148
0.0
149
0.0
100
AcDbLayout
  1
Model
 70
     1
 71
     0
 10
0.0
 20
0.0
 11
12.0
 21
9.0
 12
0.0
 22
0.0
 32
0.0
 14
0.0
 24
0.0
 34
0.0
 15
0.0
 25
0.0
 35
0.0
146
0.0
 13
0.0
 23
0.0
 33
0.0
 16
1.0
 26
0.0
 36
0.0
 17
0.0
 27
1.0
 37
0.0
 76
     0
330
1F
331
EA
1001
ACAD_PSEXT
1000
None
1000
None
1000
Not applicable
1000
The layout will not be plotted unless a new plotter configuration name is selected.
1070
     0
  0
LAYOUT
  5
D3
102
{ACAD_REACTORS
330
1A
102
}
330
1A
100
AcDbPlotSettings
  1

  2
C:\Documents and Settings\basas\Application Data\Autodesk\AutoCAD 2005\R16.1\enu\plotters\Default Windows System Printer.pc3
  4

  6

 40
0.0
 41
0.0
 42
0.0
 43
0.0
 44
0.0
 45
0.0
 46
0.0
 47
0.0
 48
0.0
 49
0.0
140
0.0
141
0.0
142
1.0
143
1.0
 70
   688
 72
     0
 73
     0
 74
     5
  7

 75
    16
147
1.0
 76
     0
 77
     2
 78
   300
148
0.0
149
0.0
100
AcDbLayout
  1
布局1
 70
     1
 71
     1
 10
0.0
 20
0.0
 11
12.0
 21
9.0
 12
0.0
 22
0.0
 32
0.0
 14
0.0
 24
0.0
 34
0.0
 15
0.0
 25
0.0
 35
0.0
146
0.0
 13
0.0
 23
0.0
 33
0.0
 16
1.0
 26
0.0
 36
0.0
 17
0.0
 27
1.0
 37
0.0
 76
     0
330
D2
1001
AcadStringInfo
1000
MIFCodePage
1070
     5
  0
LAYOUT
  5
D7
102
{ACAD_REACTORS
330
1A
102
}
330
1A
100
AcDbPlotSettings
  1

  2
none_device
  4
ISO_A4_(210.00_x_297.00_MM)
  6

 40
7.5
 41
20.0
 42
7.5
 43
20.0
 44
210.0
 45
297.0
 46
0.0
 47
0.0
 48
0.0
 49
0.0
140
0.0
141
0.0
142
1.0
143
1.0
 70
   688
 72
     1
 73
     1
 74
     5
  7

 75
    16
147
1.0
 76
     0
 77
     2
 78
   300
148
0.0
149
0.0
100
AcDbLayout
  1
布局2
 70
     1
 71
     2
 10
-20.0
 20
-7.5
 11
277.0
 21
202.5
 12
0.0
 22
0.0
 32
0.0
 14
25.69999999999999
 24
19.5
 34
0.0
 15
231.3
 25
175.5
 35
0.0
146
0.0
 13
0.0
 23
0.0
 33
0.0
 16
1.0
 26
0.0
 36
0.0
 17
0.0
 27
1.0
 37
0.0
 76
     0
330
D6
331
D86
1001
AcadStringInfo
1000
MIFCodePage
1070
     5
1001
ACAD_PSEXT
1000
None
1000
None
1000
Not applicable
1000
The layout will not be plotted unless a new plotter configuration name is selected.
1070
     0
  0
MATERIAL
  5
ED
102
{ACAD_XDICTIONARY
360
1F9
102
}
102
{ACAD_REACTORS
330
6A
102
}
330
6A
100
AcDbMaterial
  1
ByBlock
 94
       63
  0
MATERIAL
  5
EC
102
{ACAD_XDICTIONARY
360
1F7
102
}
102
{ACAD_REACTORS
330
6A
102
}
330
6A
100
AcDbMaterial
  1
ByLayer
 94
       63
  0
MATERIAL
  5
EE
102
{ACAD_XDICTIONARY
360
173
102
}
102
{ACAD_REACTORS
330
6A
102
}
330
6A
100
AcDbMaterial
  1
Global
 43
0.0007999999797903
 43
0.0
 43
0.0
 43
0.0
 43
0.0
 43
0.0007999999797903
 43
0.0
 43
0.0
 43
0.0
 43
0.0
 43
1.0
 43
0.0
 43
0.0
 43
0.0
 43
0.0
 43
1.0
 49
0.0007999999797903
 49
0.0
 49
0.0
 49
0.0
 49
0.0
 49
0.0007999999797903
 49
0.0
 49
0.0
 49
0.0
 49
0.0
 49
1.0
 49
0.0
 49
0.0
 49
0.0
 49
0.0
 49
1.0
142
0.0007999999797903
142
0.0
142
0.0
142
0.0
142
0.0
142
0.0007999999797903
142
0.0
142
0.0
142
0.0
142
0.0
142
1.0
142
0.0
142
0.0
142
0.0
142
0.0
142
1.0
144
0.0007999999797903
144
0.0
144
0.0
144
0.0
144
0.0
144
0.0007999999797903
144
0.0
144
0.0
144
0.0
144
0.0
144
1.0
144
0.0
144
0.0
144
0.0
144
0.0
144
1.0
 94
       63
1001
ACAD
1070
    -1
1070
     3
1070
     0
1000

1071
        0
1070
     0
  0
MLEADERSTYLE
  5
13B
102
{ACAD_REACTORS
330
12D
102
}
330
12D
100
AcDbMLeaderStyle
179
     2
170
     2
171
     1
172
     0
 90
        2
 40
0.0
 41
0.0
173
     1
 91
-1056964608
340
14
 92
       -2
290
     1
 42
2.0
291
     1
 43
8.0
  3
Standard
 44
4.0
300

342
11
174
     1
178
     1
175
     1
176
     0
 93
-1056964608
 45
4.0
292
     0
297
     0
 46
4.0
 94
-1056964608
 47
1.0
 49
1.0
140
1.0
293
     1
141
0.0
294
     1
177
     0
142
1.0
295
     0
296
     1
143
3.75
271
     0
272
     9
273
     9
298
     0
  0
MLEADERSTYLE
  5
12E
102
{ACAD_REACTORS
330
12D
102
}
330
12D
100
AcDbMLeaderStyle
179
     2
170
     2
171
     1
172
     0
 90
        2
 40
0.0
 41
0.0
173
     1
 91
-1056964608
340
14
 92
       -2
290
     1
 42
2.0
291
     1
 43
8.0
  3
Standard
 44
4.0
300

342
11
174
     1
178
     1
175
     1
176
     0
 93
-1056964608
 45
4.0
292
     0
297
     0
 46
4.0
 94
-1056964608
 47
1.0
 49
1.0
140
1.0
293
     1
141
0.0
294
     1
177
     0
142
1.0
295
     0
296
     0
143
3.75
271
     0
272
     9
273
     9
298
     0
  0
MLINESTYLE
  5
18
102
{ACAD_REACTORS
330
17
102
}
330
17
100
AcDbMlineStyle
  2
STANDARD
 70
     0
  3

 62
   256
 51
90.0
 52
90.0
 71
     2
 49
0.5
 62
   256
  6
BYLAYER
 49
-0.5
 62
   256
  6
BYLAYER
  0
ACDBPLACEHOLDER
  5
F
102
{ACAD_REACTORS
330
E
102
}
330
E
  0
ACAD_PROXY_OBJECT
  5
78E
102
{ACAD_REACTORS
330
78A
102
}
330
78A
100
AcDbProxyObject
 90
      499
 91
      518
 71
    33
 97
      329
 70
     0
162
               694
311
4510C01BC019801980194019400B4010801C80194018401AC0080014401D4018401B001A401D001E40245948019401B80190019401C801CC0080019801BC01C8008000C400C0008001B401A401B801D401D0019401CC00
161
               217
310
40AD0340D014050A40502000000000000021000000000000000840CC
 94
        0
  0
ACAD_PROXY_OBJECT
  5
78D
102
{ACAD_REACTORS
330
78A
102
}
330
78A
100
AcDbProxyObject
 90
      499
 91
      518
 71
    33
 97
      329
 70
     0
162
               518
311
4112001A4019C01A00246D0401C001C001B001A4019401CC008000C400C0008001C8019401B80190019401C801A401B8019C008001B0019401D8019401B001CC00
161
               209
310
40AD0240E4290140902000000000000021000000000000000840CC
 94
        0
  0
ACAD_PROXY_OBJECT
  5
78B
102
{ACAD_REACTORS
330
78A
102
}
330
78A
100
AcDbProxyObject
 90
      499
 91
      518
 71
    33
 97
      329
 70
     0
162
               470
311
40D3001BC01DC024650401C001C001B001A4019401CC008000C4008001C8019401B80190019401C801A401B8019C008001B0019401D8019401B000
161
               193
310
40AE40E40501902000000000000021000000000000000840CC
 94
        0
  0
ACAD_PROXY_OBJECT
  5
78F
102
{ACAD_REACTORS
330
78A
102
}
330
78A
100
AcDbProxyObject
 90
      499
 91
      518
 71
    33
 97
      329
 70
     0
162
               582
311
4353001D401B8018C01A00080014401D4018401B001A401D001E40245948019401B80190019401C801CC0080019801BC01C8008000D800C0008001B401A401B801D401D0019401CC00
161
               217
310
40AD0440D014053C40902000000000000021000000000000000840CC
 94
        0
  0
ACAD_PROXY_OBJECT
  5
78C
102
{ACAD_REACTORS
330
78A
102
}
330
78A
100
AcDbProxyObject
 90
      499
 91
      518
 71
    33
 97
      329
 70
     0
162
               534
311
419340194019001A401D401B4024690401C001C001B001A4019401CC008000D4008001C8019401B80190019401C801A401B8019C008001B0019401D8019401B001CC00
161
               209
310
40AD0140E4150140502000000000000021000000000000000840CC
 94
        0
  0
ACAD_PROXY_OBJECT
  5
790
102
{ACAD_REACTORS
330
78A
102
}
330
78A
100
AcDbProxyObject
 90
      499
 91
      518
 71
    33
 97
      329
 70
     0
162
               614
311
4453C01D8019401C801B801A4019C01A001D00080014401D4018401B001A401D001E40245148019401B80190019401C801CC0080019801BC01C8008000C400C8008001A001BC01D401C801CC00
161
               241
310
40AD0540D01404D002000040902000000000000021000000000000000840CC
 94
        0
  0
SCALE
  5
10D
102
{ACAD_REACTORS
330
10C
102
}
330
10C
100
AcDbScale
 70
     0
300
1:1
140
1.0
141
1.0
290
     1
  0
SCALE
  5
1BE
102
{ACAD_REACTORS
330
10C
102
}
330
10C
100
AcDbScale
 70
     0
300
1:2
140
1.0
141
2.0
290
     0
  0
SCALE
  5
1BF
102
{ACAD_REACTORS
330
10C
102
}
330
10C
100
AcDbScale
 70
     0
300
1:4
140
1.0
141
4.0
290
     0
  0
SCALE
  5
1C0
102
{ACAD_REACTORS
330
10C
102
}
330
10C
100
AcDbScale
 70
     0
300
1:5
140
1.0
141
5.0
290
     0
  0
SCALE
  5
1C1
102
{ACAD_REACTORS
330
10C
102
}
330
10C
100
AcDbScale
 70
     0
300
1:8
140
1.0
141
8.0
290
     0
  0
SCALE
  5
1C2
102
{ACAD_REACTORS
330
10C
102
}
330
10C
100
AcDbScale
 70
     0
300
1:10
140
1.0
141
10.0
290
     0
  0
SCALE
  5
1C3
102
{ACAD_REACTORS
330
10C
102
}
330
10C
100
AcDbScale
 70
     0
300
1:16
140
1.0
141
16.0
290
     0
  0
SCALE
  5
1C4
102
{ACAD_REACTORS
330
10C
102
}
330
10C
100
AcDbScale
 70
     0
300
1:20
140
1.0
141
20.0
290
     0
  0
SCALE
  5
1C5
102
{ACAD_REACTORS
330
10C
102
}
330
10C
100
AcDbScale
 70
     0
300
1:30
140
1.0
141
30.0
290
     0
  0
SCALE
  5
1C6
102
{ACAD_REACTORS
330
10C
102
}
330
10C
100
AcDbScale
 70
     0
300
1:40
140
1.0
141
40.0
290
     0
  0
SCALE
  5
1C7
102
{ACAD_REACTORS
330
10C
102
}
330
10C
100
AcDbScale
 70
     0
300
1:50
140
1.0
141
50.0
290
     0
  0
SCALE
  5
1C8
102
{ACAD_REACTORS
330
10C
102
}
330
10C
100
AcDbScale
 70
     0
300
1:100
140
1.0
141
100.0
290
     0
  0
SCALE
  5
1C9
102
{ACAD_REACTORS
330
10C
102
}
330
10C
100
AcDbScale
 70
     0
300
2:1
140
2.0
141
1.0
290
     0
  0
SCALE
  5
1CA
102
{ACAD_REACTORS
330
10C
102
}
330
10C
100
AcDbScale
 70
     0
300
4:1
140
4.0
141
1.0
290
     0
  0
SCALE
  5
1CB
102
{ACAD_REACTORS
330
10C
102
}
330
10C
100
AcDbScale
 70
     0
300
8:1
140
8.0
141
1.0
290
     0
  0
SCALE
  5
1CC
102
{ACAD_REACTORS
330
10C
102
}
330
10C
100
AcDbScale
 70
     0
300
10:1
140
10.0
141
1.0
290
     0
  0
SCALE
  5
1CD
102
{ACAD_REACTORS
330
10C
102
}
330
10C
100
AcDbScale
 70
     0
300
100:1
140
100.0
141
1.0
290
     0
  0
ACDBSECTIONVIEWSTYLE
  5
21A
102
{ACAD_REACTORS
330
219
102
}
330
219
100
AcDbModelDocViewStyle
 70
     0
  3
Metric50
290
     0
300
Metric50
 90
        0
100
AcDbSectionViewStyle
 70
     0
 71
     0
 90
      102
 71
     1
340
11
 62
   256
 40
5.0
340
0
340
0
 62
   256
 40
5.0
300
I, O, Q, S, X, Z
 40
10.0
 90
        0
 40
2.5
 90
        0
 71
     2
340
16
 90
       25
 62
   256
340
16
 90
       50
 62
   256
 40
5.0
 40
2.5
 40
5.0
 71
     3
340
11
 62
   256
 40
5.0
 90
        0
 40
15.0
 90
        1
300
%<\AcVar ViewSectionStartId>%-%<\AcVar ViewSectionEndId>% (%<\AcVar ViewScale \f "%sn">%)
 71
     4
 62
   256
 62
   257
300
ANSI31
 40
1.0
 90
        0
290
     0
290
     0
 90
        6
 40
0.0
 40
1.570796326794896
 40
0.2617993877991494
 40
1.308996938995747
 40
-0.2617993877991494
 40
1.832595714594045
  0
TABLESTYLE
  5
7F
102
{ACAD_XDICTIONARY
360
162
102
}
102
{ACAD_REACTORS
330
7E
102
}
330
7E
100
AcDbTableStyle
280
     0
  3
Standard
 70
     0
 71
     0
 40
1.5
 41
1.5
280
     0
281
     0
  7
Standard
140
4.5
170
     2
 62
     0
 63
     7
283
     0
 90
      512
 91
        0
  1

274
    -2
284
     1
 64
     0
275
    -2
285
     1
 65
     0
276
    -2
286
     1
 66
     0
277
    -2
287
     1
 67
     0
278
    -2
288
     1
 68
     0
279
    -2
289
     1
 69
     0
  7
Standard
140
6.0
170
     5
 62
     0
 63
     7
283
     0
 90
      512
 91
        0
  1

274
    -2
284
     1
 64
     0
275
    -2
285
     1
 65
     0
276
    -2
286
     1
 66
     0
277
    -2
287
     1
 67
     0
278
    -2
288
     1
 68
     0
279
    -2
289
     1
 69
     0
  7
Standard
140
4.5
170
     5
 62
     0
 63
     7
283
     0
 90
      512
 91
        0
  1

274
    -2
284
     1
 64
     0
275
    -2
285
     1
 65
     0
276
    -2
286
     1
 66
     0
277
    -2
287
     1
 67
     0
278
    -2
288
     1
 68
     0
279
    -2
289
     1
 69
     0
  0
VISUALSTYLE
  5
F5
102
{ACAD_REACTORS
330
EF
102
}
330
EF
100
AcDbVisualStyle
  2
2dWireframe
 70
     4
177
     3
291
     0
 70
    58
 90
        0
176
     1
 90
        2
176
     1
 90
        1
176
     1
 90
        0
176
     1
 40
0.6
176
     1
 40
30.0
176
     1
 62
     7
420
 16777215
176
     1
 90
        1
176
     1
 90
        4
176
     1
 62
     7
176
     1
 62
   257
176
     1
 90
        1
176
     1
 90
        1
176
     1
 40
1.0
176
     1
 90
        0
176
     1
 62
   257
176
     1
 40
1.0
176
     1
 90
        1
176
     1
 90
        6
176
     1
 90
        2
176
     1
 62
     7
176
     1
 90
        5
176
     1
 90
        0
176
     1
 90
        0
176
     1
290
     0
176
     1
 90
        1
176
     1
 40
0.0
176
     1
 90
        0
176
     1
290
     1
176
     1
290
     1
176
     1
290
     0
176
     1
290
     0
176
     1
290
     0
176
     1
290
     0
176
     1
290
     0
176
     1
290
     0
176
     1
290
     0
176
     1
 90
       50
176
     1
 40
0.0
176
     1
 40
1.0
176
     1
 90
        0
176
     1
 62
    18
176
     1
 90
       50
176
     1
 90
        3
176
     1
 62
     5
420
      255
176
     1
290
     0
176
     1
 90
       50
176
     1
 90
       50
176
     1
 90
       50
176
     1
290
     0
176
     1
 90
       50
176
     1
 62
   256
176
     0
 40
1.0
176
     0
 90
        2
176
     1
  1
strokes_ogs.tif
176
     1
290
     0
176
     1
 40
1.0
176
     1
 40
1.0
176
     1
  0
VISUALSTYLE
  5
F4
102
{ACAD_REACTORS
330
EF
102
}
330
EF
100
AcDbVisualStyle
  2
Basic
 70
     7
177
     3
291
     1
 70
    58
 90
        1
176
     1
 90
        0
176
     1
 90
        1
176
     1
 90
        0
176
     1
 40
0.6
176
     1
 40
30.0
176
     1
 62
     7
420
 16777215
176
     1
 90
        0
176
     1
 90
        4
176
     1
 62
     7
176
     1
 62
   257
176
     1
 90
        1
176
     1
 90
        1
176
     1
 40
1.0
176
     1
 90
        8
176
     1
 62
     7
176
     1
 40
1.0
176
     1
 90
        1
176
     1
 90
        6
176
     1
 90
        2
176
     1
 62
     7
176
     1
 90
        5
176
     1
 90
        0
176
     1
 90
        0
176
     1
290
     0
176
     1
 90
        1
176
     1
 40
0.0
176
     1
 90
        0
176
     1
290
     0
176
     1
290
     1
176
     1
290
     1
176
     1
290
     0
176
     1
290
     0
176
     1
290
     0
176
     1
290
     0
176
     1
290
     0
176
     1
290
     0
176
     1
 90
       50
176
     1
 40
0.0
176
     1
 40
1.0
176
     1
 90
        0
176
     1
 62
    18
176
     1
 90
       50
176
     1
 90
        3
176
     1
 62
     5
420
      255
176
     1
290
     0
176
     1
 90
       50
176
     1
 90
       50
176
     1
 90
       50
176
     1
290
     0
176
     1
 90
       50
176
     1
 62
   256
176
     0
 40
1.0
176
     0
 90
        2
176
     1
  1
strokes_ogs.tif
176
     1
290
     0
176
     1
 40
1.0
176
     1
 40
1.0
176
     1
  0
VISUALSTYLE
  5
FB
102
{ACAD_REACTORS
330
EF
102
}
330
EF
100
AcDbVisualStyle
  2
Brighten
 70
    12
177
     3
291
     1
 70
    58
 90
        2
176
     1
 90
        2
176
     1
 90
        1
176
     1
 90
        0
176
     1
 40
0.6
176
     1
 40
30.0
176
     1
 62
     7
420
 16777215
176
     1
 90
        1
176
     1
 90
        4
176
     1
 62
     7
176
     1
 62
   257
176
     1
 90
        1
176
     1
 90
        1
176
     1
 40
1.0
176
     1
 90
        8
176
     1
 62
     7
176
     1
 40
1.0
176
     1
 90
        1
176
     1
 90
        6
176
     1
 90
        2
176
     1
 62
     7
176
     1
 90
        5
176
     1
 90
        0
176
     1
 90
        0
176
     1
290
     0
176
     1
 90
        1
176
     1
 40
50.0
176
     1
 90
        0
176
     1
290
     0
176
     1
290
     1
176
     1
290
     1
176
     1
290
     0
176
     1
290
     0
176
     1
290
     0
176
     1
290
     0
176
     1
290
     0
176
     1
290
     0
176
     1
 90
       50
176
     1
 40
0.0
176
     1
 40
1.0
176
     1
 90
        0
176
     1
 62
    18
176
     1
 90
       50
176
     1
 90
        3
176
     1
 62
     5
420
      255
176
     1
290
     0
176
     1
 90
       50
176
     1
 90
       50
176
     1
 90
       50
176
     1
290
     0
176
     1
 90
       50
176
     1
 62
   256
176
     0
 40
1.0
176
     0
 90
        2
176
     1
  1
strokes_ogs.tif
176
     1
290
     0
176
     1
 40
1.0
176
     1
 40
1.0
176
     1
  0
VISUALSTYLE
  5
FF
102
{ACAD_REACTORS
330
EF
102
}
330
EF
100
AcDbVisualStyle
  2
ColorChange
 70
    16
177
     3
291
     1
 70
    58
 90
        2
176
     1
 90
        2
176
     1
 90
        3
176
     1
 90
        0
176
     1
 40
0.6
176
     1
 40
30.0
176
     1
 62
     8
420
  8421504
176
     1
 90
        1
176
     1
 90
        4
176
     1
 62
     7
176
     1
 62
   257
176
     1
 90
        1
176
     1
 90
        1
176
     1
 40
1.0
176
     1
 90
        8
176
     1
 62
     8
420
  8421504
176
     1
 40
1.0
176
     1
 90
        1
176
     1
 90
        6
176
     1
 90
        2
176
     1
 62
     7
176
     1
 90
        5
176
     1
 90
        0
176
     1
 90
        0
176
     1
290
     0
176
     1
 90
        1
176
     1
 40
0.0
176
     1
 90
        0
176
     1
290
     0
176
     1
290
     1
176
     1
290
     1
176
     1
290
     0
176
     1
290
     0
176
     1
290
     0
176
     1
290
     0
176
     1
290
     0
176
     1
290
     0
176
     1
 90
       50
176
     1
 40
0.0
176
     1
 40
1.0
176
     1
 90
        0
176
     1
 62
    18
176
     1
 90
       50
176
     1
 90
        3
176
     1
 62
     5
420
      255
176
     1
290
     0
176
     1
 90
       50
176
     1
 90
       50
176
     1
 90
       50
176
     1
290
     0
176
     1
 90
       50
176
     1
 62
   256
176
     0
 40
1.0
176
     0
 90
        2
176
     1
  1
strokes_ogs.tif
176
     1
290
     0
176
     1
 40
1.0
176
     1
 40
1.0
176
     1
  0
VISUALSTYLE
  5
F8
102
{ACAD_REACTORS
330
EF
102
}
330
EF
100
AcDbVisualStyle
  2
Conceptual
 70
     9
177
     3
291
     0
 70
    58
 90
        3
176
     1
 90
        2
176
     1
 90
        1
176
     1
 90
        0
176
     1
 40
0.6
176
     1
 40
30.0
176
     1
 62
     7
420
 16777215
176
     1
 90
        2
176
     1
 90
        2
176
     1
 62
     7
176
     1
 62
   257
176
     1
 90
        1
176
     1
 90
        1
176
     1
 40
40.0
176
     1
 90
        8
176
     1
 62
     7
176
     1
 40
1.0
176
     1
 90
        1
176
     1
 90
        6
176
     1
 90
        2
176
     1
 62
     7
176
     1
 90
        3
176
     1
 90
        0
176
     1
 90
        0
176
     1
290
     0
176
     1
 90
        1
176
     1
 40
0.0
176
     1
 90
        0
176
     1
290
     0
176
     1
290
     1
176
     1
290
     1
176
     1
290
     0
176
     1
290
     0
176
     1
290
     0
176
     1
290
     0
176
     1
290
     0
176
     1
290
     0
176
     1
 90
       50
176
     1
 40
0.0
176
     1
 40
1.0
176
     1
 90
        0
176
     1
 62
    18
176
     1
 90
       50
176
     1
 90
        3
176
     1
 62
     5
420
      255
176
     1
290
     0
176
     1
 90
       50
176
     1
 90
       50
176
     1
 90
       50
176
     1
290
     0
176
     1
 90
       50
176
     1
 62
   256
176
     0
 40
1.0
176
     0
 90
        2
176
     1
  1
strokes_ogs.tif
176
     1
290
     0
176
     1
 40
1.0
176
     1
 40
1.0
176
     1
  0
VISUALSTYLE
  5
FA
102
{ACAD_REACTORS
330
EF
102
}
330
EF
100
AcDbVisualStyle
  2
Dim
 70
    11
177
     3
291
     1
 70
    58
 90
        2
176
     1
 90
        2
176
     1
 90
        1
176
     1
 90
        0
176
     1
 40
0.6
176
     1
 40
30.0
176
     1
 62
     7
420
 16777215
176
     1
 90
        1
176
     1
 90
        4
176
     1
 62
     7
176
     1
 62
   257
176
     1
 90
        1
176
     1
 90
        1
176
     1
 40
1.0
176
     1
 90
        8
176
     1
 62
     7
176
     1
 40
1.0
176
     1
 90
        1
176
     1
 90
        6
176
     1
 90
        2
176
     1
 62
     7
176
     1
 90
        5
176
     1
 90
        0
176
     1
 90
        0
176
     1
290
     0
176
     1
 90
        1
176
     1
 40
-50.0
176
     1
 90
        0
176
     1
290
     0
176
     1
290
     1
176
     1
290
     1
176
     1
290
     0
176
     1
290
     0
176
     1
290
     0
176
     1
290
     0
176
     1
290
     0
176
     1
290
     0
176
     1
 90
       50
176
     1
 40
0.0
176
     1
 40
1.0
176
     1
 90
        0
176
     1
 62
    18
176
     1
 90
       50
176
     1
 90
        3
176
     1
 62
     5
420
      255
176
     1
290
     0
176
     1
 90
       50
176
     1
 90
       50
176
     1
 90
       50
176
     1
290
     0
176
     1
 90
       50
176
     1
 62
   256
176
     0
 40
1.0
176
     0
 90
        2
176
     1
  1
strokes_ogs.tif
176
     1
290
     0
176
     1
 40
1.0
176
     1
 40
1.0
176
     1
  0
VISUALSTYLE
  5
1E6
102
{ACAD_REACTORS
330
EF
102
}
330
EF
100
AcDbVisualStyle
  2
EdgeColorOff
 70
    22
177
     3
291
     1
 70
    58
 90
        2
176
     0
 90
        2
176
     0
 90
        0
176
     0
 90
        0
176
     0
 40
0.6
176
     0
 40
30.0
176
     0
 62
     7
420
 16777215
176
     0
 90
        1
176
     0
 90
        4
176
     0
 62
     7
176
     0
 62
   257
176
     0
 90
        1
176
     0
 90
        1
176
     0
 40
1.0
176
     0
 90
        8
176
     2
 62
     7
176
     0
 40
1.0
176
     0
 90
        1
176
     0
 90
        6
176
     0
 90
        2
176
     0
 62
     7
176
     0
 90
        5
176
     0
 90
        0
176
     0
 90
        0
176
     0
290
     0
176
     0
 90
        1
176
     0
 40
0.0
176
     0
 90
        0
176
     0
290
     0
176
     1
290
     1
176
     1
290
     1
176
     1
290
     0
176
     1
290
     0
176
     1
290
     0
176
     1
290
     0
176
     1
290
     0
176
     1
290
     0
176
     1
 90
       50
176
     1
 40
0.0
176
     1
 40
1.0
176
     1
 90
        0
176
     1
 62
    18
176
     1
 90
       50
176
     1
 90
        3
176
     1
 62
     5
420
      255
176
     1
290
     0
176
     1
 90
       50
176
     1
 90
       50
176
     1
 90
       50
176
     1
290
     0
176
     1
 90
       50
176
     1
 62
   256
176
     0
 40
1.0
176
     0
 90
        2
176
     1
  1
strokes_ogs.tif
176
     1
290
     0
176
     1
 40
1.0
176
     1
 40
1.0
176
     1
  0
VISUALSTYLE
  5
FE
102
{ACAD_REACTORS
330
EF
102
}
330
EF
100
AcDbVisualStyle
  2
Facepattern
 70
    15
177
     3
291
     1
 70
    58
 90
        2
176
     1
 90
        2
176
     1
 90
        1
176
     1
 90
        0
176
     1
 40
0.6
176
     1
 40
30.0
176
     1
 62
     7
420
 16777215
176
     1
 90
        1
176
     1
 90
        4
176
     1
 62
     7
176
     1
 62
   257
176
     1
 90
        1
176
     1
 90
        1
176
     1
 40
1.0
176
     1
 90
        8
176
     1
 62
     7
176
     1
 40
1.0
176
     1
 90
        1
176
     1
 90
        6
176
     1
 90
        2
176
     1
 62
     7
176
     1
 90
        5
176
     1
 90
        0
176
     1
 90
        0
176
     1
290
     0
176
     1
 90
        1
176
     1
 40
0.0
176
     1
 90
        0
176
     1
290
     0
176
     1
290
     1
176
     1
290
     1
176
     1
290
     0
176
     1
290
     0
176
     1
290
     0
176
     1
290
     0
176
     1
290
     0
176
     1
290
     0
176
     1
 90
       50
176
     1
 40
0.0
176
     1
 40
1.0
176
     1
 90
        0
176
     1
 62
    18
176
     1
 90
       50
176
     1
 90
        3
176
     1
 62
     5
420
      255
176
     1
290
     0
176
     1
 90
       50
176
     1
 90
       50
176
     1
 90
       50
176
     1
290
     0
176
     1
 90
       50
176
     1
 62
   256
176
     0
 40
1.0
176
     0
 90
        2
176
     1
  1
strokes_ogs.tif
176
     1
290
     0
176
     1
 40
1.0
176
     1
 40
1.0
176
     1
  0
VISUALSTYLE
  5
F0
102
{ACAD_REACTORS
330
EF
102
}
330
EF
100
AcDbVisualStyle
  2
Flat
 70
     0
177
     3
291
     1
 70
    58
 90
        2
176
     1
 90
        1
176
     1
 90
        1
176
     1
 90
        2
176
     1
 40
0.6
176
     1
 40
30.0
176
     1
 62
     7
420
 16777215
176
     1
 90
        0
176
     1
 90
        0
176
     1
 62
     7
176
     1
 62
   257
176
     1
 90
        1
176
     1
 90
        1
176
     1
 40
1.0
176
     1
 90
        8
176
     1
 62
     7
176
     1
 40
1.0
176
     1
 90
        1
176
     1
 90
        6
176
     1
 90
        2
176
     1
 62
     7
176
     1
 90
        5
176
     1
 90
        0
176
     1
 90
        0
176
     1
290
     0
176
     1
 90
       13
176
     1
 40
0.0
176
     1
 90
        0
176
     1
290
     0
176
     1
290
     1
176
     1
290
     1
176
     1
290
     0
176
     1
290
     0
176
     1
290
     0
176
     1
290
     0
176
     1
290
     0
176
     1
290
     0
176
     1
 90
       50
176
     1
 40
0.0
176
     1
 40
1.0
176
     1
 90
        0
176
     1
 62
    18
176
     1
 90
       50
176
     1
 90
        3
176
     1
 62
     5
420
      255
176
     1
290
     0
176
     1
 90
       50
176
     1
 90
       50
176
     1
 90
       50
176
     1
290
     0
176
     1
 90
       50
176
     1
 62
   256
176
     0
 40
1.0
176
     0
 90
        2
176
     1
  1
strokes_ogs.tif
176
     1
290
     0
176
     1
 40
1.0
176
     1
 40
1.0
176
     1
  0
VISUALSTYLE
  5
F1
102
{ACAD_REACTORS
330
EF
102
}
330
EF
100
AcDbVisualStyle
  2
FlatWithEdges
 70
     1
177
     3
291
     1
 70
    58
 90
        2
176
     1
 90
        1
176
     1
 90
        1
176
     1
 90
        2
176
     1
 40
0.6
176
     1
 40
30.0
176
     1
 62
     7
420
 16777215
176
     1
 90
        1
176
     1
 90
        0
176
     1
 62
     7
176
     1
 62
   257
176
     1
 90
        1
176
     1
 90
        1
176
     1
 40
1.0
176
     1
 90
        0
176
     1
 62
   257
176
     1
 40
1.0
176
     1
 90
        1
176
     1
 90
        6
176
     1
 90
        2
176
     1
 62
     7
176
     1
 90
        5
176
     1
 90
        0
176
     1
 90
        0
176
     1
290
     0
176
     1
 90
       13
176
     1
 40
0.0
176
     1
 90
        0
176
     1
290
     0
176
     1
290
     1
176
     1
290
     1
176
     1
290
     0
176
     1
290
     0
176
     1
290
     0
176
     1
290
     0
176
     1
290
     0
176
     1
290
     0
176
     1
 90
       50
176
     1
 40
0.0
176
     1
 40
1.0
176
     1
 90
        0
176
     1
 62
    18
176
     1
 90
       50
176
     1
 90
        3
176
     1
 62
     5
420
      255
176
     1
290
     0
176
     1
 90
       50
176
     1
 90
       50
176
     1
 90
       50
176
     1
290
     0
176
     1
 90
       50
176
     1
 62
   256
176
     0
 40
1.0
176
     0
 90
        2
176
     1
  1
strokes_ogs.tif
176
     1
290
     0
176
     1
 40
1.0
176
     1
 40
1.0
176
     1
  0
VISUALSTYLE
  5
F2
102
{ACAD_REACTORS
330
EF
102
}
330
EF
100
AcDbVisualStyle
  2
Gouraud
 70
     2
177
     3
291
     1
 70
    58
 90
        2
176
     1
 90
        2
176
     1
 90
        1
176
     1
 90
        2
176
     1
 40
0.6
176
     1
 40
30.0
176
     1
 62
     7
420
 16777215
176
     1
 90
        0
176
     1
 90
        0
176
     1
 62
     7
176
     1
 62
   257
176
     1
 90
        1
176
     1
 90
        1
176
     1
 40
1.0
176
     1
 90
        0
176
     1
 62
     7
176
     1
 40
1.0
176
     1
 90
        1
176
     1
 90
        6
176
     1
 90
        2
176
     1
 62
     7
176
     1
 90
        5
176
     1
 90
        0
176
     1
 90
        0
176
     1
290
     0
176
     1
 90
       13
176
     1
 40
0.0
176
     1
 90
        0
176
     1
290
     0
176
     1
290
     1
176
     1
290
     1
176
     1
290
     0
176
     1
290
     0
176
     1
290
     0
176
     1
290
     0
176
     1
290
     0
176
     1
290
     0
176
     1
 90
       50
176
     1
 40
0.0
176
     1
 40
1.0
176
     1
 90
        0
176
     1
 62
    18
176
     1
 90
       50
176
     1
 90
        3
176
     1
 62
     5
420
      255
176
     1
290
     0
176
     1
 90
       50
176
     1
 90
       50
176
     1
 90
       50
176
     1
290
     0
176
     1
 90
       50
176
     1
 62
   256
176
     0
 40
1.0
176
     0
 90
        2
176
     1
  1
strokes_ogs.tif
176
     1
290
     0
176
     1
 40
1.0
176
     1
 40
1.0
176
     1
  0
VISUALSTYLE
  5
F3
102
{ACAD_REACTORS
330
EF
102
}
330
EF
100
AcDbVisualStyle
  2
GouraudWithEdges
 70
     3
177
     3
291
     1
 70
    58
 90
        2
176
     1
 90
        2
176
     1
 90
        1
176
     1
 90
        2
176
     1
 40
0.6
176
     1
 40
30.0
176
     1
 62
     7
420
 16777215
176
     1
 90
        1
176
     1
 90
        0
176
     1
 62
     7
176
     1
 62
   257
176
     1
 90
        1
176
     1
 90
        1
176
     1
 40
1.0
176
     1
 90
        0
176
     1
 62
   257
176
     1
 40
1.0
176
     1
 90
        1
176
     1
 90
        6
176
     1
 90
        2
176
     1
 62
     7
176
     1
 90
        5
176
     1
 90
        0
176
     1
 90
        0
176
     1
290
     0
176
     1
 90
       13
176
     1
 40
0.0
176
     1
 90
        0
176
     1
290
     0
176
     1
290
     1
176
     1
290
     1
176
     1
290
     0
176
     1
290
     0
176
     1
290
     0
176
     1
290
     0
176
     1
290
     0
176
     1
290
     0
176
     1
 90
       50
176
     1
 40
0.0
176
     1
 40
1.0
176
     1
 90
        0
176
     1
 62
    18
176
     1
 90
       50
176
     1
 90
        3
176
     1
 62
     5
420
      255
176
     1
290
     0
176
     1
 90
       50
176
     1
 90
       50
176
     1
 90
       50
176
     1
290
     0
176
     1
 90
       50
176
     1
 62
   256
176
     0
 40
1.0
176
     0
 90
        2
176
     1
  1
strokes_ogs.tif
176
     1
290
     0
176
     1
 40
1.0
176
     1
 40
1.0
176
     1
  0
VISUALSTYLE
  5
F7
102
{ACAD_REACTORS
330
EF
102
}
330
EF
100
AcDbVisualStyle
  2
Hidden
 70
     6
177
     3
291
     0
 70
    58
 90
        1
176
     1
 90
        2
176
     1
 90
        2
176
     1
 90
        0
176
     1
 40
0.6
176
     1
 40
30.0
176
     1
 62
     7
420
 16777215
176
     1
 90
        2
176
     1
 90
        2
176
     1
 62
     7
176
     1
 62
   257
176
     1
 90
        2
176
     1
 90
        1
176
     1
 40
40.0
176
     1
 90
        0
176
     1
 62
   257
176
     1
 40
1.0
176
     1
 90
        1
176
     1
 90
        6
176
     1
 90
        2
176
     1
 62
     7
176
     1
 90
        3
176
     1
 90
        0
176
     1
 90
        0
176
     1
290
     0
176
     1
 90
        1
176
     1
 40
0.0
176
     1
 90
        0
176
     1
290
     0
176
     1
290
     1
176
     1
290
     1
176
     1
290
     0
176
     1
290
     0
176
     1
290
     0
176
     1
290
     0
176
     1
290
     0
176
     1
290
     0
176
     1
 90
       50
176
     1
 40
0.0
176
     1
 40
1.0
176
     1
 90
        0
176
     1
 62
    18
176
     1
 90
       50
176
     1
 90
        3
176
     1
 62
     5
420
      255
176
     1
290
     0
176
     1
 90
       50
176
     1
 90
       50
176
     1
 90
       50
176
     1
290
     0
176
     1
 90
       50
176
     1
 62
   256
176
     0
 40
1.0
176
     0
 90
        2
176
     1
  1
strokes_ogs.tif
176
     1
290
     0
176
     1
 40
1.0
176
     1
 40
1.0
176
     1
  0
VISUALSTYLE
  5
1E4
102
{ACAD_REACTORS
330
EF
102
}
330
EF
100
AcDbVisualStyle
  2
JitterOff
 70
    20
177
     3
291
     1
 70
    58
 90
        2
176
     0
 90
        2
176
     0
 90
        0
176
     0
 90
        0
176
     0
 40
0.6
176
     0
 40
30.0
176
     0
 62
     7
420
 16777215
176
     0
 90
        1
176
     0
 90
        4
176
     0
 62
     7
176
     0
 62
   257
176
     0
 90
        1
176
     0
 90
        1
176
     0
 40
1.0
176
     0
 90
       10
176
     2
 62
     7
176
     0
 40
1.0
176
     0
 90
        1
176
     0
 90
        6
176
     0
 90
        2
176
     0
 62
     7
176
     0
 90
        5
176
     0
 90
        0
176
     0
 90
        0
176
     0
290
     0
176
     0
 90
        1
176
     0
 40
0.0
176
     0
 90
        0
176
     0
290
     0
176
     1
290
     1
176
     1
290
     1
176
     1
290
     0
176
     1
290
     0
176
     1
290
     0
176
     1
290
     0
176
     1
290
     0
176
     1
290
     0
176
     1
 90
       50
176
     1
 40
0.0
176
     1
 40
1.0
176
     1
 90
        0
176
     1
 62
    18
176
     1
 90
       50
176
     1
 90
        3
176
     1
 62
     5
420
      255
176
     1
290
     0
176
     1
 90
       50
176
     1
 90
       50
176
     1
 90
       50
176
     1
290
     0
176
     1
 90
       50
176
     1
 62
   256
176
     0
 40
1.0
176
     0
 90
        2
176
     1
  1
strokes_ogs.tif
176
     1
290
     0
176
     1
 40
1.0
176
     1
 40
1.0
176
     1
  0
VISUALSTYLE
  5
FD
102
{ACAD_REACTORS
330
EF
102
}
330
EF
100
AcDbVisualStyle
  2
Linepattern
 70
    14
177
     3
291
     1
 70
    58
 90
        2
176
     1
 90
        2
176
     1
 90
        1
176
     1
 90
        0
176
     1
 40
0.6
176
     1
 40
30.0
176
     1
 62
     7
420
 16777215
176
     1
 90
        1
176
     1
 90
        4
176
     1
 62
     7
176
     1
 62
   257
176
     1
 90
        7
176
     1
 90
        7
176
     1
 40
1.0
176
     1
 90
        8
176
     1
 62
     7
176
     1
 40
1.0
176
     1
 90
        1
176
     1
 90
        6
176
     1
 90
        2
176
     1
 62
     7
176
     1
 90
        5
176
     1
 90
        0
176
     1
 90
        0
176
     1
290
     0
176
     1
 90
        1
176
     1
 40
0.0
176
     1
 90
        0
176
     1
290
     0
176
     1
290
     1
176
     1
290
     1
176
     1
290
     0
176
     1
290
     0
176
     1
290
     0
176
     1
290
     0
176
     1
290
     0
176
     1
290
     0
176
     1
 90
       50
176
     1
 40
0.0
176
     1
 40
1.0
176
     1
 90
        0
176
     1
 62
    18
176
     1
 90
       50
176
     1
 90
        3
176
     1
 62
     5
420
      255
176
     1
290
     0
176
     1
 90
       50
176
     1
 90
       50
176
     1
 90
       50
176
     1
290
     0
176
     1
 90
       50
176
     1
 62
   256
176
     0
 40
1.0
176
     0
 90
        2
176
     1
  1
strokes_ogs.tif
176
     1
290
     0
176
     1
 40
1.0
176
     1
 40
1.0
176
     1
  0
VISUALSTYLE
  5
1E5
102
{ACAD_REACTORS
330
EF
102
}
330
EF
100
AcDbVisualStyle
  2
OverhangOff
 70
    21
177
     3
291
     1
 70
    58
 90
        2
176
     0
 90
        2
176
     0
 90
        0
176
     0
 90
        0
176
     0
 40
0.6
176
     0
 40
30.0
176
     0
 62
     7
420
 16777215
176
     0
 90
        1
176
     0
 90
        4
176
     0
 62
     7
176
     0
 62
   257
176
     0
 90
        1
176
     0
 90
        1
176
     0
 40
1.0
176
     0
 90
        9
176
     2
 62
     7
176
     0
 40
1.0
176
     0
 90
        1
176
     0
 90
        6
176
     0
 90
        2
176
     0
 62
     7
176
     0
 90
        5
176
     0
 90
        0
176
     0
 90
        0
176
     0
290
     0
176
     0
 90
        1
176
     0
 40
0.0
176
     0
 90
        0
176
     0
290
     0
176
     1
290
     1
176
     1
290
     1
176
     1
290
     0
176
     1
290
     0
176
     1
290
     0
176
     1
290
     0
176
     1
290
     0
176
     1
290
     0
176
     1
 90
       50
176
     1
 40
0.0
176
     1
 40
1.0
176
     1
 90
        0
176
     1
 62
    18
176
     1
 90
       50
176
     1
 90
        3
176
     1
 62
     5
420
      255
176
     1
290
     0
176
     1
 90
       50
176
     1
 90
       50
176
     1
 90
       50
176
     1
290
     0
176
     1
 90
       50
176
     1
 62
   256
176
     0
 40
1.0
176
     0
 90
        2
176
     1
  1
strokes_ogs.tif
176
     1
290
     0
176
     1
 40
1.0
176
     1
 40
1.0
176
     1
  0
VISUALSTYLE
  5
F9
102
{ACAD_REACTORS
330
EF
102
}
330
EF
100
AcDbVisualStyle
  2
Realistic
 70
     8
177
     3
291
     0
 70
    58
 90
        2
176
     1
 90
        3
176
     1
 90
        0
176
     1
 90
        2
176
     1
 40
0.6
176
     1
 40
30.0
176
     1
 62
     7
420
 16777215
176
     1
 90
        0
176
     1
 90
        0
176
     1
 62
     7
176
     1
 62
   257
176
     1
 90
        1
176
     1
 90
        1
176
     1
 40
1.0
176
     1
 90
        8
176
     1
 62
   257
176
     1
 40
1.0
176
     1
 90
        1
176
     1
 90
        6
176
     1
 90
        2
176
     1
 62
     7
176
     1
 90
        3
176
     1
 90
        0
176
     1
 90
        0
176
     1
290
     0
176
     1
 90
       13
176
     1
 40
0.0
176
     1
 90
        0
176
     1
290
     0
176
     1
290
     1
176
     1
290
     1
176
     1
290
     0
176
     1
290
     0
176
     1
290
     0
176
     1
290
     0
176
     1
290
     0
176
     1
290
     0
176
     1
 90
       50
176
     1
 40
0.0
176
     1
 40
1.0
176
     1
 90
        0
176
     1
 62
    18
176
     1
 90
       50
176
     1
 90
        3
176
     1
 62
     5
420
      255
176
     1
290
     0
176
     1
 90
       50
176
     1
 90
       50
176
     1
 90
       50
176
     1
290
     0
176
     1
 90
       50
176
     1
 62
   256
176
     0
 40
1.0
176
     0
 90
        2
176
     1
  1
strokes_ogs.tif
176
     1
290
     0
176
     1
 40
1.0
176
     1
 40
1.0
176
     1
  0
VISUALSTYLE
  5
1F3
102
{ACAD_REACTORS
330
EF
102
}
330
EF
100
AcDbVisualStyle
  2
Shaded
 70
    27
177
     3
291
     0
 70
    58
 90
        2
176
     1
 90
        2
176
     1
 90
        1
176
     1
 90
        2
176
     1
 40
0.6
176
     1
 40
30.0
176
     1
 62
     7
420
 16777215
176
     1
 90
        0
176
     1
 90
        4
176
     1
 62
     7
176
     1
 62
   257
176
     1
 90
        1
176
     1
 90
        1
176
     1
 40
1.0
176
     1
 90
        8
176
     1
 62
   257
176
     1
 40
1.0
176
     1
 90
        1
176
     1
 90
        6
176
     1
 90
        2
176
     1
 62
     8
420
  7895160
176
     1
 90
        3
176
     1
 90
        0
176
     1
 90
        0
176
     1
290
     0
176
     1
 90
        5
176
     1
 40
0.0
176
     1
 90
        0
176
     1
290
     0
176
     1
290
     1
176
     1
290
     1
176
     1
290
     0
176
     1
290
     0
176
     1
290
     0
176
     1
290
     0
176
     1
290
     0
176
     1
290
     0
176
     1
 90
       50
176
     1
 40
0.0
176
     1
 40
1.0
176
     1
 90
        0
176
     1
 62
    18
176
     1
 90
       50
176
     1
 90
        3
176
     1
 62
     5
420
      255
176
     1
290
     0
176
     1
 90
       50
176
     1
 90
       50
176
     1
 90
       50
176
     1
290
     0
176
     1
 90
       50
176
     1
 62
   256
176
     0
 40
1.0
176
     0
 90
        2
176
     1
  1
strokes_ogs.tif
176
     1
290
     0
176
     1
 40
1.0
176
     1
 40
1.0
176
     1
  0
VISUALSTYLE
  5
1F2
102
{ACAD_REACTORS
330
EF
102
}
330
EF
100
AcDbVisualStyle
  2
Shaded with edges
 70
    26
177
     3
291
     0
 70
    58
 90
        2
176
     1
 90
        2
176
     1
 90
        1
176
     1
 90
        2
176
     1
 40
0.6
176
     1
 40
30.0
176
     1
 62
     7
420
 16777215
176
     1
 90
        1
176
     1
 90
        2
176
     1
 62
     7
176
     1
 62
   257
176
     1
 90
        2
176
     1
 90
        1
176
     1
 40
1.0
176
     1
 90
        8
176
     1
 62
   257
176
     1
 40
1.0
176
     1
 90
        1
176
     1
 90
        6
176
     1
 90
        2
176
     1
 62
     7
176
     1
 90
        3
176
     1
 90
        0
176
     1
 90
        0
176
     1
290
     0
176
     1
 90
        5
176
     1
 40
0.0
176
     1
 90
        0
176
     1
290
     0
176
     1
290
     1
176
     1
290
     1
176
     1
290
     0
176
     1
290
     0
176
     1
290
     0
176
     1
290
     0
176
     1
290
     0
176
     1
290
     0
176
     1
 90
       50
176
     1
 40
0.0
176
     1
 40
1.0
176
     1
 90
        0
176
     1
 62
    18
176
     1
 90
       50
176
     1
 90
        3
176
     1
 62
     5
420
      255
176
     1
290
     0
176
     1
 90
       50
176
     1
 90
       50
176
     1
 90
       50
176
     1
290
     0
176
     1
 90
       50
176
     1
 62
   256
176
     0
 40
1.0
176
     0
 90
        2
176
     1
  1
strokes_ogs.tif
176
     1
290
     0
176
     1
 40
1.0
176
     1
 40
1.0
176
     1
  0
VISUALSTYLE
  5
1EF
102
{ACAD_REACTORS
330
EF
102
}
330
EF
100
AcDbVisualStyle
  2
Shades of Gray
 70
    23
177
     3
291
     0
 70
    58
 90
        2
176
     1
 90
        2
176
     1
 90
        3
176
     1
 90
        0
176
     1
 40
0.6
176
     1
 40
30.0
176
     1
 62
     7
420
 16777215
176
     1
 90
        2
176
     1
 90
        2
176
     1
 62
     7
176
     1
 62
     7
176
     1
 90
        1
176
     1
 90
        1
176
     1
 40
40.0
176
     1
 90
        8
176
     1
 62
     7
176
     1
 40
1.0
176
     1
 90
        1
176
     1
 90
        6
176
     1
 90
        2
176
     1
 62
     7
176
     1
 90
        3
176
     1
 90
        0
176
     1
 90
        0
176
     1
290
     0
176
     1
 90
        1
176
     1
 40
0.0
176
     1
 90
        0
176
     1
290
     0
176
     1
290
     1
176
     1
290
     1
176
     1
290
     0
176
     1
290
     0
176
     1
290
     0
176
     1
290
     0
176
     1
290
     0
176
     1
290
     0
176
     1
 90
       50
176
     1
 40
0.0
176
     1
 40
1.0
176
     1
 90
        0
176
     1
 62
    18
176
     1
 90
       50
176
     1
 90
        3
176
     1
 62
     5
420
      255
176
     1
290
     0
176
     1
 90
       50
176
     1
 90
       50
176
     1
 90
       50
176
     1
290
     0
176
     1
 90
       50
176
     1
 62
   256
176
     0
 40
1.0
176
     0
 90
        2
176
     1
  1
strokes_ogs.tif
176
     1
290
     0
176
     1
 40
1.0
176
     1
 40
1.0
176
     1
  0
VISUALSTYLE
  5
1F0
102
{ACAD_REACTORS
330
EF
102
}
330
EF
100
AcDbVisualStyle
  2
Sketchy
 70
    24
177
     3
291
     0
 70
    58
 90
        1
176
     1
 90
        2
176
     1
 90
        2
176
     1
 90
        0
176
     1
 40
0.6
176
     1
 40
30.0
176
     1
 62
     7
420
 16777215
176
     1
 90
        2
176
     1
 90
        2
176
     1
 62
     7
176
     1
 62
     7
176
     1
 90
        1
176
     1
 90
        1
176
     1
 40
40.0
176
     1
 90
       11
176
     1
 62
     7
176
     1
 40
1.0
176
     1
 90
        1
176
     1
 90
        6
176
     1
 90
        2
176
     1
 62
     7
176
     1
 90
        6
176
     1
 90
        0
176
     1
 90
        0
176
     1
290
     0
176
     1
 90
        1
176
     1
 40
0.0
176
     1
 90
        0
176
     1
290
     0
176
     1
290
     1
176
     1
290
     1
176
     1
290
     0
176
     1
290
     0
176
     1
290
     0
176
     1
290
     0
176
     1
290
     0
176
     1
290
     0
176
     1
 90
       50
176
     1
 40
0.0
176
     1
 40
1.0
176
     1
 90
        0
176
     1
 62
    18
176
     1
 90
       50
176
     1
 90
        3
176
     1
 62
     5
420
      255
176
     1
290
     0
176
     1
 90
       50
176
     1
 90
       50
176
     1
 90
       50
176
     1
290
     0
176
     1
 90
       50
176
     1
 62
   256
176
     0
 40
1.0
176
     0
 90
        2
176
     1
  1
strokes_ogs.tif
176
     1
290
     0
176
     1
 40
1.0
176
     1
 40
1.0
176
     1
  0
VISUALSTYLE
  5
FC
102
{ACAD_REACTORS
330
EF
102
}
330
EF
100
AcDbVisualStyle
  2
Thicken
 70
    13
177
     3
291
     1
 70
    58
 90
        2
176
     1
 90
        2
176
     1
 90
        1
176
     1
 90
        0
176
     1
 40
0.6
176
     1
 40
30.0
176
     1
 62
     7
420
 16777215
176
     1
 90
        1
176
     1
 90
        4
176
     1
 62
     7
176
     1
 62
   257
176
     1
 90
        1
176
     1
 90
        1
176
     1
 40
1.0
176
     1
 90
       12
176
     1
 62
     7
176
     1
 40
1.0
176
     1
 90
        1
176
     1
 90
        6
176
     1
 90
        2
176
     1
 62
     7
176
     1
 90
        5
176
     1
 90
        0
176
     1
 90
        0
176
     1
290
     0
176
     1
 90
        1
176
     1
 40
0.0
176
     1
 90
        0
176
     1
290
     0
176
     1
290
     1
176
     1
290
     1
176
     1
290
     0
176
     1
290
     0
176
     1
290
     0
176
     1
290
     0
176
     1
290
     0
176
     1
290
     0
176
     1
 90
       50
176
     1
 40
0.0
176
     1
 40
1.0
176
     1
 90
        0
176
     1
 62
    18
176
     1
 90
       50
176
     1
 90
        3
176
     1
 62
     5
420
      255
176
     1
290
     0
176
     1
 90
       50
176
     1
 90
       50
176
     1
 90
       50
176
     1
290
     0
176
     1
 90
       50
176
     1
 62
   256
176
     0
 40
1.0
176
     0
 90
        2
176
     1
  1
strokes_ogs.tif
176
     1
290
     0
176
     1
 40
1.0
176
     1
 40
1.0
176
     1
  0
VISUALSTYLE
  5
F6
102
{ACAD_REACTORS
330
EF
102
}
330
EF
100
AcDbVisualStyle
  2
Wireframe
 70
     5
177
     3
291
     0
 70
    58
 90
        0
176
     1
 90
        2
176
     1
 90
        0
176
     1
 90
        0
176
     1
 40
0.6
176
     1
 40
30.0
176
     1
 62
     7
420
 16777215
176
     1
 90
        1
176
     1
 90
        4
176
     1
 62
     7
176
     1
 62
   257
176
     1
 90
        1
176
     1
 90
        1
176
     1
 40
1.0
176
     1
 90
        0
176
     1
 62
   257
176
     1
 40
1.0
176
     1
 90
        1
176
     1
 90
        6
176
     1
 90
        2
176
     1
 62
     7
176
     1
 90
        3
176
     1
 90
        0
176
     1
 90
        0
176
     1
290
     0
176
     1
 90
        1
176
     1
 40
0.0
176
     1
 90
        0
176
     1
290
     0
176
     1
290
     1
176
     1
290
     1
176
     1
290
     0
176
     1
290
     0
176
     1
290
     0
176
     1
290
     0
176
     1
290
     0
176
     1
290
     0
176
     1
 90
       50
176
     1
 40
0.0
176
     1
 40
1.0
176
     1
 90
        0
176
     1
 62
    18
176
     1
 90
       50
176
     1
 90
        3
176
     1
 62
     5
420
      255
176
     1
290
     0
176
     1
 90
       50
176
     1
 90
       50
176
     1
 90
       50
176
     1
290
     0
176
     1
 90
       50
176
     1
 62
   256
176
     0
 40
1.0
176
     0
 90
        2
176
     1
  1
strokes_ogs.tif
176
     1
290
     0
176
     1
 40
1.0
176
     1
 40
1.0
176
     1
  0
VISUALSTYLE
  5
1F1
102
{ACAD_REACTORS
330
EF
102
}
330
EF
100
AcDbVisualStyle
  2
X-Ray
 70
    25
177
     3
291
     0
 70
    58
 90
        2
176
     1
 90
        2
176
     1
 90
        1
176
     1
 90
        1
176
     1
 40
0.5
176
     1
 40
30.0
176
     1
 62
     7
420
 16777215
176
     1
 90
        1
176
     1
 90
        0
176
     1
 62
     7
176
     1
 62
   257
176
     1
 90
        1
176
     1
 90
        1
176
     1
 40
1.0
176
     1
 90
        8
176
     1
 62
     7
176
     1
 40
1.0
176
     1
 90
        1
176
     1
 90
        6
176
     1
 90
        2
176
     1
 62
     7
176
     1
 90
        3
176
     1
 90
        0
176
     1
 90
        0
176
     1
290
     0
176
     1
 90
       13
176
     1
 40
0.0
176
     1
 90
        0
176
     1
290
     0
176
     1
290
     1
176
     1
290
     1
176
     1
290
     0
176
     1
290
     0
176
     1
290
     0
176
     1
290
     0
176
     1
290
     0
176
     1
290
     0
176
     1
 90
       50
176
     1
 40
0.0
176
     1
 40
1.0
176
     1
 90
        0
176
     1
 62
    18
176
     1
 90
       50
176
     1
 90
        3
176
     1
 62
     5
420
      255
176
     1
290
     0
176
     1
 90
       50
176
     1
 90
       50
176
     1
 90
       50
176
     1
290
     0
176
     1
 90
       50
176
     1
 62
   256
176
     0
 40
1.0
176
     0
 90
        2
176
     1
  1
strokes_ogs.tif
176
     1
290
     0
176
     1
 40
1.0
176
     1
 40
1.0
176
     1
  0
DICTIONARYVAR
  5
146
102
{ACAD_REACTORS
330
5E
102
}
330
5E
100
DictionaryVariables
280
     0
  1
1:1
  0
DICTIONARYVAR
  5
259
102
{ACAD_REACTORS
330
5E
102
}
330
5E
100
DictionaryVariables
280
     0
  1
3.500000
  0
DICTIONARYVAR
  5
25A
102
{ACAD_REACTORS
330
5E
102
}
330
5E
100
DictionaryVariables
280
     0
  1
acadiso.lin
  0
DICTIONARYVAR
  5
145
102
{ACAD_REACTORS
330
5E
102
}
330
5E
100
DictionaryVariables
280
     0
  1
STANDARD
  0
DICTIONARYVAR
  5
84
102
{ACAD_REACTORS
330
5E
102
}
330
5E
100
DictionaryVariables
280
     0
  1
STANDARD
  0
DICTIONARYVAR
  5
227
102
{ACAD_REACTORS
330
5E
102
}
330
5E
100
DictionaryVariables
280
     0
  1
Metric50
  0
DICTIONARYVAR
  5
228
102
{ACAD_REACTORS
330
5E
102
}
330
5E
100
DictionaryVariables
280
     0
  1
Metric50
  0
DICTIONARYVAR
  5
5F
102
{ACAD_REACTORS
330
5E
102
}
330
5E
100
DictionaryVariables
280
     0
  1
2
  0
DICTIONARYVAR
  5
63
102
{ACAD_REACTORS
330
5E
102
}
330
5E
100
DictionaryVariables
280
     0
  1
1
  0
DICTIONARYVAR
  5
1AE
102
{ACAD_REACTORS
330
5E
102
}
330
5E
100
DictionaryVariables
280
     0
  1
0
  0
DICTIONARYVAR
  5
1AF
102
{ACAD_REACTORS
330
5E
102
}
330
5E
100
DictionaryVariables
280
     0
  1
0
  0
DICTIONARY
  5
205
330
22
100
AcDbDictionary
280
     1
281
     1
  0
DICTIONARY
  5
1F9
330
ED
100
AcDbDictionary
280
     1
281
     1
  3
FBXASSET
360
1FA
  0
DICTIONARY
  5
1F7
330
EC
100
AcDbDictionary
280
     1
281
     1
  3
FBXASSET
360
1F8
  0
DICTIONARY
  5
173
330
EE
100
AcDbDictionary
280
     1
281
     1
  3
BUMPTILE
360
175
  3
DIFFUSETILE
360
174
  3
FBXASSET
360
1FB
  3
OPACITYTILE
360
176
  3
REFLECTIONTILE
360
177
  0
DICTIONARY
  5
162
330
7F
100
AcDbDictionary
280
     1
281
     1
  3
ACAD_ROUNDTRIP_2008_TABLESTYLE_CELLSTYLEMAP
360
11B7
  0
XRECORD
  5
1FA
102
{ACAD_REACTORS
330
1F9
102
}
330
1F9
100
AcDbXrecord
280
     1
 70
     1
 90
429727718
  1
D62C5603-E3A1-4AEA-B7FB-FE5D8D0755AF
310
504B03040A0000080000CC70623B3DEE336E79000000790000001B0000006175746F6465736B2D64657369676E2D7061636B6167652E786D6C3C3F786D6C2076657273696F6E3D22312E302220656E636F64696E673D227574662D3822203F3E3C666F726D6174733E3C666F726D61743E687474703A2F2F736368656D612E
310
6175746F6465736B2E636F6D2F64657369676E2D7061636B6167652F323030393C2F666F726D61743E3C2F666F726D6174733E504B0304140006080800CC70623BD486FD9CA0000000F4000000130000005B436F6E74656E745F54797065735D2E786D6C7D8EC10E82300C865F65E91D8A1E8C310C0EEA1BF002731658846E
310
D98AC1B77784ABF1D8FE5FBFBF75BBCE937A534CCEB38643598122B6FEE978D0B0485F9C41B54DDD7D022595594E1A469170414C76A4D9A4D207E29CF43ECE46F218070CC6BECC4078ACAA135ACF422C856C0E68EA1BF5669944DDD7BCDE7B1F8E415D77AECB980613C2E4AC91FC167A2B244592486606FC29C8FD7F045B9A
310
EF7053A7E60B504B0304140006080800CC70623B853B8169EB0000007C01000008000000636F72652E786D6C8D90416EC3201045AF62CDB6C206821CC7C244919D9CA01740401C94182C03558F5F9C3852BBEB6A467FFE9B197D7EFC9E1EC5975982F5AE035262288C535E5B377690E21535501C055FBC8FBF6C503839990E
310
5619041F179FE64D52DE45E362569DD7661365082642A11EB9E920A89B99642953CC8E702F67A9EE7234257977194EC9EAE275C4EABCCF5EAD5940D4AC6F0E35A568B8F43562CD7046CD199FD07E60174276A7BE677B5EADB0E0D14EEFFB6A31321A0D82627C4084204C3F096B71DD52F6819B16635EADF63F509AF53FA164
310
5DDCD1EDDD17164090FCC8732078B56691CB33A85CD7DCC40F504B0304140006080800CC70623B55019EA25F0000007C00000007000000636E782E786D6C4DCB3B0E80201045D1AD90E915ED2CF8AC45050C11660C8261F98AB1B07AC9C97D42D718D865D3E909258CFD00CCE24AC6E326A164D74DC0B4128928FF32603847
310
2BA13128B1252AC747C6BAB984FC68F0B87FE8960A5C09FE86CFB69FBA01504B0304140006080800CC70623BDBABAAF470010000D40300000C0000006662782F636F72652E786D6CC553D16E823014FD95A6AF4B694182CC941A83FA05FB810A9511A125A5257EFE2E82712ECEB8A7F100CD39F7F69E734AF9FADC366850B6
310
AF8DCE7018308C942E4C59EB2AC3DE1D498AD15A706B8CFB56869196ADCAF00863C12B6B7C374385D14E6907A836A59A41D9F7CA615434B0C8705F7CAA5606D23BA8E84F41278B93AC54100640439DE0BDB320004D43C63716C7C399D30917DCFBBA9CD9BA8469F5B156168B24CED3F7248AC8769F27244EB73B92EED8862C
310
B7F13E0C179B3C8F979C8ECD82BBBABDAA2BAC924E9558448CBD9330242CFA08E3154B5651FCC6D215639C8EE5774DBE2B5F6CF2B5768B68963BB5F5588420E442FC700B1139D4CB01F450C1E918227C2E09DF070D8140C84E1E9AAB8F1340832A9CB13130A5F1376A908D57309505ECF2A0DF179C4E9D30F5B239B87E3823
310
7A79C6F31DE1A8A5AEC08474B03C7837EAE4938639B44E5932B833D2C6B6B279CDC613877FA26EE21F4A2A4C63EC7F29A2F301D1F9F7A0E37D145F504B0304140006080800CC70623B9C113CC27E0000009D0000000B0000006662782F636E782E786D6C4DCCDF0A83201C86E15B91DFB94BFB330DD428C8FB886521330DA7
310
6397BF1A1DECE883878F57749FCDA1B7892F1BBC047A23808C7F84D9FA55424E0BE6803A256208E9EF06C84F9B91703228B1C690F78B66B34CD9A5439DF5CF0BFBF65E35BCA1B8D6A5C6F540381E886698B5741C695F9503EBA150A2F8958E3DC3EA0B504B0304140006080800CC70623B7DF2F77C2A010000120200003100
310
00006662782F41393633353835312D344632462D344230382D423046372D3739314545314133324237412F636F72652E786D6C8D51DB8EC22014FC15C2939B0D2DB4B45643319AE817EC0F6041255A68B86CFCFC856D4D76DF7CE190393373060EDB3DC707F856CE6B6B7A480A0C81328395DA5C7B18C3057510EC3873D686
310
3F34088C18550F330C39BB3A1BA7051AAC09CA84841A2BD5020AEF55806078A44B0FFD7053A328440C89E1EFC52486BBB8AA8214A99D789CF9E05200300FC927E4FB4D5B375D43103D5527440FB843077C5AA3F5861C8F645F5787F59E95B390B318B55CE45AA638FAA2957BD7248B390B7A7CC51F9C124149C82B8C378810
310
84AB2F42B7B8DD56F413775B8C5999E9FF4471926F8AA236A1AE96B8B3CC434E5839373893369E1FAF30EA395917409EB7F26AF8801C171837A4A6AC9C89E9F9C9B1A58BA30FD6A5EF5DDDCF894B9AD9B6A59C957943A9FCAE2FD5BC4DFE03504B0304140006080800CC70623BAD7543B64E01000033030000300000006662
310
782F41393633353835312D344632462D344230382D423046372D3739314545314133324237412F636E782E786D6CD593CD6EC32010845F0571AD6CE3D48AD20813A9873E410FBD12D82434182C7EAAE6EDBB2424CD25871E7B41D6EC30B3FA84F9E67BB2E40B4234DE8DB46F1925E094D7C6ED479AD3AE5951B2113C789FEE
310
6C943839C1488B4C05DF079FE72A69D8C96C13AAD6B8631503449F83828872B949AC57D26200B826A308D316B4064D6E46FCDA41C05550DC9E483A00797BFD207EFB092A45DE9514C1BBD22178396BD39D891265658C238DEA00936C654E5E433CB65A26D9F6EDB5EBC14EBF49A45CB856E66048291F6939A9A81BB5C89177
310
38143CA680F4AA299D66A042CEB3354A2684DC9D8D178FE0D9B8B41CAAD720F880EE7EF93C0C18769E099ECC04D5A102C8049A8A05632F4DDF376CF1DE0F6BB65C2F8627B65A33C6BB62177CEBBDAD973006829F89F22E814B54F4BC2BE347F8AA8F681390B50FA73F804400B5F542E796F19FF974E7F78DB802FE05E20750
310
4B0304140006080800CC70623BE75B7789680500003C100000340000006662782F41393633353835312D344632462D344230382D423046372D3739314545314133324237412F6F626A656374732E786D6CAD575B8F9B3818FD2B887D06C22499CB8AA1CA655245D5B455A356FB305264C061D8018C6C3393D95FBFC7600890
310
A4CD5EF210B0B1BFEBF98E3F7B1FF6596ABC522E1296DF9BAE3D320D9A872C4AF2F8DE2CE5CEBA358D0FBEC719939D65A691938CDE9B6ADAF4BD98B3B2D05311DD91329583D9D5FC0F438434A7A611A644887B5384CF34233629258BA878B12322891DEFF6B66BD70BFB62634E8AE781D082709A4B588AF91C528CDA28B73F
310
1C998EEF39EABBEFA97FBD6A7C7E9553F9D3D79FE442923C3C523610337627CB87ABE99D359D4CC6D6E4FACAB5E6ABF9D2726FC6A3C5F56271377BB88362213924694B38DD99FE47C48627A1E7D49F5A8BB5E1A74C0A599ED3B0F21F1E56366B89112D681E218F0915D0D6F17AD41FBA2A369DCF6335D62ABBD39779D5DDD1
310
11D4D8DE3CBB96B2E04FB8202E41051754A1AA8E8F76B4C6DFE810B580B1547F4B84911149794252234D024EF8BBE963A95AE27B3D310A9D5C215C7960FAEE415ED75694C6AFB17BCACA5D99A60A9AA65F217B0BFC53292ACB92BF283FAD0D3621576592CB5BED907C2FA8E9DF794E35E97BEA31BED21FEB401ABB94C44839
310
DCACBF0E1C5DA8DA5B2F4DFFD32AD86F543D9E565E7056502E157C00AD2671CD534549AB752FCA9CDA00677A313F04E51B22FF19E57B300579E3C97EB29F682D92935CEC18CF901B7B54FD8C51F362B56FC72FE0B3C1EAE335EDCCBF5AEC39ADB17DC238973F804BA5E6F6BFE7AF1FB32E523BE9F3BD571418E3631DCA4D48
310
5250CF639223210A9446CA30052EDF057BD35F8329C1ECD84552BF0DC8D18BE7BCE23BFE6BD960AB4A7DE79923A103BEBD80F911CBAA2C60DB19B01CF164A5583B772EE6D3FFA56666CBCDA74DC97724A48F9A58967497E489C4D979006FD7A05E227A1EBDD0F737C623387A9C844D3709995625106D157315F8B8392CD4E0
310
A0B9A720C4BE9829CEF37EA1E13111214D53925356365ADA634861B52519DD27A00AEB808EAF0628E6F435519D446F45CF2C9CF5214F0A15B2F6D06B79DA3EE3CBF7F56780D2F4E7EF73A0F5E5B02A38D07DC852C6B7C1FBB6664213E0C39E3EBA7FF4E1AD23EA2829407C85E586727488B751B2DB9502BC7B228A3FD68B6E
310
A65A22397E690AA8D158D7E404EC8CDA235CC3B7D1898680131CEC2CDF2638C65196279577750F15884AEE19F94199155B92B13297978469D4F8D358DF0AEF7631E28DC8F0D9F437D5D39A83B2231A1D52D543813A824EF8D44BCFF2FA6A31BD1E8DAD87F1CCB526B3879935BF59CDADD5C37479BB1CDD4CA7B3556B516589
310
EF352754B706114D9C885EC9131DE6EFEB43D99AFE2391C2F958179413D7CFEF6B1B6DB1E7600F00DE6E5C67454A339A4BA2E0FBA85ED26F045D454F463DBFCE484C2F90F2E5E3666003662ED8F755951A7D1BECD5B30B550B2785C8E7320B7292A4838DDA71BBC863ED7613CAF659337A3354231D4FF4A182A54904C2898C
310
98B28C4AD0CE056CCF332A80986E571EE9DBC305BB5FEB7E509220A58D25CF042D712A806AC0AD0C657FDEF80D2D9CEAA2EE4D1C76F60BFE74219A06527D6F82DF6412526107381E55E353090704D085B52408A8913C4ED159D79BDA71BB4BC506F4831350EB6F975CD22D69BF7AC49B91A2C0A9DDA3D5CA36AD20FC478E37
310
E61844E2352865EBCB61A275A65283CAAA9DD27703B4102F5AF51EF5F573B75CBB5AD38BC845F7A49F82A0966A49C2E3EA5EA0ECD326CD965F1DB402C6FA8B51A4658C5C5E2EC9E214602E55810345408596591009A82E7E7FFACA19EEA299B14A0081A705CB3296EBC14CDF658DCD336EA6D1136881AAEB87B81AB9EE53D5
310
F5EB8BC8362082DA24122F98680A4E7930C01A0079749CEA14382A0783E5EBA5A10F8C098456A03D6A4AEB6BB881E2513747552A5DB22C7EDAF83BD5528081A365F7FF06504B0304140006080000CC70623B000000000000000000000000350000006662782F41393633353835312D344632462D344230382D423046372D37
310
39314545314133324237412F76657274696365732E62696E504B0304140006080800CC70623BF270F1330600000004000000360000006662782F41393633353835312D344632462D344230382D423046372D3739314545314133324237412F747269616E676C65732E62696E636660600000504B0304140006080000CC7062
310
3B000000000000000000000000370000006662782F41393633353835312D344632462D344230382D423046372D3739314545314133324237412F617474726962757465732E62696E504B0304140006080800CC70623B08DA0BD19000000041010000360000006662782F41393633353835312D344632462D344230382D4230
310
46372D3739314545314133324237412F6469726563746F72792E786D6C858F410AC3201045AF22B36F53E9A60B35CBEEBAE80D244E44489C6234F4F835464A48035D0DF398FF9F8AF63D0E6CC63039F212F8F9020C7D47C6792B21C5FE7403D62A1188E2E60C98D7234A5830286103A55745067B9D86B8A3CF9C7F90C11DE6
310
07FB144396D7B6A82D282E9A152AD114D5EF2CB866EEE831B8EEA07A7BB5A8D7D61A2BAAEB7FD5F70921FF497D00504B0304140006080800CC70623BEDD1DC58FD000000A00100003B0000006662782F41393633353835312D344632462D344230382D423046372D3739314545314133324237412F7265736F75726365732F
310
636F72652E786D6C8D504B6E833010BD0A9A6D65B00922041947112427E8052C33A156828DFCA97AFC9A40A576D7CDCCE87D344F8F9FBFE667F689CE6B6B3A6039850C8DB2A336530731DC4903D95970676DF82583CCC8193B5861107C72362E3BA4AC096842428D1D7107A5F7182053CF7474E0D507CE32973124857FE48B
310
540F3961CEF244279DE03EB81420DB9EAC1384436FA353E879B1B182C7A8C75DA3C7F453DF353A1075D537A7BA6464B8F535A99AE14A9A2BBD90E350DD183B5CFABE3AF262350B1EF4FC9351399401471025A527C218A1E53BAB5A5AB765F5469B96525EACF23FA6B88CFF34456DC2A1DCE36E360F82A5202F42F062ED2BAD
310
579969AFDD8A6F504B010214000A0000080000CC70623B3DEE336E79000000790000001B00000000000000000000000000000000006175746F6465736B2D64657369676E2D7061636B6167652E786D6C504B01021400140006080800CC70623BD486FD9CA0000000F40000001300000000000000000000000000B20000005B
310
436F6E74656E745F54797065735D2E786D6C504B01021400140006080800CC70623B853B8169EB0000007C010000080000000000000000000000000083010000636F72652E786D6C504B01021400140006080800CC70623B55019EA25F0000007C000000070000000000000000000000000094020000636E782E786D6C504B
310
01021400140006080800CC70623BDBABAAF470010000D40300000C00000000000000000000000000180300006662782F636F72652E786D6C504B01021400140006080800CC70623B9C113CC27E0000009D0000000B00000000000000000000000000B20400006662782F636E782E786D6C504B01021400140006080800CC70
310
623B7DF2F77C2A010000120200003100000000000000000000000000590500006662782F41393633353835312D344632462D344230382D423046372D3739314545314133324237412F636F72652E786D6C504B01021400140006080800CC70623BAD7543B64E010000330300003000000000000000000000000000D2060000
310
6662782F41393633353835312D344632462D344230382D423046372D3739314545314133324237412F636E782E786D6C504B01021400140006080800CC70623BE75B7789680500003C10000034000000000000000000000000006E0800006662782F41393633353835312D344632462D344230382D423046372D3739314545
310
314133324237412F6F626A656374732E786D6C504B01021400140006080000CC70623B0000000000000000000000003500000000000000000000000000280E00006662782F41393633353835312D344632462D344230382D423046372D3739314545314133324237412F76657274696365732E62696E504B01021400140006
310
080800CC70623BF270F133060000000400000036000000000000000000000000007B0E00006662782F41393633353835312D344632462D344230382D423046372D3739314545314133324237412F747269616E676C65732E62696E504B01021400140006080000CC70623B0000000000000000000000003700000000000000
310
000000000000D50E00006662782F41393633353835312D344632462D344230382D423046372D3739314545314133324237412F617474726962757465732E62696E504B01021400140006080800CC70623B08DA0BD1900000004101000036000000000000000000000000002A0F00006662782F41393633353835312D344632
310
462D344230382D423046372D3739314545314133324237412F6469726563746F72792E786D6C504B01021400140006080800CC70623BEDD1DC58FD000000A00100003B000000000000000000000000000E1000006662782F41393633353835312D344632462D344230382D423046372D3739314545314133324237412F7265
310
736F75726365732F636F72652E786D6C504B0506000000000E000E0080040000641100000000
  0
XRECORD
  5
1F8
102
{ACAD_REACTORS
330
1F7
102
}
330
1F7
100
AcDbXrecord
280
     1
 70
     1
 90
429727718
  1
30362254-06B7-45E0-A893-8CFA70E3D6BC
310
504B03040A0000080000CC70623B3DEE336E79000000790000001B0000006175746F6465736B2D64657369676E2D7061636B6167652E786D6C3C3F786D6C2076657273696F6E3D22312E302220656E636F64696E673D227574662D3822203F3E3C666F726D6174733E3C666F726D61743E687474703A2F2F736368656D612E
310
6175746F6465736B2E636F6D2F64657369676E2D7061636B6167652F323030393C2F666F726D61743E3C2F666F726D6174733E504B0304140006080800CC70623BD486FD9CA0000000F4000000130000005B436F6E74656E745F54797065735D2E786D6C7D8EC10E82300C865F65E91D8A1E8C310C0EEA1BF002731658846E
310
D98AC1B77784ABF1D8FE5FBFBF75BBCE937A534CCEB38643598122B6FEE978D0B0485F9C41B54DDD7D022595594E1A469170414C76A4D9A4D207E29CF43ECE46F218070CC6BECC4078ACAA135ACF422C856C0E68EA1BF5669944DDD7BCDE7B1F8E415D77AECB980613C2E4AC91FC167A2B244592486606FC29C8FD7F045B9A
310
EF7053A7E60B504B0304140006080800CC70623B1EC5D7A3EB0000007C01000008000000636F72652E786D6C8D90416EC3201045AF82665B6103C6756C6122AB4D4ED00B204C5C94182C03558F5F9C3852BBEB6A467FFE9B197D71FC9E6FE8CBACC17AD7032D0820E3B41FAD9B7A48F1820F808E52ACDEC75F36404ECDA687
310
4D0629A6D5A76597B477D1B89855E747B38B2A041301E95B6E7A08FAD3CCAA50296647B8168BD2573599823EBB0CA76447F43862C7BCCF5EAC59410E4DDD9C7973C2755553CCCFA4C603E3040F1565ED3B1FDE4E432BCA0D9622DAF9795FAF464533826484B498524CD807E51D79ED187F21878E10516EF63F505AC67F42C9
310
BA58B1FDDD071640D2FCC87D2045B96591CB3DA85CB7DCE40F504B0304140006080800CC70623B55019EA25F0000007C00000007000000636E782E786D6C4DCB3B0E80201045D1AD90E915ED2CF8AC45050C11660C8261F98AB1B07AC9C97D42D718D865D3E909258CFD00CCE24AC6E326A164D74DC0B4128928FF32603847
310
2BA13128B1252AC747C6BAB984FC68F0B87FE8960A5C09FE86CFB69FBA01504B0304140006080800CC70623B8C9102E971010000D40300000C0000006662782F636F72652E786D6CC5535B6E833010BC8AE5DF0A6C08340F1947A84D4ED00B38C6A128602363A31CBFCB234A53A551FA553EC09AD9F5CE8C31DB9E9B1AF5CA
310
7695D1198E428A91D2D214952E33ECDD315861B4E5CC1AE3BE9561A445A3323CC098B3D21ADFCE9034DA29ED00D5A6503328BA4E398C640D8B0C77F253352214DE4145770A5B214FA2546114020D759C75CE8200340D19DE981F0F6746269C33EFAB6266AB02A655C74A59CCF365BADC27CB5D902ED22848F6340DF238A141
310
BE88E2F57B92BFEDF23523433367AE6A2EEAA455C2A902F398D2751045018D3FA264435F3771F242571B4A1919CA6F9A7C5B3CD9E42BED16F12C776AEB308F40C848FC700B1139D4891EF410CEC810227CC6846F8386402064270EF5C5C709A05E49676C024C61FC95EA45ED154CA5211D1FF4FB8291A913A68E9B83EBBB33
310
E2A7673CDE118E5AE8124C0807CB8377834E366998436B950D7A7746DAD846D4CFD978E0F04FD455FC5D49D2D4C6FE9722321F10997F0F32DC47FE05504B0304140006080800CC70623BFFEA85907E0000009D0000000B0000006662782F636E782E786D6C4DCCD10A83201886E15B91FFDC95D95A811AB6F23E625948A6C3
310
E9D8E5AF46073BFAE0E1E365ED67B3E8ADC3CB78C7815C7240DA3DFC64DCC221C519D7805AC182F7F1EF06C88D9BE6703008B6049F9E274D7A1E938DBB5AE3D6131B2589BA0D3D965551E0B2EA732C9B9A624AAEB41E3A557677029960D9AFB4EF11165F504B0304140006080800CC70623B4FEEA4082C0100001202000031
310
0000006662782F39464131463745442D413632322D343644302D413938332D3331353338454246344243312F636F72652E786D6C8D515B6EC32010BC0AE2AB55850DD871ED0813254D72825EC00192A2C460F1A872FC42ED48ED5F7E00CDCECCCEB26C731F6FE05B39AFADE921293004CA082BB5B9F43086336A21D870E6AC
310
0D7F68109861543DCC30E4ECE26C9C164858139409093556AA051CBC570102714B8F1E7AF1A5C6A11862480C7F2DA6415C878B2A4891CA89C7990F2E050073937C42DE1DB7E4F87ED8A36D4329AA9B3D46DBAEAD504556557BD81DEBDD0761E52CE42C462D17B996298E3E6BE59E35C962CE821E1FF18553435012728A7187
310
0841987E927A8D9B35ADDF70BBC6989599FE4F1427F9A4286A132ABAC49D651EF234CD5CE04CDA78BA3DC2A8FB645D00B9DF8B57E215725C60BCA2A463E54C4CE327C7A65E1C7DB02E7DEFCBF594B864C5CA6CDBD49C957943E9FA5D5FBAF336F90F504B0304140006080800CC70623BAD7543B64E01000033030000300000
310
006662782F39464131463745442D413632322D343644302D413938332D3331353338454246344243312F636E782E786D6CD593CD6EC32010845F0571AD6CE3D48AD20813A9873E410FBD12D82434182C7EAAE6EDBB2424CD25871E7B41D6EC30B3FA84F9E67BB2E40B4234DE8DB46F1925E094D7C6ED479AD3AE5951B2113C
310
789FEE6C943839C1488B4C05DF079FE72A69D8C96C13AAD6B8631503449F83828872B949AC57D26200B826A308D316B4064D6E46FCDA41C05550DC9E483A00797BFD207EFB092A45DE9514C1BBD22178396BD39D891265658C238DEA00936C654E5E433CB65A26D9F6EDB5EBC14EBF49A45CB856E66048291F6939A9A81BB5
310
C8917738143CA680F4AA299D66A042CEB3354A2684DC9D8D178FE0D9B8B41CAAD720F880EE7EF93C0C18769E099ECC04D5A102C8049A8A05632F4DDF376CF1DE0F6BB65C2F8627B65A33C6BB62177CEBBDAD973006829F89F22E814B54F4BC2BE347F8AA8F681390B50FA73F804400B5F542E796F19FF974E7F78DB802FE05
310
E207504B0304140006080800CC70623B16AB87BA640500003C100000340000006662782F39464131463745442D413632322D343644302D413938332D3331353338454246344243312F6F626A656374732E786D6CAD575B6FA33818FD2B887DE6924B3BED8A326A92B68A663B534DD4D13E548A0C38942D60649B369D5FBFC7
310
600890A493BDE42160637FD7F31D7FF63E6FB3D478A55C242CBF3247B66B1A340F5994E4F19559CA8D75611A9F7D8F33263BCB4C232719BD32D5B4E97B316765A1A722BA21652A07B3B7B33F0D11D29C9A46981221AE4C113ED38CD8A4942CA2E2C58E882476BCD9DA23BB5ED8171B73523C0F841684D35CC252CCE79062D4
310
468DFA43D7747CCF51DF7D4FFDEB5593E3AB9CCA9FBEFE241792E4E19EB28198C968BAB8199F5D5A67D3E9C49A9E8F47D6EC76B6B0469F26EEFC7C3EBFBCBEB98462213924694B38DD98FE1D62C393D073EA4FADC5DAF04326852CCF6958F90F0F2B9BB5C48816348F90C7840A68EB78EDF68723159BCEE7891A6B95DDE9D3
310
BCEAEEE8086A6C6F9E5D4B59F0175C10A7A0820BAA5055C7473B5AE3CFDD452D602CD5DF12616444529E90D448938013FE6EFA58AA96F85E4F8C42275708571E98FE6827AF6B2B4AE3D7D83D64E5A64C53054DD3AF90BD06FEA9149565C94FCA0F6B834DC85599E4F2423B24DF0B6AFA979E534DFA9E7A4CC6FA631D486393
310
921829879BF5D781A373557BCB85E97FB90DB62B558F8795179C15944B051F40AB495CF35451D26A4727654E6D8033BD98EF82F21D91FF8AF2DD9982BCF1643BDD4EB516C9492E368C67C88DED563FC36D5EACF66DFF057C3658BDBFA69DF9578B3DA735B64F18C7F20770A9D45CFCF7FCF563D6456A277DBEF78A02637CA2
310
43B90A490AEAB94F72244481D24819A6C0E59B606BFA4B3025981DBB48EAB701D97BF19C577CC77F2D1B6C55A9EF3C732474C0B727303F625995056C3B02963D9EAC146BE78EC5FCEC7FA999EBC5EACBAAE41B12D27B4D2C0BBA49F244E2ECDC81B76B502F113D8F5EE8FB1BE3111CDD4FC2AA9B844CAB1288B68AB90A7CDC
310
1C166AB0D3DC5310625FCC14E779BFD0709F8890A629C9292B1B2DED31A4B0DA928CEE135085754027E3018A397D4D5427D15BD1330B677DC8934285AC3DF45A9EB68FF8F2B8FC0A509AFEECFD0FF2DE25CC6047F7214B195F07EFEB9A094D800F7BFAE8FED187B78EA8A3A400F115961BCAD1215E47C966530AF0EE8128FE
310
58CEBB996A8964FFA529A046635D9353B0336A8F700DDF46271A024E70B0B37C9DE01847591E54DED53D54202AB947E4076556AC49C6CA5C9E1226B7F1A7B1BE15DEED62C41B91E1B3E9AFAAA735036547343A925075041DF0A9979E893B391F8FCFA6967B3EFB644DCF6E5CEBFAE272625DCC6FAF3FB93793C5F90CE1EF57
310
407342756B10D1C489E8953CD1617E5CEECAD6F4EF8914CE5D5D504E5C3F1F9736DA62CFC11E00BCDDB8CC8A9466349744C1F75EBDA4DF09BA8A9E8C7A7E9991989E20E5DBDD6A6003664ED8F7A04A8DBE0DF6EAD9B9AA858342E47399053949D2C146EDB85DE4B176BB0965FBAC19BD19AA918E27FA50C1D22402E144464C
310
59462568E704B6E71915404CB72B8FF4EDE184DDAF753F284990D2C6926782963815403548A70C657FDEF80D2D9CEAA2AE4C1C76F60BFE74219A06527D6582DF6412526107381E55E353090704D085B52408D0933C4ED159D79BDA71BB4BC506F4831350EB6F979CD22D69BF7AC49B91A2C0A9DDA3D5CA36AD20FC478E37E6
310
1844E2352865EBCB6EA275A652E3836BE04EFB400BF1A2556F515F1FBB35B2AB35BD889C744FFA1004B5544B121E57F70215746DD2F5E2C1412B602CBF19455AC6C8E5E9922C4E01E65215385004546899059180EAFCF7A707CE7017CD8CDB0410789AB32C63B91E5CEBBBACB17AC6CD347A022D5075FD106377347AAABA7E
310
7D11590744509B44E205134DC1290F06580320F78E537D3D73540E06CB970B431F185308AD40BBD794D6D77003C5A36E8EAA54BA64597CD8F83BD552A080A365F7FF06504B0304140006080000CC70623B000000000000000000000000350000006662782F39464131463745442D413632322D343644302D413938332D3331
310
353338454246344243312F76657274696365732E62696E504B0304140006080800CC70623BF270F1330600000004000000360000006662782F39464131463745442D413632322D343644302D413938332D3331353338454246344243312F747269616E676C65732E62696E636660600000504B0304140006080000CC70623B
310
000000000000000000000000370000006662782F39464131463745442D413632322D343644302D413938332D3331353338454246344243312F617474726962757465732E62696E504B0304140006080800CC70623B08DA0BD19000000041010000360000006662782F39464131463745442D413632322D343644302D413938
310
332D3331353338454246344243312F6469726563746F72792E786D6C858F410AC3201045AF22B36F53E9A60B35CBEEBAE80D244E44489C6234F4F835464A48035D0DF398FF9F8AF63D0E6CC63039F212F8F9020C7D47C6792B21C5FE7403D62A1188E2E60C98D7234A5830286103A55745067B9D86B8A3CF9C7F90C11DE607
310
FB144396D7B6A82D282E9A152AD114D5EF2CB866EEE831B8EEA07A7BB5A8D7D61A2BAAEB7FD5F70921FF497D00504B0304140006080800CC70623B0D6EF93BFE000000A00100003B0000006662782F39464131463745442D413632322D343644302D413938332D3331353338454246344243312F7265736F75726365732F63
310
6F72652E786D6C8D50596E833010BD0A9ADFCA60B334011947A8694ED00B586642AC041B79A97AFC9A40A5F6AF3F33A3B7689E1E3F7DCD8FEC139DD7D6F4C0720A191A65476DA61E62B892236427C19DB5E1970C322367EC618541F0C9D9B8EC90B226A009093576C41D94DE63804C3DD2D18357379C652E63480A7FCF17A9
310
EE72C29CE5894E3AC17D702940B63D59270887DE46A7D0F36263058F518FBB468FE9A7BE6A7420864373B8D4873369AA8691FA421B3294352543C5CAF65C0F6FEF43CB8BD52C78D0F34F46E550061C419494B6843142CB0F5677F4B52BEB177AEC28E5C52AFF638ACBF84F53D42654E51E77B379102C05791282176B5F693D
310
CB4C7BED567C03504B010214000A0000080000CC70623B3DEE336E79000000790000001B00000000000000000000000000000000006175746F6465736B2D64657369676E2D7061636B6167652E786D6C504B01021400140006080800CC70623BD486FD9CA0000000F40000001300000000000000000000000000B20000005B
310
436F6E74656E745F54797065735D2E786D6C504B01021400140006080800CC70623B1EC5D7A3EB0000007C010000080000000000000000000000000083010000636F72652E786D6C504B01021400140006080800CC70623B55019EA25F0000007C000000070000000000000000000000000094020000636E782E786D6C504B
310
01021400140006080800CC70623B8C9102E971010000D40300000C00000000000000000000000000180300006662782F636F72652E786D6C504B01021400140006080800CC70623BFFEA85907E0000009D0000000B00000000000000000000000000B30400006662782F636E782E786D6C504B01021400140006080800CC70
310
623B4FEEA4082C0100001202000031000000000000000000000000005A0500006662782F39464131463745442D413632322D343644302D413938332D3331353338454246344243312F636F72652E786D6C504B01021400140006080800CC70623BAD7543B64E010000330300003000000000000000000000000000D5060000
310
6662782F39464131463745442D413632322D343644302D413938332D3331353338454246344243312F636E782E786D6C504B01021400140006080800CC70623B16AB87BA640500003C1000003400000000000000000000000000710800006662782F39464131463745442D413632322D343644302D413938332D3331353338
310
454246344243312F6F626A656374732E786D6C504B01021400140006080000CC70623B0000000000000000000000003500000000000000000000000000270E00006662782F39464131463745442D413632322D343644302D413938332D3331353338454246344243312F76657274696365732E62696E504B01021400140006
310
080800CC70623BF270F133060000000400000036000000000000000000000000007A0E00006662782F39464131463745442D413632322D343644302D413938332D3331353338454246344243312F747269616E676C65732E62696E504B01021400140006080000CC70623B0000000000000000000000003700000000000000
310
000000000000D40E00006662782F39464131463745442D413632322D343644302D413938332D3331353338454246344243312F617474726962757465732E62696E504B01021400140006080800CC70623B08DA0BD190000000410100003600000000000000000000000000290F00006662782F39464131463745442D413632
310
322D343644302D413938332D3331353338454246344243312F6469726563746F72792E786D6C504B01021400140006080800CC70623B0D6EF93BFE000000A00100003B000000000000000000000000000D1000006662782F39464131463745442D413632322D343644302D413938332D3331353338454246344243312F7265
310
736F75726365732F636F72652E786D6C504B0506000000000E000E0080040000641100000000
  0
XRECORD
  5
175
102
{ACAD_REACTORS
330
173
102
}
330
173
100
AcDbXrecord
280
     1
270
     1
271
     1
  0
XRECORD
  5
174
102
{ACAD_REACTORS
330
173
102
}
330
173
100
AcDbXrecord
280
     1
270
     1
271
     1
  0
XRECORD
  5
1FB
102
{ACAD_REACTORS
330
173
102
}
330
173
100
AcDbXrecord
280
     1
 70
     0
 90
1673772943
  1
ECE7A1D2-D628-4531-984C-D00F80459256
310
504B03040A0000080000CC70623B3DEE336E79000000790000001B0000006175746F6465736B2D64657369676E2D7061636B6167652E786D6C3C3F786D6C2076657273696F6E3D22312E302220656E636F64696E673D227574662D3822203F3E3C666F726D6174733E3C666F726D61743E687474703A2F2F736368656D612E
310
6175746F6465736B2E636F6D2F64657369676E2D7061636B6167652F323030393C2F666F726D61743E3C2F666F726D6174733E504B0304140006080800CC70623BD486FD9CA0000000F4000000130000005B436F6E74656E745F54797065735D2E786D6C7D8EC10E82300C865F65E91D8A1E8C310C0EEA1BF002731658846E
310
D98AC1B77784ABF1D8FE5FBFBF75BBCE937A534CCEB38643598122B6FEE978D0B0485F9C41B54DDD7D022595594E1A469170414C76A4D9A4D207E29CF43ECE46F218070CC6BECC4078ACAA135ACF422C856C0E68EA1BF5669944DDD7BCDE7B1F8E415D77AECB980613C2E4AC91FC167A2B244592486606FC29C8FD7F045B9A
310
EF7053A7E60B504B0304140006080800CC70623BD9DDAED0EC0000007C01000008000000636F72652E786D6C8D90416EC3201045AF82665B61836D9CD8C2444DD39CA01740405C94182C03558F5F9C3852BBEB6A467FFE9B197D7EF89E6EE8CB2CC17A37002D0820E394D7D68D03A478C17B4007C117EFE32F1B20272733C0
310
2A83E0E3E2D3BC49CABB685CCCAAF3DA6CA20CC14440EA969B0182FA34932C648AD911AEC52CD5558EA6A0CF2EC329598D1E47ACCEFBECC59A050463A7EA5833865FEBDD0E37353BE3EE8DBDE3F6786A48D375FBF6CC78B9C282473B3DEFABC5C86834888A900E538A49F5419B9EB47DD5BC907D4F082F57FB1F28CDFA9F50
310
B22ED6D5F6EE030B20687EE43E10BC5CB3C8E51E54AE6B6EE207504B0304140006080800CC70623B55019EA25F0000007C00000007000000636E782E786D6C4DCB3B0E80201045D1AD90E915ED2CF8AC45050C11660C8261F98AB1B07AC9C97D42D718D865D3E909258CFD00CCE24AC6E326A164D74DC0B4128928FF326038
310
472BA13128B1252AC747C6BAB984FC68F0B87FE8960A5C09FE86CFB69FBA01504B0304140006080800CC70623BA24EB22D72010000D40300000C0000006662782F636F72652E786D6CC5535B6E833010BC8AE5DF0A6C5E49888CA3A6694ED00B38E05014B091B1518EDFE511A5A9D228FD2A1F60CDEC7A67C6986DCE4D8D7A
310
69BA4AAB0C073EC548AA5C17952A33ECECD15B61B4E1CC686DBF9561A44423333CC098B3D268D7CE50AE9595CA02AA74216750749DB418E5352C32DCE59FB211BE70162ABA93DF8AFC244AE9073ED050C759670D0840D390E18DF9F1706664C23973AE2A66B62A605A75ACA4C13C4976E1364A12EF355A2EBD384AF65EFA96
310
BC7B8BED2EA6719AAE16FB8491A199335B351775B991C2CA02F390D2D40B028F861F41BCA68B7518BFD0D59A524686F29B26D7164F36B94AD9289CE54E6D1DE6010819891F6E21228B3AD1831EC219194284CF98F06DD01008846CC5A1BEF83801D4CBDC6A1303536877A57A513B0953A94FC707FDBE6064EA84A9E3E6E0FA
310
EE8CF0E9198F7784A316AA0413C2C2F2E0ECA0934D1AE6D05A69BCDE9E91D2A611F573361E38FC1375157F5752AE6B6DFE4B11990F88CCBF0719EE23FF02504B0304140006080800CC70623B408A7D3B7C0000009D0000000B0000006662782F636E782E786D6C4DCCD10A83201886E15B91FFDC552A92A0064DBC8F581632
310
D3703A76F9ABD1C18E3E78F878E5F0D9027ABBFCF2292AE86E2D20171F69F6715550CB827B40839639A5F2770314A7CD293819B45C73AAFB45B35BA61ACAA1C1C7E7855C58C15BC331339661262CC762340413D68D77DA5B42298546CBE6573AF60CEB2F504B0304140006080800CC70623B449FB9BD290100001202000031
310
0000006662782F36394639363044362D344446342D343946362D394244322D3234314243333846323333332F636F72652E786D6C8D515B6EC32010BC0AE22B55850D98B871848994463E412FE002495162B07854397EA176A4F62F3F2C9A9D991D587EB84F37F0AD7D30CEF6905418026DA553C65E7A98E219ED203808EE9D
310
8B7F6810D871D23D2C3014FCE25D9A57483A1BB58D19B54EE9151C43D0110279CB971E06F9A5A7B11A53CC8C70ADE6515EC78BAE4895DB992778883E0700CB907242D17643D7E2538BD869608875438BBAE38922CAC8F1BDD90DB4691A5E2F42C153326A951B95E398B3D1FE599322163C9AE9115F7A3D46ADA0A018778810
310
84E907617BDCEE297BC5BB3DC6BC2EF47FA234AB2745C9D8D8D035EE220B50105E2F0DC1954B9FB747187D9F9D8FA0CCDB042D5FA0C015C65B42DF78BD10F3F3B363CB56C7109DCFDFBBB97E662ED92EB62D13BC2E1BCAE5777DB9966D8A1F504B0304140006080800CC70623BAD7543B64E01000033030000300000006662
310
782F36394639363044362D344446342D343946362D394244322D3234314243333846323333332F636E782E786D6CD593CD6EC32010845F0571AD6CE3D48AD20813A9873E410FBD12D82434182C7EAAE6EDBB2424CD25871E7B41D6EC30B3FA84F9E67BB2E40B4234DE8DB46F1925E094D7C6ED479AD3AE5951B2113C789FEE
310
6C943839C1488B4C05DF079FE72A69D8C96C13AAD6B8631503449F83828872B949AC57D26200B826A308D316B4064D6E46FCDA41C05550DC9E483A00797BFD207EFB092A45DE9514C1BBD22178396BD39D891265658C238DEA00936C654E5E433CB65A26D9F6EDB5EBC14EBF49A45CB856E66048291F6939A9A81BB5C89177
310
38143CA680F4AA299D66A042CEB3354A2684DC9D8D178FE0D9B8B41CAAD720F880EE7EF93C0C18769E099ECC04D5A102C8049A8A05632F4DDF376CF1DE0F6BB65C2F8627B65A33C6BB62177CEBBDAD973006829F89F22E814B54F4BC2BE347F8AA8F681390B50FA73F804400B5F542E796F19FF974E7F78DB802FE05E20750
310
4B0304140006080800CC70623B8D05915C650500003B100000340000006662782F36394639363044362D344446342D343946362D394244322D3234314243333846323333332F6F626A656374732E786D6CAD575B6FA33814FE2B887D06429276DA1565D4266D158D3A339A6846FB502932E050B66023DB74D2FDF5FB190C01
310
9276B2973C046C8ECFF53B17071F77456EBD502133CEAE6CDF9DD81665314F32965ED995DA3A17B6F5310C04E7AA47665B8C14F4CAD6DB7618A48257A5D94AE89654B91AEDDEDDFC61C998326A5B714EA4BCB265FC440BE2924AF184CA6737218AB8E976E7FA6E4338649B0A523E8D98964450A6A029F619B8588D52FE7039
310
B1BD30F0F4F730D0FF866AF6369557DB33949F31A9088B0F848DD8CCFCF9F2767A76E99CCDE733677E3EF59D9BBB9BA5E37F984D16E78BC5E5F5ED25044B25C0C96822E8D60EEFE11B91C581D77CEA34368A1F5329E68CD1B8B61F16D63A1B8E092D294B10C78C4A48EB593D192E7DED9BDEE7995E1B91FDEDD3ACEA9FE831
310
6A756F9F7D4D79F4274C90A7A04248AA51D5F8C718DAE06FB2F75AC4796EBE65D22A88A22223B995679120E2D50E41AA49C260C046A35368846B0BECD0DFF3EBEB8AD4F835768F69B9ADF25C43D30E6B646F807FAA64AD59F61715C7A54127C4AACA98BA3006A9D792DAE165E0D59B61A01FB3A9F9D838D2DAE62445C86166
310
F37564E842E7DE6A69879FEEA2DD5AE7E371E1A5E025154AC307D06A03D73EB5978C58FFA4C8E9033066E0F3BD53BEC1F39F91BE7B55103791EDE6BBB991A2046172CB4581D8B893FA674DDA17A77B3B7C413D1B511FD2743BFF8A38F03A658705E3ADF8015C3A3417FF3D7E439FF591DA0B5F18BC20C1B8981957AE6392A3
310
F43C640C01D1A0B4728E2DD4F26DB4B3C3152A252A3B4E913CEC1C72F012782FF88EFF8637AA552DBEF76408E8A8DE9E50F9E1CB3A2DA0DB1B6039A893B56063DC5B3E3FFB5F72E67AB9FEB4AEC496C4F4C1149625DD662C53E89D7BF0F6151A046260D1337DFDC94502430F83B0EE07A130A224BCAD7DAE1D9FB6CD422FF6
310
920702629C4BB9AE79C12F243C6432A6794E18E5552BA56B431AAB5D91317302B2B071E86C3A42B1A02F999E24061403B5D0EB639195DA655DD3EBEAB4FB862DDF579F014AD0E73C22F99E28DA57FB98E75C6CA2D74D53086D600F4786E0FE3144B771A8A7B900F03594DB8A633CBC49B2EDB69228BB479CF863B5E807AAAB
310
23872F6DFEB4129B949CA33823F58830E86D65621E10047D9DB34D862E8EAC3C2ABC2F7B2C40D67CDFE01F5545B92105AF983AC54D93D69E56FB8E797F88913F898A9FEC705D3F9D1B54EC8426FB500D40A03BD0119B06E1B95DDC7EB8F6975367793EBD70E66733DFB9BC982F9CE564727731999F5D4ECFCE3B8D6A4DC2A0
310
6D50FD148437D110834A64C6CDDF57FBACB5C307A2A477DFE4939736CFEF2B175371E0E10CF0DD1D5C15654E0BCA14D1E87DD02FF93782A162C0A3D95F1524A52770F972BF1EE9809D13CE7DD599467F8ECE9ADD85CE85A34CD45355448C64F9E8A031DC2D596ACC6E5DD93D9B82DE2EF5CAF81363A8E47996A0DE24564A79
310
4115AACE09C55E14540231FDA13C319787134EBF34E3A022514E5B4D9E0826E25C02D5805B15ABE1BEF51B26383D445DD9E875EE33FE4C22DA16427D65A3BCA92CA6D28DD01DF5DC53330704308475351050232CCD31583787BA75774AFB06E5070DD0C8EF484E19968C5D83BA5B90B244D31E54D55A372320FE4786B7EA58
310
44E135AA5467CB7EA333A61683CC6A8C3257034C10CF46F40EF9F5BE59BE5BD30C3C72D235E95D10345C1D45445A5F0BB47E46A5EBE5570F9380B5FA629579952296A773720405982B9DE04011506178964401AA8BDF1FBF0A8EAB6861DD6580C0E38217056766716DAEB2D6FA0917D3E4116581EADB879C4E7CFFB11EFACD
310
3D641311495D92C8676CB409A72D18610D803CE8A626049E8EC1887CB5B44CC39883690DDA8399B4B9855B481E7D71D4A9D22F96E5BB73BF5793020C02137BF837504B0304140006080000CC70623B000000000000000000000000350000006662782F36394639363044362D344446342D343946362D394244322D32343142
310
43333846323333332F76657274696365732E62696E504B0304140006080800CC70623BF270F1330600000004000000360000006662782F36394639363044362D344446342D343946362D394244322D3234314243333846323333332F747269616E676C65732E62696E636660600000504B0304140006080000CC70623B0000
310
00000000000000000000370000006662782F36394639363044362D344446342D343946362D394244322D3234314243333846323333332F617474726962757465732E62696E504B0304140006080800CC70623B08DA0BD19000000041010000360000006662782F36394639363044362D344446342D343946362D394244322D
310
3234314243333846323333332F6469726563746F72792E786D6C858F410AC3201045AF22B36F53E9A60B35CBEEBAE80D244E44489C6234F4F835464A48035D0DF398FF9F8AF63D0E6CC63039F212F8F9020C7D47C6792B21C5FE7403D62A1188E2E60C98D7234A5830286103A55745067B9D86B8A3CF9C7F90C11DE607FB14
310
4396D7B6A82D282E9A152AD114D5EF2CB866EEE831B8EEA07A7BB5A8D7D61A2BAAEB7FD5F70921FF497D00504B0304140006080800CC70623BCA768048FE000000A00100003B0000006662782F36394639363044362D344446342D343946362D394244322D3234314243333846323333332F7265736F75726365732F636F72
310
652E786D6C8D50596E833010BD0A9ADFCA60D600328E9AA639412F609909B1126CE4A5EAF16B0295DABFFECC8CDEA2797AECF8353F924FB44E193D409E5248504B332A3D0D10FC95B4901C39B3C6F85F3248B49871801506CE266BC2B243D2688FDA47549B11775038871E12F988C7004EDE7016A9083E2ADC3D5D84BC8B09
310
D33C8D74D471E6BC8D0192EDC93A815B742658898E651BCB59086ADC356A8C3FD555A1055ED7E7E254D615792D0F075295F585746FF53B694EE78A565DD736979A65AB9933AFE69F8CD2A2F038022F28ED489E135A7CE4554F9BBEA85E68DB53CAB255FEC71496F19FA6A0B42F8B3DEE6673C0F318E4497096AD7DC5F52C33
310
EEB55BFE0D504B010214000A0000080000CC70623B3DEE336E79000000790000001B00000000000000000000000000000000006175746F6465736B2D64657369676E2D7061636B6167652E786D6C504B01021400140006080800CC70623BD486FD9CA0000000F40000001300000000000000000000000000B20000005B436F
310
6E74656E745F54797065735D2E786D6C504B01021400140006080800CC70623BD9DDAED0EC0000007C010000080000000000000000000000000083010000636F72652E786D6C504B01021400140006080800CC70623B55019EA25F0000007C000000070000000000000000000000000095020000636E782E786D6C504B0102
310
1400140006080800CC70623BA24EB22D72010000D40300000C00000000000000000000000000190300006662782F636F72652E786D6C504B01021400140006080800CC70623B408A7D3B7C0000009D0000000B00000000000000000000000000B50400006662782F636E782E786D6C504B01021400140006080800CC70623B
310
449FB9BD290100001202000031000000000000000000000000005A0500006662782F36394639363044362D344446342D343946362D394244322D3234314243333846323333332F636F72652E786D6C504B01021400140006080800CC70623BAD7543B64E010000330300003000000000000000000000000000D20600006662
310
782F36394639363044362D344446342D343946362D394244322D3234314243333846323333332F636E782E786D6C504B01021400140006080800CC70623B8D05915C650500003B10000034000000000000000000000000006E0800006662782F36394639363044362D344446342D343946362D394244322D32343142433338
310
46323333332F6F626A656374732E786D6C504B01021400140006080000CC70623B0000000000000000000000003500000000000000000000000000250E00006662782F36394639363044362D344446342D343946362D394244322D3234314243333846323333332F76657274696365732E62696E504B010214001400060808
310
00CC70623BF270F13306000000040000003600000000000000000000000000780E00006662782F36394639363044362D344446342D343946362D394244322D3234314243333846323333332F747269616E676C65732E62696E504B01021400140006080000CC70623B00000000000000000000000037000000000000000000
310
00000000D20E00006662782F36394639363044362D344446342D343946362D394244322D3234314243333846323333332F617474726962757465732E62696E504B01021400140006080800CC70623B08DA0BD190000000410100003600000000000000000000000000270F00006662782F36394639363044362D344446342D
310
343946362D394244322D3234314243333846323333332F6469726563746F72792E786D6C504B01021400140006080800CC70623BCA768048FE000000A00100003B000000000000000000000000000B1000006662782F36394639363044362D344446342D343946362D394244322D3234314243333846323333332F7265736F
310
75726365732F636F72652E786D6C504B0506000000000E000E0080040000621100000000
  0
XRECORD
  5
176
102
{ACAD_REACTORS
330
173
102
}
330
173
100
AcDbXrecord
280
     1
270
     1
271
     1
  0
XRECORD
  5
177
102
{ACAD_REACTORS
330
173
102
}
330
173
100
AcDbXrecord
280
     1
270
     1
271
     1
  0
CELLSTYLEMAP
  5
11B7
102
{ACAD_REACTORS
330
162
102
}
330
162
100
AcDbCellStyleMap
 90
        3
300
CELLSTYLE
  1
TABLEFORMAT_BEGIN
 90
        5
170
     1
 91
        0
 92
    32768
 62
   257
 93
        1
300
CONTENTFORMAT
  1
CONTENTFORMAT_BEGIN
 90
        0
 91
        0
 92
      512
 93
        0
300

 40
0.0
140
1.0
 94
        5
 62
     0
340
11
144
6.0
309
CONTENTFORMAT_END
171
     1
301
MARGIN
  1
CELLMARGIN_BEGIN
 40
1.5
 40
1.5
 40
1.5
 40
1.5
 40
0.18
 40
0.18
309
CELLMARGIN_END
 94
        6
 95
        1
302
GRIDFORMAT
  1
GRIDFORMAT_BEGIN
 90
        0
 91
        1
 62
     0
 92
       -2
340
14
 93
        0
 40
1.125
309
GRIDFORMAT_END
 95
        2
302
GRIDFORMAT
  1
GRIDFORMAT_BEGIN
 90
        0
 91
        1
 62
     0
 92
       -2
340
14
 93
        0
 40
1.125
309
GRIDFORMAT_END
 95
        4
302
GRIDFORMAT
  1
GRIDFORMAT_BEGIN
 90
        0
 91
        1
 62
     0
 92
       -2
340
14
 93
        0
 40
1.125
309
GRIDFORMAT_END
 95
        8
302
GRIDFORMAT
  1
GRIDFORMAT_BEGIN
 90
        0
 91
        1
 62
     0
 92
       -2
340
14
 93
        0
 40
1.125
309
GRIDFORMAT_END
 95
       16
302
GRIDFORMAT
  1
GRIDFORMAT_BEGIN
 90
        0
 91
        1
 62
     0
 92
       -2
340
14
 93
        0
 40
1.125
309
GRIDFORMAT_END
 95
       32
302
GRIDFORMAT
  1
GRIDFORMAT_BEGIN
 90
        0
 91
        1
 62
     0
 92
       -2
340
14
 93
        0
 40
1.125
309
GRIDFORMAT_END
309
TABLEFORMAT_END
  1
CELLSTYLE_BEGIN
 90
        1
 91
        1
300
_TITLE
309
CELLSTYLE_END
300
CELLSTYLE
  1
TABLEFORMAT_BEGIN
 90
        5
170
     1
 91
        0
 92
        0
 62
   257
 93
        1
300
CONTENTFORMAT
  1
CONTENTFORMAT_BEGIN
 90
        0
 91
        0
 92
      512
 93
        0
300

 40
0.0
140
1.0
 94
        5
 62
     0
340
11
144
4.5
309
CONTENTFORMAT_END
171
     1
301
MARGIN
  1
CELLMARGIN_BEGIN
 40
1.5
 40
1.5
 40
1.5
 40
1.5
 40
0.18
 40
0.18
309
CELLMARGIN_END
 94
        6
 95
        1
302
GRIDFORMAT
  1
GRIDFORMAT_BEGIN
 90
        0
 91
        1
 62
     0
 92
       -2
340
14
 93
        0
 40
1.125
309
GRIDFORMAT_END
 95
        2
302
GRIDFORMAT
  1
GRIDFORMAT_BEGIN
 90
        0
 91
        1
 62
     0
 92
       -2
340
14
 93
        0
 40
1.125
309
GRIDFORMAT_END
 95
        4
302
GRIDFORMAT
  1
GRIDFORMAT_BEGIN
 90
        0
 91
        1
 62
     0
 92
       -2
340
14
 93
        0
 40
1.125
309
GRIDFORMAT_END
 95
        8
302
GRIDFORMAT
  1
GRIDFORMAT_BEGIN
 90
        0
 91
        1
 62
     0
 92
       -2
340
14
 93
        0
 40
1.125
309
GRIDFORMAT_END
 95
       16
302
GRIDFORMAT
  1
GRIDFORMAT_BEGIN
 90
        0
 91
        1
 62
     0
 92
       -2
340
14
 93
        0
 40
1.125
309
GRIDFORMAT_END
 95
       32
302
GRIDFORMAT
  1
GRIDFORMAT_BEGIN
 90
        0
 91
        1
 62
     0
 92
       -2
340
14
 93
        0
 40
1.125
309
GRIDFORMAT_END
309
TABLEFORMAT_END
  1
CELLSTYLE_BEGIN
 90
        2
 91
        1
300
_HEADER
309
CELLSTYLE_END
300
CELLSTYLE
  1
TABLEFORMAT_BEGIN
 90
        5
170
     1
 91
        0
 92
        0
 62
   257
 93
        1
300
CONTENTFORMAT
  1
CONTENTFORMAT_BEGIN
 90
        0
 91
        0
 92
      512
 93
        0
300

 40
0.0
140
1.0
 94
        2
 62
     0
340
11
144
4.5
309
CONTENTFORMAT_END
171
     1
301
MARGIN
  1
CELLMARGIN_BEGIN
 40
1.5
 40
1.5
 40
1.5
 40
1.5
 40
0.18
 40
0.18
309
CELLMARGIN_END
 94
        6
 95
        1
302
GRIDFORMAT
  1
GRIDFORMAT_BEGIN
 90
        0
 91
        1
 62
     0
 92
       -2
340
14
 93
        0
 40
1.125
309
GRIDFORMAT_END
 95
        2
302
GRIDFORMAT
  1
GRIDFORMAT_BEGIN
 90
        0
 91
        1
 62
     0
 92
       -2
340
14
 93
        0
 40
1.125
309
GRIDFORMAT_END
 95
        4
302
GRIDFORMAT
  1
GRIDFORMAT_BEGIN
 90
        0
 91
        1
 62
     0
 92
       -2
340
14
 93
        0
 40
1.125
309
GRIDFORMAT_END
 95
        8
302
GRIDFORMAT
  1
GRIDFORMAT_BEGIN
 90
        0
 91
        1
 62
     0
 92
       -2
340
14
 93
        0
 40
1.125
309
GRIDFORMAT_END
 95
       16
302
GRIDFORMAT
  1
GRIDFORMAT_BEGIN
 90
        0
 91
        1
 62
     0
 92
       -2
340
14
 93
        0
 40
1.125
309
GRIDFORMAT_END
 95
       32
302
GRIDFORMAT
  1
GRIDFORMAT_BEGIN
 90
        0
 91
        1
 62
     0
 92
       -2
340
14
 93
        0
 40
1.125
309
GRIDFORMAT_END
309
TABLEFORMAT_END
  1
CELLSTYLE_BEGIN
 90
        3
 91
        2
300
_DATA
309
CELLSTYLE_END
  0
ENDSEC
  0
SECTION
  2
ACDSDATA
 70
     2
 71
     8
  0
ACDSSCHEMA
 90
        0
  1
AcDb_Thumbnail_Schema
  2
AcDbDs::ID
280
    10
 91
        8
  2
Thumbnail_Data
280
    15
 91
        0
101
ACDSRECORD
 95
        0
 90
        1
  2
AcDbDs::TreatedAsObjectData
280
     1
291
     1
101
ACDSRECORD
 95
        0
 90
        2
  2
AcDbDs::Legacy
280
     1
291
     1
101
ACDSRECORD
  1
AcDbDs::ID
 90
        3
  2
AcDs:Indexable
280
     1
291
     1
101
ACDSRECORD
  1
AcDbDs::ID
 90
        4
  2
AcDbDs::HandleAttribute
280
     7
282
     1
  0
ACDSSCHEMA
 90
        1
  1
AcDbDs::TreatedAsObjectDataSchema
  2
AcDbDs::TreatedAsObjectData
280
     1
 91
        0
  0
ACDSSCHEMA
 90
        2
  1
AcDbDs::LegacySchema
  2
AcDbDs::Legacy
280
     1
 91
        0
  0
ACDSSCHEMA
 90
        3
  1
AcDbDs::IndexedPropertySchema
  2
AcDs:Indexable
280
     1
 91
        0
  0
ACDSSCHEMA
 90
        4
  1
AcDbDs::HandleAttributeSchema
  2
AcDbDs::HandleAttribute
280
     7
 91
        1
284
     1
  0
ACDSRECORD
 90
        0
  2
AcDbDs::ID
280
    10
320
22
  2
Thumbnail_Data
280
    15
 94
     2675
310
89504E470D0A1A0A0000000D49484452000001000000007508030000009634CF9200000300504C5445212830FFFFFF2128300000000000000000000000000000000000000000000000000000330000660000990000CC0000FF0033000033330033660033990033CC0033FF0066000066330066660066990066CC0066FF0099
310
000099330099660099990099CC0099FF00CC0000CC3300CC6600CC9900CCCC00CCFF00FF0000FF3300FF6600FF9900FFCC00FFFF3300003300333300663300993300CC3300FF3333003333333333663333993333CC3333FF3366003366333366663366993366CC3366FF3399003399333399663399993399CC3399FF33CC00
310
33CC3333CC6633CC9933CCCC33CCFF33FF0033FF3333FF6633FF9933FFCC33FFFF6600006600336600666600996600CC6600FF6633006633336633666633996633CC6633FF6666006666336666666666996666CC6666FF6699006699336699666699996699CC6699FF66CC0066CC3366CC6666CC9966CCCC66CCFF66FF0066
310
FF3366FF6666FF9966FFCC66FFFF9900009900339900669900999900CC9900FF9933009933339933669933999933CC9933FF9966009966339966669966999966CC9966FF9999009999339999669999999999CC9999FF99CC0099CC3399CC6699CC9999CCCC99CCFF99FF0099FF3399FF6699FF9999FFCC99FFFFCC0000CC00
310
33CC0066CC0099CC00CCCC00FFCC3300CC3333CC3366CC3399CC33CCCC33FFCC6600CC6633CC6666CC6699CC66CCCC66FFCC9900CC9933CC9966CC9999CC99CCCC99FFCCCC00CCCC33CCCC66CCCC99CCCCCCCCCCFFCCFF00CCFF33CCFF66CCFF99CCFFCCCCFFFFFF0000FF0033FF0066FF0099FF00CCFF00FFFF3300FF3333
310
FF3366FF3399FF33CCFF33FFFF6600FF6633FF6666FF6699FF66CCFF66FFFF9900FF9933FF9966FF9999FF99CCFF99FFFFCC00FFCC33FFCC66FFCC99FFCCCCFFCCFFFFFF00FFFF33FFFF66FFFF99FFFFCCFFFFFF0000000D0D0D1A1A1A2828283535354343435050505D5D5D6B6B6B787878868686939393A1A1A1AEAEAEBB
310
BBBBC9C9C9D6D6D6E4E4E4F1F1F1FFFFFF0000000000000000000000000000000000000000000000000000000000002E4550F1000006914944415478DAED5C5992E34A08E4FE97D429F2FFC53C5B2596049564C94B0744CC22DB6D41160509945AA4A5A5A5A5A5A5A5A5A5A5A5A5A5A5A5A5A5A5A5A5A5A5A545B0FBC29F56
310
19F03F8D6F47E06595F19ABCC9C8FB7484711AD8BF9E08EBB731B479207D330CEBADC6BFA2CDD27F16B60796FD2D0183F0D3246FA70613CAD3B617AF8761B3F2F9CD43C16D5D948E8B2C54F610C0F8360D87F100FD360160A876190C7AD59FEB316E98E8E53C40AC074C00203500C22E8C3E4AD7F3C1017ED5A3CB71BDBE00
310
80677890CD4D0FC1B07D78DD809B3E3F04008237ECC3A04C97D5F337DF7677FF3E00B27764DDC48537A81787BBB31BEA84F45D00180AE2F531DEA02C36FF53D1DD4634640064F1F85500E6B30080B080354CA2D33606571BB99659432F607CE6E22C806DBDC4249FC178B6BB5A26B403C0B8D0697C0572F2C763AA5D01DDD4
310
FE3FE72FD6F8791E60BFD6DEC8DF35212B734BA83D0073FBCC7A7E4291FFD99BF3A009000E1653883C720600E74AB217424CA8D895CDDE707D108009FB6D06907C437B33270140B01DBE62610864D77B00580F8751625B5CB5F7B712C165AC10D20B00A2D1C3AD9DCAB622D2D587611B5BA4F595CB0E0026B28A2F6E305452
310
0A0224CD91AF149E5121DE05A06A0B17014759A083BECD062A1812CD273C40451C096EFCBC755593C4BDAA685D09005474B491EE0949724F57151AECBDE6F300080520466CAA0CB8EF6A626F00D05577E07EACF4CEA3ACD7DF697E0700FBA4C752F801840380ACFAB6AF7F0F00437AEC3B627649349DAE7A51077D14004781
310
0BC522838951D9347D8A22A4B8E9273D600780C0665C0B7225D4982A3D713700B359C084E7B4763576AE3F02B6EA533595AE24706D16402C054867D9364E65BF7B41B70374FB68D28714BD8ADA78D53C653AE6019609FAC81679A5ED5AD6A6E89726CB7F9A269D164135A2F9E5B580CFF625E9C900A0369BCE1A2547D70CCF
310
44D21A037199E3E754D73AF3066223072056BF2C81B0701956DE5440BA14AE018853111F03B63006DBB39790E722E9310EA083206BA009F95258D298EFFDC57705FE5DF30D24928D170410C752469CB5C1D5E9EC51B0138D2900189AD6A9C264C8447FD30319504C0020040006523612C96295691721034005EFDDB0527585
310
1F1E109B82B703408ABAC4812552E158479689E59B00C8137E689540F5032D11CA92C999C1C85B01A8260269AB04916A643D9433839137037080FE8588E713EFA9C1C895009CC90253A333D7DC0D001C1C8C581E40B2C0690F409C69BA56B6EE03DA8321F3EDFDCC03E6072382B217E8FBE2F2C88298698A86BA819513F173
310
750FC3EFE5330098C14854C27483F964649F09BE26BA38AE3DB902A09CAD4E2B493C60A216606BB3243710A1AD0BA87A3D8F654700B0D37556B4D0DBF057CA6373CED59F63B66CD0B6D8CFC333BF329BA5E3789A3F09B946726ECBD6FFE11A82390F509C3EF7002022974E04100C450540356CF28311A1E70442629BF000D2
310
102C01D0EB8DE989806400C0A51A3E6E9C6D8B672FDC0400A6260222BE892A31C7E29AC1C8E700282602D13C02D14583910F7AC0FE442009FFBEE7F3D260E49B00A0B52E6DAC5E3818793700F313018002E03B7D90A93379F70060D3A03B70F4B88E6970AE24546D3237F83F3618B9250DBE448466270261CFE0CC60E46E22
310
A4A9303F70B4C41EFADC442082716A30720B154EEB8AFA3A6FDE0AF6CE88D98643752E52E49A87100E00509E392A2BEB990601038054BF529D0DF4D38CE241191C00C01ED0A7678EE8916752B420F706A4D9272586645CE02B866C6FFB3E540500F439257B1A4BE2B8DD6E2F245496F4AD6A00F2C335616032B1357CF5B403
310
0048EF6F0600445758CFEC02A122024DBF8A2A2CAA8901642E8CA907E38E0190F4FFF73DC09B141F56D209DF6BE7C8A2FA595F237C3F00E28E2C935D1B2646083D4C8580FC00006478BFACCDB8D51465114272761F7A4E7497E4BB7F0700B2AA7451B9BBC82700304110D70160828207809BCF9EF7BC2F0B6CC7B7B758ECE8
310
BEBBAA01582A62490048BBCF3500079F1AAE1F5B338529E1DC9CD6D01A350540380032F7E97872C25415A9FB23B0CEDD8290A258BC1332590540DC3EB5BF403707DFF3803BD871B41DFA0F5DEA6E55E35900462EB00F4DE388CE2FFCD2039C189E419FE25CE2B33B3CAE2700E887BF2617F0DC634F978B567626B15100360A
310
F9BE5FCE700B0C8AFFA84D4152E87098C1887ED674EA0D6B272DD2808D080CA8FE84E91186874F2F49EFE5499CFF9AE9D41BC000C05F369DF5CBA4ECF4B4B4B4B4B4B4B4B4B4B4B4B4B4B4B4B4B4B4B4B4DC23FF0104568433C39DC1690000000049454E44AE426082D8D8D8D3ED3F05AAAF31F470A7260000000049454E44
310
AE4260823786DA2F5C0640FFDDFA0916BF8BE13D116F09B45FF892A99B437CCF22B8043ED6E0973DA49BBC4AF860E5BB8C210CE0BBFFCF9F231F6C00BF62EA08833DA9BE51EA173EF85F035F7EFC0323BEE00A76A6C0C40000000049454E44AE4260821E58638D35D658638D35D658E3E4F80F4A3018C0D84648D700000000
310
49454E44AE426082
  0
ACDSRECORD
 90
        0
  2
AcDbDs::ID
280
    10
320
D7
  2
Thumbnail_Data
280
    15
 94
     3006
310
89504E470D0A1A0A0000000D4948445200000100000000B5080300000087DCD12600000300504C5445FFFFFFFFFFFFFFFFFF0000000000000000000000000000000000000000000000000000330000660000990000CC0000FF0033000033330033660033990033CC0033FF0066000066330066660066990066CC0066FF0099
310
000099330099660099990099CC0099FF00CC0000CC3300CC6600CC9900CCCC00CCFF00FF0000FF3300FF6600FF9900FFCC00FFFF3300003300333300663300993300CC3300FF3333003333333333663333993333CC3333FF3366003366333366663366993366CC3366FF3399003399333399663399993399CC3399FF33CC00
310
33CC3333CC6633CC9933CCCC33CCFF33FF0033FF3333FF6633FF9933FFCC33FFFF6600006600336600666600996600CC6600FF6633006633336633666633996633CC6633FF6666006666336666666666996666CC6666FF6699006699336699666699996699CC6699FF66CC0066CC3366CC6666CC9966CCCC66CCFF66FF0066
310
FF3366FF6666FF9966FFCC66FFFF9900009900339900669900999900CC9900FF9933009933339933669933999933CC9933FF9966009966339966669966999966CC9966FF9999009999339999669999999999CC9999FF99CC0099CC3399CC6699CC9999CCCC99CCFF99FF0099FF3399FF6699FF9999FFCC99FFFFCC0000CC00
310
33CC0066CC0099CC00CCCC00FFCC3300CC3333CC3366CC3399CC33CCCC33FFCC6600CC6633CC6666CC6699CC66CCCC66FFCC9900CC9933CC9966CC9999CC99CCCC99FFCCCC00CCCC33CCCC66CCCC99CCCCCCCCCCFFCCFF00CCFF33CCFF66CCFF99CCFFCCCCFFFFFF0000FF0033FF0066FF0099FF00CCFF00FFFF3300FF3333
310
FF3366FF3399FF33CCFF33FFFF6600FF6633FF6666FF6699FF66CCFF66FFFF9900FF9933FF9966FF9999FF99CCFF99FFFFCC00FFCC33FFCC66FFCC99FFCCCCFFCCFFFFFF00FFFF33FFFF66FFFF99FFFFCCFFFFFF0000000D0D0D1A1A1A2828283535354343435050505D5D5D6B6B6B787878868686939393A1A1A1AEAEAEBB
310
BBBBC9C9C9D6D6D6E4E4E4F1F1F1FFFFFF000000000000000000000000000000000000000000000000000000000000AD4AB4E4000008794944415478DAED5DDB92E32A0CECFFFF49AAF47C3EE26C6C2EBA4126B1491C234F6D66E2C9784D23BA258105FE5BFCC07F58FC080002800020009007D1E3DF4D5FFF04C08DBB3B00
310
589D03960700AB0F01040704000140A840A840A8407040001000840A840ABC3804E8D78ED301F87D633F468201001B0CFE47E9CD1B25E712F44D0086173C69E061C6D53E0100E57B36B78E176FBCF7E709E971D0E305E974000E922051FBB63533BFCF674BF6790C83EE647529D6E8840346300780FC4B2A23D702B0BFF161
310
709A9E4FF700005D8B0409630B80448383C00D9D35FDE700A0DC78F15DF4AA0B03A8DB74C5048FA15FDAFFEF47BA160952EB4975E3A22D1606B4E1609A8EFAB5BDAB14F8EF1BAE0780E87B47B7040C85C3F2F936503A4A6235E13D0068220952FD56FB532B000C0C28E74CD3C13FC35FABE5BCE74A4C04001D00A014800F17
310
D1D9191D3472C47B002895213DD42691200616D0B37234ABA8FFD8F878C30238F1D4330DF0A92AE00300C17D4608C13BC70805D9813006E0717E27C90A2384D67E8104415DA523D1A44ED35F22C1875AFE9349E2CE397142980C80F6795D166A3090F11C1B3540B77AFFEC16098C2C20ED9E72E3DF62763BF7CC8B05D44853
310
646EBA30DF18351F527F44F888FB6B8E831E36DE8B05680320397D4FCC6799A502A55190E3D506025C18E1355D114B7DB3F7EFC3C63BCDD8FCC5547ABB1247D3A4A92AD001A0170850C3856B033AC110EBF43E00BB0554CF5C5EB7BB1C6A3200BD40C0B8C4AAE9F436008CF9D1FC91A2485348D019E40EFD4918BC1F31E2D1
310
548F31078C65601600856953B380D48219792FC672A43A56BF487DB1BC431780BE0C102386292AA07B29F7941B17B24412C94B601853FD21ADE4C880F48367A5C43851B7CC95C98809AFAC45D25A2F2D03344F5725A03D1948CD22B9E00E3D88690080F9B926D4039CAC90C80F08006AC30716B0EB804345D5FBFC3000D409
310
04EA19B822F8A60550F1943809886860B20A7438A093F292A208133BBFC101D84CA0A568990C1CB6003CB300EC0850D68024D2650E0C3C4D639AAE3C8CF259E6D50F672938F39B3733D2E2F005BCA5286073BFCD9A65C644FDA51F523D4B04C18F0668DABC8088842C75ED77D046054F0CB6E99FC415DBCC108A44491F8096
310
053232D00580CEB00062042E01282D2DD4006D1E39D2DD835D31E568FFD767008861079B4E98A502230BE06EDA2ED6ACA51917219D030084817400609956EE11D2410B18D24E279F0D1E110A8D4C95B09233E9A3C7EF9FA78765104A4C8671D8028E4D8F6F931B0C0206003B97F087B4123D5B56A0A6DDA0BD82D349509B2B
310
913C5B6EBB987AAA215B412095A1219225E32B8F6400BDBE9FBA46C85F2142FCD65A5A0B0C80722EC984FEB32B775540C6C22AC93A83045F9A9FDA7DA544AD53D3A60174C66A23924392079660BEC1370180F4EA81A36B5E3C1570F2B06302394E82076669CF5D6746C21F1013B2D70260D6C11D29ADC64B2C945489309E79
310
A4D92A7091F63B8E589B4FA3BBAF1495C1B448AAAC01C09BA994BB91A0BFBE646630743515B0B9105A4705542ADAAC3259050077869CB00009EAB4C05F2C806E6B0164165FAC428272EDD216756FABEED755813257B30A096EAF4958C05A2AB003B065DADAA403122D43820C006E01EB0040D0CB250E5BC08FA9409D0A4EE5
310
8903B08997DB0380DAE91016B00809B655498A039600A0B53D73407A0EC0ED1222B02A90560180AF8AB37EC02224582D802F55AA8F9CADA002B08F5B60E407DC8804D59C08F42CEB0A15249E3CB17273127C6FC80600F721C100E0ACFB5D6B0820382000080042054205420582030280002054205420542038200008004205
310
4205420582030280002054E0D50BD23434CEBBF20C123CB910F8C4C2E2D300005A81545D16F195BBB6B56FF66BA55AFC23D1F78640B78CE5A0AB9ED76EE8F63B3BF728285C0BD4D0D500205657D416D4AED51B06B6E0555C930B3E79898183B43BABB2B406403FBBA34A448294F588A7FDE5333F79ADD38F01E0548585A9A7
310
A82A48A15385FE031630450540AA7005899281E035C56C1D25FEF4B7284F7549006A697D62655E5401690D032BEE463095581B827B9D99FC38744AF4BD21F0AA0A98D2D91A06B29A89414DCA733C8119B100AB2ACDAA7982552E800B43B702B329C82DCE5D8F041D00AC94F122C1B2CA22869B6BE0370120D30C6BEB18D5DD
310
FEB005601207182164307425E2B4DDC23E0780DD2CC2D95F07AA0C7FB7E9ACFE1EBF3051AD997C3157F80F256095872F00B005C59F1515BE9C0CA2966FAB6764615F67FF0CB4DAEACE4E4C4A473667B81616BF1C09B6D12D01900FF11B38542DE14E30840A40F185AF0940DF029C40A04490A200BAE1496D015301C0340EE8
310
0702B5A8B2DD9FEBF31C700C8042ECACAE38A556CDD00904B8FFE0349DA596F29BB4172A474AA04BC6027B9B79CC961C19E0F56409FC671A6CB2848BC702AD0FF93680493EC0A8606085DEE9D9264BBAC0ECE548B0070077607520C08600DB6B87919E89056C8DD6CB0330DE3F87EF15E0A68E3E6B014749B010756BFFCE5A
310
837808AADC1F3AA1A328300B5C30186A035B65AE06F190CA19F3A63B3B0CD9B0F9620911B5DD94B84D2F10802975523F5838A1EB627C9303865B6C40D54F5785D5A517280020D9745974DB5ADB35D3E2CD8B37F57BEB49362E546175F0DF82D76AF609E77A2AC06AFEBB00E4BADA29EF00529B969B9E4B2A27E86AEC9F03E0
310
5842C4B70055253E8BA4F0E76BC1F932E9A177DCF100983237787C6204BDBD954AA7092781DB85384D7C23BE0F4E8FD361009ED455DF2C3D69007865F5844A025F581F30618D90DA4209B5B47A82A82B9E533DFBEFF43E4C138E6FAD11DAA7F9A1A6F7A86D2C91CE2DB17D3900040CC2BFFF58D3E791E0CBF740E4FCF8B300
310
FCDA713609DEE30800DE27C100E0AEC75A4300C101014000102A102A102A101C10000400A102A102FD21C09777DEEE352C200008000280004000B0F8B13C00FF03B4C2663D1309235F0000000049454E44AE426082
  0
ENDSEC
  0
EOF
