  0
SECTION
  2
HEADER
  9
$ACADVER
  1
AC1009
  9
$INSBASE
 10
0.0
 20
0.0
 30
0.0
  9
$EXTMIN
 10
4.845262
 20
3.02933
 30
0.0
  9
$EXTMAX
 10
8.847323
 20
6.850559
 30
0.0
  9
$LIMMIN
 10
0.0
 20
0.0
  9
$LIMMAX
 10
12.0
 20
9.0
  9
$ORTHOMODE
 70
     0
  9
$REGENMODE
 70
     1
  9
$FILLMODE
 70
     1
  9
$QTEXTMODE
 70
     0
  9
$MIRRTEXT
 70
     1
  9
$DRAGMODE
 70
     2
  9
$LTSCALE
 40
1.0
  9
$OSMODE
 70
     0
  9
$ATTMODE
 70
     1
  9
$TEXTSIZE
 40
0.2
  9
$TRACEWID
 40
0.05
  9
$TEXTSTYLE
  7
STANDARD
  9
$CLAYER
  8
0
  9
$CELTYPE
  6
BYLAYER
  9
$CECOLOR
 62
   256
  9
$DIMSCALE
 40
1.0
  9
$DIMASZ
 40
0.18
  9
$DIMEXO
 40
0.0625
  9
$DIMDLI
 40
0.38
  9
$DIMRND
 40
0.0
  9
$DIMDLE
 40
0.0
  9
$DIMEXE
 40
0.18
  9
$DIMTP
 40
0.0
  9
$DIMTM
 40
0.0
  9
$DIMTXT
 40
0.18
  9
$DIMCEN
 40
0.09
  9
$DIMTSZ
 40
0.0
  9
$DIMTOL
 70
     0
  9
$DIMLIM
 70
     0
  9
$DIMTIH
 70
     1
  9
$DIMTOH
 70
     1
  9
$DIMSE1
 70
     0
  9
$DIMSE2
 70
     0
  9
$DIMTAD
 70
     0
  9
$DIMZIN
 70
     0
  9
$DIMBLK
  1

  9
$DIMASO
 70
     1
  9
$DIMSHO
 70
     1
  9
$DIMPOST
  1

  9
$DIMAPOST
  1

  9
$DIMALT
 70
     0
  9
$DIMALTD
 70
     2
  9
$DIMALTF
 40
25.4
  9
$DIMLFAC
 40
1.0
  9
$DIMTOFL
 70
     0
  9
$DIMTVP
 40
0.0
  9
$DIMTIX
 70
     0
  9
$DIMSOXD
 70
     0
  9
$DIMSAH
 70
     0
  9
$DIMBLK1
  1

  9
$DIMBLK2
  1

  9
$DIMSTYLE
  2
*UNNAMED
  9
$DIMCLRD
 70
     0
  9
$DIMCLRE
 70
     0
  9
$DIMCLRT
 70
     0
  9
$DIMTFAC
 40
1.0
  9
$DIMGAP
 40
0.09
  9
$LUNITS
 70
     2
  9
$LUPREC
 70
     4
  9
$SKETCHINC
 40
0.1
  9
$FILLETRAD
 40
0.0
  9
$AUNITS
 70
     0
  9
$AUPREC
 70
     0
  9
$MENU
  1
aDXF
  9
$ELEVATION
 40
0.0
  9
$PELEVATION
 40
0.0
  9
$THICKNESS
 40
0.0
  9
$LIMCHECK
 70
     0
  9
$BLIPMODE
 70
     1
  9
$CHAMFERA
 40
0.0
  9
$CHAMFERB
 40
0.0
  9
$SKPOLY
 70
     0
  9
$TDCREATE
 40
2450406.327857407
  9
$TDUPDATE
 40
2450406.327857407
  9
$TDINDWG
 40
0.0000000000
  9
$TDUSRTIMER
 40
0.0000000000
  9
$USRTIMER
 70
     1
  9
$ANGBASE
 50
0.0
  9
$ANGDIR
 70
     0
  9
$PDMODE
 70
     0
  9
$PDSIZE
 40
0.0
  9
$PLINEWID
 40
0.0
  9
$COORDS
 70
     1
  9
$SPLFRAME
 70
     0
  9
$SPLINETYPE
 70
     6
  9
$SPLINESEGS
 70
     8
  9
$ATTDIA
 70
     0
  9
$ATTREQ
 70
     1
  9
$HANDLING
 70
     0
  9
$HANDSEED
  5
0
  9
$SURFTAB1
 70
     6
  9
$SURFTAB2
 70
     6
  9
$SURFTYPE
 70
     6
  9
$SURFU
 70
     6
  9
$SURFV
 70
     6
  9
$UCSNAME
  2

  9
$UCSORG
 10
0.0
 20
0.0
 30
0.0
  9
$UCSXDIR
 10
1.0
 20
0.0
 30
0.0
  9
$UCSYDIR
 10
0.0
 20
1.0
 30
0.0
  9
$PUCSNAME
  2

  9
$PUCSORG
 10
0.0
 20
0.0
 30
0.0
  9
$PUCSXDIR
 10
1.0
 20
0.0
 30
0.0
  9
$PUCSYDIR
 10
0.0
 20
1.0
 30
0.0
  9
$USERI1
 70
     0
  9
$USERI2
 70
     0
  9
$USERI3
 70
     0
  9
$USERI4
 70
     0
  9
$USERI5
 70
     0
  9
$USERR1
 40
0.0
  9
$USERR2
 40
0.0
  9
$USERR3
 40
0.0
  9
$USERR4
 40
0.0
  9
$USERR5
 40
0.0
  9
$WORLDVIEW
 70
     1
  9
$SHADEDGE
 70
     3
  9
$SHADEDIF
 70
    70
  9
$TILEMODE
 70
     1
  9
$MAXACTVP
 70
    16
  9
$PINSBASE
 10
0.0
 20
0.0
 30
0.0
  9
$PLIMCHECK
 70
     0
  9
$PEXTMIN
 10
1.000000E+20
 20
1.000000E+20
 30
1.000000E+20
  9
$PEXTMAX
 10
-1.000000E+20
 20
-1.000000E+20
 30
-1.000000E+20
  9
$PLIMMIN
 10
0.0
 20
0.0
  9
$PLIMMAX
 10
12.0
 20
9.0
  9
$UNITMODE
 70
     0
  9
$VISRETAIN
 70
     0
  9
$PLINEGEN
 70
     0
  9
$PSLTSCALE
 70
     1
  9
$TREEDEPTH
 70
  3020
  9
$DWGCODEPAGE
  3
iso8859-1
  0
ENDSEC
  0
SECTION
  2
TABLES
  0
TABLE
  2
VPORT
 70
     2
  0
VPORT
  2
*ACTIVE
 70
     0
 10
0.0
 20
0.0
 11
1.0
 21
1.0
 12
7.953782
 22
4.5
 13
0.0
 23
0.0
 14
1.0
 24
1.0
 15
0.0
 25
0.0
 16
0.0
 26
0.0
 36
1.0
 17
0.0
 27
0.0
 37
0.0
 40
9.0
 41
1.767507
 42
50.0
 43
0.0
 44
0.0
 50
0.0
 51
0.0
 71
     0
 72
   100
 73
     1
 74
     1
 75
     0
 76
     0
 77
     0
 78
     0
  0
ENDTAB
  0
TABLE
  2
LTYPE
 70
     1
  0
LTYPE
  2
CONTINUOUS
 70
    64
  3
Solid line
 72
    65
 73
     0
 40
0.0
  0
ENDTAB
  0
TABLE
  2
LAYER
 70
     1
  0
LAYER
  2
0
 70
     0
 62
     7
  6
CONTINUOUS
  0
ENDTAB
  0
TABLE
  2
STYLE
 70
     1
  0
STYLE
  2
STANDARD
 70
     0
 40
0.0
 41
1.0
 50
0.0
 71
     0
 42
0.2
  3
txt
  4

  0
ENDTAB
  0
TABLE
  2
VIEW
 70
     0
  0
ENDTAB
  0
TABLE
  2
UCS
 70
     0
  0
ENDTAB
  0
TABLE
  2
APPID
 70
     1
  0
APPID
  2
ADXF
 70
    64
  0
ENDTAB
  0
TABLE
  2
DIMSTYLE
 70
     0
  0
ENDTAB
  0
ENDSEC
  0
SECTION
  2
BLOCKS
  0
ENDSEC
  0
SECTION
  2
ENTITIES
  0
POLYLINE
  8
0
 66
1
  0
VERTEX
  8
0
 10
559.683960
 20
-44.192871
 42
-0.414210
  0
VERTEX
  8
0
 10
560.083862
 20
-44.592773
  0
VERTEX
  8
0
 10
560.083862
 20
-57.792969
 42
-0.414210
  0
VERTEX
  8
0
 10
559.683960
 20
-58.192871
  0
VERTEX
  8
0
 10
546.483887
 20
-58.192871
 42
-0.414121
  0
VERTEX
  8
0
 10
546.083862
 20
-57.792969
  0
VERTEX
  8
0
 10
546.083862
 20
-46.792969
 42
0.414214
  0
VERTEX
  8
0
 10
545.583862
 20
-46.292969
  0
VERTEX
  8
0
 10
541.583862
 20
-46.292969
 42
0.414214
  0
VERTEX
  8
0
 10
541.083862
 20
-46.792969
  0
VERTEX
  8
0
 10
541.083862
 20
-57.792969
 42
-0.414121
  0
VERTEX
  8
0
 10
540.683838
 20
-58.192871
  0
VERTEX
  8
0
 10
527.483887
 20
-58.192871
 42
-0.414121
  0
VERTEX
  8
0
 10
527.083862
 20
-57.792969
  0
VERTEX
  8
0
 10
527.083862
 20
-44.592773
 42
-0.414121
  0
VERTEX
  8
0
 10
527.483887
 20
-44.192871
  0
VERTEX
  8
0
 10
540.093994
 20
-44.192871
 42
0.414214
  0
VERTEX
  8
0
 10
540.593994
 20
-43.692871
  0
VERTEX
  8
0
 10
540.593994
 20
-37.092773
 42
-0.414214
  0
VERTEX
  8
0
 10
541.093994
 20
-36.592773
  0
VERTEX
  8
0
 10
546.093994
 20
-36.592773
 42
-0.414214
  0
VERTEX
  8
0
 10
546.593994
 20
-37.092773
  0
VERTEX
  8
0
 10
546.593994
 20
-43.692871
 42
0.414214
  0
VERTEX
  8
0
 10
547.093994
 20
-44.192871
  0
VERTEX
  8
0
 10
559.683960
 20
-44.192871
  0
SEQEND
  8
0
  0
POLYLINE
  8
0
 66
1
  0
VERTEX
  8
0
 10
201.771637
 20
-32.592773
 42
1.000000
  0
VERTEX
  8
0
 10
201.771637
 20
-35.792969
  0
VERTEX
  8
0
 10
203.171539
 20
-35.792969
 42
1.000000
  0
VERTEX
  8
0
 10
203.171539
 20
-32.592773
  0
VERTEX
  8
0
 10
201.771637
 20
-32.592773
  0
SEQEND
  8
0
  0
POLYLINE
  8
0
 66
1
  0
VERTEX
  8
0
 10
201.771637
 20
-25.592773
 42
1.000000
  0
VERTEX
  8
0
 10
201.771637
 20
-28.792969
  0
VERTEX
  8
0
 10
203.171539
 20
-28.792969
 42
1.000000
  0
VERTEX
  8
0
 10
203.171539
 20
-25.592773
  0
VERTEX
  8
0
 10
201.771637
 20
-25.592773
  0
SEQEND
  8
0
  0
POLYLINE
  8
0
 66
1
  0
VERTEX
  8
0
 10
203.171539
 20
-21.792969
 42
1.000000
  0
VERTEX
  8
0
 10
203.171539
 20
-18.592773
  0
VERTEX
  8
0
 10
201.771637
 20
-18.592773
 42
1.000000
  0
VERTEX
  8
0
 10
201.771637
 20
-21.792969
  0
VERTEX
  8
0
 10
203.171539
 20
-21.792969
  0
SEQEND
  8
0
  0
POLYLINE
  8
0
 66
1
  0
VERTEX
  8
0
 10
563.893921
 20
-18.192871
  0
VERTEX
  8
0
 10
563.893921
 20
-18.192871
  0
SEQEND
  8
0
  0
POLYLINE
  8
0
 66
1
  0
VERTEX
  8
0
 10
176.093994
 20
-137.992920
  0
VERTEX
  8
0
 10
176.093994
 20
-137.992920
  0
SEQEND
  8
0
  0
POLYLINE
  8
0
 66
1
  0
VERTEX
  8
0
 10
176.094025
 20
-16.392822
  0
VERTEX
  8
0
 10
176.094025
 20
-16.392822
  0
SEQEND
  8
0
  0
POLYLINE
  8
0
 66
1
  0
VERTEX
  8
0
 10
178.084015
 20
-20.592773
  0
VERTEX
  8
0
 10
178.084015
 20
-20.592773
  0
SEQEND
  8
0
  0
POLYLINE
  8
0
 66
1
  0
VERTEX
  8
0
 10
192.084015
 20
-20.592773
  0
VERTEX
  8
0
 10
192.084015
 20
-20.592773
  0
SEQEND
  8
0
  0
POLYLINE
  8
0
 66
1
  0
VERTEX
  8
0
 10
510.294098
 20
-40.242920
  0
VERTEX
  8
0
 10
510.294098
 20
-40.242920
  0
SEQEND
  8
0
  0
POLYLINE
  8
0
 66
1
  0
VERTEX
  8
0
 10
510.294098
 20
-38.142822
  0
VERTEX
  8
0
 10
510.294098
 20
-38.142822
  0
SEQEND
  8
0
  0
POLYLINE
  8
0
 66
1
  0
VERTEX
  8
0
 10
228.149811
 20
-38.733643
  0
VERTEX
  8
0
 10
228.149811
 20
-38.733643
  0
SEQEND
  8
0
  0
POLYLINE
  8
0
 66
1
  0
VERTEX
  8
0
 10
230.038239
 20
-39.652100
  0
VERTEX
  8
0
 10
230.038239
 20
-39.652100
  0
SEQEND
  8
0
  0
POLYLINE
  8
0
 66
1
  0
VERTEX
  8
0
 10
506.794098
 20
-39.192871
  0
VERTEX
  8
0
 10
506.794098
 20
-39.192871
  0
SEQEND
  8
0
  0
POLYLINE
  8
0
 66
1
  0
VERTEX
  8
0
 10
511.393951
 20
-39.192871
  0
VERTEX
  8
0
 10
511.393951
 20
-39.192871
  0
SEQEND
  8
0
  0
POLYLINE
  8
0
 66
1
  0
VERTEX
  8
0
 10
484.044891
 20
-128.137939
  0
VERTEX
  8
0
 10
484.044891
 20
-128.137939
  0
SEQEND
  8
0
  0
POLYLINE
  8
0
 66
1
  0
VERTEX
  8
0
 10
482.919128
 20
-126.248047
  0
VERTEX
  8
0
 10
482.919128
 20
-126.248047
  0
SEQEND
  8
0
  0
POLYLINE
  8
0
 66
1
  0
VERTEX
  8
0
 10
469.412354
 20
-38.458984
  0
VERTEX
  8
0
 10
469.412354
 20
-38.458984
  0
SEQEND
  8
0
  0
POLYLINE
  8
0
 66
1
  0
VERTEX
  8
0
 10
468.775635
 20
-39.926758
  0
VERTEX
  8
0
 10
468.775635
 20
-39.926758
  0
SEQEND
  8
0
  0
POLYLINE
  8
0
 66
1
  0
VERTEX
  8
0
 10
222.854980
 20
-127.956299
  0
VERTEX
  8
0
 10
222.854980
 20
-127.956299
  0
SEQEND
  8
0
  0
POLYLINE
  8
0
 66
1
  0
VERTEX
  8
0
 10
223.332886
 20
-126.429443
  0
VERTEX
  8
0
 10
223.332886
 20
-126.429443
  0
SEQEND
  8
0
  0
POLYLINE
  8
0
 66
1
  0
VERTEX
  8
0
 10
269.600952
 20
-38.573975
  0
VERTEX
  8
0
 10
269.600952
 20
-38.573975
  0
SEQEND
  8
0
  0
POLYLINE
  8
0
 66
1
  0
VERTEX
  8
0
 10
268.587036
 20
-39.811768
  0
VERTEX
  8
0
 10
268.587036
 20
-39.811768
  0
SEQEND
  8
0
  0
POLYLINE
  8
0
 66
1
  0
VERTEX
  8
0
 10
178.084015
 20
-20.592773
  0
VERTEX
  8
0
 10
178.084015
 20
-20.592773
  0
SEQEND
  8
0
  0
POLYLINE
  8
0
 66
1
  0
VERTEX
  8
0
 10
560.083862
 20
-20.592285
  0
VERTEX
  8
0
 10
560.083862
 20
-20.592285
  0
SEQEND
  8
0
  0
POLYLINE
  8
0
 66
1
  0
VERTEX
  8
0
 10
178.084015
 20
-20.592773
  0
VERTEX
  8
0
 10
178.084015
 20
-20.592773
  0
SEQEND
  8
0
  0
POLYLINE
  8
0
 66
1
  0
VERTEX
  8
0
 10
480.594116
 20
-20.592773
  0
VERTEX
  8
0
 10
480.594116
 20
-20.592773
  0
SEQEND
  8
0
  0
POLYLINE
  8
0
 66
1
  0
VERTEX
  8
0
 10
180.869019
 20
-134.192871
  0
VERTEX
  8
0
 10
180.869019
 20
-134.192871
  0
SEQEND
  8
0
  0
POLYLINE
  8
0
 66
1
  0
VERTEX
  8
0
 10
178.484039
 20
-20.192871
  0
VERTEX
  8
0
 10
178.484039
 20
-20.192871
  0
SEQEND
  8
0
  0
POLYLINE
  8
0
 66
1
  0
VERTEX
  8
0
 10
482.382019
 20
-127.192871
 42
-0.668115
  0
VERTEX
  8
0
 10
484.259644
 20
-126.415359
 42
-0.668114
  0
VERTEX
  8
0
 10
483.482086
 20
-128.292969
 42
-0.414207
  0
VERTEX
  8
0
 10
482.382019
 20
-127.192871
 42
240788484342463670000000000000000000000000000000000000000000000000000000000000000000000000000000000000000000000000000000000000000000000000000000000000000000000000000000000000000000000000000000000000000000000000000000000000000000000000000000000000000000000000000000000000000000000000000000000.000000
  0
SEQEND
  8
0
  0
POLYLINE
  8
0
 66
1
  0
VERTEX
  8
0
 10
507.844025
 20
-38.142822
 42
0.999884
  0
VERTEX
  8
0
 10
507.844025
 20
-40.242920
  0
VERTEX
  8
0
 10
510.344025
 20
-40.242920
 42
0.999884
  0
VERTEX
  8
0
 10
510.344025
 20
-38.142822
  0
VERTEX
  8
0
 10
507.844025
 20
-38.142822
  0
SEQEND
  8
0
  0
POLYLINE
  8
0
 66
1
  0
VERTEX
  8
0
 10
228.043976
 20
-39.192871
 42
-0.668178
  0
VERTEX
  8
0
 10
229.836517
 20
-38.450375
 42
-0.668180
  0
VERTEX
  8
0
 10
229.094025
 20
-40.242920
 42
-0.414213
  0
VERTEX
  8
0
 10
228.043976
 20
-39.192871
 42
240788484342463670000000000000000000000000000000000000000000000000000000000000000000000000000000000000000000000000000000000000000000000000000000000000000000000000000000000000000000000000000000000000000000000000000000000000000000000000000000000000000000000000000000000000000000000000000000000.000000
  0
SEQEND
  8
0
  0
POLYLINE
  8
0
 66
1
  0
VERTEX
  8
0
 10
263.484863
 20
-39.692627
 42
1.000000
  0
VERTEX
  8
0
 10
263.484863
 20
-38.692627
  0
VERTEX
  8
0
 10
248.984863
 20
-38.692627
  0
VERTEX
  8
0
 10
234.484863
 20
-38.692627
 42
1.000000
  0
VERTEX
  8
0
 10
234.484863
 20
-39.692627
  0
VERTEX
  8
0
 10
248.984863
 20
-39.692627
  0
VERTEX
  8
0
 10
263.484863
 20
-39.692627
  0
SEQEND
  8
0
  0
POLYLINE
  8
0
 66
1
  0
VERTEX
  8
0
 10
197.003540
 20
-39.692627
  0
VERTEX
  8
0
 10
210.003540
 20
-39.692627
  0
VERTEX
  8
0
 10
223.003540
 20
-39.692627
 42
1.000000
  0
VERTEX
  8
0
 10
223.003540
 20
-38.692627
  0
VERTEX
  8
0
 10
210.003540
 20
-38.692627
  0
VERTEX
  8
0
 10
197.003540
 20
-38.692627
 42
1.000000
  0
VERTEX
  8
0
 10
197.003540
 20
-39.692627
 42
240788484342463670000000000000000000000000000000000000000000000000000000000000000000000000000000000000000000000000000000000000000000000000000000000000000000000000000000000000000000000000000000000000000000000000000000000000000000000000000000000000000000000000000000000000000000000000000000000.000000
  0
SEQEND
  8
0
  0
POLYLINE
  8
0
 66
1
  0
VERTEX
  8
0
 10
538.582642
 20
-61.045410
 42
1.000000
  0
VERTEX
  8
0
 10
538.582642
 20
-60.045410
  0
VERTEX
  8
0
 10
515.082642
 20
-60.045410
  0
VERTEX
  8
0
 10
491.582642
 20
-60.045410
 42
1.000000
  0
VERTEX
  8
0
 10
491.582642
 20
-61.045410
  0
VERTEX
  8
0
 10
515.082642
 20
-61.045410
  0
VERTEX
  8
0
 10
538.582642
 20
-61.045410
  0
SEQEND
  8
0
  0
POLYLINE
  8
0
 66
1
  0
VERTEX
  8
0
 10
538.582642
 20
-80.045410
 42
1.000000
  0
VERTEX
  8
0
 10
538.582642
 20
-79.045410
  0
VERTEX
  8
0
 10
515.082642
 20
-79.045410
  0
VERTEX
  8
0
 10
491.582642
 20
-79.045410
 42
1.000000
  0
VERTEX
  8
0
 10
491.582642
 20
-80.045410
  0
VERTEX
  8
0
 10
515.082642
 20
-80.045410
  0
VERTEX
  8
0
 10
538.582642
 20
-80.045410
  0
SEQEND
  8
0
  0
POLYLINE
  8
0
 66
1
  0
VERTEX
  8
0
 10
538.582642
 20
-99.045410
 42
1.000000
  0
VERTEX
  8
0
 10
538.582642
 20
-98.045410
  0
VERTEX
  8
0
 10
515.082642
 20
-98.045410
  0
VERTEX
  8
0
 10
491.582642
 20
-98.045410
 42
1.000000
  0
VERTEX
  8
0
 10
491.582642
 20
-99.045410
  0
VERTEX
  8
0
 10
515.082642
 20
-99.045410
  0
VERTEX
  8
0
 10
538.582642
 20
-99.045410
  0
SEQEND
  8
0
  0
POLYLINE
  8
0
 66
1
  0
VERTEX
  8
0
 10
501.886261
 20
-38.692627
  0
VERTEX
  8
0
 10
503.479492
 20
-38.692627
  0
VERTEX
  8
0
 10
504.056030
 20
-38.692627
 42
-1.000000
  0
VERTEX
  8
0
 10
504.056030
 20
-39.692627
  0
VERTEX
  8
0
 10
489.556030
 20
-39.692627
  0
VERTEX
  8
0
 10
475.056030
 20
-39.692627
 42
-1.000000
  0
VERTEX
  8
0
 10
475.056030
 20
-38.692627
  0
VERTEX
  8
0
 10
485.945709
 20
-38.692627
  0
VERTEX
  8
0
 10
501.886261
 20
-38.692627
  0
SEQEND
  8
0
  0
POLYLINE
  8
0
 66
1
  0
VERTEX
  8
0
 10
253.827026
 20
-61.103760
 42
1.000000
  0
VERTEX
  8
0
 10
253.827026
 20
-60.103760
  0
VERTEX
  8
0
 10
227.577026
 20
-60.103760
  0
VERTEX
  8
0
 10
201.327026
 20
-60.103760
 42
1.000000
  0
VERTEX
  8
0
 10
201.327026
 20
-61.103760
  0
VERTEX
  8
0
 10
227.577026
 20
-61.103760
  0
VERTEX
  8
0
 10
253.827026
 20
-61.103760
  0
SEQEND
  8
0
  0
POLYLINE
  8
0
 66
1
  0
VERTEX
  8
0
 10
311.327026
 20
-61.103760
 42
1.000000
  0
VERTEX
  8
0
 10
311.327026
 20
-60.103760
  0
VERTEX
  8
0
 10
285.077026
 20
-60.103760
  0
VERTEX
  8
0
 10
258.827026
 20
-60.103760
 42
1.000000
  0
VERTEX
  8
0
 10
258.827026
 20
-61.103760
  0
VERTEX
  8
0
 10
285.077026
 20
-61.103760
  0
VERTEX
  8
0
 10
311.327026
 20
-61.103760
  0
SEQEND
  8
0
  0
POLYLINE
  8
0
 66
1
  0
VERTEX
  8
0
 10
368.827026
 20
-61.103760
 42
1.000000
  0
VERTEX
  8
0
 10
368.827026
 20
-60.103760
  0
VERTEX
  8
0
 10
342.577026
 20
-60.103760
  0
VERTEX
  8
0
 10
316.327026
 20
-60.103760
 42
1.000000
  0
VERTEX
  8
0
 10
316.327026
 20
-61.103760
  0
VERTEX
  8
0
 10
342.577026
 20
-61.103760
  0
VERTEX
  8
0
 10
368.827026
 20
-61.103760
  0
SEQEND
  8
0
  0
POLYLINE
  8
0
 66
1
  0
VERTEX
  8
0
 10
421.327026
 20
-61.103760
 42
1.000000
  0
VERTEX
  8
0
 10
421.327026
 20
-60.103760
  0
VERTEX
  8
0
 10
397.577026
 20
-60.103760
  0
VERTEX
  8
0
 10
373.827026
 20
-60.103760
 42
1.000000
  0
VERTEX
  8
0
 10
373.827026
 20
-61.103760
  0
VERTEX
  8
0
 10
397.577026
 20
-61.103760
  0
VERTEX
  8
0
 10
421.327026
 20
-61.103760
  0
SEQEND
  8
0
  0
POLYLINE
  8
0
 66
1
  0
VERTEX
  8
0
 10
263.337036
 20
-80.103760
 42
1.000000
  0
VERTEX
  8
0
 10
263.337036
 20
-79.103760
  0
VERTEX
  8
0
 10
237.087036
 20
-79.103760
  0
VERTEX
  8
0
 10
210.837036
 20
-79.103760
 42
1.000000
  0
VERTEX
  8
0
 10
210.837036
 20
-80.103760
  0
VERTEX
  8
0
 10
237.087036
 20
-80.103760
  0
VERTEX
  8
0
 10
263.337036
 20
-80.103760
  0
SEQEND
  8
0
  0
POLYLINE
  8
0
 66
1
  0
VERTEX
  8
0
 10
320.837036
 20
-80.103760
 42
1.000000
  0
VERTEX
  8
0
 10
320.837036
 20
-79.103760
  0
VERTEX
  8
0
 10
294.587036
 20
-79.103760
  0
VERTEX
  8
0
 10
268.337036
 20
-79.103760
 42
1.000000
  0
VERTEX
  8
0
 10
268.337036
 20
-80.103760
  0
VERTEX
  8
0
 10
294.587036
 20
-80.103760
  0
VERTEX
  8
0
 10
320.837036
 20
-80.103760
  0
SEQEND
  8
0
  0
POLYLINE
  8
0
 66
1
  0
VERTEX
  8
0
 10
378.337036
 20
-80.103760
 42
1.000000
  0
VERTEX
  8
0
 10
378.337036
 20
-79.103760
  0
VERTEX
  8
0
 10
352.087036
 20
-79.103760
  0
VERTEX
  8
0
 10
325.837036
 20
-79.103760
 42
1.000000
  0
VERTEX
  8
0
 10
325.837036
 20
-80.103760
  0
VERTEX
  8
0
 10
352.087036
 20
-80.103760
  0
VERTEX
  8
0
 10
378.337036
 20
-80.103760
  0
SEQEND
  8
0
  0
POLYLINE
  8
0
 66
1
  0
VERTEX
  8
0
 10
420.837036
 20
-80.103760
 42
1.000000
  0
VERTEX
  8
0
 10
420.837036
 20
-79.103760
  0
VERTEX
  8
0
 10
402.087036
 20
-79.103760
  0
VERTEX
  8
0
 10
383.337036
 20
-79.103760
 42
1.000000
  0
VERTEX
  8
0
 10
383.337036
 20
-80.103760
  0
VERTEX
  8
0
 10
402.087036
 20
-80.103760
  0
VERTEX
  8
0
 10
420.837036
 20
-80.103760
  0
SEQEND
  8
0
  0
POLYLINE
  8
0
 66
1
  0
VERTEX
  8
0
 10
268.087036
 20
-99.103760
 42
1.000000
  0
VERTEX
  8
0
 10
268.087036
 20
-98.103760
  0
VERTEX
  8
0
 10
241.837036
 20
-98.103760
  0
VERTEX
  8
0
 10
215.587036
 20
-98.103760
 42
1.000000
  0
VERTEX
  8
0
 10
215.587036
 20
-99.103760
  0
VERTEX
  8
0
 10
241.837036
 20
-99.103760
  0
VERTEX
  8
0
 10
268.087036
 20
-99.103760
  0
SEQEND
  8
0
  0
POLYLINE
  8
0
 66
1
  0
VERTEX
  8
0
 10
325.587036
 20
-99.103760
 42
1.000000
  0
VERTEX
  8
0
 10
325.587036
 20
-98.103760
  0
VERTEX
  8
0
 10
299.337036
 20
-98.103760
  0
VERTEX
  8
0
 10
273.087036
 20
-98.103760
 42
1.000000
  0
VERTEX
  8
0
 10
273.087036
 20
-99.103760
  0
VERTEX
  8
0
 10
299.337036
 20
-99.103760
  0
VERTEX
  8
0
 10
325.587036
 20
-99.103760
  0
SEQEND
  8
0
  0
POLYLINE
  8
0
 66
1
  0
VERTEX
  8
0
 10
383.087036
 20
-99.103760
 42
1.000000
  0
VERTEX
  8
0
 10
383.087036
 20
-98.103760
  0
VERTEX
  8
0
 10
356.837036
 20
-98.103760
  0
VERTEX
  8
0
 10
330.587036
 20
-98.103760
 42
1.000000
  0
VERTEX
  8
0
 10
330.587036
 20
-99.103760
  0
VERTEX
  8
0
 10
356.837036
 20
-99.103760
  0
VERTEX
  8
0
 10
383.087036
 20
-99.103760
  0
SEQEND
  8
0
  0
POLYLINE
  8
0
 66
1
  0
VERTEX
  8
0
 10
424.828430
 20
-98.103760
  0
VERTEX
  8
0
 10
404.465179
 20
-98.103760
  0
VERTEX
  8
0
 10
388.087036
 20
-98.103760
 42
1.000000
  0
VERTEX
  8
0
 10
388.087036
 20
-99.103760
  0
VERTEX
  8
0
 10
406.837036
 20
-99.103760
  0
VERTEX
  8
0
 10
425.587036
 20
-99.103760
 42
1.000000
  0
VERTEX
  8
0
 10
425.587036
 20
-98.103760
  0
VERTEX
  8
0
 10
425.391724
 20
-98.103760
  0
VERTEX
  8
0
 10
424.828430
 20
-98.103760
  0
SEQEND
  8
0
  0
POLYLINE
  8
0
 66
1
  0
VERTEX
  8
0
 10
250.041504
 20
-118.076172
 42
1.000000
  0
VERTEX
  8
0
 10
250.041504
 20
-117.076172
  0
VERTEX
  8
0
 10
232.794006
 20
-117.076172
  0
VERTEX
  8
0
 10
215.546509
 20
-117.076172
 42
1.000000
  0
VERTEX
  8
0
 10
215.546509
 20
-118.076172
  0
VERTEX
  8
0
 10
232.794006
 20
-118.076172
  0
VERTEX
  8
0
 10
250.041504
 20
-118.076172
  0
SEQEND
  8
0
  0
POLYLINE
  8
0
 66
1
  0
VERTEX
  8
0
 10
457.025146
 20
-117.109375
 42
0.002052
  0
VERTEX
  8
0
 10
457.872620
 20
-117.098907
 42
0.004146
  0
VERTEX
  8
0
 10
458.089783
 20
-117.092651
 42
0.001710
  0
VERTEX
  8
0
 10
458.116608
 20
-117.091324
 42
0.011390
  0
VERTEX
  8
0
 10
458.143402
 20
-117.089264
  0
VERTEX
  8
0
 10
458.159058
 20
-117.085693
 42
-1.000000
  0
VERTEX
  8
0
 10
458.159058
 20
-118.085693
  0
VERTEX
  8
0
 10
436.935303
 20
-118.085693
  0
VERTEX
  8
0
 10
415.711548
 20
-118.085693
 42
-1.000000
  0
VERTEX
  8
0
 10
415.711548
 20
-117.085693
  0
VERTEX
  8
0
 10
417.209991
 20
-117.089020
  0
VERTEX
  8
0
 10
418.945984
 20
-117.092690
  0
VERTEX
  8
0
 10
421.217957
 20
-117.097290
  0
VERTEX
  8
0
 10
423.934509
 20
-117.102493
  0
VERTEX
  8
0
 10
427.004333
 20
-117.107986
  0
VERTEX
  8
0
 10
430.335999
 20
-117.113464
  0
VERTEX
  8
0
 10
432.071442
 20
-117.116089
  0
VERTEX
  8
0
 10
433.837982
 20
-117.118385
 42
0.000881
  0
VERTEX
  8
0
 10
457.024963
 20
-117.109169
 42
240788484342463670000000000000000000000000000000000000000000000000000000000000000000000000000000000000000000000000000000000000000000000000000000000000000000000000000000000000000000000000000000000000000000000000000000000000000000000000000000000000000000000000000000000000000000000000000000000.000000
  0
SEQEND
  8
0
  0
POLYLINE
  8
0
 66
1
  0
VERTEX
  8
0
 10
410.711548
 20
-118.085693
 42
1.000000
  0
VERTEX
  8
0
 10
410.711548
 20
-117.085693
  0
VERTEX
  8
0
 10
389.487793
 20
-117.085693
  0
VERTEX
  8
0
 10
368.264038
 20
-117.085693
 42
1.000000
  0
VERTEX
  8
0
 10
368.264038
 20
-118.085693
  0
VERTEX
  8
0
 10
389.487793
 20
-118.085693
  0
VERTEX
  8
0
 10
410.711548
 20
-118.085693
  0
SEQEND
  8
0
  0
POLYLINE
  8
0
 66
1
  0
VERTEX
  8
0
 10
463.583618
 20
-95.713135
 42
1.000000
  0
VERTEX
  8
0
 10
464.583618
 20
-95.713135
  0
VERTEX
  8
0
 10
464.583618
 20
-70.213135
  0
VERTEX
  8
0
 10
464.583618
 20
-44.713135
 42
1.000000
  0
VERTEX
  8
0
 10
463.583618
 20
-44.713135
  0
VERTEX
  8
0
 10
463.583618
 20
-70.213135
  0
VERTEX
  8
0
 10
463.583618
 20
-95.713135
  0
SEQEND
  8
0
  0
POLYLINE
  8
0
 66
1
  0
VERTEX
  8
0
 10
486.073364
 20
-114.713135
 42
1.000000
  0
VERTEX
  8
0
 10
487.073364
 20
-114.713135
  0
VERTEX
  8
0
 10
487.073364
 20
-108.213135
  0
VERTEX
  8
0
 10
487.073364
 20
-101.713135
 42
1.000000
  0
VERTEX
  8
0
 10
486.073364
 20
-101.713135
  0
VERTEX
  8
0
 10
486.073364
 20
-108.213135
  0
VERTEX
  8
0
 10
486.073364
 20
-114.713135
  0
SEQEND
  8
0
  0
POLYLINE
  8
0
 66
1
  0
VERTEX
  8
0
 10
505.073364
 20
-114.713135
 42
1.000000
  0
VERTEX
  8
0
 10
506.073364
 20
-114.713135
  0
VERTEX
  8
0
 10
506.073364
 20
-108.213135
  0
VERTEX
  8
0
 10
506.073364
 20
-101.713135
 42
1.000000
  0
VERTEX
  8
0
 10
505.073364
 20
-101.713135
  0
VERTEX
  8
0
 10
505.073364
 20
-108.213135
  0
VERTEX
  8
0
 10
505.073364
 20
-114.713135
  0
SEQEND
  8
0
  0
POLYLINE
  8
0
 66
1
  0
VERTEX
  8
0
 10
524.073364
 20
-114.713135
 42
1.000000
  0
VERTEX
  8
0
 10
525.073364
 20
-114.713135
  0
VERTEX
  8
0
 10
525.073364
 20
-108.213135
  0
VERTEX
  8
0
 10
525.073364
 20
-101.713135
 42
1.000000
  0
VERTEX
  8
0
 10
524.073364
 20
-101.713135
  0
VERTEX
  8
0
 10
524.073364
 20
-108.213135
  0
VERTEX
  8
0
 10
524.073364
 20
-114.713135
  0
SEQEND
  8
0
  0
POLYLINE
  8
0
 66
1
  0
VERTEX
  8
0
 10
460.058960
 20
-133.713135
 42
1.000000
  0
VERTEX
  8
0
 10
461.058960
 20
-133.713135
  0
VERTEX
  8
0
 10
461.058960
 20
-127.213135
  0
VERTEX
  8
0
 10
461.058960
 20
-120.713135
 42
1.000000
  0
VERTEX
  8
0
 10
460.058960
 20
-120.713135
  0
VERTEX
  8
0
 10
460.058960
 20
-127.213135
  0
VERTEX
  8
0
 10
460.058960
 20
-133.713135
  0
SEQEND
  8
0
  0
POLYLINE
  8
0
 66
1
  0
VERTEX
  8
0
 10
441.058960
 20
-133.712402
 42
1.000000
  0
VERTEX
  8
0
 10
442.058960
 20
-133.712402
  0
VERTEX
  8
0
 10
442.058960
 20
-127.212402
  0
VERTEX
  8
0
 10
442.058960
 20
-120.712402
 42
1.000000
  0
VERTEX
  8
0
 10
441.058960
 20
-120.712402
  0
VERTEX
  8
0
 10
441.058960
 20
-127.212402
  0
VERTEX
  8
0
 10
441.058960
 20
-133.712402
  0
SEQEND
  8
0
  0
POLYLINE
  8
0
 66
1
  0
VERTEX
  8
0
 10
422.058960
 20
-133.713135
 42
1.000000
  0
VERTEX
  8
0
 10
423.058960
 20
-133.713135
  0
VERTEX
  8
0
 10
423.058960
 20
-127.213135
  0
VERTEX
  8
0
 10
423.058960
 20
-120.713135
 42
1.000000
  0
VERTEX
  8
0
 10
422.058960
 20
-120.713135
  0
VERTEX
  8
0
 10
422.058960
 20
-127.213135
  0
VERTEX
  8
0
 10
422.058960
 20
-133.713135
  0
SEQEND
  8
0
  0
POLYLINE
  8
0
 66
1
  0
VERTEX
  8
0
 10
436.333496
 20
-76.713135
 42
1.000000
  0
VERTEX
  8
0
 10
437.333496
 20
-76.713135
  0
VERTEX
  8
0
 10
437.333496
 20
-70.213135
  0
VERTEX
  8
0
 10
437.333496
 20
-63.713135
 42
1.000000
  0
VERTEX
  8
0
 10
436.333496
 20
-63.713135
  0
VERTEX
  8
0
 10
436.333496
 20
-70.213135
  0
VERTEX
  8
0
 10
436.333496
 20
-76.713135
  0
SEQEND
  8
0
  0
POLYLINE
  8
0
 66
1
  0
VERTEX
  8
0
 10
456.354492
 20
-76.713135
 42
-1.000000
  0
VERTEX
  8
0
 10
455.354492
 20
-76.713135
  0
VERTEX
  8
0
 10
455.354492
 20
-70.213135
  0
VERTEX
  8
0
 10
455.354492
 20
-63.713135
 42
-1.000000
  0
VERTEX
  8
0
 10
456.354492
 20
-63.713135
  0
VERTEX
  8
0
 10
456.354492
 20
-70.213135
  0
VERTEX
  8
0
 10
456.354492
 20
-76.713135
  0
SEQEND
  8
0
  0
POLYLINE
  8
0
 66
1
  0
VERTEX
  8
0
 10
441.058960
 20
-114.713135
 42
1.000000
  0
VERTEX
  8
0
 10
442.058960
 20
-114.713135
  0
VERTEX
  8
0
 10
442.058960
 20
-108.213135
  0
VERTEX
  8
0
 10
442.058960
 20
-101.713135
 42
1.000000
  0
VERTEX
  8
0
 10
441.058960
 20
-101.713135
  0
VERTEX
  8
0
 10
441.058960
 20
-108.213135
  0
VERTEX
  8
0
 10
441.058960
 20
-114.713135
  0
SEQEND
  8
0
  0
POLYLINE
  8
0
 66
1
  0
VERTEX
  8
0
 10
461.079956
 20
-114.713135
 42
-1.000000
  0
VERTEX
  8
0
 10
460.079956
 20
-114.713135
  0
VERTEX
  8
0
 10
460.079956
 20
-108.213135
  0
VERTEX
  8
0
 10
460.079956
 20
-101.713135
 42
-1.000000
  0
VERTEX
  8
0
 10
461.079956
 20
-101.713135
  0
VERTEX
  8
0
 10
461.079956
 20
-108.213135
  0
VERTEX
  8
0
 10
461.079956
 20
-114.713135
  0
SEQEND
  8
0
  0
POLYLINE
  8
0
 66
1
  0
VERTEX
  8
0
 10
434.979492
 20
-114.713135
 42
-1.000000
  0
VERTEX
  8
0
 10
433.979492
 20
-114.713135
  0
VERTEX
  8
0
 10
433.979492
 20
-108.213135
  0
VERTEX
  8
0
 10
433.979492
 20
-101.713135
 42
-1.000000
  0
VERTEX
  8
0
 10
434.979492
 20
-101.713135
  0
VERTEX
  8
0
 10
434.979492
 20
-108.213135
  0
VERTEX
  8
0
 10
434.979492
 20
-114.713135
  0
SEQEND
  8
0
  0
POLYLINE
  8
0
 66
1
  0
VERTEX
  8
0
 10
327.203125
 20
-39.692627
 42
1.000000
  0
VERTEX
  8
0
 10
327.203125
 20
-38.692627
  0
VERTEX
  8
0
 10
300.953125
 20
-38.692627
  0
VERTEX
  8
0
 10
274.703125
 20
-38.692627
 42
1.000000
  0
VERTEX
  8
0
 10
274.703125
 20
-39.692627
  0
VERTEX
  8
0
 10
300.953125
 20
-39.692627
  0
VERTEX
  8
0
 10
327.203125
 20
-39.692627
  0
SEQEND
  8
0
  0
POLYLINE
  8
0
 66
1
  0
VERTEX
  8
0
 10
384.703125
 20
-39.692627
 42
1.000000
  0
VERTEX
  8
0
 10
384.703125
 20
-38.692627
  0
VERTEX
  8
0
 10
358.453125
 20
-38.692627
  0
VERTEX
  8
0
 10
332.203125
 20
-38.692627
 42
1.000000
  0
VERTEX
  8
0
 10
332.203125
 20
-39.692627
  0
VERTEX
  8
0
 10
358.453125
 20
-39.692627
  0
VERTEX
  8
0
 10
384.703125
 20
-39.692627
  0
SEQEND
  8
0
  0
POLYLINE
  8
0
 66
1
  0
VERTEX
  8
0
 10
424.203125
 20
-39.692627
 42
1.000000
  0
VERTEX
  8
0
 10
424.203125
 20
-38.692627
  0
VERTEX
  8
0
 10
406.953125
 20
-38.692627
  0
VERTEX
  8
0
 10
389.703125
 20
-38.692627
 42
1.000000
  0
VERTEX
  8
0
 10
389.703125
 20
-39.692627
  0
VERTEX
  8
0
 10
406.953125
 20
-39.692627
  0
VERTEX
  8
0
 10
424.203125
 20
-39.692627
  0
SEQEND
  8
0
  0
POLYLINE
  8
0
 66
1
  0
VERTEX
  8
0
 10
535.103699
 20
-38.692627
  0
VERTEX
  8
0
 10
535.806763
 20
-38.692627
  0
VERTEX
  8
0
 10
536.056030
 20
-38.692627
 42
-1.000000
  0
VERTEX
  8
0
 10
536.056030
 20
-39.692627
  0
VERTEX
  8
0
 10
525.556030
 20
-39.692627
  0
VERTEX
  8
0
 10
515.056030
 20
-39.692627
 42
-1.000000
  0
VERTEX
  8
0
 10
515.056030
 20
-38.692627
  0
VERTEX
  8
0
 10
523.541992
 20
-38.692627
  0
VERTEX
  8
0
 10
535.103699
 20
-38.692627
  0
SEQEND
  8
0
  0
POLYLINE
  8
0
 66
1
  0
VERTEX
  8
0
 10
485.338989
 20
-95.713135
 42
-1.000000
  0
VERTEX
  8
0
 10
484.338989
 20
-95.713135
  0
VERTEX
  8
0
 10
484.338989
 20
-70.213135
  0
VERTEX
  8
0
 10
484.338989
 20
-44.713135
 42
-1.000000
  0
VERTEX
  8
0
 10
485.338989
 20
-44.713135
  0
VERTEX
  8
0
 10
485.338989
 20
-70.213135
  0
VERTEX
  8
0
 10
485.338989
 20
-95.713135
  0
SEQEND
  8
0
  0
POLYLINE
  8
0
 66
1
  0
VERTEX
  8
0
 10
469.656921
 20
-40.137939
  0
VERTEX
  8
0
 10
469.656921
 20
-40.137939
  0
SEQEND
  8
0
  0
POLYLINE
  8
0
 66
1
  0
VERTEX
  8
0
 10
468.531189
 20
-38.247803
  0
VERTEX
  8
0
 10
468.531189
 20
-38.247803
  0
SEQEND
  8
0
  0
POLYLINE
  8
0
 66
1
  0
VERTEX
  8
0
 10
467.994019
 20
-39.192627
 42
-0.667966
  0
VERTEX
  8
0
 10
469.871429
 20
-38.415314
 42
-0.668169
  0
VERTEX
  8
0
 10
469.094116
 20
-40.292725
 42
-0.414213
  0
VERTEX
  8
0
 10
467.994019
 20
-39.192627
 42
240788484342463670000000000000000000000000000000000000000000000000000000000000000000000000000000000000000000000000000000000000000000000000000000000000000000000000000000000000000000000000000000000000000000000000000000000000000000000000000000000000000000000000000000000000000000000000000000000.000000
  0
SEQEND
  8
0
  0
POLYLINE
  8
0
 66
1
  0
VERTEX
  8
0
 10
269.656891
 20
-40.137939
  0
VERTEX
  8
0
 10
269.656891
 20
-40.137939
  0
SEQEND
  8
0
  0
POLYLINE
  8
0
 66
1
  0
VERTEX
  8
0
 10
268.531158
 20
-38.247803
  0
VERTEX
  8
0
 10
268.531158
 20
-38.247803
  0
SEQEND
  8
0
  0
POLYLINE
  8
0
 66
1
  0
VERTEX
  8
0
 10
267.994019
 20
-39.192627
 42
-0.667974
  0
VERTEX
  8
0
 10
269.871399
 20
-38.415340
 42
-0.668155
  0
VERTEX
  8
0
 10
269.094116
 20
-40.292725
 42
-0.414213
  0
VERTEX
  8
0
 10
267.994019
 20
-39.192627
 42
240788484342463670000000000000000000000000000000000000000000000000000000000000000000000000000000000000000000000000000000000000000000000000000000000000000000000000000000000000000000000000000000000000000000000000000000000000000000000000000000000000000000000000000000000000000000000000000000000.000000
  0
SEQEND
  8
0
  0
POLYLINE
  8
0
 66
1
  0
VERTEX
  8
0
 10
223.656860
 20
-128.137939
  0
VERTEX
  8
0
 10
223.656860
 20
-128.137939
  0
SEQEND
  8
0
  0
POLYLINE
  8
0
 66
1
  0
VERTEX
  8
0
 10
222.531128
 20
-126.247803
  0
VERTEX
  8
0
 10
222.531128
 20
-126.247803
  0
SEQEND
  8
0
  0
POLYLINE
  8
0
 66
1
  0
VERTEX
  8
0
 10
221.994019
 20
-127.192627
 42
-0.667984
  0
VERTEX
  8
0
 10
223.871384
 20
-126.415367
 42
-0.668131
  0
VERTEX
  8
0
 10
223.094116
 20
-128.292725
 42
-0.414213
  0
VERTEX
  8
0
 10
221.994019
 20
-127.192627
 42
240788484342463670000000000000000000000000000000000000000000000000000000000000000000000000000000000000000000000000000000000000000000000000000000000000000000000000000000000000000000000000000000000000000000000000000000000000000000000000000000000000000000000000000000000000000000000000000000000.000000
  0
SEQEND
  8
0
  0
POLYLINE
  8
0
 66
1
  0
VERTEX
  8
0
 10
196.366699
 20
-115.193115
  0
VERTEX
  8
0
 10
190.468994
 20
-115.193115
  0
VERTEX
  8
0
 10
190.369141
 20
-115.193115
  0
VERTEX
  8
0
 10
190.294189
 20
-115.143066
  0
VERTEX
  8
0
 10
190.218994
 20
-115.143066
  0
VERTEX
  8
0
 10
190.169189
 20
-115.068115
  0
VERTEX
  8
0
 10
190.093994
 20
-115.018066
  0
VERTEX
  8
0
 10
190.044189
 20
-114.993164
  0
VERTEX
  8
0
 10
190.019043
 20
-114.893066
  0
VERTEX
  8
0
 10
189.994141
 20
-114.818115
  0
VERTEX
  8
0
 10
189.968994
 20
-114.767822
  0
VERTEX
  8
0
 10
189.968994
 20
-114.692871
  0
VERTEX
  8
0
 10
189.969025
 20
-110.492920
  0
VERTEX
  8
0
 10
188.394073
 20
-110.492920
  0
VERTEX
  8
0
 10
188.394073
 20
-111.942871
  0
VERTEX
  8
0
 10
188.394073
 20
-112.142822
  0
VERTEX
  8
0
 10
188.419220
 20
-112.367920
  0
VERTEX
  8
0
 10
188.469025
 20
-112.567871
  0
VERTEX
  8
0
 10
188.519073
 20
-112.692871
  0
VERTEX
  8
0
 10
188.519073
 20
-112.867920
  0
VERTEX
  8
0
 10
188.519073
 20
-113.017822
  0
VERTEX
  8
0
 10
188.469025
 20
-113.142822
  0
VERTEX
  8
0
 10
188.419220
 20
-113.317871
  0
VERTEX
  8
0
 10
188.344025
 20
-113.442871
  0
VERTEX
  8
0
 10
188.244171
 20
-113.567871
  0
VERTEX
  8
0
 10
188.119171
 20
-113.642822
  0
VERTEX
  8
0
 10
187.994171
 20
-113.767822
  0
VERTEX
  8
0
 10
187.844025
 20
-113.817871
  0
VERTEX
  8
0
 10
187.694122
 20
-113.867920
  0
VERTEX
  8
0
 10
187.519073
 20
-113.867920
  0
VERTEX
  8
0
 10
187.369171
 20
-113.867920
  0
VERTEX
  8
0
 10
187.219025
 20
-113.817871
  0
VERTEX
  8
0
 10
187.019073
 20
-113.767822
  0
VERTEX
  8
0
 10
186.819122
 20
-113.742920
  0
VERTEX
  8
0
 10
186.594025
 20
-113.692871
  0
VERTEX
  8
0
 10
183.519073
 20
-113.692871
  0
VERTEX
  8
0
 10
183.294220
 20
-113.742920
  0
VERTEX
  8
0
 10
183.094025
 20
-113.767822
  0
VERTEX
  8
0
 10
182.894073
 20
-113.817871
  0
VERTEX
  8
0
 10
182.744171
 20
-113.867920
  0
VERTEX
  8
0
 10
182.594025
 20
-113.867920
  0
VERTEX
  8
0
 10
182.419220
 20
-113.867920
  0
VERTEX
  8
0
 10
182.269073
 20
-113.817871
  0
VERTEX
  8
0
 10
182.144073
 20
-113.767822
  0
VERTEX
  8
0
 10
181.994171
 20
-113.642822
  0
VERTEX
  8
0
 10
181.869171
 20
-113.567871
  0
VERTEX
  8
0
 10
181.769073
 20
-113.442871
  0
VERTEX
  8
0
 10
181.694122
 20
-113.317871
  0
VERTEX
  8
0
 10
181.644073
 20
-113.142822
  0
VERTEX
  8
0
 10
181.594025
 20
-113.017822
  0
VERTEX
  8
0
 10
181.594025
 20
-112.867920
  0
VERTEX
  8
0
 10
181.594025
 20
-112.692871
  0
VERTEX
  8
0
 10
181.644073
 20
-112.567871
  0
VERTEX
  8
0
 10
181.694122
 20
-112.367920
  0
VERTEX
  8
0
 10
181.719025
 20
-112.142822
  0
VERTEX
  8
0
 10
181.744171
 20
-111.942871
  0
VERTEX
  8
0
 10
181.744171
 20
-110.692871
  0
VERTEX
  8
0
 10
181.569122
 20
-110.692871
  0
VERTEX
  8
0
 10
181.419220
 20
-110.642822
  0
VERTEX
  8
0
 10
181.269073
 20
-110.567871
  0
VERTEX
  8
0
 10
181.144073
 20
-110.492920
  0
VERTEX
  8
0
 10
181.019073
 20
-110.392822
  0
VERTEX
  8
0
 10
180.919220
 20
-110.267822
  0
VERTEX
  8
0
 10
180.844025
 20
-110.142822
  0
VERTEX
  8
0
 10
180.794220
 20
-109.992920
  0
VERTEX
  8
0
 10
180.744171
 20
-109.817871
  0
VERTEX
  8
0
 10
180.744171
 20
-109.692871
  0
VERTEX
  8
0
 10
180.744171
 20
-108.692871
  0
VERTEX
  8
0
 10
180.744171
 20
-108.517822
  0
VERTEX
  8
0
 10
180.794220
 20
-108.392822
  0
VERTEX
  8
0
 10
180.844025
 20
-108.242920
  0
VERTEX
  8
0
 10
180.919220
 20
-108.067871
  0
VERTEX
  8
0
 10
181.019073
 20
-107.992920
  0
VERTEX
  8
0
 10
181.144073
 20
-107.892822
  0
VERTEX
  8
0
 10
181.269073
 20
-107.767822
  0
VERTEX
  8
0
 10
181.419220
 20
-107.742920
  0
VERTEX
  8
0
 10
181.569122
 20
-107.692871
  0
VERTEX
  8
0
 10
181.744171
 20
-107.692871
  0
VERTEX
  8
0
 10
181.744171
 20
-103.192871
  0
VERTEX
  8
0
 10
181.719025
 20
-102.992920
  0
VERTEX
  8
0
 10
181.694122
 20
-102.767822
  0
VERTEX
  8
0
 10
181.644073
 20
-102.567871
  0
VERTEX
  8
0
 10
181.594025
 20
-102.442871
  0
VERTEX
  8
0
 10
181.594025
 20
-102.267822
  0
VERTEX
  8
0
 10
181.594025
 20
-102.117920
  0
VERTEX
  8
0
 10
181.644073
 20
-101.942871
  0
VERTEX
  8
0
 10
181.694122
 20
-101.817871
  0
VERTEX
  8
0
 10
181.769073
 20
-101.692871
  0
VERTEX
  8
0
 10
181.869171
 20
-101.567871
  0
VERTEX
  8
0
 10
181.994171
 20
-101.442871
  0
VERTEX
  8
0
 10
182.144073
 20
-101.392822
  0
VERTEX
  8
0
 10
182.269073
 20
-101.317871
  0
VERTEX
  8
0
 10
182.419220
 20
-101.267822
  0
VERTEX
  8
0
 10
182.594025
 20
-101.267822
  0
VERTEX
  8
0
 10
182.744171
 20
-101.267822
  0
VERTEX
  8
0
 10
182.894073
 20
-101.317871
  0
VERTEX
  8
0
 10
183.119171
 20
-101.392822
  0
VERTEX
  8
0
 10
183.344025
 20
-101.392822
  0
VERTEX
  8
0
 10
183.569122
 20
-101.392822
  0
VERTEX
  8
0
 10
183.569122
 20
-101.192871
  0
VERTEX
  8
0
 10
183.569122
 20
-101.067871
  0
VERTEX
  8
0
 10
183.619171
 20
-100.892822
  0
VERTEX
  8
0
 10
183.669220
 20
-100.767822
  0
VERTEX
  8
0
 10
183.744171
 20
-100.642822
  0
VERTEX
  8
0
 10
183.844025
 20
-100.517822
  0
VERTEX
  8
0
 10
183.969025
 20
-100.392822
  0
VERTEX
  8
0
 10
184.094025
 20
-100.317871
  0
VERTEX
  8
0
 10
184.244171
 20
-100.267822
  0
VERTEX
  8
0
 10
184.394073
 20
-100.242920
  0
VERTEX
  8
0
 10
184.569122
 20
-100.192871
  0
VERTEX
  8
0
 10
185.569122
 20
-100.192871
  0
VERTEX
  8
0
 10
185.719025
 20
-100.242920
  0
VERTEX
  8
0
 10
185.869171
 20
-100.267822
  0
VERTEX
  8
0
 10
186.019073
 20
-100.317871
  0
VERTEX
  8
0
 10
186.144073
 20
-100.392822
  0
VERTEX
  8
0
 10
186.269073
 20
-100.517822
  0
VERTEX
  8
0
 10
186.369171
 20
-100.642822
  0
VERTEX
  8
0
 10
186.444122
 20
-100.767822
  0
VERTEX
  8
0
 10
186.519073
 20
-100.892822
  0
VERTEX
  8
0
 10
186.544220
 20
-101.067871
  0
VERTEX
  8
0
 10
186.569122
 20
-101.192871
  0
VERTEX
  8
0
 10
186.594025
 20
-101.392822
  0
VERTEX
  8
0
 10
186.819122
 20
-101.392822
  0
VERTEX
  8
0
 10
187.019073
 20
-101.367920
  0
VERTEX
  8
0
 10
187.219025
 20
-101.317871
  0
VERTEX
  8
0
 10
187.369171
 20
-101.267822
  0
VERTEX
  8
0
 10
187.519073
 20
-101.267822
  0
VERTEX
  8
0
 10
187.694122
 20
-101.267822
  0
VERTEX
  8
0
 10
187.844025
 20
-101.317871
  0
VERTEX
  8
0
 10
187.994171
 20
-101.392822
  0
VERTEX
  8
0
 10
188.119171
 20
-101.442871
  0
VERTEX
  8
0
 10
188.244171
 20
-101.567871
  0
VERTEX
  8
0
 10
188.344025
 20
-101.692871
  0
VERTEX
  8
0
 10
188.419220
 20
-101.817871
  0
VERTEX
  8
0
 10
188.469025
 20
-101.942871
  0
VERTEX
  8
0
 10
188.519073
 20
-102.117920
  0
VERTEX
  8
0
 10
188.519073
 20
-102.267822
  0
VERTEX
  8
0
 10
188.519073
 20
-102.442871
  0
VERTEX
  8
0
 10
188.469025
 20
-102.567871
  0
VERTEX
  8
0
 10
188.419220
 20
-102.767822
  0
VERTEX
  8
0
 10
188.394073
 20
-102.992920
  0
VERTEX
  8
0
 10
188.394073
 20
-103.192871
  0
VERTEX
  8
0
 10
188.394073
 20
-105.892822
  0
VERTEX
  8
0
 10
189.969025
 20
-105.892822
  0
VERTEX
  8
0
 10
189.969025
 20
-101.692871
  0
VERTEX
  8
0
 10
189.969025
 20
-101.617920
  0
VERTEX
  8
0
 10
189.994171
 20
-101.518066
  0
VERTEX
  8
0
 10
190.019073
 20
-101.443115
  0
VERTEX
  8
0
 10
190.044220
 20
-101.393066
  0
VERTEX
  8
0
 10
190.094025
 20
-101.318115
  0
VERTEX
  8
0
 10
190.169220
 20
-101.268066
  0
VERTEX
  8
0
 10
190.219025
 20
-101.243164
  0
VERTEX
  8
0
 10
190.294220
 20
-101.193115
  0
VERTEX
  8
0
 10
190.369171
 20
-101.193115
  0
VERTEX
  8
0
 10
190.469025
 20
-101.193115
  0
VERTEX
  8
0
 10
203.469025
 20
-101.193115
  0
VERTEX
  8
0
 10
203.544220
 20
-101.193115
  0
VERTEX
  8
0
 10
203.619171
 20
-101.193115
  0
VERTEX
  8
0
 10
203.694122
 20
-101.243164
  0
VERTEX
  8
0
 10
203.744171
 20
-101.268066
  0
VERTEX
  8
0
 10
203.819122
 20
-101.318115
  0
VERTEX
  8
0
 10
203.869171
 20
-101.393066
  0
VERTEX
  8
0
 10
203.894073
 20
-101.443115
  0
VERTEX
  8
0
 10
203.944122
 20
-101.518066
  0
VERTEX
  8
0
 10
203.944122
 20
-101.618164
  0
VERTEX
  8
0
 10
203.969025
 20
-101.693115
  0
VERTEX
  8
0
 10
203.969025
 20
-105.893066
  0
VERTEX
  8
0
 10
205.544220
 20
-105.893066
  0
VERTEX
  8
0
 10
205.544220
 20
-103.193115
  0
VERTEX
  8
0
 10
205.519073
 20
-102.993164
  0
VERTEX
  8
0
 10
205.494171
 20
-102.768066
  0
VERTEX
  8
0
 10
205.444122
 20
-102.568115
  0
VERTEX
  8
0
 10
205.394073
 20
-102.443115
  0
VERTEX
  8
0
 10
205.394073
 20
-102.268066
  0
VERTEX
  8
0
 10
205.394073
 20
-102.118164
  0
VERTEX
  8
0
 10
205.444122
 20
-101.943115
  0
VERTEX
  8
0
 10
205.494171
 20
-101.818115
  0
VERTEX
  8
0
 10
205.569122
 20
-101.693115
  0
VERTEX
  8
0
 10
205.669220
 20
-101.568115
  0
VERTEX
  8
0
 10
205.794220
 20
-101.443115
  0
VERTEX
  8
0
 10
205.944122
 20
-101.393066
  0
VERTEX
  8
0
 10
206.069122
 20
-101.318115
  0
VERTEX
  8
0
 10
206.219025
 20
-101.268066
  0
VERTEX
  8
0
 10
206.394073
 20
-101.268066
  0
VERTEX
  8
0
 10
206.544220
 20
-101.268066
  0
VERTEX
  8
0
 10
206.694122
 20
-101.318115
  0
VERTEX
  8
0
 10
206.894073
 20
-101.368164
  0
VERTEX
  8
0
 10
207.094025
 20
-101.393066
  0
VERTEX
  8
0
 10
207.319122
 20
-101.393066
  0
VERTEX
  8
0
 10
207.369171
 20
-101.193115
  0
VERTEX
  8
0
 10
207.369171
 20
-101.068115
  0
VERTEX
  8
0
 10
207.419220
 20
-100.893066
  0
VERTEX
  8
0
 10
207.469025
 20
-100.768066
  0
VERTEX
  8
0
 10
207.544220
 20
-100.643066
  0
VERTEX
  8
0
 10
207.644073
 20
-100.518066
  0
VERTEX
  8
0
 10
207.769073
 20
-100.393066
  0
VERTEX
  8
0
 10
207.894073
 20
-100.318115
  0
VERTEX
  8
0
 10
208.044220
 20
-100.268066
  0
VERTEX
  8
0
 10
208.194122
 20
-100.243164
  0
VERTEX
  8
0
 10
208.369171
 20
-100.193115
  0
VERTEX
  8
0
 10
209.369171
 20
-100.193115
  0
VERTEX
  8
0
 10
209.519073
 20
-100.243164
  0
VERTEX
  8
0
 10
209.669220
 20
-100.268066
  0
VERTEX
  8
0
 10
209.819122
 20
-100.318115
  0
VERTEX
  8
0
 10
209.944122
 20
-100.393066
  0
VERTEX
  8
0
 10
210.069122
 20
-100.518066
  0
VERTEX
  8
0
 10
210.169220
 20
-100.643066
  0
VERTEX
  8
0
 10
210.244171
 20
-100.768066
  0
VERTEX
  8
0
 10
210.319122
 20
-100.893066
  0
VERTEX
  8
0
 10
210.344025
 20
-101.068115
  0
VERTEX
  8
0
 10
210.369171
 20
-101.193115
  0
VERTEX
  8
0
 10
210.369171
 20
-101.393066
  0
VERTEX
  8
0
 10
210.594025
 20
-101.393066
  0
VERTEX
  8
0
 10
210.794220
 20
-101.393066
  0
VERTEX
  8
0
 10
211.019073
 20
-101.318115
  0
VERTEX
  8
0
 10
211.169220
 20
-101.268066
  0
VERTEX
  8
0
 10
211.319122
 20
-101.268066
  0
VERTEX
  8
0
 10
211.494171
 20
-101.268066
  0
VERTEX
  8
0
 10
211.644073
 20
-101.318115
  0
VERTEX
  8
0
 10
211.794220
 20
-101.393066
  0
VERTEX
  8
0
 10
211.919220
 20
-101.443115
  0
VERTEX
  8
0
 10
212.044220
 20
-101.568115
  0
VERTEX
  8
0
 10
212.144073
 20
-101.693115
  0
VERTEX
  8
0
 10
212.219025
 20
-101.818115
  0
VERTEX
  8
0
 10
212.269073
 20
-101.943115
  0
VERTEX
  8
0
 10
212.319122
 20
-102.118164
  0
VERTEX
  8
0
 10
212.319122
 20
-102.268066
  0
VERTEX
  8
0
 10
212.319122
 20
-102.443115
  0
VERTEX
  8
0
 10
212.269073
 20
-102.568115
  0
VERTEX
  8
0
 10
212.219025
 20
-102.768066
  0
VERTEX
  8
0
 10
212.194122
 20
-102.993164
  0
VERTEX
  8
0
 10
212.194122
 20
-103.193115
  0
VERTEX
  8
0
 10
212.194122
 20
-107.693115
  0
VERTEX
  8
0
 10
212.344025
 20
-107.693115
  0
VERTEX
  8
0
 10
212.494171
 20
-107.743164
  0
VERTEX
  8
0
 10
212.644073
 20
-107.768066
  0
VERTEX
  8
0
 10
212.769073
 20
-107.893066
  0
VERTEX
  8
0
 10
212.894073
 20
-107.993164
  0
VERTEX
  8
0
 10
212.994171
 20
-108.068115
  0
VERTEX
  8
0
 10
213.069122
 20
-108.243164
  0
VERTEX
  8
0
 10
213.144073
 20
-108.393066
  0
VERTEX
  8
0
 10
213.169220
 20
-108.518066
  0
VERTEX
  8
0
 10
213.194122
 20
-108.693115
  0
VERTEX
  8
0
 10
213.194122
 20
-109.693115
  0
VERTEX
  8
0
 10
213.169220
 20
-109.818115
  0
VERTEX
  8
0
 10
213.144073
 20
-109.993164
  0
VERTEX
  8
0
 10
213.069122
 20
-110.143066
  0
VERTEX
  8
0
 10
212.994171
 20
-110.268066
  0
VERTEX
  8
0
 10
212.894073
 20
-110.393066
  0
VERTEX
  8
0
 10
212.769073
 20
-110.493164
  0
VERTEX
  8
0
 10
212.644073
 20
-110.568115
  0
VERTEX
  8
0
 10
212.494171
 20
-110.643066
  0
VERTEX
  8
0
 10
212.344025
 20
-110.693115
  0
VERTEX
  8
0
 10
212.194122
 20
-110.693115
  0
VERTEX
  8
0
 10
212.194122
 20
-111.943115
  0
VERTEX
  8
0
 10
212.194122
 20
-112.143066
  0
VERTEX
  8
0
 10
212.219025
 20
-112.368164
  0
VERTEX
  8
0
 10
212.269073
 20
-112.568115
  0
VERTEX
  8
0
 10
212.319122
 20
-112.693115
  0
VERTEX
  8
0
 10
212.319122
 20
-112.868164
  0
VERTEX
  8
0
 10
212.319122
 20
-113.018066
  0
VERTEX
  8
0
 10
212.269073
 20
-113.143066
  0
VERTEX
  8
0
 10
212.219025
 20
-113.318115
  0
VERTEX
  8
0
 10
212.144073
 20
-113.443115
  0
VERTEX
  8
0
 10
212.044220
 20
-113.568115
  0
VERTEX
  8
0
 10
211.919220
 20
-113.643066
  0
VERTEX
  8
0
 10
211.794220
 20
-113.768066
  0
VERTEX
  8
0
 10
211.644073
 20
-113.818115
  0
VERTEX
  8
0
 10
211.494171
 20
-113.868164
  0
VERTEX
  8
0
 10
211.319122
 20
-113.868164
  0
VERTEX
  8
0
 10
211.169220
 20
-113.868164
  0
VERTEX
  8
0
 10
211.019073
 20
-113.818115
  0
VERTEX
  8
0
 10
210.819122
 20
-113.768066
  0
VERTEX
  8
0
 10
210.619171
 20
-113.743164
  0
VERTEX
  8
0
 10
210.394073
 20
-113.693115
  0
VERTEX
  8
0
 10
207.319122
 20
-113.693115
  0
VERTEX
  8
0
 10
207.094025
 20
-113.743164
  0
VERTEX
  8
0
 10
206.894073
 20
-113.768066
  0
VERTEX
  8
0
 10
206.694122
 20
-113.818115
  0
VERTEX
  8
0
 10
206.544220
 20
-113.868164
  0
VERTEX
  8
0
 10
206.394073
 20
-113.868164
  0
VERTEX
  8
0
 10
206.219025
 20
-113.868164
  0
VERTEX
  8
0
 10
206.069122
 20
-113.818115
  0
VERTEX
  8
0
 10
205.944122
 20
-113.768066
  0
VERTEX
  8
0
 10
205.794220
 20
-113.643066
  0
VERTEX
  8
0
 10
205.669220
 20
-113.568115
  0
VERTEX
  8
0
 10
205.569122
 20
-113.443115
  0
VERTEX
  8
0
 10
205.494171
 20
-113.318115
  0
VERTEX
  8
0
 10
205.444122
 20
-113.143066
  0
VERTEX
  8
0
 10
205.394073
 20
-113.018066
  0
VERTEX
  8
0
 10
205.394073
 20
-112.868164
  0
VERTEX
  8
0
 10
205.394073
 20
-112.693115
  0
VERTEX
  8
0
 10
205.444122
 20
-112.568115
  0
VERTEX
  8
0
 10
205.494171
 20
-112.368164
  0
VERTEX
  8
0
 10
205.519073
 20
-112.143066
  0
VERTEX
  8
0
 10
205.544220
 20
-111.943115
  0
VERTEX
  8
0
 10
205.544220
 20
-110.493164
  0
VERTEX
  8
0
 10
203.969025
 20
-110.493164
  0
VERTEX
  8
0
 10
203.968994
 20
-114.693115
  0
VERTEX
  8
0
 10
203.944092
 20
-114.768066
  0
VERTEX
  8
0
 10
203.944092
 20
-114.818115
  0
VERTEX
  8
0
 10
203.894043
 20
-114.893066
  0
VERTEX
  8
0
 10
203.869141
 20
-114.993164
  0
VERTEX
  8
0
 10
203.819092
 20
-115.018066
  0
VERTEX
  8
0
 10
203.744141
 20
-115.068115
  0
VERTEX
  8
0
 10
203.694092
 20
-115.143066
  0
VERTEX
  8
0
 10
203.619141
 20
-115.143066
  0
VERTEX
  8
0
 10
203.544189
 20
-115.193115
  0
VERTEX
  8
0
 10
203.468994
 20
-115.193115
  0
VERTEX
  8
0
 10
196.366699
 20
-115.193115
  0
SEQEND
  8
0
  0
POLYLINE
  8
0
 66
1
  0
VERTEX
  8
0
 10
438.616577
 20
-96.192871
  0
VERTEX
  8
0
 10
432.718872
 20
-96.192871
  0
VERTEX
  8
0
 10
432.619019
 20
-96.192871
  0
VERTEX
  8
0
 10
432.544067
 20
-96.142822
  0
VERTEX
  8
0
 10
432.468872
 20
-96.142822
  0
VERTEX
  8
0
 10
432.419067
 20
-96.067871
  0
VERTEX
  8
0
 10
432.343872
 20
-96.017822
  0
VERTEX
  8
0
 10
432.294067
 20
-95.992920
  0
VERTEX
  8
0
 10
432.268921
 20
-95.892822
  0
VERTEX
  8
0
 10
432.244019
 20
-95.817871
  0
VERTEX
  8
0
 10
432.218872
 20
-95.767578
  0
VERTEX
  8
0
 10
432.218872
 20
-95.692627
  0
VERTEX
  8
0
 10
432.218872
 20
-91.492676
  0
VERTEX
  8
0
 10
430.643921
 20
-91.492676
  0
VERTEX
  8
0
 10
430.643921
 20
-92.942627
  0
VERTEX
  8
0
 10
430.643921
 20
-93.142578
  0
VERTEX
  8
0
 10
430.669067
 20
-93.367676
  0
VERTEX
  8
0
 10
430.718872
 20
-93.567627
  0
VERTEX
  8
0
 10
430.768921
 20
-93.692627
  0
VERTEX
  8
0
 10
430.768921
 20
-93.867676
  0
VERTEX
  8
0
 10
430.768921
 20
-94.017578
  0
VERTEX
  8
0
 10
430.718872
 20
-94.142578
  0
VERTEX
  8
0
 10
430.669067
 20
-94.317627
  0
VERTEX
  8
0
 10
430.593872
 20
-94.442627
  0
VERTEX
  8
0
 10
430.494019
 20
-94.567627
  0
VERTEX
  8
0
 10
430.369019
 20
-94.642578
  0
VERTEX
  8
0
 10
430.244019
 20
-94.767578
  0
VERTEX
  8
0
 10
430.093872
 20
-94.817627
  0
VERTEX
  8
0
 10
429.943970
 20
-94.867676
  0
VERTEX
  8
0
 10
429.768921
 20
-94.867676
  0
VERTEX
  8
0
 10
429.619019
 20
-94.867676
  0
VERTEX
  8
0
 10
429.468872
 20
-94.817627
  0
VERTEX
  8
0
 10
429.268921
 20
-94.767578
  0
VERTEX
  8
0
 10
429.068970
 20
-94.742676
  0
VERTEX
  8
0
 10
428.843872
 20
-94.692627
  0
VERTEX
  8
0
 10
425.768921
 20
-94.692627
  0
VERTEX
  8
0
 10
425.544067
 20
-94.742676
  0
VERTEX
  8
0
 10
425.343872
 20
-94.767578
  0
VERTEX
  8
0
 10
425.143921
 20
-94.817627
  0
VERTEX
  8
0
 10
424.994019
 20
-94.867676
  0
VERTEX
  8
0
 10
424.843872
 20
-94.867676
  0
VERTEX
  8
0
 10
424.669067
 20
-94.867676
  0
VERTEX
  8
0
 10
424.518921
 20
-94.817627
  0
VERTEX
  8
0
 10
424.393921
 20
-94.767578
  0
VERTEX
  8
0
 10
424.244019
 20
-94.642578
  0
VERTEX
  8
0
 10
424.119019
 20
-94.567627
  0
VERTEX
  8
0
 10
424.018921
 20
-94.442627
  0
VERTEX
  8
0
 10
423.943970
 20
-94.317627
  0
VERTEX
  8
0
 10
423.893921
 20
-94.142578
  0
VERTEX
  8
0
 10
423.843872
 20
-94.017578
  0
VERTEX
  8
0
 10
423.843872
 20
-93.867676
  0
VERTEX
  8
0
 10
423.843872
 20
-93.692627
  0
VERTEX
  8
0
 10
423.893921
 20
-93.567627
  0
VERTEX
  8
0
 10
423.943970
 20
-93.367676
  0
VERTEX
  8
0
 10
423.968872
 20
-93.142578
  0
VERTEX
  8
0
 10
423.994019
 20
-92.942627
  0
VERTEX
  8
0
 10
423.994019
 20
-91.692627
  0
VERTEX
  8
0
 10
423.818970
 20
-91.692627
  0
VERTEX
  8
0
 10
423.669067
 20
-91.642578
  0
VERTEX
  8
0
 10
423.518921
 20
-91.567627
  0
VERTEX
  8
0
 10
423.393921
 20
-91.492676
  0
VERTEX
  8
0
 10
423.268921
 20
-91.392578
  0
VERTEX
  8
0
 10
423.169067
 20
-91.267578
  0
VERTEX
  8
0
 10
423.093872
 20
-91.142578
  0
VERTEX
  8
0
 10
423.044067
 20
-90.992676
  0
VERTEX
  8
0
 10
422.994019
 20
-90.817627
  0
VERTEX
  8
0
 10
422.994019
 20
-90.692627
  0
VERTEX
  8
0
 10
422.994019
 20
-89.692627
  0
VERTEX
  8
0
 10
422.994019
 20
-89.517578
  0
VERTEX
  8
0
 10
423.044067
 20
-89.392578
  0
VERTEX
  8
0
 10
423.093872
 20
-89.242676
  0
VERTEX
  8
0
 10
423.169067
 20
-89.067627
  0
VERTEX
  8
0
 10
423.268921
 20
-88.992676
  0
VERTEX
  8
0
 10
423.393921
 20
-88.892578
  0
VERTEX
  8
0
 10
423.518921
 20
-88.767578
  0
VERTEX
  8
0
 10
423.669067
 20
-88.742676
  0
VERTEX
  8
0
 10
423.818970
 20
-88.692627
  0
VERTEX
  8
0
 10
423.994019
 20
-88.692627
  0
VERTEX
  8
0
 10
423.994019
 20
-84.192627
  0
VERTEX
  8
0
 10
423.968872
 20
-83.992676
  0
VERTEX
  8
0
 10
423.943970
 20
-83.767578
  0
VERTEX
  8
0
 10
423.893921
 20
-83.567627
  0
VERTEX
  8
0
 10
423.843872
 20
-83.442627
  0
VERTEX
  8
0
 10
423.843872
 20
-83.267578
  0
VERTEX
  8
0
 10
423.843872
 20
-83.117676
  0
VERTEX
  8
0
 10
423.893921
 20
-82.942627
  0
VERTEX
  8
0
 10
423.943970
 20
-82.817627
  0
VERTEX
  8
0
 10
424.018921
 20
-82.692627
  0
VERTEX
  8
0
 10
424.119019
 20
-82.567627
  0
VERTEX
  8
0
 10
424.244019
 20
-82.442627
  0
VERTEX
  8
0
 10
424.393921
 20
-82.392578
  0
VERTEX
  8
0
 10
424.518921
 20
-82.317627
  0
VERTEX
  8
0
 10
424.669067
 20
-82.267578
  0
VERTEX
  8
0
 10
424.843872
 20
-82.267578
  0
VERTEX
  8
0
 10
424.994019
 20
-82.267578
  0
VERTEX
  8
0
 10
425.143921
 20
-82.317627
  0
VERTEX
  8
0
 10
425.369019
 20
-82.392578
  0
VERTEX
  8
0
 10
425.593872
 20
-82.392578
  0
VERTEX
  8
0
 10
425.818970
 20
-82.392578
  0
VERTEX
  8
0
 10
425.818970
 20
-82.192627
  0
VERTEX
  8
0
 10
425.818970
 20
-82.067627
  0
VERTEX
  8
0
 10
425.869019
 20
-81.892578
  0
VERTEX
  8
0
 10
425.919067
 20
-81.767578
  0
VERTEX
  8
0
 10
425.994019
 20
-81.642578
  0
VERTEX
  8
0
 10
426.093872
 20
-81.517578
  0
VERTEX
  8
0
 10
426.218872
 20
-81.392578
  0
VERTEX
  8
0
 10
426.343872
 20
-81.317627
  0
VERTEX
  8
0
 10
426.494019
 20
-81.267578
  0
VERTEX
  8
0
 10
426.643921
 20
-81.242676
  0
VERTEX
  8
0
 10
426.818970
 20
-81.192627
  0
VERTEX
  8
0
 10
427.818970
 20
-81.192627
  0
VERTEX
  8
0
 10
427.968872
 20
-81.242676
  0
VERTEX
  8
0
 10
428.119019
 20
-81.267578
  0
VERTEX
  8
0
 10
428.268921
 20
-81.317627
  0
VERTEX
  8
0
 10
428.393921
 20
-81.392578
  0
VERTEX
  8
0
 10
428.518921
 20
-81.517578
  0
VERTEX
  8
0
 10
428.619019
 20
-81.642578
  0
VERTEX
  8
0
 10
428.693970
 20
-81.767578
  0
VERTEX
  8
0
 10
428.768921
 20
-81.892578
  0
VERTEX
  8
0
 10
428.794067
 20
-82.067627
  0
VERTEX
  8
0
 10
428.818970
 20
-82.192627
  0
VERTEX
  8
0
 10
428.843872
 20
-82.392578
  0
VERTEX
  8
0
 10
429.068970
 20
-82.392578
  0
VERTEX
  8
0
 10
429.268921
 20
-82.367676
  0
VERTEX
  8
0
 10
429.468872
 20
-82.317627
  0
VERTEX
  8
0
 10
429.619019
 20
-82.267578
  0
VERTEX
  8
0
 10
429.768921
 20
-82.267578
  0
VERTEX
  8
0
 10
429.943970
 20
-82.267578
  0
VERTEX
  8
0
 10
430.093872
 20
-82.317627
  0
VERTEX
  8
0
 10
430.244019
 20
-82.392578
  0
VERTEX
  8
0
 10
430.369019
 20
-82.442627
  0
VERTEX
  8
0
 10
430.494019
 20
-82.567627
  0
VERTEX
  8
0
 10
430.593872
 20
-82.692627
  0
VERTEX
  8
0
 10
430.669067
 20
-82.817627
  0
VERTEX
  8
0
 10
430.718872
 20
-82.942627
  0
VERTEX
  8
0
 10
430.768921
 20
-83.117676
  0
VERTEX
  8
0
 10
430.768921
 20
-83.267578
  0
VERTEX
  8
0
 10
430.768921
 20
-83.442627
  0
VERTEX
  8
0
 10
430.718872
 20
-83.567627
  0
VERTEX
  8
0
 10
430.669067
 20
-83.767578
  0
VERTEX
  8
0
 10
430.643921
 20
-83.992676
  0
VERTEX
  8
0
 10
430.643921
 20
-84.192627
  0
VERTEX
  8
0
 10
430.643921
 20
-86.892578
  0
VERTEX
  8
0
 10
432.218872
 20
-86.892578
  0
VERTEX
  8
0
 10
432.218872
 20
-82.692627
  0
VERTEX
  8
0
 10
432.218872
 20
-82.617676
  0
VERTEX
  8
0
 10
432.244019
 20
-82.517822
  0
VERTEX
  8
0
 10
432.268921
 20
-82.442871
  0
VERTEX
  8
0
 10
432.294067
 20
-82.392822
  0
VERTEX
  8
0
 10
432.343872
 20
-82.317871
  0
VERTEX
  8
0
 10
432.419067
 20
-82.267822
  0
VERTEX
  8
0
 10
432.468872
 20
-82.242920
  0
VERTEX
  8
0
 10
432.544067
 20
-82.192871
  0
VERTEX
  8
0
 10
432.619019
 20
-82.192871
  0
VERTEX
  8
0
 10
432.718872
 20
-82.192871
  0
VERTEX
  8
0
 10
445.718872
 20
-82.192871
  0
VERTEX
  8
0
 10
445.794067
 20
-82.192871
  0
VERTEX
  8
0
 10
445.869019
 20
-82.192871
  0
VERTEX
  8
0
 10
445.943970
 20
-82.242920
  0
VERTEX
  8
0
 10
445.994019
 20
-82.267822
  0
VERTEX
  8
0
 10
446.068970
 20
-82.317871
  0
VERTEX
  8
0
 10
446.119019
 20
-82.392822
  0
VERTEX
  8
0
 10
446.143921
 20
-82.442871
  0
VERTEX
  8
0
 10
446.193970
 20
-82.517822
  0
VERTEX
  8
0
 10
446.193970
 20
-82.617920
  0
VERTEX
  8
0
 10
446.218872
 20
-82.692871
  0
VERTEX
  8
0
 10
446.218872
 20
-86.892822
  0
VERTEX
  8
0
 10
447.794067
 20
-86.892822
  0
VERTEX
  8
0
 10
447.794067
 20
-84.192871
  0
VERTEX
  8
0
 10
447.768921
 20
-83.992920
  0
VERTEX
  8
0
 10
447.744019
 20
-83.767822
  0
VERTEX
  8
0
 10
447.693970
 20
-83.567871
  0
VERTEX
  8
0
 10
447.643921
 20
-83.442871
  0
VERTEX
  8
0
 10
447.643921
 20
-83.267822
  0
VERTEX
  8
0
 10
447.643921
 20
-83.117920
  0
VERTEX
  8
0
 10
447.693970
 20
-82.942871
  0
VERTEX
  8
0
 10
447.744019
 20
-82.817871
  0
VERTEX
  8
0
 10
447.818970
 20
-82.692871
  0
VERTEX
  8
0
 10
447.919067
 20
-82.567871
  0
VERTEX
  8
0
 10
448.044067
 20
-82.442871
  0
VERTEX
  8
0
 10
448.193970
 20
-82.392822
  0
VERTEX
  8
0
 10
448.318970
 20
-82.317871
  0
VERTEX
  8
0
 10
448.468872
 20
-82.267822
  0
VERTEX
  8
0
 10
448.643921
 20
-82.267822
  0
VERTEX
  8
0
 10
448.794067
 20
-82.267822
  0
VERTEX
  8
0
 10
448.943970
 20
-82.317871
  0
VERTEX
  8
0
 10
449.143921
 20
-82.367920
  0
VERTEX
  8
0
 10
449.343872
 20
-82.392822
  0
VERTEX
  8
0
 10
449.568970
 20
-82.392822
  0
VERTEX
  8
0
 10
449.619019
 20
-82.192871
  0
VERTEX
  8
0
 10
449.619019
 20
-82.067871
  0
VERTEX
  8
0
 10
449.669067
 20
-81.892822
  0
VERTEX
  8
0
 10
449.718872
 20
-81.767822
  0
VERTEX
  8
0
 10
449.794067
 20
-81.642822
  0
VERTEX
  8
0
 10
449.893921
 20
-81.517822
  0
VERTEX
  8
0
 10
450.018921
 20
-81.392822
  0
VERTEX
  8
0
 10
450.143921
 20
-81.317871
  0
VERTEX
  8
0
 10
450.294067
 20
-81.267822
  0
VERTEX
  8
0
 10
450.443970
 20
-81.242920
  0
VERTEX
  8
0
 10
450.619019
 20
-81.192871
  0
VERTEX
  8
0
 10
451.619019
 20
-81.192871
  0
VERTEX
  8
0
 10
451.768921
 20
-81.242920
  0
VERTEX
  8
0
 10
451.919067
 20
-81.267822
  0
VERTEX
  8
0
 10
452.068970
 20
-81.317871
  0
VERTEX
  8
0
 10
452.193970
 20
-81.392822
  0
VERTEX
  8
0
 10
452.318970
 20
-81.517822
  0
VERTEX
  8
0
 10
452.419067
 20
-81.642822
  0
VERTEX
  8
0
 10
452.494019
 20
-81.767822
  0
VERTEX
  8
0
 10
452.568970
 20
-81.892822
  0
VERTEX
  8
0
 10
452.593872
 20
-82.067871
  0
VERTEX
  8
0
 10
452.619019
 20
-82.192871
  0
VERTEX
  8
0
 10
452.619019
 20
-82.392822
  0
VERTEX
  8
0
 10
452.843872
 20
-82.392822
  0
VERTEX
  8
0
 10
453.044067
 20
-82.392822
  0
VERTEX
  8
0
 10
453.268921
 20
-82.317871
  0
VERTEX
  8
0
 10
453.419067
 20
-82.267822
  0
VERTEX
  8
0
 10
453.568970
 20
-82.267822
  0
VERTEX
  8
0
 10
453.744019
 20
-82.267822
  0
VERTEX
  8
0
 10
453.893921
 20
-82.317871
  0
VERTEX
  8
0
 10
454.044067
 20
-82.392822
  0
VERTEX
  8
0
 10
454.169067
 20
-82.442871
  0
VERTEX
  8
0
 10
454.294067
 20
-82.567871
  0
VERTEX
  8
0
 10
454.393921
 20
-82.692871
  0
VERTEX
  8
0
 10
454.468872
 20
-82.817871
  0
VERTEX
  8
0
 10
454.518921
 20
-82.942871
  0
VERTEX
  8
0
 10
454.568970
 20
-83.117920
  0
VERTEX
  8
0
 10
454.568970
 20
-83.267822
  0
VERTEX
  8
0
 10
454.568970
 20
-83.442871
  0
VERTEX
  8
0
 10
454.518921
 20
-83.567871
  0
VERTEX
  8
0
 10
454.468872
 20
-83.767822
  0
VERTEX
  8
0
 10
454.443970
 20
-83.992920
  0
VERTEX
  8
0
 10
454.443970
 20
-84.192871
  0
VERTEX
  8
0
 10
454.443970
 20
-88.692871
  0
VERTEX
  8
0
 10
454.593872
 20
-88.692871
  0
VERTEX
  8
0
 10
454.744019
 20
-88.742920
  0
VERTEX
  8
0
 10
454.893921
 20
-88.767822
  0
VERTEX
  8
0
 10
455.018921
 20
-88.892822
  0
VERTEX
  8
0
 10
455.143921
 20
-88.992920
  0
VERTEX
  8
0
 10
455.244019
 20
-89.067871
  0
VERTEX
  8
0
 10
455.318970
 20
-89.242920
  0
VERTEX
  8
0
 10
455.393921
 20
-89.392822
  0
VERTEX
  8
0
 10
455.419067
 20
-89.517822
  0
VERTEX
  8
0
 10
455.443970
 20
-89.692871
  0
VERTEX
  8
0
 10
455.443970
 20
-90.692871
  0
VERTEX
  8
0
 10
455.419067
 20
-90.817871
  0
VERTEX
  8
0
 10
455.393921
 20
-90.992920
  0
VERTEX
  8
0
 10
455.318970
 20
-91.142822
  0
VERTEX
  8
0
 10
455.244019
 20
-91.267822
  0
VERTEX
  8
0
 10
455.143921
 20
-91.392822
  0
VERTEX
  8
0
 10
455.018921
 20
-91.492920
  0
VERTEX
  8
0
 10
454.893921
 20
-91.567871
  0
VERTEX
  8
0
 10
454.744019
 20
-91.642822
  0
VERTEX
  8
0
 10
454.593872
 20
-91.692871
  0
VERTEX
  8
0
 10
454.443970
 20
-91.692871
  0
VERTEX
  8
0
 10
454.443970
 20
-92.942871
  0
VERTEX
  8
0
 10
454.443970
 20
-93.142822
  0
VERTEX
  8
0
 10
454.468872
 20
-93.367920
  0
VERTEX
  8
0
 10
454.518921
 20
-93.567871
  0
VERTEX
  8
0
 10
454.568970
 20
-93.692871
  0
VERTEX
  8
0
 10
454.568970
 20
-93.867920
  0
VERTEX
  8
0
 10
454.568970
 20
-94.017822
  0
VERTEX
  8
0
 10
454.518921
 20
-94.142822
  0
VERTEX
  8
0
 10
454.468872
 20
-94.317871
  0
VERTEX
  8
0
 10
454.393921
 20
-94.442871
  0
VERTEX
  8
0
 10
454.294067
 20
-94.567871
  0
VERTEX
  8
0
 10
454.169067
 20
-94.642822
  0
VERTEX
  8
0
 10
454.044067
 20
-94.767822
  0
VERTEX
  8
0
 10
453.893921
 20
-94.817871
  0
VERTEX
  8
0
 10
453.744019
 20
-94.867920
  0
VERTEX
  8
0
 10
453.568970
 20
-94.867920
  0
VERTEX
  8
0
 10
453.419067
 20
-94.867920
  0
VERTEX
  8
0
 10
453.268921
 20
-94.817871
  0
VERTEX
  8
0
 10
453.068970
 20
-94.767822
  0
VERTEX
  8
0
 10
452.869019
 20
-94.742920
  0
VERTEX
  8
0
 10
452.643921
 20
-94.692871
  0
VERTEX
  8
0
 10
449.568970
 20
-94.692871
  0
VERTEX
  8
0
 10
449.343872
 20
-94.742920
  0
VERTEX
  8
0
 10
449.143921
 20
-94.767822
  0
VERTEX
  8
0
 10
448.943970
 20
-94.817871
  0
VERTEX
  8
0
 10
448.794067
 20
-94.867920
  0
VERTEX
  8
0
 10
448.643921
 20
-94.867920
  0
VERTEX
  8
0
 10
448.468872
 20
-94.867920
  0
VERTEX
  8
0
 10
448.318970
 20
-94.817871
  0
VERTEX
  8
0
 10
448.193970
 20
-94.767822
  0
VERTEX
  8
0
 10
448.044067
 20
-94.642822
  0
VERTEX
  8
0
 10
447.919067
 20
-94.567871
  0
VERTEX
  8
0
 10
447.818970
 20
-94.442871
  0
VERTEX
  8
0
 10
447.744019
 20
-94.317871
  0
VERTEX
  8
0
 10
447.693970
 20
-94.142822
  0
VERTEX
  8
0
 10
447.643921
 20
-94.017822
  0
VERTEX
  8
0
 10
447.643921
 20
-93.867920
  0
VERTEX
  8
0
 10
447.643921
 20
-93.692871
  0
VERTEX
  8
0
 10
447.693970
 20
-93.567871
  0
VERTEX
  8
0
 10
447.744019
 20
-93.367920
  0
VERTEX
  8
0
 10
447.768921
 20
-93.142822
  0
VERTEX
  8
0
 10
447.794067
 20
-92.942871
  0
VERTEX
  8
0
 10
447.794067
 20
-91.492920
  0
VERTEX
  8
0
 10
446.218872
 20
-91.492920
  0
VERTEX
  8
0
 10
446.218872
 20
-95.692871
  0
VERTEX
  8
0
 10
446.193970
 20
-95.767822
  0
VERTEX
  8
0
 10
446.193970
 20
-95.817871
  0
VERTEX
  8
0
 10
446.143921
 20
-95.892822
  0
VERTEX
  8
0
 10
446.119019
 20
-95.992920
  0
VERTEX
  8
0
 10
446.068970
 20
-96.017822
  0
VERTEX
  8
0
 10
445.994019
 20
-96.067871
  0
VERTEX
  8
0
 10
445.943970
 20
-96.142822
  0
VERTEX
  8
0
 10
445.869019
 20
-96.142822
  0
VERTEX
  8
0
 10
445.794067
 20
-96.192871
  0
VERTEX
  8
0
 10
445.718872
 20
-96.192871
  0
VERTEX
  8
0
 10
438.616577
 20
-96.192871
  0
SEQEND
  8
0
  0
POLYLINE
  8
0
 66
1
  0
VERTEX
  8
0
 10
440.991577
 20
-58.192871
  0
VERTEX
  8
0
 10
435.093872
 20
-58.192871
  0
VERTEX
  8
0
 10
434.994019
 20
-58.192871
  0
VERTEX
  8
0
 10
434.919067
 20
-58.142822
  0
VERTEX
  8
0
 10
434.843872
 20
-58.142822
  0
VERTEX
  8
0
 10
434.794067
 20
-58.067871
  0
VERTEX
  8
0
 10
434.718872
 20
-58.017822
  0
VERTEX
  8
0
 10
434.669067
 20
-57.992920
  0
VERTEX
  8
0
 10
434.643921
 20
-57.892822
  0
VERTEX
  8
0
 10
434.619019
 20
-57.817871
  0
VERTEX
  8
0
 10
434.593872
 20
-57.767578
  0
VERTEX
  8
0
 10
434.593872
 20
-57.692627
  0
VERTEX
  8
0
 10
434.593872
 20
-53.492676
  0
VERTEX
  8
0
 10
433.018921
 20
-53.492676
  0
VERTEX
  8
0
 10
433.018921
 20
-54.942627
  0
VERTEX
  8
0
 10
433.018921
 20
-55.142578
  0
VERTEX
  8
0
 10
433.044067
 20
-55.367676
  0
VERTEX
  8
0
 10
433.093872
 20
-55.567627
  0
VERTEX
  8
0
 10
433.143921
 20
-55.692627
  0
VERTEX
  8
0
 10
433.143921
 20
-55.867676
  0
VERTEX
  8
0
 10
433.143921
 20
-56.017578
  0
VERTEX
  8
0
 10
433.093872
 20
-56.142578
  0
VERTEX
  8
0
 10
433.044067
 20
-56.317627
  0
VERTEX
  8
0
 10
432.968872
 20
-56.442627
  0
VERTEX
  8
0
 10
432.869019
 20
-56.567627
  0
VERTEX
  8
0
 10
432.744019
 20
-56.642578
  0
VERTEX
  8
0
 10
432.619019
 20
-56.767578
  0
VERTEX
  8
0
 10
432.468872
 20
-56.817627
  0
VERTEX
  8
0
 10
432.318970
 20
-56.867676
  0
VERTEX
  8
0
 10
432.143921
 20
-56.867676
  0
VERTEX
  8
0
 10
431.994019
 20
-56.867676
  0
VERTEX
  8
0
 10
431.843872
 20
-56.817627
  0
VERTEX
  8
0
 10
431.643921
 20
-56.767578
  0
VERTEX
  8
0
 10
431.443970
 20
-56.742676
  0
VERTEX
  8
0
 10
431.218872
 20
-56.692627
  0
VERTEX
  8
0
 10
428.143921
 20
-56.692627
  0
VERTEX
  8
0
 10
427.919067
 20
-56.742676
  0
VERTEX
  8
0
 10
427.718872
 20
-56.767578
  0
VERTEX
  8
0
 10
427.518921
 20
-56.817627
  0
VERTEX
  8
0
 10
427.369019
 20
-56.867676
  0
VERTEX
  8
0
 10
427.218872
 20
-56.867676
  0
VERTEX
  8
0
 10
427.044067
 20
-56.867676
  0
VERTEX
  8
0
 10
426.893921
 20
-56.817627
  0
VERTEX
  8
0
 10
426.768921
 20
-56.767578
  0
VERTEX
  8
0
 10
426.619019
 20
-56.642578
  0
VERTEX
  8
0
 10
426.494019
 20
-56.567627
  0
VERTEX
  8
0
 10
426.393921
 20
-56.442627
  0
VERTEX
  8
0
 10
426.318970
 20
-56.317627
  0
VERTEX
  8
0
 10
426.268921
 20
-56.142578
  0
VERTEX
  8
0
 10
426.218872
 20
-56.017578
  0
VERTEX
  8
0
 10
426.218872
 20
-55.867676
  0
VERTEX
  8
0
 10
426.218872
 20
-55.692627
  0
VERTEX
  8
0
 10
426.268921
 20
-55.567627
  0
VERTEX
  8
0
 10
426.318970
 20
-55.367676
  0
VERTEX
  8
0
 10
426.343872
 20
-55.142578
  0
VERTEX
  8
0
 10
426.369019
 20
-54.942627
  0
VERTEX
  8
0
 10
426.369019
 20
-53.692627
  0
VERTEX
  8
0
 10
426.193970
 20
-53.692627
  0
VERTEX
  8
0
 10
426.044067
 20
-53.642578
  0
VERTEX
  8
0
 10
425.893921
 20
-53.567627
  0
VERTEX
  8
0
 10
425.768921
 20
-53.492676
  0
VERTEX
  8
0
 10
425.643921
 20
-53.392578
  0
VERTEX
  8
0
 10
425.544067
 20
-53.267578
  0
VERTEX
  8
0
 10
425.468872
 20
-53.142578
  0
VERTEX
  8
0
 10
425.419067
 20
-52.992676
  0
VERTEX
  8
0
 10
425.369019
 20
-52.817627
  0
VERTEX
  8
0
 10
425.369019
 20
-52.692627
  0
VERTEX
  8
0
 10
425.369019
 20
-51.692627
  0
VERTEX
  8
0
 10
425.369019
 20
-51.517578
  0
VERTEX
  8
0
 10
425.419067
 20
-51.392578
  0
VERTEX
  8
0
 10
425.468872
 20
-51.242676
  0
VERTEX
  8
0
 10
425.544067
 20
-51.067627
  0
VERTEX
  8
0
 10
425.643921
 20
-50.992676
  0
VERTEX
  8
0
 10
425.768921
 20
-50.892578
  0
VERTEX
  8
0
 10
425.893921
 20
-50.767578
  0
VERTEX
  8
0
 10
426.044067
 20
-50.742676
  0
VERTEX
  8
0
 10
426.193970
 20
-50.692627
  0
VERTEX
  8
0
 10
426.369019
 20
-50.692627
  0
VERTEX
  8
0
 10
426.369019
 20
-46.192627
  0
VERTEX
  8
0
 10
426.343872
 20
-45.992676
  0
VERTEX
  8
0
 10
426.318970
 20
-45.767578
  0
VERTEX
  8
0
 10
426.268921
 20
-45.567627
  0
VERTEX
  8
0
 10
426.218872
 20
-45.442627
  0
VERTEX
  8
0
 10
426.218872
 20
-45.267578
  0
VERTEX
  8
0
 10
426.218872
 20
-45.117676
  0
VERTEX
  8
0
 10
426.268921
 20
-44.942627
  0
VERTEX
  8
0
 10
426.318970
 20
-44.817627
  0
VERTEX
  8
0
 10
426.393921
 20
-44.692627
  0
VERTEX
  8
0
 10
426.494019
 20
-44.567627
  0
VERTEX
  8
0
 10
426.619019
 20
-44.442627
  0
VERTEX
  8
0
 10
426.768921
 20
-44.392578
  0
VERTEX
  8
0
 10
426.893921
 20
-44.317627
  0
VERTEX
  8
0
 10
427.044067
 20
-44.267578
  0
VERTEX
  8
0
 10
427.218872
 20
-44.267578
  0
VERTEX
  8
0
 10
427.369019
 20
-44.267578
  0
VERTEX
  8
0
 10
427.518921
 20
-44.317627
  0
VERTEX
  8
0
 10
427.744019
 20
-44.392578
  0
VERTEX
  8
0
 10
427.968872
 20
-44.392578
  0
VERTEX
  8
0
 10
428.193970
 20
-44.392578
  0
VERTEX
  8
0
 10
428.193970
 20
-44.192627
  0
VERTEX
  8
0
 10
428.193970
 20
-44.067627
  0
VERTEX
  8
0
 10
428.244019
 20
-43.892578
  0
VERTEX
  8
0
 10
428.294067
 20
-43.767578
  0
VERTEX
  8
0
 10
428.369019
 20
-43.642578
  0
VERTEX
  8
0
 10
428.468872
 20
-43.517578
  0
VERTEX
  8
0
 10
428.593872
 20
-43.392578
  0
VERTEX
  8
0
 10
428.718872
 20
-43.317627
  0
VERTEX
  8
0
 10
428.869019
 20
-43.267578
  0
VERTEX
  8
0
 10
429.018921
 20
-43.242676
  0
VERTEX
  8
0
 10
429.193970
 20
-43.192627
  0
VERTEX
  8
0
 10
430.193970
 20
-43.192627
  0
VERTEX
  8
0
 10
430.343872
 20
-43.242676
  0
VERTEX
  8
0
 10
430.494019
 20
-43.267578
  0
VERTEX
  8
0
 10
430.643921
 20
-43.317627
  0
VERTEX
  8
0
 10
430.768921
 20
-43.392578
  0
VERTEX
  8
0
 10
430.893921
 20
-43.517578
  0
VERTEX
  8
0
 10
430.994019
 20
-43.642578
  0
VERTEX
  8
0
 10
431.068970
 20
-43.767578
  0
VERTEX
  8
0
 10
431.143921
 20
-43.892578
  0
VERTEX
  8
0
 10
431.169067
 20
-44.067627
  0
VERTEX
  8
0
 10
431.193970
 20
-44.192627
  0
VERTEX
  8
0
 10
431.218872
 20
-44.392578
  0
VERTEX
  8
0
 10
431.443970
 20
-44.392578
  0
VERTEX
  8
0
 10
431.643921
 20
-44.367676
  0
VERTEX
  8
0
 10
431.843872
 20
-44.317627
  0
VERTEX
  8
0
 10
431.994019
 20
-44.267578
  0
VERTEX
  8
0
 10
432.143921
 20
-44.267578
  0
VERTEX
  8
0
 10
432.318970
 20
-44.267578
  0
VERTEX
  8
0
 10
432.468872
 20
-44.317627
  0
VERTEX
  8
0
 10
432.619019
 20
-44.392578
  0
VERTEX
  8
0
 10
432.744019
 20
-44.442627
  0
VERTEX
  8
0
 10
432.869019
 20
-44.567627
  0
VERTEX
  8
0
 10
432.968872
 20
-44.692627
  0
VERTEX
  8
0
 10
433.044067
 20
-44.817627
  0
VERTEX
  8
0
 10
433.093872
 20
-44.942627
  0
VERTEX
  8
0
 10
433.143921
 20
-45.117676
  0
VERTEX
  8
0
 10
433.143921
 20
-45.267578
  0
VERTEX
  8
0
 10
433.143921
 20
-45.442627
  0
VERTEX
  8
0
 10
433.093872
 20
-45.567627
  0
VERTEX
  8
0
 10
433.044067
 20
-45.767578
  0
VERTEX
  8
0
 10
433.018921
 20
-45.992676
  0
VERTEX
  8
0
 10
433.018921
 20
-46.192627
  0
VERTEX
  8
0
 10
433.018921
 20
-48.892578
  0
VERTEX
  8
0
 10
434.593872
 20
-48.892578
  0
VERTEX
  8
0
 10
434.593872
 20
-44.692627
  0
VERTEX
  8
0
 10
434.593872
 20
-44.617676
  0
VERTEX
  8
0
 10
434.619019
 20
-44.517822
  0
VERTEX
  8
0
 10
434.643921
 20
-44.442871
  0
VERTEX
  8
0
 10
434.669067
 20
-44.392822
  0
VERTEX
  8
0
 10
434.718872
 20
-44.317871
  0
VERTEX
  8
0
 10
434.794067
 20
-44.267822
  0
VERTEX
  8
0
 10
434.843872
 20
-44.242920
  0
VERTEX
  8
0
 10
434.919067
 20
-44.192871
  0
VERTEX
  8
0
 10
434.994019
 20
-44.192871
  0
VERTEX
  8
0
 10
435.093872
 20
-44.192871
  0
VERTEX
  8
0
 10
448.093872
 20
-44.192871
  0
VERTEX
  8
0
 10
448.169067
 20
-44.192871
  0
VERTEX
  8
0
 10
448.244019
 20
-44.192871
  0
VERTEX
  8
0
 10
448.318970
 20
-44.242920
  0
VERTEX
  8
0
 10
448.369019
 20
-44.267822
  0
VERTEX
  8
0
 10
448.443970
 20
-44.317871
  0
VERTEX
  8
0
 10
448.494019
 20
-44.392822
  0
VERTEX
  8
0
 10
448.518921
 20
-44.442871
  0
VERTEX
  8
0
 10
448.568970
 20
-44.517822
  0
VERTEX
  8
0
 10
448.568970
 20
-44.617920
  0
VERTEX
  8
0
 10
448.593872
 20
-44.692871
  0
VERTEX
  8
0
 10
448.593872
 20
-48.892822
  0
VERTEX
  8
0
 10
450.169067
 20
-48.892822
  0
VERTEX
  8
0
 10
450.169067
 20
-46.192871
  0
VERTEX
  8
0
 10
450.143921
 20
-45.992920
  0
VERTEX
  8
0
 10
450.119019
 20
-45.767822
  0
VERTEX
  8
0
 10
450.068970
 20
-45.567871
  0
VERTEX
  8
0
 10
450.018921
 20
-45.442871
  0
VERTEX
  8
0
 10
450.018921
 20
-45.267822
  0
VERTEX
  8
0
 10
450.018921
 20
-45.117920
  0
VERTEX
  8
0
 10
450.068970
 20
-44.942871
  0
VERTEX
  8
0
 10
450.119019
 20
-44.817871
  0
VERTEX
  8
0
 10
450.193970
 20
-44.692871
  0
VERTEX
  8
0
 10
450.294067
 20
-44.567871
  0
VERTEX
  8
0
 10
450.419067
 20
-44.442871
  0
VERTEX
  8
0
 10
450.568970
 20
-44.392822
  0
VERTEX
  8
0
 10
450.693970
 20
-44.317871
  0
VERTEX
  8
0
 10
450.843872
 20
-44.267822
  0
VERTEX
  8
0
 10
451.018921
 20
-44.267822
  0
VERTEX
  8
0
 10
451.169067
 20
-44.267822
  0
VERTEX
  8
0
 10
451.318970
 20
-44.317871
  0
VERTEX
  8
0
 10
451.518921
 20
-44.367920
  0
VERTEX
  8
0
 10
451.718872
 20
-44.392822
  0
VERTEX
  8
0
 10
451.943970
 20
-44.392822
  0
VERTEX
  8
0
 10
451.994019
 20
-44.192871
  0
VERTEX
  8
0
 10
451.994019
 20
-44.067871
  0
VERTEX
  8
0
 10
452.044067
 20
-43.892822
  0
VERTEX
  8
0
 10
452.093872
 20
-43.767822
  0
VERTEX
  8
0
 10
452.169067
 20
-43.642822
  0
VERTEX
  8
0
 10
452.268921
 20
-43.517822
  0
VERTEX
  8
0
 10
452.393921
 20
-43.392822
  0
VERTEX
  8
0
 10
452.518921
 20
-43.317871
  0
VERTEX
  8
0
 10
452.669067
 20
-43.267822
  0
VERTEX
  8
0
 10
452.818970
 20
-43.242920
  0
VERTEX
  8
0
 10
452.994019
 20
-43.192871
  0
VERTEX
  8
0
 10
453.994019
 20
-43.192871
  0
VERTEX
  8
0
 10
454.143921
 20
-43.242920
  0
VERTEX
  8
0
 10
454.294067
 20
-43.267822
  0
VERTEX
  8
0
 10
454.443970
 20
-43.317871
  0
VERTEX
  8
0
 10
454.568970
 20
-43.392822
  0
VERTEX
  8
0
 10
454.693970
 20
-43.517822
  0
VERTEX
  8
0
 10
454.794067
 20
-43.642822
  0
VERTEX
  8
0
 10
454.869019
 20
-43.767822
  0
VERTEX
  8
0
 10
454.943970
 20
-43.892822
  0
VERTEX
  8
0
 10
454.968872
 20
-44.067871
  0
VERTEX
  8
0
 10
454.994019
 20
-44.192871
  0
VERTEX
  8
0
 10
454.994019
 20
-44.392822
  0
VERTEX
  8
0
 10
455.218872
 20
-44.392822
  0
VERTEX
  8
0
 10
455.419067
 20
-44.392822
  0
VERTEX
  8
0
 10
455.643921
 20
-44.317871
  0
VERTEX
  8
0
 10
455.794067
 20
-44.267822
  0
VERTEX
  8
0
 10
455.943970
 20
-44.267822
  0
VERTEX
  8
0
 10
456.119019
 20
-44.267822
  0
VERTEX
  8
0
 10
456.268921
 20
-44.317871
  0
VERTEX
  8
0
 10
456.419067
 20
-44.392822
  0
VERTEX
  8
0
 10
456.544067
 20
-44.442871
  0
VERTEX
  8
0
 10
456.669067
 20
-44.567871
  0
VERTEX
  8
0
 10
456.768921
 20
-44.692871
  0
VERTEX
  8
0
 10
456.843872
 20
-44.817871
  0
VERTEX
  8
0
 10
456.893921
 20
-44.942871
  0
VERTEX
  8
0
 10
456.943970
 20
-45.117920
  0
VERTEX
  8
0
 10
456.943970
 20
-45.267822
  0
VERTEX
  8
0
 10
456.943970
 20
-45.442871
  0
VERTEX
  8
0
 10
456.893921
 20
-45.567871
  0
VERTEX
  8
0
 10
456.843872
 20
-45.767822
  0
VERTEX
  8
0
 10
456.818970
 20
-45.992920
  0
VERTEX
  8
0
 10
456.818970
 20
-46.192871
  0
VERTEX
  8
0
 10
456.818970
 20
-50.692871
  0
VERTEX
  8
0
 10
456.968872
 20
-50.692871
  0
VERTEX
  8
0
 10
457.119019
 20
-50.742920
  0
VERTEX
  8
0
 10
457.268921
 20
-50.767822
  0
VERTEX
  8
0
 10
457.393921
 20
-50.892822
  0
VERTEX
  8
0
 10
457.518921
 20
-50.992920
  0
VERTEX
  8
0
 10
457.619019
 20
-51.067871
  0
VERTEX
  8
0
 10
457.693970
 20
-51.242920
  0
VERTEX
  8
0
 10
457.768921
 20
-51.392822
  0
VERTEX
  8
0
 10
457.794067
 20
-51.517822
  0
VERTEX
  8
0
 10
457.818970
 20
-51.692871
  0
VERTEX
  8
0
 10
457.818970
 20
-52.692871
  0
VERTEX
  8
0
 10
457.794067
 20
-52.817871
  0
VERTEX
  8
0
 10
457.768921
 20
-52.992920
  0
VERTEX
  8
0
 10
457.693970
 20
-53.142822
  0
VERTEX
  8
0
 10
457.619019
 20
-53.267822
  0
VERTEX
  8
0
 10
457.518921
 20
-53.392822
  0
VERTEX
  8
0
 10
457.393921
 20
-53.492920
  0
VERTEX
  8
0
 10
457.268921
 20
-53.567871
  0
VERTEX
  8
0
 10
457.119019
 20
-53.642822
  0
VERTEX
  8
0
 10
456.968872
 20
-53.692871
  0
VERTEX
  8
0
 10
456.818970
 20
-53.692871
  0
VERTEX
  8
0
 10
456.818970
 20
-54.942871
  0
VERTEX
  8
0
 10
456.818970
 20
-55.142822
  0
VERTEX
  8
0
 10
456.843872
 20
-55.367920
  0
VERTEX
  8
0
 10
456.893921
 20
-55.567871
  0
VERTEX
  8
0
 10
456.943970
 20
-55.692871
  0
VERTEX
  8
0
 10
456.943970
 20
-55.867920
  0
VERTEX
  8
0
 10
456.943970
 20
-56.017822
  0
VERTEX
  8
0
 10
456.893921
 20
-56.142822
  0
VERTEX
  8
0
 10
456.843872
 20
-56.317871
  0
VERTEX
  8
0
 10
456.768921
 20
-56.442871
  0
VERTEX
  8
0
 10
456.669067
 20
-56.567871
  0
VERTEX
  8
0
 10
456.544067
 20
-56.642822
  0
VERTEX
  8
0
 10
456.419067
 20
-56.767822
  0
VERTEX
  8
0
 10
456.268921
 20
-56.817871
  0
VERTEX
  8
0
 10
456.119019
 20
-56.867920
  0
VERTEX
  8
0
 10
455.943970
 20
-56.867920
  0
VERTEX
  8
0
 10
455.794067
 20
-56.867920
  0
VERTEX
  8
0
 10
455.643921
 20
-56.817871
  0
VERTEX
  8
0
 10
455.443970
 20
-56.767822
  0
VERTEX
  8
0
 10
455.244019
 20
-56.742920
  0
VERTEX
  8
0
 10
455.018921
 20
-56.692871
  0
VERTEX
  8
0
 10
451.943970
 20
-56.692871
  0
VERTEX
  8
0
 10
451.718872
 20
-56.742920
  0
VERTEX
  8
0
 10
451.518921
 20
-56.767822
  0
VERTEX
  8
0
 10
451.318970
 20
-56.817871
  0
VERTEX
  8
0
 10
451.169067
 20
-56.867920
  0
VERTEX
  8
0
 10
451.018921
 20
-56.867920
  0
VERTEX
  8
0
 10
450.843872
 20
-56.867920
  0
VERTEX
  8
0
 10
450.693970
 20
-56.817871
  0
VERTEX
  8
0
 10
450.568970
 20
-56.767822
  0
VERTEX
  8
0
 10
450.419067
 20
-56.642822
  0
VERTEX
  8
0
 10
450.294067
 20
-56.567871
  0
VERTEX
  8
0
 10
450.193970
 20
-56.442871
  0
VERTEX
  8
0
 10
450.119019
 20
-56.317871
  0
VERTEX
  8
0
 10
450.068970
 20
-56.142822
  0
VERTEX
  8
0
 10
450.018921
 20
-56.017822
  0
VERTEX
  8
0
 10
450.018921
 20
-55.867920
  0
VERTEX
  8
0
 10
450.018921
 20
-55.692871
  0
VERTEX
  8
0
 10
450.068970
 20
-55.567871
  0
VERTEX
  8
0
 10
450.119019
 20
-55.367920
  0
VERTEX
  8
0
 10
450.143921
 20
-55.142822
  0
VERTEX
  8
0
 10
450.169067
 20
-54.942871
  0
VERTEX
  8
0
 10
450.169067
 20
-53.492920
  0
VERTEX
  8
0
 10
448.593872
 20
-53.492920
  0
VERTEX
  8
0
 10
448.593872
 20
-57.692871
  0
VERTEX
  8
0
 10
448.568970
 20
-57.767822
  0
VERTEX
  8
0
 10
448.568970
 20
-57.817871
  0
VERTEX
  8
0
 10
448.518921
 20
-57.892822
  0
VERTEX
  8
0
 10
448.494019
 20
-57.992920
  0
VERTEX
  8
0
 10
448.443970
 20
-58.017822
  0
VERTEX
  8
0
 10
448.369019
 20
-58.067871
  0
VERTEX
  8
0
 10
448.318970
 20
-58.142822
  0
VERTEX
  8
0
 10
448.244019
 20
-58.142822
  0
VERTEX
  8
0
 10
448.169067
 20
-58.192871
  0
VERTEX
  8
0
 10
448.093872
 20
-58.192871
  0
VERTEX
  8
0
 10
440.991577
 20
-58.192871
  0
SEQEND
  8
0
  0
POLYLINE
  8
0
 66
1
  0
VERTEX
  8
0
 10
504.982605
 20
-134.192871
  0
VERTEX
  8
0
 10
499.084900
 20
-134.192871
  0
VERTEX
  8
0
 10
498.985046
 20
-134.192871
  0
VERTEX
  8
0
 10
498.910095
 20
-134.142822
  0
VERTEX
  8
0
 10
498.834900
 20
-134.142822
  0
VERTEX
  8
0
 10
498.785095
 20
-134.067871
  0
VERTEX
  8
0
 10
498.709900
 20
-134.017822
  0
VERTEX
  8
0
 10
498.660095
 20
-133.992920
  0
VERTEX
  8
0
 10
498.634949
 20
-133.892822
  0
VERTEX
  8
0
 10
498.610046
 20
-133.817871
  0
VERTEX
  8
0
 10
498.584900
 20
-133.767578
  0
VERTEX
  8
0
 10
498.584900
 20
-133.692627
  0
VERTEX
  8
0
 10
498.584900
 20
-129.492676
  0
VERTEX
  8
0
 10
497.009949
 20
-129.492676
  0
VERTEX
  8
0
 10
497.009949
 20
-130.942627
  0
VERTEX
  8
0
 10
497.009949
 20
-131.142578
  0
VERTEX
  8
0
 10
497.035095
 20
-131.367676
  0
VERTEX
  8
0
 10
497.084900
 20
-131.567627
  0
VERTEX
  8
0
 10
497.134949
 20
-131.692627
  0
VERTEX
  8
0
 10
497.134949
 20
-131.867676
  0
VERTEX
  8
0
 10
497.134949
 20
-132.017578
  0
VERTEX
  8
0
 10
497.084900
 20
-132.142578
  0
VERTEX
  8
0
 10
497.035095
 20
-132.317627
  0
VERTEX
  8
0
 10
496.959900
 20
-132.442627
  0
VERTEX
  8
0
 10
496.860046
 20
-132.567627
  0
VERTEX
  8
0
 10
496.735046
 20
-132.642578
  0
VERTEX
  8
0
 10
496.610046
 20
-132.767578
  0
VERTEX
  8
0
 10
496.459900
 20
-132.817627
  0
VERTEX
  8
0
 10
496.309998
 20
-132.867676
  0
VERTEX
  8
0
 10
496.134949
 20
-132.867676
  0
VERTEX
  8
0
 10
495.985046
 20
-132.867676
  0
VERTEX
  8
0
 10
495.834900
 20
-132.817627
  0
VERTEX
  8
0
 10
495.634949
 20
-132.767578
  0
VERTEX
  8
0
 10
495.434998
 20
-132.742676
  0
VERTEX
  8
0
 10
495.209900
 20
-132.692627
  0
VERTEX
  8
0
 10
492.134949
 20
-132.692627
  0
VERTEX
  8
0
 10
491.910095
 20
-132.742676
  0
VERTEX
  8
0
 10
491.709900
 20
-132.767578
  0
VERTEX
  8
0
 10
491.509949
 20
-132.817627
  0
VERTEX
  8
0
 10
491.360046
 20
-132.867676
  0
VERTEX
  8
0
 10
491.209900
 20
-132.867676
  0
VERTEX
  8
0
 10
491.035095
 20
-132.867676
  0
VERTEX
  8
0
 10
490.884949
 20
-132.817627
  0
VERTEX
  8
0
 10
490.759949
 20
-132.767578
  0
VERTEX
  8
0
 10
490.610046
 20
-132.642578
  0
VERTEX
  8
0
 10
490.485046
 20
-132.567627
  0
VERTEX
  8
0
 10
490.384949
 20
-132.442627
  0
VERTEX
  8
0
 10
490.309998
 20
-132.317627
  0
VERTEX
  8
0
 10
490.259949
 20
-132.142578
  0
VERTEX
  8
0
 10
490.209900
 20
-132.017578
  0
VERTEX
  8
0
 10
490.209900
 20
-131.867676
  0
VERTEX
  8
0
 10
490.209900
 20
-131.692627
  0
VERTEX
  8
0
 10
490.259949
 20
-131.567627
  0
VERTEX
  8
0
 10
490.309998
 20
-131.367676
  0
VERTEX
  8
0
 10
490.334900
 20
-131.142578
  0
VERTEX
  8
0
 10
490.360046
 20
-130.942627
  0
VERTEX
  8
0
 10
490.360046
 20
-129.692627
  0
VERTEX
  8
0
 10
490.184998
 20
-129.692627
  0
VERTEX
  8
0
 10
490.035095
 20
-129.642578
  0
VERTEX
  8
0
 10
489.884949
 20
-129.567627
  0
VERTEX
  8
0
 10
489.759949
 20
-129.492676
  0
VERTEX
  8
0
 10
489.634949
 20
-129.392578
  0
VERTEX
  8
0
 10
489.535095
 20
-129.267578
  0
VERTEX
  8
0
 10
489.459900
 20
-129.142578
  0
VERTEX
  8
0
 10
489.410095
 20
-128.992676
  0
VERTEX
  8
0
 10
489.360046
 20
-128.817627
  0
VERTEX
  8
0
 10
489.360046
 20
-128.692627
  0
VERTEX
  8
0
 10
489.360046
 20
-127.692627
  0
VERTEX
  8
0
 10
489.360046
 20
-127.517578
  0
VERTEX
  8
0
 10
489.410095
 20
-127.392578
  0
VERTEX
  8
0
 10
489.459900
 20
-127.242676
  0
VERTEX
  8
0
 10
489.535095
 20
-127.067627
  0
VERTEX
  8
0
 10
489.634949
 20
-126.992676
  0
VERTEX
  8
0
 10
489.759949
 20
-126.892578
  0
VERTEX
  8
0
 10
489.884949
 20
-126.767578
  0
VERTEX
  8
0
 10
490.035095
 20
-126.742676
  0
VERTEX
  8
0
 10
490.184998
 20
-126.692627
  0
VERTEX
  8
0
 10
490.360046
 20
-126.692627
  0
VERTEX
  8
0
 10
490.360046
 20
-122.192627
  0
VERTEX
  8
0
 10
490.334900
 20
-121.992676
  0
VERTEX
  8
0
 10
490.309998
 20
-121.767578
  0
VERTEX
  8
0
 10
490.259949
 20
-121.567627
  0
VERTEX
  8
0
 10
490.209900
 20
-121.442627
  0
VERTEX
  8
0
 10
490.209900
 20
-121.267578
  0
VERTEX
  8
0
 10
490.209900
 20
-121.117676
  0
VERTEX
  8
0
 10
490.259949
 20
-120.942627
  0
VERTEX
  8
0
 10
490.309998
 20
-120.817627
  0
VERTEX
  8
0
 10
490.384949
 20
-120.692627
  0
VERTEX
  8
0
 10
490.485046
 20
-120.567627
  0
VERTEX
  8
0
 10
490.610046
 20
-120.442627
  0
VERTEX
  8
0
 10
490.759949
 20
-120.392578
  0
VERTEX
  8
0
 10
490.884949
 20
-120.317627
  0
VERTEX
  8
0
 10
491.035095
 20
-120.267578
  0
VERTEX
  8
0
 10
491.209900
 20
-120.267578
  0
VERTEX
  8
0
 10
491.360046
 20
-120.267578
  0
VERTEX
  8
0
 10
491.509949
 20
-120.317627
  0
VERTEX
  8
0
 10
491.735046
 20
-120.392578
  0
VERTEX
  8
0
 10
491.959900
 20
-120.392578
  0
VERTEX
  8
0
 10
492.184998
 20
-120.392578
  0
VERTEX
  8
0
 10
492.184998
 20
-120.192627
  0
VERTEX
  8
0
 10
492.184998
 20
-120.067627
  0
VERTEX
  8
0
 10
492.235046
 20
-119.892578
  0
VERTEX
  8
0
 10
492.285095
 20
-119.767578
  0
VERTEX
  8
0
 10
492.360046
 20
-119.642578
  0
VERTEX
  8
0
 10
492.459900
 20
-119.517578
  0
VERTEX
  8
0
 10
492.584900
 20
-119.392578
  0
VERTEX
  8
0
 10
492.709900
 20
-119.317627
  0
VERTEX
  8
0
 10
492.860046
 20
-119.267578
  0
VERTEX
  8
0
 10
493.009949
 20
-119.242676
  0
VERTEX
  8
0
 10
493.184998
 20
-119.192627
  0
VERTEX
  8
0
 10
494.184998
 20
-119.192627
  0
VERTEX
  8
0
 10
494.334900
 20
-119.242676
  0
VERTEX
  8
0
 10
494.485046
 20
-119.267578
  0
VERTEX
  8
0
 10
494.634949
 20
-119.317627
  0
VERTEX
  8
0
 10
494.759949
 20
-119.392578
  0
VERTEX
  8
0
 10
494.884949
 20
-119.517578
  0
VERTEX
  8
0
 10
494.985046
 20
-119.642578
  0
VERTEX
  8
0
 10
495.059998
 20
-119.767578
  0
VERTEX
  8
0
 10
495.134949
 20
-119.892578
  0
VERTEX
  8
0
 10
495.160095
 20
-120.067627
  0
VERTEX
  8
0
 10
495.184998
 20
-120.192627
  0
VERTEX
  8
0
 10
495.209900
 20
-120.392578
  0
VERTEX
  8
0
 10
495.434998
 20
-120.392578
  0
VERTEX
  8
0
 10
495.634949
 20
-120.367676
  0
VERTEX
  8
0
 10
495.834900
 20
-120.317627
  0
VERTEX
  8
0
 10
495.985046
 20
-120.267578
  0
VERTEX
  8
0
 10
496.134949
 20
-120.267578
  0
VERTEX
  8
0
 10
496.309998
 20
-120.267578
  0
VERTEX
  8
0
 10
496.459900
 20
-120.317627
  0
VERTEX
  8
0
 10
496.610046
 20
-120.392578
  0
VERTEX
  8
0
 10
496.735046
 20
-120.442627
  0
VERTEX
  8
0
 10
496.860046
 20
-120.567627
  0
VERTEX
  8
0
 10
496.959900
 20
-120.692627
  0
VERTEX
  8
0
 10
497.035095
 20
-120.817627
  0
VERTEX
  8
0
 10
497.084900
 20
-120.942627
  0
VERTEX
  8
0
 10
497.134949
 20
-121.117676
  0
VERTEX
  8
0
 10
497.134949
 20
-121.267578
  0
VERTEX
  8
0
 10
497.134949
 20
-121.442627
  0
VERTEX
  8
0
 10
497.084900
 20
-121.567627
  0
VERTEX
  8
0
 10
497.035095
 20
-121.767578
  0
VERTEX
  8
0
 10
497.009949
 20
-121.992676
  0
VERTEX
  8
0
 10
497.009949
 20
-122.192627
  0
VERTEX
  8
0
 10
497.009949
 20
-124.892578
  0
VERTEX
  8
0
 10
498.584900
 20
-124.892578
  0
VERTEX
  8
0
 10
498.584900
 20
-120.692627
  0
VERTEX
  8
0
 10
498.584900
 20
-120.617676
  0
VERTEX
  8
0
 10
498.610046
 20
-120.517822
  0
VERTEX
  8
0
 10
498.634949
 20
-120.442871
  0
VERTEX
  8
0
 10
498.660095
 20
-120.392822
  0
VERTEX
  8
0
 10
498.709900
 20
-120.317871
  0
VERTEX
  8
0
 10
498.785095
 20
-120.267822
  0
VERTEX
  8
0
 10
498.834900
 20
-120.242920
  0
VERTEX
  8
0
 10
498.910095
 20
-120.192871
  0
VERTEX
  8
0
 10
498.985046
 20
-120.192871
  0
VERTEX
  8
0
 10
499.084900
 20
-120.192871
  0
VERTEX
  8
0
 10
512.084900
 20
-120.192871
  0
VERTEX
  8
0
 10
512.160095
 20
-120.192871
  0
VERTEX
  8
0
 10
512.235046
 20
-120.192871
  0
VERTEX
  8
0
 10
512.309998
 20
-120.242920
  0
VERTEX
  8
0
 10
512.360046
 20
-120.267822
  0
VERTEX
  8
0
 10
512.434998
 20
-120.317871
  0
VERTEX
  8
0
 10
512.485046
 20
-120.392822
  0
VERTEX
  8
0
 10
512.509949
 20
-120.442871
  0
VERTEX
  8
0
 10
512.559998
 20
-120.517822
  0
VERTEX
  8
0
 10
512.559998
 20
-120.617920
  0
VERTEX
  8
0
 10
512.584900
 20
-120.692871
  0
VERTEX
  8
0
 10
512.584900
 20
-124.892822
  0
VERTEX
  8
0
 10
514.160095
 20
-124.892822
  0
VERTEX
  8
0
 10
514.160095
 20
-122.192871
  0
VERTEX
  8
0
 10
514.134949
 20
-121.992920
  0
VERTEX
  8
0
 10
514.110046
 20
-121.767822
  0
VERTEX
  8
0
 10
514.059998
 20
-121.567871
  0
VERTEX
  8
0
 10
514.009949
 20
-121.442871
  0
VERTEX
  8
0
 10
514.009949
 20
-121.267822
  0
VERTEX
  8
0
 10
514.009949
 20
-121.117920
  0
VERTEX
  8
0
 10
514.059998
 20
-120.942871
  0
VERTEX
  8
0
 10
514.110046
 20
-120.817871
  0
VERTEX
  8
0
 10
514.184998
 20
-120.692871
  0
VERTEX
  8
0
 10
514.285095
 20
-120.567871
  0
VERTEX
  8
0
 10
514.410095
 20
-120.442871
  0
VERTEX
  8
0
 10
514.559998
 20
-120.392822
  0
VERTEX
  8
0
 10
514.684998
 20
-120.317871
  0
VERTEX
  8
0
 10
514.834900
 20
-120.267822
  0
VERTEX
  8
0
 10
515.009949
 20
-120.267822
  0
VERTEX
  8
0
 10
515.160095
 20
-120.267822
  0
VERTEX
  8
0
 10
515.309998
 20
-120.317871
  0
VERTEX
  8
0
 10
515.509949
 20
-120.367920
  0
VERTEX
  8
0
 10
515.709900
 20
-120.392822
  0
VERTEX
  8
0
 10
515.934998
 20
-120.392822
  0
VERTEX
  8
0
 10
515.985046
 20
-120.192871
  0
VERTEX
  8
0
 10
515.985046
 20
-120.067871
  0
VERTEX
  8
0
 10
516.035095
 20
-119.892822
  0
VERTEX
  8
0
 10
516.084900
 20
-119.767822
  0
VERTEX
  8
0
 10
516.160095
 20
-119.642822
  0
VERTEX
  8
0
 10
516.259949
 20
-119.517822
  0
VERTEX
  8
0
 10
516.384949
 20
-119.392822
  0
VERTEX
  8
0
 10
516.509949
 20
-119.317871
  0
VERTEX
  8
0
 10
516.660095
 20
-119.267822
  0
VERTEX
  8
0
 10
516.809998
 20
-119.242920
  0
VERTEX
  8
0
 10
516.985046
 20
-119.192871
  0
VERTEX
  8
0
 10
517.985046
 20
-119.192871
  0
VERTEX
  8
0
 10
518.134949
 20
-119.242920
  0
VERTEX
  8
0
 10
518.285095
 20
-119.267822
  0
VERTEX
  8
0
 10
518.434998
 20
-119.317871
  0
VERTEX
  8
0
 10
518.559998
 20
-119.392822
  0
VERTEX
  8
0
 10
518.684998
 20
-119.517822
  0
VERTEX
  8
0
 10
518.785095
 20
-119.642822
  0
VERTEX
  8
0
 10
518.860046
 20
-119.767822
  0
VERTEX
  8
0
 10
518.934998
 20
-119.892822
  0
VERTEX
  8
0
 10
518.959900
 20
-120.067871
  0
VERTEX
  8
0
 10
518.985046
 20
-120.192871
  0
VERTEX
  8
0
 10
518.985046
 20
-120.392822
  0
VERTEX
  8
0
 10
519.209900
 20
-120.392822
  0
VERTEX
  8
0
 10
519.410095
 20
-120.392822
  0
VERTEX
  8
0
 10
519.634949
 20
-120.317871
  0
VERTEX
  8
0
 10
519.785095
 20
-120.267822
  0
VERTEX
  8
0
 10
519.934998
 20
-120.267822
  0
VERTEX
  8
0
 10
520.110046
 20
-120.267822
  0
VERTEX
  8
0
 10
520.259949
 20
-120.317871
  0
VERTEX
  8
0
 10
520.410095
 20
-120.392822
  0
VERTEX
  8
0
 10
520.535095
 20
-120.442871
  0
VERTEX
  8
0
 10
520.660095
 20
-120.567871
  0
VERTEX
  8
0
 10
520.759949
 20
-120.692871
  0
VERTEX
  8
0
 10
520.834900
 20
-120.817871
  0
VERTEX
  8
0
 10
520.884949
 20
-120.942871
  0
VERTEX
  8
0
 10
520.934998
 20
-121.117920
  0
VERTEX
  8
0
 10
520.934998
 20
-121.267822
  0
VERTEX
  8
0
 10
520.934998
 20
-121.442871
  0
VERTEX
  8
0
 10
520.884949
 20
-121.567871
  0
VERTEX
  8
0
 10
520.834900
 20
-121.767822
  0
VERTEX
  8
0
 10
520.809998
 20
-121.992920
  0
VERTEX
  8
0
 10
520.809998
 20
-122.192871
  0
VERTEX
  8
0
 10
520.809998
 20
-126.692871
  0
VERTEX
  8
0
 10
520.959900
 20
-126.692871
  0
VERTEX
  8
0
 10
521.110046
 20
-126.742920
  0
VERTEX
  8
0
 10
521.259949
 20
-126.767822
  0
VERTEX
  8
0
 10
521.384949
 20
-126.892822
  0
VERTEX
  8
0
 10
521.509949
 20
-126.992920
  0
VERTEX
  8
0
 10
521.610046
 20
-127.067871
  0
VERTEX
  8
0
 10
521.684998
 20
-127.242920
  0
VERTEX
  8
0
 10
521.759949
 20
-127.392822
  0
VERTEX
  8
0
 10
521.785095
 20
-127.517822
  0
VERTEX
  8
0
 10
521.809998
 20
-127.692871
  0
VERTEX
  8
0
 10
521.809998
 20
-128.692871
  0
VERTEX
  8
0
 10
521.785095
 20
-128.817871
  0
VERTEX
  8
0
 10
521.759949
 20
-128.992920
  0
VERTEX
  8
0
 10
521.684998
 20
-129.142822
  0
VERTEX
  8
0
 10
521.610046
 20
-129.267822
  0
VERTEX
  8
0
 10
521.509949
 20
-129.392822
  0
VERTEX
  8
0
 10
521.384949
 20
-129.492920
  0
VERTEX
  8
0
 10
521.259949
 20
-129.567871
  0
VERTEX
  8
0
 10
521.110046
 20
-129.642822
  0
VERTEX
  8
0
 10
520.959900
 20
-129.692871
  0
VERTEX
  8
0
 10
520.809998
 20
-129.692871
  0
VERTEX
  8
0
 10
520.809998
 20
-130.942871
  0
VERTEX
  8
0
 10
520.809998
 20
-131.142822
  0
VERTEX
  8
0
 10
520.834900
 20
-131.367920
  0
VERTEX
  8
0
 10
520.884949
 20
-131.567871
  0
VERTEX
  8
0
 10
520.934998
 20
-131.692871
  0
VERTEX
  8
0
 10
520.934998
 20
-131.867920
  0
VERTEX
  8
0
 10
520.934998
 20
-132.017822
  0
VERTEX
  8
0
 10
520.884949
 20
-132.142822
  0
VERTEX
  8
0
 10
520.834900
 20
-132.317871
  0
VERTEX
  8
0
 10
520.759949
 20
-132.442871
  0
VERTEX
  8
0
 10
520.660095
 20
-132.567871
  0
VERTEX
  8
0
 10
520.535095
 20
-132.642822
  0
VERTEX
  8
0
 10
520.410095
 20
-132.767822
  0
VERTEX
  8
0
 10
520.259949
 20
-132.817871
  0
VERTEX
  8
0
 10
520.110046
 20
-132.867920
  0
VERTEX
  8
0
 10
519.934998
 20
-132.867920
  0
VERTEX
  8
0
 10
519.785095
 20
-132.867920
  0
VERTEX
  8
0
 10
519.634949
 20
-132.817871
  0
VERTEX
  8
0
 10
519.434998
 20
-132.767822
  0
VERTEX
  8
0
 10
519.235046
 20
-132.742920
  0
VERTEX
  8
0
 10
519.009949
 20
-132.692871
  0
VERTEX
  8
0
 10
515.934998
 20
-132.692871
  0
VERTEX
  8
0
 10
515.709900
 20
-132.742920
  0
VERTEX
  8
0
 10
515.509949
 20
-132.767822
  0
VERTEX
  8
0
 10
515.309998
 20
-132.817871
  0
VERTEX
  8
0
 10
515.160095
 20
-132.867920
  0
VERTEX
  8
0
 10
515.009949
 20
-132.867920
  0
VERTEX
  8
0
 10
514.834900
 20
-132.867920
  0
VERTEX
  8
0
 10
514.684998
 20
-132.817871
  0
VERTEX
  8
0
 10
514.559998
 20
-132.767822
  0
VERTEX
  8
0
 10
514.410095
 20
-132.642822
  0
VERTEX
  8
0
 10
514.285095
 20
-132.567871
  0
VERTEX
  8
0
 10
514.184998
 20
-132.442871
  0
VERTEX
  8
0
 10
514.110046
 20
-132.317871
  0
VERTEX
  8
0
 10
514.059998
 20
-132.142822
  0
VERTEX
  8
0
 10
514.009949
 20
-132.017822
  0
VERTEX
  8
0
 10
514.009949
 20
-131.867920
  0
VERTEX
  8
0
 10
514.009949
 20
-131.692871
  0
VERTEX
  8
0
 10
514.059998
 20
-131.567871
  0
VERTEX
  8
0
 10
514.110046
 20
-131.367920
  0
VERTEX
  8
0
 10
514.134949
 20
-131.142822
  0
VERTEX
  8
0
 10
514.160095
 20
-130.942871
  0
VERTEX
  8
0
 10
514.160095
 20
-129.492920
  0
VERTEX
  8
0
 10
512.584900
 20
-129.492920
  0
VERTEX
  8
0
 10
512.584900
 20
-133.692871
  0
VERTEX
  8
0
 10
512.559998
 20
-133.767822
  0
VERTEX
  8
0
 10
512.559998
 20
-133.817871
  0
VERTEX
  8
0
 10
512.509949
 20
-133.892822
  0
VERTEX
  8
0
 10
512.485046
 20
-133.992920
  0
VERTEX
  8
0
 10
512.434998
 20
-134.017822
  0
VERTEX
  8
0
 10
512.360046
 20
-134.067871
  0
VERTEX
  8
0
 10
512.309998
 20
-134.142822
  0
VERTEX
  8
0
 10
512.235046
 20
-134.142822
  0
VERTEX
  8
0
 10
512.160095
 20
-134.192871
  0
VERTEX
  8
0
 10
512.084900
 20
-134.192871
  0
VERTEX
  8
0
 10
504.982605
 20
-134.192871
  0
SEQEND
  8
0
  0
POLYLINE
  8
0
 66
1
  0
VERTEX
  8
0
 10
556.263306
 20
-71.117920
  0
VERTEX
  8
0
 10
556.834106
 20
-71.117920
 42
-0.078597
  0
VERTEX
  8
0
 10
557.451294
 20
-71.215576
 42
0.612502
  0
VERTEX
  8
0
 10
558.711060
 20
-69.955811
 42
-0.078631
  0
VERTEX
  8
0
 10
558.613403
 20
-69.338623
  0
VERTEX
  8
0
 10
558.613403
 20
-66.247314
 42
-0.078631
  0
VERTEX
  8
0
 10
558.711060
 20
-65.630127
 42
0.612516
  0
VERTEX
  8
0
 10
557.451294
 20
-64.370361
 42
-0.078578
  0
VERTEX
  8
0
 10
556.834106
 20
-64.468018
  0
VERTEX
  8
0
 10
555.583496
 20
-64.468018
 42
0.414214
  0
VERTEX
  8
0
 10
554.583374
 20
-63.468018
  0
VERTEX
  8
0
 10
553.583374
 20
-63.468018
 42
0.414214
  0
VERTEX
  8
0
 10
552.583374
 20
-64.468018
  0
VERTEX
  8
0
 10
548.092896
 20
-64.467529
 42
-0.078592
  0
VERTEX
  8
0
 10
547.475464
 20
-64.370361
 42
0.612502
  0
VERTEX
  8
0
 10
546.215698
 20
-65.630127
 42
-0.078631
  0
VERTEX
  8
0
 10
546.313354
 20
-66.247314
  0
VERTEX
  8
0
 10
546.113403
 20
-66.292725
 42
0.414214
  0
VERTEX
  8
0
 10
545.113403
 20
-67.292725
  0
VERTEX
  8
0
 10
545.113403
 20
-68.292725
 42
0.414213
  0
VERTEX
  8
0
 10
546.113403
 20
-69.292725
  0
VERTEX
  8
0
 10
546.313354
 20
-69.292725
  0
VERTEX
  8
0
 10
546.313354
 20
-69.338623
 42
-0.078631
  0
VERTEX
  8
0
 10
546.215698
 20
-69.955811
 42
0.612520
  0
VERTEX
  8
0
 10
547.475708
 20
-71.215576
 42
-0.078601
  0
VERTEX
  8
0
 10
548.092896
 20
-71.117920
  0
VERTEX
  8
0
 10
550.783325
 20
-71.117920
  0
VERTEX
  8
0
 10
552.583374
 20
-71.117920
  0
VERTEX
  8
0
 10
552.583374
 20
-72.693115
  0
VERTEX
  8
0
 10
550.783325
 20
-72.693115
  0
VERTEX
  8
0
 10
547.862915
 20
-72.693115
 42
-0.078590
  0
VERTEX
  8
0
 10
547.245483
 20
-72.595459
 42
0.612502
  0
VERTEX
  8
0
 10
545.985779
 20
-73.855278
 42
-0.078626
  0
VERTEX
  8
0
 10
546.083374
 20
-74.472412
  0
VERTEX
  8
0
 10
546.083374
 20
-84.913330
 42
-0.078631
  0
VERTEX
  8
0
 10
545.985718
 20
-85.531006
 42
0.612519
  0
VERTEX
  8
0
 10
547.245728
 20
-86.790283
 42
-0.078604
  0
VERTEX
  8
0
 10
547.862915
 20
-86.693115
  0
VERTEX
  8
0
 10
550.783325
 20
-86.693115
  0
VERTEX
  8
0
 10
552.583374
 20
-86.693115
  0
VERTEX
  8
0
 10
552.583374
 20
-88.267822
  0
VERTEX
  8
0
 10
550.783325
 20
-88.267822
  0
VERTEX
  8
0
 10
548.092896
 20
-88.267822
 42
-0.078590
  0
VERTEX
  8
0
 10
547.475464
 20
-88.170166
 42
0.612503
  0
VERTEX
  8
0
 10
546.215698
 20
-89.429932
 42
-0.078631
  0
VERTEX
  8
0
 10
546.313354
 20
-90.047119
  0
VERTEX
  8
0
 10
546.313354
 20
-90.093018
  0
VERTEX
  8
0
 10
546.113403
 20
-90.093018
 42
0.414214
  0
VERTEX
  8
0
 10
545.113403
 20
-91.093018
  0
VERTEX
  8
0
 10
545.113403
 20
-92.093018
 42
0.414213
  0
VERTEX
  8
0
 10
546.113403
 20
-93.093018
  0
VERTEX
  8
0
 10
546.313599
 20
-93.138428
 42
-0.078622
  0
VERTEX
  8
0
 10
546.215698
 20
-93.755615
 42
0.612519
  0
VERTEX
  8
0
 10
547.475708
 20
-95.015381
 42
-0.078601
  0
VERTEX
  8
0
 10
548.092896
 20
-94.917725
  0
VERTEX
  8
0
 10
552.583374
 20
-94.917725
 42
0.414213
  0
VERTEX
  8
0
 10
553.583374
 20
-95.917725
  0
VERTEX
  8
0
 10
554.583374
 20
-95.917725
 42
0.414215
  0
VERTEX
  8
0
 10
555.583374
 20
-94.918213
  0
VERTEX
  8
0
 10
556.834106
 20
-94.917969
 42
-0.078600
  0
VERTEX
  8
0
 10
557.451294
 20
-95.015869
 42
0.612502
  0
VERTEX
  8
0
 10
558.711060
 20
-93.755615
 42
-0.078631
  0
VERTEX
  8
0
 10
558.613403
 20
-93.138428
  0
VERTEX
  8
0
 10
558.613403
 20
-90.047607
 42
-0.078631
  0
VERTEX
  8
0
 10
558.711060
 20
-89.430420
 42
0.612520
  0
VERTEX
  8
0
 10
557.451294
 20
-88.170654
 42
-0.078578
  0
VERTEX
  8
0
 10
556.834106
 20
-88.267822
  0
VERTEX
  8
0
 10
556.263306
 20
-88.267822
  0
VERTEX
  8
0
 10
556.263306
 20
-86.693115
  0
VERTEX
  8
0
 10
558.303833
 20
-86.693115
 42
-0.078591
  0
VERTEX
  8
0
 10
558.921265
 20
-86.790771
 42
0.612503
  0
VERTEX
  8
0
 10
560.181030
 20
-85.531006
 42
-0.078631
  0
VERTEX
  8
0
 10
560.083374
 20
-84.913818
  0
VERTEX
  8
0
 10
560.083618
 20
-74.472412
 42
-0.078637
  0
VERTEX
  8
0
 10
560.181030
 20
-73.855225
 42
0.612520
  0
VERTEX
  8
0
 10
558.921265
 20
-72.595459
 42
-0.078578
  0
VERTEX
  8
0
 10
558.304077
 20
-72.693115
  0
VERTEX
  8
0
 10
556.263306
 20
-72.693115
  0
VERTEX
  8
0
 10
556.263306
 20
-71.117920
  0
SEQEND
  8
0
  0
POLYLINE
  8
0
 66
1
  0
VERTEX
  8
0
 10
556.263306
 20
-109.117920
  0
VERTEX
  8
0
 10
556.834106
 20
-109.117920
 42
-0.078597
  0
VERTEX
  8
0
 10
557.451294
 20
-109.215576
 42
0.612502
  0
VERTEX
  8
0
 10
558.711060
 20
-107.955811
 42
-0.078631
  0
VERTEX
  8
0
 10
558.613403
 20
-107.338623
  0
VERTEX
  8
0
 10
558.613403
 20
-104.247314
 42
-0.078631
  0
VERTEX
  8
0
 10
558.711060
 20
-103.630127
 42
0.612516
  0
VERTEX
  8
0
 10
557.451294
 20
-102.370361
 42
-0.078578
  0
VERTEX
  8
0
 10
556.834106
 20
-102.468018
  0
VERTEX
  8
0
 10
555.583496
 20
-102.468018
 42
0.414210
  0
VERTEX
  8
0
 10
554.583374
 20
-101.468018
  0
VERTEX
  8
0
 10
553.583374
 20
-101.468018
 42
0.414214
  0
VERTEX
  8
0
 10
552.583374
 20
-102.468018
  0
VERTEX
  8
0
 10
548.092896
 20
-102.467529
 42
-0.078592
  0
VERTEX
  8
0
 10
547.475464
 20
-102.370361
 42
0.612502
  0
VERTEX
  8
0
 10
546.215698
 20
-103.630127
 42
-0.078631
  0
VERTEX
  8
0
 10
546.313354
 20
-104.247314
  0
VERTEX
  8
0
 10
546.113403
 20
-104.292725
 42
0.414214
  0
VERTEX
  8
0
 10
545.113403
 20
-105.292725
  0
VERTEX
  8
0
 10
545.113403
 20
-106.292725
 42
0.414213
  0
VERTEX
  8
0
 10
546.113403
 20
-107.292725
  0
VERTEX
  8
0
 10
546.313354
 20
-107.292725
  0
VERTEX
  8
0
 10
546.313354
 20
-107.338623
 42
-0.078631
  0
VERTEX
  8
0
 10
546.215698
 20
-107.955811
 42
0.612520
  0
VERTEX
  8
0
 10
547.475708
 20
-109.215576
 42
-0.078601
  0
VERTEX
  8
0
 10
548.092896
 20
-109.117920
  0
VERTEX
  8
0
 10
550.783325
 20
-109.117920
  0
VERTEX
  8
0
 10
552.583374
 20
-109.117920
  0
VERTEX
  8
0
 10
552.583374
 20
-110.693115
  0
VERTEX
  8
0
 10
550.783325
 20
-110.693115
  0
VERTEX
  8
0
 10
547.862915
 20
-110.693115
 42
-0.078590
  0
VERTEX
  8
0
 10
547.245483
 20
-110.595459
 42
0.612502
  0
VERTEX
  8
0
 10
545.985779
 20
-111.855278
 42
-0.078626
  0
VERTEX
  8
0
 10
546.083374
 20
-112.472412
  0
VERTEX
  8
0
 10
546.083374
 20
-122.913330
 42
-0.078631
  0
VERTEX
  8
0
 10
545.985718
 20
-123.531006
 42
0.612519
  0
VERTEX
  8
0
 10
547.245728
 20
-124.790283
 42
-0.078604
  0
VERTEX
  8
0
 10
547.862915
 20
-124.693115
  0
VERTEX
  8
0
 10
550.783325
 20
-124.693115
  0
VERTEX
  8
0
 10
552.583374
 20
-124.693115
  0
VERTEX
  8
0
 10
552.583374
 20
-126.267822
  0
VERTEX
  8
0
 10
550.783325
 20
-126.267822
  0
VERTEX
  8
0
 10
548.092896
 20
-126.267822
 42
-0.078590
  0
VERTEX
  8
0
 10
547.475464
 20
-126.170166
 42
0.612503
  0
VERTEX
  8
0
 10
546.215698
 20
-127.429932
 42
-0.078631
  0
VERTEX
  8
0
 10
546.313354
 20
-128.047119
  0
VERTEX
  8
0
 10
546.313354
 20
-128.093018
  0
VERTEX
  8
0
 10
546.113403
 20
-128.093018
 42
0.414216
  0
VERTEX
  8
0
 10
545.113403
 20
-129.093018
  0
VERTEX
  8
0
 10
545.113403
 20
-130.093018
 42
0.414213
  0
VERTEX
  8
0
 10
546.113403
 20
-131.093018
  0
VERTEX
  8
0
 10
546.313599
 20
-131.138428
 42
-0.078627
  0
VERTEX
  8
0
 10
546.215698
 20
-131.755615
 42
0.612513
  0
VERTEX
  8
0
 10
547.475708
 20
-133.015381
 42
-0.078601
  0
VERTEX
  8
0
 10
548.092896
 20
-132.917725
  0
VERTEX
  8
0
 10
552.583374
 20
-132.917725
 42
0.414213
  0
VERTEX
  8
0
 10
553.583374
 20
-133.917725
  0
VERTEX
  8
0
 10
554.583374
 20
-133.917725
 42
0.414215
  0
VERTEX
  8
0
 10
555.583374
 20
-132.918213
  0
VERTEX
  8
0
 10
556.834106
 20
-132.917969
 42
-0.078624
  0
VERTEX
  8
0
 10
557.451294
 20
-133.015869
 42
0.612502
  0
VERTEX
  8
0
 10
558.711060
 20
-131.755615
 42
-0.078627
  0
VERTEX
  8
0
 10
558.613403
 20
-131.138428
  0
VERTEX
  8
0
 10
558.613403
 20
-128.047607
 42
-0.078631
  0
VERTEX
  8
0
 10
558.711060
 20
-127.430420
 42
0.612520
  0
VERTEX
  8
0
 10
557.451294
 20
-126.170654
 42
-0.078578
  0
VERTEX
  8
0
 10
556.834106
 20
-126.267822
  0
VERTEX
  8
0
 10
556.263306
 20
-126.267822
  0
VERTEX
  8
0
 10
556.263306
 20
-124.693115
  0
VERTEX
  8
0
 10
558.303833
 20
-124.693115
 42
-0.078591
  0
VERTEX
  8
0
 10
558.921265
 20
-124.790771
 42
0.612503
  0
VERTEX
  8
0
 10
560.181030
 20
-123.531006
 42
-0.078631
  0
VERTEX
  8
0
 10
560.083374
 20
-122.913818
  0
VERTEX
  8
0
 10
560.083618
 20
-112.472412
 42
-0.078637
  0
VERTEX
  8
0
 10
560.181030
 20
-111.855225
 42
0.612520
  0
VERTEX
  8
0
 10
558.921265
 20
-110.595459
 42
-0.078578
  0
VERTEX
  8
0
 10
558.304077
 20
-110.693115
  0
VERTEX
  8
0
 10
556.263306
 20
-110.693115
  0
VERTEX
  8
0
 10
556.263306
 20
-109.117920
  0
SEQEND
  8
0
  0
POLYLINE
  8
0
 66
1
  0
VERTEX
  8
0
 10
545.986084
 20
-21.354477
 42
-0.078576
  0
VERTEX
  8
0
 10
546.083740
 20
-21.971924
  0
VERTEX
  8
0
 10
546.083740
 20
-32.412598
 42
-0.078580
  0
VERTEX
  8
0
 10
545.986328
 20
-33.030262
 42
0.612465
  0
VERTEX
  8
0
 10
547.245850
 20
-34.290039
 42
-0.078307
  0
VERTEX
  8
0
 10
547.863281
 20
-34.192383
  0
VERTEX
  8
0
 10
558.304688
 20
-34.192383
 42
-0.078326
  0
VERTEX
  8
0
 10
558.921631
 20
-34.290043
 42
0.612437
  0
VERTEX
  8
0
 10
560.181274
 20
-33.030170
 42
-0.078537
  0
VERTEX
  8
0
 10
560.083740
 20
-32.413086
  0
VERTEX
  8
0
 10
560.083740
 20
-21.971680
 42
-0.078662
  0
VERTEX
  8
0
 10
560.181396
 20
-21.354504
 42
0.612450
  0
VERTEX
  8
0
 10
558.921631
 20
-20.094728
 42
-0.078303
  0
VERTEX
  8
0
 10
558.304443
 20
-20.192383
  0
VERTEX
  8
0
 10
547.863037
 20
-20.192383
 42
-0.078316
  0
VERTEX
  8
0
 10
547.246094
 20
-20.094725
 42
0.612440
  0
VERTEX
  8
0
 10
545.986267
 20
-21.354364
 42
240788484342463670000000000000000000000000000000000000000000000000000000000000000000000000000000000000000000000000000000000000000000000000000000000000000000000000000000000000000000000000000000000000000000000000000000000000000000000000000000000000000000000000000000000000000000000000000000000.000000
  0
SEQEND
  8
0
  0
POLYLINE
  8
0
 66
1
  0
VERTEX
  8
0
 10
466.496338
 20
-21.354967
 42
-0.078554
  0
VERTEX
  8
0
 10
466.593994
 20
-21.972412
  0
VERTEX
  8
0
 10
466.593994
 20
-32.413086
 42
-0.078627
  0
VERTEX
  8
0
 10
466.496582
 20
-33.030750
 42
0.612470
  0
VERTEX
  8
0
 10
467.756134
 20
-34.290527
 42
-0.078318
  0
VERTEX
  8
0
 10
468.373535
 20
-34.192871
  0
VERTEX
  8
0
 10
478.814941
 20
-34.192871
 42
-0.078326
  0
VERTEX
  8
0
 10
479.431885
 20
-34.290527
 42
0.612456
  0
VERTEX
  8
0
 10
480.691559
 20
-33.030655
 42
-0.078611
  0
VERTEX
  8
0
 10
480.593994
 20
-32.413574
  0
VERTEX
  8
0
 10
480.593994
 20
-21.972168
 42
-0.078614
  0
VERTEX
  8
0
 10
480.691650
 20
-21.354992
 42
0.612446
  0
VERTEX
  8
0
 10
479.431854
 20
-20.095219
 42
-0.078308
  0
VERTEX
  8
0
 10
478.814697
 20
-20.192871
  0
VERTEX
  8
0
 10
468.373291
 20
-20.192871
 42
-0.078305
  0
VERTEX
  8
0
 10
467.756348
 20
-20.095215
 42
0.612458
  0
VERTEX
  8
0
 10
466.496552
 20
-21.354851
 42
240788484342463670000000000000000000000000000000000000000000000000000000000000000000000000000000000000000000000000000000000000000000000000000000000000000000000000000000000000000000000000000000000000000000000000000000000000000000000000000000000000000000000000000000000000000000000000000000000.000000
  0
SEQEND
  8
0
  0
POLYLINE
  8
0
 66
1
  0
VERTEX
  8
0
 10
466.496216
 20
-45.354965
 42
-0.078554
  0
VERTEX
  8
0
 10
466.593872
 20
-45.972412
  0
VERTEX
  8
0
 10
466.593872
 20
-56.413086
 42
-0.078627
  0
VERTEX
  8
0
 10
466.496460
 20
-57.030750
 42
0.612470
  0
VERTEX
  8
0
 10
467.756012
 20
-58.290527
 42
-0.078318
  0
VERTEX
  8
0
 10
468.373413
 20
-58.192871
  0
VERTEX
  8
0
 10
478.814819
 20
-58.192871
 42
-0.078326
  0
VERTEX
  8
0
 10
479.431763
 20
-58.290527
 42
0.612456
  0
VERTEX
  8
0
 10
480.691437
 20
-57.030659
 42
-0.078633
  0
VERTEX
  8
0
 10
480.593872
 20
-56.413574
  0
VERTEX
  8
0
 10
480.593872
 20
-45.972168
 42
-0.078614
  0
VERTEX
  8
0
 10
480.691528
 20
-45.354992
 42
0.612451
  0
VERTEX
  8
0
 10
479.431732
 20
-44.095219
 42
-0.078314
  0
VERTEX
  8
0
 10
478.814575
 20
-44.192871
  0
VERTEX
  8
0
 10
468.373169
 20
-44.192871
 42
-0.078317
  0
VERTEX
  8
0
 10
467.756226
 20
-44.095215
 42
0.612456
  0
VERTEX
  8
0
 10
466.496429
 20
-45.354851
 42
240788484342463670000000000000000000000000000000000000000000000000000000000000000000000000000000000000000000000000000000000000000000000000000000000000000000000000000000000000000000000000000000000000000000000000000000000000000000000000000000000000000000000000000000000000000000000000000000000.000000
  0
SEQEND
  8
0
  0
POLYLINE
  8
0
 66
1
  0
VERTEX
  8
0
 10
386.996216
 20
-21.354233
 42
-0.078558
  0
VERTEX
  8
0
 10
387.093872
 20
-21.971680
  0
VERTEX
  8
0
 10
387.093872
 20
-32.412354
 42
-0.078627
  0
VERTEX
  8
0
 10
386.996460
 20
-33.030018
 42
0.612465
  0
VERTEX
  8
0
 10
388.256012
 20
-34.289795
 42
-0.078306
  0
VERTEX
  8
0
 10
388.873413
 20
-34.192139
  0
VERTEX
  8
0
 10
399.314819
 20
-34.192139
 42
-0.078326
  0
VERTEX
  8
0
 10
399.931763
 20
-34.289795
 42
0.612456
  0
VERTEX
  8
0
 10
401.191437
 20
-33.029926
 42
-0.078622
  0
VERTEX
  8
0
 10
401.093872
 20
-32.412842
  0
VERTEX
  8
0
 10
401.093872
 20
-21.971436
 42
-0.078614
  0
VERTEX
  8
0
 10
401.191528
 20
-21.354258
 42
0.612445
  0
VERTEX
  8
0
 10
399.931732
 20
-20.094484
 42
-0.078320
  0
VERTEX
  8
0
 10
399.314575
 20
-20.192139
  0
VERTEX
  8
0
 10
388.873169
 20
-20.192139
 42
-0.078305
  0
VERTEX
  8
0
 10
388.256226
 20
-20.094482
 42
0.612458
  0
VERTEX
  8
0
 10
386.996429
 20
-21.354118
 42
240788484342463670000000000000000000000000000000000000000000000000000000000000000000000000000000000000000000000000000000000000000000000000000000000000000000000000000000000000000000000000000000000000000000000000000000000000000000000000000000000000000000000000000000000000000000000000000000000.000000
  0
SEQEND
  8
0
  0
POLYLINE
  8
0
 66
1
  0
VERTEX
  8
0
 10
358.496338
 20
-21.354233
 42
-0.078564
  0
VERTEX
  8
0
 10
358.594025
 20
-21.971680
  0
VERTEX
  8
0
 10
358.594025
 20
-32.412354
 42
-0.078627
  0
VERTEX
  8
0
 10
358.496613
 20
-33.030018
 42
0.612465
  0
VERTEX
  8
0
 10
359.756165
 20
-34.289795
 42
-0.078306
  0
VERTEX
  8
0
 10
360.373566
 20
-34.192139
  0
VERTEX
  8
0
 10
370.814941
 20
-34.192139
 42
-0.078326
  0
VERTEX
  8
0
 10
371.431885
 20
-34.289795
 42
0.612457
  0
VERTEX
  8
0
 10
372.691559
 20
-33.029926
 42
-0.078628
  0
VERTEX
  8
0
 10
372.593994
 20
-32.412842
  0
VERTEX
  8
0
 10
372.593994
 20
-21.971436
 42
-0.078614
  0
VERTEX
  8
0
 10
372.691650
 20
-21.354258
 42
0.612445
  0
VERTEX
  8
0
 10
371.431854
 20
-20.094486
 42
-0.078308
  0
VERTEX
  8
0
 10
370.814697
 20
-20.192139
  0
VERTEX
  8
0
 10
360.373322
 20
-20.192139
 42
-0.078305
  0
VERTEX
  8
0
 10
359.756378
 20
-20.094482
 42
0.612458
  0
VERTEX
  8
0
 10
358.496582
 20
-21.354118
 42
240788484342463670000000000000000000000000000000000000000000000000000000000000000000000000000000000000000000000000000000000000000000000000000000000000000000000000000000000000000000000000000000000000000000000000000000000000000000000000000000000000000000000000000000000000000000000000000000000.000000
  0
SEQEND
  8
0
  0
POLYLINE
  8
0
 66
1
  0
VERTEX
  8
0
 10
215.996368
 20
-21.354233
 42
-0.078576
  0
VERTEX
  8
0
 10
216.094025
 20
-21.971680
  0
VERTEX
  8
0
 10
216.094025
 20
-32.412354
 42
-0.078603
  0
VERTEX
  8
0
 10
215.996613
 20
-33.030018
 42
0.612470
  0
VERTEX
  8
0
 10
217.256165
 20
-34.289795
 42
-0.078320
  0
VERTEX
  8
0
 10
217.873566
 20
-34.192139
  0
VERTEX
  8
0
 10
228.314941
 20
-34.192139
 42
-0.078321
  0
VERTEX
  8
0
 10
228.931885
 20
-34.289799
 42
0.612447
  0
VERTEX
  8
0
 10
230.191574
 20
-33.029922
 42
-0.078612
  0
VERTEX
  8
0
 10
230.093994
 20
-32.412842
  0
VERTEX
  8
0
 10
230.093994
 20
-21.971436
 42
-0.078638
  0
VERTEX
  8
0
 10
230.191650
 20
-21.354259
 42
0.612446
  0
VERTEX
  8
0
 10
228.931870
 20
-20.094484
 42
-0.078310
  0
VERTEX
  8
0
 10
228.314697
 20
-20.192139
  0
VERTEX
  8
0
 10
217.873322
 20
-20.192139
 42
-0.078311
  0
VERTEX
  8
0
 10
217.256378
 20
-20.094481
 42
0.612450
  0
VERTEX
  8
0
 10
215.996567
 20
-21.354120
 42
240788484342463670000000000000000000000000000000000000000000000000000000000000000000000000000000000000000000000000000000000000000000000000000000000000000000000000000000000000000000000000000000000000000000000000000000000000000000000000000000000000000000000000000000000000000000000000000000000.000000
  0
SEQEND
  8
0
  0
POLYLINE
  8
0
 66
1
  0
VERTEX
  8
0
 10
177.986237
 20
-21.354965
 42
-0.078576
  0
VERTEX
  8
0
 10
178.083893
 20
-21.972412
  0
VERTEX
  8
0
 10
178.083893
 20
-32.413086
 42
-0.078603
  0
VERTEX
  8
0
 10
177.986481
 20
-33.030750
 42
0.612470
  0
VERTEX
  8
0
 10
179.246033
 20
-34.290527
 42
-0.078320
  0
VERTEX
  8
0
 10
179.863434
 20
-34.192871
  0
VERTEX
  8
0
 10
190.304810
 20
-34.192871
 42
-0.078321
  0
VERTEX
  8
0
 10
190.921753
 20
-34.290531
 42
0.612447
  0
VERTEX
  8
0
 10
192.181458
 20
-33.030659
 42
-0.078609
  0
VERTEX
  8
0
 10
192.083862
 20
-32.413574
  0
VERTEX
  8
0
 10
192.083893
 20
-21.972168
 42
-0.078638
  0
VERTEX
  8
0
 10
192.181519
 20
-21.354992
 42
0.612446
  0
VERTEX
  8
0
 10
190.921738
 20
-20.095217
 42
-0.078310
  0
VERTEX
  8
0
 10
190.304565
 20
-20.192871
  0
VERTEX
  8
0
 10
179.863190
 20
-20.192871
 42
-0.078311
  0
VERTEX
  8
0
 10
179.246246
 20
-20.095213
 42
0.612450
  0
VERTEX
  8
0
 10
177.986435
 20
-21.354853
 42
240788484342463670000000000000000000000000000000000000000000000000000000000000000000000000000000000000000000000000000000000000000000000000000000000000000000000000000000000000000000000000000000000000000000000000000000000000000000000000000000000000000000000000000000000000000000000000000000000.000000
  0
SEQEND
  8
0
  0
POLYLINE
  8
0
 66
1
  0
VERTEX
  8
0
 10
177.986237
 20
-45.354965
 42
-0.078578
  0
VERTEX
  8
0
 10
178.083893
 20
-45.972412
  0
VERTEX
  8
0
 10
178.083893
 20
-56.413086
 42
-0.078603
  0
VERTEX
  8
0
 10
177.986481
 20
-57.030750
 42
0.612470
  0
VERTEX
  8
0
 10
179.246033
 20
-58.290527
 42
-0.078320
  0
VERTEX
  8
0
 10
179.863434
 20
-58.192871
  0
VERTEX
  8
0
 10
190.304810
 20
-58.192871
 42
-0.078321
  0
VERTEX
  8
0
 10
190.921753
 20
-58.290531
 42
0.612447
  0
VERTEX
  8
0
 10
192.181427
 20
-57.030659
 42
-0.078609
  0
VERTEX
  8
0
 10
192.083862
 20
-56.413574
  0
VERTEX
  8
0
 10
192.083862
 20
-45.972168
 42
-0.078638
  0
VERTEX
  8
0
 10
192.181519
 20
-45.354992
 42
0.612451
  0
VERTEX
  8
0
 10
190.921738
 20
-44.095215
 42
-0.078310
  0
VERTEX
  8
0
 10
190.304565
 20
-44.192871
  0
VERTEX
  8
0
 10
179.863190
 20
-44.192871
 42
-0.078323
  0
VERTEX
  8
0
 10
179.246246
 20
-44.095211
 42
0.612447
  0
VERTEX
  8
0
 10
177.986435
 20
-45.354851
 42
240788484342463670000000000000000000000000000000000000000000000000000000000000000000000000000000000000000000000000000000000000000000000000000000000000000000000000000000000000000000000000000000000000000000000000000000000000000000000000000000000000000000000000000000000000000000000000000000000.000000
  0
SEQEND
  8
0
  0
POLYLINE
  8
0
 66
1
  0
VERTEX
  8
0
 10
182.746246
 20
-64.354965
 42
-0.078576
  0
VERTEX
  8
0
 10
182.843903
 20
-64.972412
  0
VERTEX
  8
0
 10
182.843903
 20
-75.413086
 42
-0.078602
  0
VERTEX
  8
0
 10
182.746490
 20
-76.030754
 42
0.612464
  0
VERTEX
  8
0
 10
184.006042
 20
-77.290527
 42
-0.078296
  0
VERTEX
  8
0
 10
184.623444
 20
-77.192871
  0
VERTEX
  8
0
 10
195.064819
 20
-77.192871
 42
-0.078297
  0
VERTEX
  8
0
 10
195.681763
 20
-77.290527
 42
0.612454
  0
VERTEX
  8
0
 10
196.941437
 20
-76.030655
 42
-0.078606
  0
VERTEX
  8
0
 10
196.843872
 20
-75.413574
  0
VERTEX
  8
0
 10
196.843872
 20
-64.972168
 42
-0.078640
  0
VERTEX
  8
0
 10
196.941528
 20
-64.354988
 42
0.612449
  0
VERTEX
  8
0
 10
195.681747
 20
-63.095215
 42
-0.078310
  0
VERTEX
  8
0
 10
195.064575
 20
-63.192871
  0
VERTEX
  8
0
 10
184.623199
 20
-63.192871
 42
-0.078323
  0
VERTEX
  8
0
 10
184.006256
 20
-63.095211
 42
0.612447
  0
VERTEX
  8
0
 10
182.746445
 20
-64.354851
 42
240788484342463670000000000000000000000000000000000000000000000000000000000000000000000000000000000000000000000000000000000000000000000000000000000000000000000000000000000000000000000000000000000000000000000000000000000000000000000000000000000000000000000000000000000000000000000000000000000.000000
  0
SEQEND
  8
0
  0
POLYLINE
  8
0
 66
1
  0
VERTEX
  8
0
 10
206.496246
 20
-64.354965
 42
-0.078576
  0
VERTEX
  8
0
 10
206.593903
 20
-64.972412
  0
VERTEX
  8
0
 10
206.593903
 20
-75.413086
 42
-0.078602
  0
VERTEX
  8
0
 10
206.496490
 20
-76.030754
 42
0.612464
  0
VERTEX
  8
0
 10
207.756042
 20
-77.290527
 42
-0.078296
  0
VERTEX
  8
0
 10
208.373444
 20
-77.192871
  0
VERTEX
  8
0
 10
218.814819
 20
-77.192871
 42
-0.078297
  0
VERTEX
  8
0
 10
219.431763
 20
-77.290527
 42
0.612454
  0
VERTEX
  8
0
 10
220.691437
 20
-76.030655
 42
-0.078606
  0
VERTEX
  8
0
 10
220.593872
 20
-75.413574
  0
VERTEX
  8
0
 10
220.593872
 20
-64.972168
 42
-0.078640
  0
VERTEX
  8
0
 10
220.691528
 20
-64.354988
 42
0.612449
  0
VERTEX
  8
0
 10
219.431747
 20
-63.095215
 42
-0.078310
  0
VERTEX
  8
0
 10
218.814575
 20
-63.192871
  0
VERTEX
  8
0
 10
208.373199
 20
-63.192871
 42
-0.078323
  0
VERTEX
  8
0
 10
207.756256
 20
-63.095211
 42
0.612447
  0
VERTEX
  8
0
 10
206.496445
 20
-64.354851
 42
240788484342463670000000000000000000000000000000000000000000000000000000000000000000000000000000000000000000000000000000000000000000000000000000000000000000000000000000000000000000000000000000000000000000000000000000000000000000000000000000000000000000000000000000000000000000000000000000000.000000
  0
SEQEND
  8
0
  0
POLYLINE
  8
0
 66
1
  0
VERTEX
  8
0
 10
185.121246
 20
-83.354965
 42
-0.078576
  0
VERTEX
  8
0
 10
185.218903
 20
-83.972412
  0
VERTEX
  8
0
 10
185.218903
 20
-94.413086
 42
-0.078602
  0
VERTEX
  8
0
 10
185.121490
 20
-95.030754
 42
0.612464
  0
VERTEX
  8
0
 10
186.381042
 20
-96.290527
 42
-0.078296
  0
VERTEX
  8
0
 10
186.998444
 20
-96.192871
  0
VERTEX
  8
0
 10
197.439819
 20
-96.192871
 42
-0.078297
  0
VERTEX
  8
0
 10
198.056763
 20
-96.290527
 42
0.612454
  0
VERTEX
  8
0
 10
199.316437
 20
-95.030655
 42
-0.078606
  0
VERTEX
  8
0
 10
199.218872
 20
-94.413574
  0
VERTEX
  8
0
 10
199.218872
 20
-83.972168
 42
-0.078640
  0
VERTEX
  8
0
 10
199.316528
 20
-83.354988
 42
0.612449
  0
VERTEX
  8
0
 10
198.056747
 20
-82.095215
 42
-0.078298
  0
VERTEX
  8
0
 10
197.439575
 20
-82.192871
  0
VERTEX
  8
0
 10
186.998199
 20
-82.192871
 42
-0.078323
  0
VERTEX
  8
0
 10
186.381256
 20
-82.095215
 42
0.612454
  0
VERTEX
  8
0
 10
185.121445
 20
-83.354851
 42
240788484342463670000000000000000000000000000000000000000000000000000000000000000000000000000000000000000000000000000000000000000000000000000000000000000000000000000000000000000000000000000000000000000000000000000000000000000000000000000000000000000000000000000000000000000000000000000000000.000000
  0
SEQEND
  8
0
  0
POLYLINE
  8
0
 66
1
  0
VERTEX
  8
0
 10
211.246246
 20
-83.354965
 42
-0.078576
  0
VERTEX
  8
0
 10
211.343903
 20
-83.972412
  0
VERTEX
  8
0
 10
211.343903
 20
-94.413086
 42
-0.078602
  0
VERTEX
  8
0
 10
211.246490
 20
-95.030754
 42
0.612464
  0
VERTEX
  8
0
 10
212.506042
 20
-96.290527
 42
-0.078296
  0
VERTEX
  8
0
 10
213.123444
 20
-96.192871
  0
VERTEX
  8
0
 10
223.564819
 20
-96.192871
 42
-0.078297
  0
VERTEX
  8
0
 10
224.181763
 20
-96.290527
 42
0.612454
  0
VERTEX
  8
0
 10
225.441437
 20
-95.030655
 42
-0.078606
  0
VERTEX
  8
0
 10
225.343872
 20
-94.413574
  0
VERTEX
  8
0
 10
225.343872
 20
-83.972168
 42
-0.078640
  0
VERTEX
  8
0
 10
225.441528
 20
-83.354988
 42
0.612449
  0
VERTEX
  8
0
 10
224.181747
 20
-82.095215
 42
-0.078298
  0
VERTEX
  8
0
 10
223.564575
 20
-82.192871
  0
VERTEX
  8
0
 10
213.123199
 20
-82.192871
 42
-0.078323
  0
VERTEX
  8
0
 10
212.506256
 20
-82.095215
 42
0.612454
  0
VERTEX
  8
0
 10
211.246445
 20
-83.354851
 42
240788484342463670000000000000000000000000000000000000000000000000000000000000000000000000000000000000000000000000000000000000000000000000000000000000000000000000000000000000000000000000000000000000000000000000000000000000000000000000000000000000000000000000000000000000000000000000000000000.000000
  0
SEQEND
  8
0
  0
POLYLINE
  8
0
 66
1
  0
VERTEX
  8
0
 10
220.746246
 20
-102.354965
 42
-0.078576
  0
VERTEX
  8
0
 10
220.843903
 20
-102.972412
  0
VERTEX
  8
0
 10
220.843903
 20
-113.413086
 42
-0.078602
  0
VERTEX
  8
0
 10
220.746490
 20
-114.030754
 42
0.612464
  0
VERTEX
  8
0
 10
222.006042
 20
-115.290527
 42
-0.078296
  0
VERTEX
  8
0
 10
222.623444
 20
-115.192871
  0
VERTEX
  8
0
 10
233.064819
 20
-115.192871
 42
-0.078297
  0
VERTEX
  8
0
 10
233.681778
 20
-115.290527
 42
0.612453
  0
VERTEX
  8
0
 10
234.941437
 20
-114.030655
 42
-0.078606
  0
VERTEX
  8
0
 10
234.843872
 20
-113.413574
  0
VERTEX
  8
0
 10
234.843872
 20
-102.972168
 42
-0.078640
  0
VERTEX
  8
0
 10
234.941528
 20
-102.354988
 42
0.612449
  0
VERTEX
  8
0
 10
233.681747
 20
-101.095222
 42
-0.078299
  0
VERTEX
  8
0
 10
233.064575
 20
-101.192871
  0
VERTEX
  8
0
 10
222.623199
 20
-101.192871
 42
-0.078323
  0
VERTEX
  8
0
 10
222.006256
 20
-101.095215
 42
0.612454
  0
VERTEX
  8
0
 10
220.746445
 20
-102.354851
 42
240788484342463670000000000000000000000000000000000000000000000000000000000000000000000000000000000000000000000000000000000000000000000000000000000000000000000000000000000000000000000000000000000000000000000000000000000000000000000000000000000000000000000000000000000000000000000000000000000.000000
  0
SEQEND
  8
0
  0
POLYLINE
  8
0
 66
1
  0
VERTEX
  8
0
 10
180.371246
 20
-121.354965
 42
-0.078576
  0
VERTEX
  8
0
 10
180.468903
 20
-121.972412
  0
VERTEX
  8
0
 10
180.468903
 20
-132.413086
 42
-0.078604
  0
VERTEX
  8
0
 10
180.371490
 20
-133.030746
 42
0.612469
  0
VERTEX
  8
0
 10
181.631042
 20
-134.290527
 42
-0.078344
  0
VERTEX
  8
0
 10
182.248444
 20
-134.192871
  0
VERTEX
  8
0
 10
192.689819
 20
-134.192871
 42
-0.078272
  0
VERTEX
  8
0
 10
193.306763
 20
-134.290527
 42
0.612452
  0
VERTEX
  8
0
 10
194.566437
 20
-133.030655
 42
-0.078605
  0
VERTEX
  8
0
 10
194.468872
 20
-132.413574
  0
VERTEX
  8
0
 10
194.468872
 20
-121.972168
 42
-0.078640
  0
VERTEX
  8
0
 10
194.566528
 20
-121.354988
 42
0.612449
  0
VERTEX
  8
0
 10
193.306747
 20
-120.095215
 42
-0.078298
  0
VERTEX
  8
0
 10
192.689575
 20
-120.192871
  0
VERTEX
  8
0
 10
182.248199
 20
-120.192871
 42
-0.078323
  0
VERTEX
  8
0
 10
181.631256
 20
-120.095215
 42
0.612454
  0
VERTEX
  8
0
 10
180.371445
 20
-121.354851
 42
240788484342463670000000000000000000000000000000000000000000000000000000000000000000000000000000000000000000000000000000000000000000000000000000000000000000000000000000000000000000000000000000000000000000000000000000000000000000000000000000000000000000000000000000000000000000000000000000000.000000
  0
SEQEND
  8
0
  0
POLYLINE
  8
0
 66
1
  0
VERTEX
  8
0
 10
204.121246
 20
-121.354965
 42
-0.078576
  0
VERTEX
  8
0
 10
204.218903
 20
-121.972412
  0
VERTEX
  8
0
 10
204.218903
 20
-132.413086
 42
-0.078604
  0
VERTEX
  8
0
 10
204.121490
 20
-133.030746
 42
0.612469
  0
VERTEX
  8
0
 10
205.381042
 20
-134.290527
 42
-0.078344
  0
VERTEX
  8
0
 10
205.998444
 20
-134.192871
  0
VERTEX
  8
0
 10
216.439819
 20
-134.192871
 42
-0.078272
  0
VERTEX
  8
0
 10
217.056763
 20
-134.290527
 42
0.612452
  0
VERTEX
  8
0
 10
218.316437
 20
-133.030655
 42
-0.078605
  0
VERTEX
  8
0
 10
218.218872
 20
-132.413574
  0
VERTEX
  8
0
 10
218.218872
 20
-121.972168
 42
-0.078640
  0
VERTEX
  8
0
 10
218.316528
 20
-121.354988
 42
0.612449
  0
VERTEX
  8
0
 10
217.056747
 20
-120.095215
 42
-0.078298
  0
VERTEX
  8
0
 10
216.439575
 20
-120.192871
  0
VERTEX
  8
0
 10
205.998199
 20
-120.192871
 42
-0.078323
  0
VERTEX
  8
0
 10
205.381256
 20
-120.095215
 42
0.612454
  0
VERTEX
  8
0
 10
204.121445
 20
-121.354851
 42
240788484342463670000000000000000000000000000000000000000000000000000000000000000000000000000000000000000000000000000000000000000000000000000000000000000000000000000000000000000000000000000000000000000000000000000000000000000000000000000000000000000000000000000000000000000000000000000000000.000000
  0
SEQEND
  8
0
  0
POLYLINE
  8
0
 66
1
  0
VERTEX
  8
0
 10
227.871246
 20
-121.354965
 42
-0.078576
  0
VERTEX
  8
0
 10
227.968903
 20
-121.972412
  0
VERTEX
  8
0
 10
227.968903
 20
-132.413086
 42
-0.078604
  0
VERTEX
  8
0
 10
227.871490
 20
-133.030746
 42
0.612469
  0
VERTEX
  8
0
 10
229.131042
 20
-134.290527
 42
-0.078344
  0
VERTEX
  8
0
 10
229.748444
 20
-134.192871
  0
VERTEX
  8
0
 10
240.189819
 20
-134.192871
 42
-0.078272
  0
VERTEX
  8
0
 10
240.806778
 20
-134.290527
 42
0.612457
  0
VERTEX
  8
0
 10
242.066437
 20
-133.030655
 42
-0.078605
  0
VERTEX
  8
0
 10
241.968872
 20
-132.413574
  0
VERTEX
  8
0
 10
241.968872
 20
-121.972168
 42
-0.078640
  0
VERTEX
  8
0
 10
242.066528
 20
-121.354988
 42
0.612449
  0
VERTEX
  8
0
 10
240.806747
 20
-120.095222
 42
-0.078299
  0
VERTEX
  8
0
 10
240.189575
 20
-120.192871
  0
VERTEX
  8
0
 10
229.748199
 20
-120.192871
 42
-0.078323
  0
VERTEX
  8
0
 10
229.131256
 20
-120.095215
 42
0.612454
  0
VERTEX
  8
0
 10
227.871445
 20
-121.354851
 42
240788484342463670000000000000000000000000000000000000000000000000000000000000000000000000000000000000000000000000000000000000000000000000000000000000000000000000000000000000000000000000000000000000000000000000000000000000000000000000000000000000000000000000000000000000000000000000000000000.000000
  0
SEQEND
  8
0
  0
POLYLINE
  8
0
 66
1
  0
VERTEX
  8
0
 10
370.421173
 20
-121.354965
 42
-0.078559
  0
VERTEX
  8
0
 10
370.518829
 20
-121.972412
  0
VERTEX
  8
0
 10
370.518829
 20
-132.413086
 42
-0.078628
  0
VERTEX
  8
0
 10
370.421417
 20
-133.030746
 42
0.612467
  0
VERTEX
  8
0
 10
371.680969
 20
-134.290527
 42
-0.078342
  0
VERTEX
  8
0
 10
372.298370
 20
-134.192871
  0
VERTEX
  8
0
 10
382.739746
 20
-134.192871
 42
-0.078278
  0
VERTEX
  8
0
 10
383.356689
 20
-134.290527
 42
0.612461
  0
VERTEX
  8
0
 10
384.616364
 20
-133.030655
 42
-0.078624
  0
VERTEX
  8
0
 10
384.518799
 20
-132.413574
  0
VERTEX
  8
0
 10
384.518799
 20
-121.972168
 42
-0.078616
  0
VERTEX
  8
0
 10
384.616455
 20
-121.354988
 42
0.612447
  0
VERTEX
  8
0
 10
383.356659
 20
-120.095215
 42
-0.078326
  0
VERTEX
  8
0
 10
382.739502
 20
-120.192871
  0
VERTEX
  8
0
 10
372.298126
 20
-120.192871
 42
-0.078317
  0
VERTEX
  8
0
 10
371.681183
 20
-120.095215
 42
0.612462
  0
VERTEX
  8
0
 10
370.421387
 20
-121.354851
 42
240788484342463670000000000000000000000000000000000000000000000000000000000000000000000000000000000000000000000000000000000000000000000000000000000000000000000000000000000000000000000000000000000000000000000000000000000000000000000000000000000000000000000000000000000000000000000000000000000.000000
  0
SEQEND
  8
0
  0
POLYLINE
  8
0
 66
1
  0
VERTEX
  8
0
 10
424.971710
 20
-121.354965
 42
-0.078554
  0
VERTEX
  8
0
 10
425.069366
 20
-121.972412
  0
VERTEX
  8
0
 10
425.069366
 20
-132.413086
 42
-0.078628
  0
VERTEX
  8
0
 10
424.971954
 20
-133.030746
 42
0.612469
  0
VERTEX
  8
0
 10
426.231506
 20
-134.290527
 42
-0.078342
  0
VERTEX
  8
0
 10
426.848907
 20
-134.192871
  0
VERTEX
  8
0
 10
437.290283
 20
-134.192871
 42
-0.078278
  0
VERTEX
  8
0
 10
437.907227
 20
-134.290527
 42
0.612461
  0
VERTEX
  8
0
 10
439.166901
 20
-133.030655
 42
-0.078630
  0
VERTEX
  8
0
 10
439.069336
 20
-132.413574
  0
VERTEX
  8
0
 10
439.069336
 20
-121.972168
 42
-0.078616
  0
VERTEX
  8
0
 10
439.166992
 20
-121.354988
 42
0.612449
  0
VERTEX
  8
0
 10
437.907196
 20
-120.095222
 42
-0.078302
  0
VERTEX
  8
0
 10
437.290039
 20
-120.192871
  0
VERTEX
  8
0
 10
426.848663
 20
-120.192871
 42
-0.078317
  0
VERTEX
  8
0
 10
426.231720
 20
-120.095215
 42
0.612462
  0
VERTEX
  8
0
 10
424.971924
 20
-121.354851
 42
240788484342463670000000000000000000000000000000000000000000000000000000000000000000000000000000000000000000000000000000000000000000000000000000000000000000000000000000000000000000000000000000000000000000000000000000000000000000000000000000000000000000000000000000000000000000000000000000000.000000
  0
SEQEND
  8
0
  0
POLYLINE
  8
0
 66
1
  0
VERTEX
  8
0
 10
443.971680
 20
-102.354965
 42
-0.078590
  0
VERTEX
  8
0
 10
444.069366
 20
-102.972412
  0
VERTEX
  8
0
 10
444.069366
 20
-113.413086
 42
-0.078613
  0
VERTEX
  8
0
 10
443.971954
 20
-114.030754
 42
0.612464
  0
VERTEX
  8
0
 10
445.231506
 20
-115.290527
 42
-0.078294
  0
VERTEX
  8
0
 10
445.848907
 20
-115.192871
  0
VERTEX
  8
0
 10
456.290283
 20
-115.192871
 42
-0.078302
  0
VERTEX
  8
0
 10
456.907227
 20
-115.290527
 42
0.612462
  0
VERTEX
  8
0
 10
458.166901
 20
-114.030655
 42
-0.078630
  0
VERTEX
  8
0
 10
458.069336
 20
-113.413574
  0
VERTEX
  8
0
 10
458.069336
 20
-102.972168
 42
-0.078616
  0
VERTEX
  8
0
 10
458.166992
 20
-102.354988
 42
0.612449
  0
VERTEX
  8
0
 10
456.907196
 20
-101.095222
 42
-0.078302
  0
VERTEX
  8
0
 10
456.290039
 20
-101.192871
  0
VERTEX
  8
0
 10
445.848663
 20
-101.192871
 42
-0.078317
  0
VERTEX
  8
0
 10
445.231720
 20
-101.095215
 42
0.612462
  0
VERTEX
  8
0
 10
443.971924
 20
-102.354851
 42
240788484342463670000000000000000000000000000000000000000000000000000000000000000000000000000000000000000000000000000000000000000000000000000000000000000000000000000000000000000000000000000000000000000000000000000000000000000000000000000000000000000000000000000000000000000000000000000000000.000000
  0
SEQEND
  8
0
  0
POLYLINE
  8
0
 66
1
  0
VERTEX
  8
0
 10
417.871246
 20
-102.354965
 42
-0.078565
  0
VERTEX
  8
0
 10
417.968903
 20
-102.972412
  0
VERTEX
  8
0
 10
417.968903
 20
-113.413086
 42
-0.078625
  0
VERTEX
  8
0
 10
417.871490
 20
-114.030754
 42
0.612470
  0
VERTEX
  8
0
 10
419.131042
 20
-115.290527
 42
-0.078318
  0
VERTEX
  8
0
 10
419.748444
 20
-115.192871
  0
VERTEX
  8
0
 10
430.189819
 20
-115.192871
 42
-0.078302
  0
VERTEX
  8
0
 10
430.806763
 20
-115.290527
 42
0.612462
  0
VERTEX
  8
0
 10
432.066437
 20
-114.030655
 42
-0.078630
  0
VERTEX
  8
0
 10
431.968872
 20
-113.413574
  0
VERTEX
  8
0
 10
431.968872
 20
-102.972168
 42
-0.078616
  0
VERTEX
  8
0
 10
432.066528
 20
-102.354988
 42
0.612449
  0
VERTEX
  8
0
 10
430.806732
 20
-101.095222
 42
-0.078302
  0
VERTEX
  8
0
 10
430.189575
 20
-101.192871
  0
VERTEX
  8
0
 10
419.748199
 20
-101.192871
 42
-0.078317
  0
VERTEX
  8
0
 10
419.131256
 20
-101.095215
 42
0.612462
  0
VERTEX
  8
0
 10
417.871460
 20
-102.354851
 42
240788484342463670000000000000000000000000000000000000000000000000000000000000000000000000000000000000000000000000000000000000000000000000000000000000000000000000000000000000000000000000000000000000000000000000000000000000000000000000000000000000000000000000000000000000000000000000000000000.000000
  0
SEQEND
  8
0
  0
POLYLINE
  8
0
 66
1
  0
VERTEX
  8
0
 10
526.986084
 20
-121.354965
 42
-0.078576
  0
VERTEX
  8
0
 10
527.083740
 20
-121.972412
  0
VERTEX
  8
0
 10
527.083740
 20
-132.413086
 42
-0.078581
  0
VERTEX
  8
0
 10
526.986328
 20
-133.030746
 42
0.612464
  0
VERTEX
  8
0
 10
528.245850
 20
-134.290527
 42
-0.078331
  0
VERTEX
  8
0
 10
528.863281
 20
-134.192871
  0
VERTEX
  8
0
 10
539.304688
 20
-134.192871
 42
-0.078278
  0
VERTEX
  8
0
 10
539.921631
 20
-134.290527
 42
0.612442
  0
VERTEX
  8
0
 10
541.181274
 20
-133.030655
 42
-0.078533
  0
VERTEX
  8
0
 10
541.083740
 20
-132.413574
  0
VERTEX
  8
0
 10
541.083740
 20
-121.972168
 42
-0.078664
  0
VERTEX
  8
0
 10
541.181396
 20
-121.354988
 42
0.612453
  0
VERTEX
  8
0
 10
539.921631
 20
-120.095215
 42
-0.078291
  0
VERTEX
  8
0
 10
539.304443
 20
-120.192871
  0
VERTEX
  8
0
 10
528.863037
 20
-120.192871
 42
-0.078328
  0
VERTEX
  8
0
 10
528.246094
 20
-120.095215
 42
0.612444
  0
VERTEX
  8
0
 10
526.986267
 20
-121.354851
 42
240788484342463670000000000000000000000000000000000000000000000000000000000000000000000000000000000000000000000000000000000000000000000000000000000000000000000000000000000000000000000000000000000000000000000000000000000000000000000000000000000000000000000000000000000000000000000000000000000.000000
  0
SEQEND
  8
0
  0
POLYLINE
  8
0
 66
1
  0
VERTEX
  8
0
 10
394.171173
 20
-121.354965
 42
-0.078565
  0
VERTEX
  8
0
 10
394.268829
 20
-121.972412
  0
VERTEX
  8
0
 10
394.268829
 20
-132.413086
 42
-0.078628
  0
VERTEX
  8
0
 10
394.171417
 20
-133.030746
 42
0.612467
  0
VERTEX
  8
0
 10
395.430969
 20
-134.290527
 42
-0.078342
  0
VERTEX
  8
0
 10
396.048370
 20
-134.192871
  0
VERTEX
  8
0
 10
406.489746
 20
-134.192871
 42
-0.078278
  0
VERTEX
  8
0
 10
407.106689
 20
-134.290527
 42
0.612461
  0
VERTEX
  8
0
 10
408.366364
 20
-133.030655
 42
-0.078618
  0
VERTEX
  8
0
 10
408.268799
 20
-132.413574
  0
VERTEX
  8
0
 10
408.268799
 20
-121.972168
 42
-0.078616
  0
VERTEX
  8
0
 10
408.366455
 20
-121.354988
 42
0.612447
  0
VERTEX
  8
0
 10
407.106659
 20
-120.095215
 42
-0.078326
  0
VERTEX
  8
0
 10
406.489502
 20
-120.192871
  0
VERTEX
  8
0
 10
396.048126
 20
-120.192871
 42
-0.078317
  0
VERTEX
  8
0
 10
395.431183
 20
-120.095215
 42
0.612462
  0
VERTEX
  8
0
 10
394.171387
 20
-121.354851
 42
240788484342463670000000000000000000000000000000000000000000000000000000000000000000000000000000000000000000000000000000000000000000000000000000000000000000000000000000000000000000000000000000000000000000000000000000000000000000000000000000000000000000000000000000000000000000000000000000000.000000
  0
SEQEND
  8
0
  0
POLYLINE
  8
0
 66
1
  0
VERTEX
  8
0
 10
443.971710
 20
-121.354965
 42
-0.078565
  0
VERTEX
  8
0
 10
444.069366
 20
-121.972412
  0
VERTEX
  8
0
 10
444.069366
 20
-132.413086
 42
-0.078592
  0
VERTEX
  8
0
 10
443.971954
 20
-133.030746
 42
0.612469
  0
VERTEX
  8
0
 10
445.231506
 20
-134.290527
 42
-0.078342
  0
VERTEX
  8
0
 10
445.848907
 20
-134.192871
  0
VERTEX
  8
0
 10
456.290283
 20
-134.192871
 42
-0.078278
  0
VERTEX
  8
0
 10
456.907227
 20
-134.290527
 42
0.612461
  0
VERTEX
  8
0
 10
458.166901
 20
-133.030655
 42
-0.078630
  0
VERTEX
  8
0
 10
458.069336
 20
-132.413574
  0
VERTEX
  8
0
 10
458.069336
 20
-121.972168
 42
-0.078616
  0
VERTEX
  8
0
 10
458.166992
 20
-121.354988
 42
0.612449
  0
VERTEX
  8
0
 10
456.907196
 20
-120.095222
 42
-0.078302
  0
VERTEX
  8
0
 10
456.290039
 20
-120.192871
  0
VERTEX
  8
0
 10
445.848663
 20
-120.192871
 42
-0.078317
  0
VERTEX
  8
0
 10
445.231720
 20
-120.095215
 42
0.612455
  0
VERTEX
  8
0
 10
443.971924
 20
-121.354851
 42
240788484342463670000000000000000000000000000000000000000000000000000000000000000000000000000000000000000000000000000000000000000000000000000000000000000000000000000000000000000000000000000000000000000000000000000000000000000000000000000000000000000000000000000000000000000000000000000000000.000000
  0
SEQEND
  8
0
  0
POLYLINE
  8
0
 66
1
  0
VERTEX
  8
0
 10
462.971710
 20
-121.354965
 42
-0.078554
  0
VERTEX
  8
0
 10
463.069366
 20
-121.972412
  0
VERTEX
  8
0
 10
463.069366
 20
-132.413086
 42
-0.078628
  0
VERTEX
  8
0
 10
462.971954
 20
-133.030746
 42
0.612469
  0
VERTEX
  8
0
 10
464.231506
 20
-134.290527
 42
-0.078342
  0
VERTEX
  8
0
 10
464.848907
 20
-134.192871
  0
VERTEX
  8
0
 10
475.290283
 20
-134.192871
 42
-0.078278
  0
VERTEX
  8
0
 10
475.907227
 20
-134.290527
 42
0.612461
  0
VERTEX
  8
0
 10
477.166901
 20
-133.030655
 42
-0.078630
  0
VERTEX
  8
0
 10
477.069336
 20
-132.413574
  0
VERTEX
  8
0
 10
477.069336
 20
-121.972168
 42
-0.078616
  0
VERTEX
  8
0
 10
477.166992
 20
-121.354988
 42
0.612449
  0
VERTEX
  8
0
 10
475.907196
 20
-120.095222
 42
-0.078302
  0
VERTEX
  8
0
 10
475.290039
 20
-120.192871
  0
VERTEX
  8
0
 10
464.848663
 20
-120.192871
 42
-0.078317
  0
VERTEX
  8
0
 10
464.231720
 20
-120.095215
 42
0.612455
  0
VERTEX
  8
0
 10
462.971924
 20
-121.354851
 42
240788484342463670000000000000000000000000000000000000000000000000000000000000000000000000000000000000000000000000000000000000000000000000000000000000000000000000000000000000000000000000000000000000000000000000000000000000000000000000000000000000000000000000000000000000000000000000000000000.000000
  0
SEQEND
  8
0
  0
POLYLINE
  8
0
 66
1
  0
VERTEX
  8
0
 10
526.986084
 20
-102.354965
 42
-0.078576
  0
VERTEX
  8
0
 10
527.083740
 20
-102.972412
  0
VERTEX
  8
0
 10
527.083740
 20
-113.413086
 42
-0.078578
  0
VERTEX
  8
0
 10
526.986328
 20
-114.030754
 42
0.612460
  0
VERTEX
  8
0
 10
528.245850
 20
-115.290527
 42
-0.078283
  0
VERTEX
  8
0
 10
528.863281
 20
-115.192871
  0
VERTEX
  8
0
 10
539.304688
 20
-115.192871
 42
-0.078302
  0
VERTEX
  8
0
 10
539.921631
 20
-115.290527
 42
0.612444
  0
VERTEX
  8
0
 10
541.181274
 20
-114.030655
 42
-0.078534
  0
VERTEX
  8
0
 10
541.083740
 20
-113.413574
  0
VERTEX
  8
0
 10
541.083740
 20
-102.972168
 42
-0.078664
  0
VERTEX
  8
0
 10
541.181396
 20
-102.354988
 42
0.612453
  0
VERTEX
  8
0
 10
539.921631
 20
-101.095215
 42
-0.078291
  0
VERTEX
  8
0
 10
539.304443
 20
-101.192871
  0
VERTEX
  8
0
 10
528.863037
 20
-101.192871
 42
-0.078328
  0
VERTEX
  8
0
 10
528.246094
 20
-101.095215
 42
0.612444
  0
VERTEX
  8
0
 10
526.986267
 20
-102.354851
 42
240788484342463670000000000000000000000000000000000000000000000000000000000000000000000000000000000000000000000000000000000000000000000000000000000000000000000000000000000000000000000000000000000000000000000000000000000000000000000000000000000000000000000000000000000000000000000000000000000.000000
  0
SEQEND
  8
0
  0
POLYLINE
  8
0
 66
1
  0
VERTEX
  8
0
 10
526.986084
 20
-83.354965
 42
-0.078576
  0
VERTEX
  8
0
 10
527.083740
 20
-83.972412
  0
VERTEX
  8
0
 10
527.083740
 20
-94.413086
 42
-0.078578
  0
VERTEX
  8
0
 10
526.986328
 20
-95.030754
 42
0.612460
  0
VERTEX
  8
0
 10
528.245850
 20
-96.290527
 42
-0.078283
  0
VERTEX
  8
0
 10
528.863281
 20
-96.192871
  0
VERTEX
  8
0
 10
539.304688
 20
-96.192871
 42
-0.078302
  0
VERTEX
  8
0
 10
539.921631
 20
-96.290527
 42
0.612444
  0
VERTEX
  8
0
 10
541.181274
 20
-95.030655
 42
-0.078534
  0
VERTEX
  8
0
 10
541.083740
 20
-94.413574
  0
VERTEX
  8
0
 10
541.083740
 20
-83.972168
 42
-0.078664
  0
VERTEX
  8
0
 10
541.181396
 20
-83.354988
 42
0.612453
  0
VERTEX
  8
0
 10
539.921631
 20
-82.095215
 42
-0.078291
  0
VERTEX
  8
0
 10
539.304443
 20
-82.192871
  0
VERTEX
  8
0
 10
528.863037
 20
-82.192871
 42
-0.078328
  0
VERTEX
  8
0
 10
528.246094
 20
-82.095215
 42
0.612444
  0
VERTEX
  8
0
 10
526.986267
 20
-83.354851
 42
240788484342463670000000000000000000000000000000000000000000000000000000000000000000000000000000000000000000000000000000000000000000000000000000000000000000000000000000000000000000000000000000000000000000000000000000000000000000000000000000000000000000000000000000000000000000000000000000000.000000
  0
SEQEND
  8
0
  0
POLYLINE
  8
0
 66
1
  0
VERTEX
  8
0
 10
526.986084
 20
-64.354965
 42
-0.078576
  0
VERTEX
  8
0
 10
527.083740
 20
-64.972412
  0
VERTEX
  8
0
 10
527.083740
 20
-75.413086
 42
-0.078578
  0
VERTEX
  8
0
 10
526.986328
 20
-76.030754
 42
0.612460
  0
VERTEX
  8
0
 10
528.245850
 20
-77.290527
 42
-0.078283
  0
VERTEX
  8
0
 10
528.863281
 20
-77.192871
  0
VERTEX
  8
0
 10
539.304688
 20
-77.192871
 42
-0.078302
  0
VERTEX
  8
0
 10
539.921631
 20
-77.290527
 42
0.612444
  0
VERTEX
  8
0
 10
541.181274
 20
-76.030655
 42
-0.078534
  0
VERTEX
  8
0
 10
541.083740
 20
-75.413574
  0
VERTEX
  8
0
 10
541.083740
 20
-64.972168
 42
-0.078664
  0
VERTEX
  8
0
 10
541.181396
 20
-64.354988
 42
0.612453
  0
VERTEX
  8
0
 10
539.921631
 20
-63.095215
 42
-0.078303
  0
VERTEX
  8
0
 10
539.304443
 20
-63.192871
  0
VERTEX
  8
0
 10
528.863037
 20
-63.192871
 42
-0.078328
  0
VERTEX
  8
0
 10
528.246094
 20
-63.095211
 42
0.612437
  0
VERTEX
  8
0
 10
526.986267
 20
-64.354851
 42
240788484342463670000000000000000000000000000000000000000000000000000000000000000000000000000000000000000000000000000000000000000000000000000000000000000000000000000000000000000000000000000000000000000000000000000000000000000000000000000000000000000000000000000000000000000000000000000000000.000000
  0
SEQEND
  8
0
  0
POLYLINE
  8
0
 66
1
  0
VERTEX
  8
0
 10
526.986084
 20
-45.354965
 42
-0.078578
  0
VERTEX
  8
0
 10
527.083740
 20
-45.972412
  0
VERTEX
  8
0
 10
527.083740
 20
-56.413086
 42
-0.078580
  0
VERTEX
  8
0
 10
526.986328
 20
-57.030750
 42
0.612465
  0
VERTEX
  8
0
 10
528.245850
 20
-58.290527
 42
-0.078307
  0
VERTEX
  8
0
 10
528.863281
 20
-58.192871
  0
VERTEX
  8
0
 10
539.304688
 20
-58.192871
 42
-0.078326
  0
VERTEX
  8
0
 10
539.921631
 20
-58.290531
 42
0.612437
  0
VERTEX
  8
0
 10
541.181274
 20
-57.030659
 42
-0.078537
  0
VERTEX
  8
0
 10
541.083740
 20
-56.413574
  0
VERTEX
  8
0
 10
541.083740
 20
-45.972168
 42
-0.078662
  0
VERTEX
  8
0
 10
541.181396
 20
-45.354992
 42
0.612455
  0
VERTEX
  8
0
 10
539.921631
 20
-44.095215
 42
-0.078303
  0
VERTEX
  8
0
 10
539.304443
 20
-44.192871
  0
VERTEX
  8
0
 10
528.863037
 20
-44.192871
 42
-0.078328
  0
VERTEX
  8
0
 10
528.246094
 20
-44.095211
 42
0.612437
  0
VERTEX
  8
0
 10
526.986267
 20
-45.354851
 42
240788484342463670000000000000000000000000000000000000000000000000000000000000000000000000000000000000000000000000000000000000000000000000000000000000000000000000000000000000000000000000000000000000000000000000000000000000000000000000000000000000000000000000000000000000000000000000000000000.000000
  0
SEQEND
  8
0
  0
POLYLINE
  8
0
 66
1
  0
VERTEX
  8
0
 10
545.986084
 20
-45.354965
 42
-0.078578
  0
VERTEX
  8
0
 10
546.083740
 20
-45.972412
  0
VERTEX
  8
0
 10
546.083740
 20
-56.413086
 42
-0.078580
  0
VERTEX
  8
0
 10
545.986328
 20
-57.030750
 42
0.612465
  0
VERTEX
  8
0
 10
547.245850
 20
-58.290527
 42
-0.078307
  0
VERTEX
  8
0
 10
547.863281
 20
-58.192871
  0
VERTEX
  8
0
 10
558.304688
 20
-58.192871
 42
-0.078326
  0
VERTEX
  8
0
 10
558.921631
 20
-58.290531
 42
0.612437
  0
VERTEX
  8
0
 10
560.181274
 20
-57.030659
 42
-0.078537
  0
VERTEX
  8
0
 10
560.083740
 20
-56.413574
  0
VERTEX
  8
0
 10
560.083740
 20
-45.972168
 42
-0.078662
  0
VERTEX
  8
0
 10
560.181396
 20
-45.354992
 42
0.612455
  0
VERTEX
  8
0
 10
558.921631
 20
-44.095215
 42
-0.078303
  0
VERTEX
  8
0
 10
558.304443
 20
-44.192871
  0
VERTEX
  8
0
 10
547.863037
 20
-44.192871
 42
-0.078328
  0
VERTEX
  8
0
 10
547.246094
 20
-44.095211
 42
0.612437
  0
VERTEX
  8
0
 10
545.986267
 20
-45.354851
 42
240788484342463670000000000000000000000000000000000000000000000000000000000000000000000000000000000000000000000000000000000000000000000000000000000000000000000000000000000000000000000000000000000000000000000000000000000000000000000000000000000000000000000000000000000000000000000000000000000.000000
  0
SEQEND
  8
0
  0
POLYLINE
  8
0
 66
1
  0
VERTEX
  8
0
 10
507.986115
 20
-45.354965
 42
-0.078578
  0
VERTEX
  8
0
 10
508.083771
 20
-45.972412
  0
VERTEX
  8
0
 10
508.083771
 20
-56.413086
 42
-0.078627
  0
VERTEX
  8
0
 10
507.986359
 20
-57.030750
 42
0.612470
  0
VERTEX
  8
0
 10
509.245911
 20
-58.290527
 42
-0.078318
  0
VERTEX
  8
0
 10
509.863312
 20
-58.192871
  0
VERTEX
  8
0
 10
520.304688
 20
-58.192871
 42
-0.078326
  0
VERTEX
  8
0
 10
520.921631
 20
-58.290531
 42
0.612437
  0
VERTEX
  8
0
 10
522.181274
 20
-57.030659
 42
-0.078537
  0
VERTEX
  8
0
 10
522.083740
 20
-56.413574
  0
VERTEX
  8
0
 10
522.083740
 20
-45.972168
 42
-0.078662
  0
VERTEX
  8
0
 10
522.181396
 20
-45.354992
 42
0.612455
  0
VERTEX
  8
0
 10
520.921631
 20
-44.095215
 42
-0.078303
  0
VERTEX
  8
0
 10
520.304443
 20
-44.192871
  0
VERTEX
  8
0
 10
509.863068
 20
-44.192871
 42
-0.078317
  0
VERTEX
  8
0
 10
509.246124
 20
-44.095211
 42
0.612457
  0
VERTEX
  8
0
 10
507.986328
 20
-45.354851
 42
240788484342463670000000000000000000000000000000000000000000000000000000000000000000000000000000000000000000000000000000000000000000000000000000000000000000000000000000000000000000000000000000000000000000000000000000000000000000000000000000000000000000000000000000000000000000000000000000000.000000
  0
SEQEND
  8
0
  0
POLYLINE
  8
0
 66
1
  0
VERTEX
  8
0
 10
488.986115
 20
-45.354965
 42
-0.078578
  0
VERTEX
  8
0
 10
489.083771
 20
-45.972412
  0
VERTEX
  8
0
 10
489.083771
 20
-56.413086
 42
-0.078627
  0
VERTEX
  8
0
 10
488.986359
 20
-57.030750
 42
0.612470
  0
VERTEX
  8
0
 10
490.245911
 20
-58.290527
 42
-0.078318
  0
VERTEX
  8
0
 10
490.863312
 20
-58.192871
  0
VERTEX
  8
0
 10
501.304688
 20
-58.192871
 42
-0.078326
  0
VERTEX
  8
0
 10
501.921631
 20
-58.290531
 42
0.612457
  0
VERTEX
  8
0
 10
503.181305
 20
-57.030659
 42
-0.078633
  0
VERTEX
  8
0
 10
503.083740
 20
-56.413574
  0
VERTEX
  8
0
 10
503.083740
 20
-45.972168
 42
-0.078614
  0
VERTEX
  8
0
 10
503.181396
 20
-45.354992
 42
0.612451
  0
VERTEX
  8
0
 10
501.921600
 20
-44.095215
 42
-0.078314
  0
VERTEX
  8
0
 10
501.304443
 20
-44.192871
  0
VERTEX
  8
0
 10
490.863068
 20
-44.192871
 42
-0.078317
  0
VERTEX
  8
0
 10
490.246124
 20
-44.095211
 42
0.612457
  0
VERTEX
  8
0
 10
488.986328
 20
-45.354851
 42
240788484342463670000000000000000000000000000000000000000000000000000000000000000000000000000000000000000000000000000000000000000000000000000000000000000000000000000000000000000000000000000000000000000000000000000000000000000000000000000000000000000000000000000000000000000000000000000000000.000000
  0
SEQEND
  8
0
  0
POLYLINE
  8
0
 66
1
  0
VERTEX
  8
0
 10
488.986115
 20
-64.354965
 42
-0.078576
  0
VERTEX
  8
0
 10
489.083771
 20
-64.972412
  0
VERTEX
  8
0
 10
489.083771
 20
-75.413086
 42
-0.078625
  0
VERTEX
  8
0
 10
488.986359
 20
-76.030754
 42
0.612464
  0
VERTEX
  8
0
 10
490.245911
 20
-77.290527
 42
-0.078294
  0
VERTEX
  8
0
 10
490.863312
 20
-77.192871
  0
VERTEX
  8
0
 10
501.304688
 20
-77.192871
 42
-0.078302
  0
VERTEX
  8
0
 10
501.921631
 20
-77.290527
 42
0.612464
  0
VERTEX
  8
0
 10
503.181305
 20
-76.030655
 42
-0.078630
  0
VERTEX
  8
0
 10
503.083740
 20
-75.413574
  0
VERTEX
  8
0
 10
503.083740
 20
-64.972168
 42
-0.078616
  0
VERTEX
  8
0
 10
503.181396
 20
-64.354988
 42
0.612449
  0
VERTEX
  8
0
 10
501.921600
 20
-63.095215
 42
-0.078314
  0
VERTEX
  8
0
 10
501.304443
 20
-63.192871
  0
VERTEX
  8
0
 10
490.863068
 20
-63.192871
 42
-0.078317
  0
VERTEX
  8
0
 10
490.246124
 20
-63.095211
 42
0.612457
  0
VERTEX
  8
0
 10
488.986328
 20
-64.354851
 42
240788484342463670000000000000000000000000000000000000000000000000000000000000000000000000000000000000000000000000000000000000000000000000000000000000000000000000000000000000000000000000000000000000000000000000000000000000000000000000000000000000000000000000000000000000000000000000000000000.000000
  0
SEQEND
  8
0
  0
POLYLINE
  8
0
 66
1
  0
VERTEX
  8
0
 10
507.986115
 20
-64.354965
 42
-0.078576
  0
VERTEX
  8
0
 10
508.083771
 20
-64.972412
  0
VERTEX
  8
0
 10
508.083771
 20
-75.413086
 42
-0.078625
  0
VERTEX
  8
0
 10
507.986359
 20
-76.030754
 42
0.612464
  0
VERTEX
  8
0
 10
509.245911
 20
-77.290527
 42
-0.078294
  0
VERTEX
  8
0
 10
509.863312
 20
-77.192871
  0
VERTEX
  8
0
 10
520.304688
 20
-77.192871
 42
-0.078302
  0
VERTEX
  8
0
 10
520.921631
 20
-77.290527
 42
0.612444
  0
VERTEX
  8
0
 10
522.181274
 20
-76.030655
 42
-0.078534
  0
VERTEX
  8
0
 10
522.083740
 20
-75.413574
  0
VERTEX
  8
0
 10
522.083740
 20
-64.972168
 42
-0.078664
  0
VERTEX
  8
0
 10
522.181396
 20
-64.354988
 42
0.612453
  0
VERTEX
  8
0
 10
520.921631
 20
-63.095215
 42
-0.078303
  0
VERTEX
  8
0
 10
520.304443
 20
-63.192871
  0
VERTEX
  8
0
 10
509.863068
 20
-63.192871
 42
-0.078317
  0
VERTEX
  8
0
 10
509.246124
 20
-63.095211
 42
0.612457
  0
VERTEX
  8
0
 10
507.986328
 20
-64.354851
 42
240788484342463670000000000000000000000000000000000000000000000000000000000000000000000000000000000000000000000000000000000000000000000000000000000000000000000000000000000000000000000000000000000000000000000000000000000000000000000000000000000000000000000000000000000000000000000000000000000.000000
  0
SEQEND
  8
0
  0
POLYLINE
  8
0
 66
1
  0
VERTEX
  8
0
 10
507.986115
 20
-83.354965
 42
-0.078576
  0
VERTEX
  8
0
 10
508.083771
 20
-83.972412
  0
VERTEX
  8
0
 10
508.083771
 20
-94.413086
 42
-0.078625
  0
VERTEX
  8
0
 10
507.986359
 20
-95.030754
 42
0.612464
  0
VERTEX
  8
0
 10
509.245911
 20
-96.290527
 42
-0.078294
  0
VERTEX
  8
0
 10
509.863312
 20
-96.192871
  0
VERTEX
  8
0
 10
520.304688
 20
-96.192871
 42
-0.078302
  0
VERTEX
  8
0
 10
520.921631
 20
-96.290527
 42
0.612444
  0
VERTEX
  8
0
 10
522.181274
 20
-95.030655
 42
-0.078534
  0
VERTEX
  8
0
 10
522.083740
 20
-94.413574
  0
VERTEX
  8
0
 10
522.083740
 20
-83.972168
 42
-0.078664
  0
VERTEX
  8
0
 10
522.181396
 20
-83.354988
 42
0.612453
  0
VERTEX
  8
0
 10
520.921631
 20
-82.095215
 42
-0.078291
  0
VERTEX
  8
0
 10
520.304443
 20
-82.192871
  0
VERTEX
  8
0
 10
509.863068
 20
-82.192871
 42
-0.078317
  0
VERTEX
  8
0
 10
509.246124
 20
-82.095215
 42
0.612464
  0
VERTEX
  8
0
 10
507.986328
 20
-83.354851
 42
240788484342463670000000000000000000000000000000000000000000000000000000000000000000000000000000000000000000000000000000000000000000000000000000000000000000000000000000000000000000000000000000000000000000000000000000000000000000000000000000000000000000000000000000000000000000000000000000000.000000
  0
SEQEND
  8
0
  0
POLYLINE
  8
0
 66
1
  0
VERTEX
  8
0
 10
488.986115
 20
-83.354965
 42
-0.078576
  0
VERTEX
  8
0
 10
489.083771
 20
-83.972412
  0
VERTEX
  8
0
 10
489.083771
 20
-94.413086
 42
-0.078625
  0
VERTEX
  8
0
 10
488.986359
 20
-95.030754
 42
0.612464
  0
VERTEX
  8
0
 10
490.245911
 20
-96.290527
 42
-0.078294
  0
VERTEX
  8
0
 10
490.863312
 20
-96.192871
  0
VERTEX
  8
0
 10
501.304688
 20
-96.192871
 42
-0.078302
  0
VERTEX
  8
0
 10
501.921631
 20
-96.290527
 42
0.612464
  0
VERTEX
  8
0
 10
503.181305
 20
-95.030655
 42
-0.078630
  0
VERTEX
  8
0
 10
503.083740
 20
-94.413574
  0
VERTEX
  8
0
 10
503.083740
 20
-83.972168
 42
-0.078616
  0
VERTEX
  8
0
 10
503.181396
 20
-83.354988
 42
0.612449
  0
VERTEX
  8
0
 10
501.921600
 20
-82.095215
 42
-0.078302
  0
VERTEX
  8
0
 10
501.304443
 20
-82.192871
  0
VERTEX
  8
0
 10
490.863068
 20
-82.192871
 42
-0.078317
  0
VERTEX
  8
0
 10
490.246124
 20
-82.095215
 42
0.612464
  0
VERTEX
  8
0
 10
488.986328
 20
-83.354851
 42
240788484342463670000000000000000000000000000000000000000000000000000000000000000000000000000000000000000000000000000000000000000000000000000000000000000000000000000000000000000000000000000000000000000000000000000000000000000000000000000000000000000000000000000000000000000000000000000000000.000000
  0
SEQEND
  8
0
  0
POLYLINE
  8
0
 66
1
  0
VERTEX
  8
0
 10
488.986115
 20
-102.354965
 42
-0.078576
  0
VERTEX
  8
0
 10
489.083771
 20
-102.972412
  0
VERTEX
  8
0
 10
489.083771
 20
-113.413086
 42
-0.078625
  0
VERTEX
  8
0
 10
488.986359
 20
-114.030754
 42
0.612464
  0
VERTEX
  8
0
 10
490.245911
 20
-115.290527
 42
-0.078294
  0
VERTEX
  8
0
 10
490.863312
 20
-115.192871
  0
VERTEX
  8
0
 10
501.304688
 20
-115.192871
 42
-0.078302
  0
VERTEX
  8
0
 10
501.921631
 20
-115.290527
 42
0.612464
  0
VERTEX
  8
0
 10
503.181305
 20
-114.030655
 42
-0.078630
  0
VERTEX
  8
0
 10
503.083740
 20
-113.413574
  0
VERTEX
  8
0
 10
503.083740
 20
-102.972168
 42
-0.078616
  0
VERTEX
  8
0
 10
503.181396
 20
-102.354988
 42
0.612449
  0
VERTEX
  8
0
 10
501.921600
 20
-101.095215
 42
-0.078302
  0
VERTEX
  8
0
 10
501.304443
 20
-101.192871
  0
VERTEX
  8
0
 10
490.863068
 20
-101.192871
 42
-0.078317
  0
VERTEX
  8
0
 10
490.246124
 20
-101.095215
 42
0.612464
  0
VERTEX
  8
0
 10
488.986328
 20
-102.354851
 42
240788484342463670000000000000000000000000000000000000000000000000000000000000000000000000000000000000000000000000000000000000000000000000000000000000000000000000000000000000000000000000000000000000000000000000000000000000000000000000000000000000000000000000000000000000000000000000000000000.000000
  0
SEQEND
  8
0
  0
POLYLINE
  8
0
 66
1
  0
VERTEX
  8
0
 10
507.986115
 20
-102.354965
 42
-0.078576
  0
VERTEX
  8
0
 10
508.083771
 20
-102.972412
  0
VERTEX
  8
0
 10
508.083771
 20
-113.413086
 42
-0.078625
  0
VERTEX
  8
0
 10
507.986359
 20
-114.030754
 42
0.612464
  0
VERTEX
  8
0
 10
509.245911
 20
-115.290527
 42
-0.078294
  0
VERTEX
  8
0
 10
509.863312
 20
-115.192871
  0
VERTEX
  8
0
 10
520.304688
 20
-115.192871
 42
-0.078302
  0
VERTEX
  8
0
 10
520.921631
 20
-115.290527
 42
0.612444
  0
VERTEX
  8
0
 10
522.181274
 20
-114.030655
 42
-0.078534
  0
VERTEX
  8
0
 10
522.083740
 20
-113.413574
  0
VERTEX
  8
0
 10
522.083740
 20
-102.972168
 42
-0.078664
  0
VERTEX
  8
0
 10
522.181396
 20
-102.354988
 42
0.612453
  0
VERTEX
  8
0
 10
520.921631
 20
-101.095215
 42
-0.078291
  0
VERTEX
  8
0
 10
520.304443
 20
-101.192871
  0
VERTEX
  8
0
 10
509.863068
 20
-101.192871
 42
-0.078317
  0
VERTEX
  8
0
 10
509.246124
 20
-101.095215
 42
0.612464
  0
VERTEX
  8
0
 10
507.986328
 20
-102.354851
 42
240788484342463670000000000000000000000000000000000000000000000000000000000000000000000000000000000000000000000000000000000000000000000000000000000000000000000000000000000000000000000000000000000000000000000000000000000000000000000000000000000000000000000000000000000000000000000000000000000.000000
  0
SEQEND
  8
0
  0
POLYLINE
  8
0
 66
1
  0
VERTEX
  8
0
 10
526.986084
 20
-21.354477
 42
-0.078576
  0
VERTEX
  8
0
 10
527.083740
 20
-21.971924
  0
VERTEX
  8
0
 10
527.083740
 20
-32.412598
 42
-0.078580
  0
VERTEX
  8
0
 10
526.986328
 20
-33.030262
 42
0.612465
  0
VERTEX
  8
0
 10
528.245850
 20
-34.290039
 42
-0.078307
  0
VERTEX
  8
0
 10
528.863281
 20
-34.192383
  0
VERTEX
  8
0
 10
539.304688
 20
-34.192383
 42
-0.078326
  0
VERTEX
  8
0
 10
539.921631
 20
-34.290043
 42
0.612437
  0
VERTEX
  8
0
 10
541.181274
 20
-33.030170
 42
-0.078537
  0
VERTEX
  8
0
 10
541.083740
 20
-32.413086
  0
VERTEX
  8
0
 10
541.083740
 20
-21.971680
 42
-0.078662
  0
VERTEX
  8
0
 10
541.181396
 20
-21.354504
 42
0.612450
  0
VERTEX
  8
0
 10
539.921631
 20
-20.094728
 42
-0.078303
  0
VERTEX
  8
0
 10
539.304443
 20
-20.192383
  0
VERTEX
  8
0
 10
528.863037
 20
-20.192383
 42
-0.078316
  0
VERTEX
  8
0
 10
528.246094
 20
-20.094725
 42
0.612440
  0
VERTEX
  8
0
 10
526.986267
 20
-21.354364
 42
240788484342463670000000000000000000000000000000000000000000000000000000000000000000000000000000000000000000000000000000000000000000000000000000000000000000000000000000000000000000000000000000000000000000000000000000000000000000000000000000000000000000000000000000000000000000000000000000000.000000
  0
SEQEND
  8
0
  0
POLYLINE
  8
0
 66
1
  0
VERTEX
  8
0
 10
507.986084
 20
-21.354473
 42
-0.078599
  0
VERTEX
  8
0
 10
508.083771
 20
-21.971924
  0
VERTEX
  8
0
 10
508.083740
 20
-32.412598
 42
-0.078603
  0
VERTEX
  8
0
 10
507.986359
 20
-33.030262
 42
0.612470
  0
VERTEX
  8
0
 10
509.245911
 20
-34.290039
 42
-0.078318
  0
VERTEX
  8
0
 10
509.863312
 20
-34.192383
  0
VERTEX
  8
0
 10
520.304688
 20
-34.192383
 42
-0.078326
  0
VERTEX
  8
0
 10
520.921631
 20
-34.290043
 42
0.612437
  0
VERTEX
  8
0
 10
522.181274
 20
-33.030170
 42
-0.078537
  0
VERTEX
  8
0
 10
522.083740
 20
-32.413086
  0
VERTEX
  8
0
 10
522.083740
 20
-21.971680
 42
-0.078662
  0
VERTEX
  8
0
 10
522.181396
 20
-21.354504
 42
0.612450
  0
VERTEX
  8
0
 10
520.921631
 20
-20.094728
 42
-0.078303
  0
VERTEX
  8
0
 10
520.304443
 20
-20.192383
  0
VERTEX
  8
0
 10
509.863068
 20
-20.192383
 42
-0.078305
  0
VERTEX
  8
0
 10
509.246124
 20
-20.094725
 42
0.612460
  0
VERTEX
  8
0
 10
507.986328
 20
-21.354364
 42
240788484342463670000000000000000000000000000000000000000000000000000000000000000000000000000000000000000000000000000000000000000000000000000000000000000000000000000000000000000000000000000000000000000000000000000000000000000000000000000000000000000000000000000000000000000000000000000000000.000000
  0
SEQEND
  8
0
  0
POLYLINE
  8
0
 66
1
  0
VERTEX
  8
0
 10
488.986084
 20
-21.354477
 42
-0.078576
  0
VERTEX
  8
0
 10
489.083740
 20
-21.971924
  0
VERTEX
  8
0
 10
489.083740
 20
-32.412598
 42
-0.078627
  0
VERTEX
  8
0
 10
488.986359
 20
-33.030262
 42
0.612470
  0
VERTEX
  8
0
 10
490.245911
 20
-34.290039
 42
-0.078318
  0
VERTEX
  8
0
 10
490.863312
 20
-34.192383
  0
VERTEX
  8
0
 10
501.304718
 20
-34.192383
 42
-0.078326
  0
VERTEX
  8
0
 10
501.921661
 20
-34.290043
 42
0.612457
  0
VERTEX
  8
0
 10
503.181305
 20
-33.030167
 42
-0.078611
  0
VERTEX
  8
0
 10
503.083740
 20
-32.413086
  0
VERTEX
  8
0
 10
503.083740
 20
-21.971680
 42
-0.078614
  0
VERTEX
  8
0
 10
503.181396
 20
-21.354504
 42
0.612446
  0
VERTEX
  8
0
 10
501.921600
 20
-20.094728
 42
-0.078314
  0
VERTEX
  8
0
 10
501.304443
 20
-20.192383
  0
VERTEX
  8
0
 10
490.863037
 20
-20.192383
 42
-0.078305
  0
VERTEX
  8
0
 10
490.246094
 20
-20.094725
 42
0.612460
  0
VERTEX
  8
0
 10
488.986298
 20
-21.354364
 42
240788484342463670000000000000000000000000000000000000000000000000000000000000000000000000000000000000000000000000000000000000000000000000000000000000000000000000000000000000000000000000000000000000000000000000000000000000000000000000000000000000000000000000000000000000000000000000000000000.000000
  0
SEQEND
  8
0
  0
POLYLINE
  8
0
 66
1
  0
VERTEX
  8
0
 10
405.996216
 20
-21.354233
 42
-0.078564
  0
VERTEX
  8
0
 10
406.093872
 20
-21.971680
  0
VERTEX
  8
0
 10
406.093872
 20
-32.412354
 42
-0.078627
  0
VERTEX
  8
0
 10
405.996460
 20
-33.030018
 42
0.612465
  0
VERTEX
  8
0
 10
407.256012
 20
-34.289799
 42
-0.078306
  0
VERTEX
  8
0
 10
407.873413
 20
-34.192139
  0
VERTEX
  8
0
 10
418.314819
 20
-34.192139
 42
-0.078326
  0
VERTEX
  8
0
 10
418.931763
 20
-34.289795
 42
0.612456
  0
VERTEX
  8
0
 10
420.191437
 20
-33.029926
 42
-0.078622
  0
VERTEX
  8
0
 10
420.093872
 20
-32.412842
  0
VERTEX
  8
0
 10
420.093872
 20
-21.971436
 42
-0.078614
  0
VERTEX
  8
0
 10
420.191528
 20
-21.354258
 42
0.612445
  0
VERTEX
  8
0
 10
418.931732
 20
-20.094484
 42
-0.078320
  0
VERTEX
  8
0
 10
418.314575
 20
-20.192139
  0
VERTEX
  8
0
 10
407.873169
 20
-20.192139
 42
-0.078305
  0
VERTEX
  8
0
 10
407.256226
 20
-20.094482
 42
0.612458
  0
VERTEX
  8
0
 10
405.996429
 20
-21.354118
 42
240788484342463670000000000000000000000000000000000000000000000000000000000000000000000000000000000000000000000000000000000000000000000000000000000000000000000000000000000000000000000000000000000000000000000000000000000000000000000000000000000000000000000000000000000000000000000000000000000.000000
  0
SEQEND
  8
0
  0
POLYLINE
  8
0
 66
1
  0
VERTEX
  8
0
 10
424.996216
 20
-21.354235
 42
-0.078554
  0
VERTEX
  8
0
 10
425.093872
 20
-21.971680
  0
VERTEX
  8
0
 10
425.093872
 20
-32.412354
 42
-0.078627
  0
VERTEX
  8
0
 10
424.996460
 20
-33.030018
 42
0.612470
  0
VERTEX
  8
0
 10
426.256012
 20
-34.289795
 42
-0.078318
  0
VERTEX
  8
0
 10
426.873413
 20
-34.192139
  0
VERTEX
  8
0
 10
437.314819
 20
-34.192139
 42
-0.078326
  0
VERTEX
  8
0
 10
437.931763
 20
-34.289795
 42
0.612456
  0
VERTEX
  8
0
 10
439.191437
 20
-33.029926
 42
-0.078633
  0
VERTEX
  8
0
 10
439.093872
 20
-32.412842
  0
VERTEX
  8
0
 10
439.093872
 20
-21.971436
 42
-0.078614
  0
VERTEX
  8
0
 10
439.191528
 20
-21.354259
 42
0.612446
  0
VERTEX
  8
0
 10
437.931732
 20
-20.094486
 42
-0.078308
  0
VERTEX
  8
0
 10
437.314575
 20
-20.192139
  0
VERTEX
  8
0
 10
426.873169
 20
-20.192139
 42
-0.078305
  0
VERTEX
  8
0
 10
426.256226
 20
-20.094482
 42
0.612458
  0
VERTEX
  8
0
 10
424.996429
 20
-21.354118
 42
240788484342463670000000000000000000000000000000000000000000000000000000000000000000000000000000000000000000000000000000000000000000000000000000000000000000000000000000000000000000000000000000000000000000000000000000000000000000000000000000000000000000000000000000000000000000000000000000000.000000
  0
SEQEND
  8
0
  0
POLYLINE
  8
0
 66
1
  0
VERTEX
  8
0
 10
443.996185
 20
-21.354235
 42
-0.078590
  0
VERTEX
  8
0
 10
444.093872
 20
-21.971680
  0
VERTEX
  8
0
 10
444.093872
 20
-32.412354
 42
-0.078615
  0
VERTEX
  8
0
 10
443.996460
 20
-33.030018
 42
0.612470
  0
VERTEX
  8
0
 10
445.256012
 20
-34.289795
 42
-0.078318
  0
VERTEX
  8
0
 10
445.873413
 20
-34.192139
  0
VERTEX
  8
0
 10
456.314819
 20
-34.192139
 42
-0.078326
  0
VERTEX
  8
0
 10
456.931763
 20
-34.289795
 42
0.612456
  0
VERTEX
  8
0
 10
458.191437
 20
-33.029922
 42
-0.078611
  0
VERTEX
  8
0
 10
458.093872
 20
-32.412842
  0
VERTEX
  8
0
 10
458.093872
 20
-21.971436
 42
-0.078614
  0
VERTEX
  8
0
 10
458.191528
 20
-21.354259
 42
0.612446
  0
VERTEX
  8
0
 10
456.931732
 20
-20.094486
 42
-0.078308
  0
VERTEX
  8
0
 10
456.314575
 20
-20.192139
  0
VERTEX
  8
0
 10
445.873169
 20
-20.192139
 42
-0.078305
  0
VERTEX
  8
0
 10
445.256226
 20
-20.094482
 42
0.612458
  0
VERTEX
  8
0
 10
443.996429
 20
-21.354118
 42
240788484342463670000000000000000000000000000000000000000000000000000000000000000000000000000000000000000000000000000000000000000000000000000000000000000000000000000000000000000000000000000000000000000000000000000000000000000000000000000000000000000000000000000000000000000000000000000000000.000000
  0
SEQEND
  8
0
  0
POLYLINE
  8
0
 66
1
  0
VERTEX
  8
0
 10
339.496368
 20
-21.354235
 42
-0.078554
  0
VERTEX
  8
0
 10
339.594025
 20
-21.971680
  0
VERTEX
  8
0
 10
339.594025
 20
-32.412354
 42
-0.078627
  0
VERTEX
  8
0
 10
339.496613
 20
-33.030018
 42
0.612465
  0
VERTEX
  8
0
 10
340.756165
 20
-34.289799
 42
-0.078306
  0
VERTEX
  8
0
 10
341.373566
 20
-34.192139
  0
VERTEX
  8
0
 10
351.814941
 20
-34.192139
 42
-0.078326
  0
VERTEX
  8
0
 10
352.431885
 20
-34.289795
 42
0.612457
  0
VERTEX
  8
0
 10
353.691559
 20
-33.029926
 42
-0.078628
  0
VERTEX
  8
0
 10
353.593994
 20
-32.412842
  0
VERTEX
  8
0
 10
353.593994
 20
-21.971436
 42
-0.078614
  0
VERTEX
  8
0
 10
353.691650
 20
-21.354258
 42
0.612445
  0
VERTEX
  8
0
 10
352.431854
 20
-20.094486
 42
-0.078308
  0
VERTEX
  8
0
 10
351.814697
 20
-20.192139
  0
VERTEX
  8
0
 10
341.373322
 20
-20.192139
 42
-0.078305
  0
VERTEX
  8
0
 10
340.756378
 20
-20.094482
 42
0.612458
  0
VERTEX
  8
0
 10
339.496582
 20
-21.354118
 42
240788484342463670000000000000000000000000000000000000000000000000000000000000000000000000000000000000000000000000000000000000000000000000000000000000000000000000000000000000000000000000000000000000000000000000000000000000000000000000000000000000000000000000000000000000000000000000000000000.000000
  0
SEQEND
  8
0
  0
POLYLINE
  8
0
 66
1
  0
VERTEX
  8
0
 10
320.496338
 20
-21.354233
 42
-0.078564
  0
VERTEX
  8
0
 10
320.593994
 20
-21.971680
  0
VERTEX
  8
0
 10
320.593994
 20
-32.412354
 42
-0.078627
  0
VERTEX
  8
0
 10
320.496582
 20
-33.030018
 42
0.612465
  0
VERTEX
  8
0
 10
321.756134
 20
-34.289799
 42
-0.078306
  0
VERTEX
  8
0
 10
322.373535
 20
-34.192139
  0
VERTEX
  8
0
 10
332.814941
 20
-34.192139
 42
-0.078326
  0
VERTEX
  8
0
 10
333.431885
 20
-34.289795
 42
0.612456
  0
VERTEX
  8
0
 10
334.691559
 20
-33.029926
 42
-0.078622
  0
VERTEX
  8
0
 10
334.593994
 20
-32.412842
  0
VERTEX
  8
0
 10
334.593994
 20
-21.971436
 42
-0.078614
  0
VERTEX
  8
0
 10
334.691650
 20
-21.354258
 42
0.612445
  0
VERTEX
  8
0
 10
333.431854
 20
-20.094484
 42
-0.078320
  0
VERTEX
  8
0
 10
332.814697
 20
-20.192139
  0
VERTEX
  8
0
 10
322.373291
 20
-20.192139
 42
-0.078305
  0
VERTEX
  8
0
 10
321.756348
 20
-20.094482
 42
0.612458
  0
VERTEX
  8
0
 10
320.496552
 20
-21.354118
 42
240788484342463670000000000000000000000000000000000000000000000000000000000000000000000000000000000000000000000000000000000000000000000000000000000000000000000000000000000000000000000000000000000000000000000000000000000000000000000000000000000000000000000000000000000000000000000000000000000.000000
  0
SEQEND
  8
0
  0
POLYLINE
  8
0
 66
1
  0
VERTEX
  8
0
 10
301.496338
 20
-21.354233
 42
-0.078576
  0
VERTEX
  8
0
 10
301.593994
 20
-21.971680
  0
VERTEX
  8
0
 10
301.593994
 20
-32.412354
 42
-0.078627
  0
VERTEX
  8
0
 10
301.496613
 20
-33.030018
 42
0.612470
  0
VERTEX
  8
0
 10
302.756165
 20
-34.289795
 42
-0.078318
  0
VERTEX
  8
0
 10
303.373566
 20
-34.192139
  0
VERTEX
  8
0
 10
313.814941
 20
-34.192139
 42
-0.078326
  0
VERTEX
  8
0
 10
314.431885
 20
-34.289795
 42
0.612456
  0
VERTEX
  8
0
 10
315.691559
 20
-33.029926
 42
-0.078622
  0
VERTEX
  8
0
 10
315.593994
 20
-32.412842
  0
VERTEX
  8
0
 10
315.593994
 20
-21.971436
 42
-0.078614
  0
VERTEX
  8
0
 10
315.691650
 20
-21.354258
 42
0.612445
  0
VERTEX
  8
0
 10
314.431854
 20
-20.094486
 42
-0.078308
  0
VERTEX
  8
0
 10
313.814697
 20
-20.192139
  0
VERTEX
  8
0
 10
303.373291
 20
-20.192139
 42
-0.078305
  0
VERTEX
  8
0
 10
302.756348
 20
-20.094482
 42
0.612458
  0
VERTEX
  8
0
 10
301.496552
 20
-21.354118
 42
240788484342463670000000000000000000000000000000000000000000000000000000000000000000000000000000000000000000000000000000000000000000000000000000000000000000000000000000000000000000000000000000000000000000000000000000000000000000000000000000000000000000000000000000000000000000000000000000000.000000
  0
SEQEND
  8
0
  0
POLYLINE
  8
0
 66
1
  0
VERTEX
  8
0
 10
234.996353
 20
-21.354237
 42
-0.078580
  0
VERTEX
  8
0
 10
235.094025
 20
-21.971680
  0
VERTEX
  8
0
 10
235.094025
 20
-32.412354
 42
-0.078603
  0
VERTEX
  8
0
 10
234.996613
 20
-33.030018
 42
0.612470
  0
VERTEX
  8
0
 10
236.256165
 20
-34.289795
 42
-0.078320
  0
VERTEX
  8
0
 10
236.873566
 20
-34.192139
  0
VERTEX
  8
0
 10
247.314941
 20
-34.192139
 42
-0.078321
  0
VERTEX
  8
0
 10
247.931885
 20
-34.289799
 42
0.612447
  0
VERTEX
  8
0
 10
249.191559
 20
-33.029926
 42
-0.078609
  0
VERTEX
  8
0
 10
249.093994
 20
-32.412842
  0
VERTEX
  8
0
 10
249.093994
 20
-21.971436
 42
-0.078638
  0
VERTEX
  8
0
 10
249.191650
 20
-21.354259
 42
0.612446
  0
VERTEX
  8
0
 10
247.931870
 20
-20.094484
 42
-0.078310
  0
VERTEX
  8
0
 10
247.314697
 20
-20.192139
  0
VERTEX
  8
0
 10
236.873322
 20
-20.192139
 42
-0.078311
  0
VERTEX
  8
0
 10
236.256363
 20
-20.094484
 42
0.612453
  0
VERTEX
  8
0
 10
234.996582
 20
-21.354118
 42
240788484342463670000000000000000000000000000000000000000000000000000000000000000000000000000000000000000000000000000000000000000000000000000000000000000000000000000000000000000000000000000000000000000000000000000000000000000000000000000000000000000000000000000000000000000000000000000000000.000000
  0
SEQEND
  8
0
  0
POLYLINE
  8
0
 66
1
  0
VERTEX
  8
0
 10
253.996338
 20
-21.354235
 42
-0.078602
  0
VERTEX
  8
0
 10
254.094009
 20
-21.971680
  0
VERTEX
  8
0
 10
254.094009
 20
-32.412354
 42
-0.078603
  0
VERTEX
  8
0
 10
253.996613
 20
-33.030018
 42
0.612470
  0
VERTEX
  8
0
 10
255.256165
 20
-34.289795
 42
-0.078320
  0
VERTEX
  8
0
 10
255.873566
 20
-34.192139
  0
VERTEX
  8
0
 10
266.314941
 20
-34.192139
 42
-0.078326
  0
VERTEX
  8
0
 10
266.931885
 20
-34.289795
 42
0.612456
  0
VERTEX
  8
0
 10
268.191559
 20
-33.029922
 42
-0.078611
  0
VERTEX
  8
0
 10
268.093994
 20
-32.412842
  0
VERTEX
  8
0
 10
268.093994
 20
-21.971436
 42
-0.078614
  0
VERTEX
  8
0
 10
268.191650
 20
-21.354259
 42
0.612446
  0
VERTEX
  8
0
 10
266.931854
 20
-20.094486
 42
-0.078308
  0
VERTEX
  8
0
 10
266.314697
 20
-20.192139
  0
VERTEX
  8
0
 10
255.873306
 20
-20.192139
 42
-0.078311
  0
VERTEX
  8
0
 10
255.256363
 20
-20.094482
 42
0.612448
  0
VERTEX
  8
0
 10
253.996552
 20
-21.354118
 42
240788484342463670000000000000000000000000000000000000000000000000000000000000000000000000000000000000000000000000000000000000000000000000000000000000000000000000000000000000000000000000000000000000000000000000000000000000000000000000000000000000000000000000000000000000000000000000000000000.000000
  0
SEQEND
  8
0
  0
POLYLINE
  8
0
 66
1
  0
VERTEX
  8
0
 10
272.996338
 20
-21.354235
 42
-0.078554
  0
VERTEX
  8
0
 10
273.093994
 20
-21.971680
  0
VERTEX
  8
0
 10
273.093994
 20
-32.412354
 42
-0.078627
  0
VERTEX
  8
0
 10
272.996613
 20
-33.030018
 42
0.612470
  0
VERTEX
  8
0
 10
274.256165
 20
-34.289795
 42
-0.078318
  0
VERTEX
  8
0
 10
274.873566
 20
-34.192139
  0
VERTEX
  8
0
 10
285.314941
 20
-34.192139
 42
-0.078326
  0
VERTEX
  8
0
 10
285.931885
 20
-34.289795
 42
0.612456
  0
VERTEX
  8
0
 10
287.191559
 20
-33.029922
 42
-0.078611
  0
VERTEX
  8
0
 10
287.093994
 20
-32.412842
  0
VERTEX
  8
0
 10
287.093994
 20
-21.971436
 42
-0.078614
  0
VERTEX
  8
0
 10
287.191650
 20
-21.354259
 42
0.612446
  0
VERTEX
  8
0
 10
285.931854
 20
-20.094486
 42
-0.078308
  0
VERTEX
  8
0
 10
285.314697
 20
-20.192139
  0
VERTEX
  8
0
 10
274.873291
 20
-20.192139
 42
-0.078305
  0
VERTEX
  8
0
 10
274.256348
 20
-20.094482
 42
0.612458
  0
VERTEX
  8
0
 10
272.996552
 20
-21.354118
 42
240788484342463670000000000000000000000000000000000000000000000000000000000000000000000000000000000000000000000000000000000000000000000000000000000000000000000000000000000000000000000000000000000000000000000000000000000000000000000000000000000000000000000000000000000000000000000000000000000.000000
  0
SEQEND
  8
0
  0
POLYLINE
  8
0
 66
1
  0
VERTEX
  8
0
 10
196.986237
 20
-45.354965
 42
-0.078578
  0
VERTEX
  8
0
 10
197.083893
 20
-45.972412
  0
VERTEX
  8
0
 10
197.083893
 20
-56.413086
 42
-0.078603
  0
VERTEX
  8
0
 10
196.986481
 20
-57.030750
 42
0.612470
  0
VERTEX
  8
0
 10
198.246033
 20
-58.290527
 42
-0.078320
  0
VERTEX
  8
0
 10
198.863434
 20
-58.192871
  0
VERTEX
  8
0
 10
209.304810
 20
-58.192871
 42
-0.078321
  0
VERTEX
  8
0
 10
209.921753
 20
-58.290531
 42
0.612447
  0
VERTEX
  8
0
 10
211.181427
 20
-57.030659
 42
-0.078609
  0
VERTEX
  8
0
 10
211.083862
 20
-56.413574
  0
VERTEX
  8
0
 10
211.083862
 20
-45.972168
 42
-0.078638
  0
VERTEX
  8
0
 10
211.181519
 20
-45.354992
 42
0.612451
  0
VERTEX
  8
0
 10
209.921738
 20
-44.095215
 42
-0.078310
  0
VERTEX
  8
0
 10
209.304565
 20
-44.192871
  0
VERTEX
  8
0
 10
198.863190
 20
-44.192871
 42
-0.078323
  0
VERTEX
  8
0
 10
198.246246
 20
-44.095211
 42
0.612447
  0
VERTEX
  8
0
 10
196.986435
 20
-45.354851
 42
240788484342463670000000000000000000000000000000000000000000000000000000000000000000000000000000000000000000000000000000000000000000000000000000000000000000000000000000000000000000000000000000000000000000000000000000000000000000000000000000000000000000000000000000000000000000000000000000000.000000
  0
SEQEND
  8
0
  0
POLYLINE
  8
0
 66
1
  0
VERTEX
  8
0
 10
215.986237
 20
-45.354965
 42
-0.078578
  0
VERTEX
  8
0
 10
216.083893
 20
-45.972412
  0
VERTEX
  8
0
 10
216.083893
 20
-56.413086
 42
-0.078603
  0
VERTEX
  8
0
 10
215.986481
 20
-57.030750
 42
0.612470
  0
VERTEX
  8
0
 10
217.246033
 20
-58.290527
 42
-0.078320
  0
VERTEX
  8
0
 10
217.863434
 20
-58.192871
  0
VERTEX
  8
0
 10
228.304810
 20
-58.192871
 42
-0.078321
  0
VERTEX
  8
0
 10
228.921753
 20
-58.290531
 42
0.612447
  0
VERTEX
  8
0
 10
230.181427
 20
-57.030659
 42
-0.078609
  0
VERTEX
  8
0
 10
230.083862
 20
-56.413574
  0
VERTEX
  8
0
 10
230.083862
 20
-45.972168
 42
-0.078638
  0
VERTEX
  8
0
 10
230.181519
 20
-45.354992
 42
0.612451
  0
VERTEX
  8
0
 10
228.921738
 20
-44.095215
 42
-0.078310
  0
VERTEX
  8
0
 10
228.304565
 20
-44.192871
  0
VERTEX
  8
0
 10
217.863190
 20
-44.192871
 42
-0.078323
  0
VERTEX
  8
0
 10
217.246246
 20
-44.095211
 42
0.612447
  0
VERTEX
  8
0
 10
215.986435
 20
-45.354851
 42
240788484342463670000000000000000000000000000000000000000000000000000000000000000000000000000000000000000000000000000000000000000000000000000000000000000000000000000000000000000000000000000000000000000000000000000000000000000000000000000000000000000000000000000000000000000000000000000000000.000000
  0
SEQEND
  8
0
  0
POLYLINE
  8
0
 66
1
  0
VERTEX
  8
0
 10
234.986221
 20
-45.354969
 42
-0.078579
  0
VERTEX
  8
0
 10
235.083893
 20
-45.972412
  0
VERTEX
  8
0
 10
235.083893
 20
-56.413086
 42
-0.078603
  0
VERTEX
  8
0
 10
234.986481
 20
-57.030750
 42
0.612470
  0
VERTEX
  8
0
 10
236.246033
 20
-58.290527
 42
-0.078320
  0
VERTEX
  8
0
 10
236.863434
 20
-58.192871
  0
VERTEX
  8
0
 10
247.304810
 20
-58.192871
 42
-0.078321
  0
VERTEX
  8
0
 10
247.921753
 20
-58.290531
 42
0.612447
  0
VERTEX
  8
0
 10
249.181427
 20
-57.030659
 42
-0.078609
  0
VERTEX
  8
0
 10
249.083862
 20
-56.413574
  0
VERTEX
  8
0
 10
249.083862
 20
-45.972168
 42
-0.078638
  0
VERTEX
  8
0
 10
249.181519
 20
-45.354992
 42
0.612451
  0
VERTEX
  8
0
 10
247.921738
 20
-44.095215
 42
-0.078310
  0
VERTEX
  8
0
 10
247.304565
 20
-44.192871
  0
VERTEX
  8
0
 10
236.863190
 20
-44.192871
 42
-0.078323
  0
VERTEX
  8
0
 10
236.246231
 20
-44.095219
 42
0.612457
  0
VERTEX
  8
0
 10
234.986450
 20
-45.354851
 42
240788484342463670000000000000000000000000000000000000000000000000000000000000000000000000000000000000000000000000000000000000000000000000000000000000000000000000000000000000000000000000000000000000000000000000000000000000000000000000000000000000000000000000000000000000000000000000000000000.000000
  0
SEQEND
  8
0
  0
POLYLINE
  8
0
 66
1
  0
VERTEX
  8
0
 10
253.986221
 20
-45.354965
 42
-0.078602
  0
VERTEX
  8
0
 10
254.083893
 20
-45.972412
  0
VERTEX
  8
0
 10
254.083893
 20
-56.413086
 42
-0.078603
  0
VERTEX
  8
0
 10
253.986481
 20
-57.030750
 42
0.612470
  0
VERTEX
  8
0
 10
255.246033
 20
-58.290527
 42
-0.078320
  0
VERTEX
  8
0
 10
255.863434
 20
-58.192871
  0
VERTEX
  8
0
 10
266.304810
 20
-58.192871
 42
-0.078326
  0
VERTEX
  8
0
 10
266.921753
 20
-58.290527
 42
0.612456
  0
VERTEX
  8
0
 10
268.181427
 20
-57.030659
 42
-0.078633
  0
VERTEX
  8
0
 10
268.083862
 20
-56.413574
  0
VERTEX
  8
0
 10
268.083862
 20
-45.972168
 42
-0.078614
  0
VERTEX
  8
0
 10
268.181519
 20
-45.354992
 42
0.612451
  0
VERTEX
  8
0
 10
266.921722
 20
-44.095219
 42
-0.078314
  0
VERTEX
  8
0
 10
266.304565
 20
-44.192871
  0
VERTEX
  8
0
 10
255.863190
 20
-44.192871
 42
-0.078323
  0
VERTEX
  8
0
 10
255.246246
 20
-44.095215
 42
0.612446
  0
VERTEX
  8
0
 10
253.986435
 20
-45.354851
 42
240788484342463670000000000000000000000000000000000000000000000000000000000000000000000000000000000000000000000000000000000000000000000000000000000000000000000000000000000000000000000000000000000000000000000000000000000000000000000000000000000000000000000000000000000000000000000000000000000.000000
  0
SEQEND
  8
0
  0
POLYLINE
  8
0
 66
1
  0
VERTEX
  8
0
 10
272.986237
 20
-45.354965
 42
-0.078554
  0
VERTEX
  8
0
 10
273.083893
 20
-45.972412
  0
VERTEX
  8
0
 10
273.083893
 20
-56.413086
 42
-0.078627
  0
VERTEX
  8
0
 10
272.986481
 20
-57.030750
 42
0.612470
  0
VERTEX
  8
0
 10
274.246033
 20
-58.290527
 42
-0.078318
  0
VERTEX
  8
0
 10
274.863434
 20
-58.192871
  0
VERTEX
  8
0
 10
285.304810
 20
-58.192871
 42
-0.078326
  0
VERTEX
  8
0
 10
285.921753
 20
-58.290527
 42
0.612456
  0
VERTEX
  8
0
 10
287.181427
 20
-57.030659
 42
-0.078633
  0
VERTEX
  8
0
 10
287.083862
 20
-56.413574
  0
VERTEX
  8
0
 10
287.083862
 20
-45.972168
 42
-0.078614
  0
VERTEX
  8
0
 10
287.181519
 20
-45.354992
 42
0.612451
  0
VERTEX
  8
0
 10
285.921722
 20
-44.095219
 42
-0.078314
  0
VERTEX
  8
0
 10
285.304565
 20
-44.192871
  0
VERTEX
  8
0
 10
274.863190
 20
-44.192871
 42
-0.078317
  0
VERTEX
  8
0
 10
274.246246
 20
-44.095215
 42
0.612456
  0
VERTEX
  8
0
 10
272.986450
 20
-45.354851
 42
240788484342463670000000000000000000000000000000000000000000000000000000000000000000000000000000000000000000000000000000000000000000000000000000000000000000000000000000000000000000000000000000000000000000000000000000000000000000000000000000000000000000000000000000000000000000000000000000000.000000
  0
SEQEND
  8
0
  0
POLYLINE
  8
0
 66
1
  0
VERTEX
  8
0
 10
291.986237
 20
-45.354965
 42
-0.078554
  0
VERTEX
  8
0
 10
292.083893
 20
-45.972412
  0
VERTEX
  8
0
 10
292.083893
 20
-56.413086
 42
-0.078627
  0
VERTEX
  8
0
 10
291.986481
 20
-57.030750
 42
0.612470
  0
VERTEX
  8
0
 10
293.246033
 20
-58.290527
 42
-0.078318
  0
VERTEX
  8
0
 10
293.863434
 20
-58.192871
  0
VERTEX
  8
0
 10
304.304810
 20
-58.192871
 42
-0.078326
  0
VERTEX
  8
0
 10
304.921753
 20
-58.290527
 42
0.612456
  0
VERTEX
  8
0
 10
306.181427
 20
-57.030659
 42
-0.078633
  0
VERTEX
  8
0
 10
306.083862
 20
-56.413574
  0
VERTEX
  8
0
 10
306.083862
 20
-45.972168
 42
-0.078614
  0
VERTEX
  8
0
 10
306.181519
 20
-45.354988
 42
0.612443
  0
VERTEX
  8
0
 10
304.921722
 20
-44.095215
 42
-0.078314
  0
VERTEX
  8
0
 10
304.304565
 20
-44.192871
  0
VERTEX
  8
0
 10
293.863190
 20
-44.192871
 42
-0.078317
  0
VERTEX
  8
0
 10
293.246246
 20
-44.095215
 42
0.612456
  0
VERTEX
  8
0
 10
291.986450
 20
-45.354851
 42
240788484342463670000000000000000000000000000000000000000000000000000000000000000000000000000000000000000000000000000000000000000000000000000000000000000000000000000000000000000000000000000000000000000000000000000000000000000000000000000000000000000000000000000000000000000000000000000000000.000000
  0
SEQEND
  8
0
  0
POLYLINE
  8
0
 66
1
  0
VERTEX
  8
0
 10
310.986237
 20
-45.354965
 42
-0.078554
  0
VERTEX
  8
0
 10
311.083893
 20
-45.972412
  0
VERTEX
  8
0
 10
311.083893
 20
-56.413086
 42
-0.078627
  0
VERTEX
  8
0
 10
310.986481
 20
-57.030750
 42
0.612470
  0
VERTEX
  8
0
 10
312.246033
 20
-58.290527
 42
-0.078318
  0
VERTEX
  8
0
 10
312.863434
 20
-58.192871
  0
VERTEX
  8
0
 10
323.304810
 20
-58.192871
 42
-0.078326
  0
VERTEX
  8
0
 10
323.921753
 20
-58.290527
 42
0.612456
  0
VERTEX
  8
0
 10
325.181427
 20
-57.030659
 42
-0.078622
  0
VERTEX
  8
0
 10
325.083862
 20
-56.413574
  0
VERTEX
  8
0
 10
325.083862
 20
-45.972168
 42
-0.078614
  0
VERTEX
  8
0
 10
325.181519
 20
-45.354992
 42
0.612447
  0
VERTEX
  8
0
 10
323.921722
 20
-44.095219
 42
-0.078314
  0
VERTEX
  8
0
 10
323.304565
 20
-44.192871
  0
VERTEX
  8
0
 10
312.863190
 20
-44.192871
 42
-0.078317
  0
VERTEX
  8
0
 10
312.246246
 20
-44.095215
 42
0.612456
  0
VERTEX
  8
0
 10
310.986450
 20
-45.354851
 42
240788484342463670000000000000000000000000000000000000000000000000000000000000000000000000000000000000000000000000000000000000000000000000000000000000000000000000000000000000000000000000000000000000000000000000000000000000000000000000000000000000000000000000000000000000000000000000000000000.000000
  0
SEQEND
  8
0
  0
POLYLINE
  8
0
 66
1
  0
VERTEX
  8
0
 10
329.986237
 20
-45.354965
 42
-0.078567
  0
VERTEX
  8
0
 10
330.083893
 20
-45.972412
  0
VERTEX
  8
0
 10
330.083893
 20
-56.413086
 42
-0.078627
  0
VERTEX
  8
0
 10
329.986481
 20
-57.030750
 42
0.612465
  0
VERTEX
  8
0
 10
331.246033
 20
-58.290527
 42
-0.078318
  0
VERTEX
  8
0
 10
331.863434
 20
-58.192871
  0
VERTEX
  8
0
 10
342.304810
 20
-58.192871
 42
-0.078326
  0
VERTEX
  8
0
 10
342.921753
 20
-58.290527
 42
0.612460
  0
VERTEX
  8
0
 10
344.181427
 20
-57.030659
 42
-0.078633
  0
VERTEX
  8
0
 10
344.083862
 20
-56.413574
  0
VERTEX
  8
0
 10
344.083862
 20
-45.972168
 42
-0.078614
  0
VERTEX
  8
0
 10
344.181519
 20
-45.354992
 42
0.612447
  0
VERTEX
  8
0
 10
342.921722
 20
-44.095219
 42
-0.078314
  0
VERTEX
  8
0
 10
342.304565
 20
-44.192871
  0
VERTEX
  8
0
 10
331.863190
 20
-44.192871
 42
-0.078317
  0
VERTEX
  8
0
 10
331.246246
 20
-44.095215
 42
0.612460
  0
VERTEX
  8
0
 10
329.986450
 20
-45.354851
 42
240788484342463670000000000000000000000000000000000000000000000000000000000000000000000000000000000000000000000000000000000000000000000000000000000000000000000000000000000000000000000000000000000000000000000000000000000000000000000000000000000000000000000000000000000000000000000000000000000.000000
  0
SEQEND
  8
0
  0
POLYLINE
  8
0
 66
1
  0
VERTEX
  8
0
 10
348.986237
 20
-45.354965
 42
-0.078561
  0
VERTEX
  8
0
 10
349.083893
 20
-45.972412
  0
VERTEX
  8
0
 10
349.083893
 20
-56.413086
 42
-0.078627
  0
VERTEX
  8
0
 10
348.986481
 20
-57.030750
 42
0.612465
  0
VERTEX
  8
0
 10
350.246033
 20
-58.290527
 42
-0.078306
  0
VERTEX
  8
0
 10
350.863434
 20
-58.192871
  0
VERTEX
  8
0
 10
361.304810
 20
-58.192871
 42
-0.078326
  0
VERTEX
  8
0
 10
361.921753
 20
-58.290527
 42
0.612456
  0
VERTEX
  8
0
 10
363.181427
 20
-57.030659
 42
-0.078625
  0
VERTEX
  8
0
 10
363.083862
 20
-56.413574
  0
VERTEX
  8
0
 10
363.083862
 20
-45.972168
 42
-0.078614
  0
VERTEX
  8
0
 10
363.181519
 20
-45.354988
 42
0.612447
  0
VERTEX
  8
0
 10
361.921722
 20
-44.095219
 42
-0.078314
  0
VERTEX
  8
0
 10
361.304565
 20
-44.192871
  0
VERTEX
  8
0
 10
350.863190
 20
-44.192871
 42
-0.078317
  0
VERTEX
  8
0
 10
350.246246
 20
-44.095215
 42
0.612456
  0
VERTEX
  8
0
 10
348.986450
 20
-45.354851
 42
240788484342463670000000000000000000000000000000000000000000000000000000000000000000000000000000000000000000000000000000000000000000000000000000000000000000000000000000000000000000000000000000000000000000000000000000000000000000000000000000000000000000000000000000000000000000000000000000000.000000
  0
SEQEND
  8
0
  0
POLYLINE
  8
0
 66
1
  0
VERTEX
  8
0
 10
367.986237
 20
-45.354965
 42
-0.078561
  0
VERTEX
  8
0
 10
368.083893
 20
-45.972412
  0
VERTEX
  8
0
 10
368.083893
 20
-56.413086
 42
-0.078627
  0
VERTEX
  8
0
 10
367.986481
 20
-57.030750
 42
0.612465
  0
VERTEX
  8
0
 10
369.246033
 20
-58.290527
 42
-0.078306
  0
VERTEX
  8
0
 10
369.863434
 20
-58.192871
  0
VERTEX
  8
0
 10
380.304810
 20
-58.192871
 42
-0.078326
  0
VERTEX
  8
0
 10
380.921753
 20
-58.290527
 42
0.612457
  0
VERTEX
  8
0
 10
382.181427
 20
-57.030659
 42
-0.078627
  0
VERTEX
  8
0
 10
382.083862
 20
-56.413574
  0
VERTEX
  8
0
 10
382.083862
 20
-45.972168
 42
-0.078614
  0
VERTEX
  8
0
 10
382.181519
 20
-45.354992
 42
0.612447
  0
VERTEX
  8
0
 10
380.921722
 20
-44.095219
 42
-0.078314
  0
VERTEX
  8
0
 10
380.304565
 20
-44.192871
  0
VERTEX
  8
0
 10
369.863190
 20
-44.192871
 42
-0.078317
  0
VERTEX
  8
0
 10
369.246246
 20
-44.095215
 42
0.612456
  0
VERTEX
  8
0
 10
367.986450
 20
-45.354851
 42
240788484342463670000000000000000000000000000000000000000000000000000000000000000000000000000000000000000000000000000000000000000000000000000000000000000000000000000000000000000000000000000000000000000000000000000000000000000000000000000000000000000000000000000000000000000000000000000000000.000000
  0
SEQEND
  8
0
  0
POLYLINE
  8
0
 66
1
  0
VERTEX
  8
0
 10
386.986237
 20
-45.354965
 42
-0.078561
  0
VERTEX
  8
0
 10
387.083893
 20
-45.972412
  0
VERTEX
  8
0
 10
387.083893
 20
-56.413086
 42
-0.078627
  0
VERTEX
  8
0
 10
386.986481
 20
-57.030750
 42
0.612465
  0
VERTEX
  8
0
 10
388.246033
 20
-58.290527
 42
-0.078306
  0
VERTEX
  8
0
 10
388.863434
 20
-58.192871
  0
VERTEX
  8
0
 10
399.304810
 20
-58.192871
 42
-0.078326
  0
VERTEX
  8
0
 10
399.921753
 20
-58.290527
 42
0.612456
  0
VERTEX
  8
0
 10
401.181427
 20
-57.030659
 42
-0.078622
  0
VERTEX
  8
0
 10
401.083862
 20
-56.413574
  0
VERTEX
  8
0
 10
401.083862
 20
-45.972168
 42
-0.078614
  0
VERTEX
  8
0
 10
401.181519
 20
-45.354992
 42
0.612447
  0
VERTEX
  8
0
 10
399.921722
 20
-44.095219
 42
-0.078314
  0
VERTEX
  8
0
 10
399.304565
 20
-44.192871
  0
VERTEX
  8
0
 10
388.863190
 20
-44.192871
 42
-0.078317
  0
VERTEX
  8
0
 10
388.246246
 20
-44.095215
 42
0.612457
  0
VERTEX
  8
0
 10
386.986450
 20
-45.354851
 42
240788484342463670000000000000000000000000000000000000000000000000000000000000000000000000000000000000000000000000000000000000000000000000000000000000000000000000000000000000000000000000000000000000000000000000000000000000000000000000000000000000000000000000000000000000000000000000000000000.000000
  0
SEQEND
  8
0
  0
POLYLINE
  8
0
 66
1
  0
VERTEX
  8
0
 10
405.986237
 20
-45.354965
 42
-0.078567
  0
VERTEX
  8
0
 10
406.083893
 20
-45.972412
  0
VERTEX
  8
0
 10
406.083893
 20
-56.413086
 42
-0.078627
  0
VERTEX
  8
0
 10
405.986481
 20
-57.030750
 42
0.612465
  0
VERTEX
  8
0
 10
407.246033
 20
-58.290531
 42
-0.078306
  0
VERTEX
  8
0
 10
407.863434
 20
-58.192871
  0
VERTEX
  8
0
 10
418.304810
 20
-58.192871
 42
-0.078326
  0
VERTEX
  8
0
 10
418.921753
 20
-58.290527
 42
0.612456
  0
VERTEX
  8
0
 10
420.181427
 20
-57.030659
 42
-0.078622
  0
VERTEX
  8
0
 10
420.083862
 20
-56.413574
  0
VERTEX
  8
0
 10
420.083862
 20
-45.972168
 42
-0.078614
  0
VERTEX
  8
0
 10
420.181519
 20
-45.354992
 42
0.612447
  0
VERTEX
  8
0
 10
418.921722
 20
-44.095219
 42
-0.078314
  0
VERTEX
  8
0
 10
418.304565
 20
-44.192871
  0
VERTEX
  8
0
 10
407.863190
 20
-44.192871
 42
-0.078317
  0
VERTEX
  8
0
 10
407.246246
 20
-44.095215
 42
0.612456
  0
VERTEX
  8
0
 10
405.986450
 20
-45.354851
 42
240788484342463670000000000000000000000000000000000000000000000000000000000000000000000000000000000000000000000000000000000000000000000000000000000000000000000000000000000000000000000000000000000000000000000000000000000000000000000000000000000000000000000000000000000000000000000000000000000.000000
  0
SEQEND
  8
0
  0
POLYLINE
  8
0
 66
1
  0
VERTEX
  8
0
 10
225.496246
 20
-64.354965
 42
-0.078576
  0
VERTEX
  8
0
 10
225.593903
 20
-64.972412
  0
VERTEX
  8
0
 10
225.593903
 20
-75.413086
 42
-0.078602
  0
VERTEX
  8
0
 10
225.496490
 20
-76.030754
 42
0.612464
  0
VERTEX
  8
0
 10
226.756042
 20
-77.290527
 42
-0.078296
  0
VERTEX
  8
0
 10
227.373444
 20
-77.192871
  0
VERTEX
  8
0
 10
237.814819
 20
-77.192871
 42
-0.078297
  0
VERTEX
  8
0
 10
238.431778
 20
-77.290527
 42
0.612453
  0
VERTEX
  8
0
 10
239.691437
 20
-76.030655
 42
-0.078606
  0
VERTEX
  8
0
 10
239.593872
 20
-75.413574
  0
VERTEX
  8
0
 10
239.593872
 20
-64.972168
 42
-0.078640
  0
VERTEX
  8
0
 10
239.691528
 20
-64.354988
 42
0.612449
  0
VERTEX
  8
0
 10
238.431747
 20
-63.095215
 42
-0.078310
  0
VERTEX
  8
0
 10
237.814575
 20
-63.192871
  0
VERTEX
  8
0
 10
227.373199
 20
-63.192871
 42
-0.078323
  0
VERTEX
  8
0
 10
226.756256
 20
-63.095211
 42
0.612447
  0
VERTEX
  8
0
 10
225.496445
 20
-64.354851
 42
240788484342463670000000000000000000000000000000000000000000000000000000000000000000000000000000000000000000000000000000000000000000000000000000000000000000000000000000000000000000000000000000000000000000000000000000000000000000000000000000000000000000000000000000000000000000000000000000000.000000
  0
SEQEND
  8
0
  0
POLYLINE
  8
0
 66
1
  0
VERTEX
  8
0
 10
244.496231
 20
-64.354965
 42
-0.078579
  0
VERTEX
  8
0
 10
244.593903
 20
-64.972412
  0
VERTEX
  8
0
 10
244.593903
 20
-75.413086
 42
-0.078602
  0
VERTEX
  8
0
 10
244.496490
 20
-76.030754
 42
0.612464
  0
VERTEX
  8
0
 10
245.756042
 20
-77.290527
 42
-0.078296
  0
VERTEX
  8
0
 10
246.373444
 20
-77.192871
  0
VERTEX
  8
0
 10
256.814819
 20
-77.192871
 42
-0.078302
  0
VERTEX
  8
0
 10
257.431763
 20
-77.290527
 42
0.612462
  0
VERTEX
  8
0
 10
258.691437
 20
-76.030655
 42
-0.078630
  0
VERTEX
  8
0
 10
258.593872
 20
-75.413574
  0
VERTEX
  8
0
 10
258.593872
 20
-64.972168
 42
-0.078616
  0
VERTEX
  8
0
 10
258.691528
 20
-64.354988
 42
0.612449
  0
VERTEX
  8
0
 10
257.431732
 20
-63.095219
 42
-0.078314
  0
VERTEX
  8
0
 10
256.814575
 20
-63.192871
  0
VERTEX
  8
0
 10
246.373199
 20
-63.192871
 42
-0.078323
  0
VERTEX
  8
0
 10
245.756241
 20
-63.095219
 42
0.612457
  0
VERTEX
  8
0
 10
244.496460
 20
-64.354851
 42
240788484342463670000000000000000000000000000000000000000000000000000000000000000000000000000000000000000000000000000000000000000000000000000000000000000000000000000000000000000000000000000000000000000000000000000000000000000000000000000000000000000000000000000000000000000000000000000000000.000000
  0
SEQEND
  8
0
  0
POLYLINE
  8
0
 66
1
  0
VERTEX
  8
0
 10
263.496246
 20
-64.354965
 42
-0.078554
  0
VERTEX
  8
0
 10
263.593903
 20
-64.972412
  0
VERTEX
  8
0
 10
263.593903
 20
-75.413086
 42
-0.078625
  0
VERTEX
  8
0
 10
263.496490
 20
-76.030754
 42
0.612464
  0
VERTEX
  8
0
 10
264.756042
 20
-77.290527
 42
-0.078294
  0
VERTEX
  8
0
 10
265.373444
 20
-77.192871
  0
VERTEX
  8
0
 10
275.814819
 20
-77.192871
 42
-0.078302
  0
VERTEX
  8
0
 10
276.431763
 20
-77.290527
 42
0.612462
  0
VERTEX
  8
0
 10
277.691437
 20
-76.030655
 42
-0.078630
  0
VERTEX
  8
0
 10
277.593872
 20
-75.413574
  0
VERTEX
  8
0
 10
277.593872
 20
-64.972168
 42
-0.078616
  0
VERTEX
  8
0
 10
277.691528
 20
-64.354988
 42
0.612449
  0
VERTEX
  8
0
 10
276.431732
 20
-63.095219
 42
-0.078314
  0
VERTEX
  8
0
 10
275.814575
 20
-63.192871
  0
VERTEX
  8
0
 10
265.373199
 20
-63.192871
 42
-0.078317
  0
VERTEX
  8
0
 10
264.756256
 20
-63.095215
 42
0.612456
  0
VERTEX
  8
0
 10
263.496460
 20
-64.354851
 42
240788484342463670000000000000000000000000000000000000000000000000000000000000000000000000000000000000000000000000000000000000000000000000000000000000000000000000000000000000000000000000000000000000000000000000000000000000000000000000000000000000000000000000000000000000000000000000000000000.000000
  0
SEQEND
  8
0
  0
POLYLINE
  8
0
 66
1
  0
VERTEX
  8
0
 10
282.496246
 20
-64.354965
 42
-0.078554
  0
VERTEX
  8
0
 10
282.593903
 20
-64.972412
  0
VERTEX
  8
0
 10
282.593903
 20
-75.413086
 42
-0.078625
  0
VERTEX
  8
0
 10
282.496490
 20
-76.030754
 42
0.612464
  0
VERTEX
  8
0
 10
283.756042
 20
-77.290527
 42
-0.078294
  0
VERTEX
  8
0
 10
284.373444
 20
-77.192871
  0
VERTEX
  8
0
 10
294.814819
 20
-77.192871
 42
-0.078302
  0
VERTEX
  8
0
 10
295.431763
 20
-77.290527
 42
0.612462
  0
VERTEX
  8
0
 10
296.691437
 20
-76.030655
 42
-0.078630
  0
VERTEX
  8
0
 10
296.593872
 20
-75.413574
  0
VERTEX
  8
0
 10
296.593872
 20
-64.972168
 42
-0.078616
  0
VERTEX
  8
0
 10
296.691528
 20
-64.354988
 42
0.612443
  0
VERTEX
  8
0
 10
295.431732
 20
-63.095219
 42
-0.078314
  0
VERTEX
  8
0
 10
294.814575
 20
-63.192871
  0
VERTEX
  8
0
 10
284.373199
 20
-63.192871
 42
-0.078317
  0
VERTEX
  8
0
 10
283.756256
 20
-63.095215
 42
0.612456
  0
VERTEX
  8
0
 10
282.496460
 20
-64.354851
 42
240788484342463670000000000000000000000000000000000000000000000000000000000000000000000000000000000000000000000000000000000000000000000000000000000000000000000000000000000000000000000000000000000000000000000000000000000000000000000000000000000000000000000000000000000000000000000000000000000.000000
  0
SEQEND
  8
0
  0
POLYLINE
  8
0
 66
1
  0
VERTEX
  8
0
 10
301.496246
 20
-64.354965
 42
-0.078554
  0
VERTEX
  8
0
 10
301.593903
 20
-64.972412
  0
VERTEX
  8
0
 10
301.593903
 20
-75.413086
 42
-0.078625
  0
VERTEX
  8
0
 10
301.496490
 20
-76.030754
 42
0.612464
  0
VERTEX
  8
0
 10
302.756042
 20
-77.290527
 42
-0.078294
  0
VERTEX
  8
0
 10
303.373444
 20
-77.192871
  0
VERTEX
  8
0
 10
313.814819
 20
-77.192871
 42
-0.078302
  0
VERTEX
  8
0
 10
314.431763
 20
-77.290527
 42
0.612462
  0
VERTEX
  8
0
 10
315.691437
 20
-76.030655
 42
-0.078619
  0
VERTEX
  8
0
 10
315.593872
 20
-75.413574
  0
VERTEX
  8
0
 10
315.593872
 20
-64.972168
 42
-0.078616
  0
VERTEX
  8
0
 10
315.691528
 20
-64.354988
 42
0.612448
  0
VERTEX
  8
0
 10
314.431732
 20
-63.095215
 42
-0.078314
  0
VERTEX
  8
0
 10
313.814575
 20
-63.192871
  0
VERTEX
  8
0
 10
303.373199
 20
-63.192871
 42
-0.078317
  0
VERTEX
  8
0
 10
302.756256
 20
-63.095215
 42
0.612456
  0
VERTEX
  8
0
 10
301.496460
 20
-64.354851
 42
240788484342463670000000000000000000000000000000000000000000000000000000000000000000000000000000000000000000000000000000000000000000000000000000000000000000000000000000000000000000000000000000000000000000000000000000000000000000000000000000000000000000000000000000000000000000000000000000000.000000
  0
SEQEND
  8
0
  0
POLYLINE
  8
0
 66
1
  0
VERTEX
  8
0
 10
320.496246
 20
-64.354965
 42
-0.078565
  0
VERTEX
  8
0
 10
320.593903
 20
-64.972412
  0
VERTEX
  8
0
 10
320.593903
 20
-75.413086
 42
-0.078625
  0
VERTEX
  8
0
 10
320.496490
 20
-76.030754
 42
0.612470
  0
VERTEX
  8
0
 10
321.756042
 20
-77.290527
 42
-0.078318
  0
VERTEX
  8
0
 10
322.373444
 20
-77.192871
  0
VERTEX
  8
0
 10
332.814819
 20
-77.192871
 42
-0.078302
  0
VERTEX
  8
0
 10
333.431763
 20
-77.290527
 42
0.612462
  0
VERTEX
  8
0
 10
334.691437
 20
-76.030655
 42
-0.078630
  0
VERTEX
  8
0
 10
334.593872
 20
-75.413574
  0
VERTEX
  8
0
 10
334.593872
 20
-64.972168
 42
-0.078616
  0
VERTEX
  8
0
 10
334.691528
 20
-64.354988
 42
0.612448
  0
VERTEX
  8
0
 10
333.431732
 20
-63.095219
 42
-0.078314
  0
VERTEX
  8
0
 10
332.814575
 20
-63.192871
  0
VERTEX
  8
0
 10
322.373199
 20
-63.192871
 42
-0.078317
  0
VERTEX
  8
0
 10
321.756256
 20
-63.095215
 42
0.612456
  0
VERTEX
  8
0
 10
320.496460
 20
-64.354851
 42
240788484342463670000000000000000000000000000000000000000000000000000000000000000000000000000000000000000000000000000000000000000000000000000000000000000000000000000000000000000000000000000000000000000000000000000000000000000000000000000000000000000000000000000000000000000000000000000000000.000000
  0
SEQEND
  8
0
  0
POLYLINE
  8
0
 66
1
  0
VERTEX
  8
0
 10
339.496246
 20
-64.354965
 42
-0.078554
  0
VERTEX
  8
0
 10
339.593903
 20
-64.972412
  0
VERTEX
  8
0
 10
339.593903
 20
-75.413086
 42
-0.078625
  0
VERTEX
  8
0
 10
339.496490
 20
-76.030754
 42
0.612470
  0
VERTEX
  8
0
 10
340.756042
 20
-77.290527
 42
-0.078318
  0
VERTEX
  8
0
 10
341.373444
 20
-77.192871
  0
VERTEX
  8
0
 10
351.814819
 20
-77.192871
 42
-0.078302
  0
VERTEX
  8
0
 10
352.431763
 20
-77.290527
 42
0.612463
  0
VERTEX
  8
0
 10
353.691437
 20
-76.030655
 42
-0.078625
  0
VERTEX
  8
0
 10
353.593872
 20
-75.413574
  0
VERTEX
  8
0
 10
353.593872
 20
-64.972168
 42
-0.078616
  0
VERTEX
  8
0
 10
353.691528
 20
-64.354988
 42
0.612448
  0
VERTEX
  8
0
 10
352.431732
 20
-63.095219
 42
-0.078314
  0
VERTEX
  8
0
 10
351.814575
 20
-63.192871
  0
VERTEX
  8
0
 10
341.373199
 20
-63.192871
 42
-0.078317
  0
VERTEX
  8
0
 10
340.756256
 20
-63.095215
 42
0.612456
  0
VERTEX
  8
0
 10
339.496460
 20
-64.354851
 42
240788484342463670000000000000000000000000000000000000000000000000000000000000000000000000000000000000000000000000000000000000000000000000000000000000000000000000000000000000000000000000000000000000000000000000000000000000000000000000000000000000000000000000000000000000000000000000000000000.000000
  0
SEQEND
  8
0
  0
POLYLINE
  8
0
 66
1
  0
VERTEX
  8
0
 10
358.496246
 20
-64.354965
 42
-0.078565
  0
VERTEX
  8
0
 10
358.593903
 20
-64.972412
  0
VERTEX
  8
0
 10
358.593903
 20
-75.413086
 42
-0.078625
  0
VERTEX
  8
0
 10
358.496490
 20
-76.030754
 42
0.612470
  0
VERTEX
  8
0
 10
359.756042
 20
-77.290527
 42
-0.078318
  0
VERTEX
  8
0
 10
360.373444
 20
-77.192871
  0
VERTEX
  8
0
 10
370.814819
 20
-77.192871
 42
-0.078302
  0
VERTEX
  8
0
 10
371.431763
 20
-77.290527
 42
0.612463
  0
VERTEX
  8
0
 10
372.691437
 20
-76.030655
 42
-0.078625
  0
VERTEX
  8
0
 10
372.593872
 20
-75.413574
  0
VERTEX
  8
0
 10
372.593872
 20
-64.972168
 42
-0.078616
  0
VERTEX
  8
0
 10
372.691528
 20
-64.354988
 42
0.612448
  0
VERTEX
  8
0
 10
371.431732
 20
-63.095219
 42
-0.078314
  0
VERTEX
  8
0
 10
370.814575
 20
-63.192871
  0
VERTEX
  8
0
 10
360.373199
 20
-63.192871
 42
-0.078317
  0
VERTEX
  8
0
 10
359.756256
 20
-63.095215
 42
0.612457
  0
VERTEX
  8
0
 10
358.496460
 20
-64.354851
 42
240788484342463670000000000000000000000000000000000000000000000000000000000000000000000000000000000000000000000000000000000000000000000000000000000000000000000000000000000000000000000000000000000000000000000000000000000000000000000000000000000000000000000000000000000000000000000000000000000.000000
  0
SEQEND
  8
0
  0
POLYLINE
  8
0
 66
1
  0
VERTEX
  8
0
 10
377.496246
 20
-64.354965
 42
-0.078559
  0
VERTEX
  8
0
 10
377.593903
 20
-64.972412
  0
VERTEX
  8
0
 10
377.593903
 20
-75.413086
 42
-0.078625
  0
VERTEX
  8
0
 10
377.496490
 20
-76.030754
 42
0.612470
  0
VERTEX
  8
0
 10
378.756042
 20
-77.290527
 42
-0.078318
  0
VERTEX
  8
0
 10
379.373444
 20
-77.192871
  0
VERTEX
  8
0
 10
389.814819
 20
-77.192871
 42
-0.078302
  0
VERTEX
  8
0
 10
390.431763
 20
-77.290527
 42
0.612463
  0
VERTEX
  8
0
 10
391.691437
 20
-76.030655
 42
-0.078625
  0
VERTEX
  8
0
 10
391.593872
 20
-75.413574
  0
VERTEX
  8
0
 10
391.593872
 20
-64.972168
 42
-0.078616
  0
VERTEX
  8
0
 10
391.691528
 20
-64.354988
 42
0.612448
  0
VERTEX
  8
0
 10
390.431732
 20
-63.095219
 42
-0.078314
  0
VERTEX
  8
0
 10
389.814575
 20
-63.192871
  0
VERTEX
  8
0
 10
379.373199
 20
-63.192871
 42
-0.078317
  0
VERTEX
  8
0
 10
378.756256
 20
-63.095215
 42
0.612457
  0
VERTEX
  8
0
 10
377.496460
 20
-64.354851
 42
240788484342463670000000000000000000000000000000000000000000000000000000000000000000000000000000000000000000000000000000000000000000000000000000000000000000000000000000000000000000000000000000000000000000000000000000000000000000000000000000000000000000000000000000000000000000000000000000000.000000
  0
SEQEND
  8
0
  0
POLYLINE
  8
0
 66
1
  0
VERTEX
  8
0
 10
396.496246
 20
-64.354965
 42
-0.078565
  0
VERTEX
  8
0
 10
396.593903
 20
-64.972412
  0
VERTEX
  8
0
 10
396.593903
 20
-75.413086
 42
-0.078625
  0
VERTEX
  8
0
 10
396.496490
 20
-76.030754
 42
0.612470
  0
VERTEX
  8
0
 10
397.756042
 20
-77.290527
 42
-0.078318
  0
VERTEX
  8
0
 10
398.373444
 20
-77.192871
  0
VERTEX
  8
0
 10
408.814819
 20
-77.192871
 42
-0.078302
  0
VERTEX
  8
0
 10
409.431763
 20
-77.290527
 42
0.612462
  0
VERTEX
  8
0
 10
410.691437
 20
-76.030655
 42
-0.078619
  0
VERTEX
  8
0
 10
410.593872
 20
-75.413574
  0
VERTEX
  8
0
 10
410.593872
 20
-64.972168
 42
-0.078616
  0
VERTEX
  8
0
 10
410.691528
 20
-64.354988
 42
0.612445
  0
VERTEX
  8
0
 10
409.431732
 20
-63.095219
 42
-0.078314
  0
VERTEX
  8
0
 10
408.814575
 20
-63.192871
  0
VERTEX
  8
0
 10
398.373199
 20
-63.192871
 42
-0.078317
  0
VERTEX
  8
0
 10
397.756256
 20
-63.095215
 42
0.612456
  0
VERTEX
  8
0
 10
396.496460
 20
-64.354851
 42
240788484342463670000000000000000000000000000000000000000000000000000000000000000000000000000000000000000000000000000000000000000000000000000000000000000000000000000000000000000000000000000000000000000000000000000000000000000000000000000000000000000000000000000000000000000000000000000000000.000000
  0
SEQEND
  8
0
  0
POLYLINE
  8
0
 66
1
  0
VERTEX
  8
0
 10
415.496246
 20
-64.354965
 42
-0.078565
  0
VERTEX
  8
0
 10
415.593903
 20
-64.972412
  0
VERTEX
  8
0
 10
415.593903
 20
-75.413086
 42
-0.078625
  0
VERTEX
  8
0
 10
415.496490
 20
-76.030754
 42
0.612470
  0
VERTEX
  8
0
 10
416.756042
 20
-77.290527
 42
-0.078318
  0
VERTEX
  8
0
 10
417.373444
 20
-77.192871
  0
VERTEX
  8
0
 10
427.814819
 20
-77.192871
 42
-0.078302
  0
VERTEX
  8
0
 10
428.431763
 20
-77.290527
 42
0.612462
  0
VERTEX
  8
0
 10
429.691437
 20
-76.030655
 42
-0.078630
  0
VERTEX
  8
0
 10
429.593872
 20
-75.413574
  0
VERTEX
  8
0
 10
429.593872
 20
-64.972168
 42
-0.078616
  0
VERTEX
  8
0
 10
429.691528
 20
-64.354988
 42
0.612449
  0
VERTEX
  8
0
 10
428.431732
 20
-63.095219
 42
-0.078314
  0
VERTEX
  8
0
 10
427.814575
 20
-63.192871
  0
VERTEX
  8
0
 10
417.373199
 20
-63.192871
 42
-0.078317
  0
VERTEX
  8
0
 10
416.756256
 20
-63.095215
 42
0.612456
  0
VERTEX
  8
0
 10
415.496460
 20
-64.354851
 42
240788484342463670000000000000000000000000000000000000000000000000000000000000000000000000000000000000000000000000000000000000000000000000000000000000000000000000000000000000000000000000000000000000000000000000000000000000000000000000000000000000000000000000000000000000000000000000000000000.000000
  0
SEQEND
  8
0
  0
POLYLINE
  8
0
 66
1
  0
VERTEX
  8
0
 10
439.246246
 20
-64.354965
 42
-0.078554
  0
VERTEX
  8
0
 10
439.343903
 20
-64.972412
  0
VERTEX
  8
0
 10
439.343903
 20
-75.413086
 42
-0.078625
  0
VERTEX
  8
0
 10
439.246490
 20
-76.030754
 42
0.612464
  0
VERTEX
  8
0
 10
440.506042
 20
-77.290527
 42
-0.078294
  0
VERTEX
  8
0
 10
441.123444
 20
-77.192871
  0
VERTEX
  8
0
 10
451.564819
 20
-77.192871
 42
-0.078302
  0
VERTEX
  8
0
 10
452.181763
 20
-77.290527
 42
0.612462
  0
VERTEX
  8
0
 10
453.441437
 20
-76.030655
 42
-0.078630
  0
VERTEX
  8
0
 10
453.343872
 20
-75.413574
  0
VERTEX
  8
0
 10
453.343872
 20
-64.972168
 42
-0.078616
  0
VERTEX
  8
0
 10
453.441528
 20
-64.354988
 42
0.612449
  0
VERTEX
  8
0
 10
452.181732
 20
-63.095219
 42
-0.078314
  0
VERTEX
  8
0
 10
451.564575
 20
-63.192871
  0
VERTEX
  8
0
 10
441.123199
 20
-63.192871
 42
-0.078317
  0
VERTEX
  8
0
 10
440.506256
 20
-63.095215
 42
0.612456
  0
VERTEX
  8
0
 10
439.246460
 20
-64.354851
 42
240788484342463670000000000000000000000000000000000000000000000000000000000000000000000000000000000000000000000000000000000000000000000000000000000000000000000000000000000000000000000000000000000000000000000000000000000000000000000000000000000000000000000000000000000000000000000000000000000.000000
  0
SEQEND
  8
0
  0
POLYLINE
  8
0
 66
1
  0
VERTEX
  8
0
 10
466.496216
 20
-64.354965
 42
-0.078554
  0
VERTEX
  8
0
 10
466.593872
 20
-64.972412
  0
VERTEX
  8
0
 10
466.593872
 20
-75.413086
 42
-0.078625
  0
VERTEX
  8
0
 10
466.496460
 20
-76.030754
 42
0.612464
  0
VERTEX
  8
0
 10
467.756012
 20
-77.290527
 42
-0.078294
  0
VERTEX
  8
0
 10
468.373413
 20
-77.192871
  0
VERTEX
  8
0
 10
478.814819
 20
-77.192871
 42
-0.078302
  0
VERTEX
  8
0
 10
479.431763
 20
-77.290527
 42
0.612462
  0
VERTEX
  8
0
 10
480.691437
 20
-76.030655
 42
-0.078630
  0
VERTEX
  8
0
 10
480.593872
 20
-75.413574
  0
VERTEX
  8
0
 10
480.593872
 20
-64.972168
 42
-0.078616
  0
VERTEX
  8
0
 10
480.691528
 20
-64.354988
 42
0.612449
  0
VERTEX
  8
0
 10
479.431732
 20
-63.095219
 42
-0.078314
  0
VERTEX
  8
0
 10
478.814575
 20
-63.192871
  0
VERTEX
  8
0
 10
468.373169
 20
-63.192871
 42
-0.078317
  0
VERTEX
  8
0
 10
467.756226
 20
-63.095215
 42
0.612456
  0
VERTEX
  8
0
 10
466.496429
 20
-64.354851
 42
240788484342463670000000000000000000000000000000000000000000000000000000000000000000000000000000000000000000000000000000000000000000000000000000000000000000000000000000000000000000000000000000000000000000000000000000000000000000000000000000000000000000000000000000000000000000000000000000000.000000
  0
SEQEND
  8
0
  0
POLYLINE
  8
0
 66
1
  0
VERTEX
  8
0
 10
466.496216
 20
-83.354965
 42
-0.078554
  0
VERTEX
  8
0
 10
466.593872
 20
-83.972412
  0
VERTEX
  8
0
 10
466.593872
 20
-94.413086
 42
-0.078625
  0
VERTEX
  8
0
 10
466.496460
 20
-95.030754
 42
0.612464
  0
VERTEX
  8
0
 10
467.756012
 20
-96.290527
 42
-0.078294
  0
VERTEX
  8
0
 10
468.373413
 20
-96.192871
  0
VERTEX
  8
0
 10
478.814819
 20
-96.192871
 42
-0.078302
  0
VERTEX
  8
0
 10
479.431763
 20
-96.290527
 42
0.612462
  0
VERTEX
  8
0
 10
480.691437
 20
-95.030655
 42
-0.078630
  0
VERTEX
  8
0
 10
480.593872
 20
-94.413574
  0
VERTEX
  8
0
 10
480.593872
 20
-83.972168
 42
-0.078616
  0
VERTEX
  8
0
 10
480.691528
 20
-83.354988
 42
0.612449
  0
VERTEX
  8
0
 10
479.431732
 20
-82.095222
 42
-0.078302
  0
VERTEX
  8
0
 10
478.814575
 20
-82.192871
  0
VERTEX
  8
0
 10
468.373169
 20
-82.192871
 42
-0.078317
  0
VERTEX
  8
0
 10
467.756226
 20
-82.095215
 42
0.612462
  0
VERTEX
  8
0
 10
466.496429
 20
-83.354851
 42
240788484342463670000000000000000000000000000000000000000000000000000000000000000000000000000000000000000000000000000000000000000000000000000000000000000000000000000000000000000000000000000000000000000000000000000000000000000000000000000000000000000000000000000000000000000000000000000000000.000000
  0
SEQEND
  8
0
  0
POLYLINE
  8
0
 66
1
  0
VERTEX
  8
0
 10
239.746246
 20
-102.354965
 42
-0.078576
  0
VERTEX
  8
0
 10
239.843903
 20
-102.972412
  0
VERTEX
  8
0
 10
239.843903
 20
-113.413086
 42
-0.078602
  0
VERTEX
  8
0
 10
239.746490
 20
-114.030754
 42
0.612464
  0
VERTEX
  8
0
 10
241.006042
 20
-115.290527
 42
-0.078296
  0
VERTEX
  8
0
 10
241.623444
 20
-115.192871
  0
VERTEX
  8
0
 10
252.064819
 20
-115.192871
 42
-0.078297
  0
VERTEX
  8
0
 10
252.681763
 20
-115.290527
 42
0.612453
  0
VERTEX
  8
0
 10
253.941437
 20
-114.030655
 42
-0.078606
  0
VERTEX
  8
0
 10
253.843872
 20
-113.413574
  0
VERTEX
  8
0
 10
253.843872
 20
-102.972168
 42
-0.078640
  0
VERTEX
  8
0
 10
253.941528
 20
-102.354988
 42
0.612449
  0
VERTEX
  8
0
 10
252.681747
 20
-101.095222
 42
-0.078299
  0
VERTEX
  8
0
 10
252.064575
 20
-101.192871
  0
VERTEX
  8
0
 10
241.623199
 20
-101.192871
 42
-0.078323
  0
VERTEX
  8
0
 10
241.006256
 20
-101.095215
 42
0.612454
  0
VERTEX
  8
0
 10
239.746445
 20
-102.354851
 42
240788484342463670000000000000000000000000000000000000000000000000000000000000000000000000000000000000000000000000000000000000000000000000000000000000000000000000000000000000000000000000000000000000000000000000000000000000000000000000000000000000000000000000000000000000000000000000000000000.000000
  0
SEQEND
  8
0
  0
POLYLINE
  8
0
 66
1
  0
VERTEX
  8
0
 10
258.746246
 20
-102.354965
 42
-0.078554
  0
VERTEX
  8
0
 10
258.843903
 20
-102.972412
  0
VERTEX
  8
0
 10
258.843903
 20
-113.413086
 42
-0.078625
  0
VERTEX
  8
0
 10
258.746490
 20
-114.030754
 42
0.612464
  0
VERTEX
  8
0
 10
260.006042
 20
-115.290527
 42
-0.078294
  0
VERTEX
  8
0
 10
260.623444
 20
-115.192871
  0
VERTEX
  8
0
 10
271.064819
 20
-115.192871
 42
-0.078302
  0
VERTEX
  8
0
 10
271.681763
 20
-115.290527
 42
0.612462
  0
VERTEX
  8
0
 10
272.941437
 20
-114.030655
 42
-0.078630
  0
VERTEX
  8
0
 10
272.843872
 20
-113.413574
  0
VERTEX
  8
0
 10
272.843872
 20
-102.972168
 42
-0.078616
  0
VERTEX
  8
0
 10
272.941528
 20
-102.354988
 42
0.612449
  0
VERTEX
  8
0
 10
271.681732
 20
-101.095222
 42
-0.078302
  0
VERTEX
  8
0
 10
271.064575
 20
-101.192871
  0
VERTEX
  8
0
 10
260.623199
 20
-101.192871
 42
-0.078317
  0
VERTEX
  8
0
 10
260.006256
 20
-101.095215
 42
0.612462
  0
VERTEX
  8
0
 10
258.746460
 20
-102.354851
 42
240788484342463670000000000000000000000000000000000000000000000000000000000000000000000000000000000000000000000000000000000000000000000000000000000000000000000000000000000000000000000000000000000000000000000000000000000000000000000000000000000000000000000000000000000000000000000000000000000.000000
  0
SEQEND
  8
0
  0
POLYLINE
  8
0
 66
1
  0
VERTEX
  8
0
 10
277.746246
 20
-102.354965
 42
-0.078554
  0
VERTEX
  8
0
 10
277.843903
 20
-102.972412
  0
VERTEX
  8
0
 10
277.843903
 20
-113.413086
 42
-0.078625
  0
VERTEX
  8
0
 10
277.746490
 20
-114.030754
 42
0.612464
  0
VERTEX
  8
0
 10
279.006042
 20
-115.290527
 42
-0.078294
  0
VERTEX
  8
0
 10
279.623444
 20
-115.192871
  0
VERTEX
  8
0
 10
290.064819
 20
-115.192871
 42
-0.078302
  0
VERTEX
  8
0
 10
290.681763
 20
-115.290527
 42
0.612462
  0
VERTEX
  8
0
 10
291.941437
 20
-114.030655
 42
-0.078630
  0
VERTEX
  8
0
 10
291.843872
 20
-113.413574
  0
VERTEX
  8
0
 10
291.843872
 20
-102.972168
 42
-0.078616
  0
VERTEX
  8
0
 10
291.941528
 20
-102.354988
 42
0.612449
  0
VERTEX
  8
0
 10
290.681732
 20
-101.095222
 42
-0.078302
  0
VERTEX
  8
0
 10
290.064575
 20
-101.192871
  0
VERTEX
  8
0
 10
279.623199
 20
-101.192871
 42
-0.078317
  0
VERTEX
  8
0
 10
279.006256
 20
-101.095215
 42
0.612462
  0
VERTEX
  8
0
 10
277.746460
 20
-102.354851
 42
240788484342463670000000000000000000000000000000000000000000000000000000000000000000000000000000000000000000000000000000000000000000000000000000000000000000000000000000000000000000000000000000000000000000000000000000000000000000000000000000000000000000000000000000000000000000000000000000000.000000
  0
SEQEND
  8
0
  0
POLYLINE
  8
0
 66
1
  0
VERTEX
  8
0
 10
296.746246
 20
-102.354965
 42
-0.078576
  0
VERTEX
  8
0
 10
296.843903
 20
-102.972412
  0
VERTEX
  8
0
 10
296.843903
 20
-113.413086
 42
-0.078625
  0
VERTEX
  8
0
 10
296.746490
 20
-114.030754
 42
0.612462
  0
VERTEX
  8
0
 10
298.006042
 20
-115.290527
 42
-0.078294
  0
VERTEX
  8
0
 10
298.623444
 20
-115.192871
  0
VERTEX
  8
0
 10
309.064819
 20
-115.192871
 42
-0.078302
  0
VERTEX
  8
0
 10
309.681763
 20
-115.290527
 42
0.612462
  0
VERTEX
  8
0
 10
310.941437
 20
-114.030655
 42
-0.078608
  0
VERTEX
  8
0
 10
310.843872
 20
-113.413574
  0
VERTEX
  8
0
 10
310.843872
 20
-102.972168
 42
-0.078616
  0
VERTEX
  8
0
 10
310.941528
 20
-102.354988
 42
0.612449
  0
VERTEX
  8
0
 10
309.681732
 20
-101.095222
 42
-0.078302
  0
VERTEX
  8
0
 10
309.064575
 20
-101.192871
  0
VERTEX
  8
0
 10
298.623199
 20
-101.192871
 42
-0.078317
  0
VERTEX
  8
0
 10
298.006256
 20
-101.095215
 42
0.612462
  0
VERTEX
  8
0
 10
296.746460
 20
-102.354851
 42
240788484342463670000000000000000000000000000000000000000000000000000000000000000000000000000000000000000000000000000000000000000000000000000000000000000000000000000000000000000000000000000000000000000000000000000000000000000000000000000000000000000000000000000000000000000000000000000000000.000000
  0
SEQEND
  8
0
  0
POLYLINE
  8
0
 66
1
  0
VERTEX
  8
0
 10
315.746246
 20
-102.354965
 42
-0.078576
  0
VERTEX
  8
0
 10
315.843903
 20
-102.972412
  0
VERTEX
  8
0
 10
315.843903
 20
-113.413086
 42
-0.078590
  0
VERTEX
  8
0
 10
315.746490
 20
-114.030754
 42
0.612470
  0
VERTEX
  8
0
 10
317.006042
 20
-115.290527
 42
-0.078318
  0
VERTEX
  8
0
 10
317.623444
 20
-115.192871
  0
VERTEX
  8
0
 10
328.064819
 20
-115.192871
 42
-0.078302
  0
VERTEX
  8
0
 10
328.681763
 20
-115.290527
 42
0.612463
  0
VERTEX
  8
0
 10
329.941437
 20
-114.030655
 42
-0.078630
  0
VERTEX
  8
0
 10
329.843872
 20
-113.413574
  0
VERTEX
  8
0
 10
329.843872
 20
-102.972168
 42
-0.078616
  0
VERTEX
  8
0
 10
329.941528
 20
-102.354988
 42
0.612447
  0
VERTEX
  8
0
 10
328.681732
 20
-101.095215
 42
-0.078326
  0
VERTEX
  8
0
 10
328.064575
 20
-101.192871
  0
VERTEX
  8
0
 10
317.623199
 20
-101.192871
 42
-0.078317
  0
VERTEX
  8
0
 10
317.006256
 20
-101.095215
 42
0.612462
  0
VERTEX
  8
0
 10
315.746460
 20
-102.354851
 42
240788484342463670000000000000000000000000000000000000000000000000000000000000000000000000000000000000000000000000000000000000000000000000000000000000000000000000000000000000000000000000000000000000000000000000000000000000000000000000000000000000000000000000000000000000000000000000000000000.000000
  0
SEQEND
  8
0
  0
POLYLINE
  8
0
 66
1
  0
VERTEX
  8
0
 10
334.746246
 20
-102.354965
 42
-0.078554
  0
VERTEX
  8
0
 10
334.843903
 20
-102.972412
  0
VERTEX
  8
0
 10
334.843903
 20
-113.413086
 42
-0.078625
  0
VERTEX
  8
0
 10
334.746490
 20
-114.030754
 42
0.612470
  0
VERTEX
  8
0
 10
336.006042
 20
-115.290527
 42
-0.078294
  0
VERTEX
  8
0
 10
336.623444
 20
-115.192871
  0
VERTEX
  8
0
 10
347.064819
 20
-115.192871
 42
-0.078302
  0
VERTEX
  8
0
 10
347.681763
 20
-115.290527
 42
0.612463
  0
VERTEX
  8
0
 10
348.941437
 20
-114.030655
 42
-0.078625
  0
VERTEX
  8
0
 10
348.843872
 20
-113.413574
  0
VERTEX
  8
0
 10
348.843872
 20
-102.972168
 42
-0.078616
  0
VERTEX
  8
0
 10
348.941528
 20
-102.354988
 42
0.612447
  0
VERTEX
  8
0
 10
347.681732
 20
-101.095215
 42
-0.078326
  0
VERTEX
  8
0
 10
347.064575
 20
-101.192871
  0
VERTEX
  8
0
 10
336.623199
 20
-101.192871
 42
-0.078317
  0
VERTEX
  8
0
 10
336.006256
 20
-101.095215
 42
0.612462
  0
VERTEX
  8
0
 10
334.746460
 20
-102.354851
 42
240788484342463670000000000000000000000000000000000000000000000000000000000000000000000000000000000000000000000000000000000000000000000000000000000000000000000000000000000000000000000000000000000000000000000000000000000000000000000000000000000000000000000000000000000000000000000000000000000.000000
  0
SEQEND
  8
0
  0
POLYLINE
  8
0
 66
1
  0
VERTEX
  8
0
 10
353.746246
 20
-102.354965
 42
-0.078559
  0
VERTEX
  8
0
 10
353.843903
 20
-102.972412
  0
VERTEX
  8
0
 10
353.843903
 20
-113.413086
 42
-0.078625
  0
VERTEX
  8
0
 10
353.746490
 20
-114.030754
 42
0.612470
  0
VERTEX
  8
0
 10
355.006042
 20
-115.290527
 42
-0.078318
  0
VERTEX
  8
0
 10
355.623444
 20
-115.192871
  0
VERTEX
  8
0
 10
366.064819
 20
-115.192871
 42
-0.078302
  0
VERTEX
  8
0
 10
366.681763
 20
-115.290527
 42
0.612463
  0
VERTEX
  8
0
 10
367.941437
 20
-114.030655
 42
-0.078625
  0
VERTEX
  8
0
 10
367.843872
 20
-113.413574
  0
VERTEX
  8
0
 10
367.843872
 20
-102.972168
 42
-0.078616
  0
VERTEX
  8
0
 10
367.941528
 20
-102.354988
 42
0.612447
  0
VERTEX
  8
0
 10
366.681732
 20
-101.095215
 42
-0.078326
  0
VERTEX
  8
0
 10
366.064575
 20
-101.192871
  0
VERTEX
  8
0
 10
355.623199
 20
-101.192871
 42
-0.078317
  0
VERTEX
  8
0
 10
355.006256
 20
-101.095215
 42
0.612463
  0
VERTEX
  8
0
 10
353.746460
 20
-102.354851
 42
240788484342463670000000000000000000000000000000000000000000000000000000000000000000000000000000000000000000000000000000000000000000000000000000000000000000000000000000000000000000000000000000000000000000000000000000000000000000000000000000000000000000000000000000000000000000000000000000000.000000
  0
SEQEND
  8
0
  0
POLYLINE
  8
0
 66
1
  0
VERTEX
  8
0
 10
372.746246
 20
-102.354965
 42
-0.078559
  0
VERTEX
  8
0
 10
372.843903
 20
-102.972412
  0
VERTEX
  8
0
 10
372.843903
 20
-113.413086
 42
-0.078625
  0
VERTEX
  8
0
 10
372.746490
 20
-114.030754
 42
0.612470
  0
VERTEX
  8
0
 10
374.006042
 20
-115.290527
 42
-0.078318
  0
VERTEX
  8
0
 10
374.623444
 20
-115.192871
  0
VERTEX
  8
0
 10
385.064819
 20
-115.192871
 42
-0.078302
  0
VERTEX
  8
0
 10
385.681763
 20
-115.290527
 42
0.612463
  0
VERTEX
  8
0
 10
386.941437
 20
-114.030655
 42
-0.078625
  0
VERTEX
  8
0
 10
386.843872
 20
-113.413574
  0
VERTEX
  8
0
 10
386.843872
 20
-102.972168
 42
-0.078616
  0
VERTEX
  8
0
 10
386.941528
 20
-102.354988
 42
0.612446
  0
VERTEX
  8
0
 10
385.681732
 20
-101.095215
 42
-0.078326
  0
VERTEX
  8
0
 10
385.064575
 20
-101.192871
  0
VERTEX
  8
0
 10
374.623199
 20
-101.192871
 42
-0.078317
  0
VERTEX
  8
0
 10
374.006256
 20
-101.095215
 42
0.612462
  0
VERTEX
  8
0
 10
372.746460
 20
-102.354851
 42
240788484342463670000000000000000000000000000000000000000000000000000000000000000000000000000000000000000000000000000000000000000000000000000000000000000000000000000000000000000000000000000000000000000000000000000000000000000000000000000000000000000000000000000000000000000000000000000000000.000000
  0
SEQEND
  8
0
  0
POLYLINE
  8
0
 66
1
  0
VERTEX
  8
0
 10
391.746246
 20
-102.354965
 42
-0.078565
  0
VERTEX
  8
0
 10
391.843903
 20
-102.972412
  0
VERTEX
  8
0
 10
391.843903
 20
-113.413086
 42
-0.078625
  0
VERTEX
  8
0
 10
391.746490
 20
-114.030754
 42
0.612470
  0
VERTEX
  8
0
 10
393.006042
 20
-115.290527
 42
-0.078318
  0
VERTEX
  8
0
 10
393.623444
 20
-115.192871
  0
VERTEX
  8
0
 10
404.064819
 20
-115.192871
 42
-0.078302
  0
VERTEX
  8
0
 10
404.681763
 20
-115.290527
 42
0.612462
  0
VERTEX
  8
0
 10
405.941437
 20
-114.030655
 42
-0.078619
  0
VERTEX
  8
0
 10
405.843872
 20
-113.413574
  0
VERTEX
  8
0
 10
405.843872
 20
-102.972168
 42
-0.078616
  0
VERTEX
  8
0
 10
405.941528
 20
-102.354988
 42
0.612447
  0
VERTEX
  8
0
 10
404.681732
 20
-101.095215
 42
-0.078326
  0
VERTEX
  8
0
 10
404.064575
 20
-101.192871
  0
VERTEX
  8
0
 10
393.623199
 20
-101.192871
 42
-0.078317
  0
VERTEX
  8
0
 10
393.006256
 20
-101.095215
 42
0.612462
  0
VERTEX
  8
0
 10
391.746460
 20
-102.354851
 42
240788484342463670000000000000000000000000000000000000000000000000000000000000000000000000000000000000000000000000000000000000000000000000000000000000000000000000000000000000000000000000000000000000000000000000000000000000000000000000000000000000000000000000000000000000000000000000000000000.000000
  0
SEQEND
  8
0
  0
POLYLINE
  8
0
 66
1
  0
VERTEX
  8
0
 10
230.246246
 20
-83.354965
 42
-0.078576
  0
VERTEX
  8
0
 10
230.343903
 20
-83.972412
  0
VERTEX
  8
0
 10
230.343903
 20
-94.413086
 42
-0.078602
  0
VERTEX
  8
0
 10
230.246490
 20
-95.030754
 42
0.612464
  0
VERTEX
  8
0
 10
231.506042
 20
-96.290527
 42
-0.078296
  0
VERTEX
  8
0
 10
232.123444
 20
-96.192871
  0
VERTEX
  8
0
 10
242.564819
 20
-96.192871
 42
-0.078297
  0
VERTEX
  8
0
 10
243.181778
 20
-96.290527
 42
0.612453
  0
VERTEX
  8
0
 10
244.441437
 20
-95.030655
 42
-0.078606
  0
VERTEX
  8
0
 10
244.343872
 20
-94.413574
  0
VERTEX
  8
0
 10
244.343872
 20
-83.972168
 42
-0.078640
  0
VERTEX
  8
0
 10
244.441528
 20
-83.354988
 42
0.612449
  0
VERTEX
  8
0
 10
243.181747
 20
-82.095222
 42
-0.078299
  0
VERTEX
  8
0
 10
242.564575
 20
-82.192871
  0
VERTEX
  8
0
 10
232.123199
 20
-82.192871
 42
-0.078323
  0
VERTEX
  8
0
 10
231.506256
 20
-82.095215
 42
0.612454
  0
VERTEX
  8
0
 10
230.246445
 20
-83.354851
 42
240788484342463670000000000000000000000000000000000000000000000000000000000000000000000000000000000000000000000000000000000000000000000000000000000000000000000000000000000000000000000000000000000000000000000000000000000000000000000000000000000000000000000000000000000000000000000000000000000.000000
  0
SEQEND
  8
0
  0
POLYLINE
  8
0
 66
1
  0
VERTEX
  8
0
 10
249.246246
 20
-83.354965
 42
-0.078576
  0
VERTEX
  8
0
 10
249.343903
 20
-83.972412
  0
VERTEX
  8
0
 10
249.343903
 20
-94.413086
 42
-0.078602
  0
VERTEX
  8
0
 10
249.246490
 20
-95.030754
 42
0.612464
  0
VERTEX
  8
0
 10
250.506042
 20
-96.290527
 42
-0.078296
  0
VERTEX
  8
0
 10
251.123444
 20
-96.192871
  0
VERTEX
  8
0
 10
261.564819
 20
-96.192871
 42
-0.078302
  0
VERTEX
  8
0
 10
262.181763
 20
-96.290527
 42
0.612462
  0
VERTEX
  8
0
 10
263.441437
 20
-95.030655
 42
-0.078630
  0
VERTEX
  8
0
 10
263.343872
 20
-94.413574
  0
VERTEX
  8
0
 10
263.343872
 20
-83.972168
 42
-0.078616
  0
VERTEX
  8
0
 10
263.441528
 20
-83.354988
 42
0.612449
  0
VERTEX
  8
0
 10
262.181732
 20
-82.095222
 42
-0.078302
  0
VERTEX
  8
0
 10
261.564575
 20
-82.192871
  0
VERTEX
  8
0
 10
251.123199
 20
-82.192871
 42
-0.078323
  0
VERTEX
  8
0
 10
250.506256
 20
-82.095215
 42
0.612453
  0
VERTEX
  8
0
 10
249.246445
 20
-83.354851
 42
240788484342463670000000000000000000000000000000000000000000000000000000000000000000000000000000000000000000000000000000000000000000000000000000000000000000000000000000000000000000000000000000000000000000000000000000000000000000000000000000000000000000000000000000000000000000000000000000000.000000
  0
SEQEND
  8
0
  0
POLYLINE
  8
0
 66
1
  0
VERTEX
  8
0
 10
268.246246
 20
-83.354965
 42
-0.078554
  0
VERTEX
  8
0
 10
268.343903
 20
-83.972412
  0
VERTEX
  8
0
 10
268.343903
 20
-94.413086
 42
-0.078625
  0
VERTEX
  8
0
 10
268.246490
 20
-95.030754
 42
0.612464
  0
VERTEX
  8
0
 10
269.506042
 20
-96.290527
 42
-0.078294
  0
VERTEX
  8
0
 10
270.123444
 20
-96.192871
  0
VERTEX
  8
0
 10
280.564819
 20
-96.192871
 42
-0.078302
  0
VERTEX
  8
0
 10
281.181763
 20
-96.290527
 42
0.612462
  0
VERTEX
  8
0
 10
282.441437
 20
-95.030655
 42
-0.078630
  0
VERTEX
  8
0
 10
282.343872
 20
-94.413574
  0
VERTEX
  8
0
 10
282.343872
 20
-83.972168
 42
-0.078616
  0
VERTEX
  8
0
 10
282.441528
 20
-83.354988
 42
0.612449
  0
VERTEX
  8
0
 10
281.181732
 20
-82.095222
 42
-0.078302
  0
VERTEX
  8
0
 10
280.564575
 20
-82.192871
  0
VERTEX
  8
0
 10
270.123199
 20
-82.192871
 42
-0.078317
  0
VERTEX
  8
0
 10
269.506256
 20
-82.095215
 42
0.612462
  0
VERTEX
  8
0
 10
268.246460
 20
-83.354851
 42
240788484342463670000000000000000000000000000000000000000000000000000000000000000000000000000000000000000000000000000000000000000000000000000000000000000000000000000000000000000000000000000000000000000000000000000000000000000000000000000000000000000000000000000000000000000000000000000000000.000000
  0
SEQEND
  8
0
  0
POLYLINE
  8
0
 66
1
  0
VERTEX
  8
0
 10
287.246246
 20
-83.354965
 42
-0.078554
  0
VERTEX
  8
0
 10
287.343903
 20
-83.972412
  0
VERTEX
  8
0
 10
287.343903
 20
-94.413086
 42
-0.078625
  0
VERTEX
  8
0
 10
287.246490
 20
-95.030754
 42
0.612464
  0
VERTEX
  8
0
 10
288.506042
 20
-96.290527
 42
-0.078294
  0
VERTEX
  8
0
 10
289.123444
 20
-96.192871
  0
VERTEX
  8
0
 10
299.564819
 20
-96.192871
 42
-0.078302
  0
VERTEX
  8
0
 10
300.181763
 20
-96.290527
 42
0.612462
  0
VERTEX
  8
0
 10
301.441437
 20
-95.030655
 42
-0.078608
  0
VERTEX
  8
0
 10
301.343872
 20
-94.413574
  0
VERTEX
  8
0
 10
301.343872
 20
-83.972168
 42
-0.078616
  0
VERTEX
  8
0
 10
301.441528
 20
-83.354988
 42
0.612449
  0
VERTEX
  8
0
 10
300.181732
 20
-82.095222
 42
-0.078302
  0
VERTEX
  8
0
 10
299.564575
 20
-82.192871
  0
VERTEX
  8
0
 10
289.123199
 20
-82.192871
 42
-0.078317
  0
VERTEX
  8
0
 10
288.506256
 20
-82.095215
 42
0.612462
  0
VERTEX
  8
0
 10
287.246460
 20
-83.354851
 42
240788484342463670000000000000000000000000000000000000000000000000000000000000000000000000000000000000000000000000000000000000000000000000000000000000000000000000000000000000000000000000000000000000000000000000000000000000000000000000000000000000000000000000000000000000000000000000000000000.000000
  0
SEQEND
  8
0
  0
POLYLINE
  8
0
 66
1
  0
VERTEX
  8
0
 10
306.246246
 20
-83.354965
 42
-0.078576
  0
VERTEX
  8
0
 10
306.343903
 20
-83.972412
  0
VERTEX
  8
0
 10
306.343903
 20
-94.413086
 42
-0.078625
  0
VERTEX
  8
0
 10
306.246490
 20
-95.030754
 42
0.612462
  0
VERTEX
  8
0
 10
307.506042
 20
-96.290527
 42
-0.078294
  0
VERTEX
  8
0
 10
308.123444
 20
-96.192871
  0
VERTEX
  8
0
 10
318.564819
 20
-96.192871
 42
-0.078302
  0
VERTEX
  8
0
 10
319.181763
 20
-96.290527
 42
0.612462
  0
VERTEX
  8
0
 10
320.441437
 20
-95.030655
 42
-0.078619
  0
VERTEX
  8
0
 10
320.343872
 20
-94.413574
  0
VERTEX
  8
0
 10
320.343872
 20
-83.972168
 42
-0.078616
  0
VERTEX
  8
0
 10
320.441528
 20
-83.354988
 42
0.612447
  0
VERTEX
  8
0
 10
319.181732
 20
-82.095215
 42
-0.078326
  0
VERTEX
  8
0
 10
318.564575
 20
-82.192871
  0
VERTEX
  8
0
 10
308.123199
 20
-82.192871
 42
-0.078317
  0
VERTEX
  8
0
 10
307.506256
 20
-82.095215
 42
0.612462
  0
VERTEX
  8
0
 10
306.246460
 20
-83.354851
 42
240788484342463670000000000000000000000000000000000000000000000000000000000000000000000000000000000000000000000000000000000000000000000000000000000000000000000000000000000000000000000000000000000000000000000000000000000000000000000000000000000000000000000000000000000000000000000000000000000.000000
  0
SEQEND
  8
0
  0
POLYLINE
  8
0
 66
1
  0
VERTEX
  8
0
 10
325.246246
 20
-83.354965
 42
-0.078565
  0
VERTEX
  8
0
 10
325.343903
 20
-83.972412
  0
VERTEX
  8
0
 10
325.343903
 20
-94.413086
 42
-0.078625
  0
VERTEX
  8
0
 10
325.246490
 20
-95.030754
 42
0.612470
  0
VERTEX
  8
0
 10
326.506042
 20
-96.290527
 42
-0.078318
  0
VERTEX
  8
0
 10
327.123444
 20
-96.192871
  0
VERTEX
  8
0
 10
337.564819
 20
-96.192871
 42
-0.078302
  0
VERTEX
  8
0
 10
338.181763
 20
-96.290527
 42
0.612462
  0
VERTEX
  8
0
 10
339.441437
 20
-95.030655
 42
-0.078619
  0
VERTEX
  8
0
 10
339.343872
 20
-94.413574
  0
VERTEX
  8
0
 10
339.343872
 20
-83.972168
 42
-0.078616
  0
VERTEX
  8
0
 10
339.441528
 20
-83.354988
 42
0.612447
  0
VERTEX
  8
0
 10
338.181732
 20
-82.095222
 42
-0.078302
  0
VERTEX
  8
0
 10
337.564575
 20
-82.192871
  0
VERTEX
  8
0
 10
327.123199
 20
-82.192871
 42
-0.078317
  0
VERTEX
  8
0
 10
326.506256
 20
-82.095215
 42
0.612462
  0
VERTEX
  8
0
 10
325.246460
 20
-83.354851
 42
240788484342463670000000000000000000000000000000000000000000000000000000000000000000000000000000000000000000000000000000000000000000000000000000000000000000000000000000000000000000000000000000000000000000000000000000000000000000000000000000000000000000000000000000000000000000000000000000000.000000
  0
SEQEND
  8
0
  0
POLYLINE
  8
0
 66
1
  0
VERTEX
  8
0
 10
344.246246
 20
-83.354965
 42
-0.078565
  0
VERTEX
  8
0
 10
344.343903
 20
-83.972412
  0
VERTEX
  8
0
 10
344.343903
 20
-94.413086
 42
-0.078625
  0
VERTEX
  8
0
 10
344.246490
 20
-95.030754
 42
0.612470
  0
VERTEX
  8
0
 10
345.506042
 20
-96.290527
 42
-0.078318
  0
VERTEX
  8
0
 10
346.123444
 20
-96.192871
  0
VERTEX
  8
0
 10
356.564819
 20
-96.192871
 42
-0.078302
  0
VERTEX
  8
0
 10
357.181763
 20
-96.290527
 42
0.612463
  0
VERTEX
  8
0
 10
358.441437
 20
-95.030655
 42
-0.078625
  0
VERTEX
  8
0
 10
358.343872
 20
-94.413574
  0
VERTEX
  8
0
 10
358.343872
 20
-83.972168
 42
-0.078616
  0
VERTEX
  8
0
 10
358.441528
 20
-83.354988
 42
0.612447
  0
VERTEX
  8
0
 10
357.181732
 20
-82.095215
 42
-0.078326
  0
VERTEX
  8
0
 10
356.564575
 20
-82.192871
  0
VERTEX
  8
0
 10
346.123199
 20
-82.192871
 42
-0.078317
  0
VERTEX
  8
0
 10
345.506256
 20
-82.095215
 42
0.612462
  0
VERTEX
  8
0
 10
344.246460
 20
-83.354851
 42
240788484342463670000000000000000000000000000000000000000000000000000000000000000000000000000000000000000000000000000000000000000000000000000000000000000000000000000000000000000000000000000000000000000000000000000000000000000000000000000000000000000000000000000000000000000000000000000000000.000000
  0
SEQEND
  8
0
  0
POLYLINE
  8
0
 66
1
  0
VERTEX
  8
0
 10
363.246246
 20
-83.354965
 42
-0.078562
  0
VERTEX
  8
0
 10
363.343903
 20
-83.972412
  0
VERTEX
  8
0
 10
363.343903
 20
-94.413086
 42
-0.078625
  0
VERTEX
  8
0
 10
363.246490
 20
-95.030754
 42
0.612463
  0
VERTEX
  8
0
 10
364.506042
 20
-96.290527
 42
-0.078318
  0
VERTEX
  8
0
 10
365.123444
 20
-96.192871
  0
VERTEX
  8
0
 10
375.564819
 20
-96.192871
 42
-0.078302
  0
VERTEX
  8
0
 10
376.181763
 20
-96.290527
 42
0.612463
  0
VERTEX
  8
0
 10
377.441437
 20
-95.030655
 42
-0.078625
  0
VERTEX
  8
0
 10
377.343872
 20
-94.413574
  0
VERTEX
  8
0
 10
377.343872
 20
-83.972168
 42
-0.078616
  0
VERTEX
  8
0
 10
377.441528
 20
-83.354988
 42
0.612447
  0
VERTEX
  8
0
 10
376.181732
 20
-82.095215
 42
-0.078326
  0
VERTEX
  8
0
 10
375.564575
 20
-82.192871
  0
VERTEX
  8
0
 10
365.123199
 20
-82.192871
 42
-0.078317
  0
VERTEX
  8
0
 10
364.506256
 20
-82.095215
 42
0.612462
  0
VERTEX
  8
0
 10
363.246460
 20
-83.354851
 42
240788484342463670000000000000000000000000000000000000000000000000000000000000000000000000000000000000000000000000000000000000000000000000000000000000000000000000000000000000000000000000000000000000000000000000000000000000000000000000000000000000000000000000000000000000000000000000000000000.000000
  0
SEQEND
  8
0
  0
POLYLINE
  8
0
 66
1
  0
VERTEX
  8
0
 10
382.246246
 20
-83.354965
 42
-0.078559
  0
VERTEX
  8
0
 10
382.343903
 20
-83.972412
  0
VERTEX
  8
0
 10
382.343903
 20
-94.413086
 42
-0.078625
  0
VERTEX
  8
0
 10
382.246490
 20
-95.030754
 42
0.612470
  0
VERTEX
  8
0
 10
383.506042
 20
-96.290527
 42
-0.078318
  0
VERTEX
  8
0
 10
384.123444
 20
-96.192871
  0
VERTEX
  8
0
 10
394.564819
 20
-96.192871
 42
-0.078302
  0
VERTEX
  8
0
 10
395.181763
 20
-96.290527
 42
0.612462
  0
VERTEX
  8
0
 10
396.441437
 20
-95.030655
 42
-0.078619
  0
VERTEX
  8
0
 10
396.343872
 20
-94.413574
  0
VERTEX
  8
0
 10
396.343872
 20
-83.972168
 42
-0.078616
  0
VERTEX
  8
0
 10
396.441528
 20
-83.354988
 42
0.612447
  0
VERTEX
  8
0
 10
395.181732
 20
-82.095215
 42
-0.078326
  0
VERTEX
  8
0
 10
394.564575
 20
-82.192871
  0
VERTEX
  8
0
 10
384.123199
 20
-82.192871
 42
-0.078317
  0
VERTEX
  8
0
 10
383.506256
 20
-82.095215
 42
0.612463
  0
VERTEX
  8
0
 10
382.246460
 20
-83.354851
 42
240788484342463670000000000000000000000000000000000000000000000000000000000000000000000000000000000000000000000000000000000000000000000000000000000000000000000000000000000000000000000000000000000000000000000000000000000000000000000000000000000000000000000000000000000000000000000000000000000.000000
  0
SEQEND
  8
0
  0
POLYLINE
  8
0
 66
1
  0
VERTEX
  8
0
 10
401.246246
 20
-83.354965
 42
-0.078565
  0
VERTEX
  8
0
 10
401.343903
 20
-83.972412
  0
VERTEX
  8
0
 10
401.343903
 20
-94.413086
 42
-0.078625
  0
VERTEX
  8
0
 10
401.246490
 20
-95.030754
 42
0.612470
  0
VERTEX
  8
0
 10
402.506042
 20
-96.290527
 42
-0.078318
  0
VERTEX
  8
0
 10
403.123444
 20
-96.192871
  0
VERTEX
  8
0
 10
413.564819
 20
-96.192871
 42
-0.078302
  0
VERTEX
  8
0
 10
414.181763
 20
-96.290527
 42
0.612462
  0
VERTEX
  8
0
 10
415.441437
 20
-95.030655
 42
-0.078619
  0
VERTEX
  8
0
 10
415.343872
 20
-94.413574
  0
VERTEX
  8
0
 10
415.343872
 20
-83.972168
 42
-0.078616
  0
VERTEX
  8
0
 10
415.441528
 20
-83.354988
 42
0.612447
  0
VERTEX
  8
0
 10
414.181732
 20
-82.095215
 42
-0.078326
  0
VERTEX
  8
0
 10
413.564575
 20
-82.192871
  0
VERTEX
  8
0
 10
403.123199
 20
-82.192871
 42
-0.078317
  0
VERTEX
  8
0
 10
402.506256
 20
-82.095215
 42
0.612462
  0
VERTEX
  8
0
 10
401.246460
 20
-83.354851
 42
240788484342463670000000000000000000000000000000000000000000000000000000000000000000000000000000000000000000000000000000000000000000000000000000000000000000000000000000000000000000000000000000000000000000000000000000000000000000000000000000000000000000000000000000000000000000000000000000000.000000
  0
SEQEND
  8
0
  0
POLYLINE
  8
0
 66
1
  0
VERTEX
  8
0
 10
299.244019
 20
-126.892822
  0
VERTEX
  8
0
 10
260.183411
 20
-126.892822
  0
SEQEND
  8
0
  0
POLYLINE
  8
0
 66
1
  0
VERTEX
  8
0
 10
313.243835
 20
-126.892822
  0
VERTEX
  8
0
 10
313.243835
 20
-132.400879
 42
0.078599
  0
VERTEX
  8
0
 10
313.341461
 20
-133.018494
 42
-0.612462
  0
VERTEX
  8
0
 10
312.081970
 20
-134.278091
 42
0.078321
  0
VERTEX
  8
0
 10
311.464539
 20
-134.180420
  0
VERTEX
  8
0
 10
301.023376
 20
-134.180420
 42
0.078348
  0
VERTEX
  8
0
 10
300.406250
 20
-134.278076
 42
-0.612477
  0
VERTEX
  8
0
 10
299.146454
 20
-133.018158
 42
0.078611
  0
VERTEX
  8
0
 10
299.243896
 20
-132.400879
  0
VERTEX
  8
0
 10
299.243896
 20
-126.892822
  0
SEQEND
  8
0
  0
POLYLINE
  8
0
 66
1
  0
VERTEX
  8
0
 10
260.183411
 20
-126.892822
 42
-0.231120
  0
VERTEX
  8
0
 10
260.568481
 20
-127.681396
  0
VERTEX
  8
0
 10
260.568481
 20
-128.681152
 42
-0.414198
  0
VERTEX
  8
0
 10
259.568970
 20
-129.681152
  0
VERTEX
  8
0
 10
259.569702
 20
-131.394592
 42
0.127563
  0
VERTEX
  8
0
 10
259.691864
 20
-131.873215
 42
-0.748600
  0
VERTEX
  8
0
 10
258.732635
 20
-132.833252
 42
0.125073
  0
VERTEX
  8
0
 10
258.253052
 20
-132.710693
  0
VERTEX
  8
0
 10
254.234482
 20
-132.710938
 42
0.125080
  0
VERTEX
  8
0
 10
253.757416
 20
-132.831787
 42
-0.746653
  0
VERTEX
  8
0
 10
252.798721
 20
-131.873245
 42
0.125024
  0
VERTEX
  8
0
 10
252.919052
 20
-131.395752
  0
VERTEX
  8
0
 10
252.919540
 20
-129.681152
 42
-0.414197
  0
VERTEX
  8
0
 10
251.919540
 20
-128.681152
  0
VERTEX
  8
0
 10
251.919540
 20
-127.681519
 42
-0.414228
  0
VERTEX
  8
0
 10
252.919540
 20
-126.681396
  0
VERTEX
  8
0
 10
252.919052
 20
-126.658447
  0
VERTEX
  8
0
 10
252.919083
 20
-120.430908
  0
VERTEX
  8
0
 10
254.693985
 20
-120.430908
  0
VERTEX
  8
0
 10
254.693970
 20
-118.930908
  0
VERTEX
  8
0
 10
257.794067
 20
-118.930908
  0
VERTEX
  8
0
 10
257.794067
 20
-120.430908
  0
VERTEX
  8
0
 10
259.568970
 20
-120.430908
  0
VERTEX
  8
0
 10
259.568970
 20
-121.610840
  0
VERTEX
  8
0
 10
259.568970
 20
-121.910889
  0
VERTEX
  8
0
 10
259.868896
 20
-121.910889
  0
VERTEX
  8
0
 10
298.743774
 20
-121.910889
 42
0.309245
  0
VERTEX
  8
0
 10
299.209778
 20
-121.592033
 42
0.032189
  0
VERTEX
  8
0
 10
299.146454
 20
-121.342369
 42
-0.612454
  0
VERTEX
  8
0
 10
300.406006
 20
-120.082764
 42
0.078320
  0
VERTEX
  8
0
 10
301.023438
 20
-120.180420
  0
VERTEX
  8
0
 10
306.318665
 20
-120.180420
  0
VERTEX
  8
0
 10
311.464539
 20
-120.180420
 42
0.078299
  0
VERTEX
  8
0
 10
312.081879
 20
-120.082764
 42
-0.612441
  0
VERTEX
  8
0
 10
313.341461
 20
-121.342377
 42
0.032257
  0
VERTEX
  8
0
 10
313.277863
 20
-121.592239
 42
0.309183
  0
VERTEX
  8
0
 10
313.743835
 20
-121.910889
  0
VERTEX
  8
0
 10
352.618835
 20
-121.910889
  0
VERTEX
  8
0
 10
352.919006
 20
-121.910889
  0
VERTEX
  8
0
 10
352.919006
 20
-121.610840
  0
VERTEX
  8
0
 10
352.919006
 20
-120.430908
  0
VERTEX
  8
0
 10
354.694397
 20
-120.430908
  0
VERTEX
  8
0
 10
354.694397
 20
-118.930908
  0
VERTEX
  8
0
 10
357.794006
 20
-118.930908
  0
VERTEX
  8
0
 10
357.794006
 20
-120.430908
  0
VERTEX
  8
0
 10
359.569397
 20
-120.430908
  0
VERTEX
  8
0
 10
359.568909
 20
-126.658447
  0
VERTEX
  8
0
 10
359.568298
 20
-126.681396
 42
-0.414228
  0
VERTEX
  8
0
 10
360.568420
 20
-127.681396
  0
VERTEX
  8
0
 10
360.568420
 20
-128.681152
 42
-0.414198
  0
VERTEX
  8
0
 10
359.568909
 20
-129.681152
  0
VERTEX
  8
0
 10
359.568420
 20
-131.396973
 42
0.124974
  0
VERTEX
  8
0
 10
359.689789
 20
-131.874283
 42
-0.746647
  0
VERTEX
  8
0
 10
358.730804
 20
-132.832764
 42
0.124986
  0
VERTEX
  8
0
 10
358.253723
 20
-132.711670
  0
VERTEX
  8
0
 10
354.234924
 20
-132.712158
 42
0.125665
  0
VERTEX
  8
0
 10
353.755585
 20
-132.834473
 42
-0.748616
  0
VERTEX
  8
0
 10
352.796356
 20
-131.874939
 42
0.123505
  0
VERTEX
  8
0
 10
352.918884
 20
-131.403320
  0
VERTEX
  8
0
 10
352.919495
 20
-129.681152
 42
-0.414197
  0
VERTEX
  8
0
 10
351.919495
 20
-128.681152
  0
VERTEX
  8
0
 10
351.919495
 20
-127.681396
 42
-0.231118
  0
VERTEX
  8
0
 10
352.304565
 20
-126.892822
 42
240788484342463670000000000000000000000000000000000000000000000000000000000000000000000000000000000000000000000000000000000000000000000000000000000000000000000000000000000000000000000000000000000000000000000000000000000000000000000000000000000000000000000000000000000000000000000000000000000.000000
  0
SEQEND
  8
0
  0
POLYLINE
  8
0
 66
1
  0
VERTEX
  8
0
 10
313.244019
 20
-126.892822
  0
VERTEX
  8
0
 10
352.304565
 20
-126.892822
  0
SEQEND
  8
0
  0
POLYLINE
  8
0
 66
1
  0
VERTEX
  8
0
 10
563.893921
 20
-18.192871
 42
0.414194
  0
VERTEX
  8
0
 10
562.093994
 20
-16.392822
  0
VERTEX
  8
0
 10
445.098755
 20
-16.392822
 42
0.414214
  0
VERTEX
  8
0
 10
444.598755
 20
-16.892822
  0
VERTEX
  8
0
 10
444.598755
 20
-20.192139
  0
VERTEX
  8
0
 10
457.693970
 20
-20.192139
 42
-0.414126
  0
VERTEX
  8
0
 10
458.093994
 20
-20.592285
  0
VERTEX
  8
0
 10
458.093994
 20
-33.792236
 42
-0.414121
  0
VERTEX
  8
0
 10
457.693970
 20
-34.192139
  0
VERTEX
  8
0
 10
444.494019
 20
-34.192139
 42
-0.414121
  0
VERTEX
  8
0
 10
444.093994
 20
-33.792236
  0
VERTEX
  8
0
 10
444.093994
 20
-22.392090
  0
VERTEX
  8
0
 10
439.093994
 20
-22.392090
  0
VERTEX
  8
0
 10
439.093994
 20
-33.792236
 42
-0.414121
  0
VERTEX
  8
0
 10
438.693970
 20
-34.192139
  0
VERTEX
  8
0
 10
425.494019
 20
-34.192139
 42
-0.414121
  0
VERTEX
  8
0
 10
425.093994
 20
-33.792236
  0
VERTEX
  8
0
 10
425.093994
 20
-20.592285
 42
-0.414126
  0
VERTEX
  8
0
 10
425.494019
 20
-20.192139
  0
VERTEX
  8
0
 10
438.598755
 20
-20.192139
  0
VERTEX
  8
0
 10
438.598755
 20
-16.892822
 42
0.414214
  0
VERTEX
  8
0
 10
438.098755
 20
-16.392822
  0
VERTEX
  8
0
 10
274.098877
 20
-16.392822
 42
0.414214
  0
VERTEX
  8
0
 10
273.598877
 20
-16.892822
  0
VERTEX
  8
0
 10
273.598877
 20
-19.692139
 42
0.414214
  0
VERTEX
  8
0
 10
274.098877
 20
-20.192139
  0
VERTEX
  8
0
 10
286.694092
 20
-20.192139
 42
-0.414126
  0
VERTEX
  8
0
 10
287.094116
 20
-20.592285
  0
VERTEX
  8
0
 10
287.094116
 20
-33.792236
 42
-0.414121
  0
VERTEX
  8
0
 10
286.694092
 20
-34.192139
  0
VERTEX
  8
0
 10
273.494141
 20
-34.192139
 42
-0.414121
  0
VERTEX
  8
0
 10
273.094116
 20
-33.792236
  0
VERTEX
  8
0
 10
273.094116
 20
-22.392090
  0
VERTEX
  8
0
 10
268.094116
 20
-22.392090
  0
VERTEX
  8
0
 10
268.094116
 20
-33.792236
 42
-0.414121
  0
VERTEX
  8
0
 10
267.694092
 20
-34.192139
  0
VERTEX
  8
0
 10
254.494156
 20
-34.192139
 42
-0.414121
  0
VERTEX
  8
0
 10
254.094131
 20
-33.792236
  0
VERTEX
  8
0
 10
254.094131
 20
-20.592285
 42
-0.414126
  0
VERTEX
  8
0
 10
254.494156
 20
-20.192139
  0
VERTEX
  8
0
 10
267.098877
 20
-20.192139
 42
0.414214
  0
VERTEX
  8
0
 10
267.598877
 20
-19.692139
  0
VERTEX
  8
0
 10
267.598877
 20
-16.892822
 42
0.414214
  0
VERTEX
  8
0
 10
267.098877
 20
-16.392822
  0
VERTEX
  8
0
 10
176.094025
 20
-16.392822
 42
0.414214
  0
VERTEX
  8
0
 10
174.293976
 20
-18.192871
  0
VERTEX
  8
0
 10
174.293976
 20
-73.692871
 42
0.414214
  0
VERTEX
  8
0
 10
174.793976
 20
-74.192871
  0
VERTEX
  8
0
 10
177.194000
 20
-74.192871
 42
-1.000000
  0
VERTEX
  8
0
 10
177.194000
 20
-80.192871
  0
VERTEX
  8
0
 10
174.793976
 20
-80.192871
 42
0.414214
  0
VERTEX
  8
0
 10
174.293976
 20
-80.692871
  0
VERTEX
  8
0
 10
174.293976
 20
-136.192871
 42
0.414214
  0
VERTEX
  8
0
 10
176.094025
 20
-137.992920
  0
VERTEX
  8
0
 10
195.844025
 20
-137.992920
 42
0.414199
  0
VERTEX
  8
0
 10
196.344025
 20
-137.492920
  0
VERTEX
  8
0
 10
196.344025
 20
-135.092773
 42
-1.000000
  0
VERTEX
  8
0
 10
202.344025
 20
-135.092773
  0
VERTEX
  8
0
 10
202.344025
 20
-137.492920
 42
0.414199
  0
VERTEX
  8
0
 10
202.844025
 20
-137.992920
  0
VERTEX
  8
0
 10
407.369019
 20
-137.992920
 42
0.414199
  0
VERTEX
  8
0
 10
407.869019
 20
-137.492920
  0
VERTEX
  8
0
 10
407.869019
 20
-134.692871
 42
0.414199
  0
VERTEX
  8
0
 10
407.369019
 20
-134.192871
  0
VERTEX
  8
0
 10
394.668945
 20
-134.192871
 42
-0.414111
  0
VERTEX
  8
0
 10
394.268921
 20
-133.792969
  0
VERTEX
  8
0
 10
394.268921
 20
-120.592773
 42
-0.414130
  0
VERTEX
  8
0
 10
394.668945
 20
-120.192871
  0
VERTEX
  8
0
 10
407.869019
 20
-120.192871
 42
-0.414219
  0
VERTEX
  8
0
 10
408.268921
 20
-120.592773
  0
VERTEX
  8
0
 10
408.268921
 20
-131.592773
 42
0.414199
  0
VERTEX
  8
0
 10
408.768921
 20
-132.092773
  0
VERTEX
  8
0
 10
416.093994
 20
-132.092773
 42
-0.414199
  0
VERTEX
  8
0
 10
416.593994
 20
-132.592773
  0
VERTEX
  8
0
 10
416.593994
 20
-137.492920
 42
0.414199
  0
VERTEX
  8
0
 10
417.093994
 20
-137.992920
  0
VERTEX
  8
0
 10
562.093994
 20
-137.992920
 42
0.414193
  0
VERTEX
  8
0
 10
563.893921
 20
-136.192871
  0
VERTEX
  8
0
 10
563.893921
 20
-18.192871
  0
SEQEND
  8
0
  0
POLYLINE
  8
0
 66
1
  0
VERTEX
  8
0
 10
262.243500
 20
-129.399414
  0
VERTEX
  8
0
 10
290.333344
 20
-129.399414
  0
VERTEX
  8
0
 10
290.333344
 20
-132.699707
  0
VERTEX
  8
0
 10
262.243500
 20
-132.699707
  0
VERTEX
  8
0
 10
262.243500
 20
-129.399414
  0
SEQEND
  8
0
  0
ENDSEC
  0
EOF
