ISO-10303-21;
HEADER;
/* Generated by software containing ST-Developer
 * from STEP Tools, Inc. (www.steptools.com) 
 */

FILE_DESCRIPTION(
/* description */ ('Designed by EasyEDA Pro'),
/* implementation_level */ '2;1');

FILE_NAME(
/* name */ 'pcbsnap9_210725.step',
/* time_stamp */ '2025-07-21T19:01:09+07:00',
/* author */ (''),
/* organization */ (''),
/* preprocessor_version */ 'ST-DEVELOPER v20.1',
/* originating_system */ 'Autodesk Translation Framework v14.10.0.0',
/* authorisation */ '');

FILE_SCHEMA (('AUTOMOTIVE_DESIGN { 1 0 10303 214 3 1 1 }'));
ENDSEC;

DATA;
#10=MECHANICAL_DESIGN_GEOMETRIC_PRESENTATION_REPRESENTATION('',(#13),#8962);
#11=SHAPE_REPRESENTATION_RELATIONSHIP('SRR','None',#8969,#12);
#12=ADVANCED_BREP_SHAPE_REPRESENTATION('',(#14),#8961);
#13=STYLED_ITEM('',(#8979),#14);
#14=MANIFOLD_SOLID_BREP('Body1',#4689);
#15=FACE_BOUND('',#631,.T.);
#16=FACE_BOUND('',#653,.T.);
#17=FACE_BOUND('',#695,.T.);
#18=FACE_BOUND('',#849,.T.);
#19=FACE_BOUND('',#850,.T.);
#20=FACE_BOUND('',#851,.T.);
#21=FACE_BOUND('',#852,.T.);
#22=FACE_BOUND('',#853,.T.);
#23=ELLIPSE('',#4757,0.707106781186553,0.5);
#24=ELLIPSE('',#4804,0.707106781186553,0.5);
#25=ELLIPSE('',#4842,0.348010216963682,0.1);
#26=ELLIPSE('',#4908,0.198851263727741,0.167459687354261);
#27=ELLIPSE('',#4909,0.192907372280844,0.162186981073717);
#28=ELLIPSE('',#4910,2.43218457363745,1.07294445198164);
#29=ELLIPSE('',#4911,1.1577737055103,0.249303586382136);
#30=ELLIPSE('',#4912,0.269795778520988,0.186961863652796);
#31=ELLIPSE('',#4913,8.20031857707546,6.94731799668216);
#32=ELLIPSE('',#4914,0.298222162470208,0.191466712202459);
#33=ELLIPSE('',#4915,0.295578097561393,0.192593435587028);
#34=ELLIPSE('',#4916,3.89709391341993,1.51563763549362);
#35=ELLIPSE('',#4917,0.576254297436789,0.290134222736685);
#36=ELLIPSE('',#4918,0.316619980119561,0.204193473596453);
#37=ELLIPSE('',#4919,1.55589389330966,0.442665968475619);
#38=ELLIPSE('',#4920,2.08352434039117,0.698878659314352);
#39=ELLIPSE('',#4922,1.3793289313222,0.564595249213896);
#40=ELLIPSE('',#4948,0.348010216963682,0.1);
#41=ELLIPSE('',#4969,0.348010216963682,0.1);
#42=ELLIPSE('',#4974,0.348010216963682,0.1);
#43=ELLIPSE('',#4980,0.576254297436789,0.290134222736685);
#44=ELLIPSE('',#4981,0.316619980119561,0.204193473596453);
#45=ELLIPSE('',#4982,1.55589389330966,0.442665968475619);
#46=ELLIPSE('',#4983,2.08352434039117,0.698878659314352);
#47=ELLIPSE('',#4985,0.198851263727741,0.167459687354261);
#48=ELLIPSE('',#4986,0.192907372280844,0.162186981073717);
#49=ELLIPSE('',#4987,2.43218457363745,1.07294445198164);
#50=ELLIPSE('',#4988,1.1577737055103,0.249303586382136);
#51=ELLIPSE('',#4989,0.269795778520988,0.186961863652796);
#52=ELLIPSE('',#4990,8.20031857707546,6.94731799668216);
#53=ELLIPSE('',#4991,0.298222162470208,0.191466712202459);
#54=ELLIPSE('',#4992,0.295578097561393,0.192593435587028);
#55=ELLIPSE('',#4993,3.89709391341993,1.51563763549362);
#56=ELLIPSE('',#4995,1.3793289313222,0.564595249213896);
#57=SPHERICAL_SURFACE('',#4745,0.3);
#58=SPHERICAL_SURFACE('',#4747,0.3);
#59=SPHERICAL_SURFACE('',#4796,0.3);
#60=SPHERICAL_SURFACE('',#4798,0.3);
#61=SPHERICAL_SURFACE('',#4835,0.3);
#62=SPHERICAL_SURFACE('',#4868,0.3);
#63=SPHERICAL_SURFACE('',#4925,0.3);
#64=SPHERICAL_SURFACE('',#4929,0.299999999999963);
#65=SPHERICAL_SURFACE('',#5043,0.3);
#66=SPHERICAL_SURFACE('',#5059,0.3);
#67=SPHERICAL_SURFACE('',#5063,0.3);
#68=SPHERICAL_SURFACE('',#5133,0.299999999999963);
#69=TOROIDAL_SURFACE('',#4742,0.799999999999993,0.3);
#70=TOROIDAL_SURFACE('',#4779,0.799999999999992,0.3);
#71=TOROIDAL_SURFACE('',#4825,1.9,0.1);
#72=TOROIDAL_SURFACE('',#4850,0.4,0.1);
#73=TOROIDAL_SURFACE('',#4856,1.9,0.1);
#74=TOROIDAL_SURFACE('',#4872,0.8,0.3);
#75=TOROIDAL_SURFACE('',#4884,0.4,0.1);
#76=TOROIDAL_SURFACE('',#4891,1.9,0.1);
#77=TOROIDAL_SURFACE('',#4895,1.9,0.1);
#78=TOROIDAL_SURFACE('',#4902,0.4,0.1);
#79=TOROIDAL_SURFACE('',#4943,0.4,0.1);
#80=TOROIDAL_SURFACE('',#4960,0.8,0.3);
#81=TOROIDAL_SURFACE('',#5067,0.8,0.3);
#82=TOROIDAL_SURFACE('',#5081,0.4,0.1);
#83=TOROIDAL_SURFACE('',#5082,0.4,0.1);
#84=TOROIDAL_SURFACE('',#5091,0.799999999999965,0.299999999999963);
#85=TOROIDAL_SURFACE('',#5095,0.799999999999965,0.299999999999963);
#86=TOROIDAL_SURFACE('',#5104,0.799999999999962,0.299999999999963);
#87=TOROIDAL_SURFACE('',#5108,0.799999999999961,0.299999999999963);
#88=TOROIDAL_SURFACE('',#5117,0.799999999999961,0.299999999999963);
#89=TOROIDAL_SURFACE('',#5121,0.6,0.3);
#90=TOROIDAL_SURFACE('',#5127,0.6,0.3);
#91=TOROIDAL_SURFACE('',#5149,0.8,0.3);
#92=TOROIDAL_SURFACE('',#5154,0.6,0.3);
#93=TOROIDAL_SURFACE('',#5173,0.799999999999961,0.299999999999963);
#94=TOROIDAL_SURFACE('',#5180,0.4,0.1);
#95=TOROIDAL_SURFACE('',#5181,0.4,0.1);
#96=TOROIDAL_SURFACE('',#5185,0.6,0.3);
#97=(
BOUNDED_SURFACE()
B_SPLINE_SURFACE(2,2,((#6601,#6602,#6603),(#6604,#6605,#6606),(#6607,#6608,
#6609)),.UNSPECIFIED.,.F.,.F.,.F.)
B_SPLINE_SURFACE_WITH_KNOTS((3,3),(3,3),(-1.57079632679493,0.),(-1.5707963267949,
0.),.UNSPECIFIED.)
GEOMETRIC_REPRESENTATION_ITEM()
RATIONAL_B_SPLINE_SURFACE(((1.,0.707106781186548,1.),(0.707106781186544,
0.499999999999997,0.707106781186544),(1.,0.707106781186548,1.)))
REPRESENTATION_ITEM('')
SURFACE()
);
#98=(
BOUNDED_SURFACE()
B_SPLINE_SURFACE(2,2,((#6621,#6622,#6623),(#6624,#6625,#6626),(#6627,#6628,
#6629)),.UNSPECIFIED.,.F.,.F.,.F.)
B_SPLINE_SURFACE_WITH_KNOTS((3,3),(3,3),(-1.57079632679491,0.),(-0.643501108793318,
0.),.UNSPECIFIED.)
GEOMETRIC_REPRESENTATION_ITEM()
RATIONAL_B_SPLINE_SURFACE(((1.,0.948683298050508,1.),(0.707106781186619,
0.670820393250001,0.707106781186619),(1.,0.948683298050508,1.)))
REPRESENTATION_ITEM('')
SURFACE()
);
#99=(
BOUNDED_SURFACE()
B_SPLINE_SURFACE(2,2,((#6644,#6645,#6646),(#6647,#6648,#6649),(#6650,#6651,
#6652),(#6653,#6654,#6655),(#6656,#6657,#6658)),.UNSPECIFIED.,.F.,.F.,.F.)
B_SPLINE_SURFACE_WITH_KNOTS((3,2,3),(3,3),(-5.9211894646675E-14,0.785398170847993,
1.57079634169605),(1.5707963267949,3.14159265358979),.UNSPECIFIED.)
GEOMETRIC_REPRESENTATION_ITEM()
RATIONAL_B_SPLINE_SURFACE(((1.,0.707106781186547,1.),(0.923879531085916,
0.653281481430299,0.923879531085916),(1.,0.707106781186547,1.),(0.923879531086177,
0.653281481430484,0.923879531086177),(1.,0.707106781186547,1.)))
REPRESENTATION_ITEM('')
SURFACE()
);
#100=(
BOUNDED_SURFACE()
B_SPLINE_SURFACE(2,2,((#6752,#6753,#6754),(#6755,#6756,#6757),(#6758,#6759,
#6760)),.UNSPECIFIED.,.F.,.F.,.F.)
B_SPLINE_SURFACE_WITH_KNOTS((3,3),(3,3),(-1.57079632679493,0.),(0.,1.5707963267949),
 .UNSPECIFIED.)
GEOMETRIC_REPRESENTATION_ITEM()
RATIONAL_B_SPLINE_SURFACE(((1.,0.707106781186548,1.),(0.707106781186544,
0.499999999999997,0.707106781186544),(1.,0.707106781186548,1.)))
REPRESENTATION_ITEM('')
SURFACE()
);
#101=(
BOUNDED_SURFACE()
B_SPLINE_SURFACE(2,2,((#6778,#6779,#6780),(#6781,#6782,#6783),(#6784,#6785,
#6786)),.UNSPECIFIED.,.F.,.F.,.F.)
B_SPLINE_SURFACE_WITH_KNOTS((3,3),(3,3),(-1.57079632679492,0.),(0.,0.643501108793339),
 .UNSPECIFIED.)
GEOMETRIC_REPRESENTATION_ITEM()
RATIONAL_B_SPLINE_SURFACE(((1.,0.948683298050505,1.),(0.707106781186618,
0.670820393249997,0.707106781186618),(1.,0.948683298050505,1.)))
REPRESENTATION_ITEM('')
SURFACE()
);
#102=(
BOUNDED_SURFACE()
B_SPLINE_SURFACE(2,2,((#6807,#6808,#6809),(#6810,#6811,#6812),(#6813,#6814,
#6815),(#6816,#6817,#6818),(#6819,#6820,#6821)),.UNSPECIFIED.,.F.,.F.,.F.)
B_SPLINE_SURFACE_WITH_KNOTS((3,2,3),(3,3),(-5.9211894646675E-14,0.785398170847993,
1.57079634169604),(-3.14159265358979,-1.5707963267949),.UNSPECIFIED.)
GEOMETRIC_REPRESENTATION_ITEM()
RATIONAL_B_SPLINE_SURFACE(((1.,0.707106781186547,1.),(0.923879531085924,
0.653281481430304,0.923879531085924),(1.,0.707106781186547,1.),(0.923879531086171,
0.653281481430479,0.923879531086171),(1.,0.707106781186547,1.)))
REPRESENTATION_ITEM('')
SURFACE()
);
#103=(
BOUNDED_SURFACE()
B_SPLINE_SURFACE(2,2,((#7119,#7120,#7121),(#7122,#7123,#7124),(#7125,#7126,
#7127)),.UNSPECIFIED.,.F.,.F.,.F.)
B_SPLINE_SURFACE_WITH_KNOTS((3,3),(3,3),(5.22360878482337E-12,1.57079632680192),
(1.86225312126351,3.14159265360047),.UNSPECIFIED.)
GEOMETRIC_REPRESENTATION_ITEM()
RATIONAL_B_SPLINE_SURFACE(((1.,0.802292928283446,1.),(0.707106781185948,
0.567306770086756,0.707106781185948),(1.,0.802292928283446,1.)))
REPRESENTATION_ITEM('')
SURFACE()
);
#104=(
BOUNDED_SURFACE()
B_SPLINE_SURFACE(2,2,((#7132,#7133,#7134),(#7135,#7136,#7137),(#7138,#7139,
#7140)),.UNSPECIFIED.,.F.,.F.,.F.)
B_SPLINE_SURFACE_WITH_KNOTS((3,3),(3,3),(2.90482347529398E-11,1.57079632682616),
(1.57079632679811,1.86225312126484),.UNSPECIFIED.)
GEOMETRIC_REPRESENTATION_ITEM()
RATIONAL_B_SPLINE_SURFACE(((1.,0.989400395498291,1.),(0.707106781185721,
0.699611728964676,0.707106781185721),(1.,0.989400395498291,1.)))
REPRESENTATION_ITEM('')
SURFACE()
);
#105=(
BOUNDED_SURFACE()
B_SPLINE_SURFACE(2,2,((#7144,#7145,#7146),(#7147,#7148,#7149),(#7150,#7151,
#7152)),.UNSPECIFIED.,.F.,.F.,.F.)
B_SPLINE_SURFACE_WITH_KNOTS((3,3),(3,3),(-2.63845878810636E-12,1.5707963267949),
(1.88293824975826E-12,1.57079632679274),.UNSPECIFIED.)
GEOMETRIC_REPRESENTATION_ITEM()
RATIONAL_B_SPLINE_SURFACE(((1.,0.707106781187975,1.),(0.707106781185509,
0.500000000000275,0.707106781185509),(1.,0.707106781187975,1.)))
REPRESENTATION_ITEM('')
SURFACE()
);
#106=(
BOUNDED_SURFACE()
B_SPLINE_SURFACE(2,2,((#7676,#7677,#7678),(#7679,#7680,#7681),(#7682,#7683,
#7684)),.UNSPECIFIED.,.F.,.F.,.F.)
B_SPLINE_SURFACE_WITH_KNOTS((3,3),(3,3),(-1.5707963267958,-1.18422131798047E-13),
(1.57079632680694,1.86225312125751),.UNSPECIFIED.)
GEOMETRIC_REPRESENTATION_ITEM()
RATIONAL_B_SPLINE_SURFACE(((1.,0.989400395499465,1.),(0.707106781186353,
0.699611728966131,0.707106781186353),(1.,0.989400395499465,1.)))
REPRESENTATION_ITEM('')
SURFACE()
);
#107=(
BOUNDED_SURFACE()
B_SPLINE_SURFACE(2,2,((#7696,#7697,#7698),(#7699,#7700,#7701),(#7702,#7703,
#7704)),.UNSPECIFIED.,.F.,.F.,.F.)
B_SPLINE_SURFACE_WITH_KNOTS((3,3),(3,3),(-2.20295239982027E-12,1.57079632679534),
(-1.56171008788609E-12,1.27933953231792),.UNSPECIFIED.)
GEOMETRIC_REPRESENTATION_ITEM()
RATIONAL_B_SPLINE_SURFACE(((1.,0.802292928288664,1.),(0.707106781185656,
0.567306770090212,0.707106781185656),(1.,0.802292928288664,1.)))
REPRESENTATION_ITEM('')
SURFACE()
);
#108=(
BOUNDED_SURFACE()
B_SPLINE_SURFACE(2,1,((#7838,#7839),(#7840,#7841),(#7842,#7843)),
 .UNSPECIFIED.,.F.,.F.,.F.)
B_SPLINE_SURFACE_WITH_KNOTS((3,3),(2,2),(-3.03439096556353,-2.79158837190888),
(0.,0.0716637526874173),.UNSPECIFIED.)
GEOMETRIC_REPRESENTATION_ITEM()
RATIONAL_B_SPLINE_SURFACE(((1.,1.),(0.992639908816861,0.992639908816861),
(1.,1.)))
REPRESENTATION_ITEM('')
SURFACE()
);
#109=(
BOUNDED_SURFACE()
B_SPLINE_SURFACE(2,1,((#7874,#7875),(#7876,#7877),(#7878,#7879)),
 .UNSPECIFIED.,.F.,.F.,.F.)
B_SPLINE_SURFACE_WITH_KNOTS((3,3),(2,2),(1.41112202411431,1.68976355551405),
(0.,0.0716637526874173),.UNSPECIFIED.)
GEOMETRIC_REPRESENTATION_ITEM()
RATIONAL_B_SPLINE_SURFACE(((1.,1.),(0.990310550252524,0.990310550252524),
(1.,1.)))
REPRESENTATION_ITEM('')
SURFACE()
);
#110=(
BOUNDED_SURFACE()
B_SPLINE_SURFACE(2,1,((#7883,#7884),(#7885,#7886),(#7887,#7888)),
 .UNSPECIFIED.,.F.,.F.,.F.)
B_SPLINE_SURFACE_WITH_KNOTS((3,3),(2,2),(1.71657234703387,1.98048172495051),
(0.,0.0716637526874173),.UNSPECIFIED.)
GEOMETRIC_REPRESENTATION_ITEM()
RATIONAL_B_SPLINE_SURFACE(((1.,1.),(0.991306605165287,0.991306605165287),
(1.,1.)))
REPRESENTATION_ITEM('')
SURFACE()
);
#111=(
BOUNDED_SURFACE()
B_SPLINE_SURFACE(2,1,((#7999,#8000),(#8001,#8002),(#8003,#8004)),
 .UNSPECIFIED.,.F.,.F.,.F.)
B_SPLINE_SURFACE_WITH_KNOTS((3,3),(2,2),(-1.55397455800595,-1.27959504629882),
(0.,0.0716637526874173),.UNSPECIFIED.)
GEOMETRIC_REPRESENTATION_ITEM()
RATIONAL_B_SPLINE_SURFACE(((1.,1.),(0.990604235818516,0.990604235818516),
(1.,1.)))
REPRESENTATION_ITEM('')
SURFACE()
);
#112=(
BOUNDED_SURFACE()
B_SPLINE_SURFACE(2,1,((#8008,#8009),(#8010,#8011),(#8012,#8013)),
 .UNSPECIFIED.,.F.,.F.,.F.)
B_SPLINE_SURFACE_WITH_KNOTS((3,3),(2,2),(-1.68258536156617,-1.41299920392536),
(0.,0.0716637526874173),.UNSPECIFIED.)
GEOMETRIC_REPRESENTATION_ITEM()
RATIONAL_B_SPLINE_SURFACE(((1.,1.),(0.990929159576864,0.990929159576864),
(1.,1.)))
REPRESENTATION_ITEM('')
SURFACE()
);
#113=(
BOUNDED_SURFACE()
B_SPLINE_SURFACE(2,1,((#8109,#8110),(#8111,#8112),(#8113,#8114)),
 .UNSPECIFIED.,.F.,.F.,.F.)
B_SPLINE_SURFACE_WITH_KNOTS((3,3),(2,2),(-1.77116340721557,-1.49915439375645),
(0.,0.0716637526874173),.UNSPECIFIED.)
GEOMETRIC_REPRESENTATION_ITEM()
RATIONAL_B_SPLINE_SURFACE(((1.,1.),(0.990765634427733,0.990765634427733),
(1.,1.)))
REPRESENTATION_ITEM('')
SURFACE()
);
#114=(
BOUNDED_SURFACE()
B_SPLINE_SURFACE(2,1,((#8118,#8119),(#8120,#8121),(#8122,#8123)),
 .UNSPECIFIED.,.F.,.F.,.F.)
B_SPLINE_SURFACE_WITH_KNOTS((3,3),(2,2),(-3.41315873779209,-2.69539660698414),
(0.,0.0716637526874173),.UNSPECIFIED.)
GEOMETRIC_REPRESENTATION_ITEM()
RATIONAL_B_SPLINE_SURFACE(((1.,1.),(0.936290409544387,0.936290409544387),
(1.,1.)))
REPRESENTATION_ITEM('')
SURFACE()
);
#115=(
BOUNDED_SURFACE()
B_SPLINE_SURFACE(2,1,((#8141,#8142),(#8143,#8144),(#8145,#8146)),
 .UNSPECIFIED.,.F.,.F.,.F.)
B_SPLINE_SURFACE_WITH_KNOTS((3,3),(2,2),(-0.445952539723766,0.277536942640265),
(0.,0.0716637526874173),.UNSPECIFIED.)
GEOMETRIC_REPRESENTATION_ITEM()
RATIONAL_B_SPLINE_SURFACE(((1.,1.),(0.935280772136014,0.935280772136014),
(1.,1.)))
REPRESENTATION_ITEM('')
SURFACE()
);
#116=(
BOUNDED_SURFACE()
B_SPLINE_SURFACE(2,1,((#8150,#8151),(#8152,#8153),(#8154,#8155)),
 .UNSPECIFIED.,.F.,.F.,.F.)
B_SPLINE_SURFACE_WITH_KNOTS((3,3),(2,2),(1.48341008836455,1.74837705015999),
(0.,0.0716637526874173),.UNSPECIFIED.)
GEOMETRIC_REPRESENTATION_ITEM()
RATIONAL_B_SPLINE_SURFACE(((1.,1.),(0.991236892313486,0.991236892313486),
(1.,1.)))
REPRESENTATION_ITEM('')
SURFACE()
);
#117=(
BOUNDED_SURFACE()
B_SPLINE_SURFACE(2,1,((#8205,#8206),(#8207,#8208),(#8209,#8210)),
 .UNSPECIFIED.,.F.,.F.,.F.)
B_SPLINE_SURFACE_WITH_KNOTS((3,3),(2,2),(-0.514552028375331,-0.326753828276697),
(0.,0.0716636433374759),.UNSPECIFIED.)
GEOMETRIC_REPRESENTATION_ITEM()
RATIONAL_B_SPLINE_SURFACE(((1.,1.),(0.995594717728609,0.995594717728609),
(1.,1.)))
REPRESENTATION_ITEM('')
SURFACE()
);
#118=(
BOUNDED_SURFACE()
B_SPLINE_SURFACE(2,2,((#8496,#8497,#8498),(#8499,#8500,#8501),(#8502,#8503,
#8504)),.UNSPECIFIED.,.F.,.F.,.F.)
B_SPLINE_SURFACE_WITH_KNOTS((3,3),(3,3),(-6.73450034641129E-12,1.5707963267893),
(3.55271367875823E-12,0.643501108790299),.UNSPECIFIED.)
GEOMETRIC_REPRESENTATION_ITEM()
RATIONAL_B_SPLINE_SURFACE(((1.,0.948683298051547,1.),(0.7071067811861,0.670820393250244,
0.7071067811861),(1.,0.948683298051547,1.)))
REPRESENTATION_ITEM('')
SURFACE()
);
#119=(
BOUNDED_SURFACE()
B_SPLINE_SURFACE(2,2,((#8519,#8520,#8521),(#8522,#8523,#8524),(#8525,#8526,
#8527)),.UNSPECIFIED.,.F.,.F.,.F.)
B_SPLINE_SURFACE_WITH_KNOTS((3,3),(3,3),(1.26901646811645E-12,1.57079632679826),
(-0.643501108806391,1.17586316354083E-11),.UNSPECIFIED.)
GEOMETRIC_REPRESENTATION_ITEM()
RATIONAL_B_SPLINE_SURFACE(((1.,0.948683298046582,1.),(0.707106781185797,
0.670820393246445,0.707106781185797),(1.,0.948683298046582,1.)))
REPRESENTATION_ITEM('')
SURFACE()
);
#120=(
BOUNDED_SURFACE()
B_SPLINE_SURFACE(2,2,((#8533,#8534,#8535),(#8536,#8537,#8538),(#8539,#8540,
#8541)),.UNSPECIFIED.,.F.,.F.,.F.)
B_SPLINE_SURFACE_WITH_KNOTS((3,3),(3,3),(-1.82158739251997E-11,1.57079632677813),
(3.90798504659459E-12,0.643501108790325),.UNSPECIFIED.)
GEOMETRIC_REPRESENTATION_ITEM()
RATIONAL_B_SPLINE_SURFACE(((1.,0.9486832980516,1.),(0.707106781186083,0.670820393250264,
0.707106781186083),(1.,0.9486832980516,1.)))
REPRESENTATION_ITEM('')
SURFACE()
);
#121=(
BOUNDED_SURFACE()
B_SPLINE_SURFACE(2,2,((#8556,#8557,#8558),(#8559,#8560,#8561),(#8562,#8563,
#8564)),.UNSPECIFIED.,.F.,.F.,.F.)
B_SPLINE_SURFACE_WITH_KNOTS((3,3),(3,3),(8.03522214884808E-12,1.57079632680719),
(-0.64350110881649,1.69621121288781E-11),.UNSPECIFIED.)
GEOMETRIC_REPRESENTATION_ITEM()
RATIONAL_B_SPLINE_SURFACE(((1.,0.948683298044163,1.),(0.707106781184988,
0.670820393243967,0.707106781184988),(1.,0.948683298044163,1.)))
REPRESENTATION_ITEM('')
SURFACE()
);
#122=(
BOUNDED_SURFACE()
B_SPLINE_SURFACE(2,2,((#8570,#8571,#8572),(#8573,#8574,#8575),(#8576,#8577,
#8578)),.UNSPECIFIED.,.F.,.F.,.F.)
B_SPLINE_SURFACE_WITH_KNOTS((3,3),(3,3),(-1.57079632680158,-5.88001595271171E-12),
(2.49809154478344,3.14159265360651),.UNSPECIFIED.)
GEOMETRIC_REPRESENTATION_ITEM()
RATIONAL_B_SPLINE_SURFACE(((1.,0.948683298045804,1.),(0.707106781186317,
0.670820393246388,0.707106781186317),(1.,0.948683298045804,1.)))
REPRESENTATION_ITEM('')
SURFACE()
);
#123=(
BOUNDED_SURFACE()
B_SPLINE_SURFACE(2,2,((#8650,#8651,#8652),(#8653,#8654,#8655),(#8656,#8657,
#8658)),.UNSPECIFIED.,.F.,.F.,.F.)
B_SPLINE_SURFACE_WITH_KNOTS((3,3),(3,3),(-1.57079632679303,2.66580750963504E-12),
(-4.26325641457808E-13,1.27933953231712),.UNSPECIFIED.)
GEOMETRIC_REPRESENTATION_ITEM()
RATIONAL_B_SPLINE_SURFACE(((1.,0.802292928289242,1.),(0.707106781186577,
0.567306770091359,0.707106781186577),(1.,0.802292928289242,1.)))
REPRESENTATION_ITEM('')
SURFACE()
);
#124=(
BOUNDED_SURFACE()
B_SPLINE_SURFACE(2,2,((#8666,#8667,#8668),(#8669,#8670,#8671),(#8672,#8673,
#8674)),.UNSPECIFIED.,.F.,.F.,.F.)
B_SPLINE_SURFACE_WITH_KNOTS((3,3),(3,3),(-1.57079632684655,-4.97182333696637E-11),
(1.27933953226978,1.57079632684162),.UNSPECIFIED.)
GEOMETRIC_REPRESENTATION_ITEM()
RATIONAL_B_SPLINE_SURFACE(((1.,0.98940039549066,1.),(0.707106781185809,
0.699611728959367,0.707106781185809),(1.,0.98940039549066,1.)))
REPRESENTATION_ITEM('')
SURFACE()
);
#125=(
BOUNDED_SURFACE()
B_SPLINE_SURFACE(2,2,((#8805,#8806,#8807),(#8808,#8809,#8810),(#8811,#8812,
#8813)),.UNSPECIFIED.,.F.,.F.,.F.)
B_SPLINE_SURFACE_WITH_KNOTS((3,3),(3,3),(-1.57079632679471,6.21247419756518E-13),
(1.06581410363991E-13,1.57079632679497),.UNSPECIFIED.)
GEOMETRIC_REPRESENTATION_ITEM()
RATIONAL_B_SPLINE_SURFACE(((1.,0.707106781186559,1.),(0.70710678118638,
0.49999999999989,0.70710678118638),(1.,0.707106781186559,1.)))
REPRESENTATION_ITEM('')
SURFACE()
);
#126=(
BOUNDED_SURFACE()
B_SPLINE_SURFACE(2,2,((#8817,#8818,#8819),(#8820,#8821,#8822),(#8823,#8824,
#8825)),.UNSPECIFIED.,.F.,.F.,.F.)
B_SPLINE_SURFACE_WITH_KNOTS((3,3),(3,3),(-1.57079632666549,1.32448430441435E-10),
(1.57079632681513,1.86225312124888),.UNSPECIFIED.)
GEOMETRIC_REPRESENTATION_ITEM()
RATIONAL_B_SPLINE_SURFACE(((1.,0.989400395500686,1.),(0.70710678118552,
0.699611728966171,0.70710678118552),(1.,0.989400395500686,1.)))
REPRESENTATION_ITEM('')
SURFACE()
);
#127=(
BOUNDED_SURFACE()
B_SPLINE_SURFACE(2,2,((#8829,#8830,#8831),(#8832,#8833,#8834),(#8835,#8836,
#8837)),.UNSPECIFIED.,.F.,.F.,.F.)
B_SPLINE_SURFACE_WITH_KNOTS((3,3),(3,3),(-5.68558819720877E-13,1.57079632679491),
(1.77635683939939E-13,1.27933953231679),.UNSPECIFIED.)
GEOMETRIC_REPRESENTATION_ITEM()
RATIONAL_B_SPLINE_SURFACE(((1.,0.802292928289521,1.),(0.707106781186616,
0.567306770091587,0.707106781186616),(1.,0.802292928289521,1.)))
REPRESENTATION_ITEM('')
SURFACE()
);
#128=(
BOUNDED_SURFACE()
B_SPLINE_SURFACE(2,2,((#8901,#8902,#8903),(#8904,#8905,#8906),(#8907,#8908,
#8909)),.UNSPECIFIED.,.F.,.F.,.F.)
B_SPLINE_SURFACE_WITH_KNOTS((3,3),(3,3),(8.16716245210017E-12,1.57079632680392),
(-0.643501108811732,2.26572652020994E-11),.UNSPECIFIED.)
GEOMETRIC_REPRESENTATION_ITEM()
RATIONAL_B_SPLINE_SURFACE(((1.,0.948683298044015,1.),(0.707106781186237,
0.670820393245046,0.707106781186237),(1.,0.948683298044015,1.)))
REPRESENTATION_ITEM('')
SURFACE()
);
#129=B_SPLINE_CURVE_WITH_KNOTS('',3,(#6544,#6545,#6546,#6547,#6548,#6549,
#6550,#6551,#6552,#6553),.UNSPECIFIED.,.F.,.F.,(4,2,2,2,4),(-0.01480962674671,
-0.0111072196556586,-0.00740481288002588,-0.00370240635667032,0.),
 .UNSPECIFIED.);
#130=B_SPLINE_CURVE_WITH_KNOTS('',3,(#6571,#6572,#6573,#6574,#6575,#6576,
#6577,#6578,#6579,#6580),.UNSPECIFIED.,.F.,.F.,(4,2,2,2,4),(0.,0.00370240635667031,
0.00740481288002588,0.0111072196556586,0.01480962674671),.UNSPECIFIED.);
#131=B_SPLINE_CURVE_WITH_KNOTS('',3,(#6911,#6912,#6913,#6914),
 .UNSPECIFIED.,.F.,.F.,(4,4),(3.,4.),.UNSPECIFIED.);
#132=B_SPLINE_CURVE_WITH_KNOTS('',3,(#6916,#6917,#6918,#6919),
 .UNSPECIFIED.,.F.,.F.,(4,4),(4.,5.),.UNSPECIFIED.);
#133=B_SPLINE_CURVE_WITH_KNOTS('',3,(#6923,#6924,#6925,#6926),
 .UNSPECIFIED.,.F.,.F.,(4,4),(0.,1.),.UNSPECIFIED.);
#134=B_SPLINE_CURVE_WITH_KNOTS('',3,(#6928,#6929,#6930,#6931),
 .UNSPECIFIED.,.F.,.F.,(4,4),(1.,2.),.UNSPECIFIED.);
#135=B_SPLINE_CURVE_WITH_KNOTS('',3,(#6966,#6967,#6968,#6969),
 .UNSPECIFIED.,.F.,.F.,(4,4),(0.0866966267753035,0.101836100332602),
 .UNSPECIFIED.);
#136=B_SPLINE_CURVE_WITH_KNOTS('',3,(#6996,#6997,#6998,#6999),
 .UNSPECIFIED.,.F.,.F.,(4,4),(0.,1.),.UNSPECIFIED.);
#137=B_SPLINE_CURVE_WITH_KNOTS('',3,(#7010,#7011,#7012,#7013),
 .UNSPECIFIED.,.F.,.F.,(4,4),(1.,2.),.UNSPECIFIED.);
#138=B_SPLINE_CURVE_WITH_KNOTS('',3,(#7028,#7029,#7030,#7031),
 .UNSPECIFIED.,.F.,.F.,(4,4),(3.,4.),.UNSPECIFIED.);
#139=B_SPLINE_CURVE_WITH_KNOTS('',3,(#7041,#7042,#7043,#7044),
 .UNSPECIFIED.,.F.,.F.,(4,4),(4.,5.),.UNSPECIFIED.);
#140=B_SPLINE_CURVE_WITH_KNOTS('',3,(#7063,#7064,#7065,#7066,#7067,#7068),
 .UNSPECIFIED.,.F.,.F.,(4,2,4),(0.0113721324090445,0.0179846568182192,0.0189494838678029),
 .UNSPECIFIED.);
#141=B_SPLINE_CURVE_WITH_KNOTS('',3,(#7165,#7166,#7167,#7168,#7169,#7170),
 .UNSPECIFIED.,.F.,.F.,(4,2,4),(0.0443423566295254,0.0464957037929394,0.0609827761495096),
 .UNSPECIFIED.);
#142=B_SPLINE_CURVE_WITH_KNOTS('',3,(#7203,#7204,#7205,#7206,#7207,#7208),
 .UNSPECIFIED.,.F.,.F.,(4,2,4),(0.110135701014878,0.124622773370326,0.126776120533657),
 .UNSPECIFIED.);
#143=B_SPLINE_CURVE_WITH_KNOTS('',3,(#7213,#7214,#7215,#7216),
 .UNSPECIFIED.,.F.,.F.,(4,4),(4.,5.),.UNSPECIFIED.);
#144=B_SPLINE_CURVE_WITH_KNOTS('',3,(#7220,#7221,#7222,#7223),
 .UNSPECIFIED.,.F.,.F.,(4,4),(2.,3.),.UNSPECIFIED.);
#145=B_SPLINE_CURVE_WITH_KNOTS('',3,(#7225,#7226,#7227,#7228),
 .UNSPECIFIED.,.F.,.F.,(4,4),(1.,2.),.UNSPECIFIED.);
#146=B_SPLINE_CURVE_WITH_KNOTS('',3,(#7231,#7232,#7233,#7234),
 .UNSPECIFIED.,.F.,.F.,(4,4),(5.,6.),.UNSPECIFIED.);
#147=B_SPLINE_CURVE_WITH_KNOTS('',3,(#7238,#7239,#7240,#7241,#7242,#7243,
#7244,#7245,#7246,#7247,#7248,#7249,#7250,#7251,#7252,#7253,#7254,#7255,
#7256,#7257,#7258,#7259,#7260,#7261,#7262,#7263,#7264,#7265,#7266,#7267,
#7268,#7269,#7270,#7271,#7272,#7273,#7274,#7275,#7276,#7277,#7278,#7279,
#7280,#7281,#7282,#7283,#7284,#7285,#7286,#7287,#7288,#7289,#7290,#7291,
#7292,#7293,#7294,#7295,#7296,#7297,#7298,#7299,#7300,#7301,#7302,#7303,
#7304,#7305,#7306,#7307,#7308,#7309,#7310,#7311,#7312,#7313,#7314,#7315,
#7316,#7317,#7318,#7319,#7320,#7321,#7322,#7323,#7324,#7325,#7326,#7327,
#7328),.UNSPECIFIED.,.F.,.F.,(4,3,3,3,3,3,3,3,3,3,3,3,3,3,3,3,3,3,3,3,3,
3,3,3,3,3,3,3,3,3,4),(12.,12.5675233563104,12.9934316488531,13.0361981336714,
13.0820836704248,13.0942880846858,13.1032342632307,13.1101791017472,13.1216324570365,
13.1334637747448,13.1368813942923,13.1388680805854,13.1401596667197,13.1405933441273,
13.1407335899893,13.1407805938565,13.1597622637051,13.1694662985769,13.1787439335514,
13.192510831547,13.2002621582094,13.2319374981744,13.2410536115911,13.2541695076275,
13.3543284611955,13.4559936947871,13.5657893233946,13.7828946616973,13.8914473308486,
13.9896979434112,14.),.UNSPECIFIED.);
#148=B_SPLINE_CURVE_WITH_KNOTS('',3,(#7338,#7339,#7340,#7341,#7342,#7343),
 .UNSPECIFIED.,.F.,.F.,(4,2,4),(-0.0712040738732106,-0.0427902385000594,
0.),.UNSPECIFIED.);
#149=B_SPLINE_CURVE_WITH_KNOTS('',3,(#7345,#7346,#7347,#7348),
 .UNSPECIFIED.,.F.,.F.,(4,4),(5.,5.99996751876003),.UNSPECIFIED.);
#150=B_SPLINE_CURVE_WITH_KNOTS('',3,(#7350,#7351,#7352,#7353,#7354,#7355,
#7356,#7357,#7358,#7359,#7360,#7361,#7362,#7363,#7364,#7365,#7366,#7367,
#7368,#7369,#7370,#7371,#7372,#7373,#7374,#7375,#7376,#7377,#7378,#7379,
#7380,#7381,#7382,#7383,#7384,#7385,#7386,#7387,#7388,#7389,#7390,#7391,
#7392,#7393,#7394,#7395,#7396,#7397,#7398,#7399,#7400,#7401,#7402,#7403,
#7404,#7405,#7406,#7407,#7408,#7409,#7410,#7411,#7412,#7413),
 .UNSPECIFIED.,.F.,.F.,(4,3,3,3,3,3,3,3,3,3,3,3,3,3,3,3,3,3,3,3,3,4),(3.,
3.64403661367643,4.04844047450073,4.07077358792953,4.07480054846,4.07551978992311,
4.07565313277564,4.0756783064333,4.1007050779955,4.11914591603592,4.1300915531414,
4.14138994359744,4.17116149551346,4.19296545920409,4.21496996082134,4.32599271175888,
4.43435165377814,4.47034539624056,4.58337579194809,4.69093383916879,4.79849188638948,
5.),.UNSPECIFIED.);
#151=B_SPLINE_CURVE_WITH_KNOTS('',3,(#7421,#7422,#7423,#7424),
 .UNSPECIFIED.,.F.,.F.,(4,4),(0.,0.0163043438872872),.UNSPECIFIED.);
#152=B_SPLINE_CURVE_WITH_KNOTS('',3,(#7430,#7431,#7432,#7433),
 .UNSPECIFIED.,.F.,.F.,(4,4),(24.,25.),.UNSPECIFIED.);
#153=B_SPLINE_CURVE_WITH_KNOTS('',3,(#7439,#7440,#7441,#7442),
 .UNSPECIFIED.,.F.,.F.,(4,4),(20.,21.),.UNSPECIFIED.);
#154=B_SPLINE_CURVE_WITH_KNOTS('',3,(#7448,#7449,#7450,#7451),
 .UNSPECIFIED.,.F.,.F.,(4,4),(17.,18.),.UNSPECIFIED.);
#155=B_SPLINE_CURVE_WITH_KNOTS('',3,(#7455,#7456,#7457,#7458),
 .UNSPECIFIED.,.F.,.F.,(4,4),(15.,16.),.UNSPECIFIED.);
#156=B_SPLINE_CURVE_WITH_KNOTS('',3,(#7459,#7460,#7461,#7462),
 .UNSPECIFIED.,.F.,.F.,(4,4),(14.,15.),.UNSPECIFIED.);
#157=B_SPLINE_CURVE_WITH_KNOTS('',3,(#7466,#7467,#7468,#7469),
 .UNSPECIFIED.,.F.,.F.,(4,4),(10.,11.),.UNSPECIFIED.);
#158=B_SPLINE_CURVE_WITH_KNOTS('',3,(#7473,#7474,#7475,#7476),
 .UNSPECIFIED.,.F.,.F.,(4,4),(0.,0.0790698379819901),.UNSPECIFIED.);
#159=B_SPLINE_CURVE_WITH_KNOTS('',3,(#7478,#7479,#7480,#7481),
 .UNSPECIFIED.,.F.,.F.,(4,4),(7.,8.),.UNSPECIFIED.);
#160=B_SPLINE_CURVE_WITH_KNOTS('',3,(#7485,#7486,#7487,#7488),
 .UNSPECIFIED.,.F.,.F.,(4,4),(5.,6.),.UNSPECIFIED.);
#161=B_SPLINE_CURVE_WITH_KNOTS('',3,(#7490,#7491,#7492,#7493),
 .UNSPECIFIED.,.F.,.F.,(4,4),(4.,5.),.UNSPECIFIED.);
#162=B_SPLINE_CURVE_WITH_KNOTS('',3,(#7507,#7508,#7509,#7510),
 .UNSPECIFIED.,.F.,.F.,(4,4),(15.,16.),.UNSPECIFIED.);
#163=B_SPLINE_CURVE_WITH_KNOTS('',3,(#7512,#7513,#7514,#7515),
 .UNSPECIFIED.,.F.,.F.,(4,4),(14.,15.),.UNSPECIFIED.);
#164=B_SPLINE_CURVE_WITH_KNOTS('',3,(#7519,#7520,#7521,#7522),
 .UNSPECIFIED.,.F.,.F.,(4,4),(12.,13.),.UNSPECIFIED.);
#165=B_SPLINE_CURVE_WITH_KNOTS('',3,(#7527,#7528,#7529,#7530),
 .UNSPECIFIED.,.F.,.F.,(4,4),(2.,3.),.UNSPECIFIED.);
#166=B_SPLINE_CURVE_WITH_KNOTS('',3,(#7538,#7539,#7540,#7541),
 .UNSPECIFIED.,.F.,.F.,(4,4),(8.,9.),.UNSPECIFIED.);
#167=B_SPLINE_CURVE_WITH_KNOTS('',3,(#7543,#7544,#7545,#7546),
 .UNSPECIFIED.,.F.,.F.,(4,4),(7.,8.),.UNSPECIFIED.);
#168=B_SPLINE_CURVE_WITH_KNOTS('',3,(#7553,#7554,#7555,#7556),
 .UNSPECIFIED.,.F.,.F.,(4,4),(3.,4.),.UNSPECIFIED.);
#169=B_SPLINE_CURVE_WITH_KNOTS('',3,(#7560,#7561,#7562,#7563),
 .UNSPECIFIED.,.F.,.F.,(4,4),(8.,9.),.UNSPECIFIED.);
#170=B_SPLINE_CURVE_WITH_KNOTS('',3,(#7565,#7566,#7567,#7568),
 .UNSPECIFIED.,.F.,.F.,(4,4),(7.,8.),.UNSPECIFIED.);
#171=B_SPLINE_CURVE_WITH_KNOTS('',3,(#7576,#7577,#7578,#7579),
 .UNSPECIFIED.,.F.,.F.,(4,4),(3.,4.),.UNSPECIFIED.);
#172=B_SPLINE_CURVE_WITH_KNOTS('',3,(#7581,#7582,#7583,#7584),
 .UNSPECIFIED.,.F.,.F.,(4,4),(2.,3.),.UNSPECIFIED.);
#173=B_SPLINE_CURVE_WITH_KNOTS('',3,(#7604,#7605,#7606,#7607,#7608,#7609),
 .UNSPECIFIED.,.F.,.F.,(4,2,4),(0.,0.0163509696876307,0.0211408365805854),
 .UNSPECIFIED.);
#174=B_SPLINE_CURVE_WITH_KNOTS('',3,(#7620,#7621,#7622,#7623,#7624,#7625),
 .UNSPECIFIED.,.F.,.F.,(4,2,4),(0.,0.0163509696876298,0.0211748436477861),
 .UNSPECIFIED.);
#175=B_SPLINE_CURVE_WITH_KNOTS('',3,(#7632,#7633,#7634,#7635,#7636,#7637),
 .UNSPECIFIED.,.F.,.F.,(4,2,4),(-0.0209294358554693,-0.0175150466097047,
0.),.UNSPECIFIED.);
#176=B_SPLINE_CURVE_WITH_KNOTS('',3,(#7642,#7643,#7644,#7645,#7646,#7647),
 .UNSPECIFIED.,.F.,.F.,(4,2,4),(0.0814449952541713,0.0861903154629822,0.102541285150613),
 .UNSPECIFIED.);
#177=B_SPLINE_CURVE_WITH_KNOTS('',3,(#7653,#7654,#7655,#7656,#7657,#7658),
 .UNSPECIFIED.,.F.,.F.,(4,2,4),(0.18218003310457,0.184508130081828,0.190659443037076),
 .UNSPECIFIED.);
#178=B_SPLINE_CURVE_WITH_KNOTS('',3,(#7668,#7669,#7670,#7671),
 .UNSPECIFIED.,.F.,.F.,(4,4),(0.,0.0147982259346658),.UNSPECIFIED.);
#179=B_SPLINE_CURVE_WITH_KNOTS('',3,(#7718,#7719,#7720,#7721,#7722,#7723,
#7724,#7725,#7726,#7727),.UNSPECIFIED.,.F.,.F.,(4,2,2,2,4),(0.155049009983037,
0.167820365314804,0.180591720646572,0.199419394528928,0.218247068411285),
 .UNSPECIFIED.);
#180=B_SPLINE_CURVE_WITH_KNOTS('',3,(#7742,#7743,#7744,#7745),
 .UNSPECIFIED.,.F.,.F.,(4,4),(0.,0.0147982259346651),.UNSPECIFIED.);
#181=B_SPLINE_CURVE_WITH_KNOTS('',3,(#7757,#7758,#7759,#7760),
 .UNSPECIFIED.,.F.,.F.,(4,4),(0.0863376804083909,0.101135906343058),
 .UNSPECIFIED.);
#182=B_SPLINE_CURVE_WITH_KNOTS('',3,(#7789,#7790,#7791,#7792),
 .UNSPECIFIED.,.F.,.F.,(4,4),(2.,3.),.UNSPECIFIED.);
#183=B_SPLINE_CURVE_WITH_KNOTS('',3,(#7803,#7804,#7805,#7806),
 .UNSPECIFIED.,.F.,.F.,(4,4),(1.,2.),.UNSPECIFIED.);
#184=B_SPLINE_CURVE_WITH_KNOTS('',3,(#7821,#7822,#7823,#7824),
 .UNSPECIFIED.,.F.,.F.,(4,4),(5.,6.),.UNSPECIFIED.);
#185=B_SPLINE_CURVE_WITH_KNOTS('',3,(#7834,#7835,#7836,#7837),
 .UNSPECIFIED.,.F.,.F.,(4,4),(4.,5.),.UNSPECIFIED.);
#186=B_SPLINE_CURVE_WITH_KNOTS('',3,(#7869,#7870,#7871,#7872),
 .UNSPECIFIED.,.F.,.F.,(4,4),(20.,21.),.UNSPECIFIED.);
#187=B_SPLINE_CURVE_WITH_KNOTS('',3,(#7901,#7902,#7903,#7904),
 .UNSPECIFIED.,.F.,.F.,(4,4),(17.,18.),.UNSPECIFIED.);
#188=B_SPLINE_CURVE_WITH_KNOTS('',3,(#7919,#7920,#7921,#7922),
 .UNSPECIFIED.,.F.,.F.,(4,4),(15.,16.),.UNSPECIFIED.);
#189=B_SPLINE_CURVE_WITH_KNOTS('',3,(#7933,#7934,#7935,#7936),
 .UNSPECIFIED.,.F.,.F.,(4,4),(14.,15.),.UNSPECIFIED.);
#190=B_SPLINE_CURVE_WITH_KNOTS('',3,(#7965,#7966,#7967,#7968,#7969,#7970,
#7971,#7972,#7973,#7974,#7975),.UNSPECIFIED.,.F.,.F.,(4,2,2,3,4),(12.,12.5675233563104,
12.9934316488531,13.1042018178421,14.),.UNSPECIFIED.);
#191=B_SPLINE_CURVE_WITH_KNOTS('',3,(#8030,#8031,#8032,#8033,#8034,#8035),
 .UNSPECIFIED.,.F.,.F.,(4,2,4),(-0.0712040738732106,-0.0427902385000594,
0.),.UNSPECIFIED.);
#192=B_SPLINE_CURVE_WITH_KNOTS('',3,(#8046,#8047,#8048,#8049),
 .UNSPECIFIED.,.F.,.F.,(4,4),(5.,5.99996751876003),.UNSPECIFIED.);
#193=B_SPLINE_CURVE_WITH_KNOTS('',3,(#8084,#8085,#8086,#8087,#8088,#8089,
#8090,#8091,#8092,#8093,#8094,#8095,#8096),.UNSPECIFIED.,.F.,.F.,(4,2,2,
3,2,4),(3.,3.64403661367643,4.04844047450073,4.07077358792953,4.79849188638948,
5.),.UNSPECIFIED.);
#194=B_SPLINE_CURVE_WITH_KNOTS('',3,(#8136,#8137,#8138,#8139),
 .UNSPECIFIED.,.F.,.F.,(4,4),(0.,0.0163043438872801),.UNSPECIFIED.);
#195=B_SPLINE_CURVE_WITH_KNOTS('',3,(#8167,#8168,#8169,#8170),
 .UNSPECIFIED.,.F.,.F.,(4,4),(24.,25.),.UNSPECIFIED.);
#196=B_SPLINE_CURVE_WITH_KNOTS('',3,(#8181,#8182,#8183,#8184),
 .UNSPECIFIED.,.F.,.F.,(4,4),(14.,15.),.UNSPECIFIED.);
#197=B_SPLINE_CURVE_WITH_KNOTS('',3,(#8200,#8201,#8202,#8203),
 .UNSPECIFIED.,.F.,.F.,(4,4),(12.,13.),.UNSPECIFIED.);
#198=B_SPLINE_CURVE_WITH_KNOTS('',3,(#8223,#8224,#8225,#8226),
 .UNSPECIFIED.,.F.,.F.,(4,4),(10.,11.),.UNSPECIFIED.);
#199=B_SPLINE_CURVE_WITH_KNOTS('',3,(#8241,#8242,#8243,#8244),
 .UNSPECIFIED.,.F.,.F.,(4,4),(0.,0.0790698379817693),.UNSPECIFIED.);
#200=B_SPLINE_CURVE_WITH_KNOTS('',3,(#8255,#8256,#8257,#8258),
 .UNSPECIFIED.,.F.,.F.,(4,4),(7.,8.),.UNSPECIFIED.);
#201=B_SPLINE_CURVE_WITH_KNOTS('',3,(#8273,#8274,#8275,#8276),
 .UNSPECIFIED.,.F.,.F.,(4,4),(5.,6.),.UNSPECIFIED.);
#202=B_SPLINE_CURVE_WITH_KNOTS('',3,(#8287,#8288,#8289,#8290),
 .UNSPECIFIED.,.F.,.F.,(4,4),(4.,5.),.UNSPECIFIED.);
#203=B_SPLINE_CURVE_WITH_KNOTS('',3,(#8324,#8325,#8326,#8327),
 .UNSPECIFIED.,.F.,.F.,(4,4),(15.,16.),.UNSPECIFIED.);
#204=B_SPLINE_CURVE_WITH_KNOTS('',3,(#8338,#8339,#8340,#8341),
 .UNSPECIFIED.,.F.,.F.,(4,4),(7.,8.),.UNSPECIFIED.);
#205=B_SPLINE_CURVE_WITH_KNOTS('',3,(#8365,#8366,#8367,#8368),
 .UNSPECIFIED.,.F.,.F.,(4,4),(3.,4.),.UNSPECIFIED.);
#206=B_SPLINE_CURVE_WITH_KNOTS('',3,(#8379,#8380,#8381,#8382),
 .UNSPECIFIED.,.F.,.F.,(4,4),(2.,3.),.UNSPECIFIED.);
#207=B_SPLINE_CURVE_WITH_KNOTS('',3,(#8404,#8405,#8406,#8407),
 .UNSPECIFIED.,.F.,.F.,(4,4),(8.,9.),.UNSPECIFIED.);
#208=B_SPLINE_CURVE_WITH_KNOTS('',3,(#8431,#8432,#8433,#8434),
 .UNSPECIFIED.,.F.,.F.,(4,4),(3.,4.),.UNSPECIFIED.);
#209=B_SPLINE_CURVE_WITH_KNOTS('',3,(#8445,#8446,#8447,#8448),
 .UNSPECIFIED.,.F.,.F.,(4,4),(2.,3.),.UNSPECIFIED.);
#210=B_SPLINE_CURVE_WITH_KNOTS('',3,(#8471,#8472,#8473,#8474),
 .UNSPECIFIED.,.F.,.F.,(4,4),(8.,9.),.UNSPECIFIED.);
#211=B_SPLINE_CURVE_WITH_KNOTS('',3,(#8484,#8485,#8486,#8487),
 .UNSPECIFIED.,.F.,.F.,(4,4),(7.,8.),.UNSPECIFIED.);
#212=B_SPLINE_CURVE_WITH_KNOTS('',3,(#8697,#8698,#8699,#8700,#8701,#8702,
#8703,#8704,#8705,#8706),.UNSPECIFIED.,.F.,.F.,(4,2,2,2,4),(0.155020109513428,
0.167791464845194,0.18056282017696,0.199390494059317,0.218218167941675),
 .UNSPECIFIED.);
#213=B_SPLINE_CURVE_WITH_KNOTS('',3,(#8855,#8856,#8857,#8858,#8859,#8860),
 .UNSPECIFIED.,.F.,.F.,(4,2,4),(0.151659672011516,0.174598639980332,0.209867485720227),
 .UNSPECIFIED.);
#214=B_SPLINE_CURVE_WITH_KNOTS('',3,(#8918,#8919,#8920,#8921,#8922,#8923,
#8924,#8925,#8926,#8927),.UNSPECIFIED.,.F.,.F.,(4,2,2,2,4),(0.,0.0188276738823603,
0.0376553477647205,0.0504267030964857,0.0631980584282509),.UNSPECIFIED.);
#215=B_SPLINE_CURVE_WITH_KNOTS('',3,(#8931,#8932,#8933,#8934,#8935,#8936,
#8937,#8938,#8939,#8940),.UNSPECIFIED.,.F.,.F.,(4,2,2,2,4),(0.,0.0188276738823545,
0.0376553477647091,0.0504267030964773,0.0631980584282456),.UNSPECIFIED.);
#216=B_SPLINE_CURVE_WITH_KNOTS('',3,(#8944,#8945,#8946,#8947,#8948,#8949),
 .UNSPECIFIED.,.F.,.F.,(4,2,4),(0.,0.0352688457398728,0.0582078137086749),
 .UNSPECIFIED.);
#217=B_SPLINE_SURFACE_WITH_KNOTS('',3,1,((#6522,#6523),(#6524,#6525),(#6526,
#6527),(#6528,#6529),(#6530,#6531),(#6532,#6533),(#6534,#6535),(#6536,#6537),
(#6538,#6539),(#6540,#6541)),.UNSPECIFIED.,.F.,.F.,.F.,(4,2,2,2,4),(2,2),
(-0.01480962674671,-0.0111072196556586,-0.00740481288002588,-0.00370240635667032,
0.),(0.,0.256799999999998),.UNSPECIFIED.);
#218=B_SPLINE_SURFACE_WITH_KNOTS('',3,1,((#6987,#6988),(#6989,#6990),(#6991,
#6992),(#6993,#6994)),.UNSPECIFIED.,.F.,.F.,.F.,(4,4),(2,2),(0.,1.),(0.,
0.0716636159999986),.UNSPECIFIED.);
#219=B_SPLINE_SURFACE_WITH_KNOTS('',3,1,((#7001,#7002),(#7003,#7004),(#7005,
#7006),(#7007,#7008)),.UNSPECIFIED.,.F.,.F.,.F.,(4,4),(2,2),(1.,2.),(0.,
0.0716636159999986),.UNSPECIFIED.);
#220=B_SPLINE_SURFACE_WITH_KNOTS('',3,1,((#7019,#7020),(#7021,#7022),(#7023,
#7024),(#7025,#7026)),.UNSPECIFIED.,.F.,.F.,.F.,(4,4),(2,2),(3.,4.),(0.,
0.0716636159999986),.UNSPECIFIED.);
#221=B_SPLINE_SURFACE_WITH_KNOTS('',3,1,((#7033,#7034),(#7035,#7036),(#7037,
#7038),(#7039,#7040)),.UNSPECIFIED.,.F.,.F.,.F.,(4,4),(2,2),(4.,5.),(0.,
0.0716636159999986),.UNSPECIFIED.);
#222=B_SPLINE_SURFACE_WITH_KNOTS('',3,1,((#7780,#7781),(#7782,#7783),(#7784,
#7785),(#7786,#7787)),.UNSPECIFIED.,.F.,.F.,.F.,(4,4),(2,2),(2.,3.),(0.,
0.0716636159999986),.UNSPECIFIED.);
#223=B_SPLINE_SURFACE_WITH_KNOTS('',3,1,((#7794,#7795),(#7796,#7797),(#7798,
#7799),(#7800,#7801)),.UNSPECIFIED.,.F.,.F.,.F.,(4,4),(2,2),(1.,2.),(0.,
0.0716636159999986),.UNSPECIFIED.);
#224=B_SPLINE_SURFACE_WITH_KNOTS('',3,1,((#7812,#7813),(#7814,#7815),(#7816,
#7817),(#7818,#7819)),.UNSPECIFIED.,.F.,.F.,.F.,(4,4),(2,2),(5.,6.),(0.,
0.0716636159999986),.UNSPECIFIED.);
#225=B_SPLINE_SURFACE_WITH_KNOTS('',3,1,((#7826,#7827),(#7828,#7829),(#7830,
#7831),(#7832,#7833)),.UNSPECIFIED.,.F.,.F.,.F.,(4,4),(2,2),(4.,5.),(0.,
0.0716636159999986),.UNSPECIFIED.);
#226=B_SPLINE_SURFACE_WITH_KNOTS('',3,1,((#7849,#7850),(#7851,#7852),(#7853,
#7854),(#7855,#7856)),.UNSPECIFIED.,.F.,.F.,.F.,(4,4),(2,2),(21.,22.),(0.,
0.0716636160000007),.UNSPECIFIED.);
#227=B_SPLINE_SURFACE_WITH_KNOTS('',3,1,((#7860,#7861),(#7862,#7863),(#7864,
#7865),(#7866,#7867)),.UNSPECIFIED.,.F.,.F.,.F.,(4,4),(2,2),(20.,21.),(0.,
0.0716636160000007),.UNSPECIFIED.);
#228=B_SPLINE_SURFACE_WITH_KNOTS('',3,1,((#7892,#7893),(#7894,#7895),(#7896,
#7897),(#7898,#7899)),.UNSPECIFIED.,.F.,.F.,.F.,(4,4),(2,2),(17.,18.),(0.,
0.0716636160000007),.UNSPECIFIED.);
#229=B_SPLINE_SURFACE_WITH_KNOTS('',3,1,((#7910,#7911),(#7912,#7913),(#7914,
#7915),(#7916,#7917)),.UNSPECIFIED.,.F.,.F.,.F.,(4,4),(2,2),(15.,16.),(0.,
0.0716636160000007),.UNSPECIFIED.);
#230=B_SPLINE_SURFACE_WITH_KNOTS('',3,1,((#7924,#7925),(#7926,#7927),(#7928,
#7929),(#7930,#7931)),.UNSPECIFIED.,.F.,.F.,.F.,(4,4),(2,2),(14.,15.),(0.,
0.0716636160000007),.UNSPECIFIED.);
#231=B_SPLINE_SURFACE_WITH_KNOTS('',3,1,((#7938,#7939),(#7940,#7941),(#7942,
#7943),(#7944,#7945),(#7946,#7947),(#7948,#7949),(#7950,#7951),(#7952,#7953),
(#7954,#7955),(#7956,#7957),(#7958,#7959),(#7960,#7961),(#7962,#7963)),
 .UNSPECIFIED.,.F.,.F.,.F.,(4,3,3,3,4),(2,2),(12.,12.5675233563104,12.9934316488531,
13.1042018178421,14.),(0.,0.0716636160000007),.UNSPECIFIED.);
#232=B_SPLINE_SURFACE_WITH_KNOTS('',3,1,((#7977,#7978),(#7979,#7980),(#7981,
#7982),(#7983,#7984)),.UNSPECIFIED.,.F.,.F.,.F.,(4,4),(2,2),(11.,12.),(0.,
0.0716636160000007),.UNSPECIFIED.);
#233=B_SPLINE_SURFACE_WITH_KNOTS('',3,1,((#7988,#7989),(#7990,#7991),(#7992,
#7993),(#7994,#7995)),.UNSPECIFIED.,.F.,.F.,.F.,(4,4),(2,2),(10.,11.),(0.,
0.0716636160000007),.UNSPECIFIED.);
#234=B_SPLINE_SURFACE_WITH_KNOTS('',3,1,((#8017,#8018),(#8019,#8020),(#8021,
#8022),(#8023,#8024),(#8025,#8026),(#8027,#8028)),.UNSPECIFIED.,.F.,.F.,
 .F.,(4,2,4),(2,2),(-0.0712040738732106,-0.0427902385000594,0.),(0.,0.0716636160000007),
 .UNSPECIFIED.);
#235=B_SPLINE_SURFACE_WITH_KNOTS('',3,1,((#8037,#8038),(#8039,#8040),(#8041,
#8042),(#8043,#8044)),.UNSPECIFIED.,.F.,.F.,.F.,(4,4),(2,2),(5.,5.99996751876003),
(0.,0.0716636160000007),.UNSPECIFIED.);
#236=B_SPLINE_SURFACE_WITH_KNOTS('',3,1,((#8051,#8052),(#8053,#8054),(#8055,
#8056),(#8057,#8058),(#8059,#8060),(#8061,#8062),(#8063,#8064),(#8065,#8066),
(#8067,#8068),(#8069,#8070),(#8071,#8072),(#8073,#8074),(#8075,#8076),(#8077,
#8078),(#8079,#8080),(#8081,#8082)),.UNSPECIFIED.,.F.,.F.,.F.,(4,3,3,3,
3,4),(2,2),(3.,3.64403661367643,4.04844047450073,4.07077358792953,4.79849188638948,
5.),(0.,0.0716636160000007),.UNSPECIFIED.);
#237=B_SPLINE_SURFACE_WITH_KNOTS('',3,1,((#8098,#8099),(#8100,#8101),(#8102,
#8103),(#8104,#8105)),.UNSPECIFIED.,.F.,.F.,.F.,(4,4),(2,2),(2.,3.),(0.,
0.0716636160000007),.UNSPECIFIED.);
#238=B_SPLINE_SURFACE_WITH_KNOTS('',3,1,((#8127,#8128),(#8129,#8130),(#8131,
#8132),(#8133,#8134)),.UNSPECIFIED.,.F.,.F.,.F.,(4,4),(2,2),(27.,28.),(0.,
0.0716636160000007),.UNSPECIFIED.);
#239=B_SPLINE_SURFACE_WITH_KNOTS('',3,1,((#8159,#8160),(#8161,#8162),(#8163,
#8164),(#8165,#8166)),.UNSPECIFIED.,.F.,.F.,.F.,(4,4),(2,2),(24.,25.),(0.,
0.0716636160000007),.UNSPECIFIED.);
#240=B_SPLINE_SURFACE_WITH_KNOTS('',3,1,((#8171,#8172),(#8173,#8174),(#8175,
#8176),(#8177,#8178)),.UNSPECIFIED.,.F.,.F.,.F.,(4,4),(2,2),(14.,15.),(0.,
0.0716636159999986),.UNSPECIFIED.);
#241=B_SPLINE_SURFACE_WITH_KNOTS('',3,1,((#8191,#8192),(#8193,#8194),(#8195,
#8196),(#8197,#8198)),.UNSPECIFIED.,.F.,.F.,.F.,(4,4),(2,2),(12.,13.),(0.,
0.0716636159999986),.UNSPECIFIED.);
#242=B_SPLINE_SURFACE_WITH_KNOTS('',3,1,((#8214,#8215),(#8216,#8217),(#8218,
#8219),(#8220,#8221)),.UNSPECIFIED.,.F.,.F.,.F.,(4,4),(2,2),(10.,11.),(0.,
0.0716636159999986),.UNSPECIFIED.);
#243=B_SPLINE_SURFACE_WITH_KNOTS('',3,1,((#8232,#8233),(#8234,#8235),(#8236,
#8237),(#8238,#8239)),.UNSPECIFIED.,.F.,.F.,.F.,(4,4),(2,2),(8.,9.),(0.,
0.0716636171026558),.UNSPECIFIED.);
#244=B_SPLINE_SURFACE_WITH_KNOTS('',3,1,((#8246,#8247),(#8248,#8249),(#8250,
#8251),(#8252,#8253)),.UNSPECIFIED.,.F.,.F.,.F.,(4,4),(2,2),(7.,8.),(0.,
0.0716636159999986),.UNSPECIFIED.);
#245=B_SPLINE_SURFACE_WITH_KNOTS('',3,1,((#8264,#8265),(#8266,#8267),(#8268,
#8269),(#8270,#8271)),.UNSPECIFIED.,.F.,.F.,.F.,(4,4),(2,2),(5.,6.),(0.,
0.0716636159999986),.UNSPECIFIED.);
#246=B_SPLINE_SURFACE_WITH_KNOTS('',3,1,((#8278,#8279),(#8280,#8281),(#8282,
#8283),(#8284,#8285)),.UNSPECIFIED.,.F.,.F.,.F.,(4,4),(2,2),(4.,5.),(0.,
0.0716636159999986),.UNSPECIFIED.);
#247=B_SPLINE_SURFACE_WITH_KNOTS('',3,1,((#8316,#8317),(#8318,#8319),(#8320,
#8321),(#8322,#8323)),.UNSPECIFIED.,.F.,.F.,.F.,(4,4),(2,2),(15.,16.),(0.,
0.0716636159999986),.UNSPECIFIED.);
#248=B_SPLINE_SURFACE_WITH_KNOTS('',3,1,((#8328,#8329),(#8330,#8331),(#8332,
#8333),(#8334,#8335)),.UNSPECIFIED.,.F.,.F.,.F.,(4,4),(2,2),(7.,8.),(0.,
0.0716636159999986),.UNSPECIFIED.);
#249=B_SPLINE_SURFACE_WITH_KNOTS('',3,1,((#8356,#8357),(#8358,#8359),(#8360,
#8361),(#8362,#8363)),.UNSPECIFIED.,.F.,.F.,.F.,(4,4),(2,2),(3.,4.),(0.,
0.0716636159999986),.UNSPECIFIED.);
#250=B_SPLINE_SURFACE_WITH_KNOTS('',3,1,((#8370,#8371),(#8372,#8373),(#8374,
#8375),(#8376,#8377)),.UNSPECIFIED.,.F.,.F.,.F.,(4,4),(2,2),(2.,3.),(0.,
0.0716636159999986),.UNSPECIFIED.);
#251=B_SPLINE_SURFACE_WITH_KNOTS('',3,1,((#8396,#8397),(#8398,#8399),(#8400,
#8401),(#8402,#8403)),.UNSPECIFIED.,.F.,.F.,.F.,(4,4),(2,2),(8.,9.),(0.,
0.0716636159999986),.UNSPECIFIED.);
#252=B_SPLINE_SURFACE_WITH_KNOTS('',3,1,((#8422,#8423),(#8424,#8425),(#8426,
#8427),(#8428,#8429)),.UNSPECIFIED.,.F.,.F.,.F.,(4,4),(2,2),(3.,4.),(0.,
0.0716636159999986),.UNSPECIFIED.);
#253=B_SPLINE_SURFACE_WITH_KNOTS('',3,1,((#8436,#8437),(#8438,#8439),(#8440,
#8441),(#8442,#8443)),.UNSPECIFIED.,.F.,.F.,.F.,(4,4),(2,2),(2.,3.),(0.,
0.0716636159999986),.UNSPECIFIED.);
#254=B_SPLINE_SURFACE_WITH_KNOTS('',3,1,((#8462,#8463),(#8464,#8465),(#8466,
#8467),(#8468,#8469)),.UNSPECIFIED.,.F.,.F.,.F.,(4,4),(2,2),(8.,9.),(0.,
0.0716636159999986),.UNSPECIFIED.);
#255=B_SPLINE_SURFACE_WITH_KNOTS('',3,1,((#8476,#8477),(#8478,#8479),(#8480,
#8481),(#8482,#8483)),.UNSPECIFIED.,.F.,.F.,.F.,(4,4),(2,2),(7.,8.),(0.,
0.0716636159999986),.UNSPECIFIED.);
#256=PLANE('',#4709);
#257=PLANE('',#4714);
#258=PLANE('',#4751);
#259=PLANE('',#4758);
#260=PLANE('',#4763);
#261=PLANE('',#4764);
#262=PLANE('',#4802);
#263=PLANE('',#4805);
#264=PLANE('',#4812);
#265=PLANE('',#4813);
#266=PLANE('',#4816);
#267=PLANE('',#4817);
#268=PLANE('',#4824);
#269=PLANE('',#4843);
#270=PLANE('',#4844);
#271=PLANE('',#4845);
#272=PLANE('',#4846);
#273=PLANE('',#4849);
#274=PLANE('',#4860);
#275=PLANE('',#4864);
#276=PLANE('',#4871);
#277=PLANE('',#4894);
#278=PLANE('',#4906);
#279=PLANE('',#4907);
#280=PLANE('',#4921);
#281=PLANE('',#4923);
#282=PLANE('',#4924);
#283=PLANE('',#4945);
#284=PLANE('',#4967);
#285=PLANE('',#4975);
#286=PLANE('',#4978);
#287=PLANE('',#4979);
#288=PLANE('',#4984);
#289=PLANE('',#4994);
#290=PLANE('',#4996);
#291=PLANE('',#4997);
#292=PLANE('',#4998);
#293=PLANE('',#4999);
#294=PLANE('',#5000);
#295=PLANE('',#5001);
#296=PLANE('',#5002);
#297=PLANE('',#5003);
#298=PLANE('',#5004);
#299=PLANE('',#5005);
#300=PLANE('',#5006);
#301=PLANE('',#5007);
#302=PLANE('',#5008);
#303=PLANE('',#5009);
#304=PLANE('',#5010);
#305=PLANE('',#5011);
#306=PLANE('',#5012);
#307=PLANE('',#5013);
#308=PLANE('',#5014);
#309=PLANE('',#5015);
#310=PLANE('',#5042);
#311=PLANE('',#5048);
#312=PLANE('',#5051);
#313=PLANE('',#5055);
#314=PLANE('',#5080);
#315=PLANE('',#5083);
#316=PLANE('',#5088);
#317=PLANE('',#5101);
#318=PLANE('',#5114);
#319=PLANE('',#5125);
#320=PLANE('',#5130);
#321=PLANE('',#5151);
#322=PLANE('',#5159);
#323=PLANE('',#5165);
#324=PLANE('',#5186);
#325=PLANE('',#5189);
#326=FACE_OUTER_BOUND('',#606,.T.);
#327=FACE_OUTER_BOUND('',#607,.T.);
#328=FACE_OUTER_BOUND('',#608,.T.);
#329=FACE_OUTER_BOUND('',#609,.T.);
#330=FACE_OUTER_BOUND('',#610,.T.);
#331=FACE_OUTER_BOUND('',#611,.T.);
#332=FACE_OUTER_BOUND('',#612,.T.);
#333=FACE_OUTER_BOUND('',#613,.T.);
#334=FACE_OUTER_BOUND('',#614,.T.);
#335=FACE_OUTER_BOUND('',#615,.T.);
#336=FACE_OUTER_BOUND('',#616,.T.);
#337=FACE_OUTER_BOUND('',#617,.T.);
#338=FACE_OUTER_BOUND('',#618,.T.);
#339=FACE_OUTER_BOUND('',#619,.T.);
#340=FACE_OUTER_BOUND('',#620,.T.);
#341=FACE_OUTER_BOUND('',#621,.T.);
#342=FACE_OUTER_BOUND('',#622,.T.);
#343=FACE_OUTER_BOUND('',#623,.T.);
#344=FACE_OUTER_BOUND('',#624,.T.);
#345=FACE_OUTER_BOUND('',#625,.T.);
#346=FACE_OUTER_BOUND('',#626,.T.);
#347=FACE_OUTER_BOUND('',#627,.T.);
#348=FACE_OUTER_BOUND('',#628,.T.);
#349=FACE_OUTER_BOUND('',#629,.T.);
#350=FACE_OUTER_BOUND('',#630,.T.);
#351=FACE_OUTER_BOUND('',#632,.T.);
#352=FACE_OUTER_BOUND('',#633,.T.);
#353=FACE_OUTER_BOUND('',#634,.T.);
#354=FACE_OUTER_BOUND('',#635,.T.);
#355=FACE_OUTER_BOUND('',#636,.T.);
#356=FACE_OUTER_BOUND('',#637,.T.);
#357=FACE_OUTER_BOUND('',#638,.T.);
#358=FACE_OUTER_BOUND('',#639,.T.);
#359=FACE_OUTER_BOUND('',#640,.T.);
#360=FACE_OUTER_BOUND('',#641,.T.);
#361=FACE_OUTER_BOUND('',#642,.T.);
#362=FACE_OUTER_BOUND('',#643,.T.);
#363=FACE_OUTER_BOUND('',#644,.T.);
#364=FACE_OUTER_BOUND('',#645,.T.);
#365=FACE_OUTER_BOUND('',#646,.T.);
#366=FACE_OUTER_BOUND('',#647,.T.);
#367=FACE_OUTER_BOUND('',#648,.T.);
#368=FACE_OUTER_BOUND('',#649,.T.);
#369=FACE_OUTER_BOUND('',#650,.T.);
#370=FACE_OUTER_BOUND('',#651,.T.);
#371=FACE_OUTER_BOUND('',#652,.T.);
#372=FACE_OUTER_BOUND('',#654,.T.);
#373=FACE_OUTER_BOUND('',#655,.T.);
#374=FACE_OUTER_BOUND('',#656,.T.);
#375=FACE_OUTER_BOUND('',#657,.T.);
#376=FACE_OUTER_BOUND('',#658,.T.);
#377=FACE_OUTER_BOUND('',#659,.T.);
#378=FACE_OUTER_BOUND('',#660,.T.);
#379=FACE_OUTER_BOUND('',#661,.T.);
#380=FACE_OUTER_BOUND('',#662,.T.);
#381=FACE_OUTER_BOUND('',#663,.T.);
#382=FACE_OUTER_BOUND('',#664,.T.);
#383=FACE_OUTER_BOUND('',#665,.T.);
#384=FACE_OUTER_BOUND('',#666,.T.);
#385=FACE_OUTER_BOUND('',#667,.T.);
#386=FACE_OUTER_BOUND('',#668,.T.);
#387=FACE_OUTER_BOUND('',#669,.T.);
#388=FACE_OUTER_BOUND('',#670,.T.);
#389=FACE_OUTER_BOUND('',#671,.T.);
#390=FACE_OUTER_BOUND('',#672,.T.);
#391=FACE_OUTER_BOUND('',#673,.T.);
#392=FACE_OUTER_BOUND('',#674,.T.);
#393=FACE_OUTER_BOUND('',#675,.T.);
#394=FACE_OUTER_BOUND('',#676,.T.);
#395=FACE_OUTER_BOUND('',#677,.T.);
#396=FACE_OUTER_BOUND('',#678,.T.);
#397=FACE_OUTER_BOUND('',#679,.T.);
#398=FACE_OUTER_BOUND('',#680,.T.);
#399=FACE_OUTER_BOUND('',#681,.T.);
#400=FACE_OUTER_BOUND('',#682,.T.);
#401=FACE_OUTER_BOUND('',#683,.T.);
#402=FACE_OUTER_BOUND('',#684,.T.);
#403=FACE_OUTER_BOUND('',#685,.T.);
#404=FACE_OUTER_BOUND('',#686,.T.);
#405=FACE_OUTER_BOUND('',#687,.T.);
#406=FACE_OUTER_BOUND('',#688,.T.);
#407=FACE_OUTER_BOUND('',#689,.T.);
#408=FACE_OUTER_BOUND('',#690,.T.);
#409=FACE_OUTER_BOUND('',#691,.T.);
#410=FACE_OUTER_BOUND('',#692,.T.);
#411=FACE_OUTER_BOUND('',#693,.T.);
#412=FACE_OUTER_BOUND('',#694,.T.);
#413=FACE_OUTER_BOUND('',#696,.T.);
#414=FACE_OUTER_BOUND('',#697,.T.);
#415=FACE_OUTER_BOUND('',#698,.T.);
#416=FACE_OUTER_BOUND('',#699,.T.);
#417=FACE_OUTER_BOUND('',#700,.T.);
#418=FACE_OUTER_BOUND('',#701,.T.);
#419=FACE_OUTER_BOUND('',#702,.T.);
#420=FACE_OUTER_BOUND('',#703,.T.);
#421=FACE_OUTER_BOUND('',#704,.T.);
#422=FACE_OUTER_BOUND('',#705,.T.);
#423=FACE_OUTER_BOUND('',#706,.T.);
#424=FACE_OUTER_BOUND('',#707,.T.);
#425=FACE_OUTER_BOUND('',#708,.T.);
#426=FACE_OUTER_BOUND('',#709,.T.);
#427=FACE_OUTER_BOUND('',#710,.T.);
#428=FACE_OUTER_BOUND('',#711,.T.);
#429=FACE_OUTER_BOUND('',#712,.T.);
#430=FACE_OUTER_BOUND('',#713,.T.);
#431=FACE_OUTER_BOUND('',#714,.T.);
#432=FACE_OUTER_BOUND('',#715,.T.);
#433=FACE_OUTER_BOUND('',#716,.T.);
#434=FACE_OUTER_BOUND('',#717,.T.);
#435=FACE_OUTER_BOUND('',#718,.T.);
#436=FACE_OUTER_BOUND('',#719,.T.);
#437=FACE_OUTER_BOUND('',#720,.T.);
#438=FACE_OUTER_BOUND('',#721,.T.);
#439=FACE_OUTER_BOUND('',#722,.T.);
#440=FACE_OUTER_BOUND('',#723,.T.);
#441=FACE_OUTER_BOUND('',#724,.T.);
#442=FACE_OUTER_BOUND('',#725,.T.);
#443=FACE_OUTER_BOUND('',#726,.T.);
#444=FACE_OUTER_BOUND('',#727,.T.);
#445=FACE_OUTER_BOUND('',#728,.T.);
#446=FACE_OUTER_BOUND('',#729,.T.);
#447=FACE_OUTER_BOUND('',#730,.T.);
#448=FACE_OUTER_BOUND('',#731,.T.);
#449=FACE_OUTER_BOUND('',#732,.T.);
#450=FACE_OUTER_BOUND('',#733,.T.);
#451=FACE_OUTER_BOUND('',#734,.T.);
#452=FACE_OUTER_BOUND('',#735,.T.);
#453=FACE_OUTER_BOUND('',#736,.T.);
#454=FACE_OUTER_BOUND('',#737,.T.);
#455=FACE_OUTER_BOUND('',#738,.T.);
#456=FACE_OUTER_BOUND('',#739,.T.);
#457=FACE_OUTER_BOUND('',#740,.T.);
#458=FACE_OUTER_BOUND('',#741,.T.);
#459=FACE_OUTER_BOUND('',#742,.T.);
#460=FACE_OUTER_BOUND('',#743,.T.);
#461=FACE_OUTER_BOUND('',#744,.T.);
#462=FACE_OUTER_BOUND('',#745,.T.);
#463=FACE_OUTER_BOUND('',#746,.T.);
#464=FACE_OUTER_BOUND('',#747,.T.);
#465=FACE_OUTER_BOUND('',#748,.T.);
#466=FACE_OUTER_BOUND('',#749,.T.);
#467=FACE_OUTER_BOUND('',#750,.T.);
#468=FACE_OUTER_BOUND('',#751,.T.);
#469=FACE_OUTER_BOUND('',#752,.T.);
#470=FACE_OUTER_BOUND('',#753,.T.);
#471=FACE_OUTER_BOUND('',#754,.T.);
#472=FACE_OUTER_BOUND('',#755,.T.);
#473=FACE_OUTER_BOUND('',#756,.T.);
#474=FACE_OUTER_BOUND('',#757,.T.);
#475=FACE_OUTER_BOUND('',#758,.T.);
#476=FACE_OUTER_BOUND('',#759,.T.);
#477=FACE_OUTER_BOUND('',#760,.T.);
#478=FACE_OUTER_BOUND('',#761,.T.);
#479=FACE_OUTER_BOUND('',#762,.T.);
#480=FACE_OUTER_BOUND('',#763,.T.);
#481=FACE_OUTER_BOUND('',#764,.T.);
#482=FACE_OUTER_BOUND('',#765,.T.);
#483=FACE_OUTER_BOUND('',#766,.T.);
#484=FACE_OUTER_BOUND('',#767,.T.);
#485=FACE_OUTER_BOUND('',#768,.T.);
#486=FACE_OUTER_BOUND('',#769,.T.);
#487=FACE_OUTER_BOUND('',#770,.T.);
#488=FACE_OUTER_BOUND('',#771,.T.);
#489=FACE_OUTER_BOUND('',#772,.T.);
#490=FACE_OUTER_BOUND('',#773,.T.);
#491=FACE_OUTER_BOUND('',#774,.T.);
#492=FACE_OUTER_BOUND('',#775,.T.);
#493=FACE_OUTER_BOUND('',#776,.T.);
#494=FACE_OUTER_BOUND('',#777,.T.);
#495=FACE_OUTER_BOUND('',#778,.T.);
#496=FACE_OUTER_BOUND('',#779,.T.);
#497=FACE_OUTER_BOUND('',#780,.T.);
#498=FACE_OUTER_BOUND('',#781,.T.);
#499=FACE_OUTER_BOUND('',#782,.T.);
#500=FACE_OUTER_BOUND('',#783,.T.);
#501=FACE_OUTER_BOUND('',#784,.T.);
#502=FACE_OUTER_BOUND('',#785,.T.);
#503=FACE_OUTER_BOUND('',#786,.T.);
#504=FACE_OUTER_BOUND('',#787,.T.);
#505=FACE_OUTER_BOUND('',#788,.T.);
#506=FACE_OUTER_BOUND('',#789,.T.);
#507=FACE_OUTER_BOUND('',#790,.T.);
#508=FACE_OUTER_BOUND('',#791,.T.);
#509=FACE_OUTER_BOUND('',#792,.T.);
#510=FACE_OUTER_BOUND('',#793,.T.);
#511=FACE_OUTER_BOUND('',#794,.T.);
#512=FACE_OUTER_BOUND('',#795,.T.);
#513=FACE_OUTER_BOUND('',#796,.T.);
#514=FACE_OUTER_BOUND('',#797,.T.);
#515=FACE_OUTER_BOUND('',#798,.T.);
#516=FACE_OUTER_BOUND('',#799,.T.);
#517=FACE_OUTER_BOUND('',#800,.T.);
#518=FACE_OUTER_BOUND('',#801,.T.);
#519=FACE_OUTER_BOUND('',#802,.T.);
#520=FACE_OUTER_BOUND('',#803,.T.);
#521=FACE_OUTER_BOUND('',#804,.T.);
#522=FACE_OUTER_BOUND('',#805,.T.);
#523=FACE_OUTER_BOUND('',#806,.T.);
#524=FACE_OUTER_BOUND('',#807,.T.);
#525=FACE_OUTER_BOUND('',#808,.T.);
#526=FACE_OUTER_BOUND('',#809,.T.);
#527=FACE_OUTER_BOUND('',#810,.T.);
#528=FACE_OUTER_BOUND('',#811,.T.);
#529=FACE_OUTER_BOUND('',#812,.T.);
#530=FACE_OUTER_BOUND('',#813,.T.);
#531=FACE_OUTER_BOUND('',#814,.T.);
#532=FACE_OUTER_BOUND('',#815,.T.);
#533=FACE_OUTER_BOUND('',#816,.T.);
#534=FACE_OUTER_BOUND('',#817,.T.);
#535=FACE_OUTER_BOUND('',#818,.T.);
#536=FACE_OUTER_BOUND('',#819,.T.);
#537=FACE_OUTER_BOUND('',#820,.T.);
#538=FACE_OUTER_BOUND('',#821,.T.);
#539=FACE_OUTER_BOUND('',#822,.T.);
#540=FACE_OUTER_BOUND('',#823,.T.);
#541=FACE_OUTER_BOUND('',#824,.T.);
#542=FACE_OUTER_BOUND('',#825,.T.);
#543=FACE_OUTER_BOUND('',#826,.T.);
#544=FACE_OUTER_BOUND('',#827,.T.);
#545=FACE_OUTER_BOUND('',#828,.T.);
#546=FACE_OUTER_BOUND('',#829,.T.);
#547=FACE_OUTER_BOUND('',#830,.T.);
#548=FACE_OUTER_BOUND('',#831,.T.);
#549=FACE_OUTER_BOUND('',#832,.T.);
#550=FACE_OUTER_BOUND('',#833,.T.);
#551=FACE_OUTER_BOUND('',#834,.T.);
#552=FACE_OUTER_BOUND('',#835,.T.);
#553=FACE_OUTER_BOUND('',#836,.T.);
#554=FACE_OUTER_BOUND('',#837,.T.);
#555=FACE_OUTER_BOUND('',#838,.T.);
#556=FACE_OUTER_BOUND('',#839,.T.);
#557=FACE_OUTER_BOUND('',#840,.T.);
#558=FACE_OUTER_BOUND('',#841,.T.);
#559=FACE_OUTER_BOUND('',#842,.T.);
#560=FACE_OUTER_BOUND('',#843,.T.);
#561=FACE_OUTER_BOUND('',#844,.T.);
#562=FACE_OUTER_BOUND('',#845,.T.);
#563=FACE_OUTER_BOUND('',#846,.T.);
#564=FACE_OUTER_BOUND('',#847,.T.);
#565=FACE_OUTER_BOUND('',#848,.T.);
#566=FACE_OUTER_BOUND('',#854,.T.);
#567=FACE_OUTER_BOUND('',#855,.T.);
#568=FACE_OUTER_BOUND('',#856,.T.);
#569=FACE_OUTER_BOUND('',#857,.T.);
#570=FACE_OUTER_BOUND('',#858,.T.);
#571=FACE_OUTER_BOUND('',#859,.T.);
#572=FACE_OUTER_BOUND('',#860,.T.);
#573=FACE_OUTER_BOUND('',#861,.T.);
#574=FACE_OUTER_BOUND('',#862,.T.);
#575=FACE_OUTER_BOUND('',#863,.T.);
#576=FACE_OUTER_BOUND('',#864,.T.);
#577=FACE_OUTER_BOUND('',#865,.T.);
#578=FACE_OUTER_BOUND('',#866,.T.);
#579=FACE_OUTER_BOUND('',#867,.T.);
#580=FACE_OUTER_BOUND('',#868,.T.);
#581=FACE_OUTER_BOUND('',#869,.T.);
#582=FACE_OUTER_BOUND('',#870,.T.);
#583=FACE_OUTER_BOUND('',#871,.T.);
#584=FACE_OUTER_BOUND('',#872,.T.);
#585=FACE_OUTER_BOUND('',#873,.T.);
#586=FACE_OUTER_BOUND('',#874,.T.);
#587=FACE_OUTER_BOUND('',#875,.T.);
#588=FACE_OUTER_BOUND('',#876,.T.);
#589=FACE_OUTER_BOUND('',#877,.T.);
#590=FACE_OUTER_BOUND('',#878,.T.);
#591=FACE_OUTER_BOUND('',#879,.T.);
#592=FACE_OUTER_BOUND('',#880,.T.);
#593=FACE_OUTER_BOUND('',#881,.T.);
#594=FACE_OUTER_BOUND('',#882,.T.);
#595=FACE_OUTER_BOUND('',#883,.T.);
#596=FACE_OUTER_BOUND('',#884,.T.);
#597=FACE_OUTER_BOUND('',#885,.T.);
#598=FACE_OUTER_BOUND('',#886,.T.);
#599=FACE_OUTER_BOUND('',#887,.T.);
#600=FACE_OUTER_BOUND('',#888,.T.);
#601=FACE_OUTER_BOUND('',#889,.T.);
#602=FACE_OUTER_BOUND('',#890,.T.);
#603=FACE_OUTER_BOUND('',#891,.T.);
#604=FACE_OUTER_BOUND('',#892,.T.);
#605=FACE_OUTER_BOUND('',#893,.T.);
#606=EDGE_LOOP('',(#2918,#2919,#2920,#2921));
#607=EDGE_LOOP('',(#2922,#2923,#2924,#2925));
#608=EDGE_LOOP('',(#2926,#2927,#2928,#2929));
#609=EDGE_LOOP('',(#2930,#2931,#2932,#2933,#2934));
#610=EDGE_LOOP('',(#2935,#2936,#2937,#2938));
#611=EDGE_LOOP('',(#2939,#2940,#2941,#2942,#2943));
#612=EDGE_LOOP('',(#2944,#2945,#2946,#2947));
#613=EDGE_LOOP('',(#2948,#2949,#2950,#2951));
#614=EDGE_LOOP('',(#2952,#2953,#2954,#2955));
#615=EDGE_LOOP('',(#2956,#2957,#2958,#2959));
#616=EDGE_LOOP('',(#2960,#2961,#2962,#2963));
#617=EDGE_LOOP('',(#2964,#2965,#2966,#2967));
#618=EDGE_LOOP('',(#2968,#2969,#2970,#2971));
#619=EDGE_LOOP('',(#2972,#2973,#2974,#2975));
#620=EDGE_LOOP('',(#2976,#2977,#2978,#2979));
#621=EDGE_LOOP('',(#2980,#2981,#2982));
#622=EDGE_LOOP('',(#2983,#2984,#2985));
#623=EDGE_LOOP('',(#2986,#2987,#2988,#2989));
#624=EDGE_LOOP('',(#2990,#2991,#2992,#2993,#2994,#2995,#2996,#2997,#2998,
#2999,#3000,#3001,#3002,#3003));
#625=EDGE_LOOP('',(#3004,#3005,#3006,#3007));
#626=EDGE_LOOP('',(#3008,#3009,#3010,#3011));
#627=EDGE_LOOP('',(#3012,#3013,#3014,#3015));
#628=EDGE_LOOP('',(#3016,#3017,#3018,#3019));
#629=EDGE_LOOP('',(#3020,#3021,#3022,#3023,#3024,#3025,#3026,#3027,#3028));
#630=EDGE_LOOP('',(#3029,#3030,#3031,#3032,#3033,#3034,#3035,#3036,#3037,
#3038,#3039,#3040));
#631=EDGE_LOOP('',(#3041,#3042,#3043,#3044,#3045,#3046));
#632=EDGE_LOOP('',(#3047,#3048,#3049,#3050));
#633=EDGE_LOOP('',(#3051,#3052,#3053,#3054));
#634=EDGE_LOOP('',(#3055,#3056,#3057,#3058));
#635=EDGE_LOOP('',(#3059,#3060,#3061,#3062));
#636=EDGE_LOOP('',(#3063,#3064,#3065,#3066));
#637=EDGE_LOOP('',(#3067,#3068,#3069,#3070));
#638=EDGE_LOOP('',(#3071,#3072,#3073,#3074));
#639=EDGE_LOOP('',(#3075,#3076,#3077,#3078));
#640=EDGE_LOOP('',(#3079,#3080,#3081,#3082));
#641=EDGE_LOOP('',(#3083,#3084,#3085));
#642=EDGE_LOOP('',(#3086,#3087,#3088));
#643=EDGE_LOOP('',(#3089,#3090,#3091,#3092));
#644=EDGE_LOOP('',(#3093,#3094,#3095,#3096));
#645=EDGE_LOOP('',(#3097,#3098,#3099,#3100));
#646=EDGE_LOOP('',(#3101,#3102,#3103,#3104,#3105,#3106,#3107,#3108,#3109,
#3110,#3111,#3112,#3113,#3114));
#647=EDGE_LOOP('',(#3115,#3116,#3117,#3118));
#648=EDGE_LOOP('',(#3119,#3120,#3121,#3122));
#649=EDGE_LOOP('',(#3123,#3124,#3125,#3126,#3127,#3128,#3129,#3130,#3131));
#650=EDGE_LOOP('',(#3132,#3133,#3134,#3135));
#651=EDGE_LOOP('',(#3136,#3137,#3138,#3139));
#652=EDGE_LOOP('',(#3140,#3141,#3142,#3143,#3144,#3145,#3146,#3147,#3148,
#3149,#3150,#3151));
#653=EDGE_LOOP('',(#3152,#3153,#3154,#3155));
#654=EDGE_LOOP('',(#3156,#3157,#3158,#3159,#3160,#3161));
#655=EDGE_LOOP('',(#3162,#3163,#3164,#3165));
#656=EDGE_LOOP('',(#3166,#3167,#3168,#3169));
#657=EDGE_LOOP('',(#3170,#3171,#3172,#3173));
#658=EDGE_LOOP('',(#3174,#3175,#3176));
#659=EDGE_LOOP('',(#3177,#3178,#3179,#3180));
#660=EDGE_LOOP('',(#3181,#3182,#3183,#3184));
#661=EDGE_LOOP('',(#3185,#3186,#3187,#3188,#3189));
#662=EDGE_LOOP('',(#3190,#3191,#3192,#3193));
#663=EDGE_LOOP('',(#3194,#3195,#3196,#3197));
#664=EDGE_LOOP('',(#3198,#3199,#3200,#3201));
#665=EDGE_LOOP('',(#3202,#3203,#3204,#3205));
#666=EDGE_LOOP('',(#3206,#3207,#3208,#3209));
#667=EDGE_LOOP('',(#3210,#3211,#3212,#3213));
#668=EDGE_LOOP('',(#3214,#3215,#3216,#3217,#3218));
#669=EDGE_LOOP('',(#3219,#3220,#3221,#3222,#3223,#3224));
#670=EDGE_LOOP('',(#3225,#3226,#3227,#3228));
#671=EDGE_LOOP('',(#3229,#3230,#3231,#3232,#3233));
#672=EDGE_LOOP('',(#3234,#3235,#3236,#3237));
#673=EDGE_LOOP('',(#3238,#3239,#3240,#3241));
#674=EDGE_LOOP('',(#3242,#3243,#3244,#3245));
#675=EDGE_LOOP('',(#3246,#3247,#3248,#3249));
#676=EDGE_LOOP('',(#3250,#3251,#3252,#3253));
#677=EDGE_LOOP('',(#3254,#3255,#3256,#3257));
#678=EDGE_LOOP('',(#3258,#3259,#3260));
#679=EDGE_LOOP('',(#3261,#3262,#3263,#3264));
#680=EDGE_LOOP('',(#3265,#3266,#3267,#3268));
#681=EDGE_LOOP('',(#3269,#3270,#3271,#3272));
#682=EDGE_LOOP('',(#3273,#3274,#3275,#3276));
#683=EDGE_LOOP('',(#3277,#3278,#3279,#3280));
#684=EDGE_LOOP('',(#3281,#3282,#3283,#3284));
#685=EDGE_LOOP('',(#3285,#3286,#3287,#3288));
#686=EDGE_LOOP('',(#3289,#3290,#3291,#3292));
#687=EDGE_LOOP('',(#3293,#3294,#3295,#3296,#3297));
#688=EDGE_LOOP('',(#3298,#3299,#3300,#3301));
#689=EDGE_LOOP('',(#3302,#3303,#3304,#3305));
#690=EDGE_LOOP('',(#3306,#3307,#3308,#3309,#3310,#3311,#3312,#3313));
#691=EDGE_LOOP('',(#3314,#3315,#3316,#3317));
#692=EDGE_LOOP('',(#3318,#3319,#3320,#3321));
#693=EDGE_LOOP('',(#3322,#3323,#3324,#3325,#3326));
#694=EDGE_LOOP('',(#3327,#3328,#3329,#3330,#3331,#3332));
#695=EDGE_LOOP('',(#3333,#3334,#3335,#3336,#3337,#3338));
#696=EDGE_LOOP('',(#3339,#3340,#3341,#3342,#3343,#3344,#3345,#3346,#3347,
#3348,#3349,#3350,#3351,#3352,#3353,#3354,#3355,#3356,#3357,#3358,#3359,
#3360,#3361,#3362));
#697=EDGE_LOOP('',(#3363,#3364,#3365,#3366,#3367,#3368,#3369,#3370,#3371,
#3372,#3373,#3374,#3375,#3376,#3377,#3378,#3379,#3380));
#698=EDGE_LOOP('',(#3381,#3382,#3383,#3384,#3385,#3386,#3387,#3388,#3389,
#3390));
#699=EDGE_LOOP('',(#3391,#3392,#3393,#3394,#3395,#3396,#3397,#3398,#3399,
#3400));
#700=EDGE_LOOP('',(#3401,#3402,#3403));
#701=EDGE_LOOP('',(#3404,#3405,#3406));
#702=EDGE_LOOP('',(#3407,#3408,#3409));
#703=EDGE_LOOP('',(#3410,#3411,#3412,#3413));
#704=EDGE_LOOP('',(#3414,#3415,#3416,#3417));
#705=EDGE_LOOP('',(#3418,#3419,#3420,#3421,#3422,#3423));
#706=EDGE_LOOP('',(#3424,#3425,#3426));
#707=EDGE_LOOP('',(#3427,#3428,#3429,#3430));
#708=EDGE_LOOP('',(#3431,#3432,#3433));
#709=EDGE_LOOP('',(#3434,#3435,#3436));
#710=EDGE_LOOP('',(#3437,#3438,#3439,#3440,#3441));
#711=EDGE_LOOP('',(#3442,#3443,#3444,#3445,#3446,#3447));
#712=EDGE_LOOP('',(#3448,#3449,#3450,#3451,#3452));
#713=EDGE_LOOP('',(#3453,#3454,#3455,#3456));
#714=EDGE_LOOP('',(#3457,#3458,#3459,#3460));
#715=EDGE_LOOP('',(#3461,#3462,#3463,#3464));
#716=EDGE_LOOP('',(#3465,#3466,#3467,#3468));
#717=EDGE_LOOP('',(#3469,#3470,#3471,#3472));
#718=EDGE_LOOP('',(#3473,#3474,#3475,#3476));
#719=EDGE_LOOP('',(#3477,#3478,#3479,#3480));
#720=EDGE_LOOP('',(#3481,#3482,#3483,#3484));
#721=EDGE_LOOP('',(#3485,#3486,#3487,#3488,#3489,#3490,#3491,#3492));
#722=EDGE_LOOP('',(#3493,#3494,#3495,#3496,#3497,#3498));
#723=EDGE_LOOP('',(#3499,#3500,#3501,#3502,#3503));
#724=EDGE_LOOP('',(#3504,#3505,#3506,#3507));
#725=EDGE_LOOP('',(#3508,#3509,#3510,#3511));
#726=EDGE_LOOP('',(#3512,#3513,#3514,#3515,#3516));
#727=EDGE_LOOP('',(#3517,#3518,#3519,#3520,#3521,#3522));
#728=EDGE_LOOP('',(#3523,#3524,#3525,#3526));
#729=EDGE_LOOP('',(#3527,#3528,#3529,#3530));
#730=EDGE_LOOP('',(#3531,#3532,#3533,#3534));
#731=EDGE_LOOP('',(#3535,#3536,#3537,#3538));
#732=EDGE_LOOP('',(#3539,#3540,#3541,#3542));
#733=EDGE_LOOP('',(#3543,#3544,#3545,#3546));
#734=EDGE_LOOP('',(#3547,#3548,#3549,#3550));
#735=EDGE_LOOP('',(#3551,#3552,#3553,#3554));
#736=EDGE_LOOP('',(#3555,#3556,#3557,#3558));
#737=EDGE_LOOP('',(#3559,#3560,#3561,#3562));
#738=EDGE_LOOP('',(#3563,#3564,#3565,#3566));
#739=EDGE_LOOP('',(#3567,#3568,#3569,#3570));
#740=EDGE_LOOP('',(#3571,#3572,#3573,#3574));
#741=EDGE_LOOP('',(#3575,#3576,#3577,#3578));
#742=EDGE_LOOP('',(#3579,#3580,#3581,#3582));
#743=EDGE_LOOP('',(#3583,#3584,#3585,#3586));
#744=EDGE_LOOP('',(#3587,#3588,#3589,#3590));
#745=EDGE_LOOP('',(#3591,#3592,#3593,#3594));
#746=EDGE_LOOP('',(#3595,#3596,#3597,#3598));
#747=EDGE_LOOP('',(#3599,#3600,#3601,#3602));
#748=EDGE_LOOP('',(#3603,#3604,#3605,#3606));
#749=EDGE_LOOP('',(#3607,#3608,#3609,#3610));
#750=EDGE_LOOP('',(#3611,#3612,#3613,#3614));
#751=EDGE_LOOP('',(#3615,#3616,#3617,#3618));
#752=EDGE_LOOP('',(#3619,#3620,#3621,#3622));
#753=EDGE_LOOP('',(#3623,#3624,#3625,#3626));
#754=EDGE_LOOP('',(#3627,#3628,#3629,#3630));
#755=EDGE_LOOP('',(#3631,#3632,#3633,#3634));
#756=EDGE_LOOP('',(#3635,#3636,#3637,#3638));
#757=EDGE_LOOP('',(#3639,#3640,#3641,#3642));
#758=EDGE_LOOP('',(#3643,#3644,#3645,#3646));
#759=EDGE_LOOP('',(#3647,#3648,#3649,#3650));
#760=EDGE_LOOP('',(#3651,#3652,#3653,#3654));
#761=EDGE_LOOP('',(#3655,#3656,#3657,#3658));
#762=EDGE_LOOP('',(#3659,#3660,#3661,#3662));
#763=EDGE_LOOP('',(#3663,#3664,#3665,#3666));
#764=EDGE_LOOP('',(#3667,#3668,#3669,#3670));
#765=EDGE_LOOP('',(#3671,#3672,#3673,#3674));
#766=EDGE_LOOP('',(#3675,#3676,#3677,#3678));
#767=EDGE_LOOP('',(#3679,#3680,#3681,#3682));
#768=EDGE_LOOP('',(#3683,#3684,#3685,#3686));
#769=EDGE_LOOP('',(#3687,#3688,#3689,#3690));
#770=EDGE_LOOP('',(#3691,#3692,#3693,#3694));
#771=EDGE_LOOP('',(#3695,#3696,#3697,#3698));
#772=EDGE_LOOP('',(#3699,#3700,#3701,#3702));
#773=EDGE_LOOP('',(#3703,#3704,#3705,#3706));
#774=EDGE_LOOP('',(#3707,#3708,#3709,#3710));
#775=EDGE_LOOP('',(#3711,#3712,#3713,#3714));
#776=EDGE_LOOP('',(#3715,#3716,#3717,#3718));
#777=EDGE_LOOP('',(#3719,#3720,#3721,#3722));
#778=EDGE_LOOP('',(#3723,#3724,#3725,#3726));
#779=EDGE_LOOP('',(#3727,#3728,#3729,#3730));
#780=EDGE_LOOP('',(#3731,#3732,#3733,#3734));
#781=EDGE_LOOP('',(#3735,#3736,#3737,#3738));
#782=EDGE_LOOP('',(#3739,#3740,#3741,#3742));
#783=EDGE_LOOP('',(#3743,#3744,#3745,#3746));
#784=EDGE_LOOP('',(#3747,#3748,#3749,#3750));
#785=EDGE_LOOP('',(#3751,#3752,#3753,#3754));
#786=EDGE_LOOP('',(#3755,#3756,#3757,#3758));
#787=EDGE_LOOP('',(#3759,#3760,#3761,#3762));
#788=EDGE_LOOP('',(#3763,#3764,#3765,#3766));
#789=EDGE_LOOP('',(#3767,#3768,#3769,#3770));
#790=EDGE_LOOP('',(#3771,#3772,#3773,#3774));
#791=EDGE_LOOP('',(#3775,#3776,#3777,#3778));
#792=EDGE_LOOP('',(#3779,#3780,#3781,#3782));
#793=EDGE_LOOP('',(#3783,#3784,#3785,#3786));
#794=EDGE_LOOP('',(#3787,#3788,#3789,#3790));
#795=EDGE_LOOP('',(#3791,#3792,#3793,#3794));
#796=EDGE_LOOP('',(#3795,#3796,#3797,#3798));
#797=EDGE_LOOP('',(#3799,#3800,#3801,#3802));
#798=EDGE_LOOP('',(#3803,#3804,#3805,#3806));
#799=EDGE_LOOP('',(#3807,#3808,#3809,#3810));
#800=EDGE_LOOP('',(#3811,#3812,#3813,#3814));
#801=EDGE_LOOP('',(#3815,#3816,#3817,#3818));
#802=EDGE_LOOP('',(#3819,#3820,#3821,#3822));
#803=EDGE_LOOP('',(#3823,#3824,#3825,#3826));
#804=EDGE_LOOP('',(#3827,#3828,#3829,#3830));
#805=EDGE_LOOP('',(#3831,#3832,#3833,#3834));
#806=EDGE_LOOP('',(#3835,#3836,#3837,#3838));
#807=EDGE_LOOP('',(#3839,#3840,#3841,#3842,#3843,#3844,#3845,#3846,#3847,
#3848,#3849,#3850));
#808=EDGE_LOOP('',(#3851,#3852,#3853));
#809=EDGE_LOOP('',(#3854,#3855,#3856,#3857,#3858,#3859));
#810=EDGE_LOOP('',(#3860,#3861,#3862,#3863,#3864));
#811=EDGE_LOOP('',(#3865,#3866,#3867,#3868));
#812=EDGE_LOOP('',(#3869,#3870,#3871,#3872,#3873,#3874,#3875,#3876));
#813=EDGE_LOOP('',(#3877,#3878,#3879,#3880));
#814=EDGE_LOOP('',(#3881,#3882,#3883,#3884));
#815=EDGE_LOOP('',(#3885,#3886,#3887,#3888));
#816=EDGE_LOOP('',(#3889,#3890,#3891));
#817=EDGE_LOOP('',(#3892,#3893,#3894));
#818=EDGE_LOOP('',(#3895,#3896,#3897,#3898));
#819=EDGE_LOOP('',(#3899,#3900,#3901,#3902));
#820=EDGE_LOOP('',(#3903,#3904,#3905,#3906));
#821=EDGE_LOOP('',(#3907,#3908,#3909,#3910));
#822=EDGE_LOOP('',(#3911,#3912,#3913,#3914));
#823=EDGE_LOOP('',(#3915,#3916,#3917,#3918));
#824=EDGE_LOOP('',(#3919,#3920,#3921,#3922));
#825=EDGE_LOOP('',(#3923,#3924,#3925,#3926,#3927,#3928,#3929,#3930,#3931,
#3932,#3933));
#826=EDGE_LOOP('',(#3934,#3935,#3936,#3937));
#827=EDGE_LOOP('',(#3938,#3939,#3940,#3941));
#828=EDGE_LOOP('',(#3942,#3943,#3944,#3945,#3946));
#829=EDGE_LOOP('',(#3947,#3948,#3949,#3950));
#830=EDGE_LOOP('',(#3951,#3952,#3953,#3954,#3955));
#831=EDGE_LOOP('',(#3956,#3957,#3958,#3959));
#832=EDGE_LOOP('',(#3960,#3961,#3962,#3963,#3964));
#833=EDGE_LOOP('',(#3965,#3966,#3967,#3968));
#834=EDGE_LOOP('',(#3969,#3970,#3971,#3972));
#835=EDGE_LOOP('',(#3973,#3974,#3975,#3976));
#836=EDGE_LOOP('',(#3977,#3978,#3979,#3980));
#837=EDGE_LOOP('',(#3981,#3982,#3983,#3984));
#838=EDGE_LOOP('',(#3985,#3986,#3987,#3988));
#839=EDGE_LOOP('',(#3989,#3990,#3991,#3992));
#840=EDGE_LOOP('',(#3993,#3994,#3995,#3996));
#841=EDGE_LOOP('',(#3997,#3998,#3999,#4000));
#842=EDGE_LOOP('',(#4001,#4002,#4003,#4004));
#843=EDGE_LOOP('',(#4005,#4006,#4007,#4008));
#844=EDGE_LOOP('',(#4009,#4010,#4011,#4012));
#845=EDGE_LOOP('',(#4013,#4014,#4015,#4016));
#846=EDGE_LOOP('',(#4017,#4018,#4019,#4020,#4021,#4022,#4023,#4024,#4025,
#4026,#4027,#4028));
#847=EDGE_LOOP('',(#4029,#4030,#4031,#4032));
#848=EDGE_LOOP('',(#4033,#4034,#4035,#4036,#4037,#4038,#4039,#4040,#4041,
#4042,#4043,#4044,#4045,#4046,#4047,#4048,#4049,#4050,#4051,#4052,#4053,
#4054));
#849=EDGE_LOOP('',(#4055,#4056,#4057,#4058,#4059,#4060,#4061,#4062,#4063,
#4064));
#850=EDGE_LOOP('',(#4065,#4066,#4067,#4068,#4069,#4070,#4071,#4072,#4073,
#4074));
#851=EDGE_LOOP('',(#4075,#4076,#4077,#4078,#4079,#4080,#4081,#4082,#4083,
#4084,#4085,#4086,#4087,#4088,#4089,#4090,#4091,#4092));
#852=EDGE_LOOP('',(#4093,#4094,#4095,#4096,#4097,#4098,#4099,#4100,#4101,
#4102,#4103,#4104,#4105,#4106,#4107,#4108,#4109,#4110,#4111,#4112,#4113,
#4114,#4115,#4116));
#853=EDGE_LOOP('',(#4117,#4118,#4119,#4120,#4121,#4122));
#854=EDGE_LOOP('',(#4123,#4124,#4125));
#855=EDGE_LOOP('',(#4126,#4127,#4128,#4129));
#856=EDGE_LOOP('',(#4130,#4131,#4132,#4133));
#857=EDGE_LOOP('',(#4134,#4135,#4136,#4137));
#858=EDGE_LOOP('',(#4138,#4139,#4140,#4141));
#859=EDGE_LOOP('',(#4142,#4143,#4144,#4145));
#860=EDGE_LOOP('',(#4146,#4147,#4148,#4149));
#861=EDGE_LOOP('',(#4150,#4151,#4152,#4153));
#862=EDGE_LOOP('',(#4154,#4155,#4156,#4157));
#863=EDGE_LOOP('',(#4158,#4159,#4160,#4161));
#864=EDGE_LOOP('',(#4162,#4163,#4164,#4165));
#865=EDGE_LOOP('',(#4166,#4167,#4168,#4169,#4170,#4171,#4172,#4173,#4174,
#4175,#4176));
#866=EDGE_LOOP('',(#4177,#4178,#4179,#4180));
#867=EDGE_LOOP('',(#4181,#4182,#4183,#4184));
#868=EDGE_LOOP('',(#4185,#4186,#4187,#4188));
#869=EDGE_LOOP('',(#4189,#4190,#4191,#4192));
#870=EDGE_LOOP('',(#4193,#4194,#4195,#4196));
#871=EDGE_LOOP('',(#4197,#4198,#4199,#4200,#4201,#4202));
#872=EDGE_LOOP('',(#4203,#4204,#4205,#4206));
#873=EDGE_LOOP('',(#4207,#4208,#4209,#4210));
#874=EDGE_LOOP('',(#4211,#4212,#4213,#4214));
#875=EDGE_LOOP('',(#4215,#4216,#4217,#4218,#4219,#4220));
#876=EDGE_LOOP('',(#4221,#4222,#4223,#4224));
#877=EDGE_LOOP('',(#4225,#4226,#4227,#4228));
#878=EDGE_LOOP('',(#4229,#4230,#4231,#4232));
#879=EDGE_LOOP('',(#4233,#4234,#4235,#4236));
#880=EDGE_LOOP('',(#4237,#4238,#4239,#4240));
#881=EDGE_LOOP('',(#4241,#4242,#4243,#4244));
#882=EDGE_LOOP('',(#4245,#4246,#4247,#4248));
#883=EDGE_LOOP('',(#4249,#4250,#4251,#4252));
#884=EDGE_LOOP('',(#4253,#4254,#4255,#4256));
#885=EDGE_LOOP('',(#4257,#4258,#4259,#4260));
#886=EDGE_LOOP('',(#4261,#4262,#4263,#4264,#4265));
#887=EDGE_LOOP('',(#4266,#4267,#4268,#4269));
#888=EDGE_LOOP('',(#4270,#4271,#4272,#4273));
#889=EDGE_LOOP('',(#4274,#4275,#4276,#4277,#4278,#4279,#4280,#4281,#4282,
#4283,#4284,#4285,#4286,#4287,#4288,#4289,#4290,#4291));
#890=EDGE_LOOP('',(#4292,#4293,#4294,#4295));
#891=EDGE_LOOP('',(#4296,#4297,#4298,#4299));
#892=EDGE_LOOP('',(#4300,#4301,#4302,#4303,#4304));
#893=EDGE_LOOP('',(#4305,#4306,#4307,#4308,#4309));
#894=LINE('',#6506,#1222);
#895=LINE('',#6509,#1223);
#896=LINE('',#6515,#1224);
#897=LINE('',#6518,#1225);
#898=LINE('',#6555,#1226);
#899=LINE('',#6559,#1227);
#900=LINE('',#6565,#1228);
#901=LINE('',#6583,#1229);
#902=LINE('',#6589,#1230);
#903=LINE('',#6592,#1231);
#904=LINE('',#6597,#1232);
#905=LINE('',#6600,#1233);
#906=LINE('',#6619,#1234);
#907=LINE('',#6620,#1235);
#908=LINE('',#6642,#1236);
#909=LINE('',#6643,#1237);
#910=LINE('',#6667,#1238);
#911=LINE('',#6668,#1239);
#912=LINE('',#6678,#1240);
#913=LINE('',#6681,#1241);
#914=LINE('',#6684,#1242);
#915=LINE('',#6686,#1243);
#916=LINE('',#6688,#1244);
#917=LINE('',#6690,#1245);
#918=LINE('',#6692,#1246);
#919=LINE('',#6696,#1247);
#920=LINE('',#6700,#1248);
#921=LINE('',#6704,#1249);
#922=LINE('',#6708,#1250);
#923=LINE('',#6712,#1251);
#924=LINE('',#6713,#1252);
#925=LINE('',#6716,#1253);
#926=LINE('',#6720,#1254);
#927=LINE('',#6725,#1255);
#928=LINE('',#6729,#1256);
#929=LINE('',#6733,#1257);
#930=LINE('',#6739,#1258);
#931=LINE('',#6740,#1259);
#932=LINE('',#6748,#1260);
#933=LINE('',#6751,#1261);
#934=LINE('',#6770,#1262);
#935=LINE('',#6771,#1263);
#936=LINE('',#6796,#1264);
#937=LINE('',#6797,#1265);
#938=LINE('',#6803,#1266);
#939=LINE('',#6806,#1267);
#940=LINE('',#6828,#1268);
#941=LINE('',#6830,#1269);
#942=LINE('',#6837,#1270);
#943=LINE('',#6840,#1271);
#944=LINE('',#6843,#1272);
#945=LINE('',#6844,#1273);
#946=LINE('',#6847,#1274);
#947=LINE('',#6851,#1275);
#948=LINE('',#6855,#1276);
#949=LINE('',#6859,#1277);
#950=LINE('',#6863,#1278);
#951=LINE('',#6867,#1279);
#952=LINE('',#6869,#1280);
#953=LINE('',#6871,#1281);
#954=LINE('',#6872,#1282);
#955=LINE('',#6875,#1283);
#956=LINE('',#6879,#1284);
#957=LINE('',#6880,#1285);
#958=LINE('',#6885,#1286);
#959=LINE('',#6888,#1287);
#960=LINE('',#6889,#1288);
#961=LINE('',#6892,#1289);
#962=LINE('',#6894,#1290);
#963=LINE('',#6900,#1291);
#964=LINE('',#6904,#1292);
#965=LINE('',#6921,#1293);
#966=LINE('',#6932,#1294);
#967=LINE('',#6946,#1295);
#968=LINE('',#6947,#1296);
#969=LINE('',#6952,#1297);
#970=LINE('',#6955,#1298);
#971=LINE('',#6961,#1299);
#972=LINE('',#6965,#1300);
#973=LINE('',#6972,#1301);
#974=LINE('',#6975,#1302);
#975=LINE('',#6979,#1303);
#976=LINE('',#6980,#1304);
#977=LINE('',#6983,#1305);
#978=LINE('',#6985,#1306);
#979=LINE('',#6986,#1307);
#980=LINE('',#7000,#1308);
#981=LINE('',#7014,#1309);
#982=LINE('',#7017,#1310);
#983=LINE('',#7018,#1311);
#984=LINE('',#7032,#1312);
#985=LINE('',#7047,#1313);
#986=LINE('',#7049,#1314);
#987=LINE('',#7050,#1315);
#988=LINE('',#7057,#1316);
#989=LINE('',#7058,#1317);
#990=LINE('',#7075,#1318);
#991=LINE('',#7078,#1319);
#992=LINE('',#7088,#1320);
#993=LINE('',#7089,#1321);
#994=LINE('',#7090,#1322);
#995=LINE('',#7096,#1323);
#996=LINE('',#7099,#1324);
#997=LINE('',#7102,#1325);
#998=LINE('',#7104,#1326);
#999=LINE('',#7105,#1327);
#1000=LINE('',#7114,#1328);
#1001=LINE('',#7131,#1329);
#1002=LINE('',#7174,#1330);
#1003=LINE('',#7181,#1331);
#1004=LINE('',#7183,#1332);
#1005=LINE('',#7184,#1333);
#1006=LINE('',#7196,#1334);
#1007=LINE('',#7218,#1335);
#1008=LINE('',#7230,#1336);
#1009=LINE('',#7453,#1337);
#1010=LINE('',#7471,#1338);
#1011=LINE('',#7483,#1339);
#1012=LINE('',#7495,#1340);
#1013=LINE('',#7497,#1341);
#1014=LINE('',#7499,#1342);
#1015=LINE('',#7501,#1343);
#1016=LINE('',#7503,#1344);
#1017=LINE('',#7505,#1345);
#1018=LINE('',#7517,#1346);
#1019=LINE('',#7532,#1347);
#1020=LINE('',#7534,#1348);
#1021=LINE('',#7536,#1349);
#1022=LINE('',#7548,#1350);
#1023=LINE('',#7550,#1351);
#1024=LINE('',#7552,#1352);
#1025=LINE('',#7570,#1353);
#1026=LINE('',#7572,#1354);
#1027=LINE('',#7574,#1355);
#1028=LINE('',#7586,#1356);
#1029=LINE('',#7588,#1357);
#1030=LINE('',#7589,#1358);
#1031=LINE('',#7610,#1359);
#1032=LINE('',#7613,#1360);
#1033=LINE('',#7616,#1361);
#1034=LINE('',#7619,#1362);
#1035=LINE('',#7627,#1363);
#1036=LINE('',#7629,#1364);
#1037=LINE('',#7638,#1365);
#1038=LINE('',#7649,#1366);
#1039=LINE('',#7663,#1367);
#1040=LINE('',#7664,#1368);
#1041=LINE('',#7672,#1369);
#1042=LINE('',#7675,#1370);
#1043=LINE('',#7694,#1371);
#1044=LINE('',#7710,#1372);
#1045=LINE('',#7715,#1373);
#1046=LINE('',#7728,#1374);
#1047=LINE('',#7733,#1375);
#1048=LINE('',#7735,#1376);
#1049=LINE('',#7738,#1377);
#1050=LINE('',#7739,#1378);
#1051=LINE('',#7748,#1379);
#1052=LINE('',#7752,#1380);
#1053=LINE('',#7756,#1381);
#1054=LINE('',#7764,#1382);
#1055=LINE('',#7765,#1383);
#1056=LINE('',#7767,#1384);
#1057=LINE('',#7770,#1385);
#1058=LINE('',#7773,#1386);
#1059=LINE('',#7777,#1387);
#1060=LINE('',#7778,#1388);
#1061=LINE('',#7779,#1389);
#1062=LINE('',#7793,#1390);
#1063=LINE('',#7807,#1391);
#1064=LINE('',#7810,#1392);
#1065=LINE('',#7811,#1393);
#1066=LINE('',#7825,#1394);
#1067=LINE('',#7847,#1395);
#1068=LINE('',#7848,#1396);
#1069=LINE('',#7859,#1397);
#1070=LINE('',#7873,#1398);
#1071=LINE('',#7882,#1399);
#1072=LINE('',#7891,#1400);
#1073=LINE('',#7905,#1401);
#1074=LINE('',#7908,#1402);
#1075=LINE('',#7909,#1403);
#1076=LINE('',#7923,#1404);
#1077=LINE('',#7937,#1405);
#1078=LINE('',#7976,#1406);
#1079=LINE('',#7987,#1407);
#1080=LINE('',#7998,#1408);
#1081=LINE('',#8007,#1409);
#1082=LINE('',#8016,#1410);
#1083=LINE('',#8036,#1411);
#1084=LINE('',#8050,#1412);
#1085=LINE('',#8097,#1413);
#1086=LINE('',#8108,#1414);
#1087=LINE('',#8117,#1415);
#1088=LINE('',#8126,#1416);
#1089=LINE('',#8140,#1417);
#1090=LINE('',#8149,#1418);
#1091=LINE('',#8158,#1419);
#1092=LINE('',#8185,#1420);
#1093=LINE('',#8186,#1421);
#1094=LINE('',#8189,#1422);
#1095=LINE('',#8190,#1423);
#1096=LINE('',#8204,#1424);
#1097=LINE('',#8213,#1425);
#1098=LINE('',#8227,#1426);
#1099=LINE('',#8230,#1427);
#1100=LINE('',#8231,#1428);
#1101=LINE('',#8245,#1429);
#1102=LINE('',#8259,#1430);
#1103=LINE('',#8262,#1431);
#1104=LINE('',#8263,#1432);
#1105=LINE('',#8277,#1433);
#1106=LINE('',#8291,#1434);
#1107=LINE('',#8294,#1435);
#1108=LINE('',#8295,#1436);
#1109=LINE('',#8298,#1437);
#1110=LINE('',#8299,#1438);
#1111=LINE('',#8302,#1439);
#1112=LINE('',#8303,#1440);
#1113=LINE('',#8306,#1441);
#1114=LINE('',#8307,#1442);
#1115=LINE('',#8310,#1443);
#1116=LINE('',#8311,#1444);
#1117=LINE('',#8314,#1445);
#1118=LINE('',#8315,#1446);
#1119=LINE('',#8342,#1447);
#1120=LINE('',#8343,#1448);
#1121=LINE('',#8346,#1449);
#1122=LINE('',#8347,#1450);
#1123=LINE('',#8350,#1451);
#1124=LINE('',#8351,#1452);
#1125=LINE('',#8354,#1453);
#1126=LINE('',#8355,#1454);
#1127=LINE('',#8369,#1455);
#1128=LINE('',#8383,#1456);
#1129=LINE('',#8386,#1457);
#1130=LINE('',#8387,#1458);
#1131=LINE('',#8390,#1459);
#1132=LINE('',#8391,#1460);
#1133=LINE('',#8394,#1461);
#1134=LINE('',#8395,#1462);
#1135=LINE('',#8411,#1463);
#1136=LINE('',#8412,#1464);
#1137=LINE('',#8413,#1465);
#1138=LINE('',#8416,#1466);
#1139=LINE('',#8417,#1467);
#1140=LINE('',#8420,#1468);
#1141=LINE('',#8421,#1469);
#1142=LINE('',#8435,#1470);
#1143=LINE('',#8449,#1471);
#1144=LINE('',#8452,#1472);
#1145=LINE('',#8453,#1473);
#1146=LINE('',#8456,#1474);
#1147=LINE('',#8457,#1475);
#1148=LINE('',#8460,#1476);
#1149=LINE('',#8461,#1477);
#1150=LINE('',#8475,#1478);
#1151=LINE('',#8489,#1479);
#1152=LINE('',#8494,#1480);
#1153=LINE('',#8495,#1481);
#1154=LINE('',#8515,#1482);
#1155=LINE('',#8518,#1483);
#1156=LINE('',#8552,#1484);
#1157=LINE('',#8555,#1485);
#1158=LINE('',#8588,#1486);
#1159=LINE('',#8589,#1487);
#1160=LINE('',#8592,#1488);
#1161=LINE('',#8593,#1489);
#1162=LINE('',#8600,#1490);
#1163=LINE('',#8603,#1491);
#1164=LINE('',#8604,#1492);
#1165=LINE('',#8608,#1493);
#1166=LINE('',#8611,#1494);
#1167=LINE('',#8613,#1495);
#1168=LINE('',#8614,#1496);
#1169=LINE('',#8619,#1497);
#1170=LINE('',#8623,#1498);
#1171=LINE('',#8625,#1499);
#1172=LINE('',#8626,#1500);
#1173=LINE('',#8632,#1501);
#1174=LINE('',#8649,#1502);
#1175=LINE('',#8665,#1503);
#1176=LINE('',#8680,#1504);
#1177=LINE('',#8683,#1505);
#1178=LINE('',#8686,#1506);
#1179=LINE('',#8688,#1507);
#1180=LINE('',#8689,#1508);
#1181=LINE('',#8693,#1509);
#1182=LINE('',#8708,#1510);
#1183=LINE('',#8712,#1511);
#1184=LINE('',#8727,#1512);
#1185=LINE('',#8730,#1513);
#1186=LINE('',#8733,#1514);
#1187=LINE('',#8734,#1515);
#1188=LINE('',#8738,#1516);
#1189=LINE('',#8753,#1517);
#1190=LINE('',#8756,#1518);
#1191=LINE('',#8759,#1519);
#1192=LINE('',#8760,#1520);
#1193=LINE('',#8764,#1521);
#1194=LINE('',#8779,#1522);
#1195=LINE('',#8786,#1523);
#1196=LINE('',#8787,#1524);
#1197=LINE('',#8789,#1525);
#1198=LINE('',#8795,#1526);
#1199=LINE('',#8796,#1527);
#1200=LINE('',#8843,#1528);
#1201=LINE('',#8846,#1529);
#1202=LINE('',#8848,#1530);
#1203=LINE('',#8849,#1531);
#1204=LINE('',#8852,#1532);
#1205=LINE('',#8862,#1533);
#1206=LINE('',#8864,#1534);
#1207=LINE('',#8867,#1535);
#1208=LINE('',#8871,#1536);
#1209=LINE('',#8874,#1537);
#1210=LINE('',#8876,#1538);
#1211=LINE('',#8879,#1539);
#1212=LINE('',#8883,#1540);
#1213=LINE('',#8886,#1541);
#1214=LINE('',#8890,#1542);
#1215=LINE('',#8894,#1543);
#1216=LINE('',#8896,#1544);
#1217=LINE('',#8914,#1545);
#1218=LINE('',#8917,#1546);
#1219=LINE('',#8951,#1547);
#1220=LINE('',#8953,#1548);
#1221=LINE('',#8955,#1549);
#1222=VECTOR('',#5198,10.);
#1223=VECTOR('',#5201,10.);
#1224=VECTOR('',#5206,10.);
#1225=VECTOR('',#5209,10.);
#1226=VECTOR('',#5216,10.);
#1227=VECTOR('',#5219,10.);
#1228=VECTOR('',#5226,10.);
#1229=VECTOR('',#5235,10.);
#1230=VECTOR('',#5240,10.);
#1231=VECTOR('',#5243,10.);
#1232=VECTOR('',#5248,10.);
#1233=VECTOR('',#5251,10.);
#1234=VECTOR('',#5262,10.);
#1235=VECTOR('',#5263,10.);
#1236=VECTOR('',#5276,10.);
#1237=VECTOR('',#5277,10.);
#1238=VECTOR('',#5288,10.);
#1239=VECTOR('',#5289,10.);
#1240=VECTOR('',#5306,10.);
#1241=VECTOR('',#5309,10.);
#1242=VECTOR('',#5312,10.);
#1243=VECTOR('',#5313,10.);
#1244=VECTOR('',#5314,10.);
#1245=VECTOR('',#5315,0.299999999999963);
#1246=VECTOR('',#5316,10.);
#1247=VECTOR('',#5319,10.);
#1248=VECTOR('',#5322,10.);
#1249=VECTOR('',#5325,0.3);
#1250=VECTOR('',#5330,10.);
#1251=VECTOR('',#5335,0.5);
#1252=VECTOR('',#5336,10.);
#1253=VECTOR('',#5339,10.);
#1254=VECTOR('',#5344,10.);
#1255=VECTOR('',#5351,10.);
#1256=VECTOR('',#5354,10.);
#1257=VECTOR('',#5357,10.);
#1258=VECTOR('',#5362,10.);
#1259=VECTOR('',#5363,10.);
#1260=VECTOR('',#5372,10.);
#1261=VECTOR('',#5375,10.);
#1262=VECTOR('',#5386,10.);
#1263=VECTOR('',#5387,10.);
#1264=VECTOR('',#5406,10.);
#1265=VECTOR('',#5407,10.);
#1266=VECTOR('',#5412,10.);
#1267=VECTOR('',#5415,10.);
#1268=VECTOR('',#5424,10.);
#1269=VECTOR('',#5427,10.);
#1270=VECTOR('',#5438,0.5);
#1271=VECTOR('',#5441,10.);
#1272=VECTOR('',#5444,10.);
#1273=VECTOR('',#5445,10.);
#1274=VECTOR('',#5448,10.);
#1275=VECTOR('',#5453,10.);
#1276=VECTOR('',#5456,0.3);
#1277=VECTOR('',#5459,10.);
#1278=VECTOR('',#5462,10.);
#1279=VECTOR('',#5465,10.);
#1280=VECTOR('',#5466,10.);
#1281=VECTOR('',#5467,10.);
#1282=VECTOR('',#5468,10.);
#1283=VECTOR('',#5471,10.);
#1284=VECTOR('',#5476,0.3);
#1285=VECTOR('',#5477,10.);
#1286=VECTOR('',#5484,10.);
#1287=VECTOR('',#5487,10.);
#1288=VECTOR('',#5488,10.);
#1289=VECTOR('',#5491,10.);
#1290=VECTOR('',#5492,10.);
#1291=VECTOR('',#5497,10.);
#1292=VECTOR('',#5500,10.);
#1293=VECTOR('',#5509,10.);
#1294=VECTOR('',#5510,10.);
#1295=VECTOR('',#5525,10.);
#1296=VECTOR('',#5526,10.);
#1297=VECTOR('',#5531,10.);
#1298=VECTOR('',#5534,10.);
#1299=VECTOR('',#5541,10.);
#1300=VECTOR('',#5544,10.);
#1301=VECTOR('',#5547,10.);
#1302=VECTOR('',#5550,10.);
#1303=VECTOR('',#5555,10.);
#1304=VECTOR('',#5556,10.);
#1305=VECTOR('',#5559,10.);
#1306=VECTOR('',#5560,10.);
#1307=VECTOR('',#5561,10.);
#1308=VECTOR('',#5562,10.);
#1309=VECTOR('',#5563,10.);
#1310=VECTOR('',#5566,10.);
#1311=VECTOR('',#5567,10.);
#1312=VECTOR('',#5568,10.);
#1313=VECTOR('',#5571,10.);
#1314=VECTOR('',#5572,10.);
#1315=VECTOR('',#5573,10.);
#1316=VECTOR('',#5582,10.);
#1317=VECTOR('',#5583,10.);
#1318=VECTOR('',#5594,10.);
#1319=VECTOR('',#5597,10.);
#1320=VECTOR('',#5608,10.);
#1321=VECTOR('',#5609,10.);
#1322=VECTOR('',#5610,10.);
#1323=VECTOR('',#5615,10.);
#1324=VECTOR('',#5618,10.);
#1325=VECTOR('',#5621,10.);
#1326=VECTOR('',#5622,10.);
#1327=VECTOR('',#5623,10.);
#1328=VECTOR('',#5638,0.3);
#1329=VECTOR('',#5653,10.);
#1330=VECTOR('',#5678,10.);
#1331=VECTOR('',#5687,10.);
#1332=VECTOR('',#5688,10.);
#1333=VECTOR('',#5689,10.);
#1334=VECTOR('',#5704,10.);
#1335=VECTOR('',#5715,10.);
#1336=VECTOR('',#5716,10.);
#1337=VECTOR('',#5745,10.);
#1338=VECTOR('',#5748,10.);
#1339=VECTOR('',#5749,10.);
#1340=VECTOR('',#5750,10.);
#1341=VECTOR('',#5751,10.);
#1342=VECTOR('',#5752,10.);
#1343=VECTOR('',#5753,10.);
#1344=VECTOR('',#5754,10.);
#1345=VECTOR('',#5755,10.);
#1346=VECTOR('',#5756,10.);
#1347=VECTOR('',#5761,10.);
#1348=VECTOR('',#5762,10.);
#1349=VECTOR('',#5763,10.);
#1350=VECTOR('',#5764,10.);
#1351=VECTOR('',#5765,10.);
#1352=VECTOR('',#5766,10.);
#1353=VECTOR('',#5769,10.);
#1354=VECTOR('',#5770,10.);
#1355=VECTOR('',#5771,10.);
#1356=VECTOR('',#5772,10.);
#1357=VECTOR('',#5773,10.);
#1358=VECTOR('',#5774,10.);
#1359=VECTOR('',#5793,10.);
#1360=VECTOR('',#5796,10.);
#1361=VECTOR('',#5801,10.);
#1362=VECTOR('',#5804,10.);
#1363=VECTOR('',#5807,10.);
#1364=VECTOR('',#5810,10.);
#1365=VECTOR('',#5813,10.);
#1366=VECTOR('',#5818,10.);
#1367=VECTOR('',#5827,10.);
#1368=VECTOR('',#5828,10.);
#1369=VECTOR('',#5831,10.);
#1370=VECTOR('',#5836,2.);
#1371=VECTOR('',#5847,10.);
#1372=VECTOR('',#5856,10.);
#1373=VECTOR('',#5865,10.);
#1374=VECTOR('',#5868,10.);
#1375=VECTOR('',#5873,10.);
#1376=VECTOR('',#5876,10.);
#1377=VECTOR('',#5879,10.);
#1378=VECTOR('',#5880,10.);
#1379=VECTOR('',#5887,10.);
#1380=VECTOR('',#5890,10.);
#1381=VECTOR('',#5893,10.);
#1382=VECTOR('',#5898,10.);
#1383=VECTOR('',#5899,10.);
#1384=VECTOR('',#5902,10.);
#1385=VECTOR('',#5905,10.);
#1386=VECTOR('',#5908,10.);
#1387=VECTOR('',#5911,10.);
#1388=VECTOR('',#5912,10.);
#1389=VECTOR('',#5913,10.);
#1390=VECTOR('',#5914,10.);
#1391=VECTOR('',#5915,10.);
#1392=VECTOR('',#5918,10.);
#1393=VECTOR('',#5919,10.);
#1394=VECTOR('',#5920,10.);
#1395=VECTOR('',#5923,10.);
#1396=VECTOR('',#5924,10.);
#1397=VECTOR('',#5927,10.);
#1398=VECTOR('',#5928,10.);
#1399=VECTOR('',#5931,10.);
#1400=VECTOR('',#5934,10.);
#1401=VECTOR('',#5935,10.);
#1402=VECTOR('',#5938,10.);
#1403=VECTOR('',#5939,10.);
#1404=VECTOR('',#5940,10.);
#1405=VECTOR('',#5941,10.);
#1406=VECTOR('',#5942,10.);
#1407=VECTOR('',#5945,10.);
#1408=VECTOR('',#5948,10.);
#1409=VECTOR('',#5951,10.);
#1410=VECTOR('',#5954,10.);
#1411=VECTOR('',#5955,10.);
#1412=VECTOR('',#5956,10.);
#1413=VECTOR('',#5957,10.);
#1414=VECTOR('',#5960,10.);
#1415=VECTOR('',#5963,10.);
#1416=VECTOR('',#5966,10.);
#1417=VECTOR('',#5967,10.);
#1418=VECTOR('',#5970,10.);
#1419=VECTOR('',#5973,10.);
#1420=VECTOR('',#5974,10.);
#1421=VECTOR('',#5975,10.);
#1422=VECTOR('',#5978,10.);
#1423=VECTOR('',#5979,10.);
#1424=VECTOR('',#5980,10.);
#1425=VECTOR('',#5983,10.);
#1426=VECTOR('',#5984,10.);
#1427=VECTOR('',#5987,10.);
#1428=VECTOR('',#5988,10.);
#1429=VECTOR('',#5989,10.);
#1430=VECTOR('',#5990,10.);
#1431=VECTOR('',#5993,10.);
#1432=VECTOR('',#5994,10.);
#1433=VECTOR('',#5995,10.);
#1434=VECTOR('',#5996,10.);
#1435=VECTOR('',#5999,10.);
#1436=VECTOR('',#6000,10.);
#1437=VECTOR('',#6003,10.);
#1438=VECTOR('',#6004,10.);
#1439=VECTOR('',#6007,10.);
#1440=VECTOR('',#6008,10.);
#1441=VECTOR('',#6011,10.);
#1442=VECTOR('',#6012,10.);
#1443=VECTOR('',#6015,10.);
#1444=VECTOR('',#6016,10.);
#1445=VECTOR('',#6019,10.);
#1446=VECTOR('',#6020,10.);
#1447=VECTOR('',#6021,10.);
#1448=VECTOR('',#6022,10.);
#1449=VECTOR('',#6025,10.);
#1450=VECTOR('',#6026,10.);
#1451=VECTOR('',#6029,10.);
#1452=VECTOR('',#6030,10.);
#1453=VECTOR('',#6033,10.);
#1454=VECTOR('',#6034,10.);
#1455=VECTOR('',#6035,10.);
#1456=VECTOR('',#6036,10.);
#1457=VECTOR('',#6039,10.);
#1458=VECTOR('',#6040,10.);
#1459=VECTOR('',#6043,10.);
#1460=VECTOR('',#6044,10.);
#1461=VECTOR('',#6047,10.);
#1462=VECTOR('',#6048,10.);
#1463=VECTOR('',#6051,10.);
#1464=VECTOR('',#6052,10.);
#1465=VECTOR('',#6053,10.);
#1466=VECTOR('',#6056,10.);
#1467=VECTOR('',#6057,10.);
#1468=VECTOR('',#6060,10.);
#1469=VECTOR('',#6061,10.);
#1470=VECTOR('',#6062,10.);
#1471=VECTOR('',#6063,10.);
#1472=VECTOR('',#6066,10.);
#1473=VECTOR('',#6067,10.);
#1474=VECTOR('',#6070,10.);
#1475=VECTOR('',#6071,10.);
#1476=VECTOR('',#6074,10.);
#1477=VECTOR('',#6075,10.);
#1478=VECTOR('',#6076,10.);
#1479=VECTOR('',#6079,10.);
#1480=VECTOR('',#6084,10.);
#1481=VECTOR('',#6085,10.);
#1482=VECTOR('',#6096,10.);
#1483=VECTOR('',#6099,10.);
#1484=VECTOR('',#6116,10.);
#1485=VECTOR('',#6119,10.);
#1486=VECTOR('',#6136,10.);
#1487=VECTOR('',#6137,10.);
#1488=VECTOR('',#6140,10.);
#1489=VECTOR('',#6141,10.);
#1490=VECTOR('',#6152,10.);
#1491=VECTOR('',#6155,10.);
#1492=VECTOR('',#6156,10.);
#1493=VECTOR('',#6161,10.);
#1494=VECTOR('',#6164,10.);
#1495=VECTOR('',#6165,0.499999999999986);
#1496=VECTOR('',#6166,10.);
#1497=VECTOR('',#6171,10.);
#1498=VECTOR('',#6176,10.);
#1499=VECTOR('',#6177,10.);
#1500=VECTOR('',#6178,10.);
#1501=VECTOR('',#6185,10.);
#1502=VECTOR('',#6212,10.);
#1503=VECTOR('',#6221,10.);
#1504=VECTOR('',#6228,10.);
#1505=VECTOR('',#6231,10.);
#1506=VECTOR('',#6234,0.3);
#1507=VECTOR('',#6235,10.);
#1508=VECTOR('',#6236,0.5);
#1509=VECTOR('',#6243,10.);
#1510=VECTOR('',#6252,10.);
#1511=VECTOR('',#6259,10.);
#1512=VECTOR('',#6278,0.5);
#1513=VECTOR('',#6281,0.5);
#1514=VECTOR('',#6284,10.);
#1515=VECTOR('',#6285,0.5);
#1516=VECTOR('',#6290,0.5);
#1517=VECTOR('',#6309,0.5);
#1518=VECTOR('',#6312,0.5);
#1519=VECTOR('',#6315,10.);
#1520=VECTOR('',#6316,0.5);
#1521=VECTOR('',#6321,10.);
#1522=VECTOR('',#6340,10.);
#1523=VECTOR('',#6351,10.);
#1524=VECTOR('',#6352,10.);
#1525=VECTOR('',#6353,10.);
#1526=VECTOR('',#6358,10.);
#1527=VECTOR('',#6359,10.);
#1528=VECTOR('',#6396,10.);
#1529=VECTOR('',#6399,10.);
#1530=VECTOR('',#6400,10.);
#1531=VECTOR('',#6401,10.);
#1532=VECTOR('',#6404,10.);
#1533=VECTOR('',#6411,0.500000000000002);
#1534=VECTOR('',#6414,10.);
#1535=VECTOR('',#6417,10.);
#1536=VECTOR('',#6422,10.);
#1537=VECTOR('',#6427,0.499999999999999);
#1538=VECTOR('',#6430,10.);
#1539=VECTOR('',#6433,10.);
#1540=VECTOR('',#6438,10.);
#1541=VECTOR('',#6443,0.499999999999998);
#1542=VECTOR('',#6448,10.);
#1543=VECTOR('',#6453,10.);
#1544=VECTOR('',#6456,10.);
#1545=VECTOR('',#6469,10.);
#1546=VECTOR('',#6472,10.);
#1547=VECTOR('',#6487,10.);
#1548=VECTOR('',#6490,10.);
#1549=VECTOR('',#6493,10.);
#1550=CIRCLE('',#4704,0.1);
#1551=CIRCLE('',#4705,0.1);
#1552=CIRCLE('',#4707,0.1);
#1553=CIRCLE('',#4708,0.0999999999999979);
#1554=CIRCLE('',#4710,0.4);
#1555=CIRCLE('',#4711,0.4);
#1556=CIRCLE('',#4712,0.1);
#1557=CIRCLE('',#4713,0.5);
#1558=CIRCLE('',#4715,0.4);
#1559=CIRCLE('',#4716,0.4);
#1560=CIRCLE('',#4718,0.0999999999999979);
#1561=CIRCLE('',#4719,0.5);
#1562=CIRCLE('',#4721,0.299999999999994);
#1563=CIRCLE('',#4722,0.3);
#1564=CIRCLE('',#4724,0.300000000000011);
#1565=CIRCLE('',#4725,0.299999999999994);
#1566=CIRCLE('',#4726,0.299999999999994);
#1567=CIRCLE('',#4727,0.5);
#1568=CIRCLE('',#4728,0.2);
#1569=CIRCLE('',#4730,0.299999999999994);
#1570=CIRCLE('',#4731,0.300000000000007);
#1571=CIRCLE('',#4732,0.2);
#1572=CIRCLE('',#4733,0.299999999999994);
#1573=CIRCLE('',#4734,0.5);
#1574=CIRCLE('',#4736,0.300000000000011);
#1575=CIRCLE('',#4737,0.299999999999994);
#1576=CIRCLE('',#4738,0.5);
#1577=CIRCLE('',#4739,0.2);
#1578=CIRCLE('',#4741,0.299999999999994);
#1579=CIRCLE('',#4743,0.499999999999993);
#1580=CIRCLE('',#4744,0.799999999999993);
#1581=CIRCLE('',#4746,0.299999999999999);
#1582=CIRCLE('',#4748,0.299999999999999);
#1583=CIRCLE('',#4750,0.299999999999999);
#1584=CIRCLE('',#4752,0.200000000000031);
#1585=CIRCLE('',#4753,0.19999999999998);
#1586=CIRCLE('',#4754,0.2);
#1587=CIRCLE('',#4755,0.8);
#1588=CIRCLE('',#4760,0.499999999999993);
#1589=CIRCLE('',#4762,0.5);
#1590=CIRCLE('',#4765,0.5);
#1591=CIRCLE('',#4766,0.6);
#1592=CIRCLE('',#4767,0.500000000000002);
#1593=CIRCLE('',#4768,0.5);
#1594=CIRCLE('',#4769,0.5);
#1595=CIRCLE('',#4770,0.5);
#1596=CIRCLE('',#4772,0.300000000000011);
#1597=CIRCLE('',#4773,0.299999999999994);
#1598=CIRCLE('',#4774,0.3);
#1599=CIRCLE('',#4775,0.2);
#1600=CIRCLE('',#4776,0.5);
#1601=CIRCLE('',#4778,0.3);
#1602=CIRCLE('',#4780,0.300000000000015);
#1603=CIRCLE('',#4781,0.799999999999992);
#1604=CIRCLE('',#4782,0.499999999999992);
#1605=CIRCLE('',#4783,0.3);
#1606=CIRCLE('',#4784,0.2);
#1607=CIRCLE('',#4785,0.5);
#1608=CIRCLE('',#4787,0.300000004470344);
#1609=CIRCLE('',#4789,0.299999999999994);
#1610=CIRCLE('',#4790,0.300000000000011);
#1611=CIRCLE('',#4791,0.2);
#1612=CIRCLE('',#4792,0.5);
#1613=CIRCLE('',#4794,0.299999999999994);
#1614=CIRCLE('',#4795,0.300000000000004);
#1615=CIRCLE('',#4797,0.299999999999999);
#1616=CIRCLE('',#4799,0.3);
#1617=CIRCLE('',#4801,0.499999999999991);
#1618=CIRCLE('',#4806,0.8);
#1619=CIRCLE('',#4807,0.199999999999986);
#1620=CIRCLE('',#4808,0.199999999999996);
#1621=CIRCLE('',#4809,0.2);
#1622=CIRCLE('',#4811,0.300000000000001);
#1623=CIRCLE('',#4815,0.5);
#1624=CIRCLE('',#4818,0.5);
#1625=CIRCLE('',#4819,0.499999999999998);
#1626=CIRCLE('',#4820,0.6);
#1627=CIRCLE('',#4821,0.5);
#1628=CIRCLE('',#4822,0.5);
#1629=CIRCLE('',#4823,0.5);
#1630=CIRCLE('',#4826,0.100000000000122);
#1631=CIRCLE('',#4827,2.);
#1632=CIRCLE('',#4828,0.100000000000016);
#1633=CIRCLE('',#4829,1.9);
#1634=CIRCLE('',#4831,0.100000000000016);
#1635=CIRCLE('',#4833,0.3);
#1636=CIRCLE('',#4834,0.299999999999994);
#1637=CIRCLE('',#4836,0.3);
#1638=CIRCLE('',#4838,0.499999999999986);
#1639=CIRCLE('',#4840,2.);
#1640=CIRCLE('',#4847,0.4);
#1641=CIRCLE('',#4848,0.5);
#1642=CIRCLE('',#4851,0.5);
#1643=CIRCLE('',#4852,0.100000000000051);
#1644=CIRCLE('',#4854,0.0999999999999979);
#1645=CIRCLE('',#4855,0.0999999999999801);
#1646=CIRCLE('',#4857,1.9);
#1647=CIRCLE('',#4858,0.0999999999999712);
#1648=CIRCLE('',#4859,2.);
#1649=CIRCLE('',#4862,0.5);
#1650=CIRCLE('',#4863,0.5);
#1651=CIRCLE('',#4866,0.5);
#1652=CIRCLE('',#4867,0.5);
#1653=CIRCLE('',#4869,0.300000000000011);
#1654=CIRCLE('',#4870,0.3);
#1655=CIRCLE('',#4873,0.3);
#1656=CIRCLE('',#4875,0.3);
#1657=CIRCLE('',#4876,0.300000000000011);
#1658=CIRCLE('',#4878,0.300000000000011);
#1659=CIRCLE('',#4879,0.299999999999994);
#1660=CIRCLE('',#4881,0.300000000000011);
#1661=CIRCLE('',#4882,0.500000000000007);
#1662=CIRCLE('',#4883,0.3);
#1663=CIRCLE('',#4885,0.4);
#1664=CIRCLE('',#4886,0.100000000000016);
#1665=CIRCLE('',#4887,0.5);
#1666=CIRCLE('',#4888,0.1);
#1667=CIRCLE('',#4890,0.100000000000016);
#1668=CIRCLE('',#4892,0.100000000000016);
#1669=CIRCLE('',#4893,1.9);
#1670=CIRCLE('',#4896,0.100000000000016);
#1671=CIRCLE('',#4897,2.);
#1672=CIRCLE('',#4898,0.100000000000016);
#1673=CIRCLE('',#4899,1.9);
#1674=CIRCLE('',#4901,0.100000000000016);
#1675=CIRCLE('',#4903,0.5);
#1676=CIRCLE('',#4904,0.4);
#1677=CIRCLE('',#4905,0.100000000000016);
#1678=CIRCLE('',#4926,0.299999999999999);
#1679=CIRCLE('',#4927,0.299999999999954);
#1680=CIRCLE('',#4928,0.299999999999999);
#1681=CIRCLE('',#4930,0.299999999999958);
#1682=CIRCLE('',#4931,0.299999999999954);
#1683=CIRCLE('',#4932,0.3);
#1684=CIRCLE('',#4935,0.5);
#1685=CIRCLE('',#4942,0.1);
#1686=CIRCLE('',#4944,0.4);
#1687=CIRCLE('',#4946,0.5);
#1688=CIRCLE('',#4950,0.300000000000011);
#1689=CIRCLE('',#4951,0.5);
#1690=CIRCLE('',#4952,0.300000000000011);
#1691=CIRCLE('',#4953,0.2);
#1692=CIRCLE('',#4955,0.299999999999988);
#1693=CIRCLE('',#4956,0.300000000000011);
#1694=CIRCLE('',#4957,0.2);
#1695=CIRCLE('',#4959,0.300000000000001);
#1696=CIRCLE('',#4961,0.8);
#1697=CIRCLE('',#4965,0.5);
#1698=CIRCLE('',#4966,0.5);
#1699=CIRCLE('',#4972,0.5);
#1700=CIRCLE('',#4977,0.300000000000011);
#1701=CIRCLE('',#5018,0.299999999999999);
#1702=CIRCLE('',#5019,0.299999999999983);
#1703=CIRCLE('',#5020,0.200000000000037);
#1704=CIRCLE('',#5021,0.299999999999963);
#1705=CIRCLE('',#5022,0.5);
#1706=CIRCLE('',#5024,0.299999999999963);
#1707=CIRCLE('',#5025,0.200000000000037);
#1708=CIRCLE('',#5026,0.299999999999971);
#1709=CIRCLE('',#5027,0.5);
#1710=CIRCLE('',#5028,0.299999999999963);
#1711=CIRCLE('',#5029,0.200000000000037);
#1712=CIRCLE('',#5030,0.299999999999963);
#1713=CIRCLE('',#5031,0.5);
#1714=CIRCLE('',#5033,0.299999999999963);
#1715=CIRCLE('',#5034,0.200000000000037);
#1716=CIRCLE('',#5035,0.299999999999951);
#1717=CIRCLE('',#5036,0.5);
#1718=CIRCLE('',#5037,0.299999999999958);
#1719=CIRCLE('',#5038,0.200000000000037);
#1720=CIRCLE('',#5039,0.299999999999958);
#1721=CIRCLE('',#5040,0.5);
#1722=CIRCLE('',#5044,0.3);
#1723=CIRCLE('',#5045,0.299999999999967);
#1724=CIRCLE('',#5047,0.5);
#1725=CIRCLE('',#5050,0.500000000000007);
#1726=CIRCLE('',#5053,0.499999999999986);
#1727=CIRCLE('',#5054,0.499999999999986);
#1728=CIRCLE('',#5057,0.5);
#1729=CIRCLE('',#5058,0.5);
#1730=CIRCLE('',#5060,0.300000000000002);
#1731=CIRCLE('',#5061,0.3);
#1732=CIRCLE('',#5062,0.300000000000011);
#1733=CIRCLE('',#5064,0.3);
#1734=CIRCLE('',#5065,0.300000000000011);
#1735=CIRCLE('',#5068,0.8);
#1736=CIRCLE('',#5069,0.300000000000011);
#1737=CIRCLE('',#5071,0.300000000000011);
#1738=CIRCLE('',#5072,0.300000000000011);
#1739=CIRCLE('',#5073,0.199999999999986);
#1740=CIRCLE('',#5075,0.300000000000011);
#1741=CIRCLE('',#5076,0.300000000000011);
#1742=CIRCLE('',#5077,0.2);
#1743=CIRCLE('',#5079,0.300000000000011);
#1744=CIRCLE('',#5084,0.5);
#1745=CIRCLE('',#5086,0.299999999999994);
#1746=CIRCLE('',#5092,0.500000000000002);
#1747=CIRCLE('',#5093,0.299999999999963);
#1748=CIRCLE('',#5094,0.799999999999965);
#1749=CIRCLE('',#5096,0.799999999999965);
#1750=CIRCLE('',#5097,0.299999999999963);
#1751=CIRCLE('',#5098,0.500000000000002);
#1752=CIRCLE('',#5100,0.5);
#1753=CIRCLE('',#5103,0.5);
#1754=CIRCLE('',#5105,0.299999999999963);
#1755=CIRCLE('',#5106,0.799999999999962);
#1756=CIRCLE('',#5107,0.499999999999999);
#1757=CIRCLE('',#5109,0.799999999999961);
#1758=CIRCLE('',#5110,0.299999999999963);
#1759=CIRCLE('',#5111,0.499999999999998);
#1760=CIRCLE('',#5113,0.5);
#1761=CIRCLE('',#5116,0.5);
#1762=CIRCLE('',#5118,0.299999999999963);
#1763=CIRCLE('',#5119,0.799999999999961);
#1764=CIRCLE('',#5120,0.499999999999998);
#1765=CIRCLE('',#5122,0.3);
#1766=CIRCLE('',#5123,0.6);
#1767=CIRCLE('',#5124,0.3);
#1768=CIRCLE('',#5126,0.6);
#1769=CIRCLE('',#5128,0.3);
#1770=CIRCLE('',#5129,0.3);
#1771=CIRCLE('',#5131,0.799999999999961);
#1772=CIRCLE('',#5132,0.200000000000037);
#1773=CIRCLE('',#5134,0.299999999999958);
#1774=CIRCLE('',#5135,0.299999999999963);
#1775=CIRCLE('',#5136,0.3);
#1776=CIRCLE('',#5139,0.300000000000011);
#1777=CIRCLE('',#5140,0.299999999999994);
#1778=CIRCLE('',#5142,0.300000000000011);
#1779=CIRCLE('',#5143,0.300000000000007);
#1780=CIRCLE('',#5145,0.300000000000008);
#1781=CIRCLE('',#5146,0.300000000000011);
#1782=CIRCLE('',#5148,0.300000000000011);
#1783=CIRCLE('',#5153,0.3);
#1784=CIRCLE('',#5158,0.500000000000002);
#1785=CIRCLE('',#5160,0.499999999999999);
#1786=CIRCLE('',#5164,0.499999999999998);
#1787=CIRCLE('',#5166,0.499999999999998);
#1788=CIRCLE('',#5169,0.299999999999963);
#1789=CIRCLE('',#5171,0.3);
#1790=CIRCLE('',#5174,0.299999999999972);
#1791=CIRCLE('',#5175,0.499999999999998);
#1792=CIRCLE('',#5176,0.299999999999966);
#1793=CIRCLE('',#5177,0.5);
#1794=CIRCLE('',#5184,0.299999999999994);
#1795=CIRCLE('',#5190,0.5);
#1796=VERTEX_POINT('',#6502);
#1797=VERTEX_POINT('',#6503);
#1798=VERTEX_POINT('',#6505);
#1799=VERTEX_POINT('',#6507);
#1800=VERTEX_POINT('',#6511);
#1801=VERTEX_POINT('',#6512);
#1802=VERTEX_POINT('',#6514);
#1803=VERTEX_POINT('',#6516);
#1804=VERTEX_POINT('',#6542);
#1805=VERTEX_POINT('',#6543);
#1806=VERTEX_POINT('',#6554);
#1807=VERTEX_POINT('',#6556);
#1808=VERTEX_POINT('',#6558);
#1809=VERTEX_POINT('',#6562);
#1810=VERTEX_POINT('',#6564);
#1811=VERTEX_POINT('',#6568);
#1812=VERTEX_POINT('',#6570);
#1813=VERTEX_POINT('',#6581);
#1814=VERTEX_POINT('',#6585);
#1815=VERTEX_POINT('',#6586);
#1816=VERTEX_POINT('',#6588);
#1817=VERTEX_POINT('',#6590);
#1818=VERTEX_POINT('',#6594);
#1819=VERTEX_POINT('',#6596);
#1820=VERTEX_POINT('',#6598);
#1821=VERTEX_POINT('',#6610);
#1822=VERTEX_POINT('',#6611);
#1823=VERTEX_POINT('',#6616);
#1824=VERTEX_POINT('',#6617);
#1825=VERTEX_POINT('',#6630);
#1826=VERTEX_POINT('',#6631);
#1827=VERTEX_POINT('',#6633);
#1828=VERTEX_POINT('',#6635);
#1829=VERTEX_POINT('',#6639);
#1830=VERTEX_POINT('',#6640);
#1831=VERTEX_POINT('',#6659);
#1832=VERTEX_POINT('',#6660);
#1833=VERTEX_POINT('',#6665);
#1834=VERTEX_POINT('',#6677);
#1835=VERTEX_POINT('',#6679);
#1836=VERTEX_POINT('',#6683);
#1837=VERTEX_POINT('',#6685);
#1838=VERTEX_POINT('',#6687);
#1839=VERTEX_POINT('',#6689);
#1840=VERTEX_POINT('',#6691);
#1841=VERTEX_POINT('',#6693);
#1842=VERTEX_POINT('',#6695);
#1843=VERTEX_POINT('',#6697);
#1844=VERTEX_POINT('',#6699);
#1845=VERTEX_POINT('',#6701);
#1846=VERTEX_POINT('',#6703);
#1847=VERTEX_POINT('',#6707);
#1848=VERTEX_POINT('',#6711);
#1849=VERTEX_POINT('',#6715);
#1850=VERTEX_POINT('',#6719);
#1851=VERTEX_POINT('',#6724);
#1852=VERTEX_POINT('',#6726);
#1853=VERTEX_POINT('',#6728);
#1854=VERTEX_POINT('',#6730);
#1855=VERTEX_POINT('',#6732);
#1856=VERTEX_POINT('',#6734);
#1857=VERTEX_POINT('',#6736);
#1858=VERTEX_POINT('',#6738);
#1859=VERTEX_POINT('',#6744);
#1860=VERTEX_POINT('',#6745);
#1861=VERTEX_POINT('',#6747);
#1862=VERTEX_POINT('',#6749);
#1863=VERTEX_POINT('',#6761);
#1864=VERTEX_POINT('',#6762);
#1865=VERTEX_POINT('',#6767);
#1866=VERTEX_POINT('',#6768);
#1867=VERTEX_POINT('',#6773);
#1868=VERTEX_POINT('',#6774);
#1869=VERTEX_POINT('',#6787);
#1870=VERTEX_POINT('',#6788);
#1871=VERTEX_POINT('',#6793);
#1872=VERTEX_POINT('',#6794);
#1873=VERTEX_POINT('',#6799);
#1874=VERTEX_POINT('',#6800);
#1875=VERTEX_POINT('',#6802);
#1876=VERTEX_POINT('',#6804);
#1877=VERTEX_POINT('',#6825);
#1878=VERTEX_POINT('',#6827);
#1879=VERTEX_POINT('',#6836);
#1880=VERTEX_POINT('',#6838);
#1881=VERTEX_POINT('',#6842);
#1882=VERTEX_POINT('',#6846);
#1883=VERTEX_POINT('',#6850);
#1884=VERTEX_POINT('',#6852);
#1885=VERTEX_POINT('',#6854);
#1886=VERTEX_POINT('',#6856);
#1887=VERTEX_POINT('',#6858);
#1888=VERTEX_POINT('',#6860);
#1889=VERTEX_POINT('',#6862);
#1890=VERTEX_POINT('',#6864);
#1891=VERTEX_POINT('',#6866);
#1892=VERTEX_POINT('',#6868);
#1893=VERTEX_POINT('',#6870);
#1894=VERTEX_POINT('',#6874);
#1895=VERTEX_POINT('',#6878);
#1896=VERTEX_POINT('',#6883);
#1897=VERTEX_POINT('',#6887);
#1898=VERTEX_POINT('',#6891);
#1899=VERTEX_POINT('',#6893);
#1900=VERTEX_POINT('',#6895);
#1901=VERTEX_POINT('',#6897);
#1902=VERTEX_POINT('',#6899);
#1903=VERTEX_POINT('',#6901);
#1904=VERTEX_POINT('',#6903);
#1905=VERTEX_POINT('',#6909);
#1906=VERTEX_POINT('',#6910);
#1907=VERTEX_POINT('',#6915);
#1908=VERTEX_POINT('',#6920);
#1909=VERTEX_POINT('',#6922);
#1910=VERTEX_POINT('',#6927);
#1911=VERTEX_POINT('',#6934);
#1912=VERTEX_POINT('',#6935);
#1913=VERTEX_POINT('',#6937);
#1914=VERTEX_POINT('',#6939);
#1915=VERTEX_POINT('',#6943);
#1916=VERTEX_POINT('',#6944);
#1917=VERTEX_POINT('',#6949);
#1918=VERTEX_POINT('',#6951);
#1919=VERTEX_POINT('',#6953);
#1920=VERTEX_POINT('',#6959);
#1921=VERTEX_POINT('',#6960);
#1922=VERTEX_POINT('',#6962);
#1923=VERTEX_POINT('',#6964);
#1924=VERTEX_POINT('',#6971);
#1925=VERTEX_POINT('',#6973);
#1926=VERTEX_POINT('',#6977);
#1927=VERTEX_POINT('',#6982);
#1928=VERTEX_POINT('',#6984);
#1929=VERTEX_POINT('',#6995);
#1930=VERTEX_POINT('',#7009);
#1931=VERTEX_POINT('',#7016);
#1932=VERTEX_POINT('',#7027);
#1933=VERTEX_POINT('',#7046);
#1934=VERTEX_POINT('',#7048);
#1935=VERTEX_POINT('',#7052);
#1936=VERTEX_POINT('',#7056);
#1937=VERTEX_POINT('',#7060);
#1938=VERTEX_POINT('',#7062);
#1939=VERTEX_POINT('',#7071);
#1940=VERTEX_POINT('',#7072);
#1941=VERTEX_POINT('',#7074);
#1942=VERTEX_POINT('',#7076);
#1943=VERTEX_POINT('',#7080);
#1944=VERTEX_POINT('',#7082);
#1945=VERTEX_POINT('',#7086);
#1946=VERTEX_POINT('',#7087);
#1947=VERTEX_POINT('',#7092);
#1948=VERTEX_POINT('',#7093);
#1949=VERTEX_POINT('',#7095);
#1950=VERTEX_POINT('',#7097);
#1951=VERTEX_POINT('',#7101);
#1952=VERTEX_POINT('',#7103);
#1953=VERTEX_POINT('',#7110);
#1954=VERTEX_POINT('',#7153);
#1955=VERTEX_POINT('',#7157);
#1956=VERTEX_POINT('',#7158);
#1957=VERTEX_POINT('',#7161);
#1958=VERTEX_POINT('',#7163);
#1959=VERTEX_POINT('',#7172);
#1960=VERTEX_POINT('',#7176);
#1961=VERTEX_POINT('',#7180);
#1962=VERTEX_POINT('',#7182);
#1963=VERTEX_POINT('',#7186);
#1964=VERTEX_POINT('',#7188);
#1965=VERTEX_POINT('',#7190);
#1966=VERTEX_POINT('',#7194);
#1967=VERTEX_POINT('',#7198);
#1968=VERTEX_POINT('',#7200);
#1969=VERTEX_POINT('',#7202);
#1970=VERTEX_POINT('',#7211);
#1971=VERTEX_POINT('',#7212);
#1972=VERTEX_POINT('',#7217);
#1973=VERTEX_POINT('',#7219);
#1974=VERTEX_POINT('',#7224);
#1975=VERTEX_POINT('',#7229);
#1976=VERTEX_POINT('',#7236);
#1977=VERTEX_POINT('',#7237);
#1978=VERTEX_POINT('',#7329);
#1979=VERTEX_POINT('',#7331);
#1980=VERTEX_POINT('',#7333);
#1981=VERTEX_POINT('',#7335);
#1982=VERTEX_POINT('',#7337);
#1983=VERTEX_POINT('',#7344);
#1984=VERTEX_POINT('',#7349);
#1985=VERTEX_POINT('',#7414);
#1986=VERTEX_POINT('',#7416);
#1987=VERTEX_POINT('',#7418);
#1988=VERTEX_POINT('',#7420);
#1989=VERTEX_POINT('',#7425);
#1990=VERTEX_POINT('',#7427);
#1991=VERTEX_POINT('',#7429);
#1992=VERTEX_POINT('',#7434);
#1993=VERTEX_POINT('',#7436);
#1994=VERTEX_POINT('',#7438);
#1995=VERTEX_POINT('',#7443);
#1996=VERTEX_POINT('',#7445);
#1997=VERTEX_POINT('',#7447);
#1998=VERTEX_POINT('',#7452);
#1999=VERTEX_POINT('',#7454);
#2000=VERTEX_POINT('',#7464);
#2001=VERTEX_POINT('',#7465);
#2002=VERTEX_POINT('',#7470);
#2003=VERTEX_POINT('',#7472);
#2004=VERTEX_POINT('',#7477);
#2005=VERTEX_POINT('',#7482);
#2006=VERTEX_POINT('',#7484);
#2007=VERTEX_POINT('',#7489);
#2008=VERTEX_POINT('',#7494);
#2009=VERTEX_POINT('',#7496);
#2010=VERTEX_POINT('',#7498);
#2011=VERTEX_POINT('',#7500);
#2012=VERTEX_POINT('',#7502);
#2013=VERTEX_POINT('',#7504);
#2014=VERTEX_POINT('',#7506);
#2015=VERTEX_POINT('',#7511);
#2016=VERTEX_POINT('',#7516);
#2017=VERTEX_POINT('',#7518);
#2018=VERTEX_POINT('',#7525);
#2019=VERTEX_POINT('',#7526);
#2020=VERTEX_POINT('',#7531);
#2021=VERTEX_POINT('',#7533);
#2022=VERTEX_POINT('',#7535);
#2023=VERTEX_POINT('',#7537);
#2024=VERTEX_POINT('',#7542);
#2025=VERTEX_POINT('',#7547);
#2026=VERTEX_POINT('',#7549);
#2027=VERTEX_POINT('',#7551);
#2028=VERTEX_POINT('',#7558);
#2029=VERTEX_POINT('',#7559);
#2030=VERTEX_POINT('',#7564);
#2031=VERTEX_POINT('',#7569);
#2032=VERTEX_POINT('',#7571);
#2033=VERTEX_POINT('',#7573);
#2034=VERTEX_POINT('',#7575);
#2035=VERTEX_POINT('',#7580);
#2036=VERTEX_POINT('',#7585);
#2037=VERTEX_POINT('',#7587);
#2038=VERTEX_POINT('',#7591);
#2039=VERTEX_POINT('',#7593);
#2040=VERTEX_POINT('',#7597);
#2041=VERTEX_POINT('',#7598);
#2042=VERTEX_POINT('',#7603);
#2043=VERTEX_POINT('',#7612);
#2044=VERTEX_POINT('',#7618);
#2045=VERTEX_POINT('',#7631);
#2046=VERTEX_POINT('',#7640);
#2047=VERTEX_POINT('',#7641);
#2048=VERTEX_POINT('',#7651);
#2049=VERTEX_POINT('',#7660);
#2050=VERTEX_POINT('',#7662);
#2051=VERTEX_POINT('',#7666);
#2052=VERTEX_POINT('',#7667);
#2053=VERTEX_POINT('',#7685);
#2054=VERTEX_POINT('',#7687);
#2055=VERTEX_POINT('',#7689);
#2056=VERTEX_POINT('',#7693);
#2057=VERTEX_POINT('',#7705);
#2058=VERTEX_POINT('',#7709);
#2059=VERTEX_POINT('',#7717);
#2060=VERTEX_POINT('',#7730);
#2061=VERTEX_POINT('',#7732);
#2062=VERTEX_POINT('',#7737);
#2063=VERTEX_POINT('',#7741);
#2064=VERTEX_POINT('',#7750);
#2065=VERTEX_POINT('',#7751);
#2066=VERTEX_POINT('',#7753);
#2067=VERTEX_POINT('',#7755);
#2068=VERTEX_POINT('',#7762);
#2069=VERTEX_POINT('',#7769);
#2070=VERTEX_POINT('',#7771);
#2071=VERTEX_POINT('',#7775);
#2072=VERTEX_POINT('',#7776);
#2073=VERTEX_POINT('',#7788);
#2074=VERTEX_POINT('',#7802);
#2075=VERTEX_POINT('',#7809);
#2076=VERTEX_POINT('',#7820);
#2077=VERTEX_POINT('',#7844);
#2078=VERTEX_POINT('',#7845);
#2079=VERTEX_POINT('',#7857);
#2080=VERTEX_POINT('',#7868);
#2081=VERTEX_POINT('',#7880);
#2082=VERTEX_POINT('',#7889);
#2083=VERTEX_POINT('',#7900);
#2084=VERTEX_POINT('',#7907);
#2085=VERTEX_POINT('',#7918);
#2086=VERTEX_POINT('',#7932);
#2087=VERTEX_POINT('',#7964);
#2088=VERTEX_POINT('',#7985);
#2089=VERTEX_POINT('',#7996);
#2090=VERTEX_POINT('',#8005);
#2091=VERTEX_POINT('',#8014);
#2092=VERTEX_POINT('',#8029);
#2093=VERTEX_POINT('',#8045);
#2094=VERTEX_POINT('',#8083);
#2095=VERTEX_POINT('',#8106);
#2096=VERTEX_POINT('',#8115);
#2097=VERTEX_POINT('',#8124);
#2098=VERTEX_POINT('',#8135);
#2099=VERTEX_POINT('',#8147);
#2100=VERTEX_POINT('',#8156);
#2101=VERTEX_POINT('',#8179);
#2102=VERTEX_POINT('',#8180);
#2103=VERTEX_POINT('',#8188);
#2104=VERTEX_POINT('',#8199);
#2105=VERTEX_POINT('',#8211);
#2106=VERTEX_POINT('',#8222);
#2107=VERTEX_POINT('',#8229);
#2108=VERTEX_POINT('',#8240);
#2109=VERTEX_POINT('',#8254);
#2110=VERTEX_POINT('',#8261);
#2111=VERTEX_POINT('',#8272);
#2112=VERTEX_POINT('',#8286);
#2113=VERTEX_POINT('',#8293);
#2114=VERTEX_POINT('',#8297);
#2115=VERTEX_POINT('',#8301);
#2116=VERTEX_POINT('',#8305);
#2117=VERTEX_POINT('',#8309);
#2118=VERTEX_POINT('',#8313);
#2119=VERTEX_POINT('',#8336);
#2120=VERTEX_POINT('',#8337);
#2121=VERTEX_POINT('',#8345);
#2122=VERTEX_POINT('',#8349);
#2123=VERTEX_POINT('',#8353);
#2124=VERTEX_POINT('',#8364);
#2125=VERTEX_POINT('',#8378);
#2126=VERTEX_POINT('',#8385);
#2127=VERTEX_POINT('',#8389);
#2128=VERTEX_POINT('',#8393);
#2129=VERTEX_POINT('',#8409);
#2130=VERTEX_POINT('',#8410);
#2131=VERTEX_POINT('',#8415);
#2132=VERTEX_POINT('',#8419);
#2133=VERTEX_POINT('',#8430);
#2134=VERTEX_POINT('',#8444);
#2135=VERTEX_POINT('',#8451);
#2136=VERTEX_POINT('',#8455);
#2137=VERTEX_POINT('',#8459);
#2138=VERTEX_POINT('',#8470);
#2139=VERTEX_POINT('',#8491);
#2140=VERTEX_POINT('',#8492);
#2141=VERTEX_POINT('',#8505);
#2142=VERTEX_POINT('',#8506);
#2143=VERTEX_POINT('',#8508);
#2144=VERTEX_POINT('',#8510);
#2145=VERTEX_POINT('',#8514);
#2146=VERTEX_POINT('',#8516);
#2147=VERTEX_POINT('',#8528);
#2148=VERTEX_POINT('',#8530);
#2149=VERTEX_POINT('',#8542);
#2150=VERTEX_POINT('',#8543);
#2151=VERTEX_POINT('',#8545);
#2152=VERTEX_POINT('',#8547);
#2153=VERTEX_POINT('',#8551);
#2154=VERTEX_POINT('',#8553);
#2155=VERTEX_POINT('',#8565);
#2156=VERTEX_POINT('',#8567);
#2157=VERTEX_POINT('',#8579);
#2158=VERTEX_POINT('',#8580);
#2159=VERTEX_POINT('',#8582);
#2160=VERTEX_POINT('',#8584);
#2161=VERTEX_POINT('',#8591);
#2162=VERTEX_POINT('',#8598);
#2163=VERTEX_POINT('',#8602);
#2164=VERTEX_POINT('',#8606);
#2165=VERTEX_POINT('',#8610);
#2166=VERTEX_POINT('',#8612);
#2167=VERTEX_POINT('',#8616);
#2168=VERTEX_POINT('',#8618);
#2169=VERTEX_POINT('',#8622);
#2170=VERTEX_POINT('',#8624);
#2171=VERTEX_POINT('',#8628);
#2172=VERTEX_POINT('',#8630);
#2173=VERTEX_POINT('',#8634);
#2174=VERTEX_POINT('',#8643);
#2175=VERTEX_POINT('',#8647);
#2176=VERTEX_POINT('',#8659);
#2177=VERTEX_POINT('',#8663);
#2178=VERTEX_POINT('',#8675);
#2179=VERTEX_POINT('',#8679);
#2180=VERTEX_POINT('',#8681);
#2181=VERTEX_POINT('',#8685);
#2182=VERTEX_POINT('',#8687);
#2183=VERTEX_POINT('',#8714);
#2184=VERTEX_POINT('',#8716);
#2185=VERTEX_POINT('',#8720);
#2186=VERTEX_POINT('',#8722);
#2187=VERTEX_POINT('',#8726);
#2188=VERTEX_POINT('',#8728);
#2189=VERTEX_POINT('',#8732);
#2190=VERTEX_POINT('',#8736);
#2191=VERTEX_POINT('',#8740);
#2192=VERTEX_POINT('',#8741);
#2193=VERTEX_POINT('',#8746);
#2194=VERTEX_POINT('',#8748);
#2195=VERTEX_POINT('',#8752);
#2196=VERTEX_POINT('',#8754);
#2197=VERTEX_POINT('',#8758);
#2198=VERTEX_POINT('',#8762);
#2199=VERTEX_POINT('',#8766);
#2200=VERTEX_POINT('',#8767);
#2201=VERTEX_POINT('',#8772);
#2202=VERTEX_POINT('',#8773);
#2203=VERTEX_POINT('',#8778);
#2204=VERTEX_POINT('',#8782);
#2205=VERTEX_POINT('',#8788);
#2206=VERTEX_POINT('',#8790);
#2207=VERTEX_POINT('',#8792);
#2208=VERTEX_POINT('',#8794);
#2209=VERTEX_POINT('',#8799);
#2210=VERTEX_POINT('',#8845);
#2211=VERTEX_POINT('',#8847);
#2212=VERTEX_POINT('',#8851);
#2213=VERTEX_POINT('',#8866);
#2214=VERTEX_POINT('',#8870);
#2215=VERTEX_POINT('',#8878);
#2216=VERTEX_POINT('',#8882);
#2217=VERTEX_POINT('',#8888);
#2218=VERTEX_POINT('',#8892);
#2219=VERTEX_POINT('',#8898);
#2220=VERTEX_POINT('',#8910);
#2221=VERTEX_POINT('',#8916);
#2222=EDGE_CURVE('',#1796,#1797,#1550,.T.);
#2223=EDGE_CURVE('',#1797,#1798,#894,.T.);
#2224=EDGE_CURVE('',#1799,#1798,#1551,.T.);
#2225=EDGE_CURVE('',#1796,#1799,#895,.T.);
#2226=EDGE_CURVE('',#1800,#1801,#1552,.T.);
#2227=EDGE_CURVE('',#1802,#1800,#896,.T.);
#2228=EDGE_CURVE('',#1803,#1802,#1553,.T.);
#2229=EDGE_CURVE('',#1801,#1803,#897,.T.);
#2230=EDGE_CURVE('',#1801,#1797,#1554,.T.);
#2231=EDGE_CURVE('',#1798,#1803,#1555,.T.);
#2232=EDGE_CURVE('',#1804,#1805,#129,.T.);
#2233=EDGE_CURVE('',#1804,#1806,#898,.T.);
#2234=EDGE_CURVE('',#1807,#1806,#1556,.T.);
#2235=EDGE_CURVE('',#1808,#1807,#899,.T.);
#2236=EDGE_CURVE('',#1805,#1808,#1557,.T.);
#2237=EDGE_CURVE('',#1809,#1804,#1558,.T.);
#2238=EDGE_CURVE('',#1810,#1809,#900,.T.);
#2239=EDGE_CURVE('',#1806,#1810,#1559,.T.);
#2240=EDGE_CURVE('',#1810,#1811,#1560,.T.);
#2241=EDGE_CURVE('',#1812,#1809,#130,.T.);
#2242=EDGE_CURVE('',#1813,#1812,#1561,.T.);
#2243=EDGE_CURVE('',#1811,#1813,#901,.T.);
#2244=EDGE_CURVE('',#1814,#1815,#1562,.T.);
#2245=EDGE_CURVE('',#1815,#1816,#902,.T.);
#2246=EDGE_CURVE('',#1816,#1817,#1563,.T.);
#2247=EDGE_CURVE('',#1817,#1814,#903,.T.);
#2248=EDGE_CURVE('',#1818,#1814,#1564,.T.);
#2249=EDGE_CURVE('',#1814,#1819,#904,.T.);
#2250=EDGE_CURVE('',#1819,#1820,#1565,.T.);
#2251=EDGE_CURVE('',#1820,#1818,#905,.T.);
#2252=EDGE_CURVE('',#1821,#1822,#1566,.T.);
#2253=EDGE_CURVE('',#1822,#1820,#1567,.T.);
#2254=EDGE_CURVE('',#1819,#1821,#1568,.T.);
#2255=EDGE_CURVE('',#1823,#1824,#1569,.T.);
#2256=EDGE_CURVE('',#1824,#1822,#906,.T.);
#2257=EDGE_CURVE('',#1821,#1823,#907,.T.);
#2258=EDGE_CURVE('',#1825,#1826,#1570,.T.);
#2259=EDGE_CURVE('',#1826,#1827,#1571,.T.);
#2260=EDGE_CURVE('',#1827,#1828,#1572,.T.);
#2261=EDGE_CURVE('',#1828,#1825,#1573,.T.);
#2262=EDGE_CURVE('',#1829,#1830,#1574,.T.);
#2263=EDGE_CURVE('',#1830,#1828,#908,.T.);
#2264=EDGE_CURVE('',#1827,#1829,#909,.T.);
#2265=EDGE_CURVE('',#1831,#1832,#1575,.T.);
#2266=EDGE_CURVE('',#1832,#1830,#1576,.T.);
#2267=EDGE_CURVE('',#1829,#1831,#1577,.T.);
#2268=EDGE_CURVE('',#1817,#1833,#1578,.T.);
#2269=EDGE_CURVE('',#1833,#1832,#910,.T.);
#2270=EDGE_CURVE('',#1831,#1817,#911,.T.);
#2271=EDGE_CURVE('',#1825,#1824,#1579,.T.);
#2272=EDGE_CURVE('',#1823,#1826,#1580,.T.);
#2273=EDGE_CURVE('',#1816,#1833,#1581,.T.);
#2274=EDGE_CURVE('',#1818,#1815,#1582,.T.);
#2275=EDGE_CURVE('',#1818,#1834,#912,.T.);
#2276=EDGE_CURVE('',#1835,#1834,#1583,.T.);
#2277=EDGE_CURVE('',#1835,#1815,#913,.T.);
#2278=EDGE_CURVE('',#1836,#1820,#914,.T.);
#2279=EDGE_CURVE('',#1837,#1836,#915,.T.);
#2280=EDGE_CURVE('',#1838,#1837,#916,.T.);
#2281=EDGE_CURVE('',#1839,#1838,#917,.T.);
#2282=EDGE_CURVE('',#1840,#1839,#918,.T.);
#2283=EDGE_CURVE('',#1841,#1840,#1584,.T.);
#2284=EDGE_CURVE('',#1842,#1841,#919,.T.);
#2285=EDGE_CURVE('',#1843,#1842,#1585,.T.);
#2286=EDGE_CURVE('',#1844,#1843,#920,.T.);
#2287=EDGE_CURVE('',#1845,#1844,#1586,.T.);
#2288=EDGE_CURVE('',#1846,#1845,#921,.T.);
#2289=EDGE_CURVE('',#1834,#1846,#1587,.T.);
#2290=EDGE_CURVE('',#1822,#1847,#922,.T.);
#2291=EDGE_CURVE('',#1847,#1836,#23,.F.);
#2292=EDGE_CURVE('',#1848,#1824,#923,.T.);
#2293=EDGE_CURVE('',#1847,#1848,#924,.T.);
#2294=EDGE_CURVE('',#1849,#1825,#925,.T.);
#2295=EDGE_CURVE('',#1848,#1849,#1588,.T.);
#2296=EDGE_CURVE('',#1828,#1850,#926,.T.);
#2297=EDGE_CURVE('',#1850,#1849,#1589,.F.);
#2298=EDGE_CURVE('',#1850,#1851,#927,.T.);
#2299=EDGE_CURVE('',#1852,#1851,#1590,.F.);
#2300=EDGE_CURVE('',#1852,#1853,#928,.F.);
#2301=EDGE_CURVE('',#1854,#1853,#1591,.T.);
#2302=EDGE_CURVE('',#1855,#1854,#929,.T.);
#2303=EDGE_CURVE('',#1855,#1856,#1592,.T.);
#2304=EDGE_CURVE('',#1857,#1856,#1593,.F.);
#2305=EDGE_CURVE('',#1858,#1857,#930,.T.);
#2306=EDGE_CURVE('',#1847,#1858,#931,.T.);
#2307=EDGE_CURVE('',#1812,#1805,#1594,.T.);
#2308=EDGE_CURVE('',#1807,#1811,#1595,.T.);
#2309=EDGE_CURVE('',#1859,#1860,#1596,.T.);
#2310=EDGE_CURVE('',#1860,#1861,#932,.T.);
#2311=EDGE_CURVE('',#1861,#1862,#1597,.T.);
#2312=EDGE_CURVE('',#1862,#1859,#933,.T.);
#2313=EDGE_CURVE('',#1863,#1864,#1598,.T.);
#2314=EDGE_CURVE('',#1864,#1860,#1599,.T.);
#2315=EDGE_CURVE('',#1859,#1863,#1600,.T.);
#2316=EDGE_CURVE('',#1865,#1866,#1601,.T.);
#2317=EDGE_CURVE('',#1866,#1864,#934,.T.);
#2318=EDGE_CURVE('',#1863,#1865,#935,.T.);
#2319=EDGE_CURVE('',#1867,#1868,#1602,.T.);
#2320=EDGE_CURVE('',#1868,#1866,#1603,.T.);
#2321=EDGE_CURVE('',#1865,#1867,#1604,.T.);
#2322=EDGE_CURVE('',#1869,#1870,#1605,.T.);
#2323=EDGE_CURVE('',#1870,#1868,#1606,.T.);
#2324=EDGE_CURVE('',#1867,#1869,#1607,.T.);
#2325=EDGE_CURVE('',#1871,#1872,#1608,.T.);
#2326=EDGE_CURVE('',#1872,#1870,#936,.T.);
#2327=EDGE_CURVE('',#1869,#1871,#937,.T.);
#2328=EDGE_CURVE('',#1873,#1874,#1609,.T.);
#2329=EDGE_CURVE('',#1874,#1875,#938,.T.);
#2330=EDGE_CURVE('',#1875,#1876,#1610,.T.);
#2331=EDGE_CURVE('',#1876,#1873,#939,.T.);
#2332=EDGE_CURVE('',#1873,#1872,#1611,.T.);
#2333=EDGE_CURVE('',#1871,#1874,#1612,.T.);
#2334=EDGE_CURVE('',#1876,#1877,#1613,.T.);
#2335=EDGE_CURVE('',#1877,#1878,#940,.T.);
#2336=EDGE_CURVE('',#1878,#1861,#1614,.T.);
#2337=EDGE_CURVE('',#1861,#1876,#941,.T.);
#2338=EDGE_CURVE('',#1875,#1877,#1615,.T.);
#2339=EDGE_CURVE('',#1878,#1862,#1616,.T.);
#2340=EDGE_CURVE('',#1865,#1879,#942,.T.);
#2341=EDGE_CURVE('',#1880,#1879,#1617,.T.);
#2342=EDGE_CURVE('',#1867,#1880,#943,.T.);
#2343=EDGE_CURVE('',#1881,#1863,#944,.T.);
#2344=EDGE_CURVE('',#1881,#1879,#945,.T.);
#2345=EDGE_CURVE('',#1859,#1882,#946,.T.);
#2346=EDGE_CURVE('',#1882,#1881,#24,.F.);
#2347=EDGE_CURVE('',#1883,#1862,#947,.T.);
#2348=EDGE_CURVE('',#1884,#1883,#1618,.T.);
#2349=EDGE_CURVE('',#1885,#1884,#948,.T.);
#2350=EDGE_CURVE('',#1886,#1885,#1619,.T.);
#2351=EDGE_CURVE('',#1887,#1886,#949,.T.);
#2352=EDGE_CURVE('',#1888,#1887,#1620,.T.);
#2353=EDGE_CURVE('',#1889,#1888,#950,.T.);
#2354=EDGE_CURVE('',#1890,#1889,#1621,.T.);
#2355=EDGE_CURVE('',#1891,#1890,#951,.T.);
#2356=EDGE_CURVE('',#1892,#1891,#952,.T.);
#2357=EDGE_CURVE('',#1893,#1892,#953,.T.);
#2358=EDGE_CURVE('',#1882,#1893,#954,.T.);
#2359=EDGE_CURVE('',#1878,#1894,#955,.T.);
#2360=EDGE_CURVE('',#1894,#1883,#1622,.T.);
#2361=EDGE_CURVE('',#1877,#1895,#956,.T.);
#2362=EDGE_CURVE('',#1895,#1894,#957,.T.);
#2363=EDGE_CURVE('',#1880,#1896,#1623,.F.);
#2364=EDGE_CURVE('',#1896,#1869,#958,.T.);
#2365=EDGE_CURVE('',#1897,#1896,#959,.T.);
#2366=EDGE_CURVE('',#1871,#1897,#960,.T.);
#2367=EDGE_CURVE('',#1898,#1881,#961,.T.);
#2368=EDGE_CURVE('',#1898,#1899,#962,.T.);
#2369=EDGE_CURVE('',#1900,#1899,#1624,.F.);
#2370=EDGE_CURVE('',#1900,#1901,#1625,.T.);
#2371=EDGE_CURVE('',#1902,#1901,#963,.T.);
#2372=EDGE_CURVE('',#1903,#1902,#1626,.T.);
#2373=EDGE_CURVE('',#1904,#1903,#964,.T.);
#2374=EDGE_CURVE('',#1904,#1897,#1627,.T.);
#2375=EDGE_CURVE('',#1799,#1802,#1628,.T.);
#2376=EDGE_CURVE('',#1800,#1796,#1629,.T.);
#2377=EDGE_CURVE('',#1905,#1906,#131,.T.);
#2378=EDGE_CURVE('',#1906,#1907,#132,.T.);
#2379=EDGE_CURVE('',#1907,#1908,#965,.T.);
#2380=EDGE_CURVE('',#1908,#1909,#133,.T.);
#2381=EDGE_CURVE('',#1909,#1910,#134,.T.);
#2382=EDGE_CURVE('',#1910,#1905,#966,.T.);
#2383=EDGE_CURVE('',#1911,#1912,#1630,.T.);
#2384=EDGE_CURVE('',#1912,#1913,#1631,.T.);
#2385=EDGE_CURVE('',#1914,#1913,#1632,.T.);
#2386=EDGE_CURVE('',#1914,#1911,#1633,.T.);
#2387=EDGE_CURVE('',#1915,#1916,#1634,.T.);
#2388=EDGE_CURVE('',#1916,#1912,#967,.T.);
#2389=EDGE_CURVE('',#1911,#1915,#968,.T.);
#2390=EDGE_CURVE('',#1835,#1917,#1635,.T.);
#2391=EDGE_CURVE('',#1917,#1918,#969,.T.);
#2392=EDGE_CURVE('',#1918,#1919,#1636,.F.);
#2393=EDGE_CURVE('',#1919,#1835,#970,.T.);
#2394=EDGE_CURVE('',#1834,#1917,#1637,.T.);
#2395=EDGE_CURVE('',#1920,#1921,#971,.T.);
#2396=EDGE_CURVE('',#1920,#1922,#1638,.F.);
#2397=EDGE_CURVE('',#1922,#1923,#972,.T.);
#2398=EDGE_CURVE('',#1921,#1923,#135,.F.);
#2399=EDGE_CURVE('',#1912,#1924,#973,.T.);
#2400=EDGE_CURVE('',#1925,#1924,#1639,.T.);
#2401=EDGE_CURVE('',#1925,#1913,#974,.T.);
#2402=EDGE_CURVE('',#1923,#1926,#25,.F.);
#2403=EDGE_CURVE('',#1926,#1914,#975,.T.);
#2404=EDGE_CURVE('',#1913,#1921,#976,.T.);
#2405=EDGE_CURVE('',#1907,#1927,#977,.T.);
#2406=EDGE_CURVE('',#1927,#1928,#978,.T.);
#2407=EDGE_CURVE('',#1908,#1928,#979,.T.);
#2408=EDGE_CURVE('',#1928,#1929,#136,.T.);
#2409=EDGE_CURVE('',#1909,#1929,#980,.T.);
#2410=EDGE_CURVE('',#1929,#1930,#137,.T.);
#2411=EDGE_CURVE('',#1910,#1930,#981,.T.);
#2412=EDGE_CURVE('',#1930,#1931,#982,.T.);
#2413=EDGE_CURVE('',#1905,#1931,#983,.T.);
#2414=EDGE_CURVE('',#1931,#1932,#138,.T.);
#2415=EDGE_CURVE('',#1906,#1932,#984,.T.);
#2416=EDGE_CURVE('',#1932,#1927,#139,.T.);
#2417=EDGE_CURVE('',#1933,#1922,#985,.T.);
#2418=EDGE_CURVE('',#1934,#1933,#986,.T.);
#2419=EDGE_CURVE('',#1934,#1926,#987,.T.);
#2420=EDGE_CURVE('',#1915,#1935,#1640,.T.);
#2421=EDGE_CURVE('',#1935,#1934,#1641,.F.);
#2422=EDGE_CURVE('',#1936,#1916,#988,.T.);
#2423=EDGE_CURVE('',#1924,#1936,#989,.T.);
#2424=EDGE_CURVE('',#1937,#1916,#1642,.T.);
#2425=EDGE_CURVE('',#1938,#1935,#140,.T.);
#2426=EDGE_CURVE('',#1938,#1937,#1643,.T.);
#2427=EDGE_CURVE('',#1939,#1940,#1644,.T.);
#2428=EDGE_CURVE('',#1940,#1941,#990,.T.);
#2429=EDGE_CURVE('',#1942,#1941,#1645,.T.);
#2430=EDGE_CURVE('',#1942,#1939,#991,.T.);
#2431=EDGE_CURVE('',#1941,#1943,#1646,.T.);
#2432=EDGE_CURVE('',#1944,#1943,#1647,.T.);
#2433=EDGE_CURVE('',#1944,#1942,#1648,.T.);
#2434=EDGE_CURVE('',#1945,#1946,#992,.T.);
#2435=EDGE_CURVE('',#1939,#1945,#993,.T.);
#2436=EDGE_CURVE('',#1946,#1942,#994,.T.);
#2437=EDGE_CURVE('',#1947,#1948,#1649,.T.);
#2438=EDGE_CURVE('',#1947,#1949,#995,.T.);
#2439=EDGE_CURVE('',#1950,#1949,#1650,.T.);
#2440=EDGE_CURVE('',#1950,#1948,#996,.T.);
#2441=EDGE_CURVE('',#1951,#1950,#997,.T.);
#2442=EDGE_CURVE('',#1952,#1951,#998,.T.);
#2443=EDGE_CURVE('',#1948,#1952,#999,.T.);
#2444=EDGE_CURVE('',#1952,#1917,#1651,.T.);
#2445=EDGE_CURVE('',#1918,#1951,#1652,.T.);
#2446=EDGE_CURVE('',#1953,#1918,#1653,.F.);
#2447=EDGE_CURVE('',#1919,#1953,#1654,.F.);
#2448=EDGE_CURVE('',#1816,#1919,#1000,.T.);
#2449=EDGE_CURVE('',#1952,#1846,#1655,.T.);
#2450=EDGE_CURVE('',#1948,#1845,#1656,.T.);
#2451=EDGE_CURVE('',#1844,#1947,#1657,.T.);
#2452=EDGE_CURVE('',#1843,#1920,#1658,.T.);
#2453=EDGE_CURVE('',#1920,#1947,#1001,.T.);
#2454=EDGE_CURVE('',#1922,#1842,#1659,.T.);
#2455=EDGE_CURVE('',#1841,#1933,#1660,.T.);
#2456=EDGE_CURVE('',#1933,#1954,#1661,.F.);
#2457=EDGE_CURVE('',#1954,#1840,#1662,.T.);
#2458=EDGE_CURVE('',#1955,#1956,#1663,.T.);
#2459=EDGE_CURVE('',#1956,#1936,#1664,.T.);
#2460=EDGE_CURVE('',#1936,#1957,#1665,.T.);
#2461=EDGE_CURVE('',#1957,#1958,#1666,.T.);
#2462=EDGE_CURVE('',#1958,#1955,#141,.F.);
#2463=EDGE_CURVE('',#1959,#1924,#1667,.T.);
#2464=EDGE_CURVE('',#1956,#1959,#1002,.T.);
#2465=EDGE_CURVE('',#1960,#1925,#1668,.T.);
#2466=EDGE_CURVE('',#1959,#1960,#1669,.T.);
#2467=EDGE_CURVE('',#1961,#1925,#1003,.T.);
#2468=EDGE_CURVE('',#1962,#1961,#1004,.T.);
#2469=EDGE_CURVE('',#1949,#1962,#1005,.T.);
#2470=EDGE_CURVE('',#1963,#1946,#1670,.T.);
#2471=EDGE_CURVE('',#1946,#1964,#1671,.T.);
#2472=EDGE_CURVE('',#1965,#1964,#1672,.T.);
#2473=EDGE_CURVE('',#1965,#1963,#1673,.T.);
#2474=EDGE_CURVE('',#1966,#1945,#1674,.T.);
#2475=EDGE_CURVE('',#1963,#1966,#1006,.T.);
#2476=EDGE_CURVE('',#1967,#1945,#1675,.T.);
#2477=EDGE_CURVE('',#1966,#1968,#1676,.T.);
#2478=EDGE_CURVE('',#1969,#1968,#142,.T.);
#2479=EDGE_CURVE('',#1969,#1967,#1677,.T.);
#2480=EDGE_CURVE('',#1970,#1971,#143,.T.);
#2481=EDGE_CURVE('',#1972,#1970,#1007,.T.);
#2482=EDGE_CURVE('',#1973,#1972,#144,.T.);
#2483=EDGE_CURVE('',#1974,#1973,#145,.T.);
#2484=EDGE_CURVE('',#1975,#1974,#1008,.T.);
#2485=EDGE_CURVE('',#1971,#1975,#146,.T.);
#2486=EDGE_CURVE('',#1976,#1977,#147,.T.);
#2487=EDGE_CURVE('',#1978,#1976,#26,.T.);
#2488=EDGE_CURVE('',#1979,#1978,#27,.T.);
#2489=EDGE_CURVE('',#1980,#1979,#28,.T.);
#2490=EDGE_CURVE('',#1981,#1980,#29,.T.);
#2491=EDGE_CURVE('',#1982,#1981,#148,.T.);
#2492=EDGE_CURVE('',#1983,#1982,#149,.T.);
#2493=EDGE_CURVE('',#1984,#1983,#150,.T.);
#2494=EDGE_CURVE('',#1985,#1984,#30,.T.);
#2495=EDGE_CURVE('',#1986,#1985,#31,.T.);
#2496=EDGE_CURVE('',#1987,#1986,#32,.T.);
#2497=EDGE_CURVE('',#1988,#1987,#151,.T.);
#2498=EDGE_CURVE('',#1989,#1988,#33,.T.);
#2499=EDGE_CURVE('',#1990,#1989,#34,.T.);
#2500=EDGE_CURVE('',#1991,#1990,#152,.T.);
#2501=EDGE_CURVE('',#1992,#1991,#35,.T.);
#2502=EDGE_CURVE('',#1993,#1992,#36,.T.);
#2503=EDGE_CURVE('',#1994,#1993,#153,.T.);
#2504=EDGE_CURVE('',#1995,#1994,#37,.T.);
#2505=EDGE_CURVE('',#1996,#1995,#38,.T.);
#2506=EDGE_CURVE('',#1997,#1996,#154,.T.);
#2507=EDGE_CURVE('',#1998,#1997,#1009,.T.);
#2508=EDGE_CURVE('',#1999,#1998,#155,.T.);
#2509=EDGE_CURVE('',#1977,#1999,#156,.T.);
#2510=EDGE_CURVE('',#2000,#2001,#157,.T.);
#2511=EDGE_CURVE('',#2002,#2000,#1010,.T.);
#2512=EDGE_CURVE('',#2003,#2002,#158,.T.);
#2513=EDGE_CURVE('',#2004,#2003,#159,.T.);
#2514=EDGE_CURVE('',#2005,#2004,#1011,.T.);
#2515=EDGE_CURVE('',#2006,#2005,#160,.T.);
#2516=EDGE_CURVE('',#2007,#2006,#161,.T.);
#2517=EDGE_CURVE('',#2008,#2007,#1012,.T.);
#2518=EDGE_CURVE('',#2009,#2008,#1013,.T.);
#2519=EDGE_CURVE('',#2010,#2009,#1014,.T.);
#2520=EDGE_CURVE('',#2011,#2010,#1015,.T.);
#2521=EDGE_CURVE('',#2012,#2011,#1016,.T.);
#2522=EDGE_CURVE('',#2013,#2012,#1017,.T.);
#2523=EDGE_CURVE('',#2014,#2013,#162,.T.);
#2524=EDGE_CURVE('',#2015,#2014,#163,.T.);
#2525=EDGE_CURVE('',#2016,#2015,#1018,.T.);
#2526=EDGE_CURVE('',#2017,#2016,#164,.T.);
#2527=EDGE_CURVE('',#2001,#2017,#39,.T.);
#2528=EDGE_CURVE('',#2018,#2019,#165,.T.);
#2529=EDGE_CURVE('',#2020,#2018,#1019,.T.);
#2530=EDGE_CURVE('',#2021,#2020,#1020,.T.);
#2531=EDGE_CURVE('',#2022,#2021,#1021,.T.);
#2532=EDGE_CURVE('',#2023,#2022,#166,.T.);
#2533=EDGE_CURVE('',#2024,#2023,#167,.T.);
#2534=EDGE_CURVE('',#2025,#2024,#1022,.T.);
#2535=EDGE_CURVE('',#2026,#2025,#1023,.T.);
#2536=EDGE_CURVE('',#2027,#2026,#1024,.T.);
#2537=EDGE_CURVE('',#2019,#2027,#168,.T.);
#2538=EDGE_CURVE('',#2028,#2029,#169,.T.);
#2539=EDGE_CURVE('',#2030,#2028,#170,.T.);
#2540=EDGE_CURVE('',#2031,#2030,#1025,.T.);
#2541=EDGE_CURVE('',#2032,#2031,#1026,.T.);
#2542=EDGE_CURVE('',#2033,#2032,#1027,.T.);
#2543=EDGE_CURVE('',#2034,#2033,#171,.T.);
#2544=EDGE_CURVE('',#2035,#2034,#172,.T.);
#2545=EDGE_CURVE('',#2036,#2035,#1028,.T.);
#2546=EDGE_CURVE('',#2037,#2036,#1029,.T.);
#2547=EDGE_CURVE('',#2029,#2037,#1030,.T.);
#2548=EDGE_CURVE('',#2038,#1839,#1678,.T.);
#2549=EDGE_CURVE('',#1839,#2039,#1679,.T.);
#2550=EDGE_CURVE('',#2039,#2038,#1680,.T.);
#2551=EDGE_CURVE('',#2040,#2041,#1681,.T.);
#2552=EDGE_CURVE('',#2040,#1838,#1682,.T.);
#2553=EDGE_CURVE('',#1838,#2041,#1683,.T.);
#2554=EDGE_CURVE('',#2042,#1969,#173,.T.);
#2555=EDGE_CURVE('',#2042,#1967,#1031,.T.);
#2556=EDGE_CURVE('',#1967,#2043,#1032,.T.);
#2557=EDGE_CURVE('',#1939,#2043,#1684,.T.);
#2558=EDGE_CURVE('',#2038,#1954,#1033,.T.);
#2559=EDGE_CURVE('',#1954,#2044,#1034,.T.);
#2560=EDGE_CURVE('',#2044,#1938,#174,.T.);
#2561=EDGE_CURVE('',#2044,#1937,#1035,.T.);
#2562=EDGE_CURVE('',#1937,#1957,#1036,.T.);
#2563=EDGE_CURVE('',#2045,#1958,#175,.F.);
#2564=EDGE_CURVE('',#1957,#2045,#1037,.T.);
#2565=EDGE_CURVE('',#2046,#2047,#176,.F.);
#2566=EDGE_CURVE('',#2043,#2047,#1685,.T.);
#2567=EDGE_CURVE('',#2043,#2046,#1038,.T.);
#2568=EDGE_CURVE('',#2048,#1940,#1686,.T.);
#2569=EDGE_CURVE('',#2047,#2048,#177,.F.);
#2570=EDGE_CURVE('',#2049,#2048,#1687,.F.);
#2571=EDGE_CURVE('',#2050,#2049,#1039,.T.);
#2572=EDGE_CURVE('',#1943,#2050,#1040,.T.);
#2573=EDGE_CURVE('',#2051,#2052,#178,.T.);
#2574=EDGE_CURVE('',#2051,#1944,#1041,.T.);
#2575=EDGE_CURVE('',#2052,#2050,#40,.T.);
#2576=EDGE_CURVE('',#1944,#1964,#1042,.T.);
#2577=EDGE_CURVE('',#2053,#1962,#1688,.T.);
#2578=EDGE_CURVE('',#1962,#2054,#1689,.T.);
#2579=EDGE_CURVE('',#2055,#2054,#1690,.T.);
#2580=EDGE_CURVE('',#2055,#2053,#1691,.T.);
#2581=EDGE_CURVE('',#2053,#2056,#1043,.T.);
#2582=EDGE_CURVE('',#1949,#2056,#1692,.T.);
#2583=EDGE_CURVE('',#2057,#1950,#1693,.T.);
#2584=EDGE_CURVE('',#2056,#2057,#1694,.T.);
#2585=EDGE_CURVE('',#2057,#2058,#1044,.T.);
#2586=EDGE_CURVE('',#1951,#2058,#1695,.T.);
#2587=EDGE_CURVE('',#2058,#1953,#1696,.T.);
#2588=EDGE_CURVE('',#1953,#1833,#1045,.T.);
#2589=EDGE_CURVE('',#1837,#2059,#179,.F.);
#2590=EDGE_CURVE('',#2059,#2041,#1046,.T.);
#2591=EDGE_CURVE('',#1968,#2060,#1697,.F.);
#2592=EDGE_CURVE('',#2060,#2061,#1047,.T.);
#2593=EDGE_CURVE('',#2061,#1955,#1698,.F.);
#2594=EDGE_CURVE('',#2042,#2045,#1048,.T.);
#2595=EDGE_CURVE('',#1960,#2062,#1049,.T.);
#2596=EDGE_CURVE('',#2062,#2061,#1050,.T.);
#2597=EDGE_CURVE('',#1961,#2063,#180,.T.);
#2598=EDGE_CURVE('',#2063,#2062,#41,.T.);
#2599=EDGE_CURVE('',#2063,#2054,#1051,.F.);
#2600=EDGE_CURVE('',#2064,#2065,#1052,.T.);
#2601=EDGE_CURVE('',#2066,#2065,#1699,.T.);
#2602=EDGE_CURVE('',#2066,#2067,#1053,.T.);
#2603=EDGE_CURVE('',#2064,#2067,#181,.F.);
#2604=EDGE_CURVE('',#2067,#2068,#42,.F.);
#2605=EDGE_CURVE('',#2068,#1965,#1054,.T.);
#2606=EDGE_CURVE('',#1964,#2064,#1055,.T.);
#2607=EDGE_CURVE('',#2060,#2068,#1056,.T.);
#2608=EDGE_CURVE('',#2054,#2069,#1057,.T.);
#2609=EDGE_CURVE('',#2070,#2069,#1700,.T.);
#2610=EDGE_CURVE('',#2070,#2055,#1058,.T.);
#2611=EDGE_CURVE('',#2071,#2072,#1059,.T.);
#2612=EDGE_CURVE('',#2071,#1972,#1060,.T.);
#2613=EDGE_CURVE('',#2072,#1970,#1061,.T.);
#2614=EDGE_CURVE('',#2073,#2071,#182,.T.);
#2615=EDGE_CURVE('',#2073,#1973,#1062,.T.);
#2616=EDGE_CURVE('',#2074,#2073,#183,.T.);
#2617=EDGE_CURVE('',#2074,#1974,#1063,.T.);
#2618=EDGE_CURVE('',#2075,#2074,#1064,.T.);
#2619=EDGE_CURVE('',#2075,#1975,#1065,.T.);
#2620=EDGE_CURVE('',#2076,#2075,#184,.T.);
#2621=EDGE_CURVE('',#2076,#1971,#1066,.T.);
#2622=EDGE_CURVE('',#2072,#2076,#185,.T.);
#2623=EDGE_CURVE('',#2077,#2078,#43,.T.);
#2624=EDGE_CURVE('',#2077,#1992,#1067,.T.);
#2625=EDGE_CURVE('',#2078,#1991,#1068,.T.);
#2626=EDGE_CURVE('',#2079,#2077,#44,.T.);
#2627=EDGE_CURVE('',#2079,#1993,#1069,.T.);
#2628=EDGE_CURVE('',#2080,#2079,#186,.T.);
#2629=EDGE_CURVE('',#2080,#1994,#1070,.T.);
#2630=EDGE_CURVE('',#2081,#2080,#45,.T.);
#2631=EDGE_CURVE('',#2081,#1995,#1071,.T.);
#2632=EDGE_CURVE('',#2082,#2081,#46,.T.);
#2633=EDGE_CURVE('',#2082,#1996,#1072,.T.);
#2634=EDGE_CURVE('',#2083,#2082,#187,.T.);
#2635=EDGE_CURVE('',#2083,#1997,#1073,.T.);
#2636=EDGE_CURVE('',#2084,#2083,#1074,.T.);
#2637=EDGE_CURVE('',#2084,#1998,#1075,.T.);
#2638=EDGE_CURVE('',#2085,#2084,#188,.T.);
#2639=EDGE_CURVE('',#2085,#1999,#1076,.T.);
#2640=EDGE_CURVE('',#2086,#2085,#189,.T.);
#2641=EDGE_CURVE('',#2086,#1977,#1077,.T.);
#2642=EDGE_CURVE('',#2087,#2086,#190,.T.);
#2643=EDGE_CURVE('',#2087,#1976,#1078,.T.);
#2644=EDGE_CURVE('',#2088,#2087,#47,.T.);
#2645=EDGE_CURVE('',#2088,#1978,#1079,.T.);
#2646=EDGE_CURVE('',#2089,#2088,#48,.T.);
#2647=EDGE_CURVE('',#2089,#1979,#1080,.T.);
#2648=EDGE_CURVE('',#2090,#2089,#49,.T.);
#2649=EDGE_CURVE('',#2090,#1980,#1081,.T.);
#2650=EDGE_CURVE('',#2091,#2090,#50,.T.);
#2651=EDGE_CURVE('',#2091,#1981,#1082,.T.);
#2652=EDGE_CURVE('',#2092,#2091,#191,.T.);
#2653=EDGE_CURVE('',#2092,#1982,#1083,.T.);
#2654=EDGE_CURVE('',#2093,#2092,#192,.T.);
#2655=EDGE_CURVE('',#2093,#1983,#1084,.T.);
#2656=EDGE_CURVE('',#2094,#2093,#193,.T.);
#2657=EDGE_CURVE('',#2094,#1984,#1085,.T.);
#2658=EDGE_CURVE('',#2095,#2094,#51,.T.);
#2659=EDGE_CURVE('',#2095,#1985,#1086,.T.);
#2660=EDGE_CURVE('',#2096,#2095,#52,.T.);
#2661=EDGE_CURVE('',#2096,#1986,#1087,.T.);
#2662=EDGE_CURVE('',#2097,#2096,#53,.T.);
#2663=EDGE_CURVE('',#2097,#1987,#1088,.T.);
#2664=EDGE_CURVE('',#2098,#2097,#194,.T.);
#2665=EDGE_CURVE('',#2098,#1988,#1089,.T.);
#2666=EDGE_CURVE('',#2099,#2098,#54,.T.);
#2667=EDGE_CURVE('',#2099,#1989,#1090,.T.);
#2668=EDGE_CURVE('',#2100,#2099,#55,.T.);
#2669=EDGE_CURVE('',#2100,#1990,#1091,.T.);
#2670=EDGE_CURVE('',#2078,#2100,#195,.T.);
#2671=EDGE_CURVE('',#2101,#2102,#196,.T.);
#2672=EDGE_CURVE('',#2101,#2015,#1092,.T.);
#2673=EDGE_CURVE('',#2102,#2014,#1093,.T.);
#2674=EDGE_CURVE('',#2103,#2101,#1094,.T.);
#2675=EDGE_CURVE('',#2103,#2016,#1095,.T.);
#2676=EDGE_CURVE('',#2104,#2103,#197,.T.);
#2677=EDGE_CURVE('',#2104,#2017,#1096,.T.);
#2678=EDGE_CURVE('',#2105,#2104,#56,.T.);
#2679=EDGE_CURVE('',#2105,#2001,#1097,.T.);
#2680=EDGE_CURVE('',#2106,#2105,#198,.T.);
#2681=EDGE_CURVE('',#2106,#2000,#1098,.T.);
#2682=EDGE_CURVE('',#2107,#2106,#1099,.T.);
#2683=EDGE_CURVE('',#2107,#2002,#1100,.T.);
#2684=EDGE_CURVE('',#2108,#2107,#199,.T.);
#2685=EDGE_CURVE('',#2108,#2003,#1101,.T.);
#2686=EDGE_CURVE('',#2109,#2108,#200,.T.);
#2687=EDGE_CURVE('',#2109,#2004,#1102,.T.);
#2688=EDGE_CURVE('',#2110,#2109,#1103,.T.);
#2689=EDGE_CURVE('',#2110,#2005,#1104,.T.);
#2690=EDGE_CURVE('',#2111,#2110,#201,.T.);
#2691=EDGE_CURVE('',#2111,#2006,#1105,.T.);
#2692=EDGE_CURVE('',#2112,#2111,#202,.T.);
#2693=EDGE_CURVE('',#2112,#2007,#1106,.T.);
#2694=EDGE_CURVE('',#2113,#2112,#1107,.T.);
#2695=EDGE_CURVE('',#2113,#2008,#1108,.T.);
#2696=EDGE_CURVE('',#2114,#2113,#1109,.T.);
#2697=EDGE_CURVE('',#2114,#2009,#1110,.T.);
#2698=EDGE_CURVE('',#2115,#2114,#1111,.T.);
#2699=EDGE_CURVE('',#2115,#2010,#1112,.T.);
#2700=EDGE_CURVE('',#2116,#2115,#1113,.T.);
#2701=EDGE_CURVE('',#2116,#2011,#1114,.T.);
#2702=EDGE_CURVE('',#2117,#2116,#1115,.T.);
#2703=EDGE_CURVE('',#2117,#2012,#1116,.T.);
#2704=EDGE_CURVE('',#2118,#2117,#1117,.T.);
#2705=EDGE_CURVE('',#2118,#2013,#1118,.T.);
#2706=EDGE_CURVE('',#2102,#2118,#203,.T.);
#2707=EDGE_CURVE('',#2119,#2120,#204,.T.);
#2708=EDGE_CURVE('',#2119,#2024,#1119,.T.);
#2709=EDGE_CURVE('',#2120,#2023,#1120,.T.);
#2710=EDGE_CURVE('',#2121,#2119,#1121,.T.);
#2711=EDGE_CURVE('',#2121,#2025,#1122,.T.);
#2712=EDGE_CURVE('',#2122,#2121,#1123,.T.);
#2713=EDGE_CURVE('',#2122,#2026,#1124,.T.);
#2714=EDGE_CURVE('',#2123,#2122,#1125,.T.);
#2715=EDGE_CURVE('',#2123,#2027,#1126,.T.);
#2716=EDGE_CURVE('',#2124,#2123,#205,.T.);
#2717=EDGE_CURVE('',#2124,#2019,#1127,.T.);
#2718=EDGE_CURVE('',#2125,#2124,#206,.T.);
#2719=EDGE_CURVE('',#2125,#2018,#1128,.T.);
#2720=EDGE_CURVE('',#2126,#2125,#1129,.T.);
#2721=EDGE_CURVE('',#2126,#2020,#1130,.T.);
#2722=EDGE_CURVE('',#2127,#2126,#1131,.T.);
#2723=EDGE_CURVE('',#2127,#2021,#1132,.T.);
#2724=EDGE_CURVE('',#2128,#2127,#1133,.T.);
#2725=EDGE_CURVE('',#2128,#2022,#1134,.T.);
#2726=EDGE_CURVE('',#2120,#2128,#207,.T.);
#2727=EDGE_CURVE('',#2129,#2130,#1135,.T.);
#2728=EDGE_CURVE('',#2129,#2031,#1136,.T.);
#2729=EDGE_CURVE('',#2130,#2030,#1137,.T.);
#2730=EDGE_CURVE('',#2131,#2129,#1138,.T.);
#2731=EDGE_CURVE('',#2131,#2032,#1139,.T.);
#2732=EDGE_CURVE('',#2132,#2131,#1140,.T.);
#2733=EDGE_CURVE('',#2132,#2033,#1141,.T.);
#2734=EDGE_CURVE('',#2133,#2132,#208,.T.);
#2735=EDGE_CURVE('',#2133,#2034,#1142,.T.);
#2736=EDGE_CURVE('',#2134,#2133,#209,.T.);
#2737=EDGE_CURVE('',#2134,#2035,#1143,.T.);
#2738=EDGE_CURVE('',#2135,#2134,#1144,.T.);
#2739=EDGE_CURVE('',#2135,#2036,#1145,.T.);
#2740=EDGE_CURVE('',#2136,#2135,#1146,.T.);
#2741=EDGE_CURVE('',#2136,#2037,#1147,.T.);
#2742=EDGE_CURVE('',#2137,#2136,#1148,.T.);
#2743=EDGE_CURVE('',#2137,#2029,#1149,.T.);
#2744=EDGE_CURVE('',#2138,#2137,#210,.T.);
#2745=EDGE_CURVE('',#2138,#2028,#1150,.T.);
#2746=EDGE_CURVE('',#2130,#2138,#211,.T.);
#2747=EDGE_CURVE('',#2040,#2039,#1151,.T.);
#2748=EDGE_CURVE('',#2139,#2140,#1701,.T.);
#2749=EDGE_CURVE('',#2139,#2038,#1152,.T.);
#2750=EDGE_CURVE('',#2039,#2140,#1153,.T.);
#2751=EDGE_CURVE('',#2141,#2142,#1702,.T.);
#2752=EDGE_CURVE('',#2142,#2143,#1703,.T.);
#2753=EDGE_CURVE('',#2144,#2143,#1704,.T.);
#2754=EDGE_CURVE('',#2144,#2141,#1705,.T.);
#2755=EDGE_CURVE('',#2143,#2145,#1154,.T.);
#2756=EDGE_CURVE('',#2146,#2145,#1706,.T.);
#2757=EDGE_CURVE('',#2146,#2144,#1155,.T.);
#2758=EDGE_CURVE('',#2145,#2147,#1707,.T.);
#2759=EDGE_CURVE('',#2148,#2147,#1708,.T.);
#2760=EDGE_CURVE('',#2148,#2146,#1709,.T.);
#2761=EDGE_CURVE('',#2149,#2150,#1710,.T.);
#2762=EDGE_CURVE('',#2150,#2151,#1711,.T.);
#2763=EDGE_CURVE('',#2152,#2151,#1712,.T.);
#2764=EDGE_CURVE('',#2152,#2149,#1713,.T.);
#2765=EDGE_CURVE('',#2151,#2153,#1156,.T.);
#2766=EDGE_CURVE('',#2154,#2153,#1714,.T.);
#2767=EDGE_CURVE('',#2154,#2152,#1157,.T.);
#2768=EDGE_CURVE('',#2153,#2155,#1715,.T.);
#2769=EDGE_CURVE('',#2156,#2155,#1716,.T.);
#2770=EDGE_CURVE('',#2156,#2154,#1717,.T.);
#2771=EDGE_CURVE('',#2157,#2158,#1718,.T.);
#2772=EDGE_CURVE('',#2157,#2159,#1719,.T.);
#2773=EDGE_CURVE('',#2159,#2160,#1720,.T.);
#2774=EDGE_CURVE('',#2160,#2158,#1721,.T.);
#2775=EDGE_CURVE('',#2041,#2160,#1158,.T.);
#2776=EDGE_CURVE('',#2159,#2040,#1159,.T.);
#2777=EDGE_CURVE('',#2161,#2139,#1160,.T.);
#2778=EDGE_CURVE('',#2046,#2161,#1161,.T.);
#2779=EDGE_CURVE('',#2139,#1891,#1722,.T.);
#2780=EDGE_CURVE('',#2140,#1891,#1723,.T.);
#2781=EDGE_CURVE('',#2161,#2162,#1724,.F.);
#2782=EDGE_CURVE('',#2162,#2049,#1162,.T.);
#2783=EDGE_CURVE('',#2052,#2163,#1163,.T.);
#2784=EDGE_CURVE('',#2163,#2162,#1164,.T.);
#2785=EDGE_CURVE('',#2163,#2164,#1725,.F.);
#2786=EDGE_CURVE('',#2051,#2164,#1165,.T.);
#2787=EDGE_CURVE('',#2165,#2164,#1166,.T.);
#2788=EDGE_CURVE('',#2166,#2165,#1167,.T.);
#2789=EDGE_CURVE('',#2065,#2166,#1168,.T.);
#2790=EDGE_CURVE('',#2167,#2165,#1726,.T.);
#2791=EDGE_CURVE('',#2168,#2167,#1169,.T.);
#2792=EDGE_CURVE('',#2166,#2168,#1727,.T.);
#2793=EDGE_CURVE('',#2168,#2169,#1170,.T.);
#2794=EDGE_CURVE('',#2170,#2167,#1171,.T.);
#2795=EDGE_CURVE('',#2169,#2170,#1172,.T.);
#2796=EDGE_CURVE('',#2169,#2171,#1728,.T.);
#2797=EDGE_CURVE('',#2172,#2170,#1729,.T.);
#2798=EDGE_CURVE('',#2171,#2172,#1173,.T.);
#2799=EDGE_CURVE('',#2171,#2173,#1730,.T.);
#2800=EDGE_CURVE('',#2171,#1895,#1731,.T.);
#2801=EDGE_CURVE('',#2173,#1895,#1732,.T.);
#2802=EDGE_CURVE('',#1894,#2172,#1733,.T.);
#2803=EDGE_CURVE('',#1883,#2172,#1734,.T.);
#2804=EDGE_CURVE('',#2173,#2174,#1735,.T.);
#2805=EDGE_CURVE('',#2174,#2169,#1736,.T.);
#2806=EDGE_CURVE('',#2175,#2168,#1737,.T.);
#2807=EDGE_CURVE('',#2174,#2175,#1174,.T.);
#2808=EDGE_CURVE('',#2176,#2166,#1738,.T.);
#2809=EDGE_CURVE('',#2175,#2176,#1739,.T.);
#2810=EDGE_CURVE('',#2177,#2065,#1740,.T.);
#2811=EDGE_CURVE('',#2176,#2177,#1175,.T.);
#2812=EDGE_CURVE('',#2178,#2066,#1741,.T.);
#2813=EDGE_CURVE('',#2177,#2178,#1742,.T.);
#2814=EDGE_CURVE('',#2178,#2179,#1176,.T.);
#2815=EDGE_CURVE('',#2179,#2180,#1743,.T.);
#2816=EDGE_CURVE('',#2180,#2066,#1177,.T.);
#2817=EDGE_CURVE('',#2181,#2070,#1178,.T.);
#2818=EDGE_CURVE('',#2182,#2181,#1179,.T.);
#2819=EDGE_CURVE('',#1832,#2182,#1180,.T.);
#2820=EDGE_CURVE('',#2160,#1857,#1181,.T.);
#2821=EDGE_CURVE('',#1858,#2059,#1744,.F.);
#2822=EDGE_CURVE('',#1853,#2181,#1745,.T.);
#2823=EDGE_CURVE('',#2182,#1852,#212,.F.);
#2824=EDGE_CURVE('',#1851,#1830,#1182,.T.);
#2825=EDGE_CURVE('',#1856,#2158,#1183,.T.);
#2826=EDGE_CURVE('',#2158,#2183,#1746,.T.);
#2827=EDGE_CURVE('',#2183,#2184,#1747,.T.);
#2828=EDGE_CURVE('',#2184,#2157,#1748,.T.);
#2829=EDGE_CURVE('',#2155,#2185,#1749,.T.);
#2830=EDGE_CURVE('',#2186,#2185,#1750,.T.);
#2831=EDGE_CURVE('',#2186,#2156,#1751,.T.);
#2832=EDGE_CURVE('',#2156,#2187,#1184,.T.);
#2833=EDGE_CURVE('',#2187,#2188,#1752,.F.);
#2834=EDGE_CURVE('',#2154,#2188,#1185,.T.);
#2835=EDGE_CURVE('',#2189,#2188,#1186,.T.);
#2836=EDGE_CURVE('',#2189,#2152,#1187,.T.);
#2837=EDGE_CURVE('',#2189,#2190,#1753,.F.);
#2838=EDGE_CURVE('',#2190,#2149,#1188,.T.);
#2839=EDGE_CURVE('',#2191,#2192,#1754,.T.);
#2840=EDGE_CURVE('',#2192,#2150,#1755,.T.);
#2841=EDGE_CURVE('',#2149,#2191,#1756,.T.);
#2842=EDGE_CURVE('',#2147,#2193,#1757,.T.);
#2843=EDGE_CURVE('',#2194,#2193,#1758,.T.);
#2844=EDGE_CURVE('',#2194,#2148,#1759,.T.);
#2845=EDGE_CURVE('',#2148,#2195,#1189,.T.);
#2846=EDGE_CURVE('',#2195,#2196,#1760,.F.);
#2847=EDGE_CURVE('',#2146,#2196,#1190,.T.);
#2848=EDGE_CURVE('',#2197,#2196,#1191,.T.);
#2849=EDGE_CURVE('',#2197,#2144,#1192,.T.);
#2850=EDGE_CURVE('',#2197,#2198,#1761,.F.);
#2851=EDGE_CURVE('',#2141,#2198,#1193,.T.);
#2852=EDGE_CURVE('',#2199,#2200,#1762,.T.);
#2853=EDGE_CURVE('',#2200,#2142,#1763,.T.);
#2854=EDGE_CURVE('',#2141,#2199,#1764,.T.);
#2855=EDGE_CURVE('',#2201,#2202,#1765,.T.);
#2856=EDGE_CURVE('',#2202,#2180,#1766,.T.);
#2857=EDGE_CURVE('',#2179,#2201,#1767,.T.);
#2858=EDGE_CURVE('',#2203,#2202,#1194,.T.);
#2859=EDGE_CURVE('',#2069,#2203,#1768,.T.);
#2860=EDGE_CURVE('',#2204,#2203,#1769,.T.);
#2861=EDGE_CURVE('',#2204,#2070,#1770,.T.);
#2862=EDGE_CURVE('',#2185,#2184,#1195,.T.);
#2863=EDGE_CURVE('',#2193,#2192,#1196,.T.);
#2864=EDGE_CURVE('',#2205,#2200,#1197,.T.);
#2865=EDGE_CURVE('',#2206,#2205,#1771,.T.);
#2866=EDGE_CURVE('',#2207,#2206,#1772,.T.);
#2867=EDGE_CURVE('',#2208,#2207,#1198,.T.);
#2868=EDGE_CURVE('',#2140,#2208,#1199,.T.);
#2869=EDGE_CURVE('',#2208,#1892,#1773,.T.);
#2870=EDGE_CURVE('',#2209,#2208,#1774,.T.);
#2871=EDGE_CURVE('',#2209,#1892,#1775,.T.);
#2872=EDGE_CURVE('',#1890,#2161,#1776,.T.);
#2873=EDGE_CURVE('',#2162,#1889,#1777,.T.);
#2874=EDGE_CURVE('',#1888,#2163,#1778,.T.);
#2875=EDGE_CURVE('',#2164,#1887,#1779,.T.);
#2876=EDGE_CURVE('',#2165,#1886,#1780,.T.);
#2877=EDGE_CURVE('',#1885,#2167,#1781,.T.);
#2878=EDGE_CURVE('',#1884,#2170,#1782,.T.);
#2879=EDGE_CURVE('',#1875,#2173,#1200,.T.);
#2880=EDGE_CURVE('',#2210,#1874,#1201,.T.);
#2881=EDGE_CURVE('',#2211,#2210,#1202,.T.);
#2882=EDGE_CURVE('',#2179,#2211,#1203,.T.);
#2883=EDGE_CURVE('',#2204,#2212,#1204,.T.);
#2884=EDGE_CURVE('',#2181,#2212,#1783,.T.);
#2885=EDGE_CURVE('',#2212,#1854,#213,.F.);
#2886=EDGE_CURVE('',#1855,#2183,#1205,.T.);
#2887=EDGE_CURVE('',#2183,#2186,#1206,.T.);
#2888=EDGE_CURVE('',#2186,#2213,#1207,.T.);
#2889=EDGE_CURVE('',#2213,#2187,#1784,.T.);
#2890=EDGE_CURVE('',#2214,#2213,#1208,.T.);
#2891=EDGE_CURVE('',#2190,#2214,#1785,.T.);
#2892=EDGE_CURVE('',#2214,#2191,#1209,.T.);
#2893=EDGE_CURVE('',#2191,#2194,#1210,.T.);
#2894=EDGE_CURVE('',#2194,#2215,#1211,.T.);
#2895=EDGE_CURVE('',#2215,#2195,#1786,.T.);
#2896=EDGE_CURVE('',#2216,#2215,#1212,.T.);
#2897=EDGE_CURVE('',#2198,#2216,#1787,.T.);
#2898=EDGE_CURVE('',#2216,#2199,#1213,.T.);
#2899=EDGE_CURVE('',#2217,#2205,#1788,.T.);
#2900=EDGE_CURVE('',#2199,#2217,#1214,.T.);
#2901=EDGE_CURVE('',#2218,#2211,#1789,.T.);
#2902=EDGE_CURVE('',#2218,#2201,#1215,.T.);
#2903=EDGE_CURVE('',#2201,#2204,#1216,.T.);
#2904=EDGE_CURVE('',#2219,#2206,#1790,.T.);
#2905=EDGE_CURVE('',#2217,#2219,#1791,.T.);
#2906=EDGE_CURVE('',#2220,#2207,#1792,.T.);
#2907=EDGE_CURVE('',#2219,#2220,#1793,.T.);
#2908=EDGE_CURVE('',#2220,#2209,#1217,.T.);
#2909=EDGE_CURVE('',#2209,#2221,#1218,.T.);
#2910=EDGE_CURVE('',#2221,#1893,#214,.F.);
#2911=EDGE_CURVE('',#2210,#1904,#215,.T.);
#2912=EDGE_CURVE('',#1903,#2211,#1794,.T.);
#2913=EDGE_CURVE('',#1902,#2218,#216,.F.);
#2914=EDGE_CURVE('',#2217,#1901,#1219,.T.);
#2915=EDGE_CURVE('',#2219,#1900,#1220,.T.);
#2916=EDGE_CURVE('',#1899,#2220,#1221,.T.);
#2917=EDGE_CURVE('',#2221,#1898,#1795,.F.);
#2918=ORIENTED_EDGE('',*,*,#2222,.T.);
#2919=ORIENTED_EDGE('',*,*,#2223,.T.);
#2920=ORIENTED_EDGE('',*,*,#2224,.F.);
#2921=ORIENTED_EDGE('',*,*,#2225,.F.);
#2922=ORIENTED_EDGE('',*,*,#2226,.F.);
#2923=ORIENTED_EDGE('',*,*,#2227,.F.);
#2924=ORIENTED_EDGE('',*,*,#2228,.F.);
#2925=ORIENTED_EDGE('',*,*,#2229,.F.);
#2926=ORIENTED_EDGE('',*,*,#2223,.F.);
#2927=ORIENTED_EDGE('',*,*,#2230,.F.);
#2928=ORIENTED_EDGE('',*,*,#2229,.T.);
#2929=ORIENTED_EDGE('',*,*,#2231,.F.);
#2930=ORIENTED_EDGE('',*,*,#2232,.F.);
#2931=ORIENTED_EDGE('',*,*,#2233,.T.);
#2932=ORIENTED_EDGE('',*,*,#2234,.F.);
#2933=ORIENTED_EDGE('',*,*,#2235,.F.);
#2934=ORIENTED_EDGE('',*,*,#2236,.F.);
#2935=ORIENTED_EDGE('',*,*,#2233,.F.);
#2936=ORIENTED_EDGE('',*,*,#2237,.F.);
#2937=ORIENTED_EDGE('',*,*,#2238,.F.);
#2938=ORIENTED_EDGE('',*,*,#2239,.F.);
#2939=ORIENTED_EDGE('',*,*,#2240,.F.);
#2940=ORIENTED_EDGE('',*,*,#2238,.T.);
#2941=ORIENTED_EDGE('',*,*,#2241,.F.);
#2942=ORIENTED_EDGE('',*,*,#2242,.F.);
#2943=ORIENTED_EDGE('',*,*,#2243,.F.);
#2944=ORIENTED_EDGE('',*,*,#2244,.T.);
#2945=ORIENTED_EDGE('',*,*,#2245,.T.);
#2946=ORIENTED_EDGE('',*,*,#2246,.T.);
#2947=ORIENTED_EDGE('',*,*,#2247,.T.);
#2948=ORIENTED_EDGE('',*,*,#2248,.T.);
#2949=ORIENTED_EDGE('',*,*,#2249,.T.);
#2950=ORIENTED_EDGE('',*,*,#2250,.T.);
#2951=ORIENTED_EDGE('',*,*,#2251,.T.);
#2952=ORIENTED_EDGE('',*,*,#2252,.T.);
#2953=ORIENTED_EDGE('',*,*,#2253,.T.);
#2954=ORIENTED_EDGE('',*,*,#2250,.F.);
#2955=ORIENTED_EDGE('',*,*,#2254,.T.);
#2956=ORIENTED_EDGE('',*,*,#2255,.T.);
#2957=ORIENTED_EDGE('',*,*,#2256,.T.);
#2958=ORIENTED_EDGE('',*,*,#2252,.F.);
#2959=ORIENTED_EDGE('',*,*,#2257,.T.);
#2960=ORIENTED_EDGE('',*,*,#2258,.T.);
#2961=ORIENTED_EDGE('',*,*,#2259,.T.);
#2962=ORIENTED_EDGE('',*,*,#2260,.T.);
#2963=ORIENTED_EDGE('',*,*,#2261,.T.);
#2964=ORIENTED_EDGE('',*,*,#2262,.T.);
#2965=ORIENTED_EDGE('',*,*,#2263,.T.);
#2966=ORIENTED_EDGE('',*,*,#2260,.F.);
#2967=ORIENTED_EDGE('',*,*,#2264,.T.);
#2968=ORIENTED_EDGE('',*,*,#2265,.T.);
#2969=ORIENTED_EDGE('',*,*,#2266,.T.);
#2970=ORIENTED_EDGE('',*,*,#2262,.F.);
#2971=ORIENTED_EDGE('',*,*,#2267,.T.);
#2972=ORIENTED_EDGE('',*,*,#2268,.T.);
#2973=ORIENTED_EDGE('',*,*,#2269,.T.);
#2974=ORIENTED_EDGE('',*,*,#2265,.F.);
#2975=ORIENTED_EDGE('',*,*,#2270,.T.);
#2976=ORIENTED_EDGE('',*,*,#2258,.F.);
#2977=ORIENTED_EDGE('',*,*,#2271,.T.);
#2978=ORIENTED_EDGE('',*,*,#2255,.F.);
#2979=ORIENTED_EDGE('',*,*,#2272,.T.);
#2980=ORIENTED_EDGE('',*,*,#2268,.F.);
#2981=ORIENTED_EDGE('',*,*,#2246,.F.);
#2982=ORIENTED_EDGE('',*,*,#2273,.T.);
#2983=ORIENTED_EDGE('',*,*,#2244,.F.);
#2984=ORIENTED_EDGE('',*,*,#2248,.F.);
#2985=ORIENTED_EDGE('',*,*,#2274,.T.);
#2986=ORIENTED_EDGE('',*,*,#2274,.F.);
#2987=ORIENTED_EDGE('',*,*,#2275,.T.);
#2988=ORIENTED_EDGE('',*,*,#2276,.F.);
#2989=ORIENTED_EDGE('',*,*,#2277,.T.);
#2990=ORIENTED_EDGE('',*,*,#2251,.F.);
#2991=ORIENTED_EDGE('',*,*,#2278,.F.);
#2992=ORIENTED_EDGE('',*,*,#2279,.F.);
#2993=ORIENTED_EDGE('',*,*,#2280,.F.);
#2994=ORIENTED_EDGE('',*,*,#2281,.F.);
#2995=ORIENTED_EDGE('',*,*,#2282,.F.);
#2996=ORIENTED_EDGE('',*,*,#2283,.F.);
#2997=ORIENTED_EDGE('',*,*,#2284,.F.);
#2998=ORIENTED_EDGE('',*,*,#2285,.F.);
#2999=ORIENTED_EDGE('',*,*,#2286,.F.);
#3000=ORIENTED_EDGE('',*,*,#2287,.F.);
#3001=ORIENTED_EDGE('',*,*,#2288,.F.);
#3002=ORIENTED_EDGE('',*,*,#2289,.F.);
#3003=ORIENTED_EDGE('',*,*,#2275,.F.);
#3004=ORIENTED_EDGE('',*,*,#2253,.F.);
#3005=ORIENTED_EDGE('',*,*,#2290,.T.);
#3006=ORIENTED_EDGE('',*,*,#2291,.T.);
#3007=ORIENTED_EDGE('',*,*,#2278,.T.);
#3008=ORIENTED_EDGE('',*,*,#2256,.F.);
#3009=ORIENTED_EDGE('',*,*,#2292,.F.);
#3010=ORIENTED_EDGE('',*,*,#2293,.F.);
#3011=ORIENTED_EDGE('',*,*,#2290,.F.);
#3012=ORIENTED_EDGE('',*,*,#2271,.F.);
#3013=ORIENTED_EDGE('',*,*,#2294,.F.);
#3014=ORIENTED_EDGE('',*,*,#2295,.F.);
#3015=ORIENTED_EDGE('',*,*,#2292,.T.);
#3016=ORIENTED_EDGE('',*,*,#2261,.F.);
#3017=ORIENTED_EDGE('',*,*,#2296,.T.);
#3018=ORIENTED_EDGE('',*,*,#2297,.T.);
#3019=ORIENTED_EDGE('',*,*,#2294,.T.);
#3020=ORIENTED_EDGE('',*,*,#2259,.F.);
#3021=ORIENTED_EDGE('',*,*,#2272,.F.);
#3022=ORIENTED_EDGE('',*,*,#2257,.F.);
#3023=ORIENTED_EDGE('',*,*,#2254,.F.);
#3024=ORIENTED_EDGE('',*,*,#2249,.F.);
#3025=ORIENTED_EDGE('',*,*,#2247,.F.);
#3026=ORIENTED_EDGE('',*,*,#2270,.F.);
#3027=ORIENTED_EDGE('',*,*,#2267,.F.);
#3028=ORIENTED_EDGE('',*,*,#2264,.F.);
#3029=ORIENTED_EDGE('',*,*,#2295,.T.);
#3030=ORIENTED_EDGE('',*,*,#2297,.F.);
#3031=ORIENTED_EDGE('',*,*,#2298,.T.);
#3032=ORIENTED_EDGE('',*,*,#2299,.F.);
#3033=ORIENTED_EDGE('',*,*,#2300,.T.);
#3034=ORIENTED_EDGE('',*,*,#2301,.F.);
#3035=ORIENTED_EDGE('',*,*,#2302,.F.);
#3036=ORIENTED_EDGE('',*,*,#2303,.T.);
#3037=ORIENTED_EDGE('',*,*,#2304,.F.);
#3038=ORIENTED_EDGE('',*,*,#2305,.F.);
#3039=ORIENTED_EDGE('',*,*,#2306,.F.);
#3040=ORIENTED_EDGE('',*,*,#2293,.T.);
#3041=ORIENTED_EDGE('',*,*,#2243,.T.);
#3042=ORIENTED_EDGE('',*,*,#2242,.T.);
#3043=ORIENTED_EDGE('',*,*,#2307,.T.);
#3044=ORIENTED_EDGE('',*,*,#2236,.T.);
#3045=ORIENTED_EDGE('',*,*,#2235,.T.);
#3046=ORIENTED_EDGE('',*,*,#2308,.T.);
#3047=ORIENTED_EDGE('',*,*,#2309,.T.);
#3048=ORIENTED_EDGE('',*,*,#2310,.T.);
#3049=ORIENTED_EDGE('',*,*,#2311,.T.);
#3050=ORIENTED_EDGE('',*,*,#2312,.T.);
#3051=ORIENTED_EDGE('',*,*,#2313,.T.);
#3052=ORIENTED_EDGE('',*,*,#2314,.T.);
#3053=ORIENTED_EDGE('',*,*,#2309,.F.);
#3054=ORIENTED_EDGE('',*,*,#2315,.T.);
#3055=ORIENTED_EDGE('',*,*,#2316,.T.);
#3056=ORIENTED_EDGE('',*,*,#2317,.T.);
#3057=ORIENTED_EDGE('',*,*,#2313,.F.);
#3058=ORIENTED_EDGE('',*,*,#2318,.T.);
#3059=ORIENTED_EDGE('',*,*,#2319,.T.);
#3060=ORIENTED_EDGE('',*,*,#2320,.T.);
#3061=ORIENTED_EDGE('',*,*,#2316,.F.);
#3062=ORIENTED_EDGE('',*,*,#2321,.T.);
#3063=ORIENTED_EDGE('',*,*,#2322,.T.);
#3064=ORIENTED_EDGE('',*,*,#2323,.T.);
#3065=ORIENTED_EDGE('',*,*,#2319,.F.);
#3066=ORIENTED_EDGE('',*,*,#2324,.T.);
#3067=ORIENTED_EDGE('',*,*,#2325,.T.);
#3068=ORIENTED_EDGE('',*,*,#2326,.T.);
#3069=ORIENTED_EDGE('',*,*,#2322,.F.);
#3070=ORIENTED_EDGE('',*,*,#2327,.T.);
#3071=ORIENTED_EDGE('',*,*,#2328,.T.);
#3072=ORIENTED_EDGE('',*,*,#2329,.T.);
#3073=ORIENTED_EDGE('',*,*,#2330,.T.);
#3074=ORIENTED_EDGE('',*,*,#2331,.T.);
#3075=ORIENTED_EDGE('',*,*,#2328,.F.);
#3076=ORIENTED_EDGE('',*,*,#2332,.T.);
#3077=ORIENTED_EDGE('',*,*,#2325,.F.);
#3078=ORIENTED_EDGE('',*,*,#2333,.T.);
#3079=ORIENTED_EDGE('',*,*,#2334,.T.);
#3080=ORIENTED_EDGE('',*,*,#2335,.T.);
#3081=ORIENTED_EDGE('',*,*,#2336,.T.);
#3082=ORIENTED_EDGE('',*,*,#2337,.T.);
#3083=ORIENTED_EDGE('',*,*,#2334,.F.);
#3084=ORIENTED_EDGE('',*,*,#2330,.F.);
#3085=ORIENTED_EDGE('',*,*,#2338,.T.);
#3086=ORIENTED_EDGE('',*,*,#2311,.F.);
#3087=ORIENTED_EDGE('',*,*,#2336,.F.);
#3088=ORIENTED_EDGE('',*,*,#2339,.T.);
#3089=ORIENTED_EDGE('',*,*,#2321,.F.);
#3090=ORIENTED_EDGE('',*,*,#2340,.T.);
#3091=ORIENTED_EDGE('',*,*,#2341,.F.);
#3092=ORIENTED_EDGE('',*,*,#2342,.F.);
#3093=ORIENTED_EDGE('',*,*,#2318,.F.);
#3094=ORIENTED_EDGE('',*,*,#2343,.F.);
#3095=ORIENTED_EDGE('',*,*,#2344,.T.);
#3096=ORIENTED_EDGE('',*,*,#2340,.F.);
#3097=ORIENTED_EDGE('',*,*,#2315,.F.);
#3098=ORIENTED_EDGE('',*,*,#2345,.T.);
#3099=ORIENTED_EDGE('',*,*,#2346,.T.);
#3100=ORIENTED_EDGE('',*,*,#2343,.T.);
#3101=ORIENTED_EDGE('',*,*,#2312,.F.);
#3102=ORIENTED_EDGE('',*,*,#2347,.F.);
#3103=ORIENTED_EDGE('',*,*,#2348,.F.);
#3104=ORIENTED_EDGE('',*,*,#2349,.F.);
#3105=ORIENTED_EDGE('',*,*,#2350,.F.);
#3106=ORIENTED_EDGE('',*,*,#2351,.F.);
#3107=ORIENTED_EDGE('',*,*,#2352,.F.);
#3108=ORIENTED_EDGE('',*,*,#2353,.F.);
#3109=ORIENTED_EDGE('',*,*,#2354,.F.);
#3110=ORIENTED_EDGE('',*,*,#2355,.F.);
#3111=ORIENTED_EDGE('',*,*,#2356,.F.);
#3112=ORIENTED_EDGE('',*,*,#2357,.F.);
#3113=ORIENTED_EDGE('',*,*,#2358,.F.);
#3114=ORIENTED_EDGE('',*,*,#2345,.F.);
#3115=ORIENTED_EDGE('',*,*,#2339,.F.);
#3116=ORIENTED_EDGE('',*,*,#2359,.T.);
#3117=ORIENTED_EDGE('',*,*,#2360,.T.);
#3118=ORIENTED_EDGE('',*,*,#2347,.T.);
#3119=ORIENTED_EDGE('',*,*,#2335,.F.);
#3120=ORIENTED_EDGE('',*,*,#2361,.T.);
#3121=ORIENTED_EDGE('',*,*,#2362,.T.);
#3122=ORIENTED_EDGE('',*,*,#2359,.F.);
#3123=ORIENTED_EDGE('',*,*,#2331,.F.);
#3124=ORIENTED_EDGE('',*,*,#2337,.F.);
#3125=ORIENTED_EDGE('',*,*,#2310,.F.);
#3126=ORIENTED_EDGE('',*,*,#2314,.F.);
#3127=ORIENTED_EDGE('',*,*,#2317,.F.);
#3128=ORIENTED_EDGE('',*,*,#2320,.F.);
#3129=ORIENTED_EDGE('',*,*,#2323,.F.);
#3130=ORIENTED_EDGE('',*,*,#2326,.F.);
#3131=ORIENTED_EDGE('',*,*,#2332,.F.);
#3132=ORIENTED_EDGE('',*,*,#2324,.F.);
#3133=ORIENTED_EDGE('',*,*,#2342,.T.);
#3134=ORIENTED_EDGE('',*,*,#2363,.T.);
#3135=ORIENTED_EDGE('',*,*,#2364,.T.);
#3136=ORIENTED_EDGE('',*,*,#2327,.F.);
#3137=ORIENTED_EDGE('',*,*,#2364,.F.);
#3138=ORIENTED_EDGE('',*,*,#2365,.F.);
#3139=ORIENTED_EDGE('',*,*,#2366,.F.);
#3140=ORIENTED_EDGE('',*,*,#2341,.T.);
#3141=ORIENTED_EDGE('',*,*,#2344,.F.);
#3142=ORIENTED_EDGE('',*,*,#2367,.F.);
#3143=ORIENTED_EDGE('',*,*,#2368,.T.);
#3144=ORIENTED_EDGE('',*,*,#2369,.F.);
#3145=ORIENTED_EDGE('',*,*,#2370,.T.);
#3146=ORIENTED_EDGE('',*,*,#2371,.F.);
#3147=ORIENTED_EDGE('',*,*,#2372,.F.);
#3148=ORIENTED_EDGE('',*,*,#2373,.F.);
#3149=ORIENTED_EDGE('',*,*,#2374,.T.);
#3150=ORIENTED_EDGE('',*,*,#2365,.T.);
#3151=ORIENTED_EDGE('',*,*,#2363,.F.);
#3152=ORIENTED_EDGE('',*,*,#2225,.T.);
#3153=ORIENTED_EDGE('',*,*,#2375,.T.);
#3154=ORIENTED_EDGE('',*,*,#2227,.T.);
#3155=ORIENTED_EDGE('',*,*,#2376,.T.);
#3156=ORIENTED_EDGE('',*,*,#2377,.T.);
#3157=ORIENTED_EDGE('',*,*,#2378,.T.);
#3158=ORIENTED_EDGE('',*,*,#2379,.T.);
#3159=ORIENTED_EDGE('',*,*,#2380,.T.);
#3160=ORIENTED_EDGE('',*,*,#2381,.T.);
#3161=ORIENTED_EDGE('',*,*,#2382,.T.);
#3162=ORIENTED_EDGE('',*,*,#2383,.T.);
#3163=ORIENTED_EDGE('',*,*,#2384,.T.);
#3164=ORIENTED_EDGE('',*,*,#2385,.F.);
#3165=ORIENTED_EDGE('',*,*,#2386,.T.);
#3166=ORIENTED_EDGE('',*,*,#2387,.T.);
#3167=ORIENTED_EDGE('',*,*,#2388,.T.);
#3168=ORIENTED_EDGE('',*,*,#2383,.F.);
#3169=ORIENTED_EDGE('',*,*,#2389,.T.);
#3170=ORIENTED_EDGE('',*,*,#2390,.T.);
#3171=ORIENTED_EDGE('',*,*,#2391,.T.);
#3172=ORIENTED_EDGE('',*,*,#2392,.T.);
#3173=ORIENTED_EDGE('',*,*,#2393,.T.);
#3174=ORIENTED_EDGE('',*,*,#2390,.F.);
#3175=ORIENTED_EDGE('',*,*,#2276,.T.);
#3176=ORIENTED_EDGE('',*,*,#2394,.T.);
#3177=ORIENTED_EDGE('',*,*,#2395,.F.);
#3178=ORIENTED_EDGE('',*,*,#2396,.T.);
#3179=ORIENTED_EDGE('',*,*,#2397,.T.);
#3180=ORIENTED_EDGE('',*,*,#2398,.F.);
#3181=ORIENTED_EDGE('',*,*,#2384,.F.);
#3182=ORIENTED_EDGE('',*,*,#2399,.T.);
#3183=ORIENTED_EDGE('',*,*,#2400,.F.);
#3184=ORIENTED_EDGE('',*,*,#2401,.T.);
#3185=ORIENTED_EDGE('',*,*,#2402,.T.);
#3186=ORIENTED_EDGE('',*,*,#2403,.T.);
#3187=ORIENTED_EDGE('',*,*,#2385,.T.);
#3188=ORIENTED_EDGE('',*,*,#2404,.T.);
#3189=ORIENTED_EDGE('',*,*,#2398,.T.);
#3190=ORIENTED_EDGE('',*,*,#2379,.F.);
#3191=ORIENTED_EDGE('',*,*,#2405,.T.);
#3192=ORIENTED_EDGE('',*,*,#2406,.T.);
#3193=ORIENTED_EDGE('',*,*,#2407,.F.);
#3194=ORIENTED_EDGE('',*,*,#2380,.F.);
#3195=ORIENTED_EDGE('',*,*,#2407,.T.);
#3196=ORIENTED_EDGE('',*,*,#2408,.T.);
#3197=ORIENTED_EDGE('',*,*,#2409,.F.);
#3198=ORIENTED_EDGE('',*,*,#2381,.F.);
#3199=ORIENTED_EDGE('',*,*,#2409,.T.);
#3200=ORIENTED_EDGE('',*,*,#2410,.T.);
#3201=ORIENTED_EDGE('',*,*,#2411,.F.);
#3202=ORIENTED_EDGE('',*,*,#2382,.F.);
#3203=ORIENTED_EDGE('',*,*,#2411,.T.);
#3204=ORIENTED_EDGE('',*,*,#2412,.T.);
#3205=ORIENTED_EDGE('',*,*,#2413,.F.);
#3206=ORIENTED_EDGE('',*,*,#2377,.F.);
#3207=ORIENTED_EDGE('',*,*,#2413,.T.);
#3208=ORIENTED_EDGE('',*,*,#2414,.T.);
#3209=ORIENTED_EDGE('',*,*,#2415,.F.);
#3210=ORIENTED_EDGE('',*,*,#2378,.F.);
#3211=ORIENTED_EDGE('',*,*,#2415,.T.);
#3212=ORIENTED_EDGE('',*,*,#2416,.T.);
#3213=ORIENTED_EDGE('',*,*,#2405,.F.);
#3214=ORIENTED_EDGE('',*,*,#2397,.F.);
#3215=ORIENTED_EDGE('',*,*,#2417,.F.);
#3216=ORIENTED_EDGE('',*,*,#2418,.F.);
#3217=ORIENTED_EDGE('',*,*,#2419,.T.);
#3218=ORIENTED_EDGE('',*,*,#2402,.F.);
#3219=ORIENTED_EDGE('',*,*,#2420,.F.);
#3220=ORIENTED_EDGE('',*,*,#2389,.F.);
#3221=ORIENTED_EDGE('',*,*,#2386,.F.);
#3222=ORIENTED_EDGE('',*,*,#2403,.F.);
#3223=ORIENTED_EDGE('',*,*,#2419,.F.);
#3224=ORIENTED_EDGE('',*,*,#2421,.F.);
#3225=ORIENTED_EDGE('',*,*,#2388,.F.);
#3226=ORIENTED_EDGE('',*,*,#2422,.F.);
#3227=ORIENTED_EDGE('',*,*,#2423,.F.);
#3228=ORIENTED_EDGE('',*,*,#2399,.F.);
#3229=ORIENTED_EDGE('',*,*,#2424,.T.);
#3230=ORIENTED_EDGE('',*,*,#2387,.F.);
#3231=ORIENTED_EDGE('',*,*,#2420,.T.);
#3232=ORIENTED_EDGE('',*,*,#2425,.F.);
#3233=ORIENTED_EDGE('',*,*,#2426,.T.);
#3234=ORIENTED_EDGE('',*,*,#2427,.T.);
#3235=ORIENTED_EDGE('',*,*,#2428,.T.);
#3236=ORIENTED_EDGE('',*,*,#2429,.F.);
#3237=ORIENTED_EDGE('',*,*,#2430,.T.);
#3238=ORIENTED_EDGE('',*,*,#2429,.T.);
#3239=ORIENTED_EDGE('',*,*,#2431,.T.);
#3240=ORIENTED_EDGE('',*,*,#2432,.F.);
#3241=ORIENTED_EDGE('',*,*,#2433,.T.);
#3242=ORIENTED_EDGE('',*,*,#2434,.F.);
#3243=ORIENTED_EDGE('',*,*,#2435,.F.);
#3244=ORIENTED_EDGE('',*,*,#2430,.F.);
#3245=ORIENTED_EDGE('',*,*,#2436,.F.);
#3246=ORIENTED_EDGE('',*,*,#2437,.F.);
#3247=ORIENTED_EDGE('',*,*,#2438,.T.);
#3248=ORIENTED_EDGE('',*,*,#2439,.F.);
#3249=ORIENTED_EDGE('',*,*,#2440,.T.);
#3250=ORIENTED_EDGE('',*,*,#2441,.F.);
#3251=ORIENTED_EDGE('',*,*,#2442,.F.);
#3252=ORIENTED_EDGE('',*,*,#2443,.F.);
#3253=ORIENTED_EDGE('',*,*,#2440,.F.);
#3254=ORIENTED_EDGE('',*,*,#2391,.F.);
#3255=ORIENTED_EDGE('',*,*,#2444,.F.);
#3256=ORIENTED_EDGE('',*,*,#2442,.T.);
#3257=ORIENTED_EDGE('',*,*,#2445,.F.);
#3258=ORIENTED_EDGE('',*,*,#2446,.F.);
#3259=ORIENTED_EDGE('',*,*,#2447,.F.);
#3260=ORIENTED_EDGE('',*,*,#2392,.F.);
#3261=ORIENTED_EDGE('',*,*,#2245,.F.);
#3262=ORIENTED_EDGE('',*,*,#2277,.F.);
#3263=ORIENTED_EDGE('',*,*,#2393,.F.);
#3264=ORIENTED_EDGE('',*,*,#2448,.F.);
#3265=ORIENTED_EDGE('',*,*,#2394,.F.);
#3266=ORIENTED_EDGE('',*,*,#2289,.T.);
#3267=ORIENTED_EDGE('',*,*,#2449,.F.);
#3268=ORIENTED_EDGE('',*,*,#2444,.T.);
#3269=ORIENTED_EDGE('',*,*,#2450,.F.);
#3270=ORIENTED_EDGE('',*,*,#2443,.T.);
#3271=ORIENTED_EDGE('',*,*,#2449,.T.);
#3272=ORIENTED_EDGE('',*,*,#2288,.T.);
#3273=ORIENTED_EDGE('',*,*,#2451,.T.);
#3274=ORIENTED_EDGE('',*,*,#2437,.T.);
#3275=ORIENTED_EDGE('',*,*,#2450,.T.);
#3276=ORIENTED_EDGE('',*,*,#2287,.T.);
#3277=ORIENTED_EDGE('',*,*,#2452,.T.);
#3278=ORIENTED_EDGE('',*,*,#2453,.T.);
#3279=ORIENTED_EDGE('',*,*,#2451,.F.);
#3280=ORIENTED_EDGE('',*,*,#2286,.T.);
#3281=ORIENTED_EDGE('',*,*,#2454,.F.);
#3282=ORIENTED_EDGE('',*,*,#2396,.F.);
#3283=ORIENTED_EDGE('',*,*,#2452,.F.);
#3284=ORIENTED_EDGE('',*,*,#2285,.T.);
#3285=ORIENTED_EDGE('',*,*,#2455,.T.);
#3286=ORIENTED_EDGE('',*,*,#2417,.T.);
#3287=ORIENTED_EDGE('',*,*,#2454,.T.);
#3288=ORIENTED_EDGE('',*,*,#2284,.T.);
#3289=ORIENTED_EDGE('',*,*,#2456,.F.);
#3290=ORIENTED_EDGE('',*,*,#2455,.F.);
#3291=ORIENTED_EDGE('',*,*,#2283,.T.);
#3292=ORIENTED_EDGE('',*,*,#2457,.F.);
#3293=ORIENTED_EDGE('',*,*,#2458,.T.);
#3294=ORIENTED_EDGE('',*,*,#2459,.T.);
#3295=ORIENTED_EDGE('',*,*,#2460,.T.);
#3296=ORIENTED_EDGE('',*,*,#2461,.T.);
#3297=ORIENTED_EDGE('',*,*,#2462,.T.);
#3298=ORIENTED_EDGE('',*,*,#2463,.T.);
#3299=ORIENTED_EDGE('',*,*,#2423,.T.);
#3300=ORIENTED_EDGE('',*,*,#2459,.F.);
#3301=ORIENTED_EDGE('',*,*,#2464,.T.);
#3302=ORIENTED_EDGE('',*,*,#2465,.T.);
#3303=ORIENTED_EDGE('',*,*,#2400,.T.);
#3304=ORIENTED_EDGE('',*,*,#2463,.F.);
#3305=ORIENTED_EDGE('',*,*,#2466,.T.);
#3306=ORIENTED_EDGE('',*,*,#2404,.F.);
#3307=ORIENTED_EDGE('',*,*,#2401,.F.);
#3308=ORIENTED_EDGE('',*,*,#2467,.F.);
#3309=ORIENTED_EDGE('',*,*,#2468,.F.);
#3310=ORIENTED_EDGE('',*,*,#2469,.F.);
#3311=ORIENTED_EDGE('',*,*,#2438,.F.);
#3312=ORIENTED_EDGE('',*,*,#2453,.F.);
#3313=ORIENTED_EDGE('',*,*,#2395,.T.);
#3314=ORIENTED_EDGE('',*,*,#2470,.T.);
#3315=ORIENTED_EDGE('',*,*,#2471,.T.);
#3316=ORIENTED_EDGE('',*,*,#2472,.F.);
#3317=ORIENTED_EDGE('',*,*,#2473,.T.);
#3318=ORIENTED_EDGE('',*,*,#2474,.T.);
#3319=ORIENTED_EDGE('',*,*,#2434,.T.);
#3320=ORIENTED_EDGE('',*,*,#2470,.F.);
#3321=ORIENTED_EDGE('',*,*,#2475,.T.);
#3322=ORIENTED_EDGE('',*,*,#2476,.T.);
#3323=ORIENTED_EDGE('',*,*,#2474,.F.);
#3324=ORIENTED_EDGE('',*,*,#2477,.T.);
#3325=ORIENTED_EDGE('',*,*,#2478,.F.);
#3326=ORIENTED_EDGE('',*,*,#2479,.T.);
#3327=ORIENTED_EDGE('',*,*,#2480,.F.);
#3328=ORIENTED_EDGE('',*,*,#2481,.F.);
#3329=ORIENTED_EDGE('',*,*,#2482,.F.);
#3330=ORIENTED_EDGE('',*,*,#2483,.F.);
#3331=ORIENTED_EDGE('',*,*,#2484,.F.);
#3332=ORIENTED_EDGE('',*,*,#2485,.F.);
#3333=ORIENTED_EDGE('',*,*,#2416,.F.);
#3334=ORIENTED_EDGE('',*,*,#2414,.F.);
#3335=ORIENTED_EDGE('',*,*,#2412,.F.);
#3336=ORIENTED_EDGE('',*,*,#2410,.F.);
#3337=ORIENTED_EDGE('',*,*,#2408,.F.);
#3338=ORIENTED_EDGE('',*,*,#2406,.F.);
#3339=ORIENTED_EDGE('',*,*,#2486,.F.);
#3340=ORIENTED_EDGE('',*,*,#2487,.F.);
#3341=ORIENTED_EDGE('',*,*,#2488,.F.);
#3342=ORIENTED_EDGE('',*,*,#2489,.F.);
#3343=ORIENTED_EDGE('',*,*,#2490,.F.);
#3344=ORIENTED_EDGE('',*,*,#2491,.F.);
#3345=ORIENTED_EDGE('',*,*,#2492,.F.);
#3346=ORIENTED_EDGE('',*,*,#2493,.F.);
#3347=ORIENTED_EDGE('',*,*,#2494,.F.);
#3348=ORIENTED_EDGE('',*,*,#2495,.F.);
#3349=ORIENTED_EDGE('',*,*,#2496,.F.);
#3350=ORIENTED_EDGE('',*,*,#2497,.F.);
#3351=ORIENTED_EDGE('',*,*,#2498,.F.);
#3352=ORIENTED_EDGE('',*,*,#2499,.F.);
#3353=ORIENTED_EDGE('',*,*,#2500,.F.);
#3354=ORIENTED_EDGE('',*,*,#2501,.F.);
#3355=ORIENTED_EDGE('',*,*,#2502,.F.);
#3356=ORIENTED_EDGE('',*,*,#2503,.F.);
#3357=ORIENTED_EDGE('',*,*,#2504,.F.);
#3358=ORIENTED_EDGE('',*,*,#2505,.F.);
#3359=ORIENTED_EDGE('',*,*,#2506,.F.);
#3360=ORIENTED_EDGE('',*,*,#2507,.F.);
#3361=ORIENTED_EDGE('',*,*,#2508,.F.);
#3362=ORIENTED_EDGE('',*,*,#2509,.F.);
#3363=ORIENTED_EDGE('',*,*,#2510,.F.);
#3364=ORIENTED_EDGE('',*,*,#2511,.F.);
#3365=ORIENTED_EDGE('',*,*,#2512,.F.);
#3366=ORIENTED_EDGE('',*,*,#2513,.F.);
#3367=ORIENTED_EDGE('',*,*,#2514,.F.);
#3368=ORIENTED_EDGE('',*,*,#2515,.F.);
#3369=ORIENTED_EDGE('',*,*,#2516,.F.);
#3370=ORIENTED_EDGE('',*,*,#2517,.F.);
#3371=ORIENTED_EDGE('',*,*,#2518,.F.);
#3372=ORIENTED_EDGE('',*,*,#2519,.F.);
#3373=ORIENTED_EDGE('',*,*,#2520,.F.);
#3374=ORIENTED_EDGE('',*,*,#2521,.F.);
#3375=ORIENTED_EDGE('',*,*,#2522,.F.);
#3376=ORIENTED_EDGE('',*,*,#2523,.F.);
#3377=ORIENTED_EDGE('',*,*,#2524,.F.);
#3378=ORIENTED_EDGE('',*,*,#2525,.F.);
#3379=ORIENTED_EDGE('',*,*,#2526,.F.);
#3380=ORIENTED_EDGE('',*,*,#2527,.F.);
#3381=ORIENTED_EDGE('',*,*,#2528,.F.);
#3382=ORIENTED_EDGE('',*,*,#2529,.F.);
#3383=ORIENTED_EDGE('',*,*,#2530,.F.);
#3384=ORIENTED_EDGE('',*,*,#2531,.F.);
#3385=ORIENTED_EDGE('',*,*,#2532,.F.);
#3386=ORIENTED_EDGE('',*,*,#2533,.F.);
#3387=ORIENTED_EDGE('',*,*,#2534,.F.);
#3388=ORIENTED_EDGE('',*,*,#2535,.F.);
#3389=ORIENTED_EDGE('',*,*,#2536,.F.);
#3390=ORIENTED_EDGE('',*,*,#2537,.F.);
#3391=ORIENTED_EDGE('',*,*,#2538,.F.);
#3392=ORIENTED_EDGE('',*,*,#2539,.F.);
#3393=ORIENTED_EDGE('',*,*,#2540,.F.);
#3394=ORIENTED_EDGE('',*,*,#2541,.F.);
#3395=ORIENTED_EDGE('',*,*,#2542,.F.);
#3396=ORIENTED_EDGE('',*,*,#2543,.F.);
#3397=ORIENTED_EDGE('',*,*,#2544,.F.);
#3398=ORIENTED_EDGE('',*,*,#2545,.F.);
#3399=ORIENTED_EDGE('',*,*,#2546,.F.);
#3400=ORIENTED_EDGE('',*,*,#2547,.F.);
#3401=ORIENTED_EDGE('',*,*,#2548,.T.);
#3402=ORIENTED_EDGE('',*,*,#2549,.T.);
#3403=ORIENTED_EDGE('',*,*,#2550,.T.);
#3404=ORIENTED_EDGE('',*,*,#2551,.F.);
#3405=ORIENTED_EDGE('',*,*,#2552,.T.);
#3406=ORIENTED_EDGE('',*,*,#2553,.T.);
#3407=ORIENTED_EDGE('',*,*,#2554,.F.);
#3408=ORIENTED_EDGE('',*,*,#2555,.T.);
#3409=ORIENTED_EDGE('',*,*,#2479,.F.);
#3410=ORIENTED_EDGE('',*,*,#2476,.F.);
#3411=ORIENTED_EDGE('',*,*,#2556,.T.);
#3412=ORIENTED_EDGE('',*,*,#2557,.F.);
#3413=ORIENTED_EDGE('',*,*,#2435,.T.);
#3414=ORIENTED_EDGE('',*,*,#2548,.F.);
#3415=ORIENTED_EDGE('',*,*,#2558,.T.);
#3416=ORIENTED_EDGE('',*,*,#2457,.T.);
#3417=ORIENTED_EDGE('',*,*,#2282,.T.);
#3418=ORIENTED_EDGE('',*,*,#2421,.T.);
#3419=ORIENTED_EDGE('',*,*,#2418,.T.);
#3420=ORIENTED_EDGE('',*,*,#2456,.T.);
#3421=ORIENTED_EDGE('',*,*,#2559,.T.);
#3422=ORIENTED_EDGE('',*,*,#2560,.T.);
#3423=ORIENTED_EDGE('',*,*,#2425,.T.);
#3424=ORIENTED_EDGE('',*,*,#2560,.F.);
#3425=ORIENTED_EDGE('',*,*,#2561,.T.);
#3426=ORIENTED_EDGE('',*,*,#2426,.F.);
#3427=ORIENTED_EDGE('',*,*,#2424,.F.);
#3428=ORIENTED_EDGE('',*,*,#2562,.T.);
#3429=ORIENTED_EDGE('',*,*,#2460,.F.);
#3430=ORIENTED_EDGE('',*,*,#2422,.T.);
#3431=ORIENTED_EDGE('',*,*,#2563,.T.);
#3432=ORIENTED_EDGE('',*,*,#2461,.F.);
#3433=ORIENTED_EDGE('',*,*,#2564,.T.);
#3434=ORIENTED_EDGE('',*,*,#2565,.T.);
#3435=ORIENTED_EDGE('',*,*,#2566,.F.);
#3436=ORIENTED_EDGE('',*,*,#2567,.T.);
#3437=ORIENTED_EDGE('',*,*,#2568,.T.);
#3438=ORIENTED_EDGE('',*,*,#2427,.F.);
#3439=ORIENTED_EDGE('',*,*,#2557,.T.);
#3440=ORIENTED_EDGE('',*,*,#2566,.T.);
#3441=ORIENTED_EDGE('',*,*,#2569,.T.);
#3442=ORIENTED_EDGE('',*,*,#2568,.F.);
#3443=ORIENTED_EDGE('',*,*,#2570,.F.);
#3444=ORIENTED_EDGE('',*,*,#2571,.F.);
#3445=ORIENTED_EDGE('',*,*,#2572,.F.);
#3446=ORIENTED_EDGE('',*,*,#2431,.F.);
#3447=ORIENTED_EDGE('',*,*,#2428,.F.);
#3448=ORIENTED_EDGE('',*,*,#2573,.F.);
#3449=ORIENTED_EDGE('',*,*,#2574,.T.);
#3450=ORIENTED_EDGE('',*,*,#2432,.T.);
#3451=ORIENTED_EDGE('',*,*,#2572,.T.);
#3452=ORIENTED_EDGE('',*,*,#2575,.F.);
#3453=ORIENTED_EDGE('',*,*,#2471,.F.);
#3454=ORIENTED_EDGE('',*,*,#2436,.T.);
#3455=ORIENTED_EDGE('',*,*,#2433,.F.);
#3456=ORIENTED_EDGE('',*,*,#2576,.T.);
#3457=ORIENTED_EDGE('',*,*,#2577,.T.);
#3458=ORIENTED_EDGE('',*,*,#2578,.T.);
#3459=ORIENTED_EDGE('',*,*,#2579,.F.);
#3460=ORIENTED_EDGE('',*,*,#2580,.T.);
#3461=ORIENTED_EDGE('',*,*,#2577,.F.);
#3462=ORIENTED_EDGE('',*,*,#2581,.T.);
#3463=ORIENTED_EDGE('',*,*,#2582,.F.);
#3464=ORIENTED_EDGE('',*,*,#2469,.T.);
#3465=ORIENTED_EDGE('',*,*,#2583,.T.);
#3466=ORIENTED_EDGE('',*,*,#2439,.T.);
#3467=ORIENTED_EDGE('',*,*,#2582,.T.);
#3468=ORIENTED_EDGE('',*,*,#2584,.T.);
#3469=ORIENTED_EDGE('',*,*,#2583,.F.);
#3470=ORIENTED_EDGE('',*,*,#2585,.T.);
#3471=ORIENTED_EDGE('',*,*,#2586,.F.);
#3472=ORIENTED_EDGE('',*,*,#2441,.T.);
#3473=ORIENTED_EDGE('',*,*,#2586,.T.);
#3474=ORIENTED_EDGE('',*,*,#2587,.T.);
#3475=ORIENTED_EDGE('',*,*,#2446,.T.);
#3476=ORIENTED_EDGE('',*,*,#2445,.T.);
#3477=ORIENTED_EDGE('',*,*,#2273,.F.);
#3478=ORIENTED_EDGE('',*,*,#2448,.T.);
#3479=ORIENTED_EDGE('',*,*,#2447,.T.);
#3480=ORIENTED_EDGE('',*,*,#2588,.T.);
#3481=ORIENTED_EDGE('',*,*,#2553,.F.);
#3482=ORIENTED_EDGE('',*,*,#2280,.T.);
#3483=ORIENTED_EDGE('',*,*,#2589,.T.);
#3484=ORIENTED_EDGE('',*,*,#2590,.T.);
#3485=ORIENTED_EDGE('',*,*,#2591,.T.);
#3486=ORIENTED_EDGE('',*,*,#2592,.T.);
#3487=ORIENTED_EDGE('',*,*,#2593,.T.);
#3488=ORIENTED_EDGE('',*,*,#2462,.F.);
#3489=ORIENTED_EDGE('',*,*,#2563,.F.);
#3490=ORIENTED_EDGE('',*,*,#2594,.F.);
#3491=ORIENTED_EDGE('',*,*,#2554,.T.);
#3492=ORIENTED_EDGE('',*,*,#2478,.T.);
#3493=ORIENTED_EDGE('',*,*,#2595,.F.);
#3494=ORIENTED_EDGE('',*,*,#2466,.F.);
#3495=ORIENTED_EDGE('',*,*,#2464,.F.);
#3496=ORIENTED_EDGE('',*,*,#2458,.F.);
#3497=ORIENTED_EDGE('',*,*,#2593,.F.);
#3498=ORIENTED_EDGE('',*,*,#2596,.F.);
#3499=ORIENTED_EDGE('',*,*,#2597,.F.);
#3500=ORIENTED_EDGE('',*,*,#2467,.T.);
#3501=ORIENTED_EDGE('',*,*,#2465,.F.);
#3502=ORIENTED_EDGE('',*,*,#2595,.T.);
#3503=ORIENTED_EDGE('',*,*,#2598,.F.);
#3504=ORIENTED_EDGE('',*,*,#2599,.T.);
#3505=ORIENTED_EDGE('',*,*,#2578,.F.);
#3506=ORIENTED_EDGE('',*,*,#2468,.T.);
#3507=ORIENTED_EDGE('',*,*,#2597,.T.);
#3508=ORIENTED_EDGE('',*,*,#2600,.T.);
#3509=ORIENTED_EDGE('',*,*,#2601,.F.);
#3510=ORIENTED_EDGE('',*,*,#2602,.T.);
#3511=ORIENTED_EDGE('',*,*,#2603,.F.);
#3512=ORIENTED_EDGE('',*,*,#2604,.T.);
#3513=ORIENTED_EDGE('',*,*,#2605,.T.);
#3514=ORIENTED_EDGE('',*,*,#2472,.T.);
#3515=ORIENTED_EDGE('',*,*,#2606,.T.);
#3516=ORIENTED_EDGE('',*,*,#2603,.T.);
#3517=ORIENTED_EDGE('',*,*,#2477,.F.);
#3518=ORIENTED_EDGE('',*,*,#2475,.F.);
#3519=ORIENTED_EDGE('',*,*,#2473,.F.);
#3520=ORIENTED_EDGE('',*,*,#2605,.F.);
#3521=ORIENTED_EDGE('',*,*,#2607,.F.);
#3522=ORIENTED_EDGE('',*,*,#2591,.F.);
#3523=ORIENTED_EDGE('',*,*,#2579,.T.);
#3524=ORIENTED_EDGE('',*,*,#2608,.T.);
#3525=ORIENTED_EDGE('',*,*,#2609,.F.);
#3526=ORIENTED_EDGE('',*,*,#2610,.T.);
#3527=ORIENTED_EDGE('',*,*,#2611,.F.);
#3528=ORIENTED_EDGE('',*,*,#2612,.T.);
#3529=ORIENTED_EDGE('',*,*,#2481,.T.);
#3530=ORIENTED_EDGE('',*,*,#2613,.F.);
#3531=ORIENTED_EDGE('',*,*,#2614,.F.);
#3532=ORIENTED_EDGE('',*,*,#2615,.T.);
#3533=ORIENTED_EDGE('',*,*,#2482,.T.);
#3534=ORIENTED_EDGE('',*,*,#2612,.F.);
#3535=ORIENTED_EDGE('',*,*,#2616,.F.);
#3536=ORIENTED_EDGE('',*,*,#2617,.T.);
#3537=ORIENTED_EDGE('',*,*,#2483,.T.);
#3538=ORIENTED_EDGE('',*,*,#2615,.F.);
#3539=ORIENTED_EDGE('',*,*,#2618,.F.);
#3540=ORIENTED_EDGE('',*,*,#2619,.T.);
#3541=ORIENTED_EDGE('',*,*,#2484,.T.);
#3542=ORIENTED_EDGE('',*,*,#2617,.F.);
#3543=ORIENTED_EDGE('',*,*,#2620,.F.);
#3544=ORIENTED_EDGE('',*,*,#2621,.T.);
#3545=ORIENTED_EDGE('',*,*,#2485,.T.);
#3546=ORIENTED_EDGE('',*,*,#2619,.F.);
#3547=ORIENTED_EDGE('',*,*,#2622,.F.);
#3548=ORIENTED_EDGE('',*,*,#2613,.T.);
#3549=ORIENTED_EDGE('',*,*,#2480,.T.);
#3550=ORIENTED_EDGE('',*,*,#2621,.F.);
#3551=ORIENTED_EDGE('',*,*,#2623,.F.);
#3552=ORIENTED_EDGE('',*,*,#2624,.T.);
#3553=ORIENTED_EDGE('',*,*,#2501,.T.);
#3554=ORIENTED_EDGE('',*,*,#2625,.F.);
#3555=ORIENTED_EDGE('',*,*,#2626,.F.);
#3556=ORIENTED_EDGE('',*,*,#2627,.T.);
#3557=ORIENTED_EDGE('',*,*,#2502,.T.);
#3558=ORIENTED_EDGE('',*,*,#2624,.F.);
#3559=ORIENTED_EDGE('',*,*,#2628,.F.);
#3560=ORIENTED_EDGE('',*,*,#2629,.T.);
#3561=ORIENTED_EDGE('',*,*,#2503,.T.);
#3562=ORIENTED_EDGE('',*,*,#2627,.F.);
#3563=ORIENTED_EDGE('',*,*,#2630,.F.);
#3564=ORIENTED_EDGE('',*,*,#2631,.T.);
#3565=ORIENTED_EDGE('',*,*,#2504,.T.);
#3566=ORIENTED_EDGE('',*,*,#2629,.F.);
#3567=ORIENTED_EDGE('',*,*,#2632,.F.);
#3568=ORIENTED_EDGE('',*,*,#2633,.T.);
#3569=ORIENTED_EDGE('',*,*,#2505,.T.);
#3570=ORIENTED_EDGE('',*,*,#2631,.F.);
#3571=ORIENTED_EDGE('',*,*,#2634,.F.);
#3572=ORIENTED_EDGE('',*,*,#2635,.T.);
#3573=ORIENTED_EDGE('',*,*,#2506,.T.);
#3574=ORIENTED_EDGE('',*,*,#2633,.F.);
#3575=ORIENTED_EDGE('',*,*,#2636,.F.);
#3576=ORIENTED_EDGE('',*,*,#2637,.T.);
#3577=ORIENTED_EDGE('',*,*,#2507,.T.);
#3578=ORIENTED_EDGE('',*,*,#2635,.F.);
#3579=ORIENTED_EDGE('',*,*,#2638,.F.);
#3580=ORIENTED_EDGE('',*,*,#2639,.T.);
#3581=ORIENTED_EDGE('',*,*,#2508,.T.);
#3582=ORIENTED_EDGE('',*,*,#2637,.F.);
#3583=ORIENTED_EDGE('',*,*,#2640,.F.);
#3584=ORIENTED_EDGE('',*,*,#2641,.T.);
#3585=ORIENTED_EDGE('',*,*,#2509,.T.);
#3586=ORIENTED_EDGE('',*,*,#2639,.F.);
#3587=ORIENTED_EDGE('',*,*,#2642,.F.);
#3588=ORIENTED_EDGE('',*,*,#2643,.T.);
#3589=ORIENTED_EDGE('',*,*,#2486,.T.);
#3590=ORIENTED_EDGE('',*,*,#2641,.F.);
#3591=ORIENTED_EDGE('',*,*,#2644,.F.);
#3592=ORIENTED_EDGE('',*,*,#2645,.T.);
#3593=ORIENTED_EDGE('',*,*,#2487,.T.);
#3594=ORIENTED_EDGE('',*,*,#2643,.F.);
#3595=ORIENTED_EDGE('',*,*,#2646,.F.);
#3596=ORIENTED_EDGE('',*,*,#2647,.T.);
#3597=ORIENTED_EDGE('',*,*,#2488,.T.);
#3598=ORIENTED_EDGE('',*,*,#2645,.F.);
#3599=ORIENTED_EDGE('',*,*,#2489,.T.);
#3600=ORIENTED_EDGE('',*,*,#2647,.F.);
#3601=ORIENTED_EDGE('',*,*,#2648,.F.);
#3602=ORIENTED_EDGE('',*,*,#2649,.T.);
#3603=ORIENTED_EDGE('',*,*,#2650,.F.);
#3604=ORIENTED_EDGE('',*,*,#2651,.T.);
#3605=ORIENTED_EDGE('',*,*,#2490,.T.);
#3606=ORIENTED_EDGE('',*,*,#2649,.F.);
#3607=ORIENTED_EDGE('',*,*,#2652,.F.);
#3608=ORIENTED_EDGE('',*,*,#2653,.T.);
#3609=ORIENTED_EDGE('',*,*,#2491,.T.);
#3610=ORIENTED_EDGE('',*,*,#2651,.F.);
#3611=ORIENTED_EDGE('',*,*,#2654,.F.);
#3612=ORIENTED_EDGE('',*,*,#2655,.T.);
#3613=ORIENTED_EDGE('',*,*,#2492,.T.);
#3614=ORIENTED_EDGE('',*,*,#2653,.F.);
#3615=ORIENTED_EDGE('',*,*,#2656,.F.);
#3616=ORIENTED_EDGE('',*,*,#2657,.T.);
#3617=ORIENTED_EDGE('',*,*,#2493,.T.);
#3618=ORIENTED_EDGE('',*,*,#2655,.F.);
#3619=ORIENTED_EDGE('',*,*,#2658,.F.);
#3620=ORIENTED_EDGE('',*,*,#2659,.T.);
#3621=ORIENTED_EDGE('',*,*,#2494,.T.);
#3622=ORIENTED_EDGE('',*,*,#2657,.F.);
#3623=ORIENTED_EDGE('',*,*,#2660,.F.);
#3624=ORIENTED_EDGE('',*,*,#2661,.T.);
#3625=ORIENTED_EDGE('',*,*,#2495,.T.);
#3626=ORIENTED_EDGE('',*,*,#2659,.F.);
#3627=ORIENTED_EDGE('',*,*,#2662,.F.);
#3628=ORIENTED_EDGE('',*,*,#2663,.T.);
#3629=ORIENTED_EDGE('',*,*,#2496,.T.);
#3630=ORIENTED_EDGE('',*,*,#2661,.F.);
#3631=ORIENTED_EDGE('',*,*,#2664,.F.);
#3632=ORIENTED_EDGE('',*,*,#2665,.T.);
#3633=ORIENTED_EDGE('',*,*,#2497,.T.);
#3634=ORIENTED_EDGE('',*,*,#2663,.F.);
#3635=ORIENTED_EDGE('',*,*,#2666,.F.);
#3636=ORIENTED_EDGE('',*,*,#2667,.T.);
#3637=ORIENTED_EDGE('',*,*,#2498,.T.);
#3638=ORIENTED_EDGE('',*,*,#2665,.F.);
#3639=ORIENTED_EDGE('',*,*,#2668,.F.);
#3640=ORIENTED_EDGE('',*,*,#2669,.T.);
#3641=ORIENTED_EDGE('',*,*,#2499,.T.);
#3642=ORIENTED_EDGE('',*,*,#2667,.F.);
#3643=ORIENTED_EDGE('',*,*,#2500,.T.);
#3644=ORIENTED_EDGE('',*,*,#2669,.F.);
#3645=ORIENTED_EDGE('',*,*,#2670,.F.);
#3646=ORIENTED_EDGE('',*,*,#2625,.T.);
#3647=ORIENTED_EDGE('',*,*,#2671,.F.);
#3648=ORIENTED_EDGE('',*,*,#2672,.T.);
#3649=ORIENTED_EDGE('',*,*,#2524,.T.);
#3650=ORIENTED_EDGE('',*,*,#2673,.F.);
#3651=ORIENTED_EDGE('',*,*,#2674,.F.);
#3652=ORIENTED_EDGE('',*,*,#2675,.T.);
#3653=ORIENTED_EDGE('',*,*,#2525,.T.);
#3654=ORIENTED_EDGE('',*,*,#2672,.F.);
#3655=ORIENTED_EDGE('',*,*,#2676,.F.);
#3656=ORIENTED_EDGE('',*,*,#2677,.T.);
#3657=ORIENTED_EDGE('',*,*,#2526,.T.);
#3658=ORIENTED_EDGE('',*,*,#2675,.F.);
#3659=ORIENTED_EDGE('',*,*,#2678,.F.);
#3660=ORIENTED_EDGE('',*,*,#2679,.T.);
#3661=ORIENTED_EDGE('',*,*,#2527,.T.);
#3662=ORIENTED_EDGE('',*,*,#2677,.F.);
#3663=ORIENTED_EDGE('',*,*,#2510,.T.);
#3664=ORIENTED_EDGE('',*,*,#2679,.F.);
#3665=ORIENTED_EDGE('',*,*,#2680,.F.);
#3666=ORIENTED_EDGE('',*,*,#2681,.T.);
#3667=ORIENTED_EDGE('',*,*,#2682,.F.);
#3668=ORIENTED_EDGE('',*,*,#2683,.T.);
#3669=ORIENTED_EDGE('',*,*,#2511,.T.);
#3670=ORIENTED_EDGE('',*,*,#2681,.F.);
#3671=ORIENTED_EDGE('',*,*,#2684,.F.);
#3672=ORIENTED_EDGE('',*,*,#2685,.T.);
#3673=ORIENTED_EDGE('',*,*,#2512,.T.);
#3674=ORIENTED_EDGE('',*,*,#2683,.F.);
#3675=ORIENTED_EDGE('',*,*,#2686,.F.);
#3676=ORIENTED_EDGE('',*,*,#2687,.T.);
#3677=ORIENTED_EDGE('',*,*,#2513,.T.);
#3678=ORIENTED_EDGE('',*,*,#2685,.F.);
#3679=ORIENTED_EDGE('',*,*,#2688,.F.);
#3680=ORIENTED_EDGE('',*,*,#2689,.T.);
#3681=ORIENTED_EDGE('',*,*,#2514,.T.);
#3682=ORIENTED_EDGE('',*,*,#2687,.F.);
#3683=ORIENTED_EDGE('',*,*,#2690,.F.);
#3684=ORIENTED_EDGE('',*,*,#2691,.T.);
#3685=ORIENTED_EDGE('',*,*,#2515,.T.);
#3686=ORIENTED_EDGE('',*,*,#2689,.F.);
#3687=ORIENTED_EDGE('',*,*,#2692,.F.);
#3688=ORIENTED_EDGE('',*,*,#2693,.T.);
#3689=ORIENTED_EDGE('',*,*,#2516,.T.);
#3690=ORIENTED_EDGE('',*,*,#2691,.F.);
#3691=ORIENTED_EDGE('',*,*,#2694,.F.);
#3692=ORIENTED_EDGE('',*,*,#2695,.T.);
#3693=ORIENTED_EDGE('',*,*,#2517,.T.);
#3694=ORIENTED_EDGE('',*,*,#2693,.F.);
#3695=ORIENTED_EDGE('',*,*,#2696,.F.);
#3696=ORIENTED_EDGE('',*,*,#2697,.T.);
#3697=ORIENTED_EDGE('',*,*,#2518,.T.);
#3698=ORIENTED_EDGE('',*,*,#2695,.F.);
#3699=ORIENTED_EDGE('',*,*,#2698,.F.);
#3700=ORIENTED_EDGE('',*,*,#2699,.T.);
#3701=ORIENTED_EDGE('',*,*,#2519,.T.);
#3702=ORIENTED_EDGE('',*,*,#2697,.F.);
#3703=ORIENTED_EDGE('',*,*,#2700,.F.);
#3704=ORIENTED_EDGE('',*,*,#2701,.T.);
#3705=ORIENTED_EDGE('',*,*,#2520,.T.);
#3706=ORIENTED_EDGE('',*,*,#2699,.F.);
#3707=ORIENTED_EDGE('',*,*,#2702,.F.);
#3708=ORIENTED_EDGE('',*,*,#2703,.T.);
#3709=ORIENTED_EDGE('',*,*,#2521,.T.);
#3710=ORIENTED_EDGE('',*,*,#2701,.F.);
#3711=ORIENTED_EDGE('',*,*,#2704,.F.);
#3712=ORIENTED_EDGE('',*,*,#2705,.T.);
#3713=ORIENTED_EDGE('',*,*,#2522,.T.);
#3714=ORIENTED_EDGE('',*,*,#2703,.F.);
#3715=ORIENTED_EDGE('',*,*,#2523,.T.);
#3716=ORIENTED_EDGE('',*,*,#2705,.F.);
#3717=ORIENTED_EDGE('',*,*,#2706,.F.);
#3718=ORIENTED_EDGE('',*,*,#2673,.T.);
#3719=ORIENTED_EDGE('',*,*,#2707,.F.);
#3720=ORIENTED_EDGE('',*,*,#2708,.T.);
#3721=ORIENTED_EDGE('',*,*,#2533,.T.);
#3722=ORIENTED_EDGE('',*,*,#2709,.F.);
#3723=ORIENTED_EDGE('',*,*,#2710,.F.);
#3724=ORIENTED_EDGE('',*,*,#2711,.T.);
#3725=ORIENTED_EDGE('',*,*,#2534,.T.);
#3726=ORIENTED_EDGE('',*,*,#2708,.F.);
#3727=ORIENTED_EDGE('',*,*,#2712,.F.);
#3728=ORIENTED_EDGE('',*,*,#2713,.T.);
#3729=ORIENTED_EDGE('',*,*,#2535,.T.);
#3730=ORIENTED_EDGE('',*,*,#2711,.F.);
#3731=ORIENTED_EDGE('',*,*,#2714,.F.);
#3732=ORIENTED_EDGE('',*,*,#2715,.T.);
#3733=ORIENTED_EDGE('',*,*,#2536,.T.);
#3734=ORIENTED_EDGE('',*,*,#2713,.F.);
#3735=ORIENTED_EDGE('',*,*,#2716,.F.);
#3736=ORIENTED_EDGE('',*,*,#2717,.T.);
#3737=ORIENTED_EDGE('',*,*,#2537,.T.);
#3738=ORIENTED_EDGE('',*,*,#2715,.F.);
#3739=ORIENTED_EDGE('',*,*,#2718,.F.);
#3740=ORIENTED_EDGE('',*,*,#2719,.T.);
#3741=ORIENTED_EDGE('',*,*,#2528,.T.);
#3742=ORIENTED_EDGE('',*,*,#2717,.F.);
#3743=ORIENTED_EDGE('',*,*,#2720,.F.);
#3744=ORIENTED_EDGE('',*,*,#2721,.T.);
#3745=ORIENTED_EDGE('',*,*,#2529,.T.);
#3746=ORIENTED_EDGE('',*,*,#2719,.F.);
#3747=ORIENTED_EDGE('',*,*,#2722,.F.);
#3748=ORIENTED_EDGE('',*,*,#2723,.T.);
#3749=ORIENTED_EDGE('',*,*,#2530,.T.);
#3750=ORIENTED_EDGE('',*,*,#2721,.F.);
#3751=ORIENTED_EDGE('',*,*,#2724,.F.);
#3752=ORIENTED_EDGE('',*,*,#2725,.T.);
#3753=ORIENTED_EDGE('',*,*,#2531,.T.);
#3754=ORIENTED_EDGE('',*,*,#2723,.F.);
#3755=ORIENTED_EDGE('',*,*,#2532,.T.);
#3756=ORIENTED_EDGE('',*,*,#2725,.F.);
#3757=ORIENTED_EDGE('',*,*,#2726,.F.);
#3758=ORIENTED_EDGE('',*,*,#2709,.T.);
#3759=ORIENTED_EDGE('',*,*,#2727,.F.);
#3760=ORIENTED_EDGE('',*,*,#2728,.T.);
#3761=ORIENTED_EDGE('',*,*,#2540,.T.);
#3762=ORIENTED_EDGE('',*,*,#2729,.F.);
#3763=ORIENTED_EDGE('',*,*,#2730,.F.);
#3764=ORIENTED_EDGE('',*,*,#2731,.T.);
#3765=ORIENTED_EDGE('',*,*,#2541,.T.);
#3766=ORIENTED_EDGE('',*,*,#2728,.F.);
#3767=ORIENTED_EDGE('',*,*,#2732,.F.);
#3768=ORIENTED_EDGE('',*,*,#2733,.T.);
#3769=ORIENTED_EDGE('',*,*,#2542,.T.);
#3770=ORIENTED_EDGE('',*,*,#2731,.F.);
#3771=ORIENTED_EDGE('',*,*,#2734,.F.);
#3772=ORIENTED_EDGE('',*,*,#2735,.T.);
#3773=ORIENTED_EDGE('',*,*,#2543,.T.);
#3774=ORIENTED_EDGE('',*,*,#2733,.F.);
#3775=ORIENTED_EDGE('',*,*,#2736,.F.);
#3776=ORIENTED_EDGE('',*,*,#2737,.T.);
#3777=ORIENTED_EDGE('',*,*,#2544,.T.);
#3778=ORIENTED_EDGE('',*,*,#2735,.F.);
#3779=ORIENTED_EDGE('',*,*,#2738,.F.);
#3780=ORIENTED_EDGE('',*,*,#2739,.T.);
#3781=ORIENTED_EDGE('',*,*,#2545,.T.);
#3782=ORIENTED_EDGE('',*,*,#2737,.F.);
#3783=ORIENTED_EDGE('',*,*,#2740,.F.);
#3784=ORIENTED_EDGE('',*,*,#2741,.T.);
#3785=ORIENTED_EDGE('',*,*,#2546,.T.);
#3786=ORIENTED_EDGE('',*,*,#2739,.F.);
#3787=ORIENTED_EDGE('',*,*,#2742,.F.);
#3788=ORIENTED_EDGE('',*,*,#2743,.T.);
#3789=ORIENTED_EDGE('',*,*,#2547,.T.);
#3790=ORIENTED_EDGE('',*,*,#2741,.F.);
#3791=ORIENTED_EDGE('',*,*,#2744,.F.);
#3792=ORIENTED_EDGE('',*,*,#2745,.T.);
#3793=ORIENTED_EDGE('',*,*,#2538,.T.);
#3794=ORIENTED_EDGE('',*,*,#2743,.F.);
#3795=ORIENTED_EDGE('',*,*,#2746,.F.);
#3796=ORIENTED_EDGE('',*,*,#2729,.T.);
#3797=ORIENTED_EDGE('',*,*,#2539,.T.);
#3798=ORIENTED_EDGE('',*,*,#2745,.F.);
#3799=ORIENTED_EDGE('',*,*,#2549,.F.);
#3800=ORIENTED_EDGE('',*,*,#2281,.T.);
#3801=ORIENTED_EDGE('',*,*,#2552,.F.);
#3802=ORIENTED_EDGE('',*,*,#2747,.T.);
#3803=ORIENTED_EDGE('',*,*,#2748,.F.);
#3804=ORIENTED_EDGE('',*,*,#2749,.T.);
#3805=ORIENTED_EDGE('',*,*,#2550,.F.);
#3806=ORIENTED_EDGE('',*,*,#2750,.T.);
#3807=ORIENTED_EDGE('',*,*,#2751,.T.);
#3808=ORIENTED_EDGE('',*,*,#2752,.T.);
#3809=ORIENTED_EDGE('',*,*,#2753,.F.);
#3810=ORIENTED_EDGE('',*,*,#2754,.T.);
#3811=ORIENTED_EDGE('',*,*,#2753,.T.);
#3812=ORIENTED_EDGE('',*,*,#2755,.T.);
#3813=ORIENTED_EDGE('',*,*,#2756,.F.);
#3814=ORIENTED_EDGE('',*,*,#2757,.T.);
#3815=ORIENTED_EDGE('',*,*,#2756,.T.);
#3816=ORIENTED_EDGE('',*,*,#2758,.T.);
#3817=ORIENTED_EDGE('',*,*,#2759,.F.);
#3818=ORIENTED_EDGE('',*,*,#2760,.T.);
#3819=ORIENTED_EDGE('',*,*,#2761,.T.);
#3820=ORIENTED_EDGE('',*,*,#2762,.T.);
#3821=ORIENTED_EDGE('',*,*,#2763,.F.);
#3822=ORIENTED_EDGE('',*,*,#2764,.T.);
#3823=ORIENTED_EDGE('',*,*,#2763,.T.);
#3824=ORIENTED_EDGE('',*,*,#2765,.T.);
#3825=ORIENTED_EDGE('',*,*,#2766,.F.);
#3826=ORIENTED_EDGE('',*,*,#2767,.T.);
#3827=ORIENTED_EDGE('',*,*,#2766,.T.);
#3828=ORIENTED_EDGE('',*,*,#2768,.T.);
#3829=ORIENTED_EDGE('',*,*,#2769,.F.);
#3830=ORIENTED_EDGE('',*,*,#2770,.T.);
#3831=ORIENTED_EDGE('',*,*,#2771,.F.);
#3832=ORIENTED_EDGE('',*,*,#2772,.T.);
#3833=ORIENTED_EDGE('',*,*,#2773,.T.);
#3834=ORIENTED_EDGE('',*,*,#2774,.T.);
#3835=ORIENTED_EDGE('',*,*,#2551,.T.);
#3836=ORIENTED_EDGE('',*,*,#2775,.T.);
#3837=ORIENTED_EDGE('',*,*,#2773,.F.);
#3838=ORIENTED_EDGE('',*,*,#2776,.T.);
#3839=ORIENTED_EDGE('',*,*,#2594,.T.);
#3840=ORIENTED_EDGE('',*,*,#2564,.F.);
#3841=ORIENTED_EDGE('',*,*,#2562,.F.);
#3842=ORIENTED_EDGE('',*,*,#2561,.F.);
#3843=ORIENTED_EDGE('',*,*,#2559,.F.);
#3844=ORIENTED_EDGE('',*,*,#2558,.F.);
#3845=ORIENTED_EDGE('',*,*,#2749,.F.);
#3846=ORIENTED_EDGE('',*,*,#2777,.F.);
#3847=ORIENTED_EDGE('',*,*,#2778,.F.);
#3848=ORIENTED_EDGE('',*,*,#2567,.F.);
#3849=ORIENTED_EDGE('',*,*,#2556,.F.);
#3850=ORIENTED_EDGE('',*,*,#2555,.F.);
#3851=ORIENTED_EDGE('',*,*,#2779,.F.);
#3852=ORIENTED_EDGE('',*,*,#2748,.T.);
#3853=ORIENTED_EDGE('',*,*,#2780,.T.);
#3854=ORIENTED_EDGE('',*,*,#2570,.T.);
#3855=ORIENTED_EDGE('',*,*,#2569,.F.);
#3856=ORIENTED_EDGE('',*,*,#2565,.F.);
#3857=ORIENTED_EDGE('',*,*,#2778,.T.);
#3858=ORIENTED_EDGE('',*,*,#2781,.T.);
#3859=ORIENTED_EDGE('',*,*,#2782,.T.);
#3860=ORIENTED_EDGE('',*,*,#2783,.F.);
#3861=ORIENTED_EDGE('',*,*,#2575,.T.);
#3862=ORIENTED_EDGE('',*,*,#2571,.T.);
#3863=ORIENTED_EDGE('',*,*,#2782,.F.);
#3864=ORIENTED_EDGE('',*,*,#2784,.F.);
#3865=ORIENTED_EDGE('',*,*,#2783,.T.);
#3866=ORIENTED_EDGE('',*,*,#2785,.T.);
#3867=ORIENTED_EDGE('',*,*,#2786,.F.);
#3868=ORIENTED_EDGE('',*,*,#2573,.T.);
#3869=ORIENTED_EDGE('',*,*,#2606,.F.);
#3870=ORIENTED_EDGE('',*,*,#2576,.F.);
#3871=ORIENTED_EDGE('',*,*,#2574,.F.);
#3872=ORIENTED_EDGE('',*,*,#2786,.T.);
#3873=ORIENTED_EDGE('',*,*,#2787,.F.);
#3874=ORIENTED_EDGE('',*,*,#2788,.F.);
#3875=ORIENTED_EDGE('',*,*,#2789,.F.);
#3876=ORIENTED_EDGE('',*,*,#2600,.F.);
#3877=ORIENTED_EDGE('',*,*,#2790,.F.);
#3878=ORIENTED_EDGE('',*,*,#2791,.F.);
#3879=ORIENTED_EDGE('',*,*,#2792,.F.);
#3880=ORIENTED_EDGE('',*,*,#2788,.T.);
#3881=ORIENTED_EDGE('',*,*,#2793,.F.);
#3882=ORIENTED_EDGE('',*,*,#2791,.T.);
#3883=ORIENTED_EDGE('',*,*,#2794,.F.);
#3884=ORIENTED_EDGE('',*,*,#2795,.F.);
#3885=ORIENTED_EDGE('',*,*,#2796,.F.);
#3886=ORIENTED_EDGE('',*,*,#2795,.T.);
#3887=ORIENTED_EDGE('',*,*,#2797,.F.);
#3888=ORIENTED_EDGE('',*,*,#2798,.F.);
#3889=ORIENTED_EDGE('',*,*,#2799,.F.);
#3890=ORIENTED_EDGE('',*,*,#2800,.T.);
#3891=ORIENTED_EDGE('',*,*,#2801,.F.);
#3892=ORIENTED_EDGE('',*,*,#2360,.F.);
#3893=ORIENTED_EDGE('',*,*,#2802,.T.);
#3894=ORIENTED_EDGE('',*,*,#2803,.F.);
#3895=ORIENTED_EDGE('',*,*,#2800,.F.);
#3896=ORIENTED_EDGE('',*,*,#2798,.T.);
#3897=ORIENTED_EDGE('',*,*,#2802,.F.);
#3898=ORIENTED_EDGE('',*,*,#2362,.F.);
#3899=ORIENTED_EDGE('',*,*,#2799,.T.);
#3900=ORIENTED_EDGE('',*,*,#2804,.T.);
#3901=ORIENTED_EDGE('',*,*,#2805,.T.);
#3902=ORIENTED_EDGE('',*,*,#2796,.T.);
#3903=ORIENTED_EDGE('',*,*,#2806,.T.);
#3904=ORIENTED_EDGE('',*,*,#2793,.T.);
#3905=ORIENTED_EDGE('',*,*,#2805,.F.);
#3906=ORIENTED_EDGE('',*,*,#2807,.T.);
#3907=ORIENTED_EDGE('',*,*,#2808,.T.);
#3908=ORIENTED_EDGE('',*,*,#2792,.T.);
#3909=ORIENTED_EDGE('',*,*,#2806,.F.);
#3910=ORIENTED_EDGE('',*,*,#2809,.T.);
#3911=ORIENTED_EDGE('',*,*,#2810,.T.);
#3912=ORIENTED_EDGE('',*,*,#2789,.T.);
#3913=ORIENTED_EDGE('',*,*,#2808,.F.);
#3914=ORIENTED_EDGE('',*,*,#2811,.T.);
#3915=ORIENTED_EDGE('',*,*,#2812,.T.);
#3916=ORIENTED_EDGE('',*,*,#2601,.T.);
#3917=ORIENTED_EDGE('',*,*,#2810,.F.);
#3918=ORIENTED_EDGE('',*,*,#2813,.T.);
#3919=ORIENTED_EDGE('',*,*,#2812,.F.);
#3920=ORIENTED_EDGE('',*,*,#2814,.T.);
#3921=ORIENTED_EDGE('',*,*,#2815,.T.);
#3922=ORIENTED_EDGE('',*,*,#2816,.T.);
#3923=ORIENTED_EDGE('',*,*,#2269,.F.);
#3924=ORIENTED_EDGE('',*,*,#2588,.F.);
#3925=ORIENTED_EDGE('',*,*,#2587,.F.);
#3926=ORIENTED_EDGE('',*,*,#2585,.F.);
#3927=ORIENTED_EDGE('',*,*,#2584,.F.);
#3928=ORIENTED_EDGE('',*,*,#2581,.F.);
#3929=ORIENTED_EDGE('',*,*,#2580,.F.);
#3930=ORIENTED_EDGE('',*,*,#2610,.F.);
#3931=ORIENTED_EDGE('',*,*,#2817,.F.);
#3932=ORIENTED_EDGE('',*,*,#2818,.F.);
#3933=ORIENTED_EDGE('',*,*,#2819,.F.);
#3934=ORIENTED_EDGE('',*,*,#2241,.T.);
#3935=ORIENTED_EDGE('',*,*,#2237,.T.);
#3936=ORIENTED_EDGE('',*,*,#2232,.T.);
#3937=ORIENTED_EDGE('',*,*,#2307,.F.);
#3938=ORIENTED_EDGE('',*,*,#2240,.T.);
#3939=ORIENTED_EDGE('',*,*,#2308,.F.);
#3940=ORIENTED_EDGE('',*,*,#2234,.T.);
#3941=ORIENTED_EDGE('',*,*,#2239,.T.);
#3942=ORIENTED_EDGE('',*,*,#2305,.T.);
#3943=ORIENTED_EDGE('',*,*,#2820,.F.);
#3944=ORIENTED_EDGE('',*,*,#2775,.F.);
#3945=ORIENTED_EDGE('',*,*,#2590,.F.);
#3946=ORIENTED_EDGE('',*,*,#2821,.F.);
#3947=ORIENTED_EDGE('',*,*,#2818,.T.);
#3948=ORIENTED_EDGE('',*,*,#2822,.F.);
#3949=ORIENTED_EDGE('',*,*,#2300,.F.);
#3950=ORIENTED_EDGE('',*,*,#2823,.F.);
#3951=ORIENTED_EDGE('',*,*,#2266,.F.);
#3952=ORIENTED_EDGE('',*,*,#2819,.T.);
#3953=ORIENTED_EDGE('',*,*,#2823,.T.);
#3954=ORIENTED_EDGE('',*,*,#2299,.T.);
#3955=ORIENTED_EDGE('',*,*,#2824,.T.);
#3956=ORIENTED_EDGE('',*,*,#2263,.F.);
#3957=ORIENTED_EDGE('',*,*,#2824,.F.);
#3958=ORIENTED_EDGE('',*,*,#2298,.F.);
#3959=ORIENTED_EDGE('',*,*,#2296,.F.);
#3960=ORIENTED_EDGE('',*,*,#2306,.T.);
#3961=ORIENTED_EDGE('',*,*,#2821,.T.);
#3962=ORIENTED_EDGE('',*,*,#2589,.F.);
#3963=ORIENTED_EDGE('',*,*,#2279,.T.);
#3964=ORIENTED_EDGE('',*,*,#2291,.F.);
#3965=ORIENTED_EDGE('',*,*,#2774,.F.);
#3966=ORIENTED_EDGE('',*,*,#2820,.T.);
#3967=ORIENTED_EDGE('',*,*,#2304,.T.);
#3968=ORIENTED_EDGE('',*,*,#2825,.T.);
#3969=ORIENTED_EDGE('',*,*,#2771,.T.);
#3970=ORIENTED_EDGE('',*,*,#2826,.T.);
#3971=ORIENTED_EDGE('',*,*,#2827,.T.);
#3972=ORIENTED_EDGE('',*,*,#2828,.T.);
#3973=ORIENTED_EDGE('',*,*,#2769,.T.);
#3974=ORIENTED_EDGE('',*,*,#2829,.T.);
#3975=ORIENTED_EDGE('',*,*,#2830,.F.);
#3976=ORIENTED_EDGE('',*,*,#2831,.T.);
#3977=ORIENTED_EDGE('',*,*,#2770,.F.);
#3978=ORIENTED_EDGE('',*,*,#2832,.T.);
#3979=ORIENTED_EDGE('',*,*,#2833,.T.);
#3980=ORIENTED_EDGE('',*,*,#2834,.F.);
#3981=ORIENTED_EDGE('',*,*,#2767,.F.);
#3982=ORIENTED_EDGE('',*,*,#2834,.T.);
#3983=ORIENTED_EDGE('',*,*,#2835,.F.);
#3984=ORIENTED_EDGE('',*,*,#2836,.T.);
#3985=ORIENTED_EDGE('',*,*,#2764,.F.);
#3986=ORIENTED_EDGE('',*,*,#2836,.F.);
#3987=ORIENTED_EDGE('',*,*,#2837,.T.);
#3988=ORIENTED_EDGE('',*,*,#2838,.T.);
#3989=ORIENTED_EDGE('',*,*,#2839,.T.);
#3990=ORIENTED_EDGE('',*,*,#2840,.T.);
#3991=ORIENTED_EDGE('',*,*,#2761,.F.);
#3992=ORIENTED_EDGE('',*,*,#2841,.T.);
#3993=ORIENTED_EDGE('',*,*,#2759,.T.);
#3994=ORIENTED_EDGE('',*,*,#2842,.T.);
#3995=ORIENTED_EDGE('',*,*,#2843,.F.);
#3996=ORIENTED_EDGE('',*,*,#2844,.T.);
#3997=ORIENTED_EDGE('',*,*,#2760,.F.);
#3998=ORIENTED_EDGE('',*,*,#2845,.T.);
#3999=ORIENTED_EDGE('',*,*,#2846,.T.);
#4000=ORIENTED_EDGE('',*,*,#2847,.F.);
#4001=ORIENTED_EDGE('',*,*,#2757,.F.);
#4002=ORIENTED_EDGE('',*,*,#2847,.T.);
#4003=ORIENTED_EDGE('',*,*,#2848,.F.);
#4004=ORIENTED_EDGE('',*,*,#2849,.T.);
#4005=ORIENTED_EDGE('',*,*,#2754,.F.);
#4006=ORIENTED_EDGE('',*,*,#2849,.F.);
#4007=ORIENTED_EDGE('',*,*,#2850,.T.);
#4008=ORIENTED_EDGE('',*,*,#2851,.F.);
#4009=ORIENTED_EDGE('',*,*,#2852,.T.);
#4010=ORIENTED_EDGE('',*,*,#2853,.T.);
#4011=ORIENTED_EDGE('',*,*,#2751,.F.);
#4012=ORIENTED_EDGE('',*,*,#2854,.T.);
#4013=ORIENTED_EDGE('',*,*,#2855,.T.);
#4014=ORIENTED_EDGE('',*,*,#2856,.T.);
#4015=ORIENTED_EDGE('',*,*,#2815,.F.);
#4016=ORIENTED_EDGE('',*,*,#2857,.T.);
#4017=ORIENTED_EDGE('',*,*,#2607,.T.);
#4018=ORIENTED_EDGE('',*,*,#2604,.F.);
#4019=ORIENTED_EDGE('',*,*,#2602,.F.);
#4020=ORIENTED_EDGE('',*,*,#2816,.F.);
#4021=ORIENTED_EDGE('',*,*,#2856,.F.);
#4022=ORIENTED_EDGE('',*,*,#2858,.F.);
#4023=ORIENTED_EDGE('',*,*,#2859,.F.);
#4024=ORIENTED_EDGE('',*,*,#2608,.F.);
#4025=ORIENTED_EDGE('',*,*,#2599,.F.);
#4026=ORIENTED_EDGE('',*,*,#2598,.T.);
#4027=ORIENTED_EDGE('',*,*,#2596,.T.);
#4028=ORIENTED_EDGE('',*,*,#2592,.F.);
#4029=ORIENTED_EDGE('',*,*,#2609,.T.);
#4030=ORIENTED_EDGE('',*,*,#2859,.T.);
#4031=ORIENTED_EDGE('',*,*,#2860,.F.);
#4032=ORIENTED_EDGE('',*,*,#2861,.T.);
#4033=ORIENTED_EDGE('',*,*,#2776,.F.);
#4034=ORIENTED_EDGE('',*,*,#2772,.F.);
#4035=ORIENTED_EDGE('',*,*,#2828,.F.);
#4036=ORIENTED_EDGE('',*,*,#2862,.F.);
#4037=ORIENTED_EDGE('',*,*,#2829,.F.);
#4038=ORIENTED_EDGE('',*,*,#2768,.F.);
#4039=ORIENTED_EDGE('',*,*,#2765,.F.);
#4040=ORIENTED_EDGE('',*,*,#2762,.F.);
#4041=ORIENTED_EDGE('',*,*,#2840,.F.);
#4042=ORIENTED_EDGE('',*,*,#2863,.F.);
#4043=ORIENTED_EDGE('',*,*,#2842,.F.);
#4044=ORIENTED_EDGE('',*,*,#2758,.F.);
#4045=ORIENTED_EDGE('',*,*,#2755,.F.);
#4046=ORIENTED_EDGE('',*,*,#2752,.F.);
#4047=ORIENTED_EDGE('',*,*,#2853,.F.);
#4048=ORIENTED_EDGE('',*,*,#2864,.F.);
#4049=ORIENTED_EDGE('',*,*,#2865,.F.);
#4050=ORIENTED_EDGE('',*,*,#2866,.F.);
#4051=ORIENTED_EDGE('',*,*,#2867,.F.);
#4052=ORIENTED_EDGE('',*,*,#2868,.F.);
#4053=ORIENTED_EDGE('',*,*,#2750,.F.);
#4054=ORIENTED_EDGE('',*,*,#2747,.F.);
#4055=ORIENTED_EDGE('',*,*,#2746,.T.);
#4056=ORIENTED_EDGE('',*,*,#2744,.T.);
#4057=ORIENTED_EDGE('',*,*,#2742,.T.);
#4058=ORIENTED_EDGE('',*,*,#2740,.T.);
#4059=ORIENTED_EDGE('',*,*,#2738,.T.);
#4060=ORIENTED_EDGE('',*,*,#2736,.T.);
#4061=ORIENTED_EDGE('',*,*,#2734,.T.);
#4062=ORIENTED_EDGE('',*,*,#2732,.T.);
#4063=ORIENTED_EDGE('',*,*,#2730,.T.);
#4064=ORIENTED_EDGE('',*,*,#2727,.T.);
#4065=ORIENTED_EDGE('',*,*,#2726,.T.);
#4066=ORIENTED_EDGE('',*,*,#2724,.T.);
#4067=ORIENTED_EDGE('',*,*,#2722,.T.);
#4068=ORIENTED_EDGE('',*,*,#2720,.T.);
#4069=ORIENTED_EDGE('',*,*,#2718,.T.);
#4070=ORIENTED_EDGE('',*,*,#2716,.T.);
#4071=ORIENTED_EDGE('',*,*,#2714,.T.);
#4072=ORIENTED_EDGE('',*,*,#2712,.T.);
#4073=ORIENTED_EDGE('',*,*,#2710,.T.);
#4074=ORIENTED_EDGE('',*,*,#2707,.T.);
#4075=ORIENTED_EDGE('',*,*,#2706,.T.);
#4076=ORIENTED_EDGE('',*,*,#2704,.T.);
#4077=ORIENTED_EDGE('',*,*,#2702,.T.);
#4078=ORIENTED_EDGE('',*,*,#2700,.T.);
#4079=ORIENTED_EDGE('',*,*,#2698,.T.);
#4080=ORIENTED_EDGE('',*,*,#2696,.T.);
#4081=ORIENTED_EDGE('',*,*,#2694,.T.);
#4082=ORIENTED_EDGE('',*,*,#2692,.T.);
#4083=ORIENTED_EDGE('',*,*,#2690,.T.);
#4084=ORIENTED_EDGE('',*,*,#2688,.T.);
#4085=ORIENTED_EDGE('',*,*,#2686,.T.);
#4086=ORIENTED_EDGE('',*,*,#2684,.T.);
#4087=ORIENTED_EDGE('',*,*,#2682,.T.);
#4088=ORIENTED_EDGE('',*,*,#2680,.T.);
#4089=ORIENTED_EDGE('',*,*,#2678,.T.);
#4090=ORIENTED_EDGE('',*,*,#2676,.T.);
#4091=ORIENTED_EDGE('',*,*,#2674,.T.);
#4092=ORIENTED_EDGE('',*,*,#2671,.T.);
#4093=ORIENTED_EDGE('',*,*,#2670,.T.);
#4094=ORIENTED_EDGE('',*,*,#2668,.T.);
#4095=ORIENTED_EDGE('',*,*,#2666,.T.);
#4096=ORIENTED_EDGE('',*,*,#2664,.T.);
#4097=ORIENTED_EDGE('',*,*,#2662,.T.);
#4098=ORIENTED_EDGE('',*,*,#2660,.T.);
#4099=ORIENTED_EDGE('',*,*,#2658,.T.);
#4100=ORIENTED_EDGE('',*,*,#2656,.T.);
#4101=ORIENTED_EDGE('',*,*,#2654,.T.);
#4102=ORIENTED_EDGE('',*,*,#2652,.T.);
#4103=ORIENTED_EDGE('',*,*,#2650,.T.);
#4104=ORIENTED_EDGE('',*,*,#2648,.T.);
#4105=ORIENTED_EDGE('',*,*,#2646,.T.);
#4106=ORIENTED_EDGE('',*,*,#2644,.T.);
#4107=ORIENTED_EDGE('',*,*,#2642,.T.);
#4108=ORIENTED_EDGE('',*,*,#2640,.T.);
#4109=ORIENTED_EDGE('',*,*,#2638,.T.);
#4110=ORIENTED_EDGE('',*,*,#2636,.T.);
#4111=ORIENTED_EDGE('',*,*,#2634,.T.);
#4112=ORIENTED_EDGE('',*,*,#2632,.T.);
#4113=ORIENTED_EDGE('',*,*,#2630,.T.);
#4114=ORIENTED_EDGE('',*,*,#2628,.T.);
#4115=ORIENTED_EDGE('',*,*,#2626,.T.);
#4116=ORIENTED_EDGE('',*,*,#2623,.T.);
#4117=ORIENTED_EDGE('',*,*,#2622,.T.);
#4118=ORIENTED_EDGE('',*,*,#2620,.T.);
#4119=ORIENTED_EDGE('',*,*,#2618,.T.);
#4120=ORIENTED_EDGE('',*,*,#2616,.T.);
#4121=ORIENTED_EDGE('',*,*,#2614,.T.);
#4122=ORIENTED_EDGE('',*,*,#2611,.T.);
#4123=ORIENTED_EDGE('',*,*,#2869,.F.);
#4124=ORIENTED_EDGE('',*,*,#2870,.F.);
#4125=ORIENTED_EDGE('',*,*,#2871,.T.);
#4126=ORIENTED_EDGE('',*,*,#2780,.F.);
#4127=ORIENTED_EDGE('',*,*,#2868,.T.);
#4128=ORIENTED_EDGE('',*,*,#2869,.T.);
#4129=ORIENTED_EDGE('',*,*,#2356,.T.);
#4130=ORIENTED_EDGE('',*,*,#2779,.T.);
#4131=ORIENTED_EDGE('',*,*,#2355,.T.);
#4132=ORIENTED_EDGE('',*,*,#2872,.T.);
#4133=ORIENTED_EDGE('',*,*,#2777,.T.);
#4134=ORIENTED_EDGE('',*,*,#2354,.T.);
#4135=ORIENTED_EDGE('',*,*,#2873,.F.);
#4136=ORIENTED_EDGE('',*,*,#2781,.F.);
#4137=ORIENTED_EDGE('',*,*,#2872,.F.);
#4138=ORIENTED_EDGE('',*,*,#2873,.T.);
#4139=ORIENTED_EDGE('',*,*,#2353,.T.);
#4140=ORIENTED_EDGE('',*,*,#2874,.T.);
#4141=ORIENTED_EDGE('',*,*,#2784,.T.);
#4142=ORIENTED_EDGE('',*,*,#2352,.T.);
#4143=ORIENTED_EDGE('',*,*,#2875,.F.);
#4144=ORIENTED_EDGE('',*,*,#2785,.F.);
#4145=ORIENTED_EDGE('',*,*,#2874,.F.);
#4146=ORIENTED_EDGE('',*,*,#2875,.T.);
#4147=ORIENTED_EDGE('',*,*,#2351,.T.);
#4148=ORIENTED_EDGE('',*,*,#2876,.F.);
#4149=ORIENTED_EDGE('',*,*,#2787,.T.);
#4150=ORIENTED_EDGE('',*,*,#2877,.T.);
#4151=ORIENTED_EDGE('',*,*,#2790,.T.);
#4152=ORIENTED_EDGE('',*,*,#2876,.T.);
#4153=ORIENTED_EDGE('',*,*,#2350,.T.);
#4154=ORIENTED_EDGE('',*,*,#2877,.F.);
#4155=ORIENTED_EDGE('',*,*,#2349,.T.);
#4156=ORIENTED_EDGE('',*,*,#2878,.T.);
#4157=ORIENTED_EDGE('',*,*,#2794,.T.);
#4158=ORIENTED_EDGE('',*,*,#2803,.T.);
#4159=ORIENTED_EDGE('',*,*,#2797,.T.);
#4160=ORIENTED_EDGE('',*,*,#2878,.F.);
#4161=ORIENTED_EDGE('',*,*,#2348,.T.);
#4162=ORIENTED_EDGE('',*,*,#2338,.F.);
#4163=ORIENTED_EDGE('',*,*,#2879,.T.);
#4164=ORIENTED_EDGE('',*,*,#2801,.T.);
#4165=ORIENTED_EDGE('',*,*,#2361,.F.);
#4166=ORIENTED_EDGE('',*,*,#2329,.F.);
#4167=ORIENTED_EDGE('',*,*,#2880,.F.);
#4168=ORIENTED_EDGE('',*,*,#2881,.F.);
#4169=ORIENTED_EDGE('',*,*,#2882,.F.);
#4170=ORIENTED_EDGE('',*,*,#2814,.F.);
#4171=ORIENTED_EDGE('',*,*,#2813,.F.);
#4172=ORIENTED_EDGE('',*,*,#2811,.F.);
#4173=ORIENTED_EDGE('',*,*,#2809,.F.);
#4174=ORIENTED_EDGE('',*,*,#2807,.F.);
#4175=ORIENTED_EDGE('',*,*,#2804,.F.);
#4176=ORIENTED_EDGE('',*,*,#2879,.F.);
#4177=ORIENTED_EDGE('',*,*,#2861,.F.);
#4178=ORIENTED_EDGE('',*,*,#2883,.T.);
#4179=ORIENTED_EDGE('',*,*,#2884,.F.);
#4180=ORIENTED_EDGE('',*,*,#2817,.T.);
#4181=ORIENTED_EDGE('',*,*,#2822,.T.);
#4182=ORIENTED_EDGE('',*,*,#2884,.T.);
#4183=ORIENTED_EDGE('',*,*,#2885,.T.);
#4184=ORIENTED_EDGE('',*,*,#2301,.T.);
#4185=ORIENTED_EDGE('',*,*,#2826,.F.);
#4186=ORIENTED_EDGE('',*,*,#2825,.F.);
#4187=ORIENTED_EDGE('',*,*,#2303,.F.);
#4188=ORIENTED_EDGE('',*,*,#2886,.T.);
#4189=ORIENTED_EDGE('',*,*,#2830,.T.);
#4190=ORIENTED_EDGE('',*,*,#2862,.T.);
#4191=ORIENTED_EDGE('',*,*,#2827,.F.);
#4192=ORIENTED_EDGE('',*,*,#2887,.T.);
#4193=ORIENTED_EDGE('',*,*,#2831,.F.);
#4194=ORIENTED_EDGE('',*,*,#2888,.T.);
#4195=ORIENTED_EDGE('',*,*,#2889,.T.);
#4196=ORIENTED_EDGE('',*,*,#2832,.F.);
#4197=ORIENTED_EDGE('',*,*,#2890,.F.);
#4198=ORIENTED_EDGE('',*,*,#2891,.F.);
#4199=ORIENTED_EDGE('',*,*,#2837,.F.);
#4200=ORIENTED_EDGE('',*,*,#2835,.T.);
#4201=ORIENTED_EDGE('',*,*,#2833,.F.);
#4202=ORIENTED_EDGE('',*,*,#2889,.F.);
#4203=ORIENTED_EDGE('',*,*,#2841,.F.);
#4204=ORIENTED_EDGE('',*,*,#2838,.F.);
#4205=ORIENTED_EDGE('',*,*,#2891,.T.);
#4206=ORIENTED_EDGE('',*,*,#2892,.T.);
#4207=ORIENTED_EDGE('',*,*,#2843,.T.);
#4208=ORIENTED_EDGE('',*,*,#2863,.T.);
#4209=ORIENTED_EDGE('',*,*,#2839,.F.);
#4210=ORIENTED_EDGE('',*,*,#2893,.T.);
#4211=ORIENTED_EDGE('',*,*,#2844,.F.);
#4212=ORIENTED_EDGE('',*,*,#2894,.T.);
#4213=ORIENTED_EDGE('',*,*,#2895,.T.);
#4214=ORIENTED_EDGE('',*,*,#2845,.F.);
#4215=ORIENTED_EDGE('',*,*,#2896,.F.);
#4216=ORIENTED_EDGE('',*,*,#2897,.F.);
#4217=ORIENTED_EDGE('',*,*,#2850,.F.);
#4218=ORIENTED_EDGE('',*,*,#2848,.T.);
#4219=ORIENTED_EDGE('',*,*,#2846,.F.);
#4220=ORIENTED_EDGE('',*,*,#2895,.F.);
#4221=ORIENTED_EDGE('',*,*,#2854,.F.);
#4222=ORIENTED_EDGE('',*,*,#2851,.T.);
#4223=ORIENTED_EDGE('',*,*,#2897,.T.);
#4224=ORIENTED_EDGE('',*,*,#2898,.T.);
#4225=ORIENTED_EDGE('',*,*,#2899,.T.);
#4226=ORIENTED_EDGE('',*,*,#2864,.T.);
#4227=ORIENTED_EDGE('',*,*,#2852,.F.);
#4228=ORIENTED_EDGE('',*,*,#2900,.T.);
#4229=ORIENTED_EDGE('',*,*,#2857,.F.);
#4230=ORIENTED_EDGE('',*,*,#2882,.T.);
#4231=ORIENTED_EDGE('',*,*,#2901,.F.);
#4232=ORIENTED_EDGE('',*,*,#2902,.T.);
#4233=ORIENTED_EDGE('',*,*,#2860,.T.);
#4234=ORIENTED_EDGE('',*,*,#2858,.T.);
#4235=ORIENTED_EDGE('',*,*,#2855,.F.);
#4236=ORIENTED_EDGE('',*,*,#2903,.T.);
#4237=ORIENTED_EDGE('',*,*,#2904,.T.);
#4238=ORIENTED_EDGE('',*,*,#2865,.T.);
#4239=ORIENTED_EDGE('',*,*,#2899,.F.);
#4240=ORIENTED_EDGE('',*,*,#2905,.T.);
#4241=ORIENTED_EDGE('',*,*,#2906,.T.);
#4242=ORIENTED_EDGE('',*,*,#2866,.T.);
#4243=ORIENTED_EDGE('',*,*,#2904,.F.);
#4244=ORIENTED_EDGE('',*,*,#2907,.T.);
#4245=ORIENTED_EDGE('',*,*,#2870,.T.);
#4246=ORIENTED_EDGE('',*,*,#2867,.T.);
#4247=ORIENTED_EDGE('',*,*,#2906,.F.);
#4248=ORIENTED_EDGE('',*,*,#2908,.T.);
#4249=ORIENTED_EDGE('',*,*,#2871,.F.);
#4250=ORIENTED_EDGE('',*,*,#2909,.T.);
#4251=ORIENTED_EDGE('',*,*,#2910,.T.);
#4252=ORIENTED_EDGE('',*,*,#2357,.T.);
#4253=ORIENTED_EDGE('',*,*,#2228,.T.);
#4254=ORIENTED_EDGE('',*,*,#2375,.F.);
#4255=ORIENTED_EDGE('',*,*,#2224,.T.);
#4256=ORIENTED_EDGE('',*,*,#2231,.T.);
#4257=ORIENTED_EDGE('',*,*,#2222,.F.);
#4258=ORIENTED_EDGE('',*,*,#2376,.F.);
#4259=ORIENTED_EDGE('',*,*,#2226,.T.);
#4260=ORIENTED_EDGE('',*,*,#2230,.T.);
#4261=ORIENTED_EDGE('',*,*,#2333,.F.);
#4262=ORIENTED_EDGE('',*,*,#2366,.T.);
#4263=ORIENTED_EDGE('',*,*,#2374,.F.);
#4264=ORIENTED_EDGE('',*,*,#2911,.F.);
#4265=ORIENTED_EDGE('',*,*,#2880,.T.);
#4266=ORIENTED_EDGE('',*,*,#2373,.T.);
#4267=ORIENTED_EDGE('',*,*,#2912,.T.);
#4268=ORIENTED_EDGE('',*,*,#2881,.T.);
#4269=ORIENTED_EDGE('',*,*,#2911,.T.);
#4270=ORIENTED_EDGE('',*,*,#2913,.T.);
#4271=ORIENTED_EDGE('',*,*,#2901,.T.);
#4272=ORIENTED_EDGE('',*,*,#2912,.F.);
#4273=ORIENTED_EDGE('',*,*,#2372,.T.);
#4274=ORIENTED_EDGE('',*,*,#2903,.F.);
#4275=ORIENTED_EDGE('',*,*,#2902,.F.);
#4276=ORIENTED_EDGE('',*,*,#2913,.F.);
#4277=ORIENTED_EDGE('',*,*,#2371,.T.);
#4278=ORIENTED_EDGE('',*,*,#2914,.F.);
#4279=ORIENTED_EDGE('',*,*,#2900,.F.);
#4280=ORIENTED_EDGE('',*,*,#2898,.F.);
#4281=ORIENTED_EDGE('',*,*,#2896,.T.);
#4282=ORIENTED_EDGE('',*,*,#2894,.F.);
#4283=ORIENTED_EDGE('',*,*,#2893,.F.);
#4284=ORIENTED_EDGE('',*,*,#2892,.F.);
#4285=ORIENTED_EDGE('',*,*,#2890,.T.);
#4286=ORIENTED_EDGE('',*,*,#2888,.F.);
#4287=ORIENTED_EDGE('',*,*,#2887,.F.);
#4288=ORIENTED_EDGE('',*,*,#2886,.F.);
#4289=ORIENTED_EDGE('',*,*,#2302,.T.);
#4290=ORIENTED_EDGE('',*,*,#2885,.F.);
#4291=ORIENTED_EDGE('',*,*,#2883,.F.);
#4292=ORIENTED_EDGE('',*,*,#2905,.F.);
#4293=ORIENTED_EDGE('',*,*,#2914,.T.);
#4294=ORIENTED_EDGE('',*,*,#2370,.F.);
#4295=ORIENTED_EDGE('',*,*,#2915,.F.);
#4296=ORIENTED_EDGE('',*,*,#2907,.F.);
#4297=ORIENTED_EDGE('',*,*,#2915,.T.);
#4298=ORIENTED_EDGE('',*,*,#2369,.T.);
#4299=ORIENTED_EDGE('',*,*,#2916,.T.);
#4300=ORIENTED_EDGE('',*,*,#2909,.F.);
#4301=ORIENTED_EDGE('',*,*,#2908,.F.);
#4302=ORIENTED_EDGE('',*,*,#2916,.F.);
#4303=ORIENTED_EDGE('',*,*,#2368,.F.);
#4304=ORIENTED_EDGE('',*,*,#2917,.F.);
#4305=ORIENTED_EDGE('',*,*,#2358,.T.);
#4306=ORIENTED_EDGE('',*,*,#2910,.F.);
#4307=ORIENTED_EDGE('',*,*,#2917,.T.);
#4308=ORIENTED_EDGE('',*,*,#2367,.T.);
#4309=ORIENTED_EDGE('',*,*,#2346,.F.);
#4310=CYLINDRICAL_SURFACE('',#4703,0.1);
#4311=CYLINDRICAL_SURFACE('',#4706,0.0999999999999979);
#4312=CYLINDRICAL_SURFACE('',#4717,0.1);
#4313=CYLINDRICAL_SURFACE('',#4720,0.3);
#4314=CYLINDRICAL_SURFACE('',#4723,0.3);
#4315=CYLINDRICAL_SURFACE('',#4729,0.3);
#4316=CYLINDRICAL_SURFACE('',#4735,0.3);
#4317=CYLINDRICAL_SURFACE('',#4740,0.3);
#4318=CYLINDRICAL_SURFACE('',#4749,0.3);
#4319=CYLINDRICAL_SURFACE('',#4756,0.5);
#4320=CYLINDRICAL_SURFACE('',#4759,0.499999999999993);
#4321=CYLINDRICAL_SURFACE('',#4761,0.5);
#4322=CYLINDRICAL_SURFACE('',#4771,0.3);
#4323=CYLINDRICAL_SURFACE('',#4777,0.3);
#4324=CYLINDRICAL_SURFACE('',#4786,0.3);
#4325=CYLINDRICAL_SURFACE('',#4788,0.3);
#4326=CYLINDRICAL_SURFACE('',#4793,0.3);
#4327=CYLINDRICAL_SURFACE('',#4800,0.499999999999991);
#4328=CYLINDRICAL_SURFACE('',#4803,0.5);
#4329=CYLINDRICAL_SURFACE('',#4810,0.3);
#4330=CYLINDRICAL_SURFACE('',#4814,0.5);
#4331=CYLINDRICAL_SURFACE('',#4830,0.1);
#4332=CYLINDRICAL_SURFACE('',#4832,0.3);
#4333=CYLINDRICAL_SURFACE('',#4837,0.5);
#4334=CYLINDRICAL_SURFACE('',#4839,2.);
#4335=CYLINDRICAL_SURFACE('',#4841,0.1);
#4336=CYLINDRICAL_SURFACE('',#4853,0.1);
#4337=CYLINDRICAL_SURFACE('',#4861,0.5);
#4338=CYLINDRICAL_SURFACE('',#4865,0.5);
#4339=CYLINDRICAL_SURFACE('',#4874,0.3);
#4340=CYLINDRICAL_SURFACE('',#4877,0.3);
#4341=CYLINDRICAL_SURFACE('',#4880,0.3);
#4342=CYLINDRICAL_SURFACE('',#4889,0.1);
#4343=CYLINDRICAL_SURFACE('',#4900,0.1);
#4344=CYLINDRICAL_SURFACE('',#4933,0.1);
#4345=CYLINDRICAL_SURFACE('',#4934,0.5);
#4346=CYLINDRICAL_SURFACE('',#4936,0.3);
#4347=CYLINDRICAL_SURFACE('',#4937,0.5);
#4348=CYLINDRICAL_SURFACE('',#4938,0.1);
#4349=CYLINDRICAL_SURFACE('',#4939,0.5);
#4350=CYLINDRICAL_SURFACE('',#4940,0.1);
#4351=CYLINDRICAL_SURFACE('',#4941,0.1);
#4352=CYLINDRICAL_SURFACE('',#4947,0.1);
#4353=CYLINDRICAL_SURFACE('',#4949,2.);
#4354=CYLINDRICAL_SURFACE('',#4954,0.3);
#4355=CYLINDRICAL_SURFACE('',#4958,0.3);
#4356=CYLINDRICAL_SURFACE('',#4962,0.3);
#4357=CYLINDRICAL_SURFACE('',#4963,0.3);
#4358=CYLINDRICAL_SURFACE('',#4964,0.5);
#4359=CYLINDRICAL_SURFACE('',#4968,0.1);
#4360=CYLINDRICAL_SURFACE('',#4970,0.5);
#4361=CYLINDRICAL_SURFACE('',#4971,0.5);
#4362=CYLINDRICAL_SURFACE('',#4973,0.1);
#4363=CYLINDRICAL_SURFACE('',#4976,0.3);
#4364=CYLINDRICAL_SURFACE('',#5016,0.299999999999963);
#4365=CYLINDRICAL_SURFACE('',#5017,0.3);
#4366=CYLINDRICAL_SURFACE('',#5023,0.299999999999963);
#4367=CYLINDRICAL_SURFACE('',#5032,0.299999999999963);
#4368=CYLINDRICAL_SURFACE('',#5041,0.299999999999963);
#4369=CYLINDRICAL_SURFACE('',#5046,0.5);
#4370=CYLINDRICAL_SURFACE('',#5049,0.5);
#4371=CYLINDRICAL_SURFACE('',#5052,0.499999999999986);
#4372=CYLINDRICAL_SURFACE('',#5056,0.5);
#4373=CYLINDRICAL_SURFACE('',#5066,0.3);
#4374=CYLINDRICAL_SURFACE('',#5070,0.3);
#4375=CYLINDRICAL_SURFACE('',#5074,0.3);
#4376=CYLINDRICAL_SURFACE('',#5078,0.3);
#4377=CYLINDRICAL_SURFACE('',#5085,0.3);
#4378=CYLINDRICAL_SURFACE('',#5087,0.5);
#4379=CYLINDRICAL_SURFACE('',#5089,0.5);
#4380=CYLINDRICAL_SURFACE('',#5090,0.5);
#4381=CYLINDRICAL_SURFACE('',#5099,0.5);
#4382=CYLINDRICAL_SURFACE('',#5102,0.5);
#4383=CYLINDRICAL_SURFACE('',#5112,0.5);
#4384=CYLINDRICAL_SURFACE('',#5115,0.5);
#4385=CYLINDRICAL_SURFACE('',#5137,0.299999999999963);
#4386=CYLINDRICAL_SURFACE('',#5138,0.3);
#4387=CYLINDRICAL_SURFACE('',#5141,0.3);
#4388=CYLINDRICAL_SURFACE('',#5144,0.3);
#4389=CYLINDRICAL_SURFACE('',#5147,0.3);
#4390=CYLINDRICAL_SURFACE('',#5150,0.3);
#4391=CYLINDRICAL_SURFACE('',#5152,0.3);
#4392=CYLINDRICAL_SURFACE('',#5155,0.500000000000002);
#4393=CYLINDRICAL_SURFACE('',#5156,0.299999999999963);
#4394=CYLINDRICAL_SURFACE('',#5157,0.500000000000002);
#4395=CYLINDRICAL_SURFACE('',#5161,0.499999999999999);
#4396=CYLINDRICAL_SURFACE('',#5162,0.299999999999963);
#4397=CYLINDRICAL_SURFACE('',#5163,0.499999999999998);
#4398=CYLINDRICAL_SURFACE('',#5167,0.499999999999998);
#4399=CYLINDRICAL_SURFACE('',#5168,0.299999999999963);
#4400=CYLINDRICAL_SURFACE('',#5170,0.3);
#4401=CYLINDRICAL_SURFACE('',#5172,0.3);
#4402=CYLINDRICAL_SURFACE('',#5178,0.299999999999963);
#4403=CYLINDRICAL_SURFACE('',#5179,0.3);
#4404=CYLINDRICAL_SURFACE('',#5182,0.5);
#4405=CYLINDRICAL_SURFACE('',#5183,0.3);
#4406=CYLINDRICAL_SURFACE('',#5187,0.499999999999998);
#4407=CYLINDRICAL_SURFACE('',#5188,0.5);
#4408=CYLINDRICAL_SURFACE('',#5191,0.5);
#4409=ADVANCED_FACE('',(#326),#4310,.T.);
#4410=ADVANCED_FACE('',(#327),#4311,.T.);
#4411=ADVANCED_FACE('',(#328),#256,.T.);
#4412=ADVANCED_FACE('',(#329),#217,.F.);
#4413=ADVANCED_FACE('',(#330),#257,.T.);
#4414=ADVANCED_FACE('',(#331),#4312,.T.);
#4415=ADVANCED_FACE('',(#332),#4313,.T.);
#4416=ADVANCED_FACE('',(#333),#4314,.T.);
#4417=ADVANCED_FACE('',(#334),#97,.F.);
#4418=ADVANCED_FACE('',(#335),#4315,.T.);
#4419=ADVANCED_FACE('',(#336),#98,.F.);
#4420=ADVANCED_FACE('',(#337),#4316,.T.);
#4421=ADVANCED_FACE('',(#338),#99,.F.);
#4422=ADVANCED_FACE('',(#339),#4317,.T.);
#4423=ADVANCED_FACE('',(#340),#69,.T.);
#4424=ADVANCED_FACE('',(#341),#57,.T.);
#4425=ADVANCED_FACE('',(#342),#58,.T.);
#4426=ADVANCED_FACE('',(#343),#4318,.T.);
#4427=ADVANCED_FACE('',(#344),#258,.T.);
#4428=ADVANCED_FACE('',(#345),#4319,.T.);
#4429=ADVANCED_FACE('',(#346),#259,.F.);
#4430=ADVANCED_FACE('',(#347),#4320,.F.);
#4431=ADVANCED_FACE('',(#348),#4321,.T.);
#4432=ADVANCED_FACE('',(#349),#260,.F.);
#4433=ADVANCED_FACE('',(#350,#15),#261,.F.);
#4434=ADVANCED_FACE('',(#351),#4322,.T.);
#4435=ADVANCED_FACE('',(#352),#100,.F.);
#4436=ADVANCED_FACE('',(#353),#4323,.T.);
#4437=ADVANCED_FACE('',(#354),#70,.T.);
#4438=ADVANCED_FACE('',(#355),#101,.F.);
#4439=ADVANCED_FACE('',(#356),#4324,.T.);
#4440=ADVANCED_FACE('',(#357),#4325,.T.);
#4441=ADVANCED_FACE('',(#358),#102,.F.);
#4442=ADVANCED_FACE('',(#359),#4326,.T.);
#4443=ADVANCED_FACE('',(#360),#59,.T.);
#4444=ADVANCED_FACE('',(#361),#60,.T.);
#4445=ADVANCED_FACE('',(#362),#4327,.F.);
#4446=ADVANCED_FACE('',(#363),#262,.F.);
#4447=ADVANCED_FACE('',(#364),#4328,.T.);
#4448=ADVANCED_FACE('',(#365),#263,.T.);
#4449=ADVANCED_FACE('',(#366),#4329,.T.);
#4450=ADVANCED_FACE('',(#367),#264,.T.);
#4451=ADVANCED_FACE('',(#368),#265,.F.);
#4452=ADVANCED_FACE('',(#369),#4330,.T.);
#4453=ADVANCED_FACE('',(#370),#266,.F.);
#4454=ADVANCED_FACE('',(#371,#16),#267,.F.);
#4455=ADVANCED_FACE('',(#372),#268,.T.);
#4456=ADVANCED_FACE('',(#373),#71,.T.);
#4457=ADVANCED_FACE('',(#374),#4331,.T.);
#4458=ADVANCED_FACE('',(#375),#4332,.T.);
#4459=ADVANCED_FACE('',(#376),#61,.T.);
#4460=ADVANCED_FACE('',(#377),#4333,.T.);
#4461=ADVANCED_FACE('',(#378),#4334,.T.);
#4462=ADVANCED_FACE('',(#379),#4335,.T.);
#4463=ADVANCED_FACE('',(#380),#269,.F.);
#4464=ADVANCED_FACE('',(#381),#218,.F.);
#4465=ADVANCED_FACE('',(#382),#219,.F.);
#4466=ADVANCED_FACE('',(#383),#270,.F.);
#4467=ADVANCED_FACE('',(#384),#220,.F.);
#4468=ADVANCED_FACE('',(#385),#221,.F.);
#4469=ADVANCED_FACE('',(#386),#271,.T.);
#4470=ADVANCED_FACE('',(#387),#272,.F.);
#4471=ADVANCED_FACE('',(#388),#273,.T.);
#4472=ADVANCED_FACE('',(#389),#72,.T.);
#4473=ADVANCED_FACE('',(#390),#4336,.T.);
#4474=ADVANCED_FACE('',(#391),#73,.T.);
#4475=ADVANCED_FACE('',(#392),#274,.T.);
#4476=ADVANCED_FACE('',(#393),#4337,.T.);
#4477=ADVANCED_FACE('',(#394),#275,.F.);
#4478=ADVANCED_FACE('',(#395),#4338,.F.);
#4479=ADVANCED_FACE('',(#396),#62,.T.);
#4480=ADVANCED_FACE('',(#397),#276,.T.);
#4481=ADVANCED_FACE('',(#398),#74,.T.);
#4482=ADVANCED_FACE('',(#399),#4339,.T.);
#4483=ADVANCED_FACE('',(#400),#103,.F.);
#4484=ADVANCED_FACE('',(#401),#4340,.T.);
#4485=ADVANCED_FACE('',(#402),#104,.F.);
#4486=ADVANCED_FACE('',(#403),#4341,.T.);
#4487=ADVANCED_FACE('',(#404),#105,.F.);
#4488=ADVANCED_FACE('',(#405),#75,.T.);
#4489=ADVANCED_FACE('',(#406),#4342,.T.);
#4490=ADVANCED_FACE('',(#407),#76,.T.);
#4491=ADVANCED_FACE('',(#408),#277,.T.);
#4492=ADVANCED_FACE('',(#409),#77,.T.);
#4493=ADVANCED_FACE('',(#410),#4343,.T.);
#4494=ADVANCED_FACE('',(#411),#78,.T.);
#4495=ADVANCED_FACE('',(#412,#17),#278,.T.);
#4496=ADVANCED_FACE('',(#413),#279,.T.);
#4497=ADVANCED_FACE('',(#414),#280,.T.);
#4498=ADVANCED_FACE('',(#415),#281,.T.);
#4499=ADVANCED_FACE('',(#416),#282,.T.);
#4500=ADVANCED_FACE('',(#417),#63,.T.);
#4501=ADVANCED_FACE('',(#418),#64,.T.);
#4502=ADVANCED_FACE('',(#419),#4344,.T.);
#4503=ADVANCED_FACE('',(#420),#4345,.T.);
#4504=ADVANCED_FACE('',(#421),#4346,.T.);
#4505=ADVANCED_FACE('',(#422),#4347,.T.);
#4506=ADVANCED_FACE('',(#423),#4348,.T.);
#4507=ADVANCED_FACE('',(#424),#4349,.T.);
#4508=ADVANCED_FACE('',(#425),#4350,.T.);
#4509=ADVANCED_FACE('',(#426),#4351,.T.);
#4510=ADVANCED_FACE('',(#427),#79,.T.);
#4511=ADVANCED_FACE('',(#428),#283,.F.);
#4512=ADVANCED_FACE('',(#429),#4352,.T.);
#4513=ADVANCED_FACE('',(#430),#4353,.T.);
#4514=ADVANCED_FACE('',(#431),#106,.F.);
#4515=ADVANCED_FACE('',(#432),#4354,.T.);
#4516=ADVANCED_FACE('',(#433),#107,.F.);
#4517=ADVANCED_FACE('',(#434),#4355,.T.);
#4518=ADVANCED_FACE('',(#435),#80,.T.);
#4519=ADVANCED_FACE('',(#436),#4356,.T.);
#4520=ADVANCED_FACE('',(#437),#4357,.T.);
#4521=ADVANCED_FACE('',(#438),#4358,.T.);
#4522=ADVANCED_FACE('',(#439),#284,.T.);
#4523=ADVANCED_FACE('',(#440),#4359,.T.);
#4524=ADVANCED_FACE('',(#441),#4360,.T.);
#4525=ADVANCED_FACE('',(#442),#4361,.T.);
#4526=ADVANCED_FACE('',(#443),#4362,.T.);
#4527=ADVANCED_FACE('',(#444),#285,.T.);
#4528=ADVANCED_FACE('',(#445),#4363,.T.);
#4529=ADVANCED_FACE('',(#446),#286,.F.);
#4530=ADVANCED_FACE('',(#447),#222,.F.);
#4531=ADVANCED_FACE('',(#448),#223,.F.);
#4532=ADVANCED_FACE('',(#449),#287,.F.);
#4533=ADVANCED_FACE('',(#450),#224,.F.);
#4534=ADVANCED_FACE('',(#451),#225,.F.);
#4535=ADVANCED_FACE('',(#452),#108,.F.);
#4536=ADVANCED_FACE('',(#453),#226,.F.);
#4537=ADVANCED_FACE('',(#454),#227,.F.);
#4538=ADVANCED_FACE('',(#455),#109,.F.);
#4539=ADVANCED_FACE('',(#456),#110,.F.);
#4540=ADVANCED_FACE('',(#457),#228,.F.);
#4541=ADVANCED_FACE('',(#458),#288,.F.);
#4542=ADVANCED_FACE('',(#459),#229,.F.);
#4543=ADVANCED_FACE('',(#460),#230,.F.);
#4544=ADVANCED_FACE('',(#461),#231,.F.);
#4545=ADVANCED_FACE('',(#462),#232,.F.);
#4546=ADVANCED_FACE('',(#463),#233,.F.);
#4547=ADVANCED_FACE('',(#464),#111,.T.);
#4548=ADVANCED_FACE('',(#465),#112,.T.);
#4549=ADVANCED_FACE('',(#466),#234,.F.);
#4550=ADVANCED_FACE('',(#467),#235,.F.);
#4551=ADVANCED_FACE('',(#468),#236,.F.);
#4552=ADVANCED_FACE('',(#469),#237,.F.);
#4553=ADVANCED_FACE('',(#470),#113,.T.);
#4554=ADVANCED_FACE('',(#471),#114,.F.);
#4555=ADVANCED_FACE('',(#472),#238,.F.);
#4556=ADVANCED_FACE('',(#473),#115,.F.);
#4557=ADVANCED_FACE('',(#474),#116,.F.);
#4558=ADVANCED_FACE('',(#475),#239,.F.);
#4559=ADVANCED_FACE('',(#476),#240,.F.);
#4560=ADVANCED_FACE('',(#477),#289,.F.);
#4561=ADVANCED_FACE('',(#478),#241,.F.);
#4562=ADVANCED_FACE('',(#479),#117,.T.);
#4563=ADVANCED_FACE('',(#480),#242,.F.);
#4564=ADVANCED_FACE('',(#481),#290,.F.);
#4565=ADVANCED_FACE('',(#482),#243,.F.);
#4566=ADVANCED_FACE('',(#483),#244,.F.);
#4567=ADVANCED_FACE('',(#484),#291,.F.);
#4568=ADVANCED_FACE('',(#485),#245,.F.);
#4569=ADVANCED_FACE('',(#486),#246,.F.);
#4570=ADVANCED_FACE('',(#487),#292,.F.);
#4571=ADVANCED_FACE('',(#488),#293,.F.);
#4572=ADVANCED_FACE('',(#489),#294,.F.);
#4573=ADVANCED_FACE('',(#490),#295,.F.);
#4574=ADVANCED_FACE('',(#491),#296,.F.);
#4575=ADVANCED_FACE('',(#492),#297,.F.);
#4576=ADVANCED_FACE('',(#493),#247,.F.);
#4577=ADVANCED_FACE('',(#494),#248,.F.);
#4578=ADVANCED_FACE('',(#495),#298,.F.);
#4579=ADVANCED_FACE('',(#496),#299,.F.);
#4580=ADVANCED_FACE('',(#497),#300,.F.);
#4581=ADVANCED_FACE('',(#498),#249,.F.);
#4582=ADVANCED_FACE('',(#499),#250,.F.);
#4583=ADVANCED_FACE('',(#500),#301,.F.);
#4584=ADVANCED_FACE('',(#501),#302,.F.);
#4585=ADVANCED_FACE('',(#502),#303,.F.);
#4586=ADVANCED_FACE('',(#503),#251,.F.);
#4587=ADVANCED_FACE('',(#504),#304,.F.);
#4588=ADVANCED_FACE('',(#505),#305,.F.);
#4589=ADVANCED_FACE('',(#506),#306,.F.);
#4590=ADVANCED_FACE('',(#507),#252,.F.);
#4591=ADVANCED_FACE('',(#508),#253,.F.);
#4592=ADVANCED_FACE('',(#509),#307,.F.);
#4593=ADVANCED_FACE('',(#510),#308,.F.);
#4594=ADVANCED_FACE('',(#511),#309,.F.);
#4595=ADVANCED_FACE('',(#512),#254,.F.);
#4596=ADVANCED_FACE('',(#513),#255,.F.);
#4597=ADVANCED_FACE('',(#514),#4364,.T.);
#4598=ADVANCED_FACE('',(#515),#4365,.T.);
#4599=ADVANCED_FACE('',(#516),#118,.F.);
#4600=ADVANCED_FACE('',(#517),#4366,.T.);
#4601=ADVANCED_FACE('',(#518),#119,.F.);
#4602=ADVANCED_FACE('',(#519),#120,.F.);
#4603=ADVANCED_FACE('',(#520),#4367,.T.);
#4604=ADVANCED_FACE('',(#521),#121,.F.);
#4605=ADVANCED_FACE('',(#522),#122,.F.);
#4606=ADVANCED_FACE('',(#523),#4368,.T.);
#4607=ADVANCED_FACE('',(#524),#310,.T.);
#4608=ADVANCED_FACE('',(#525),#65,.T.);
#4609=ADVANCED_FACE('',(#526),#4369,.T.);
#4610=ADVANCED_FACE('',(#527),#311,.T.);
#4611=ADVANCED_FACE('',(#528),#4370,.T.);
#4612=ADVANCED_FACE('',(#529),#312,.T.);
#4613=ADVANCED_FACE('',(#530),#4371,.T.);
#4614=ADVANCED_FACE('',(#531),#313,.T.);
#4615=ADVANCED_FACE('',(#532),#4372,.F.);
#4616=ADVANCED_FACE('',(#533),#66,.T.);
#4617=ADVANCED_FACE('',(#534),#67,.T.);
#4618=ADVANCED_FACE('',(#535),#4373,.T.);
#4619=ADVANCED_FACE('',(#536),#81,.T.);
#4620=ADVANCED_FACE('',(#537),#4374,.T.);
#4621=ADVANCED_FACE('',(#538),#123,.F.);
#4622=ADVANCED_FACE('',(#539),#4375,.T.);
#4623=ADVANCED_FACE('',(#540),#124,.F.);
#4624=ADVANCED_FACE('',(#541),#4376,.T.);
#4625=ADVANCED_FACE('',(#542),#314,.T.);
#4626=ADVANCED_FACE('',(#543),#82,.T.);
#4627=ADVANCED_FACE('',(#544),#83,.T.);
#4628=ADVANCED_FACE('',(#545),#315,.T.);
#4629=ADVANCED_FACE('',(#546),#4377,.T.);
#4630=ADVANCED_FACE('',(#547),#4378,.T.);
#4631=ADVANCED_FACE('',(#548),#316,.F.);
#4632=ADVANCED_FACE('',(#549),#4379,.T.);
#4633=ADVANCED_FACE('',(#550),#4380,.T.);
#4634=ADVANCED_FACE('',(#551),#84,.T.);
#4635=ADVANCED_FACE('',(#552),#85,.T.);
#4636=ADVANCED_FACE('',(#553),#4381,.T.);
#4637=ADVANCED_FACE('',(#554),#317,.T.);
#4638=ADVANCED_FACE('',(#555),#4382,.T.);
#4639=ADVANCED_FACE('',(#556),#86,.T.);
#4640=ADVANCED_FACE('',(#557),#87,.T.);
#4641=ADVANCED_FACE('',(#558),#4383,.T.);
#4642=ADVANCED_FACE('',(#559),#318,.T.);
#4643=ADVANCED_FACE('',(#560),#4384,.T.);
#4644=ADVANCED_FACE('',(#561),#88,.T.);
#4645=ADVANCED_FACE('',(#562),#89,.T.);
#4646=ADVANCED_FACE('',(#563),#319,.T.);
#4647=ADVANCED_FACE('',(#564),#90,.T.);
#4648=ADVANCED_FACE('',(#565,#18,#19,#20,#21,#22),#320,.T.);
#4649=ADVANCED_FACE('',(#566),#68,.T.);
#4650=ADVANCED_FACE('',(#567),#4385,.T.);
#4651=ADVANCED_FACE('',(#568),#4386,.T.);
#4652=ADVANCED_FACE('',(#569),#125,.F.);
#4653=ADVANCED_FACE('',(#570),#4387,.T.);
#4654=ADVANCED_FACE('',(#571),#126,.F.);
#4655=ADVANCED_FACE('',(#572),#4388,.T.);
#4656=ADVANCED_FACE('',(#573),#127,.F.);
#4657=ADVANCED_FACE('',(#574),#4389,.T.);
#4658=ADVANCED_FACE('',(#575),#91,.T.);
#4659=ADVANCED_FACE('',(#576),#4390,.T.);
#4660=ADVANCED_FACE('',(#577),#321,.T.);
#4661=ADVANCED_FACE('',(#578),#4391,.F.);
#4662=ADVANCED_FACE('',(#579),#92,.T.);
#4663=ADVANCED_FACE('',(#580),#4392,.F.);
#4664=ADVANCED_FACE('',(#581),#4393,.T.);
#4665=ADVANCED_FACE('',(#582),#4394,.F.);
#4666=ADVANCED_FACE('',(#583),#322,.T.);
#4667=ADVANCED_FACE('',(#584),#4395,.F.);
#4668=ADVANCED_FACE('',(#585),#4396,.T.);
#4669=ADVANCED_FACE('',(#586),#4397,.F.);
#4670=ADVANCED_FACE('',(#587),#323,.T.);
#4671=ADVANCED_FACE('',(#588),#4398,.F.);
#4672=ADVANCED_FACE('',(#589),#4399,.T.);
#4673=ADVANCED_FACE('',(#590),#4400,.F.);
#4674=ADVANCED_FACE('',(#591),#4401,.T.);
#4675=ADVANCED_FACE('',(#592),#93,.T.);
#4676=ADVANCED_FACE('',(#593),#128,.F.);
#4677=ADVANCED_FACE('',(#594),#4402,.T.);
#4678=ADVANCED_FACE('',(#595),#4403,.T.);
#4679=ADVANCED_FACE('',(#596),#94,.T.);
#4680=ADVANCED_FACE('',(#597),#95,.T.);
#4681=ADVANCED_FACE('',(#598),#4404,.T.);
#4682=ADVANCED_FACE('',(#599),#4405,.T.);
#4683=ADVANCED_FACE('',(#600),#96,.T.);
#4684=ADVANCED_FACE('',(#601),#324,.F.);
#4685=ADVANCED_FACE('',(#602),#4406,.F.);
#4686=ADVANCED_FACE('',(#603),#4407,.T.);
#4687=ADVANCED_FACE('',(#604),#325,.T.);
#4688=ADVANCED_FACE('',(#605),#4408,.T.);
#4689=CLOSED_SHELL('',(#4409,#4410,#4411,#4412,#4413,#4414,#4415,#4416,
#4417,#4418,#4419,#4420,#4421,#4422,#4423,#4424,#4425,#4426,#4427,#4428,
#4429,#4430,#4431,#4432,#4433,#4434,#4435,#4436,#4437,#4438,#4439,#4440,
#4441,#4442,#4443,#4444,#4445,#4446,#4447,#4448,#4449,#4450,#4451,#4452,
#4453,#4454,#4455,#4456,#4457,#4458,#4459,#4460,#4461,#4462,#4463,#4464,
#4465,#4466,#4467,#4468,#4469,#4470,#4471,#4472,#4473,#4474,#4475,#4476,
#4477,#4478,#4479,#4480,#4481,#4482,#4483,#4484,#4485,#4486,#4487,#4488,
#4489,#4490,#4491,#4492,#4493,#4494,#4495,#4496,#4497,#4498,#4499,#4500,
#4501,#4502,#4503,#4504,#4505,#4506,#4507,#4508,#4509,#4510,#4511,#4512,
#4513,#4514,#4515,#4516,#4517,#4518,#4519,#4520,#4521,#4522,#4523,#4524,
#4525,#4526,#4527,#4528,#4529,#4530,#4531,#4532,#4533,#4534,#4535,#4536,
#4537,#4538,#4539,#4540,#4541,#4542,#4543,#4544,#4545,#4546,#4547,#4548,
#4549,#4550,#4551,#4552,#4553,#4554,#4555,#4556,#4557,#4558,#4559,#4560,
#4561,#4562,#4563,#4564,#4565,#4566,#4567,#4568,#4569,#4570,#4571,#4572,
#4573,#4574,#4575,#4576,#4577,#4578,#4579,#4580,#4581,#4582,#4583,#4584,
#4585,#4586,#4587,#4588,#4589,#4590,#4591,#4592,#4593,#4594,#4595,#4596,
#4597,#4598,#4599,#4600,#4601,#4602,#4603,#4604,#4605,#4606,#4607,#4608,
#4609,#4610,#4611,#4612,#4613,#4614,#4615,#4616,#4617,#4618,#4619,#4620,
#4621,#4622,#4623,#4624,#4625,#4626,#4627,#4628,#4629,#4630,#4631,#4632,
#4633,#4634,#4635,#4636,#4637,#4638,#4639,#4640,#4641,#4642,#4643,#4644,
#4645,#4646,#4647,#4648,#4649,#4650,#4651,#4652,#4653,#4654,#4655,#4656,
#4657,#4658,#4659,#4660,#4661,#4662,#4663,#4664,#4665,#4666,#4667,#4668,
#4669,#4670,#4671,#4672,#4673,#4674,#4675,#4676,#4677,#4678,#4679,#4680,
#4681,#4682,#4683,#4684,#4685,#4686,#4687,#4688));
#4690=DERIVED_UNIT_ELEMENT(#4692,1.);
#4691=DERIVED_UNIT_ELEMENT(#8964,-3.);
#4692=(
MASS_UNIT()
NAMED_UNIT(*)
SI_UNIT(.KILO.,.GRAM.)
);
#4693=DERIVED_UNIT((#4690,#4691));
#4694=MEASURE_REPRESENTATION_ITEM('density measure',
POSITIVE_RATIO_MEASURE(7850.),#4693);
#4695=PROPERTY_DEFINITION_REPRESENTATION(#4700,#4697);
#4696=PROPERTY_DEFINITION_REPRESENTATION(#4701,#4698);
#4697=REPRESENTATION('material name',(#4699),#8961);
#4698=REPRESENTATION('density',(#4694),#8961);
#4699=DESCRIPTIVE_REPRESENTATION_ITEM('Steel','Steel');
#4700=PROPERTY_DEFINITION('material property','material name',#8971);
#4701=PROPERTY_DEFINITION('material property','density of part',#8971);
#4702=AXIS2_PLACEMENT_3D('',#6500,#5192,#5193);
#4703=AXIS2_PLACEMENT_3D('',#6501,#5194,#5195);
#4704=AXIS2_PLACEMENT_3D('',#6504,#5196,#5197);
#4705=AXIS2_PLACEMENT_3D('',#6508,#5199,#5200);
#4706=AXIS2_PLACEMENT_3D('',#6510,#5202,#5203);
#4707=AXIS2_PLACEMENT_3D('',#6513,#5204,#5205);
#4708=AXIS2_PLACEMENT_3D('',#6517,#5207,#5208);
#4709=AXIS2_PLACEMENT_3D('',#6519,#5210,#5211);
#4710=AXIS2_PLACEMENT_3D('',#6520,#5212,#5213);
#4711=AXIS2_PLACEMENT_3D('',#6521,#5214,#5215);
#4712=AXIS2_PLACEMENT_3D('',#6557,#5217,#5218);
#4713=AXIS2_PLACEMENT_3D('',#6560,#5220,#5221);
#4714=AXIS2_PLACEMENT_3D('',#6561,#5222,#5223);
#4715=AXIS2_PLACEMENT_3D('',#6563,#5224,#5225);
#4716=AXIS2_PLACEMENT_3D('',#6566,#5227,#5228);
#4717=AXIS2_PLACEMENT_3D('',#6567,#5229,#5230);
#4718=AXIS2_PLACEMENT_3D('',#6569,#5231,#5232);
#4719=AXIS2_PLACEMENT_3D('',#6582,#5233,#5234);
#4720=AXIS2_PLACEMENT_3D('',#6584,#5236,#5237);
#4721=AXIS2_PLACEMENT_3D('',#6587,#5238,#5239);
#4722=AXIS2_PLACEMENT_3D('',#6591,#5241,#5242);
#4723=AXIS2_PLACEMENT_3D('',#6593,#5244,#5245);
#4724=AXIS2_PLACEMENT_3D('',#6595,#5246,#5247);
#4725=AXIS2_PLACEMENT_3D('',#6599,#5249,#5250);
#4726=AXIS2_PLACEMENT_3D('',#6612,#5252,#5253);
#4727=AXIS2_PLACEMENT_3D('',#6613,#5254,#5255);
#4728=AXIS2_PLACEMENT_3D('',#6614,#5256,#5257);
#4729=AXIS2_PLACEMENT_3D('',#6615,#5258,#5259);
#4730=AXIS2_PLACEMENT_3D('',#6618,#5260,#5261);
#4731=AXIS2_PLACEMENT_3D('',#6632,#5264,#5265);
#4732=AXIS2_PLACEMENT_3D('',#6634,#5266,#5267);
#4733=AXIS2_PLACEMENT_3D('',#6636,#5268,#5269);
#4734=AXIS2_PLACEMENT_3D('',#6637,#5270,#5271);
#4735=AXIS2_PLACEMENT_3D('',#6638,#5272,#5273);
#4736=AXIS2_PLACEMENT_3D('',#6641,#5274,#5275);
#4737=AXIS2_PLACEMENT_3D('',#6661,#5278,#5279);
#4738=AXIS2_PLACEMENT_3D('',#6662,#5280,#5281);
#4739=AXIS2_PLACEMENT_3D('',#6663,#5282,#5283);
#4740=AXIS2_PLACEMENT_3D('',#6664,#5284,#5285);
#4741=AXIS2_PLACEMENT_3D('',#6666,#5286,#5287);
#4742=AXIS2_PLACEMENT_3D('',#6669,#5290,#5291);
#4743=AXIS2_PLACEMENT_3D('',#6670,#5292,#5293);
#4744=AXIS2_PLACEMENT_3D('',#6671,#5294,#5295);
#4745=AXIS2_PLACEMENT_3D('',#6672,#5296,#5297);
#4746=AXIS2_PLACEMENT_3D('',#6673,#5298,#5299);
#4747=AXIS2_PLACEMENT_3D('',#6674,#5300,#5301);
#4748=AXIS2_PLACEMENT_3D('',#6675,#5302,#5303);
#4749=AXIS2_PLACEMENT_3D('',#6676,#5304,#5305);
#4750=AXIS2_PLACEMENT_3D('',#6680,#5307,#5308);
#4751=AXIS2_PLACEMENT_3D('',#6682,#5310,#5311);
#4752=AXIS2_PLACEMENT_3D('',#6694,#5317,#5318);
#4753=AXIS2_PLACEMENT_3D('',#6698,#5320,#5321);
#4754=AXIS2_PLACEMENT_3D('',#6702,#5323,#5324);
#4755=AXIS2_PLACEMENT_3D('',#6705,#5326,#5327);
#4756=AXIS2_PLACEMENT_3D('',#6706,#5328,#5329);
#4757=AXIS2_PLACEMENT_3D('',#6709,#5331,#5332);
#4758=AXIS2_PLACEMENT_3D('',#6710,#5333,#5334);
#4759=AXIS2_PLACEMENT_3D('',#6714,#5337,#5338);
#4760=AXIS2_PLACEMENT_3D('',#6717,#5340,#5341);
#4761=AXIS2_PLACEMENT_3D('',#6718,#5342,#5343);
#4762=AXIS2_PLACEMENT_3D('',#6721,#5345,#5346);
#4763=AXIS2_PLACEMENT_3D('',#6722,#5347,#5348);
#4764=AXIS2_PLACEMENT_3D('',#6723,#5349,#5350);
#4765=AXIS2_PLACEMENT_3D('',#6727,#5352,#5353);
#4766=AXIS2_PLACEMENT_3D('',#6731,#5355,#5356);
#4767=AXIS2_PLACEMENT_3D('',#6735,#5358,#5359);
#4768=AXIS2_PLACEMENT_3D('',#6737,#5360,#5361);
#4769=AXIS2_PLACEMENT_3D('',#6741,#5364,#5365);
#4770=AXIS2_PLACEMENT_3D('',#6742,#5366,#5367);
#4771=AXIS2_PLACEMENT_3D('',#6743,#5368,#5369);
#4772=AXIS2_PLACEMENT_3D('',#6746,#5370,#5371);
#4773=AXIS2_PLACEMENT_3D('',#6750,#5373,#5374);
#4774=AXIS2_PLACEMENT_3D('',#6763,#5376,#5377);
#4775=AXIS2_PLACEMENT_3D('',#6764,#5378,#5379);
#4776=AXIS2_PLACEMENT_3D('',#6765,#5380,#5381);
#4777=AXIS2_PLACEMENT_3D('',#6766,#5382,#5383);
#4778=AXIS2_PLACEMENT_3D('',#6769,#5384,#5385);
#4779=AXIS2_PLACEMENT_3D('',#6772,#5388,#5389);
#4780=AXIS2_PLACEMENT_3D('',#6775,#5390,#5391);
#4781=AXIS2_PLACEMENT_3D('',#6776,#5392,#5393);
#4782=AXIS2_PLACEMENT_3D('',#6777,#5394,#5395);
#4783=AXIS2_PLACEMENT_3D('',#6789,#5396,#5397);
#4784=AXIS2_PLACEMENT_3D('',#6790,#5398,#5399);
#4785=AXIS2_PLACEMENT_3D('',#6791,#5400,#5401);
#4786=AXIS2_PLACEMENT_3D('',#6792,#5402,#5403);
#4787=AXIS2_PLACEMENT_3D('',#6795,#5404,#5405);
#4788=AXIS2_PLACEMENT_3D('',#6798,#5408,#5409);
#4789=AXIS2_PLACEMENT_3D('',#6801,#5410,#5411);
#4790=AXIS2_PLACEMENT_3D('',#6805,#5413,#5414);
#4791=AXIS2_PLACEMENT_3D('',#6822,#5416,#5417);
#4792=AXIS2_PLACEMENT_3D('',#6823,#5418,#5419);
#4793=AXIS2_PLACEMENT_3D('',#6824,#5420,#5421);
#4794=AXIS2_PLACEMENT_3D('',#6826,#5422,#5423);
#4795=AXIS2_PLACEMENT_3D('',#6829,#5425,#5426);
#4796=AXIS2_PLACEMENT_3D('',#6831,#5428,#5429);
#4797=AXIS2_PLACEMENT_3D('',#6832,#5430,#5431);
#4798=AXIS2_PLACEMENT_3D('',#6833,#5432,#5433);
#4799=AXIS2_PLACEMENT_3D('',#6834,#5434,#5435);
#4800=AXIS2_PLACEMENT_3D('',#6835,#5436,#5437);
#4801=AXIS2_PLACEMENT_3D('',#6839,#5439,#5440);
#4802=AXIS2_PLACEMENT_3D('',#6841,#5442,#5443);
#4803=AXIS2_PLACEMENT_3D('',#6845,#5446,#5447);
#4804=AXIS2_PLACEMENT_3D('',#6848,#5449,#5450);
#4805=AXIS2_PLACEMENT_3D('',#6849,#5451,#5452);
#4806=AXIS2_PLACEMENT_3D('',#6853,#5454,#5455);
#4807=AXIS2_PLACEMENT_3D('',#6857,#5457,#5458);
#4808=AXIS2_PLACEMENT_3D('',#6861,#5460,#5461);
#4809=AXIS2_PLACEMENT_3D('',#6865,#5463,#5464);
#4810=AXIS2_PLACEMENT_3D('',#6873,#5469,#5470);
#4811=AXIS2_PLACEMENT_3D('',#6876,#5472,#5473);
#4812=AXIS2_PLACEMENT_3D('',#6877,#5474,#5475);
#4813=AXIS2_PLACEMENT_3D('',#6881,#5478,#5479);
#4814=AXIS2_PLACEMENT_3D('',#6882,#5480,#5481);
#4815=AXIS2_PLACEMENT_3D('',#6884,#5482,#5483);
#4816=AXIS2_PLACEMENT_3D('',#6886,#5485,#5486);
#4817=AXIS2_PLACEMENT_3D('',#6890,#5489,#5490);
#4818=AXIS2_PLACEMENT_3D('',#6896,#5493,#5494);
#4819=AXIS2_PLACEMENT_3D('',#6898,#5495,#5496);
#4820=AXIS2_PLACEMENT_3D('',#6902,#5498,#5499);
#4821=AXIS2_PLACEMENT_3D('',#6905,#5501,#5502);
#4822=AXIS2_PLACEMENT_3D('',#6906,#5503,#5504);
#4823=AXIS2_PLACEMENT_3D('',#6907,#5505,#5506);
#4824=AXIS2_PLACEMENT_3D('',#6908,#5507,#5508);
#4825=AXIS2_PLACEMENT_3D('',#6933,#5511,#5512);
#4826=AXIS2_PLACEMENT_3D('',#6936,#5513,#5514);
#4827=AXIS2_PLACEMENT_3D('',#6938,#5515,#5516);
#4828=AXIS2_PLACEMENT_3D('',#6940,#5517,#5518);
#4829=AXIS2_PLACEMENT_3D('',#6941,#5519,#5520);
#4830=AXIS2_PLACEMENT_3D('',#6942,#5521,#5522);
#4831=AXIS2_PLACEMENT_3D('',#6945,#5523,#5524);
#4832=AXIS2_PLACEMENT_3D('',#6948,#5527,#5528);
#4833=AXIS2_PLACEMENT_3D('',#6950,#5529,#5530);
#4834=AXIS2_PLACEMENT_3D('',#6954,#5532,#5533);
#4835=AXIS2_PLACEMENT_3D('',#6956,#5535,#5536);
#4836=AXIS2_PLACEMENT_3D('',#6957,#5537,#5538);
#4837=AXIS2_PLACEMENT_3D('',#6958,#5539,#5540);
#4838=AXIS2_PLACEMENT_3D('',#6963,#5542,#5543);
#4839=AXIS2_PLACEMENT_3D('',#6970,#5545,#5546);
#4840=AXIS2_PLACEMENT_3D('',#6974,#5548,#5549);
#4841=AXIS2_PLACEMENT_3D('',#6976,#5551,#5552);
#4842=AXIS2_PLACEMENT_3D('',#6978,#5553,#5554);
#4843=AXIS2_PLACEMENT_3D('',#6981,#5557,#5558);
#4844=AXIS2_PLACEMENT_3D('',#7015,#5564,#5565);
#4845=AXIS2_PLACEMENT_3D('',#7045,#5569,#5570);
#4846=AXIS2_PLACEMENT_3D('',#7051,#5574,#5575);
#4847=AXIS2_PLACEMENT_3D('',#7053,#5576,#5577);
#4848=AXIS2_PLACEMENT_3D('',#7054,#5578,#5579);
#4849=AXIS2_PLACEMENT_3D('',#7055,#5580,#5581);
#4850=AXIS2_PLACEMENT_3D('',#7059,#5584,#5585);
#4851=AXIS2_PLACEMENT_3D('',#7061,#5586,#5587);
#4852=AXIS2_PLACEMENT_3D('',#7069,#5588,#5589);
#4853=AXIS2_PLACEMENT_3D('',#7070,#5590,#5591);
#4854=AXIS2_PLACEMENT_3D('',#7073,#5592,#5593);
#4855=AXIS2_PLACEMENT_3D('',#7077,#5595,#5596);
#4856=AXIS2_PLACEMENT_3D('',#7079,#5598,#5599);
#4857=AXIS2_PLACEMENT_3D('',#7081,#5600,#5601);
#4858=AXIS2_PLACEMENT_3D('',#7083,#5602,#5603);
#4859=AXIS2_PLACEMENT_3D('',#7084,#5604,#5605);
#4860=AXIS2_PLACEMENT_3D('',#7085,#5606,#5607);
#4861=AXIS2_PLACEMENT_3D('',#7091,#5611,#5612);
#4862=AXIS2_PLACEMENT_3D('',#7094,#5613,#5614);
#4863=AXIS2_PLACEMENT_3D('',#7098,#5616,#5617);
#4864=AXIS2_PLACEMENT_3D('',#7100,#5619,#5620);
#4865=AXIS2_PLACEMENT_3D('',#7106,#5624,#5625);
#4866=AXIS2_PLACEMENT_3D('',#7107,#5626,#5627);
#4867=AXIS2_PLACEMENT_3D('',#7108,#5628,#5629);
#4868=AXIS2_PLACEMENT_3D('',#7109,#5630,#5631);
#4869=AXIS2_PLACEMENT_3D('',#7111,#5632,#5633);
#4870=AXIS2_PLACEMENT_3D('',#7112,#5634,#5635);
#4871=AXIS2_PLACEMENT_3D('',#7113,#5636,#5637);
#4872=AXIS2_PLACEMENT_3D('',#7115,#5639,#5640);
#4873=AXIS2_PLACEMENT_3D('',#7116,#5641,#5642);
#4874=AXIS2_PLACEMENT_3D('',#7117,#5643,#5644);
#4875=AXIS2_PLACEMENT_3D('',#7118,#5645,#5646);
#4876=AXIS2_PLACEMENT_3D('',#7128,#5647,#5648);
#4877=AXIS2_PLACEMENT_3D('',#7129,#5649,#5650);
#4878=AXIS2_PLACEMENT_3D('',#7130,#5651,#5652);
#4879=AXIS2_PLACEMENT_3D('',#7141,#5654,#5655);
#4880=AXIS2_PLACEMENT_3D('',#7142,#5656,#5657);
#4881=AXIS2_PLACEMENT_3D('',#7143,#5658,#5659);
#4882=AXIS2_PLACEMENT_3D('',#7154,#5660,#5661);
#4883=AXIS2_PLACEMENT_3D('',#7155,#5662,#5663);
#4884=AXIS2_PLACEMENT_3D('',#7156,#5664,#5665);
#4885=AXIS2_PLACEMENT_3D('',#7159,#5666,#5667);
#4886=AXIS2_PLACEMENT_3D('',#7160,#5668,#5669);
#4887=AXIS2_PLACEMENT_3D('',#7162,#5670,#5671);
#4888=AXIS2_PLACEMENT_3D('',#7164,#5672,#5673);
#4889=AXIS2_PLACEMENT_3D('',#7171,#5674,#5675);
#4890=AXIS2_PLACEMENT_3D('',#7173,#5676,#5677);
#4891=AXIS2_PLACEMENT_3D('',#7175,#5679,#5680);
#4892=AXIS2_PLACEMENT_3D('',#7177,#5681,#5682);
#4893=AXIS2_PLACEMENT_3D('',#7178,#5683,#5684);
#4894=AXIS2_PLACEMENT_3D('',#7179,#5685,#5686);
#4895=AXIS2_PLACEMENT_3D('',#7185,#5690,#5691);
#4896=AXIS2_PLACEMENT_3D('',#7187,#5692,#5693);
#4897=AXIS2_PLACEMENT_3D('',#7189,#5694,#5695);
#4898=AXIS2_PLACEMENT_3D('',#7191,#5696,#5697);
#4899=AXIS2_PLACEMENT_3D('',#7192,#5698,#5699);
#4900=AXIS2_PLACEMENT_3D('',#7193,#5700,#5701);
#4901=AXIS2_PLACEMENT_3D('',#7195,#5702,#5703);
#4902=AXIS2_PLACEMENT_3D('',#7197,#5705,#5706);
#4903=AXIS2_PLACEMENT_3D('',#7199,#5707,#5708);
#4904=AXIS2_PLACEMENT_3D('',#7201,#5709,#5710);
#4905=AXIS2_PLACEMENT_3D('',#7209,#5711,#5712);
#4906=AXIS2_PLACEMENT_3D('',#7210,#5713,#5714);
#4907=AXIS2_PLACEMENT_3D('',#7235,#5717,#5718);
#4908=AXIS2_PLACEMENT_3D('',#7330,#5719,#5720);
#4909=AXIS2_PLACEMENT_3D('',#7332,#5721,#5722);
#4910=AXIS2_PLACEMENT_3D('',#7334,#5723,#5724);
#4911=AXIS2_PLACEMENT_3D('',#7336,#5725,#5726);
#4912=AXIS2_PLACEMENT_3D('',#7415,#5727,#5728);
#4913=AXIS2_PLACEMENT_3D('',#7417,#5729,#5730);
#4914=AXIS2_PLACEMENT_3D('',#7419,#5731,#5732);
#4915=AXIS2_PLACEMENT_3D('',#7426,#5733,#5734);
#4916=AXIS2_PLACEMENT_3D('',#7428,#5735,#5736);
#4917=AXIS2_PLACEMENT_3D('',#7435,#5737,#5738);
#4918=AXIS2_PLACEMENT_3D('',#7437,#5739,#5740);
#4919=AXIS2_PLACEMENT_3D('',#7444,#5741,#5742);
#4920=AXIS2_PLACEMENT_3D('',#7446,#5743,#5744);
#4921=AXIS2_PLACEMENT_3D('',#7463,#5746,#5747);
#4922=AXIS2_PLACEMENT_3D('',#7523,#5757,#5758);
#4923=AXIS2_PLACEMENT_3D('',#7524,#5759,#5760);
#4924=AXIS2_PLACEMENT_3D('',#7557,#5767,#5768);
#4925=AXIS2_PLACEMENT_3D('',#7590,#5775,#5776);
#4926=AXIS2_PLACEMENT_3D('',#7592,#5777,#5778);
#4927=AXIS2_PLACEMENT_3D('',#7594,#5779,#5780);
#4928=AXIS2_PLACEMENT_3D('',#7595,#5781,#5782);
#4929=AXIS2_PLACEMENT_3D('',#7596,#5783,#5784);
#4930=AXIS2_PLACEMENT_3D('',#7599,#5785,#5786);
#4931=AXIS2_PLACEMENT_3D('',#7600,#5787,#5788);
#4932=AXIS2_PLACEMENT_3D('',#7601,#5789,#5790);
#4933=AXIS2_PLACEMENT_3D('',#7602,#5791,#5792);
#4934=AXIS2_PLACEMENT_3D('',#7611,#5794,#5795);
#4935=AXIS2_PLACEMENT_3D('',#7614,#5797,#5798);
#4936=AXIS2_PLACEMENT_3D('',#7615,#5799,#5800);
#4937=AXIS2_PLACEMENT_3D('',#7617,#5802,#5803);
#4938=AXIS2_PLACEMENT_3D('',#7626,#5805,#5806);
#4939=AXIS2_PLACEMENT_3D('',#7628,#5808,#5809);
#4940=AXIS2_PLACEMENT_3D('',#7630,#5811,#5812);
#4941=AXIS2_PLACEMENT_3D('',#7639,#5814,#5815);
#4942=AXIS2_PLACEMENT_3D('',#7648,#5816,#5817);
#4943=AXIS2_PLACEMENT_3D('',#7650,#5819,#5820);
#4944=AXIS2_PLACEMENT_3D('',#7652,#5821,#5822);
#4945=AXIS2_PLACEMENT_3D('',#7659,#5823,#5824);
#4946=AXIS2_PLACEMENT_3D('',#7661,#5825,#5826);
#4947=AXIS2_PLACEMENT_3D('',#7665,#5829,#5830);
#4948=AXIS2_PLACEMENT_3D('',#7673,#5832,#5833);
#4949=AXIS2_PLACEMENT_3D('',#7674,#5834,#5835);
#4950=AXIS2_PLACEMENT_3D('',#7686,#5837,#5838);
#4951=AXIS2_PLACEMENT_3D('',#7688,#5839,#5840);
#4952=AXIS2_PLACEMENT_3D('',#7690,#5841,#5842);
#4953=AXIS2_PLACEMENT_3D('',#7691,#5843,#5844);
#4954=AXIS2_PLACEMENT_3D('',#7692,#5845,#5846);
#4955=AXIS2_PLACEMENT_3D('',#7695,#5848,#5849);
#4956=AXIS2_PLACEMENT_3D('',#7706,#5850,#5851);
#4957=AXIS2_PLACEMENT_3D('',#7707,#5852,#5853);
#4958=AXIS2_PLACEMENT_3D('',#7708,#5854,#5855);
#4959=AXIS2_PLACEMENT_3D('',#7711,#5857,#5858);
#4960=AXIS2_PLACEMENT_3D('',#7712,#5859,#5860);
#4961=AXIS2_PLACEMENT_3D('',#7713,#5861,#5862);
#4962=AXIS2_PLACEMENT_3D('',#7714,#5863,#5864);
#4963=AXIS2_PLACEMENT_3D('',#7716,#5866,#5867);
#4964=AXIS2_PLACEMENT_3D('',#7729,#5869,#5870);
#4965=AXIS2_PLACEMENT_3D('',#7731,#5871,#5872);
#4966=AXIS2_PLACEMENT_3D('',#7734,#5874,#5875);
#4967=AXIS2_PLACEMENT_3D('',#7736,#5877,#5878);
#4968=AXIS2_PLACEMENT_3D('',#7740,#5881,#5882);
#4969=AXIS2_PLACEMENT_3D('',#7746,#5883,#5884);
#4970=AXIS2_PLACEMENT_3D('',#7747,#5885,#5886);
#4971=AXIS2_PLACEMENT_3D('',#7749,#5888,#5889);
#4972=AXIS2_PLACEMENT_3D('',#7754,#5891,#5892);
#4973=AXIS2_PLACEMENT_3D('',#7761,#5894,#5895);
#4974=AXIS2_PLACEMENT_3D('',#7763,#5896,#5897);
#4975=AXIS2_PLACEMENT_3D('',#7766,#5900,#5901);
#4976=AXIS2_PLACEMENT_3D('',#7768,#5903,#5904);
#4977=AXIS2_PLACEMENT_3D('',#7772,#5906,#5907);
#4978=AXIS2_PLACEMENT_3D('',#7774,#5909,#5910);
#4979=AXIS2_PLACEMENT_3D('',#7808,#5916,#5917);
#4980=AXIS2_PLACEMENT_3D('',#7846,#5921,#5922);
#4981=AXIS2_PLACEMENT_3D('',#7858,#5925,#5926);
#4982=AXIS2_PLACEMENT_3D('',#7881,#5929,#5930);
#4983=AXIS2_PLACEMENT_3D('',#7890,#5932,#5933);
#4984=AXIS2_PLACEMENT_3D('',#7906,#5936,#5937);
#4985=AXIS2_PLACEMENT_3D('',#7986,#5943,#5944);
#4986=AXIS2_PLACEMENT_3D('',#7997,#5946,#5947);
#4987=AXIS2_PLACEMENT_3D('',#8006,#5949,#5950);
#4988=AXIS2_PLACEMENT_3D('',#8015,#5952,#5953);
#4989=AXIS2_PLACEMENT_3D('',#8107,#5958,#5959);
#4990=AXIS2_PLACEMENT_3D('',#8116,#5961,#5962);
#4991=AXIS2_PLACEMENT_3D('',#8125,#5964,#5965);
#4992=AXIS2_PLACEMENT_3D('',#8148,#5968,#5969);
#4993=AXIS2_PLACEMENT_3D('',#8157,#5971,#5972);
#4994=AXIS2_PLACEMENT_3D('',#8187,#5976,#5977);
#4995=AXIS2_PLACEMENT_3D('',#8212,#5981,#5982);
#4996=AXIS2_PLACEMENT_3D('',#8228,#5985,#5986);
#4997=AXIS2_PLACEMENT_3D('',#8260,#5991,#5992);
#4998=AXIS2_PLACEMENT_3D('',#8292,#5997,#5998);
#4999=AXIS2_PLACEMENT_3D('',#8296,#6001,#6002);
#5000=AXIS2_PLACEMENT_3D('',#8300,#6005,#6006);
#5001=AXIS2_PLACEMENT_3D('',#8304,#6009,#6010);
#5002=AXIS2_PLACEMENT_3D('',#8308,#6013,#6014);
#5003=AXIS2_PLACEMENT_3D('',#8312,#6017,#6018);
#5004=AXIS2_PLACEMENT_3D('',#8344,#6023,#6024);
#5005=AXIS2_PLACEMENT_3D('',#8348,#6027,#6028);
#5006=AXIS2_PLACEMENT_3D('',#8352,#6031,#6032);
#5007=AXIS2_PLACEMENT_3D('',#8384,#6037,#6038);
#5008=AXIS2_PLACEMENT_3D('',#8388,#6041,#6042);
#5009=AXIS2_PLACEMENT_3D('',#8392,#6045,#6046);
#5010=AXIS2_PLACEMENT_3D('',#8408,#6049,#6050);
#5011=AXIS2_PLACEMENT_3D('',#8414,#6054,#6055);
#5012=AXIS2_PLACEMENT_3D('',#8418,#6058,#6059);
#5013=AXIS2_PLACEMENT_3D('',#8450,#6064,#6065);
#5014=AXIS2_PLACEMENT_3D('',#8454,#6068,#6069);
#5015=AXIS2_PLACEMENT_3D('',#8458,#6072,#6073);
#5016=AXIS2_PLACEMENT_3D('',#8488,#6077,#6078);
#5017=AXIS2_PLACEMENT_3D('',#8490,#6080,#6081);
#5018=AXIS2_PLACEMENT_3D('',#8493,#6082,#6083);
#5019=AXIS2_PLACEMENT_3D('',#8507,#6086,#6087);
#5020=AXIS2_PLACEMENT_3D('',#8509,#6088,#6089);
#5021=AXIS2_PLACEMENT_3D('',#8511,#6090,#6091);
#5022=AXIS2_PLACEMENT_3D('',#8512,#6092,#6093);
#5023=AXIS2_PLACEMENT_3D('',#8513,#6094,#6095);
#5024=AXIS2_PLACEMENT_3D('',#8517,#6097,#6098);
#5025=AXIS2_PLACEMENT_3D('',#8529,#6100,#6101);
#5026=AXIS2_PLACEMENT_3D('',#8531,#6102,#6103);
#5027=AXIS2_PLACEMENT_3D('',#8532,#6104,#6105);
#5028=AXIS2_PLACEMENT_3D('',#8544,#6106,#6107);
#5029=AXIS2_PLACEMENT_3D('',#8546,#6108,#6109);
#5030=AXIS2_PLACEMENT_3D('',#8548,#6110,#6111);
#5031=AXIS2_PLACEMENT_3D('',#8549,#6112,#6113);
#5032=AXIS2_PLACEMENT_3D('',#8550,#6114,#6115);
#5033=AXIS2_PLACEMENT_3D('',#8554,#6117,#6118);
#5034=AXIS2_PLACEMENT_3D('',#8566,#6120,#6121);
#5035=AXIS2_PLACEMENT_3D('',#8568,#6122,#6123);
#5036=AXIS2_PLACEMENT_3D('',#8569,#6124,#6125);
#5037=AXIS2_PLACEMENT_3D('',#8581,#6126,#6127);
#5038=AXIS2_PLACEMENT_3D('',#8583,#6128,#6129);
#5039=AXIS2_PLACEMENT_3D('',#8585,#6130,#6131);
#5040=AXIS2_PLACEMENT_3D('',#8586,#6132,#6133);
#5041=AXIS2_PLACEMENT_3D('',#8587,#6134,#6135);
#5042=AXIS2_PLACEMENT_3D('',#8590,#6138,#6139);
#5043=AXIS2_PLACEMENT_3D('',#8594,#6142,#6143);
#5044=AXIS2_PLACEMENT_3D('',#8595,#6144,#6145);
#5045=AXIS2_PLACEMENT_3D('',#8596,#6146,#6147);
#5046=AXIS2_PLACEMENT_3D('',#8597,#6148,#6149);
#5047=AXIS2_PLACEMENT_3D('',#8599,#6150,#6151);
#5048=AXIS2_PLACEMENT_3D('',#8601,#6153,#6154);
#5049=AXIS2_PLACEMENT_3D('',#8605,#6157,#6158);
#5050=AXIS2_PLACEMENT_3D('',#8607,#6159,#6160);
#5051=AXIS2_PLACEMENT_3D('',#8609,#6162,#6163);
#5052=AXIS2_PLACEMENT_3D('',#8615,#6167,#6168);
#5053=AXIS2_PLACEMENT_3D('',#8617,#6169,#6170);
#5054=AXIS2_PLACEMENT_3D('',#8620,#6172,#6173);
#5055=AXIS2_PLACEMENT_3D('',#8621,#6174,#6175);
#5056=AXIS2_PLACEMENT_3D('',#8627,#6179,#6180);
#5057=AXIS2_PLACEMENT_3D('',#8629,#6181,#6182);
#5058=AXIS2_PLACEMENT_3D('',#8631,#6183,#6184);
#5059=AXIS2_PLACEMENT_3D('',#8633,#6186,#6187);
#5060=AXIS2_PLACEMENT_3D('',#8635,#6188,#6189);
#5061=AXIS2_PLACEMENT_3D('',#8636,#6190,#6191);
#5062=AXIS2_PLACEMENT_3D('',#8637,#6192,#6193);
#5063=AXIS2_PLACEMENT_3D('',#8638,#6194,#6195);
#5064=AXIS2_PLACEMENT_3D('',#8639,#6196,#6197);
#5065=AXIS2_PLACEMENT_3D('',#8640,#6198,#6199);
#5066=AXIS2_PLACEMENT_3D('',#8641,#6200,#6201);
#5067=AXIS2_PLACEMENT_3D('',#8642,#6202,#6203);
#5068=AXIS2_PLACEMENT_3D('',#8644,#6204,#6205);
#5069=AXIS2_PLACEMENT_3D('',#8645,#6206,#6207);
#5070=AXIS2_PLACEMENT_3D('',#8646,#6208,#6209);
#5071=AXIS2_PLACEMENT_3D('',#8648,#6210,#6211);
#5072=AXIS2_PLACEMENT_3D('',#8660,#6213,#6214);
#5073=AXIS2_PLACEMENT_3D('',#8661,#6215,#6216);
#5074=AXIS2_PLACEMENT_3D('',#8662,#6217,#6218);
#5075=AXIS2_PLACEMENT_3D('',#8664,#6219,#6220);
#5076=AXIS2_PLACEMENT_3D('',#8676,#6222,#6223);
#5077=AXIS2_PLACEMENT_3D('',#8677,#6224,#6225);
#5078=AXIS2_PLACEMENT_3D('',#8678,#6226,#6227);
#5079=AXIS2_PLACEMENT_3D('',#8682,#6229,#6230);
#5080=AXIS2_PLACEMENT_3D('',#8684,#6232,#6233);
#5081=AXIS2_PLACEMENT_3D('',#8690,#6237,#6238);
#5082=AXIS2_PLACEMENT_3D('',#8691,#6239,#6240);
#5083=AXIS2_PLACEMENT_3D('',#8692,#6241,#6242);
#5084=AXIS2_PLACEMENT_3D('',#8694,#6244,#6245);
#5085=AXIS2_PLACEMENT_3D('',#8695,#6246,#6247);
#5086=AXIS2_PLACEMENT_3D('',#8696,#6248,#6249);
#5087=AXIS2_PLACEMENT_3D('',#8707,#6250,#6251);
#5088=AXIS2_PLACEMENT_3D('',#8709,#6253,#6254);
#5089=AXIS2_PLACEMENT_3D('',#8710,#6255,#6256);
#5090=AXIS2_PLACEMENT_3D('',#8711,#6257,#6258);
#5091=AXIS2_PLACEMENT_3D('',#8713,#6260,#6261);
#5092=AXIS2_PLACEMENT_3D('',#8715,#6262,#6263);
#5093=AXIS2_PLACEMENT_3D('',#8717,#6264,#6265);
#5094=AXIS2_PLACEMENT_3D('',#8718,#6266,#6267);
#5095=AXIS2_PLACEMENT_3D('',#8719,#6268,#6269);
#5096=AXIS2_PLACEMENT_3D('',#8721,#6270,#6271);
#5097=AXIS2_PLACEMENT_3D('',#8723,#6272,#6273);
#5098=AXIS2_PLACEMENT_3D('',#8724,#6274,#6275);
#5099=AXIS2_PLACEMENT_3D('',#8725,#6276,#6277);
#5100=AXIS2_PLACEMENT_3D('',#8729,#6279,#6280);
#5101=AXIS2_PLACEMENT_3D('',#8731,#6282,#6283);
#5102=AXIS2_PLACEMENT_3D('',#8735,#6286,#6287);
#5103=AXIS2_PLACEMENT_3D('',#8737,#6288,#6289);
#5104=AXIS2_PLACEMENT_3D('',#8739,#6291,#6292);
#5105=AXIS2_PLACEMENT_3D('',#8742,#6293,#6294);
#5106=AXIS2_PLACEMENT_3D('',#8743,#6295,#6296);
#5107=AXIS2_PLACEMENT_3D('',#8744,#6297,#6298);
#5108=AXIS2_PLACEMENT_3D('',#8745,#6299,#6300);
#5109=AXIS2_PLACEMENT_3D('',#8747,#6301,#6302);
#5110=AXIS2_PLACEMENT_3D('',#8749,#6303,#6304);
#5111=AXIS2_PLACEMENT_3D('',#8750,#6305,#6306);
#5112=AXIS2_PLACEMENT_3D('',#8751,#6307,#6308);
#5113=AXIS2_PLACEMENT_3D('',#8755,#6310,#6311);
#5114=AXIS2_PLACEMENT_3D('',#8757,#6313,#6314);
#5115=AXIS2_PLACEMENT_3D('',#8761,#6317,#6318);
#5116=AXIS2_PLACEMENT_3D('',#8763,#6319,#6320);
#5117=AXIS2_PLACEMENT_3D('',#8765,#6322,#6323);
#5118=AXIS2_PLACEMENT_3D('',#8768,#6324,#6325);
#5119=AXIS2_PLACEMENT_3D('',#8769,#6326,#6327);
#5120=AXIS2_PLACEMENT_3D('',#8770,#6328,#6329);
#5121=AXIS2_PLACEMENT_3D('',#8771,#6330,#6331);
#5122=AXIS2_PLACEMENT_3D('',#8774,#6332,#6333);
#5123=AXIS2_PLACEMENT_3D('',#8775,#6334,#6335);
#5124=AXIS2_PLACEMENT_3D('',#8776,#6336,#6337);
#5125=AXIS2_PLACEMENT_3D('',#8777,#6338,#6339);
#5126=AXIS2_PLACEMENT_3D('',#8780,#6341,#6342);
#5127=AXIS2_PLACEMENT_3D('',#8781,#6343,#6344);
#5128=AXIS2_PLACEMENT_3D('',#8783,#6345,#6346);
#5129=AXIS2_PLACEMENT_3D('',#8784,#6347,#6348);
#5130=AXIS2_PLACEMENT_3D('',#8785,#6349,#6350);
#5131=AXIS2_PLACEMENT_3D('',#8791,#6354,#6355);
#5132=AXIS2_PLACEMENT_3D('',#8793,#6356,#6357);
#5133=AXIS2_PLACEMENT_3D('',#8797,#6360,#6361);
#5134=AXIS2_PLACEMENT_3D('',#8798,#6362,#6363);
#5135=AXIS2_PLACEMENT_3D('',#8800,#6364,#6365);
#5136=AXIS2_PLACEMENT_3D('',#8801,#6366,#6367);
#5137=AXIS2_PLACEMENT_3D('',#8802,#6368,#6369);
#5138=AXIS2_PLACEMENT_3D('',#8803,#6370,#6371);
#5139=AXIS2_PLACEMENT_3D('',#8804,#6372,#6373);
#5140=AXIS2_PLACEMENT_3D('',#8814,#6374,#6375);
#5141=AXIS2_PLACEMENT_3D('',#8815,#6376,#6377);
#5142=AXIS2_PLACEMENT_3D('',#8816,#6378,#6379);
#5143=AXIS2_PLACEMENT_3D('',#8826,#6380,#6381);
#5144=AXIS2_PLACEMENT_3D('',#8827,#6382,#6383);
#5145=AXIS2_PLACEMENT_3D('',#8828,#6384,#6385);
#5146=AXIS2_PLACEMENT_3D('',#8838,#6386,#6387);
#5147=AXIS2_PLACEMENT_3D('',#8839,#6388,#6389);
#5148=AXIS2_PLACEMENT_3D('',#8840,#6390,#6391);
#5149=AXIS2_PLACEMENT_3D('',#8841,#6392,#6393);
#5150=AXIS2_PLACEMENT_3D('',#8842,#6394,#6395);
#5151=AXIS2_PLACEMENT_3D('',#8844,#6397,#6398);
#5152=AXIS2_PLACEMENT_3D('',#8850,#6402,#6403);
#5153=AXIS2_PLACEMENT_3D('',#8853,#6405,#6406);
#5154=AXIS2_PLACEMENT_3D('',#8854,#6407,#6408);
#5155=AXIS2_PLACEMENT_3D('',#8861,#6409,#6410);
#5156=AXIS2_PLACEMENT_3D('',#8863,#6412,#6413);
#5157=AXIS2_PLACEMENT_3D('',#8865,#6415,#6416);
#5158=AXIS2_PLACEMENT_3D('',#8868,#6418,#6419);
#5159=AXIS2_PLACEMENT_3D('',#8869,#6420,#6421);
#5160=AXIS2_PLACEMENT_3D('',#8872,#6423,#6424);
#5161=AXIS2_PLACEMENT_3D('',#8873,#6425,#6426);
#5162=AXIS2_PLACEMENT_3D('',#8875,#6428,#6429);
#5163=AXIS2_PLACEMENT_3D('',#8877,#6431,#6432);
#5164=AXIS2_PLACEMENT_3D('',#8880,#6434,#6435);
#5165=AXIS2_PLACEMENT_3D('',#8881,#6436,#6437);
#5166=AXIS2_PLACEMENT_3D('',#8884,#6439,#6440);
#5167=AXIS2_PLACEMENT_3D('',#8885,#6441,#6442);
#5168=AXIS2_PLACEMENT_3D('',#8887,#6444,#6445);
#5169=AXIS2_PLACEMENT_3D('',#8889,#6446,#6447);
#5170=AXIS2_PLACEMENT_3D('',#8891,#6449,#6450);
#5171=AXIS2_PLACEMENT_3D('',#8893,#6451,#6452);
#5172=AXIS2_PLACEMENT_3D('',#8895,#6454,#6455);
#5173=AXIS2_PLACEMENT_3D('',#8897,#6457,#6458);
#5174=AXIS2_PLACEMENT_3D('',#8899,#6459,#6460);
#5175=AXIS2_PLACEMENT_3D('',#8900,#6461,#6462);
#5176=AXIS2_PLACEMENT_3D('',#8911,#6463,#6464);
#5177=AXIS2_PLACEMENT_3D('',#8912,#6465,#6466);
#5178=AXIS2_PLACEMENT_3D('',#8913,#6467,#6468);
#5179=AXIS2_PLACEMENT_3D('',#8915,#6470,#6471);
#5180=AXIS2_PLACEMENT_3D('',#8928,#6473,#6474);
#5181=AXIS2_PLACEMENT_3D('',#8929,#6475,#6476);
#5182=AXIS2_PLACEMENT_3D('',#8930,#6477,#6478);
#5183=AXIS2_PLACEMENT_3D('',#8941,#6479,#6480);
#5184=AXIS2_PLACEMENT_3D('',#8942,#6481,#6482);
#5185=AXIS2_PLACEMENT_3D('',#8943,#6483,#6484);
#5186=AXIS2_PLACEMENT_3D('',#8950,#6485,#6486);
#5187=AXIS2_PLACEMENT_3D('',#8952,#6488,#6489);
#5188=AXIS2_PLACEMENT_3D('',#8954,#6491,#6492);
#5189=AXIS2_PLACEMENT_3D('',#8956,#6494,#6495);
#5190=AXIS2_PLACEMENT_3D('',#8957,#6496,#6497);
#5191=AXIS2_PLACEMENT_3D('',#8958,#6498,#6499);
#5192=DIRECTION('axis',(0.,0.,1.));
#5193=DIRECTION('refdir',(1.,0.,0.));
#5194=DIRECTION('center_axis',(-1.,0.,0.));
#5195=DIRECTION('ref_axis',(0.,0.,1.));
#5196=DIRECTION('center_axis',(1.,0.,0.));
#5197=DIRECTION('ref_axis',(0.,0.,1.));
#5198=DIRECTION('',(1.,0.,0.));
#5199=DIRECTION('center_axis',(1.,0.,0.));
#5200=DIRECTION('ref_axis',(0.,0.,1.));
#5201=DIRECTION('',(1.,1.22464679914735E-16,0.));
#5202=DIRECTION('center_axis',(-1.,0.,0.));
#5203=DIRECTION('ref_axis',(0.,-1.,0.));
#5204=DIRECTION('center_axis',(-1.,0.,0.));
#5205=DIRECTION('ref_axis',(0.,0.,-1.));
#5206=DIRECTION('',(-1.,-1.22464679914735E-16,0.));
#5207=DIRECTION('center_axis',(1.,0.,0.));
#5208=DIRECTION('ref_axis',(0.,-1.,0.));
#5209=DIRECTION('',(1.,0.,0.));
#5210=DIRECTION('center_axis',(0.,-1.,0.));
#5211=DIRECTION('ref_axis',(1.,0.,0.));
#5212=DIRECTION('center_axis',(0.,1.,0.));
#5213=DIRECTION('ref_axis',(-1.,0.,-1.77635683940026E-14));
#5214=DIRECTION('center_axis',(0.,1.,0.));
#5215=DIRECTION('ref_axis',(1.,0.,1.77635683940026E-14));
#5216=DIRECTION('',(1.,0.,0.));
#5217=DIRECTION('center_axis',(1.,0.,0.));
#5218=DIRECTION('ref_axis',(0.,0.,1.));
#5219=DIRECTION('',(1.,1.22464679914735E-16,0.));
#5220=DIRECTION('center_axis',(-1.22464679914735E-16,1.,0.));
#5221=DIRECTION('ref_axis',(0.,0.,1.));
#5222=DIRECTION('center_axis',(0.,-1.,0.));
#5223=DIRECTION('ref_axis',(1.,0.,0.));
#5224=DIRECTION('center_axis',(0.,1.,0.));
#5225=DIRECTION('ref_axis',(-1.,0.,0.));
#5226=DIRECTION('',(-1.,0.,0.));
#5227=DIRECTION('center_axis',(0.,1.,0.));
#5228=DIRECTION('ref_axis',(1.,0.,1.77635683940026E-14));
#5229=DIRECTION('center_axis',(1.,0.,0.));
#5230=DIRECTION('ref_axis',(0.,-0.707106781186477,-0.707106781186618));
#5231=DIRECTION('center_axis',(1.,0.,0.));
#5232=DIRECTION('ref_axis',(0.,-1.,0.));
#5233=DIRECTION('center_axis',(-1.22464679914735E-16,1.,0.));
#5234=DIRECTION('ref_axis',(0.,0.,1.));
#5235=DIRECTION('',(-1.,-1.22464679914735E-16,5.5511151231259E-16));
#5236=DIRECTION('center_axis',(1.,0.,0.));
#5237=DIRECTION('ref_axis',(0.,-0.707106781186519,-0.707106781186576));
#5238=DIRECTION('center_axis',(1.,0.,0.));
#5239=DIRECTION('ref_axis',(0.,-1.,0.));
#5240=DIRECTION('',(1.,0.,0.));
#5241=DIRECTION('center_axis',(-1.,0.,0.));
#5242=DIRECTION('ref_axis',(0.,0.,-1.));
#5243=DIRECTION('',(-1.,0.,0.));
#5244=DIRECTION('center_axis',(0.,0.,1.));
#5245=DIRECTION('ref_axis',(-0.707106781186589,-0.707106781186506,0.));
#5246=DIRECTION('center_axis',(0.,0.,1.));
#5247=DIRECTION('ref_axis',(-1.,0.,0.));
#5248=DIRECTION('',(0.,0.,1.));
#5249=DIRECTION('center_axis',(0.,0.,-1.));
#5250=DIRECTION('ref_axis',(0.,-1.,0.));
#5251=DIRECTION('',(0.,0.,-1.));
#5252=DIRECTION('center_axis',(-1.,0.,0.));
#5253=DIRECTION('ref_axis',(0.,-1.,0.));
#5254=DIRECTION('center_axis',(0.,-1.,0.));
#5255=DIRECTION('ref_axis',(-0.707106781186565,0.,0.70710678118653));
#5256=DIRECTION('center_axis',(0.,1.,0.));
#5257=DIRECTION('ref_axis',(-0.707106781186565,0.,0.70710678118653));
#5258=DIRECTION('center_axis',(1.,0.,0.));
#5259=DIRECTION('ref_axis',(0.,-0.707106781186519,0.707106781186576));
#5260=DIRECTION('center_axis',(-1.,0.,0.));
#5261=DIRECTION('ref_axis',(0.,-1.,0.));
#5262=DIRECTION('',(-1.,0.,0.));
#5263=DIRECTION('',(1.,0.,0.));
#5264=DIRECTION('center_axis',(0.799999999999994,0.,0.600000000000008));
#5265=DIRECTION('ref_axis',(-0.600000000000008,0.,0.799999999999994));
#5266=DIRECTION('center_axis',(0.,1.,0.));
#5267=DIRECTION('ref_axis',(-0.316227766016864,0.,0.948683298050505));
#5268=DIRECTION('center_axis',(-1.,0.,0.));
#5269=DIRECTION('ref_axis',(0.,-1.,0.));
#5270=DIRECTION('center_axis',(0.,-1.,0.));
#5271=DIRECTION('ref_axis',(-0.316227766016864,0.,0.948683298050505));
#5272=DIRECTION('center_axis',(-1.,0.,0.));
#5273=DIRECTION('ref_axis',(0.,-0.707106781186561,0.707106781186534));
#5274=DIRECTION('center_axis',(-1.,0.,0.));
#5275=DIRECTION('ref_axis',(0.,-1.,0.));
#5276=DIRECTION('',(-1.,0.,0.));
#5277=DIRECTION('',(1.,0.,0.));
#5278=DIRECTION('center_axis',(0.,0.,1.));
#5279=DIRECTION('ref_axis',(0.,-1.,0.));
#5280=DIRECTION('center_axis',(0.,-1.,0.));
#5281=DIRECTION('ref_axis',(0.707106781186529,0.,0.707106781186566));
#5282=DIRECTION('center_axis',(0.,1.,0.));
#5283=DIRECTION('ref_axis',(0.707106781186529,0.,0.707106781186566));
#5284=DIRECTION('center_axis',(0.,0.,1.));
#5285=DIRECTION('ref_axis',(0.707106781186589,-0.707106781186506,0.));
#5286=DIRECTION('center_axis',(0.,0.,1.));
#5287=DIRECTION('ref_axis',(0.,-1.,0.));
#5288=DIRECTION('',(0.,0.,1.));
#5289=DIRECTION('',(0.,0.,-1.));
#5290=DIRECTION('center_axis',(0.,-1.,0.));
#5291=DIRECTION('ref_axis',(0.,0.,-1.));
#5292=DIRECTION('center_axis',(0.,1.,0.));
#5293=DIRECTION('ref_axis',(0.316227766016801,0.,-0.948683298050526));
#5294=DIRECTION('center_axis',(0.,-1.,0.));
#5295=DIRECTION('ref_axis',(0.316227766016801,0.,-0.948683298050526));
#5296=DIRECTION('center_axis',(-0.408248290463939,0.408248290463844,-0.816496580927697));
#5297=DIRECTION('ref_axis',(0.577350269189594,-0.577350269189641,-0.577350269189643));
#5298=DIRECTION('center_axis',(1.22464679914735E-16,-1.,0.));
#5299=DIRECTION('ref_axis',(0.70710678118656,0.,-0.707106781186535));
#5300=DIRECTION('center_axis',(0.408248290463775,-0.816496580927693,0.408248290464017));
#5301=DIRECTION('ref_axis',(-0.577350269189406,-0.577350269189737,-0.577350269189734));
#5302=DIRECTION('center_axis',(1.22464679914735E-16,-1.,0.));
#5303=DIRECTION('ref_axis',(-0.70710678118656,0.,-0.707106781186535));
#5304=DIRECTION('center_axis',(-1.22464679914735E-16,1.,0.));
#5305=DIRECTION('ref_axis',(-0.707106781186561,-8.65956056235507E-17,-0.707106781186534));
#5306=DIRECTION('',(-1.22464679914735E-16,1.,0.));
#5307=DIRECTION('center_axis',(-1.22464679914735E-16,1.,0.));
#5308=DIRECTION('ref_axis',(-0.70710678118656,-8.65956056235506E-17,-0.707106781186535));
#5309=DIRECTION('',(1.22464679914735E-16,-1.,0.));
#5310=DIRECTION('center_axis',(-1.,0.,0.));
#5311=DIRECTION('ref_axis',(0.,0.,1.));
#5312=DIRECTION('',(0.,-1.,0.));
#5313=DIRECTION('',(0.,0.,-1.));
#5314=DIRECTION('',(-1.22464679914735E-16,1.,-1.64451785522601E-15));
#5315=DIRECTION('',(0.,0.,-1.));
#5316=DIRECTION('',(0.,-1.,0.));
#5317=DIRECTION('center_axis',(1.,0.,0.));
#5318=DIRECTION('ref_axis',(0.,0.707106781186603,0.707106781186493));
#5319=DIRECTION('',(0.,0.,1.));
#5320=DIRECTION('center_axis',(1.,0.,0.));
#5321=DIRECTION('ref_axis',(0.,0.989400395497485,-0.145213144685388));
#5322=DIRECTION('',(0.,0.287347885566348,0.957826285221151));
#5323=DIRECTION('center_axis',(1.,0.,0.));
#5324=DIRECTION('ref_axis',(0.,0.938861847318957,-0.344294106323119));
#5325=DIRECTION('',(-1.22464679914735E-16,1.,0.));
#5326=DIRECTION('center_axis',(-1.,-1.22464679914735E-16,0.));
#5327=DIRECTION('ref_axis',(5.30287619362537E-17,-0.433012701892289,0.901387818865964));
#5328=DIRECTION('center_axis',(0.,-1.,0.));
#5329=DIRECTION('ref_axis',(-0.707106781186578,0.,0.707106781186517));
#5330=DIRECTION('',(0.,1.,0.));
#5331=DIRECTION('center_axis',(0.,0.707106781186542,0.707106781186553));
#5332=DIRECTION('ref_axis',(4.90653893338676E-17,-0.707106781186553,0.707106781186542));
#5333=DIRECTION('center_axis',(0.,0.,-1.));
#5334=DIRECTION('ref_axis',(0.,1.,0.));
#5335=DIRECTION('',(0.,-1.,0.));
#5336=DIRECTION('',(1.,0.,0.));
#5337=DIRECTION('center_axis',(0.,1.,0.));
#5338=DIRECTION('ref_axis',(0.799999999999994,0.,-0.600000000000008));
#5339=DIRECTION('',(0.,-1.,0.));
#5340=DIRECTION('center_axis',(1.22464679914735E-16,-1.,0.));
#5341=DIRECTION('ref_axis',(0.799999999999994,0.,-0.600000000000008));
#5342=DIRECTION('center_axis',(0.,-1.,0.));
#5343=DIRECTION('ref_axis',(-0.316227766016848,0.,0.948683298050511));
#5344=DIRECTION('',(0.,1.,0.));
#5345=DIRECTION('center_axis',(-1.22464679914735E-16,1.,0.));
#5346=DIRECTION('ref_axis',(-0.316227766016848,0.,0.948683298050511));
#5347=DIRECTION('center_axis',(0.,1.,0.));
#5348=DIRECTION('ref_axis',(0.,0.,1.));
#5349=DIRECTION('center_axis',(-1.22464679914735E-16,1.,0.));
#5350=DIRECTION('ref_axis',(1.,1.22464679914735E-16,-2.77555756156314E-17));
#5351=DIRECTION('',(1.,1.22464679914735E-16,0.));
#5352=DIRECTION('center_axis',(-1.22464679914735E-16,1.,0.));
#5353=DIRECTION('ref_axis',(0.707106781186528,8.65956056235466E-17,0.707106781186568));
#5354=DIRECTION('',(0.,0.,-1.));
#5355=DIRECTION('center_axis',(1.22464679914735E-16,-1.,0.));
#5356=DIRECTION('ref_axis',(-0.707106781186553,-8.65956056235498E-17,0.707106781186542));
#5357=DIRECTION('',(1.,1.22464679914735E-16,0.));
#5358=DIRECTION('center_axis',(1.22464679914735E-16,-1.,0.));
#5359=DIRECTION('ref_axis',(-0.316227766016847,-3.87267321454049E-17,0.948683298050511));
#5360=DIRECTION('center_axis',(-1.22464679914735E-16,1.,0.));
#5361=DIRECTION('ref_axis',(0.31622776601678,3.87267321453967E-17,-0.948683298050533));
#5362=DIRECTION('',(1.,1.22464679914735E-16,-2.77555756156314E-17));
#5363=DIRECTION('',(0.,0.,1.));
#5364=DIRECTION('center_axis',(-1.22464679914735E-16,1.,0.));
#5365=DIRECTION('ref_axis',(0.,0.,1.));
#5366=DIRECTION('center_axis',(-1.22464679914735E-16,1.,0.));
#5367=DIRECTION('ref_axis',(1.77635683940025E-14,2.17540971751502E-30,-1.));
#5368=DIRECTION('center_axis',(0.,0.,-1.));
#5369=DIRECTION('ref_axis',(0.707106781186589,-0.707106781186506,0.));
#5370=DIRECTION('center_axis',(0.,0.,-1.));
#5371=DIRECTION('ref_axis',(1.,0.,0.));
#5372=DIRECTION('',(0.,0.,-1.));
#5373=DIRECTION('center_axis',(0.,0.,1.));
#5374=DIRECTION('ref_axis',(0.,-1.,0.));
#5375=DIRECTION('',(0.,0.,1.));
#5376=DIRECTION('center_axis',(1.,0.,0.));
#5377=DIRECTION('ref_axis',(0.,0.,1.));
#5378=DIRECTION('center_axis',(0.,1.,0.));
#5379=DIRECTION('ref_axis',(0.707106781186565,0.,0.70710678118653));
#5380=DIRECTION('center_axis',(0.,-1.,0.));
#5381=DIRECTION('ref_axis',(0.707106781186565,0.,0.70710678118653));
#5382=DIRECTION('center_axis',(1.,0.,-6.11157893011993E-15));
#5383=DIRECTION('ref_axis',(0.,-0.707106781186519,0.707106781186576));
#5384=DIRECTION('center_axis',(1.,0.,0.));
#5385=DIRECTION('ref_axis',(0.,0.,1.));
#5386=DIRECTION('',(1.,0.,-6.11157893011993E-15));
#5387=DIRECTION('',(-1.,0.,6.11157893011993E-15));
#5388=DIRECTION('center_axis',(0.,1.,0.));
#5389=DIRECTION('ref_axis',(0.,0.,1.));
#5390=DIRECTION('center_axis',(0.800000000000005,0.,-0.599999999999993));
#5391=DIRECTION('ref_axis',(0.599999999999993,0.,0.800000000000005));
#5392=DIRECTION('center_axis',(0.,-1.,0.));
#5393=DIRECTION('ref_axis',(-0.316227766016801,0.,-0.948683298050526));
#5394=DIRECTION('center_axis',(0.,1.,0.));
#5395=DIRECTION('ref_axis',(-0.316227766016801,0.,-0.948683298050526));
#5396=DIRECTION('center_axis',(1.,0.,0.));
#5397=DIRECTION('ref_axis',(0.,0.,1.));
#5398=DIRECTION('center_axis',(0.,1.,0.));
#5399=DIRECTION('ref_axis',(0.316227766016864,0.,0.948683298050505));
#5400=DIRECTION('center_axis',(0.,-1.,0.));
#5401=DIRECTION('ref_axis',(0.316227766016864,0.,0.948683298050505));
#5402=DIRECTION('center_axis',(-1.,0.,0.));
#5403=DIRECTION('ref_axis',(0.,-0.707106781186561,0.707106781186534));
#5404=DIRECTION('center_axis',(1.,0.,0.));
#5405=DIRECTION('ref_axis',(0.,0.,1.));
#5406=DIRECTION('',(1.,0.,0.));
#5407=DIRECTION('',(-1.,0.,0.));
#5408=DIRECTION('center_axis',(0.,0.,-1.));
#5409=DIRECTION('ref_axis',(-0.707106781186589,-0.707106781186506,0.));
#5410=DIRECTION('center_axis',(-2.31296463463566E-16,0.,-1.));
#5411=DIRECTION('ref_axis',(0.,-1.,0.));
#5412=DIRECTION('',(0.,0.,-1.));
#5413=DIRECTION('center_axis',(0.,0.,1.));
#5414=DIRECTION('ref_axis',(-1.,0.,0.));
#5415=DIRECTION('',(0.,0.,1.));
#5416=DIRECTION('center_axis',(0.,1.,0.));
#5417=DIRECTION('ref_axis',(-0.707106781186565,0.,0.70710678118653));
#5418=DIRECTION('center_axis',(0.,-1.,0.));
#5419=DIRECTION('ref_axis',(-0.707106781186565,0.,0.70710678118653));
#5420=DIRECTION('center_axis',(1.,0.,0.));
#5421=DIRECTION('ref_axis',(0.,-0.707106781186519,-0.707106781186576));
#5422=DIRECTION('center_axis',(1.,0.,0.));
#5423=DIRECTION('ref_axis',(0.,-1.,0.));
#5424=DIRECTION('',(1.,0.,0.));
#5425=DIRECTION('center_axis',(-1.,0.,0.));
#5426=DIRECTION('ref_axis',(0.,0.,-1.));
#5427=DIRECTION('',(-1.,0.,0.));
#5428=DIRECTION('center_axis',(0.408248290463775,-0.816496580927693,0.408248290464017));
#5429=DIRECTION('ref_axis',(-0.577350269189406,-0.577350269189737,-0.577350269189734));
#5430=DIRECTION('center_axis',(1.22464679914735E-16,-1.,-1.2256549001111E-14));
#5431=DIRECTION('ref_axis',(-0.70710678118656,0.,-0.707106781186535));
#5432=DIRECTION('center_axis',(-0.408248290463938,0.408248290463843,-0.816496580927698));
#5433=DIRECTION('ref_axis',(0.577350269189596,-0.577350269189643,-0.577350269189639));
#5434=DIRECTION('center_axis',(1.22464679914735E-16,-1.,-1.2256549001111E-14));
#5435=DIRECTION('ref_axis',(0.707106781186559,0.,-0.707106781186536));
#5436=DIRECTION('center_axis',(0.,-1.,0.));
#5437=DIRECTION('ref_axis',(-0.799999999999997,0.,-0.600000000000005));
#5438=DIRECTION('',(0.,1.,0.));
#5439=DIRECTION('center_axis',(1.22464679914735E-16,-1.,0.));
#5440=DIRECTION('ref_axis',(-0.799999999999997,0.,-0.600000000000005));
#5441=DIRECTION('',(0.,1.,0.));
#5442=DIRECTION('center_axis',(-6.11157893011993E-15,0.,-1.));
#5443=DIRECTION('ref_axis',(0.,-1.,0.));
#5444=DIRECTION('',(1.22464679914735E-16,-1.,-7.48452557450776E-31));
#5445=DIRECTION('',(-1.,-1.22464679914735E-16,0.));
#5446=DIRECTION('center_axis',(-1.22464679914735E-16,1.,7.48452557450776E-31));
#5447=DIRECTION('ref_axis',(0.707106781186578,0.,0.707106781186517));
#5448=DIRECTION('',(-1.22464679914735E-16,1.,7.48452557450776E-31));
#5449=DIRECTION('center_axis',(0.,0.707106781186542,0.707106781186553));
#5450=DIRECTION('ref_axis',(1.47196168001603E-16,-0.707106781186553,0.707106781186542));
#5451=DIRECTION('center_axis',(1.,1.22464679914735E-16,0.));
#5452=DIRECTION('ref_axis',(-1.22464679914735E-16,1.,7.56339435525888E-16));
#5453=DIRECTION('',(1.22464679914735E-16,-1.,-1.2256549001111E-14));
#5454=DIRECTION('center_axis',(1.,1.22464679914735E-16,0.));
#5455=DIRECTION('ref_axis',(5.30287619362496E-17,-0.433012701892255,0.90138781886598));
#5456=DIRECTION('',(1.22464679914735E-16,-1.,0.));
#5457=DIRECTION('center_axis',(-1.,-1.22464679914735E-16,0.));
#5458=DIRECTION('ref_axis',(-1.14977415616072E-16,0.938861847318954,-0.344294106323129));
#5459=DIRECTION('',(3.51899668300587E-17,-0.287347885566348,-0.957826285221151));
#5460=DIRECTION('center_axis',(-1.,-1.22464679914735E-16,0.));
#5461=DIRECTION('ref_axis',(-1.21166602742111E-16,0.989400395497483,-0.145213144685405));
#5462=DIRECTION('',(0.,0.,-1.));
#5463=DIRECTION('center_axis',(-1.,-1.22464679914735E-16,0.));
#5464=DIRECTION('ref_axis',(-8.65956056235558E-17,0.707106781186603,0.707106781186493));
#5465=DIRECTION('',(-1.22464679914735E-16,1.,0.));
#5466=DIRECTION('',(0.,0.,1.));
#5467=DIRECTION('',(1.22464679914735E-16,-1.,1.64451785522601E-15));
#5468=DIRECTION('',(0.,0.,1.));
#5469=DIRECTION('center_axis',(1.22464679914735E-16,-1.,-1.2256549001111E-14));
#5470=DIRECTION('ref_axis',(0.707106781186559,8.7532845182542E-15,-0.707106781186536));
#5471=DIRECTION('',(-1.22464679914735E-16,1.,1.2256549001111E-14));
#5472=DIRECTION('center_axis',(0.,-1.,0.));
#5473=DIRECTION('ref_axis',(0.,0.,-1.));
#5474=DIRECTION('center_axis',(0.,1.2256549001111E-14,-1.));
#5475=DIRECTION('ref_axis',(0.,1.,1.2256549001111E-14));
#5476=DIRECTION('',(-1.22464679914735E-16,1.,1.2256549001111E-14));
#5477=DIRECTION('',(1.,0.,0.));
#5478=DIRECTION('center_axis',(0.,1.,0.));
#5479=DIRECTION('ref_axis',(0.,0.,1.));
#5480=DIRECTION('center_axis',(0.,1.,0.));
#5481=DIRECTION('ref_axis',(0.316227766016848,0.,0.94868329805051));
#5482=DIRECTION('center_axis',(-1.22464679914735E-16,1.,0.));
#5483=DIRECTION('ref_axis',(0.316227766016848,0.,0.94868329805051));
#5484=DIRECTION('',(0.,-1.,0.));
#5485=DIRECTION('center_axis',(0.,0.,-1.));
#5486=DIRECTION('ref_axis',(-1.,-1.22464679914735E-16,0.));
#5487=DIRECTION('',(1.,1.22464679914735E-16,0.));
#5488=DIRECTION('',(-1.22464679914735E-16,1.,0.));
#5489=DIRECTION('center_axis',(-1.22464679914735E-16,1.,0.));
#5490=DIRECTION('ref_axis',(1.,1.22464679914735E-16,-2.77555756156314E-17));
#5491=DIRECTION('',(0.,0.,-1.));
#5492=DIRECTION('',(-1.,-1.22464679914735E-16,2.77555756156314E-17));
#5493=DIRECTION('center_axis',(-1.22464679914735E-16,1.,0.));
#5494=DIRECTION('ref_axis',(-0.316227766016848,-3.8726732145405E-17,-0.948683298050511));
#5495=DIRECTION('center_axis',(1.22464679914735E-16,-1.,0.));
#5496=DIRECTION('ref_axis',(0.316227766016833,3.87267321454032E-17,0.948683298050516));
#5497=DIRECTION('',(1.,1.22464679914735E-16,0.));
#5498=DIRECTION('center_axis',(1.22464679914735E-16,-1.,0.));
#5499=DIRECTION('ref_axis',(0.707106781186553,8.65956056235498E-17,0.707106781186542));
#5500=DIRECTION('',(0.,0.,1.));
#5501=DIRECTION('center_axis',(-1.22464679914735E-16,1.,0.));
#5502=DIRECTION('ref_axis',(-0.707106781186578,-8.65956056235528E-17,0.707106781186517));
#5503=DIRECTION('center_axis',(-1.22464679914735E-16,1.,0.));
#5504=DIRECTION('ref_axis',(1.77635683940025E-14,2.17540971751502E-30,-1.));
#5505=DIRECTION('center_axis',(-1.22464679914735E-16,1.,0.));
#5506=DIRECTION('ref_axis',(-1.77635683940025E-14,-2.17540971751502E-30,
1.));
#5507=DIRECTION('center_axis',(1.22464679914735E-16,-1.,0.));
#5508=DIRECTION('ref_axis',(1.,1.22464679914735E-16,-5.17689969051298E-31));
#5509=DIRECTION('',(5.17689969051298E-31,6.33987363549365E-47,1.));
#5510=DIRECTION('',(-5.17689969051298E-31,-6.33987363549365E-47,-1.));
#5511=DIRECTION('center_axis',(1.,-3.87282768742493E-14,0.));
#5512=DIRECTION('ref_axis',(0.,0.,-1.));
#5513=DIRECTION('center_axis',(0.,0.,-1.));
#5514=DIRECTION('ref_axis',(-1.,0.,0.));
#5515=DIRECTION('center_axis',(-1.,3.87282768742493E-14,0.));
#5516=DIRECTION('ref_axis',(3.83177724563183E-14,0.989400395497484,-0.145213144685399));
#5517=DIRECTION('center_axis',(0.,-0.287347885566359,-0.957826285221147));
#5518=DIRECTION('ref_axis',(-1.,0.,0.));
#5519=DIRECTION('center_axis',(1.,-3.87282768742493E-14,0.));
#5520=DIRECTION('ref_axis',(3.83177724563183E-14,0.989400395497484,-0.145213144685399));
#5521=DIRECTION('center_axis',(0.,0.,1.));
#5522=DIRECTION('ref_axis',(-0.707106781186548,0.707106781186548,0.));
#5523=DIRECTION('center_axis',(0.,0.,-1.));
#5524=DIRECTION('ref_axis',(-1.,0.,0.));
#5525=DIRECTION('',(0.,0.,-1.));
#5526=DIRECTION('',(0.,0.,1.));
#5527=DIRECTION('center_axis',(-1.,-1.22464679914735E-16,0.));
#5528=DIRECTION('ref_axis',(-5.30287619362564E-17,0.433012701892311,-0.901387818865953));
#5529=DIRECTION('center_axis',(1.,-1.51703861969158E-13,0.));
#5530=DIRECTION('ref_axis',(0.,0.,-1.));
#5531=DIRECTION('',(1.,1.22464679914735E-16,0.));
#5532=DIRECTION('center_axis',(1.,0.,0.));
#5533=DIRECTION('ref_axis',(0.,0.780624749799896,-0.62499999999988));
#5534=DIRECTION('',(-1.,-1.22464679914735E-16,0.));
#5535=DIRECTION('center_axis',(-0.19845400963675,-0.925536410444662,-0.322487765659887));
#5536=DIRECTION('ref_axis',(-0.485071250072525,0.378658623223106,-0.788240781368143));
#5537=DIRECTION('center_axis',(7.65404249466943E-17,-0.624999999999875,
-0.7806247497999));
#5538=DIRECTION('ref_axis',(6.77927340424307E-32,-0.7806247497999,0.624999999999875));
#5539=DIRECTION('center_axis',(1.,-3.87282768742493E-14,-1.29502471847212E-13));
#5540=DIRECTION('ref_axis',(1.95123112748515E-14,0.989400395497483,-0.145213144685405));
#5541=DIRECTION('',(1.,-3.87282768742493E-14,-1.29502471847212E-13));
#5542=DIRECTION('center_axis',(-1.,0.,0.));
#5543=DIRECTION('ref_axis',(0.,0.957826285221151,-0.287347885566346));
#5544=DIRECTION('',(1.,-3.87282768742493E-14,-1.29502471847212E-13));
#5545=DIRECTION('center_axis',(-1.,0.,4.08215599715781E-16));
#5546=DIRECTION('ref_axis',(-5.92782709443679E-17,0.989400395497483,-0.145213144685407));
#5547=DIRECTION('',(1.,0.,-4.08215599715781E-16));
#5548=DIRECTION('center_axis',(1.,0.,0.));
#5549=DIRECTION('ref_axis',(0.,0.989400395497484,-0.145213144685398));
#5550=DIRECTION('',(-1.,0.,4.08215599715781E-16));
#5551=DIRECTION('center_axis',(1.11284884714436E-14,0.287347885566348,0.957826285221151));
#5552=DIRECTION('ref_axis',(-0.707106781186449,0.677285461478693,-0.203185638443602));
#5553=DIRECTION('center_axis',(-3.87282768742493E-14,-1.,0.));
#5554=DIRECTION('ref_axis',(9.96938245728482E-17,-3.8609700407101E-30,-1.));
#5555=DIRECTION('',(1.11284884714436E-14,0.287347885566348,0.957826285221151));
#5556=DIRECTION('',(-1.11284884714436E-14,-0.287347885566348,-0.957826285221151));
#5557=DIRECTION('center_axis',(-1.,-1.22464679914735E-16,5.17689969051298E-31));
#5558=DIRECTION('ref_axis',(5.17689969051298E-31,6.33987363549364E-47,1.));
#5559=DIRECTION('',(-1.22464679914735E-16,1.,0.));
#5560=DIRECTION('',(5.17689969051298E-31,6.33987363549365E-47,1.));
#5561=DIRECTION('',(-1.22464679914735E-16,1.,0.));
#5562=DIRECTION('',(-1.22464679914735E-16,1.,0.));
#5563=DIRECTION('',(-1.22464679914735E-16,1.,0.));
#5564=DIRECTION('center_axis',(1.,1.22464679914735E-16,-5.17689969051298E-31));
#5565=DIRECTION('ref_axis',(-5.17689969051298E-31,-6.33987363549364E-47,
-1.));
#5566=DIRECTION('',(-5.17689969051298E-31,-6.33987363549365E-47,-1.));
#5567=DIRECTION('',(-1.22464679914735E-16,1.,0.));
#5568=DIRECTION('',(-1.22464679914735E-16,1.,0.));
#5569=DIRECTION('center_axis',(3.87282768742493E-14,1.,0.));
#5570=DIRECTION('ref_axis',(-1.,3.87282768742493E-14,0.));
#5571=DIRECTION('',(0.,0.,-1.));
#5572=DIRECTION('',(-1.,3.87282768742493E-14,0.));
#5573=DIRECTION('',(0.,0.,-1.));
#5574=DIRECTION('center_axis',(1.,-3.87282768742493E-14,0.));
#5575=DIRECTION('ref_axis',(0.,0.,1.));
#5576=DIRECTION('center_axis',(1.,-3.87282768742493E-14,0.));
#5577=DIRECTION('ref_axis',(2.73850272014517E-14,0.707106781186543,0.707106781186552));
#5578=DIRECTION('center_axis',(1.,-3.87282768742493E-14,0.));
#5579=DIRECTION('ref_axis',(2.7385027201452E-14,0.707106781186552,0.707106781186543));
#5580=DIRECTION('center_axis',(0.,1.,0.));
#5581=DIRECTION('ref_axis',(0.,0.,1.));
#5582=DIRECTION('',(-1.,0.,0.));
#5583=DIRECTION('',(0.,0.,1.));
#5584=DIRECTION('center_axis',(1.,-3.87282768742493E-14,0.));
#5585=DIRECTION('ref_axis',(0.,0.,-1.));
#5586=DIRECTION('center_axis',(-1.,3.87282768742493E-14,0.));
#5587=DIRECTION('ref_axis',(2.73850272014517E-14,0.707106781186543,0.707106781186552));
#5588=DIRECTION('center_axis',(0.,1.,0.));
#5589=DIRECTION('ref_axis',(-1.,0.,0.));
#5590=DIRECTION('center_axis',(0.,0.,-1.));
#5591=DIRECTION('ref_axis',(0.707106781186548,0.707106781186548,0.));
#5592=DIRECTION('center_axis',(0.,0.,-1.));
#5593=DIRECTION('ref_axis',(0.,1.,0.));
#5594=DIRECTION('',(0.,0.,-1.));
#5595=DIRECTION('center_axis',(0.,0.,-1.));
#5596=DIRECTION('ref_axis',(0.,1.,0.));
#5597=DIRECTION('',(0.,0.,1.));
#5598=DIRECTION('center_axis',(-1.,0.,0.));
#5599=DIRECTION('ref_axis',(0.,0.,1.));
#5600=DIRECTION('center_axis',(-1.,0.,0.));
#5601=DIRECTION('ref_axis',(0.,0.989400395497483,-0.145213144685401));
#5602=DIRECTION('center_axis',(0.,-0.287347885566346,-0.957826285221151));
#5603=DIRECTION('ref_axis',(0.,0.957826285221151,-0.287347885566346));
#5604=DIRECTION('center_axis',(1.,0.,0.));
#5605=DIRECTION('ref_axis',(0.,0.989400395497483,-0.145213144685401));
#5606=DIRECTION('center_axis',(0.,1.,0.));
#5607=DIRECTION('ref_axis',(0.,0.,1.));
#5608=DIRECTION('',(0.,0.,-1.));
#5609=DIRECTION('',(-1.,0.,0.));
#5610=DIRECTION('',(1.,0.,-4.08215599715781E-16));
#5611=DIRECTION('center_axis',(-1.,-1.22464679914735E-16,0.));
#5612=DIRECTION('ref_axis',(-7.31029062437479E-17,0.596930529640425,-0.802292928289413));
#5613=DIRECTION('center_axis',(-1.,0.,0.));
#5614=DIRECTION('ref_axis',(0.,0.938861847318957,-0.344294106323119));
#5615=DIRECTION('',(1.,1.22464679914735E-16,0.));
#5616=DIRECTION('center_axis',(1.,1.22464679914735E-16,0.));
#5617=DIRECTION('ref_axis',(-1.14977415616073E-16,0.938861847318955,-0.344294106323124));
#5618=DIRECTION('',(-1.,-1.22464679914735E-16,0.));
#5619=DIRECTION('center_axis',(0.,0.,1.));
#5620=DIRECTION('ref_axis',(-1.,-1.22464679914735E-16,0.));
#5621=DIRECTION('',(-1.22464679914735E-16,1.,0.));
#5622=DIRECTION('',(1.,1.22464679914735E-16,0.));
#5623=DIRECTION('',(1.22464679914735E-16,-1.,0.));
#5624=DIRECTION('center_axis',(1.,1.22464679914735E-16,0.));
#5625=DIRECTION('ref_axis',(8.65956056235497E-17,-0.707106781186552,0.707106781186543));
#5626=DIRECTION('center_axis',(1.,1.22464679914735E-16,0.));
#5627=DIRECTION('ref_axis',(5.30287619362537E-17,-0.433012701892289,0.901387818865964));
#5628=DIRECTION('center_axis',(-1.,-1.22464679914735E-16,0.));
#5629=DIRECTION('ref_axis',(6.70766676869636E-17,-0.547722557505275,0.836660026534004));
#5630=DIRECTION('center_axis',(0.198454009636936,-0.925536410444646,-0.322487765659819));
#5631=DIRECTION('ref_axis',(0.485071250072713,0.378658623223152,-0.788240781368005));
#5632=DIRECTION('center_axis',(0.,-0.624999999999892,-0.780624749799886));
#5633=DIRECTION('ref_axis',(1.,0.,0.));
#5634=DIRECTION('center_axis',(0.,1.,0.));
#5635=DIRECTION('ref_axis',(0.,0.,-1.));
#5636=DIRECTION('center_axis',(0.,0.,-1.));
#5637=DIRECTION('ref_axis',(1.,1.22464679914735E-16,0.));
#5638=DIRECTION('',(-1.22464679914735E-16,1.,0.));
#5639=DIRECTION('center_axis',(-1.,-1.22464679914735E-16,0.));
#5640=DIRECTION('ref_axis',(0.,0.,1.));
#5641=DIRECTION('center_axis',(0.,1.,0.));
#5642=DIRECTION('ref_axis',(0.,0.,-1.));
#5643=DIRECTION('center_axis',(-1.22464679914735E-16,1.,0.));
#5644=DIRECTION('ref_axis',(-0.707106781186561,-8.65956056235507E-17,-0.707106781186534));
#5645=DIRECTION('center_axis',(0.,1.,0.));
#5646=DIRECTION('ref_axis',(-2.368475785867E-13,0.,-1.));
#5647=DIRECTION('center_axis',(0.,-0.287347885566336,-0.957826285221154));
#5648=DIRECTION('ref_axis',(-1.,0.,0.));
#5649=DIRECTION('center_axis',(0.,0.287347885566348,0.957826285221151));
#5650=DIRECTION('ref_axis',(-0.707106781186574,0.677285461478571,-0.203185638443573));
#5651=DIRECTION('center_axis',(0.,-0.287347885566345,-0.957826285221152));
#5652=DIRECTION('ref_axis',(-1.,0.,0.));
#5653=DIRECTION('',(0.,-0.287347885566348,-0.957826285221151));
#5654=DIRECTION('center_axis',(0.,0.,1.));
#5655=DIRECTION('ref_axis',(0.,1.,0.));
#5656=DIRECTION('center_axis',(0.,0.,1.));
#5657=DIRECTION('ref_axis',(-0.707106781186547,0.707106781186547,0.));
#5658=DIRECTION('center_axis',(0.,0.,-1.));
#5659=DIRECTION('ref_axis',(-1.,0.,0.));
#5660=DIRECTION('center_axis',(-1.,7.1054273576009E-14,7.105427357601E-14));
#5661=DIRECTION('ref_axis',(7.1054273576009E-14,1.,0.));
#5662=DIRECTION('center_axis',(0.,-1.,0.));
#5663=DIRECTION('ref_axis',(0.,0.,1.));
#5664=DIRECTION('center_axis',(-1.,0.,0.));
#5665=DIRECTION('ref_axis',(0.,0.,1.));
#5666=DIRECTION('center_axis',(-1.,0.,0.));
#5667=DIRECTION('ref_axis',(0.,0.707106781186547,0.707106781186548));
#5668=DIRECTION('center_axis',(0.,0.,1.));
#5669=DIRECTION('ref_axis',(1.,0.,0.));
#5670=DIRECTION('center_axis',(1.,0.,0.));
#5671=DIRECTION('ref_axis',(0.,0.,1.));
#5672=DIRECTION('center_axis',(0.,1.,0.));
#5673=DIRECTION('ref_axis',(0.,0.,1.));
#5674=DIRECTION('center_axis',(0.,0.,-1.));
#5675=DIRECTION('ref_axis',(0.707106781186799,0.707106781186296,0.));
#5676=DIRECTION('center_axis',(0.,-1.38777878078148E-15,1.));
#5677=DIRECTION('ref_axis',(1.,0.,0.));
#5678=DIRECTION('',(0.,0.,-1.));
#5679=DIRECTION('center_axis',(1.,0.,0.));
#5680=DIRECTION('ref_axis',(0.,0.,-1.));
#5681=DIRECTION('center_axis',(0.,0.28734788556633,0.957826285221156));
#5682=DIRECTION('ref_axis',(1.,0.,0.));
#5683=DIRECTION('center_axis',(-1.,0.,0.));
#5684=DIRECTION('ref_axis',(0.,0.989400395497484,-0.145213144685398));
#5685=DIRECTION('center_axis',(-1.17299889433528E-16,0.957826285221151,
-0.287347885566348));
#5686=DIRECTION('ref_axis',(3.51899668300588E-17,-0.287347885566348,-0.957826285221151));
#5687=DIRECTION('',(0.,0.287347885566348,0.957826285221151));
#5688=DIRECTION('',(-1.,-1.22464679914735E-16,0.));
#5689=DIRECTION('',(-3.51899668300588E-17,0.287347885566348,0.957826285221151));
#5690=DIRECTION('center_axis',(-1.,0.,0.));
#5691=DIRECTION('ref_axis',(0.,0.,1.));
#5692=DIRECTION('center_axis',(0.,0.,-1.));
#5693=DIRECTION('ref_axis',(-1.,0.,0.));
#5694=DIRECTION('center_axis',(-1.,0.,0.));
#5695=DIRECTION('ref_axis',(0.,0.989400395497483,-0.145213144685402));
#5696=DIRECTION('center_axis',(0.,-0.287347885566311,-0.957826285221162));
#5697=DIRECTION('ref_axis',(-1.,0.,0.));
#5698=DIRECTION('center_axis',(1.,0.,0.));
#5699=DIRECTION('ref_axis',(0.,0.989400395497483,-0.145213144685402));
#5700=DIRECTION('center_axis',(0.,0.,1.));
#5701=DIRECTION('ref_axis',(-0.707106781186548,0.707106781186548,0.));
#5702=DIRECTION('center_axis',(0.,0.,-1.));
#5703=DIRECTION('ref_axis',(-1.,0.,0.));
#5704=DIRECTION('',(0.,0.,1.));
#5705=DIRECTION('center_axis',(1.,0.,0.));
#5706=DIRECTION('ref_axis',(0.,0.,-1.));
#5707=DIRECTION('center_axis',(-1.,0.,0.));
#5708=DIRECTION('ref_axis',(0.,0.707106781186547,0.707106781186548));
#5709=DIRECTION('center_axis',(1.,0.,0.));
#5710=DIRECTION('ref_axis',(0.,0.707106781186547,0.707106781186548));
#5711=DIRECTION('center_axis',(0.,1.,0.));
#5712=DIRECTION('ref_axis',(-1.,0.,0.));
#5713=DIRECTION('center_axis',(1.22464679914735E-16,-1.,0.));
#5714=DIRECTION('ref_axis',(1.,1.22464679914735E-16,-5.17689969051298E-31));
#5715=DIRECTION('',(5.17689969051298E-31,6.33987363549365E-47,1.));
#5716=DIRECTION('',(-5.17689969051298E-31,-6.33987363549365E-47,-1.));
#5717=DIRECTION('center_axis',(1.22464679914735E-16,-1.,0.));
#5718=DIRECTION('ref_axis',(-1.,-1.22464679914735E-16,1.22464679914736E-16));
#5719=DIRECTION('center_axis',(-1.22464679914735E-16,1.,0.));
#5720=DIRECTION('ref_axis',(-0.853581824710909,-1.04533624944257E-16,0.520958797337365));
#5721=DIRECTION('center_axis',(-1.22464679914735E-16,1.,0.));
#5722=DIRECTION('ref_axis',(-0.974987641330133,-1.19401549416317E-16,0.22225908137465));
#5723=DIRECTION('center_axis',(1.22464679914735E-16,-1.,0.));
#5724=DIRECTION('ref_axis',(0.648019896956043,7.93595492591014E-17,-0.761623406382104));
#5725=DIRECTION('center_axis',(1.22464679914735E-16,-1.,0.));
#5726=DIRECTION('ref_axis',(0.522835832800837,6.40289229119084E-17,-0.852433394430002));
#5727=DIRECTION('center_axis',(-1.22464679914735E-16,1.,0.));
#5728=DIRECTION('ref_axis',(-0.99416441408207,-1.21750026753181E-16,-0.107875473453673));
#5729=DIRECTION('center_axis',(1.22464679914735E-16,-1.,0.));
#5730=DIRECTION('ref_axis',(0.549349283944157,6.72758842196101E-17,-0.835592822031186));
#5731=DIRECTION('center_axis',(-1.22464679914735E-16,1.,0.));
#5732=DIRECTION('ref_axis',(0.397807944840713,4.87174226324565E-17,0.917468712829821));
#5733=DIRECTION('center_axis',(-1.22464679914735E-16,1.,0.));
#5734=DIRECTION('ref_axis',(0.993662680608191,1.216885821239E-16,-0.112403190197365));
#5735=DIRECTION('center_axis',(-1.22464679914735E-16,1.,0.));
#5736=DIRECTION('ref_axis',(-0.557045491746548,-6.82183978446872E-17,0.830481980614177));
#5737=DIRECTION('center_axis',(-1.22464679914735E-16,1.,0.));
#5738=DIRECTION('ref_axis',(-0.209022285741066,-2.55978473183259E-17,0.977910877362339));
#5739=DIRECTION('center_axis',(-1.22464679914735E-16,1.,0.));
#5740=DIRECTION('ref_axis',(0.430333222484103,5.27006203481921E-17,-0.902670104537891));
#5741=DIRECTION('center_axis',(-1.22464679914735E-16,1.,0.));
#5742=DIRECTION('ref_axis',(-0.488387614077039,-5.98102328322657E-17,0.872626803631505));
#5743=DIRECTION('center_axis',(-1.22464679914735E-16,1.,0.));
#5744=DIRECTION('ref_axis',(-0.644699825518068,-7.89529577731557E-17,0.764435827899878));
#5745=DIRECTION('',(-0.999641455677598,-1.35308173025561E-13,0.0267761104489243));
#5746=DIRECTION('center_axis',(1.22464679914735E-16,-1.,0.));
#5747=DIRECTION('ref_axis',(1.,1.22464679914735E-16,-5.17689969051298E-31));
#5748=DIRECTION('',(-1.,-1.22464679914735E-16,5.17689969051298E-31));
#5749=DIRECTION('',(5.17689969051298E-31,6.33987363549365E-47,1.));
#5750=DIRECTION('',(-0.123444437784845,-1.51175835605755E-17,0.992351485502986));
#5751=DIRECTION('',(-1.,-1.22464679914735E-16,5.17689969051298E-31));
#5752=DIRECTION('',(-5.17689969051298E-31,-6.33987363549365E-47,-1.));
#5753=DIRECTION('',(1.,1.22464679914735E-16,-5.17689969051298E-31));
#5754=DIRECTION('',(5.17689969051298E-31,6.33987363549365E-47,1.));
#5755=DIRECTION('',(-1.,-1.22464679914735E-16,5.17689969051298E-31));
#5756=DIRECTION('',(-5.17689969051298E-31,-6.33987363549365E-47,-1.));
#5757=DIRECTION('center_axis',(1.22464679914735E-16,-1.,0.));
#5758=DIRECTION('ref_axis',(0.809986964297348,9.91947943177826E-17,0.586447881459526));
#5759=DIRECTION('center_axis',(1.22464679914735E-16,-1.,0.));
#5760=DIRECTION('ref_axis',(1.,1.22464679914735E-16,-5.17689969051298E-31));
#5761=DIRECTION('',(-5.17689969051298E-31,-6.33987363549365E-47,-1.));
#5762=DIRECTION('',(1.,1.22464679914735E-16,-5.17689969051298E-31));
#5763=DIRECTION('',(5.17689969051298E-31,6.33987363549365E-47,1.));
#5764=DIRECTION('',(-5.17689969051298E-31,-6.33987363549365E-47,-1.));
#5765=DIRECTION('',(1.,1.22464679914735E-16,-5.17689969051298E-31));
#5766=DIRECTION('',(5.17689969051298E-31,6.33987363549365E-47,1.));
#5767=DIRECTION('center_axis',(1.22464679914735E-16,-1.,0.));
#5768=DIRECTION('ref_axis',(1.,1.22464679914735E-16,-5.17689969051298E-31));
#5769=DIRECTION('',(-5.17689969051298E-31,-6.33987363549365E-47,-1.));
#5770=DIRECTION('',(1.,1.22464679914735E-16,-5.17689969051298E-31));
#5771=DIRECTION('',(5.17689969051298E-31,6.33987363549365E-47,1.));
#5772=DIRECTION('',(-5.17689969051298E-31,-6.33987363549365E-47,-1.));
#5773=DIRECTION('',(1.,1.22464679914735E-16,-5.17689969051298E-31));
#5774=DIRECTION('',(5.17689969051298E-31,6.33987363549365E-47,1.));
#5775=DIRECTION('center_axis',(-0.816496580927734,0.408248290463867,-0.408248290463843));
#5776=DIRECTION('ref_axis',(-0.577350269189581,-0.577350269189676,0.57735026918962));
#5777=DIRECTION('center_axis',(0.,-1.,0.));
#5778=DIRECTION('ref_axis',(0.,0.,1.));
#5779=DIRECTION('center_axis',(0.,0.,1.));
#5780=DIRECTION('ref_axis',(-0.707106781186548,-0.707106781186548,0.));
#5781=DIRECTION('center_axis',(-1.,-1.22464679914735E-16,0.));
#5782=DIRECTION('ref_axis',(8.65956056235506E-17,-0.70710678118656,0.707106781186535));
#5783=DIRECTION('center_axis',(0.408248290463811,-0.816496580927764,0.408248290463839));
#5784=DIRECTION('ref_axis',(-0.577350269189652,-0.577350269189557,-0.577350269189669));
#5785=DIRECTION('center_axis',(1.,0.,0.));
#5786=DIRECTION('ref_axis',(0.,-1.,0.));
#5787=DIRECTION('center_axis',(0.,0.,-1.));
#5788=DIRECTION('ref_axis',(-0.707106781186548,-0.707106781186548,0.));
#5789=DIRECTION('center_axis',(1.22464679914735E-16,-1.,1.64451785522601E-15));
#5790=DIRECTION('ref_axis',(-0.707106781186559,-1.2494453328362E-15,-0.707106781186536));
#5791=DIRECTION('center_axis',(0.,-1.,0.));
#5792=DIRECTION('ref_axis',(-0.707106781186477,0.,0.707106781186618));
#5793=DIRECTION('',(0.,1.,0.));
#5794=DIRECTION('center_axis',(1.,0.,0.));
#5795=DIRECTION('ref_axis',(0.,0.707106781186552,0.707106781186543));
#5796=DIRECTION('',(1.,0.,0.));
#5797=DIRECTION('center_axis',(1.,0.,0.));
#5798=DIRECTION('ref_axis',(0.,0.,1.));
#5799=DIRECTION('center_axis',(0.,1.,0.));
#5800=DIRECTION('ref_axis',(-0.707106781186561,0.,0.707106781186534));
#5801=DIRECTION('',(0.,1.,0.));
#5802=DIRECTION('center_axis',(1.,-3.87282768742493E-14,0.));
#5803=DIRECTION('ref_axis',(2.7385027201452E-14,0.707106781186552,0.707106781186543));
#5804=DIRECTION('',(1.,-3.87282768742493E-14,0.));
#5805=DIRECTION('center_axis',(-3.87282768742493E-14,-1.,0.));
#5806=DIRECTION('ref_axis',(-0.707106781186728,2.73850272014588E-14,0.707106781186367));
#5807=DIRECTION('',(3.87282768742493E-14,1.,0.));
#5808=DIRECTION('center_axis',(-1.,0.,0.));
#5809=DIRECTION('ref_axis',(0.,0.707106781186552,0.707106781186543));
#5810=DIRECTION('',(1.,0.,0.));
#5811=DIRECTION('center_axis',(0.,1.,0.));
#5812=DIRECTION('ref_axis',(0.707106781186728,0.,0.707106781186367));
#5813=DIRECTION('',(0.,-1.,0.));
#5814=DIRECTION('center_axis',(0.,-1.,0.));
#5815=DIRECTION('ref_axis',(0.707106781186477,0.,0.707106781186618));
#5816=DIRECTION('center_axis',(0.,1.,0.));
#5817=DIRECTION('ref_axis',(0.,0.,1.));
#5818=DIRECTION('',(0.,-1.,0.));
#5819=DIRECTION('center_axis',(-1.,0.,0.));
#5820=DIRECTION('ref_axis',(0.,0.,1.));
#5821=DIRECTION('center_axis',(-1.,0.,0.));
#5822=DIRECTION('ref_axis',(0.,0.707106781186547,0.707106781186548));
#5823=DIRECTION('center_axis',(-1.,0.,0.));
#5824=DIRECTION('ref_axis',(0.,0.,-1.));
#5825=DIRECTION('center_axis',(-1.,0.,0.));
#5826=DIRECTION('ref_axis',(0.,0.707106781186552,0.707106781186543));
#5827=DIRECTION('',(0.,0.,1.));
#5828=DIRECTION('',(0.,-0.287347885566348,-0.957826285221151));
#5829=DIRECTION('center_axis',(0.,-0.287347885566348,-0.957826285221151));
#5830=DIRECTION('ref_axis',(0.707106781186448,0.677285461478691,-0.203185638443609));
#5831=DIRECTION('',(0.,0.287347885566348,0.957826285221151));
#5832=DIRECTION('center_axis',(0.,-1.,0.));
#5833=DIRECTION('ref_axis',(-4.98469122864241E-17,0.,-1.));
#5834=DIRECTION('center_axis',(-1.,0.,4.08215599715781E-16));
#5835=DIRECTION('ref_axis',(-5.92782709443679E-17,0.989400395497483,-0.145213144685407));
#5836=DIRECTION('',(-1.,0.,4.08215599715781E-16));
#5837=DIRECTION('center_axis',(0.,0.287347885566346,0.957826285221151));
#5838=DIRECTION('ref_axis',(1.,0.,0.));
#5839=DIRECTION('center_axis',(1.,1.22464679914735E-16,0.));
#5840=DIRECTION('ref_axis',(-1.21166602742111E-16,0.989400395497483,-0.145213144685406));
#5841=DIRECTION('center_axis',(0.,0.,1.));
#5842=DIRECTION('ref_axis',(1.,0.,0.));
#5843=DIRECTION('center_axis',(-1.,-1.22464679914735E-16,0.));
#5844=DIRECTION('ref_axis',(-1.21166602742111E-16,0.989400395497483,-0.145213144685406));
#5845=DIRECTION('center_axis',(-3.51899668300588E-17,0.287347885566348,
0.957826285221151));
#5846=DIRECTION('ref_axis',(0.707106781186574,0.677285461478571,-0.203185638443573));
#5847=DIRECTION('',(3.51899668300588E-17,-0.287347885566348,-0.957826285221151));
#5848=DIRECTION('center_axis',(0.,-0.287347885566346,-0.957826285221151));
#5849=DIRECTION('ref_axis',(0.,0.957826285221151,-0.287347885566346));
#5850=DIRECTION('center_axis',(0.,1.,0.));
#5851=DIRECTION('ref_axis',(1.,0.,1.85037170770852E-15));
#5852=DIRECTION('center_axis',(-1.,-1.22464679914735E-16,0.));
#5853=DIRECTION('ref_axis',(-1.14977415616073E-16,0.938861847318955,-0.344294106323124));
#5854=DIRECTION('center_axis',(-1.22464679914735E-16,1.,0.));
#5855=DIRECTION('ref_axis',(0.707106781186561,8.65956056235507E-17,-0.707106781186534));
#5856=DIRECTION('',(1.22464679914735E-16,-1.,0.));
#5857=DIRECTION('center_axis',(0.,-1.,0.));
#5858=DIRECTION('ref_axis',(0.,0.,-1.));
#5859=DIRECTION('center_axis',(-1.,-1.22464679914735E-16,0.));
#5860=DIRECTION('ref_axis',(0.,0.,1.));
#5861=DIRECTION('center_axis',(1.,1.22464679914735E-16,0.));
#5862=DIRECTION('ref_axis',(6.70766676869636E-17,-0.547722557505275,0.836660026534004));
#5863=DIRECTION('center_axis',(-1.22464679914735E-16,1.,0.));
#5864=DIRECTION('ref_axis',(0.707106781186561,8.65956056235507E-17,-0.707106781186534));
#5865=DIRECTION('',(1.22464679914735E-16,-1.,0.));
#5866=DIRECTION('center_axis',(1.22464679914735E-16,-1.,1.64451785522601E-15));
#5867=DIRECTION('ref_axis',(-0.707106781186561,-1.2494453328362E-15,-0.707106781186534));
#5868=DIRECTION('',(1.22464679914735E-16,-1.,1.64451785522601E-15));
#5869=DIRECTION('center_axis',(-1.,-1.22464679914735E-16,0.));
#5870=DIRECTION('ref_axis',(-8.65956056235497E-17,0.707106781186552,0.707106781186543));
#5871=DIRECTION('center_axis',(1.,0.,0.));
#5872=DIRECTION('ref_axis',(0.,0.707106781186552,0.707106781186543));
#5873=DIRECTION('',(-1.,-1.22464679914735E-16,0.));
#5874=DIRECTION('center_axis',(-1.,0.,0.));
#5875=DIRECTION('ref_axis',(0.,0.707106781186552,0.707106781186543));
#5876=DIRECTION('',(-1.,-1.22464679914735E-16,0.));
#5877=DIRECTION('center_axis',(1.,0.,0.));
#5878=DIRECTION('ref_axis',(0.,0.,-1.));
#5879=DIRECTION('',(0.,-0.287347885566348,-0.957826285221151));
#5880=DIRECTION('',(0.,0.,1.));
#5881=DIRECTION('center_axis',(0.,0.287347885566348,0.957826285221151));
#5882=DIRECTION('ref_axis',(0.707106781186698,0.677285461478451,-0.203185638443537));
#5883=DIRECTION('center_axis',(1.22464679914735E-16,-1.,0.));
#5884=DIRECTION('ref_axis',(-7.47703684296361E-17,-9.15672923684219E-33,
-1.));
#5885=DIRECTION('center_axis',(-1.,-1.22464679914735E-16,0.));
#5886=DIRECTION('ref_axis',(-1.21166602742111E-16,0.989400395497483,-0.145213144685406));
#5887=DIRECTION('',(-1.,-1.22464679914735E-16,0.));
#5888=DIRECTION('center_axis',(-1.,-1.22464679914735E-16,0.));
#5889=DIRECTION('ref_axis',(-1.21166602742111E-16,0.989400395497483,-0.145213144685406));
#5890=DIRECTION('',(-1.,-1.22464679914735E-16,0.));
#5891=DIRECTION('center_axis',(-1.,-1.22464679914735E-16,0.));
#5892=DIRECTION('ref_axis',(-1.17299889433528E-16,0.957826285221149,-0.287347885566352));
#5893=DIRECTION('',(1.,1.22464679914735E-16,0.));
#5894=DIRECTION('center_axis',(0.,0.287347885566348,0.957826285221151));
#5895=DIRECTION('ref_axis',(-0.707106781186448,0.677285461478691,-0.203185638443609));
#5896=DIRECTION('center_axis',(1.22464679914735E-16,-1.,0.));
#5897=DIRECTION('ref_axis',(-6.07588628359933E-46,-7.44081468919321E-62,
-1.));
#5898=DIRECTION('',(0.,0.287347885566348,0.957826285221151));
#5899=DIRECTION('',(0.,-0.287347885566348,-0.957826285221151));
#5900=DIRECTION('center_axis',(-1.,0.,0.));
#5901=DIRECTION('ref_axis',(0.,0.,1.));
#5902=DIRECTION('',(0.,0.,-1.));
#5903=DIRECTION('center_axis',(0.,0.,-1.));
#5904=DIRECTION('ref_axis',(0.707106781186547,0.707106781186547,0.));
#5905=DIRECTION('',(0.,0.,1.));
#5906=DIRECTION('center_axis',(0.,0.,1.));
#5907=DIRECTION('ref_axis',(1.,0.,0.));
#5908=DIRECTION('',(0.,0.,-1.));
#5909=DIRECTION('center_axis',(-1.,-1.22464679914735E-16,5.17689969051298E-31));
#5910=DIRECTION('ref_axis',(5.17689969051298E-31,6.33987363549364E-47,1.));
#5911=DIRECTION('',(5.17689969051298E-31,6.33987363549365E-47,1.));
#5912=DIRECTION('',(-1.22464679914735E-16,1.,0.));
#5913=DIRECTION('',(-1.22464679914735E-16,1.,0.));
#5914=DIRECTION('',(-1.22464679914735E-16,1.,0.));
#5915=DIRECTION('',(-1.22464679914735E-16,1.,0.));
#5916=DIRECTION('center_axis',(1.,1.22464679914735E-16,-5.17689969051298E-31));
#5917=DIRECTION('ref_axis',(-5.17689969051298E-31,-6.33987363549364E-47,
-1.));
#5918=DIRECTION('',(-5.17689969051298E-31,-6.33987363549365E-47,-1.));
#5919=DIRECTION('',(-1.22464679914735E-16,1.,0.));
#5920=DIRECTION('',(-1.22464679914735E-16,1.,0.));
#5921=DIRECTION('center_axis',(-1.22464679914735E-16,1.,0.));
#5922=DIRECTION('ref_axis',(-0.209022285741066,-2.55978473183259E-17,0.977910877362339));
#5923=DIRECTION('',(-1.22464679914735E-16,1.,0.));
#5924=DIRECTION('',(-1.22464679914735E-16,1.,0.));
#5925=DIRECTION('center_axis',(-1.22464679914735E-16,1.,0.));
#5926=DIRECTION('ref_axis',(0.430333222484103,5.27006203481921E-17,-0.902670104537891));
#5927=DIRECTION('',(-1.22464679914735E-16,1.,0.));
#5928=DIRECTION('',(-1.22464679914735E-16,1.,0.));
#5929=DIRECTION('center_axis',(-1.22464679914735E-16,1.,0.));
#5930=DIRECTION('ref_axis',(-0.488387614077039,-5.98102328322657E-17,0.872626803631505));
#5931=DIRECTION('',(-1.22464679914735E-16,1.,0.));
#5932=DIRECTION('center_axis',(-1.22464679914735E-16,1.,0.));
#5933=DIRECTION('ref_axis',(-0.644699825518068,-7.89529577731557E-17,0.764435827899878));
#5934=DIRECTION('',(-1.22464679914735E-16,1.,0.));
#5935=DIRECTION('',(-1.22464679914735E-16,1.,0.));
#5936=DIRECTION('center_axis',(-0.0267761104489243,-3.27912779548911E-18,
-0.999641455677598));
#5937=DIRECTION('ref_axis',(-0.999641455677598,-1.35308173025561E-13,0.0267761104489243));
#5938=DIRECTION('',(-0.999641455677598,-1.22420770899057E-16,0.0267761104489243));
#5939=DIRECTION('',(-1.22464679914735E-16,1.,0.));
#5940=DIRECTION('',(-1.22464679914735E-16,1.,0.));
#5941=DIRECTION('',(-1.22464679914735E-16,1.,0.));
#5942=DIRECTION('',(-1.22464679914735E-16,1.,0.));
#5943=DIRECTION('center_axis',(-1.22464679914735E-16,1.,0.));
#5944=DIRECTION('ref_axis',(-0.853581824710909,-1.04533624944257E-16,0.520958797337365));
#5945=DIRECTION('',(-1.22464679914735E-16,1.,0.));
#5946=DIRECTION('center_axis',(-1.22464679914735E-16,1.,0.));
#5947=DIRECTION('ref_axis',(-0.974987641330133,-1.19401549416317E-16,0.22225908137465));
#5948=DIRECTION('',(-1.22464679914735E-16,1.,0.));
#5949=DIRECTION('center_axis',(1.22464679914735E-16,-1.,0.));
#5950=DIRECTION('ref_axis',(0.648019896956043,7.93595492591014E-17,-0.761623406382104));
#5951=DIRECTION('',(-1.22464679914735E-16,1.,0.));
#5952=DIRECTION('center_axis',(1.22464679914735E-16,-1.,0.));
#5953=DIRECTION('ref_axis',(0.522835832800837,6.40289229119084E-17,-0.852433394430002));
#5954=DIRECTION('',(-1.22464679914735E-16,1.,0.));
#5955=DIRECTION('',(-1.22464679914735E-16,1.,0.));
#5956=DIRECTION('',(-1.22464679914735E-16,1.,0.));
#5957=DIRECTION('',(-1.22464679914735E-16,1.,0.));
#5958=DIRECTION('center_axis',(-1.22464679914735E-16,1.,0.));
#5959=DIRECTION('ref_axis',(-0.99416441408207,-1.21750026753181E-16,-0.107875473453673));
#5960=DIRECTION('',(-1.22464679914735E-16,1.,0.));
#5961=DIRECTION('center_axis',(1.22464679914735E-16,-1.,0.));
#5962=DIRECTION('ref_axis',(0.549349283944157,6.72758842196101E-17,-0.835592822031186));
#5963=DIRECTION('',(-1.22464679914735E-16,1.,0.));
#5964=DIRECTION('center_axis',(-1.22464679914735E-16,1.,0.));
#5965=DIRECTION('ref_axis',(0.397807944840713,4.87174226324565E-17,0.917468712829821));
#5966=DIRECTION('',(-1.22464679914735E-16,1.,0.));
#5967=DIRECTION('',(-1.22464679914735E-16,1.,0.));
#5968=DIRECTION('center_axis',(-1.22464679914735E-16,1.,0.));
#5969=DIRECTION('ref_axis',(0.993662680608191,1.216885821239E-16,-0.112403190197365));
#5970=DIRECTION('',(-1.22464679914735E-16,1.,0.));
#5971=DIRECTION('center_axis',(-1.22464679914735E-16,1.,0.));
#5972=DIRECTION('ref_axis',(-0.557045491746548,-6.82183978446872E-17,0.830481980614177));
#5973=DIRECTION('',(-1.22464679914735E-16,1.,0.));
#5974=DIRECTION('',(-1.22464679914735E-16,1.,0.));
#5975=DIRECTION('',(-1.22464679914735E-16,1.,0.));
#5976=DIRECTION('center_axis',(1.,1.22464679914735E-16,-5.17689969051298E-31));
#5977=DIRECTION('ref_axis',(-5.17689969051298E-31,-6.33987363549364E-47,
-1.));
#5978=DIRECTION('',(-5.17689969051298E-31,-6.33987363549365E-47,-1.));
#5979=DIRECTION('',(-1.22464679914735E-16,1.,0.));
#5980=DIRECTION('',(-1.22464679914735E-16,1.,0.));
#5981=DIRECTION('center_axis',(1.22464679914735E-16,-1.,0.));
#5982=DIRECTION('ref_axis',(0.809986964297348,9.91947943177826E-17,0.586447881459526));
#5983=DIRECTION('',(-1.22464679914735E-16,1.,0.));
#5984=DIRECTION('',(-1.22464679914735E-16,1.,0.));
#5985=DIRECTION('center_axis',(-5.17689969051298E-31,-6.33987363549364E-47,
-1.));
#5986=DIRECTION('ref_axis',(-1.,-1.22464679914735E-16,5.17689969051298E-31));
#5987=DIRECTION('',(-1.,-1.22464679914735E-16,5.17689969051298E-31));
#5988=DIRECTION('',(-1.22464679914735E-16,1.,0.));
#5989=DIRECTION('',(-1.22464679914735E-16,1.,0.));
#5990=DIRECTION('',(-1.22464679914735E-16,1.,0.));
#5991=DIRECTION('center_axis',(-1.,-1.22464679914735E-16,5.17689969051298E-31));
#5992=DIRECTION('ref_axis',(5.17689969051298E-31,6.33987363549364E-47,1.));
#5993=DIRECTION('',(5.17689969051298E-31,6.33987363549365E-47,1.));
#5994=DIRECTION('',(-1.22464679914735E-16,1.,0.));
#5995=DIRECTION('',(-1.22464679914735E-16,1.,0.));
#5996=DIRECTION('',(-1.22464679914735E-16,1.,0.));
#5997=DIRECTION('center_axis',(-0.992351485502986,-1.21528007035035E-16,
-0.123444437784845));
#5998=DIRECTION('ref_axis',(-0.123444437784845,-1.51175835605755E-17,0.992351485502986));
#5999=DIRECTION('',(-0.123444437784845,-1.51175835605755E-17,0.992351485502986));
#6000=DIRECTION('',(-1.22464679914735E-16,1.,0.));
#6001=DIRECTION('center_axis',(-5.17689969051298E-31,-6.33987363549364E-47,
-1.));
#6002=DIRECTION('ref_axis',(-1.,-1.22464679914735E-16,5.17689969051298E-31));
#6003=DIRECTION('',(-1.,-1.22464679914735E-16,5.17689969051298E-31));
#6004=DIRECTION('',(-1.22464679914735E-16,1.,0.));
#6005=DIRECTION('center_axis',(1.,1.22464679914735E-16,-5.17689969051298E-31));
#6006=DIRECTION('ref_axis',(-5.17689969051298E-31,-6.33987363549364E-47,
-1.));
#6007=DIRECTION('',(-5.17689969051298E-31,-6.33987363549365E-47,-1.));
#6008=DIRECTION('',(-1.22464679914735E-16,1.,0.));
#6009=DIRECTION('center_axis',(5.17689969051298E-31,6.33987363549364E-47,
1.));
#6010=DIRECTION('ref_axis',(1.,1.22464679914735E-16,-5.17689969051298E-31));
#6011=DIRECTION('',(1.,1.22464679914735E-16,-5.17689969051298E-31));
#6012=DIRECTION('',(-1.22464679914735E-16,1.,0.));
#6013=DIRECTION('center_axis',(-1.,-1.22464679914735E-16,5.17689969051298E-31));
#6014=DIRECTION('ref_axis',(5.17689969051298E-31,6.33987363549364E-47,1.));
#6015=DIRECTION('',(5.17689969051298E-31,6.33987363549365E-47,1.));
#6016=DIRECTION('',(-1.22464679914735E-16,1.,0.));
#6017=DIRECTION('center_axis',(-5.17689969051298E-31,-6.33987363549364E-47,
-1.));
#6018=DIRECTION('ref_axis',(-1.,-1.22464679914735E-16,5.17689969051298E-31));
#6019=DIRECTION('',(-1.,-1.22464679914735E-16,5.17689969051298E-31));
#6020=DIRECTION('',(-1.22464679914735E-16,1.,0.));
#6021=DIRECTION('',(-1.22464679914735E-16,1.,0.));
#6022=DIRECTION('',(-1.22464679914735E-16,1.,0.));
#6023=DIRECTION('center_axis',(1.,1.22464679914735E-16,-5.17689969051298E-31));
#6024=DIRECTION('ref_axis',(-5.17689969051298E-31,-6.33987363549364E-47,
-1.));
#6025=DIRECTION('',(-5.17689969051298E-31,-6.33987363549365E-47,-1.));
#6026=DIRECTION('',(-1.22464679914735E-16,1.,0.));
#6027=DIRECTION('center_axis',(5.17689969051298E-31,6.33987363549364E-47,
1.));
#6028=DIRECTION('ref_axis',(1.,1.22464679914735E-16,-5.17689969051298E-31));
#6029=DIRECTION('',(1.,1.22464679914735E-16,-5.17689969051298E-31));
#6030=DIRECTION('',(-1.22464679914735E-16,1.,0.));
#6031=DIRECTION('center_axis',(-1.,-1.22464679914735E-16,5.17689969051298E-31));
#6032=DIRECTION('ref_axis',(5.17689969051298E-31,6.33987363549364E-47,1.));
#6033=DIRECTION('',(5.17689969051298E-31,6.33987363549365E-47,1.));
#6034=DIRECTION('',(-1.22464679914735E-16,1.,0.));
#6035=DIRECTION('',(-1.22464679914735E-16,1.,0.));
#6036=DIRECTION('',(-1.22464679914735E-16,1.,0.));
#6037=DIRECTION('center_axis',(1.,1.22464679914735E-16,-5.17689969051298E-31));
#6038=DIRECTION('ref_axis',(-5.17689969051298E-31,-6.33987363549364E-47,
-1.));
#6039=DIRECTION('',(-5.17689969051298E-31,-6.33987363549365E-47,-1.));
#6040=DIRECTION('',(-1.22464679914735E-16,1.,0.));
#6041=DIRECTION('center_axis',(5.17689969051298E-31,6.33987363549364E-47,
1.));
#6042=DIRECTION('ref_axis',(1.,1.22464679914735E-16,-5.17689969051298E-31));
#6043=DIRECTION('',(1.,1.22464679914735E-16,-5.17689969051298E-31));
#6044=DIRECTION('',(-1.22464679914735E-16,1.,0.));
#6045=DIRECTION('center_axis',(-1.,-1.22464679914735E-16,5.17689969051298E-31));
#6046=DIRECTION('ref_axis',(5.17689969051298E-31,6.33987363549364E-47,1.));
#6047=DIRECTION('',(5.17689969051298E-31,6.33987363549365E-47,1.));
#6048=DIRECTION('',(-1.22464679914735E-16,1.,0.));
#6049=DIRECTION('center_axis',(1.,1.22464679914735E-16,-5.17689969051298E-31));
#6050=DIRECTION('ref_axis',(-5.17689969051298E-31,-6.33987363549364E-47,
-1.));
#6051=DIRECTION('',(-5.17689969051298E-31,-6.33987363549365E-47,-1.));
#6052=DIRECTION('',(-1.22464679914735E-16,1.,0.));
#6053=DIRECTION('',(-1.22464679914735E-16,1.,0.));
#6054=DIRECTION('center_axis',(5.17689969051298E-31,6.33987363549364E-47,
1.));
#6055=DIRECTION('ref_axis',(1.,1.22464679914735E-16,-5.17689969051298E-31));
#6056=DIRECTION('',(1.,1.22464679914735E-16,-5.17689969051298E-31));
#6057=DIRECTION('',(-1.22464679914735E-16,1.,0.));
#6058=DIRECTION('center_axis',(-1.,-1.22464679914735E-16,5.17689969051298E-31));
#6059=DIRECTION('ref_axis',(5.17689969051298E-31,6.33987363549364E-47,1.));
#6060=DIRECTION('',(5.17689969051298E-31,6.33987363549365E-47,1.));
#6061=DIRECTION('',(-1.22464679914735E-16,1.,0.));
#6062=DIRECTION('',(-1.22464679914735E-16,1.,0.));
#6063=DIRECTION('',(-1.22464679914735E-16,1.,0.));
#6064=DIRECTION('center_axis',(1.,1.22464679914735E-16,-5.17689969051298E-31));
#6065=DIRECTION('ref_axis',(-5.17689969051298E-31,-6.33987363549364E-47,
-1.));
#6066=DIRECTION('',(-5.17689969051298E-31,-6.33987363549365E-47,-1.));
#6067=DIRECTION('',(-1.22464679914735E-16,1.,0.));
#6068=DIRECTION('center_axis',(5.17689969051298E-31,6.33987363549364E-47,
1.));
#6069=DIRECTION('ref_axis',(1.,1.22464679914735E-16,-5.17689969051298E-31));
#6070=DIRECTION('',(1.,1.22464679914735E-16,-5.17689969051298E-31));
#6071=DIRECTION('',(-1.22464679914735E-16,1.,0.));
#6072=DIRECTION('center_axis',(-1.,-1.22464679914735E-16,5.17689969051298E-31));
#6073=DIRECTION('ref_axis',(5.17689969051298E-31,6.33987363549364E-47,1.));
#6074=DIRECTION('',(5.17689969051298E-31,6.33987363549365E-47,1.));
#6075=DIRECTION('',(-1.22464679914735E-16,1.,0.));
#6076=DIRECTION('',(-1.22464679914735E-16,1.,0.));
#6077=DIRECTION('center_axis',(0.,0.,-1.));
#6078=DIRECTION('ref_axis',(-0.707106781186548,-0.707106781186548,0.));
#6079=DIRECTION('',(0.,0.,1.));
#6080=DIRECTION('center_axis',(-1.,-1.22464679914735E-16,0.));
#6081=DIRECTION('ref_axis',(8.65956056235507E-17,-0.707106781186561,0.707106781186534));
#6082=DIRECTION('center_axis',(1.,1.22464679914735E-16,0.));
#6083=DIRECTION('ref_axis',(8.65956056235506E-17,-0.70710678118656,0.707106781186535));
#6084=DIRECTION('',(-1.,-1.22464679914735E-16,0.));
#6085=DIRECTION('',(1.,1.22464679914735E-16,0.));
#6086=DIRECTION('center_axis',(-0.799999999999957,0.,-0.600000000000057));
#6087=DIRECTION('ref_axis',(0.600000000000057,0.,-0.799999999999957));
#6088=DIRECTION('center_axis',(-1.22464679914735E-16,1.,0.));
#6089=DIRECTION('ref_axis',(0.316227766016863,3.87267321454069E-17,-0.948683298050505));
#6090=DIRECTION('center_axis',(-1.,0.,0.));
#6091=DIRECTION('ref_axis',(0.,0.,-1.));
#6092=DIRECTION('center_axis',(1.22464679914735E-16,-1.,0.));
#6093=DIRECTION('ref_axis',(0.316227766016863,3.87267321454069E-17,-0.948683298050505));
#6094=DIRECTION('center_axis',(-1.,-1.22464679914735E-16,2.77555756156314E-17));
#6095=DIRECTION('ref_axis',(6.69694498899962E-17,-0.707106781186521,-0.707106781186574));
#6096=DIRECTION('',(-1.,-1.22464679914735E-16,2.77555756156314E-17));
#6097=DIRECTION('center_axis',(-1.,0.,0.));
#6098=DIRECTION('ref_axis',(0.,0.,-1.));
#6099=DIRECTION('',(1.,1.22464679914735E-16,-2.77555756156314E-17));
#6100=DIRECTION('center_axis',(-1.22464679914735E-16,1.,0.));
#6101=DIRECTION('ref_axis',(-0.316227766016864,-3.8726732145407E-17,-0.948683298050505));
#6102=DIRECTION('center_axis',(-0.800000000000028,0.,0.599999999999962));
#6103=DIRECTION('ref_axis',(-0.599999999999962,0.,-0.800000000000028));
#6104=DIRECTION('center_axis',(1.22464679914735E-16,-1.,0.));
#6105=DIRECTION('ref_axis',(-0.316227766016863,-3.87267321454069E-17,-0.948683298050505));
#6106=DIRECTION('center_axis',(-0.800000000000017,0.,-0.599999999999978));
#6107=DIRECTION('ref_axis',(0.599999999999978,0.,-0.800000000000017));
#6108=DIRECTION('center_axis',(-1.22464679914735E-16,1.,0.));
#6109=DIRECTION('ref_axis',(0.316227766016863,3.87267321454069E-17,-0.948683298050505));
#6110=DIRECTION('center_axis',(-1.,0.,0.));
#6111=DIRECTION('ref_axis',(0.,0.,-1.));
#6112=DIRECTION('center_axis',(1.22464679914735E-16,-1.,0.));
#6113=DIRECTION('ref_axis',(0.316227766016863,3.87267321454069E-17,-0.948683298050505));
#6114=DIRECTION('center_axis',(-1.,-1.22464679914735E-16,2.77555756156314E-17));
#6115=DIRECTION('ref_axis',(6.69694498899962E-17,-0.707106781186521,-0.707106781186574));
#6116=DIRECTION('',(-1.,-1.22464679914735E-16,2.77555756156314E-17));
#6117=DIRECTION('center_axis',(-1.,0.,0.));
#6118=DIRECTION('ref_axis',(0.,0.,-1.));
#6119=DIRECTION('',(1.,1.22464679914735E-16,-2.77555756156314E-17));
#6120=DIRECTION('center_axis',(-1.22464679914735E-16,1.,0.));
#6121=DIRECTION('ref_axis',(-0.316227766016864,-3.8726732145407E-17,-0.948683298050505));
#6122=DIRECTION('center_axis',(-0.799999999999998,0.,0.600000000000003));
#6123=DIRECTION('ref_axis',(-0.600000000000003,0.,-0.799999999999998));
#6124=DIRECTION('center_axis',(1.22464679914735E-16,-1.,0.));
#6125=DIRECTION('ref_axis',(-0.316227766016864,-3.8726732145407E-17,-0.948683298050505));
#6126=DIRECTION('center_axis',(0.799999999999999,0.,0.600000000000002));
#6127=DIRECTION('ref_axis',(0.,-1.,0.));
#6128=DIRECTION('center_axis',(-1.22464679914735E-16,1.,0.));
#6129=DIRECTION('ref_axis',(0.316227766016796,3.87267321453986E-17,-0.948683298050528));
#6130=DIRECTION('center_axis',(1.,0.,0.));
#6131=DIRECTION('ref_axis',(0.,-1.,0.));
#6132=DIRECTION('center_axis',(1.22464679914735E-16,-1.,0.));
#6133=DIRECTION('ref_axis',(0.316227766016796,3.87267321453986E-17,-0.948683298050528));
#6134=DIRECTION('center_axis',(-1.,-1.22464679914735E-16,2.77555756156314E-17));
#6135=DIRECTION('ref_axis',(6.69694498899962E-17,-0.707106781186521,-0.707106781186574));
#6136=DIRECTION('',(1.,1.22464679914735E-16,-2.77555756156314E-17));
#6137=DIRECTION('',(-1.,-1.22464679914735E-16,2.77555756156314E-17));
#6138=DIRECTION('center_axis',(0.,0.,1.));
#6139=DIRECTION('ref_axis',(1.,0.,0.));
#6140=DIRECTION('',(1.22464679914735E-16,-1.,0.));
#6141=DIRECTION('',(1.,0.,0.));
#6142=DIRECTION('center_axis',(-0.816496580927725,-0.408248290463863,0.408248290463866));
#6143=DIRECTION('ref_axis',(0.577350269189595,-0.577350269189643,0.57735026918964));
#6144=DIRECTION('center_axis',(0.,1.,0.));
#6145=DIRECTION('ref_axis',(0.,0.,1.));
#6146=DIRECTION('center_axis',(0.,0.,1.));
#6147=DIRECTION('ref_axis',(0.707106781186636,-0.707106781186459,0.));
#6148=DIRECTION('center_axis',(1.,0.,0.));
#6149=DIRECTION('ref_axis',(0.,0.707106781186552,0.707106781186543));
#6150=DIRECTION('center_axis',(1.,0.,0.));
#6151=DIRECTION('ref_axis',(0.,0.,1.));
#6152=DIRECTION('',(-1.,0.,0.));
#6153=DIRECTION('center_axis',(0.,1.,0.));
#6154=DIRECTION('ref_axis',(1.,0.,0.));
#6155=DIRECTION('',(1.,0.,-4.0821559971578E-16));
#6156=DIRECTION('',(0.,0.,1.));
#6157=DIRECTION('center_axis',(1.,0.,-4.0821559971578E-16));
#6158=DIRECTION('ref_axis',(-5.92782709443673E-17,0.989400395497483,-0.145213144685406));
#6159=DIRECTION('center_axis',(1.,0.,-2.47276131633839E-13));
#6160=DIRECTION('ref_axis',(0.,1.,0.));
#6161=DIRECTION('',(1.,0.,-4.0821559971578E-16));
#6162=DIRECTION('center_axis',(-1.17299889433528E-16,0.957826285221151,
-0.287347885566348));
#6163=DIRECTION('ref_axis',(3.51899668300588E-17,-0.287347885566348,-0.957826285221151));
#6164=DIRECTION('',(-3.51899668300587E-17,0.287347885566348,0.957826285221151));
#6165=DIRECTION('',(1.,0.,0.));
#6166=DIRECTION('',(3.51899668300587E-17,-0.287347885566348,-0.957826285221151));
#6167=DIRECTION('center_axis',(1.,0.,0.));
#6168=DIRECTION('ref_axis',(0.,0.,-1.));
#6169=DIRECTION('center_axis',(1.,1.22464679914735E-16,0.));
#6170=DIRECTION('ref_axis',(-1.14977415616072E-16,0.938861847318954,-0.344294106323129));
#6171=DIRECTION('',(1.,0.,0.));
#6172=DIRECTION('center_axis',(-1.,-1.22464679914735E-16,0.));
#6173=DIRECTION('ref_axis',(-4.98849703673638E-17,0.407341695598239,-0.913275830747289));
#6174=DIRECTION('center_axis',(0.,0.,-1.));
#6175=DIRECTION('ref_axis',(0.,1.,0.));
#6176=DIRECTION('',(1.22464679914735E-16,-1.,0.));
#6177=DIRECTION('',(-1.22464679914735E-16,1.,0.));
#6178=DIRECTION('',(1.,0.,0.));
#6179=DIRECTION('center_axis',(1.,0.,0.));
#6180=DIRECTION('ref_axis',(0.,0.,1.));
#6181=DIRECTION('center_axis',(1.,1.22464679914735E-16,0.));
#6182=DIRECTION('ref_axis',(5.30287619362496E-17,-0.433012701892255,0.90138781886598));
#6183=DIRECTION('center_axis',(-1.,-1.22464679914735E-16,0.));
#6184=DIRECTION('ref_axis',(5.30287619362496E-17,-0.433012701892255,0.90138781886598));
#6185=DIRECTION('',(1.,0.,0.));
#6186=DIRECTION('center_axis',(-0.198454009636935,-0.925536410444643,-0.322487765659827));
#6187=DIRECTION('ref_axis',(-0.485071250072714,0.378658623223153,-0.788240781368003));
#6188=DIRECTION('center_axis',(0.,0.624999999999906,0.780624749799875));
#6189=DIRECTION('ref_axis',(0.,0.780624749799875,-0.624999999999906));
#6190=DIRECTION('center_axis',(-1.,0.,0.));
#6191=DIRECTION('ref_axis',(0.,0.,-1.));
#6192=DIRECTION('center_axis',(0.,-1.,0.));
#6193=DIRECTION('ref_axis',(-1.,0.,0.));
#6194=DIRECTION('center_axis',(0.198454009636935,-0.925536410444641,-0.322487765659834));
#6195=DIRECTION('ref_axis',(0.485071250072716,0.378658623223155,-0.788240781368002));
#6196=DIRECTION('center_axis',(1.,0.,0.));
#6197=DIRECTION('ref_axis',(0.,0.,-1.));
#6198=DIRECTION('center_axis',(0.,0.624999999999906,0.780624749799875));
#6199=DIRECTION('ref_axis',(1.,0.,0.));
#6200=DIRECTION('center_axis',(1.,0.,0.));
#6201=DIRECTION('ref_axis',(0.,0.,-1.));
#6202=DIRECTION('center_axis',(-1.,-1.22464679914735E-16,0.));
#6203=DIRECTION('ref_axis',(0.,0.,1.));
#6204=DIRECTION('center_axis',(-1.,-1.22464679914735E-16,0.));
#6205=DIRECTION('ref_axis',(5.30287619362496E-17,-0.433012701892255,0.90138781886598));
#6206=DIRECTION('center_axis',(0.,-1.,0.));
#6207=DIRECTION('ref_axis',(-1.,0.,0.));
#6208=DIRECTION('center_axis',(-1.22464679914735E-16,1.,0.));
#6209=DIRECTION('ref_axis',(-0.707106781186561,-8.65956056235507E-17,-0.707106781186534));
#6210=DIRECTION('center_axis',(0.,-1.,0.));
#6211=DIRECTION('ref_axis',(-1.,0.,0.));
#6212=DIRECTION('',(-1.22464679914735E-16,1.,0.));
#6213=DIRECTION('center_axis',(0.,-0.287347885566347,-0.957826285221151));
#6214=DIRECTION('ref_axis',(-1.,0.,0.));
#6215=DIRECTION('center_axis',(1.,1.22464679914735E-16,0.));
#6216=DIRECTION('ref_axis',(-4.98849703673638E-17,0.407341695598239,-0.913275830747289));
#6217=DIRECTION('center_axis',(-3.51899668300587E-17,0.287347885566348,
0.957826285221151));
#6218=DIRECTION('ref_axis',(-0.707106781186533,0.67728546147861,-0.203185638443585));
#6219=DIRECTION('center_axis',(0.,-0.287347885566344,-0.957826285221152));
#6220=DIRECTION('ref_axis',(-1.,0.,0.));
#6221=DIRECTION('',(-3.51899668300587E-17,0.287347885566348,0.957826285221151));
#6222=DIRECTION('center_axis',(0.,0.,-1.));
#6223=DIRECTION('ref_axis',(-1.,0.,0.));
#6224=DIRECTION('center_axis',(1.,1.22464679914735E-16,0.));
#6225=DIRECTION('ref_axis',(-1.17299889433528E-16,0.957826285221149,-0.287347885566352));
#6226=DIRECTION('center_axis',(0.,0.,1.));
#6227=DIRECTION('ref_axis',(-0.707106781186547,0.707106781186547,0.));
#6228=DIRECTION('',(0.,0.,1.));
#6229=DIRECTION('center_axis',(0.,0.,-1.));
#6230=DIRECTION('ref_axis',(-1.,0.,0.));
#6231=DIRECTION('',(0.,0.,-1.));
#6232=DIRECTION('center_axis',(1.,1.22464679914735E-16,0.));
#6233=DIRECTION('ref_axis',(0.,0.,-1.));
#6234=DIRECTION('',(-1.22464679914735E-16,1.,0.));
#6235=DIRECTION('',(0.,0.,1.));
#6236=DIRECTION('',(-1.22464679914735E-16,1.,0.));
#6237=DIRECTION('center_axis',(0.,-1.,0.));
#6238=DIRECTION('ref_axis',(0.,0.,-1.));
#6239=DIRECTION('center_axis',(0.,-1.,0.));
#6240=DIRECTION('ref_axis',(0.,0.,-1.));
#6241=DIRECTION('center_axis',(-2.77555756156312E-17,-1.64451785522601E-15,
-1.));
#6242=DIRECTION('ref_axis',(1.,1.22464679914735E-16,-2.77555756156314E-17));
#6243=DIRECTION('',(-1.22464679914735E-16,1.,-1.64451785522601E-15));
#6244=DIRECTION('center_axis',(2.77555756156312E-17,1.64451785522601E-15,
1.));
#6245=DIRECTION('ref_axis',(-0.707106781186573,-0.707106781186522,1.18247588294618E-15));
#6246=DIRECTION('center_axis',(0.,0.,-1.));
#6247=DIRECTION('ref_axis',(0.707106781186547,-0.707106781186547,0.));
#6248=DIRECTION('center_axis',(9.25185853854262E-16,0.,1.));
#6249=DIRECTION('ref_axis',(0.,-1.,0.));
#6250=DIRECTION('center_axis',(-1.22464679914735E-16,1.,0.));
#6251=DIRECTION('ref_axis',(0.707106781186528,8.65956056235466E-17,0.707106781186568));
#6252=DIRECTION('',(1.22464679914735E-16,-1.,0.));
#6253=DIRECTION('center_axis',(0.,0.,-1.));
#6254=DIRECTION('ref_axis',(-1.,-1.22464679914735E-16,0.));
#6255=DIRECTION('center_axis',(0.,0.,-1.));
#6256=DIRECTION('ref_axis',(-0.707106781186573,-0.707106781186522,0.));
#6257=DIRECTION('center_axis',(1.22464679914735E-16,-1.,0.));
#6258=DIRECTION('ref_axis',(0.31622776601678,3.87267321453967E-17,-0.948683298050533));
#6259=DIRECTION('',(1.22464679914735E-16,-1.,0.));
#6260=DIRECTION('center_axis',(-1.22464679914735E-16,1.,0.));
#6261=DIRECTION('ref_axis',(0.,0.,1.));
#6262=DIRECTION('center_axis',(-1.22464679914735E-16,1.,0.));
#6263=DIRECTION('ref_axis',(-0.316227766016863,-3.87267321454068E-17,0.948683298050506));
#6264=DIRECTION('center_axis',(-1.,0.,0.));
#6265=DIRECTION('ref_axis',(0.,0.,-1.));
#6266=DIRECTION('center_axis',(1.22464679914735E-16,-1.,0.));
#6267=DIRECTION('ref_axis',(-0.316227766016863,-3.87267321454068E-17,0.948683298050505));
#6268=DIRECTION('center_axis',(-1.22464679914735E-16,1.,0.));
#6269=DIRECTION('ref_axis',(0.,0.,1.));
#6270=DIRECTION('center_axis',(1.22464679914735E-16,-1.,0.));
#6271=DIRECTION('ref_axis',(0.316227766016863,3.87267321454068E-17,0.948683298050505));
#6272=DIRECTION('center_axis',(-1.,0.,0.));
#6273=DIRECTION('ref_axis',(0.,0.,-1.));
#6274=DIRECTION('center_axis',(-1.22464679914735E-16,1.,0.));
#6275=DIRECTION('ref_axis',(0.316227766016863,3.87267321454068E-17,0.948683298050506));
#6276=DIRECTION('center_axis',(-1.22464679914735E-16,1.,0.));
#6277=DIRECTION('ref_axis',(-0.316227766016832,-3.87267321454031E-17,-0.948683298050516));
#6278=DIRECTION('',(-1.22464679914735E-16,1.,0.));
#6279=DIRECTION('center_axis',(-1.22464679914735E-16,1.,0.));
#6280=DIRECTION('ref_axis',(-0.316227766016832,-3.87267321454031E-17,-0.948683298050516));
#6281=DIRECTION('',(-1.22464679914735E-16,1.,0.));
#6282=DIRECTION('center_axis',(-2.77555756156312E-17,-1.64451785522601E-15,
-1.));
#6283=DIRECTION('ref_axis',(1.,1.22464679914735E-16,-2.77555756156314E-17));
#6284=DIRECTION('',(-1.,-1.22464679914735E-16,2.77555756156314E-17));
#6285=DIRECTION('',(1.22464679914735E-16,-1.,0.));
#6286=DIRECTION('center_axis',(1.22464679914735E-16,-1.,0.));
#6287=DIRECTION('ref_axis',(0.316227766016839,3.87267321454039E-17,-0.948683298050513));
#6288=DIRECTION('center_axis',(-1.22464679914735E-16,1.,0.));
#6289=DIRECTION('ref_axis',(0.316227766016839,3.87267321454039E-17,-0.948683298050513));
#6290=DIRECTION('',(1.22464679914735E-16,-1.,0.));
#6291=DIRECTION('center_axis',(-1.22464679914735E-16,1.,0.));
#6292=DIRECTION('ref_axis',(0.,0.,1.));
#6293=DIRECTION('center_axis',(-1.,0.,0.));
#6294=DIRECTION('ref_axis',(0.,0.,-1.));
#6295=DIRECTION('center_axis',(1.22464679914735E-16,-1.,0.));
#6296=DIRECTION('ref_axis',(-0.316227766016864,-3.8726732145407E-17,0.948683298050505));
#6297=DIRECTION('center_axis',(-1.22464679914735E-16,1.,0.));
#6298=DIRECTION('ref_axis',(-0.316227766016864,-3.8726732145407E-17,0.948683298050505));
#6299=DIRECTION('center_axis',(-1.22464679914735E-16,1.,0.));
#6300=DIRECTION('ref_axis',(0.,0.,1.));
#6301=DIRECTION('center_axis',(1.22464679914735E-16,-1.,0.));
#6302=DIRECTION('ref_axis',(0.316227766016865,3.87267321454071E-17,0.948683298050505));
#6303=DIRECTION('center_axis',(-1.,0.,0.));
#6304=DIRECTION('ref_axis',(0.,0.,-1.));
#6305=DIRECTION('center_axis',(-1.22464679914735E-16,1.,0.));
#6306=DIRECTION('ref_axis',(0.316227766016865,3.87267321454071E-17,0.948683298050505));
#6307=DIRECTION('center_axis',(-1.22464679914735E-16,1.,0.));
#6308=DIRECTION('ref_axis',(-0.316227766016831,-3.87267321454029E-17,-0.948683298050516));
#6309=DIRECTION('',(-1.22464679914735E-16,1.,0.));
#6310=DIRECTION('center_axis',(-1.22464679914735E-16,1.,0.));
#6311=DIRECTION('ref_axis',(-0.316227766016831,-3.87267321454029E-17,-0.948683298050516));
#6312=DIRECTION('',(-1.22464679914735E-16,1.,0.));
#6313=DIRECTION('center_axis',(-2.77555756156312E-17,-1.64451785522601E-15,
-1.));
#6314=DIRECTION('ref_axis',(1.,1.22464679914735E-16,-2.77555756156314E-17));
#6315=DIRECTION('',(-1.,-1.22464679914735E-16,2.77555756156314E-17));
#6316=DIRECTION('',(1.22464679914735E-16,-1.,0.));
#6317=DIRECTION('center_axis',(1.22464679914735E-16,-1.,0.));
#6318=DIRECTION('ref_axis',(0.316227766016831,3.87267321454029E-17,-0.948683298050516));
#6319=DIRECTION('center_axis',(-1.22464679914735E-16,1.,0.));
#6320=DIRECTION('ref_axis',(0.316227766016831,3.87267321454029E-17,-0.948683298050516));
#6321=DIRECTION('',(-1.22464679914735E-16,1.,0.));
#6322=DIRECTION('center_axis',(-1.22464679914735E-16,1.,0.));
#6323=DIRECTION('ref_axis',(0.,0.,1.));
#6324=DIRECTION('center_axis',(-1.,0.,0.));
#6325=DIRECTION('ref_axis',(0.,0.,-1.));
#6326=DIRECTION('center_axis',(1.22464679914735E-16,-1.,0.));
#6327=DIRECTION('ref_axis',(-0.316227766016865,-3.87267321454071E-17,0.948683298050505));
#6328=DIRECTION('center_axis',(-1.22464679914735E-16,1.,0.));
#6329=DIRECTION('ref_axis',(-0.316227766016865,-3.87267321454071E-17,0.948683298050505));
#6330=DIRECTION('center_axis',(1.22464679914735E-16,-1.,0.));
#6331=DIRECTION('ref_axis',(0.,0.,-1.));
#6332=DIRECTION('center_axis',(1.,0.,0.));
#6333=DIRECTION('ref_axis',(0.,0.,-1.));
#6334=DIRECTION('center_axis',(-1.22464679914735E-16,1.,0.));
#6335=DIRECTION('ref_axis',(0.707106781186553,8.65956056235498E-17,0.707106781186542));
#6336=DIRECTION('center_axis',(1.22464679914735E-16,-1.,0.));
#6337=DIRECTION('ref_axis',(0.707106781186553,8.65956056235498E-17,0.707106781186542));
#6338=DIRECTION('center_axis',(-1.22464679914735E-16,1.,0.));
#6339=DIRECTION('ref_axis',(-1.,-1.22464679914735E-16,5.17689969051298E-31));
#6340=DIRECTION('',(1.,1.22464679914735E-16,0.));
#6341=DIRECTION('center_axis',(-1.22464679914735E-16,1.,0.));
#6342=DIRECTION('ref_axis',(-0.707106781186553,-8.65956056235498E-17,0.707106781186542));
#6343=DIRECTION('center_axis',(1.22464679914735E-16,-1.,0.));
#6344=DIRECTION('ref_axis',(0.,0.,-1.));
#6345=DIRECTION('center_axis',(1.,0.,0.));
#6346=DIRECTION('ref_axis',(0.,0.,-1.));
#6347=DIRECTION('center_axis',(1.22464679914735E-16,-1.,0.));
#6348=DIRECTION('ref_axis',(-0.707106781186553,-8.65956056235498E-17,0.707106781186542));
#6349=DIRECTION('center_axis',(1.22464679914735E-16,-1.,0.));
#6350=DIRECTION('ref_axis',(1.,1.22464679914735E-16,-5.17689969051298E-31));
#6351=DIRECTION('',(-1.,-1.22464679914735E-16,0.));
#6352=DIRECTION('',(-1.,-1.22464679914735E-16,0.));
#6353=DIRECTION('',(-1.,-1.22464679914735E-16,0.));
#6354=DIRECTION('center_axis',(1.22464679914735E-16,-1.,0.));
#6355=DIRECTION('ref_axis',(0.316227766016862,3.87267321454067E-17,0.948683298050506));
#6356=DIRECTION('center_axis',(-1.22464679914735E-16,1.,0.));
#6357=DIRECTION('ref_axis',(-0.316227766016864,-3.8726732145407E-17,-0.948683298050505));
#6358=DIRECTION('',(-1.,-1.22464679914735E-16,2.77555756156314E-17));
#6359=DIRECTION('',(0.,0.,-1.));
#6360=DIRECTION('center_axis',(-0.408248290463815,-0.816496580927772,0.408248290463819));
#6361=DIRECTION('ref_axis',(0.577350269189648,-0.577350269189554,-0.577350269189675));
#6362=DIRECTION('center_axis',(9.25185853854372E-16,0.,1.));
#6363=DIRECTION('ref_axis',(0.,-1.,0.));
#6364=DIRECTION('center_axis',(-1.,0.,0.));
#6365=DIRECTION('ref_axis',(0.,0.,-1.));
#6366=DIRECTION('center_axis',(1.22464679914735E-16,-1.,1.64451785522601E-15));
#6367=DIRECTION('ref_axis',(0.707106781186559,-1.0762541215891E-15,-0.707106781186536));
#6368=DIRECTION('center_axis',(0.,0.,1.));
#6369=DIRECTION('ref_axis',(0.707106781186631,-0.707106781186464,0.));
#6370=DIRECTION('center_axis',(1.22464679914735E-16,-1.,0.));
#6371=DIRECTION('ref_axis',(0.707106781186561,8.65956056235507E-17,0.707106781186534));
#6372=DIRECTION('center_axis',(0.,-1.,0.));
#6373=DIRECTION('ref_axis',(1.,0.,0.));
#6374=DIRECTION('center_axis',(0.,0.,-1.));
#6375=DIRECTION('ref_axis',(0.,1.,0.));
#6376=DIRECTION('center_axis',(0.,0.,1.));
#6377=DIRECTION('ref_axis',(0.707106781186589,0.707106781186506,0.));
#6378=DIRECTION('center_axis',(0.,0.,1.));
#6379=DIRECTION('ref_axis',(1.,0.,0.));
#6380=DIRECTION('center_axis',(4.4308366476814E-15,-0.28734788556635,-0.95782628522115));
#6381=DIRECTION('ref_axis',(1.97215226305253E-31,0.95782628522115,-0.28734788556635));
#6382=DIRECTION('center_axis',(-3.51899668300587E-17,0.287347885566348,
0.957826285221151));
#6383=DIRECTION('ref_axis',(0.707106781186657,0.677285461478491,-0.203185638443549));
#6384=DIRECTION('center_axis',(0.,-0.287347885566362,-0.957826285221147));
#6385=DIRECTION('ref_axis',(0.,0.957826285221146,-0.287347885566362));
#6386=DIRECTION('center_axis',(0.,1.,0.));
#6387=DIRECTION('ref_axis',(1.,0.,-1.48029736616682E-14));
#6388=DIRECTION('center_axis',(1.22464679914735E-16,-1.,0.));
#6389=DIRECTION('ref_axis',(0.707106781186561,8.65956056235507E-17,-0.707106781186534));
#6390=DIRECTION('center_axis',(0.,1.,0.));
#6391=DIRECTION('ref_axis',(1.,0.,0.));
#6392=DIRECTION('center_axis',(1.,1.22464679914735E-16,0.));
#6393=DIRECTION('ref_axis',(0.,0.,-1.));
#6394=DIRECTION('center_axis',(-1.22464679914735E-16,1.,1.2256549001111E-14));
#6395=DIRECTION('ref_axis',(-0.707106781186562,8.58009330700706E-15,-0.707106781186533));
#6396=DIRECTION('',(-1.22464679914735E-16,1.,1.2256549001111E-14));
#6397=DIRECTION('center_axis',(-1.,-1.22464679914735E-16,0.));
#6398=DIRECTION('ref_axis',(0.,0.,1.));
#6399=DIRECTION('',(1.22464679914735E-16,-1.,0.));
#6400=DIRECTION('',(0.,0.,-1.));
#6401=DIRECTION('',(1.22464679914735E-16,-1.,0.));
#6402=DIRECTION('center_axis',(-1.22464679914735E-16,1.,0.));
#6403=DIRECTION('ref_axis',(-0.707106781186561,-8.65956056235507E-17,0.707106781186534));
#6404=DIRECTION('',(1.22464679914735E-16,-1.,0.));
#6405=DIRECTION('center_axis',(-1.22464679914735E-16,1.,0.));
#6406=DIRECTION('ref_axis',(-0.707106781186553,-8.65956056235498E-17,0.707106781186542));
#6407=DIRECTION('center_axis',(1.22464679914735E-16,-1.,0.));
#6408=DIRECTION('ref_axis',(0.,0.,-1.));
#6409=DIRECTION('center_axis',(1.22464679914735E-16,-1.,0.));
#6410=DIRECTION('ref_axis',(-0.316227766016847,-3.87267321454049E-17,0.948683298050511));
#6411=DIRECTION('',(1.22464679914735E-16,-1.,0.));
#6412=DIRECTION('center_axis',(1.,1.22464679914735E-16,0.));
#6413=DIRECTION('ref_axis',(8.65956056235459E-17,-0.707106781186521,-0.707106781186574));
#6414=DIRECTION('',(1.,1.22464679914735E-16,0.));
#6415=DIRECTION('center_axis',(-1.22464679914735E-16,1.,0.));
#6416=DIRECTION('ref_axis',(0.316227766016847,3.87267321454049E-17,0.948683298050511));
#6417=DIRECTION('',(-1.22464679914735E-16,1.,0.));
#6418=DIRECTION('center_axis',(-1.22464679914735E-16,1.,0.));
#6419=DIRECTION('ref_axis',(0.316227766016847,3.87267321454049E-17,0.948683298050511));
#6420=DIRECTION('center_axis',(-1.22464679914735E-16,1.,0.));
#6421=DIRECTION('ref_axis',(1.,1.22464679914735E-16,-2.77555756156314E-17));
#6422=DIRECTION('',(-1.,-1.22464679914735E-16,0.));
#6423=DIRECTION('center_axis',(-1.22464679914735E-16,1.,0.));
#6424=DIRECTION('ref_axis',(-0.316227766016832,-3.8726732145403E-17,0.948683298050516));
#6425=DIRECTION('center_axis',(1.22464679914735E-16,-1.,0.));
#6426=DIRECTION('ref_axis',(-0.316227766016832,-3.8726732145403E-17,0.948683298050516));
#6427=DIRECTION('',(1.22464679914735E-16,-1.,0.));
#6428=DIRECTION('center_axis',(1.,1.22464679914735E-16,0.));
#6429=DIRECTION('ref_axis',(8.65956056235459E-17,-0.707106781186521,-0.707106781186574));
#6430=DIRECTION('',(1.,1.22464679914735E-16,0.));
#6431=DIRECTION('center_axis',(-1.22464679914735E-16,1.,0.));
#6432=DIRECTION('ref_axis',(0.316227766016833,3.87267321454032E-17,0.948683298050516));
#6433=DIRECTION('',(-1.22464679914735E-16,1.,0.));
#6434=DIRECTION('center_axis',(-1.22464679914735E-16,1.,0.));
#6435=DIRECTION('ref_axis',(0.316227766016833,3.87267321454032E-17,0.948683298050516));
#6436=DIRECTION('center_axis',(-1.22464679914735E-16,1.,0.));
#6437=DIRECTION('ref_axis',(1.,1.22464679914735E-16,-2.77555756156314E-17));
#6438=DIRECTION('',(-1.,-1.22464679914735E-16,0.));
#6439=DIRECTION('center_axis',(-1.22464679914735E-16,1.,0.));
#6440=DIRECTION('ref_axis',(-0.316227766016833,-3.87267321454032E-17,0.948683298050516));
#6441=DIRECTION('center_axis',(1.22464679914735E-16,-1.,0.));
#6442=DIRECTION('ref_axis',(-0.316227766016833,-3.87267321454032E-17,0.948683298050516));
#6443=DIRECTION('',(1.22464679914735E-16,-1.,0.));
#6444=DIRECTION('center_axis',(1.,1.22464679914735E-16,0.));
#6445=DIRECTION('ref_axis',(8.65956056235459E-17,-0.707106781186521,-0.707106781186574));
#6446=DIRECTION('center_axis',(-1.,0.,0.));
#6447=DIRECTION('ref_axis',(0.,0.,-1.));
#6448=DIRECTION('',(1.,1.22464679914735E-16,0.));
#6449=DIRECTION('center_axis',(-1.22464679914735E-16,1.,0.));
#6450=DIRECTION('ref_axis',(0.70710678118654,8.65956056235482E-17,0.707106781186555));
#6451=DIRECTION('center_axis',(-1.22464679914735E-16,1.,0.));
#6452=DIRECTION('ref_axis',(0.707106781186553,8.65956056235498E-17,0.707106781186542));
#6453=DIRECTION('',(-1.22464679914735E-16,1.,0.));
#6454=DIRECTION('center_axis',(-1.,-1.22464679914735E-16,0.));
#6455=DIRECTION('ref_axis',(-8.65956056235507E-17,0.707106781186561,-0.707106781186534));
#6456=DIRECTION('',(-1.,-1.22464679914735E-16,0.));
#6457=DIRECTION('center_axis',(-1.22464679914735E-16,1.,0.));
#6458=DIRECTION('ref_axis',(0.,0.,1.));
#6459=DIRECTION('center_axis',(-0.80000000000003,0.,0.599999999999961));
#6460=DIRECTION('ref_axis',(-0.599999999999961,0.,-0.80000000000003));
#6461=DIRECTION('center_axis',(-1.22464679914735E-16,1.,0.));
#6462=DIRECTION('ref_axis',(0.316227766016862,3.87267321454067E-17,0.948683298050506));
#6463=DIRECTION('center_axis',(-1.,0.,0.));
#6464=DIRECTION('ref_axis',(0.,0.,-1.));
#6465=DIRECTION('center_axis',(1.22464679914735E-16,-1.,0.));
#6466=DIRECTION('ref_axis',(-0.316227766016863,-3.87267321454069E-17,-0.948683298050505));
#6467=DIRECTION('center_axis',(-1.,-1.22464679914735E-16,2.77555756156314E-17));
#6468=DIRECTION('ref_axis',(6.69694498899962E-17,-0.707106781186521,-0.707106781186574));
#6469=DIRECTION('',(1.,1.22464679914735E-16,-2.77555756156314E-17));
#6470=DIRECTION('center_axis',(1.22464679914735E-16,-1.,1.64451785522601E-15));
#6471=DIRECTION('ref_axis',(0.707106781186561,-1.0762541215891E-15,-0.707106781186534));
#6472=DIRECTION('',(-1.22464679914735E-16,1.,-1.64451785522601E-15));
#6473=DIRECTION('center_axis',(0.,-1.,0.));
#6474=DIRECTION('ref_axis',(0.,0.,-1.));
#6475=DIRECTION('center_axis',(0.,-1.,0.));
#6476=DIRECTION('ref_axis',(0.,0.,-1.));
#6477=DIRECTION('center_axis',(1.22464679914735E-16,-1.,0.));
#6478=DIRECTION('ref_axis',(-0.707106781186578,-8.65956056235528E-17,0.707106781186517));
#6479=DIRECTION('center_axis',(0.,0.,1.));
#6480=DIRECTION('ref_axis',(-0.707106781186547,-0.707106781186547,0.));
#6481=DIRECTION('center_axis',(0.,0.,-1.));
#6482=DIRECTION('ref_axis',(0.,-1.,0.));
#6483=DIRECTION('center_axis',(-1.22464679914735E-16,1.,0.));
#6484=DIRECTION('ref_axis',(0.,0.,1.));
#6485=DIRECTION('center_axis',(0.,0.,1.));
#6486=DIRECTION('ref_axis',(1.,1.22464679914735E-16,0.));
#6487=DIRECTION('',(-1.22464679914735E-16,1.,0.));
#6488=DIRECTION('center_axis',(-1.22464679914735E-16,1.,0.));
#6489=DIRECTION('ref_axis',(0.316227766016833,3.87267321454032E-17,0.948683298050516));
#6490=DIRECTION('',(-1.22464679914735E-16,1.,0.));
#6491=DIRECTION('center_axis',(1.22464679914735E-16,-1.,0.));
#6492=DIRECTION('ref_axis',(-0.316227766016848,-3.8726732145405E-17,-0.948683298050511));
#6493=DIRECTION('',(1.22464679914735E-16,-1.,1.64451785522601E-15));
#6494=DIRECTION('center_axis',(-2.77555756156312E-17,-1.64451785522601E-15,
-1.));
#6495=DIRECTION('ref_axis',(1.,1.22464679914735E-16,-2.77555756156314E-17));
#6496=DIRECTION('center_axis',(2.77555756156312E-17,1.64451785522601E-15,
1.));
#6497=DIRECTION('ref_axis',(0.707106781186548,-0.707106781186548,1.14322357147912E-15));
#6498=DIRECTION('center_axis',(0.,0.,1.));
#6499=DIRECTION('ref_axis',(0.707106781186548,-0.707106781186548,0.));
#6500=CARTESIAN_POINT('',(0.,0.,0.));
#6501=CARTESIAN_POINT('Origin',(273.33855924227,93.6299034798069,1.15));
#6502=CARTESIAN_POINT('',(270.77055924227,93.6299034798069,1.25));
#6503=CARTESIAN_POINT('',(270.77055924227,93.5299034798069,1.15));
#6504=CARTESIAN_POINT('Origin',(270.77055924227,93.6299034798069,1.15));
#6505=CARTESIAN_POINT('',(273.33855924227,93.5299034798069,1.15));
#6506=CARTESIAN_POINT('',(273.33855924227,93.5299034798069,1.15));
#6507=CARTESIAN_POINT('',(273.33855924227,93.6299034798069,1.25));
#6508=CARTESIAN_POINT('Origin',(273.33855924227,93.6299034798069,1.15));
#6509=CARTESIAN_POINT('',(262.84369713039,93.6299034798069,1.25));
#6510=CARTESIAN_POINT('Origin',(273.33855924227,93.6299034798069,0.350000000000002));
#6511=CARTESIAN_POINT('',(270.77055924227,93.6299034798069,0.250000000000002));
#6512=CARTESIAN_POINT('',(270.77055924227,93.5299034798069,0.350000000000002));
#6513=CARTESIAN_POINT('Origin',(270.77055924227,93.6299034798069,0.350000000000002));
#6514=CARTESIAN_POINT('',(273.33855924227,93.6299034798069,0.250000000000004));
#6515=CARTESIAN_POINT('',(263.86069713039,93.6299034798069,0.250000000000004));
#6516=CARTESIAN_POINT('',(273.33855924227,93.5299034798069,0.350000000000002));
#6517=CARTESIAN_POINT('Origin',(273.33855924227,93.6299034798069,0.350000000000002));
#6518=CARTESIAN_POINT('',(273.33855924227,93.5299034798069,0.350000000000002));
#6519=CARTESIAN_POINT('Origin',(266.811740991861,93.5299034798069,0.750000000000002));
#6520=CARTESIAN_POINT('Origin',(270.77055924227,93.5299034798069,0.750000000000002));
#6521=CARTESIAN_POINT('Origin',(273.33855924227,93.5299034798069,0.750000000000002));
#6522=CARTESIAN_POINT('Ctrl Pts',(258.966349628231,93.5299034798069,1.14999994507742));
#6523=CARTESIAN_POINT('Ctrl Pts',(261.534349628231,93.5299034798069,1.14999994507742));
#6524=CARTESIAN_POINT('Ctrl Pts',(258.966349628231,93.5299034798069,1.1623413020476));
#6525=CARTESIAN_POINT('Ctrl Pts',(261.534349628231,93.5299034798069,1.1623413020476));
#6526=CARTESIAN_POINT('Ctrl Pts',(258.966349628231,93.5327926946708,1.17686636761564));
#6527=CARTESIAN_POINT('Ctrl Pts',(261.534349628231,93.5327926946708,1.17686636761564));
#6528=CARTESIAN_POINT('Ctrl Pts',(258.966349628231,93.542238359461,1.19967022106697));
#6529=CARTESIAN_POINT('Ctrl Pts',(261.534349628231,93.542238359461,1.19967022106697));
#6530=CARTESIAN_POINT('Ctrl Pts',(258.966349628231,93.5504661469986,1.21198397626808));
#6531=CARTESIAN_POINT('Ctrl Pts',(261.534349628231,93.5504661469986,1.21198397626808));
#6532=CARTESIAN_POINT('Ctrl Pts',(258.966349628231,93.5679194588335,1.2294372890807));
#6533=CARTESIAN_POINT('Ctrl Pts',(261.534349628231,93.5679194588335,1.2294372890807));
#6534=CARTESIAN_POINT('Ctrl Pts',(258.966349628231,93.5802332126485,1.23766507687636));
#6535=CARTESIAN_POINT('Ctrl Pts',(261.534349628231,93.5802332126485,1.23766507687636));
#6536=CARTESIAN_POINT('Ctrl Pts',(258.966349628231,93.603037062691,1.24711074130205));
#6537=CARTESIAN_POINT('Ctrl Pts',(261.534349628231,93.603037062691,1.24711074130205));
#6538=CARTESIAN_POINT('Ctrl Pts',(258.966349628231,93.6175621252846,1.24999995606195));
#6539=CARTESIAN_POINT('Ctrl Pts',(261.534349628231,93.6175621252846,1.24999995606195));
#6540=CARTESIAN_POINT('Ctrl Pts',(258.966349628231,93.6299034798069,1.24999995606195));
#6541=CARTESIAN_POINT('Ctrl Pts',(261.534349628231,93.6299034798069,1.24999995606195));
#6542=CARTESIAN_POINT('',(258.966349628231,93.5299034798069,1.14999994507744));
#6543=CARTESIAN_POINT('',(258.966349628231,93.6299034798069,1.25));
#6544=CARTESIAN_POINT('Ctrl Pts',(258.966349628231,93.5299034798069,1.14999994507742));
#6545=CARTESIAN_POINT('Ctrl Pts',(258.966349628231,93.5299034798069,1.1623413020476));
#6546=CARTESIAN_POINT('Ctrl Pts',(258.966349628231,93.5327926946708,1.17686636761564));
#6547=CARTESIAN_POINT('Ctrl Pts',(258.966349628231,93.542238359461,1.19967022106697));
#6548=CARTESIAN_POINT('Ctrl Pts',(258.966349628231,93.5504661469986,1.21198397626808));
#6549=CARTESIAN_POINT('Ctrl Pts',(258.966349628231,93.5679194588335,1.2294372890807));
#6550=CARTESIAN_POINT('Ctrl Pts',(258.966349628231,93.5802332126485,1.23766507687636));
#6551=CARTESIAN_POINT('Ctrl Pts',(258.966349628231,93.603037062691,1.24711074130205));
#6552=CARTESIAN_POINT('Ctrl Pts',(258.966349628231,93.6175621252846,1.24999995606195));
#6553=CARTESIAN_POINT('Ctrl Pts',(258.966349628231,93.6299034798069,1.24999995606195));
#6554=CARTESIAN_POINT('',(261.534349628231,93.5299034798069,1.15));
#6555=CARTESIAN_POINT('',(258.966349628231,93.5299034798069,1.14999994507742));
#6556=CARTESIAN_POINT('',(261.534349628231,93.6299034798069,1.25));
#6557=CARTESIAN_POINT('Origin',(261.534349628231,93.6299034798069,1.15));
#6558=CARTESIAN_POINT('',(258.96655924227,93.6299034798069,1.25));
#6559=CARTESIAN_POINT('',(258.958592323371,93.6299034798069,1.25));
#6560=CARTESIAN_POINT('Origin',(258.96655924227,93.6299034798069,0.750000000000002));
#6561=CARTESIAN_POINT('Origin',(265.493740991861,93.5299034798069,0.750000000000002));
#6562=CARTESIAN_POINT('',(258.966349628231,93.5299034798069,0.350000054922562));
#6563=CARTESIAN_POINT('Origin',(258.96655924227,93.5299034798069,0.750000000000002));
#6564=CARTESIAN_POINT('',(261.534349628231,93.5299034798069,0.350000000000002));
#6565=CARTESIAN_POINT('',(262.872045310046,93.5299034798069,0.350000000000003));
#6566=CARTESIAN_POINT('Origin',(261.534349628231,93.5299034798069,0.750000000000002));
#6567=CARTESIAN_POINT('Origin',(262.872045310046,93.6299034798069,0.350000000000003));
#6568=CARTESIAN_POINT('',(261.534349628231,93.6299034798069,0.250000000000004));
#6569=CARTESIAN_POINT('Origin',(261.534349628231,93.6299034798069,0.350000000000002));
#6570=CARTESIAN_POINT('',(258.966349628231,93.6299034798069,0.250000000000003));
#6571=CARTESIAN_POINT('Ctrl Pts',(258.966349628231,93.6299034798069,0.250000043938049));
#6572=CARTESIAN_POINT('Ctrl Pts',(258.966349628231,93.6175621252846,0.250000043938051));
#6573=CARTESIAN_POINT('Ctrl Pts',(258.966349628231,93.603037062691,0.252889258697955));
#6574=CARTESIAN_POINT('Ctrl Pts',(258.966349628231,93.5802332126485,0.262334923123648));
#6575=CARTESIAN_POINT('Ctrl Pts',(258.966349628231,93.5679194588335,0.270562710919303));
#6576=CARTESIAN_POINT('Ctrl Pts',(258.966349628231,93.5504661469986,0.288016023731921));
#6577=CARTESIAN_POINT('Ctrl Pts',(258.966349628231,93.542238359461,0.300329778933036));
#6578=CARTESIAN_POINT('Ctrl Pts',(258.966349628231,93.5327926946708,0.323133632384368));
#6579=CARTESIAN_POINT('Ctrl Pts',(258.966349628231,93.5299034798069,0.337658697952409));
#6580=CARTESIAN_POINT('Ctrl Pts',(258.966349628231,93.5299034798069,0.35000005492258));
#6581=CARTESIAN_POINT('',(258.96655924227,93.6299034798069,0.250000000000002));
#6582=CARTESIAN_POINT('Origin',(258.96655924227,93.6299034798069,0.750000000000002));
#6583=CARTESIAN_POINT('',(259.97559232337,93.6299034798069,0.250000000000004));
#6584=CARTESIAN_POINT('Origin',(264.273012597346,92.2448744451078,-2.8499999999998));
#6585=CARTESIAN_POINT('',(257.96683501851,91.9448744451078,-2.8499999999998));
#6586=CARTESIAN_POINT('',(257.96683501851,92.2448744451078,-3.1499999999998));
#6587=CARTESIAN_POINT('Origin',(257.96683501851,92.2448744451078,-2.8499999999998));
#6588=CARTESIAN_POINT('',(262.335284202832,92.2448744451078,-3.1499999999998));
#6589=CARTESIAN_POINT('',(264.273012597346,92.2448744451078,-3.1499999999998));
#6590=CARTESIAN_POINT('',(262.335284202832,91.9448744451078,-2.8499999999998));
#6591=CARTESIAN_POINT('Origin',(262.335284202832,92.2448744451078,-2.8499999999998));
#6592=CARTESIAN_POINT('',(264.273012597346,91.9448744451078,-2.8499999999998));
#6593=CARTESIAN_POINT('Origin',(257.96683501851,92.2448744451078,-0.759141124257298));
#6594=CARTESIAN_POINT('',(257.66683501851,92.2448744451078,-2.8499999999998));
#6595=CARTESIAN_POINT('Origin',(257.96683501851,92.2448744451078,-2.8499999999998));
#6596=CARTESIAN_POINT('',(257.96683501851,91.9448744451078,-0.65000000447034));
#6597=CARTESIAN_POINT('',(257.96683501851,91.9448744451078,-0.759141124257298));
#6598=CARTESIAN_POINT('',(257.66683501851,92.2448744451078,-0.65000000447034));
#6599=CARTESIAN_POINT('Origin',(257.96683501851,92.2448744451078,-0.65000000447034));
#6600=CARTESIAN_POINT('',(257.66683501851,92.2448744451078,-0.759141124257298));
#6601=CARTESIAN_POINT('Ctrl Pts',(257.96683501851,91.9448744451078,-0.65000000447034));
#6602=CARTESIAN_POINT('Ctrl Pts',(257.96683501851,91.9448744451078,-0.450000004470351));
#6603=CARTESIAN_POINT('Ctrl Pts',(258.16683501851,91.9448744451078,-0.450000004470351));
#6604=CARTESIAN_POINT('Ctrl Pts',(257.66683501851,91.9448744451078,-0.65000000447034));
#6605=CARTESIAN_POINT('Ctrl Pts',(257.66683501851,91.9448744451078,-0.15000000447034));
#6606=CARTESIAN_POINT('Ctrl Pts',(258.16683501851,91.9448744451078,-0.15000000447034));
#6607=CARTESIAN_POINT('Ctrl Pts',(257.66683501851,92.2448744451078,-0.65000000447034));
#6608=CARTESIAN_POINT('Ctrl Pts',(257.66683501851,92.2448744451078,-0.15000000447034));
#6609=CARTESIAN_POINT('Ctrl Pts',(258.16683501851,92.2448744451078,-0.15000000447034));
#6610=CARTESIAN_POINT('',(258.16683501851,91.9448744451078,-0.45000000447034));
#6611=CARTESIAN_POINT('',(258.16683501851,92.2448744451078,-0.15000000447034));
#6612=CARTESIAN_POINT('Origin',(258.16683501851,92.2448744451078,-0.45000000447034));
#6613=CARTESIAN_POINT('Origin',(258.16683501851,92.2448744451078,-0.65000000447034));
#6614=CARTESIAN_POINT('Origin',(258.16683501851,91.9448744451078,-0.65000000447034));
#6615=CARTESIAN_POINT('Origin',(260.003913856327,92.2448744451078,-0.45000000447034));
#6616=CARTESIAN_POINT('',(259.751543509822,91.9448744451078,-0.45000000447034));
#6617=CARTESIAN_POINT('',(259.751543509822,92.2448744451078,-0.15000000447034));
#6618=CARTESIAN_POINT('Origin',(259.751543509822,92.2448744451078,-0.45000000447034));
#6619=CARTESIAN_POINT('',(260.003913856327,92.2448744451078,-0.15000000447034));
#6620=CARTESIAN_POINT('',(260.003913856327,91.9448744451078,-0.45000000447034));
#6621=CARTESIAN_POINT('Ctrl Pts',(260.231543509822,91.9448744451078,-0.290000004470348));
#6622=CARTESIAN_POINT('Ctrl Pts',(260.284876843155,91.9448744451078,-0.250000004470345));
#6623=CARTESIAN_POINT('Ctrl Pts',(260.351543509822,91.9448744451078,-0.250000004470345));
#6624=CARTESIAN_POINT('Ctrl Pts',(260.051543509822,91.9448744451078,-0.0500000044703498));
#6625=CARTESIAN_POINT('Ctrl Pts',(260.184876843155,91.9448744451078,0.0499999955296605));
#6626=CARTESIAN_POINT('Ctrl Pts',(260.351543509822,91.9448744451078,0.0499999955296604));
#6627=CARTESIAN_POINT('Ctrl Pts',(260.051543509822,92.2448744451078,-0.0500000044703498));
#6628=CARTESIAN_POINT('Ctrl Pts',(260.184876843155,92.2448744451078,0.0499999955296605));
#6629=CARTESIAN_POINT('Ctrl Pts',(260.351543509822,92.2448744451078,0.0499999955296604));
#6630=CARTESIAN_POINT('',(260.051543509822,92.2448744451078,-0.0500000044703374));
#6631=CARTESIAN_POINT('',(260.231543509822,91.9448744451078,-0.290000004470341));
#6632=CARTESIAN_POINT('Origin',(260.231543509822,92.2448744451078,-0.290000004470341));
#6633=CARTESIAN_POINT('',(260.351543509822,91.9448744451078,-0.25000000447034));
#6634=CARTESIAN_POINT('Origin',(260.351543509822,91.9448744451078,-0.45000000447034));
#6635=CARTESIAN_POINT('',(260.351543509822,92.2448744451078,0.0499999955296604));
#6636=CARTESIAN_POINT('Origin',(260.351543509822,92.2448744451078,-0.25000000447034));
#6637=CARTESIAN_POINT('Origin',(260.351543509822,92.2448744451078,-0.45000000447034));
#6638=CARTESIAN_POINT('Origin',(269.200900145576,92.2448744451078,-0.25000000447034));
#6639=CARTESIAN_POINT('',(262.135284202832,91.9448744451078,-0.25000000447034));
#6640=CARTESIAN_POINT('',(262.135284202832,92.2448744451078,0.0500000000000045));
#6641=CARTESIAN_POINT('Origin',(262.135284202832,92.2448744451078,-0.25000000447034));
#6642=CARTESIAN_POINT('',(269.200900145576,92.2448744451078,0.0499999955296604));
#6643=CARTESIAN_POINT('',(269.200900145576,91.9448744451078,-0.25000000447034));
#6644=CARTESIAN_POINT('Ctrl Pts',(262.635284202832,92.2448744451078,-0.449999999999995));
#6645=CARTESIAN_POINT('Ctrl Pts',(262.635284202832,92.2448744451078,0.050000000000005));
#6646=CARTESIAN_POINT('Ctrl Pts',(262.135284202832,92.2448744451078,0.050000000000005));
#6647=CARTESIAN_POINT('Ctrl Pts',(262.635284202832,92.1206103750866,-0.449999999999995));
#6648=CARTESIAN_POINT('Ctrl Pts',(262.635284202832,92.1206103750866,0.0500000000000124));
#6649=CARTESIAN_POINT('Ctrl Pts',(262.135284202832,92.1206103750866,0.0500000000000124));
#6650=CARTESIAN_POINT('Ctrl Pts',(262.547416235607,92.0327424091713,-0.449999999999995));
#6651=CARTESIAN_POINT('Ctrl Pts',(262.547416235607,92.0327424091713,-0.03786796722453));
#6652=CARTESIAN_POINT('Ctrl Pts',(262.135284202832,92.0327424091713,-0.03786796722453));
#6653=CARTESIAN_POINT('Ctrl Pts',(262.459548268383,91.9448744432561,-0.449999999999995));
#6654=CARTESIAN_POINT('Ctrl Pts',(262.459548268383,91.9448744432561,-0.125735934449066));
#6655=CARTESIAN_POINT('Ctrl Pts',(262.135284202832,91.9448744432561,-0.125735934449066));
#6656=CARTESIAN_POINT('Ctrl Pts',(262.335284198362,91.9448744451078,-0.449999999999995));
#6657=CARTESIAN_POINT('Ctrl Pts',(262.335284198362,91.9448744451078,-0.25000000447034));
#6658=CARTESIAN_POINT('Ctrl Pts',(262.135284202832,91.9448744451078,-0.25000000447034));
#6659=CARTESIAN_POINT('',(262.335284202832,91.9448744451078,-0.449999999999995));
#6660=CARTESIAN_POINT('',(262.635284202832,92.2448744451078,-0.449999999999995));
#6661=CARTESIAN_POINT('Origin',(262.335284202832,92.2448744451078,-0.449999999999995));
#6662=CARTESIAN_POINT('Origin',(262.135284202832,92.2448744451078,-0.449999999999995));
#6663=CARTESIAN_POINT('Origin',(262.135284202832,91.9448744451078,-0.449999999999995));
#6664=CARTESIAN_POINT('Origin',(262.335284202832,92.2448744451078,-1.3872499870295));
#6665=CARTESIAN_POINT('',(262.635284202832,92.2448744451078,-2.8499999999998));
#6666=CARTESIAN_POINT('Origin',(262.335284202832,92.2448744451078,-2.8499999999998));
#6667=CARTESIAN_POINT('',(262.635284202832,92.2448744451078,-1.3872499870295));
#6668=CARTESIAN_POINT('',(262.335284202832,91.9448744451078,-1.3872499870295));
#6669=CARTESIAN_POINT('Origin',(259.751543509822,92.2448744451078,0.34999999552966));
#6670=CARTESIAN_POINT('Origin',(259.751543509822,92.2448744451078,0.34999999552966));
#6671=CARTESIAN_POINT('Origin',(259.751543509822,91.9448744451078,0.34999999552966));
#6672=CARTESIAN_POINT('Origin',(262.335284202832,92.2448744451078,-2.8499999999998));
#6673=CARTESIAN_POINT('Origin',(262.335284202832,92.2448744451078,-2.8499999999998));
#6674=CARTESIAN_POINT('Origin',(257.96683501851,92.2448744451078,-2.8499999999998));
#6675=CARTESIAN_POINT('Origin',(257.96683501851,92.2448744451078,-2.8499999999998));
#6676=CARTESIAN_POINT('Origin',(257.96683501851,94.8698744451078,-2.8499999999998));
#6677=CARTESIAN_POINT('',(257.66683501851,93.105403679967,-2.8499999999998));
#6678=CARTESIAN_POINT('',(257.66683501851,94.8698744451078,-2.8499999999998));
#6679=CARTESIAN_POINT('',(257.96683501851,93.105403679967,-3.1499999999998));
#6680=CARTESIAN_POINT('Origin',(257.96683501851,93.105403679967,-2.8499999999998));
#6681=CARTESIAN_POINT('',(257.96683501851,94.8698744451078,-3.1499999999998));
#6682=CARTESIAN_POINT('Origin',(257.66683501851,94.6299034798069,-1.4432822485146));
#6683=CARTESIAN_POINT('',(257.66683501851,94.1299034798069,-0.65000000447034));
#6684=CARTESIAN_POINT('',(257.66683501851,93.0641534798069,-0.65000000447034));
#6685=CARTESIAN_POINT('',(257.66683501851,94.1299034798069,1.75));
#6686=CARTESIAN_POINT('',(257.66683501851,94.1299034798069,-0.849999999999898));
#6687=CARTESIAN_POINT('',(257.66683501851,92.1299034798069,1.75000000000001));
#6688=CARTESIAN_POINT('',(257.66683501851,94.3373889624574,1.75));
#6689=CARTESIAN_POINT('',(257.66683501851,92.1299034798069,4.6500000000002));
#6690=CARTESIAN_POINT('',(257.66683501851,92.1299034798069,-3.1499999999998));
#6691=CARTESIAN_POINT('',(257.66683501851,94.0295906724936,4.6500000000002));
#6692=CARTESIAN_POINT('',(257.66683501851,94.6299034798069,4.6500000000002));
#6693=CARTESIAN_POINT('',(257.66683501851,94.2295906724936,4.4500000000002));
#6694=CARTESIAN_POINT('Origin',(257.66683501851,94.0295906724936,4.4500000000002));
#6695=CARTESIAN_POINT('',(257.66683501851,94.2295906724936,-1.77765827289235));
#6696=CARTESIAN_POINT('',(257.66683501851,94.2295906724936,-0.155301770127787));
#6697=CARTESIAN_POINT('',(257.66683501851,94.2211559295378,-1.83512785000562));
#6698=CARTESIAN_POINT('Origin',(257.66683501851,94.0295906724936,-1.77765827289235));
#6699=CARTESIAN_POINT('',(257.66683501851,94.0494534114056,-2.40746957711297));
#6700=CARTESIAN_POINT('',(257.66683501851,94.3026543673807,-1.56346639052929));
#6701=CARTESIAN_POINT('',(257.66683501851,93.8578881543614,-2.5499999999997));
#6702=CARTESIAN_POINT('Origin',(257.66683501851,93.8578881543614,-2.3499999999997));
#6703=CARTESIAN_POINT('',(257.66683501851,93.7299034798069,-2.5499999999997));
#6704=CARTESIAN_POINT('',(257.66683501851,95.4123889624574,-2.5499999999997));
#6705=CARTESIAN_POINT('Origin',(257.66683501851,93.7299034798069,-3.3499999999997));
#6706=CARTESIAN_POINT('Origin',(258.16683501851,93.0641534798069,-0.65000000447034));
#6707=CARTESIAN_POINT('',(258.16683501851,93.6299034798069,-0.15000000447034));
#6708=CARTESIAN_POINT('',(258.16683501851,93.0641534798069,-0.15000000447034));
#6709=CARTESIAN_POINT('Origin',(258.16683501851,94.1299034798069,-0.65000000447034));
#6710=CARTESIAN_POINT('Origin',(258.614543509822,91.498403479807,-0.15000000447034));
#6711=CARTESIAN_POINT('',(259.751543509822,93.629903479807,-0.15000000447034));
#6712=CARTESIAN_POINT('',(259.751543509822,91.164153479807,-0.15000000447034));
#6713=CARTESIAN_POINT('',(258.614543509822,93.629903479807,-0.15000000447034));
#6714=CARTESIAN_POINT('Origin',(259.751543509822,91.164153479807,0.34999999552966));
#6715=CARTESIAN_POINT('',(260.051543509822,93.6299034798069,-0.0500000044703396));
#6716=CARTESIAN_POINT('',(260.051543509822,91.164153479807,-0.0500000044703374));
#6717=CARTESIAN_POINT('Origin',(259.751543509822,93.6299034798069,0.34999999552966));
#6718=CARTESIAN_POINT('Origin',(260.351543509822,91.164153479807,-0.45000000447034));
#6719=CARTESIAN_POINT('',(260.351543509822,93.629903479807,0.0499999955296604));
#6720=CARTESIAN_POINT('',(260.351543509822,91.164153479807,0.0499999955296604));
#6721=CARTESIAN_POINT('Origin',(260.351543509822,93.6299034798069,-0.45000000447034));
#6722=CARTESIAN_POINT('Origin',(261.393284202832,91.9448744451078,-0.0749999999999956));
#6723=CARTESIAN_POINT('Origin',(257.66683501851,93.6299034798069,1.45));
#6724=CARTESIAN_POINT('',(262.135284202832,93.6299034798069,0.0499999977924274));
#6725=CARTESIAN_POINT('',(257.296965895401,93.629903479807,0.0499999955296604));
#6726=CARTESIAN_POINT('',(262.335284202832,93.6299034798069,0.0082575694955564));
#6727=CARTESIAN_POINT('Origin',(262.135284202832,93.6299034798069,-0.449999999999995));
#6728=CARTESIAN_POINT('',(262.335284202832,93.6299034798069,1.35));
#6729=CARTESIAN_POINT('',(262.335284202832,93.6299034798069,-0.624749987029496));
#6730=CARTESIAN_POINT('',(262.415668960561,93.6299034798069,1.65));
#6731=CARTESIAN_POINT('Origin',(262.935284202832,93.6299034798069,1.35));
#6732=CARTESIAN_POINT('',(260.752740991861,93.6299034798069,1.65));
#6733=CARTESIAN_POINT('',(259.509788005185,93.6299034798069,1.65));
#6734=CARTESIAN_POINT('',(260.452740991861,93.629903479807,1.55));
#6735=CARTESIAN_POINT('Origin',(260.752740991861,93.6299034798069,1.15));
#6736=CARTESIAN_POINT('',(260.152740991861,93.6299034798069,1.45));
#6737=CARTESIAN_POINT('Origin',(260.152740991861,93.6299034798069,1.95000000000001));
#6738=CARTESIAN_POINT('',(258.16683501851,93.6299034798069,1.45));
#6739=CARTESIAN_POINT('',(262.409788005185,93.6299034798069,1.45));
#6740=CARTESIAN_POINT('',(258.16683501851,93.6299034798069,-0.849999999999898));
#6741=CARTESIAN_POINT('Origin',(258.96655924227,93.6299034798069,0.750000000000002));
#6742=CARTESIAN_POINT('Origin',(261.534349628231,93.6299034798069,0.750000000000002));
#6743=CARTESIAN_POINT('Origin',(274.338646965212,92.2448744451078,-1.6124999999999));
#6744=CARTESIAN_POINT('',(274.638646965212,92.2448744451078,-0.650000004470352));
#6745=CARTESIAN_POINT('',(274.338646965212,91.9448744451078,-0.650000004470352));
#6746=CARTESIAN_POINT('Origin',(274.338646965212,92.2448744451078,-0.650000004470352));
#6747=CARTESIAN_POINT('',(274.338646965212,91.9448744451078,-2.84999999999981));
#6748=CARTESIAN_POINT('',(274.338646965212,91.9448744451078,-1.6124999999999));
#6749=CARTESIAN_POINT('',(274.638646965212,92.2448744451078,-2.84999999999981));
#6750=CARTESIAN_POINT('Origin',(274.338646965212,92.2448744451078,-2.84999999999981));
#6751=CARTESIAN_POINT('',(274.638646965212,92.2448744451078,-1.6124999999999));
#6752=CARTESIAN_POINT('Ctrl Pts',(274.138646965212,91.9448744451078,-0.450000004470364));
#6753=CARTESIAN_POINT('Ctrl Pts',(274.338646965212,91.9448744451078,-0.450000004470364));
#6754=CARTESIAN_POINT('Ctrl Pts',(274.338646965212,91.9448744451078,-0.650000004470352));
#6755=CARTESIAN_POINT('Ctrl Pts',(274.138646965212,91.9448744451078,-0.150000004470352));
#6756=CARTESIAN_POINT('Ctrl Pts',(274.638646965212,91.9448744451078,-0.150000004470353));
#6757=CARTESIAN_POINT('Ctrl Pts',(274.638646965212,91.9448744451078,-0.650000004470352));
#6758=CARTESIAN_POINT('Ctrl Pts',(274.138646965212,92.2448744451078,-0.150000004470352));
#6759=CARTESIAN_POINT('Ctrl Pts',(274.638646965212,92.2448744451078,-0.150000004470353));
#6760=CARTESIAN_POINT('Ctrl Pts',(274.638646965212,92.2448744451078,-0.650000004470352));
#6761=CARTESIAN_POINT('',(274.138646965212,92.2448744451078,-0.150000004470352));
#6762=CARTESIAN_POINT('',(274.138646965212,91.9448744451078,-0.450000004470352));
#6763=CARTESIAN_POINT('Origin',(274.138646965212,92.2448744451078,-0.450000004470352));
#6764=CARTESIAN_POINT('Origin',(274.138646965212,91.9448744451078,-0.650000004470352));
#6765=CARTESIAN_POINT('Origin',(274.138646965212,92.2448744451078,-0.650000004470352));
#6766=CARTESIAN_POINT('Origin',(272.986603311888,92.2448744451078,-0.450000004470345));
#6767=CARTESIAN_POINT('',(272.554508842885,92.2448744451078,-0.150000004470343));
#6768=CARTESIAN_POINT('',(272.554508842885,91.9448744451078,-0.450000004470343));
#6769=CARTESIAN_POINT('Origin',(272.554508842885,92.2448744451078,-0.450000004470343));
#6770=CARTESIAN_POINT('',(272.986603311888,91.9448744451078,-0.450000004470345));
#6771=CARTESIAN_POINT('',(272.986603311888,92.2448744451078,-0.150000004470345));
#6772=CARTESIAN_POINT('Origin',(272.554508842885,92.2448744451078,0.349999995529658));
#6773=CARTESIAN_POINT('',(272.254508842885,92.2448744451078,-0.0500000044703382));
#6774=CARTESIAN_POINT('',(272.074508842886,91.9448744451078,-0.290000004470352));
#6775=CARTESIAN_POINT('Origin',(272.074508842886,92.2448744451078,-0.290000004470352));
#6776=CARTESIAN_POINT('Origin',(272.554508842885,91.9448744451078,0.349999995529658));
#6777=CARTESIAN_POINT('Origin',(272.554508842885,92.2448744451078,0.349999995529658));
#6778=CARTESIAN_POINT('Ctrl Pts',(271.954508842886,91.9448744451078,-0.250000004470347));
#6779=CARTESIAN_POINT('Ctrl Pts',(272.021175509552,91.9448744451078,-0.250000004470347));
#6780=CARTESIAN_POINT('Ctrl Pts',(272.074508842886,91.9448744451078,-0.290000004470352));
#6781=CARTESIAN_POINT('Ctrl Pts',(271.954508842886,91.9448744451078,0.0499999955296605));
#6782=CARTESIAN_POINT('Ctrl Pts',(272.121175509552,91.9448744451078,0.0499999955296605));
#6783=CARTESIAN_POINT('Ctrl Pts',(272.254508842885,91.9448744451078,-0.050000004470356));
#6784=CARTESIAN_POINT('Ctrl Pts',(271.954508842886,92.2448744451078,0.0499999955296605));
#6785=CARTESIAN_POINT('Ctrl Pts',(272.121175509552,92.2448744451078,0.0499999955296605));
#6786=CARTESIAN_POINT('Ctrl Pts',(272.254508842885,92.2448744451078,-0.050000004470356));
#6787=CARTESIAN_POINT('',(271.954508842886,92.2448744451078,0.0499999955296604));
#6788=CARTESIAN_POINT('',(271.954508842886,91.9448744451078,-0.250000004470339));
#6789=CARTESIAN_POINT('Origin',(271.954508842886,92.2448744451078,-0.250000004470339));
#6790=CARTESIAN_POINT('Origin',(271.954508842886,91.9448744451078,-0.45000000447034));
#6791=CARTESIAN_POINT('Origin',(271.954508842886,92.2448744451078,-0.45000000447034));
#6792=CARTESIAN_POINT('Origin',(272.960356934606,92.2448744451078,-0.25000000447034));
#6793=CARTESIAN_POINT('',(270.17019778089,92.2448744451078,0.0500000000000045));
#6794=CARTESIAN_POINT('',(270.17019778089,91.9448744451078,-0.25000000447034));
#6795=CARTESIAN_POINT('Origin',(270.17019778089,92.2448744451078,-0.25000000447034));
#6796=CARTESIAN_POINT('',(272.960356934606,91.9448744451078,-0.25000000447034));
#6797=CARTESIAN_POINT('',(272.960356934606,92.2448744451078,0.0499999955296604));
#6798=CARTESIAN_POINT('Origin',(269.97019778089,92.2448744451078,-1.3872499870295));
#6799=CARTESIAN_POINT('',(269.97019778089,91.9448744451078,-0.449999999999995));
#6800=CARTESIAN_POINT('',(269.67019778089,92.2448744451078,-0.449999999999995));
#6801=CARTESIAN_POINT('Origin',(269.97019778089,92.2448744451078,-0.449999999999995));
#6802=CARTESIAN_POINT('',(269.67019778089,92.2448744451078,-2.84999999999981));
#6803=CARTESIAN_POINT('',(269.67019778089,92.2448744451078,-1.3872499870295));
#6804=CARTESIAN_POINT('',(269.97019778089,91.9448744451078,-2.84999999999981));
#6805=CARTESIAN_POINT('Origin',(269.97019778089,92.2448744451078,-2.84999999999981));
#6806=CARTESIAN_POINT('',(269.97019778089,91.9448744451078,-1.3872499870295));
#6807=CARTESIAN_POINT('Ctrl Pts',(270.17019778089,92.2448744451078,0.0500000000000049));
#6808=CARTESIAN_POINT('Ctrl Pts',(269.67019778089,92.2448744451078,0.050000000000005));
#6809=CARTESIAN_POINT('Ctrl Pts',(269.67019778089,92.2448744451078,-0.449999999999995));
#6810=CARTESIAN_POINT('Ctrl Pts',(270.17019778089,92.1206103750866,0.0500000000000123));
#6811=CARTESIAN_POINT('Ctrl Pts',(269.67019778089,92.1206103750866,0.0500000000000124));
#6812=CARTESIAN_POINT('Ctrl Pts',(269.67019778089,92.1206103750866,-0.449999999999995));
#6813=CARTESIAN_POINT('Ctrl Pts',(270.17019778089,92.0327424091713,-0.03786796722453));
#6814=CARTESIAN_POINT('Ctrl Pts',(269.758065748115,92.0327424091713,-0.0378679672245299));
#6815=CARTESIAN_POINT('Ctrl Pts',(269.758065748115,92.0327424091713,-0.449999999999995));
#6816=CARTESIAN_POINT('Ctrl Pts',(270.17019778089,91.9448744432561,-0.125735934449066));
#6817=CARTESIAN_POINT('Ctrl Pts',(269.845933715339,91.9448744432561,-0.125735934449066));
#6818=CARTESIAN_POINT('Ctrl Pts',(269.845933715339,91.9448744432561,-0.449999999999995));
#6819=CARTESIAN_POINT('Ctrl Pts',(270.17019778089,91.9448744451078,-0.25000000447034));
#6820=CARTESIAN_POINT('Ctrl Pts',(269.97019778536,91.9448744451078,-0.25000000447034));
#6821=CARTESIAN_POINT('Ctrl Pts',(269.97019778536,91.9448744451078,-0.449999999999995));
#6822=CARTESIAN_POINT('Origin',(270.17019778089,91.9448744451078,-0.449999999999995));
#6823=CARTESIAN_POINT('Origin',(270.17019778089,92.2448744451078,-0.449999999999995));
#6824=CARTESIAN_POINT('Origin',(135.456098890445,92.2448744451078,-2.84999999999981));
#6825=CARTESIAN_POINT('',(269.97019778089,92.2448744451078,-3.14999999999981));
#6826=CARTESIAN_POINT('Origin',(269.97019778089,92.2448744451078,-2.84999999999981));
#6827=CARTESIAN_POINT('',(274.338646965212,92.2448744451078,-3.14999999999981));
#6828=CARTESIAN_POINT('',(135.456098890445,92.2448744451078,-3.14999999999981));
#6829=CARTESIAN_POINT('Origin',(274.338646965212,92.2448744451078,-2.84999999999981));
#6830=CARTESIAN_POINT('',(135.456098890445,91.9448744451078,-2.84999999999981));
#6831=CARTESIAN_POINT('Origin',(269.97019778089,92.2448744451078,-2.84999999999981));
#6832=CARTESIAN_POINT('Origin',(269.97019778089,92.2448744451078,-2.84999999999981));
#6833=CARTESIAN_POINT('Origin',(274.338646965212,92.2448744451078,-2.84999999999981));
#6834=CARTESIAN_POINT('Origin',(274.338646965212,92.2448744451078,-2.84999999999981));
#6835=CARTESIAN_POINT('Origin',(272.554508842885,91.379805034206,0.349999995529658));
#6836=CARTESIAN_POINT('',(272.554508842885,93.6299034798069,-0.149999999999996));
#6837=CARTESIAN_POINT('',(272.554508842885,91.379805034206,-0.150000004470343));
#6838=CARTESIAN_POINT('',(272.254508842885,93.6299034798069,-0.0500000044703512));
#6839=CARTESIAN_POINT('Origin',(272.554508842885,93.6299034798069,0.349999995529658));
#6840=CARTESIAN_POINT('',(272.254508842885,91.379805034206,-0.0500000044703382));
#6841=CARTESIAN_POINT('Origin',(275.061008842885,91.929706588605,-0.150000004470358));
#6842=CARTESIAN_POINT('',(274.138646965212,93.6299034798069,-0.150000003191228));
#6843=CARTESIAN_POINT('',(274.138646965212,90.8372905168564,-0.150000004470352));
#6844=CARTESIAN_POINT('',(263.2895163997,93.6299034798069,-0.149999999999996));
#6845=CARTESIAN_POINT('Origin',(274.138646965212,90.8372905168564,-0.650000004470352));
#6846=CARTESIAN_POINT('',(274.638646965212,94.1299034798069,-0.650000004470352));
#6847=CARTESIAN_POINT('',(274.638646965212,90.8372905168564,-0.650000004470352));
#6848=CARTESIAN_POINT('Origin',(274.138646965212,94.1299034798069,-0.650000004470352));
#6849=CARTESIAN_POINT('Origin',(274.638646965212,89.7448744451078,-3.1499999999998));
#6850=CARTESIAN_POINT('',(274.638646965212,93.105403679967,-2.84999999999977));
#6851=CARTESIAN_POINT('',(274.638646965212,90.9948744451079,-2.84999999999983));
#6852=CARTESIAN_POINT('',(274.638646965212,93.7299034798069,-2.5499999999997));
#6853=CARTESIAN_POINT('Origin',(274.638646965212,93.7299034798069,-3.3499999999997));
#6854=CARTESIAN_POINT('',(274.638646965212,93.8578881543614,-2.5499999999997));
#6855=CARTESIAN_POINT('',(274.638646965212,91.7373889624574,-2.5499999999997));
#6856=CARTESIAN_POINT('',(274.638646965212,94.0494534114056,-2.40746957711298));
#6857=CARTESIAN_POINT('Origin',(274.638646965212,93.8578881543614,-2.34999999999971));
#6858=CARTESIAN_POINT('',(274.638646965212,94.2218786221682,-1.83271887457094));
#6859=CARTESIAN_POINT('',(274.638646965212,93.8661094414319,-3.01861614369211));
#6860=CARTESIAN_POINT('',(274.638646965212,94.230313365124,-1.77524929745767));
#6861=CARTESIAN_POINT('Origin',(274.638646965212,94.030313365124,-1.77524929745767));
#6862=CARTESIAN_POINT('',(274.638646965212,94.230313365124,4.4500000000002));
#6863=CARTESIAN_POINT('',(274.638646965212,94.230313365124,-1.14520449107615));
#6864=CARTESIAN_POINT('',(274.638646965212,94.030313365124,4.6500000000002));
#6865=CARTESIAN_POINT('Origin',(274.638646965212,94.030313365124,4.4500000000002));
#6866=CARTESIAN_POINT('',(274.638646965212,92.1299034798069,4.6500000000002));
#6867=CARTESIAN_POINT('',(274.638646965212,92.1873889624574,4.6500000000002));
#6868=CARTESIAN_POINT('',(274.638646965212,92.1299034798069,1.75));
#6869=CARTESIAN_POINT('',(274.638646965212,92.1299034798069,-3.1499999999998));
#6870=CARTESIAN_POINT('',(274.638646965212,94.1299034798069,1.75));
#6871=CARTESIAN_POINT('',(274.638646965212,90.9873889624573,1.75000000000001));
#6872=CARTESIAN_POINT('',(274.638646965212,94.1299034798069,-0.849999999999898));
#6873=CARTESIAN_POINT('Origin',(274.338646965212,90.9948744451079,-2.84999999999983));
#6874=CARTESIAN_POINT('',(274.338646965212,93.105403679967,-3.1499999999998));
#6875=CARTESIAN_POINT('',(274.338646965212,90.9948744451079,-3.14999999999983));
#6876=CARTESIAN_POINT('Origin',(274.338646965212,93.105403679967,-2.8499999999998));
#6877=CARTESIAN_POINT('Origin',(0.,92.2448744451079,-3.14999999999981));
#6878=CARTESIAN_POINT('',(269.97019778089,93.105403679967,-3.1499999999998));
#6879=CARTESIAN_POINT('',(269.97019778089,93.1310308792269,-3.1499999999998));
#6880=CARTESIAN_POINT('',(0.,93.105403679967,-3.1499999999998));
#6881=CARTESIAN_POINT('Origin',(270.91219778089,91.9448744451078,-0.0749999999999956));
#6882=CARTESIAN_POINT('Origin',(271.954508842886,91.379805034206,-0.45000000447034));
#6883=CARTESIAN_POINT('',(271.954508842886,93.6299034798069,0.0500000000000045));
#6884=CARTESIAN_POINT('Origin',(271.954508842886,93.6299034798069,-0.45000000447034));
#6885=CARTESIAN_POINT('',(271.954508842886,91.379805034206,0.0499999955296604));
#6886=CARTESIAN_POINT('Origin',(275.008516088321,90.829903479807,0.0499999955296604));
#6887=CARTESIAN_POINT('',(270.17019778089,93.6299034798069,0.0500000000000047));
#6888=CARTESIAN_POINT('',(263.2895163997,93.6299034798069,0.0500000000000045));
#6889=CARTESIAN_POINT('',(270.17019778089,93.4772881379016,0.0500000000000045));
#6890=CARTESIAN_POINT('Origin',(255.66683501851,93.6299034798069,1.45));
#6891=CARTESIAN_POINT('',(274.138646965212,93.6299034798069,1.45));
#6892=CARTESIAN_POINT('',(274.138646965212,93.6299034798069,-0.849999999999898));
#6893=CARTESIAN_POINT('',(272.152740991861,93.6299034798069,1.45));
#6894=CARTESIAN_POINT('',(269.895693978536,93.6299034798069,1.45));
#6895=CARTESIAN_POINT('',(271.852740991861,93.629903479807,1.55000000000002));
#6896=CARTESIAN_POINT('Origin',(272.152740991861,93.6299034798069,1.95000000000001));
#6897=CARTESIAN_POINT('',(271.552740991861,93.6299034798069,1.65));
#6898=CARTESIAN_POINT('Origin',(271.552740991861,93.6299034798069,1.15));
#6899=CARTESIAN_POINT('',(269.88981302316,93.6299034798069,1.65));
#6900=CARTESIAN_POINT('',(257.509788005185,93.6299034798069,1.65));
#6901=CARTESIAN_POINT('',(269.97019778089,93.6299034798069,1.35));
#6902=CARTESIAN_POINT('Origin',(269.37019778089,93.6299034798069,1.35));
#6903=CARTESIAN_POINT('',(269.97019778089,93.6299034798069,0.0082575694955735));
#6904=CARTESIAN_POINT('',(269.97019778089,93.6299034798069,-0.624749987029496));
#6905=CARTESIAN_POINT('Origin',(270.17019778089,93.6299034798069,-0.449999999999995));
#6906=CARTESIAN_POINT('Origin',(273.33855924227,93.6299034798069,0.750000000000002));
#6907=CARTESIAN_POINT('Origin',(270.77055924227,93.6299034798069,0.750000000000002));
#6908=CARTESIAN_POINT('Origin',(258.06683501851,91.8299034798069,-3.1499999999998));
#6909=CARTESIAN_POINT('',(273.055881778161,91.8299035179539,3.740850552684));
#6910=CARTESIAN_POINT('',(273.324014751447,91.8299035551589,3.5618694269899));
#6911=CARTESIAN_POINT('Ctrl Pts',(273.055881778161,91.8299035561008,3.740850552684));
#6912=CARTESIAN_POINT('Ctrl Pts',(273.053839524417,91.8299035561008,3.5911384099182));
#6913=CARTESIAN_POINT('Ctrl Pts',(273.177699723446,91.8299035561008,3.563911680734));
#6914=CARTESIAN_POINT('Ctrl Pts',(273.324014751447,91.8299035561008,3.5618694269899));
#6915=CARTESIAN_POINT('',(273.591470294223,91.8299035179539,3.740850552684));
#6916=CARTESIAN_POINT('Ctrl Pts',(273.324014751447,91.8299035561008,3.5618694269899));
#6917=CARTESIAN_POINT('Ctrl Pts',(273.469652348938,91.8299035561008,3.563911680734));
#6918=CARTESIAN_POINT('Ctrl Pts',(273.593512547967,91.8299035561008,3.5911384099182));
#6919=CARTESIAN_POINT('Ctrl Pts',(273.591470294223,91.8299035561008,3.740850552684));
#6920=CARTESIAN_POINT('',(273.591470294223,91.8299035179539,3.7633153438696));
#6921=CARTESIAN_POINT('',(273.591470294223,91.8299034798069,0.295425276342103));
#6922=CARTESIAN_POINT('',(273.324014751447,91.8299035551589,3.9416190390535));
#6923=CARTESIAN_POINT('Ctrl Pts',(273.591470294223,91.8299035561008,3.7633153438696));
#6924=CARTESIAN_POINT('Ctrl Pts',(273.593512547967,91.8299035561008,3.9123500561252));
#6925=CARTESIAN_POINT('Ctrl Pts',(273.469652348938,91.8299035561008,3.9395767853093));
#6926=CARTESIAN_POINT('Ctrl Pts',(273.324014751447,91.8299035561008,3.9416190390535));
#6927=CARTESIAN_POINT('',(273.055881778161,91.8299035179539,3.7633153438696));
#6928=CARTESIAN_POINT('Ctrl Pts',(273.324014751447,91.8299035561008,3.9416190390535));
#6929=CARTESIAN_POINT('Ctrl Pts',(273.177699723446,91.8299035561008,3.9395767853093));
#6930=CARTESIAN_POINT('Ctrl Pts',(273.053839524417,91.8299035561008,3.9123500561252));
#6931=CARTESIAN_POINT('Ctrl Pts',(273.055881778161,91.8299035561008,3.7633153438696));
#6932=CARTESIAN_POINT('',(273.055881778161,91.8299034798069,0.3066576719349));
#6933=CARTESIAN_POINT('Origin',(259.75083501851,92.7299034798069,-0.889795660725933));
#6934=CARTESIAN_POINT('',(259.65083501851,94.6299034798069,-0.889795660725933));
#6935=CARTESIAN_POINT('',(259.75083501851,94.7299034798069,-0.889795660725933));
#6936=CARTESIAN_POINT('Origin',(259.75083501851,94.6299034798069,-0.889795660725933));
#6937=CARTESIAN_POINT('',(259.75083501851,94.6455560502493,-1.46449143185863));
#6938=CARTESIAN_POINT('Origin',(259.75083501851,92.7299034798069,-0.889795660725933));
#6939=CARTESIAN_POINT('',(259.65083501851,94.5497734217271,-1.43575664330197));
#6940=CARTESIAN_POINT('Origin',(259.75083501851,94.5497734217271,-1.43575664330197));
#6941=CARTESIAN_POINT('Origin',(259.65083501851,92.7299034798069,-0.889795660725933));
#6942=CARTESIAN_POINT('Origin',(259.75083501851,94.6299034798069,1.44301879200091));
#6943=CARTESIAN_POINT('',(259.65083501851,94.6299034798069,4.4500000000002));
#6944=CARTESIAN_POINT('',(259.75083501851,94.7299034798069,4.4500000000002));
#6945=CARTESIAN_POINT('Origin',(259.75083501851,94.6299034798069,4.4500000000002));
#6946=CARTESIAN_POINT('',(259.75083501851,94.7299034798069,1.44301879200091));
#6947=CARTESIAN_POINT('',(259.65083501851,94.6299034798069,1.44301879200091));
#6948=CARTESIAN_POINT('Origin',(262.409788005185,93.105403679967,-2.8499999999998));
#6949=CARTESIAN_POINT('',(257.96683501851,93.339591104907,-3.03749999999976));
#6950=CARTESIAN_POINT('Origin',(257.96683501851,93.105403679967,-2.8499999999998));
#6951=CARTESIAN_POINT('',(262.335284202832,93.339591104907,-3.03749999999976));
#6952=CARTESIAN_POINT('',(262.409788005185,93.339591104907,-3.03749999999976));
#6953=CARTESIAN_POINT('',(262.335284202832,93.105403679967,-3.1499999999998));
#6954=CARTESIAN_POINT('Origin',(262.335284202832,93.105403679967,-2.8499999999998));
#6955=CARTESIAN_POINT('',(262.409788005185,93.105403679967,-3.1499999999998));
#6956=CARTESIAN_POINT('Origin',(257.96683501851,93.105403679967,-2.8499999999998));
#6957=CARTESIAN_POINT('Origin',(257.96683501851,93.105403679967,-2.8499999999998));
#6958=CARTESIAN_POINT('Origin',(264.777264498523,94.0295906724933,-1.77765827289323));
#6959=CARTESIAN_POINT('',(257.96683501851,94.5085038151042,-1.92133221567552));
#6960=CARTESIAN_POINT('',(259.75083501851,94.5085038151041,-1.92133221567575));
#6961=CARTESIAN_POINT('',(264.777264498523,94.5085038151039,-1.9213322156764));
#6962=CARTESIAN_POINT('',(257.96683501851,94.5295906724936,-1.77765827289235));
#6963=CARTESIAN_POINT('Origin',(257.96683501851,94.0295906724936,-1.77765827289235));
#6964=CARTESIAN_POINT('',(259.689412580238,94.5295906724935,-1.77765827289257));
#6965=CARTESIAN_POINT('',(264.777264498523,94.5295906724934,-1.77765827289323));
#6966=CARTESIAN_POINT('Ctrl Pts',(259.689412580238,94.5295906724935,-1.77765827289269));
#6967=CARTESIAN_POINT('Ctrl Pts',(259.707949582043,94.5295906724935,-1.82787046712223));
#6968=CARTESIAN_POINT('Ctrl Pts',(259.730232804516,94.52174134341,-1.8772071213225));
#6969=CARTESIAN_POINT('Ctrl Pts',(259.75083501851,94.5085038151041,-1.92133221567575));
#6970=CARTESIAN_POINT('Origin',(268.774217485198,92.7299034798069,-0.889795660725937));
#6971=CARTESIAN_POINT('',(260.551059610671,94.7299034798069,-0.889795660725934));
#6972=CARTESIAN_POINT('',(268.774217485198,94.7299034798069,-0.889795660725937));
#6973=CARTESIAN_POINT('',(260.551059610671,94.6455560502493,-1.46449143185863));
#6974=CARTESIAN_POINT('Origin',(260.551059610671,92.7299034798069,-0.889795660725934));
#6975=CARTESIAN_POINT('',(268.774217485198,94.6455560502493,-1.46449143185863));
#6976=CARTESIAN_POINT('Origin',(259.75083501851,94.8824467502845,-0.326845548110568));
#6977=CARTESIAN_POINT('',(259.65083501851,94.5295906724935,-1.50303247408061));
#6978=CARTESIAN_POINT('Origin',(259.75083501851,94.5295906724935,-1.50303247408058));
#6979=CARTESIAN_POINT('',(259.65083501851,94.8824467502845,-0.326845548110568));
#6980=CARTESIAN_POINT('',(259.75083501851,94.9782293788067,-0.355580336667204));
#6981=CARTESIAN_POINT('Origin',(273.591470294223,91.8299035561008,3.740850552684));
#6982=CARTESIAN_POINT('',(273.591470294223,92.0299035561008,3.740850552684));
#6983=CARTESIAN_POINT('',(273.591470294223,91.8299035561008,3.740850552684));
#6984=CARTESIAN_POINT('',(273.591470294223,92.0299035561008,3.7633153438696));
#6985=CARTESIAN_POINT('',(273.591470294223,92.0299035561008,3.740850552684));
#6986=CARTESIAN_POINT('',(273.591470294223,91.8299035561008,3.7633153438696));
#6987=CARTESIAN_POINT('Ctrl Pts',(273.591470294223,91.8299035561008,3.7633153438696));
#6988=CARTESIAN_POINT('Ctrl Pts',(273.591470294223,92.5465397161008,3.7633153438696));
#6989=CARTESIAN_POINT('Ctrl Pts',(273.593512547967,91.8299035561008,3.9123500561252));
#6990=CARTESIAN_POINT('Ctrl Pts',(273.593512547967,92.5465397161008,3.9123500561252));
#6991=CARTESIAN_POINT('Ctrl Pts',(273.469652348938,91.8299035561008,3.9395767853093));
#6992=CARTESIAN_POINT('Ctrl Pts',(273.469652348938,92.5465397161008,3.9395767853093));
#6993=CARTESIAN_POINT('Ctrl Pts',(273.324014751447,91.8299035561008,3.9416190390535));
#6994=CARTESIAN_POINT('Ctrl Pts',(273.324014751447,92.5465397161008,3.9416190390535));
#6995=CARTESIAN_POINT('',(273.324014751447,92.0299035561008,3.9416190390535));
#6996=CARTESIAN_POINT('Ctrl Pts',(273.591470294223,92.0299035561008,3.7633153438696));
#6997=CARTESIAN_POINT('Ctrl Pts',(273.593512547967,92.0299035561008,3.9123500561252));
#6998=CARTESIAN_POINT('Ctrl Pts',(273.469652348938,92.0299035561008,3.9395767853093));
#6999=CARTESIAN_POINT('Ctrl Pts',(273.324014751447,92.0299035561008,3.9416190390535));
#7000=CARTESIAN_POINT('',(273.324014751447,91.8299035561008,3.9416190390535));
#7001=CARTESIAN_POINT('Ctrl Pts',(273.324014751447,91.8299035561008,3.9416190390535));
#7002=CARTESIAN_POINT('Ctrl Pts',(273.324014751447,92.5465397161008,3.9416190390535));
#7003=CARTESIAN_POINT('Ctrl Pts',(273.177699723446,91.8299035561008,3.9395767853093));
#7004=CARTESIAN_POINT('Ctrl Pts',(273.177699723446,92.5465397161008,3.9395767853093));
#7005=CARTESIAN_POINT('Ctrl Pts',(273.053839524417,91.8299035561008,3.9123500561252));
#7006=CARTESIAN_POINT('Ctrl Pts',(273.053839524417,92.5465397161008,3.9123500561252));
#7007=CARTESIAN_POINT('Ctrl Pts',(273.055881778161,91.8299035561008,3.7633153438696));
#7008=CARTESIAN_POINT('Ctrl Pts',(273.055881778161,92.5465397161008,3.7633153438696));
#7009=CARTESIAN_POINT('',(273.055881778161,92.0299035561008,3.7633153438696));
#7010=CARTESIAN_POINT('Ctrl Pts',(273.324014751447,92.0299035561008,3.9416190390535));
#7011=CARTESIAN_POINT('Ctrl Pts',(273.177699723446,92.0299035561008,3.9395767853093));
#7012=CARTESIAN_POINT('Ctrl Pts',(273.053839524417,92.0299035561008,3.9123500561252));
#7013=CARTESIAN_POINT('Ctrl Pts',(273.055881778161,92.0299035561008,3.7633153438696));
#7014=CARTESIAN_POINT('',(273.055881778161,91.8299035561008,3.7633153438696));
#7015=CARTESIAN_POINT('Origin',(273.055881778161,91.8299035561008,3.7633153438696));
#7016=CARTESIAN_POINT('',(273.055881778161,92.0299035561008,3.740850552684));
#7017=CARTESIAN_POINT('',(273.055881778161,92.0299035561008,3.7633153438696));
#7018=CARTESIAN_POINT('',(273.055881778161,91.8299035561008,3.740850552684));
#7019=CARTESIAN_POINT('Ctrl Pts',(273.055881778161,91.8299035561008,3.740850552684));
#7020=CARTESIAN_POINT('Ctrl Pts',(273.055881778161,92.5465397161008,3.740850552684));
#7021=CARTESIAN_POINT('Ctrl Pts',(273.053839524417,91.8299035561008,3.5911384099182));
#7022=CARTESIAN_POINT('Ctrl Pts',(273.053839524417,92.5465397161008,3.5911384099182));
#7023=CARTESIAN_POINT('Ctrl Pts',(273.177699723446,91.8299035561008,3.563911680734));
#7024=CARTESIAN_POINT('Ctrl Pts',(273.177699723446,92.5465397161008,3.563911680734));
#7025=CARTESIAN_POINT('Ctrl Pts',(273.324014751447,91.8299035561008,3.5618694269899));
#7026=CARTESIAN_POINT('Ctrl Pts',(273.324014751447,92.5465397161008,3.5618694269899));
#7027=CARTESIAN_POINT('',(273.324014751447,92.0299035561008,3.5618694269899));
#7028=CARTESIAN_POINT('Ctrl Pts',(273.055881778161,92.0299035561008,3.740850552684));
#7029=CARTESIAN_POINT('Ctrl Pts',(273.053839524417,92.0299035561008,3.5911384099182));
#7030=CARTESIAN_POINT('Ctrl Pts',(273.177699723446,92.0299035561008,3.563911680734));
#7031=CARTESIAN_POINT('Ctrl Pts',(273.324014751447,92.0299035561008,3.5618694269899));
#7032=CARTESIAN_POINT('',(273.324014751447,91.8299035561008,3.5618694269899));
#7033=CARTESIAN_POINT('Ctrl Pts',(273.324014751447,91.8299035561008,3.5618694269899));
#7034=CARTESIAN_POINT('Ctrl Pts',(273.324014751447,92.5465397161008,3.5618694269899));
#7035=CARTESIAN_POINT('Ctrl Pts',(273.469652348938,91.8299035561008,3.563911680734));
#7036=CARTESIAN_POINT('Ctrl Pts',(273.469652348938,92.5465397161008,3.563911680734));
#7037=CARTESIAN_POINT('Ctrl Pts',(273.593512547967,91.8299035561008,3.5911384099182));
#7038=CARTESIAN_POINT('Ctrl Pts',(273.593512547967,92.5465397161008,3.5911384099182));
#7039=CARTESIAN_POINT('Ctrl Pts',(273.591470294223,91.8299035561008,3.740850552684));
#7040=CARTESIAN_POINT('Ctrl Pts',(273.591470294223,92.5465397161008,3.740850552684));
#7041=CARTESIAN_POINT('Ctrl Pts',(273.324014751447,92.0299035561008,3.5618694269899));
#7042=CARTESIAN_POINT('Ctrl Pts',(273.469652348938,92.0299035561008,3.563911680734));
#7043=CARTESIAN_POINT('Ctrl Pts',(273.593512547967,92.0299035561008,3.5911384099182));
#7044=CARTESIAN_POINT('Ctrl Pts',(273.591470294223,92.0299035561008,3.740850552684));
#7045=CARTESIAN_POINT('Origin',(258.65883501851,94.5295906724936,1.13267870825903));
#7046=CARTESIAN_POINT('',(257.96683501851,94.5295906724936,4.4500000000002));
#7047=CARTESIAN_POINT('',(257.96683501851,94.5295906724936,-0.155301770127787));
#7048=CARTESIAN_POINT('',(259.65083501851,94.5295906724935,4.4500000000002));
#7049=CARTESIAN_POINT('',(258.904947314591,94.5295906724936,4.4500000000002));
#7050=CARTESIAN_POINT('',(259.65083501851,94.5295906724935,1.13267870825903));
#7051=CARTESIAN_POINT('Origin',(259.65083501851,95.4470906724935,1.13267870825903));
#7052=CARTESIAN_POINT('',(259.65083501851,94.3543957174605,4.83013376956559));
#7053=CARTESIAN_POINT('Origin',(259.65083501851,94.2299034798069,4.4500000000002));
#7054=CARTESIAN_POINT('Origin',(259.65083501851,94.0295906724935,4.4500000000002));
#7055=CARTESIAN_POINT('Origin',(266.652740991861,94.7299034798069,1.7533588757428));
#7056=CARTESIAN_POINT('',(260.551059610671,94.7299034798069,4.4500000000002));
#7057=CARTESIAN_POINT('',(262.901900301266,94.7299034798069,4.4500000000002));
#7058=CARTESIAN_POINT('',(260.551059610671,94.7299034798069,3.3516794378715));
#7059=CARTESIAN_POINT('Origin',(259.75083501851,94.2299034798069,4.4500000000002));
#7060=CARTESIAN_POINT('',(259.75083501851,94.2299034798069,4.9500000000002));
#7061=CARTESIAN_POINT('Origin',(259.75083501851,94.2299034798069,4.4500000000002));
#7062=CARTESIAN_POINT('',(259.669459601957,94.2299034798069,4.90812092205708));
#7063=CARTESIAN_POINT('Ctrl Pts',(259.669459601957,94.2299034798068,4.90812092205715));
#7064=CARTESIAN_POINT('Ctrl Pts',(259.659232568593,94.2626512557703,4.8938019974661));
#7065=CARTESIAN_POINT('Ctrl Pts',(259.652664073704,94.3002923442651,4.8731215228798));
#7066=CARTESIAN_POINT('Ctrl Pts',(259.650941666101,94.3436431153662,4.8391275725029));
#7067=CARTESIAN_POINT('Ctrl Pts',(259.65083501851,94.3490686022058,4.83468551962935));
#7068=CARTESIAN_POINT('Ctrl Pts',(259.65083501851,94.3543957174605,4.83013376956561));
#7069=CARTESIAN_POINT('Origin',(259.75083501851,94.2299034798069,4.8500000000002));
#7070=CARTESIAN_POINT('Origin',(272.554646965212,94.6299034798069,1.30647494679515));
#7071=CARTESIAN_POINT('',(272.554646965212,94.7299034798069,4.4500000000002));
#7072=CARTESIAN_POINT('',(272.654646965212,94.6299034798069,4.4500000000002));
#7073=CARTESIAN_POINT('Origin',(272.554646965212,94.6299034798069,4.4500000000002));
#7074=CARTESIAN_POINT('',(272.654646965212,94.6299034798069,-0.889795660725939));
#7075=CARTESIAN_POINT('',(272.654646965212,94.6299034798069,1.30647494679515));
#7076=CARTESIAN_POINT('',(272.554646965212,94.7299034798069,-0.889795660725939));
#7077=CARTESIAN_POINT('Origin',(272.554646965212,94.6299034798069,-0.889795660725939));
#7078=CARTESIAN_POINT('',(272.554646965212,94.7299034798069,1.30647494679515));
#7079=CARTESIAN_POINT('Origin',(272.554646965212,92.7299034798069,-0.889795660725939));
#7080=CARTESIAN_POINT('',(272.654646965212,94.5497734217271,-1.43575664330199));
#7081=CARTESIAN_POINT('Origin',(272.654646965212,92.7299034798069,-0.889795660725939));
#7082=CARTESIAN_POINT('',(272.554646965212,94.6455560502492,-1.46449143185861));
#7083=CARTESIAN_POINT('Origin',(272.554646965212,94.5497734217271,-1.43575664330199));
#7084=CARTESIAN_POINT('Origin',(272.554646965212,92.7299034798069,-0.889795660725939));
#7085=CARTESIAN_POINT('Origin',(266.652740991861,94.7299034798069,1.7533588757428));
#7086=CARTESIAN_POINT('',(271.754422373051,94.7299034798069,4.4500000000002));
#7087=CARTESIAN_POINT('',(271.754422373051,94.7299034798069,-0.889795660725938));
#7088=CARTESIAN_POINT('',(271.754422373051,94.7299034798069,0.1550383136141));
#7089=CARTESIAN_POINT('',(262.901900301266,94.7299034798069,4.4500000000002));
#7090=CARTESIAN_POINT('',(268.774217485198,94.7299034798069,-0.889795660725937));
#7091=CARTESIAN_POINT('Origin',(267.524217485198,93.8578881543614,-2.3499999999997));
#7092=CARTESIAN_POINT('',(257.96683501851,94.336801296972,-2.49367394278287));
#7093=CARTESIAN_POINT('',(257.96683501851,93.8578881543614,-2.8499999999997));
#7094=CARTESIAN_POINT('Origin',(257.96683501851,93.8578881543614,-2.3499999999997));
#7095=CARTESIAN_POINT('',(262.335284202832,94.336801296972,-2.49367394278287));
#7096=CARTESIAN_POINT('',(269.524217485198,94.336801296972,-2.49367394278287));
#7097=CARTESIAN_POINT('',(262.335284202832,93.8578881543614,-2.8499999999997));
#7098=CARTESIAN_POINT('Origin',(262.335284202832,93.8578881543614,-2.3499999999997));
#7099=CARTESIAN_POINT('',(269.524217485198,93.8578881543614,-2.8499999999997));
#7100=CARTESIAN_POINT('Origin',(267.152740991861,94.3799034798069,-2.8499999999997));
#7101=CARTESIAN_POINT('',(262.335284202832,93.7299034798069,-2.8499999999997));
#7102=CARTESIAN_POINT('',(262.335284202832,94.1985453965763,-2.8499999999997));
#7103=CARTESIAN_POINT('',(257.96683501851,93.7299034798069,-2.8499999999997));
#7104=CARTESIAN_POINT('',(262.409788005185,93.7299034798069,-2.8499999999997));
#7105=CARTESIAN_POINT('',(257.96683501851,95.4123889624574,-2.8499999999997));
#7106=CARTESIAN_POINT('Origin',(262.409788005185,93.7299034798069,-3.3499999999997));
#7107=CARTESIAN_POINT('Origin',(257.96683501851,93.7299034798069,-3.3499999999997));
#7108=CARTESIAN_POINT('Origin',(262.335284202832,93.7299034798069,-3.3499999999997));
#7109=CARTESIAN_POINT('Origin',(262.335284202832,93.105403679967,-2.8499999999998));
#7110=CARTESIAN_POINT('',(262.635284202832,93.105403679967,-2.8499999999998));
#7111=CARTESIAN_POINT('Origin',(262.335284202832,93.105403679967,-2.8499999999998));
#7112=CARTESIAN_POINT('Origin',(262.335284202832,93.105403679967,-2.8499999999998));
#7113=CARTESIAN_POINT('Origin',(267.152740991861,93.2948744451078,-3.1499999999998));
#7114=CARTESIAN_POINT('',(262.335284202832,93.6560308792268,-3.1499999999998));
#7115=CARTESIAN_POINT('Origin',(257.96683501851,93.7299034798069,-3.3499999999997));
#7116=CARTESIAN_POINT('Origin',(257.96683501851,93.7299034798069,-2.5499999999997));
#7117=CARTESIAN_POINT('Origin',(257.96683501851,95.4123889624574,-2.5499999999997));
#7118=CARTESIAN_POINT('Origin',(257.96683501851,93.8578881543614,-2.5499999999997));
#7119=CARTESIAN_POINT('Ctrl Pts',(257.96683501851,94.3368012969731,-2.49367394277907));
#7120=CARTESIAN_POINT('Ctrl Pts',(257.966835018512,94.2299034798093,-2.85000000000351));
#7121=CARTESIAN_POINT('Ctrl Pts',(257.96683501851,93.8578881543569,-2.84999999999954));
#7122=CARTESIAN_POINT('Ctrl Pts',(257.666835018509,94.3368012969729,-2.49367394278026));
#7123=CARTESIAN_POINT('Ctrl Pts',(257.666835018511,94.2299034798095,-2.85000000000359));
#7124=CARTESIAN_POINT('Ctrl Pts',(257.666835018509,93.8578881543582,-2.84999999999962));
#7125=CARTESIAN_POINT('Ctrl Pts',(257.66683501851,94.0494534114051,-2.40746957711282));
#7126=CARTESIAN_POINT('Ctrl Pts',(257.66683501851,94.0066942845402,-2.55000000000051));
#7127=CARTESIAN_POINT('Ctrl Pts',(257.66683501851,93.8578881543614,-2.54999999999893));
#7128=CARTESIAN_POINT('Origin',(257.96683501851,94.0494534114056,-2.40746957711297));
#7129=CARTESIAN_POINT('Origin',(257.96683501851,94.3026543673807,-1.56346639052929));
#7130=CARTESIAN_POINT('Origin',(257.96683501851,94.2211559295378,-1.83512785000562));
#7131=CARTESIAN_POINT('',(257.96683501851,94.5900022529471,-1.64967075619919));
#7132=CARTESIAN_POINT('Ctrl Pts',(257.96683501851,94.5295906724937,-1.77765827288929));
#7133=CARTESIAN_POINT('Ctrl Pts',(257.96683501851,94.5295906724936,-1.85104269104257));
#7134=CARTESIAN_POINT('Ctrl Pts',(257.96683501851,94.5085038151044,-1.92133221567564));
#7135=CARTESIAN_POINT('Ctrl Pts',(257.666835018509,94.5295906724937,-1.7776582728915));
#7136=CARTESIAN_POINT('Ctrl Pts',(257.66683501851,94.5295906724936,-1.8510426910435));
#7137=CARTESIAN_POINT('Ctrl Pts',(257.66683501851,94.5085038151048,-1.92133221567535));
#7138=CARTESIAN_POINT('Ctrl Pts',(257.66683501851,94.2295906724932,-1.7776582728915));
#7139=CARTESIAN_POINT('Ctrl Pts',(257.66683501851,94.2295906724931,-1.80701204015359));
#7140=CARTESIAN_POINT('Ctrl Pts',(257.66683501851,94.2211559295372,-1.83512785000756));
#7141=CARTESIAN_POINT('Origin',(257.96683501851,94.2295906724936,-1.77765827289235));
#7142=CARTESIAN_POINT('Origin',(257.96683501851,94.2295906724936,-0.155301770127787));
#7143=CARTESIAN_POINT('Origin',(257.96683501851,94.2295906724936,4.4500000000002));
#7144=CARTESIAN_POINT('Ctrl Pts',(257.96683501851,94.0295906724927,4.95000000000033));
#7145=CARTESIAN_POINT('Ctrl Pts',(257.96683501851,94.5295906724929,4.94999999999932));
#7146=CARTESIAN_POINT('Ctrl Pts',(257.96683501851,94.5295906724939,4.44999999999912));
#7147=CARTESIAN_POINT('Ctrl Pts',(257.66683501851,94.0295906724922,4.95000000000065));
#7148=CARTESIAN_POINT('Ctrl Pts',(257.666835018509,94.5295906724932,4.94999999999964));
#7149=CARTESIAN_POINT('Ctrl Pts',(257.66683501851,94.5295906724942,4.44999999999865));
#7150=CARTESIAN_POINT('Ctrl Pts',(257.66683501851,94.0295906724922,4.65000000000006));
#7151=CARTESIAN_POINT('Ctrl Pts',(257.66683501851,94.2295906724932,4.64999999999965));
#7152=CARTESIAN_POINT('Ctrl Pts',(257.66683501851,94.2295906724936,4.44999999999865));
#7153=CARTESIAN_POINT('',(257.96683501851,94.0295906724936,4.9500000000002));
#7154=CARTESIAN_POINT('Origin',(257.96683501851,94.0295906724936,4.4500000000002));
#7155=CARTESIAN_POINT('Origin',(257.96683501851,94.0295906724936,4.6500000000002));
#7156=CARTESIAN_POINT('Origin',(260.551059610671,94.2299034798069,4.4500000000002));
#7157=CARTESIAN_POINT('',(260.651059610671,94.3549034798069,4.82996710383946));
#7158=CARTESIAN_POINT('',(260.651059610671,94.6299034798069,4.4500000000002));
#7159=CARTESIAN_POINT('Origin',(260.651059610671,94.2299034798069,4.4500000000002));
#7160=CARTESIAN_POINT('Origin',(260.551059610671,94.6299034798069,4.4500000000002));
#7161=CARTESIAN_POINT('',(260.551059610671,94.2299034798069,4.9500000000002));
#7162=CARTESIAN_POINT('Origin',(260.551059610671,94.2299034798069,4.4500000000002));
#7163=CARTESIAN_POINT('',(260.632337255792,94.2299034798069,4.90825756949579));
#7164=CARTESIAN_POINT('Origin',(260.551059610671,94.2299034798069,4.8500000000002));
#7165=CARTESIAN_POINT('Ctrl Pts',(260.651059610671,94.3549034798069,4.82996710383947));
#7166=CARTESIAN_POINT('Ctrl Pts',(260.651059610671,94.349486109772,4.83460078197515));
#7167=CARTESIAN_POINT('Ctrl Pts',(260.650949669923,94.343964865716,4.83912267393311));
#7168=CARTESIAN_POINT('Ctrl Pts',(260.649199394415,94.3005256600528,4.87316949781088));
#7169=CARTESIAN_POINT('Ctrl Pts',(260.642624895532,94.2627897143156,4.89390484007119));
#7170=CARTESIAN_POINT('Ctrl Pts',(260.632337255792,94.2299034798068,4.90825756949582));
#7171=CARTESIAN_POINT('Origin',(260.551059610671,94.6299034798069,3.3516794378715));
#7172=CARTESIAN_POINT('',(260.651059610671,94.6299034798069,-0.889795660725934));
#7173=CARTESIAN_POINT('Origin',(260.551059610671,94.6299034798069,-0.889795660725934));
#7174=CARTESIAN_POINT('',(260.651059610671,94.6299034798069,3.3516794378715));
#7175=CARTESIAN_POINT('Origin',(260.551059610671,92.7299034798069,-0.889795660725934));
#7176=CARTESIAN_POINT('',(260.651059610671,94.5497734217271,-1.43575664330196));
#7177=CARTESIAN_POINT('Origin',(260.551059610671,94.5497734217271,-1.43575664330196));
#7178=CARTESIAN_POINT('Origin',(260.651059610671,92.7299034798069,-0.889795660725934));
#7179=CARTESIAN_POINT('Origin',(270.895693978536,94.5299034798069,-1.8499999999997));
#7180=CARTESIAN_POINT('',(260.551059610671,94.5088166224175,-1.92028952463113));
#7181=CARTESIAN_POINT('',(260.551059610671,95.4698117366876,1.28302752293603));
#7182=CARTESIAN_POINT('',(262.335284202832,94.5088166224175,-1.92028952463113));
#7183=CARTESIAN_POINT('',(273.767170471874,94.5088166224175,-1.92028952463113));
#7184=CARTESIAN_POINT('',(262.335284202832,94.3918326324678,-2.31023615779679));
#7185=CARTESIAN_POINT('Origin',(271.754422373051,92.7299034798069,-0.889795660725938));
#7186=CARTESIAN_POINT('',(271.654422373051,94.6299034798069,-0.889795660725938));
#7187=CARTESIAN_POINT('Origin',(271.754422373051,94.6299034798069,-0.889795660725938));
#7188=CARTESIAN_POINT('',(271.754422373051,94.6455560502492,-1.46449143185861));
#7189=CARTESIAN_POINT('Origin',(271.754422373051,92.7299034798069,-0.889795660725938));
#7190=CARTESIAN_POINT('',(271.654422373051,94.5497734217271,-1.43575664330199));
#7191=CARTESIAN_POINT('Origin',(271.754422373051,94.5497734217271,-1.43575664330199));
#7192=CARTESIAN_POINT('Origin',(271.654422373051,92.7299034798069,-0.889795660725938));
#7193=CARTESIAN_POINT('Origin',(271.754422373051,94.6299034798069,0.1550383136141));
#7194=CARTESIAN_POINT('',(271.654422373051,94.6299034798069,4.4500000000002));
#7195=CARTESIAN_POINT('Origin',(271.754422373051,94.6299034798069,4.4500000000002));
#7196=CARTESIAN_POINT('',(271.654422373051,94.6299034798069,0.1550383136141));
#7197=CARTESIAN_POINT('Origin',(271.754422373051,94.2299034798069,4.4500000000002));
#7198=CARTESIAN_POINT('',(271.754422373051,94.2299034798069,4.9500000000002));
#7199=CARTESIAN_POINT('Origin',(271.754422373051,94.2299034798069,4.4500000000002));
#7200=CARTESIAN_POINT('',(271.654422373051,94.3549034798069,4.82996710383946));
#7201=CARTESIAN_POINT('Origin',(271.654422373051,94.2299034798069,4.4500000000002));
#7202=CARTESIAN_POINT('',(271.67314472793,94.2299034798069,4.90825756949578));
#7203=CARTESIAN_POINT('Ctrl Pts',(271.67314472793,94.2299034798068,4.90825756949583));
#7204=CARTESIAN_POINT('Ctrl Pts',(271.66285708819,94.2627897143152,4.89390484007138));
#7205=CARTESIAN_POINT('Ctrl Pts',(271.656282589307,94.3005256600522,4.87316949781127));
#7206=CARTESIAN_POINT('Ctrl Pts',(271.654532313799,94.3439648657156,4.83912267393345));
#7207=CARTESIAN_POINT('Ctrl Pts',(271.654422373051,94.3494861097718,4.83460078197533));
#7208=CARTESIAN_POINT('Ctrl Pts',(271.654422373051,94.3549034798069,4.82996710383947));
#7209=CARTESIAN_POINT('Origin',(271.754422373051,94.2299034798069,4.8500000000002));
#7210=CARTESIAN_POINT('Origin',(278.90670356687,92.0299035561008,1.925483620113));
#7211=CARTESIAN_POINT('',(272.699274387793,92.0299035561008,3.7850927423316));
#7212=CARTESIAN_POINT('',(273.324014751447,92.0299035561008,4.2315294108015));
#7213=CARTESIAN_POINT('Ctrl Pts',(272.699274387793,92.0299035561008,3.7850927423316));
#7214=CARTESIAN_POINT('Ctrl Pts',(272.697919526773,92.0299035561008,4.13148886397861));
#7215=CARTESIAN_POINT('Ctrl Pts',(272.979660883544,92.0299035561008,4.2308420180778));
#7216=CARTESIAN_POINT('Ctrl Pts',(273.324014751447,92.0299035561008,4.2315294108015));
#7217=CARTESIAN_POINT('',(272.699274387793,92.0299035561008,3.7183957237118));
#7218=CARTESIAN_POINT('',(272.699274387793,92.0299035561008,3.7183957237118));
#7219=CARTESIAN_POINT('',(273.324014751447,92.0299035561008,3.2719590552419));
#7220=CARTESIAN_POINT('Ctrl Pts',(273.324014751447,92.0299035561008,3.2719590552419));
#7221=CARTESIAN_POINT('Ctrl Pts',(272.979660883544,92.0299035561008,3.2726364857521));
#7222=CARTESIAN_POINT('Ctrl Pts',(272.697919526773,92.0299035561008,3.37267703257511));
#7223=CARTESIAN_POINT('Ctrl Pts',(272.699274387793,92.0299035561008,3.7183957237118));
#7224=CARTESIAN_POINT('',(273.948067722377,92.0299035561008,3.7183957237118));
#7225=CARTESIAN_POINT('Ctrl Pts',(273.948067722377,92.0299035561008,3.7183957237118));
#7226=CARTESIAN_POINT('Ctrl Pts',(273.949422583398,92.0299035561008,3.37267703257511));
#7227=CARTESIAN_POINT('Ctrl Pts',(273.667691188839,92.0299035561008,3.2726364857521));
#7228=CARTESIAN_POINT('Ctrl Pts',(273.324014751447,92.0299035561008,3.2719590552419));
#7229=CARTESIAN_POINT('',(273.948067722377,92.0299035561008,3.7850927423316));
#7230=CARTESIAN_POINT('',(273.948067722377,92.0299035561008,3.7850927423316));
#7231=CARTESIAN_POINT('Ctrl Pts',(273.324014751447,92.0299035561008,4.2315294108015));
#7232=CARTESIAN_POINT('Ctrl Pts',(273.66836861935,92.0299035561008,4.2315294108015));
#7233=CARTESIAN_POINT('Ctrl Pts',(273.948067722377,92.0299035561008,4.1308014712549));
#7234=CARTESIAN_POINT('Ctrl Pts',(273.948067722377,92.0299035561008,3.7850927423316));
#7235=CARTESIAN_POINT('Origin',(259.68925753906,92.0299038612764,3.2021714171657));
#7236=CARTESIAN_POINT('',(260.138791936781,92.0299038612764,4.0186718626403));
#7237=CARTESIAN_POINT('',(260.513318173572,92.0299038612764,4.0289632198126));
#7238=CARTESIAN_POINT('Ctrl Pts',(260.138791936781,92.0299038612764,4.0186718626403));
#7239=CARTESIAN_POINT('Ctrl Pts',(260.186909376308,92.0299038612764,4.0238385344849));
#7240=CARTESIAN_POINT('Ctrl Pts',(260.234158598583,92.0299038612764,4.02742379569312));
#7241=CARTESIAN_POINT('Ctrl Pts',(260.277500516125,92.0299038612764,4.02951732909434));
#7242=CARTESIAN_POINT('Ctrl Pts',(260.310027251616,92.0299038612764,4.03108845956226));
#7243=CARTESIAN_POINT('Ctrl Pts',(260.340365161303,92.0299038612764,4.03184506780829));
#7244=CARTESIAN_POINT('Ctrl Pts',(260.367019852939,92.0299038612764,4.0321004053153));
#7245=CARTESIAN_POINT('Ctrl Pts',(260.369696315185,92.0299038612764,4.03212604437377));
#7246=CARTESIAN_POINT('Ctrl Pts',(260.372461831841,92.0299038612764,4.03214786352034));
#7247=CARTESIAN_POINT('Ctrl Pts',(260.375122143385,92.0299038612764,4.032164254545));
#7248=CARTESIAN_POINT('Ctrl Pts',(260.377976477186,92.0299038612764,4.03218184100242));
#7249=CARTESIAN_POINT('Ctrl Pts',(260.38070977969,92.0299038612764,4.03219313967633));
#7250=CARTESIAN_POINT('Ctrl Pts',(260.38301755114,92.0299038612764,4.03219959713777));
#7251=CARTESIAN_POINT('Ctrl Pts',(260.383631361085,92.0299038612764,4.03220131466229));
#7252=CARTESIAN_POINT('Ctrl Pts',(260.384214758393,92.0299038612764,4.03220270765367));
#7253=CARTESIAN_POINT('Ctrl Pts',(260.384761466829,92.0299038612764,4.0322038361695));
#7254=CARTESIAN_POINT('Ctrl Pts',(260.385162219473,92.0299038612764,4.03220466340332));
#7255=CARTESIAN_POINT('Ctrl Pts',(260.385541466584,92.0299038612764,4.03220534598092));
#7256=CARTESIAN_POINT('Ctrl Pts',(260.385902245532,92.0299038612764,4.03220591852291));
#7257=CARTESIAN_POINT('Ctrl Pts',(260.386182315008,92.0299038612764,4.03220636298214));
#7258=CARTESIAN_POINT('Ctrl Pts',(260.386455633976,92.0299038612764,4.03220674943082));
#7259=CARTESIAN_POINT('Ctrl Pts',(260.386737686501,92.0299038612764,4.03220709890744));
#7260=CARTESIAN_POINT('Ctrl Pts',(260.387202844584,92.0299038612764,4.03220767526064));
#7261=CARTESIAN_POINT('Ctrl Pts',(260.387680592639,92.0299038612764,4.032208122209));
#7262=CARTESIAN_POINT('Ctrl Pts',(260.388117709136,92.0299038612764,4.03220841399564));
#7263=CARTESIAN_POINT('Ctrl Pts',(260.388569250543,92.0299038612764,4.03220871541128));
#7264=CARTESIAN_POINT('Ctrl Pts',(260.388978550611,92.0299038612764,4.03220885571207));
#7265=CARTESIAN_POINT('Ctrl Pts',(260.389288757298,92.0299038612764,4.03220891336745));
#7266=CARTESIAN_POINT('Ctrl Pts',(260.38937836426,92.0299038612764,4.03220893002191));
#7267=CARTESIAN_POINT('Ctrl Pts',(260.389473511558,92.0299038612764,4.03220894201221));
#7268=CARTESIAN_POINT('Ctrl Pts',(260.3895532152,92.0299038612764,4.03220894819148));
#7269=CARTESIAN_POINT('Ctrl Pts',(260.389599547488,92.0299038612764,4.03220895178353));
#7270=CARTESIAN_POINT('Ctrl Pts',(260.389639279008,92.0299038612764,4.0322089535746));
#7271=CARTESIAN_POINT('Ctrl Pts',(260.389672553018,92.0299038612764,4.03220895452945));
#7272=CARTESIAN_POINT('Ctrl Pts',(260.389694185145,92.0299038612764,4.03220895515022));
#7273=CARTESIAN_POINT('Ctrl Pts',(260.389716485323,92.0299038612764,4.03220895542822));
#7274=CARTESIAN_POINT('Ctrl Pts',(260.3897291437,92.0299038612764,4.03220895549851));
#7275=CARTESIAN_POINT('Ctrl Pts',(260.389733394018,92.0299038612764,4.03220895552211));
#7276=CARTESIAN_POINT('Ctrl Pts',(260.389737921682,92.0299038612764,4.03220895553266));
#7277=CARTESIAN_POINT('Ctrl Pts',(260.389740302748,92.0299038612764,4.03220895553501));
#7278=CARTESIAN_POINT('Ctrl Pts',(260.389741072755,92.0299038612764,4.03220895553577));
#7279=CARTESIAN_POINT('Ctrl Pts',(260.389741879638,92.0299038612764,4.0322089555361));
#7280=CARTESIAN_POINT('Ctrl Pts',(260.389742293357,92.0299038612764,4.03220895553617));
#7281=CARTESIAN_POINT('Ctrl Pts',(260.389742432016,92.0299038612764,4.0322089555362));
#7282=CARTESIAN_POINT('Ctrl Pts',(260.389742575305,92.0299038612764,4.03220895553621));
#7283=CARTESIAN_POINT('Ctrl Pts',(260.389742723216,92.0299038612764,4.03220895553621));
#7284=CARTESIAN_POINT('Ctrl Pts',(260.389771857614,92.0299038612764,4.03220895553621));
#7285=CARTESIAN_POINT('Ctrl Pts',(260.390168140199,92.0299038612764,4.03220898434396));
#7286=CARTESIAN_POINT('Ctrl Pts',(260.390679680616,92.0299038612764,4.03220861524573));
#7287=CARTESIAN_POINT('Ctrl Pts',(260.390941196388,92.0299038612764,4.03220842655095));
#7288=CARTESIAN_POINT('Ctrl Pts',(260.391227904548,92.0299038612764,4.03220813875237));
#7289=CARTESIAN_POINT('Ctrl Pts',(260.391521954261,92.0299038612764,4.03220774286025));
#7290=CARTESIAN_POINT('Ctrl Pts',(260.39180308329,92.0299038612764,4.03220736436381));
#7291=CARTESIAN_POINT('Ctrl Pts',(260.392097083247,92.0299038612764,4.03220687870554));
#7292=CARTESIAN_POINT('Ctrl Pts',(260.392387515385,92.0299038612764,4.03220630753481));
#7293=CARTESIAN_POINT('Ctrl Pts',(260.392818481857,92.0299038612764,4.03220545998592));
#7294=CARTESIAN_POINT('Ctrl Pts',(260.393261208154,92.0299038612764,4.03220438772528));
#7295=CARTESIAN_POINT('Ctrl Pts',(260.39369798677,92.0299038612764,4.03220313546177));
#7296=CARTESIAN_POINT('Ctrl Pts',(260.393943910996,92.0299038612764,4.03220243038619));
#7297=CARTESIAN_POINT('Ctrl Pts',(260.39419039965,92.0299038612764,4.03220166376073));
#7298=CARTESIAN_POINT('Ctrl Pts',(260.394442826246,92.0299038612764,4.03220081570297));
#7299=CARTESIAN_POINT('Ctrl Pts',(260.395474352665,92.0299038612764,4.03219735016488));
#7300=CARTESIAN_POINT('Ctrl Pts',(260.396570174157,92.0299038612764,4.03219256032651));
#7301=CARTESIAN_POINT('Ctrl Pts',(260.397628596056,92.0299038612764,4.03218691991064));
#7302=CARTESIAN_POINT('Ctrl Pts',(260.397933208227,92.0299038612764,4.03218529660775));
#7303=CARTESIAN_POINT('Ctrl Pts',(260.398234940808,92.0299038612764,4.032183606905));
#7304=CARTESIAN_POINT('Ctrl Pts',(260.398532921892,92.0299038612764,4.03218186307078));
#7305=CARTESIAN_POINT('Ctrl Pts',(260.398961645049,92.0299038612764,4.03217935411248));
#7306=CARTESIAN_POINT('Ctrl Pts',(260.399390681118,92.0299038612764,4.03217668888861));
#7307=CARTESIAN_POINT('Ctrl Pts',(260.39983177717,92.0299038612764,4.03217378690155));
#7308=CARTESIAN_POINT('Ctrl Pts',(260.403200187442,92.0299038612764,4.03215162600709));
#7309=CARTESIAN_POINT('Ctrl Pts',(260.407049727899,92.0299038612764,4.03211685590469));
#7310=CARTESIAN_POINT('Ctrl Pts',(260.41133787538,92.0299038612764,4.03206507422095));
#7311=CARTESIAN_POINT('Ctrl Pts',(260.415690511862,92.0299038612764,4.03201251379789));
#7312=CARTESIAN_POINT('Ctrl Pts',(260.420495272973,92.0299038612764,4.03194238133071));
#7313=CARTESIAN_POINT('Ctrl Pts',(260.425652354291,92.0299038612764,4.03185207961105));
#7314=CARTESIAN_POINT('Ctrl Pts',(260.431221858881,92.0299038612764,4.03175455626188));
#7315=CARTESIAN_POINT('Ctrl Pts',(260.437201887504,92.0299038612764,4.03163345033239));
#7316=CARTESIAN_POINT('Ctrl Pts',(260.443402300477,92.0299038612764,4.03148868636239));
#7317=CARTESIAN_POINT('Ctrl Pts',(260.455662740836,92.0299038612764,4.03120243607099));
#7318=CARTESIAN_POINT('Ctrl Pts',(260.468777594241,92.0299038612764,4.03082085634093));
#7319=CARTESIAN_POINT('Ctrl Pts',(260.480962583013,92.0299038612764,4.03038098012911));
#7320=CARTESIAN_POINT('Ctrl Pts',(260.487055077399,92.0299038612764,4.03016104202321));
#7321=CARTESIAN_POINT('Ctrl Pts',(260.492913501404,92.0299038612764,4.02992728606138));
#7322=CARTESIAN_POINT('Ctrl Pts',(260.498356039593,92.0299038612764,4.02968797157249));
#7323=CARTESIAN_POINT('Ctrl Pts',(260.503282060437,92.0299038612764,4.02947136892871));
#7324=CARTESIAN_POINT('Ctrl Pts',(260.507867167056,92.0299038612764,4.02925026883938));
#7325=CARTESIAN_POINT('Ctrl Pts',(260.512024467685,92.0299038612764,4.02903183346824));
#7326=CARTESIAN_POINT('Ctrl Pts',(260.51246038096,92.0299038612764,4.02900892945272));
#7327=CARTESIAN_POINT('Ctrl Pts',(260.51289163833,92.0299038612764,4.02898605535136));
#7328=CARTESIAN_POINT('Ctrl Pts',(260.513318173572,92.0299038612764,4.0289632198126));
#7329=CARTESIAN_POINT('',(260.008566686406,92.0299038612764,3.926049648088));
#7330=CARTESIAN_POINT('Origin',(260.188750850328,92.0299038612764,3.8432556933147));
#7331=CARTESIAN_POINT('',(260.037540815061,92.0299038612764,3.77357923336381));
#7332=CARTESIAN_POINT('Origin',(260.19015016196,92.0299038612764,3.86244036811751));
#7333=CARTESIAN_POINT('',(260.429245701901,92.0299038612764,3.2437326675556));
#7334=CARTESIAN_POINT('Origin',(259.193965216753,92.0299038612764,3.10954757277661));
#7335=CARTESIAN_POINT('',(260.590582516651,92.0299038612764,2.9777406667909));
#7336=CARTESIAN_POINT('Origin',(260.285585402797,92.0299038612764,3.00410367389699));
#7337=CARTESIAN_POINT('',(260.62328715066,92.0299038612764,2.9256028527277));
#7338=CARTESIAN_POINT('Ctrl Pts',(260.62328715066,92.0299038612764,2.9256028527277));
#7339=CARTESIAN_POINT('Ctrl Pts',(260.613210559714,92.0299038612764,2.9412575565187));
#7340=CARTESIAN_POINT('Ctrl Pts',(260.609540064345,92.0299038612764,2.9469686628781));
#7341=CARTESIAN_POINT('Ctrl Pts',(260.600845391121,92.0299038612764,2.9606470333477));
#7342=CARTESIAN_POINT('Ctrl Pts',(260.594801741759,92.0299038612764,2.9702949754243));
#7343=CARTESIAN_POINT('Ctrl Pts',(260.590582516651,92.0299038612764,2.9777406667909));
#7344=CARTESIAN_POINT('',(258.588201068038,92.0299038612764,4.2108827489071));
#7345=CARTESIAN_POINT('Ctrl Pts',(258.588201068038,92.0299038612764,4.2108827489071));
#7346=CARTESIAN_POINT('Ctrl Pts',(259.170118831972,92.0299038612764,3.6149533614906));
#7347=CARTESIAN_POINT('Ctrl Pts',(259.91130479226,92.0299038612764,3.2483480122647));
#7348=CARTESIAN_POINT('Ctrl Pts',(260.62328715066,92.0299038612764,2.9256028527277));
#7349=CARTESIAN_POINT('',(258.356408038801,92.0299038612764,4.1603759344754));
#7350=CARTESIAN_POINT('Ctrl Pts',(258.356408038801,92.0299038612764,4.1603759344754));
#7351=CARTESIAN_POINT('Ctrl Pts',(258.371856402489,92.0299038612764,4.196065223525));
#7352=CARTESIAN_POINT('Ctrl Pts',(258.400669194518,92.0299038612764,4.22417823147116));
#7353=CARTESIAN_POINT('Ctrl Pts',(258.431181205169,92.0299038612764,4.23949915753799));
#7354=CARTESIAN_POINT('Ctrl Pts',(258.450340325392,92.0299038612764,4.24911948272023));
#7355=CARTESIAN_POINT('Ctrl Pts',(258.468816474991,92.0299038612764,4.25384776815883));
#7356=CARTESIAN_POINT('Ctrl Pts',(258.488343963505,92.0299038612764,4.254378500582));
#7357=CARTESIAN_POINT('Ctrl Pts',(258.489422364723,92.0299038612764,4.25440781016222));
#7358=CARTESIAN_POINT('Ctrl Pts',(258.490517436731,92.0299038612764,4.254420159143));
#7359=CARTESIAN_POINT('Ctrl Pts',(258.49123147727,92.0299038612764,4.25442247495663));
#7360=CARTESIAN_POINT('Ctrl Pts',(258.491360228377,92.0299038612764,4.25442289252896));
#7361=CARTESIAN_POINT('Ctrl Pts',(258.491489985235,92.0299038612764,4.25442306499116));
#7362=CARTESIAN_POINT('Ctrl Pts',(258.491574797494,92.0299038612764,4.25442309741248));
#7363=CARTESIAN_POINT('Ctrl Pts',(258.491589945518,92.0299038612764,4.25442310320314));
#7364=CARTESIAN_POINT('Ctrl Pts',(258.491605226895,92.0299038612764,4.25442310559173));
#7365=CARTESIAN_POINT('Ctrl Pts',(258.491615112593,92.0299038612764,4.25442310604735));
#7366=CARTESIAN_POINT('Ctrl Pts',(258.491616945339,92.0299038612764,4.25442310613182));
#7367=CARTESIAN_POINT('Ctrl Pts',(258.491618787553,92.0299038612764,4.25442310616623));
#7368=CARTESIAN_POINT('Ctrl Pts',(258.491619968738,92.0299038612764,4.25442310617284));
#7369=CARTESIAN_POINT('Ctrl Pts',(258.491620191733,92.0299038612764,4.25442310617408));
#7370=CARTESIAN_POINT('Ctrl Pts',(258.491620415217,92.0299038612764,4.25442310617471));
#7371=CARTESIAN_POINT('Ctrl Pts',(258.49162063919,92.0299038612764,4.25442310617471));
#7372=CARTESIAN_POINT('Ctrl Pts',(258.491762422305,92.0299038612764,4.25442310617471));
#7373=CARTESIAN_POINT('Ctrl Pts',(258.492211772425,92.0299038612764,4.25442293907487));
#7374=CARTESIAN_POINT('Ctrl Pts',(258.492783219551,92.0299038612764,4.25441560106207));
#7375=CARTESIAN_POINT('Ctrl Pts',(258.493204287201,92.0299038612764,4.25441019408798));
#7376=CARTESIAN_POINT('Ctrl Pts',(258.49368661546,92.0299038612764,4.25440082884785));
#7377=CARTESIAN_POINT('Ctrl Pts',(258.49416959339,92.0299038612764,4.2543874821163));
#7378=CARTESIAN_POINT('Ctrl Pts',(258.494456266976,92.0299038612764,4.25437956010756));
#7379=CARTESIAN_POINT('Ctrl Pts',(258.494749943392,92.0299038612764,4.25437012567333));
#7380=CARTESIAN_POINT('Ctrl Pts',(258.495041678061,92.0299038612764,4.25435942584492));
#7381=CARTESIAN_POINT('Ctrl Pts',(258.495342814684,92.0299038612764,4.25434838118502));
#7382=CARTESIAN_POINT('Ctrl Pts',(258.495650625693,92.0299038612764,4.25433570063865));
#7383=CARTESIAN_POINT('Ctrl Pts',(258.495966444414,92.0299038612764,4.25432115341421));
#7384=CARTESIAN_POINT('Ctrl Pts',(258.496798634936,92.0299038612764,4.25428282110046));
#7385=CARTESIAN_POINT('Ctrl Pts',(258.497679037198,92.0299038612764,4.25423140137642));
#7386=CARTESIAN_POINT('Ctrl Pts',(258.498555601993,92.0299038612764,4.25416885737131));
#7387=CARTESIAN_POINT('Ctrl Pts',(258.499197576822,92.0299038612764,4.2541230516565));
#7388=CARTESIAN_POINT('Ctrl Pts',(258.499829106076,92.0299038612764,4.25407220551016));
#7389=CARTESIAN_POINT('Ctrl Pts',(258.50046530072,92.0299038612764,4.25401545775416));
#7390=CARTESIAN_POINT('Ctrl Pts',(258.501107346646,92.0299038612764,4.25395818807116));
#7391=CARTESIAN_POINT('Ctrl Pts',(258.501758386908,92.0299038612764,4.25389450244547));
#7392=CARTESIAN_POINT('Ctrl Pts',(258.502429623473,92.0299038612764,4.25382270734754));
#7393=CARTESIAN_POINT('Ctrl Pts',(258.505816318217,92.0299038612764,4.25346046831965));
#7394=CARTESIAN_POINT('Ctrl Pts',(258.509607585986,92.0299038612764,4.25289984456647));
#7395=CARTESIAN_POINT('Ctrl Pts',(258.513695320535,92.0299038612764,4.25207791681674));
#7396=CARTESIAN_POINT('Ctrl Pts',(258.517684976594,92.0299038612764,4.25127570987605));
#7397=CARTESIAN_POINT('Ctrl Pts',(258.521956969237,92.0299038612764,4.25022397476917));
#7398=CARTESIAN_POINT('Ctrl Pts',(258.526373101683,92.0299038612764,4.24889545954477));
#7399=CARTESIAN_POINT('Ctrl Pts',(258.52784001462,92.0299038612764,4.24845416477063));
#7400=CARTESIAN_POINT('Ctrl Pts',(258.529322529839,92.0299038612764,4.24798263466071));
#7401=CARTESIAN_POINT('Ctrl Pts',(258.530814868093,92.0299038612764,4.24748081469858));
#7402=CARTESIAN_POINT('Ctrl Pts',(258.53550122666,92.0299038612764,4.24590495998013));
#7403=CARTESIAN_POINT('Ctrl Pts',(258.540284633569,92.0299038612764,4.24402656139642));
#7404=CARTESIAN_POINT('Ctrl Pts',(258.544978767951,92.0299038612764,4.2418770457646));
#7405=CARTESIAN_POINT('Ctrl Pts',(258.54944563657,92.0299038612764,4.23983159858748));
#7406=CARTESIAN_POINT('Ctrl Pts',(258.553829845686,92.0299038612764,4.23754102920833));
#7407=CARTESIAN_POINT('Ctrl Pts',(258.557984344516,92.0299038612764,4.23507592248602));
#7408=CARTESIAN_POINT('Ctrl Pts',(258.562138843346,92.0299038612764,4.23261081576371));
#7409=CARTESIAN_POINT('Ctrl Pts',(258.566062290806,92.0299038612764,4.22997149947247));
#7410=CARTESIAN_POINT('Ctrl Pts',(258.569645220262,92.0299038612764,4.22726845524828));
#7411=CARTESIAN_POINT('Ctrl Pts',(258.57635777571,92.0299038612764,4.22220434933804));
#7412=CARTESIAN_POINT('Ctrl Pts',(258.582601829719,92.0299038612764,4.2166096051942));
#7413=CARTESIAN_POINT('Ctrl Pts',(258.588201068038,92.0299038612764,4.2108827489071));
#7414=CARTESIAN_POINT('',(258.38451136031,92.0299038612764,4.007668026894));
#7415=CARTESIAN_POINT('Origin',(258.613273341092,92.0299038612764,4.119138813903));
#7416=CARTESIAN_POINT('',(259.704813321248,92.0299038612764,2.2199801217558));
#7417=CARTESIAN_POINT('Origin',(253.592116127739,92.0299038612764,-1.09625417588941));
#7418=CARTESIAN_POINT('',(259.820472343009,92.0299038612764,2.1499197286975));
#7419=CARTESIAN_POINT('Origin',(259.887639362713,92.0299038612764,2.43393305383081));
#7420=CARTESIAN_POINT('',(259.955605779111,92.0299038612764,2.22813404320839));
#7421=CARTESIAN_POINT('Ctrl Pts',(259.955605779111,92.0299038612764,2.22813404320839));
#7422=CARTESIAN_POINT('Ctrl Pts',(259.928452429034,92.0299038612764,2.1813479502166));
#7423=CARTESIAN_POINT('Ctrl Pts',(259.874224893163,92.0299038612764,2.1499197286975));
#7424=CARTESIAN_POINT('Ctrl Pts',(259.820472343009,92.0299038612764,2.1499197286975));
#7425=CARTESIAN_POINT('',(259.953389179105,92.0299038612764,2.3650882578871));
#7426=CARTESIAN_POINT('Origin',(259.679071318508,92.0299038612764,2.3125204103574));
#7427=CARTESIAN_POINT('',(259.395439291787,92.0299038612764,3.2293247675143));
#7428=CARTESIAN_POINT('Origin',(258.330994284695,92.0299038612764,2.1058044169615));
#7429=CARTESIAN_POINT('',(260.79308476009,92.0299038612764,2.5356081298062));
#7430=CARTESIAN_POINT('Ctrl Pts',(260.79308476009,92.0299038612764,2.5356081298062));
#7431=CARTESIAN_POINT('Ctrl Pts',(260.284850044343,92.0299038612764,2.76225548045741));
#7432=CARTESIAN_POINT('Ctrl Pts',(259.827676293029,92.0299038612764,2.97140752391631));
#7433=CARTESIAN_POINT('Ctrl Pts',(259.395439291787,92.0299038612764,3.2293247675143));
#7434=CARTESIAN_POINT('',(260.86662838173,92.0299038612764,2.5189836297584));
#7435=CARTESIAN_POINT('Origin',(260.777227465641,92.0299038612764,3.0857627514048));
#7436=CARTESIAN_POINT('',(261.003503432123,92.0299038612764,2.621343051481));
#7437=CARTESIAN_POINT('Origin',(260.790594159626,92.0299038612764,2.81799020134319));
#7438=CARTESIAN_POINT('',(260.941913617661,92.0299038612764,2.9326961880903));
#7439=CARTESIAN_POINT('Ctrl Pts',(260.941913617661,92.0299038612764,2.9326961880903));
#7440=CARTESIAN_POINT('Ctrl Pts',(260.994082882096,92.0299038612764,2.83160339494271));
#7441=CARTESIAN_POINT('Ctrl Pts',(261.045223010814,92.0299038612764,2.7324897089432));
#7442=CARTESIAN_POINT('Ctrl Pts',(261.003503432123,92.0299038612764,2.621343051481));
#7443=CARTESIAN_POINT('',(260.728724195619,92.0299038612764,3.3084890534558));
#7444=CARTESIAN_POINT('Origin',(260.468174128026,92.0299038612764,2.87917453087211));
#7445=CARTESIAN_POINT('',(260.427345759038,92.0299038612764,3.7440509547079));
#7446=CARTESIAN_POINT('Origin',(259.703643858735,92.0299038612764,3.5296219735321));
#7447=CARTESIAN_POINT('',(260.512526530712,92.0299038612764,3.7412802047001));
#7448=CARTESIAN_POINT('Ctrl Pts',(260.512526530712,92.0299038612764,3.7412802047001));
#7449=CARTESIAN_POINT('Ctrl Pts',(260.484027387773,92.0299038612764,3.742784326133));
#7450=CARTESIAN_POINT('Ctrl Pts',(260.45560740912,92.0299038612764,3.743655133278));
#7451=CARTESIAN_POINT('Ctrl Pts',(260.427345759038,92.0299038612764,3.7440509547079));
#7452=CARTESIAN_POINT('',(260.521392930738,92.0299038612764,3.741042711842));
#7453=CARTESIAN_POINT('',(260.512526530712,92.0299038612764,3.7412802047001));
#7454=CARTESIAN_POINT('',(260.651697345398,92.0299038612764,3.8738012193667));
#7455=CARTESIAN_POINT('Ctrl Pts',(260.651697345398,92.0299038612764,3.8738012193667));
#7456=CARTESIAN_POINT('Ctrl Pts',(260.650034895393,92.0299038612764,3.80983647632591));
#7457=CARTESIAN_POINT('Ctrl Pts',(260.608552809559,92.0299038612764,3.741042711842));
#7458=CARTESIAN_POINT('Ctrl Pts',(260.521392930738,92.0299038612764,3.741042711842));
#7459=CARTESIAN_POINT('Ctrl Pts',(260.513318173572,92.0299038612764,4.0289632198126));
#7460=CARTESIAN_POINT('Ctrl Pts',(260.606732030982,92.0299038612764,4.0241341983704));
#7461=CARTESIAN_POINT('Ctrl Pts',(260.65359728826,92.0299038612764,3.9471865124347));
#7462=CARTESIAN_POINT('Ctrl Pts',(260.651697345398,92.0299038612764,3.8738012193667));
#7463=CARTESIAN_POINT('Origin',(278.90670356687,92.0299035561008,1.925483620113));
#7464=CARTESIAN_POINT('',(272.209312809039,92.0299035561008,3.8633558906925));
#7465=CARTESIAN_POINT('',(272.111991946471,92.0299035561008,3.9252810091003));
#7466=CARTESIAN_POINT('Ctrl Pts',(272.209312809039,92.0299035561008,3.8633558906925));
#7467=CARTESIAN_POINT('Ctrl Pts',(272.186857980067,92.0299035561008,3.8939797346413));
#7468=CARTESIAN_POINT('Ctrl Pts',(272.154191882374,92.0299035561008,3.91439230986941));
#7469=CARTESIAN_POINT('Ctrl Pts',(272.111991946471,92.0299035561008,3.9252810091003));
#7470=CARTESIAN_POINT('',(272.588375028379,92.0299035561008,3.8633558906925));
#7471=CARTESIAN_POINT('',(272.588375028379,92.0299035561008,3.8633558906925));
#7472=CARTESIAN_POINT('',(271.969761425958,92.0299035561008,4.2315294108015));
#7473=CARTESIAN_POINT('Ctrl Pts',(271.969761425958,92.0299035561008,4.2315294108015));
#7474=CARTESIAN_POINT('Ctrl Pts',(272.28689852689,92.0299035561008,4.23152941080149));
#7475=CARTESIAN_POINT('Ctrl Pts',(272.548227308433,92.0299035561008,4.14509724746394));
#7476=CARTESIAN_POINT('Ctrl Pts',(272.588375028379,92.0299035561008,3.86335589069275));
#7477=CARTESIAN_POINT('',(271.345021062304,92.0299035561008,3.7850927423316));
#7478=CARTESIAN_POINT('Ctrl Pts',(271.345021062304,92.0299035561008,3.7850927423316));
#7479=CARTESIAN_POINT('Ctrl Pts',(271.343666201284,92.0299035561008,4.13148886397861));
#7480=CARTESIAN_POINT('Ctrl Pts',(271.625407558055,92.0299035561008,4.2308420180778));
#7481=CARTESIAN_POINT('Ctrl Pts',(271.969761425958,92.0299035561008,4.2315294108015));
#7482=CARTESIAN_POINT('',(271.345021062304,92.0299035561008,3.7183957237118));
#7483=CARTESIAN_POINT('',(271.345021062304,92.0299035561008,3.7183957237118));
#7484=CARTESIAN_POINT('',(271.969761425958,92.0299035561008,3.2719590552419));
#7485=CARTESIAN_POINT('Ctrl Pts',(271.969761425958,92.0299035561008,3.2719590552419));
#7486=CARTESIAN_POINT('Ctrl Pts',(271.625407558055,92.0299035561008,3.2733238784758));
#7487=CARTESIAN_POINT('Ctrl Pts',(271.343666201284,92.0299035561008,3.37267703257511));
#7488=CARTESIAN_POINT('Ctrl Pts',(271.345021062304,92.0299035561008,3.7183957237118));
#7489=CARTESIAN_POINT('',(272.392378442222,92.0299035561008,3.4141895757548));
#7490=CARTESIAN_POINT('Ctrl Pts',(272.392378442222,92.0299035561008,3.4141895757548));
#7491=CARTESIAN_POINT('Ctrl Pts',(272.286211134166,92.0299035561008,3.3093870909334));
#7492=CARTESIAN_POINT('Ctrl Pts',(272.124922899446,92.0299035561008,3.2719590552419));
#7493=CARTESIAN_POINT('Ctrl Pts',(271.969761425958,92.0299035561008,3.2719590552419));
#7494=CARTESIAN_POINT('',(272.410071333195,92.0299035561008,3.2719590552419));
#7495=CARTESIAN_POINT('',(272.410071333195,92.0299035561008,3.2719590552419));
#7496=CARTESIAN_POINT('',(272.588375028379,92.0299035561008,3.2719590552419));
#7497=CARTESIAN_POINT('',(272.588375028379,92.0299035561008,3.2719590552419));
#7498=CARTESIAN_POINT('',(272.588375028379,92.0299035561008,3.7966588720728));
#7499=CARTESIAN_POINT('',(272.588375028379,92.0299035561008,3.7966588720728));
#7500=CARTESIAN_POINT('',(271.967041741704,92.0299035561008,3.7966588720728));
#7501=CARTESIAN_POINT('',(271.967041741704,92.0299035561008,3.7966588720728));
#7502=CARTESIAN_POINT('',(271.967041741704,92.0299035561008,3.6401325753509));
#7503=CARTESIAN_POINT('',(271.967041741704,92.0299035561008,3.6401325753509));
#7504=CARTESIAN_POINT('',(272.254232429197,92.0299035561008,3.6401325753509));
#7505=CARTESIAN_POINT('',(272.254232429197,92.0299035561008,3.6401325753509));
#7506=CARTESIAN_POINT('',(271.969761425958,92.0299035561008,3.5625468575002));
#7507=CARTESIAN_POINT('Ctrl Pts',(271.969761425958,92.0299035561008,3.5625468575002));
#7508=CARTESIAN_POINT('Ctrl Pts',(272.11063708545,92.0299035561008,3.5625468575002));
#7509=CARTESIAN_POINT('Ctrl Pts',(272.200466363553,92.0299035561008,3.5707158724767));
#7510=CARTESIAN_POINT('Ctrl Pts',(272.254232429197,92.0299035561008,3.6401325753509));
#7511=CARTESIAN_POINT('',(271.701628452672,92.0299035561008,3.740850552684));
#7512=CARTESIAN_POINT('Ctrl Pts',(271.701628452672,92.0299035561008,3.740850552684));
#7513=CARTESIAN_POINT('Ctrl Pts',(271.699586198928,92.0299035561008,3.5904510171946));
#7514=CARTESIAN_POINT('Ctrl Pts',(271.823446397957,92.0299035561008,3.5645891112443));
#7515=CARTESIAN_POINT('Ctrl Pts',(271.969761425958,92.0299035561008,3.5625468575002));
#7516=CARTESIAN_POINT('',(271.701628452672,92.0299035561008,3.7633153438696));
#7517=CARTESIAN_POINT('',(271.701628452672,92.0299035561008,3.7633153438696));
#7518=CARTESIAN_POINT('',(271.969761425958,92.0299035561008,3.9416190390535));
#7519=CARTESIAN_POINT('Ctrl Pts',(271.969761425958,92.0299035561008,3.9416190390535));
#7520=CARTESIAN_POINT('Ctrl Pts',(271.823446397957,92.0299035561008,3.9395767853093));
#7521=CARTESIAN_POINT('Ctrl Pts',(271.699586198928,92.0299035561008,3.9123500561252));
#7522=CARTESIAN_POINT('Ctrl Pts',(271.701628452672,92.0299035561008,3.7633153438696));
#7523=CARTESIAN_POINT('Origin',(271.160142505342,92.0299035561008,3.0123917487874));
#7524=CARTESIAN_POINT('Origin',(278.90670356687,92.0299035561008,1.925483620113));
#7525=CARTESIAN_POINT('',(272.569181122528,92.0299035561008,2.6676817545515));
#7526=CARTESIAN_POINT('',(271.956769013153,92.0299035561008,2.2307286295515));
#7527=CARTESIAN_POINT('Ctrl Pts',(272.569181122528,92.0299035561008,2.6676817545515));
#7528=CARTESIAN_POINT('Ctrl Pts',(272.569181122528,92.0299035561008,2.32945909830151));
#7529=CARTESIAN_POINT('Ctrl Pts',(272.295665497528,92.0299035561008,2.2307286295515));
#7530=CARTESIAN_POINT('Ctrl Pts',(271.956769013153,92.0299035561008,2.2307286295515));
#7531=CARTESIAN_POINT('',(272.569181122528,92.0299035561008,3.1486778483015));
#7532=CARTESIAN_POINT('',(272.569181122528,92.0299035561008,3.1486778483015));
#7533=CARTESIAN_POINT('',(272.219610810028,92.0299035561008,3.1486778483015));
#7534=CARTESIAN_POINT('',(272.219610810028,92.0299035561008,3.1486778483015));
#7535=CARTESIAN_POINT('',(272.219610810028,92.0299035561008,2.6896934733015));
#7536=CARTESIAN_POINT('',(272.219610810028,92.0299035561008,2.6896934733015));
#7537=CARTESIAN_POINT('',(271.956769013153,92.0299035561008,2.5149083170515));
#7538=CARTESIAN_POINT('Ctrl Pts',(271.956769013153,92.0299035561008,2.5149083170515));
#7539=CARTESIAN_POINT('Ctrl Pts',(272.100196747528,92.0299035561008,2.51692003580151));
#7540=CARTESIAN_POINT('Ctrl Pts',(272.221612763153,92.0299035561008,2.5422715983015));
#7541=CARTESIAN_POINT('Ctrl Pts',(272.219610810028,92.0299035561008,2.6896934733015));
#7542=CARTESIAN_POINT('',(271.694591278778,92.0299035561008,2.6896934733015));
#7543=CARTESIAN_POINT('Ctrl Pts',(271.694591278778,92.0299035561008,2.6896934733015));
#7544=CARTESIAN_POINT('Ctrl Pts',(271.692589325653,92.0299035561008,2.5422715983015));
#7545=CARTESIAN_POINT('Ctrl Pts',(271.814005341278,92.0299035561008,2.51692003580151));
#7546=CARTESIAN_POINT('Ctrl Pts',(271.956769013153,92.0299035561008,2.5149083170515));
#7547=CARTESIAN_POINT('',(271.694591278778,92.0299035561008,2.7770958170515));
#7548=CARTESIAN_POINT('',(271.694591278778,92.0299035561008,2.7770958170515));
#7549=CARTESIAN_POINT('',(271.345020966278,92.0299035561008,2.7770958170515));
#7550=CARTESIAN_POINT('',(271.345020966278,92.0299035561008,2.7770958170515));
#7551=CARTESIAN_POINT('',(271.345020966278,92.0299035561008,2.6676817545515));
#7552=CARTESIAN_POINT('',(271.345020966278,92.0299035561008,2.6676817545515));
#7553=CARTESIAN_POINT('Ctrl Pts',(271.956769013153,92.0299035561008,2.2307286295515));
#7554=CARTESIAN_POINT('Ctrl Pts',(271.619874481903,92.0299035561008,2.23139269205149));
#7555=CARTESIAN_POINT('Ctrl Pts',(271.343692841278,92.0299035561008,2.32879503580151));
#7556=CARTESIAN_POINT('Ctrl Pts',(271.345020966278,92.0299035561008,2.6676817545515));
#7557=CARTESIAN_POINT('Origin',(278.90670356687,92.0299035561008,1.925483620113));
#7558=CARTESIAN_POINT('',(273.335655731903,92.0299035561008,2.5149083170515));
#7559=CARTESIAN_POINT('',(273.597833466278,92.0299035561008,2.6896934733015));
#7560=CARTESIAN_POINT('Ctrl Pts',(273.335655731903,92.0299035561008,2.5149083170515));
#7561=CARTESIAN_POINT('Ctrl Pts',(273.478419403778,92.0299035561008,2.51692003580151));
#7562=CARTESIAN_POINT('Ctrl Pts',(273.599835419403,92.0299035561008,2.5422715983015));
#7563=CARTESIAN_POINT('Ctrl Pts',(273.597833466278,92.0299035561008,2.6896934733015));
#7564=CARTESIAN_POINT('',(273.072813935028,92.0299035561008,2.6896934733015));
#7565=CARTESIAN_POINT('Ctrl Pts',(273.072813935028,92.0299035561008,2.6896934733015));
#7566=CARTESIAN_POINT('Ctrl Pts',(273.071476044403,92.0299035561008,2.5422715983015));
#7567=CARTESIAN_POINT('Ctrl Pts',(273.192227997528,92.0299035561008,2.51692003580151));
#7568=CARTESIAN_POINT('Ctrl Pts',(273.335655731903,92.0299035561008,2.5149083170515));
#7569=CARTESIAN_POINT('',(273.072813935028,92.0299035561008,3.1493419108015));
#7570=CARTESIAN_POINT('',(273.072813935028,92.0299035561008,3.1493419108015));
#7571=CARTESIAN_POINT('',(272.723243622528,92.0299035561008,3.1493419108015));
#7572=CARTESIAN_POINT('',(272.723243622528,92.0299035561008,3.1493419108015));
#7573=CARTESIAN_POINT('',(272.723243622528,92.0299035561008,2.6676817545515));
#7574=CARTESIAN_POINT('',(272.723243622528,92.0299035561008,2.6676817545515));
#7575=CARTESIAN_POINT('',(273.335655731903,92.0299035561008,2.2307286295515));
#7576=CARTESIAN_POINT('Ctrl Pts',(273.335655731903,92.0299035561008,2.2307286295515));
#7577=CARTESIAN_POINT('Ctrl Pts',(272.999435028778,92.0299035561008,2.23139269205149));
#7578=CARTESIAN_POINT('Ctrl Pts',(272.721915497528,92.0299035561008,2.32879503580151));
#7579=CARTESIAN_POINT('Ctrl Pts',(272.723243622528,92.0299035561008,2.6676817545515));
#7580=CARTESIAN_POINT('',(273.948067841278,92.0299035561008,2.6676817545515));
#7581=CARTESIAN_POINT('Ctrl Pts',(273.948067841278,92.0299035561008,2.6676817545515));
#7582=CARTESIAN_POINT('Ctrl Pts',(273.949395966278,92.0299035561008,2.32879503580151));
#7583=CARTESIAN_POINT('Ctrl Pts',(273.671886200653,92.0299035561008,2.23139269205149));
#7584=CARTESIAN_POINT('Ctrl Pts',(273.335655731903,92.0299035561008,2.2307286295515));
#7585=CARTESIAN_POINT('',(273.948067841278,92.0299035561008,3.1493419108015));
#7586=CARTESIAN_POINT('',(273.948067841278,92.0299035561008,3.1493419108015));
#7587=CARTESIAN_POINT('',(273.597833466278,92.0299035561008,3.1493419108015));
#7588=CARTESIAN_POINT('',(273.597833466278,92.0299035561008,3.1493419108015));
#7589=CARTESIAN_POINT('',(273.597833466278,92.0299035561008,2.6896934733015));
#7590=CARTESIAN_POINT('Origin',(257.96683501851,92.1299034798069,4.6500000000002));
#7591=CARTESIAN_POINT('',(257.96683501851,92.1299034798069,4.9500000000002));
#7592=CARTESIAN_POINT('Origin',(257.96683501851,92.1299034798069,4.6500000000002));
#7593=CARTESIAN_POINT('',(257.96683501851,91.8299034798069,4.6500000000002));
#7594=CARTESIAN_POINT('Origin',(257.96683501851,92.1299034798069,4.6500000000002));
#7595=CARTESIAN_POINT('Origin',(257.96683501851,92.1299034798069,4.6500000000002));
#7596=CARTESIAN_POINT('Origin',(257.96683501851,92.1299034798069,1.75000000000001));
#7597=CARTESIAN_POINT('',(257.96683501851,91.8299034798069,1.74999999999997));
#7598=CARTESIAN_POINT('',(257.96683501851,92.1299034798069,1.45));
#7599=CARTESIAN_POINT('Origin',(257.96683501851,92.1299034798069,1.74999999999997));
#7600=CARTESIAN_POINT('Origin',(257.96683501851,92.1299034798069,1.75000000000001));
#7601=CARTESIAN_POINT('Origin',(257.96683501851,92.1299034798069,1.75000000000001));
#7602=CARTESIAN_POINT('Origin',(271.754422373051,94.6299034798069,4.8500000000002));
#7603=CARTESIAN_POINT('',(271.754422373051,94.0299034798069,4.9500000000002));
#7604=CARTESIAN_POINT('Ctrl Pts',(271.754422373051,94.0299034798069,4.9500000000002));
#7605=CARTESIAN_POINT('Ctrl Pts',(271.732171521643,94.0796578961125,4.9500000000002));
#7606=CARTESIAN_POINT('Ctrl Pts',(271.707940311681,94.1334062047712,4.94218239546646));
#7607=CARTESIAN_POINT('Ctrl Pts',(271.682968716427,94.2002382438339,4.92036145560172));
#7608=CARTESIAN_POINT('Ctrl Pts',(271.677739976452,94.2152139665317,4.91466859868681));
#7609=CARTESIAN_POINT('Ctrl Pts',(271.67314472793,94.2299034798068,4.90825756949582));
#7610=CARTESIAN_POINT('',(271.754422373051,94.6299034798069,4.9500000000002));
#7611=CARTESIAN_POINT('Origin',(262.901900301266,94.2299034798069,4.4500000000002));
#7612=CARTESIAN_POINT('',(272.554646965212,94.2299034798069,4.9500000000002));
#7613=CARTESIAN_POINT('',(262.901900301266,94.2299034798069,4.9500000000002));
#7614=CARTESIAN_POINT('Origin',(272.554646965212,94.2299034798069,4.4500000000002));
#7615=CARTESIAN_POINT('Origin',(257.96683501851,94.6299034798069,4.6500000000002));
#7616=CARTESIAN_POINT('',(257.96683501851,94.6299034798069,4.9500000000002));
#7617=CARTESIAN_POINT('Origin',(258.904947314591,94.0295906724936,4.4500000000002));
#7618=CARTESIAN_POINT('',(259.75083501851,94.0295906724935,4.9500000000002));
#7619=CARTESIAN_POINT('',(258.904947314591,94.0295906724936,4.9500000000002));
#7620=CARTESIAN_POINT('Ctrl Pts',(259.75083501851,94.0295906724936,4.9500000000002));
#7621=CARTESIAN_POINT('Ctrl Pts',(259.728584167102,94.0793450887991,4.9500000000002));
#7622=CARTESIAN_POINT('Ctrl Pts',(259.70435295714,94.1330933974579,4.94218239546646));
#7623=CARTESIAN_POINT('Ctrl Pts',(259.679341192675,94.2000329422777,4.92032635452303));
#7624=CARTESIAN_POINT('Ctrl Pts',(259.674078385041,94.2151137682359,4.91458770517373));
#7625=CARTESIAN_POINT('Ctrl Pts',(259.669459601956,94.2299034798068,4.90812092205715));
#7626=CARTESIAN_POINT('Origin',(259.75083501851,95.0384970761502,4.8500000000002));
#7627=CARTESIAN_POINT('',(259.75083501851,95.0384970761502,4.9500000000002));
#7628=CARTESIAN_POINT('Origin',(262.901900301266,94.2299034798069,4.4500000000002));
#7629=CARTESIAN_POINT('',(262.901900301266,94.2299034798069,4.9500000000002));
#7630=CARTESIAN_POINT('Origin',(260.551059610671,94.6299034798069,4.8500000000002));
#7631=CARTESIAN_POINT('',(260.551059610671,94.0299034798069,4.9500000000002));
#7632=CARTESIAN_POINT('Ctrl Pts',(260.632337255792,94.2299034798068,4.90825756949582));
#7633=CARTESIAN_POINT('Ctrl Pts',(260.628995895927,94.219222240293,4.91291924459946));
#7634=CARTESIAN_POINT('Ctrl Pts',(260.625407195713,94.2086726021469,4.91707377119513));
#7635=CARTESIAN_POINT('Ctrl Pts',(260.603113776688,94.1464381074698,4.93936719022073));
#7636=CARTESIAN_POINT('Ctrl Pts',(260.574894570124,94.0832000693841,4.9500000000002));
#7637=CARTESIAN_POINT('Ctrl Pts',(260.551059610671,94.0299034798069,4.9500000000002));
#7638=CARTESIAN_POINT('',(260.551059610671,94.6299034798069,4.9500000000002));
#7639=CARTESIAN_POINT('Origin',(272.554646965212,95.0823584224655,4.8500000000002));
#7640=CARTESIAN_POINT('',(272.554646965212,94.030313365124,4.9500000000002));
#7641=CARTESIAN_POINT('',(272.635796246526,94.2299034798069,4.90843623997351));
#7642=CARTESIAN_POINT('Ctrl Pts',(272.635796246526,94.2299034798069,4.90843623997351));
#7643=CARTESIAN_POINT('Ctrl Pts',(272.631232052846,94.215345322981,4.91477444785739));
#7644=CARTESIAN_POINT('Ctrl Pts',(272.626048003211,94.2005073047459,4.92040743535811));
#7645=CARTESIAN_POINT('Ctrl Pts',(272.601129026582,94.1338160900884,4.94218239546646));
#7646=CARTESIAN_POINT('Ctrl Pts',(272.57689781662,94.0800677814295,4.9500000000002));
#7647=CARTESIAN_POINT('Ctrl Pts',(272.554646965212,94.030313365124,4.9500000000002));
#7648=CARTESIAN_POINT('Origin',(272.554646965212,94.2299034798069,4.8500000000002));
#7649=CARTESIAN_POINT('',(272.554646965212,95.0823584224655,4.9500000000002));
#7650=CARTESIAN_POINT('Origin',(272.554646965212,94.2299034798069,4.4500000000002));
#7651=CARTESIAN_POINT('',(272.654646965212,94.3555704904215,4.82974702427186));
#7652=CARTESIAN_POINT('Origin',(272.654646965212,94.2299034798069,4.4500000000002));
#7653=CARTESIAN_POINT('Ctrl Pts',(272.654646965212,94.3555704904215,4.82974702427187));
#7654=CARTESIAN_POINT('Ctrl Pts',(272.654646965212,94.3439601025454,4.83969143763869));
#7655=CARTESIAN_POINT('Ctrl Pts',(272.65414468231,94.3320982526078,4.84892745590995));
#7656=CARTESIAN_POINT('Ctrl Pts',(272.65046312491,94.2883508013111,4.88003865322481));
#7657=CARTESIAN_POINT('Ctrl Pts',(272.644403320048,94.257356987464,4.89648376269543));
#7658=CARTESIAN_POINT('Ctrl Pts',(272.635796246526,94.2299034798069,4.9084362399735));
#7659=CARTESIAN_POINT('Origin',(272.654646965212,95.534813365124,0.859591017847506));
#7660=CARTESIAN_POINT('',(272.654646965212,94.530313365124,4.4500000000002));
#7661=CARTESIAN_POINT('Origin',(272.654646965212,94.030313365124,4.4500000000002));
#7662=CARTESIAN_POINT('',(272.654646965212,94.530313365124,-1.50062349864571));
#7663=CARTESIAN_POINT('',(272.654646965212,94.530313365124,0.859591017847506));
#7664=CARTESIAN_POINT('',(272.654646965212,94.8484874545108,-0.440043200689702));
#7665=CARTESIAN_POINT('Origin',(272.554646965212,94.8484874545108,-0.440043200689702));
#7666=CARTESIAN_POINT('',(272.554646965212,94.5092265077346,-1.91892324024085));
#7667=CARTESIAN_POINT('',(272.616069403484,94.530313365124,-1.77524929745767));
#7668=CARTESIAN_POINT('Ctrl Pts',(272.554646965212,94.5092265077346,-1.91892324024084));
#7669=CARTESIAN_POINT('Ctrl Pts',(272.574784800011,94.5221656587524,-1.87579273684807));
#7670=CARTESIAN_POINT('Ctrl Pts',(272.598171593748,94.530313365124,-1.82373007704658));
#7671=CARTESIAN_POINT('Ctrl Pts',(272.616069403484,94.530313365124,-1.77524929745778));
#7672=CARTESIAN_POINT('',(272.554646965212,94.9442700830329,-0.468777989246339));
#7673=CARTESIAN_POINT('Origin',(272.554646965212,94.530313365124,-1.50062349864571));
#7674=CARTESIAN_POINT('Origin',(268.774217485198,92.7299034798069,-0.889795660725937));
#7675=CARTESIAN_POINT('',(268.774217485198,94.6455560502492,-1.46449143185861));
#7676=CARTESIAN_POINT('Ctrl Pts',(262.635284202832,94.2299034798067,-1.77661558184434));
#7677=CARTESIAN_POINT('Ctrl Pts',(262.635284202832,94.2299034798063,-1.80596934910906));
#7678=CARTESIAN_POINT('Ctrl Pts',(262.635284202832,94.2214687368498,-1.8340851589656));
#7679=CARTESIAN_POINT('Ctrl Pts',(262.635284202832,94.529903479807,-1.77661558184795));
#7680=CARTESIAN_POINT('Ctrl Pts',(262.635284202832,94.5299034798061,-1.84999999999959));
#7681=CARTESIAN_POINT('Ctrl Pts',(262.635284202832,94.5088166224178,-1.92028952463121));
#7682=CARTESIAN_POINT('Ctrl Pts',(262.335284202832,94.529903479807,-1.77661558184795));
#7683=CARTESIAN_POINT('Ctrl Pts',(262.335284202832,94.5299034798061,-1.8499999999996));
#7684=CARTESIAN_POINT('Ctrl Pts',(262.335284202832,94.5088166224178,-1.92028952463122));
#7685=CARTESIAN_POINT('',(262.635284202832,94.2214687368512,-1.83408515896122));
#7686=CARTESIAN_POINT('Origin',(262.335284202832,94.2214687368512,-1.83408515896122));
#7687=CARTESIAN_POINT('',(262.335284202832,94.5299034798069,-1.77661558184795));
#7688=CARTESIAN_POINT('Origin',(262.335284202832,94.0299034798069,-1.77661558184795));
#7689=CARTESIAN_POINT('',(262.635284202832,94.2299034798069,-1.77661558184795));
#7690=CARTESIAN_POINT('Origin',(262.335284202832,94.2299034798069,-1.77661558184795));
#7691=CARTESIAN_POINT('Origin',(262.635284202832,94.0299034798069,-1.77661558184795));
#7692=CARTESIAN_POINT('Origin',(262.335284202832,94.1044847469014,-2.22403179212688));
#7693=CARTESIAN_POINT('',(262.635284202832,94.0494534114056,-2.40746957711297));
#7694=CARTESIAN_POINT('',(262.635284202832,94.1044847469014,-2.22403179212688));
#7695=CARTESIAN_POINT('Origin',(262.335284202832,94.0494534114056,-2.40746957711297));
#7696=CARTESIAN_POINT('Ctrl Pts',(262.335284202832,93.8578881543618,-2.84999999999969));
#7697=CARTESIAN_POINT('Ctrl Pts',(262.335284202832,94.2299034798074,-2.84999999999998));
#7698=CARTESIAN_POINT('Ctrl Pts',(262.335284202832,94.3368012969719,-2.49367394278285));
#7699=CARTESIAN_POINT('Ctrl Pts',(262.635284202832,93.8578881543617,-2.85000000000003));
#7700=CARTESIAN_POINT('Ctrl Pts',(262.635284202833,94.2299034798079,-2.85000000000032));
#7701=CARTESIAN_POINT('Ctrl Pts',(262.635284202832,94.3368012969725,-2.49367394278272));
#7702=CARTESIAN_POINT('Ctrl Pts',(262.635284202832,93.8578881543617,-2.54999999999953));
#7703=CARTESIAN_POINT('Ctrl Pts',(262.635284202832,94.0066942845399,-2.54999999999965));
#7704=CARTESIAN_POINT('Ctrl Pts',(262.635284202832,94.0494534114056,-2.40746957711293));
#7705=CARTESIAN_POINT('',(262.635284202832,93.8578881543614,-2.5499999999997));
#7706=CARTESIAN_POINT('Origin',(262.335284202832,93.8578881543614,-2.5499999999997));
#7707=CARTESIAN_POINT('Origin',(262.635284202832,93.8578881543614,-2.3499999999997));
#7708=CARTESIAN_POINT('Origin',(262.335284202832,94.1985453965763,-2.5499999999997));
#7709=CARTESIAN_POINT('',(262.635284202832,93.7299034798069,-2.5499999999997));
#7710=CARTESIAN_POINT('',(262.635284202832,94.1985453965763,-2.5499999999997));
#7711=CARTESIAN_POINT('Origin',(262.335284202832,93.7299034798069,-2.5499999999997));
#7712=CARTESIAN_POINT('Origin',(262.335284202832,93.7299034798069,-3.3499999999997));
#7713=CARTESIAN_POINT('Origin',(262.635284202832,93.7299034798069,-3.3499999999997));
#7714=CARTESIAN_POINT('Origin',(262.335284202832,93.6560308792268,-2.8499999999998));
#7715=CARTESIAN_POINT('',(262.635284202832,93.6560308792268,-2.8499999999998));
#7716=CARTESIAN_POINT('Origin',(257.96683501851,94.3373889624574,1.75));
#7717=CARTESIAN_POINT('',(257.96683501851,93.6716459103113,1.45000000000001));
#7718=CARTESIAN_POINT('Ctrl Pts',(257.96683501851,93.6716459103113,1.45));
#7719=CARTESIAN_POINT('Ctrl Pts',(257.927817883487,93.688674384087,1.45));
#7720=CARTESIAN_POINT('Ctrl Pts',(257.889039495721,93.711913136357,1.45796132147235));
#7721=CARTESIAN_POINT('Ctrl Pts',(257.821128557678,93.7660720555755,1.48522015933369));
#7722=CARTESIAN_POINT('Ctrl Pts',(257.791919648831,93.7969588587561,1.5043935242182));
#7723=CARTESIAN_POINT('Ctrl Pts',(257.735538199344,93.870953005498,1.55379421060846));
#7724=CARTESIAN_POINT('Ctrl Pts',(257.708928547248,93.9216854399995,1.59082832214385));
#7725=CARTESIAN_POINT('Ctrl Pts',(257.674587072575,94.0263418161667,1.66973459376243));
#7726=CARTESIAN_POINT('Ctrl Pts',(257.66683501851,94.0802882027143,1.71156817162059));
#7727=CARTESIAN_POINT('Ctrl Pts',(257.66683501851,94.1299034798069,1.75));
#7728=CARTESIAN_POINT('',(257.96683501851,94.3373889624574,1.45));
#7729=CARTESIAN_POINT('Origin',(267.894853287941,94.0299034798069,4.4500000000002));
#7730=CARTESIAN_POINT('',(271.654422373051,94.5299034798069,4.4500000000002));
#7731=CARTESIAN_POINT('Origin',(271.654422373051,94.0299034798069,4.4500000000002));
#7732=CARTESIAN_POINT('',(260.651059610671,94.5299034798069,4.4500000000002));
#7733=CARTESIAN_POINT('',(267.894853287941,94.5299034798069,4.4500000000002));
#7734=CARTESIAN_POINT('Origin',(260.651059610671,94.0299034798069,4.4500000000002));
#7735=CARTESIAN_POINT('',(267.894853287941,94.0299034798069,4.9500000000002));
#7736=CARTESIAN_POINT('Origin',(260.651059610671,94.6299034798069,4.9500000000002));
#7737=CARTESIAN_POINT('',(260.651059610671,94.5299034798069,-1.50198978303597));
#7738=CARTESIAN_POINT('',(260.651059610671,95.3740291081655,1.31176231149267));
#7739=CARTESIAN_POINT('',(260.651059610671,94.5299034798069,0.9000000000002));
#7740=CARTESIAN_POINT('Origin',(260.551059610671,95.3740291081655,1.31176231149267));
#7741=CARTESIAN_POINT('',(260.612482048943,94.5299034798069,-1.77661558184795));
#7742=CARTESIAN_POINT('Ctrl Pts',(260.551059610671,94.5088166224175,-1.92028952463112));
#7743=CARTESIAN_POINT('Ctrl Pts',(260.57119744547,94.5217557734353,-1.87715902123835));
#7744=CARTESIAN_POINT('Ctrl Pts',(260.594584239208,94.5299034798069,-1.82509636143688));
#7745=CARTESIAN_POINT('Ctrl Pts',(260.612482048943,94.5299034798069,-1.77661558184809));
#7746=CARTESIAN_POINT('Origin',(260.551059610671,94.5299034798069,-1.50198978303598));
#7747=CARTESIAN_POINT('Origin',(273.767170471874,94.0299034798069,-1.77661558184795));
#7748=CARTESIAN_POINT('',(273.767170471874,94.5299034798069,-1.77661558184795));
#7749=CARTESIAN_POINT('Origin',(273.767170471874,94.0299034798069,-1.77661558184795));
#7750=CARTESIAN_POINT('',(271.754422373051,94.5088166224175,-1.92028952463112));
#7751=CARTESIAN_POINT('',(269.97019778089,94.5088166224175,-1.92028952463113));
#7752=CARTESIAN_POINT('',(273.767170471874,94.5088166224175,-1.92028952463113));
#7753=CARTESIAN_POINT('',(269.97019778089,94.5299034798069,-1.77661558184795));
#7754=CARTESIAN_POINT('Origin',(269.97019778089,94.0299034798069,-1.77661558184795));
#7755=CARTESIAN_POINT('',(271.692999934779,94.5299034798069,-1.77661558184795));
#7756=CARTESIAN_POINT('',(273.767170471874,94.5299034798069,-1.77661558184795));
#7757=CARTESIAN_POINT('Ctrl Pts',(271.692999934779,94.5299034798069,-1.77661558184803));
#7758=CARTESIAN_POINT('Ctrl Pts',(271.710897744515,94.5299034798069,-1.82509636143685));
#7759=CARTESIAN_POINT('Ctrl Pts',(271.734284538252,94.5217557734353,-1.87715902123835));
#7760=CARTESIAN_POINT('Ctrl Pts',(271.754422373051,94.5088166224174,-1.92028952463112));
#7761=CARTESIAN_POINT('Origin',(271.754422373051,94.4942196244249,-1.62093596764256));
#7762=CARTESIAN_POINT('',(271.654422373051,94.5299034798069,-1.50198978303601));
#7763=CARTESIAN_POINT('Origin',(271.754422373051,94.5299034798069,-1.50198978303601));
#7764=CARTESIAN_POINT('',(271.654422373051,94.4942196244249,-1.62093596764256));
#7765=CARTESIAN_POINT('',(271.754422373051,94.5900022529471,-1.6496707561992));
#7766=CARTESIAN_POINT('Origin',(271.654422373051,94.6299034798069,-1.4432822485146));
#7767=CARTESIAN_POINT('',(271.654422373051,94.5299034798069,-2.2966411242572));
#7768=CARTESIAN_POINT('Origin',(262.335284202832,94.2299034798069,-2.9247499870294));
#7769=CARTESIAN_POINT('',(262.335284202832,94.5299034798069,1.35));
#7770=CARTESIAN_POINT('',(262.335284202832,94.5299034798069,-2.9247499870294));
#7771=CARTESIAN_POINT('',(262.635284202832,94.2299034798069,1.35));
#7772=CARTESIAN_POINT('Origin',(262.335284202832,94.2299034798069,1.35));
#7773=CARTESIAN_POINT('',(262.635284202832,94.2299034798069,-2.9247499870294));
#7774=CARTESIAN_POINT('Origin',(272.699274387793,91.8299035561008,3.7183957237118));
#7775=CARTESIAN_POINT('',(272.699274387793,91.8299035179519,3.7183957237118));
#7776=CARTESIAN_POINT('',(272.699274387793,91.8299035179519,3.7850927423316));
#7777=CARTESIAN_POINT('',(272.699274387793,91.8299034798069,0.284197861855997));
#7778=CARTESIAN_POINT('',(272.699274387793,91.8299035561008,3.7183957237118));
#7779=CARTESIAN_POINT('',(272.699274387793,91.8299035561008,3.7850927423316));
#7780=CARTESIAN_POINT('Ctrl Pts',(273.324014751447,91.8299035561008,3.2719590552419));
#7781=CARTESIAN_POINT('Ctrl Pts',(273.324014751447,92.5465397161008,3.2719590552419));
#7782=CARTESIAN_POINT('Ctrl Pts',(272.979660883544,91.8299035561008,3.2726364857521));
#7783=CARTESIAN_POINT('Ctrl Pts',(272.979660883544,92.5465397161008,3.2726364857521));
#7784=CARTESIAN_POINT('Ctrl Pts',(272.697919526773,91.8299035561008,3.37267703257511));
#7785=CARTESIAN_POINT('Ctrl Pts',(272.697919526773,92.5465397161008,3.37267703257511));
#7786=CARTESIAN_POINT('Ctrl Pts',(272.699274387793,91.8299035561008,3.7183957237118));
#7787=CARTESIAN_POINT('Ctrl Pts',(272.699274387793,92.5465397161008,3.7183957237118));
#7788=CARTESIAN_POINT('',(273.324014751447,91.8299035551589,3.2719590552419));
#7789=CARTESIAN_POINT('Ctrl Pts',(273.324014751447,91.8299035561008,3.2719590552419));
#7790=CARTESIAN_POINT('Ctrl Pts',(272.979660883544,91.8299035561008,3.2726364857521));
#7791=CARTESIAN_POINT('Ctrl Pts',(272.697919526773,91.8299035561008,3.37267703257511));
#7792=CARTESIAN_POINT('Ctrl Pts',(272.699274387793,91.8299035561008,3.7183957237118));
#7793=CARTESIAN_POINT('',(273.324014751447,91.8299035561008,3.2719590552419));
#7794=CARTESIAN_POINT('Ctrl Pts',(273.948067722377,91.8299035561008,3.7183957237118));
#7795=CARTESIAN_POINT('Ctrl Pts',(273.948067722377,92.5465397161008,3.7183957237118));
#7796=CARTESIAN_POINT('Ctrl Pts',(273.949422583398,91.8299035561008,3.37267703257511));
#7797=CARTESIAN_POINT('Ctrl Pts',(273.949422583398,92.5465397161008,3.37267703257511));
#7798=CARTESIAN_POINT('Ctrl Pts',(273.667691188839,91.8299035561008,3.2726364857521));
#7799=CARTESIAN_POINT('Ctrl Pts',(273.667691188839,92.5465397161008,3.2726364857521));
#7800=CARTESIAN_POINT('Ctrl Pts',(273.324014751447,91.8299035561008,3.2719590552419));
#7801=CARTESIAN_POINT('Ctrl Pts',(273.324014751447,92.5465397161008,3.2719590552419));
#7802=CARTESIAN_POINT('',(273.948067722377,91.8299035179519,3.7183957237118));
#7803=CARTESIAN_POINT('Ctrl Pts',(273.948067722377,91.8299035561008,3.7183957237118));
#7804=CARTESIAN_POINT('Ctrl Pts',(273.949422583398,91.8299035561008,3.37267703257511));
#7805=CARTESIAN_POINT('Ctrl Pts',(273.667691188839,91.8299035561008,3.2726364857521));
#7806=CARTESIAN_POINT('Ctrl Pts',(273.324014751447,91.8299035561008,3.2719590552419));
#7807=CARTESIAN_POINT('',(273.948067722377,91.8299035561008,3.7183957237118));
#7808=CARTESIAN_POINT('Origin',(273.948067722377,91.8299035561008,3.7850927423316));
#7809=CARTESIAN_POINT('',(273.948067722377,91.8299035179519,3.7850927423316));
#7810=CARTESIAN_POINT('',(273.948067722377,91.8299034798069,0.3175463711659));
#7811=CARTESIAN_POINT('',(273.948067722377,91.8299035561008,3.7850927423316));
#7812=CARTESIAN_POINT('Ctrl Pts',(273.324014751447,91.8299035561008,4.2315294108015));
#7813=CARTESIAN_POINT('Ctrl Pts',(273.324014751447,92.5465397161008,4.2315294108015));
#7814=CARTESIAN_POINT('Ctrl Pts',(273.66836861935,91.8299035561008,4.2315294108015));
#7815=CARTESIAN_POINT('Ctrl Pts',(273.66836861935,92.5465397161008,4.2315294108015));
#7816=CARTESIAN_POINT('Ctrl Pts',(273.948067722377,91.8299035561008,4.1308014712549));
#7817=CARTESIAN_POINT('Ctrl Pts',(273.948067722377,92.5465397161008,4.1308014712549));
#7818=CARTESIAN_POINT('Ctrl Pts',(273.948067722377,91.8299035561008,3.7850927423316));
#7819=CARTESIAN_POINT('Ctrl Pts',(273.948067722377,92.5465397161008,3.7850927423316));
#7820=CARTESIAN_POINT('',(273.324014751447,91.8299035551589,4.2315294108015));
#7821=CARTESIAN_POINT('Ctrl Pts',(273.324014751447,91.8299035561008,4.2315294108015));
#7822=CARTESIAN_POINT('Ctrl Pts',(273.66836861935,91.8299035561008,4.2315294108015));
#7823=CARTESIAN_POINT('Ctrl Pts',(273.948067722377,91.8299035561008,4.1308014712549));
#7824=CARTESIAN_POINT('Ctrl Pts',(273.948067722377,91.8299035561008,3.7850927423316));
#7825=CARTESIAN_POINT('',(273.324014751447,91.8299035561008,4.2315294108015));
#7826=CARTESIAN_POINT('Ctrl Pts',(272.699274387793,91.8299035561008,3.7850927423316));
#7827=CARTESIAN_POINT('Ctrl Pts',(272.699274387793,92.5465397161008,3.7850927423316));
#7828=CARTESIAN_POINT('Ctrl Pts',(272.697919526773,91.8299035561008,4.13148886397861));
#7829=CARTESIAN_POINT('Ctrl Pts',(272.697919526773,92.5465397161008,4.13148886397861));
#7830=CARTESIAN_POINT('Ctrl Pts',(272.979660883544,91.8299035561008,4.2308420180778));
#7831=CARTESIAN_POINT('Ctrl Pts',(272.979660883544,92.5465397161008,4.2308420180778));
#7832=CARTESIAN_POINT('Ctrl Pts',(273.324014751447,91.8299035561008,4.2315294108015));
#7833=CARTESIAN_POINT('Ctrl Pts',(273.324014751447,92.5465397161008,4.2315294108015));
#7834=CARTESIAN_POINT('Ctrl Pts',(272.699274387793,91.8299035561008,3.7850927423316));
#7835=CARTESIAN_POINT('Ctrl Pts',(272.697919526773,91.8299035561008,4.13148886397861));
#7836=CARTESIAN_POINT('Ctrl Pts',(272.979660883544,91.8299035561008,4.2308420180778));
#7837=CARTESIAN_POINT('Ctrl Pts',(273.324014751447,91.8299035561008,4.2315294108015));
#7838=CARTESIAN_POINT('Ctrl Pts',(260.86662838173,91.8299034798069,2.5189836297584));
#7839=CARTESIAN_POINT('Ctrl Pts',(260.86662838173,92.5465410066811,2.5189836297584));
#7840=CARTESIAN_POINT('Ctrl Pts',(260.830639918554,91.8299034798069,2.51898348863969));
#7841=CARTESIAN_POINT('Ctrl Pts',(260.830639918554,92.5465410066811,2.51898348863969));
#7842=CARTESIAN_POINT('Ctrl Pts',(260.79308476009,91.8299034798069,2.5356081298062));
#7843=CARTESIAN_POINT('Ctrl Pts',(260.79308476009,92.5465410066811,2.5356081298062));
#7844=CARTESIAN_POINT('',(260.86662838173,91.8299036705406,2.51898362975843));
#7845=CARTESIAN_POINT('',(260.79308476009,91.8299036705406,2.53560812980619));
#7846=CARTESIAN_POINT('Origin',(260.777227465641,91.8299034798069,3.0857627514048));
#7847=CARTESIAN_POINT('',(260.86662838173,91.8299038612764,2.5189836297584));
#7848=CARTESIAN_POINT('',(260.79308476009,91.8299038612764,2.5356081298062));
#7849=CARTESIAN_POINT('Ctrl Pts',(261.003503432123,91.8299038612764,2.621343051481));
#7850=CARTESIAN_POINT('Ctrl Pts',(261.003503432123,92.5465400212764,2.621343051481));
#7851=CARTESIAN_POINT('Ctrl Pts',(260.978962503481,91.8299038612764,2.5562700084371));
#7852=CARTESIAN_POINT('Ctrl Pts',(260.978962503481,92.5465400212764,2.5562700084371));
#7853=CARTESIAN_POINT('Ctrl Pts',(260.929089003338,91.8299038612764,2.5189836297584));
#7854=CARTESIAN_POINT('Ctrl Pts',(260.929089003338,92.5465400212764,2.5189836297584));
#7855=CARTESIAN_POINT('Ctrl Pts',(260.86662838173,91.8299038612764,2.5189836297584));
#7856=CARTESIAN_POINT('Ctrl Pts',(260.86662838173,92.5465400212764,2.5189836297584));
#7857=CARTESIAN_POINT('',(261.003503432123,91.8299038607531,2.62134305148086));
#7858=CARTESIAN_POINT('Origin',(260.790594159626,91.8299038612764,2.81799020134319));
#7859=CARTESIAN_POINT('',(261.003503432123,91.8299038612764,2.621343051481));
#7860=CARTESIAN_POINT('Ctrl Pts',(260.941913617661,91.8299038612764,2.9326961880903));
#7861=CARTESIAN_POINT('Ctrl Pts',(260.941913617661,92.5465400212764,2.9326961880903));
#7862=CARTESIAN_POINT('Ctrl Pts',(260.994082882096,91.8299038612764,2.83160339494271));
#7863=CARTESIAN_POINT('Ctrl Pts',(260.994082882096,92.5465400212764,2.83160339494271));
#7864=CARTESIAN_POINT('Ctrl Pts',(261.045223010814,91.8299038612764,2.7324897089432));
#7865=CARTESIAN_POINT('Ctrl Pts',(261.045223010814,92.5465400212764,2.7324897089432));
#7866=CARTESIAN_POINT('Ctrl Pts',(261.003503432123,91.8299038612764,2.621343051481));
#7867=CARTESIAN_POINT('Ctrl Pts',(261.003503432123,92.5465400212764,2.621343051481));
#7868=CARTESIAN_POINT('',(260.941913617661,91.8299036705406,2.93269618809037));
#7869=CARTESIAN_POINT('Ctrl Pts',(260.941913617661,91.8299038612764,2.9326961880903));
#7870=CARTESIAN_POINT('Ctrl Pts',(260.994082882096,91.8299038612764,2.83160339494271));
#7871=CARTESIAN_POINT('Ctrl Pts',(261.045223010814,91.8299038612764,2.7324897089432));
#7872=CARTESIAN_POINT('Ctrl Pts',(261.003503432123,91.8299038612764,2.621343051481));
#7873=CARTESIAN_POINT('',(260.941913617661,91.8299038612764,2.9326961880903));
#7874=CARTESIAN_POINT('Ctrl Pts',(260.728724195619,91.8299034798069,3.3084890534558));
#7875=CARTESIAN_POINT('Ctrl Pts',(260.728724195619,92.5465410066811,3.3084890534558));
#7876=CARTESIAN_POINT('Ctrl Pts',(260.842538529383,91.8299034798069,3.12533992383707));
#7877=CARTESIAN_POINT('Ctrl Pts',(260.842538529383,92.5465410066811,3.12533992383707));
#7878=CARTESIAN_POINT('Ctrl Pts',(260.941913617661,91.8299034798069,2.9326961880903));
#7879=CARTESIAN_POINT('Ctrl Pts',(260.941913617661,92.5465410066811,2.9326961880903));
#7880=CARTESIAN_POINT('',(260.728724195619,91.8299034798069,3.3084890534558));
#7881=CARTESIAN_POINT('Origin',(260.468174128026,91.8299034798069,2.87917453087211));
#7882=CARTESIAN_POINT('',(260.728724195619,91.8299038612764,3.3084890534558));
#7883=CARTESIAN_POINT('Ctrl Pts',(260.427345759038,91.8299034798069,3.7440509547079));
#7884=CARTESIAN_POINT('Ctrl Pts',(260.427345759038,92.5465410066811,3.7440509547079));
#7885=CARTESIAN_POINT('Ctrl Pts',(260.59343840157,91.8299034798069,3.52621095521193));
#7886=CARTESIAN_POINT('Ctrl Pts',(260.59343840157,92.5465410066811,3.52621095521193));
#7887=CARTESIAN_POINT('Ctrl Pts',(260.728724195619,91.8299034798069,3.3084890534558));
#7888=CARTESIAN_POINT('Ctrl Pts',(260.728724195619,92.5465410066811,3.3084890534558));
#7889=CARTESIAN_POINT('',(260.427345759038,91.8299036705406,3.74405095470791));
#7890=CARTESIAN_POINT('Origin',(259.703643858735,91.8299034798069,3.5296219735321));
#7891=CARTESIAN_POINT('',(260.427345759038,91.8299038612764,3.7440509547079));
#7892=CARTESIAN_POINT('Ctrl Pts',(260.512526530712,91.8299038612764,3.7412802047001));
#7893=CARTESIAN_POINT('Ctrl Pts',(260.512526530712,92.5465400212764,3.7412802047001));
#7894=CARTESIAN_POINT('Ctrl Pts',(260.484027387773,91.8299038612764,3.742784326133));
#7895=CARTESIAN_POINT('Ctrl Pts',(260.484027387773,92.5465400212764,3.742784326133));
#7896=CARTESIAN_POINT('Ctrl Pts',(260.45560740912,91.8299038612764,3.743655133278));
#7897=CARTESIAN_POINT('Ctrl Pts',(260.45560740912,92.5465400212764,3.743655133278));
#7898=CARTESIAN_POINT('Ctrl Pts',(260.427345759038,91.8299038612764,3.7440509547079));
#7899=CARTESIAN_POINT('Ctrl Pts',(260.427345759038,92.5465400212764,3.7440509547079));
#7900=CARTESIAN_POINT('',(260.512526530712,91.8299036705406,3.74128020470008));
#7901=CARTESIAN_POINT('Ctrl Pts',(260.512526530712,91.8299038612764,3.7412802047001));
#7902=CARTESIAN_POINT('Ctrl Pts',(260.484027387773,91.8299038612764,3.742784326133));
#7903=CARTESIAN_POINT('Ctrl Pts',(260.45560740912,91.8299038612764,3.743655133278));
#7904=CARTESIAN_POINT('Ctrl Pts',(260.427345759038,91.8299038612764,3.7440509547079));
#7905=CARTESIAN_POINT('',(260.512526530712,91.8299038612764,3.7412802047001));
#7906=CARTESIAN_POINT('Origin',(260.521392930738,91.8299038612764,3.741042711842));
#7907=CARTESIAN_POINT('',(260.521392930738,91.8299036705406,3.74104271184198));
#7908=CARTESIAN_POINT('',(260.386501506485,91.8299034798069,3.7446558749955));
#7909=CARTESIAN_POINT('',(260.521392930738,91.8299038612764,3.741042711842));
#7910=CARTESIAN_POINT('Ctrl Pts',(260.651697345398,91.8299038612764,3.8738012193667));
#7911=CARTESIAN_POINT('Ctrl Pts',(260.651697345398,92.5465400212764,3.8738012193667));
#7912=CARTESIAN_POINT('Ctrl Pts',(260.650034895393,91.8299038612764,3.80983647632591));
#7913=CARTESIAN_POINT('Ctrl Pts',(260.650034895393,92.5465400212764,3.80983647632591));
#7914=CARTESIAN_POINT('Ctrl Pts',(260.608552809559,91.8299038612764,3.741042711842));
#7915=CARTESIAN_POINT('Ctrl Pts',(260.608552809559,92.5465400212764,3.741042711842));
#7916=CARTESIAN_POINT('Ctrl Pts',(260.521392930738,91.8299038612764,3.741042711842));
#7917=CARTESIAN_POINT('Ctrl Pts',(260.521392930738,92.5465400212764,3.741042711842));
#7918=CARTESIAN_POINT('',(260.651697345398,91.8299038607531,3.8738012193667));
#7919=CARTESIAN_POINT('Ctrl Pts',(260.651697345398,91.8299038612764,3.8738012193667));
#7920=CARTESIAN_POINT('Ctrl Pts',(260.650034895393,91.8299038612764,3.80983647632591));
#7921=CARTESIAN_POINT('Ctrl Pts',(260.608552809559,91.8299038612764,3.741042711842));
#7922=CARTESIAN_POINT('Ctrl Pts',(260.521392930738,91.8299038612764,3.741042711842));
#7923=CARTESIAN_POINT('',(260.651697345398,91.8299038612764,3.8738012193667));
#7924=CARTESIAN_POINT('Ctrl Pts',(260.513318173572,91.8299038612764,4.0289632198126));
#7925=CARTESIAN_POINT('Ctrl Pts',(260.513318173572,92.5465400212764,4.0289632198126));
#7926=CARTESIAN_POINT('Ctrl Pts',(260.606732030982,91.8299038612764,4.0241341983704));
#7927=CARTESIAN_POINT('Ctrl Pts',(260.606732030982,92.5465400212764,4.0241341983704));
#7928=CARTESIAN_POINT('Ctrl Pts',(260.65359728826,91.8299038612764,3.9471865124347));
#7929=CARTESIAN_POINT('Ctrl Pts',(260.65359728826,92.5465400212764,3.9471865124347));
#7930=CARTESIAN_POINT('Ctrl Pts',(260.651697345398,91.8299038612764,3.8738012193667));
#7931=CARTESIAN_POINT('Ctrl Pts',(260.651697345398,92.5465400212764,3.8738012193667));
#7932=CARTESIAN_POINT('',(260.513318173572,91.8299038607531,4.0289632198126));
#7933=CARTESIAN_POINT('Ctrl Pts',(260.513318173572,91.8299038612764,4.0289632198126));
#7934=CARTESIAN_POINT('Ctrl Pts',(260.606732030982,91.8299038612764,4.0241341983704));
#7935=CARTESIAN_POINT('Ctrl Pts',(260.65359728826,91.8299038612764,3.9471865124347));
#7936=CARTESIAN_POINT('Ctrl Pts',(260.651697345398,91.8299038612764,3.8738012193667));
#7937=CARTESIAN_POINT('',(260.513318173572,91.8299038612764,4.0289632198126));
#7938=CARTESIAN_POINT('Ctrl Pts',(260.138791936781,91.8299038612764,4.0186718626403));
#7939=CARTESIAN_POINT('Ctrl Pts',(260.138791936781,92.5465400212764,4.0186718626403));
#7940=CARTESIAN_POINT('Ctrl Pts',(260.186909376308,91.8299038612764,4.0238385344849));
#7941=CARTESIAN_POINT('Ctrl Pts',(260.186909376308,92.5465400212764,4.0238385344849));
#7942=CARTESIAN_POINT('Ctrl Pts',(260.234158598583,91.8299038612764,4.0274237956931));
#7943=CARTESIAN_POINT('Ctrl Pts',(260.234158598583,92.5465400212764,4.0274237956931));
#7944=CARTESIAN_POINT('Ctrl Pts',(260.277500516124,91.8299038612764,4.0295173290943));
#7945=CARTESIAN_POINT('Ctrl Pts',(260.277500516124,92.5465400212764,4.0295173290943));
#7946=CARTESIAN_POINT('Ctrl Pts',(260.310027251615,91.8299038612764,4.0310884595622));
#7947=CARTESIAN_POINT('Ctrl Pts',(260.310027251615,92.5465400212764,4.0310884595622));
#7948=CARTESIAN_POINT('Ctrl Pts',(260.340365161303,91.8299038612764,4.0318450678083));
#7949=CARTESIAN_POINT('Ctrl Pts',(260.340365161303,92.5465400212764,4.0318450678083));
#7950=CARTESIAN_POINT('Ctrl Pts',(260.36701985294,91.8299038612764,4.03210040531531));
#7951=CARTESIAN_POINT('Ctrl Pts',(260.36701985294,92.5465400212764,4.03210040531531));
#7952=CARTESIAN_POINT('Ctrl Pts',(260.373952201402,91.8299038612764,4.0321668134583));
#7953=CARTESIAN_POINT('Ctrl Pts',(260.373952201402,92.5465400212764,4.0321668134583));
#7954=CARTESIAN_POINT('Ctrl Pts',(260.381453432093,91.8299038612764,4.03220895553621));
#7955=CARTESIAN_POINT('Ctrl Pts',(260.381453432093,92.5465400212764,4.03220895553621));
#7956=CARTESIAN_POINT('Ctrl Pts',(260.389742723216,91.8299038612764,4.03220895553621));
#7957=CARTESIAN_POINT('Ctrl Pts',(260.389742723216,92.5465400212764,4.03220895553621));
#7958=CARTESIAN_POINT('Ctrl Pts',(260.422439880324,91.8299038612764,4.03220895553621));
#7959=CARTESIAN_POINT('Ctrl Pts',(260.422439880324,92.5465400212764,4.03220895553621));
#7960=CARTESIAN_POINT('Ctrl Pts',(260.476229511713,91.8299038612764,4.0309488460687));
#7961=CARTESIAN_POINT('Ctrl Pts',(260.476229511713,92.5465400212764,4.0309488460687));
#7962=CARTESIAN_POINT('Ctrl Pts',(260.513318173572,91.8299038612764,4.0289632198126));
#7963=CARTESIAN_POINT('Ctrl Pts',(260.513318173572,92.5465400212764,4.0289632198126));
#7964=CARTESIAN_POINT('',(260.138791936781,91.8299038607531,4.01867186264029));
#7965=CARTESIAN_POINT('Ctrl Pts',(260.138791936781,91.8299038612764,4.0186718626403));
#7966=CARTESIAN_POINT('Ctrl Pts',(260.186909376308,91.8299038612764,4.0238385344849));
#7967=CARTESIAN_POINT('Ctrl Pts',(260.234158598583,91.8299038612764,4.0274237956931));
#7968=CARTESIAN_POINT('Ctrl Pts',(260.310027251615,91.8299038612764,4.0310884595622));
#7969=CARTESIAN_POINT('Ctrl Pts',(260.340365161303,91.8299038612764,4.0318450678083));
#7970=CARTESIAN_POINT('Ctrl Pts',(260.373952201402,91.8299038612764,4.0321668134583));
#7971=CARTESIAN_POINT('Ctrl Pts',(260.381453432093,91.8299038612764,4.03220895553621));
#7972=CARTESIAN_POINT('Ctrl Pts',(260.389742723216,91.8299038612764,4.03220895553621));
#7973=CARTESIAN_POINT('Ctrl Pts',(260.422439880324,91.8299038612764,4.03220895553621));
#7974=CARTESIAN_POINT('Ctrl Pts',(260.476229511713,91.8299038612764,4.0309488460687));
#7975=CARTESIAN_POINT('Ctrl Pts',(260.513318173572,91.8299038612764,4.0289632198126));
#7976=CARTESIAN_POINT('',(260.138791936781,91.8299038612764,4.0186718626403));
#7977=CARTESIAN_POINT('Ctrl Pts',(260.008566686406,91.8299038612764,3.926049648088));
#7978=CARTESIAN_POINT('Ctrl Pts',(260.008566686406,92.5465400212764,3.926049648088));
#7979=CARTESIAN_POINT('Ctrl Pts',(260.029307729323,91.8299038612764,3.9774272696647));
#7980=CARTESIAN_POINT('Ctrl Pts',(260.029307729323,92.5465400212764,3.9774272696647));
#7981=CARTESIAN_POINT('Ctrl Pts',(260.077914600891,91.8299038612764,4.01210122690711));
#7982=CARTESIAN_POINT('Ctrl Pts',(260.077914600891,92.5465400212764,4.01210122690711));
#7983=CARTESIAN_POINT('Ctrl Pts',(260.138791936781,91.8299038612764,4.0186718626403));
#7984=CARTESIAN_POINT('Ctrl Pts',(260.138791936781,92.5465400212764,4.0186718626403));
#7985=CARTESIAN_POINT('',(260.008566686406,91.8299038607531,3.92604964808772));
#7986=CARTESIAN_POINT('Origin',(260.188750850328,91.8299038612764,3.8432556933147));
#7987=CARTESIAN_POINT('',(260.008566686406,91.8299038612764,3.926049648088));
#7988=CARTESIAN_POINT('Ctrl Pts',(260.037540815061,91.8299038612764,3.77357923336381));
#7989=CARTESIAN_POINT('Ctrl Pts',(260.037540815061,92.5465400212764,3.77357923336381));
#7990=CARTESIAN_POINT('Ctrl Pts',(259.999304464951,91.8299038612764,3.8190986977808));
#7991=CARTESIAN_POINT('Ctrl Pts',(259.999304464951,92.5465400212764,3.8190986977808));
#7992=CARTESIAN_POINT('Ctrl Pts',(259.988458957777,91.8299038612764,3.8760969836584));
#7993=CARTESIAN_POINT('Ctrl Pts',(259.988458957777,92.5465400212764,3.8760969836584));
#7994=CARTESIAN_POINT('Ctrl Pts',(260.008566686406,91.8299038612764,3.926049648088));
#7995=CARTESIAN_POINT('Ctrl Pts',(260.008566686406,92.5465400212764,3.926049648088));
#7996=CARTESIAN_POINT('',(260.037540815061,91.8299036705406,3.77357923336384));
#7997=CARTESIAN_POINT('Origin',(260.19015016196,91.8299038612764,3.86244036811751));
#7998=CARTESIAN_POINT('',(260.037540815061,91.8299038612764,3.77357923336381));
#7999=CARTESIAN_POINT('Ctrl Pts',(260.037540815061,91.8299034798069,3.77357923336381));
#8000=CARTESIAN_POINT('Ctrl Pts',(260.037540815061,92.5465410066811,3.77357923336381));
#8001=CARTESIAN_POINT('Ctrl Pts',(260.253204472958,91.8299034798069,3.5162628470918));
#8002=CARTESIAN_POINT('Ctrl Pts',(260.253204472958,92.5465410066811,3.5162628470918));
#8003=CARTESIAN_POINT('Ctrl Pts',(260.429245701901,91.8299034798069,3.2437326675556));
#8004=CARTESIAN_POINT('Ctrl Pts',(260.429245701901,92.5465410066811,3.2437326675556));
#8005=CARTESIAN_POINT('',(260.429245701901,91.8299034798069,3.2437326675556));
#8006=CARTESIAN_POINT('Origin',(259.193965216753,91.8299034798069,3.10954757277661));
#8007=CARTESIAN_POINT('',(260.429245701901,91.8299038612764,3.2437326675556));
#8008=CARTESIAN_POINT('Ctrl Pts',(260.429245701901,91.8299034798069,3.2437326675556));
#8009=CARTESIAN_POINT('Ctrl Pts',(260.429245701901,92.5465410066811,3.2437326675556));
#8010=CARTESIAN_POINT('Ctrl Pts',(260.514039859858,91.8299034798069,3.11269781223114));
#8011=CARTESIAN_POINT('Ctrl Pts',(260.514039859858,92.5465410066811,3.11269781223114));
#8012=CARTESIAN_POINT('Ctrl Pts',(260.590582516651,91.8299034798069,2.9777406667909));
#8013=CARTESIAN_POINT('Ctrl Pts',(260.590582516651,92.5465410066811,2.9777406667909));
#8014=CARTESIAN_POINT('',(260.590582516651,91.8299036705406,2.97774066679078));
#8015=CARTESIAN_POINT('Origin',(260.285585402797,91.8299034798069,3.00410367389699));
#8016=CARTESIAN_POINT('',(260.590582516651,91.8299038612764,2.9777406667909));
#8017=CARTESIAN_POINT('Ctrl Pts',(260.62328715066,91.8299038612764,2.9256028527277));
#8018=CARTESIAN_POINT('Ctrl Pts',(260.62328715066,92.5465400212764,2.9256028527277));
#8019=CARTESIAN_POINT('Ctrl Pts',(260.613210559714,91.8299038612764,2.9412575565187));
#8020=CARTESIAN_POINT('Ctrl Pts',(260.613210559714,92.5465400212764,2.9412575565187));
#8021=CARTESIAN_POINT('Ctrl Pts',(260.609540064345,91.8299038612764,2.9469686628781));
#8022=CARTESIAN_POINT('Ctrl Pts',(260.609540064345,92.5465400212764,2.9469686628781));
#8023=CARTESIAN_POINT('Ctrl Pts',(260.600845391121,91.8299038612764,2.9606470333477));
#8024=CARTESIAN_POINT('Ctrl Pts',(260.600845391121,92.5465400212764,2.9606470333477));
#8025=CARTESIAN_POINT('Ctrl Pts',(260.594801741759,91.8299038612764,2.9702949754243));
#8026=CARTESIAN_POINT('Ctrl Pts',(260.594801741759,92.5465400212764,2.9702949754243));
#8027=CARTESIAN_POINT('Ctrl Pts',(260.590582516651,91.8299038612764,2.9777406667909));
#8028=CARTESIAN_POINT('Ctrl Pts',(260.590582516651,92.5465400212764,2.9777406667909));
#8029=CARTESIAN_POINT('',(260.62328715066,91.8299038607531,2.9256028527277));
#8030=CARTESIAN_POINT('Ctrl Pts',(260.62328715066,91.8299038612764,2.9256028527277));
#8031=CARTESIAN_POINT('Ctrl Pts',(260.613210559714,91.8299038612764,2.9412575565187));
#8032=CARTESIAN_POINT('Ctrl Pts',(260.609540064345,91.8299038612764,2.9469686628781));
#8033=CARTESIAN_POINT('Ctrl Pts',(260.600845391121,91.8299038612764,2.9606470333477));
#8034=CARTESIAN_POINT('Ctrl Pts',(260.594801741759,91.8299038612764,2.9702949754243));
#8035=CARTESIAN_POINT('Ctrl Pts',(260.590582516651,91.8299038612764,2.9777406667909));
#8036=CARTESIAN_POINT('',(260.62328715066,91.8299038612764,2.9256028527277));
#8037=CARTESIAN_POINT('Ctrl Pts',(258.588201068038,91.8299038612764,4.2108827489071));
#8038=CARTESIAN_POINT('Ctrl Pts',(258.588201068038,92.5465400212764,4.2108827489071));
#8039=CARTESIAN_POINT('Ctrl Pts',(259.170118831972,91.8299038612764,3.6149533614906));
#8040=CARTESIAN_POINT('Ctrl Pts',(259.170118831972,92.5465400212764,3.6149533614906));
#8041=CARTESIAN_POINT('Ctrl Pts',(259.91130479226,91.8299038612764,3.2483480122647));
#8042=CARTESIAN_POINT('Ctrl Pts',(259.91130479226,92.5465400212764,3.2483480122647));
#8043=CARTESIAN_POINT('Ctrl Pts',(260.62328715066,91.8299038612764,2.9256028527277));
#8044=CARTESIAN_POINT('Ctrl Pts',(260.62328715066,92.5465400212764,2.9256028527277));
#8045=CARTESIAN_POINT('',(258.588201068038,91.8299038607531,4.2108827489071));
#8046=CARTESIAN_POINT('Ctrl Pts',(258.588201068038,91.8299038612764,4.2108827489071));
#8047=CARTESIAN_POINT('Ctrl Pts',(259.170118831972,91.8299038612764,3.6149533614906));
#8048=CARTESIAN_POINT('Ctrl Pts',(259.91130479226,91.8299038612764,3.2483480122647));
#8049=CARTESIAN_POINT('Ctrl Pts',(260.62328715066,91.8299038612764,2.9256028527277));
#8050=CARTESIAN_POINT('',(258.588201068038,91.8299038612764,4.2108827489071));
#8051=CARTESIAN_POINT('Ctrl Pts',(258.356408038801,91.8299038612764,4.1603759344754));
#8052=CARTESIAN_POINT('Ctrl Pts',(258.356408038801,92.5465400212764,4.1603759344754));
#8053=CARTESIAN_POINT('Ctrl Pts',(258.371856402489,91.8299038612764,4.196065223525));
#8054=CARTESIAN_POINT('Ctrl Pts',(258.371856402489,92.5465400212764,4.196065223525));
#8055=CARTESIAN_POINT('Ctrl Pts',(258.400669194518,91.8299038612764,4.2241782314709));
#8056=CARTESIAN_POINT('Ctrl Pts',(258.400669194518,92.5465400212764,4.2241782314709));
#8057=CARTESIAN_POINT('Ctrl Pts',(258.431181205168,91.8299038612764,4.2394991575375));
#8058=CARTESIAN_POINT('Ctrl Pts',(258.431181205168,92.5465400212764,4.2394991575375));
#8059=CARTESIAN_POINT('Ctrl Pts',(258.45034032539,91.8299038612764,4.24911948271959));
#8060=CARTESIAN_POINT('Ctrl Pts',(258.45034032539,92.5465400212764,4.24911948271959));
#8061=CARTESIAN_POINT('Ctrl Pts',(258.468816474991,91.8299038612764,4.25384776815879));
#8062=CARTESIAN_POINT('Ctrl Pts',(258.468816474991,92.5465400212764,4.25384776815879));
#8063=CARTESIAN_POINT('Ctrl Pts',(258.488343963505,91.8299038612764,4.25437850058199));
#8064=CARTESIAN_POINT('Ctrl Pts',(258.488343963505,92.5465400212764,4.25437850058199));
#8065=CARTESIAN_POINT('Ctrl Pts',(258.489422364723,91.8299038612764,4.25440781016221));
#8066=CARTESIAN_POINT('Ctrl Pts',(258.489422364723,92.5465400212764,4.25440781016221));
#8067=CARTESIAN_POINT('Ctrl Pts',(258.490514855425,91.8299038612764,4.25442310617471));
#8068=CARTESIAN_POINT('Ctrl Pts',(258.490514855425,92.5465400212764,4.25442310617471));
#8069=CARTESIAN_POINT('Ctrl Pts',(258.49162063919,91.8299038612764,4.25442310617471));
#8070=CARTESIAN_POINT('Ctrl Pts',(258.49162063919,92.5465400212764,4.25442310617471));
#8071=CARTESIAN_POINT('Ctrl Pts',(258.514563873699,91.8299038612764,4.25442310617471));
#8072=CARTESIAN_POINT('Ctrl Pts',(258.514563873699,92.5465400212764,4.25442310617471));
#8073=CARTESIAN_POINT('Ctrl Pts',(258.545403767447,91.8299038612764,4.2455567636914));
#8074=CARTESIAN_POINT('Ctrl Pts',(258.545403767447,92.5465400212764,4.2455567636914));
#8075=CARTESIAN_POINT('Ctrl Pts',(258.569645220262,91.8299038612764,4.2272684552481));
#8076=CARTESIAN_POINT('Ctrl Pts',(258.569645220262,92.5465400212764,4.2272684552481));
#8077=CARTESIAN_POINT('Ctrl Pts',(258.576357775709,91.8299038612764,4.2222043493388));
#8078=CARTESIAN_POINT('Ctrl Pts',(258.576357775709,92.5465400212764,4.2222043493388));
#8079=CARTESIAN_POINT('Ctrl Pts',(258.582601829719,91.8299038612764,4.2166096051942));
#8080=CARTESIAN_POINT('Ctrl Pts',(258.582601829719,92.5465400212764,4.2166096051942));
#8081=CARTESIAN_POINT('Ctrl Pts',(258.588201068038,91.8299038612764,4.2108827489071));
#8082=CARTESIAN_POINT('Ctrl Pts',(258.588201068038,92.5465400212764,4.2108827489071));
#8083=CARTESIAN_POINT('',(258.356408038801,91.8299038607531,4.16037593447543));
#8084=CARTESIAN_POINT('Ctrl Pts',(258.356408038801,91.8299038612764,4.1603759344754));
#8085=CARTESIAN_POINT('Ctrl Pts',(258.371856402489,91.8299038612764,4.196065223525));
#8086=CARTESIAN_POINT('Ctrl Pts',(258.400669194518,91.8299038612764,4.2241782314709));
#8087=CARTESIAN_POINT('Ctrl Pts',(258.45034032539,91.8299038612764,4.24911948271959));
#8088=CARTESIAN_POINT('Ctrl Pts',(258.468816474991,91.8299038612764,4.25384776815879));
#8089=CARTESIAN_POINT('Ctrl Pts',(258.489422364723,91.8299038612764,4.25440781016221));
#8090=CARTESIAN_POINT('Ctrl Pts',(258.490514855425,91.8299038612764,4.25442310617471));
#8091=CARTESIAN_POINT('Ctrl Pts',(258.49162063919,91.8299038612764,4.25442310617471));
#8092=CARTESIAN_POINT('Ctrl Pts',(258.514563873699,91.8299038612764,4.25442310617471));
#8093=CARTESIAN_POINT('Ctrl Pts',(258.545403767447,91.8299038612764,4.2455567636914));
#8094=CARTESIAN_POINT('Ctrl Pts',(258.576357775709,91.8299038612764,4.2222043493388));
#8095=CARTESIAN_POINT('Ctrl Pts',(258.582601829719,91.8299038612764,4.2166096051942));
#8096=CARTESIAN_POINT('Ctrl Pts',(258.588201068038,91.8299038612764,4.2108827489071));
#8097=CARTESIAN_POINT('',(258.356408038801,91.8299038612764,4.1603759344754));
#8098=CARTESIAN_POINT('Ctrl Pts',(258.38451136031,91.8299038612764,4.0076680268941));
#8099=CARTESIAN_POINT('Ctrl Pts',(258.38451136031,92.5465400212764,4.0076680268941));
#8100=CARTESIAN_POINT('Ctrl Pts',(258.343583424478,91.8299038612764,4.051525041306));
#8101=CARTESIAN_POINT('Ctrl Pts',(258.343583424478,92.5465400212764,4.051525041306));
#8102=CARTESIAN_POINT('Ctrl Pts',(258.333292067306,91.8299038612764,4.1071775343228));
#8103=CARTESIAN_POINT('Ctrl Pts',(258.333292067306,92.5465400212764,4.1071775343228));
#8104=CARTESIAN_POINT('Ctrl Pts',(258.356408038801,91.8299038612764,4.1603759344754));
#8105=CARTESIAN_POINT('Ctrl Pts',(258.356408038801,92.5465400212764,4.1603759344754));
#8106=CARTESIAN_POINT('',(258.38451136031,91.8299036705406,4.00766802689408));
#8107=CARTESIAN_POINT('Origin',(258.613273341092,91.8299038612764,4.119138813903));
#8108=CARTESIAN_POINT('',(258.38451136031,91.8299038612764,4.007668026894));
#8109=CARTESIAN_POINT('Ctrl Pts',(258.38451136031,91.8299034798069,4.0076680268941));
#8110=CARTESIAN_POINT('Ctrl Pts',(258.38451136031,92.5465410066811,4.0076680268941));
#8111=CARTESIAN_POINT('Ctrl Pts',(259.146776198885,91.8299034798069,3.19266931767726));
#8112=CARTESIAN_POINT('Ctrl Pts',(259.146776198885,92.5465410066811,3.19266931767726));
#8113=CARTESIAN_POINT('Ctrl Pts',(259.704813321248,91.8299034798069,2.2199801217558));
#8114=CARTESIAN_POINT('Ctrl Pts',(259.704813321248,92.5465410066811,2.2199801217558));
#8115=CARTESIAN_POINT('',(259.704813321248,91.8299034798069,2.2199801217558));
#8116=CARTESIAN_POINT('Origin',(253.592116127739,91.8299034798069,-1.09625417588941));
#8117=CARTESIAN_POINT('',(259.704813321248,91.8299038612764,2.2199801217558));
#8118=CARTESIAN_POINT('Ctrl Pts',(259.820472343009,91.8299034798069,2.1499197286975));
#8119=CARTESIAN_POINT('Ctrl Pts',(259.820472343009,92.5465410066811,2.1499197286975));
#8120=CARTESIAN_POINT('Ctrl Pts',(259.745053387923,91.8299034798069,2.1499131539812));
#8121=CARTESIAN_POINT('Ctrl Pts',(259.745053387923,92.5465410066811,2.1499131539812));
#8122=CARTESIAN_POINT('Ctrl Pts',(259.704813321248,91.8299034798069,2.2199801217558));
#8123=CARTESIAN_POINT('Ctrl Pts',(259.704813321248,92.5465410066811,2.2199801217558));
#8124=CARTESIAN_POINT('',(259.820472343009,91.8299034805907,2.14991972869751));
#8125=CARTESIAN_POINT('Origin',(259.887639362713,91.8299034798069,2.43393305383081));
#8126=CARTESIAN_POINT('',(259.820472343009,91.8299038612764,2.1499197286975));
#8127=CARTESIAN_POINT('Ctrl Pts',(259.955605779111,91.8299038612764,2.22813404320839));
#8128=CARTESIAN_POINT('Ctrl Pts',(259.955605779111,92.5465400212764,2.22813404320839));
#8129=CARTESIAN_POINT('Ctrl Pts',(259.928452429034,91.8299038612764,2.1813479502166));
#8130=CARTESIAN_POINT('Ctrl Pts',(259.928452429034,92.5465400212764,2.1813479502166));
#8131=CARTESIAN_POINT('Ctrl Pts',(259.874224893163,91.8299038612764,2.1499197286975));
#8132=CARTESIAN_POINT('Ctrl Pts',(259.874224893163,92.5465400212764,2.1499197286975));
#8133=CARTESIAN_POINT('Ctrl Pts',(259.820472343009,91.8299038612764,2.1499197286975));
#8134=CARTESIAN_POINT('Ctrl Pts',(259.820472343009,92.5465400212764,2.1499197286975));
#8135=CARTESIAN_POINT('',(259.955605779111,91.8299034805907,2.22813404320829));
#8136=CARTESIAN_POINT('Ctrl Pts',(259.955605779111,91.8299038612764,2.22813404320839));
#8137=CARTESIAN_POINT('Ctrl Pts',(259.928452429034,91.8299038612764,2.1813479502166));
#8138=CARTESIAN_POINT('Ctrl Pts',(259.874224893163,91.8299038612764,2.1499197286975));
#8139=CARTESIAN_POINT('Ctrl Pts',(259.820472343009,91.8299038612764,2.1499197286975));
#8140=CARTESIAN_POINT('',(259.955605779111,91.8299038612764,2.22813404320839));
#8141=CARTESIAN_POINT('Ctrl Pts',(259.953389179105,91.8299034798069,2.3650882578871));
#8142=CARTESIAN_POINT('Ctrl Pts',(259.953389179105,92.5465410066811,2.3650882578871));
#8143=CARTESIAN_POINT('Ctrl Pts',(259.993933990081,91.8299034798069,2.29433320535301));
#8144=CARTESIAN_POINT('Ctrl Pts',(259.993933990081,92.5465410066811,2.29433320535301));
#8145=CARTESIAN_POINT('Ctrl Pts',(259.955605779111,91.8299034798069,2.22813404320839));
#8146=CARTESIAN_POINT('Ctrl Pts',(259.955605779111,92.5465410066811,2.22813404320839));
#8147=CARTESIAN_POINT('',(259.953389179105,91.8299034798069,2.3650882578871));
#8148=CARTESIAN_POINT('Origin',(259.679071318508,91.8299034798069,2.3125204103574));
#8149=CARTESIAN_POINT('',(259.953389179105,91.8299038612764,2.3650882578871));
#8150=CARTESIAN_POINT('Ctrl Pts',(259.395439291787,91.8299034798069,3.2293247675143));
#8151=CARTESIAN_POINT('Ctrl Pts',(259.395439291787,92.5465410066811,3.2293247675143));
#8152=CARTESIAN_POINT('Ctrl Pts',(259.698272450961,91.8299034798069,2.80948533898897));
#8153=CARTESIAN_POINT('Ctrl Pts',(259.698272450961,92.5465410066811,2.80948533898897));
#8154=CARTESIAN_POINT('Ctrl Pts',(259.953389179105,91.8299034798069,2.3650882578871));
#8155=CARTESIAN_POINT('Ctrl Pts',(259.953389179105,92.5465410066811,2.3650882578871));
#8156=CARTESIAN_POINT('',(259.395439291787,91.8299036705406,3.22932476751435));
#8157=CARTESIAN_POINT('Origin',(258.330994284695,91.8299034798069,2.1058044169615));
#8158=CARTESIAN_POINT('',(259.395439291787,91.8299038612764,3.2293247675143));
#8159=CARTESIAN_POINT('Ctrl Pts',(260.79308476009,91.8299038612764,2.5356081298062));
#8160=CARTESIAN_POINT('Ctrl Pts',(260.79308476009,92.5465400212764,2.5356081298062));
#8161=CARTESIAN_POINT('Ctrl Pts',(260.284850044343,91.8299038612764,2.76225548045741));
#8162=CARTESIAN_POINT('Ctrl Pts',(260.284850044343,92.5465400212764,2.76225548045741));
#8163=CARTESIAN_POINT('Ctrl Pts',(259.827676293029,91.8299038612764,2.97140752391631));
#8164=CARTESIAN_POINT('Ctrl Pts',(259.827676293029,92.5465400212764,2.97140752391631));
#8165=CARTESIAN_POINT('Ctrl Pts',(259.395439291787,91.8299038612764,3.2293247675143));
#8166=CARTESIAN_POINT('Ctrl Pts',(259.395439291787,92.5465400212764,3.2293247675143));
#8167=CARTESIAN_POINT('Ctrl Pts',(260.79308476009,91.8299038612764,2.5356081298062));
#8168=CARTESIAN_POINT('Ctrl Pts',(260.284850044343,91.8299038612764,2.76225548045741));
#8169=CARTESIAN_POINT('Ctrl Pts',(259.827676293029,91.8299038612764,2.97140752391631));
#8170=CARTESIAN_POINT('Ctrl Pts',(259.395439291787,91.8299038612764,3.2293247675143));
#8171=CARTESIAN_POINT('Ctrl Pts',(271.701628452672,91.8299035561008,3.740850552684));
#8172=CARTESIAN_POINT('Ctrl Pts',(271.701628452672,92.5465397161008,3.740850552684));
#8173=CARTESIAN_POINT('Ctrl Pts',(271.699586198928,91.8299035561008,3.5904510171946));
#8174=CARTESIAN_POINT('Ctrl Pts',(271.699586198928,92.5465397161008,3.5904510171946));
#8175=CARTESIAN_POINT('Ctrl Pts',(271.823446397957,91.8299035561008,3.5645891112443));
#8176=CARTESIAN_POINT('Ctrl Pts',(271.823446397957,92.5465397161008,3.5645891112443));
#8177=CARTESIAN_POINT('Ctrl Pts',(271.969761425958,91.8299035561008,3.5625468575002));
#8178=CARTESIAN_POINT('Ctrl Pts',(271.969761425958,92.5465397161008,3.5625468575002));
#8179=CARTESIAN_POINT('',(271.701628452672,91.8299035179519,3.740850552684));
#8180=CARTESIAN_POINT('',(271.969761425958,91.8299035551589,3.5625468575002));
#8181=CARTESIAN_POINT('Ctrl Pts',(271.701628452672,91.8299035561008,3.740850552684));
#8182=CARTESIAN_POINT('Ctrl Pts',(271.699586198928,91.8299035561008,3.5904510171946));
#8183=CARTESIAN_POINT('Ctrl Pts',(271.823446397957,91.8299035561008,3.5645891112443));
#8184=CARTESIAN_POINT('Ctrl Pts',(271.969761425958,91.8299035561008,3.5625468575002));
#8185=CARTESIAN_POINT('',(271.701628452672,91.8299035561008,3.740850552684));
#8186=CARTESIAN_POINT('',(271.969761425958,91.8299035561008,3.5625468575002));
#8187=CARTESIAN_POINT('Origin',(271.701628452672,91.8299035561008,3.7633153438696));
#8188=CARTESIAN_POINT('',(271.701628452672,91.8299035179519,3.7633153438696));
#8189=CARTESIAN_POINT('',(271.701628452672,91.8299034798069,0.3066576719349));
#8190=CARTESIAN_POINT('',(271.701628452672,91.8299035561008,3.7633153438696));
#8191=CARTESIAN_POINT('Ctrl Pts',(271.969761425958,91.8299035561008,3.9416190390535));
#8192=CARTESIAN_POINT('Ctrl Pts',(271.969761425958,92.5465397161008,3.9416190390535));
#8193=CARTESIAN_POINT('Ctrl Pts',(271.823446397957,91.8299035561008,3.9395767853093));
#8194=CARTESIAN_POINT('Ctrl Pts',(271.823446397957,92.5465397161008,3.9395767853093));
#8195=CARTESIAN_POINT('Ctrl Pts',(271.699586198928,91.8299035561008,3.9123500561252));
#8196=CARTESIAN_POINT('Ctrl Pts',(271.699586198928,92.5465397161008,3.9123500561252));
#8197=CARTESIAN_POINT('Ctrl Pts',(271.701628452672,91.8299035561008,3.7633153438696));
#8198=CARTESIAN_POINT('Ctrl Pts',(271.701628452672,92.5465397161008,3.7633153438696));
#8199=CARTESIAN_POINT('',(271.969761425958,91.8299035179519,3.9416190390535));
#8200=CARTESIAN_POINT('Ctrl Pts',(271.969761425958,91.8299035561008,3.9416190390535));
#8201=CARTESIAN_POINT('Ctrl Pts',(271.823446397957,91.8299035561008,3.9395767853093));
#8202=CARTESIAN_POINT('Ctrl Pts',(271.699586198928,91.8299035561008,3.9123500561252));
#8203=CARTESIAN_POINT('Ctrl Pts',(271.701628452672,91.8299035561008,3.7633153438696));
#8204=CARTESIAN_POINT('',(271.969761425958,91.8299035561008,3.9416190390535));
#8205=CARTESIAN_POINT('Ctrl Pts',(271.969761425958,91.8299034798069,3.9416190390535));
#8206=CARTESIAN_POINT('Ctrl Pts',(271.969761425958,92.5465399131817,3.9416190390535));
#8207=CARTESIAN_POINT('Ctrl Pts',(272.048688030342,91.8299034798069,3.94161900775711));
#8208=CARTESIAN_POINT('Ctrl Pts',(272.048688030342,92.5465399131817,3.94161900775711));
#8209=CARTESIAN_POINT('Ctrl Pts',(272.111991946471,91.8299034798069,3.9252810091003));
#8210=CARTESIAN_POINT('Ctrl Pts',(272.111991946471,92.5465399131817,3.9252810091003));
#8211=CARTESIAN_POINT('',(272.111991946471,91.8299035179519,3.92528100910029));
#8212=CARTESIAN_POINT('Origin',(271.160142505342,91.8299034798069,3.0123917487874));
#8213=CARTESIAN_POINT('',(272.111991946471,91.8299035561008,3.9252810091003));
#8214=CARTESIAN_POINT('Ctrl Pts',(272.209312809039,91.8299035561008,3.8633558906925));
#8215=CARTESIAN_POINT('Ctrl Pts',(272.209312809039,92.5465397161008,3.8633558906925));
#8216=CARTESIAN_POINT('Ctrl Pts',(272.186857980067,91.8299035561008,3.8939797346413));
#8217=CARTESIAN_POINT('Ctrl Pts',(272.186857980067,92.5465397161008,3.8939797346413));
#8218=CARTESIAN_POINT('Ctrl Pts',(272.154191882374,91.8299035561008,3.91439230986941));
#8219=CARTESIAN_POINT('Ctrl Pts',(272.154191882374,92.5465397161008,3.91439230986941));
#8220=CARTESIAN_POINT('Ctrl Pts',(272.111991946471,91.8299035561008,3.9252810091003));
#8221=CARTESIAN_POINT('Ctrl Pts',(272.111991946471,92.5465397161008,3.9252810091003));
#8222=CARTESIAN_POINT('',(272.209312809039,91.8299035179558,3.8633558906925));
#8223=CARTESIAN_POINT('Ctrl Pts',(272.209312809039,91.8299035561008,3.8633558906925));
#8224=CARTESIAN_POINT('Ctrl Pts',(272.186857980067,91.8299035561008,3.8939797346413));
#8225=CARTESIAN_POINT('Ctrl Pts',(272.154191882374,91.8299035561008,3.91439230986941));
#8226=CARTESIAN_POINT('Ctrl Pts',(272.111991946471,91.8299035561008,3.9252810091003));
#8227=CARTESIAN_POINT('',(272.209312809039,91.8299035561008,3.8633558906925));
#8228=CARTESIAN_POINT('Origin',(272.588375028379,91.8299035561008,3.8633558906925));
#8229=CARTESIAN_POINT('',(272.588375028379,91.8299034802332,3.86335589069258));
#8230=CARTESIAN_POINT('',(266.327605023445,91.8299034798069,3.8633558906925));
#8231=CARTESIAN_POINT('',(272.588375028379,91.8299035561008,3.8633558906925));
#8232=CARTESIAN_POINT('Ctrl Pts',(271.969761425958,91.8299035497197,4.2315294108015));
#8233=CARTESIAN_POINT('Ctrl Pts',(271.969761425958,92.5465397207463,4.2315294108015));
#8234=CARTESIAN_POINT('Ctrl Pts',(272.28689852689,91.8299035497197,4.2315294108015));
#8235=CARTESIAN_POINT('Ctrl Pts',(272.28689852689,92.5465397207463,4.2315294108015));
#8236=CARTESIAN_POINT('Ctrl Pts',(272.548227308433,91.8299035497197,4.1450972474639));
#8237=CARTESIAN_POINT('Ctrl Pts',(272.548227308433,92.5465397207463,4.1450972474639));
#8238=CARTESIAN_POINT('Ctrl Pts',(272.588375028379,91.8299035497197,3.8633558906925));
#8239=CARTESIAN_POINT('Ctrl Pts',(272.588375028379,92.5465397207463,3.8633558906925));
#8240=CARTESIAN_POINT('',(271.969761425958,91.8299035179975,4.2315294108015));
#8241=CARTESIAN_POINT('Ctrl Pts',(271.969761425958,91.8299035497197,4.2315294108015));
#8242=CARTESIAN_POINT('Ctrl Pts',(272.28689852689,91.8299035497197,4.2315294108015));
#8243=CARTESIAN_POINT('Ctrl Pts',(272.548227308433,91.8299035497197,4.14509724746395));
#8244=CARTESIAN_POINT('Ctrl Pts',(272.588375028379,91.8299035497197,3.86335589069275));
#8245=CARTESIAN_POINT('',(271.969761425958,91.8299035561008,4.2315294108015));
#8246=CARTESIAN_POINT('Ctrl Pts',(271.345021062304,91.8299035561008,3.7850927423316));
#8247=CARTESIAN_POINT('Ctrl Pts',(271.345021062304,92.5465397161008,3.7850927423316));
#8248=CARTESIAN_POINT('Ctrl Pts',(271.343666201284,91.8299035561008,4.13148886397861));
#8249=CARTESIAN_POINT('Ctrl Pts',(271.343666201284,92.5465397161008,4.13148886397861));
#8250=CARTESIAN_POINT('Ctrl Pts',(271.625407558055,91.8299035561008,4.2308420180778));
#8251=CARTESIAN_POINT('Ctrl Pts',(271.625407558055,92.5465397161008,4.2308420180778));
#8252=CARTESIAN_POINT('Ctrl Pts',(271.969761425958,91.8299035561008,4.2315294108015));
#8253=CARTESIAN_POINT('Ctrl Pts',(271.969761425958,92.5465397161008,4.2315294108015));
#8254=CARTESIAN_POINT('',(271.345021062304,91.8299035179519,3.7850927423316));
#8255=CARTESIAN_POINT('Ctrl Pts',(271.345021062304,91.8299035561008,3.7850927423316));
#8256=CARTESIAN_POINT('Ctrl Pts',(271.343666201284,91.8299035561008,4.13148886397861));
#8257=CARTESIAN_POINT('Ctrl Pts',(271.625407558055,91.8299035561008,4.2308420180778));
#8258=CARTESIAN_POINT('Ctrl Pts',(271.969761425958,91.8299035561008,4.2315294108015));
#8259=CARTESIAN_POINT('',(271.345021062304,91.8299035561008,3.7850927423316));
#8260=CARTESIAN_POINT('Origin',(271.345021062304,91.8299035561008,3.7183957237118));
#8261=CARTESIAN_POINT('',(271.345021062304,91.8299035179519,3.7183957237118));
#8262=CARTESIAN_POINT('',(271.345021062304,91.8299034798069,0.284197861855997));
#8263=CARTESIAN_POINT('',(271.345021062304,91.8299035561008,3.7183957237118));
#8264=CARTESIAN_POINT('Ctrl Pts',(271.969761425958,91.8299035561008,3.2719590552419));
#8265=CARTESIAN_POINT('Ctrl Pts',(271.969761425958,92.5465397161008,3.2719590552419));
#8266=CARTESIAN_POINT('Ctrl Pts',(271.625407558055,91.8299035561008,3.2733238784758));
#8267=CARTESIAN_POINT('Ctrl Pts',(271.625407558055,92.5465397161008,3.2733238784758));
#8268=CARTESIAN_POINT('Ctrl Pts',(271.343666201284,91.8299035561008,3.37267703257511));
#8269=CARTESIAN_POINT('Ctrl Pts',(271.343666201284,92.5465397161008,3.37267703257511));
#8270=CARTESIAN_POINT('Ctrl Pts',(271.345021062304,91.8299035561008,3.7183957237118));
#8271=CARTESIAN_POINT('Ctrl Pts',(271.345021062304,92.5465397161008,3.7183957237118));
#8272=CARTESIAN_POINT('',(271.969761425958,91.8299035551589,3.2719590552419));
#8273=CARTESIAN_POINT('Ctrl Pts',(271.969761425958,91.8299035561008,3.2719590552419));
#8274=CARTESIAN_POINT('Ctrl Pts',(271.625407558055,91.8299035561008,3.2733238784758));
#8275=CARTESIAN_POINT('Ctrl Pts',(271.343666201284,91.8299035561008,3.37267703257511));
#8276=CARTESIAN_POINT('Ctrl Pts',(271.345021062304,91.8299035561008,3.7183957237118));
#8277=CARTESIAN_POINT('',(271.969761425958,91.8299035561008,3.2719590552419));
#8278=CARTESIAN_POINT('Ctrl Pts',(272.392378442222,91.8299035561008,3.4141895757548));
#8279=CARTESIAN_POINT('Ctrl Pts',(272.392378442222,92.5465397161008,3.4141895757548));
#8280=CARTESIAN_POINT('Ctrl Pts',(272.286211134166,91.8299035561008,3.3093870909334));
#8281=CARTESIAN_POINT('Ctrl Pts',(272.286211134166,92.5465397161008,3.3093870909334));
#8282=CARTESIAN_POINT('Ctrl Pts',(272.124922899446,91.8299035561008,3.2719590552419));
#8283=CARTESIAN_POINT('Ctrl Pts',(272.124922899446,92.5465397161008,3.2719590552419));
#8284=CARTESIAN_POINT('Ctrl Pts',(271.969761425958,91.8299035561008,3.2719590552419));
#8285=CARTESIAN_POINT('Ctrl Pts',(271.969761425958,92.5465397161008,3.2719590552419));
#8286=CARTESIAN_POINT('',(272.392378442222,91.8299035179558,3.41418957575482));
#8287=CARTESIAN_POINT('Ctrl Pts',(272.392378442222,91.8299035561008,3.4141895757548));
#8288=CARTESIAN_POINT('Ctrl Pts',(272.286211134166,91.8299035561008,3.3093870909334));
#8289=CARTESIAN_POINT('Ctrl Pts',(272.124922899446,91.8299035561008,3.2719590552419));
#8290=CARTESIAN_POINT('Ctrl Pts',(271.969761425958,91.8299035561008,3.2719590552419));
#8291=CARTESIAN_POINT('',(272.392378442222,91.8299035561008,3.4141895757548));
#8292=CARTESIAN_POINT('Origin',(272.410071333195,91.8299035561008,3.2719590552419));
#8293=CARTESIAN_POINT('',(272.410071333195,91.8299034798069,3.2719590552419));
#8294=CARTESIAN_POINT('',(272.694132283343,91.8299034798069,0.988435302287201));
#8295=CARTESIAN_POINT('',(272.410071333195,91.8299035561008,3.2719590552419));
#8296=CARTESIAN_POINT('Origin',(272.588375028379,91.8299035561008,3.2719590552419));
#8297=CARTESIAN_POINT('',(272.588375028379,91.8299034798069,3.2719590552419));
#8298=CARTESIAN_POINT('',(266.327605023445,91.8299034798069,3.2719590552419));
#8299=CARTESIAN_POINT('',(272.588375028379,91.8299035561008,3.2719590552419));
#8300=CARTESIAN_POINT('Origin',(272.588375028379,91.8299035561008,3.7966588720728));
#8301=CARTESIAN_POINT('',(272.588375028379,91.8299034798069,3.7966588720728));
#8302=CARTESIAN_POINT('',(272.588375028379,91.8299034798069,0.323329436036497));
#8303=CARTESIAN_POINT('',(272.588375028379,91.8299035561008,3.7966588720728));
#8304=CARTESIAN_POINT('Origin',(271.967041741704,91.8299035561008,3.7966588720728));
#8305=CARTESIAN_POINT('',(271.967041741704,91.8299034798069,3.7966588720728));
#8306=CARTESIAN_POINT('',(266.016938380107,91.8299034798069,3.7966588720728));
#8307=CARTESIAN_POINT('',(271.967041741704,91.8299035561008,3.7966588720728));
#8308=CARTESIAN_POINT('Origin',(271.967041741704,91.8299035561008,3.6401325753509));
#8309=CARTESIAN_POINT('',(271.967041741704,91.8299034798069,3.6401325753509));
#8310=CARTESIAN_POINT('',(271.967041741704,91.8299034798069,0.245066287675506));
#8311=CARTESIAN_POINT('',(271.967041741704,91.8299035561008,3.6401325753509));
#8312=CARTESIAN_POINT('Origin',(272.254232429197,91.8299035561008,3.6401325753509));
#8313=CARTESIAN_POINT('',(272.254232429197,91.8299035179519,3.6401325753509));
#8314=CARTESIAN_POINT('',(266.160533723854,91.8299034798069,3.6401325753509));
#8315=CARTESIAN_POINT('',(272.254232429197,91.8299035561008,3.6401325753509));
#8316=CARTESIAN_POINT('Ctrl Pts',(271.969761425958,91.8299035561008,3.5625468575002));
#8317=CARTESIAN_POINT('Ctrl Pts',(271.969761425958,92.5465397161008,3.5625468575002));
#8318=CARTESIAN_POINT('Ctrl Pts',(272.11063708545,91.8299035561008,3.5625468575002));
#8319=CARTESIAN_POINT('Ctrl Pts',(272.11063708545,92.5465397161008,3.5625468575002));
#8320=CARTESIAN_POINT('Ctrl Pts',(272.200466363553,91.8299035561008,3.5707158724767));
#8321=CARTESIAN_POINT('Ctrl Pts',(272.200466363553,92.5465397161008,3.5707158724767));
#8322=CARTESIAN_POINT('Ctrl Pts',(272.254232429197,91.8299035561008,3.6401325753509));
#8323=CARTESIAN_POINT('Ctrl Pts',(272.254232429197,92.5465397161008,3.6401325753509));
#8324=CARTESIAN_POINT('Ctrl Pts',(271.969761425958,91.8299035561008,3.5625468575002));
#8325=CARTESIAN_POINT('Ctrl Pts',(272.11063708545,91.8299035561008,3.5625468575002));
#8326=CARTESIAN_POINT('Ctrl Pts',(272.200466363553,91.8299035561008,3.5707158724767));
#8327=CARTESIAN_POINT('Ctrl Pts',(272.254232429197,91.8299035561008,3.6401325753509));
#8328=CARTESIAN_POINT('Ctrl Pts',(271.694591278778,91.8299035561008,2.6896934733015));
#8329=CARTESIAN_POINT('Ctrl Pts',(271.694591278778,92.5465397161008,2.6896934733015));
#8330=CARTESIAN_POINT('Ctrl Pts',(271.692589325653,91.8299035561008,2.5422715983015));
#8331=CARTESIAN_POINT('Ctrl Pts',(271.692589325653,92.5465397161008,2.5422715983015));
#8332=CARTESIAN_POINT('Ctrl Pts',(271.814005341278,91.8299035561008,2.51692003580151));
#8333=CARTESIAN_POINT('Ctrl Pts',(271.814005341278,92.5465397161008,2.51692003580151));
#8334=CARTESIAN_POINT('Ctrl Pts',(271.956769013153,91.8299035561008,2.5149083170515));
#8335=CARTESIAN_POINT('Ctrl Pts',(271.956769013153,92.5465397161008,2.5149083170515));
#8336=CARTESIAN_POINT('',(271.694591278778,91.8299035179519,2.6896934733015));
#8337=CARTESIAN_POINT('',(271.956769013153,91.8299035551589,2.5149083170515));
#8338=CARTESIAN_POINT('Ctrl Pts',(271.694591278778,91.8299035561008,2.6896934733015));
#8339=CARTESIAN_POINT('Ctrl Pts',(271.692589325653,91.8299035561008,2.5422715983015));
#8340=CARTESIAN_POINT('Ctrl Pts',(271.814005341278,91.8299035561008,2.51692003580151));
#8341=CARTESIAN_POINT('Ctrl Pts',(271.956769013153,91.8299035561008,2.5149083170515));
#8342=CARTESIAN_POINT('',(271.694591278778,91.8299035561008,2.6896934733015));
#8343=CARTESIAN_POINT('',(271.956769013153,91.8299035561008,2.5149083170515));
#8344=CARTESIAN_POINT('Origin',(271.694591278778,91.8299035561008,2.7770958170515));
#8345=CARTESIAN_POINT('',(271.694591278778,91.8299034798069,2.7770958170515));
#8346=CARTESIAN_POINT('',(271.694591278778,91.8299034798069,-0.186452091474099));
#8347=CARTESIAN_POINT('',(271.694591278778,91.8299035561008,2.7770958170515));
#8348=CARTESIAN_POINT('Origin',(271.345020966278,91.8299035561008,2.7770958170515));
#8349=CARTESIAN_POINT('',(271.345020966278,91.8299034798069,2.7770958170515));
#8350=CARTESIAN_POINT('',(265.705927992394,91.8299034798069,2.7770958170515));
#8351=CARTESIAN_POINT('',(271.345020966278,91.8299035561008,2.7770958170515));
#8352=CARTESIAN_POINT('Origin',(271.345020966278,91.8299035561008,2.6676817545515));
#8353=CARTESIAN_POINT('',(271.345020966278,91.8299035179519,2.6676817545515));
#8354=CARTESIAN_POINT('',(271.345020966278,91.8299034798069,-0.241159122724097));
#8355=CARTESIAN_POINT('',(271.345020966278,91.8299035561008,2.6676817545515));
#8356=CARTESIAN_POINT('Ctrl Pts',(271.956769013153,91.8299035561008,2.2307286295515));
#8357=CARTESIAN_POINT('Ctrl Pts',(271.956769013153,92.5465397161008,2.2307286295515));
#8358=CARTESIAN_POINT('Ctrl Pts',(271.619874481903,91.8299035561008,2.23139269205149));
#8359=CARTESIAN_POINT('Ctrl Pts',(271.619874481903,92.5465397161008,2.23139269205149));
#8360=CARTESIAN_POINT('Ctrl Pts',(271.343692841278,91.8299035561008,2.32879503580151));
#8361=CARTESIAN_POINT('Ctrl Pts',(271.343692841278,92.5465397161008,2.32879503580151));
#8362=CARTESIAN_POINT('Ctrl Pts',(271.345020966278,91.8299035561008,2.6676817545515));
#8363=CARTESIAN_POINT('Ctrl Pts',(271.345020966278,92.5465397161008,2.6676817545515));
#8364=CARTESIAN_POINT('',(271.956769013153,91.8299035551589,2.2307286295515));
#8365=CARTESIAN_POINT('Ctrl Pts',(271.956769013153,91.8299035561008,2.2307286295515));
#8366=CARTESIAN_POINT('Ctrl Pts',(271.619874481903,91.8299035561008,2.23139269205149));
#8367=CARTESIAN_POINT('Ctrl Pts',(271.343692841278,91.8299035561008,2.32879503580151));
#8368=CARTESIAN_POINT('Ctrl Pts',(271.345020966278,91.8299035561008,2.6676817545515));
#8369=CARTESIAN_POINT('',(271.956769013153,91.8299035561008,2.2307286295515));
#8370=CARTESIAN_POINT('Ctrl Pts',(272.569181122528,91.8299035561008,2.6676817545515));
#8371=CARTESIAN_POINT('Ctrl Pts',(272.569181122528,92.5465397161008,2.6676817545515));
#8372=CARTESIAN_POINT('Ctrl Pts',(272.569181122528,91.8299035561008,2.32945909830151));
#8373=CARTESIAN_POINT('Ctrl Pts',(272.569181122528,92.5465397161008,2.32945909830151));
#8374=CARTESIAN_POINT('Ctrl Pts',(272.295665497528,91.8299035561008,2.2307286295515));
#8375=CARTESIAN_POINT('Ctrl Pts',(272.295665497528,92.5465397161008,2.2307286295515));
#8376=CARTESIAN_POINT('Ctrl Pts',(271.956769013153,91.8299035561008,2.2307286295515));
#8377=CARTESIAN_POINT('Ctrl Pts',(271.956769013153,92.5465397161008,2.2307286295515));
#8378=CARTESIAN_POINT('',(272.569181122528,91.8299035179519,2.6676817545515));
#8379=CARTESIAN_POINT('Ctrl Pts',(272.569181122528,91.8299035561008,2.6676817545515));
#8380=CARTESIAN_POINT('Ctrl Pts',(272.569181122528,91.8299035561008,2.32945909830151));
#8381=CARTESIAN_POINT('Ctrl Pts',(272.295665497528,91.8299035561008,2.2307286295515));
#8382=CARTESIAN_POINT('Ctrl Pts',(271.956769013153,91.8299035561008,2.2307286295515));
#8383=CARTESIAN_POINT('',(272.569181122528,91.8299035561008,2.6676817545515));
#8384=CARTESIAN_POINT('Origin',(272.569181122528,91.8299035561008,3.1486778483015));
#8385=CARTESIAN_POINT('',(272.569181122528,91.8299034798069,3.1486778483015));
#8386=CARTESIAN_POINT('',(272.569181122528,91.8299034798069,-0.000661075849093251));
#8387=CARTESIAN_POINT('',(272.569181122528,91.8299035561008,3.1486778483015));
#8388=CARTESIAN_POINT('Origin',(272.219610810028,91.8299035561008,3.1486778483015));
#8389=CARTESIAN_POINT('',(272.219610810028,91.8299034798069,3.1486778483015));
#8390=CARTESIAN_POINT('',(266.143222914269,91.8299034798069,3.1486778483015));
#8391=CARTESIAN_POINT('',(272.219610810028,91.8299035561008,3.1486778483015));
#8392=CARTESIAN_POINT('Origin',(272.219610810028,91.8299035561008,2.6896934733015));
#8393=CARTESIAN_POINT('',(272.219610810028,91.8299035179519,2.6896934733015));
#8394=CARTESIAN_POINT('',(272.219610810028,91.8299034798069,-0.230153263349093));
#8395=CARTESIAN_POINT('',(272.219610810028,91.8299035561008,2.6896934733015));
#8396=CARTESIAN_POINT('Ctrl Pts',(271.956769013153,91.8299035561008,2.5149083170515));
#8397=CARTESIAN_POINT('Ctrl Pts',(271.956769013153,92.5465397161008,2.5149083170515));
#8398=CARTESIAN_POINT('Ctrl Pts',(272.100196747528,91.8299035561008,2.51692003580151));
#8399=CARTESIAN_POINT('Ctrl Pts',(272.100196747528,92.5465397161008,2.51692003580151));
#8400=CARTESIAN_POINT('Ctrl Pts',(272.221612763153,91.8299035561008,2.5422715983015));
#8401=CARTESIAN_POINT('Ctrl Pts',(272.221612763153,92.5465397161008,2.5422715983015));
#8402=CARTESIAN_POINT('Ctrl Pts',(272.219610810028,91.8299035561008,2.6896934733015));
#8403=CARTESIAN_POINT('Ctrl Pts',(272.219610810028,92.5465397161008,2.6896934733015));
#8404=CARTESIAN_POINT('Ctrl Pts',(271.956769013153,91.8299035561008,2.5149083170515));
#8405=CARTESIAN_POINT('Ctrl Pts',(272.100196747528,91.8299035561008,2.51692003580151));
#8406=CARTESIAN_POINT('Ctrl Pts',(272.221612763153,91.8299035561008,2.5422715983015));
#8407=CARTESIAN_POINT('Ctrl Pts',(272.219610810028,91.8299035561008,2.6896934733015));
#8408=CARTESIAN_POINT('Origin',(273.072813935028,91.8299035561008,3.1493419108015));
#8409=CARTESIAN_POINT('',(273.072813935028,91.8299034798069,3.1493419108015));
#8410=CARTESIAN_POINT('',(273.072813935028,91.8299035179519,2.6896934733015));
#8411=CARTESIAN_POINT('',(273.072813935028,91.8299034798069,-0.000329044599096662));
#8412=CARTESIAN_POINT('',(273.072813935028,91.8299035561008,3.1493419108015));
#8413=CARTESIAN_POINT('',(273.072813935028,91.8299035561008,2.6896934733015));
#8414=CARTESIAN_POINT('Origin',(272.723243622528,91.8299035561008,3.1493419108015));
#8415=CARTESIAN_POINT('',(272.723243622528,91.8299034798069,3.1493419108015));
#8416=CARTESIAN_POINT('',(266.395039320519,91.8299034798069,3.1493419108015));
#8417=CARTESIAN_POINT('',(272.723243622528,91.8299035561008,3.1493419108015));
#8418=CARTESIAN_POINT('Origin',(272.723243622528,91.8299035561008,2.6676817545515));
#8419=CARTESIAN_POINT('',(272.723243622528,91.8299035179519,2.6676817545515));
#8420=CARTESIAN_POINT('',(272.723243622528,91.8299034798069,-0.241159122724097));
#8421=CARTESIAN_POINT('',(272.723243622528,91.8299035561008,2.6676817545515));
#8422=CARTESIAN_POINT('Ctrl Pts',(273.335655731903,91.8299035561008,2.2307286295515));
#8423=CARTESIAN_POINT('Ctrl Pts',(273.335655731903,92.5465397161008,2.2307286295515));
#8424=CARTESIAN_POINT('Ctrl Pts',(272.999435028778,91.8299035561008,2.23139269205149));
#8425=CARTESIAN_POINT('Ctrl Pts',(272.999435028778,92.5465397161008,2.23139269205149));
#8426=CARTESIAN_POINT('Ctrl Pts',(272.721915497528,91.8299035561008,2.32879503580151));
#8427=CARTESIAN_POINT('Ctrl Pts',(272.721915497528,92.5465397161008,2.32879503580151));
#8428=CARTESIAN_POINT('Ctrl Pts',(272.723243622528,91.8299035561008,2.6676817545515));
#8429=CARTESIAN_POINT('Ctrl Pts',(272.723243622528,92.5465397161008,2.6676817545515));
#8430=CARTESIAN_POINT('',(273.335655731903,91.8299035551589,2.2307286295515));
#8431=CARTESIAN_POINT('Ctrl Pts',(273.335655731903,91.8299035561008,2.2307286295515));
#8432=CARTESIAN_POINT('Ctrl Pts',(272.999435028778,91.8299035561008,2.23139269205149));
#8433=CARTESIAN_POINT('Ctrl Pts',(272.721915497528,91.8299035561008,2.32879503580151));
#8434=CARTESIAN_POINT('Ctrl Pts',(272.723243622528,91.8299035561008,2.6676817545515));
#8435=CARTESIAN_POINT('',(273.335655731903,91.8299035561008,2.2307286295515));
#8436=CARTESIAN_POINT('Ctrl Pts',(273.948067841278,91.8299035561008,2.6676817545515));
#8437=CARTESIAN_POINT('Ctrl Pts',(273.948067841278,92.5465397161008,2.6676817545515));
#8438=CARTESIAN_POINT('Ctrl Pts',(273.949395966278,91.8299035561008,2.32879503580151));
#8439=CARTESIAN_POINT('Ctrl Pts',(273.949395966278,92.5465397161008,2.32879503580151));
#8440=CARTESIAN_POINT('Ctrl Pts',(273.671886200653,91.8299035561008,2.23139269205149));
#8441=CARTESIAN_POINT('Ctrl Pts',(273.671886200653,92.5465397161008,2.23139269205149));
#8442=CARTESIAN_POINT('Ctrl Pts',(273.335655731903,91.8299035561008,2.2307286295515));
#8443=CARTESIAN_POINT('Ctrl Pts',(273.335655731903,92.5465397161008,2.2307286295515));
#8444=CARTESIAN_POINT('',(273.948067841278,91.8299035179519,2.6676817545515));
#8445=CARTESIAN_POINT('Ctrl Pts',(273.948067841278,91.8299035561008,2.6676817545515));
#8446=CARTESIAN_POINT('Ctrl Pts',(273.949395966278,91.8299035561008,2.32879503580151));
#8447=CARTESIAN_POINT('Ctrl Pts',(273.671886200653,91.8299035561008,2.23139269205149));
#8448=CARTESIAN_POINT('Ctrl Pts',(273.335655731903,91.8299035561008,2.2307286295515));
#8449=CARTESIAN_POINT('',(273.948067841278,91.8299035561008,2.6676817545515));
#8450=CARTESIAN_POINT('Origin',(273.948067841278,91.8299035561008,3.1493419108015));
#8451=CARTESIAN_POINT('',(273.948067841278,91.8299034798069,3.1493419108015));
#8452=CARTESIAN_POINT('',(273.948067841278,91.8299034798069,-0.000329044599096662));
#8453=CARTESIAN_POINT('',(273.948067841278,91.8299035561008,3.1493419108015));
#8454=CARTESIAN_POINT('Origin',(273.597833466278,91.8299035561008,3.1493419108015));
#8455=CARTESIAN_POINT('',(273.597833466278,91.8299034798069,3.1493419108015));
#8456=CARTESIAN_POINT('',(266.832334242394,91.8299034798069,3.1493419108015));
#8457=CARTESIAN_POINT('',(273.597833466278,91.8299035561008,3.1493419108015));
#8458=CARTESIAN_POINT('Origin',(273.597833466278,91.8299035561008,2.6896934733015));
#8459=CARTESIAN_POINT('',(273.597833466278,91.8299035179519,2.6896934733015));
#8460=CARTESIAN_POINT('',(273.597833466278,91.8299034798069,-0.230153263349093));
#8461=CARTESIAN_POINT('',(273.597833466278,91.8299035561008,2.6896934733015));
#8462=CARTESIAN_POINT('Ctrl Pts',(273.335655731903,91.8299035561008,2.5149083170515));
#8463=CARTESIAN_POINT('Ctrl Pts',(273.335655731903,92.5465397161008,2.5149083170515));
#8464=CARTESIAN_POINT('Ctrl Pts',(273.478419403778,91.8299035561008,2.51692003580151));
#8465=CARTESIAN_POINT('Ctrl Pts',(273.478419403778,92.5465397161008,2.51692003580151));
#8466=CARTESIAN_POINT('Ctrl Pts',(273.599835419403,91.8299035561008,2.5422715983015));
#8467=CARTESIAN_POINT('Ctrl Pts',(273.599835419403,92.5465397161008,2.5422715983015));
#8468=CARTESIAN_POINT('Ctrl Pts',(273.597833466278,91.8299035561008,2.6896934733015));
#8469=CARTESIAN_POINT('Ctrl Pts',(273.597833466278,92.5465397161008,2.6896934733015));
#8470=CARTESIAN_POINT('',(273.335655731903,91.8299035551589,2.5149083170515));
#8471=CARTESIAN_POINT('Ctrl Pts',(273.335655731903,91.8299035561008,2.5149083170515));
#8472=CARTESIAN_POINT('Ctrl Pts',(273.478419403778,91.8299035561008,2.51692003580151));
#8473=CARTESIAN_POINT('Ctrl Pts',(273.599835419403,91.8299035561008,2.5422715983015));
#8474=CARTESIAN_POINT('Ctrl Pts',(273.597833466278,91.8299035561008,2.6896934733015));
#8475=CARTESIAN_POINT('',(273.335655731903,91.8299035561008,2.5149083170515));
#8476=CARTESIAN_POINT('Ctrl Pts',(273.072813935028,91.8299035561008,2.6896934733015));
#8477=CARTESIAN_POINT('Ctrl Pts',(273.072813935028,92.5465397161008,2.6896934733015));
#8478=CARTESIAN_POINT('Ctrl Pts',(273.071476044403,91.8299035561008,2.5422715983015));
#8479=CARTESIAN_POINT('Ctrl Pts',(273.071476044403,92.5465397161008,2.5422715983015));
#8480=CARTESIAN_POINT('Ctrl Pts',(273.192227997528,91.8299035561008,2.51692003580151));
#8481=CARTESIAN_POINT('Ctrl Pts',(273.192227997528,92.5465397161008,2.51692003580151));
#8482=CARTESIAN_POINT('Ctrl Pts',(273.335655731903,91.8299035561008,2.5149083170515));
#8483=CARTESIAN_POINT('Ctrl Pts',(273.335655731903,92.5465397161008,2.5149083170515));
#8484=CARTESIAN_POINT('Ctrl Pts',(273.072813935028,91.8299035561008,2.6896934733015));
#8485=CARTESIAN_POINT('Ctrl Pts',(273.071476044403,91.8299035561008,2.5422715983015));
#8486=CARTESIAN_POINT('Ctrl Pts',(273.192227997528,91.8299035561008,2.51692003580151));
#8487=CARTESIAN_POINT('Ctrl Pts',(273.335655731903,91.8299035561008,2.5149083170515));
#8488=CARTESIAN_POINT('Origin',(257.96683501851,92.1299034798069,-3.1499999999998));
#8489=CARTESIAN_POINT('',(257.96683501851,91.8299034798069,-3.1499999999998));
#8490=CARTESIAN_POINT('Origin',(259.10894731459,92.1299034798069,4.6500000000002));
#8491=CARTESIAN_POINT('',(274.338646965212,92.1299034798069,4.9500000000002));
#8492=CARTESIAN_POINT('',(274.338646965212,91.8299034798069,4.6500000000002));
#8493=CARTESIAN_POINT('Origin',(274.338646965212,92.1299034798069,4.6500000000002));
#8494=CARTESIAN_POINT('',(259.10894731459,92.1299034798069,4.9500000000002));
#8495=CARTESIAN_POINT('',(259.10894731459,91.8299034798069,4.6500000000002));
#8496=CARTESIAN_POINT('Ctrl Pts',(268.652740991859,92.1299034798071,1.44999999999994));
#8497=CARTESIAN_POINT('Ctrl Pts',(268.819407658527,92.1299034798067,1.45000000000024));
#8498=CARTESIAN_POINT('Ctrl Pts',(268.952740991861,92.1299034798071,1.55000000000003));
#8499=CARTESIAN_POINT('Ctrl Pts',(268.652740991859,91.8299034798068,1.44999999999972));
#8500=CARTESIAN_POINT('Ctrl Pts',(268.819407658527,91.8299034798065,1.45000000000002));
#8501=CARTESIAN_POINT('Ctrl Pts',(268.952740991862,91.8299034798068,1.55000000000022));
#8502=CARTESIAN_POINT('Ctrl Pts',(268.652740991859,91.8299034798069,1.74999999999997));
#8503=CARTESIAN_POINT('Ctrl Pts',(268.719407658527,91.8299034798068,1.75000000000009));
#8504=CARTESIAN_POINT('Ctrl Pts',(268.772740991862,91.8299034798069,1.79000000000095));
#8505=CARTESIAN_POINT('',(268.952740991861,92.1299034798069,1.55));
#8506=CARTESIAN_POINT('',(268.772740991861,91.8299034798069,1.78999999999998));
#8507=CARTESIAN_POINT('Origin',(268.772740991861,92.1299034798069,1.78999999999998));
#8508=CARTESIAN_POINT('',(268.652740991861,91.8299034798069,1.74999999999997));
#8509=CARTESIAN_POINT('Origin',(268.652740991861,91.8299034798069,1.95));
#8510=CARTESIAN_POINT('',(268.652740991861,92.1299034798069,1.45));
#8511=CARTESIAN_POINT('Origin',(268.652740991861,92.1299034798069,1.74999999999997));
#8512=CARTESIAN_POINT('Origin',(268.652740991861,92.1299034798069,1.95));
#8513=CARTESIAN_POINT('Origin',(262.609788005185,92.1299034798069,1.74999999999997));
#8514=CARTESIAN_POINT('',(267.952740991861,91.8299034798069,1.74999999999997));
#8515=CARTESIAN_POINT('',(262.609788005185,91.8299034798069,1.74999999999997));
#8516=CARTESIAN_POINT('',(267.952740991861,92.1299034798069,1.45));
#8517=CARTESIAN_POINT('Origin',(267.952740991861,92.1299034798069,1.74999999999997));
#8518=CARTESIAN_POINT('',(262.609788005185,92.1299034798069,1.45));
#8519=CARTESIAN_POINT('Ctrl Pts',(267.652740991858,92.1299034798069,1.55000000000266));
#8520=CARTESIAN_POINT('Ctrl Pts',(267.786074325193,92.1299034798072,1.44999999999816));
#8521=CARTESIAN_POINT('Ctrl Pts',(267.952740991864,92.1299034798072,1.45000000000012));
#8522=CARTESIAN_POINT('Ctrl Pts',(267.652740991858,91.8299034798064,1.55000000000227));
#8523=CARTESIAN_POINT('Ctrl Pts',(267.786074325193,91.8299034798066,1.44999999999784));
#8524=CARTESIAN_POINT('Ctrl Pts',(267.952740991865,91.8299034798067,1.4499999999998));
#8525=CARTESIAN_POINT('Ctrl Pts',(267.832740991861,91.8299034798069,1.79000000000034));
#8526=CARTESIAN_POINT('Ctrl Pts',(267.886074325194,91.829903479807,1.74999999999955));
#8527=CARTESIAN_POINT('Ctrl Pts',(267.952740991861,91.829903479807,1.75000000000033));
#8528=CARTESIAN_POINT('',(267.832740991861,91.8299034798069,1.78999999999999));
#8529=CARTESIAN_POINT('Origin',(267.952740991861,91.8299034798069,1.95));
#8530=CARTESIAN_POINT('',(267.652740991861,92.1299034798069,1.55000000000001));
#8531=CARTESIAN_POINT('Origin',(267.832740991861,92.1299034798069,1.78999999999999));
#8532=CARTESIAN_POINT('Origin',(267.952740991861,92.1299034798069,1.95));
#8533=CARTESIAN_POINT('Ctrl Pts',(264.352740991859,92.1299034798072,1.44999999999996));
#8534=CARTESIAN_POINT('Ctrl Pts',(264.519407658527,92.1299034798065,1.45000000000028));
#8535=CARTESIAN_POINT('Ctrl Pts',(264.652740991861,92.1299034798076,1.55000000000009));
#8536=CARTESIAN_POINT('Ctrl Pts',(264.352740991858,91.8299034798068,1.44999999999969));
#8537=CARTESIAN_POINT('Ctrl Pts',(264.519407658527,91.8299034798061,1.45000000000002));
#8538=CARTESIAN_POINT('Ctrl Pts',(264.652740991863,91.8299034798072,1.55000000000092));
#8539=CARTESIAN_POINT('Ctrl Pts',(264.352740991858,91.829903479807,1.75000000000007));
#8540=CARTESIAN_POINT('Ctrl Pts',(264.419407658527,91.8299034798067,1.7500000000002));
#8541=CARTESIAN_POINT('Ctrl Pts',(264.472740991863,91.8299034798072,1.79000000000176));
#8542=CARTESIAN_POINT('',(264.652740991861,92.1299034798069,1.54999999999999));
#8543=CARTESIAN_POINT('',(264.472740991861,91.8299034798069,1.78999999999997));
#8544=CARTESIAN_POINT('Origin',(264.472740991861,92.1299034798069,1.78999999999997));
#8545=CARTESIAN_POINT('',(264.352740991861,91.8299034798069,1.74999999999997));
#8546=CARTESIAN_POINT('Origin',(264.352740991861,91.8299034798069,1.95));
#8547=CARTESIAN_POINT('',(264.352740991861,92.1299034798069,1.45));
#8548=CARTESIAN_POINT('Origin',(264.352740991861,92.1299034798069,1.74999999999997));
#8549=CARTESIAN_POINT('Origin',(264.352740991861,92.1299034798069,1.95));
#8550=CARTESIAN_POINT('Origin',(262.609788005185,92.1299034798069,1.74999999999997));
#8551=CARTESIAN_POINT('',(263.652740991861,91.8299034798069,1.74999999999997));
#8552=CARTESIAN_POINT('',(262.609788005185,91.8299034798069,1.74999999999997));
#8553=CARTESIAN_POINT('',(263.652740991861,92.1299034798069,1.45));
#8554=CARTESIAN_POINT('Origin',(263.652740991861,92.1299034798069,1.74999999999997));
#8555=CARTESIAN_POINT('',(262.609788005185,92.1299034798069,1.45));
#8556=CARTESIAN_POINT('Ctrl Pts',(263.352740991854,92.1299034798069,1.55000000000532));
#8557=CARTESIAN_POINT('Ctrl Pts',(263.486074325192,92.1299034798078,1.44999999999739));
#8558=CARTESIAN_POINT('Ctrl Pts',(263.652740991867,92.1299034798075,1.45000000000022));
#8559=CARTESIAN_POINT('Ctrl Pts',(263.352740991855,91.8299034798059,1.55000000000407));
#8560=CARTESIAN_POINT('Ctrl Pts',(263.486074325192,91.8299034798068,1.44999999999663));
#8561=CARTESIAN_POINT('Ctrl Pts',(263.652740991866,91.8299034798065,1.44999999999945));
#8562=CARTESIAN_POINT('Ctrl Pts',(263.532740991862,91.8299034798068,1.79000000000069));
#8563=CARTESIAN_POINT('Ctrl Pts',(263.586074325194,91.8299034798071,1.74999999999932));
#8564=CARTESIAN_POINT('Ctrl Pts',(263.652740991861,91.829903479807,1.75000000000045));
#8565=CARTESIAN_POINT('',(263.532740991861,91.8299034798069,1.78999999999997));
#8566=CARTESIAN_POINT('Origin',(263.652740991861,91.8299034798069,1.95));
#8567=CARTESIAN_POINT('',(263.352740991861,92.1299034798069,1.55000000000001));
#8568=CARTESIAN_POINT('Origin',(263.532740991861,92.1299034798069,1.78999999999997));
#8569=CARTESIAN_POINT('Origin',(263.652740991861,92.1299034798069,1.95));
#8570=CARTESIAN_POINT('Ctrl Pts',(260.272740991861,91.8299034798069,1.79000000000028));
#8571=CARTESIAN_POINT('Ctrl Pts',(260.219407658528,91.829903479807,1.74999999999948));
#8572=CARTESIAN_POINT('Ctrl Pts',(260.152740991861,91.8299034798069,1.75000000000059));
#8573=CARTESIAN_POINT('Ctrl Pts',(260.452740991864,91.8299034798066,1.55000000000242));
#8574=CARTESIAN_POINT('Ctrl Pts',(260.319407658528,91.829903479807,1.44999999999755));
#8575=CARTESIAN_POINT('Ctrl Pts',(260.152740991856,91.8299034798066,1.45000000000033));
#8576=CARTESIAN_POINT('Ctrl Pts',(260.452740991865,92.1299034798069,1.55000000000281));
#8577=CARTESIAN_POINT('Ctrl Pts',(260.319407658528,92.1299034798072,1.44999999999758));
#8578=CARTESIAN_POINT('Ctrl Pts',(260.152740991855,92.1299034798069,1.45000000000037));
#8579=CARTESIAN_POINT('',(260.272740991861,91.8299034798069,1.78999999999997));
#8580=CARTESIAN_POINT('',(260.452740991861,92.1299034798069,1.55));
#8581=CARTESIAN_POINT('Origin',(260.272740991861,92.1299034798069,1.78999999999997));
#8582=CARTESIAN_POINT('',(260.152740991861,91.8299034798069,1.74999999999997));
#8583=CARTESIAN_POINT('Origin',(260.152740991861,91.8299034798069,1.95000000000001));
#8584=CARTESIAN_POINT('',(260.152740991861,92.1299034798069,1.45));
#8585=CARTESIAN_POINT('Origin',(260.152740991861,92.1299034798069,1.74999999999997));
#8586=CARTESIAN_POINT('Origin',(260.152740991861,92.1299034798069,1.95000000000001));
#8587=CARTESIAN_POINT('Origin',(263.109788005185,92.1299034798069,1.74999999999997));
#8588=CARTESIAN_POINT('',(263.109788005185,92.1299034798069,1.45));
#8589=CARTESIAN_POINT('',(263.109788005185,91.8299034798069,1.74999999999997));
#8590=CARTESIAN_POINT('Origin',(259.151059610671,94.6299034798069,4.9500000000002));
#8591=CARTESIAN_POINT('',(274.338646965212,94.030313365124,4.9500000000002));
#8592=CARTESIAN_POINT('',(274.338646965212,92.1873889624574,4.9500000000002));
#8593=CARTESIAN_POINT('',(266.398853287942,94.030313365124,4.9500000000002));
#8594=CARTESIAN_POINT('Origin',(274.338646965212,92.1299034798069,4.6500000000002));
#8595=CARTESIAN_POINT('Origin',(274.338646965212,92.1299034798069,4.6500000000002));
#8596=CARTESIAN_POINT('Origin',(274.338646965212,92.1299034798069,4.6500000000002));
#8597=CARTESIAN_POINT('Origin',(266.398853287942,94.030313365124,4.4500000000002));
#8598=CARTESIAN_POINT('',(274.338646965212,94.530313365124,4.4500000000002));
#8599=CARTESIAN_POINT('Origin',(274.338646965212,94.030313365124,4.4500000000002));
#8600=CARTESIAN_POINT('',(266.398853287942,94.530313365124,4.4500000000002));
#8601=CARTESIAN_POINT('Origin',(273.646646965212,94.530313365124,0.859591017847506));
#8602=CARTESIAN_POINT('',(274.338646965212,94.530313365124,-1.77524929745767));
#8603=CARTESIAN_POINT('',(272.271170471874,94.530313365124,-1.77524929745767));
#8604=CARTESIAN_POINT('',(274.338646965212,94.530313365124,-1.14520449107615));
#8605=CARTESIAN_POINT('Origin',(272.271170471874,94.030313365124,-1.77524929745767));
#8606=CARTESIAN_POINT('',(274.338646965212,94.5092265077346,-1.91892324024085));
#8607=CARTESIAN_POINT('Origin',(274.338646965212,94.030313365124,-1.77524929745767));
#8608=CARTESIAN_POINT('',(272.271170471874,94.5092265077346,-1.91892324024085));
#8609=CARTESIAN_POINT('Origin',(270.895693978536,94.5299034798069,-1.8499999999997));
#8610=CARTESIAN_POINT('',(274.338646965212,94.336801296972,-2.49367394278289));
#8611=CARTESIAN_POINT('',(274.338646965212,94.1534573269982,-3.10482050936201));
#8612=CARTESIAN_POINT('',(269.97019778089,94.3368012969719,-2.49367394278287));
#8613=CARTESIAN_POINT('',(0.,94.336801296972,-2.49367394278289));
#8614=CARTESIAN_POINT('',(269.97019778089,94.3918326324678,-2.31023615779678));
#8615=CARTESIAN_POINT('Origin',(0.,93.8578881543614,-2.34999999999971));
#8616=CARTESIAN_POINT('',(274.338646965212,93.8578881543614,-2.8499999999997));
#8617=CARTESIAN_POINT('Origin',(274.338646965212,93.8578881543614,-2.34999999999971));
#8618=CARTESIAN_POINT('',(269.97019778089,93.8578881543614,-2.8499999999997));
#8619=CARTESIAN_POINT('',(0.,93.8578881543614,-2.8499999999997));
#8620=CARTESIAN_POINT('Origin',(269.97019778089,93.8578881543614,-2.34999999999971));
#8621=CARTESIAN_POINT('Origin',(0.,93.7299034798069,-2.8499999999997));
#8622=CARTESIAN_POINT('',(269.97019778089,93.7299034798069,-2.8499999999997));
#8623=CARTESIAN_POINT('',(269.97019778089,93.8735453965764,-2.8499999999997));
#8624=CARTESIAN_POINT('',(274.338646965212,93.7299034798069,-2.8499999999997));
#8625=CARTESIAN_POINT('',(274.338646965212,91.7373889624574,-2.8499999999997));
#8626=CARTESIAN_POINT('',(0.,93.7299034798069,-2.8499999999997));
#8627=CARTESIAN_POINT('Origin',(0.,93.7299034798069,-3.3499999999997));
#8628=CARTESIAN_POINT('',(269.97019778089,93.339591104907,-3.03749999999974));
#8629=CARTESIAN_POINT('Origin',(269.97019778089,93.7299034798069,-3.3499999999997));
#8630=CARTESIAN_POINT('',(274.338646965212,93.339591104907,-3.03749999999974));
#8631=CARTESIAN_POINT('Origin',(274.338646965212,93.7299034798069,-3.3499999999997));
#8632=CARTESIAN_POINT('',(0.,93.339591104907,-3.03749999999974));
#8633=CARTESIAN_POINT('Origin',(269.97019778089,93.105403679967,-2.8499999999998));
#8634=CARTESIAN_POINT('',(269.67019778089,93.105403679967,-2.8499999999998));
#8635=CARTESIAN_POINT('Origin',(269.97019778089,93.105403679967,-2.84999999999977));
#8636=CARTESIAN_POINT('Origin',(269.97019778089,93.105403679967,-2.8499999999998));
#8637=CARTESIAN_POINT('Origin',(269.97019778089,93.105403679967,-2.8499999999998));
#8638=CARTESIAN_POINT('Origin',(274.338646965212,93.105403679967,-2.8499999999998));
#8639=CARTESIAN_POINT('Origin',(274.338646965212,93.105403679967,-2.8499999999998));
#8640=CARTESIAN_POINT('Origin',(274.338646965212,93.105403679967,-2.84999999999977));
#8641=CARTESIAN_POINT('Origin',(0.,93.105403679967,-2.8499999999998));
#8642=CARTESIAN_POINT('Origin',(269.97019778089,93.7299034798069,-3.3499999999997));
#8643=CARTESIAN_POINT('',(269.67019778089,93.7299034798069,-2.5499999999997));
#8644=CARTESIAN_POINT('Origin',(269.67019778089,93.7299034798069,-3.3499999999997));
#8645=CARTESIAN_POINT('Origin',(269.97019778089,93.7299034798069,-2.5499999999997));
#8646=CARTESIAN_POINT('Origin',(269.97019778089,93.8735453965764,-2.5499999999997));
#8647=CARTESIAN_POINT('',(269.67019778089,93.8578881543614,-2.5499999999997));
#8648=CARTESIAN_POINT('Origin',(269.97019778089,93.8578881543614,-2.5499999999997));
#8649=CARTESIAN_POINT('',(269.67019778089,93.8735453965764,-2.5499999999997));
#8650=CARTESIAN_POINT('Ctrl Pts',(269.67019778089,93.8578881543611,-2.54999999999961));
#8651=CARTESIAN_POINT('Ctrl Pts',(269.67019778089,94.0066942845396,-2.54999999999964));
#8652=CARTESIAN_POINT('Ctrl Pts',(269.67019778089,94.0494534114057,-2.40746957711257));
#8653=CARTESIAN_POINT('Ctrl Pts',(269.67019778089,93.8578881543611,-2.84999999999987));
#8654=CARTESIAN_POINT('Ctrl Pts',(269.670197780889,94.2299034798072,-2.84999999999995));
#8655=CARTESIAN_POINT('Ctrl Pts',(269.67019778089,94.3368012969723,-2.49367394278252));
#8656=CARTESIAN_POINT('Ctrl Pts',(269.97019778089,93.8578881543616,-2.84999999999971));
#8657=CARTESIAN_POINT('Ctrl Pts',(269.97019778089,94.2299034798072,-2.84999999999979));
#8658=CARTESIAN_POINT('Ctrl Pts',(269.97019778089,94.3368012969721,-2.49367394278293));
#8659=CARTESIAN_POINT('',(269.67019778089,94.0494534114056,-2.40746957711298));
#8660=CARTESIAN_POINT('Origin',(269.97019778089,94.0494534114056,-2.40746957711298));
#8661=CARTESIAN_POINT('Origin',(269.67019778089,93.8578881543614,-2.34999999999971));
#8662=CARTESIAN_POINT('Origin',(269.97019778089,94.1044847469014,-2.22403179212687));
#8663=CARTESIAN_POINT('',(269.67019778089,94.2214687368511,-1.83408515896122));
#8664=CARTESIAN_POINT('Origin',(269.97019778089,94.2214687368511,-1.83408515896122));
#8665=CARTESIAN_POINT('',(269.67019778089,94.1044847469014,-2.22403179212687));
#8666=CARTESIAN_POINT('Ctrl Pts',(269.67019778089,94.2214687368505,-1.83408515896103));
#8667=CARTESIAN_POINT('Ctrl Pts',(269.67019778089,94.2299034798076,-1.80596934910876));
#8668=CARTESIAN_POINT('Ctrl Pts',(269.67019778089,94.2299034798062,-1.77661558184795));
#8669=CARTESIAN_POINT('Ctrl Pts',(269.670197780889,94.5088166224132,-1.92028952464465));
#8670=CARTESIAN_POINT('Ctrl Pts',(269.67019778089,94.5299034798101,-1.85000000000027));
#8671=CARTESIAN_POINT('Ctrl Pts',(269.67019778089,94.5299034798067,-1.77661558183393));
#8672=CARTESIAN_POINT('Ctrl Pts',(269.97019778089,94.5088166224124,-1.920289524647));
#8673=CARTESIAN_POINT('Ctrl Pts',(269.970197780891,94.5299034798099,-1.85000000000052));
#8674=CARTESIAN_POINT('Ctrl Pts',(269.97019778089,94.5299034798065,-1.776615581832));
#8675=CARTESIAN_POINT('',(269.67019778089,94.2299034798069,-1.77661558184795));
#8676=CARTESIAN_POINT('Origin',(269.97019778089,94.2299034798069,-1.77661558184795));
#8677=CARTESIAN_POINT('Origin',(269.67019778089,94.0299034798069,-1.77661558184795));
#8678=CARTESIAN_POINT('Origin',(269.97019778089,94.2299034798069,-2.9247499870294));
#8679=CARTESIAN_POINT('',(269.67019778089,94.2299034798069,1.35));
#8680=CARTESIAN_POINT('',(269.67019778089,94.2299034798069,-2.9247499870294));
#8681=CARTESIAN_POINT('',(269.97019778089,94.5299034798069,1.35));
#8682=CARTESIAN_POINT('Origin',(269.97019778089,94.2299034798069,1.35));
#8683=CARTESIAN_POINT('',(269.97019778089,94.5299034798069,-2.9247499870294));
#8684=CARTESIAN_POINT('Origin',(262.635284202832,94.0171873133458,-2.699499974059));
#8685=CARTESIAN_POINT('',(262.635284202832,93.9299034798069,1.35));
#8686=CARTESIAN_POINT('',(262.635284202832,91.0735453965763,1.35));
#8687=CARTESIAN_POINT('',(262.635284202832,93.9299034798069,-0.449999999999995));
#8688=CARTESIAN_POINT('',(262.635284202832,93.9299034798069,-0.624749987029496));
#8689=CARTESIAN_POINT('',(262.635284202832,93.4772881379016,-0.449999999999995));
#8690=CARTESIAN_POINT('Origin',(258.96655924227,93.6299034798069,0.750000000000002));
#8691=CARTESIAN_POINT('Origin',(261.534349628231,93.6299034798069,0.750000000000002));
#8692=CARTESIAN_POINT('Origin',(267.152740991861,92.2299034798069,1.45));
#8693=CARTESIAN_POINT('',(260.152740991861,90.2799034798069,1.45000000000001));
#8694=CARTESIAN_POINT('Origin',(258.16683501851,94.1299034798069,1.45));
#8695=CARTESIAN_POINT('Origin',(262.335284202832,93.9299034798069,-0.624749987029496));
#8696=CARTESIAN_POINT('Origin',(262.335284202832,93.9299034798069,1.35));
#8697=CARTESIAN_POINT('Ctrl Pts',(262.335284202832,93.6299034798069,0.00825756949559095));
#8698=CARTESIAN_POINT('Ctrl Pts',(262.374301337855,93.6299034798069,-0.00877090428010464));
#8699=CARTESIAN_POINT('Ctrl Pts',(262.413079725621,93.6378648012793,-0.0320096565501118));
#8700=CARTESIAN_POINT('Ctrl Pts',(262.480990663664,93.6651236391406,-0.086168575768532));
#8701=CARTESIAN_POINT('Ctrl Pts',(262.510199572511,93.6842970040251,-0.117055378949194));
#8702=CARTESIAN_POINT('Ctrl Pts',(262.566581021998,93.7336976904154,-0.191049525691039));
#8703=CARTESIAN_POINT('Ctrl Pts',(262.593190674094,93.7707318019508,-0.241781960192473));
#8704=CARTESIAN_POINT('Ctrl Pts',(262.627532148767,93.8496380735695,-0.346438336359667));
#8705=CARTESIAN_POINT('Ctrl Pts',(262.635284202832,93.8914716514275,-0.400384722907398));
#8706=CARTESIAN_POINT('Ctrl Pts',(262.635284202832,93.9299034798069,-0.449999999999995));
#8707=CARTESIAN_POINT('Origin',(262.135284202832,93.4772881379016,-0.449999999999995));
#8708=CARTESIAN_POINT('',(262.135284202832,93.4772881379016,0.0500000000000045));
#8709=CARTESIAN_POINT('Origin',(277.008516088321,90.829903479807,0.0499999955296604));
#8710=CARTESIAN_POINT('Origin',(258.16683501851,94.1299034798069,-0.849999999999898));
#8711=CARTESIAN_POINT('Origin',(260.152740991861,90.2799034798069,1.95000000000001));
#8712=CARTESIAN_POINT('',(260.452740991861,90.2799034798069,1.55));
#8713=CARTESIAN_POINT('Origin',(260.752740991861,92.1299034798069,1.15));
#8714=CARTESIAN_POINT('',(260.752740991861,92.1299034798069,1.65));
#8715=CARTESIAN_POINT('Origin',(260.752740991861,92.1299034798069,1.15));
#8716=CARTESIAN_POINT('',(260.752740991861,91.8299034798069,1.94999999999996));
#8717=CARTESIAN_POINT('Origin',(260.752740991861,92.1299034798069,1.94999999999996));
#8718=CARTESIAN_POINT('Origin',(260.752740991861,91.8299034798069,1.15));
#8719=CARTESIAN_POINT('Origin',(263.052740991861,92.1299034798069,1.15));
#8720=CARTESIAN_POINT('',(263.052740991861,91.8299034798069,1.94999999999996));
#8721=CARTESIAN_POINT('Origin',(263.052740991861,91.8299034798069,1.15));
#8722=CARTESIAN_POINT('',(263.052740991861,92.1299034798069,1.65));
#8723=CARTESIAN_POINT('Origin',(263.052740991861,92.1299034798069,1.94999999999996));
#8724=CARTESIAN_POINT('Origin',(263.052740991861,92.1299034798069,1.15));
#8725=CARTESIAN_POINT('Origin',(263.652740991861,90.2799034798069,1.95));
#8726=CARTESIAN_POINT('',(263.352740991861,93.629903479807,1.55));
#8727=CARTESIAN_POINT('',(263.352740991861,90.2799034798069,1.55000000000001));
#8728=CARTESIAN_POINT('',(263.652740991861,93.6299034798069,1.45));
#8729=CARTESIAN_POINT('Origin',(263.652740991861,93.6299034798069,1.95));
#8730=CARTESIAN_POINT('',(263.652740991861,90.2799034798069,1.45));
#8731=CARTESIAN_POINT('Origin',(266.152740991861,92.2299034798069,1.45));
#8732=CARTESIAN_POINT('',(264.352740991861,93.6299034798069,1.45));
#8733=CARTESIAN_POINT('',(270.895693978536,93.6299034798069,1.45));
#8734=CARTESIAN_POINT('',(264.352740991861,90.2799034798069,1.45));
#8735=CARTESIAN_POINT('Origin',(264.352740991861,90.2799034798069,1.95));
#8736=CARTESIAN_POINT('',(264.652740991861,93.629903479807,1.55));
#8737=CARTESIAN_POINT('Origin',(264.352740991861,93.6299034798069,1.95));
#8738=CARTESIAN_POINT('',(264.652740991861,90.2799034798069,1.54999999999999));
#8739=CARTESIAN_POINT('Origin',(264.952740991861,92.1299034798069,1.15));
#8740=CARTESIAN_POINT('',(264.952740991861,92.1299034798069,1.65));
#8741=CARTESIAN_POINT('',(264.952740991861,91.8299034798069,1.94999999999996));
#8742=CARTESIAN_POINT('Origin',(264.952740991861,92.1299034798069,1.94999999999996));
#8743=CARTESIAN_POINT('Origin',(264.952740991861,91.8299034798069,1.15));
#8744=CARTESIAN_POINT('Origin',(264.952740991861,92.1299034798069,1.15));
#8745=CARTESIAN_POINT('Origin',(267.352740991861,92.1299034798069,1.15));
#8746=CARTESIAN_POINT('',(267.352740991861,91.8299034798069,1.94999999999996));
#8747=CARTESIAN_POINT('Origin',(267.352740991861,91.8299034798069,1.15));
#8748=CARTESIAN_POINT('',(267.352740991861,92.1299034798069,1.65));
#8749=CARTESIAN_POINT('Origin',(267.352740991861,92.1299034798069,1.94999999999996));
#8750=CARTESIAN_POINT('Origin',(267.352740991861,92.1299034798069,1.15));
#8751=CARTESIAN_POINT('Origin',(267.952740991861,90.2799034798069,1.95));
#8752=CARTESIAN_POINT('',(267.652740991861,93.629903479807,1.55));
#8753=CARTESIAN_POINT('',(267.652740991861,90.2799034798069,1.55000000000001));
#8754=CARTESIAN_POINT('',(267.952740991861,93.6299034798069,1.45));
#8755=CARTESIAN_POINT('Origin',(267.952740991861,93.6299034798069,1.95));
#8756=CARTESIAN_POINT('',(267.952740991861,90.2799034798069,1.45));
#8757=CARTESIAN_POINT('Origin',(266.152740991861,92.2299034798069,1.45));
#8758=CARTESIAN_POINT('',(268.652740991861,93.6299034798069,1.45));
#8759=CARTESIAN_POINT('',(270.895693978536,93.6299034798069,1.45));
#8760=CARTESIAN_POINT('',(268.652740991861,90.2799034798069,1.45));
#8761=CARTESIAN_POINT('Origin',(268.652740991861,90.2799034798069,1.95));
#8762=CARTESIAN_POINT('',(268.952740991861,93.629903479807,1.55));
#8763=CARTESIAN_POINT('Origin',(268.652740991861,93.6299034798069,1.95));
#8764=CARTESIAN_POINT('',(268.952740991861,90.2799034798069,1.55));
#8765=CARTESIAN_POINT('Origin',(269.252740991861,92.1299034798069,1.15));
#8766=CARTESIAN_POINT('',(269.252740991861,92.1299034798069,1.65));
#8767=CARTESIAN_POINT('',(269.252740991861,91.8299034798069,1.94999999999996));
#8768=CARTESIAN_POINT('Origin',(269.252740991861,92.1299034798069,1.94999999999996));
#8769=CARTESIAN_POINT('Origin',(269.252740991861,91.8299034798069,1.15));
#8770=CARTESIAN_POINT('Origin',(269.252740991861,92.1299034798069,1.15));
#8771=CARTESIAN_POINT('Origin',(269.37019778089,94.2299034798069,1.35));
#8772=CARTESIAN_POINT('',(269.37019778089,94.2299034798069,1.65));
#8773=CARTESIAN_POINT('',(269.37019778089,94.5299034798069,1.95));
#8774=CARTESIAN_POINT('Origin',(269.37019778089,94.2299034798069,1.95));
#8775=CARTESIAN_POINT('Origin',(269.37019778089,94.5299034798069,1.35));
#8776=CARTESIAN_POINT('Origin',(269.37019778089,94.2299034798069,1.35));
#8777=CARTESIAN_POINT('Origin',(276.638646965212,94.5299034798069,-3.1499999999998));
#8778=CARTESIAN_POINT('',(262.935284202832,94.5299034798069,1.95));
#8779=CARTESIAN_POINT('',(268.495693978536,94.5299034798069,1.95));
#8780=CARTESIAN_POINT('Origin',(262.935284202832,94.5299034798069,1.35));
#8781=CARTESIAN_POINT('Origin',(262.935284202832,94.2299034798069,1.35));
#8782=CARTESIAN_POINT('',(262.935284202832,94.2299034798069,1.65));
#8783=CARTESIAN_POINT('Origin',(262.935284202832,94.2299034798069,1.95));
#8784=CARTESIAN_POINT('Origin',(262.935284202832,94.2299034798069,1.35));
#8785=CARTESIAN_POINT('Origin',(259.06683501851,91.8299034798069,-3.1499999999998));
#8786=CARTESIAN_POINT('',(259.709788005185,91.8299034798069,1.94999999999996));
#8787=CARTESIAN_POINT('',(259.709788005185,91.8299034798069,1.94999999999996));
#8788=CARTESIAN_POINT('',(271.552740991861,91.8299034798069,1.94999999999996));
#8789=CARTESIAN_POINT('',(259.709788005185,91.8299034798069,1.94999999999996));
#8790=CARTESIAN_POINT('',(272.032740991861,91.8299034798069,1.78999999999999));
#8791=CARTESIAN_POINT('Origin',(271.552740991861,91.8299034798069,1.15));
#8792=CARTESIAN_POINT('',(272.152740991861,91.8299034798069,1.74999999999997));
#8793=CARTESIAN_POINT('Origin',(272.152740991861,91.8299034798069,1.95000000000001));
#8794=CARTESIAN_POINT('',(274.338646965212,91.8299034798069,1.74999999999997));
#8795=CARTESIAN_POINT('',(262.609788005185,91.8299034798069,1.74999999999997));
#8796=CARTESIAN_POINT('',(274.338646965212,91.8299034798069,-3.1499999999998));
#8797=CARTESIAN_POINT('Origin',(274.338646965212,92.1299034798069,1.75));
#8798=CARTESIAN_POINT('Origin',(274.338646965212,92.1299034798069,1.75));
#8799=CARTESIAN_POINT('',(274.338646965212,92.1299034798069,1.45));
#8800=CARTESIAN_POINT('Origin',(274.338646965212,92.1299034798069,1.74999999999997));
#8801=CARTESIAN_POINT('Origin',(274.338646965212,92.1299034798069,1.75));
#8802=CARTESIAN_POINT('Origin',(274.338646965212,92.1299034798069,-3.1499999999998));
#8803=CARTESIAN_POINT('Origin',(274.338646965212,92.1873889624574,4.6500000000002));
#8804=CARTESIAN_POINT('Origin',(274.338646965212,94.030313365124,4.6500000000002));
#8805=CARTESIAN_POINT('Ctrl Pts',(274.638646965212,94.0303133651239,4.6500000000002));
#8806=CARTESIAN_POINT('Ctrl Pts',(274.638646965212,94.230313365124,4.6500000000002));
#8807=CARTESIAN_POINT('Ctrl Pts',(274.638646965212,94.230313365124,4.45000000000013));
#8808=CARTESIAN_POINT('Ctrl Pts',(274.638646965212,94.0303133651239,4.95000000000029));
#8809=CARTESIAN_POINT('Ctrl Pts',(274.638646965212,94.5303133651241,4.95000000000028));
#8810=CARTESIAN_POINT('Ctrl Pts',(274.638646965212,94.5303133651241,4.45000000000013));
#8811=CARTESIAN_POINT('Ctrl Pts',(274.338646965212,94.030313365124,4.95000000000021));
#8812=CARTESIAN_POINT('Ctrl Pts',(274.338646965212,94.5303133651239,4.9500000000002));
#8813=CARTESIAN_POINT('Ctrl Pts',(274.338646965212,94.5303133651239,4.45000000000024));
#8814=CARTESIAN_POINT('Origin',(274.338646965212,94.230313365124,4.4500000000002));
#8815=CARTESIAN_POINT('Origin',(274.338646965212,94.230313365124,-1.14520449107615));
#8816=CARTESIAN_POINT('Origin',(274.338646965212,94.230313365124,-1.77524929745767));
#8817=CARTESIAN_POINT('Ctrl Pts',(274.638646965212,94.2303133651236,-1.77524929744621));
#8818=CARTESIAN_POINT('Ctrl Pts',(274.638646965212,94.230313365123,-1.80460306471919));
#8819=CARTESIAN_POINT('Ctrl Pts',(274.638646965212,94.2218786221644,-1.83271887458372));
#8820=CARTESIAN_POINT('Ctrl Pts',(274.638646965213,94.5303133651248,-1.77524929745228));
#8821=CARTESIAN_POINT('Ctrl Pts',(274.638646965214,94.5303133651233,-1.84863371560973));
#8822=CARTESIAN_POINT('Ctrl Pts',(274.638646965212,94.5092265077339,-1.9189232402471));
#8823=CARTESIAN_POINT('Ctrl Pts',(274.338646965211,94.5303133651245,-1.77524929745767));
#8824=CARTESIAN_POINT('Ctrl Pts',(274.338646965213,94.530313365123,-1.84863371560929));
#8825=CARTESIAN_POINT('Ctrl Pts',(274.338646965211,94.5092265077353,-1.91892324024107));
#8826=CARTESIAN_POINT('Origin',(274.338646965212,94.2218786221682,-1.83271887457094));
#8827=CARTESIAN_POINT('Origin',(274.338646965212,93.8661094414319,-3.01861614369211));
#8828=CARTESIAN_POINT('Origin',(274.338646965212,94.0494534114056,-2.40746957711298));
#8829=CARTESIAN_POINT('Ctrl Pts',(274.338646965212,93.8578881543613,-2.84999999999971));
#8830=CARTESIAN_POINT('Ctrl Pts',(274.338646965212,94.2299034798069,-2.84999999999968));
#8831=CARTESIAN_POINT('Ctrl Pts',(274.338646965212,94.336801296972,-2.49367394278289));
#8832=CARTESIAN_POINT('Ctrl Pts',(274.638646965212,93.8578881543613,-2.84999999999971));
#8833=CARTESIAN_POINT('Ctrl Pts',(274.638646965212,94.2299034798069,-2.84999999999968));
#8834=CARTESIAN_POINT('Ctrl Pts',(274.638646965212,94.3368012969721,-2.49367394278278));
#8835=CARTESIAN_POINT('Ctrl Pts',(274.638646965212,93.8578881543613,-2.54999999999954));
#8836=CARTESIAN_POINT('Ctrl Pts',(274.638646965212,94.0066942845395,-2.54999999999953));
#8837=CARTESIAN_POINT('Ctrl Pts',(274.638646965212,94.0494534114056,-2.40746957711275));
#8838=CARTESIAN_POINT('Origin',(274.338646965212,93.8578881543614,-2.5499999999997));
#8839=CARTESIAN_POINT('Origin',(274.338646965212,91.7373889624574,-2.5499999999997));
#8840=CARTESIAN_POINT('Origin',(274.338646965212,93.7299034798069,-2.5499999999997));
#8841=CARTESIAN_POINT('Origin',(274.338646965212,93.7299034798069,-3.3499999999997));
#8842=CARTESIAN_POINT('Origin',(269.97019778089,93.1310308792269,-2.8499999999998));
#8843=CARTESIAN_POINT('',(269.67019778089,93.1310308792269,-2.8499999999998));
#8844=CARTESIAN_POINT('Origin',(269.67019778089,94.0171873133458,-2.699499974059));
#8845=CARTESIAN_POINT('',(269.67019778089,93.9299034798069,-0.449999999999995));
#8846=CARTESIAN_POINT('',(269.67019778089,93.4772881379016,-0.449999999999995));
#8847=CARTESIAN_POINT('',(269.67019778089,93.9299034798069,1.35));
#8848=CARTESIAN_POINT('',(269.67019778089,93.9299034798069,-0.624749987029496));
#8849=CARTESIAN_POINT('',(269.67019778089,91.0735453965763,1.35));
#8850=CARTESIAN_POINT('Origin',(262.935284202832,91.0735453965763,1.35));
#8851=CARTESIAN_POINT('',(262.935284202832,93.9299034798069,1.65));
#8852=CARTESIAN_POINT('',(262.935284202832,91.0735453965763,1.65));
#8853=CARTESIAN_POINT('Origin',(262.935284202832,93.9299034798069,1.35));
#8854=CARTESIAN_POINT('Origin',(262.935284202832,93.9299034798069,1.35));
#8855=CARTESIAN_POINT('Ctrl Pts',(262.415668960561,93.6299034798069,1.65));
#8856=CARTESIAN_POINT('Ctrl Pts',(262.492132187124,93.6299034798068,1.65));
#8857=CARTESIAN_POINT('Ctrl Pts',(262.579865060887,93.6567750797762,1.65));
#8858=CARTESIAN_POINT('Ctrl Pts',(262.750717221171,93.7487296649503,1.65));
#8859=CARTESIAN_POINT('Ctrl Pts',(262.852154736208,93.8467740131826,1.65));
#8860=CARTESIAN_POINT('Ctrl Pts',(262.935284202832,93.9299034798069,1.65));
#8861=CARTESIAN_POINT('Origin',(260.752740991861,90.2799034798069,1.15));
#8862=CARTESIAN_POINT('',(260.752740991861,90.2799034798069,1.65));
#8863=CARTESIAN_POINT('Origin',(259.709788005185,92.1299034798069,1.94999999999996));
#8864=CARTESIAN_POINT('',(259.709788005185,92.1299034798069,1.65));
#8865=CARTESIAN_POINT('Origin',(263.052740991861,90.2799034798069,1.15));
#8866=CARTESIAN_POINT('',(263.052740991861,93.6299034798069,1.65));
#8867=CARTESIAN_POINT('',(263.052740991861,90.2799034798069,1.65));
#8868=CARTESIAN_POINT('Origin',(263.052740991861,93.6299034798069,1.15));
#8869=CARTESIAN_POINT('Origin',(256.66683501851,93.6299034798069,1.45));
#8870=CARTESIAN_POINT('',(264.952740991861,93.6299034798069,1.65));
#8871=CARTESIAN_POINT('',(258.509788005185,93.6299034798069,1.65));
#8872=CARTESIAN_POINT('Origin',(264.952740991861,93.6299034798069,1.15));
#8873=CARTESIAN_POINT('Origin',(264.952740991861,90.2799034798069,1.15));
#8874=CARTESIAN_POINT('',(264.952740991861,90.2799034798069,1.65));
#8875=CARTESIAN_POINT('Origin',(259.709788005185,92.1299034798069,1.94999999999996));
#8876=CARTESIAN_POINT('',(259.709788005185,92.1299034798069,1.65));
#8877=CARTESIAN_POINT('Origin',(267.352740991861,90.2799034798069,1.15));
#8878=CARTESIAN_POINT('',(267.352740991861,93.6299034798069,1.65000004757307));
#8879=CARTESIAN_POINT('',(267.352740991861,90.2799034798069,1.65));
#8880=CARTESIAN_POINT('Origin',(267.352740991861,93.6299034798069,1.15));
#8881=CARTESIAN_POINT('Origin',(256.66683501851,93.6299034798069,1.45));
#8882=CARTESIAN_POINT('',(269.252740991861,93.6299034798069,1.65000004757307));
#8883=CARTESIAN_POINT('',(261.409788005185,93.6299034798069,1.6500001427192));
#8884=CARTESIAN_POINT('Origin',(269.252740991861,93.6299034798069,1.15));
#8885=CARTESIAN_POINT('Origin',(269.252740991861,90.2799034798069,1.15));
#8886=CARTESIAN_POINT('',(269.252740991861,90.2799034798069,1.65));
#8887=CARTESIAN_POINT('Origin',(259.709788005185,92.1299034798069,1.94999999999996));
#8888=CARTESIAN_POINT('',(271.552740991861,92.1299034798069,1.65));
#8889=CARTESIAN_POINT('Origin',(271.552740991861,92.1299034798069,1.94999999999996));
#8890=CARTESIAN_POINT('',(259.709788005185,92.1299034798069,1.65));
#8891=CARTESIAN_POINT('Origin',(269.37019778089,91.0735453965763,1.35));
#8892=CARTESIAN_POINT('',(269.37019778089,93.9299034798069,1.65));
#8893=CARTESIAN_POINT('Origin',(269.37019778089,93.9299034798069,1.35));
#8894=CARTESIAN_POINT('',(269.37019778089,91.0735453965763,1.65));
#8895=CARTESIAN_POINT('Origin',(268.495693978536,94.2299034798069,1.95));
#8896=CARTESIAN_POINT('',(268.495693978536,94.2299034798069,1.65));
#8897=CARTESIAN_POINT('Origin',(271.552740991861,92.1299034798069,1.15));
#8898=CARTESIAN_POINT('',(271.852740991861,92.1299034798069,1.55));
#8899=CARTESIAN_POINT('Origin',(272.032740991861,92.1299034798069,1.78999999999999));
#8900=CARTESIAN_POINT('Origin',(271.552740991861,92.1299034798069,1.15));
#8901=CARTESIAN_POINT('Ctrl Pts',(271.852740991856,92.1299034798071,1.5500000000037));
#8902=CARTESIAN_POINT('Ctrl Pts',(271.986074325194,92.1299034798074,1.4499999999964));
#8903=CARTESIAN_POINT('Ctrl Pts',(272.152740991869,92.1299034798069,1.45000000000017));
#8904=CARTESIAN_POINT('Ctrl Pts',(271.852740991857,91.8299034798065,1.55000000000332));
#8905=CARTESIAN_POINT('Ctrl Pts',(271.986074325194,91.8299034798069,1.4499999999965));
#8906=CARTESIAN_POINT('Ctrl Pts',(272.152740991868,91.8299034798064,1.45000000000028));
#8907=CARTESIAN_POINT('Ctrl Pts',(272.032740991861,91.8299034798068,1.79000000000042));
#8908=CARTESIAN_POINT('Ctrl Pts',(272.086074325194,91.8299034798069,1.74999999999929));
#8909=CARTESIAN_POINT('Ctrl Pts',(272.152740991861,91.8299034798067,1.7500000000008));
#8910=CARTESIAN_POINT('',(272.152740991861,92.1299034798069,1.45));
#8911=CARTESIAN_POINT('Origin',(272.152740991861,92.1299034798069,1.74999999999997));
#8912=CARTESIAN_POINT('Origin',(272.152740991861,92.1299034798069,1.95000000000001));
#8913=CARTESIAN_POINT('Origin',(262.609788005185,92.1299034798069,1.74999999999997));
#8914=CARTESIAN_POINT('',(262.609788005185,92.1299034798069,1.45));
#8915=CARTESIAN_POINT('Origin',(274.338646965212,90.9873889624573,1.75000000000001));
#8916=CARTESIAN_POINT('',(274.338646965212,93.6716459103114,1.45000000000001));
#8917=CARTESIAN_POINT('',(274.338646965212,90.9873889624573,1.45000000000001));
#8918=CARTESIAN_POINT('Ctrl Pts',(274.638646965212,94.1299034798069,1.75));
#8919=CARTESIAN_POINT('Ctrl Pts',(274.638646965212,94.0802882027143,1.71156817162058));
#8920=CARTESIAN_POINT('Ctrl Pts',(274.630894911147,94.0263418161665,1.66973459376259));
#8921=CARTESIAN_POINT('Ctrl Pts',(274.596553436474,93.9216854399994,1.59082832214389));
#8922=CARTESIAN_POINT('Ctrl Pts',(274.569943784378,93.8709530054979,1.55379421060847));
#8923=CARTESIAN_POINT('Ctrl Pts',(274.51356233489,93.7969588587561,1.50439352421819));
#8924=CARTESIAN_POINT('Ctrl Pts',(274.484353426044,93.7660720555754,1.48522015933369));
#8925=CARTESIAN_POINT('Ctrl Pts',(274.416442488001,93.711913136357,1.45796132147235));
#8926=CARTESIAN_POINT('Ctrl Pts',(274.377664100235,93.688674384087,1.45000000000001));
#8927=CARTESIAN_POINT('Ctrl Pts',(274.338646965212,93.6716459103113,1.45000000000001));
#8928=CARTESIAN_POINT('Origin',(273.33855924227,93.6299034798069,0.750000000000002));
#8929=CARTESIAN_POINT('Origin',(270.77055924227,93.6299034798069,0.750000000000002));
#8930=CARTESIAN_POINT('Origin',(270.17019778089,93.4772881379016,-0.449999999999995));
#8931=CARTESIAN_POINT('Ctrl Pts',(269.67019778089,93.9299034798069,-0.449999999999995));
#8932=CARTESIAN_POINT('Ctrl Pts',(269.67019778089,93.8914716514275,-0.400384722907406));
#8933=CARTESIAN_POINT('Ctrl Pts',(269.677949834955,93.8496380735693,-0.34643833635983));
#8934=CARTESIAN_POINT('Ctrl Pts',(269.712291309628,93.7707318019508,-0.241781960192595));
#8935=CARTESIAN_POINT('Ctrl Pts',(269.738900961724,93.7336976904154,-0.191049525691135));
#8936=CARTESIAN_POINT('Ctrl Pts',(269.795282411211,93.6842970040251,-0.117055378949276));
#8937=CARTESIAN_POINT('Ctrl Pts',(269.824491320058,93.6651236391406,-0.0861685757685998));
#8938=CARTESIAN_POINT('Ctrl Pts',(269.892402258101,93.6378648012793,-0.0320096565501591));
#8939=CARTESIAN_POINT('Ctrl Pts',(269.931180645867,93.6299034798069,-0.00877090428013731));
#8940=CARTESIAN_POINT('Ctrl Pts',(269.97019778089,93.6299034798069,0.0082575694955598));
#8941=CARTESIAN_POINT('Origin',(269.97019778089,93.9299034798069,-0.624749987029496));
#8942=CARTESIAN_POINT('Origin',(269.97019778089,93.9299034798069,1.35));
#8943=CARTESIAN_POINT('Origin',(269.37019778089,93.9299034798069,1.35));
#8944=CARTESIAN_POINT('Ctrl Pts',(269.37019778089,93.9299034798069,1.65));
#8945=CARTESIAN_POINT('Ctrl Pts',(269.453327247514,93.8467740131826,1.65));
#8946=CARTESIAN_POINT('Ctrl Pts',(269.554764762551,93.7487296649503,1.65));
#8947=CARTESIAN_POINT('Ctrl Pts',(269.725616922835,93.6567750797762,1.65));
#8948=CARTESIAN_POINT('Ctrl Pts',(269.813349796597,93.6299034798071,1.65));
#8949=CARTESIAN_POINT('Ctrl Pts',(269.88981302316,93.6299034798069,1.65));
#8950=CARTESIAN_POINT('Origin',(260.352740991861,88.1299034798069,1.65));
#8951=CARTESIAN_POINT('',(271.552740991861,90.2799034798069,1.65));
#8952=CARTESIAN_POINT('Origin',(271.552740991861,90.2799034798069,1.15));
#8953=CARTESIAN_POINT('',(271.852740991861,90.2799034798069,1.55));
#8954=CARTESIAN_POINT('Origin',(272.152740991861,90.2799034798069,1.95000000000001));
#8955=CARTESIAN_POINT('',(272.152740991861,90.2799034798069,1.45000000000001));
#8956=CARTESIAN_POINT('Origin',(266.152740991861,92.2299034798069,1.45));
#8957=CARTESIAN_POINT('Origin',(274.138646965212,94.1299034798069,1.45));
#8958=CARTESIAN_POINT('Origin',(274.138646965212,94.1299034798069,-0.849999999999898));
#8959=UNCERTAINTY_MEASURE_WITH_UNIT(LENGTH_MEASURE(0.01),#8963,
'DISTANCE_ACCURACY_VALUE',
'Maximum model space distance between geometric entities at asserted c
onnectivities');
#8960=UNCERTAINTY_MEASURE_WITH_UNIT(LENGTH_MEASURE(0.01),#8963,
'DISTANCE_ACCURACY_VALUE',
'Maximum model space distance between geometric entities at asserted c
onnectivities');
#8961=(
GEOMETRIC_REPRESENTATION_CONTEXT(3)
GLOBAL_UNCERTAINTY_ASSIGNED_CONTEXT((#8959))
GLOBAL_UNIT_ASSIGNED_CONTEXT((#8963,#8965,#8966))
REPRESENTATION_CONTEXT('','3D')
);
#8962=(
GEOMETRIC_REPRESENTATION_CONTEXT(3)
GLOBAL_UNCERTAINTY_ASSIGNED_CONTEXT((#8960))
GLOBAL_UNIT_ASSIGNED_CONTEXT((#8963,#8965,#8966))
REPRESENTATION_CONTEXT('','3D')
);
#8963=(
LENGTH_UNIT()
NAMED_UNIT(*)
SI_UNIT(.MILLI.,.METRE.)
);
#8964=(
LENGTH_UNIT()
NAMED_UNIT(*)
SI_UNIT($,.METRE.)
);
#8965=(
NAMED_UNIT(*)
PLANE_ANGLE_UNIT()
SI_UNIT($,.RADIAN.)
);
#8966=(
NAMED_UNIT(*)
SI_UNIT($,.STERADIAN.)
SOLID_ANGLE_UNIT()
);
#8967=SHAPE_DEFINITION_REPRESENTATION(#8968,#8969);
#8968=PRODUCT_DEFINITION_SHAPE('',$,#8971);
#8969=SHAPE_REPRESENTATION('',(#4702),#8961);
#8970=PRODUCT_DEFINITION_CONTEXT('part definition',#8975,'design');
#8971=PRODUCT_DEFINITION('EasyEDA PCB Model~3Emu','(Unsaved)',#8972,#8970);
#8972=PRODUCT_DEFINITION_FORMATION('',$,#8977);
#8973=PRODUCT_RELATED_PRODUCT_CATEGORY('(Unsaved)','(Unsaved)',(#8977));
#8974=APPLICATION_PROTOCOL_DEFINITION('international standard',
'automotive_design',2009,#8975);
#8975=APPLICATION_CONTEXT(
'Core Data for Automotive Mechanical Design Process');
#8976=PRODUCT_CONTEXT('part definition',#8975,'mechanical');
#8977=PRODUCT('EasyEDA PCB Model~3Emu','(Unsaved)',
'Designed by EasyEDA Pro',(#8976));
#8978=PRESENTATION_STYLE_ASSIGNMENT((#8980));
#8979=PRESENTATION_STYLE_ASSIGNMENT((#8981));
#8980=SURFACE_STYLE_USAGE(.BOTH.,#8982);
#8981=SURFACE_STYLE_USAGE(.BOTH.,#8983);
#8982=SURFACE_SIDE_STYLE('',(#8984));
#8983=SURFACE_SIDE_STYLE('',(#8985));
#8984=SURFACE_STYLE_FILL_AREA(#8986);
#8985=SURFACE_STYLE_FILL_AREA(#8987);
#8986=FILL_AREA_STYLE('Steel - Satin',(#8988));
#8987=FILL_AREA_STYLE('Opaque(255,211,107)',(#8989));
#8988=FILL_AREA_STYLE_COLOUR('Steel - Satin',#8990);
#8989=FILL_AREA_STYLE_COLOUR('Opaque(255,211,107)',#8991);
#8990=COLOUR_RGB('Steel - Satin',0.627450980392157,0.627450980392157,0.627450980392157);
#8991=COLOUR_RGB('Opaque(255,211,107)',1.,0.827450980392157,0.419607843137255);
ENDSEC;
END-ISO-10303-21;
