  0
SECTION
  2
HEADER
  9
$ACADVER
  1
AC1018
  9
$ACADMAINTVER
 70
   104
  9
$DWGCODEPAGE
  3
ANSI_936
  9
$LASTSAVEDBY
  1
123456
  9
$INSBASE
 10
0.0
 20
0.0
 30
0.0
  9
$EXTMIN
 10
188.1732177734
 20
1393.0212402344
 30
0.0
  9
$EXTMAX
 10
1137.415405286021
 20
1580.125244206167
 30
0.0
  9
$LIMMIN
 10
0.0
 20
0.0
  9
$LIMMAX
 10
12.0
 20
9.0
  9
$ORTHOMODE
 70
     0
  9
$REGENMODE
 70
     1
  9
$FILLMODE
 70
     1
  9
$QTEXTMODE
 70
     0
  9
$MIRRTEXT
 70
     1
  9
$LTSCALE
 40
1.0
  9
$ATTMODE
 70
     1
  9
$TEXTSIZE
 40
0.2
  9
$TRACEWID
 40
0.05
  9
$TEXTSTYLE
  7
STANDARD
  9
$CLAYER
  8
0
  9
$CELTYPE
  6
ByLayer
  9
$CECOLOR
 62
   256
  9
$CELTSCALE
 40
1.0
  9
$DISPSILH
 70
     0
  9
$DIMSCALE
 40
1.0
  9
$DIMASZ
 40
0.18
  9
$DIMEXO
 40
0.0625
  9
$DIMDLI
 40
0.38
  9
$DIMRND
 40
0.0
  9
$DIMDLE
 40
0.0
  9
$DIMEXE
 40
0.18
  9
$DIMTP
 40
0.0
  9
$DIMTM
 40
0.0
  9
$DIMTXT
 40
0.18
  9
$DIMCEN
 40
0.09
  9
$DIMTSZ
 40
0.0
  9
$DIMTOL
 70
     0
  9
$DIMLIM
 70
     0
  9
$DIMTIH
 70
     1
  9
$DIMTOH
 70
     1
  9
$DIMSE1
 70
     0
  9
$DIMSE2
 70
     0
  9
$DIMTAD
 70
     0
  9
$DIMZIN
 70
     0
  9
$DIMBLK
  1

  9
$DIMASO
 70
     1
  9
$DIMSHO
 70
     1
  9
$DIMPOST
  1

  9
$DIMAPOST
  1

  9
$DIMALT
 70
     0
  9
$DIMALTD
 70
     2
  9
$DIMALTF
 40
25.4
  9
$DIMLFAC
 40
1.0
  9
$DIMTOFL
 70
     0
  9
$DIMTVP
 40
0.0
  9
$DIMTIX
 70
     0
  9
$DIMSOXD
 70
     0
  9
$DIMSAH
 70
     0
  9
$DIMBLK1
  1

  9
$DIMBLK2
  1

  9
$DIMSTYLE
  2
Standard
  9
$DIMCLRD
 70
     0
  9
$DIMCLRE
 70
     0
  9
$DIMCLRT
 70
     0
  9
$DIMTFAC
 40
1.0
  9
$DIMGAP
 40
0.09
  9
$DIMJUST
 70
     0
  9
$DIMSD1
 70
     0
  9
$DIMSD2
 70
     0
  9
$DIMTOLJ
 70
     1
  9
$DIMTZIN
 70
     0
  9
$DIMALTZ
 70
     0
  9
$DIMALTTZ
 70
     0
  9
$DIMUPT
 70
     0
  9
$DIMDEC
 70
     4
  9
$DIMTDEC
 70
     4
  9
$DIMALTU
 70
     2
  9
$DIMALTTD
 70
     2
  9
$DIMTXSTY
  7
STANDARD
  9
$DIMAUNIT
 70
     0
  9
$DIMADEC
 70
     0
  9
$DIMALTRND
 40
0.0
  9
$DIMAZIN
 70
     0
  9
$DIMDSEP
 70
    46
  9
$DIMATFIT
 70
     3
  9
$DIMFRAC
 70
     0
  9
$DIMLDRBLK
  1

  9
$DIMLUNIT
 70
     2
  9
$DIMLWD
 70
    -2
  9
$DIMLWE
 70
    -2
  9
$DIMTMOVE
 70
     0
  9
$LUNITS
 70
     2
  9
$LUPREC
 70
     4
  9
$SKETCHINC
 40
0.1
  9
$FILLETRAD
 40
0.0
  9
$AUNITS
 70
     0
  9
$AUPREC
 70
     0
  9
$MENU
  1
aDXF
  9
$ELEVATION
 40
0.0
  9
$PELEVATION
 40
0.0
  9
$THICKNESS
 40
0.0
  9
$LIMCHECK
 70
     0
  9
$CHAMFERA
 40
0.0
  9
$CHAMFERB
 40
0.0
  9
$CHAMFERC
 40
0.0
  9
$CHAMFERD
 40
0.0
  9
$SKPOLY
 70
     0
  9
$TDCREATE
 40
2450406.327847222
  9
$TDUCREATE
 40
2450405.994513889
  9
$TDUPDATE
 40
2459933.549097222
  9
$TDUUPDATE
 40
2459933.215763889
  9
$TDINDWG
 40
0.0002430556
  9
$TDUSRTIMER
 40
0.0002430556
  9
$USRTIMER
 70
     1
  9
$ANGBASE
 50
0.0
  9
$ANGDIR
 70
     0
  9
$PDMODE
 70
     0
  9
$PDSIZE
 40
0.0
  9
$PLINEWID
 40
0.0
  9
$SPLFRAME
 70
     0
  9
$SPLINETYPE
 70
     6
  9
$SPLINESEGS
 70
     8
  9
$HANDSEED
  5
2B8F
  9
$SURFTAB1
 70
     6
  9
$SURFTAB2
 70
     6
  9
$SURFTYPE
 70
     6
  9
$SURFU
 70
     6
  9
$SURFV
 70
     6
  9
$UCSBASE
  2

  9
$UCSNAME
  2

  9
$UCSORG
 10
0.0
 20
0.0
 30
0.0
  9
$UCSXDIR
 10
1.0
 20
0.0
 30
0.0
  9
$UCSYDIR
 10
0.0
 20
1.0
 30
0.0
  9
$UCSORTHOREF
  2

  9
$UCSORTHOVIEW
 70
     0
  9
$UCSORGTOP
 10
0.0
 20
0.0
 30
0.0
  9
$UCSORGBOTTOM
 10
0.0
 20
0.0
 30
0.0
  9
$UCSORGLEFT
 10
0.0
 20
0.0
 30
0.0
  9
$UCSORGRIGHT
 10
0.0
 20
0.0
 30
0.0
  9
$UCSORGFRONT
 10
0.0
 20
0.0
 30
0.0
  9
$UCSORGBACK
 10
0.0
 20
0.0
 30
0.0
  9
$PUCSBASE
  2

  9
$PUCSNAME
  2

  9
$PUCSORG
 10
0.0
 20
0.0
 30
0.0
  9
$PUCSXDIR
 10
1.0
 20
0.0
 30
0.0
  9
$PUCSYDIR
 10
0.0
 20
1.0
 30
0.0
  9
$PUCSORTHOREF
  2

  9
$PUCSORTHOVIEW
 70
     0
  9
$PUCSORGTOP
 10
0.0
 20
0.0
 30
0.0
  9
$PUCSORGBOTTOM
 10
0.0
 20
0.0
 30
0.0
  9
$PUCSORGLEFT
 10
0.0
 20
0.0
 30
0.0
  9
$PUCSORGRIGHT
 10
0.0
 20
0.0
 30
0.0
  9
$PUCSORGFRONT
 10
0.0
 20
0.0
 30
0.0
  9
$PUCSORGBACK
 10
0.0
 20
0.0
 30
0.0
  9
$USERI1
 70
     0
  9
$USERI2
 70
     0
  9
$USERI3
 70
     0
  9
$USERI4
 70
     0
  9
$USERI5
 70
     0
  9
$USERR1
 40
0.0
  9
$USERR2
 40
0.0
  9
$USERR3
 40
0.0
  9
$USERR4
 40
0.0
  9
$USERR5
 40
0.0
  9
$WORLDVIEW
 70
     1
  9
$SHADEDGE
 70
     3
  9
$SHADEDIF
 70
    70
  9
$TILEMODE
 70
     1
  9
$MAXACTVP
 70
    16
  9
$PINSBASE
 10
0.0
 20
0.0
 30
0.0
  9
$PLIMCHECK
 70
     0
  9
$PEXTMIN
 10
1.000000000000000E+20
 20
1.000000000000000E+20
 30
1.000000000000000E+20
  9
$PEXTMAX
 10
-1.000000000000000E+20
 20
-1.000000000000000E+20
 30
-1.000000000000000E+20
  9
$PLIMMIN
 10
0.0
 20
0.0
  9
$PLIMMAX
 10
12.0
 20
9.0
  9
$UNITMODE
 70
     0
  9
$VISRETAIN
 70
     0
  9
$PLINEGEN
 70
     0
  9
$PSLTSCALE
 70
     1
  9
$TREEDEPTH
 70
  3020
  9
$CMLSTYLE
  2
Standard
  9
$CMLJUST
 70
     0
  9
$CMLSCALE
 40
1.0
  9
$PROXYGRAPHICS
 70
     1
  9
$MEASUREMENT
 70
     0
  9
$CELWEIGHT
370
    -1
  9
$ENDCAPS
280
     0
  9
$JOINSTYLE
280
     0
  9
$LWDISPLAY
290
     0
  9
$INSUNITS
 70
     0
  9
$HYPERLINKBASE
  1

  9
$STYLESHEET
  1

  9
$XEDIT
290
     1
  9
$CEPSNTYPE
380
     0
  9
$PSTYLEMODE
290
     1
  9
$FINGERPRINTGUID
  2
{FCE55E99-DA34-404D-BFB4-EAB931B0E17A}
  9
$VERSIONGUID
  2
{899F56C5-F6AE-A949-ABB2-6DE92F24DB64}
  9
$EXTNAMES
290
     1
  9
$PSVPSCALE
 40
0.0
  9
$OLESTARTUP
290
     0
  9
$SORTENTS
280
   127
  9
$INDEXCTL
280
     0
  9
$HIDETEXT
280
     0
  9
$XCLIPFRAME
290
     0
  9
$HALOGAP
280
     0
  9
$OBSCOLOR
 70
   257
  9
$OBSLTYPE
280
     0
  9
$INTERSECTIONDISPLAY
280
     0
  9
$INTERSECTIONCOLOR
 70
   257
  9
$DIMASSOC
280
     1
  9
$PROJECTNAME
  1

  0
ENDSEC
  0
SECTION
  2
CLASSES
  0
CLASS
  1
ACDBDICTIONARYWDFLT
  2
AcDbDictionaryWithDefault
  3
ObjectDBX Classes
 90
        0
 91
        1
280
     0
281
     0
  0
CLASS
  1
MATERIAL
  2
AcDbMaterial
  3
ObjectDBX Classes
 90
     1153
 91
        3
280
     0
281
     0
  0
CLASS
  1
VISUALSTYLE
  2
AcDbVisualStyle
  3
ObjectDBX Classes
 90
     4095
 91
       24
280
     0
281
     0
  0
CLASS
  1
SCALE
  2
AcDbScale
  3
ObjectDBX Classes
 90
     1153
 91
       17
280
     0
281
     0
  0
CLASS
  1
TABLESTYLE
  2
AcDbTableStyle
  3
ObjectDBX Classes
 90
     4095
 91
        1
280
     0
281
     0
  0
CLASS
  1
MLEADERSTYLE
  2
AcDbMLeaderStyle
  3
ACDB_MLEADERSTYLE_CLASS
 90
     4095
 91
        1
280
     0
281
     0
  0
CLASS
  1
ACDBSECTIONVIEWSTYLE
  2
AcDbSectionViewStyle
  3
ObjectDBX Classes
 90
     1025
 91
        1
280
     0
281
     0
  0
CLASS
  1
ACDBDETAILVIEWSTYLE
  2
AcDbDetailViewStyle
  3
ObjectDBX Classes
 90
     1025
 91
        1
280
     0
281
     0
  0
CLASS
  1
DICTIONARYVAR
  2
AcDbDictionaryVar
  3
ObjectDBX Classes
 90
        0
 91
        6
280
     0
281
     0
  0
CLASS
  1
CELLSTYLEMAP
  2
AcDbCellStyleMap
  3
ObjectDBX Classes
 90
     1152
 91
        1
280
     0
281
     0
  0
ENDSEC
  0
SECTION
  2
TABLES
  0
TABLE
  2
VPORT
  5
8
330
0
100
AcDbSymbolTable
 70
     1
  0
VPORT
  5
73
330
8
100
AcDbSymbolTableRecord
100
AcDbViewportTableRecord
  2
*ACTIVE
 70
     0
 10
0.0
 20
0.0
 11
1.0
 21
1.0
 12
804.6205223198285
 22
1129.598834447857
 13
0.0
 23
0.0
 14
1.0
 24
1.0
 15
0.0
 25
0.0
 16
0.0
 26
0.0
 36
1.0
 17
0.0
 27
0.0
 37
0.0
 40
1598.166580306645
 41
1.74015748031496
 42
50.0
 43
0.0
 44
0.0
 50
0.0
 51
0.0
 71
     0
 72
   100
 73
     1
 74
     1
 75
     0
 76
     0
 77
     0
 78
     0
281
     0
 65
     1
110
0.0
120
0.0
130
0.0
111
1.0
121
0.0
131
0.0
112
0.0
122
1.0
132
0.0
 79
     0
146
0.0
1001
ACAD_NAV_VCDISPLAY
1070
     3
  0
ENDTAB
  0
TABLE
  2
LTYPE
  5
5
330
0
100
AcDbSymbolTable
 70
     1
  0
LTYPE
  5
5A
330
5
100
AcDbSymbolTableRecord
100
AcDbLinetypeTableRecord
  2
ByBlock
 70
     0
  3

 72
    65
 73
     0
 40
0.0
  0
LTYPE
  5
5B
330
5
100
AcDbSymbolTableRecord
100
AcDbLinetypeTableRecord
  2
ByLayer
 70
     0
  3

 72
    65
 73
     0
 40
0.0
  0
LTYPE
  5
5C
330
5
100
AcDbSymbolTableRecord
100
AcDbLinetypeTableRecord
  2
CONTINUOUS
 70
     0
  3
Solid line
 72
    65
 73
     0
 40
0.0
  0
ENDTAB
  0
TABLE
  2
LAYER
  5
2
330
0
100
AcDbSymbolTable
 70
     1
  0
LAYER
  5
54
102
{ACAD_XDICTIONARY
360
2B49
102
}
330
2
100
AcDbSymbolTableRecord
100
AcDbLayerTableRecord
  2
0
 70
     0
 62
     7
  6
CONTINUOUS
370
    -3
390
F
  0
ENDTAB
  0
TABLE
  2
STYLE
  5
3
330
0
100
AcDbSymbolTable
 70
     2
  0
STYLE
  5
55
330
3
100
AcDbSymbolTableRecord
100
AcDbTextStyleTableRecord
  2
STANDARD
 70
     0
 40
0.0
 41
1.0
 50
0.0
 71
     0
 42
0.2
  3
txt
  4

  0
STYLE
  5
59
330
3
100
AcDbSymbolTableRecord
100
AcDbTextStyleTableRecord
  2
Annotative
 70
     0
 40
0.0
 41
1.0
 50
0.0
 71
     0
 42
0.2
  3
txt
  4

1001
AcadAnnotative
1000
AnnotativeData
1002
{
1070
     1
1070
     1
1002
}
  0
ENDTAB
  0
TABLE
  2
VIEW
  5
6
330
0
100
AcDbSymbolTable
 70
     0
  0
ENDTAB
  0
TABLE
  2
UCS
  5
7
330
0
100
AcDbSymbolTable
 70
     0
  0
ENDTAB
  0
TABLE
  2
APPID
  5
9
330
0
100
AcDbSymbolTable
 70
     5
  0
APPID
  5
56
330
9
100
AcDbSymbolTableRecord
100
AcDbRegAppTableRecord
  2
ACAD
 70
     0
  0
APPID
  5
5D
330
9
100
AcDbSymbolTableRecord
100
AcDbRegAppTableRecord
  2
AcadAnnotative
 70
     0
  0
APPID
  5
74
330
9
100
AcDbSymbolTableRecord
100
AcDbRegAppTableRecord
  2
ADXF
 70
     0
  0
APPID
  5
2B52
330
9
100
AcDbSymbolTableRecord
100
AcDbRegAppTableRecord
  2
ACAD_NAV_VCDISPLAY
 70
     0
  0
APPID
  5
2B8A
330
9
100
AcDbSymbolTableRecord
100
AcDbRegAppTableRecord
  2
ACAD_MLEADERVER
 70
     0
  0
ENDTAB
  0
TABLE
  2
DIMSTYLE
  5
A
330
0
100
AcDbSymbolTable
 70
     2
100
AcDbDimStyleTable
 71
     0
  0
DIMSTYLE
105
57
330
A
100
AcDbSymbolTableRecord
100
AcDbDimStyleTableRecord
  2
Standard
 70
     0
340
55
  0
DIMSTYLE
105
58
330
A
100
AcDbSymbolTableRecord
100
AcDbDimStyleTableRecord
  2
Annotative
 70
     0
340
55
1001
AcadAnnotative
1000
AnnotativeData
1002
{
1070
     1
1070
     1
1002
}
  0
ENDTAB
  0
TABLE
  2
BLOCK_RECORD
  5
1
330
0
100
AcDbSymbolTable
 70
     0
  0
BLOCK_RECORD
  5
6F
330
1
100
AcDbSymbolTableRecord
100
AcDbBlockTableRecord
  2
*Model_Space
340
72
  0
BLOCK_RECORD
  5
6B
330
1
100
AcDbSymbolTableRecord
100
AcDbBlockTableRecord
  2
*Paper_Space
340
6E
  0
ENDTAB
  0
ENDSEC
  0
SECTION
  2
BLOCKS
  0
BLOCK
  5
70
330
6F
100
AcDbEntity
  8
0
100
AcDbBlockBegin
  2
*Model_Space
 70
     0
 10
0.0
 20
0.0
 30
0.0
  3
*Model_Space
  1

  0
ENDBLK
  5
71
330
6F
100
AcDbEntity
  8
0
100
AcDbBlockEnd
  0
BLOCK
  5
6C
330
6B
100
AcDbEntity
 67
     1
  8
0
100
AcDbBlockBegin
  2
*Paper_Space
 70
     0
 10
0.0
 20
0.0
 30
0.0
  3
*Paper_Space
  1

  0
ENDBLK
  5
6D
330
6B
100
AcDbEntity
 67
     1
  8
0
100
AcDbBlockEnd
  0
ENDSEC
  0
SECTION
  2
ENTITIES
  0
LWPOLYLINE
  5
76
330
6F
100
AcDbEntity
  8
0
100
AcDbPolyline
 90
       14
 70
     0
 43
0.0
 10
259.3863220215
 20
1511.5073242188
 42
0.2436000258
 10
259.4105834961
 20
1511.5200195313
 42
0.114652887
 10
259.4674072266
 20
1511.6644287109
 42
0.0668665841
 10
259.4886474609
 20
1513.2142333984
 42
0.0456733778
 10
259.4426269531
 20
1513.4287109375
 42
0.0739252567
 10
259.4105834961
 20
1513.4945068359
 42
0.2430946976
 10
259.3863525391
 20
1513.5073242188
 10
219.1428375244
 20
1513.5072021484
 42
0.2428306787999999
 10
219.1185760498
 20
1513.4945068359
 42
0.1147226468
 10
219.0616455078
 20
1513.3498535156
 42
0.0739186928
 10
219.0625610352
 20
1511.6619873047
 42
0.1148079857
 10
219.1185913086
 20
1511.5200195313
 42
0.2498444915
 10
219.1428833008
 20
1511.5073242188
 10
259.3863525391
 20
1511.5073242188
  0
LWPOLYLINE
  5
86
330
6F
100
AcDbEntity
  8
0
100
AcDbPolyline
 90
       14
 70
     0
 43
0.0
 10
309.9192810059
 20
1511.5073242188
 42
0.2433595061
 10
309.9435424805
 20
1511.5200195313
 42
0.1139640883
 10
310.0004882813
 20
1511.6646728516
 42
0.0739186928
 10
309.9995727539
 20
1513.3525390625
 42
0.1142158434
 10
309.9435424805
 20
1513.4945068359
 42
0.2499677539
 10
309.9192504883
 20
1513.5073242188
 10
269.6757507324
 20
1513.5072021484
 42
0.2436000258
 10
269.651550293
 20
1513.4943847656
 42
0.1147368029
 10
269.5947265625
 20
1513.3500976563
 42
0.0668645501
 10
269.5734863281
 20
1511.8002929688
 42
0.0459283106
 10
269.6195068359
 20
1511.5859375
 42
0.075229004
 10
269.651550293
 20
1511.5200195313
 42
0.2509617805
 10
269.67578125
 20
1511.5073242188
 10
309.9192504883
 20
1511.5073242188
  0
LWPOLYLINE
  5
96
330
6F
100
AcDbEntity
  8
0
100
AcDbPolyline
 90
       14
 70
     0
 43
0.0
 10
360.4521179199
 20
1511.5072021484
 42
0.2507150173
 10
360.4763793945
 20
1511.5200195313
 42
0.1147285402
 10
360.5332641602
 20
1511.6644287109
 42
0.0668718889
 10
360.5544433594
 20
1513.2142333984
 42
0.0459296554
 10
360.5084228516
 20
1513.4285888672
 42
0.075229004
 10
360.4763793945
 20
1513.4945068359
 42
0.2436000258
 10
360.4521484375
 20
1513.5073242188
 10
320.2086486816
 20
1513.5072021484
 42
0.2433595061
 10
320.184387207
 20
1513.4945068359
 42
0.1145361364
 10
320.1274414063
 20
1513.3498535156
 42
0.0739186928
 10
320.1283569336
 20
1511.6619873047
 42
0.1148079857
 10
320.184387207
 20
1511.5200195313
 42
0.2499677539
 10
320.2086791992
 20
1511.5073242188
 10
360.4521484375
 20
1511.5073242188
  0
LWPOLYLINE
  5
A6
330
6F
100
AcDbEntity
  8
0
100
AcDbPolyline
 90
        9
 70
     0
 43
0.0
 10
417.1114196777
 20
1511.5073242188
 42
0.3746431768
 10
417.1994628905999
 20
1511.5841064453
 42
0.0680375546
 10
417.1994628905999
 20
1513.4304199219
 42
0.374656111
 10
417.1113891601999
 20
1513.5073242188
 10
370.7635498047
 20
1513.5072021484
 42
0.3758027852000001
 10
370.6754150391
 20
1513.4304199219
 42
0.0680044964
 10
370.6754150391
 20
1511.5841064453
 42
0.374656111
 10
370.7635498047
 20
1511.5073242188
 10
417.1113891601999
 20
1511.5073242188
  0
LWPOLYLINE
  5
B1
330
6F
100
AcDbEntity
  8
0
100
AcDbPolyline
 90
       13
 70
     0
 43
0.0
 10
258.4612426758
 20
1530.5572509766
 42
0.2356823832
 10
258.4871826172
 20
1530.5703125
 42
0.1196503937
 10
258.5457763672
 20
1530.7103271484
 42
0.0792757645
 10
258.5462646484
 20
1532.4025878906
 42
0.1195402294
 10
258.4871826172
 20
1532.5441894531
 42
0.228452161
 10
258.4612426758
 20
1532.5572509766
 10
213.9868774414
 20
1532.5572509766
 42
0.2356823832
 10
213.9609832764
 20
1532.5440673828
 42
0.1198880747
 10
213.9022216797
 20
1532.4036865234
 42
0.0792806074
 10
213.9018554688
 20
1530.7119140625
 42
0.1195310503
 10
213.9609985352
 20
1530.5703125
 42
0.2278541327
 10
213.9869384766
 20
1530.5572509766
 10
258.4612426758
 20
1530.5572509766
  0
LWPOLYLINE
  5
C0
330
6F
100
AcDbEntity
  8
0
100
AcDbPolyline
 90
       13
 70
     0
 43
0.0
 10
313.243347168
 20
1530.5572509766
 42
0.2356823832
 10
313.2692871094
 20
1530.5703125
 42
0.1196503937
 10
313.3278808594
 20
1530.7103271484
 42
0.0792757645
 10
313.3283691406
 20
1532.4025878906
 42
0.1195402294
 10
313.2692871094
 20
1532.5441894531
 42
0.228452161
 10
313.243347168
 20
1532.5572509766
 10
268.7689819336
 20
1532.5572509766
 42
0.2356823832
 10
268.7431030273
 20
1532.5440673828
 42
0.1200682595
 10
268.6843261719
 20
1532.4036865234
 42
0.0792986453
 10
268.6839599609
 20
1530.7119140625
 42
0.1195310503
 10
268.7431030273
 20
1530.5703125
 42
0.228452161
 10
268.7690429688
 20
1530.5572509766
 10
313.243347168
 20
1530.5572509766
  0
LWPOLYLINE
  5
CF
330
6F
100
AcDbEntity
  8
0
100
AcDbPolyline
 90
       13
 70
     0
 43
0.0
 10
368.0254516601999
 20
1530.5572509766
 42
0.2361303866
 10
368.0513305664
 20
1530.5703125
 42
0.1201705784
 10
368.1104125977
 20
1530.7113037109
 42
0.0790860504
 10
368.1107177734
 20
1532.4022216797
 42
0.1201029718
 10
368.0513305664
 20
1532.5441894531
 42
0.2361303866
 10
368.0254516601999
 20
1532.5572509766
 10
323.5510864258
 20
1532.5572509766
 42
0.2356823832
 10
323.5252075195
 20
1532.5440673828
 42
0.1200682595
 10
323.4664306641
 20
1532.4036865234
 42
0.0792986453
 10
323.4660644531
 20
1530.7119140625
 42
0.1195310503
 10
323.5252075195
 20
1530.5703125
 42
0.228452161
 10
323.5511474609
 20
1530.5572509766
 10
368.0254516601999
 20
1530.5572509766
  0
LWPOLYLINE
  5
DE
330
6F
100
AcDbEntity
  8
0
100
AcDbPolyline
 90
       17
 70
     0
 43
0.0
 10
428.4970703125
 20
1530.5572509766
 42
0.2286984622
 10
428.5279846191
 20
1530.5720214844
 42
0.0809680596
 10
428.5645446776999
 20
1530.6358642578
 42
0.0548888892
 10
428.6213378905999
 20
1530.857421875
 42
0.0712799951
 10
428.619720459
 20
1532.2642822266
 42
0.0540384538
 10
428.5645751953
 20
1532.4786376953
 42
0.0826499909
 10
428.5279846191
 20
1532.5424804688
 42
0.2286984622
 10
428.4970703125
 20
1532.5572509766
 10
378.3528442383
 20
1532.5572509766
 42
0.2286984622
 10
378.3219604492
 20
1532.5424804688
 42
0.0826329514
 10
378.2853393555
 20
1532.4786376953
 42
0.054628782
 10
378.2285766601999
 20
1532.2570800781
 42
0.0713233799
 10
378.2301635742
 20
1530.8502197266
 42
0.0540384538
 10
378.2853393555
 20
1530.6358642578
 42
0.0826329514
 10
378.3219604492
 20
1530.5720214844
 42
0.2288824022
 10
378.3528442383
 20
1530.5572509766
 10
428.4970703125
 20
1530.5572509766
  0
LWPOLYLINE
  5
F1
330
6F
100
AcDbEntity
  8
0
100
AcDbPolyline
 90
       13
 70
     0
 43
0.0
 10
267.7427978516
 20
1492.4571533203
 42
0.2223198116
 10
267.7705078125
 20
1492.4708251953
 42
0.1235306785
 10
267.8325195313
 20
1492.6121826172
 42
0.0837121531
 10
267.8316040039
 20
1494.3044433594
 42
0.1246346235
 10
267.7705078125
 20
1494.4437255859
 42
0.2373962402
 10
267.7428588867
 20
1494.4572753906
 10
223.923034668
 20
1494.4572753906
 42
0.2298429906
 10
223.8953704834
 20
1494.4437255859
 42
0.1240760386
 10
223.8348388672
 20
1494.3062744141
 42
0.0843044147
 10
223.8344726563
 20
1492.6091308594
 42
0.1239647493
 10
223.8953704834
 20
1492.4708251953
 42
0.230112046
 10
223.923034668
 20
1492.4572753906
 10
267.7428588867
 20
1492.4572753906
  0
LWPOLYLINE
  5
100
330
6F
100
AcDbEntity
  8
0
100
AcDbPolyline
 90
       13
 70
     0
 43
0.0
 10
321.8871459961
 20
1492.4571533203
 42
0.2223198116
 10
321.914855957
 20
1492.4708251953
 42
0.1235306785
 10
321.9768676758
 20
1492.6121826172
 42
0.0837121531
 10
321.9759521484
 20
1494.3044433594
 42
0.1246346235
 10
321.914855957
 20
1494.4437255859
 42
0.2373962402
 10
321.8872070313
 20
1494.4572753906
 10
278.0673828125
 20
1494.4572753906
 42
0.2378191948
 10
278.0397949219
 20
1494.4437255859
 42
0.12448062
 10
277.977355957
 20
1494.3013916016
 42
0.0835919827
 10
277.9784545898
 20
1492.6103515625
 42
0.1230959594
 10
278.0397949219
 20
1492.4708251953
 42
0.2315105796
 10
278.0673828125
 20
1492.4572753906
 10
321.8872070313
 20
1492.4572753906
  0
LWPOLYLINE
  5
10F
330
6F
100
AcDbEntity
  8
0
100
AcDbPolyline
 90
       13
 70
     0
 43
0.0
 10
376.0315246582
 20
1492.4572753906
 42
0.2369652241
 10
376.0591430664
 20
1492.4708251953
 42
0.1245386899
 10
376.1213989258
 20
1492.6127929688
 42
0.083759971
 10
376.119934082
 20
1494.3055419922
 42
0.1241886392
 10
376.0591430664
 20
1494.4437255859
 42
0.2369652241
 10
376.0315551758
 20
1494.4572753906
 10
332.211730957
 20
1494.4572753906
 42
0.229405269
 10
332.1840820313
 20
1494.4437255859
 42
0.1240709573
 10
332.1235351563
 20
1494.3062744141
 42
0.0843044147
 10
332.1231689453
 20
1492.6091308594
 42
0.1239647493
 10
332.1840820313
 20
1492.4708251953
 42
0.230214864
 10
332.211730957
 20
1492.4572753906
 10
376.0315551758
 20
1492.4572753906
  0
LWPOLYLINE
  5
11E
330
6F
100
AcDbEntity
  8
0
100
AcDbPolyline
 90
       10
 70
     0
 43
0.0
 10
425.1440734863
 20
1492.4572753906
 42
0.3809038103
 10
425.2189331054999
 20
1492.5240478516
 42
0.0289327502
 10
425.2732543945
 20
1493.458984375
 42
0.0291887019
 10
425.2189025878999
 20
1494.390625
 42
0.3812901378
 10
425.1440429687999
 20
1494.4572753906
 10
386.3374938965
 20
1494.4572753906
 42
0.3809038103
 10
386.2625732422
 20
1494.390625
 42
0.0580406785
 10
386.2625732422
 20
1492.5240478516
 42
0.3809038103
 10
386.3374633789
 20
1492.4572753906
 10
425.1440429687999
 20
1492.4572753906
  0
LWPOLYLINE
  5
12A
330
6F
100
AcDbEntity
  8
0
100
AcDbPolyline
 90
      106
 70
     0
 43
0.0
 10
252.0944213867
 20
1550.0805664063
 10
217.6236572266
 20
1550.0806884766
 42
-0.2678458989
 10
216.7576293945
 20
1550.5806884766
 10
214.91015625
 20
1555.8555908203
 42
0.2679229379
 10
212.7450561523
 20
1557.1057128906
 10
212.7296142578
 20
1556.1057128906
 42
-1.0
 10
209.2296142578
 20
1556.1057128906
 10
209.2091369629
 20
1557.1055908203
 42
0.2679243684
 10
207.0440673828
 20
1555.8557128906
 10
205.1965332031
 20
1550.5806884766
 42
-0.2680832446
 10
204.3305664063
 20
1550.0806884766
 10
189.1731872559
 20
1550.0806884766
 42
0.4142671824000001
 10
188.1732177734
 20
1549.0806884766
 10
188.1829833984
 20
1456.8812255859
 10
189.1829833984
 20
1455.8812255859
 10
204.3305511475
 20
1455.8804931641
 42
-0.2680938542
 10
205.1965332031
 20
1455.3806152344
 10
207.044052124
 20
1450.1057128906
 42
0.2679243684
 10
209.2091674805
 20
1448.8557128906
 10
212.7450256348
 20
1448.8555908203
 42
0.2679276466
 10
214.91015625
 20
1450.1057128906
 10
216.7576904297
 20
1455.3804931641
 42
-0.2680903077
 10
217.6236572266
 20
1455.8806152344
 10
284.3305053711
 20
1455.8804931641
 42
-0.2680644393
 10
285.1965332031
 20
1455.3806152344
 10
287.0440673828
 20
1450.1057128906
 42
0.2679243684
 10
289.2091674805
 20
1448.8557128906
 10
292.7451171875
 20
1448.8555908203
 42
0.267932862
 10
294.9100952148
 20
1450.1057128906
 10
296.7576904297
 20
1455.3804931641
 42
-0.268109113
 10
297.6236572266
 20
1455.8806152344
 10
364.3305053711
 20
1455.8806152344
 42
-0.2680573463
 10
365.1965332031
 20
1455.3806152344
 10
367.0440673828
 20
1450.1057128906
 10
369.1577148438
 20
1448.8562011719
 10
372.6936035156
 20
1448.8562011719
 10
374.9100952148
 20
1450.1057128906
 10
376.7576293945
 20
1455.3806152344
 42
-0.2680573463
 10
377.6236572266
 20
1455.8806152344
 10
444.3330688476999
 20
1455.8806152344
 42
-0.2680573463
 10
445.1990966797
 20
1455.3806152344
 10
447.0466003418
 20
1450.1055908203
 42
0.2679365873
 10
449.2116699219
 20
1448.8557128906
 10
452.7475891113
 20
1448.8555908203
 42
0.2680174708
 10
454.9126586914
 20
1450.1057128906
 10
456.7601928711
 20
1455.3806152344
 42
-0.2680573463
 10
457.6262207031
 20
1455.8806152344
 10
524.3330688477
 20
1455.8806152344
 42
-0.2680268288
 10
525.1990966796999
 20
1455.3806152344
 10
527.0466308594
 20
1450.1055908203
 42
0.2679394186
 10
529.2116699219
 20
1448.8557128906
 10
532.7475585938
 20
1448.8555908203
 42
0.2680174708
 10
534.9126586914
 20
1450.1057128906
 10
536.7601928711
 20
1455.3806152344
 42
-0.2680878639
 10
537.6262207030999
 20
1455.8806152344
 10
552.8395996093999
 20
1455.8806152344
 42
0.4142456055
 10
553.8395996094
 20
1456.8806152344
 10
553.8395996094
 20
1549.0805664063
 42
0.4142456055
 10
552.8395996093999
 20
1550.0806884766
 10
552.2393188477
 20
1550.0806884766
 42
-0.2678153813
 10
551.3732910156
 20
1550.5806884766
 10
549.5257568359
 20
1555.8557128906
 42
0.2679450512
 10
547.3607177734
 20
1557.1057128906
 10
547.3453369141
 20
1556.1057128906
 42
-1.0
 10
543.8453369141
 20
1556.1057128906
 10
543.8247680664
 20
1557.1055908203
 42
0.2679150105
 10
541.6597290039
 20
1555.8557128906
 10
539.8122558594
 20
1550.5806884766
 42
-0.2678153813
 10
538.9462280273
 20
1550.0806884766
 10
538.6217041016
 20
1550.0806884766
 42
0.4131351411
 10
537.6216430663999
 20
1549.0844726563
 10
537.5177612305
 20
1496.6342773438
 10
490.5177612305
 20
1496.6342773438
 10
490.5177612305
 20
1549.0805664063
 42
0.4142456055
 10
489.5177612304999
 20
1550.0806884766
 10
457.6236572266
 20
1550.0806884766
 42
-0.2678458989
 10
456.7576293944999
 20
1550.5806884766
 10
454.9101257323999
 20
1555.8557128906
 42
0.2679243684
 10
452.7450561523
 20
1557.1057128906
 10
452.7296142577999
 20
1556.1057128906
 42
-1.0
 10
449.2296142577999
 20
1556.1057128906
 10
449.2091064452999
 20
1557.1055908203
 42
0.2679271996
 10
447.0440673828
 20
1555.8557128906
 10
445.1965332031
 20
1550.5806884766
 42
-0.2678529918
 10
444.3305053710999
 20
1550.0806884766
 10
377.6236572266
 20
1550.0806884766
 42
-0.2678458989
 10
376.7576293945
 20
1550.5806884766
 10
374.9100952148
 20
1555.8557128906
 42
0.2679271996
 10
372.7450561523
 20
1557.1057128906
 10
372.7296142578
 20
1556.1057128906
 42
-1.0
 10
369.2296142578
 20
1556.1057128906
 10
369.2091369629
 20
1557.1057128906
 42
0.2679271996
 10
367.0440673828
 20
1555.8557128906
 10
365.1965332031
 20
1550.5806884766
 42
-0.2678458989
 10
364.3305053711
 20
1550.0806884766
 10
297.6236572266
 20
1550.0806884766
 42
-0.2678458989
 10
296.7576293945
 20
1550.5806884766
 10
294.9100341797
 20
1555.8557128906
 42
0.2678548098
 10
292.7450561523
 20
1557.1057128906
 10
292.7296142578
 20
1556.1057128906
 42
-1.0
 10
289.2296142578
 20
1556.1057128906
 10
289.2091369629
 20
1557.1055908203
 42
0.2679121494
 10
287.0440673828
 20
1555.8557128906
 10
285.1965332031
 20
1550.5806884766
 42
-0.2680644393
 10
284.3305664063
 20
1550.0806884766
 10
252.0944213867
 20
1550.0805664063
  0
LWPOLYLINE
  5
196
330
6F
100
AcDbEntity
  8
0
100
AcDbPolyline
 90
        9
 70
     0
 43
0.0
 10
237.7982177734
 20
1516.0307617188
 42
0.4142519534000001
 10
238.7982177734
 20
1515.0306396484
 10
250.7982635498
 20
1515.0306396484
 42
0.4142550826
 10
251.7982177734
 20
1516.0306396484
 10
251.7982177734
 20
1528.0306396484
 42
0.4141135514000001
 10
250.7982177734
 20
1529.0306396484
 10
238.7981872559
 20
1529.0306396484
 42
0.4142671824000001
 10
237.7982177734
 20
1528.0306396484
 10
237.7982177734
 20
1516.0306396484
  0
LWPOLYLINE
  5
1A1
330
6F
100
AcDbEntity
  8
0
100
AcDbPolyline
 90
        9
 70
     0
 43
0.0
 10
413.7231750487999
 20
1547.0808105469
 42
0.4141730368000001
 10
412.7232055663999
 20
1548.0806884766
 10
400.7231750487999
 20
1548.0806884766
 42
0.4142824411000001
 10
399.7232055664
 20
1547.0806884766
 10
399.7232055664
 20
1535.0806884766
 42
0.4142519534000001
 10
400.7232055663999
 20
1534.0806884766
 10
412.7232055663999
 20
1534.0805664063
 42
0.4141540825
 10
413.7232055663999
 20
1535.0806884766
 10
413.7232055663999
 20
1547.0806884766
  0
LWPOLYLINE
  5
1AC
330
6F
100
AcDbEntity
  8
0
100
AcDbPolyline
 90
       15
 70
     0
 43
0.0
 10
455.6425781249999
 20
1491.9306640625
 42
-0.4142392874000001
 10
456.642578125
 20
1492.9306640625
 10
461.642578125
 20
1492.9306640625
 42
-0.414276123
 10
462.642578125
 20
1491.9306640625
 10
462.642578125
 20
1490.9306640625
 10
469.8792724608999
 20
1490.9306640625
 42
-0.4135466218000001
 10
470.8770751952999
 20
1489.9306640625
 10
470.8770446776999
 20
1477.9306640625
 42
-0.4142456055
 10
469.8770751952999
 20
1476.9306640625
 10
462.642578125
 20
1476.9306640625
 10
462.6426086426
 20
1475.9306640625
 42
-0.4142456055
 10
461.642578125
 20
1474.9306640625
 10
456.642578125
 20
1474.9306640625
 42
-0.4142456055
 10
455.6425781249999
 20
1475.9306640625
 10
455.6425781249999
 20
1491.9306640625
  0
LWPOLYLINE
  5
1BD
330
6F
100
AcDbEntity
  8
0
100
AcDbPolyline
 90
        9
 70
     0
 43
0.0
 10
288.898223877
 20
1529.0306396484
 42
-0.4142824411000001
 10
289.8981933594
 20
1528.0306396484
 10
289.8981933594
 20
1516.0307617188
 42
-0.414276123
 10
288.8981933594
 20
1515.0306396484
 10
276.8981628418
 20
1515.0306396484
 42
-0.4142824411000001
 10
275.8981933594
 20
1516.0306396484
 10
275.8981933594
 20
1528.0306396484
 42
-0.4142824411000001
 10
276.8981933594
 20
1529.0306396484
 10
288.8981933594
 20
1529.0306396484
  0
LWPOLYLINE
  5
1C8
330
6F
100
AcDbEntity
  8
0
100
AcDbPolyline
 90
        9
 70
     0
 43
0.0
 10
352.0982055664
 20
1528.0306396484
 42
-0.4142824411000001
 10
353.0982055664
 20
1529.0306396484
 10
365.0982055664
 20
1529.0307617188
 42
-0.4141540825
 10
366.0982055664
 20
1528.0306396484
 10
366.0982055664
 20
1516.0305175781
 42
-0.4142634869
 10
365.0982055664
 20
1515.0306396484
 10
353.0981750488
 20
1515.0306396484
 42
-0.4142824411000001
 10
352.0982055664
 20
1516.0306396484
 10
352.0982055664
 20
1528.0306396484
  0
LWPOLYLINE
  5
1D3
330
6F
100
AcDbEntity
  8
0
100
AcDbPolyline
 90
        9
 70
     0
 43
0.0
 10
266.1107177734
 20
1473.8807373047
 42
0.4142456055
 10
265.1107177734
 20
1472.8806152344
 10
265.1107177734
 20
1458.8806152344
 42
0.4142456055
 10
266.1107177734
 20
1457.8806152344
 10
275.8732910156
 20
1457.8806152344
 42
0.414276123
 10
276.8732910156
 20
1458.8806152344
 10
276.8732910156
 20
1472.8806152344
 42
0.4142456055
 10
275.8732910156
 20
1473.8806152344
 10
266.1107177734
 20
1473.8806152344
  0
LWPOLYLINE
  5
1DE
330
6F
100
AcDbEntity
  8
0
100
AcDbPolyline
 90
       15
 70
     0
 43
0.0
 10
438.9101867676
 20
1547.0805664063
 42
-0.4142456055
 10
439.9102172851999
 20
1548.0806884766
 10
468.7861938476999
 20
1548.0806884766
 42
-0.4141540825
 10
469.7861938476999
 20
1547.0806884766
 10
469.7861633301
 20
1533.0805664063
 42
-0.4141488075
 10
468.7861938476999
 20
1532.0806884766
 10
463.7861938477
 20
1532.0806884766
 42
-0.4144229293000001
 10
462.7856445312999
 20
1533.0816650391
 42
0.4144586921000001
 10
461.7861938476999
 20
1534.0806884766
 10
446.9102172851999
 20
1534.0806884766
 42
0.4144229293000001
 10
445.9096679687999
 20
1533.0795898438
 42
-0.4143365026
 10
444.9102172852
 20
1532.0806884766
 10
439.9101867676
 20
1532.0806884766
 42
-0.4142824411000001
 10
438.9102172851999
 20
1533.0806884766
 10
438.9102172851999
 20
1547.0806884766
  0
LWPOLYLINE
  5
1EF
330
6F
100
AcDbEntity
  8
0
100
AcDbPolyline
 90
        9
 70
     0
 43
0.0
 10
314.9981384277
 20
1515.0306396484
 42
-0.4142824411000001
 10
313.9981689453
 20
1516.0306396484
 10
313.9981689453
 20
1528.0306396484
 42
-0.4142824411000001
 10
314.9981689453
 20
1529.0306396484
 10
326.9981689453
 20
1529.0306396484
 42
-0.414276123
 10
327.9981689453
 20
1528.0306396484
 10
327.9981689453
 20
1516.0305175781
 42
-0.4141424894
 10
326.9981689453
 20
1515.0306396484
 10
314.9981689453
 20
1515.0306396484
  0
LWPOLYLINE
  5
1FA
330
6F
100
AcDbEntity
  8
0
100
AcDbPolyline
 90
        9
 70
     0
 43
0.0
 10
300.7106933594
 20
1509.9807128906
 42
0.4141235054
 10
299.7106933594
 20
1508.9807128906
 10
299.7106933594
 20
1496.9807128906
 42
0.4142519534000001
 10
300.7106933594
 20
1495.9807128906
 10
312.7106933594
 20
1495.9807128906
 42
0.4142456055
 10
313.7106933594
 20
1496.9807128906
 10
313.7106933594
 20
1508.9805908203
 42
0.4141288102000001
 10
312.7106933594
 20
1509.9807128906
 10
300.7106933594
 20
1509.9807128906
  0
LWPOLYLINE
  5
205
330
6F
100
AcDbEntity
  8
0
100
AcDbPolyline
 90
       50
 70
     0
 43
0.0
 10
435.5584106444999
 20
1495.7250976563
 10
435.5584716796999
 20
1495.978515625
 10
434.0032348633
 20
1495.9803466797
 10
433.0584411621
 20
1495.98046875
 42
-0.4141667187
 10
432.0586547851999
 20
1496.9807128906
 10
432.0590820312999
 20
1499.4807128906
 42
-0.4142582715
 10
433.0592651366999
 20
1500.48046875
 10
433.0600891112999
 20
1505.48046875
 42
-0.4141972363000001
 10
432.0603027344
 20
1506.4807128906
 10
432.0606994629
 20
1508.9807128906
 42
-0.414234072
 10
433.0608520508
 20
1509.98046875
 10
435.5917663574
 20
1509.9803466797
 42
0.3967837691
 10
436.5315856934
 20
1510.978515625
 42
-0.4142456055
 10
437.5316162108999
 20
1511.978515625
 10
442.5316162108999
 20
1511.9786376953
 42
-0.4142508507000001
 10
443.5316162109
 20
1510.978515625
 42
0.3997609019
 10
444.4818115233999
 20
1509.9797363281
 10
453.4912109375
 20
1509.9791259766
 42
0.4141256809
 10
454.4910278319999
 20
1510.9790039063
 10
454.4915466308999
 20
1514.0295410156
 42
0.4012190998
 10
453.5360107422
 20
1515.0285644531
 10
453.0672607421999
 20
1515.0295410156
 10
452.1117248534999
 20
1515.0297851563
 42
-0.4141604006000001
 10
451.1118774414
 20
1516.0299072266
 10
451.1123657226999
 20
1518.5299072266
 42
-0.4141782820000001
 10
452.112487793
 20
1519.5297851563
 10
452.1134033203
 20
1524.5297851563
 42
-0.4141540825
 10
451.1135253905999
 20
1525.5299072266
 10
451.1139526366999
 20
1528.0299072266
 42
-0.4143308699000001
 10
452.1141357422
 20
1529.0297851563
 10
459.2670288086
 20
1529.0285644531
 10
465.1583251953
 20
1529.0275878906
 10
468.7516479492
 20
1529.0269775391
 42
-0.4141351283
 10
469.7515258789
 20
1528.0267333984
 10
469.7502441405999
 20
1520.9068603516
 42
-0.4142382145
 10
468.7500610352
 20
1519.9068603516
 10
468.4925537108999
 20
1519.9069824219
 10
468.4908447266
 20
1509.9769287109
 42
-0.4141667187
 10
469.4906616211
 20
1508.9768066406
 10
469.5322875976999
 20
1506.4484863281
 10
469.5304870605
 20
1495.9768066406
 42
-0.4693471193
 10
468.4884033202999
 20
1494.7219238281
 10
460.3707580566
 20
1494.7232666016
 42
-0.4141719639
 10
459.3709106444999
 20
1495.7235107422
 10
459.3709716797
 20
1495.978515625
 10
444.5584716796999
 20
1495.978515625
 10
444.5584411620999
 20
1495.7236328125
 42
-0.4142750502000001
 10
443.5582885741999
 20
1494.7236328125
 10
436.5582275391
 20
1494.7249755859
 42
-0.414288789
 10
435.5584106444999
 20
1495.7250976563
  0
LWPOLYLINE
  5
239
330
6F
100
AcDbEntity
  8
0
100
AcDbPolyline
 90
        9
 70
     0
 43
0.0
 10
371.1481933594
 20
1528.0306396484
 42
-0.4142519534000001
 10
372.1481933594
 20
1529.0306396484
 10
384.1481933594
 20
1529.0307617188
 42
-0.4141540825
 10
385.1481933594
 20
1528.0306396484
 10
385.1481933594
 20
1516.0305175781
 42
-0.4142634869
 10
384.1481933594
 20
1515.0306396484
 10
372.1481628418
 20
1515.0306396484
 42
-0.4142824411000001
 10
371.1481933594
 20
1516.0306396484
 10
371.1481933594
 20
1528.0306396484
  0
LWPOLYLINE
  5
244
330
6F
100
AcDbEntity
  8
0
100
AcDbPolyline
 90
        9
 70
     0
 43
0.0
 10
550.8357543945
 20
1476.9305419922
 42
0.4142456055
 10
551.8357543945
 20
1477.9306640625
 10
551.8357543945
 20
1489.9305419922
 42
0.4142456055
 10
550.8357543945
 20
1490.9306640625
 10
538.8357543945
 20
1490.9305419922
 42
0.4142456055
 10
537.8357543944999
 20
1489.9306640625
 10
537.8357543944999
 20
1477.9306640625
 42
0.4142456055
 10
538.8357543945
 20
1476.9306640625
 10
550.8357543945
 20
1476.9306640625
  0
LWPOLYLINE
  5
24F
330
6F
100
AcDbEntity
  8
0
100
AcDbPolyline
 90
        9
 70
     0
 43
0.0
 10
481.6857910156
 20
1471.8806152344
 10
493.6857299805
 20
1471.8806152344
 42
-0.414276123
 10
494.6857299804999
 20
1470.8806152344
 10
494.6857299804999
 20
1458.8806152344
 42
-0.4142392874000001
 10
493.6857299805
 20
1457.8806152344
 10
481.685760498
 20
1457.8806152344
 42
-0.4142456055
 10
480.6857910156
 20
1458.8806152344
 10
480.685760498
 20
1470.8807373047
 42
-0.4141540825
 10
481.685760498
 20
1471.8807373047
  0
LWPOLYLINE
  5
25A
330
6F
100
AcDbEntity
  8
0
100
AcDbPolyline
 90
        9
 70
     0
 43
0.0
 10
360.3356628418
 20
1476.9306640625
 42
0.4141540825
 10
361.3356933594
 20
1477.9306640625
 10
361.3356933594
 20
1489.9306640625
 42
0.4142392874000001
 10
360.3356933594
 20
1490.9306640625
 10
348.3356628418
 20
1490.9306640625
 42
0.4142824411000001
 10
347.3356933594
 20
1489.9306640625
 10
347.3356933594
 20
1477.9306640625
 42
0.4142519534000001
 10
348.3356933594
 20
1476.9306640625
 10
360.3356933594
 20
1476.9306640625
  0
LWPOLYLINE
  5
265
330
6F
100
AcDbEntity
  8
0
100
AcDbPolyline
 90
       21
 70
     0
 43
0.0
 10
430.6794738769999
 20
1489.9306640625
 42
-0.4142456055
 10
431.6795043944999
 20
1490.9306640625
 10
431.7666015624999
 20
1490.9306640625
 10
431.7665710448999
 20
1491.9306640625
 42
-0.4142456055
 10
432.7666015624999
 20
1492.9306640625
 10
437.7666015625
 20
1492.9306640625
 42
-0.414276123
 10
438.7666015625
 20
1491.9306640625
 10
438.7666015625
 20
1490.9306640625
 10
453.2044677733999
 20
1490.9306640625
 42
-0.4142456055
 10
454.2044677734
 20
1489.9306640625
 10
454.2044677734
 20
1477.9306640625
 42
-0.414269805
 10
453.2044677733999
 20
1476.9306640625
 10
438.7666015625
 20
1476.9306640625
 10
438.7665710449
 20
1475.9306640625
 42
-0.4142456055
 10
437.7666015625
 20
1474.9306640625
 10
432.7666015624999
 20
1474.9306640625
 42
-0.4142456055
 10
431.7666015624999
 20
1475.9306640625
 10
431.7666015624999
 20
1476.9306640625
 10
431.6794738769999
 20
1476.9306640625
 42
-0.4142456055
 10
430.6795043944999
 20
1477.9306640625
 10
430.6795043944999
 20
1489.9306640625
  0
LWPOLYLINE
  5
27C
330
6F
100
AcDbEntity
  8
0
100
AcDbPolyline
 90
        9
 70
     0
 43
0.0
 10
481.6857910156
 20
1490.9305419922
 42
0.414276123
 10
480.6857910156
 20
1489.9306640625
 10
480.6857910156
 20
1477.9306640625
 42
0.414276123
 10
481.6857910156
 20
1476.9306640625
 10
493.6857299805
 20
1476.9305419922
 42
0.414276123
 10
494.6857299804999
 20
1477.9306640625
 10
494.6857299804999
 20
1489.9305419922
 42
0.414276123
 10
493.6857299805
 20
1490.9306640625
 10
481.6857910156
 20
1490.9306640625
  0
LWPOLYLINE
  5
287
330
6F
100
AcDbEntity
  8
0
100
AcDbPolyline
 90
        9
 70
     0
 43
0.0
 10
381.6731872559
 20
1548.0806884766
 42
0.4142824411000001
 10
380.6732177734
 20
1547.0806884766
 10
380.6732177734
 20
1535.0806884766
 42
0.4142519534000001
 10
381.6732177734
 20
1534.0806884766
 10
393.6732177734
 20
1534.0805664063
 42
0.4141540825
 10
394.6732177734
 20
1535.0806884766
 10
394.6732177734
 20
1547.0808105469
 42
0.4142634869
 10
393.6732177734
 20
1548.0806884766
 10
381.6732177734
 20
1548.0806884766
  0
LWPOLYLINE
  5
292
330
6F
100
AcDbEntity
  8
0
100
AcDbPolyline
 90
        9
 70
     0
 43
0.0
 10
518.7857666015999
 20
1477.9306640625
 42
0.4142456055
 10
519.7857666016
 20
1476.9306640625
 10
531.7857666016
 20
1476.9305419922
 42
0.4142456055
 10
532.7857666016
 20
1477.9306640625
 10
532.7857666016
 20
1489.9305419922
 42
0.4142456055
 10
531.7857666016
 20
1490.9306640625
 10
519.7857666016
 20
1490.9305419922
 42
0.4142456055
 10
518.7857666015999
 20
1489.9306640625
 10
518.7857666015999
 20
1477.9306640625
  0
LWPOLYLINE
  5
29D
330
6F
100
AcDbEntity
  8
0
100
AcDbPolyline
 90
        9
 70
     0
 43
0.0
 10
309.2357177734
 20
1489.9306640625
 42
-0.4142519534000001
 10
310.2357177734
 20
1490.9306640625
 10
322.2357177734
 20
1490.9306640625
 42
-0.4142456055
 10
323.2357177734
 20
1489.9306640625
 10
323.2357177734
 20
1477.9306640625
 42
-0.414276123
 10
322.2357177734
 20
1476.9306640625
 10
310.2356872559
 20
1476.9306640625
 42
-0.4142824411000001
 10
309.2357177734
 20
1477.9306640625
 10
309.2357177734
 20
1489.9306640625
  0
LWPOLYLINE
  5
2A8
330
6F
100
AcDbEntity
  8
0
100
AcDbPolyline
 90
        9
 70
     0
 43
0.0
 10
229.2731628418
 20
1548.0806884766
 42
0.4142671824000001
 10
228.2731933594
 20
1547.0806884766
 10
228.2731933594
 20
1535.0806884766
 42
0.4142519534000001
 10
229.2731933594
 20
1534.0806884766
 10
241.2732391357
 20
1534.0806884766
 42
0.4142550826
 10
242.2731933594
 20
1535.0806884766
 10
242.2731933594
 20
1547.0805664063
 42
0.4142608643
 10
241.2731933594
 20
1548.0806884766
 10
229.2731933594
 20
1548.0806884766
  0
LWPOLYLINE
  5
2B3
330
6F
100
AcDbEntity
  8
0
100
AcDbPolyline
 90
       15
 70
     0
 43
0.0
 10
193.6414794922
 20
1475.9306640625
 42
0.4142519534000001
 10
194.6414794922
 20
1474.9306640625
 10
199.6414642334
 20
1474.9307861328
 42
0.4143667519
 10
200.6420288086
 20
1475.931640625
 42
-0.4143307507000001
 10
201.6414794922
 20
1476.9306640625
 10
216.5174407959
 20
1476.9305419922
 42
-0.4143514931000001
 10
217.5180053711
 20
1475.9296875
 42
0.4143307507000001
 10
218.5174560547
 20
1474.9306640625
 10
223.5174560547
 20
1474.9306640625
 42
0.4142456055
 10
224.5174560547
 20
1475.9306640625
 10
224.5174560547
 20
1489.9306640625
 42
0.4142608643
 10
223.5174560547
 20
1490.9306640625
 10
194.6414489746
 20
1490.9306640625
 42
0.4142519534000001
 10
193.6414794922
 20
1489.9306640625
 10
193.6414794922
 20
1475.9306640625
  0
LWPOLYLINE
  5
2C4
330
6F
100
AcDbEntity
  8
0
100
AcDbPolyline
 90
        9
 70
     0
 43
0.0
 10
233.0357055664
 20
1477.9306640625
 42
0.4142519534000001
 10
234.0357055664
 20
1476.9306640625
 10
246.0357055664
 20
1476.9306640625
 42
0.4142456055
 10
247.0357055664
 20
1477.9306640625
 10
247.0357055664
 20
1489.9306640625
 42
0.4142608643
 10
246.0357055664
 20
1490.9306640625
 10
234.0356750488
 20
1490.9306640625
 42
0.4142519534000001
 10
233.0357055664
 20
1489.9306640625
 10
233.0357055664
 20
1477.9306640625
  0
LWPOLYLINE
  5
2CF
330
6F
100
AcDbEntity
  8
0
100
AcDbPolyline
 90
        9
 70
     0
 43
0.0
 10
389.9107055664
 20
1508.9805908203
 42
0.4141288102000001
 10
388.9107055664
 20
1509.9807128906
 10
376.9107055664
 20
1509.9807128906
 42
0.4141235054
 10
375.9107055664
 20
1508.9807128906
 10
375.9107055664
 20
1496.9807128906
 42
0.4142824411000001
 10
376.9107055664
 20
1495.9807128906
 10
388.9106750488
 20
1495.9805908203
 42
0.4141540825
 10
389.9107055664
 20
1496.9807128906
 10
389.9107055664
 20
1508.9807128906
  0
LWPOLYLINE
  5
2DA
330
6F
100
AcDbEntity
  8
0
100
AcDbPolyline
 90
        9
 70
     0
 43
0.0
 10
329.2856750488
 20
1490.9306640625
 42
0.4142824411000001
 10
328.2857055664
 20
1489.9306640625
 10
328.2857055664
 20
1477.9306640625
 42
0.4142519534000001
 10
329.2857055664
 20
1476.9306640625
 10
341.2857055664
 20
1476.9306640625
 42
0.4142456055
 10
342.2857055664
 20
1477.9306640625
 10
342.2857055664
 20
1489.9306640625
 42
0.414276123
 10
341.2857055664
 20
1490.9306640625
 10
329.2857055664
 20
1490.9306640625
  0
LWPOLYLINE
  5
2E5
330
6F
100
AcDbEntity
  8
0
100
AcDbPolyline
 90
        9
 70
     0
 43
0.0
 10
223.5107421875
 20
1496.9807128906
 42
0.4142519534000001
 10
224.5107421875
 20
1495.9807128906
 10
236.5107421875
 20
1495.9807128906
 42
0.4142456055
 10
237.5107421875
 20
1496.9807128906
 10
237.5107421875
 20
1508.9805908203
 42
0.4141135514000001
 10
236.5107421875
 20
1509.9807128906
 10
224.5107269287
 20
1509.9807128906
 42
0.4141082764
 10
223.5107421875
 20
1508.9807128906
 10
223.5107421875
 20
1496.9807128906
  0
LWPOLYLINE
  5
2F0
330
6F
100
AcDbEntity
  8
0
100
AcDbPolyline
 90
        9
 70
     0
 43
0.0
 10
395.9606933594
 20
1509.9807128906
 42
0.4141235054
 10
394.9606933594
 20
1508.9807128906
 10
394.9606933594
 20
1496.9807128906
 42
0.4142824411000001
 10
395.9606933594
 20
1495.9807128906
 10
407.9606628418
 20
1495.9805908203
 42
0.4141540825
 10
408.9606933594
 20
1496.9807128906
 10
408.9606628418
 20
1508.9805908203
 42
0.4142519534000001
 10
407.9606933594
 20
1509.9807128906
 10
395.9606933594
 20
1509.9807128906
  0
LWPOLYLINE
  5
2FB
330
6F
100
AcDbEntity
  8
0
100
AcDbPolyline
 90
        9
 70
     0
 43
0.0
 10
208.9357910156
 20
1516.0307617188
 42
-0.4142608643
 10
207.9357910156
 20
1515.0306396484
 10
195.9356384277
 20
1515.0306396484
 42
-0.4142671824000001
 10
194.9356689453
 20
1516.0306396484
 10
194.9356689453
 20
1528.0306396484
 42
-0.4142519534000001
 10
195.9356689453
 20
1529.0306396484
 10
207.935836792
 20
1529.0306396484
 42
-0.4142550826
 10
208.9357910156
 20
1528.0306396484
 10
208.9357910156
 20
1516.0306396484
  0
LWPOLYLINE
  5
306
330
6F
100
AcDbEntity
  8
0
100
AcDbPolyline
 90
        9
 70
     0
 43
0.0
 10
255.5607910156
 20
1471.8806152344
 42
-0.4142456055
 10
256.5607910156
 20
1470.8806152344
 10
256.5607910156
 20
1458.8806152344
 42
-0.4142456055
 10
255.5607910156
 20
1457.8806152344
 10
241.1795043945
 20
1457.8806152344
 42
-0.4142456055
 10
240.1795043945
 20
1458.8806152344
 10
240.1795043945
 20
1470.8806152344
 42
-0.4142519534000001
 10
241.1795043945
 20
1471.8806152344
 10
255.5607910156
 20
1471.8806152344
  0
LWPOLYLINE
  5
311
330
6F
100
AcDbEntity
  8
0
100
AcDbPolyline
 90
        9
 70
     0
 43
0.0
 10
356.8607177734
 20
1508.9807128906
 42
-0.4141235054
 10
357.8607177734
 20
1509.9807128906
 10
369.8606872559
 20
1509.9805908203
 42
-0.4142456055
 10
370.8607177734
 20
1508.9807128906
 10
370.8607177734
 20
1496.9805908203
 42
-0.4142392874000001
 10
369.8607177734
 20
1495.9807128906
 10
357.8606872559
 20
1495.9807128906
 42
-0.4142456055
 10
356.8607177734
 20
1496.9807128906
 10
356.8607177734
 20
1508.9807128906
  0
LWPOLYLINE
  5
31C
330
6F
100
AcDbEntity
  8
0
100
AcDbPolyline
 90
        9
 70
     0
 43
0.0
 10
269.848236084
 20
1529.0306396484
 42
-0.4142824411000001
 10
270.8482055664
 20
1528.0306396484
 10
270.8482055664
 20
1516.0307617188
 42
-0.414276123
 10
269.8482055664
 20
1515.0306396484
 10
257.8481750488
 20
1515.0306396484
 42
-0.4142824411000001
 10
256.8482055664
 20
1516.0306396484
 10
256.8482055664
 20
1528.0306396484
 42
-0.4142824411000001
 10
257.8482055664
 20
1529.0306396484
 10
269.8482055664
 20
1529.0306396484
  0
LWPOLYLINE
  5
327
330
6F
100
AcDbEntity
  8
0
100
AcDbPolyline
 90
        9
 70
     0
 43
0.0
 10
294.6607055664
 20
1496.9807128906
 42
-0.414276123
 10
293.6607055664
 20
1495.9807128906
 10
281.6606750488
 20
1495.9807128906
 42
-0.4142824411000001
 10
280.6607055664
 20
1496.9807128906
 10
280.6607055664
 20
1508.9807128906
 42
-0.4141235054
 10
281.6607055664
 20
1509.9807128906
 10
293.6607055664
 20
1509.9805908203
 42
-0.4142456055
 10
294.6607055664
 20
1508.9807128906
 10
294.6607055664
 20
1496.9807128906
  0
LWPOLYLINE
  5
332
330
6F
100
AcDbEntity
  8
0
100
AcDbPolyline
 90
        9
 70
     0
 43
0.0
 10
266.0856933594
 20
1477.9306640625
 42
-0.414276123
 10
265.0856933594
 20
1476.9306640625
 10
253.0856628418
 20
1476.9306640625
 42
-0.4142519534000001
 10
252.0856933594
 20
1477.9306640625
 10
252.0856933594
 20
1489.9306640625
 42
-0.4142519534000001
 10
253.0856933594
 20
1490.9306640625
 10
265.0856933594
 20
1490.9306640625
 42
-0.4142456055
 10
266.0856933594
 20
1489.9306640625
 10
266.0856933594
 20
1477.9306640625
  0
LWPOLYLINE
  5
33D
330
6F
100
AcDbEntity
  8
0
100
AcDbPolyline
 90
        9
 70
     0
 43
0.0
 10
210.2231750488
 20
1534.0806884766
 42
-0.4142671824000001
 10
209.2232055664
 20
1535.0806884766
 10
209.2232055664
 20
1547.0805664063
 42
-0.4142519534000001
 10
210.2232055664
 20
1548.0806884766
 10
222.2232055664
 20
1548.0805664063
 42
-0.414276123
 10
223.2232055664
 20
1547.0806884766
 10
223.2232055664
 20
1535.0805664063
 42
-0.4141456187000001
 10
222.2232055664
 20
1534.0806884766
 10
210.2232055664
 20
1534.0806884766
  0
LWPOLYLINE
  5
348
330
6F
100
AcDbEntity
  8
0
100
AcDbPolyline
 90
        9
 70
     0
 43
0.0
 10
442.2981872558999
 20
1516.0305175781
 42
-0.4141488075
 10
441.2982177734
 20
1515.0306396484
 10
429.2982788086
 20
1515.0307617188
 42
-0.414276123
 10
428.2982788086
 20
1516.0306396484
 10
428.2982788086
 20
1528.0306396484
 42
-0.4141288102000001
 10
429.2982788086
 20
1529.0306396484
 10
441.2982177734
 20
1529.0307617188
 42
-0.4141540825
 10
442.2982177734
 20
1528.0306396484
 10
442.2982177734
 20
1516.0306396484
  0
LWPOLYLINE
  5
353
330
6F
100
AcDbEntity
  8
0
100
AcDbPolyline
 90
        9
 70
     0
 43
0.0
 10
422.2481689452999
 20
1515.0306396484
 42
0.4141540825
 10
423.2481689453
 20
1516.0306396484
 10
423.2481994629
 20
1528.0307617188
 42
0.4141730368000001
 10
422.2481689452999
 20
1529.0306396484
 10
410.2481384276999
 20
1529.0306396484
 42
0.4142824411000001
 10
409.2481689452999
 20
1528.0306396484
 10
409.2481994628999
 20
1516.0307617188
 42
0.4142456055
 10
410.2481689452999
 20
1515.0306396484
 10
422.2481689452999
 20
1515.0306396484
  0
LWPOLYLINE
  5
35E
330
6F
100
AcDbEntity
  8
0
100
AcDbPolyline
 90
        9
 70
     0
 43
0.0
 10
418.4856872559
 20
1489.9306640625
 42
0.4142456055
 10
417.4857177734
 20
1490.9306640625
 10
405.4857788086
 20
1490.9306640625
 42
0.414276123
 10
404.4857788086
 20
1489.9306640625
 10
404.4857788086
 20
1477.9306640625
 42
0.4141604006000001
 10
405.4857788086
 20
1476.9306640625
 10
417.4856872558999
 20
1476.9306640625
 42
0.4141540825
 10
418.4857177734
 20
1477.9306640625
 10
418.4857177734
 20
1489.9306640625
  0
LWPOLYLINE
  5
369
330
6F
100
AcDbEntity
  8
0
100
AcDbPolyline
 90
        9
 70
     0
 43
0.0
 10
255.5607910156
 20
1509.9805908203
 42
-0.4142456055
 10
256.5607910156
 20
1508.9807128906
 10
256.5607910156
 20
1496.9807128906
 42
-0.414276123
 10
255.5607910156
 20
1495.9807128906
 10
243.5606842041
 20
1495.9805908203
 42
-0.4141451418
 10
242.5607299805
 20
1496.9807128906
 10
242.5607299805
 20
1508.9805908203
 42
-0.4141288102000001
 10
243.5607299805
 20
1509.9807128906
 10
255.5607910156
 20
1509.9807128906
  0
LWPOLYLINE
  5
374
330
6F
100
AcDbEntity
  8
0
100
AcDbPolyline
 90
        9
 70
     0
 43
0.0
 10
267.3731384277
 20
1548.0806884766
 42
0.4142824411000001
 10
266.3731689453
 20
1547.0806884766
 10
266.3731689453
 20
1535.0806884766
 42
0.4142824411000001
 10
267.3731689453
 20
1534.0806884766
 10
279.3731689453
 20
1534.0806884766
 42
0.414276123
 10
280.3731689453
 20
1535.0806884766
 10
280.3731689453
 20
1547.0808105469
 42
0.4141424894
 10
279.3731689453
 20
1548.0806884766
 10
267.3731689453
 20
1548.0806884766
  0
LWPOLYLINE
  5
37F
330
6F
100
AcDbEntity
  8
0
100
AcDbPolyline
 90
        9
 70
     0
 43
0.0
 10
308.9482421875
 20
1516.0307617188
 42
-0.414276123
 10
307.9482421875
 20
1515.0306396484
 10
295.9482421875
 20
1515.0306396484
 42
-0.4143066406
 10
294.9482421875
 20
1516.0306396484
 10
294.9482421875
 20
1528.0306396484
 42
-0.4143066406
 10
295.9482421875
 20
1529.0306396484
 10
307.9482727051
 20
1529.0306396484
 42
-0.4142824411000001
 10
308.9482421875
 20
1528.0306396484
 10
308.9482421875
 20
1516.0306396484
  0
LWPOLYLINE
  5
38A
330
6F
100
AcDbEntity
  8
0
100
AcDbPolyline
 90
        9
 70
     0
 43
0.0
 10
375.6231689453
 20
1535.0805664063
 42
-0.4141488075
 10
374.6231689453
 20
1534.0806884766
 10
362.6231384277
 20
1534.0806884766
 42
-0.4142824411000001
 10
361.6231689453
 20
1535.0806884766
 10
361.6231689453
 20
1547.0805664063
 42
-0.4142392874000001
 10
362.6231689453
 20
1548.0806884766
 10
374.6231689453
 20
1548.0806884766
 42
-0.4141540825
 10
375.6231689453
 20
1547.0806884766
 10
375.6231689453
 20
1535.0806884766
  0
LWPOLYLINE
  5
395
330
6F
100
AcDbEntity
  8
0
100
AcDbPolyline
 90
        9
 70
     0
 43
0.0
 10
391.1981506348
 20
1529.0306396484
 42
0.4142824411000001
 10
390.1981811523
 20
1528.0306396484
 10
390.1981811523
 20
1516.0307617188
 42
0.4142392874000001
 10
391.1981811523
 20
1515.0306396484
 10
403.1981811523
 20
1515.0306396484
 42
0.4141540825
 10
404.1981811523
 20
1516.0306396484
 10
404.1981811523
 20
1528.0307617188
 42
0.4141488075
 10
403.1981811523
 20
1529.0306396484
 10
391.1981811523
 20
1529.0306396484
  0
LWPOLYLINE
  5
3A0
330
6F
100
AcDbEntity
  8
0
100
AcDbPolyline
 90
        9
 70
     0
 43
0.0
 10
193.5544281006
 20
1509.9807128906
 42
0.4141082764
 10
192.5544433594
 20
1508.9807128906
 10
192.5544433594
 20
1496.9807128906
 42
0.4142519534000001
 10
193.5544433594
 20
1495.9807128906
 10
210.319519043
 20
1495.9807128906
 42
0.4142456055
 10
211.319519043
 20
1496.9807128906
 10
211.319519043
 20
1508.9805908203
 42
0.4141135514000001
 10
210.319519043
 20
1509.9807128906
 10
193.5544433594
 20
1509.9807128906
  0
LWPOLYLINE
  5
3AB
330
6F
100
AcDbEntity
  8
0
100
AcDbPolyline
 90
        9
 70
     0
 43
0.0
 10
512.7357788085999
 20
1490.9306640625
 42
-0.4142456055
 10
513.7357788085999
 20
1489.9306640625
 10
513.7357177733999
 20
1477.9306640625
 42
-0.4142456055
 10
512.7357788085999
 20
1476.9306640625
 10
500.7357482909999
 20
1476.9306640625
 42
-0.4142456055
 10
499.7357788086
 20
1477.9306640625
 10
499.7357788086
 20
1489.9305419922
 42
-0.4141288102000001
 10
500.7357788085999
 20
1490.9306640625
 10
512.7357788085999
 20
1490.9306640625
  0
LWPOLYLINE
  5
3B6
330
6F
100
AcDbEntity
  8
0
100
AcDbPolyline
 90
        9
 70
     0
 43
0.0
 10
304.1856689453
 20
1489.9306640625
 42
0.4142392874000001
 10
303.1856689453
 20
1490.9306640625
 10
291.1856384277
 20
1490.9306640625
 42
0.4142824411000001
 10
290.1856689453
 20
1489.9306640625
 10
290.1856689453
 20
1477.9306640625
 42
0.4142519534000001
 10
291.1856689453
 20
1476.9306640625
 10
303.1856384277
 20
1476.9306640625
 42
0.4141540825
 10
304.1856689453
 20
1477.9306640625
 10
304.1856689453
 20
1489.9306640625
  0
LWPOLYLINE
  5
3C1
330
6F
100
AcDbEntity
  8
0
100
AcDbPolyline
 90
        9
 70
     0
 43
0.0
 10
304.4732055664
 20
1547.0805664063
 42
-0.4142824411000001
 10
305.4732055664
 20
1548.0806884766
 10
317.473236084
 20
1548.0806884766
 42
-0.4142824411000001
 10
318.4732055664
 20
1547.0806884766
 10
318.4732055664
 20
1535.0806884766
 42
-0.4141288102000001
 10
317.4732055664
 20
1534.0806884766
 10
305.4731750488
 20
1534.0806884766
 42
-0.4142824411000001
 10
304.4732055664
 20
1535.0806884766
 10
304.4732055664
 20
1547.0806884766
  0
LWPOLYLINE
  5
3CC
330
6F
100
AcDbEntity
  8
0
100
AcDbPolyline
 90
        9
 70
     0
 43
0.0
 10
319.7607116699
 20
1495.9805908203
 42
-0.4141909182
 10
318.7607421875
 20
1496.9807128906
 10
318.7607421875
 20
1508.9805908203
 42
-0.4141288102000001
 10
319.7607421875
 20
1509.9807128906
 10
331.7607421875
 20
1509.9805908203
 42
-0.4142456055
 10
332.7607421875
 20
1508.9807128906
 10
332.7607421875
 20
1496.9807128906
 42
-0.414276123
 10
331.7607421875
 20
1495.9807128906
 10
319.7607421875
 20
1495.9807128906
  0
LWPOLYLINE
  5
3D7
330
6F
100
AcDbEntity
  8
0
100
AcDbPolyline
 90
        9
 70
     0
 43
0.0
 10
231.7481689453
 20
1515.0307617188
 42
0.414276123
 10
232.7481689453
 20
1516.0306396484
 10
232.7481689453
 20
1528.0307617188
 42
0.4141456187000001
 10
231.7481689453
 20
1529.0306396484
 10
219.7481384277
 20
1529.0306396484
 42
0.4142671824000001
 10
218.7481689453
 20
1528.0306396484
 10
218.7481689453
 20
1516.0307617188
 42
0.4142519534000001
 10
219.7481689453
 20
1515.0306396484
 10
231.7481689453
 20
1515.0306396484
  0
LWPOLYLINE
  5
3E2
330
6F
100
AcDbEntity
  8
0
100
AcDbPolyline
 90
        9
 70
     0
 43
0.0
 10
385.4356689453
 20
1477.9306640625
 42
0.4142392874000001
 10
386.4356689453
 20
1476.9306640625
 10
398.4356994629
 20
1476.9306640625
 42
0.4141540825
 10
399.4356689453
 20
1477.9306640625
 10
399.4356689453
 20
1489.9306640625
 42
0.4141604006000001
 10
398.4356689453
 20
1490.9306640625
 10
386.4356994629
 20
1490.9306640625
 42
0.4142456055
 10
385.4356689453
 20
1489.9306640625
 10
385.4356689453
 20
1477.9306640625
  0
LWPOLYLINE
  5
3ED
330
6F
100
AcDbEntity
  8
0
100
AcDbPolyline
 90
        9
 70
     0
 43
0.0
 10
299.4232177734
 20
1535.0806884766
 42
-0.4141288102000001
 10
298.4232177734
 20
1534.0806884766
 10
286.4231872559
 20
1534.0806884766
 42
-0.4142824411000001
 10
285.4232177734
 20
1535.0806884766
 10
285.4232177734
 20
1547.0805664063
 42
-0.4142824411000001
 10
286.4232177734
 20
1548.0806884766
 10
298.423248291
 20
1548.0806884766
 42
-0.4142824411000001
 10
299.4232177734
 20
1547.0806884766
 10
299.4232177734
 20
1535.0806884766
  0
LWPOLYLINE
  5
3F8
330
6F
100
AcDbEntity
  8
0
100
AcDbPolyline
 90
        9
 70
     0
 43
0.0
 10
405.4857788086
 20
1471.8806152344
 42
0.414276123
 10
404.4857788086
 20
1470.8806152344
 10
404.4857788086
 20
1458.8804931641
 42
0.4143077433000001
 10
405.4857788086
 20
1457.8806152344
 10
419.8669738769999
 20
1457.8804931641
 42
0.4141540825
 10
420.8670043945
 20
1458.8806152344
 10
420.8669738769999
 20
1470.8807373047
 42
0.4142456055
 10
419.8670043944999
 20
1471.8806152344
 10
405.4857788086
 20
1471.8806152344
  0
LWPOLYLINE
  5
403
330
6F
100
AcDbEntity
  8
0
100
AcDbPolyline
 90
       12
 70
     0
 43
0.0
 10
397.0545043945
 20
1458.8804931641
 42
-0.4142392874000001
 10
396.0545043945
 20
1457.8806152344
 10
384.0545043945
 20
1457.8806152344
 42
-0.4142456055
 10
383.0545043945
 20
1458.8806152344
 10
383.0545043945
 20
1472.8806152344
 42
-0.4142456055
 10
384.0545043945
 20
1473.8806152344
 10
390.1732788086
 20
1473.8806152344
 42
-0.4142456055
 10
391.1732788086
 20
1472.8806152344
 10
391.1732788086
 20
1471.8806152344
 10
396.054473877
 20
1471.8807373047
 42
-0.4141540825
 10
397.0545043945
 20
1470.8806152344
 10
397.0545043945
 20
1458.8806152344
  0
LWPOLYLINE
  5
411
330
6F
100
AcDbEntity
  8
0
100
AcDbPolyline
 90
        9
 70
     0
 43
0.0
 10
274.6107177734
 20
1495.9807128906
 42
0.4142456055
 10
275.6107177734
 20
1496.9807128906
 10
275.6107177734
 20
1508.9805908203
 42
0.4141288102000001
 10
274.6107177734
 20
1509.9807128906
 10
262.6107177734
 20
1509.9807128906
 42
0.4141235054
 10
261.6107177734
 20
1508.9807128906
 10
261.6107177734
 20
1496.9807128906
 42
0.4142519534000001
 10
262.6107177734
 20
1495.9807128906
 10
274.6107177734
 20
1495.9807128906
  0
LWPOLYLINE
  5
41C
330
6F
100
AcDbEntity
  8
0
100
AcDbPolyline
 90
        9
 70
     0
 43
0.0
 10
356.5732421875
 20
1535.0806884766
 42
-0.4141288102000001
 10
355.5732421875
 20
1534.0806884766
 10
343.5732421875
 20
1534.0806884766
 42
-0.4143066406
 10
342.5732421875
 20
1535.0806884766
 10
342.5732421875
 20
1547.0806884766
 42
-0.4143066406
 10
343.5732421875
 20
1548.0806884766
 10
355.5732727051
 20
1548.0806884766
 42
-0.4142824411000001
 10
356.5732421875
 20
1547.0806884766
 10
356.5732421875
 20
1535.0806884766
  0
LWPOLYLINE
  5
427
330
6F
100
AcDbEntity
  8
0
100
AcDbPolyline
 90
        9
 70
     0
 43
0.0
 10
550.8357543945
 20
1457.8806152344
 42
0.4142456055
 10
551.8357543945
 20
1458.8806152344
 10
551.8357543945
 20
1470.8806152344
 42
0.4142456055
 10
550.8357543945
 20
1471.8806152344
 10
538.8357543945
 20
1471.8806152344
 42
0.4142456055
 10
537.8357543944999
 20
1470.8806152344
 10
537.8357543944999
 20
1458.8806152344
 42
0.4141846001
 10
538.8357543945
 20
1457.8806152344
 10
550.8357543945
 20
1457.8806152344
  0
LWPOLYLINE
  5
432
330
6F
100
AcDbEntity
  8
0
100
AcDbPolyline
 90
        9
 70
     0
 43
0.0
 10
216.3670043945
 20
1458.8806152344
 42
0.4142608643
 10
217.3670043945
 20
1457.8806152344
 10
231.7481689453
 20
1457.8806152344
 42
0.4142608643
 10
232.7481689453
 20
1458.8806152344
 10
232.7481689453
 20
1470.8807373047
 42
0.4142545462
 10
231.7481689453
 20
1471.8806152344
 10
217.3669586182
 20
1471.8806152344
 42
0.4142550826
 10
216.3670043945
 20
1470.8806152344
 10
216.3670043945
 20
1458.8806152344
  0
LWPOLYLINE
  5
43D
330
6F
100
AcDbEntity
  8
0
100
AcDbPolyline
 90
        9
 70
     0
 43
0.0
 10
324.5231628418
 20
1548.0806884766
 42
0.4142824411000001
 10
323.5231933594
 20
1547.0806884766
 10
323.5231933594
 20
1535.0806884766
 42
0.4142824411000001
 10
324.5231933594
 20
1534.0806884766
 10
336.5232849121
 20
1534.0806884766
 42
0.4142824411000001
 10
337.5232543945
 20
1535.0806884766
 10
337.5232543945
 20
1547.0805664063
 42
0.414276123
 10
336.5232543945
 20
1548.0806884766
 10
324.5231933594
 20
1548.0806884766
  0
LWPOLYLINE
  5
448
330
6F
100
AcDbEntity
  8
0
100
AcDbPolyline
 90
        9
 70
     0
 43
0.0
 10
203.1732635498
 20
1534.0806884766
 42
0.4142550826
 10
204.1732177734
 20
1535.0806884766
 10
204.1732177734
 20
1547.0805664063
 42
0.4142608643
 10
203.1732177734
 20
1548.0806884766
 10
191.1731872559
 20
1548.0806884766
 42
0.4142671824000001
 10
190.1732177734
 20
1547.0806884766
 10
190.1732177734
 20
1535.0806884766
 42
0.4142519534000001
 10
191.1732177734
 20
1534.0806884766
 10
203.1732177734
 20
1534.0806884766
  0
LWPOLYLINE
  5
453
330
6F
100
AcDbEntity
  8
0
100
AcDbPolyline
 90
        9
 70
     0
 43
0.0
 10
261.3232421875
 20
1547.0805664063
 42
0.414276123
 10
260.3232421875
 20
1548.0806884766
 10
248.3232727051
 20
1548.0806884766
 42
0.4143003225000001
 10
247.3232421875
 20
1547.0806884766
 10
247.3232421875
 20
1535.0806884766
 42
0.4142976999
 10
248.3232421875
 20
1534.0806884766
 10
260.3232727051
 20
1534.0806884766
 42
0.4142824411000001
 10
261.3232421875
 20
1535.0806884766
 10
261.3232421875
 20
1547.0806884766
  0
LWPOLYLINE
  5
45E
330
6F
100
AcDbEntity
  8
0
100
AcDbPolyline
 90
        9
 70
     0
 43
0.0
 10
532.7857666016
 20
1458.8806152344
 42
-0.4142456055
 10
531.7857666016
 20
1457.8806152344
 10
519.7857666016
 20
1457.8806152344
 42
-0.4141846001
 10
518.7857666015999
 20
1458.8806152344
 10
518.7857055663999
 20
1470.8806152344
 42
-0.4142456055
 10
519.7857666016
 20
1471.8806152344
 10
531.7857666016
 20
1471.8806152344
 42
-0.4142456055
 10
532.7857666016
 20
1470.8806152344
 10
532.7857666016
 20
1458.8806152344
  0
LWPOLYLINE
  5
469
330
6F
100
AcDbEntity
  8
0
100
AcDbPolyline
 90
        9
 70
     0
 43
0.0
 10
311.6232910156
 20
1470.8806152344
 42
-0.4142519534000001
 10
312.6232910156
 20
1471.8806152344
 10
336.5232543945
 20
1471.8806152344
 42
-0.4142456055
 10
337.5232543945
 20
1470.8806152344
 10
337.5232543945
 20
1458.8806152344
 42
-0.4142456055
 10
336.5232543945
 20
1457.8806152344
 10
312.6232910156
 20
1457.8806152344
 42
-0.4142456055
 10
311.6232910156
 20
1458.8806152344
 10
311.6232910156
 20
1470.8806152344
  0
LWPOLYLINE
  5
474
330
6F
100
AcDbEntity
  8
0
100
AcDbPolyline
 90
        9
 70
     0
 43
0.0
 10
333.0482177734
 20
1528.0306396484
 42
-0.4142824411000001
 10
334.0482177734
 20
1529.0306396484
 10
346.048248291
 20
1529.0306396484
 42
-0.4142824411000001
 10
347.0482177734
 20
1528.0306396484
 10
347.0482177734
 20
1516.0307617188
 42
-0.414276123
 10
346.0482177734
 20
1515.0306396484
 10
334.0481872559
 20
1515.0306396484
 42
-0.4142824411000001
 10
333.0482177734
 20
1516.0306396484
 10
333.0482177734
 20
1528.0306396484
  0
LWPOLYLINE
  5
47F
330
6F
100
AcDbEntity
  8
0
100
AcDbPolyline
 90
        9
 70
     0
 43
0.0
 10
468.4919738769999
 20
1458.8804931641
 42
-0.4142456055
 10
467.4920043944999
 20
1457.8806152344
 10
453.110748291
 20
1457.8804931641
 42
-0.4141604006000001
 10
452.1107788085999
 20
1458.8806152344
 10
452.1107788085999
 20
1470.8807373047
 42
-0.4141604006000001
 10
453.1107788086
 20
1471.8806152344
 10
467.4920043944999
 20
1471.8807373047
 42
-0.4142456055
 10
468.4920043944999
 20
1470.8806152344
 10
468.4920043944999
 20
1458.8806152344
  0
LWPOLYLINE
  5
48A
330
6F
100
AcDbEntity
  8
0
100
AcDbPolyline
 90
        9
 70
     0
 43
0.0
 10
415.0107116699
 20
1495.9807128906
 42
-0.4142456055
 10
414.0106811523
 20
1496.9807128906
 10
414.0106811523
 20
1508.9807128906
 42
-0.4141235054
 10
415.0106811523
 20
1509.9807128906
 10
427.0107116699
 20
1509.9805908203
 42
-0.4142456055
 10
428.0106811523
 20
1508.9807128906
 10
428.0107116698999
 20
1496.9805908203
 42
-0.4142456055
 10
427.0106811523
 20
1495.9807128906
 10
415.0106811523
 20
1495.9807128906
  0
LWPOLYLINE
  5
495
330
6F
100
AcDbEntity
  8
0
100
AcDbPolyline
 90
        9
 70
     0
 43
0.0
 10
513.7357177733999
 20
1458.8806152344
 42
-0.4142456055
 10
512.7357788085999
 20
1457.8806152344
 10
500.7357482909999
 20
1457.8806152344
 42
-0.4141604006000001
 10
499.7357788086
 20
1458.8806152344
 10
499.7357788086
 20
1470.8806152344
 42
-0.4143129587
 10
500.7357788085999
 20
1471.8806152344
 10
512.7357788085999
 20
1471.8806152344
 42
-0.4142456055
 10
513.7357788085999
 20
1470.8806152344
 10
513.7357788085999
 20
1458.8806152344
  0
LWPOLYLINE
  5
4A0
330
6F
100
AcDbEntity
  8
0
100
AcDbPolyline
 90
        9
 70
     0
 43
0.0
 10
431.7731933594
 20
1534.0805664063
 42
0.4141540825
 10
432.7731933594
 20
1535.0806884766
 10
432.7731628418
 20
1547.0808105469
 42
0.4141730368000001
 10
431.7731933594
 20
1548.0806884766
 10
419.7731628418
 20
1548.0806884766
 42
0.4142824411000001
 10
418.7731933593999
 20
1547.0806884766
 10
418.7731628417999
 20
1535.0806884766
 42
0.4142456055
 10
419.7731933594
 20
1534.0806884766
 10
431.7731933594
 20
1534.0806884766
  0
LWPOLYLINE
  5
4AB
330
6F
100
AcDbEntity
  8
0
100
AcDbPolyline
 90
        9
 70
     0
 43
0.0
 10
371.1232299805
 20
1473.8806152344
 42
-0.4142456055
 10
372.1232299805
 20
1472.8806152344
 10
372.1232299805
 20
1458.8806152344
 42
-0.4142824411000001
 10
371.1232299805
 20
1457.8806152344
 10
366.1232299805
 20
1457.8806152344
 42
-0.4142456055
 10
365.1232299805
 20
1458.8806152344
 10
365.1232299805
 20
1472.8806152344
 42
-0.4142456055
 10
366.1232299805
 20
1473.8806152344
 10
371.1232299805
 20
1473.8806152344
  0
LWPOLYLINE
  5
4B6
330
6F
100
AcDbEntity
  8
0
100
AcDbPolyline
 90
        9
 70
     0
 43
0.0
 10
193.554397583
 20
1471.8806152344
 42
0.4142550826
 10
192.5544433594
 20
1470.8806152344
 10
192.5544433594
 20
1458.8806152344
 42
0.4142608643
 10
193.5544433594
 20
1457.8806152344
 10
207.9357910156
 20
1457.8806152344
 42
0.4142456055
 10
208.9357910156
 20
1458.8806152344
 10
208.9357910156
 20
1470.8806152344
 42
0.4142608643
 10
207.9357910156
 20
1471.8806152344
 10
193.5544433594
 20
1471.8806152344
  0
LWPOLYLINE
  5
4C1
330
6F
100
AcDbEntity
  8
0
100
AcDbPolyline
 90
        9
 70
     0
 43
0.0
 10
285.1357421875
 20
1489.9306640625
 42
0.414276123
 10
284.1357421875
 20
1490.9306640625
 10
272.1357116699
 20
1490.9306640625
 42
0.4141909182
 10
271.1357421875
 20
1489.9306640625
 10
271.1357421875
 20
1477.9306640625
 42
0.4141604006000001
 10
272.1357421875
 20
1476.9306640625
 10
284.1357421875
 20
1476.9306640625
 42
0.4142456055
 10
285.1357421875
 20
1477.9306640625
 10
285.1357421875
 20
1489.9306640625
  0
LWPOLYLINE
  5
4CC
330
6F
100
AcDbEntity
  8
0
100
AcDbPolyline
 90
        9
 70
     0
 43
0.0
 10
444.6794738769999
 20
1458.8804931641
 42
-0.4142456055
 10
443.6795043944999
 20
1457.8806152344
 10
429.2982788086
 20
1457.8806152344
 42
-0.414276123
 10
428.2982788086
 20
1458.8806152344
 10
428.2982482909999
 20
1470.8807373047
 42
-0.4141540825
 10
429.2982788086
 20
1471.8806152344
 10
443.6795043944999
 20
1471.8807373047
 42
-0.4142456055
 10
444.6795043945
 20
1470.8806152344
 10
444.6795043945
 20
1458.8806152344
  0
LWPOLYLINE
  5
4D7
330
6F
100
AcDbEntity
  8
0
100
AcDbPolyline
 90
        9
 70
     0
 43
0.0
 10
380.3856811523001
 20
1477.9306640625
 42
-0.4141604006000001
 10
379.3856811523
 20
1476.9306640625
 10
367.3857116699
 20
1476.9306640625
 42
-0.4142456055
 10
366.3856811523
 20
1477.9306640625
 10
366.3856811523
 20
1489.9306640625
 42
-0.4142392874000001
 10
367.3856811523001
 20
1490.9306640625
 10
379.3857116699
 20
1490.9306640625
 42
-0.4141540825
 10
380.3856811523001
 20
1489.9306640625
 10
380.3856811523001
 20
1477.9306640625
  0
LWPOLYLINE
  5
4E2
330
6F
100
AcDbEntity
  8
0
100
AcDbPolyline
 90
        9
 70
     0
 43
0.0
 10
337.8106689453
 20
1496.9807128906
 42
0.4142519534000001
 10
338.8106689453
 20
1495.9807128906
 10
350.8106384277
 20
1495.9805908203
 42
0.4141540825
 10
351.8106689453
 20
1496.9807128906
 10
351.8106689453
 20
1508.9807128906
 42
0.4142634869
 10
350.8106689453
 20
1509.9807128906
 10
338.8106689453
 20
1509.9807128906
 42
0.4141235054
 10
337.8106689453
 20
1508.9807128906
 10
337.8106689453
 20
1496.9807128906
  0
LWPOLYLINE
  5
4ED
330
6F
100
AcDbEntity
  8
0
100
AcDbPolyline
 90
        2
 70
     0
 43
0.0
 10
434.0032348633
 20
1495.9803466797
 42
0.0162595604
 10
434.0633850098
 20
1495.978515625
  0
LWPOLYLINE
  5
4F1
330
6F
100
AcDbEntity
  8
0
100
AcDbPolyline
 90
        2
 70
     0
 43
0.0
 10
453.0672607421999
 20
1515.0295410156
 42
0.0106690275
 10
453.1133728027
 20
1515.0285644531
  0
LWPOLYLINE
  5
4F5
330
6F
100
AcDbEntity
  8
0
100
AcDbPolyline
 90
        2
 70
     0
 43
0.0
 10
465.1583251953
 20
1529.0274658203
 42
0.0109441355
 10
465.1133728027
 20
1529.0284423828
  0
LWPOLYLINE
  5
4F9
330
6F
100
AcDbEntity
  8
0
100
AcDbPolyline
 90
        3
 70
     0
 43
0.0
 10
449.2296142577999
 20
1451.8581542969
 42
-0.9062440394999999
 10
452.6948852539
 20
1452.1993408203
 42
-1.1033811569
 10
449.2296447753999
 20
1451.8581542969
  0
LWPOLYLINE
  5
4FE
330
6F
100
AcDbEntity
  8
0
100
AcDbPolyline
 90
        3
 70
     0
 43
0.0
 10
209.2296142578
 20
1451.8581542969
 42
-0.9061583281
 10
212.6958007813
 20
1452.1999511719
 42
-1.1032384634
 10
209.2296600342
 20
1451.8581542969
  0
LWPOLYLINE
  5
503
330
6F
100
AcDbEntity
  8
0
100
AcDbPolyline
 90
        3
 70
     0
 43
0.0
 10
372.7296142578
 20
1451.8581542969
 42
-0.9063658118000001
 10
369.2634887695
 20
1451.5168457031
 42
-1.103383898699999
 10
372.7296142578
 20
1451.8582763672
  0
LWPOLYLINE
  5
508
330
6F
100
AcDbEntity
  8
0
100
AcDbPolyline
 90
        3
 70
     0
 43
0.0
 10
529.2296142578
 20
1451.8581542969
 42
-0.9062474965999999
 10
532.6948852539
 20
1452.1993408203
 42
-1.1033731699
 10
529.2296142578
 20
1451.8581542969
  0
LWPOLYLINE
  5
50D
330
6F
100
AcDbEntity
  8
0
100
AcDbPolyline
 90
        3
 70
     0
 43
0.0
 10
292.7296142578
 20
1451.8581542969
 42
-0.9064235090999998
 10
289.2626953125
 20
1451.5167236328
 42
-1.1032522917
 10
292.729675293
 20
1451.8581542969
  0
LWPOLYLINE
  5
512
330
6F
100
AcDbEntity
  8
0
100
AcDbPolyline
 90
       32
 70
     0
 43
0.0
 10
256.2861938477
 20
1413.1944580078
 10
257.4424438477
 20
1412.1007080078
 10
256.9799194336
 20
1411.7882080078
 42
-0.0040391451
 10
256.2023620605
 20
1409.0054931641
 42
-0.0074358317
 10
255.3611450195
 20
1406.2413330078
 42
-0.0061242729
 10
256.0805358887
 20
1404.9068603516
 42
-0.0128562264
 10
256.7486572266
 20
1403.5460205078
 42
-0.0358554348
 10
257.1773071289
 20
1402.4036865234
 42
-0.0621624552
 10
257.2978820801
 20
1401.6710205078
 42
-0.0397746712
 10
257.2688598633
 20
1400.9573974609
 42
-0.0743729919
 10
257.1533508301
 20
1400.5382080078
 42
-0.0398233719
 10
256.9943847656
 20
1400.2452392578
 42
-0.1133159921
 10
256.9110107422
 20
1400.1643066406
 42
-0.3159623742
 10
256.7951049805
 20
1400.1719970703
 42
-0.0723294243
 10
256.7450561523
 20
1400.2257080078
 42
-0.0561902523
 10
256.6185913086
 20
1400.4600830078
 42
-0.0261796322
 10
256.4849243164
 20
1400.8507080078
 42
-0.0124770654
 10
256.3439941406
 20
1401.3975830078
 42
0.0274202991
 10
255.8500518799
 20
1403.0769042969
 42
0.0203320123
 10
254.9564819336
 20
1405.3038330078
 42
-0.0404301994
 10
253.3090515137
 20
1402.130859375
 42
-0.0459044464
 10
251.1408691406
 20
1399.2882080078
 10
250.9674072266
 20
1399.5225830078
 42
0.0404811576
 10
252.9946594238
 20
1402.7840576172
 42
0.0370824188
 10
254.4939575195
 20
1406.3194580078
 42
0.0025718268
 10
253.3062591553
 20
1409.1044921875
 42
0.00696402
 10
252.0658569336
 20
1411.8663330078
 10
252.2393188477
 20
1412.0225830078
 42
-0.0066957162
 10
253.5835876465
 20
1409.6634521484
 42
-0.0115837473
 10
254.8408813477
 20
1407.2569580078
 42
0.0177082699
 10
255.4979248047
 20
1409.5865478516
 42
0.0121918246
 10
256.2861938477
 20
1413.1944580078
  0
LWPOLYLINE
  5
534
330
6F
100
AcDbEntity
  8
0
100
AcDbPolyline
 90
       64
 70
     0
 43
0.0
 10
245.4752197266
 20
1410.7725830078
 10
248.0767822266
 20
1410.7725830078
 42
0.0084073264
 10
248.0189819336
 20
1414.2100830078
 10
249.2908325195
 20
1413.3507080078
 10
248.8283691406
 20
1412.8819580078
 10
248.8283691406
 20
1410.7725830078
 10
250.1002197266
 20
1410.7725830078
 10
250.7361450195
 20
1411.7100830078
 10
251.6611938477
 20
1410.3038330078
 10
248.8283691406
 20
1410.3038330078
 10
248.8283691406
 20
1406.9444580078
 10
250.6783447266
 20
1406.9444580078
 10
251.3721313477
 20
1407.9600830078
 10
252.4127197266
 20
1406.4757080078
 10
248.6549072266
 20
1406.4757080078
 10
249.4642944336
 20
1405.8507080078
 10
249.0017700195
 20
1405.4600830078
 10
249.0017700195
 20
1403.4288330078
 10
250.5627441406
 20
1403.4288330078
 10
251.1408691406
 20
1404.1319580078
 10
251.9502563477
 20
1402.9600830078
 10
249.0017700195
 20
1402.9600830078
 10
249.0017700195
 20
1398.9757080078
 42
0.0611597896
 10
249.8598327637
 20
1398.4779052734
 42
0.0412495323
 10
250.8012084961
 20
1398.1651611328
 42
0.0370820388
 10
251.9664916992
 20
1397.9722900391
 42
0.0258275215
 10
253.308807373
 20
1397.9210205078
 42
0.011360907
 10
256.2098693848
 20
1398.0264892578
 42
0.0167191606
 10
258.0205688477
 20
1398.1944580078
 10
258.0205688477
 20
1397.8819580078
 42
0.0658087507
 10
257.498046875
 20
1397.6469726563
 42
0.1678986698
 10
257.0092163086
 20
1397.0477294922
 42
0.072533235
 10
256.9221191406
 20
1396.6319580078
 42
-0.0150829824
 10
254.753112793
 20
1396.6135253906
 42
-0.0114918416
 10
252.5861816406
 20
1396.7100830078
 42
-0.0365995206
 10
251.1318206787
 20
1396.9165039063
 42
-0.0649561211
 10
249.7489929199
 20
1397.412109375
 42
-0.0647852793
 10
248.859588623
 20
1398.0244140625
 42
-0.0399371572
 10
247.809387207
 20
1399.1320800781
 42
-0.0201972798
 10
247.2149963379
 20
1399.9328613281
 42
-0.0158947054
 10
246.6314697266
 20
1400.8507080078
 42
-0.021688547
 10
246.0673828125
 20
1399.0556640625
 42
-0.0355342142
 10
245.3019866943
 20
1397.3366699219
 42
-0.0310445223
 10
244.7236938477
 20
1396.3975830078
 10
244.5502319336
 20
1396.5538330078
 42
0.0651694685
 10
245.9208068848
 20
1401.2648925781
 42
0.0142399846
 10
246.1270141602
 20
1402.9129638672
 42
0.0239938125
 10
246.2268066406
 20
1404.9913330078
 10
247.4986572266
 20
1404.2100830078
 10
247.0939941406
 20
1403.8194580078
 42
0.0055297818
 10
246.7471313477
 20
1401.2413330078
 42
0.0137756737
 10
247.784576416
 20
1399.9938964844
 42
0.029214872
 10
248.2502441406
 20
1399.5225830078
 10
248.2502441406
 20
1406.4757080078
 10
246.2846069336
 20
1406.4757080078
 42
0.0610766858
 10
245.7250061035
 20
1406.4071044922
 42
0.0271899886
 10
245.1861572266
 20
1406.2413330078
 10
244.6658325195
 20
1406.9444580078
 10
248.0767822266
 20
1406.9444580078
 10
248.0767822266
 20
1410.3038330078
 10
247.0361938477
 20
1410.3038330078
 42
0.056442596
 10
246.6296539307
 20
1410.2579345703
 42
0.0319645219
 10
245.9955444336
 20
1410.0694580078
 10
245.4752197266
 20
1410.7725830078
  0
LWPOLYLINE
  5
576
330
6F
100
AcDbEntity
  8
0
100
AcDbPolyline
 90
       74
 70
     0
 43
0.0
 10
265.8251953125
 20
1409.6007080078
 42
0.0025607301
 10
265.8107299805
 20
1412.4132080078
 42
0.006249628
 10
265.7673950195
 20
1414.1319580078
 10
267.0971069336
 20
1413.3507080078
 10
266.6345825195
 20
1412.7257080078
 10
266.6345825195
 20
1409.6788330078
 10
269.2939453125
 20
1409.6788330078
 10
270.1033325195
 20
1410.7725830078
 10
271.2595825195
 20
1409.2100830078
 10
266.6345825195
 20
1409.2100830078
 10
266.6345825195
 20
1404.9913330078
 10
270.6814575195
 20
1404.9913330078
 10
271.4908447266
 20
1406.0850830078
 10
272.6470947266
 20
1404.5225830078
 10
267.9064941406
 20
1404.5225830078
 10
267.9064941406
 20
1399.2100830078
 42
0.0308838412
 10
267.9051513672
 20
1398.6625976563
 42
0.0713417828
 10
268.0148620605
 20
1398.1262207031
 42
0.0611216426
 10
268.1377258301
 20
1397.8820800781
 42
0.2075586021
 10
268.7151184082
 20
1397.5092773438
 42
0.0561800972
 10
269.0627441406
 20
1397.4913330078
 10
271.0861816406
 20
1397.4913330078
 42
0.1826440543
 10
271.2840576172
 20
1397.56640625
 42
0.1001267582
 10
271.4113769531
 20
1397.7354736328
 42
0.0601062998
 10
271.5143432617
 20
1398.0406494141
 42
0.0347977579
 10
271.5903320313
 20
1398.59765625
 42
0.008765067
 10
271.7221069336
 20
1401.3194580078
 10
272.0111694336
 20
1401.3194580078
 42
0.0180630982
 10
272.0888061523
 20
1399.1702880859
 42
0.0458558053
 10
272.1755371094
 20
1398.6461181641
 42
0.0634177104
 10
272.3218994141
 20
1398.2823486328
 42
0.1487220824
 10
272.8205566406
 20
1397.8038330078
 42
-0.05503048
 10
272.6280212402
 20
1397.3225097656
 42
-0.2082581818
 10
271.7476196289
 20
1396.625
 42
-0.064860642
 10
271.2017822266
 20
1396.5538330078
 10
268.4267578125
 20
1396.5538330078
 42
-0.0432796441
 10
268.1164550781
 20
1396.5986328125
 42
-0.227148518
 10
267.322265625
 20
1397.2371826172
 42
-0.0618704446
 10
267.1585083008
 20
1397.7258300781
 42
-0.0337529816
 10
267.1052246094
 20
1398.1260986328
 42
-0.0236724876
 10
267.0971069336
 20
1398.5850830078
 10
267.0971069336
 20
1404.5225830078
 10
265.0158691406
 20
1404.5225830078
 42
-0.025038071
 10
264.797088623
 20
1402.4046630859
 42
-0.040716134
 10
264.3022460938
 20
1400.3337402344
 42
-0.0346516594
 10
263.8306884766
 20
1399.1710205078
 42
-0.0600686222
 10
263.168182373
 20
1398.1478271484
 42
-0.0455712415
 10
262.3059082031
 20
1397.2863769531
 42
-0.0414674953
 10
261.1586608887
 20
1396.4830322266
 42
-0.0297367852
 10
259.7548828125
 20
1395.7725830078
 10
259.6970825195
 20
1396.0069580078
 42
0.0224820953
 10
260.9581298828
 20
1396.9444580078
 42
0.0324377157
 10
261.9662475586
 20
1397.8819580078
 42
0.0408868752
 10
262.7447509766
 20
1398.8537597656
 42
0.053311266
 10
263.2236633301
 20
1399.7569580078
 42
0.035248857
 10
263.6596069336
 20
1401.1146240234
 42
0.0306955278
 10
264.0258178711
 20
1403.1407470703
 42
0.0143516827
 10
264.1486816406
 20
1404.5225830078
 10
261.6049194336
 20
1404.5225830078
 42
0.0398772694
 10
260.9007873535
 20
1404.466796875
 42
0.0489175394
 10
260.2174072266
 20
1404.2882080078
 10
259.6970825195
 20
1404.9913330078
 10
265.8251953125
 20
1404.9913330078
 10
265.8251953125
 20
1409.1319580078
 10
262.7033691406
 20
1409.1319580078
 42
-0.02266814
 10
261.8062133789
 20
1407.4020996094
 42
-0.0284167174
 10
260.7377319336
 20
1405.7725830078
 10
260.5642700195
 20
1405.9288330078
 42
0.0528150946
 10
262.0973510742
 20
1410.0336914063
 42
0.0255019739
 10
262.6455078125
 20
1412.7257080078
 10
263.9174194336
 20
1411.7100830078
 10
263.4548950195
 20
1411.3975830078
 42
-0.007078426
 10
262.8189697266
 20
1409.6007080078
 10
265.8251953125
 20
1409.6007080078
  0
LWPOLYLINE
  5
5C2
330
6F
100
AcDbEntity
  8
0
100
AcDbPolyline
 90
       46
 70
     0
 43
0.0
 10
277.2720947266
 20
1412.8819580078
 10
278.6018066406
 20
1411.8663330078
 42
0.0905729532
 10
278.3663330078
 20
1411.6354980469
 42
0.0430722013
 10
277.9658813477
 20
1410.9484863281
 42
0.0208703689
 10
277.6045227051
 20
1410.0939941406
 42
0.0113426261
 10
277.2142944336
 20
1408.9757080078
 10
280.6252441406
 20
1408.9757080078
 42
0.0028330528
 10
280.6045532227
 20
1412.6165771484
 42
0.005975524
 10
280.5674438477
 20
1414.2100830078
 10
281.9549560547
 20
1413.4288330078
 10
281.4924316406
 20
1412.8819580078
 10
281.4924316406
 20
1408.9757080078
 10
284.7877197266
 20
1408.9757080078
 10
285.6549072266
 20
1410.1475830078
 10
286.7533569336
 20
1408.5069580078
 10
281.4924316406
 20
1408.5069580078
 10
281.4924316406
 20
1403.6632080078
 10
284.0939941406
 20
1403.6632080078
 10
285.0189819336
 20
1404.8350830078
 10
286.0596313477
 20
1403.1944580078
 10
281.4924316406
 20
1403.1944580078
 10
281.4924316406
 20
1397.5694580078
 10
285.6549072266
 20
1397.5694580078
 10
286.5799560547
 20
1398.8194580078
 10
287.7362060547
 20
1397.1007080078
 10
276.2315063477
 20
1397.1007080078
 42
0.0398772694
 10
275.5273742676
 20
1397.044921875
 42
0.0489175394
 10
274.8439941406
 20
1396.8663330078
 10
274.3236694336
 20
1397.5694580078
 10
280.6252441406
 20
1397.5694580078
 10
280.6252441406
 20
1403.1944580078
 10
278.4283447266
 20
1403.1944580078
 42
0.0398721509
 10
277.7242431641
 20
1403.138671875
 42
0.0489413328
 10
277.0408935547
 20
1402.9600830078
 10
276.5205688477
 20
1403.6632080078
 10
280.6252441406
 20
1403.6632080078
 10
280.6252441406
 20
1408.5069580078
 10
277.0986938477
 20
1408.5069580078
 42
-0.0130804302
 10
276.1243286133
 20
1406.2221679688
 42
-0.0263382122
 10
275.1921691895
 20
1404.4403076172
 42
-0.0257097837
 10
274.7283935547
 20
1403.7413330078
 10
274.5549316406
 20
1403.8975830078
 42
0.0238582287
 10
275.4887695313
 20
1406.0881347656
 42
0.019095758
 10
276.2314758301
 20
1408.3507080078
 42
0.0121203847
 10
276.8175048828
 20
1410.6011962891
 42
0.016877098
 10
277.2720947266
 20
1412.8819580078
  0
LWPOLYLINE
  5
5F2
330
6F
100
AcDbEntity
  8
0
100
AcDbPolyline
 90
       12
 70
     0
 43
0.0
 10
304.3627319336
 20
1397.8038330078
 10
300.8080444336
 20
1397.8038330078
 10
300.8080444336
 20
1398.1147460938
 10
302.4705200195
 20
1398.1147460938
 10
302.4705200195
 20
1411.8709716797
 10
300.8939819336
 20
1409.7475585938
 10
300.7205200195
 20
1409.9803466797
 10
302.5346069336
 20
1412.4038085938
 10
302.7017822266
 20
1412.4038085938
 10
302.7017822266
 20
1398.1147460938
 10
304.3627319336
 20
1398.1147460938
 10
304.3627319336
 20
1397.8038330078
  0
LWPOLYLINE
  5
600
330
6F
100
AcDbEntity
  8
0
100
AcDbPolyline
 90
       12
 70
     0
 43
0.0
 10
311.4627685547
 20
1397.8038330078
 10
307.9080810547
 20
1397.8038330078
 10
307.9080810547
 20
1398.1147460938
 10
309.5705566406
 20
1398.1147460938
 10
309.5705566406
 20
1411.8709716797
 10
307.9940185547
 20
1409.7475585938
 10
307.8205566406
 20
1409.9803466797
 10
309.6346435547
 20
1412.4038085938
 10
309.8018188477
 20
1412.4038085938
 10
309.8018188477
 20
1398.1147460938
 10
311.4627685547
 20
1398.1147460938
 10
311.4627685547
 20
1397.8038330078
  0
LWPOLYLINE
  5
60E
330
6F
100
AcDbEntity
  8
0
100
AcDbPolyline
 90
        9
 70
     0
 43
0.0
 10
320.4564819336
 20
1400.2757568359
 10
318.6064453125
 20
1397.8038330078
 10
316.7424316406
 20
1397.8038330078
 10
314.8923950195
 20
1400.2757568359
 10
314.8923950195
 20
1409.9226074219
 10
316.7424316406
 20
1412.4038085938
 10
318.6064453125
 20
1412.4038085938
 10
320.4564819336
 20
1409.9226074219
 10
320.4564819336
 20
1400.2757568359
  0
LWPOLYLINE
  5
619
330
6F
100
AcDbEntity
  8
0
100
AcDbPolyline
 90
        9
 70
     0
 43
0.0
 10
320.2174072266
 20
1400.2647705078
 10
320.2174072266
 20
1409.7475585938
 10
318.5205078125
 20
1412.0522460938
 10
316.8283691406
 20
1412.0522460938
 10
315.1298828125
 20
1409.7475585938
 10
315.1298828125
 20
1400.2647705078
 10
316.8283691406
 20
1397.9694824219
 10
318.5205078125
 20
1397.9694824219
 10
320.2174072266
 20
1400.2647705078
  0
LWPOLYLINE
  5
624
330
6F
100
AcDbEntity
  8
0
100
AcDbPolyline
 90
       37
 70
     0
 43
0.0
 10
326.6971435547
 20
1407.6475830078
 42
-0.0074797329
 10
326.6719665527
 20
1405.966796875
 42
-0.0119595416
 10
326.5814819336
 20
1404.2882080078
 10
331.4377441406
 20
1404.2882080078
 10
331.8424072266
 20
1405.1475830078
 10
332.8252563477
 20
1404.1319580078
 10
332.3627319336
 20
1403.5850830078
 42
0.0016463851
 10
332.3771972656
 20
1399.1711425781
 42
0.003785606
 10
332.4205322266
 20
1396.3975830078
 10
331.4955444336
 20
1395.8508300781
 42
0.0032442338
 10
331.5388793945
 20
1399.0147705078
 42
0.0015124955
 10
331.5533447266
 20
1403.8194580078
 10
326.5814819336
 20
1403.8194580078
 42
-0.0456381664
 10
326.1039428711
 20
1401.1329345703
 42
-0.0880725905
 10
324.5118103027
 20
1397.7751464844
 42
-0.0501594506
 10
323.1705322266
 20
1396.2413330078
 10
323.0549316406
 20
1396.4757080078
 42
0.0440443493
 10
324.3531188965
 20
1398.5980224609
 42
0.068590425
 10
325.4075927734
 20
1401.7388916016
 42
0.0214162823
 10
325.6854248047
 20
1403.6534423828
 42
0.0134470602
 10
325.8082885742
 20
1405.3013916016
 42
0.0100262845
 10
325.8588562012
 20
1407.1397705078
 42
0.0026718839
 10
325.8660888672
 20
1410.5675048828
 42
0.0046700533
 10
325.8299560547
 20
1413.1163330078
 10
327.2174072266
 20
1412.2569580078
 10
326.6971435547
 20
1411.6319580078
 10
326.6971435547
 20
1408.1163330078
 10
330.6283569336
 20
1408.1163330078
 42
0.0020600383
 10
330.6138916016
 20
1411.6124267578
 42
0.0038039661
 10
330.5705566406
 20
1414.1319580078
 10
331.9002685547
 20
1413.2725830078
 10
331.4377441406
 20
1412.6475830078
 10
331.4377441406
 20
1408.1163330078
 10
333.8658447266
 20
1408.1163330078
 10
334.7330322266
 20
1409.2882080078
 10
335.7736816406
 20
1407.6475830078
 10
326.6971435547
 20
1407.6475830078
  0
LWPOLYLINE
  5
64B
330
6F
100
AcDbEntity
  8
0
100
AcDbPolyline
 90
        9
 70
     0
 43
0.0
 10
356.5346069336
 20
1407.3709716797
 10
354.6846313477
 20
1404.8631591797
 10
349.4299316406
 20
1404.8631591797
 10
349.4299316406
 20
1397.8038330078
 10
349.1924438477
 20
1397.8038330078
 10
349.1924438477
 20
1412.4038085938
 10
354.6846313477
 20
1412.4038085938
 10
356.5346069336
 20
1409.8975830078
 10
356.5346069336
 20
1407.3709716797
  0
LWPOLYLINE
  5
656
330
6F
100
AcDbEntity
  8
0
100
AcDbPolyline
 90
        7
 70
     0
 43
0.0
 10
356.2955322266
 20
1407.4725341797
 10
356.2955322266
 20
1409.7475585938
 10
354.5908813477
 20
1412.0522460938
 10
349.4299316406
 20
1412.0522460938
 10
349.4299316406
 20
1405.1678466797
 10
354.5908813477
 20
1405.1678466797
 10
356.2955322266
 20
1407.4725341797
  0
LWPOLYLINE
  5
65F
330
6F
100
AcDbEntity
  8
0
100
AcDbPolyline
 90
        5
 70
     0
 43
0.0
 10
367.1346435547
 20
1397.8038330078
 10
359.7924194336
 20
1397.8038330078
 10
359.7924194336
 20
1412.4038085938
 10
367.1346435547
 20
1412.4038085938
 10
367.1346435547
 20
1397.8038330078
  0
LWPOLYLINE
  5
666
330
6F
100
AcDbEntity
  8
0
100
AcDbPolyline
 90
        5
 70
     0
 43
0.0
 10
366.8955688477
 20
1397.9694824219
 10
366.8955688477
 20
1412.0522460938
 10
360.0299072266
 20
1412.0522460938
 10
360.0299072266
 20
1397.9694824219
 10
366.8955688477
 20
1397.9694824219
  0
LWPOLYLINE
  5
66D
330
6F
100
AcDbEntity
  8
0
100
AcDbPolyline
 90
       13
 70
     0
 43
0.0
 10
377.7346191406
 20
1397.8038330078
 10
377.4955444336
 20
1397.8038330078
 10
377.4955444336
 20
1411.5241699219
 10
374.0627441406
 20
1402.2475585938
 10
370.6298828125
 20
1411.5241699219
 10
370.6298828125
 20
1397.8038330078
 10
370.3923950195
 20
1397.8038330078
 10
370.3923950195
 20
1412.2038574219
 10
370.6455078125
 20
1412.2038574219
 10
374.0627441406
 20
1402.9678955078
 10
377.4814453125
 20
1412.2038574219
 10
377.7346191406
 20
1412.2038574219
 10
377.7346191406
 20
1397.8038330078
  0
LWPOLYLINE
  5
67C
330
6F
100
AcDbEntity
  8
0
100
AcDbPolyline
 90
        5
 70
     0
 43
0.0
 10
387.1346435547
 20
1412.1788330078
 10
387.1346435547
 20
1407.0225830078
 10
390.7189941406
 20
1407.0225830078
 10
390.7189941406
 20
1412.1788330078
 10
387.1346435547
 20
1412.1788330078
  0
LWPOLYLINE
  5
683
330
6F
100
AcDbEntity
  8
0
100
AcDbPolyline
 90
       15
 70
     0
 43
0.0
 10
383.7814941406
 20
1411.3975830078
 42
-0.0128509048
 10
384.389251709
 20
1410.8511962891
 42
-0.0327598229
 10
384.9449157715
 20
1410.251953125
 42
-0.0494730845
 10
385.1690063477
 20
1409.9132080078
 42
-0.0394426808
 10
385.3821716308999
 20
1409.4191894531
 42
-0.1591926366
 10
385.3933410645
 20
1408.5511474609
 42
-0.0893065333
 10
385.0100097656
 20
1407.8167724609
 42
-0.0822680965
 10
384.9263305664
 20
1407.7395019531
 42
-0.4052581489
 10
384.8088378906
 20
1407.7624511719
 42
-0.0744905919
 10
384.7209472656
 20
1407.9405517578
 42
-0.0296945516
 10
384.65234375
 20
1408.2091064453
 42
-0.0141721144
 10
384.5908813477
 20
1408.5850830078
 42
0.0534914322
 10
384.2842407227
 20
1409.7669677734
 42
0.0346179307
 10
383.6080932617
 20
1411.2413330078
 10
383.7814941406
 20
1411.3975830078
  0
LWPOLYLINE
  5
694
330
6F
100
AcDbEntity
  8
0
100
AcDbPolyline
 90
        8
 70
     0
 43
0.0
 10
388.9846191406
 20
1411.5538330078
 10
390.1408691406
 20
1410.4600830078
 10
389.6784057617
 20
1410.2257080078
 42
-0.0022986634
 10
387.8283691406
 20
1407.4132080078
 10
387.6549682617
 20
1407.5694580078
 42
0.0122799929
 10
388.4157409668
 20
1409.4987792969
 42
0.0256668143
 10
388.869720459
 20
1410.966796875
 42
0.0276552401
 10
388.9846191406
 20
1411.5538330078
  0
LWPOLYLINE
  5
69E
330
6F
100
AcDbEntity
  8
0
100
AcDbPolyline
 90
       18
 70
     0
 43
0.0
 10
382.8565063477
 20
1400.4594726563
 42
-0.0085288724
 10
382.8348388672
 20
1399.1929931641
 42
-0.0157376602
 10
382.7697753906
 20
1398.2042236328
 42
-0.0335850455
 10
382.6296386719
 20
1397.3594970703
 42
-0.0757445097
 10
382.5096435547
 20
1397.0616455078
 42
-0.0470279492
 10
382.2508850098
 20
1396.7054443359
 42
-0.1006939337
 10
382.0024414062999
 20
1396.5178222656
 42
-0.1279313415
 10
381.7849121094
 20
1396.4757080078
 42
-0.102382496
 10
381.3533935547
 20
1396.5928955078
 42
-0.0616894141
 10
381.1991271973
 20
1396.6968994141
 42
-0.216333136
 10
381.1221313477
 20
1396.8663330078
 42
-0.1496290565
 10
381.1756591797
 20
1397.041015625
 42
-0.0610956401
 10
381.2955932617
 20
1397.1788330078
 42
0.024425704
 10
381.6644897461
 20
1397.7316894531
 42
0.0146463336
 10
381.9893188477
 20
1398.3116455078
 42
0.0482700914
 10
382.2657470703
 20
1398.9938964844
 42
0.0240833852
 10
382.6252441406
 20
1400.4600830078
 10
382.8565063477
 20
1400.4600830078
  0
LWPOLYLINE
  5
6B2
330
6F
100
AcDbEntity
  8
0
100
AcDbPolyline
 90
       18
 70
     0
 43
0.0
 10
384.5330810547
 20
1400.3819580078
 42
-0.0165287908
 10
385.3045349121
 20
1399.3209228516
 42
-0.0409840345
 10
385.7383422852
 20
1398.5518798828
 42
-0.0513301603
 10
385.8338623047
 20
1398.2725830078
 42
-0.0066760052
 10
385.9713134766
 20
1397.6397705078
 42
-0.0502128899
 10
385.9783935547
 20
1397.5694580078
 42
-0.0690485984
 10
385.9149780273
 20
1397.1124267578
 42
-0.1181161404
 10
385.6893310547
 20
1396.7100830078
 42
-0.0159934014
 10
385.4580688477
 20
1396.4757080078
 42
-0.0481916144
 10
385.366973877
 20
1396.4046630859
 42
-0.1393584609
 10
385.3424682617
 20
1396.3975830078
 42
-0.2418942302
 10
385.2435913086
 20
1396.4483642578
 42
-0.0848261416
 10
385.1546020508
 20
1396.6319580078
 42
-0.0376278274
 10
385.0931396484
 20
1396.9249267578
 42
-0.0174204987
 10
385.0534057617
 20
1397.3350830078
 42
0.0365338102
 10
384.8428649902
 20
1398.5975341797
 42
0.0251279231
 10
384.3596191406
 20
1400.2257080078
 10
384.5330810547
 20
1400.3819580078
  0
LWPOLYLINE
  5
6C6
330
6F
100
AcDbEntity
  8
0
100
AcDbPolyline
 90
       16
 70
     0
 43
0.0
 10
390.3143310547
 20
1400.4600830078
 42
-0.0298946053
 10
391.4732971191
 20
1399.4364013672
 42
-0.0624708533
 10
392.1607055664
 20
1398.5557861328
 42
-0.0565373376
 10
392.3902587891
 20
1398.0487060547
 42
-0.0781903714
 10
392.4533996582
 20
1397.6475830078
 42
-0.1214634553
 10
392.2221374512
 20
1396.7491455078
 42
-0.0171483532
 10
392.0342407227
 20
1396.4268798828
 42
-0.0626222193
 10
391.9526062012
 20
1396.3272705078
 42
-0.1883431077
 10
391.9330444336
 20
1396.3194580078
 42
-0.2304798663
 10
391.8632202148001
 20
1396.3532714844
 42
-0.0919736698
 10
391.7350463867
 20
1396.5964355469
 42
-0.0256126989
 10
391.5861816406
 20
1397.1788330078
 42
0.0399836898
 10
391.3066711426
 20
1398.0600585938
 42
0.029119242
 10
390.6647949219
 20
1399.4053955078
 42
0.012301527
 10
390.1408691406
 20
1400.3038330078
 10
390.3143310547
 20
1400.4600830078
  0
LWPOLYLINE
  5
6D8
330
6F
100
AcDbEntity
  8
0
100
AcDbPolyline
 90
       36
 70
     0
 43
0.0
 10
391.5283813477
 20
1411.6319580078
 42
0.0028015114
 10
391.5486450195
 20
1408.0144042969
 42
0.0060082385
 10
391.5861816406
 20
1406.3975830078
 10
390.7189941406
 20
1405.8507080078
 10
390.7189941406
 20
1406.5538330078
 10
387.1346435547
 20
1406.5538330078
 10
387.1346435547
 20
1404.1319580078
 10
390.0252685547
 20
1404.1319580078
 10
390.7767944336
 20
1405.1475830078
 10
391.8752441406
 20
1403.6632080078
 10
387.1346435547
 20
1403.6632080078
 10
387.1346435547
 20
1401.5538330078
 10
390.9502563476999
 20
1401.5538330078
 10
391.8752441406
 20
1402.8038330078
 10
393.1471557617
 20
1401.0850830078
 10
382.2205810547
 20
1401.0850830078
 42
0.0398772694
 10
381.5164489746
 20
1401.029296875
 42
0.0489175394
 10
380.8330688476999
 20
1400.8507080078
 10
380.3127441406
 20
1401.5538330078
 10
386.3830566406
 20
1401.5538330078
 10
386.3830566406
 20
1403.6632080078
 10
383.3190307617
 20
1403.6632080078
 42
0.0398772694
 10
382.6148986816
 20
1403.607421875
 42
0.0489175394
 10
381.9315185547
 20
1403.4288330078
 10
381.4111938477
 20
1404.1319580078
 10
386.3830566406
 20
1404.1319580078
 10
386.3830566406
 20
1406.5538330078
 10
382.9721069336
 20
1406.5538330078
 10
382.9721069336
 20
1406.0850830078
 10
382.1049194336
 20
1405.5382080078
 42
0.0072521642
 10
382.1049194336
 20
1413.2725830078
 10
382.9721069336
 20
1412.6475830078
 10
390.6611938476999
 20
1412.6475830078
 10
391.2393188477
 20
1413.4288330078
 10
392.1065063477
 20
1412.2569580078
 10
391.5283813477
 20
1411.6319580078
  0
LWPOLYLINE
  5
6FE
330
6F
100
AcDbEntity
  8
0
100
AcDbPolyline
 90
        5
 70
     0
 43
0.0
 10
382.9721069336
 20
1412.1788330078
 10
382.9721069336
 20
1407.0225830078
 10
386.3830566406
 20
1407.0225830078
 10
386.3830566406
 20
1412.1788330078
 10
382.9721069336
 20
1412.1788330078
  0
LWPOLYLINE
  5
705
330
6F
100
AcDbEntity
  8
0
100
AcDbPolyline
 90
       15
 70
     0
 43
0.0
 10
387.4815063476999
 20
1400.3038330078
 42
-0.013495368
 10
388.05859375
 20
1399.7095947266
 42
-0.0331423059
 10
388.5778198242
 20
1399.0642089844
 42
-0.0481165014
 10
388.7822875977
 20
1398.7022705078
 42
-0.035622973
 10
388.9834289551
 20
1398.1455078125
 42
-0.2190906107
 10
388.7822875977
 20
1396.8663330078
 42
-0.016685864
 10
388.5727233887
 20
1396.5733642578
 42
-0.0562723763
 10
388.4866333008
 20
1396.4837646484
 42
-0.1747920215
 10
388.4642944336
 20
1396.4757080078
 42
-0.2299368382
 10
388.3645019531
 20
1396.5240478516
 42
-0.1055693328
 10
388.2358398438
 20
1396.7840576172
 42
-0.031602297
 10
388.1174316406
 20
1397.4132080078
 42
0.042142082
 10
387.8137207031
 20
1398.8103027344
 42
0.0315985493
 10
387.3080444336
 20
1400.1475830078
 10
387.4815063476999
 20
1400.3038330078
  0
LWPOLYLINE
  5
716
330
6F
100
AcDbEntity
  8
0
100
AcDbPolyline
 90
        5
 70
     0
 43
0.0
 10
401.8768310547
 20
1407.8819580078
 10
401.8768310547
 20
1403.8194580078
 10
405.0565185546999
 20
1403.8194580078
 10
405.0565185546999
 20
1407.8819580078
 10
401.8768310547
 20
1407.8819580078
  0
LWPOLYLINE
  5
71D
330
6F
100
AcDbEntity
  8
0
100
AcDbPolyline
 90
       54
 70
     0
 43
0.0
 10
405.8080444336
 20
1407.5694580078
 10
405.8080444336
 20
1404.4444580078
 42
0.0167615153
 10
405.8658447266
 20
1402.7257080078
 10
405.0565185546999
 20
1402.3350830078
 10
405.0565185546999
 20
1403.3507080078
 10
397.7142944336
 20
1403.3507080078
 10
397.7142944336
 20
1399.1319580078
 42
0.052840881
 10
397.7504272461
 20
1398.5509033203
 42
0.1070777029
 10
397.9166870117
 20
1398.1358642578
 42
0.1786355823
 10
398.3190002441
 20
1397.8471679688
 42
0.067063801
 10
398.6392822266
 20
1397.8038330078
 10
406.2705688477
 20
1397.8038330078
 42
0.1905679405
 10
406.607635498
 20
1397.9373779297
 42
0.0899062082
 10
406.7764282226999
 20
1398.1651611328
 42
0.063731499
 10
406.9317932129
 20
1398.6168212891
 42
0.031054629
 10
407.0221252441
 20
1399.2491455078
 42
0.0196479298
 10
407.1377563476999
 20
1402.1007080078
 10
407.4268188476999
 20
1402.1007080078
 42
0.0081801061
 10
407.4480895996
 20
1400.8100585938
 42
0.0200903974
 10
407.5424499512
 20
1399.5225830078
 42
0.0404298231
 10
407.6327819823999
 20
1399.0635986328
 42
0.0930949152
 10
407.8684387206999
 20
1398.5887451172
 42
0.1440017968
 10
408.2940063476999
 20
1398.2725830078
 42
-0.0481004491
 10
407.9688110351999
 20
1397.6573486328
 42
-0.0766419694
 10
407.5713500976999
 20
1397.2178955078
 42
-0.1751909554
 10
406.5596313477
 20
1396.8663330078
 10
398.0611572266
 20
1396.8663330078
 42
-0.03358813
 10
397.8576965332
 20
1396.8800048828
 42
-0.2550395131
 10
397.149597168
 20
1397.3996582031
 42
-0.0634775534
 10
397.0097045898
 20
1397.8331298828
 42
-0.03254769
 10
396.9672851563
 20
1398.1822509766
 42
-0.0224228315
 10
396.9627685547
 20
1398.5850830078
 10
396.9627685547
 20
1407.9600830078
 42
-0.0433300138
 10
394.9971313477
 20
1406.0069580078
 10
394.8814697266
 20
1406.2413330078
 42
0.0254727453
 10
396.0107727051
 20
1407.6922607422
 42
0.0195046738
 10
397.3385314941
 20
1409.7569580078
 42
0.0293636471
 10
398.4912109375
 20
1412.0053710938
 42
0.0254580211
 10
399.3908691406
 20
1414.3663330078
 10
400.6049194335999
 20
1413.2725830078
 10
400.1424560547
 20
1413.0382080078
 10
399.5643310547
 20
1412.1007080078
 10
402.8596191405999
 20
1412.1007080078
 10
403.3799438476999
 20
1412.9600830078
 10
404.4783935547
 20
1411.4757080078
 42
0.0896695852
 10
404.1077880858999
 20
1411.3493652344
 42
0.0580971651
 10
403.6328735351999
 20
1411.0069580078
 42
0.0401931517
 10
403.0794067382999
 20
1410.4123535156
 42
0.0184558667
 10
402.5994567870999
 20
1409.7569580078
 42
0.013859814
 10
401.7033691405999
 20
1408.3507080078
 10
404.9408569336
 20
1408.3507080078
 10
405.4033813476999
 20
1409.1319580078
 10
406.3283691406
 20
1408.1163330078
 10
405.8080444336
 20
1407.5694580078
  0
LWPOLYLINE
  5
755
330
6F
100
AcDbEntity
  8
0
100
AcDbPolyline
 90
        7
 70
     0
 43
0.0
 10
399.3908691406
 20
1411.6319580078
 42
-0.0055877776
 10
398.4599609375
 20
1410.1328125
 42
-0.0098713404
 10
397.4830322266
 20
1408.6632080078
 10
397.7720947266
 20
1408.3507080078
 10
401.3565063476999
 20
1408.3507080078
 10
402.8018188476999
 20
1411.6319580078
 10
399.3908691406
 20
1411.6319580078
  0
LWPOLYLINE
  5
75E
330
6F
100
AcDbEntity
  8
0
100
AcDbPolyline
 90
        5
 70
     0
 43
0.0
 10
397.7142944336
 20
1407.8819580078
 10
397.7142944336
 20
1403.8194580078
 10
401.1252441405999
 20
1403.8194580078
 10
401.1252441405999
 20
1407.8819580078
 10
397.7142944336
 20
1407.8819580078
  0
LWPOLYLINE
  5
765
330
6F
100
AcDbEntity
  8
0
100
AcDbPolyline
 90
        5
 70
     0
 43
0.0
 10
411.5314941405999
 20
1409.6007080078
 10
411.5314941405999
 20
1404.6007080078
 10
414.5377197265999
 20
1404.6007080078
 10
414.5377197265999
 20
1409.6007080078
 10
411.5314941405999
 20
1409.6007080078
  0
LWPOLYLINE
  5
76C
330
6F
100
AcDbEntity
  8
0
100
AcDbPolyline
 90
        5
 70
     0
 43
0.0
 10
411.5314941405999
 20
1404.1319580078
 10
411.5314941405999
 20
1398.6632080078
 10
414.5377197265999
 20
1398.6632080078
 10
414.5377197265999
 20
1404.1319580078
 10
411.5314941405999
 20
1404.1319580078
  0
LWPOLYLINE
  5
773
330
6F
100
AcDbEntity
  8
0
100
AcDbPolyline
 90
       24
 70
     0
 43
0.0
 10
415.2893066405999
 20
1409.1318359375
 42
0.0009533726
 10
415.3037719727
 20
1401.5733642578
 42
0.0025004956
 10
415.3471069335999
 20
1397.1788330078
 10
414.5377197265999
 20
1396.5538330078
 10
414.5377197265999
 20
1398.1944580078
 10
411.5314941405999
 20
1398.1944580078
 10
411.5314941405999
 20
1396.8663330078
 10
410.7221069336
 20
1396.2413330078
 42
0.0039321468
 10
410.7799072266
 20
1403.5460205078
 42
0.0039949473
 10
410.7221069336
 20
1410.7725830078
 10
411.5892944336
 20
1410.0694580078
 10
412.1674194336
 20
1410.0694580078
 42
0.0148830703
 10
412.6676330566
 20
1412.75
 42
0.0283853803
 10
412.8033447266
 20
1414.1319580078
 10
414.0752563476999
 20
1413.1944580078
 42
0.0493103303
 10
413.9599304198999
 20
1413.0983886719
 42
0.046966482
 10
413.7609252929999
 20
1412.8526611328
 42
0.0318811014
 10
413.3959655762
 20
1412.2180175781
 42
0.0183317121
 10
412.9804382324
 20
1411.2902832031
 42
0.0098402267
 10
412.5142822266
 20
1410.0694580078
 10
414.4221191406
 20
1410.0694580078
 10
415.0002441406
 20
1410.8507080078
 10
415.8674316405999
 20
1409.6788330078
 10
415.2893066405999
 20
1409.1319580078
  0
LWPOLYLINE
  5
78D
330
6F
100
AcDbEntity
  8
0
100
AcDbPolyline
 90
       42
 70
     0
 43
0.0
 10
418.1221313476999
 20
1414.0538330078
 10
419.3939819336
 20
1413.0382080078
 42
0.0480614118
 10
419.3017578124999
 20
1412.9437255859
 42
0.0397387743
 10
419.1301879883
 20
1412.6915283203
 42
0.0245994944
 10
418.8013916016
 20
1412.0421142578
 42
0.0136513971
 10
418.4075317382999
 20
1411.0899658203
 42
0.0072284201
 10
417.9486694336
 20
1409.8350830078
 10
421.0705566406
 20
1409.8350830078
 10
421.7064819336
 20
1410.6944580078
 10
422.5736694335999
 20
1409.5225830078
 10
422.0533447265999
 20
1408.9757080078
 42
-0.0014390612
 10
421.9901123047
 20
1404.9010009766
 42
-0.0028342828
 10
421.9160461426
 20
1401.8175048828
 42
-0.0054518338
 10
421.8311157226999
 20
1399.7252197266
 42
-0.0120863114
 10
421.7637939452999
 20
1398.8369140625
 42
-0.0165307689
 10
421.7353820800999
 20
1398.6241455078
 42
-0.0199038237
 10
421.5902709961
 20
1397.9276123047
 42
-0.0482398309
 10
421.3519287108999
 20
1397.2572021484
 42
-0.0595034026
 10
421.1572570801
 20
1396.9444580078
 42
-0.0694421455
 10
420.7064208983999
 20
1396.5190429688
 42
-0.0419336893
 10
419.9721069336
 20
1396.0850830078
 42
0.1281103045
 10
419.4602355957
 20
1397.0631103516
 42
0.0754044503
 10
418.7905578612999
 20
1397.6085205078
 42
0.0413082987
 10
418.0642700194999
 20
1397.9600830078
 10
418.0642700194999
 20
1398.3507080078
 42
0.0162997209
 10
419.3072509765999
 20
1398.0577392578
 42
0.0339375325
 10
420.0194091796999
 20
1397.9639892578
 42
0.0154776992
 10
420.1455383300999
 20
1397.9600830078
 42
0.1878955811
 10
420.5065307616999
 20
1398.1003417969
 42
0.0796396062
 10
420.6586303711
 20
1398.2921142578
 42
0.0741761923
 10
420.8361206055
 20
1398.7579345703
 42
0.0374390036
 10
420.94921875
 20
1399.5524902344
 42
0.0060246084
 10
420.9964599609
 20
1400.4161376953
 42
0.0050501209
 10
421.0634155273
 20
1402.4719238281
 42
0.0023016478
 10
421.1861572266
 20
1409.3663330078
 10
417.8330688476999
 20
1409.3663330078
 42
-0.0225306004
 10
416.7003173828
 20
1407.1667480469
 42
-0.0291255563
 10
415.6361694335999
 20
1405.5382080078
 10
415.4627075195
 20
1405.6944580078
 42
0.0176738594
 10
416.6004943847999
 20
1408.2650146484
 42
0.023389345
 10
417.2549438476999
 20
1410.1475830078
 42
0.0346847251
 10
418.1221313476999
 20
1414.0538330078
  0
LWPOLYLINE
  5
7B9
330
6F
100
AcDbEntity
  8
0
100
AcDbPolyline
 90
       17
 70
     0
 43
0.0
 10
417.0814819335999
 20
1406.3975830078
 42
-0.0173608046
 10
418.0064697266
 20
1405.3927001953
 42
-0.0413756073
 10
418.5566711426
 20
1404.6325683594
 42
-0.0519712381
 10
418.7002258300999
 20
1404.3272705078
 42
-0.0265049674
 10
418.8974304199
 20
1403.6467285156
 42
-0.0572327226
 10
418.9314575194999
 20
1403.3507080078
 42
-0.054214716
 10
418.8788452148
 20
1402.8664550781
 42
-0.0797281712
 10
418.7002258300999
 20
1402.4132080078
 42
-0.0348549373
 10
418.4978637695
 20
1402.1202392578
 42
-0.0715773404
 10
418.4159240722999
 20
1402.0435791016
 42
-0.4153631926
 10
418.2590026855
 20
1402.0720214844
 42
-0.0783837363
 10
418.1510620116999
 20
1402.2960205078
 42
-0.0317307785
 10
418.0715332031
 20
1402.6378173828
 42
-0.0149250338
 10
418.0064697266
 20
1403.1163330078
 42
0.0470467731
 10
417.6206970215
 20
1404.6856689453
 42
0.0410528369
 10
416.9658813476999
 20
1406.1632080078
 10
417.0814819335999
 20
1406.3975830078
  0
LWPOLYLINE
  5
7CC
330
6F
100
AcDbEntity
  8
0
100
AcDbPolyline
 90
       32
 70
     0
 43
0.0
 10
813.7094726563001
 20
1410.4431152344
 10
814.8657226562999
 20
1409.3493652344
 10
814.4031982421999
 20
1409.0368652344
 42
-0.0040169992
 10
813.6256713867
 20
1406.2541503906
 42
-0.0074054324
 10
812.7844238280999
 20
1403.4899902344
 42
-0.0061243316
 10
813.5037841797
 20
1402.1555175781
 42
-0.0128199402
 10
814.1719360352
 20
1400.7946777344
 42
-0.0356280394
 10
814.5999145508
 20
1399.6549072266
 42
-0.0623743162
 10
814.7211914062999
 20
1398.9196777344
 42
-0.0410601459
 10
814.6900024414
 20
1398.1943359375
 42
-0.073385708
 10
814.5766601563
 20
1397.7868652344
 42
-0.0396481603
 10
814.4176635741999
 20
1397.4937744141
 42
-0.0813246518
 10
814.3502807617
 20
1397.419921875
 42
-0.3498375416
 10
814.2183837891
 20
1397.4206542969
 42
-0.0717703551
 10
814.1683959961
 20
1397.4743652344
 42
-0.0561902523
 10
814.0419311523
 20
1397.7087402344
 42
-0.0264590271
 10
813.908203125
 20
1398.0993652344
 42
-0.0124770654
 10
813.7672729491999
 20
1398.6462402344
 42
0.0274930056
 10
813.2733154297
 20
1400.3255615234
 42
0.0203581657
 10
812.3797607422
 20
1402.5524902344
 42
-0.0345603041
 10
810.9899902344
 20
1399.7965087891
 42
-0.0518897362
 10
808.5641479492
 20
1396.5368652344
 10
808.3906860352
 20
1396.7712402344
 42
0.0405147448
 10
810.41796875
 20
1400.0327148438
 42
0.0370898508
 10
811.9172363281
 20
1403.5681152344
 42
0.0025307955
 10
810.7294921875
 20
1406.3530273438
 42
0.0069305808
 10
809.4891357422
 20
1409.1149902344
 10
809.6625976563
 20
1409.2712402344
 42
-0.006686002
 10
811.0068359375
 20
1406.912109375
 42
-0.0115420818
 10
812.2641601563
 20
1404.5056152344
 42
0.0177213494
 10
812.9211425780999
 20
1406.8350830078
 42
0.0121894041
 10
813.7094726563001
 20
1410.4431152344
  0
LWPOLYLINE
  5
7EE
330
6F
100
AcDbEntity
  8
0
100
AcDbPolyline
 90
       64
 70
     0
 43
0.0
 10
802.8984985352
 20
1408.0212402344
 10
805.5000610351999
 20
1408.0212402344
 42
0.0083807008
 10
805.4422607421999
 20
1411.4587402344
 10
806.7141113281
 20
1410.5993652344
 10
806.2516479492
 20
1410.1306152344
 10
806.2516479492
 20
1408.0212402344
 10
807.5234985352
 20
1408.0212402344
 10
808.1594238280999
 20
1408.9587402344
 10
809.0844726563
 20
1407.5524902344
 10
806.2516479492
 20
1407.5524902344
 10
806.2516479492
 20
1404.1931152344
 10
808.1016235352
 20
1404.1931152344
 10
808.7954101562999
 20
1405.2087402344
 10
809.8359985352001
 20
1403.7243652344
 10
806.0781860351999
 20
1403.7243652344
 10
806.8875732422
 20
1403.0993652344
 10
806.4250488281
 20
1402.7087402344
 10
806.4250488281
 20
1400.6774902344
 10
807.9860229492
 20
1400.6774902344
 10
808.5641479492
 20
1401.3806152344
 10
809.3735351562999
 20
1400.2087402344
 10
806.4250488281
 20
1400.2087402344
 10
806.4250488281
 20
1396.2243652344
 42
0.0611459911
 10
807.2830810546999
 20
1395.7265625
 42
0.0414818786
 10
808.2244873046999
 20
1395.4138183594
 42
0.0370736495
 10
809.3897705077999
 20
1395.2209472656
 42
0.0260097217
 10
810.7320556640999
 20
1395.1696777344
 42
0.0112002436
 10
813.6095581055
 20
1395.2734375
 42
0.0169004761
 10
815.4438476562999
 20
1395.4431152344
 10
815.4438476562999
 20
1395.1306152344
 42
0.0646213889
 10
814.9259643555
 20
1394.8989257813
 42
0.1687390059
 10
814.4324951172
 20
1394.2963867188
 42
0.0725343004
 10
814.3453979491999
 20
1393.8806152344
 42
-0.0149707226
 10
812.1763916016
 20
1393.8621826172
 42
-0.0114894183
 10
810.0094604491999
 20
1393.9587402344
 42
-0.036760442
 10
808.5550537109
 20
1394.1650390625
 42
-0.0649795905
 10
807.1722412109
 20
1394.6605224609
 42
-0.0644693673
 10
806.2861328125
 20
1395.2702636719
 42
-0.0400531888
 10
805.2326660155999
 20
1396.3806152344
 42
-0.0202222764
 10
804.6383056640999
 20
1397.1813964844
 42
-0.0159403365
 10
804.0547485352
 20
1398.0993652344
 42
-0.0217277128
 10
803.4906616210999
 20
1396.3043212891
 42
-0.0355491601
 10
802.7252807616999
 20
1394.5853271484
 42
-0.0309044626
 10
802.1469726562999
 20
1393.6462402344
 10
801.9735107422
 20
1393.8024902344
 42
0.0651488081
 10
803.3440551757999
 20
1398.5133056641
 42
0.0142917708
 10
803.5502929688
 20
1400.1616210938
 42
0.023964515
 10
803.6500854492
 20
1402.2399902344
 10
804.9219360351999
 20
1401.4587402344
 10
804.5172729492
 20
1401.0681152344
 42
0.0055879015
 10
804.1704101563
 20
1398.4899902344
 42
0.0134753203
 10
805.1976318358999
 20
1397.2534179688
 42
0.0293054376
 10
805.6735229492
 20
1396.7712402344
 10
805.6735229492
 20
1403.7243652344
 10
803.7078857421999
 20
1403.7243652344
 42
0.0526283532
 10
803.2579956055
 20
1403.6771240234
 42
0.0361178294
 10
802.6094360352001
 20
1403.4899902344
 10
802.0891113280999
 20
1404.1931152344
 10
805.5000610351999
 20
1404.1931152344
 10
805.5000610351999
 20
1407.5524902344
 10
804.4594726563
 20
1407.5524902344
 42
0.0555483811
 10
804.0550537109
 20
1407.5069580078
 42
0.0318879783
 10
803.4188232422
 20
1407.3181152344
 10
802.8984985352
 20
1408.0212402344
  0
LWPOLYLINE
  5
830
330
6F
100
AcDbEntity
  8
0
100
AcDbPolyline
 90
       74
 70
     0
 43
0.0
 10
823.2485351562999
 20
1406.8493652344
 42
0.0025174371
 10
823.2340698241999
 20
1409.6617431641
 42
0.0061782021
 10
823.1906738280999
 20
1411.3806152344
 10
824.5203857422
 20
1410.5993652344
 10
824.0578613281
 20
1409.9743652344
 10
824.0578613281
 20
1406.9274902344
 10
826.7172851563
 20
1406.9274902344
 10
827.5266113281
 20
1408.0212402344
 10
828.6828613280999
 20
1406.4587402344
 10
824.0578613281
 20
1406.4587402344
 10
824.0578613281
 20
1402.2399902344
 10
828.1047363281
 20
1402.2399902344
 10
828.9141235351999
 20
1403.3337402344
 10
830.0703735352
 20
1401.7712402344
 10
825.3297729492
 20
1401.7712402344
 10
825.3297729492
 20
1396.4587402344
 42
0.0309921186
 10
825.3285522461
 20
1395.9112548828
 42
0.0712177977
 10
825.4382324218999
 20
1395.3747558594
 42
0.0611277744
 10
825.5610351562999
 20
1395.1306152344
 42
0.202600047
 10
826.1199951171999
 20
1394.7622070313
 42
0.061360646
 10
826.4860229491999
 20
1394.7399902344
 10
828.5094604492
 20
1394.7399902344
 42
0.1836707145
 10
828.7072753905999
 20
1394.8150634766
 42
0.1001729071
 10
828.8345947266
 20
1394.9840087891
 42
0.0602825172
 10
828.9376220702999
 20
1395.2891845703
 42
0.0350621827
 10
829.0136108398
 20
1395.8463134766
 42
0.0087915566
 10
829.1453857422
 20
1398.5681152344
 10
829.4344482421999
 20
1398.5681152344
 42
0.0180713367
 10
829.5119628906
 20
1396.419921875
 42
0.0457702279
 10
829.5988769531
 20
1395.8947753906
 42
0.0634177104
 10
829.7452392578
 20
1395.5310058594
 42
0.1486704648
 10
830.2438354492
 20
1395.0524902344
 42
-0.0564117394
 10
830.0473022461
 20
1394.5645751953
 42
-0.2069445699
 10
829.1708984375
 20
1393.8736572266
 42
-0.0653004348
 10
828.6250610352
 20
1393.8024902344
 10
825.8500976563
 20
1393.8024902344
 42
-0.0467041992
 10
825.5208129883
 20
1393.8524169922
 42
-0.2221534103
 10
824.7495727539
 20
1394.4780273438
 42
-0.0632936358
 10
824.5818481444999
 20
1394.9743652344
 42
-0.0335116684
 10
824.5285644531
 20
1395.3747558594
 42
-0.0236724298
 10
824.5203857422
 20
1395.8337402344
 10
824.5203857422
 20
1401.7712402344
 10
822.4391479492
 20
1401.7712402344
 42
-0.0250652004
 10
822.2203979492
 20
1399.6531982422
 42
-0.0407717824
 10
821.7255249022999
 20
1397.5822753906
 42
-0.0346547849
 10
821.2539672851999
 20
1396.4196777344
 42
-0.060111478
 10
820.5914916992
 20
1395.396484375
 42
-0.045602601
 10
819.7291870117
 20
1394.5349121094
 42
-0.0414468423
 10
818.58203125
 20
1393.7316894531
 42
-0.0297362693
 10
817.1782226562999
 20
1393.0212402344
 10
817.1203613280999
 20
1393.2556152344
 42
0.0226061344
 10
818.3814697265999
 20
1394.1931152344
 42
0.0324387699
 10
819.3895263672001
 20
1395.1306152344
 42
0.0414353386
 10
820.1756591797
 20
1396.1143798828
 42
0.0527551509
 10
820.6469726563
 20
1397.0056152344
 42
0.0352490842
 10
821.0828857421999
 20
1398.36328125
 42
0.0307247024
 10
821.4490966796999
 20
1400.3894042969
 42
0.0143955182
 10
821.5719604491999
 20
1401.7712402344
 10
819.0281982422
 20
1401.7712402344
 42
0.0395270139
 10
818.3240966796999
 20
1401.7153320313
 42
0.0485871732
 10
817.6407470702999
 20
1401.5368652344
 10
817.1203613280999
 20
1402.2399902344
 10
823.2485351562999
 20
1402.2399902344
 10
823.2485351562999
 20
1406.3806152344
 10
820.1266479492
 20
1406.3806152344
 42
-0.0226383898
 10
819.2295532226999
 20
1404.6507568359
 42
-0.0283211786
 10
818.1610107421999
 20
1403.0212402344
 10
817.9875488281
 20
1403.1774902344
 42
0.0525842905
 10
819.5144042968999
 20
1407.2587890625
 42
0.0257663727
 10
820.0688476563
 20
1409.9743652344
 10
821.3406982422
 20
1408.9587402344
 10
820.8781738281
 20
1408.6462402344
 42
-0.0071512759
 10
820.2422485352
 20
1406.8493652344
 10
823.2485351562999
 20
1406.8493652344
  0
LWPOLYLINE
  5
87C
330
6F
100
AcDbEntity
  8
0
100
AcDbPolyline
 90
       46
 70
     0
 43
0.0
 10
834.6953735352
 20
1410.1306152344
 10
836.0250854491999
 20
1409.1149902344
 42
0.0906861499
 10
835.7886962890999
 20
1408.8829345703
 42
0.0428608395
 10
835.3891601563001
 20
1408.1970214844
 42
0.0208706353
 10
835.0278320313
 20
1407.3425292969
 42
0.0113436338
 10
834.6375732422
 20
1406.2243652344
 10
838.0485229492
 20
1406.2243652344
 42
0.0027677026
 10
838.0283203124999
 20
1409.8409423828
 42
0.0060347393
 10
837.9907226563
 20
1411.4587402344
 10
839.3781738280999
 20
1410.6774902344
 10
838.9157104491999
 20
1410.1306152344
 10
838.9157104491999
 20
1406.2243652344
 10
842.2109985351999
 20
1406.2243652344
 10
843.0781860352
 20
1407.3962402344
 10
844.1766357422
 20
1405.7556152344
 10
838.9157104491999
 20
1405.7556152344
 10
838.9157104491999
 20
1400.9118652344
 10
841.5172729491999
 20
1400.9118652344
 10
842.4422607422
 20
1402.0837402344
 10
843.4829101563
 20
1400.4431152344
 10
838.9157104491999
 20
1400.4431152344
 10
838.9157104491999
 20
1394.8181152344
 10
843.0781860352
 20
1394.8181152344
 10
844.0031738281
 20
1396.0681152344
 10
845.1594238281
 20
1394.3493652344
 10
833.6547851563
 20
1394.3493652344
 42
0.0395270139
 10
832.9506835938
 20
1394.2934570313
 42
0.0486270487
 10
832.2672729491999
 20
1394.1149902344
 10
831.7469482422
 20
1394.8181152344
 10
838.0485229492
 20
1394.8181152344
 10
838.0485229492
 20
1400.4431152344
 10
835.8516235352
 20
1400.4431152344
 42
0.0395270139
 10
835.1475219726999
 20
1400.3872070313
 42
0.0485831164
 10
834.4641113280999
 20
1400.2087402344
 10
833.9438476563
 20
1400.9118652344
 10
838.0485229492
 20
1400.9118652344
 10
838.0485229492
 20
1405.7556152344
 10
834.5219726563
 20
1405.7556152344
 42
-0.0133226877
 10
833.5355224608999
 20
1403.4453125
 42
-0.0263611227
 10
832.6102905273
 20
1401.6805419922
 42
-0.0251985658
 10
832.1516113280999
 20
1400.9899902344
 10
831.9782104492
 20
1401.1462402344
 42
0.0238414668
 10
832.9120483398
 20
1403.3367919922
 42
0.0190469753
 10
833.6547851563
 20
1405.5993652344
 42
0.0121458312
 10
834.2407836914
 20
1407.8498535156
 42
0.0168513469
 10
834.6953735352
 20
1410.1306152344
  0
LWPOLYLINE
  5
8AC
330
6F
100
AcDbEntity
  8
0
100
AcDbPolyline
 90
       26
 70
     0
 43
0.0
 10
865.4578857422
 20
1397.5244140625
 10
863.6079101563
 20
1395.0524902344
 10
859.9656982422001
 20
1395.0524902344
 10
858.1437988280999
 20
1397.4665527344
 10
858.3172607422
 20
1397.6993408203
 10
860.0516357422
 20
1395.3634033203
 10
863.5141601563001
 20
1395.3634033203
 10
865.2188110352
 20
1397.6416015625
 10
865.2188110352
 20
1399.9086914063
 10
863.5141601563001
 20
1402.1884765625
 10
861.7860107422
 20
1402.1884765625
 10
861.7860107422
 20
1402.5072021484
 10
863.5141601563001
 20
1402.5072021484
 10
865.2188110352
 20
1404.7962646484
 10
865.2188110352
 20
1407.0540771484
 10
863.5141601563001
 20
1409.3415527344
 10
860.0516357422
 20
1409.3415527344
 10
858.3172607422
 20
1406.9962158203
 10
858.1437988280999
 20
1407.2290039063
 10
859.9656982422001
 20
1409.6524658203
 10
863.6079101563
 20
1409.6524658203
 10
865.4578857422
 20
1407.1712646484
 10
865.4578857422
 20
1404.6696777344
 10
863.7235107422
 20
1402.3525390625
 10
865.4578857422
 20
1400.0258789063
 10
865.4578857422
 20
1397.5244140625
  0
LWPOLYLINE
  5
8C8
330
6F
100
AcDbEntity
  8
0
100
AcDbPolyline
 90
       37
 70
     0
 43
0.0
 10
871.6203613280999
 20
1404.8962402344
 42
-0.0074811452
 10
871.5952148438001
 20
1403.2154541016
 42
-0.0119312452
 10
871.5047607422
 20
1401.5368652344
 10
876.3610229492
 20
1401.5368652344
 10
876.7656860351999
 20
1402.3962402344
 10
877.7485351562999
 20
1401.3806152344
 10
877.2860107421999
 20
1400.8336181641
 42
0.0016602048
 10
877.3004150391001
 20
1396.4196777344
 42
0.0038297684
 10
877.3438110352
 20
1393.6462402344
 10
876.4188232422
 20
1393.0993652344
 42
0.0032027895
 10
876.4621582030999
 20
1396.2634277344
 42
0.0015243446
 10
876.4766235352
 20
1401.0681152344
 10
871.5047607422
 20
1401.0681152344
 42
-0.0377359353
 10
871.1398315430001
 20
1398.8073730469
 42
-0.0471440218
 10
870.4497070312999
 20
1396.7907714844
 42
-0.0987971574
 10
868.0938110352
 20
1393.4899902344
 10
867.9782104492
 20
1393.7243652344
 42
0.0440859422
 10
869.2764282227001
 20
1395.8466796875
 42
0.0685654357
 10
870.3305664063
 20
1398.9859619141
 42
0.0215414464
 10
870.6086425781
 20
1400.9020996094
 42
0.0134102721
 10
870.7314453125
 20
1402.5500488281
 42
0.0100262715
 10
870.7821044921999
 20
1404.3884277344
 42
0.0022866405
 10
870.7918701171999
 20
1407.6998291016
 42
0.0064580832
 10
870.7531738281
 20
1410.3649902344
 10
872.1406860352001
 20
1409.5056152344
 10
871.6203613280999
 20
1408.8806152344
 10
871.6203613280999
 20
1405.3649902344
 10
875.5516357421999
 20
1405.3552246094
 42
0.0020543716
 10
875.5372314453
 20
1408.8609619141
 42
0.0038267665
 10
875.4938354491999
 20
1411.3806152344
 10
876.8234863281
 20
1410.5212402344
 10
876.3610229492
 20
1409.8962402344
 10
876.3610229492
 20
1405.3649902344
 10
878.7891235352001
 20
1405.3649902344
 10
879.6563110352
 20
1406.5368652344
 10
880.6969604492
 20
1404.8962402344
 10
871.6203613280999
 20
1404.8962402344
  0
LWPOLYLINE
  5
8EF
330
6F
100
AcDbEntity
  8
0
100
AcDbPolyline
 90
        9
 70
     0
 43
0.0
 10
901.4578857422
 20
1404.6196289063
 10
899.6079101562999
 20
1402.1118164063
 10
894.3532104492
 20
1402.1118164063
 10
894.3532104492
 20
1395.0524902344
 10
894.1157226562999
 20
1395.0524902344
 10
894.1157226562999
 20
1409.6524658203
 10
899.6079101562999
 20
1409.6524658203
 10
901.4578857422
 20
1407.1462402344
 10
901.4578857422
 20
1404.6196289063
  0
LWPOLYLINE
  5
8FA
330
6F
100
AcDbEntity
  8
0
100
AcDbPolyline
 90
        7
 70
     0
 43
0.0
 10
901.2188110351999
 20
1404.7211914063
 10
901.2188110351999
 20
1406.9962158203
 10
899.5141601563
 20
1409.3009033203
 10
894.3532104492
 20
1409.3009033203
 10
894.3532104492
 20
1402.4165039063
 10
899.5141601563
 20
1402.4165039063
 10
901.2188110351999
 20
1404.7211914063
  0
LWPOLYLINE
  5
903
330
6F
100
AcDbEntity
  8
0
100
AcDbPolyline
 90
        5
 70
     0
 43
0.0
 10
912.0578613280999
 20
1395.0524902344
 10
904.7156982422
 20
1395.0524902344
 10
904.7156982422
 20
1409.6524658203
 10
912.0578613280999
 20
1409.6524658203
 10
912.0578613280999
 20
1395.0524902344
  0
LWPOLYLINE
  5
90A
330
6F
100
AcDbEntity
  8
0
100
AcDbPolyline
 90
        5
 70
     0
 43
0.0
 10
911.8188476563
 20
1395.2181396484
 10
911.8188476563
 20
1409.3009033203
 10
904.9531860352001
 20
1409.3009033203
 10
904.9531860352001
 20
1395.2181396484
 10
911.8188476563
 20
1395.2181396484
  0
LWPOLYLINE
  5
911
330
6F
100
AcDbEntity
  8
0
100
AcDbPolyline
 90
       13
 70
     0
 43
0.0
 10
922.6578979492
 20
1395.0524902344
 10
922.4188232421999
 20
1395.0524902344
 10
922.4188232421999
 20
1408.7728271484
 10
918.9860229491999
 20
1399.4962158203
 10
915.5532226563
 20
1408.7728271484
 10
915.5532226563
 20
1395.0524902344
 10
915.3156738280999
 20
1395.0524902344
 10
915.3156738280999
 20
1409.4525146484
 10
915.5688476563
 20
1409.4525146484
 10
918.9860229491999
 20
1400.2165527344
 10
922.4047851563
 20
1409.4525146484
 10
922.6578979492
 20
1409.4525146484
 10
922.6578979492
 20
1395.0524902344
  0
LWPOLYLINE
  5
920
330
6F
100
AcDbEntity
  8
0
100
AcDbPolyline
 90
        5
 70
     0
 43
0.0
 10
932.0578613281
 20
1409.4274902344
 10
932.0578613281
 20
1404.2712402344
 10
935.6422729491999
 20
1404.2712402344
 10
935.6422729491999
 20
1409.4274902344
 10
932.0578613281
 20
1409.4274902344
  0
LWPOLYLINE
  5
927
330
6F
100
AcDbEntity
  8
0
100
AcDbPolyline
 90
       15
 70
     0
 43
0.0
 10
928.7047729492
 20
1408.6462402344
 42
-0.0128014684
 10
929.3124999999999
 20
1408.0998535156
 42
-0.0323524699
 10
929.8682250977
 20
1407.5006103516
 42
-0.0492672287
 10
930.0922851562999
 20
1407.1618652344
 42
-0.0396464244
 10
930.3060913086
 20
1406.6654052734
 42
-0.1586490273
 10
930.3165893555
 20
1405.7998046875
 42
-0.0892574117
 10
929.9333496094
 20
1405.0655517578
 42
-0.082543008
 10
929.8496093749999
 20
1404.9881591797
 42
-0.4053566158
 10
929.7321166992
 20
1405.0111083984
 42
-0.0748070702
 10
929.6442260741999
 20
1405.1890869141
 42
-0.0299085081
 10
929.5756225586
 20
1405.4576416016
 42
-0.0143251829
 10
929.5141601563001
 20
1405.8337402344
 42
0.0534496643
 10
929.2074584961
 20
1407.0155029297
 42
0.0346155614
 10
928.5313110351999
 20
1408.4899902344
 10
928.7047729492
 20
1408.6462402344
  0
LWPOLYLINE
  5
938
330
6F
100
AcDbEntity
  8
0
100
AcDbPolyline
 90
        8
 70
     0
 43
0.0
 10
933.9078979491999
 20
1408.8024902344
 10
935.0641479491999
 20
1407.7087402344
 10
934.6016845702999
 20
1407.4744873047
 42
-0.0022760453
 10
932.7516479492
 20
1404.6618652344
 10
932.5781860352
 20
1404.8181152344
 42
0.0125339925
 10
933.3500366211
 20
1406.7785644531
 42
0.0259918068
 10
933.797668457
 20
1408.2354736328
 42
0.0271884408
 10
933.9078979491999
 20
1408.8024902344
  0
LWPOLYLINE
  5
942
330
6F
100
AcDbEntity
  8
0
100
AcDbPolyline
 90
       18
 70
     0
 43
0.0
 10
927.7797851563001
 20
1397.7087402344
 42
-0.0085750921
 10
927.7581176757999
 20
1396.4416503906
 42
-0.0156761222
 10
927.6929931640999
 20
1395.4528808594
 42
-0.0335568562
 10
927.5527954102001
 20
1394.6080322266
 42
-0.0760623738
 10
927.4328613280999
 20
1394.3103027344
 42
-0.047332257
 10
927.1731567383
 20
1393.953125
 42
-0.1015357748
 10
926.9257202147999
 20
1393.7664794922
 42
-0.1292822957
 10
926.701171875
 20
1393.7239990234
 42
-0.0994971395
 10
926.2766113280999
 20
1393.8415527344
 42
-0.0618816055
 10
926.1223754882999
 20
1393.9455566406
 42
-0.216063723
 10
926.0454101563
 20
1394.1149902344
 42
-0.1492407024
 10
926.0989379883
 20
1394.2896728516
 42
-0.0602404252
 10
926.2188110351999
 20
1394.4274902344
 42
0.0241451133
 10
926.5877685547
 20
1394.9803466797
 42
0.0144656226
 10
926.9125976563
 20
1395.5603027344
 42
0.0482227169
 10
927.1890258788999
 20
1396.2425537109
 42
0.0240448024
 10
927.5485229492
 20
1397.7087402344
 10
927.7797851563001
 20
1397.7087402344
  0
LWPOLYLINE
  5
956
330
6F
100
AcDbEntity
  8
0
100
AcDbPolyline
 90
       18
 70
     0
 43
0.0
 10
929.4562988280999
 20
1397.6306152344
 42
-0.0164552834
 10
930.2243652343999
 20
1396.5747070313
 42
-0.0411664248
 10
930.6617431640999
 20
1395.7999267578
 42
-0.0509829037
 10
930.7570800781
 20
1395.5212402344
 42
-0.006767855
 10
930.89453125
 20
1394.8884277344
 42
-0.0502128899
 10
930.9016113281
 20
1394.8181152344
 42
-0.0691796169
 10
930.8381958008
 20
1394.3610839844
 42
-0.1182316244
 10
930.6125488280999
 20
1393.9587402344
 42
-0.0159954838
 10
930.3813476563
 20
1393.7243652344
 42
-0.0488169529
 10
930.2901611328
 20
1393.6533203125
 42
-0.1395188272
 10
930.2656860352
 20
1393.6462402344
 42
-0.2412070632
 10
930.1675415038999
 20
1393.6964111328
 42
-0.0868515
 10
930.0777587890999
 20
1393.8806152344
 42
-0.0374294333
 10
930.0163574219
 20
1394.1735839844
 42
-0.0172731616
 10
929.9766235352
 20
1394.5837402344
 42
0.0361800231
 10
929.7691650391
 20
1395.8323974609
 42
0.0254401788
 10
929.2828979492
 20
1397.4743652344
 10
929.4562988280999
 20
1397.6306152344
  0
LWPOLYLINE
  5
96A
330
6F
100
AcDbEntity
  8
0
100
AcDbPolyline
 90
       16
 70
     0
 43
0.0
 10
935.2375488280999
 20
1397.7087402344
 42
-0.0298970919
 10
936.3991699218999
 20
1396.6821289063
 42
-0.0624200366
 10
937.0839843749999
 20
1395.8043212891
 42
-0.0589777939
 10
937.3182373046999
 20
1395.2799072266
 42
-0.0757127926
 10
937.3766479491999
 20
1394.8962402344
 42
-0.12159089
 10
937.1453857422
 20
1393.9978027344
 42
-0.0172898881
 10
936.9574584961
 20
1393.6755371094
 42
-0.062631622
 10
936.8758544922
 20
1393.5759277344
 42
-0.1875
 10
936.8563232421999
 20
1393.5681152344
 42
-0.2287317514
 10
936.7858886719
 20
1393.6022949219
 42
-0.0914329588
 10
936.6585083008001
 20
1393.8443603516
 42
-0.025580572
 10
936.5094604492
 20
1394.4274902344
 42
0.0400655679
 10
936.2279663085999
 20
1395.3137207031
 42
0.0288255326
 10
935.5880737305
 20
1396.6539306641
 42
0.0123002809
 10
935.0641479491999
 20
1397.5524902344
 10
935.2375488280999
 20
1397.7087402344
  0
LWPOLYLINE
  5
97C
330
6F
100
AcDbEntity
  8
0
100
AcDbPolyline
 90
       36
 70
     0
 43
0.0
 10
936.4516601563
 20
1408.8806152344
 42
0.0028003205
 10
936.4719238280999
 20
1405.2626953125
 42
0.0060416418
 10
936.5094604492
 20
1403.6462402344
 10
935.6422729491999
 20
1403.0993652344
 10
935.6422729491999
 20
1403.8024902344
 10
932.0578613281
 20
1403.8024902344
 10
932.0578613281
 20
1401.3806152344
 10
934.9484863281
 20
1401.3806152344
 10
935.7000732421999
 20
1402.3962402344
 10
936.7985229491999
 20
1400.9118652344
 10
932.0578613281
 20
1400.9118652344
 10
932.0578613281
 20
1398.8024902344
 10
935.8735351563
 20
1398.8024902344
 10
936.7985229491999
 20
1400.0524902344
 10
938.0703735352
 20
1398.3337402344
 10
927.1437988281
 20
1398.3337402344
 42
0.0395270139
 10
926.4396972655999
 20
1398.2778320313
 42
0.0485871732
 10
925.7563476562999
 20
1398.0993652344
 10
925.2360229491999
 20
1398.8024902344
 10
931.3063354491999
 20
1398.8024902344
 10
931.3063354491999
 20
1400.9118652344
 10
928.2422485352
 20
1400.9118652344
 42
0.0395270139
 10
927.5381469726999
 20
1400.8559570313
 42
0.0485831164
 10
926.8547363280999
 20
1400.6774902344
 10
926.3344726563
 20
1401.3806152344
 10
931.3063354491999
 20
1401.3806152344
 10
931.3063354491999
 20
1403.8024902344
 10
927.8953857421999
 20
1403.8024902344
 10
927.8953857421999
 20
1403.3337402344
 10
927.0281982422
 20
1402.7868652344
 42
0.0072601009
 10
927.0281982422
 20
1410.5212402344
 10
927.8953857421999
 20
1409.8962402344
 10
935.5844726563001
 20
1409.8962402344
 10
936.1625976563001
 20
1410.6774902344
 10
937.0297851563
 20
1409.5056152344
 10
936.4516601563
 20
1408.8806152344
  0
LWPOLYLINE
  5
9A2
330
6F
100
AcDbEntity
  8
0
100
AcDbPolyline
 90
        5
 70
     0
 43
0.0
 10
927.8953857421999
 20
1409.4274902344
 10
927.8953857421999
 20
1404.2712402344
 10
931.3063354491999
 20
1404.2712402344
 10
931.3063354491999
 20
1409.4274902344
 10
927.8953857421999
 20
1409.4274902344
  0
LWPOLYLINE
  5
9A9
330
6F
100
AcDbEntity
  8
0
100
AcDbPolyline
 90
       15
 70
     0
 43
0.0
 10
932.4047851562999
 20
1397.5524902344
 42
-0.0134427641
 10
932.9818725585999
 20
1396.9582519531
 42
-0.033324305
 10
933.5010375977001
 20
1396.3127441406
 42
-0.0481253304
 10
933.7055664062999
 20
1395.9509277344
 42
-0.0354824625
 10
933.9066772461
 20
1395.3941650391
 42
-0.2192146331
 10
933.7055664062999
 20
1394.1149902344
 42
-0.016939044
 10
933.4959716796999
 20
1393.8218994141
 42
-0.0549665913
 10
933.4099121094
 20
1393.732421875
 42
-0.1756779104
 10
933.3875732421999
 20
1393.7243652344
 42
-0.2294593304
 10
933.2877807617
 20
1393.7727050781
 42
-0.1056980416
 10
933.1589965819999
 20
1394.0328369141
 42
-0.0316805989
 10
933.0407104492
 20
1394.6618652344
 42
0.0422197022
 10
932.7369384765999
 20
1396.0589599609
 42
0.0316195264
 10
932.2313232422001
 20
1397.3962402344
 10
932.4047851562999
 20
1397.5524902344
  0
LWPOLYLINE
  5
9BA
330
6F
100
AcDbEntity
  8
0
100
AcDbPolyline
 90
        5
 70
     0
 43
0.0
 10
946.8000488280999
 20
1405.1306152344
 10
946.8000488280999
 20
1401.0681152344
 10
949.9797363281
 20
1401.0681152344
 10
949.9797363281
 20
1405.1306152344
 10
946.8000488280999
 20
1405.1306152344
  0
LWPOLYLINE
  5
9C1
330
6F
100
AcDbEntity
  8
0
100
AcDbPolyline
 90
       54
 70
     0
 43
0.0
 10
950.7313232421999
 20
1404.8181152344
 10
950.7313232421999
 20
1401.6931152344
 42
0.0168324579
 10
950.7891235351999
 20
1399.9743652344
 10
949.9797363281
 20
1399.5837402344
 10
949.9797363281
 20
1400.5993652344
 10
942.6375732422
 20
1400.5993652344
 10
942.6375732422
 20
1396.3806152344
 42
0.0529344343
 10
942.6737060546999
 20
1395.7994384766
 42
0.1070777029
 10
942.8399658203
 20
1395.3843994141
 42
0.1774859428
 10
943.2373657227
 20
1395.0974121094
 42
0.0690479949
 10
943.5625610351999
 20
1395.0524902344
 10
951.1938476563001
 20
1395.0524902344
 42
0.1952304691
 10
951.5387573242
 20
1395.1925048828
 42
0.0849737599
 10
951.6997070312999
 20
1395.4136962891
 42
0.0636875853
 10
951.8550415038999
 20
1395.8653564453
 42
0.0311023779
 10
951.9454345703
 20
1396.4978027344
 42
0.0196479373
 10
952.0610351563
 20
1399.3493652344
 10
952.3500976562999
 20
1399.3493652344
 42
0.0082295602
 10
952.3713989258
 20
1398.0587158203
 42
0.0201038141
 10
952.4656982421999
 20
1396.7712402344
 42
0.0404288061
 10
952.5560913086
 20
1396.3122558594
 42
0.0928887799
 10
952.7917480469
 20
1395.8374023438
 42
0.1440084428
 10
953.2172851563
 20
1395.5212402344
 42
-0.0481780358
 10
952.8920898438
 20
1394.9060058594
 42
-0.0767182857
 10
952.4946289063001
 20
1394.4665527344
 42
-0.1752096713
 10
951.4829101563
 20
1394.1149902344
 10
942.9844360351999
 20
1394.1149902344
 42
-0.0335930809
 10
942.7808837890999
 20
1394.1286621094
 42
-0.2537049353
 10
942.0755004883
 20
1394.6435546875
 42
-0.0646666363
 10
941.9329223632999
 20
1395.0817871094
 42
-0.03254769
 10
941.8905029297
 20
1395.4309082031
 42
-0.0224228315
 10
941.8859863280999
 20
1395.8337402344
 10
941.8859863280999
 20
1405.2087402344
 42
-0.0433617458
 10
939.9204101563
 20
1403.2556152344
 10
939.8047485352
 20
1403.4899902344
 42
0.0256083664
 10
940.9416503905999
 20
1404.9515380859
 42
0.0193749163
 10
942.2617797852
 20
1407.0056152344
 42
0.0293869395
 10
943.4145507812999
 20
1409.25390625
 42
0.025446225
 10
944.3141479492
 20
1411.6149902344
 10
945.5281982422
 20
1410.5212402344
 10
945.0656738280999
 20
1410.2868652344
 10
944.4875488280999
 20
1409.3493652344
 10
947.7828979492
 20
1409.3493652344
 10
948.3032226563
 20
1410.2087402344
 10
949.4016113281
 20
1408.7243652344
 42
0.0894398838
 10
949.0330810547
 20
1408.5988769531
 42
0.058803387
 10
948.5561523438001
 20
1408.2556152344
 42
0.0403982587
 10
948.0026855469001
 20
1407.6610107422
 42
0.0186935719
 10
947.5227050780999
 20
1407.0056152344
 42
0.0138291279
 10
946.6266479492
 20
1405.5993652344
 10
949.8641357422
 20
1405.5993652344
 10
950.3266601563
 20
1406.3806152344
 10
951.2516479491999
 20
1405.3649902344
 10
950.7313232421999
 20
1404.8181152344
  0
LWPOLYLINE
  5
9F9
330
6F
100
AcDbEntity
  8
0
100
AcDbPolyline
 90
        7
 70
     0
 43
0.0
 10
944.3141479492
 20
1408.8806152344
 42
-0.0056610489
 10
943.3833007812999
 20
1407.3814697266
 42
-0.0099762017
 10
942.4063110351999
 20
1405.9118652344
 10
942.6953735352
 20
1405.5993652344
 10
946.2797851562999
 20
1405.5993652344
 10
947.7250976563
 20
1408.8806152344
 10
944.3141479492
 20
1408.8806152344
  0
LWPOLYLINE
  5
A02
330
6F
100
AcDbEntity
  8
0
100
AcDbPolyline
 90
        5
 70
     0
 43
0.0
 10
942.6375732422
 20
1405.1306152344
 10
942.6375732422
 20
1401.0681152344
 10
946.0485229492
 20
1401.0681152344
 10
946.0485229492
 20
1405.1306152344
 10
942.6375732422
 20
1405.1306152344
  0
LWPOLYLINE
  5
A09
330
6F
100
AcDbEntity
  8
0
100
AcDbPolyline
 90
        5
 70
     0
 43
0.0
 10
956.4547729492
 20
1406.8493652344
 10
956.4547729492
 20
1401.8493652344
 10
959.4609985352001
 20
1401.8493652344
 10
959.4609985352001
 20
1406.8493652344
 10
956.4547729492
 20
1406.8493652344
  0
LWPOLYLINE
  5
A10
330
6F
100
AcDbEntity
  8
0
100
AcDbPolyline
 90
        5
 70
     0
 43
0.0
 10
956.4547729492
 20
1401.3806152344
 10
956.4547729492
 20
1395.9118652344
 10
959.4609985352001
 20
1395.9118652344
 10
959.4609985352001
 20
1401.3806152344
 10
956.4547729492
 20
1401.3806152344
  0
LWPOLYLINE
  5
A17
330
6F
100
AcDbEntity
  8
0
100
AcDbPolyline
 90
       24
 70
     0
 43
0.0
 10
960.2126464843999
 20
1406.3804931641
 42
0.0009528252
 10
960.2270507813001
 20
1398.8220214844
 42
0.0025004956
 10
960.2703857422
 20
1394.4274902344
 10
959.4609985352001
 20
1393.8024902344
 10
959.4609985352001
 20
1395.4431152344
 10
956.4547729492
 20
1395.4431152344
 10
956.4547729492
 20
1394.1149902344
 10
955.6453857421999
 20
1393.4899902344
 42
0.0039208378
 10
955.7031860351999
 20
1400.7946777344
 42
0.0039865021
 10
955.6453857421999
 20
1408.0212402344
 10
956.5125732422
 20
1407.3181152344
 10
957.0906982422
 20
1407.3181152344
 42
0.0148995193
 10
957.5908813476999
 20
1409.9986572266
 42
0.0284459293
 10
957.7266235352
 20
1411.3806152344
 10
958.9985351562999
 20
1410.4431152344
 42
0.0503216237
 10
958.8833007813001
 20
1410.3470458984
 42
0.0477371328
 10
958.6841430664
 20
1410.1013183594
 42
0.0321146436
 10
958.3192138672
 20
1409.4665527344
 42
0.0182768609
 10
957.9036865234
 20
1408.5388183594
 42
0.0099065751
 10
957.4375610351999
 20
1407.3181152344
 10
959.3453979492
 20
1407.3181152344
 10
959.9235229492
 20
1408.0993652344
 10
960.7907104491999
 20
1406.9274902344
 10
960.2125854491999
 20
1406.3806152344
  0
LWPOLYLINE
  5
A31
330
6F
100
AcDbEntity
  8
0
100
AcDbPolyline
 90
       41
 70
     0
 43
0.0
 10
963.0454101563
 20
1411.3024902344
 10
964.3172607422
 20
1410.2868652344
 42
0.0477914885
 10
964.2251586913999
 20
1410.1925048828
 42
0.0397035629
 10
964.0534667968999
 20
1409.9400634766
 42
0.0244507715
 10
963.7247314453
 20
1409.2906494141
 42
0.0135963606
 10
963.3308105469
 20
1408.3385009766
 42
0.0071664099
 10
962.8719482421999
 20
1407.0837402344
 10
965.9938354492
 20
1407.0837402344
 10
966.6297607422
 20
1407.9431152344
 10
967.4969482422
 20
1406.7712402344
 10
966.9766235352
 20
1406.224609375
 42
-0.0024879889
 10
966.8679809569999
 20
1400.0402832031
 42
-0.0072441963
 10
966.7544555663999
 20
1396.9738769531
 42
-0.0121147241
 10
966.6871948242
 20
1396.0860595703
 42
-0.0160474908
 10
966.6586914063
 20
1395.8728027344
 42
-0.0197483208
 10
966.5136108398
 20
1395.1761474609
 42
-0.0484001637
 10
966.2752075194999
 20
1394.5057373047
 42
-0.0595227554
 10
966.0805664063
 20
1394.1931152344
 42
-0.0687640533
 10
965.6363525391
 20
1393.7728271484
 42
-0.0425847322
 10
964.8953857422
 20
1393.3337402344
 42
0.1283447891
 10
964.3819580078
 20
1394.3134765625
 42
0.0749350935
 10
963.7137451172
 20
1394.8571777344
 42
0.0410732217
 10
962.9875488280999
 20
1395.2087402344
 10
962.9875488280999
 20
1395.5993652344
 42
0.0162777696
 10
964.2305297852001
 20
1395.3062744141
 42
0.0342782028
 10
964.9426269531
 20
1395.2126464844
 42
0.0154664833
 10
965.0688476563001
 20
1395.2087402344
 42
0.1872940063
 10
965.4298706055
 20
1395.3489990234
 42
0.0798653811
 10
965.5819702147999
 20
1395.5406494141
 42
0.0739490017
 10
965.7595214844
 20
1396.0068359375
 42
0.0372983404
 10
965.8725585938
 20
1396.8018798828
 42
0.0061000483
 10
965.9197387695
 20
1397.6647949219
 42
0.0050462373
 10
965.9865722656
 20
1399.7204589844
 42
0.0023213858
 10
966.1094360352
 20
1406.6149902344
 10
962.7563476563
 20
1406.6149902344
 42
-0.02253584
 10
961.6226806641
 20
1404.4138183594
 42
-0.0291266888
 10
960.5594482422
 20
1402.7868652344
 10
960.3859863281
 20
1402.9431152344
 42
0.0173108689
 10
961.5074462891
 20
1405.4714355469
 42
0.0237688962
 10
962.1782226563
 20
1407.3962402344
 42
0.0346847251
 10
963.0454101563
 20
1411.3024902344
  0
LWPOLYLINE
  5
A5C
330
6F
100
AcDbEntity
  8
0
100
AcDbPolyline
 90
       17
 70
     0
 43
0.0
 10
962.0047607422
 20
1403.6462402344
 42
-0.0173951946
 10
962.9295654296999
 20
1402.6413574219
 42
-0.0412378386
 10
963.4791259766
 20
1401.8828125
 42
-0.0524884239
 10
963.6235351563
 20
1401.5759277344
 42
-0.0263305567
 10
963.8207397461
 20
1400.8951416016
 42
-0.056872081
 10
963.8547363281
 20
1400.5993652344
 42
-0.0541614033
 10
963.8021240233999
 20
1400.1151123047
 42
-0.0796621516
 10
963.6235351563
 20
1399.6618652344
 42
-0.0356611572
 10
963.4212036133
 20
1399.3687744141
 42
-0.0776384994
 10
963.3367309569999
 20
1399.2912597656
 42
-0.4095318317000001
 10
963.1823120116999
 20
1399.3206787109
 42
-0.0786349997
 10
963.0743408203001
 20
1399.5445556641
 42
-0.0317307785
 10
962.9948120116999
 20
1399.8863525391
 42
-0.0147961145
 10
962.9297485351999
 20
1400.3649902344
 42
0.0471199378
 10
962.5439453125
 20
1401.9343261719
 42
0.0410531498
 10
961.8891601562999
 20
1403.4118652344
 10
962.0047607422
 20
1403.6462402344
  0
LWPOLYLINE
  5
A6F
330
6F
100
AcDbEntity
  8
0
100
AcDbPolyline
 90
       13
 70
     0
 43
0.0
 10
843.0184326172
 20
1529.6184082031
 42
0.2368652374
 10
843.0443725586
 20
1529.6314697266
 42
0.1190325096
 10
843.1029663086
 20
1529.771484375
 42
0.0792037621
 10
843.1034545897999
 20
1531.4637451172
 42
0.1198082715
 10
843.0443725586
 20
1531.6053466797
 42
0.2368709892
 10
843.0184326172
 20
1531.6184082031
 10
798.5440673828
 20
1531.6184082031
 42
0.2368652374
 10
798.5181884766
 20
1531.6052246094
 42
0.1193292215
 10
798.4594116211
 20
1531.46484375
 42
0.0792987794
 10
798.4590454102
 20
1529.7730712891
 42
0.1205203533
 10
798.5181884766
 20
1529.6314697266
 42
0.234961465
 10
798.544128418
 20
1529.6184082031
 10
843.0184326172
 20
1529.6184082031
  0
LWPOLYLINE
  5
A7E
330
6F
100
AcDbEntity
  8
0
100
AcDbPolyline
 90
       13
 70
     0
 43
0.0
 10
897.8005371093999
 20
1529.6184082031
 42
0.2368652374
 10
897.8264770507999
 20
1529.6314697266
 42
0.1190325096
 10
897.8850708008
 20
1529.771484375
 42
0.0792037621
 10
897.885559082
 20
1531.4637451172
 42
0.1198082715
 10
897.8264770507999
 20
1531.6053466797
 42
0.2368709892
 10
897.8005371093999
 20
1531.6184082031
 10
853.3261718749999
 20
1531.6184082031
 42
0.2368652374
 10
853.3002929688001
 20
1531.6052246094
 42
0.1193292215
 10
853.2415161133
 20
1531.46484375
 42
0.0792987794
 10
853.2411499023
 20
1529.7730712891
 42
0.1205203533
 10
853.3002929688001
 20
1529.6314697266
 42
0.234961465
 10
853.3262329101999
 20
1529.6184082031
 10
897.8005371093999
 20
1529.6184082031
  0
LWPOLYLINE
  5
A8D
330
6F
100
AcDbEntity
  8
0
100
AcDbPolyline
 90
       13
 70
     0
 43
0.0
 10
952.5826416016
 20
1529.6184082031
 42
0.244819358
 10
952.6085205078
 20
1529.6314697266
 42
0.1195334941
 10
952.6676025390999
 20
1529.7724609375
 42
0.0791221485
 10
952.6679077147999
 20
1531.4633789063
 42
0.119492203
 10
952.6085205078
 20
1531.6053466797
 42
0.2429653257
 10
952.5826416016
 20
1531.6184082031
 10
908.1082763672
 20
1531.6184082031
 42
0.2368652374
 10
908.0823974609
 20
1531.6052246094
 42
0.1193292215
 10
908.0236206054999
 20
1531.46484375
 42
0.0792987794
 10
908.0232543944999
 20
1529.7730712891
 42
0.1205203533
 10
908.0823974609
 20
1529.6314697266
 42
0.234961465
 10
908.1083374023
 20
1529.6184082031
 10
952.5826416016
 20
1529.6184082031
  0
LWPOLYLINE
  5
A9C
330
6F
100
AcDbEntity
  8
0
100
AcDbPolyline
 90
       17
 70
     0
 43
0.0
 10
1013.0542602539
 20
1529.6184082031
 42
0.2216794193
 10
1013.0852050781
 20
1529.6331787109
 42
0.077203773
 10
1013.1217041016
 20
1529.6970214844
 42
0.0554253608
 10
1013.178527832
 20
1529.9185791016
 42
0.0713231713
 10
1013.1768798828
 20
1531.3254394531
 42
0.0545770712
 10
1013.1217651367
 20
1531.5397949219
 42
0.0788270608
 10
1013.085144043
 20
1531.6036376953
 42
0.2232511342
 10
1013.0542602539
 20
1531.6184082031
 10
962.9100341797
 20
1531.6184082031
 42
0.2232511342
 10
962.8791503905999
 20
1531.6036376953
 42
0.0802302957
 10
962.8425292969
 20
1531.5397949219
 42
0.0546307378
 10
962.7857666016
 20
1531.3182373047
 42
0.0713231713
 10
962.7873535156
 20
1529.9113769531
 42
0.0540384538
 10
962.8425292969
 20
1529.6970214844
 42
0.0802302957
 10
962.8791503905999
 20
1529.6331787109
 42
0.2216794193
 10
962.9100341797
 20
1529.6184082031
 10
1013.0542602539
 20
1529.6184082031
  0
LWPOLYLINE
  5
AAF
330
6F
100
AcDbEntity
  8
0
100
AcDbPolyline
 90
       17
 70
     0
 43
0.0
 10
844.2493286133
 20
1510.6114501953
 42
0.1298984438
 10
844.2625122069999
 20
1510.6151123047
 42
0.10093382
 10
844.2723999023
 20
1510.6245117188
 42
0.1116951853
 10
844.3245239258001
 20
1510.7645263672
 42
0.0706196278
 10
844.3249511718999
 20
1512.4567871094
 42
0.1084903702
 10
844.2723999023
 20
1512.5983886719
 42
0.1203810349
 10
844.2625122069999
 20
1512.6077880859
 42
0.1298984438
 10
844.2493286133
 20
1512.6114501953
 10
804.6731567383
 20
1512.6114501953
 42
0.1298984438
 10
804.6599731444999
 20
1512.6077880859
 42
0.1070839986
 10
804.6500854492
 20
1512.5982666016
 42
0.111391671
 10
804.5977783202999
 20
1512.4578857422
 42
0.0707121715
 10
804.5974731444999
 20
1510.7661132813
 42
0.1077157781
 10
804.6500854492
 20
1510.6245117188
 42
0.1203810349
 10
804.6599731444999
 20
1510.6151123047
 42
0.1298984438
 10
804.6731567383
 20
1510.6114501953
 10
844.2493286133
 20
1510.6114501953
  0
LWPOLYLINE
  5
AC2
330
6F
100
AcDbEntity
  8
0
100
AcDbPolyline
 90
       13
 70
     0
 43
0.0
 10
899.0147094726999
 20
1510.6114501953
 42
0.2368652374
 10
899.0406494141
 20
1510.6245117188
 42
0.1196503937
 10
899.0992431641
 20
1510.7645263672
 42
0.0792757645
 10
899.0997314453
 20
1512.4567871094
 42
0.119182311
 10
899.0406494141
 20
1512.5983886719
 42
0.2274737656
 10
899.0147094726999
 20
1512.6114501953
 10
854.5403442382999
 20
1512.6114501953
 42
0.2368652374
 10
854.5144653319999
 20
1512.5982666016
 42
0.1200682595
 10
854.4556884766
 20
1512.4578857422
 42
0.0792986453
 10
854.4553222656
 20
1510.7661132813
 42
0.1191640198
 10
854.5144653319999
 20
1510.6245117188
 42
0.2294456214
 10
854.5404052733999
 20
1510.6114501953
 10
899.0147094726999
 20
1510.6114501953
  0
LWPOLYLINE
  5
AD1
330
6F
100
AcDbEntity
  8
0
100
AcDbPolyline
 90
       13
 70
     0
 43
0.0
 10
953.7968139647999
 20
1510.6114501953
 42
0.2373163402
 10
953.8226928710999
 20
1510.6245117188
 42
0.1201613024
 10
953.8817749022999
 20
1510.7655029297
 42
0.0790499598
 10
953.8820800781
 20
1512.4564208984
 42
0.1201121658
 10
953.8226928710999
 20
1512.5983886719
 42
0.2354032248
 10
953.7968139647999
 20
1512.6114501953
 10
909.3224487305
 20
1512.6114501953
 42
0.2368652374
 10
909.2965698242
 20
1512.5982666016
 42
0.1200682595
 10
909.2377929688
 20
1512.4578857422
 42
0.0792986453
 10
909.2374267578
 20
1510.7661132813
 42
0.1191640198
 10
909.2965698242
 20
1510.6245117188
 42
0.2294456214
 10
909.3225097656
 20
1510.6114501953
 10
953.7968139647999
 20
1510.6114501953
  0
LWPOLYLINE
  5
AE0
330
6F
100
AcDbEntity
  8
0
100
AcDbPolyline
 90
       19
 70
     0
 43
0.0
 10
1007.4635009766
 20
1510.6114501953
 42
0.1303738356
 10
1007.4786376953
 20
1510.6156005859
 42
0.1100988835
 10
1007.490234375
 20
1510.6262207031
 42
0.0766277909
 10
1007.5217895508
 20
1510.6900634766
 42
0.0477880873
 10
1007.5709228516
 20
1510.9116210938
 42
0.0617789589
 10
1007.5695800781
 20
1512.3184814453
 42
0.0619688444
 10
1007.5040283203
 20
1512.5778808594
 42
0.1713910848
 10
1007.4786376953
 20
1512.6072998047
 42
0.1303738356
 10
1007.4635009766
 20
1512.6114501953
 10
964.1007080077999
 20
1512.6114501953
 42
0.1303738356
 10
964.0855712890999
 20
1512.6072998047
 42
0.1100988835
 10
964.0740356445
 20
1512.5966796875
 42
0.0765986443
 10
964.0423583984
 20
1512.5328369141
 42
0.048317764
 10
963.9932861328
 20
1512.3112792969
 42
0.0617789589
 10
963.9946289063001
 20
1510.9044189453
 42
0.0624624528
 10
964.0607299804999
 20
1510.6444091797
 42
0.1684657186
 10
964.0855712890999
 20
1510.6156005859
 42
0.1303738356
 10
964.1007080077999
 20
1510.6114501953
 10
1007.4635009766
 20
1510.6114501953
  0
LWPOLYLINE
  5
AF5
330
6F
100
AcDbEntity
  8
0
100
AcDbPolyline
 90
       17
 70
     0
 43
0.0
 10
849.865234375
 20
1491.7841796875
 42
0.1298984438
 10
849.8784179688
 20
1491.7878417969
 42
0.1074275598
 10
849.8883056641
 20
1491.7972412109
 42
0.1111319512
 10
849.9404296874999
 20
1491.9372558594
 42
0.0706197768
 10
849.9408569335999
 20
1493.6295166016
 42
0.1098119169
 10
849.8883056641
 20
1493.7711181641
 42
0.1077464074
 10
849.8784179688
 20
1493.7805175781
 42
0.1298984438
 10
849.865234375
 20
1493.7841796875
 10
810.2890625
 20
1493.7841796875
 42
0.1298984438
 10
810.2758789062999
 20
1493.7805175781
 42
0.1070839986
 10
810.2659912109
 20
1493.7709960938
 42
0.1121549979
 10
810.213684082
 20
1493.6306152344
 42
0.0706401616
 10
810.2133789063
 20
1491.9388427734
 42
0.1082850024
 10
810.2659912109
 20
1491.7972412109
 42
0.1077464074
 10
810.2758789062999
 20
1491.7878417969
 42
0.1298984438
 10
810.2890625
 20
1491.7841796875
 10
849.865234375
 20
1491.7841796875
  0
LWPOLYLINE
  5
B08
330
6F
100
AcDbEntity
  8
0
100
AcDbPolyline
 90
       13
 70
     0
 43
0.0
 10
904.6306152344
 20
1491.7841796875
 42
0.2368652374
 10
904.6565551758
 20
1491.7972412109
 42
0.1190325096
 10
904.7151489258
 20
1491.9372558594
 42
0.0792037621
 10
904.715637207
 20
1493.6295166016
 42
0.1198082715
 10
904.6565551758
 20
1493.7711181641
 42
0.2368709892
 10
904.6306152344
 20
1493.7841796875
 10
860.15625
 20
1493.7841796875
 42
0.2368652374
 10
860.1303710937999
 20
1493.7709960938
 42
0.1193292215
 10
860.0715942383001
 20
1493.6306152344
 42
0.0792987794
 10
860.0712280272999
 20
1491.9388427734
 42
0.1205203533
 10
860.1303710937999
 20
1491.7972412109
 42
0.234961465
 10
860.1563110352
 20
1491.7841796875
 10
904.6306152344
 20
1491.7841796875
  0
LWPOLYLINE
  5
B17
330
6F
100
AcDbEntity
  8
0
100
AcDbPolyline
 90
       13
 70
     0
 43
0.0
 10
959.4127197266001
 20
1491.7841796875
 42
0.244819358
 10
959.4385986327999
 20
1491.7972412109
 42
0.1195334941
 10
959.4976806641
 20
1491.9382324219
 42
0.0791221485
 10
959.4979858398
 20
1493.6291503906
 42
0.119492203
 10
959.4385986327999
 20
1493.7711181641
 42
0.2429653257
 10
959.4127197266001
 20
1493.7841796875
 10
914.9383544922001
 20
1493.7841796875
 42
0.2368652374
 10
914.9124755859
 20
1493.7709960938
 42
0.1193292215
 10
914.8536987305
 20
1493.6306152344
 42
0.0792987794
 10
914.8533325195
 20
1491.9388427734
 42
0.1205203533
 10
914.9124755859
 20
1491.7972412109
 42
0.234961465
 10
914.9384155272999
 20
1491.7841796875
 10
959.4127197266001
 20
1491.7841796875
  0
LWPOLYLINE
  5
B26
330
6F
100
AcDbEntity
  8
0
100
AcDbPolyline
 90
       20
 70
     0
 43
0.0
 10
1006.5808105469
 20
1491.7841796875
 42
0.1652886271
 10
1006.5941162109
 20
1491.7885742188
 42
0.0871908888
 10
1006.6035766602
 20
1491.7989501953
 42
0.0664153546
 10
1006.6304321289
 20
1491.8627929688
 42
0.0420490317
 10
1006.6722412109
 20
1492.0843505859
 42
0.0525813289
 10
1006.671081543
 20
1493.4912109375
 42
0.055231519
 10
1006.6136474609
 20
1493.7532958984
 42
0.1543617249
 10
1006.5941162109
 20
1493.7797851563
 42
0.1652886271
 10
1006.5808105469
 20
1493.7841796875
 10
969.6940917969
 20
1493.7841796875
 42
0.1652886271
 10
969.6807861328
 20
1493.7797851563
 42
0.0871908888
 10
969.6713867188
 20
1493.7694091797
 42
0.0696993321
 10
969.6444702147999
 20
1493.7055664063
 42
0.0420511439
 10
969.6027221679999
 20
1493.4840087891
 42
0.0525813289
 10
969.6038208007999
 20
1492.0771484375
 42
0.0367637239
 10
969.6417846680001
 20
1491.8687744141
 42
0.0750311688
 10
969.6713867188
 20
1491.7989501953
 42
0.094311364
 10
969.6807861328
 20
1491.7885742188
 42
0.1652886271
 10
969.6940917969
 20
1491.7841796875
 10
1006.5808105469
 20
1491.7841796875
  0
LWPOLYLINE
  5
B3C
330
6F
100
AcDbEntity
  8
0
100
AcDbPolyline
 90
       22
 70
     0
 43
0.0
 10
943.8530273438001
 20
1472.6110839844
 42
0.0641893074
 10
943.8759765625
 20
1472.6140136719
 42
0.1061308905
 10
943.8968505859
 20
1472.6241455078
 42
0.0566390343
 10
943.957824707
 20
1472.6860351563
 42
0.101724267
 10
943.9959716797
 20
1472.7641601563
 42
0.0640811622
 10
944.1120605469
 20
1473.6102294922
 42
0.072127521
 10
943.9967041016
 20
1474.4564208984
 42
0.0958632827
 10
943.9583129883001
 20
1474.5352783203
 42
0.0639496818
 10
943.8968505859
 20
1474.5980224609
 42
0.1058805212
 10
943.8760375977
 20
1474.6082763672
 42
0.0640634745
 10
943.8530273438001
 20
1474.6110839844
 10
868.603515625
 20
1474.6110839844
 42
0.0640634745
 10
868.5805053711
 20
1474.6082763672
 42
0.1151191741
 10
868.5596923827999
 20
1474.5979003906
 42
0.0574580692
 10
868.4985351563
 20
1474.5357666016
 42
0.1052615345
 10
868.4602050781
 20
1474.4575195313
 42
0.0637788847
 10
868.3442993164
 20
1473.6116943359
 42
0.072004199
 10
868.4597167969
 20
1472.7657470703
 42
0.0958365798
 10
868.4984130859
 20
1472.6870117188
 42
0.033803314
 10
868.5420532227
 20
1472.63671875
 42
0.1981137395
 10
868.603515625
 20
1472.6110839844
 10
943.8530273438001
 20
1472.6110839844
  0
LWPOLYLINE
  5
B58
330
6F
100
AcDbEntity
  8
0
100
AcDbPolyline
 90
        2
 70
     0
 43
0.0
 10
821.3740234375
 20
1527.2377929688
 10
821.3740234375
 20
1515.2377929688
  0
LWPOLYLINE
  5
B5C
330
6F
100
AcDbEntity
  8
0
100
AcDbPolyline
 90
        2
 70
     0
 43
0.0
 10
983.2990722655999
 20
1546.2878417969
 10
983.2990722655999
 20
1534.2878417969
  0
LWPOLYLINE
  5
B64
330
6F
100
AcDbEntity
  8
0
100
AcDbPolyline
 90
        2
 70
     0
 43
0.0
 10
1046.2185058594
 20
1491.1378173828
 10
1046.2185058594
 20
1490.1378173828
  0
LWPOLYLINE
  5
B78
330
6F
100
AcDbEntity
  8
0
100
AcDbPolyline
 90
        2
 70
     0
 43
0.0
 10
859.4739990234
 20
1515.2377929688
 10
859.4739990234
 20
1527.2377929688
  0
LWPOLYLINE
  5
B7C
330
6F
100
AcDbEntity
  8
0
100
AcDbPolyline
 90
        2
 70
     0
 43
0.0
 10
816.6115722656
 20
1477.1378173828
 10
816.6115722656
 20
1489.1378173828
  0
LWPOLYLINE
  5
B84
330
6F
100
AcDbEntity
  8
0
100
AcDbPolyline
 90
        2
 70
     0
 43
0.0
 10
948.7723999023
 20
1573.6003417969
 10
950.619934082
 20
1578.8752441406
  0
LWPOLYLINE
  5
B88
330
6F
100
AcDbEntity
  8
0
100
AcDbPolyline
 90
        2
 70
     0
 43
0.0
 10
983.0115356445
 20
1489.1378173828
 10
983.0115356445
 20
1477.1378173828
  0
LWPOLYLINE
  5
B8C
330
6F
100
AcDbEntity
  8
0
100
AcDbPolyline
 90
        2
 70
     0
 43
0.0
 10
948.6740722656
 20
1514.2377929688
 10
936.6740722656
 20
1514.2377929688
  0
LWPOLYLINE
  5
B94
330
6F
100
AcDbEntity
  8
0
100
AcDbPolyline
 90
        2
 70
     0
 43
0.0
 10
1045.3620605469
 20
1533.2878417969
 10
1030.4860839844
 20
1533.2878417969
  0
LWPOLYLINE
  5
B98
330
6F
100
AcDbEntity
  8
0
100
AcDbPolyline
 90
        2
 70
     0
 43
0.0
 10
849.6865844727
 20
1457.0876464844
 10
859.4490966797
 20
1457.0876464844
  0
LWPOLYLINE
  5
B9C
330
6F
100
AcDbEntity
  8
0
100
AcDbPolyline
 90
        2
 70
     0
 43
0.0
 10
863.9490356445
 20
1570.1003417969
 10
863.9490356445
 20
1558.1003417969
  0
LWPOLYLINE
  5
BA4
330
6F
100
AcDbEntity
  8
0
100
AcDbPolyline
 90
        2
 70
     0
 43
0.0
 10
779.5115356444999
 20
1514.2377929688
 10
791.5115966796999
 20
1514.2377929688
  0
LWPOLYLINE
  5
BA8
330
6F
100
AcDbEntity
  8
0
100
AcDbPolyline
 90
        2
 70
     0
 43
0.0
 10
911.5740356445
 20
1527.2377929688
 10
911.5740356445
 20
1515.2377929688
  0
LWPOLYLINE
  5
BB4
330
6F
100
AcDbEntity
  8
0
100
AcDbPolyline
 90
        2
 70
     0
 43
0.0
 10
883.2864990234
 20
1508.1877441406
 10
883.2864990234
 20
1496.1877441406
  0
LWPOLYLINE
  5
BD0
330
6F
100
AcDbEntity
  8
0
100
AcDbPolyline
 90
        2
 70
     0
 43
0.0
 10
1077.2614746094
 20
1476.1376953125
 10
1065.2615966797
 20
1476.1376953125
  0
LWPOLYLINE
  5
BD4
330
6F
100
AcDbEntity
  8
0
100
AcDbPolyline
 90
        2
 70
     0
 43
0.0
 10
979.6303710938
 20
1471.0877685547
 10
974.7490844727
 20
1471.0877685547
  0
LWPOLYLINE
  5
BE4
330
6F
100
AcDbEntity
  8
0
100
AcDbPolyline
 90
        2
 70
     0
 43
0.0
 10
1135.4116210938
 20
1477.1376953125
 10
1135.4116210938
 20
1489.1376953125
  0
LWPOLYLINE
  5
BE8
330
6F
100
AcDbEntity
  8
0
100
AcDbPolyline
 90
        2
 70
     0
 43
0.0
 10
1016.6343383789
 20
1495.1876220703
 10
1017.5791015625
 20
1495.1875
  0
LWPOLYLINE
  5
BEC
330
6F
100
AcDbEntity
  8
0
100
AcDbPolyline
 90
        2
 70
     0
 43
0.0
 10
811.8489990233999
 20
1570.1003417969
 10
811.8489990233999
 20
1558.1003417969
  0
LWPOLYLINE
  5
BF0
330
6F
100
AcDbEntity
  8
0
100
AcDbPolyline
 90
        2
 70
     0
 43
0.0
 10
1064.2615966797
 20
1458.0877685547
 10
1064.2615966797
 20
1470.0877685547
  0
LWPOLYLINE
  5
BF4
330
6F
100
AcDbEntity
  8
0
100
AcDbPolyline
 90
        2
 70
     0
 43
0.0
 10
986.7740478515999
 20
1528.2377929688
 10
974.7740478516
 20
1528.2377929688
  0
LWPOLYLINE
  5
BF8
330
6F
100
AcDbEntity
  8
0
100
AcDbPolyline
 90
        2
 70
     0
 43
0.0
 10
1053.3620605469
 20
1546.2878417969
 10
1053.3620605469
 20
1532.2878417969
  0
LWPOLYLINE
  5
C08
330
6F
100
AcDbEntity
  8
0
100
AcDbPolyline
 90
        2
 70
     0
 43
0.0
 10
1021.3424072266
 20
1474.1378173828
 10
1016.3424072266
 20
1474.1378173828
  0
LWPOLYLINE
  5
C10
330
6F
100
AcDbEntity
  8
0
100
AcDbPolyline
 90
        2
 70
     0
 43
0.0
 10
801.1994628906
 20
1573.1003417969
 10
867.9063720703
 20
1573.1003417969
  0
LWPOLYLINE
  5
C1C
330
6F
100
AcDbEntity
  8
0
100
AcDbPolyline
 90
        2
 70
     0
 43
0.0
 10
1103.3615722656
 20
1476.1376953125
 10
1115.3615722656
 20
1476.1376953125
  0
LWPOLYLINE
  5
C2C
330
6F
100
AcDbEntity
  8
0
100
AcDbPolyline
 90
        2
 70
     0
 43
0.0
 10
1103.3615722656
 20
1490.1376953125
 10
1115.3615722656
 20
1490.1376953125
  0
LWPOLYLINE
  5
C30
330
6F
100
AcDbEntity
  8
0
100
AcDbPolyline
 90
        2
 70
     0
 43
0.0
 10
812.8489990233999
 20
1533.2878417969
 10
824.8489990234
 20
1533.2878417969
  0
LWPOLYLINE
  5
C34
330
6F
100
AcDbEntity
  8
0
100
AcDbPolyline
 90
        2
 70
     0
 43
0.0
 10
954.6990966797
 20
1473.0877685547
 10
949.6990966797
 20
1473.0877685547
  0
LWPOLYLINE
  5
C38
330
6F
100
AcDbEntity
  8
0
100
AcDbPolyline
 90
        2
 70
     0
 43
0.0
 10
1134.4116210938
 20
1476.1376953125
 10
1122.4116210938
 20
1476.1376953125
  0
LWPOLYLINE
  5
C3C
330
6F
100
AcDbEntity
  8
0
100
AcDbPolyline
 90
        2
 70
     0
 43
0.0
 10
1097.3115234375
 20
1477.1376953125
 10
1097.3115234375
 20
1489.1376953125
  0
LWPOLYLINE
  5
C40
330
6F
100
AcDbEntity
  8
0
100
AcDbPolyline
 90
        2
 70
     0
 43
0.0
 10
807.0932617188001
 20
1490.1378173828
 10
778.2172851563
 20
1490.1378173828
  0
LWPOLYLINE
  5
C44
330
6F
100
AcDbEntity
  8
0
100
AcDbPolyline
 90
        2
 70
     0
 43
0.0
 10
843.8990478516
 20
1571.1003417969
 10
831.8990478515999
 20
1571.1003417969
  0
LWPOLYLINE
  5
C48
330
6F
100
AcDbEntity
  8
0
100
AcDbPolyline
 90
        2
 70
     0
 43
0.0
 10
961.1995239258
 20
1573.1003417969
 10
1027.9063720703
 20
1573.1003417969
  0
LWPOLYLINE
  5
C4C
330
6F
100
AcDbEntity
  8
0
100
AcDbPolyline
 90
        2
 70
     0
 43
0.0
 10
849.6614990234
 20
1489.1378173828
 10
849.6614990234
 20
1477.1378173828
  0
LWPOLYLINE
  5
C50
330
6F
100
AcDbEntity
  8
0
100
AcDbPolyline
 90
        2
 70
     0
 43
0.0
 10
925.8615722655999
 20
1477.1378173828
 10
925.8615722655999
 20
1489.1378173828
  0
LWPOLYLINE
  5
C5C
330
6F
100
AcDbEntity
  8
0
100
AcDbPolyline
 90
        2
 70
     0
 43
0.0
 10
1045.2185058594
 20
1492.1378173828
 10
1040.2185058594
 20
1492.1378173828
  0
LWPOLYLINE
  5
C64
330
6F
100
AcDbEntity
  8
0
100
AcDbPolyline
 90
        2
 70
     0
 43
0.0
 10
1003.3490600586
 20
1547.2878417969
 10
1015.3490600586
 20
1547.2878417969
  0
LWPOLYLINE
  5
C68
330
6F
100
AcDbEntity
  8
0
100
AcDbPolyline
 90
        2
 70
     0
 43
0.0
 10
922.3865356444999
 20
1509.1877441406
 10
934.3865356445
 20
1509.1877441406
  0
LWPOLYLINE
  5
C88
330
6F
100
AcDbEntity
  8
0
100
AcDbPolyline
 90
        2
 70
     0
 43
0.0
 10
1064.2615966797
 20
1477.1376953125
 10
1064.2615966797
 20
1489.1376953125
  0
LWPOLYLINE
  5
C98
330
6F
100
AcDbEntity
  8
0
100
AcDbPolyline
 90
        2
 70
     0
 43
0.0
 10
912.8615722656
 20
1476.1378173828
 10
924.8615722655999
 20
1476.1378173828
  0
LWPOLYLINE
  5
C9C
330
6F
100
AcDbEntity
  8
0
100
AcDbPolyline
 90
        2
 70
     0
 43
0.0
 10
1022.3424072266
 20
1490.1378173828
 10
1022.3424072266
 20
1491.1378173828
  0
LWPOLYLINE
  5
CA4
330
6F
100
AcDbEntity
  8
0
100
AcDbPolyline
 90
        2
 70
     0
 43
0.0
 10
1053.326171875
 20
1520.1138916016
 10
1053.3273925781
 20
1527.2338867188
  0
LWPOLYLINE
  5
CB0
330
6F
100
AcDbEntity
  8
0
100
AcDbPolyline
 90
        2
 70
     0
 43
0.0
 10
830.6115722655999
 20
1489.1378173828
 10
830.6115722655999
 20
1477.1378173828
  0
LWPOLYLINE
  5
CB4
330
6F
100
AcDbEntity
  8
0
100
AcDbPolyline
 90
        2
 70
     0
 43
0.0
 10
877.2365722655999
 20
1509.1877441406
 10
865.2365722656
 20
1509.1877441406
  0
LWPOLYLINE
  5
CB8
330
6F
100
AcDbEntity
  8
0
100
AcDbPolyline
 90
        2
 70
     0
 43
0.0
 10
930.6240234375
 20
1527.2377929688
 10
930.6240234375
 20
1515.2377929688
  0
LWPOLYLINE
  5
CC0
330
6F
100
AcDbEntity
  8
0
100
AcDbPolyline
 90
        2
 70
     0
 43
0.0
 10
1122.4154052734
 20
1557.1003417969
 10
1134.4154052734
 20
1557.1003417969
  0
LWPOLYLINE
  5
CC8
330
6F
100
AcDbEntity
  8
0
100
AcDbPolyline
 90
        2
 70
     0
 43
0.0
 10
978.5365600586001
 20
1508.1877441406
 10
978.5365600586001
 20
1496.1877441406
  0
LWPOLYLINE
  5
CCC
330
6F
100
AcDbEntity
  8
0
100
AcDbPolyline
 90
        2
 70
     0
 43
0.0
 10
929.6240234375
 20
1557.1003417969
 10
917.6240234374999
 20
1557.1003417969
  0
LWPOLYLINE
  5
CD0
330
6F
100
AcDbEntity
  8
0
100
AcDbPolyline
 90
        2
 70
     0
 43
0.0
 10
808.0865478515999
 20
1509.1877441406
 10
820.0865478516
 20
1509.1877441406
  0
LWPOLYLINE
  5
CD4
330
6F
100
AcDbEntity
  8
0
100
AcDbPolyline
 90
        2
 70
     0
 43
0.0
 10
793.8953247069999
 20
1495.1877441406
 10
777.1303100586
 20
1495.1877441406
  0
LWPOLYLINE
  5
CE0
330
6F
100
AcDbEntity
  8
0
100
AcDbPolyline
 90
        2
 70
     0
 43
0.0
 10
911.5740356445
 20
1558.1003417969
 10
911.5740356445
 20
1570.1003417969
  0
LWPOLYLINE
  5
CEC
330
6F
100
AcDbEntity
  8
0
100
AcDbPolyline
 90
        2
 70
     0
 43
0.0
 10
941.4365234374999
 20
1495.1877441406
 10
953.4365844727
 20
1495.1877441406
  0
LWPOLYLINE
  5
CF4
330
6F
100
AcDbEntity
  8
0
100
AcDbPolyline
 90
        2
 70
     0
 43
0.0
 10
1052.068359375
 20
1519.1140136719
 10
1052.3259277344
 20
1519.1140136719
  0
LWPOLYLINE
  5
D00
330
6F
100
AcDbEntity
  8
0
100
AcDbPolyline
 90
        2
 70
     0
 43
0.0
 10
1115.3742675781
 20
1557.1003417969
 10
1103.3742675781
 20
1557.1003417969
  0
LWPOLYLINE
  5
D0C
330
6F
100
AcDbEntity
  8
0
100
AcDbPolyline
 90
        2
 70
     0
 43
0.0
 10
823.7553710938
 20
1458.0876464844
 10
823.7553710938
 20
1470.0877685547
  0
LWPOLYLINE
  5
D10
330
6F
100
AcDbEntity
  8
0
100
AcDbPolyline
 90
        2
 70
     0
 43
0.0
 10
941.4365234374999
 20
1509.1877441406
 10
953.4365844727
 20
1509.1877441406
  0
LWPOLYLINE
  5
D14
330
6F
100
AcDbEntity
  8
0
100
AcDbPolyline
 90
        2
 70
     0
 43
0.0
 10
958.4859619140999
 20
1449.3127441406
 10
956.2694702148
 20
1448.0633544922
  0
LWPOLYLINE
  5
D18
330
6F
100
AcDbEntity
  8
0
100
AcDbPolyline
 90
        2
 70
     0
 43
0.0
 10
968.7240600585999
 20
1515.2377929688
 10
968.7240600585999
 20
1527.2377929688
  0
LWPOLYLINE
  5
D1C
330
6F
100
AcDbEntity
  8
0
100
AcDbPolyline
 90
        2
 70
     0
 43
0.0
 10
792.7849731444999
 20
1580.1252441406
 10
796.3209228516
 20
1580.1252441406
  0
LWPOLYLINE
  5
D20
330
6F
100
AcDbEntity
  8
0
100
AcDbPolyline
 90
        2
 70
     0
 43
0.0
 10
963.9615478516001
 20
1477.1378173828
 10
963.9615478516001
 20
1489.1378173828
  0
LWPOLYLINE
  5
D28
330
6F
100
AcDbEntity
  8
0
100
AcDbPolyline
 90
        2
 70
     0
 43
0.0
 10
788.7723999022999
 20
1573.6003417969
 10
790.6199340819999
 20
1578.8752441406
  0
LWPOLYLINE
  5
D30
330
6F
100
AcDbEntity
  8
0
100
AcDbPolyline
 90
        2
 70
     0
 43
0.0
 10
774.7490234375
 20
1557.1003417969
 10
786.7490234375
 20
1557.1003417969
  0
LWPOLYLINE
  5
D34
330
6F
100
AcDbEntity
  8
0
100
AcDbPolyline
 90
        2
 70
     0
 43
0.0
 10
1015.6361083984
 20
1505.6877441406
 10
1015.6365356445
 20
1508.1877441406
  0
LWPOLYLINE
  5
D38
330
6F
100
AcDbEntity
  8
0
100
AcDbPolyline
 90
        2
 70
     0
 43
0.0
 10
807.0865478515999
 20
1496.1877441406
 10
807.0865478515999
 20
1508.1877441406
  0
LWPOLYLINE
  5
D3C
330
6F
100
AcDbEntity
  8
0
100
AcDbPolyline
 90
        2
 70
     0
 43
0.0
 10
776.1303100585999
 20
1458.0876464844
 10
776.1303100585999
 20
1470.0877685547
  0
LWPOLYLINE
  5
D40
330
6F
100
AcDbEntity
  8
0
100
AcDbPolyline
 90
        2
 70
     0
 43
0.0
 10
1028.1342773438
 20
1495.1856689453
 10
1042.9467773438
 20
1495.1856689453
  0
LWPOLYLINE
  5
D58
330
6F
100
AcDbEntity
  8
0
100
AcDbPolyline
 90
        2
 70
     0
 43
0.0
 10
1052.3620605469
 20
1547.2878417969
 10
1023.4860839844
 20
1547.2878417969
  0
LWPOLYLINE
  5
D64
330
6F
100
AcDbEntity
  8
0
100
AcDbPolyline
 90
        2
 70
     0
 43
0.0
 10
893.8115234375
 20
1490.1378173828
 10
905.8115234375
 20
1490.1378173828
  0
LWPOLYLINE
  5
D68
330
6F
100
AcDbEntity
  8
0
100
AcDbPolyline
 90
        2
 70
     0
 43
0.0
 10
835.6614990234
 20
1477.1378173828
 10
835.6614990234
 20
1489.1378173828
  0
LWPOLYLINE
  5
D70
330
6F
100
AcDbEntity
  8
0
100
AcDbPolyline
 90
        2
 70
     0
 43
0.0
 10
878.2365722655999
 20
1496.1877441406
 10
878.2365722655999
 20
1508.1877441406
  0
LWPOLYLINE
  5
D78
330
6F
100
AcDbEntity
  8
0
100
AcDbPolyline
 90
        2
 70
     0
 43
0.0
 10
806.7990722656
 20
1546.2878417969
 10
806.7990722656
 20
1534.2878417969
  0
LWPOLYLINE
  5
D7C
330
6F
100
AcDbEntity
  8
0
100
AcDbPolyline
 90
        2
 70
     0
 43
0.0
 10
812.8489990233999
 20
1547.2878417969
 10
824.8489990234
 20
1547.2878417969
  0
LWPOLYLINE
  5
D80
330
6F
100
AcDbEntity
  8
0
100
AcDbPolyline
 90
        2
 70
     0
 43
0.0
 10
791.5115966796999
 20
1528.2377929688
 10
779.5115356444999
 20
1528.2377929688
  0
LWPOLYLINE
  5
D8C
330
6F
100
AcDbEntity
  8
0
100
AcDbPolyline
 90
        2
 70
     0
 43
0.0
 10
992.8240356445
 20
1527.2377929688
 10
992.8240356445
 20
1515.2377929688
  0
LWPOLYLINE
  5
D94
330
6F
100
AcDbEntity
  8
0
100
AcDbPolyline
 90
        2
 70
     0
 43
0.0
 10
1022.4860839844
 20
1532.2878417969
 10
1022.4860839844
 20
1546.2878417969
  0
LWPOLYLINE
  5
DB0
330
6F
100
AcDbEntity
  8
0
100
AcDbPolyline
 90
        2
 70
     0
 43
0.0
 10
1034.4117431641
 20
1557.1003417969
 10
1022.4117431641
 20
1557.1003417969
  0
LWPOLYLINE
  5
DBC
330
6F
100
AcDbEntity
  8
0
100
AcDbPolyline
 90
        2
 70
     0
 43
0.0
 10
777.1303100586
 20
1471.0877685547
 10
791.5115966796999
 20
1471.0877685547
  0
LWPOLYLINE
  5
DC0
330
6F
100
AcDbEntity
  8
0
100
AcDbPolyline
 90
        2
 70
     0
 43
0.0
 10
955.7240600586
 20
1528.2377929688
 10
967.7240600585999
 20
1528.2377929688
  0
LWPOLYLINE
  5
DC8
330
6F
100
AcDbEntity
  8
0
100
AcDbPolyline
 90
        2
 70
     0
 43
0.0
 10
1042.9467773438
 20
1495.1856689453
 10
1042.9467773438
 20
1494.9306640625
  0
LWPOLYLINE
  5
DE0
330
6F
100
AcDbEntity
  8
0
100
AcDbPolyline
 90
        2
 70
     0
 43
0.0
 10
827.1365356444999
 20
1509.1877441406
 10
839.1365966797
 20
1509.1877441406
  0
LWPOLYLINE
  5
DE4
330
6F
100
AcDbEntity
  8
0
100
AcDbPolyline
 90
        2
 70
     0
 43
0.0
 10
952.7849731445
 20
1580.1252441406
 10
956.3208618163999
 20
1580.1252441406
  0
LWPOLYLINE
  5
DF4
330
6F
100
AcDbEntity
  8
0
100
AcDbPolyline
 90
        2
 70
     0
 43
0.0
 10
862.9490356445
 20
1547.2878417969
 10
850.9490356444999
 20
1547.2878417969
  0
LWPOLYLINE
  5
DFC
330
6F
100
AcDbEntity
  8
0
100
AcDbPolyline
 90
        2
 70
     0
 43
0.0
 10
793.7990722656
 20
1547.2878417969
 10
805.7990722655999
 20
1547.2878417969
  0
LWPOLYLINE
  5
E14
330
6F
100
AcDbEntity
  8
0
100
AcDbPolyline
 90
        2
 70
     0
 43
0.0
 10
1035.6875
 20
1514.2369384766
 10
1036.6430664063
 20
1514.2366943359
  0
LWPOLYLINE
  5
E1C
330
6F
100
AcDbEntity
  8
0
100
AcDbPolyline
 90
        2
 70
     0
 43
0.0
 10
1083.3115234375
 20
1470.0877685547
 10
1083.3115234375
 20
1458.0877685547
  0
LWPOLYLINE
  5
E20
330
6F
100
AcDbEntity
  8
0
100
AcDbPolyline
 90
        2
 70
     0
 43
0.0
 10
1040.2185058594
 20
1474.1378173828
 10
1045.2185058594
 20
1474.1378173828
  0
LWPOLYLINE
  5
E24
330
6F
100
AcDbEntity
  8
0
100
AcDbPolyline
 90
        2
 70
     0
 43
0.0
 10
1102.3615722656
 20
1477.1376953125
 10
1102.3615722656
 20
1489.1376953125
  0
LWPOLYLINE
  5
E2C
330
6F
100
AcDbEntity
  8
0
100
AcDbPolyline
 90
        2
 70
     0
 43
0.0
 10
974.7740478516
 20
1514.2377929688
 10
986.7740478515999
 20
1514.2377929688
  0
LWPOLYLINE
  5
E34
330
6F
100
AcDbEntity
  8
0
100
AcDbPolyline
 90
        2
 70
     0
 43
0.0
 10
1037.1118164063
 20
1514.2355957031
 10
1036.6892089844
 20
1514.2355957031
  0
LWPOLYLINE
  5
E3C
330
6F
100
AcDbEntity
  8
0
100
AcDbPolyline
 90
        2
 70
     0
 43
0.0
 10
969.0115356445
 20
1477.1378173828
 10
969.0115356445
 20
1489.1378173828
  0
LWPOLYLINE
  5
E40
330
6F
100
AcDbEntity
  8
0
100
AcDbPolyline
 90
        2
 70
     0
 43
0.0
 10
967.6303710938
 20
1473.0877685547
 10
973.7490844727
 20
1473.0877685547
  0
LWPOLYLINE
  5
E44
330
6F
100
AcDbEntity
  8
0
100
AcDbPolyline
 90
        2
 70
     0
 43
0.0
 10
1015.3424072266
 20
1476.1378173828
 10
1015.2553710938
 20
1476.1378173828
  0
LWPOLYLINE
  5
E50
330
6F
100
AcDbEntity
  8
0
100
AcDbPolyline
 90
        2
 70
     0
 43
0.0
 10
1096.3115234375
 20
1476.1376953125
 10
1084.3115234375
 20
1476.1376953125
  0
LWPOLYLINE
  5
E54
330
6F
100
AcDbEntity
  8
0
100
AcDbPolyline
 90
        2
 70
     0
 43
0.0
 10
845.1865234375
 20
1508.1877441406
 10
845.1865234375
 20
1496.1877441406
  0
LWPOLYLINE
  5
E58
330
6F
100
AcDbEntity
  8
0
100
AcDbPolyline
 90
        2
 70
     0
 43
0.0
 10
1038.4859619141
 20
1578.8752441406
 10
1040.3334960938
 20
1573.6003417969
  0
LWPOLYLINE
  5
E5C
330
6F
100
AcDbEntity
  8
0
100
AcDbPolyline
 90
        2
 70
     0
 43
0.0
 10
903.3365478516
 20
1495.1877441406
 10
915.3365478516001
 20
1495.1877441406
  0
LWPOLYLINE
  5
E68
330
6F
100
AcDbEntity
  8
0
100
AcDbPolyline
 90
        2
 70
     0
 43
0.0
 10
846.1865234375
 20
1509.1877441406
 10
858.1865234374999
 20
1509.1877441406
  0
LWPOLYLINE
  5
E70
330
6F
100
AcDbEntity
  8
0
100
AcDbPolyline
 90
        2
 70
     0
 43
0.0
 10
936.6740722656
 20
1557.1003417969
 10
948.6740722656
 20
1557.1003417969
  0
LWPOLYLINE
  5
E74
330
6F
100
AcDbEntity
  8
0
100
AcDbPolyline
 90
        2
 70
     0
 43
0.0
 10
868.7115478516
 20
1477.1378173828
 10
868.7115478516
 20
1489.1378173828
  0
LWPOLYLINE
  5
E7C
330
6F
100
AcDbEntity
  8
0
100
AcDbPolyline
 90
        2
 70
     0
 43
0.0
 10
901.0490722655999
 20
1533.2878417969
 10
889.0490722656
 20
1533.2878417969
  0
LWPOLYLINE
  5
E90
330
6F
100
AcDbEntity
  8
0
100
AcDbPolyline
 90
        2
 70
     0
 43
0.0
 10
1015.6349487305
 20
1498.6877441406
 10
1015.6344604492
 20
1496.1877441406
  0
LWPOLYLINE
  5
E94
330
6F
100
AcDbEntity
  8
0
100
AcDbPolyline
 90
        2
 70
     0
 43
0.0
 10
1012.8740844727
 20
1514.2377929688
 10
1024.8740234375
 20
1514.2377929688
  0
LWPOLYLINE
  5
E9C
330
6F
100
AcDbEntity
  8
0
100
AcDbPolyline
 90
        2
 70
     0
 43
0.0
 10
967.7240600585999
 20
1514.2377929688
 10
955.7240600586
 20
1514.2377929688
  0
LWPOLYLINE
  5
EA4
330
6F
100
AcDbEntity
  8
0
100
AcDbPolyline
 90
        2
 70
     0
 43
0.0
 10
1035.6899414063
 20
1528.2369384766
 10
1042.8427734375
 20
1528.2355957031
  0
LWPOLYLINE
  5
EA8
330
6F
100
AcDbEntity
  8
0
100
AcDbPolyline
 90
        2
 70
     0
 43
0.0
 10
802.3240356444999
 20
1527.2377929688
 10
802.3240356444999
 20
1515.2377929688
  0
LWPOLYLINE
  5
EAC
330
6F
100
AcDbEntity
  8
0
100
AcDbPolyline
 90
        2
 70
     0
 43
0.0
 10
775.6490478516
 20
1550.2940673828
 10
785.8490600586
 20
1550.2940673828
  0
LWPOLYLINE
  5
EB0
330
6F
100
AcDbEntity
  8
0
100
AcDbPolyline
 90
        2
 70
     0
 43
0.0
 10
1035.6883544922
 20
1518.7369384766
 10
1035.6892089844
 20
1523.7369384766
  0
LWPOLYLINE
  5
EB8
330
6F
100
AcDbEntity
  8
0
100
AcDbPolyline
 90
        2
 70
     0
 43
0.0
 10
897.5740356444999
 20
1558.1003417969
 10
897.5740356444999
 20
1570.1003417969
  0
LWPOLYLINE
  5
EC4
330
6F
100
AcDbEntity
  8
0
100
AcDbPolyline
 90
        2
 70
     0
 43
0.0
 10
992.5365600585999
 20
1496.1877441406
 10
992.5365600585999
 20
1508.1877441406
  0
LWPOLYLINE
  5
ECC
330
6F
100
AcDbEntity
  8
0
100
AcDbPolyline
 90
        2
 70
     0
 43
0.0
 10
1107.9089355469
 20
1455.0876464844
 10
1041.2021484375
 20
1455.0876464844
  0
LWPOLYLINE
  5
ED0
330
6F
100
AcDbEntity
  8
0
100
AcDbPolyline
 90
        2
 70
     0
 43
0.0
 10
1065.2615966797
 20
1457.0876464844
 10
1077.2614746094
 20
1457.0877685547
  0
LWPOLYLINE
  5
ED4
330
6F
100
AcDbEntity
  8
0
100
AcDbPolyline
 90
        2
 70
     0
 43
0.0
 10
997.2990722656
 20
1558.1003417969
 10
997.2990722656
 20
1570.1003417969
  0
LWPOLYLINE
  5
ED8
330
6F
100
AcDbEntity
  8
0
100
AcDbPolyline
 90
        2
 70
     0
 43
0.0
 10
870.6199340819999
 20
1449.3127441406
 10
868.7723999022999
 20
1454.5876464844
  0
LWPOLYLINE
  5
EDC
330
6F
100
AcDbEntity
  8
0
100
AcDbPolyline
 90
        2
 70
     0
 43
0.0
 10
848.6865844727001
 20
1458.0876464844
 10
848.6865844727001
 20
1472.0877685547
  0
LWPOLYLINE
  5
EE8
330
6F
100
AcDbEntity
  8
0
100
AcDbPolyline
 90
        2
 70
     0
 43
0.0
 10
1121.4116210938
 20
1489.1376953125
 10
1121.4116210938
 20
1477.1376953125
  0
LWPOLYLINE
  5
EF4
330
6F
100
AcDbEntity
  8
0
100
AcDbPolyline
 90
        2
 70
     0
 43
0.0
 10
922.3865356444999
 20
1495.1877441406
 10
934.3865356445
 20
1495.1877441406
  0
LWPOLYLINE
  5
F00
330
6F
100
AcDbEntity
  8
0
100
AcDbPolyline
 90
        2
 70
     0
 43
0.0
 10
952.7335815429999
 20
1448.0633544922
 10
950.619934082
 20
1449.3127441406
  0
LWPOLYLINE
  5
F08
330
6F
100
AcDbEntity
  8
0
100
AcDbPolyline
 90
        2
 70
     0
 43
0.0
 10
1011.8740844727
 20
1470.0877685547
 10
1011.8740844727
 20
1458.0876464844
  0
LWPOLYLINE
  5
F0C
330
6F
100
AcDbEntity
  8
0
100
AcDbPolyline
 90
        2
 70
     0
 43
0.0
 10
815.3240356445
 20
1471.0877685547
 10
800.9428710937999
 20
1471.0877685547
  0
LWPOLYLINE
  5
F10
330
6F
100
AcDbEntity
  8
0
100
AcDbPolyline
 90
        2
 70
     0
 43
0.0
 10
840.4240722656
 20
1515.2377929688
 10
840.4240722656
 20
1527.2377929688
  0
LWPOLYLINE
  5
F20
330
6F
100
AcDbEntity
  8
0
100
AcDbPolyline
 90
        2
 70
     0
 43
0.0
 10
863.9490356445
 20
1534.2878417969
 10
863.9490356445
 20
1546.2878417969
  0
LWPOLYLINE
  5
F24
330
6F
100
AcDbEntity
  8
0
100
AcDbPolyline
 90
        2
 70
     0
 43
0.0
 10
987.7740478516001
 20
1527.2377929688
 10
987.7740478516001
 20
1515.2377929688
  0
LWPOLYLINE
  5
F2C
330
6F
100
AcDbEntity
  8
0
100
AcDbPolyline
 90
        2
 70
     0
 43
0.0
 10
893.8115234375
 20
1476.1378173828
 10
905.8115234375
 20
1476.1378173828
  0
LWPOLYLINE
  5
F30
330
6F
100
AcDbEntity
  8
0
100
AcDbPolyline
 90
        2
 70
     0
 43
0.0
 10
988.0615844727
 20
1470.0877685547
 10
988.0615844727
 20
1458.0876464844
  0
LWPOLYLINE
  5
F34
330
6F
100
AcDbEntity
  8
0
100
AcDbPolyline
 90
        2
 70
     0
 43
0.0
 10
1036.7802734375
 20
1490.1378173828
 10
1022.3424072266
 20
1490.1378173828
  0
LWPOLYLINE
  5
F44
330
6F
100
AcDbEntity
  8
0
100
AcDbPolyline
 90
        2
 70
     0
 43
0.0
 10
1077.2614746094
 20
1557.1003417969
 10
1065.2615966797
 20
1557.1003417969
  0
LWPOLYLINE
  5
F48
330
6F
100
AcDbEntity
  8
0
100
AcDbPolyline
 90
        2
 70
     0
 43
0.0
 10
1064.2615966797
 20
1558.1003417969
 10
1064.2615966797
 20
1570.1003417969
  0
LWPOLYLINE
  5
F4C
330
6F
100
AcDbEntity
  8
0
100
AcDbPolyline
 90
        2
 70
     0
 43
0.0
 10
841.4240722656
 20
1514.2377929688
 10
853.4240722655999
 20
1514.2377929688
  0
LWPOLYLINE
  5
F50
330
6F
100
AcDbEntity
  8
0
100
AcDbPolyline
 90
        2
 70
     0
 43
0.0
 10
930.9114990234
 20
1477.1378173828
 10
930.9114990234
 20
1489.1378173828
  0
LWPOLYLINE
  5
F54
330
6F
100
AcDbEntity
  8
0
100
AcDbPolyline
 90
        2
 70
     0
 43
0.0
 10
958.1990356445
 20
1547.2878417969
 10
946.1990356444999
 20
1547.2878417969
  0
LWPOLYLINE
  5
F5C
330
6F
100
AcDbEntity
  8
0
100
AcDbPolyline
 90
        2
 70
     0
 43
0.0
 10
1137.4154052734
 20
1572.1003417969
 10
1137.4154052734
 20
1456.0876464844
  0
LWPOLYLINE
  5
F60
330
6F
100
AcDbEntity
  8
0
100
AcDbPolyline
 90
        2
 70
     0
 43
0.0
 10
802.0932617188
 20
1474.1378173828
 10
807.0932617188001
 20
1474.1378173828
  0
LWPOLYLINE
  5
F64
330
6F
100
AcDbEntity
  8
0
100
AcDbPolyline
 90
        2
 70
     0
 43
0.0
 10
792.5115966797
 20
1515.2377929688
 10
792.5115966797
 20
1527.2377929688
  0
LWPOLYLINE
  5
F68
330
6F
100
AcDbEntity
  8
0
100
AcDbPolyline
 90
        2
 70
     0
 43
0.0
 10
936.6740722656
 20
1571.1003417969
 10
948.6740722656
 20
1571.1003417969
  0
LWPOLYLINE
  5
F7C
330
6F
100
AcDbEntity
  8
0
100
AcDbPolyline
 90
        2
 70
     0
 43
0.0
 10
903.3365478516
 20
1509.1877441406
 10
915.3365478516001
 20
1509.1877441406
  0
LWPOLYLINE
  5
F80
330
6F
100
AcDbEntity
  8
0
100
AcDbPolyline
 90
        2
 70
     0
 43
0.0
 10
772.7588500977
 20
1455.0883789063
 10
771.7588500977
 20
1456.0883789063
  0
LWPOLYLINE
  5
F84
330
6F
100
AcDbEntity
  8
0
100
AcDbPolyline
 90
        2
 70
     0
 43
0.0
 10
844.8990478516
 20
1558.1003417969
 10
844.8990478516
 20
1570.1003417969
  0
LWPOLYLINE
  5
F90
330
6F
100
AcDbEntity
  8
0
100
AcDbPolyline
 90
        2
 70
     0
 43
0.0
 10
1019.1343383789
 20
1495.1856689453
 10
1017.6392211914
 20
1495.1856689453
  0
LWPOLYLINE
  5
F9C
330
6F
100
AcDbEntity
  8
0
100
AcDbPolyline
 90
        2
 70
     0
 43
0.0
 10
822.3740234375
 20
1514.2377929688
 10
834.3740234374999
 20
1514.2377929688
  0
LWPOLYLINE
  5
FA4
330
6F
100
AcDbEntity
  8
0
100
AcDbPolyline
 90
        2
 70
     0
 43
0.0
 10
1134.4154052734
 20
1571.1003417969
 10
1122.4154052734
 20
1571.1003417969
  0
LWPOLYLINE
  5
FA8
330
6F
100
AcDbEntity
  8
0
100
AcDbPolyline
 90
        2
 70
     0
 43
0.0
 10
966.6303710938001
 20
1458.0876464844
 10
966.6303710938001
 20
1472.0877685547
  0
LWPOLYLINE
  5
FAC
330
6F
100
AcDbEntity
  8
0
100
AcDbPolyline
 90
        2
 70
     0
 43
0.0
 10
830.8990478515999
 20
1570.1003417969
 10
830.8990478515999
 20
1558.1003417969
  0
LWPOLYLINE
  5
FC8
330
6F
100
AcDbEntity
  8
0
100
AcDbPolyline
 90
        2
 70
     0
 43
0.0
 10
940.1490478516
 20
1546.2878417969
 10
940.1490478516
 20
1534.2878417969
  0
LWPOLYLINE
  5
FCC
330
6F
100
AcDbEntity
  8
0
100
AcDbPolyline
 90
        2
 70
     0
 43
0.0
 10
1012.8740844727
 20
1528.2377929688
 10
1024.8740234375
 20
1528.2377929688
  0
LWPOLYLINE
  5
FD8
330
6F
100
AcDbEntity
  8
0
100
AcDbPolyline
 90
        2
 70
     0
 43
0.0
 10
902.0490722655999
 20
1546.2878417969
 10
902.0490722655999
 20
1534.2878417969
  0
LWPOLYLINE
  5
FDC
330
6F
100
AcDbEntity
  8
0
100
AcDbPolyline
 90
        2
 70
     0
 43
0.0
 10
869.9990234375
 20
1557.1003417969
 10
881.9990234375
 20
1557.1003417969
  0
LWPOLYLINE
  5
FE4
330
6F
100
AcDbEntity
  8
0
100
AcDbPolyline
 90
        2
 70
     0
 43
0.0
 10
1121.0935058594
 20
1552.3414306641
 10
1121.0935058594
 20
1495.8414306641
  0
LWPOLYLINE
  5
FF4
330
6F
100
AcDbEntity
  8
0
100
AcDbPolyline
 90
        2
 70
     0
 43
0.0
 10
924.8615722655999
 20
1490.1378173828
 10
912.8615722656
 20
1490.1378173828
  0
LWPOLYLINE
  5
1000
330
6F
100
AcDbEntity
  8
0
100
AcDbPolyline
 90
        2
 70
     0
 43
0.0
 10
949.6740722655999
 20
1527.2377929688
 10
949.6740722655999
 20
1515.2377929688
  0
LWPOLYLINE
  5
100C
330
6F
100
AcDbEntity
  8
0
100
AcDbPolyline
 90
        2
 70
     0
 43
0.0
 10
826.1365356444999
 20
1508.1877441406
 10
826.1365356444999
 20
1496.1877441406
  0
LWPOLYLINE
  5
1018
330
6F
100
AcDbEntity
  8
0
100
AcDbPolyline
 90
        2
 70
     0
 43
0.0
 10
968.7240600585999
 20
1558.1003417969
 10
968.7240600585999
 20
1570.1003417969
  0
LWPOLYLINE
  5
101C
330
6F
100
AcDbEntity
  8
0
100
AcDbPolyline
 90
        2
 70
     0
 43
0.0
 10
1065.2615966797
 20
1571.1003417969
 10
1077.2614746094
 20
1571.1003417969
  0
LWPOLYLINE
  5
1020
330
6F
100
AcDbEntity
  8
0
100
AcDbPolyline
 90
        2
 70
     0
 43
0.0
 10
1041.4528808594
 20
1557.1003417969
 10
1053.4528808594
 20
1557.1003417969
  0
LWPOLYLINE
  5
103C
330
6F
100
AcDbEntity
  8
0
100
AcDbPolyline
 90
        2
 70
     0
 43
0.0
 10
872.4739990233999
 20
1514.2377929688
 10
860.4739990234
 20
1514.2377929688
  0
LWPOLYLINE
  5
1054
330
6F
100
AcDbEntity
  8
0
100
AcDbPolyline
 90
        2
 70
     0
 43
0.0
 10
794.895324707
 20
1508.1877441406
 10
794.895324707
 20
1496.1877441406
  0
LWPOLYLINE
  5
1058
330
6F
100
AcDbEntity
  8
0
100
AcDbPolyline
 90
        2
 70
     0
 43
0.0
 10
1116.3234863281
 20
1448.0627441406
 10
1112.7875976563
 20
1448.0627441406
  0
LWPOLYLINE
  5
1064
330
6F
100
AcDbEntity
  8
0
100
AcDbPolyline
 90
        2
 70
     0
 43
0.0
 10
799.9428710938
 20
1458.0876464844
 10
799.9428710938
 20
1470.0877685547
  0
LWPOLYLINE
  5
1070
330
6F
100
AcDbEntity
  8
0
100
AcDbPolyline
 90
        2
 70
     0
 43
0.0
 10
844.8990478516
 20
1534.2878417969
 10
844.8990478516
 20
1546.2878417969
  0
LWPOLYLINE
  5
1078
330
6F
100
AcDbEntity
  8
0
100
AcDbPolyline
 90
        2
 70
     0
 43
0.0
 10
862.9490356445
 20
1571.1003417969
 10
850.9490356444999
 20
1571.1003417969
  0
LWPOLYLINE
  5
107C
330
6F
100
AcDbEntity
  8
0
100
AcDbPolyline
 90
        2
 70
     0
 43
0.0
 10
1116.3742675781
 20
1570.1003417969
 10
1116.3742675781
 20
1558.1003417969
  0
LWPOLYLINE
  5
1084
330
6F
100
AcDbEntity
  8
0
100
AcDbPolyline
 90
        2
 70
     0
 43
0.0
 10
1112.7849121094
 20
1580.1252441406
 10
1116.5405273438
 20
1580.1252441406
  0
LWPOLYLINE
  5
1094
330
6F
100
AcDbEntity
  8
0
100
AcDbPolyline
 90
        2
 70
     0
 43
0.0
 10
785.2172851563
 20
1476.1378173828
 10
800.0932617188
 20
1476.1378173828
  0
LWPOLYLINE
  5
1098
330
6F
100
AcDbEntity
  8
0
100
AcDbPolyline
 90
        2
 70
     0
 43
0.0
 10
1054.4528808594
 20
1570.1003417969
 10
1054.4528808594
 20
1558.1003417969
  0
LWPOLYLINE
  5
109C
330
6F
100
AcDbEntity
  8
0
100
AcDbPolyline
 90
        2
 70
     0
 43
0.0
 10
1103.3615722656
 20
1471.0877685547
 10
1115.3615722656
 20
1471.0877685547
  0
LWPOLYLINE
  5
10A0
330
6F
100
AcDbEntity
  8
0
100
AcDbPolyline
 90
        2
 70
     0
 43
0.0
 10
1028.0576171875
 20
1509.1868896484
 10
1037.0671386719
 20
1509.1862792969
  0
LWPOLYLINE
  5
10A4
330
6F
100
AcDbEntity
  8
0
100
AcDbPolyline
 90
        2
 70
     0
 43
0.0
 10
1034.6877441406
 20
1515.2370605469
 10
1034.6882324219
 20
1517.7370605469
  0
LWPOLYLINE
  5
10AC
330
6F
100
AcDbEntity
  8
0
100
AcDbPolyline
 90
        2
 70
     0
 43
0.0
 10
954.7240600586
 20
1515.2377929688
 10
954.7240600586
 20
1527.2377929688
  0
LWPOLYLINE
  5
10B8
330
6F
100
AcDbEntity
  8
0
100
AcDbPolyline
 90
        2
 70
     0
 43
0.0
 10
931.9114990234
 20
1476.1378173828
 10
943.9114990233999
 20
1476.1378173828
  0
LWPOLYLINE
  5
10BC
330
6F
100
AcDbEntity
  8
0
100
AcDbPolyline
 90
        2
 70
     0
 43
0.0
 10
778.2172851563
 20
1474.1378173828
 10
783.2172851563
 20
1474.1378173828
  0
LWPOLYLINE
  5
10C0
330
6F
100
AcDbEntity
  8
0
100
AcDbPolyline
 90
        2
 70
     0
 43
0.0
 10
1015.3424072266
 20
1491.1378173828
 10
1015.3424072266
 20
1490.1378173828
  0
LWPOLYLINE
  5
10C4
330
6F
100
AcDbEntity
  8
0
100
AcDbPolyline
 90
        2
 70
     0
 43
0.0
 10
921.3865356444999
 20
1496.1877441406
 10
921.3865356444999
 20
1508.1877441406
  0
LWPOLYLINE
  5
10CC
330
6F
100
AcDbEntity
  8
0
100
AcDbPolyline
 90
        2
 70
     0
 43
0.0
 10
993.8240356445
 20
1528.2377929688
 10
1005.8240356445
 20
1528.2377929688
  0
LWPOLYLINE
  5
10D0
330
6F
100
AcDbEntity
  8
0
100
AcDbPolyline
 90
        2
 70
     0
 43
0.0
 10
997.2990722656
 20
1546.2878417969
 10
997.2990722656
 20
1534.2878417969
  0
LWPOLYLINE
  5
10DC
330
6F
100
AcDbEntity
  8
0
100
AcDbPolyline
 90
        2
 70
     0
 43
0.0
 10
1016.3490600586
 20
1570.1003417969
 10
1016.3490600586
 20
1558.1003417969
  0
LWPOLYLINE
  5
10E0
330
6F
100
AcDbEntity
  8
0
100
AcDbPolyline
 90
        2
 70
     0
 43
0.0
 10
1121.4116210938
 20
1470.0877685547
 10
1121.4116210938
 20
1458.0877685547
  0
LWPOLYLINE
  5
10EC
330
6F
100
AcDbEntity
  8
0
100
AcDbPolyline
 90
        2
 70
     0
 43
0.0
 10
836.6614990233999
 20
1476.1378173828
 10
848.6614990233999
 20
1476.1378173828
  0
LWPOLYLINE
  5
10F0
330
6F
100
AcDbEntity
  8
0
100
AcDbPolyline
 90
        2
 70
     0
 43
0.0
 10
1019.1676025391
 20
1509.1875
 10
1016.63671875
 20
1509.1876220703
  0
LWPOLYLINE
  5
10F4
330
6F
100
AcDbEntity
  8
0
100
AcDbPolyline
 90
        2
 70
     0
 43
0.0
 10
803.3240356445
 20
1514.2377929688
 10
815.3240356445
 20
1514.2377929688
  0
LWPOLYLINE
  5
10FC
330
6F
100
AcDbEntity
  8
0
100
AcDbPolyline
 90
        2
 70
     0
 43
0.0
 10
950.9615478516
 20
1490.1378173828
 10
962.9615478515999
 20
1490.1378173828
  0
LWPOLYLINE
  5
1104
330
6F
100
AcDbEntity
  8
0
100
AcDbPolyline
 90
        2
 70
     0
 43
0.0
 10
978.2490844727
 20
1546.2878417969
 10
978.2490844727
 20
1534.2878417969
  0
LWPOLYLINE
  5
1108
330
6F
100
AcDbEntity
  8
0
100
AcDbPolyline
 90
        2
 70
     0
 43
0.0
 10
808.0932617188
 20
1489.1378173828
 10
808.0932617188
 20
1475.1378173828
  0
LWPOLYLINE
  5
1114
330
6F
100
AcDbEntity
  8
0
100
AcDbPolyline
 90
        2
 70
     0
 43
0.0
 10
1032.7849121094
 20
1580.1252441406
 10
1036.3208007813
 20
1580.1252441406
  0
LWPOLYLINE
  5
1130
330
6F
100
AcDbEntity
  8
0
100
AcDbPolyline
 90
        2
 70
     0
 43
0.0
 10
895.1991577148
 20
1470.0877685547
 10
895.1991577148
 20
1458.0876464844
  0
LWPOLYLINE
  5
1138
330
6F
100
AcDbEntity
  8
0
100
AcDbPolyline
 90
        2
 70
     0
 43
0.0
 10
1122.4116210938
 20
1490.1376953125
 10
1134.4116210938
 20
1490.1376953125
  0
LWPOLYLINE
  5
113C
330
6F
100
AcDbEntity
  8
0
100
AcDbPolyline
 90
        2
 70
     0
 43
0.0
 10
777.2172851562999
 20
1475.1378173828
 10
777.2172851562999
 20
1489.1378173828
  0
LWPOLYLINE
  5
1140
330
6F
100
AcDbEntity
  8
0
100
AcDbPolyline
 90
        2
 70
     0
 43
0.0
 10
1034.4117431641
 20
1571.1003417969
 10
1022.4117431641
 20
1571.1003417969
  0
LWPOLYLINE
  5
1144
330
6F
100
AcDbEntity
  8
0
100
AcDbPolyline
 90
        2
 70
     0
 43
0.0
 10
1115.3742675781
 20
1571.1003417969
 10
1103.3742675781
 20
1571.1003417969
  0
LWPOLYLINE
  5
1148
330
6F
100
AcDbEntity
  8
0
100
AcDbPolyline
 90
        2
 70
     0
 43
0.0
 10
796.3209228516
 20
1448.0627441406
 10
792.7849731444999
 20
1448.0627441406
  0
LWPOLYLINE
  5
114C
330
6F
100
AcDbEntity
  8
0
100
AcDbPolyline
 90
        2
 70
     0
 43
0.0
 10
800.3334960938
 20
1454.5876464844
 10
798.4859619140999
 20
1449.3127441406
  0
LWPOLYLINE
  5
1150
330
6F
100
AcDbEntity
  8
0
100
AcDbPolyline
 90
        2
 70
     0
 43
0.0
 10
902.3365478516
 20
1496.1877441406
 10
902.3365478516
 20
1508.1877441406
  0
LWPOLYLINE
  5
1158
330
6F
100
AcDbEntity
  8
0
100
AcDbPolyline
 90
        2
 70
     0
 43
0.0
 10
849.6865844727
 20
1473.0877685547
 10
859.4490966797
 20
1473.0877685547
  0
LWPOLYLINE
  5
1164
330
6F
100
AcDbEntity
  8
0
100
AcDbPolyline
 90
        2
 70
     0
 43
0.0
 10
824.8489990234
 20
1557.1003417969
 10
812.8489990233999
 20
1557.1003417969
  0
LWPOLYLINE
  5
1170
330
6F
100
AcDbEntity
  8
0
100
AcDbPolyline
 90
        2
 70
     0
 43
0.0
 10
808.0865478515999
 20
1495.1877441406
 10
820.0865478516
 20
1495.1877441406
  0
LWPOLYLINE
  5
1184
330
6F
100
AcDbEntity
  8
0
100
AcDbPolyline
 90
        2
 70
     0
 43
0.0
 10
973.4865722656
 20
1496.1877441406
 10
973.4865722656
 20
1508.1877441406
  0
LWPOLYLINE
  5
1188
330
6F
100
AcDbEntity
  8
0
100
AcDbPolyline
 90
        2
 70
     0
 43
0.0
 10
1015.3424072266
 20
1490.1378173828
 10
1015.2553710938
 20
1490.1378173828
  0
LWPOLYLINE
  5
1194
330
6F
100
AcDbEntity
  8
0
100
AcDbPolyline
 90
        2
 70
     0
 43
0.0
 10
879.5240478515999
 20
1528.2377929688
 10
891.5240478516
 20
1528.2377929688
  0
LWPOLYLINE
  5
1198
330
6F
100
AcDbEntity
  8
0
100
AcDbPolyline
 90
        2
 70
     0
 43
0.0
 10
1120.3360595703
 20
1454.5876464844
 10
1118.4885253906
 20
1449.3127441406
  0
LWPOLYLINE
  5
119C
330
6F
100
AcDbEntity
  8
0
100
AcDbPolyline
 90
        2
 70
     0
 43
0.0
 10
1121.0935058594
 20
1495.8414306641
 10
1074.0935058594
 20
1495.8414306641
  0
LWPOLYLINE
  5
11A0
330
6F
100
AcDbEntity
  8
0
100
AcDbPolyline
 90
        2
 70
     0
 43
0.0
 10
1034.6898193359
 20
1527.2370605469
 10
1034.689453125
 20
1524.7370605469
  0
LWPOLYLINE
  5
11AC
330
6F
100
AcDbEntity
  8
0
100
AcDbPolyline
 90
        2
 70
     0
 43
0.0
 10
1078.2614746094
 20
1570.1003417969
 10
1078.2614746094
 20
1558.1003417969
  0
LWPOLYLINE
  5
11B0
330
6F
100
AcDbEntity
  8
0
100
AcDbPolyline
 90
        2
 70
     0
 43
0.0
 10
1122.4116210938
 20
1471.0877685547
 10
1134.4116210938
 20
1471.0877685547
  0
LWPOLYLINE
  5
11B8
330
6F
100
AcDbEntity
  8
0
100
AcDbPolyline
 90
        2
 70
     0
 43
0.0
 10
1036.6865234375
 20
1471.0877685547
 10
1051.0678710938
 20
1471.0877685547
  0
LWPOLYLINE
  5
11BC
330
6F
100
AcDbEntity
  8
0
100
AcDbPolyline
 90
        2
 70
     0
 43
0.0
 10
1103.3615722656
 20
1457.0877685547
 10
1115.3615722656
 20
1457.0877685547
  0
LWPOLYLINE
  5
11C0
330
6F
100
AcDbEntity
  8
0
100
AcDbPolyline
 90
        2
 70
     0
 43
0.0
 10
954.4365844727
 20
1508.1877441406
 10
954.4365844727
 20
1496.1877441406
  0
LWPOLYLINE
  5
11C4
330
6F
100
AcDbEntity
  8
0
100
AcDbPolyline
 90
        2
 70
     0
 43
0.0
 10
940.4365234374999
 20
1496.1877441406
 10
940.4365234374999
 20
1508.1877441406
  0
LWPOLYLINE
  5
11C8
330
6F
100
AcDbEntity
  8
0
100
AcDbPolyline
 90
        2
 70
     0
 43
0.0
 10
921.0991210938001
 20
1546.2878417969
 10
921.0991210938001
 20
1534.2878417969
  0
LWPOLYLINE
  5
11D0
330
6F
100
AcDbEntity
  8
0
100
AcDbPolyline
 90
        2
 70
     0
 43
0.0
 10
1121.4154052734
 20
1570.1003417969
 10
1121.4154052734
 20
1558.1003417969
  0
LWPOLYLINE
  5
11D4
330
6F
100
AcDbEntity
  8
0
100
AcDbPolyline
 90
        2
 70
     0
 43
0.0
 10
876.3209228516
 20
1448.0627441406
 10
872.7849731444999
 20
1448.0627441406
  0
LWPOLYLINE
  5
11D8
330
6F
100
AcDbEntity
  8
0
100
AcDbPolyline
 90
        2
 70
     0
 43
0.0
 10
1116.3615722656
 20
1458.0877685547
 10
1116.3615722656
 20
1470.0877685547
  0
LWPOLYLINE
  5
11EC
330
6F
100
AcDbEntity
  8
0
100
AcDbPolyline
 90
        2
 70
     0
 43
0.0
 10
997.5865478516
 20
1496.1877441406
 10
997.5865478516
 20
1508.1877441406
  0
LWPOLYLINE
  5
11F4
330
6F
100
AcDbEntity
  8
0
100
AcDbPolyline
 90
        2
 70
     0
 43
0.0
 10
1003.4428710938
 20
1457.0876464844
 10
989.0615844726999
 20
1457.0876464844
  0
LWPOLYLINE
  5
11F8
330
6F
100
AcDbEntity
  8
0
100
AcDbPolyline
 90
        2
 70
     0
 43
0.0
 10
1108.7724609375
 20
1573.6003417969
 10
1110.6198730469
 20
1578.8752441406
  0
LWPOLYLINE
  5
1204
330
6F
100
AcDbEntity
  8
0
100
AcDbPolyline
 90
        2
 70
     0
 43
0.0
 10
958.4859619140999
 20
1578.8752441406
 10
960.3334960937999
 20
1573.6003417969
  0
LWPOLYLINE
  5
1208
330
6F
100
AcDbEntity
  8
0
100
AcDbPolyline
 90
        2
 70
     0
 43
0.0
 10
785.8490600586
 20
1554.0939941406
 10
775.6490478516
 20
1554.0939941406
  0
LWPOLYLINE
  5
1214
330
6F
100
AcDbEntity
  8
0
100
AcDbPolyline
 90
        2
 70
     0
 43
0.0
 10
898.5740356444999
 20
1571.1003417969
 10
910.5740356445
 20
1571.1003417969
  0
LWPOLYLINE
  5
1220
330
6F
100
AcDbEntity
  8
0
100
AcDbPolyline
 90
        2
 70
     0
 43
0.0
 10
910.5740356445
 20
1528.2377929688
 10
898.5740356444999
 20
1528.2377929688
  0
LWPOLYLINE
  5
1228
330
6F
100
AcDbEntity
  8
0
100
AcDbPolyline
 90
        2
 70
     0
 43
0.0
 10
959.1990356445
 20
1546.2878417969
 10
959.1990356445
 20
1534.2878417969
  0
LWPOLYLINE
  5
1234
330
6F
100
AcDbEntity
  8
0
100
AcDbPolyline
 90
        2
 70
     0
 43
0.0
 10
906.8115234375
 20
1489.1378173828
 10
906.8115234375
 20
1477.1378173828
  0
LWPOLYLINE
  5
1238
330
6F
100
AcDbEntity
  8
0
100
AcDbPolyline
 90
        2
 70
     0
 43
0.0
 10
889.0490722656
 20
1547.2878417969
 10
901.0490722655999
 20
1547.2878417969
  0
LWPOLYLINE
  5
1240
330
6F
100
AcDbEntity
  8
0
100
AcDbPolyline
 90
        2
 70
     0
 43
0.0
 10
972.4865722656
 20
1495.1877441406
 10
960.4865722655999
 20
1495.1877441406
  0
LWPOLYLINE
  5
124C
330
6F
100
AcDbEntity
  8
0
100
AcDbPolyline
 90
        2
 70
     0
 43
0.0
 10
824.7553710937999
 20
1457.0876464844
 10
839.1365966797
 20
1457.0876464844
  0
LWPOLYLINE
  5
1250
330
6F
100
AcDbEntity
  8
0
100
AcDbPolyline
 90
        2
 70
     0
 43
0.0
 10
1097.3115234375
 20
1470.0877685547
 10
1097.3115234375
 20
1458.0877685547
  0
LWPOLYLINE
  5
1258
330
6F
100
AcDbEntity
  8
0
100
AcDbPolyline
 90
        2
 70
     0
 43
0.0
 10
1025.8740234375
 20
1527.2377929688
 10
1025.8740234375
 20
1515.2377929688
  0
LWPOLYLINE
  5
125C
330
6F
100
AcDbEntity
  8
0
100
AcDbPolyline
 90
        2
 70
     0
 43
0.0
 10
881.1994628905999
 20
1573.1003417969
 10
947.9063720702999
 20
1573.1003417969
  0
LWPOLYLINE
  5
1260
330
6F
100
AcDbEntity
  8
0
100
AcDbPolyline
 90
        2
 70
     0
 43
0.0
 10
954.6990966797
 20
1457.0876464844
 10
949.6990966797
 20
1457.0876464844
  0
LWPOLYLINE
  5
1264
330
6F
100
AcDbEntity
  8
0
100
AcDbPolyline
 90
        2
 70
     0
 43
0.0
 10
1084.3115234375
 20
1471.0877685547
 10
1096.3115234375
 20
1471.0877685547
  0
LWPOLYLINE
  5
126C
330
6F
100
AcDbEntity
  8
0
100
AcDbPolyline
 90
        2
 70
     0
 43
0.0
 10
945.1990356445
 20
1546.2878417969
 10
945.1990356445
 20
1534.2878417969
  0
LWPOLYLINE
  5
1274
330
6F
100
AcDbEntity
  8
0
100
AcDbPolyline
 90
        2
 70
     0
 43
0.0
 10
965.2490844726999
 20
1547.2878417969
 10
977.2490844727
 20
1547.2878417969
  0
LWPOLYLINE
  5
127C
330
6F
100
AcDbEntity
  8
0
100
AcDbPolyline
 90
        2
 70
     0
 43
0.0
 10
935.6740722655999
 20
1570.1003417969
 10
935.6740722655999
 20
1558.1003417969
  0
LWPOLYLINE
  5
128C
330
6F
100
AcDbEntity
  8
0
100
AcDbPolyline
 90
        2
 70
     0
 43
0.0
 10
1096.3115234375
 20
1457.0877685547
 10
1084.3115234375
 20
1457.0877685547
  0
LWPOLYLINE
  5
129C
330
6F
100
AcDbEntity
  8
0
100
AcDbPolyline
 90
        2
 70
     0
 43
0.0
 10
980.6303710937999
 20
1470.0877685547
 10
980.6303710937999
 20
1458.0876464844
  0
LWPOLYLINE
  5
12A4
330
6F
100
AcDbEntity
  8
0
100
AcDbPolyline
 90
        2
 70
     0
 43
0.0
 10
989.0615844726999
 20
1490.1378173828
 10
1001.0615844727
 20
1490.1378173828
  0
LWPOLYLINE
  5
12AC
330
6F
100
AcDbEntity
  8
0
100
AcDbPolyline
 90
        2
 70
     0
 43
0.0
 10
1084.3115234375
 20
1571.1003417969
 10
1096.3115234375
 20
1571.1003417969
  0
LWPOLYLINE
  5
12B4
330
6F
100
AcDbEntity
  8
0
100
AcDbPolyline
 90
        2
 70
     0
 43
0.0
 10
988.0615844727
 20
1477.1378173828
 10
988.0615844727
 20
1489.1378173828
  0
LWPOLYLINE
  5
12B8
330
6F
100
AcDbEntity
  8
0
100
AcDbPolyline
 90
        2
 70
     0
 43
0.0
 10
1040.4528808594
 20
1558.1003417969
 10
1040.4528808594
 20
1570.1003417969
  0
LWPOLYLINE
  5
12D0
330
6F
100
AcDbEntity
  8
0
100
AcDbPolyline
 90
        2
 70
     0
 43
0.0
 10
867.9063720703
 20
1455.0876464844
 10
801.1995239258
 20
1455.0876464844
  0
LWPOLYLINE
  5
12D8
330
6F
100
AcDbEntity
  8
0
100
AcDbPolyline
 90
        2
 70
     0
 43
0.0
 10
1038.0668945313
 20
1510.1861572266
 10
1038.0673828125
 20
1513.2364501953
  0
LWPOLYLINE
  5
12DC
330
6F
100
AcDbEntity
  8
0
100
AcDbPolyline
 90
        2
 70
     0
 43
0.0
 10
993.8240356445
 20
1514.2377929688
 10
1005.8240356445
 20
1514.2377929688
  0
LWPOLYLINE
  5
12E4
330
6F
100
AcDbEntity
  8
0
100
AcDbPolyline
 90
        2
 70
     0
 43
0.0
 10
878.5240478516
 20
1515.2377929688
 10
878.5240478516
 20
1527.2377929688
  0
LWPOLYLINE
  5
12E8
330
6F
100
AcDbEntity
  8
0
100
AcDbPolyline
 90
        2
 70
     0
 43
0.0
 10
840.1365966796999
 20
1508.1877441406
 10
840.1365966796999
 20
1496.1877441406
  0
LWPOLYLINE
  5
12F0
330
6F
100
AcDbEntity
  8
0
100
AcDbPolyline
 90
        2
 70
     0
 43
0.0
 10
1121.1994628906
 20
1573.1003417969
 10
1136.4154052734
 20
1573.1003417969
  0
LWPOLYLINE
  5
12F4
330
6F
100
AcDbEntity
  8
0
100
AcDbPolyline
 90
        2
 70
     0
 43
0.0
 10
800.9428710937999
 20
1457.0876464844
 10
815.3240356445
 20
1457.0876464844
  0
LWPOLYLINE
  5
12FC
330
6F
100
AcDbEntity
  8
0
100
AcDbPolyline
 90
        2
 70
     0
 43
0.0
 10
1052.0642089844
 20
1493.9290771484
 10
1043.9465332031
 20
1493.9304199219
  0
LWPOLYLINE
  5
1304
330
6F
100
AcDbEntity
  8
0
100
AcDbPolyline
 90
        2
 70
     0
 43
0.0
 10
1052.068359375
 20
1519.1140136719
 10
1052.0666503906
 20
1509.1840820313
  0
LWPOLYLINE
  5
1310
330
6F
100
AcDbEntity
  8
0
100
AcDbPolyline
 90
        2
 70
     0
 43
0.0
 10
1097.3115234375
 20
1570.1003417969
 10
1097.3115234375
 20
1558.1003417969
  0
LWPOLYLINE
  5
1318
330
6F
100
AcDbEntity
  8
0
100
AcDbPolyline
 90
        2
 70
     0
 43
0.0
 10
982.0115356444999
 20
1490.1378173828
 10
970.0115356445
 20
1490.1378173828
  0
LWPOLYLINE
  5
131C
330
6F
100
AcDbEntity
  8
0
100
AcDbPolyline
 90
        2
 70
     0
 43
0.0
 10
850.9490356444999
 20
1533.2878417969
 10
862.9490356445
 20
1533.2878417969
  0
LWPOLYLINE
  5
1330
330
6F
100
AcDbEntity
  8
0
100
AcDbPolyline
 90
        2
 70
     0
 43
0.0
 10
855.7115478515999
 20
1490.1378173828
 10
867.7115478516
 20
1490.1378173828
  0
LWPOLYLINE
  5
1338
330
6F
100
AcDbEntity
  8
0
100
AcDbPolyline
 90
        2
 70
     0
 43
0.0
 10
777.1303100586
 20
1509.1877441406
 10
793.8953247069999
 20
1509.1877441406
  0
LWPOLYLINE
  5
133C
330
6F
100
AcDbEntity
  8
0
100
AcDbPolyline
 90
        2
 70
     0
 43
0.0
 10
962.9615478515999
 20
1476.1378173828
 10
950.9615478516
 20
1476.1378173828
  0
LWPOLYLINE
  5
1344
330
6F
100
AcDbEntity
  8
0
100
AcDbPolyline
 90
        2
 70
     0
 43
0.0
 10
911.8615722656
 20
1477.1378173828
 10
911.8615722656
 20
1489.1378173828
  0
LWPOLYLINE
  5
134C
330
6F
100
AcDbEntity
  8
0
100
AcDbPolyline
 90
        2
 70
     0
 43
0.0
 10
881.9990234375
 20
1571.1003417969
 10
869.9990234375
 20
1571.1003417969
  0
LWPOLYLINE
  5
1358
330
6F
100
AcDbEntity
  8
0
100
AcDbPolyline
 90
        2
 70
     0
 43
0.0
 10
811.8489990233999
 20
1534.2878417969
 10
811.8489990233999
 20
1546.2878417969
  0
LWPOLYLINE
  5
135C
330
6F
100
AcDbEntity
  8
0
100
AcDbPolyline
 90
        2
 70
     0
 43
0.0
 10
998.5865478516
 20
1509.1877441406
 10
1010.5865478516
 20
1509.1877441406
  0
LWPOLYLINE
  5
1368
330
6F
100
AcDbEntity
  8
0
100
AcDbPolyline
 90
        2
 70
     0
 43
0.0
 10
1078.2614746094
 20
1489.1376953125
 10
1078.2614746094
 20
1477.1376953125
  0
LWPOLYLINE
  5
136C
330
6F
100
AcDbEntity
  8
0
100
AcDbPolyline
 90
        2
 70
     0
 43
0.0
 10
773.7490234375
 20
1534.2878417969
 10
773.7490234375
 20
1546.2878417969
  0
LWPOLYLINE
  5
1374
330
6F
100
AcDbEntity
  8
0
100
AcDbPolyline
 90
        2
 70
     0
 43
0.0
 10
916.6240234374999
 20
1558.1003417969
 10
916.6240234374999
 20
1570.1003417969
  0
LWPOLYLINE
  5
1378
330
6F
100
AcDbEntity
  8
0
100
AcDbPolyline
 90
        2
 70
     0
 43
0.0
 10
898.5740356444999
 20
1557.1003417969
 10
910.5740356445
 20
1557.1003417969
  0
LWPOLYLINE
  5
137C
330
6F
100
AcDbEntity
  8
0
100
AcDbPolyline
 90
        2
 70
     0
 43
0.0
 10
873.4739990234
 20
1527.2377929688
 10
873.4739990234
 20
1515.2377929688
  0
LWPOLYLINE
  5
1380
330
6F
100
AcDbEntity
  8
0
100
AcDbPolyline
 90
        2
 70
     0
 43
0.0
 10
1040.3360595703
 20
1454.5876464844
 10
1038.4885253906
 20
1449.3127441406
  0
LWPOLYLINE
  5
1388
330
6F
100
AcDbEntity
  8
0
100
AcDbPolyline
 90
        2
 70
     0
 43
0.0
 10
841.4240722656
 20
1528.2377929688
 10
853.4240722655999
 20
1528.2377929688
  0
LWPOLYLINE
  5
138C
330
6F
100
AcDbEntity
  8
0
100
AcDbPolyline
 90
        2
 70
     0
 43
0.0
 10
831.8990478515999
 20
1557.1003417969
 10
843.8990478516
 20
1557.1003417969
  0
LWPOLYLINE
  5
1390
330
6F
100
AcDbEntity
  8
0
100
AcDbPolyline
 90
        2
 70
     0
 43
0.0
 10
958.1990356445
 20
1533.2878417969
 10
946.1990356444999
 20
1533.2878417969
  0
LWPOLYLINE
  5
1394
330
6F
100
AcDbEntity
  8
0
100
AcDbPolyline
 90
        2
 70
     0
 43
0.0
 10
1020.1340942383
 20
1493.9320068359
 10
1027.1340332031
 20
1493.9307861328
  0
LWPOLYLINE
  5
13A0
330
6F
100
AcDbEntity
  8
0
100
AcDbPolyline
 90
        2
 70
     0
 43
0.0
 10
805.7990722655999
 20
1533.2878417969
 10
793.7990722656
 20
1533.2878417969
  0
LWPOLYLINE
  5
13AC
330
6F
100
AcDbEntity
  8
0
100
AcDbPolyline
 90
        2
 70
     0
 43
0.0
 10
877.2365722655999
 20
1495.1877441406
 10
865.2365722656
 20
1495.1877441406
  0
LWPOLYLINE
  5
13B8
330
6F
100
AcDbEntity
  8
0
100
AcDbPolyline
 90
        2
 70
     0
 43
0.0
 10
869.9990234375
 20
1547.2878417969
 10
881.9990234375
 20
1547.2878417969
  0
LWPOLYLINE
  5
13C8
330
6F
100
AcDbEntity
  8
0
100
AcDbPolyline
 90
        2
 70
     0
 43
0.0
 10
854.7115478515999
 20
1477.1378173828
 10
854.7115478515999
 20
1489.1378173828
  0
LWPOLYLINE
  5
13CC
330
6F
100
AcDbEntity
  8
0
100
AcDbPolyline
 90
        2
 70
     0
 43
0.0
 10
1121.0935058594
 20
1495.8414306641
 10
1121.0935058594
 20
1554.3414306641
  0
LWPOLYLINE
  5
13D4
330
6F
100
AcDbEntity
  8
0
100
AcDbPolyline
 90
        2
 70
     0
 43
0.0
 10
787.7490234375
 20
1558.1003417969
 10
787.7490234375
 20
1570.1003417969
  0
LWPOLYLINE
  5
13D8
330
6F
100
AcDbEntity
  8
0
100
AcDbPolyline
 90
        2
 70
     0
 43
0.0
 10
972.4865722656
 20
1509.1877441406
 10
960.4865722655999
 20
1509.1877441406
  0
LWPOLYLINE
  5
13E0
330
6F
100
AcDbEntity
  8
0
100
AcDbPolyline
 90
        2
 70
     0
 43
0.0
 10
846.1865234375
 20
1495.1877441406
 10
858.1865234374999
 20
1495.1877441406
  0
LWPOLYLINE
  5
13EC
330
6F
100
AcDbEntity
  8
0
100
AcDbPolyline
 90
        2
 70
     0
 43
0.0
 10
1078.2614746094
 20
1458.0877685547
 10
1078.2614746094
 20
1470.0877685547
  0
LWPOLYLINE
  5
13F0
330
6F
100
AcDbEntity
  8
0
100
AcDbPolyline
 90
        2
 70
     0
 43
0.0
 10
1037.7802734375
 20
1477.1378173828
 10
1037.7802734375
 20
1489.1378173828
  0
LWPOLYLINE
  5
13FC
330
6F
100
AcDbEntity
  8
0
100
AcDbPolyline
 90
        2
 70
     0
 43
0.0
 10
1048.7341308594
 20
1528.2346191406
 10
1052.3275146484
 20
1528.2340087891
  0
LWPOLYLINE
  5
140C
330
6F
100
AcDbEntity
  8
0
100
AcDbPolyline
 90
        2
 70
     0
 43
0.0
 10
979.6303710938
 20
1457.0876464844
 10
967.6303710938
 20
1457.0876464844
  0
LWPOLYLINE
  5
1410
330
6F
100
AcDbEntity
  8
0
100
AcDbPolyline
 90
        2
 70
     0
 43
0.0
 10
829.6115722655999
 20
1476.1378173828
 10
817.6115722656
 20
1476.1378173828
  0
LWPOLYLINE
  5
1418
330
6F
100
AcDbEntity
  8
0
100
AcDbPolyline
 90
        2
 70
     0
 43
0.0
 10
926.1490478516
 20
1534.2878417969
 10
926.1490478516
 20
1546.2878417969
  0
LWPOLYLINE
  5
141C
330
6F
100
AcDbEntity
  8
0
100
AcDbPolyline
 90
        2
 70
     0
 43
0.0
 10
1121.0935058594
 20
1554.3414306641
 10
1074.0935058594
 20
1554.3414306641
  0
LWPOLYLINE
  5
1428
330
6F
100
AcDbEntity
  8
0
100
AcDbPolyline
 90
        2
 70
     0
 43
0.0
 10
1016.3424072266
 20
1492.1378173828
 10
1021.3424072266
 20
1492.1378173828
  0
LWPOLYLINE
  5
142C
330
6F
100
AcDbEntity
  8
0
100
AcDbPolyline
 90
        2
 70
     0
 43
0.0
 10
899.4740600586
 20
1554.0939941406
 10
966.8240356445
 20
1554.0939941406
  0
LWPOLYLINE
  5
1438
330
6F
100
AcDbEntity
  8
0
100
AcDbPolyline
 90
        2
 70
     0
 43
0.0
 10
884.2864990234
 20
1509.1877441406
 10
896.2864990233999
 20
1509.1877441406
  0
LWPOLYLINE
  5
143C
330
6F
100
AcDbEntity
  8
0
100
AcDbPolyline
 90
        2
 70
     0
 43
0.0
 10
880.3334960938
 20
1454.5876464844
 10
878.4859619141
 20
1449.3127441406
  0
LWPOLYLINE
  5
1440
330
6F
100
AcDbEntity
  8
0
100
AcDbPolyline
 90
        2
 70
     0
 43
0.0
 10
959.4865722655999
 20
1508.1877441406
 10
959.4865722655999
 20
1496.1877441406
  0
LWPOLYLINE
  5
1444
330
6F
100
AcDbEntity
  8
0
100
AcDbPolyline
 90
        2
 70
     0
 43
0.0
 10
1039.2185058594
 20
1475.1378173828
 10
1039.2185058594
 20
1491.1378173828
  0
LWPOLYLINE
  5
1448
330
6F
100
AcDbEntity
  8
0
100
AcDbPolyline
 90
        2
 70
     0
 43
0.0
 10
859.1865234374999
 20
1496.1877441406
 10
859.1865234374999
 20
1508.1877441406
  0
LWPOLYLINE
  5
1458
330
6F
100
AcDbEntity
  8
0
100
AcDbPolyline
 90
        2
 70
     0
 43
0.0
 10
1006.8240356445
 20
1515.2377929688
 10
1006.8240356445
 20
1527.2377929688
  0
LWPOLYLINE
  5
1468
330
6F
100
AcDbEntity
  8
0
100
AcDbPolyline
 90
        2
 70
     0
 43
0.0
 10
982.0115356444999
 20
1476.1378173828
 10
970.0115356445
 20
1476.1378173828
  0
LWPOLYLINE
  5
146C
330
6F
100
AcDbEntity
  8
0
100
AcDbPolyline
 90
        2
 70
     0
 43
0.0
 10
1052.3620605469
 20
1531.2878417969
 10
1047.3620605469
 20
1531.2878417969
  0
LWPOLYLINE
  5
147C
330
6F
100
AcDbEntity
  8
0
100
AcDbPolyline
 90
        2
 70
     0
 43
0.0
 10
816.3240356444999
 20
1470.0877685547
 10
816.3240356444999
 20
1458.0876464844
  0
LWPOLYLINE
  5
1488
330
6F
100
AcDbEntity
  8
0
100
AcDbPolyline
 90
        2
 70
     0
 43
0.0
 10
974.7490844727
 20
1472.0877685547
 10
974.7490844727
 20
1471.0877685547
  0
LWPOLYLINE
  5
1494
330
6F
100
AcDbEntity
  8
0
100
AcDbPolyline
 90
        2
 70
     0
 43
0.0
 10
979.5365600586
 20
1509.1877441406
 10
991.5365600586
 20
1509.1877441406
  0
LWPOLYLINE
  5
1498
330
6F
100
AcDbEntity
  8
0
100
AcDbPolyline
 90
        2
 70
     0
 43
0.0
 10
899.4740600586
 20
1550.2940673828
 10
966.8240356445
 20
1550.2940673828
  0
LWPOLYLINE
  5
14A0
330
6F
100
AcDbEntity
  8
0
100
AcDbPolyline
 90
        2
 70
     0
 43
0.0
 10
1028.7724609375
 20
1573.6003417969
 10
1030.6198730469
 20
1578.8752441406
  0
LWPOLYLINE
  5
14A4
330
6F
100
AcDbEntity
  8
0
100
AcDbPolyline
 90
        2
 70
     0
 43
0.0
 10
868.9990234375001
 20
1546.2878417969
 10
868.9990234375001
 20
1534.2878417969
  0
LWPOLYLINE
  5
14A8
330
6F
100
AcDbEntity
  8
0
100
AcDbPolyline
 90
        2
 70
     0
 43
0.0
 10
1110.6225585938
 20
1449.3127441406
 10
1108.7749023438
 20
1454.5876464844
  0
LWPOLYLINE
  5
14AC
330
6F
100
AcDbEntity
  8
0
100
AcDbPolyline
 90
        2
 70
     0
 43
0.0
 10
831.8990478515999
 20
1533.2878417969
 10
843.8990478516
 20
1533.2878417969
  0
LWPOLYLINE
  5
14B8
330
6F
100
AcDbEntity
  8
0
100
AcDbPolyline
 90
        2
 70
     0
 43
0.0
 10
1011.8740844727
 20
1527.2377929688
 10
1011.8740844727
 20
1515.2377929688
  0
LWPOLYLINE
  5
14C0
330
6F
100
AcDbEntity
  8
0
100
AcDbPolyline
 90
        2
 70
     0
 43
0.0
 10
1083.3115234375
 20
1558.1003417969
 10
1083.3115234375
 20
1570.1003417969
  0
LWPOLYLINE
  5
14D0
330
6F
100
AcDbEntity
  8
0
100
AcDbPolyline
 90
        2
 70
     0
 43
0.0
 10
921.0991210938001
 20
1458.0876464844
 10
921.0991210938001
 20
1470.0877685547
  0
LWPOLYLINE
  5
14D8
330
6F
100
AcDbEntity
  8
0
100
AcDbPolyline
 90
        2
 70
     0
 43
0.0
 10
1028.2553710938
 20
1470.0877685547
 10
1028.2553710938
 20
1458.0876464844
  0
LWPOLYLINE
  5
14E4
330
6F
100
AcDbEntity
  8
0
100
AcDbPolyline
 90
        2
 70
     0
 43
0.0
 10
892.5240478516
 20
1527.2377929688
 10
892.5240478516
 20
1515.2377929688
  0
LWPOLYLINE
  5
14E8
330
6F
100
AcDbEntity
  8
0
100
AcDbPolyline
 90
        2
 70
     0
 43
0.0
 10
1041.1994628906
 20
1573.1003417969
 10
1107.9063720703
 20
1573.1003417969
  0
LWPOLYLINE
  5
14EC
330
6F
100
AcDbEntity
  8
0
100
AcDbPolyline
 90
        2
 70
     0
 43
0.0
 10
1019.1342773438
 20
1494.9321289063
 10
1019.1343383789
 20
1495.1856689453
  0
LWPOLYLINE
  5
14F4
330
6F
100
AcDbEntity
  8
0
100
AcDbPolyline
 90
        2
 70
     0
 43
0.0
 10
1002.3490600586
 20
1558.1003417969
 10
1002.3490600586
 20
1570.1003417969
  0
LWPOLYLINE
  5
14FC
330
6F
100
AcDbEntity
  8
0
100
AcDbPolyline
 90
        2
 70
     0
 43
0.0
 10
1011.5865478516
 20
1496.1877441406
 10
1011.5865478516
 20
1508.1877441406
  0
LWPOLYLINE
  5
1508
330
6F
100
AcDbEntity
  8
0
100
AcDbPolyline
 90
        2
 70
     0
 43
0.0
 10
1054.4528808594
 20
1477.1378173828
 10
1054.4528808594
 20
1489.1378173828
  0
LWPOLYLINE
  5
1510
330
6F
100
AcDbEntity
  8
0
100
AcDbPolyline
 90
        2
 70
     0
 43
0.0
 10
1051.0678710938
 20
1457.0876464844
 10
1036.6865234375
 20
1457.0876464844
  0
LWPOLYLINE
  5
1528
330
6F
100
AcDbEntity
  8
0
100
AcDbPolyline
 90
        2
 70
     0
 43
0.0
 10
787.9063720702999
 20
1455.0876464844
 10
772.7588500977
 20
1455.0883789063
  0
LWPOLYLINE
  5
152C
330
6F
100
AcDbEntity
  8
0
100
AcDbPolyline
 90
        2
 70
     0
 43
0.0
 10
1035.6865234375
 20
1470.0877685547
 10
1035.6865234375
 20
1458.0876464844
  0
LWPOLYLINE
  5
1530
330
6F
100
AcDbEntity
  8
0
100
AcDbPolyline
 90
        2
 70
     0
 43
0.0
 10
778.5115356444999
 20
1515.2377929688
 10
778.5115356444999
 20
1527.2377929688
  0
LWPOLYLINE
  5
1534
330
6F
100
AcDbEntity
  8
0
100
AcDbPolyline
 90
        2
 70
     0
 43
0.0
 10
860.4490966796999
 20
1458.0876464844
 10
860.4490966796999
 20
1472.0877685547
  0
LWPOLYLINE
  5
1548
330
6F
100
AcDbEntity
  8
0
100
AcDbPolyline
 90
        2
 70
     0
 43
0.0
 10
1014.2553710938
 20
1489.1378173828
 10
1014.2553710938
 20
1477.1378173828
  0
LWPOLYLINE
  5
154C
330
6F
100
AcDbEntity
  8
0
100
AcDbPolyline
 90
        2
 70
     0
 43
0.0
 10
1015.3424072266
 20
1475.1378173828
 10
1015.3424072266
 20
1476.1378173828
  0
LWPOLYLINE
  5
1550
330
6F
100
AcDbEntity
  8
0
100
AcDbPolyline
 90
        2
 70
     0
 43
0.0
 10
1116.3615722656
 20
1477.1376953125
 10
1116.3615722656
 20
1489.1376953125
  0
LWPOLYLINE
  5
1554
330
6F
100
AcDbEntity
  8
0
100
AcDbPolyline
 90
        2
 70
     0
 43
0.0
 10
886.7615356445
 20
1476.1378173828
 10
874.7615356444999
 20
1476.1378173828
  0
LWPOLYLINE
  5
155C
330
6F
100
AcDbEntity
  8
0
100
AcDbPolyline
 90
        2
 70
     0
 43
0.0
 10
1102.3615722656
 20
1458.0877685547
 10
1102.3615722656
 20
1470.0877685547
  0
LWPOLYLINE
  5
1564
330
6F
100
AcDbEntity
  8
0
100
AcDbPolyline
 90
        2
 70
     0
 43
0.0
 10
967.7240600585999
 20
1571.1003417969
 10
955.7240600586
 20
1571.1003417969
  0
LWPOLYLINE
  5
1568
330
6F
100
AcDbEntity
  8
0
100
AcDbPolyline
 90
        2
 70
     0
 43
0.0
 10
1053.1081542969
 20
1505.6556396484
 10
1053.1064453125
 20
1495.1838378906
  0
LWPOLYLINE
  5
1570
330
6F
100
AcDbEntity
  8
0
100
AcDbPolyline
 90
        2
 70
     0
 43
0.0
 10
916.3365478516
 20
1496.1877441406
 10
916.3365478516
 20
1508.1877441406
  0
LWPOLYLINE
  5
157C
330
6F
100
AcDbEntity
  8
0
100
AcDbPolyline
 90
        2
 70
     0
 43
0.0
 10
892.8115234374999
 20
1489.1378173828
 10
892.8115234374999
 20
1477.1378173828
  0
LWPOLYLINE
  5
1588
330
6F
100
AcDbEntity
  8
0
100
AcDbPolyline
 90
        2
 70
     0
 43
0.0
 10
1053.1081542969
 20
1505.6556396484
 10
1053.0665283203
 20
1508.1838378906
  0
LWPOLYLINE
  5
158C
330
6F
100
AcDbEntity
  8
0
100
AcDbPolyline
 90
        2
 70
     0
 43
0.0
 10
996.2990722656
 20
1571.1003417969
 10
984.2990722655999
 20
1571.1003417969
  0
LWPOLYLINE
  5
1590
330
6F
100
AcDbEntity
  8
0
100
AcDbPolyline
 90
        2
 70
     0
 43
0.0
 10
1022.3424072266
 20
1476.1378173828
 10
1022.3424072266
 20
1475.1378173828
  0
LWPOLYLINE
  5
159C
330
6F
100
AcDbEntity
  8
0
100
AcDbPolyline
 90
        2
 70
     0
 43
0.0
 10
1096.3115234375
 20
1490.1376953125
 10
1084.3115234375
 20
1490.1376953125
  0
LWPOLYLINE
  5
15A0
330
6F
100
AcDbEntity
  8
0
100
AcDbPolyline
 90
        2
 70
     0
 43
0.0
 10
956.2694702148
 20
1448.0633544922
 10
952.7335815429999
 20
1448.0633544922
  0
LWPOLYLINE
  5
15A8
330
6F
100
AcDbEntity
  8
0
100
AcDbPolyline
 90
        2
 70
     0
 43
0.0
 10
960.3334960937999
 20
1454.5876464844
 10
958.4859619140999
 20
1449.3127441406
  0
LWPOLYLINE
  5
15AC
330
6F
100
AcDbEntity
  8
0
100
AcDbPolyline
 90
        2
 70
     0
 43
0.0
 10
1035.4117431641
 20
1558.1003417969
 10
1035.4117431641
 20
1570.1003417969
  0
LWPOLYLINE
  5
15B8
330
6F
100
AcDbEntity
  8
0
100
AcDbPolyline
 90
        2
 70
     0
 43
0.0
 10
949.9615478516
 20
1477.1378173828
 10
949.9615478516
 20
1489.1378173828
  0
LWPOLYLINE
  5
15BC
330
6F
100
AcDbEntity
  8
0
100
AcDbPolyline
 90
        2
 70
     0
 43
0.0
 10
868.9990234375001
 20
1558.1003417969
 10
868.9990234375001
 20
1570.1003417969
  0
LWPOLYLINE
  5
15C0
330
6F
100
AcDbEntity
  8
0
100
AcDbPolyline
 90
        2
 70
     0
 43
0.0
 10
930.6240234375
 20
1558.1003417969
 10
930.6240234375
 20
1570.1003417969
  0
LWPOLYLINE
  5
15C4
330
6F
100
AcDbEntity
  8
0
100
AcDbPolyline
 90
        2
 70
     0
 43
0.0
 10
777.1303100586
 20
1457.0876464844
 10
791.5115966796999
 20
1457.0876464844
  0
LWPOLYLINE
  5
15D0
330
6F
100
AcDbEntity
  8
0
100
AcDbPolyline
 90
        2
 70
     0
 43
0.0
 10
1026.107421875
 20
1511.1856689453
 10
1021.1074829102
 20
1511.1856689453
  0
LWPOLYLINE
  5
15D4
330
6F
100
AcDbEntity
  8
0
100
AcDbPolyline
 90
        2
 70
     0
 43
0.0
 10
1074.0935058594
 20
1554.3414306641
 10
1074.0935058594
 20
1495.8414306641
  0
LWPOLYLINE
  5
15D8
330
6F
100
AcDbEntity
  8
0
100
AcDbPolyline
 90
        2
 70
     0
 43
0.0
 10
1027.2553710938
 20
1471.0877685547
 10
1012.8740844727
 20
1471.0877685547
  0
LWPOLYLINE
  5
15E0
330
6F
100
AcDbEntity
  8
0
100
AcDbPolyline
 90
        2
 70
     0
 43
0.0
 10
1046.2185058594
 20
1490.1378173828
 10
1053.455078125
 20
1490.1378173828
  0
LWPOLYLINE
  5
15E8
330
6F
100
AcDbEntity
  8
0
100
AcDbPolyline
 90
        2
 70
     0
 43
0.0
 10
949.6740722655999
 20
1558.1003417969
 10
949.6740722655999
 20
1570.1003417969
  0
LWPOLYLINE
  5
15F0
330
6F
100
AcDbEntity
  8
0
100
AcDbPolyline
 90
        2
 70
     0
 43
0.0
 10
996.2990722656
 20
1557.1003417969
 10
984.2990722655999
 20
1557.1003417969
  0
LWPOLYLINE
  5
1600
330
6F
100
AcDbEntity
  8
0
100
AcDbPolyline
 90
        2
 70
     0
 43
0.0
 10
1046.2185058594
 20
1475.1378173828
 10
1046.2185058594
 20
1476.1378173828
  0
LWPOLYLINE
  5
1608
330
6F
100
AcDbEntity
  8
0
100
AcDbPolyline
 90
        2
 70
     0
 43
0.0
 10
977.2490844727
 20
1533.2878417969
 10
965.2490844726999
 20
1533.2878417969
  0
LWPOLYLINE
  5
160C
330
6F
100
AcDbEntity
  8
0
100
AcDbPolyline
 90
        2
 70
     0
 43
0.0
 10
898.5740356444999
 20
1514.2377929688
 10
910.5740356445
 20
1514.2377929688
  0
LWPOLYLINE
  5
1614
330
6F
100
AcDbEntity
  8
0
100
AcDbPolyline
 90
        2
 70
     0
 43
0.0
 10
864.2365722656
 20
1496.1877441406
 10
864.2365722656
 20
1508.1877441406
  0
LWPOLYLINE
  5
1618
330
6F
100
AcDbEntity
  8
0
100
AcDbPolyline
 90
        2
 70
     0
 43
0.0
 10
1077.2614746094
 20
1471.0877685547
 10
1065.2615966797
 20
1471.0877685547
  0
LWPOLYLINE
  5
161C
330
6F
100
AcDbEntity
  8
0
100
AcDbPolyline
 90
        2
 70
     0
 43
0.0
 10
792.5115966797
 20
1458.0876464844
 10
792.5115966797
 20
1470.0877685547
  0
LWPOLYLINE
  5
1624
330
6F
100
AcDbEntity
  8
0
100
AcDbPolyline
 90
        2
 70
     0
 43
0.0
 10
954.7240600586
 20
1570.1003417969
 10
954.7240600586
 20
1558.1003417969
  0
LWPOLYLINE
  5
1634
330
6F
100
AcDbEntity
  8
0
100
AcDbPolyline
 90
        2
 70
     0
 43
0.0
 10
792.7990722656
 20
1546.2878417969
 10
792.7990722656
 20
1534.2878417969
  0
LWPOLYLINE
  5
1640
330
6F
100
AcDbEntity
  8
0
100
AcDbPolyline
 90
        2
 70
     0
 43
0.0
 10
989.0615844726999
 20
1471.0877685547
 10
1003.4428710938
 20
1471.0877685547
  0
LWPOLYLINE
  5
1650
330
6F
100
AcDbEntity
  8
0
100
AcDbPolyline
 90
        2
 70
     0
 43
0.0
 10
881.0990600586
 20
1550.2940673828
 10
813.7490234375
 20
1550.2940673828
  0
LWPOLYLINE
  5
1658
330
6F
100
AcDbEntity
  8
0
100
AcDbPolyline
 90
        2
 70
     0
 43
0.0
 10
854.4240722655999
 20
1515.2377929688
 10
854.4240722655999
 20
1527.2377929688
  0
LWPOLYLINE
  5
165C
330
6F
100
AcDbEntity
  8
0
100
AcDbPolyline
 90
        2
 70
     0
 43
0.0
 10
1042.8427734375
 20
1528.2355957031
 10
1048.6892089844
 20
1528.2355957031
  0
LWPOLYLINE
  5
1660
330
6F
100
AcDbEntity
  8
0
100
AcDbPolyline
 90
        2
 70
     0
 43
0.0
 10
878.4859619141
 20
1578.8752441406
 10
880.3334960938
 20
1573.6003417969
  0
LWPOLYLINE
  5
1664
330
6F
100
AcDbEntity
  8
0
100
AcDbPolyline
 90
        2
 70
     0
 43
0.0
 10
1015.3490600586
 20
1571.1003417969
 10
1003.3490600586
 20
1571.1003417969
  0
LWPOLYLINE
  5
1668
330
6F
100
AcDbEntity
  8
0
100
AcDbPolyline
 90
        2
 70
     0
 43
0.0
 10
964.2490844726999
 20
1546.2878417969
 10
964.2490844726999
 20
1534.2878417969
  0
LWPOLYLINE
  5
1670
330
6F
100
AcDbEntity
  8
0
100
AcDbPolyline
 90
        2
 70
     0
 43
0.0
 10
821.0865478516
 20
1508.1877441406
 10
821.0865478516
 20
1496.1877441406
  0
LWPOLYLINE
  5
1678
330
6F
100
AcDbEntity
  8
0
100
AcDbPolyline
 90
        2
 70
     0
 43
0.0
 10
872.7849731444999
 20
1580.1252441406
 10
876.3209228516
 20
1580.1252441406
  0
LWPOLYLINE
  5
167C
330
6F
100
AcDbEntity
  8
0
100
AcDbPolyline
 90
        2
 70
     0
 43
0.0
 10
1052.0678710938
 20
1470.0877685547
 10
1052.0678710938
 20
1458.0876464844
  0
LWPOLYLINE
  5
1688
330
6F
100
AcDbEntity
  8
0
100
AcDbPolyline
 90
        2
 70
     0
 43
0.0
 10
867.7115478516
 20
1476.1378173828
 10
855.7115478515999
 20
1476.1378173828
  0
LWPOLYLINE
  5
168C
330
6F
100
AcDbEntity
  8
0
100
AcDbPolyline
 90
        2
 70
     0
 43
0.0
 10
948.6740722656
 20
1528.2377929688
 10
936.6740722656
 20
1528.2377929688
  0
LWPOLYLINE
  5
1694
330
6F
100
AcDbEntity
  8
0
100
AcDbPolyline
 90
        2
 70
     0
 43
0.0
 10
1021.4117431641
 20
1570.1003417969
 10
1021.4117431641
 20
1558.1003417969
  0
LWPOLYLINE
  5
16A0
330
6F
100
AcDbEntity
  8
0
100
AcDbPolyline
 90
        2
 70
     0
 43
0.0
 10
813.7490234375
 20
1554.0939941406
 10
881.0990600586
 20
1554.0939941406
  0
LWPOLYLINE
  5
16A4
330
6F
100
AcDbEntity
  8
0
100
AcDbPolyline
 90
        2
 70
     0
 43
0.0
 10
967.7240600585999
 20
1557.1003417969
 10
955.7240600586
 20
1557.1003417969
  0
LWPOLYLINE
  5
16B0
330
6F
100
AcDbEntity
  8
0
100
AcDbPolyline
 90
        2
 70
     0
 43
0.0
 10
816.3240356444999
 20
1515.2377929688
 10
816.3240356444999
 20
1527.2377929688
  0
LWPOLYLINE
  5
16B8
330
6F
100
AcDbEntity
  8
0
100
AcDbPolyline
 90
        2
 70
     0
 43
0.0
 10
935.6740722655999
 20
1527.2377929688
 10
935.6740722655999
 20
1515.2377929688
  0
LWPOLYLINE
  5
16C0
330
6F
100
AcDbEntity
  8
0
100
AcDbPolyline
 90
        2
 70
     0
 43
0.0
 10
850.9490356444999
 20
1557.1003417969
 10
862.9490356445
 20
1557.1003417969
  0
LWPOLYLINE
  5
16C4
330
6F
100
AcDbEntity
  8
0
100
AcDbPolyline
 90
        2
 70
     0
 43
0.0
 10
897.5740356444999
 20
1515.2377929688
 10
897.5740356444999
 20
1527.2377929688
  0
LWPOLYLINE
  5
16D0
330
6F
100
AcDbEntity
  8
0
100
AcDbPolyline
 90
        2
 70
     0
 43
0.0
 10
1135.4154052734
 20
1570.1003417969
 10
1135.4154052734
 20
1558.1003417969
  0
LWPOLYLINE
  5
16E8
330
6F
100
AcDbEntity
  8
0
100
AcDbPolyline
 90
        2
 70
     0
 43
0.0
 10
983.2990722655999
 20
1558.1003417969
 10
983.2990722655999
 20
1570.1003417969
  0
LWPOLYLINE
  5
16F4
330
6F
100
AcDbEntity
  8
0
100
AcDbPolyline
 90
        2
 70
     0
 43
0.0
 10
1028.1342773438
 20
1494.9306640625
 10
1028.1342773438
 20
1495.1856689453
  0
LWPOLYLINE
  5
16F8
330
6F
100
AcDbEntity
  8
0
100
AcDbPolyline
 90
        2
 70
     0
 43
0.0
 10
849.9490356444999
 20
1534.2878417969
 10
849.9490356444999
 20
1546.2878417969
  0
LWPOLYLINE
  5
1700
330
6F
100
AcDbEntity
  8
0
100
AcDbPolyline
 90
        2
 70
     0
 43
0.0
 10
787.7490234375
 20
1534.2878417969
 10
787.7490234375
 20
1546.2878417969
  0
LWPOLYLINE
  5
1708
330
6F
100
AcDbEntity
  8
0
100
AcDbPolyline
 90
        2
 70
     0
 43
0.0
 10
839.1365966797
 20
1471.0877685547
 10
824.7553710937999
 20
1471.0877685547
  0
LWPOLYLINE
  5
171C
330
6F
100
AcDbEntity
  8
0
100
AcDbPolyline
 90
        2
 70
     0
 43
0.0
 10
886.7615356445
 20
1490.1378173828
 10
874.7615356444999
 20
1490.1378173828
  0
LWPOLYLINE
  5
1724
330
6F
100
AcDbEntity
  8
0
100
AcDbPolyline
 90
        2
 70
     0
 43
0.0
 10
943.9114990233999
 20
1490.1378173828
 10
931.9114990234
 20
1490.1378173828
  0
LWPOLYLINE
  5
1728
330
6F
100
AcDbEntity
  8
0
100
AcDbPolyline
 90
        2
 70
     0
 43
0.0
 10
935.3865356445
 20
1496.1877441406
 10
935.3865356445
 20
1508.1877441406
  0
LWPOLYLINE
  5
1734
330
6F
100
AcDbEntity
  8
0
100
AcDbPolyline
 90
        2
 70
     0
 43
0.0
 10
868.7723999022999
 20
1573.6003417969
 10
870.6199340819999
 20
1578.8752441406
  0
LWPOLYLINE
  5
173C
330
6F
100
AcDbEntity
  8
0
100
AcDbPolyline
 90
        2
 70
     0
 43
0.0
 10
985.1990356445
 20
1554.0939941406
 10
1052.5529785156
 20
1554.0939941406
  0
LWPOLYLINE
  5
1744
330
6F
100
AcDbEntity
  8
0
100
AcDbPolyline
 90
        2
 70
     0
 43
0.0
 10
947.9063720702999
 20
1455.0876464844
 10
881.1995239257999
 20
1455.0876464844
  0
LWPOLYLINE
  5
1748
330
6F
100
AcDbEntity
  8
0
100
AcDbPolyline
 90
        2
 70
     0
 43
0.0
 10
834.3740234374999
 20
1528.2377929688
 10
822.3740234375
 20
1528.2377929688
  0
LWPOLYLINE
  5
174C
330
6F
100
AcDbEntity
  8
0
100
AcDbPolyline
 90
        2
 70
     0
 43
0.0
 10
917.6240234374999
 20
1528.2377929688
 10
929.6240234375
 20
1528.2377929688
  0
LWPOLYLINE
  5
1750
330
6F
100
AcDbEntity
  8
0
100
AcDbPolyline
 90
        2
 70
     0
 43
0.0
 10
873.7615356444999
 20
1477.1378173828
 10
873.7615356444999
 20
1489.1378173828
  0
LWPOLYLINE
  5
1760
330
6F
100
AcDbEntity
  8
0
100
AcDbPolyline
 90
        2
 70
     0
 43
0.0
 10
1002.0615844727
 20
1489.1378173828
 10
1002.0615844727
 20
1477.1378173828
  0
LWPOLYLINE
  5
1768
330
6F
100
AcDbEntity
  8
0
100
AcDbPolyline
 90
        2
 70
     0
 43
0.0
 10
888.0490722656
 20
1546.2878417969
 10
888.0490722656
 20
1534.2878417969
  0
LWPOLYLINE
  5
1778
330
6F
100
AcDbEntity
  8
0
100
AcDbPolyline
 90
        2
 70
     0
 43
0.0
 10
1004.4428710938
 20
1470.0877685547
 10
1004.4428710938
 20
1458.0876464844
  0
LWPOLYLINE
  5
177C
330
6F
100
AcDbEntity
  8
0
100
AcDbPolyline
 90
        2
 70
     0
 43
0.0
 10
1046.2185058594
 20
1476.1378173828
 10
1053.4528808594
 20
1476.1378173828
  0
LWPOLYLINE
  5
1780
330
6F
100
AcDbEntity
  8
0
100
AcDbPolyline
 90
        2
 70
     0
 43
0.0
 10
881.9990234375
 20
1533.2878417969
 10
869.9990234375
 20
1533.2878417969
  0
LWPOLYLINE
  5
1788
330
6F
100
AcDbEntity
  8
0
100
AcDbPolyline
 90
        2
 70
     0
 43
0.0
 10
1041.4528808594
 20
1571.1003417969
 10
1053.4528808594
 20
1571.1003417969
  0
LWPOLYLINE
  5
178C
330
6F
100
AcDbEntity
  8
0
100
AcDbPolyline
 90
        2
 70
     0
 43
0.0
 10
991.5365600586
 20
1495.1877441406
 10
979.5365600586
 20
1495.1877441406
  0
LWPOLYLINE
  5
179C
330
6F
100
AcDbEntity
  8
0
100
AcDbPolyline
 90
        2
 70
     0
 43
0.0
 10
1118.4859619141
 20
1578.8752441406
 10
1120.3334960938
 20
1573.6003417969
  0
LWPOLYLINE
  5
17A4
330
6F
100
AcDbEntity
  8
0
100
AcDbPolyline
 90
        2
 70
     0
 43
0.0
 10
1016.3490600586
 20
1546.2878417969
 10
1016.3490600586
 20
1534.2878417969
  0
LWPOLYLINE
  5
17B8
330
6F
100
AcDbEntity
  8
0
100
AcDbPolyline
 90
        2
 70
     0
 43
0.0
 10
998.5865478516
 20
1495.1877441406
 10
1010.5865478516
 20
1495.1877441406
  0
LWPOLYLINE
  5
17C8
330
6F
100
AcDbEntity
  8
0
100
AcDbPolyline
 90
        2
 70
     0
 43
0.0
 10
771.7588500977
 20
1456.0883789063
 10
771.7519531249999
 20
1572.1003417969
  0
LWPOLYLINE
  5
17D0
330
6F
100
AcDbEntity
  8
0
100
AcDbPolyline
 90
        2
 70
     0
 43
0.0
 10
948.6990966797
 20
1472.0877685547
 10
948.6990966797
 20
1458.0876464844
  0
LWPOLYLINE
  5
17D4
330
6F
100
AcDbEntity
  8
0
100
AcDbPolyline
 90
        2
 70
     0
 43
0.0
 10
929.6240234375
 20
1514.2377929688
 10
917.6240234374999
 20
1514.2377929688
  0
LWPOLYLINE
  5
17D8
330
6F
100
AcDbEntity
  8
0
100
AcDbPolyline
 90
        2
 70
     0
 43
0.0
 10
825.8489990234
 20
1570.1003417969
 10
825.8489990234
 20
1558.1003417969
  0
LWPOLYLINE
  5
17E4
330
6F
100
AcDbEntity
  8
0
100
AcDbPolyline
 90
        2
 70
     0
 43
0.0
 10
950.619934082
 20
1449.3127441406
 10
948.7723999023
 20
1454.5876464844
  0
LWPOLYLINE
  5
17E8
330
6F
100
AcDbEntity
  8
0
100
AcDbPolyline
 90
        2
 70
     0
 43
0.0
 10
920.0991210937999
 20
1471.0877685547
 10
896.1991577147999
 20
1471.0877685547
  0
LWPOLYLINE
  5
17EC
330
6F
100
AcDbEntity
  8
0
100
AcDbPolyline
 90
        2
 70
     0
 43
0.0
 10
984.2990722655999
 20
1547.2878417969
 10
996.2990722656
 20
1547.2878417969
  0
LWPOLYLINE
  5
17F4
330
6F
100
AcDbEntity
  8
0
100
AcDbPolyline
 90
        2
 70
     0
 43
0.0
 10
985.1990356445
 20
1550.2940673828
 10
1052.5529785156
 20
1550.2940673828
  0
LWPOLYLINE
  5
17F8
330
6F
100
AcDbEntity
  8
0
100
AcDbPolyline
 90
        2
 70
     0
 43
0.0
 10
825.8489990234
 20
1546.2878417969
 10
825.8489990234
 20
1534.2878417969
  0
LWPOLYLINE
  5
1800
330
6F
100
AcDbEntity
  8
0
100
AcDbPolyline
 90
        2
 70
     0
 43
0.0
 10
817.6115722656
 20
1490.1378173828
 10
829.6115722655999
 20
1490.1378173828
  0
LWPOLYLINE
  5
1808
330
6F
100
AcDbEntity
  8
0
100
AcDbPolyline
 90
        2
 70
     0
 43
0.0
 10
896.1991577147999
 20
1457.0876464844
 10
920.0991210937999
 20
1457.0876464844
  0
LWPOLYLINE
  5
1810
330
6F
100
AcDbEntity
  8
0
100
AcDbPolyline
 90
        2
 70
     0
 43
0.0
 10
1002.3490600586
 20
1534.2878417969
 10
1002.3490600586
 20
1546.2878417969
  0
LWPOLYLINE
  5
1818
330
6F
100
AcDbEntity
  8
0
100
AcDbPolyline
 90
        2
 70
     0
 43
0.0
 10
872.4739990233999
 20
1528.2377929688
 10
860.4739990234
 20
1528.2377929688
  0
LWPOLYLINE
  5
181C
330
6F
100
AcDbEntity
  8
0
100
AcDbPolyline
 90
        2
 70
     0
 43
0.0
 10
1036.3234863281
 20
1448.0627441406
 10
1032.7875976563
 20
1448.0627441406
  0
LWPOLYLINE
  5
1824
330
6F
100
AcDbEntity
  8
0
100
AcDbPolyline
 90
        2
 70
     0
 43
0.0
 10
1136.4154052734
 20
1455.0876464844
 10
1121.2021484375
 20
1455.0876464844
  0
LWPOLYLINE
  5
1828
330
6F
100
AcDbEntity
  8
0
100
AcDbPolyline
 90
        2
 70
     0
 43
0.0
 10
790.6199340819999
 20
1449.3127441406
 10
788.7723999022999
 20
1454.5876464844
  0
LWPOLYLINE
  5
182C
330
6F
100
AcDbEntity
  8
0
100
AcDbPolyline
 90
        2
 70
     0
 43
0.0
 10
835.3740234374999
 20
1515.2377929688
 10
835.3740234374999
 20
1527.2377929688
  0
LWPOLYLINE
  5
1830
330
6F
100
AcDbEntity
  8
0
100
AcDbPolyline
 90
        2
 70
     0
 43
0.0
 10
840.1365966796999
 20
1458.0876464844
 10
840.1365966796999
 20
1470.0877685547
  0
LWPOLYLINE
  5
1840
330
6F
100
AcDbEntity
  8
0
100
AcDbPolyline
 90
        2
 70
     0
 43
0.0
 10
1028.4860839844
 20
1531.2878417969
 10
1023.4860839844
 20
1531.2878417969
  0
LWPOLYLINE
  5
1844
330
6F
100
AcDbEntity
  8
0
100
AcDbPolyline
 90
        2
 70
     0
 43
0.0
 10
849.9490356444999
 20
1570.1003417969
 10
849.9490356444999
 20
1558.1003417969
  0
LWPOLYLINE
  5
184C
330
6F
100
AcDbEntity
  8
0
100
AcDbPolyline
 90
        2
 70
     0
 43
0.0
 10
1001.0615844727
 20
1476.1378173828
 10
989.0615844726999
 20
1476.1378173828
  0
LWPOLYLINE
  5
1850
330
6F
100
AcDbEntity
  8
0
100
AcDbPolyline
 90
        2
 70
     0
 43
0.0
 10
773.7490234375
 20
1570.1003417969
 10
773.7490234375
 20
1558.1003417969
  0
LWPOLYLINE
  5
1854
330
6F
100
AcDbEntity
  8
0
100
AcDbPolyline
 90
        2
 70
     0
 43
0.0
 10
772.7490234374999
 20
1573.1003417969
 10
787.9063720702999
 20
1573.1003417969
  0
LWPOLYLINE
  5
186C
330
6F
100
AcDbEntity
  8
0
100
AcDbPolyline
 90
        2
 70
     0
 43
0.0
 10
908.0989990234
 20
1547.2878417969
 10
920.0991210937999
 20
1547.2878417969
  0
LWPOLYLINE
  5
1878
330
6F
100
AcDbEntity
  8
0
100
AcDbPolyline
 90
        2
 70
     0
 43
0.0
 10
1027.9089355469
 20
1455.0876464844
 10
961.1995239258
 20
1455.0876464844
  0
LWPOLYLINE
  5
187C
330
6F
100
AcDbEntity
  8
0
100
AcDbPolyline
 90
        2
 70
     0
 43
0.0
 10
882.9990234374999
 20
1558.1003417969
 10
882.9990234374999
 20
1570.1003417969
  0
LWPOLYLINE
  5
1880
330
6F
100
AcDbEntity
  8
0
100
AcDbPolyline
 90
        2
 70
     0
 43
0.0
 10
776.1303100585999
 20
1496.1877441406
 10
776.1303100585999
 20
1508.1877441406
  0
LWPOLYLINE
  5
1884
330
6F
100
AcDbEntity
  8
0
100
AcDbPolyline
 90
        2
 70
     0
 43
0.0
 10
839.1365966797
 20
1495.1877441406
 10
827.1365356444999
 20
1495.1877441406
  0
LWPOLYLINE
  5
188C
330
6F
100
AcDbEntity
  8
0
100
AcDbPolyline
 90
        2
 70
     0
 43
0.0
 10
882.9990234374999
 20
1546.2878417969
 10
882.9990234374999
 20
1534.2878417969
  0
LWPOLYLINE
  5
1894
330
6F
100
AcDbEntity
  8
0
100
AcDbPolyline
 90
        2
 70
     0
 43
0.0
 10
996.2990722656
 20
1533.2878417969
 10
984.2990722655999
 20
1533.2878417969
  0
LWPOLYLINE
  5
1898
330
6F
100
AcDbEntity
  8
0
100
AcDbPolyline
 90
        2
 70
     0
 43
0.0
 10
1135.4116210938
 20
1470.0877685547
 10
1135.4116210938
 20
1458.0877685547
  0
LWPOLYLINE
  5
189C
330
6F
100
AcDbEntity
  8
0
100
AcDbPolyline
 90
        2
 70
     0
 43
0.0
 10
1015.3490600586
 20
1557.1003417969
 10
1003.3490600586
 20
1557.1003417969
  0
LWPOLYLINE
  5
18A0
330
6F
100
AcDbEntity
  8
0
100
AcDbPolyline
 90
        2
 70
     0
 43
0.0
 10
774.7490234375
 20
1547.2878417969
 10
786.7490234375
 20
1547.2878417969
  0
LWPOLYLINE
  5
18A4
330
6F
100
AcDbEntity
  8
0
100
AcDbPolyline
 90
        2
 70
     0
 43
0.0
 10
973.7740478516
 20
1515.2377929688
 10
973.7740478516
 20
1527.2377929688
  0
LWPOLYLINE
  5
18A8
330
6F
100
AcDbEntity
  8
0
100
AcDbPolyline
 90
        2
 70
     0
 43
0.0
 10
1015.3490600586
 20
1533.2878417969
 10
1003.3490600586
 20
1533.2878417969
  0
LWPOLYLINE
  5
18B0
330
6F
100
AcDbEntity
  8
0
100
AcDbPolyline
 90
        2
 70
     0
 43
0.0
 10
887.7615356445
 20
1477.1378173828
 10
887.7615356445
 20
1489.1378173828
  0
LWPOLYLINE
  5
18B4
330
6F
100
AcDbEntity
  8
0
100
AcDbPolyline
 90
        2
 70
     0
 43
0.0
 10
1083.3115234375
 20
1477.1376953125
 10
1083.3115234375
 20
1489.1376953125
  0
LWPOLYLINE
  5
18B8
330
6F
100
AcDbEntity
  8
0
100
AcDbPolyline
 90
        2
 70
     0
 43
0.0
 10
907.0989990234
 20
1546.2878417969
 10
907.0989990234
 20
1534.2878417969
  0
LWPOLYLINE
  5
18BC
330
6F
100
AcDbEntity
  8
0
100
AcDbPolyline
 90
        2
 70
     0
 43
0.0
 10
908.0989990234
 20
1533.2878417969
 10
920.0991210937999
 20
1533.2878417969
  0
LWPOLYLINE
  5
18C4
330
6F
100
AcDbEntity
  8
0
100
AcDbPolyline
 90
        2
 70
     0
 43
0.0
 10
1096.3115234375
 20
1557.1003417969
 10
1084.3115234375
 20
1557.1003417969
  0
LWPOLYLINE
  5
18C8
330
6F
100
AcDbEntity
  8
0
100
AcDbPolyline
 90
        2
 70
     0
 43
0.0
 10
884.2864990234
 20
1495.1877441406
 10
896.2864990233999
 20
1495.1877441406
  0
LWPOLYLINE
  5
18D0
330
6F
100
AcDbEntity
  8
0
100
AcDbPolyline
 90
        2
 70
     0
 43
0.0
 10
939.1490478516001
 20
1533.2878417969
 10
927.1490478516
 20
1533.2878417969
  0
LWPOLYLINE
  5
18D8
330
6F
100
AcDbEntity
  8
0
100
AcDbPolyline
 90
        2
 70
     0
 43
0.0
 10
955.6990966797
 20
1458.0876464844
 10
955.6990966797
 20
1472.0877685547
  0
LWPOLYLINE
  5
18DC
330
6F
100
AcDbEntity
  8
0
100
AcDbPolyline
 90
        2
 70
     0
 43
0.0
 10
1102.3742675781
 20
1570.1003417969
 10
1102.3742675781
 20
1558.1003417969
  0
LWPOLYLINE
  5
18E0
330
6F
100
AcDbEntity
  8
0
100
AcDbPolyline
 90
        2
 70
     0
 43
0.0
 10
843.8990478516
 20
1547.2878417969
 10
831.8990478515999
 20
1547.2878417969
  0
LWPOLYLINE
  5
18E4
330
6F
100
AcDbEntity
  8
0
100
AcDbPolyline
 90
        2
 70
     0
 43
0.0
 10
917.6240234374999
 20
1571.1003417969
 10
929.6240234375
 20
1571.1003417969
  0
LWPOLYLINE
  5
18E8
330
6F
100
AcDbEntity
  8
0
100
AcDbPolyline
 90
        2
 70
     0
 43
0.0
 10
812.8489990233999
 20
1571.1003417969
 10
824.8489990234
 20
1571.1003417969
  0
LWPOLYLINE
  5
18EC
330
6F
100
AcDbEntity
  8
0
100
AcDbPolyline
 90
        2
 70
     0
 43
0.0
 10
1012.8740844727
 20
1457.0876464844
 10
1027.2553710938
 20
1457.0876464844
  0
LWPOLYLINE
  5
18F8
330
6F
100
AcDbEntity
  8
0
100
AcDbPolyline
 90
        2
 70
     0
 43
0.0
 10
786.7490234375
 20
1533.2878417969
 10
774.7490234375
 20
1533.2878417969
  0
LWPOLYLINE
  5
18FC
330
6F
100
AcDbEntity
  8
0
100
AcDbPolyline
 90
        2
 70
     0
 43
0.0
 10
927.1490478516
 20
1547.2878417969
 10
939.1490478516001
 20
1547.2878417969
  0
LWPOLYLINE
  5
1904
330
6F
100
AcDbEntity
  8
0
100
AcDbPolyline
 90
        2
 70
     0
 43
0.0
 10
1065.2615966797
 20
1490.1376953125
 10
1077.2614746094
 20
1490.1376953125
  0
LWPOLYLINE
  5
1910
330
6F
100
AcDbEntity
  8
0
100
AcDbPolyline
 90
        2
 70
     0
 43
0.0
 10
815.3240356445
 20
1528.2377929688
 10
803.3240356445
 20
1528.2377929688
  0
LWPOLYLINE
  5
191C
330
6F
100
AcDbEntity
  8
0
100
AcDbPolyline
 90
        2
 70
     0
 43
0.0
 10
916.6240234374999
 20
1515.2377929688
 10
916.6240234374999
 20
1527.2377929688
  0
LWPOLYLINE
  5
1924
330
6F
100
AcDbEntity
  8
0
100
AcDbPolyline
 90
        2
 70
     0
 43
0.0
 10
830.8990478515999
 20
1534.2878417969
 10
830.8990478515999
 20
1546.2878417969
  0
LWPOLYLINE
  5
1928
330
6F
100
AcDbEntity
  8
0
100
AcDbPolyline
 90
        2
 70
     0
 43
0.0
 10
1030.6225585938
 20
1449.3127441406
 10
1028.7749023438
 20
1454.5876464844
  0
LWPOLYLINE
  5
1938
330
6F
100
AcDbEntity
  8
0
100
AcDbPolyline
 90
        2
 70
     0
 43
0.0
 10
1134.4116210938
 20
1457.0877685547
 10
1122.4116210938
 20
1457.0877685547
  0
LWPOLYLINE
  5
1940
330
6F
100
AcDbEntity
  8
0
100
AcDbPolyline
 90
        2
 70
     0
 43
0.0
 10
1022.3424072266
 20
1476.1378173828
 10
1036.7802734375
 20
1476.1378173828
  0
LWPOLYLINE
  5
194C
330
6F
100
AcDbEntity
  8
0
100
AcDbPolyline
 90
        2
 70
     0
 43
0.0
 10
786.7490234375
 20
1571.1003417969
 10
774.7490234375
 20
1571.1003417969
  0
LWPOLYLINE
  5
1950
330
6F
100
AcDbEntity
  8
0
100
AcDbPolyline
 90
        2
 70
     0
 43
0.0
 10
798.4859619140999
 20
1578.8752441406
 10
800.3334960938
 20
1573.6003417969
  0
LWPOLYLINE
  5
1958
330
6F
100
AcDbEntity
  8
0
100
AcDbPolyline
 90
        2
 70
     0
 43
0.0
 10
897.2864990233999
 20
1508.1877441406
 10
897.2864990233999
 20
1496.1877441406
  0
LWPOLYLINE
  5
1960
330
6F
100
AcDbEntity
  8
0
100
AcDbPolyline
 90
        2
 70
     0
 43
0.0
 10
944.9114990233999
 20
1477.1378173828
 10
944.9114990233999
 20
1489.1378173828
  0
LWPOLYLINE
  5
1964
330
6F
100
AcDbEntity
  8
0
100
AcDbPolyline
 90
        2
 70
     0
 43
0.0
 10
879.5240478515999
 20
1514.2377929688
 10
891.5240478516
 20
1514.2377929688
  0
LWPOLYLINE
  5
196C
330
6F
100
AcDbEntity
  8
0
100
AcDbPolyline
 90
        2
 70
     0
 43
0.0
 10
1016.635925293
 20
1504.6876220703
 10
1016.6350708008
 20
1499.6876220703
  0
LWPOLYLINE
  5
1970
330
6F
100
AcDbEntity
  8
0
100
AcDbPolyline
 90
        2
 70
     0
 43
0.0
 10
836.6614990233999
 20
1490.1378173828
 10
848.6614990233999
 20
1490.1378173828
  0
LWPOLYLINE
  5
1980
330
6F
100
AcDbEntity
  8
0
100
AcDbPolyline
 90
        2
 70
     0
 43
0.0
 10
1027.1341552734
 20
1493.9307861328
 42
0.4140625
 10
1028.1342773438
 20
1494.9306640625
  0
LWPOLYLINE
  5
198C
330
6F
100
AcDbEntity
  8
0
100
AcDbPolyline
 90
        2
 70
     0
 43
0.0
 10
1027.107421875
 20
1510.1856689453
 42
0.4143066406
 10
1026.107421875
 20
1511.1856689453
  0
LWPOLYLINE
  5
1990
330
6F
100
AcDbEntity
  8
0
100
AcDbPolyline
 90
        2
 70
     0
 43
0.0
 10
1039.2185058594
 20
1475.1378173828
 42
0.4143066406
 10
1040.2185058594
 20
1474.1378173828
  0
LWPOLYLINE
  5
1998
330
6F
100
AcDbEntity
  8
0
100
AcDbPolyline
 90
        2
 70
     0
 43
0.0
 10
848.6865844727001
 20
1458.0876464844
 42
0.4142456055
 10
849.6865844727
 20
1457.0876464844
  0
LWPOLYLINE
  5
199C
330
6F
100
AcDbEntity
  8
0
100
AcDbPolyline
 90
        2
 70
     0
 43
0.0
 10
1017.5790405273
 20
1495.1873779297
 42
0.016237095
 10
1017.6391601563
 20
1495.1856689453
  0
LWPOLYLINE
  5
19A0
330
6F
100
AcDbEntity
  8
0
100
AcDbPolyline
 90
        2
 70
     0
 43
0.0
 10
1021.1074829102
 20
1511.1856689453
 42
0.4142456055
 10
1020.1074829102
 20
1510.1856689453
  0
LWPOLYLINE
  5
19A4
330
6F
100
AcDbEntity
  8
0
100
AcDbPolyline
 90
        2
 70
     0
 43
0.0
 10
1045.2185058594
 20
1474.1378173828
 42
0.4143066406
 10
1046.2185058594
 20
1475.1378173828
  0
LWPOLYLINE
  5
19B0
330
6F
100
AcDbEntity
  8
0
100
AcDbPolyline
 90
        2
 70
     0
 43
0.0
 10
1052.3259277344
 20
1519.1140136719
 42
0.4144034684000001
 10
1053.326171875
 20
1520.1138916016
  0
LWPOLYLINE
  5
19B4
330
6F
100
AcDbEntity
  8
0
100
AcDbPolyline
 90
        2
 70
     0
 43
0.0
 10
1016.63671875
 20
1509.1876220703
 42
0.4141719639
 10
1015.6365356445
 20
1508.1877441406
  0
LWPOLYLINE
  5
19B8
330
6F
100
AcDbEntity
  8
0
100
AcDbPolyline
 90
        2
 70
     0
 43
0.0
 10
949.6990966797
 20
1473.0877685547
 42
0.4142456055
 10
948.6990966797
 20
1472.0877685547
  0
LWPOLYLINE
  5
19C0
330
6F
100
AcDbEntity
  8
0
100
AcDbPolyline
 90
        2
 70
     0
 43
0.0
 10
974.7490844727
 20
1472.0877685547
 42
0.4142456055
 10
973.7490844727
 20
1473.0877685547
  0
LWPOLYLINE
  5
19C4
330
6F
100
AcDbEntity
  8
0
100
AcDbPolyline
 90
        2
 70
     0
 43
0.0
 10
1027.107421875
 20
1510.1856689453
 42
0.3996006548
 10
1028.0576171875
 20
1509.1868896484
  0
LWPOLYLINE
  5
19D0
330
6F
100
AcDbEntity
  8
0
100
AcDbPolyline
 90
        2
 70
     0
 43
0.0
 10
1015.6345214844
 20
1496.1877441406
 42
0.4142582715
 10
1016.6343383789
 20
1495.1876220703
  0
LWPOLYLINE
  5
19E4
330
6F
100
AcDbEntity
  8
0
100
AcDbPolyline
 90
        2
 70
     0
 43
0.0
 10
1053.3273925781
 20
1527.2338867188
 42
0.4144287407000001
 10
1052.3275146484
 20
1528.2340087891
  0
LWPOLYLINE
  5
19EC
330
6F
100
AcDbEntity
  8
0
100
AcDbPolyline
 90
        2
 70
     0
 43
0.0
 10
1052.0642089844
 20
1493.9290771484
 42
0.4693991244
 10
1053.1063232422
 20
1495.1838378906
  0
LWPOLYLINE
  5
19FC
330
6F
100
AcDbEntity
  8
0
100
AcDbPolyline
 90
        2
 70
     0
 43
0.0
 10
860.4490966796999
 20
1472.0877685547
 42
0.4142456055
 10
859.4490966797
 20
1473.0877685547
  0
LWPOLYLINE
  5
1A00
330
6F
100
AcDbEntity
  8
0
100
AcDbPolyline
 90
        2
 70
     0
 43
0.0
 10
1053.0665283203
 20
1508.1839599609
 42
0.4141846001
 10
1052.0666503906
 20
1509.1840820313
  0
LWPOLYLINE
  5
1A08
330
6F
100
AcDbEntity
  8
0
100
AcDbPolyline
 90
        2
 70
     0
 43
0.0
 10
1034.689453125
 20
1524.7370605469
 42
0.4144287407000001
 10
1035.6893310547
 20
1523.7369384766
  0
LWPOLYLINE
  5
1A0C
330
6F
100
AcDbEntity
  8
0
100
AcDbPolyline
 90
        2
 70
     0
 43
0.0
 10
1016.6350708008
 20
1499.6876220703
 42
0.4142329693
 10
1015.6348876953
 20
1498.6877441406
  0
LWPOLYLINE
  5
1A10
330
6F
100
AcDbEntity
  8
0
100
AcDbPolyline
 90
        2
 70
     0
 43
0.0
 10
967.6303710938
 20
1473.0877685547
 42
0.4142456055
 10
966.6303710938001
 20
1472.0877685547
  0
LWPOLYLINE
  5
1A18
330
6F
100
AcDbEntity
  8
0
100
AcDbPolyline
 90
        2
 70
     0
 43
0.0
 10
1036.6430664063
 20
1514.2366943359
 42
0.0105790123
 10
1036.6892089844
 20
1514.2355957031
  0
LWPOLYLINE
  5
1A1C
330
6F
100
AcDbEntity
  8
0
100
AcDbPolyline
 90
        2
 70
     0
 43
0.0
 10
1035.6883544922
 20
1518.7368164063
 42
0.4143067300000001
 10
1034.6882324219
 20
1517.7369384766
  0
LWPOLYLINE
  5
1A20
330
6F
100
AcDbEntity
  8
0
100
AcDbPolyline
 90
        2
 70
     0
 43
0.0
 10
1015.6361083984
 20
1505.6877441406
 42
0.4142582715
 10
1016.635925293
 20
1504.6876220703
  0
LWPOLYLINE
  5
1A24
330
6F
100
AcDbEntity
  8
0
100
AcDbPolyline
 90
        2
 70
     0
 43
0.0
 10
1015.3424072266
 20
1475.1378173828
 42
0.4142456055
 10
1016.3424072266
 20
1474.1378173828
  0
LWPOLYLINE
  5
1A2C
330
6F
100
AcDbEntity
  8
0
100
AcDbPolyline
 90
        2
 70
     0
 43
0.0
 10
1034.6877441406
 20
1515.2370605469
 42
0.4144287407000001
 10
1035.6876220703
 20
1514.2369384766
  0
LWPOLYLINE
  5
1A34
330
6F
100
AcDbEntity
  8
0
100
AcDbPolyline
 90
        2
 70
     0
 43
0.0
 10
1042.9467773438
 20
1494.9305419922
 42
0.4143067300000001
 10
1043.9466552734
 20
1493.9304199219
  0
LWPOLYLINE
  5
1A38
330
6F
100
AcDbEntity
  8
0
100
AcDbPolyline
 90
        2
 70
     0
 43
0.0
 10
1038.0673828125
 20
1513.2365722656
 42
0.4014247954
 10
1037.1118164063
 20
1514.2357177734
  0
LWPOLYLINE
  5
1A44
330
6F
100
AcDbEntity
  8
0
100
AcDbPolyline
 90
        2
 70
     0
 43
0.0
 10
966.6303710938001
 20
1458.0876464844
 42
0.4142456055
 10
967.6303710938
 20
1457.0876464844
  0
LWPOLYLINE
  5
1A60
330
6F
100
AcDbEntity
  8
0
100
AcDbPolyline
 90
        2
 70
     0
 43
0.0
 10
1019.1676025391
 20
1509.1875
 42
0.3966231942
 10
1020.1074829102
 20
1510.1856689453
  0
LWPOLYLINE
  5
1A64
330
6F
100
AcDbEntity
  8
0
100
AcDbPolyline
 90
        2
 70
     0
 43
0.0
 10
1021.3424072266
 20
1474.1378173828
 42
0.4142456055
 10
1022.3424072266
 20
1475.1378173828
  0
LWPOLYLINE
  5
1A70
330
6F
100
AcDbEntity
  8
0
100
AcDbPolyline
 90
        2
 70
     0
 43
0.0
 10
859.4490966797
 20
1457.0876464844
 42
0.4142456055
 10
860.4490966796999
 20
1458.0876464844
  0
LWPOLYLINE
  5
1A7C
330
6F
100
AcDbEntity
  8
0
100
AcDbPolyline
 90
        2
 70
     0
 43
0.0
 10
1035.6899414063
 20
1528.2368164063
 42
0.4144287407000001
 10
1034.6898193359
 20
1527.2369384766
  0
LWPOLYLINE
  5
1A80
330
6F
100
AcDbEntity
  8
0
100
AcDbPolyline
 90
        2
 70
     0
 43
0.0
 10
1037.0670166016
 20
1509.1862792969
 42
0.4143572152
 10
1038.0668945313
 20
1510.1861572266
  0
LWPOLYLINE
  5
1A84
330
6F
100
AcDbEntity
  8
0
100
AcDbPolyline
 90
        2
 70
     0
 43
0.0
 10
849.6865844727
 20
1473.0877685547
 42
0.4142456055
 10
848.6865844727001
 20
1472.0877685547
  0
LWPOLYLINE
  5
1A94
330
6F
100
AcDbEntity
  8
0
100
AcDbPolyline
 90
        2
 70
     0
 43
0.0
 10
1048.7341308594
 20
1528.2347412109
 42
0.0108669978
 10
1048.6892089844
 20
1528.2357177734
  0
LWPOLYLINE
  5
1A9C
330
6F
100
AcDbEntity
  8
0
100
AcDbPolyline
 90
        2
 70
     0
 43
0.0
 10
954.6990966797
 20
1457.0876464844
 42
0.4142456055
 10
955.6990966797
 20
1458.0876464844
  0
LWPOLYLINE
  5
1AA0
330
6F
100
AcDbEntity
  8
0
100
AcDbPolyline
 90
        2
 70
     0
 43
0.0
 10
948.6990966797
 20
1458.0876464844
 42
0.4142456055
 10
949.6990966797
 20
1457.0876464844
  0
LWPOLYLINE
  5
1AA4
330
6F
100
AcDbEntity
  8
0
100
AcDbPolyline
 90
        2
 70
     0
 43
0.0
 10
1019.1342773438
 20
1494.9321289063
 42
0.4143066406
 10
1020.1341552734
 20
1493.9320068359
  0
LWPOLYLINE
  5
1AA8
330
6F
100
AcDbEntity
  8
0
100
AcDbPolyline
 90
        2
 70
     0
 43
0.0
 10
955.6990966797
 20
1472.0877685547
 42
0.4142456055
 10
954.6990966797
 20
1473.0877685547
  0
LWPOLYLINE
  5
1AB0
330
6F
100
AcDbEntity
  8
0
100
AcDbPolyline
 90
        2
 70
     0
 43
0.0
 10
924.8615722655999
 20
1476.1378173828
 42
0.4141235054
 10
925.8615722655999
 20
1477.1378173828
  0
LWPOLYLINE
  5
1AB8
330
6F
100
AcDbEntity
  8
0
100
AcDbPolyline
 90
        2
 70
     0
 43
0.0
 10
959.1990356445
 20
1534.2878417969
 42
-0.4141235054
 10
958.1990356445
 20
1533.2878417969
  0
LWPOLYLINE
  5
1ABC
330
6F
100
AcDbEntity
  8
0
100
AcDbPolyline
 90
        2
 70
     0
 43
0.0
 10
816.6115722656
 20
1477.1378173828
 42
0.4143066406
 10
817.6115722656
 20
1476.1378173828
  0
LWPOLYLINE
  5
1AC0
330
6F
100
AcDbEntity
  8
0
100
AcDbPolyline
 90
        2
 70
     0
 43
0.0
 10
865.2365722656
 20
1495.1877441406
 42
-0.4142456055
 10
864.2365722656
 20
1496.1877441406
  0
LWPOLYLINE
  5
1AC4
330
6F
100
AcDbEntity
  8
0
100
AcDbPolyline
 90
        2
 70
     0
 43
0.0
 10
917.6240234374999
 20
1514.2377929688
 42
-0.4141846001
 10
916.6240234374999
 20
1515.2377929688
  0
LWPOLYLINE
  5
1AD6
330
6F
100
AcDbEntity
  8
0
100
AcDbPolyline
 90
        2
 70
     0
 43
0.0
 10
993.8240356445
 20
1514.2377929688
 42
-0.4141846001
 10
992.8240356445
 20
1515.2377929688
  0
LWPOLYLINE
  5
1ADA
330
6F
100
AcDbEntity
  8
0
100
AcDbPolyline
 90
        2
 70
     0
 43
0.0
 10
935.3865356445
 20
1496.1878662109
 42
-0.414098233
 10
934.3865356445
 20
1495.1877441406
  0
LWPOLYLINE
  5
1AE6
330
6F
100
AcDbEntity
  8
0
100
AcDbPolyline
 90
        2
 70
     0
 43
0.0
 10
815.3240356445
 20
1457.0876464844
 42
0.414098233
 10
816.3240356444999
 20
1458.0877685547
  0
LWPOLYLINE
  5
1AEA
330
6F
100
AcDbEntity
  8
0
100
AcDbPolyline
 90
        2
 70
     0
 43
0.0
 10
973.7740478516
 20
1515.2377929688
 42
0.4141846001
 10
974.7740478516
 20
1514.2377929688
  0
LWPOLYLINE
  5
1AFA
330
6F
100
AcDbEntity
  8
0
100
AcDbPolyline
 90
        2
 70
     0
 43
0.0
 10
935.6740722655999
 20
1527.2377929688
 42
-0.4143066406
 10
936.6740722656
 20
1528.2377929688
  0
LWPOLYLINE
  5
1AFE
330
6F
100
AcDbEntity
  8
0
100
AcDbPolyline
 90
        2
 70
     0
 43
0.0
 10
1012.8740844727
 20
1514.2377929688
 42
-0.4141846001
 10
1011.8740844727
 20
1515.2377929688
  0
LWPOLYLINE
  5
1B02
330
6F
100
AcDbEntity
  8
0
100
AcDbPolyline
 90
        2
 70
     0
 43
0.0
 10
1016.3490600586
 20
1546.2877197266
 42
0.414098233
 10
1015.3490600586
 20
1547.2878417969
  0
LWPOLYLINE
  5
1B0E
330
6F
100
AcDbEntity
  8
0
100
AcDbPolyline
 90
        2
 70
     0
 43
0.0
 10
881.0990600586
 20
1550.2941894531
 42
1.0
 10
881.0990600586
 20
1554.0939941406
  0
LWPOLYLINE
  5
1B1E
330
6F
100
AcDbEntity
  8
0
100
AcDbPolyline
 90
        2
 70
     0
 43
0.0
 10
843.8990478516
 20
1533.2878417969
 42
0.4141235054
 10
844.8990478516
 20
1534.2878417969
  0
LWPOLYLINE
  5
1B2E
330
6F
100
AcDbEntity
  8
0
100
AcDbPolyline
 90
        2
 70
     0
 43
0.0
 10
1118.4885253906
 20
1449.3127441406
 42
-0.2680239975
 10
1116.3234863281
 20
1448.0627441406
  0
LWPOLYLINE
  5
1B3E
330
6F
100
AcDbEntity
  8
0
100
AcDbPolyline
 90
        2
 70
     0
 43
0.0
 10
1045.2185058594
 20
1492.1378173828
 42
-0.4141340554000001
 10
1046.2185058594
 20
1491.1375732422
  0
LWPOLYLINE
  5
1B42
330
6F
100
AcDbEntity
  8
0
100
AcDbPolyline
 90
        2
 70
     0
 43
0.0
 10
921.3865356444999
 20
1496.1877441406
 42
0.4141846001
 10
922.3865356444999
 20
1495.1877441406
  0
LWPOLYLINE
  5
1B4A
330
6F
100
AcDbEntity
  8
0
100
AcDbPolyline
 90
        2
 70
     0
 43
0.0
 10
911.5740356445
 20
1515.2377929688
 42
-0.4141235054
 10
910.5740356445
 20
1514.2377929688
  0
LWPOLYLINE
  5
1B62
330
6F
100
AcDbEntity
  8
0
100
AcDbPolyline
 90
        2
 70
     0
 43
0.0
 10
1012.8740844727
 20
1457.0876464844
 42
-0.4141846001
 10
1011.8740844727
 20
1458.0876464844
  0
LWPOLYLINE
  5
1B72
330
6F
100
AcDbEntity
  8
0
100
AcDbPolyline
 90
        2
 70
     0
 43
0.0
 10
860.4739990234
 20
1514.2377929688
 42
-0.4141846001
 10
859.4739990234
 20
1515.2377929688
  0
LWPOLYLINE
  5
1B76
330
6F
100
AcDbEntity
  8
0
100
AcDbPolyline
 90
        2
 70
     0
 43
0.0
 10
934.3865356445
 20
1509.1877441406
 42
-0.4141235054
 10
935.3865356445
 20
1508.1877441406
  0
LWPOLYLINE
  5
1B82
330
6F
100
AcDbEntity
  8
0
100
AcDbPolyline
 90
        2
 70
     0
 43
0.0
 10
921.0991210938001
 20
1534.2878417969
 42
-0.4141235054
 10
920.0991210937999
 20
1533.2878417969
  0
LWPOLYLINE
  5
1B8A
330
6F
100
AcDbEntity
  8
0
100
AcDbPolyline
 90
        2
 70
     0
 43
0.0
 10
924.8615722655999
 20
1490.1378173828
 42
-0.4142203331000001
 10
925.8615722655999
 20
1489.1376953125
  0
LWPOLYLINE
  5
1B8E
330
6F
100
AcDbEntity
  8
0
100
AcDbPolyline
 90
        2
 70
     0
 43
0.0
 10
805.7990722655999
 20
1533.2878417969
 42
0.4141235054
 10
806.7990722656
 20
1534.2878417969
  0
LWPOLYLINE
  5
1B92
330
6F
100
AcDbEntity
  8
0
100
AcDbPolyline
 90
        2
 70
     0
 43
0.0
 10
821.3740234375
 20
1527.2377929688
 42
-0.4141846001
 10
822.3740234375
 20
1528.2377929688
  0
LWPOLYLINE
  5
1B96
330
6F
100
AcDbEntity
  8
0
100
AcDbPolyline
 90
        2
 70
     0
 43
0.0
 10
855.7115478515999
 20
1490.1378173828
 42
0.4141846001
 10
854.7115478515999
 20
1489.1378173828
  0
LWPOLYLINE
  5
1B9A
330
6F
100
AcDbEntity
  8
0
100
AcDbPolyline
 90
        2
 70
     0
 43
0.0
 10
902.0490722655999
 20
1546.2877197266
 42
0.414098233
 10
901.0490722655999
 20
1547.2878417969
  0
LWPOLYLINE
  5
1BA2
330
6F
100
AcDbEntity
  8
0
100
AcDbPolyline
 90
        2
 70
     0
 43
0.0
 10
954.7240600586
 20
1515.2377929688
 42
0.4143066406
 10
955.7240600586
 20
1514.2377929688
  0
LWPOLYLINE
  5
1BAA
330
6F
100
AcDbEntity
  8
0
100
AcDbPolyline
 90
        2
 70
     0
 43
0.0
 10
870.6199340819999
 20
1578.8752441406
 42
-0.2680239975
 10
872.7849731444999
 20
1580.1252441406
  0
LWPOLYLINE
  5
1BAE
330
6F
100
AcDbEntity
  8
0
100
AcDbPolyline
 90
        2
 70
     0
 43
0.0
 10
897.5740356444999
 20
1570.1003417969
 42
-0.4141846001
 10
898.5740356444999
 20
1571.1003417969
  0
LWPOLYLINE
  5
1BB2
330
6F
100
AcDbEntity
  8
0
100
AcDbPolyline
 90
        2
 70
     0
 43
0.0
 10
831.8990478515999
 20
1557.1003417969
 42
-0.4141846001
 10
830.8990478515999
 20
1558.1003417969
  0
LWPOLYLINE
  5
1BBA
330
6F
100
AcDbEntity
  8
0
100
AcDbPolyline
 90
        2
 70
     0
 43
0.0
 10
1025.8740234375
 20
1527.2379150391
 42
0.4142098725000001
 10
1024.8740234375
 20
1528.2377929688
  0
LWPOLYLINE
  5
1BC2
330
6F
100
AcDbEntity
  8
0
100
AcDbPolyline
 90
        2
 70
     0
 43
0.0
 10
816.3240356444999
 20
1527.2377929688
 42
0.4141235054
 10
815.3240356445
 20
1528.2377929688
  0
LWPOLYLINE
  5
1BC6
330
6F
100
AcDbEntity
  8
0
100
AcDbPolyline
 90
        2
 70
     0
 43
0.0
 10
1102.3615722656
 20
1489.1376953125
 42
-0.4143066406
 10
1103.3615722656
 20
1490.1376953125
  0
LWPOLYLINE
  5
1BCE
330
6F
100
AcDbEntity
  8
0
100
AcDbPolyline
 90
        2
 70
     0
 43
0.0
 10
998.5865478516
 20
1509.1877441406
 42
0.4141846001
 10
997.5865478516
 20
1508.1877441406
  0
LWPOLYLINE
  5
1BD2
330
6F
100
AcDbEntity
  8
0
100
AcDbPolyline
 90
        2
 70
     0
 43
0.0
 10
935.6740722655999
 20
1558.1003417969
 42
0.4143066406
 10
936.6740722656
 20
1557.1003417969
  0
LWPOLYLINE
  5
1BDA
330
6F
100
AcDbEntity
  8
0
100
AcDbPolyline
 90
        2
 70
     0
 43
0.0
 10
901.0490722655999
 20
1533.2878417969
 42
0.4141235054
 10
902.0490722655999
 20
1534.2878417969
  0
LWPOLYLINE
  5
1BE2
330
6F
100
AcDbEntity
  8
0
100
AcDbPolyline
 90
        2
 70
     0
 43
0.0
 10
803.3240356445
 20
1514.2377929688
 42
-0.4141846001
 10
802.3240356444999
 20
1515.2377929688
  0
LWPOLYLINE
  5
1BE6
330
6F
100
AcDbEntity
  8
0
100
AcDbPolyline
 90
        2
 70
     0
 43
0.0
 10
807.0932617188001
 20
1490.1378173828
 42
-0.4142456055
 10
808.0932617188
 20
1489.1378173828
  0
LWPOLYLINE
  5
1BF2
330
6F
100
AcDbEntity
  8
0
100
AcDbPolyline
 90
        2
 70
     0
 43
0.0
 10
1110.6198730469
 20
1578.8752441406
 42
-0.2680239975
 10
1112.7849121094
 20
1580.1252441406
  0
LWPOLYLINE
  5
1BFE
330
6F
100
AcDbEntity
  8
0
100
AcDbPolyline
 90
        2
 70
     0
 43
0.0
 10
1002.3490600586
 20
1546.2878417969
 42
-0.4142456055
 10
1003.3490600586
 20
1547.2878417969
  0
LWPOLYLINE
  5
1C02
330
6F
100
AcDbEntity
  8
0
100
AcDbPolyline
 90
        2
 70
     0
 43
0.0
 10
986.7740478515999
 20
1514.2377929688
 42
0.4141235054
 10
987.7740478516001
 20
1515.2377929688
  0
LWPOLYLINE
  5
1C0E
330
6F
100
AcDbEntity
  8
0
100
AcDbPolyline
 90
        2
 70
     0
 43
0.0
 10
916.6240234374999
 20
1570.1003417969
 42
-0.4141846001
 10
917.6240234374999
 20
1571.1003417969
  0
LWPOLYLINE
  5
1C1A
330
6F
100
AcDbEntity
  8
0
100
AcDbPolyline
 90
        2
 70
     0
 43
0.0
 10
950.9615478516
 20
1490.1378173828
 42
0.4141846001
 10
949.9615478516
 20
1489.1378173828
  0
LWPOLYLINE
  5
1C26
330
6F
100
AcDbEntity
  8
0
100
AcDbPolyline
 90
        2
 70
     0
 43
0.0
 10
912.8615722656
 20
1490.1378173828
 42
0.4142456055
 10
911.8615722656
 20
1489.1378173828
  0
LWPOLYLINE
  5
1C2A
330
6F
100
AcDbEntity
  8
0
100
AcDbPolyline
 90
        2
 70
     0
 43
0.0
 10
988.0615844727
 20
1489.1378173828
 42
-0.4141846001
 10
989.0615844726999
 20
1490.1378173828
  0
LWPOLYLINE
  5
1C2E
330
6F
100
AcDbEntity
  8
0
100
AcDbPolyline
 90
        2
 70
     0
 43
0.0
 10
824.7553710937999
 20
1457.0876464844
 42
-0.4142456055
 10
823.7553710938
 20
1458.0876464844
  0
LWPOLYLINE
  5
1C36
330
6F
100
AcDbEntity
  8
0
100
AcDbPolyline
 90
        2
 70
     0
 43
0.0
 10
1078.2614746094
 20
1458.0874023438
 42
-0.4143826067000001
 10
1077.2614746094
 20
1457.0877685547
  0
LWPOLYLINE
  5
1C3A
330
6F
100
AcDbEntity
  8
0
100
AcDbPolyline
 90
        2
 70
     0
 43
0.0
 10
1030.4860839844
 20
1533.2878417969
 42
0.4143066406
 10
1029.4860839844
 20
1532.2878417969
  0
LWPOLYLINE
  5
1C46
330
6F
100
AcDbEntity
  8
0
100
AcDbPolyline
 90
        2
 70
     0
 43
0.0
 10
1078.2614746094
 20
1470.0881347656
 42
0.4143826067000001
 10
1077.2614746094
 20
1471.0877685547
  0
LWPOLYLINE
  5
1C4E
330
6F
100
AcDbEntity
  8
0
100
AcDbPolyline
 90
        2
 70
     0
 43
0.0
 10
921.3865356444999
 20
1508.1877441406
 42
-0.4141846001
 10
922.3865356444999
 20
1509.1877441406
  0
LWPOLYLINE
  5
1C52
330
6F
100
AcDbEntity
  8
0
100
AcDbPolyline
 90
        2
 70
     0
 43
0.0
 10
949.6740722655999
 20
1558.1003417969
 42
-0.4141235054
 10
948.6740722656
 20
1557.1003417969
  0
LWPOLYLINE
  5
1C62
330
6F
100
AcDbEntity
  8
0
100
AcDbPolyline
 90
        2
 70
     0
 43
0.0
 10
989.0615844726999
 20
1476.1378173828
 42
-0.4141846001
 10
988.0615844727
 20
1477.1378173828
  0
LWPOLYLINE
  5
1C6A
330
6F
100
AcDbEntity
  8
0
100
AcDbPolyline
 90
        2
 70
     0
 43
0.0
 10
860.4739990234
 20
1528.2377929688
 42
0.4141846001
 10
859.4739990234
 20
1527.2377929688
  0
LWPOLYLINE
  5
1C6E
330
6F
100
AcDbEntity
  8
0
100
AcDbPolyline
 90
        2
 70
     0
 43
0.0
 10
785.2172851563
 20
1476.1378173828
 42
0.4141846001
 10
784.2172851563
 20
1475.1378173828
  0
LWPOLYLINE
  5
1C7E
330
6F
100
AcDbEntity
  8
0
100
AcDbPolyline
 90
        2
 70
     0
 43
0.0
 10
869.9990234375
 20
1547.2878417969
 42
0.4141846001
 10
868.9990234375001
 20
1546.2878417969
  0
LWPOLYLINE
  5
1C82
330
6F
100
AcDbEntity
  8
0
100
AcDbPolyline
 90
        2
 70
     0
 43
0.0
 10
1115.3615722656
 20
1471.0877685547
 42
-0.4140877724
 10
1116.3615722656
 20
1470.087890625
  0
LWPOLYLINE
  5
1C8A
330
6F
100
AcDbEntity
  8
0
100
AcDbPolyline
 90
        2
 70
     0
 43
0.0
 10
1115.3615722656
 20
1490.1376953125
 42
-0.4142098725000001
 10
1116.3615722656
 20
1489.1378173828
  0
LWPOLYLINE
  5
1C92
330
6F
100
AcDbEntity
  8
0
100
AcDbPolyline
 90
        2
 70
     0
 43
0.0
 10
792.8054809569999
 20
1577.1252441406
 42
0.9999302626
 10
796.305480957
 20
1577.1253662109
  0
LWPOLYLINE
  5
1C9A
330
6F
100
AcDbEntity
  8
0
100
AcDbPolyline
 90
        2
 70
     0
 43
0.0
 10
841.4240722656
 20
1528.2377929688
 42
0.4143066406
 10
840.4240722656
 20
1527.2377929688
  0
LWPOLYLINE
  5
1C9E
330
6F
100
AcDbEntity
  8
0
100
AcDbPolyline
 90
        2
 70
     0
 43
0.0
 10
778.5115356444999
 20
1515.2377929688
 42
0.4141846001
 10
779.5115356444999
 20
1514.2377929688
  0
LWPOLYLINE
  5
1CB2
330
6F
100
AcDbEntity
  8
0
100
AcDbPolyline
 90
        2
 70
     0
 43
0.0
 10
960.4865722655999
 20
1509.1877441406
 42
0.4143066406
 10
959.4865722655999
 20
1508.1877441406
  0
LWPOLYLINE
  5
1CB6
330
6F
100
AcDbEntity
  8
0
100
AcDbPolyline
 90
        2
 70
     0
 43
0.0
 10
950.619934082
 20
1578.8752441406
 42
-0.2680239975
 10
952.7849731445
 20
1580.1252441406
  0
LWPOLYLINE
  5
1CBA
330
6F
100
AcDbEntity
  8
0
100
AcDbPolyline
 90
        2
 70
     0
 43
0.0
 10
1035.6865234375
 20
1458.0876464844
 42
0.4140625
 10
1036.6865234375
 20
1457.0876464844
  0
LWPOLYLINE
  5
1CC2
330
6F
100
AcDbEntity
  8
0
100
AcDbPolyline
 90
        2
 70
     0
 43
0.0
 10
956.3208618163999
 20
1580.1252441406
 42
-0.267993927
 10
958.4859619140999
 20
1578.8752441406
  0
LWPOLYLINE
  5
1CF2
330
6F
100
AcDbEntity
  8
0
100
AcDbPolyline
 90
        2
 70
     0
 43
0.0
 10
921.0991210938001
 20
1458.0877685547
 42
-0.414098233
 10
920.0991210937999
 20
1457.0876464844
  0
LWPOLYLINE
  5
1CF6
330
6F
100
AcDbEntity
  8
0
100
AcDbPolyline
 90
        2
 70
     0
 43
0.0
 10
906.8115234375
 20
1489.1378173828
 42
0.4142456055
 10
905.8115234375
 20
1490.1378173828
  0
LWPOLYLINE
  5
1CFE
330
6F
100
AcDbEntity
  8
0
100
AcDbPolyline
 90
        2
 70
     0
 43
0.0
 10
850.9490356444999
 20
1533.2878417969
 42
-0.4141846001
 10
849.9490356444999
 20
1534.2878417969
  0
LWPOLYLINE
  5
1D0E
330
6F
100
AcDbEntity
  8
0
100
AcDbPolyline
 90
        2
 70
     0
 43
0.0
 10
1134.4154052734
 20
1557.1003417969
 42
0.4142098725000001
 10
1135.4154052734
 20
1558.1002197266
  0
LWPOLYLINE
  5
1D16
330
6F
100
AcDbEntity
  8
0
100
AcDbPolyline
 90
        2
 70
     0
 43
0.0
 10
897.5740356444999
 20
1527.2377929688
 42
-0.4141846001
 10
898.5740356444999
 20
1528.2377929688
  0
LWPOLYLINE
  5
1D26
330
6F
100
AcDbEntity
  8
0
100
AcDbPolyline
 90
        2
 70
     0
 43
0.0
 10
1065.2615966797
 20
1476.1376953125
 42
-0.4143066406
 10
1064.2615966797
 20
1477.1376953125
  0
LWPOLYLINE
  5
1D36
330
6F
100
AcDbEntity
  8
0
100
AcDbPolyline
 90
        2
 70
     0
 43
0.0
 10
948.6740722656
 20
1514.2377929688
 42
0.4141235054
 10
949.6740722655999
 20
1515.2377929688
  0
LWPOLYLINE
  5
1D46
330
6F
100
AcDbEntity
  8
0
100
AcDbPolyline
 90
        2
 70
     0
 43
0.0
 10
1102.3742675781
 20
1570.1003417969
 42
-0.4143066406
 10
1103.3742675781
 20
1571.1003417969
  0
LWPOLYLINE
  5
1D4A
330
6F
100
AcDbEntity
  8
0
100
AcDbPolyline
 90
        2
 70
     0
 43
0.0
 10
972.4865722656
 20
1509.1877441406
 42
-0.4141235054
 10
973.4865722656
 20
1508.1877441406
  0
LWPOLYLINE
  5
1D52
330
6F
100
AcDbEntity
  8
0
100
AcDbPolyline
 90
        2
 70
     0
 43
0.0
 10
868.9990234375001
 20
1558.1003417969
 42
0.4141846001
 10
869.9990234375
 20
1557.1003417969
  0
LWPOLYLINE
  5
1D56
330
6F
100
AcDbEntity
  8
0
100
AcDbPolyline
 90
        2
 70
     0
 43
0.0
 10
1052.5529785156
 20
1550.2941894531
 42
1.0
 10
1052.5529785156
 20
1554.0939941406
  0
LWPOLYLINE
  5
1D5A
330
6F
100
AcDbEntity
  8
0
100
AcDbPolyline
 90
        2
 70
     0
 43
0.0
 10
1015.3490600586
 20
1571.1003417969
 42
-0.414098233
 10
1016.3490600586
 20
1570.1002197266
  0
LWPOLYLINE
  5
1D5E
330
6F
100
AcDbEntity
  8
0
100
AcDbPolyline
 90
        2
 70
     0
 43
0.0
 10
1041.2021484375
 20
1455.0876464844
 42
0.2679517269
 10
1040.3360595703
 20
1454.5876464844
  0
LWPOLYLINE
  5
1D62
330
6F
100
AcDbEntity
  8
0
100
AcDbPolyline
 90
        2
 70
     0
 43
0.0
 10
868.9990234375001
 20
1570.1003417969
 42
-0.4141846001
 10
869.9990234375
 20
1571.1003417969
  0
LWPOLYLINE
  5
1D76
330
6F
100
AcDbEntity
  8
0
100
AcDbPolyline
 90
        2
 70
     0
 43
0.0
 10
955.7240600586
 20
1528.2377929688
 42
0.4143066406
 10
954.7240600586
 20
1527.2377929688
  0
LWPOLYLINE
  5
1D7A
330
6F
100
AcDbEntity
  8
0
100
AcDbPolyline
 90
        2
 70
     0
 43
0.0
 10
992.8240356445
 20
1527.2377929688
 42
-0.4141846001
 10
993.8240356445
 20
1528.2377929688
  0
LWPOLYLINE
  5
1D82
330
6F
100
AcDbEntity
  8
0
100
AcDbPolyline
 90
        2
 70
     0
 43
0.0
 10
948.6740722656
 20
1571.1003417969
 42
-0.414098233
 10
949.6740722655999
 20
1570.1002197266
  0
LWPOLYLINE
  5
1D86
330
6F
100
AcDbEntity
  8
0
100
AcDbPolyline
 90
        2
 70
     0
 43
0.0
 10
775.6490478516
 20
1550.2941894531
 42
-1.0
 10
775.6490478516
 20
1554.0939941406
  0
LWPOLYLINE
  5
1D96
330
6F
100
AcDbEntity
  8
0
100
AcDbPolyline
 90
        2
 70
     0
 43
0.0
 10
835.6614990234
 20
1489.1378173828
 42
-0.4141846001
 10
836.6614990233999
 20
1490.1378173828
  0
LWPOLYLINE
  5
1D9A
330
6F
100
AcDbEntity
  8
0
100
AcDbPolyline
 90
        2
 70
     0
 43
0.0
 10
1137.4154052734
 20
1456.0876464844
 42
-0.4143066406
 10
1136.4154052734
 20
1455.0876464844
  0
LWPOLYLINE
  5
1D9E
330
6F
100
AcDbEntity
  8
0
100
AcDbPolyline
 90
        2
 70
     0
 43
0.0
 10
777.2172851562999
 20
1489.1378173828
 42
-0.4141846001
 10
778.2172851563
 20
1490.1378173828
  0
LWPOLYLINE
  5
1DA2
330
6F
100
AcDbEntity
  8
0
100
AcDbPolyline
 90
        2
 70
     0
 43
0.0
 10
1036.3054199219
 20
1451.0655517578
 42
-0.9999302626
 10
1032.8054199219
 20
1451.0653076172
  0
LWPOLYLINE
  5
1DAA
330
6F
100
AcDbEntity
  8
0
100
AcDbPolyline
 90
        2
 70
     0
 43
0.0
 10
811.8489990233999
 20
1534.2878417969
 42
0.4142456055
 10
812.8489990233999
 20
1533.2878417969
  0
LWPOLYLINE
  5
1DAE
330
6F
100
AcDbEntity
  8
0
100
AcDbPolyline
 90
        2
 70
     0
 43
0.0
 10
1006.8240356445
 20
1527.2377929688
 42
0.4141235054
 10
1005.8240356445
 20
1528.2377929688
  0
LWPOLYLINE
  5
1DB2
330
6F
100
AcDbEntity
  8
0
100
AcDbPolyline
 90
        2
 70
     0
 43
0.0
 10
1097.3115234375
 20
1570.1003417969
 42
0.4143066406
 10
1096.3115234375
 20
1571.1003417969
  0
LWPOLYLINE
  5
1DB6
330
6F
100
AcDbEntity
  8
0
100
AcDbPolyline
 90
        2
 70
     0
 43
0.0
 10
927.1490478516
 20
1533.2878417969
 42
-0.4141846001
 10
926.1490478516
 20
1534.2878417969
  0
LWPOLYLINE
  5
1DC6
330
6F
100
AcDbEntity
  8
0
100
AcDbPolyline
 90
        2
 70
     0
 43
0.0
 10
792.5115966797
 20
1470.087890625
 42
0.4141488075
 10
791.5115966796999
 20
1471.0877685547
  0
LWPOLYLINE
  5
1DCA
330
6F
100
AcDbEntity
  8
0
100
AcDbPolyline
 90
        2
 70
     0
 43
0.0
 10
1027.2553710938
 20
1457.0876464844
 42
0.4141340554000001
 10
1028.2553710938
 20
1458.087890625
  0
LWPOLYLINE
  5
1DD2
330
6F
100
AcDbEntity
  8
0
100
AcDbPolyline
 90
        2
 70
     0
 43
0.0
 10
1112.7875976563
 20
1448.0627441406
 42
-0.2680239975
 10
1110.6225585938
 20
1449.3127441406
  0
LWPOLYLINE
  5
1DD6
330
6F
100
AcDbEntity
  8
0
100
AcDbPolyline
 90
        2
 70
     0
 43
0.0
 10
1054.4528808594
 20
1570.1003417969
 42
0.4143066406
 10
1053.4528808594
 20
1571.1003417969
  0
LWPOLYLINE
  5
1DDA
330
6F
100
AcDbEntity
  8
0
100
AcDbPolyline
 90
        2
 70
     0
 43
0.0
 10
983.2990722655999
 20
1534.2878417969
 42
0.4143066406
 10
984.2990722655999
 20
1533.2878417969
  0
LWPOLYLINE
  5
1DEA
330
6F
100
AcDbEntity
  8
0
100
AcDbPolyline
 90
        2
 70
     0
 43
0.0
 10
788.7723999022999
 20
1454.5876464844
 42
0.2680878639
 10
787.9063720702999
 20
1455.0876464844
  0
LWPOLYLINE
  5
1DEE
330
6F
100
AcDbEntity
  8
0
100
AcDbPolyline
 90
        2
 70
     0
 43
0.0
 10
1053.3620605469
 20
1546.2875976563
 42
0.4141340554000001
 10
1052.3620605469
 20
1547.2878417969
  0
LWPOLYLINE
  5
1DF2
330
6F
100
AcDbEntity
  8
0
100
AcDbPolyline
 90
        2
 70
     0
 43
0.0
 10
902.3365478516
 20
1508.1877441406
 42
-0.4141846001
 10
903.3365478516
 20
1509.1877441406
  0
LWPOLYLINE
  5
1DF6
330
6F
100
AcDbEntity
  8
0
100
AcDbPolyline
 90
        2
 70
     0
 43
0.0
 10
1053.4528808594
 20
1557.1003417969
 42
0.4142098725000001
 10
1054.4528808594
 20
1558.1002197266
  0
LWPOLYLINE
  5
1DFA
330
6F
100
AcDbEntity
  8
0
100
AcDbPolyline
 90
        2
 70
     0
 43
0.0
 10
816.6115722656
 20
1489.1378173828
 42
-0.4142456055
 10
817.6115722656
 20
1490.1378173828
  0
LWPOLYLINE
  5
1DFE
330
6F
100
AcDbEntity
  8
0
100
AcDbPolyline
 90
        2
 70
     0
 43
0.0
 10
874.7615356444999
 20
1490.1378173828
 42
0.4141846001
 10
873.7615356444999
 20
1489.1378173828
  0
LWPOLYLINE
  5
1E02
330
6F
100
AcDbEntity
  8
0
100
AcDbPolyline
 90
        2
 70
     0
 43
0.0
 10
811.8489990233999
 20
1570.1003417969
 42
-0.4140625
 10
812.8489990233999
 20
1571.1003417969
  0
LWPOLYLINE
  5
1E06
330
6F
100
AcDbEntity
  8
0
100
AcDbPolyline
 90
        2
 70
     0
 43
0.0
 10
964.2490844726999
 20
1546.2878417969
 42
-0.4142456055
 10
965.2490844726999
 20
1547.2878417969
  0
LWPOLYLINE
  5
1E0A
330
6F
100
AcDbEntity
  8
0
100
AcDbPolyline
 90
        2
 70
     0
 43
0.0
 10
791.5115966796999
 20
1457.0876464844
 42
0.4142456055
 10
792.5115966797
 20
1458.0876464844
  0
LWPOLYLINE
  5
1E0E
330
6F
100
AcDbEntity
  8
0
100
AcDbPolyline
 90
        2
 70
     0
 43
0.0
 10
830.8990478515999
 20
1546.2878417969
 42
-0.4141846001
 10
831.8990478515999
 20
1547.2878417969
  0
LWPOLYLINE
  5
1E12
330
6F
100
AcDbEntity
  8
0
100
AcDbPolyline
 90
        2
 70
     0
 43
0.0
 10
815.3240356445
 20
1471.0877685547
 42
-0.4141235054
 10
816.3240356444999
 20
1470.0877685547
  0
LWPOLYLINE
  5
1E1A
330
6F
100
AcDbEntity
  8
0
100
AcDbPolyline
 90
        2
 70
     0
 43
0.0
 10
1047.3620605469
 20
1531.2878417969
 42
-0.4143066406
 10
1046.3620605469
 20
1532.2878417969
  0
LWPOLYLINE
  5
1E1E
330
6F
100
AcDbEntity
  8
0
100
AcDbPolyline
 90
        2
 70
     0
 43
0.0
 10
773.7490234375
 20
1534.2878417969
 42
0.4141846001
 10
774.7490234375
 20
1533.2878417969
  0
LWPOLYLINE
  5
1E22
330
6F
100
AcDbEntity
  8
0
100
AcDbPolyline
 90
        2
 70
     0
 43
0.0
 10
878.4859619141
 20
1449.3127441406
 42
-0.2679150105
 10
876.3209228516
 20
1448.0627441406
  0
LWPOLYLINE
  5
1E2A
330
6F
100
AcDbEntity
  8
0
100
AcDbPolyline
 90
        2
 70
     0
 43
0.0
 10
1003.4428710938
 20
1471.0877685547
 42
-0.4141235054
 10
1004.4428710938
 20
1470.0877685547
  0
LWPOLYLINE
  5
1E32
330
6F
100
AcDbEntity
  8
0
100
AcDbPolyline
 90
        2
 70
     0
 43
0.0
 10
792.8054809569999
 20
1451.0653076172
 42
-1.0
 10
796.305480957
 20
1451.0651855469
  0
LWPOLYLINE
  5
1E36
330
6F
100
AcDbEntity
  8
0
100
AcDbPolyline
 90
        2
 70
     0
 43
0.0
 10
1135.4116210938
 20
1489.1376953125
 42
0.4143066406
 10
1134.4116210938
 20
1490.1376953125
  0
LWPOLYLINE
  5
1E42
330
6F
100
AcDbEntity
  8
0
100
AcDbPolyline
 90
        2
 70
     0
 43
0.0
 10
1064.2615966797
 20
1558.1003417969
 42
0.4143066406
 10
1065.2615966797
 20
1557.1003417969
  0
LWPOLYLINE
  5
1E4A
330
6F
100
AcDbEntity
  8
0
100
AcDbPolyline
 90
        2
 70
     0
 43
0.0
 10
1001.0615844727
 20
1490.1378173828
 42
-0.4142203331000001
 10
1002.0615844727
 20
1489.1376953125
  0
LWPOLYLINE
  5
1E52
330
6F
100
AcDbEntity
  8
0
100
AcDbPolyline
 90
        2
 70
     0
 43
0.0
 10
945.1990356445
 20
1546.2878417969
 42
-0.4141846001
 10
946.1990356444999
 20
1547.2878417969
  0
LWPOLYLINE
  5
1E5A
330
6F
100
AcDbEntity
  8
0
100
AcDbPolyline
 90
        2
 70
     0
 43
0.0
 10
872.805480957
 20
1577.1252441406
 42
-1.0
 10
876.305480957
 20
1577.1252441406
  0
LWPOLYLINE
  5
1E6E
330
6F
100
AcDbEntity
  8
0
100
AcDbPolyline
 90
        2
 70
     0
 43
0.0
 10
1083.3115234375
 20
1470.0877685547
 42
-0.4143066406
 10
1084.3115234375
 20
1471.0877685547
  0
LWPOLYLINE
  5
1E9A
330
6F
100
AcDbEntity
  8
0
100
AcDbPolyline
 90
        2
 70
     0
 43
0.0
 10
792.7990722656
 20
1546.2878417969
 42
-0.4142456055
 10
793.7990722656
 20
1547.2878417969
  0
LWPOLYLINE
  5
1E9E
330
6F
100
AcDbEntity
  8
0
100
AcDbPolyline
 90
        2
 70
     0
 43
0.0
 10
979.5365600586
 20
1509.1877441406
 42
0.4143066406
 10
978.5365600586001
 20
1508.1877441406
  0
LWPOLYLINE
  5
1EA6
330
6F
100
AcDbEntity
  8
0
100
AcDbPolyline
 90
        2
 70
     0
 43
0.0
 10
896.1991577147999
 20
1457.0876464844
 42
-0.4141846001
 10
895.1991577148
 20
1458.0876464844
  0
LWPOLYLINE
  5
1EBE
330
6F
100
AcDbEntity
  8
0
100
AcDbPolyline
 90
        2
 70
     0
 43
0.0
 10
1032.8054199219
 20
1451.0653076172
 42
-0.9998604654999999
 10
1036.3054199219
 20
1451.0649414063
  0
LWPOLYLINE
  5
1EC2
330
6F
100
AcDbEntity
  8
0
100
AcDbPolyline
 90
        2
 70
     0
 43
0.0
 10
1116.3615722656
 20
1477.1376953125
 42
-0.4143066406
 10
1115.3615722656
 20
1476.1376953125
  0
LWPOLYLINE
  5
1EC6
330
6F
100
AcDbEntity
  8
0
100
AcDbPolyline
 90
        2
 70
     0
 43
0.0
 10
1065.2615966797
 20
1490.1376953125
 42
0.4143066406
 10
1064.2615966797
 20
1489.1376953125
  0
LWPOLYLINE
  5
1ECA
330
6F
100
AcDbEntity
  8
0
100
AcDbPolyline
 90
        2
 70
     0
 43
0.0
 10
968.7240600585999
 20
1558.1003417969
 42
-0.4141235054
 10
967.7240600585999
 20
1557.1003417969
  0
LWPOLYLINE
  5
1ED2
330
6F
100
AcDbEntity
  8
0
100
AcDbPolyline
 90
        2
 70
     0
 43
0.0
 10
840.1365966796999
 20
1470.087890625
 42
0.4141488075
 10
839.1365966797
 20
1471.0877685547
  0
LWPOLYLINE
  5
1EE6
330
6F
100
AcDbEntity
  8
0
100
AcDbPolyline
 90
        2
 70
     0
 43
0.0
 10
940.1490478516
 20
1546.2877197266
 42
0.414098233
 10
939.1490478516001
 20
1547.2878417969
  0
LWPOLYLINE
  5
1EEA
330
6F
100
AcDbEntity
  8
0
100
AcDbPolyline
 90
        2
 70
     0
 43
0.0
 10
830.8990478515999
 20
1534.2878417969
 42
0.4141846001
 10
831.8990478515999
 20
1533.2878417969
  0
LWPOLYLINE
  5
1EEE
330
6F
100
AcDbEntity
  8
0
100
AcDbPolyline
 90
        2
 70
     0
 43
0.0
 10
962.9615478515999
 20
1476.1378173828
 42
0.4141235054
 10
963.9615478516001
 20
1477.1378173828
  0
LWPOLYLINE
  5
1F12
330
6F
100
AcDbEntity
  8
0
100
AcDbPolyline
 90
        2
 70
     0
 43
0.0
 10
1011.8740844727
 20
1527.2377929688
 42
-0.4141846001
 10
1012.8740844727
 20
1528.2377929688
  0
LWPOLYLINE
  5
1F16
330
6F
100
AcDbEntity
  8
0
100
AcDbPolyline
 90
        2
 70
     0
 43
0.0
 10
840.4240722656
 20
1515.2377929688
 42
0.4143066406
 10
841.4240722656
 20
1514.2377929688
  0
LWPOLYLINE
  5
1F1A
330
6F
100
AcDbEntity
  8
0
100
AcDbPolyline
 90
        2
 70
     0
 43
0.0
 10
905.8115234375
 20
1476.1378173828
 42
0.4141488075
 10
906.8115234375
 20
1477.1376953125
  0
LWPOLYLINE
  5
1F1E
330
6F
100
AcDbEntity
  8
0
100
AcDbPolyline
 90
        2
 70
     0
 43
0.0
 10
859.1865234374999
 20
1496.1877441406
 42
-0.4142456055
 10
858.1865234374999
 20
1495.1877441406
  0
LWPOLYLINE
  5
1F22
330
6F
100
AcDbEntity
  8
0
100
AcDbPolyline
 90
        2
 70
     0
 43
0.0
 10
783.2172851563
 20
1474.1378173828
 42
0.4141488075
 10
784.2172851563
 20
1475.1376953125
  0
LWPOLYLINE
  5
1F26
330
6F
100
AcDbEntity
  8
0
100
AcDbPolyline
 90
        2
 70
     0
 43
0.0
 10
968.7240600585999
 20
1527.2377929688
 42
0.4141235054
 10
967.7240600585999
 20
1528.2377929688
  0
LWPOLYLINE
  5
1F32
330
6F
100
AcDbEntity
  8
0
100
AcDbPolyline
 90
        2
 70
     0
 43
0.0
 10
911.8615722656
 20
1477.1378173828
 42
0.4143066406
 10
912.8615722656
 20
1476.1378173828
  0
LWPOLYLINE
  5
1F3E
330
6F
100
AcDbEntity
  8
0
100
AcDbPolyline
 90
        2
 70
     0
 43
0.0
 10
1121.4154052734
 20
1570.1003417969
 42
-0.4143066406
 10
1122.4154052734
 20
1571.1003417969
  0
LWPOLYLINE
  5
1F46
330
6F
100
AcDbEntity
  8
0
100
AcDbPolyline
 90
        2
 70
     0
 43
0.0
 10
859.1865234374999
 20
1508.1878662109
 42
0.4142709076
 10
858.1865234374999
 20
1509.1877441406
  0
LWPOLYLINE
  5
1F52
330
6F
100
AcDbEntity
  8
0
100
AcDbPolyline
 90
        2
 70
     0
 43
0.0
 10
1121.2021484375
 20
1455.0876464844
 42
0.2679517269
 10
1120.3360595703
 20
1454.5876464844
  0
LWPOLYLINE
  5
1F56
330
6F
100
AcDbEntity
  8
0
100
AcDbPolyline
 90
        2
 70
     0
 43
0.0
 10
893.8115234375
 20
1476.1378173828
 42
-0.4141846001
 10
892.8115234374999
 20
1477.1378173828
  0
LWPOLYLINE
  5
1F5E
330
6F
100
AcDbEntity
  8
0
100
AcDbPolyline
 90
        2
 70
     0
 43
0.0
 10
1022.4117431641
 20
1557.1003417969
 42
-0.4143066406
 10
1021.4117431641
 20
1558.1003417969
  0
LWPOLYLINE
  5
1F6A
330
6F
100
AcDbEntity
  8
0
100
AcDbPolyline
 90
        2
 70
     0
 43
0.0
 10
793.8953247069999
 20
1509.1877441406
 42
-0.4141235054
 10
794.895324707
 20
1508.1877441406
  0
LWPOLYLINE
  5
1F72
330
6F
100
AcDbEntity
  8
0
100
AcDbPolyline
 90
        2
 70
     0
 43
0.0
 10
808.0865478515999
 20
1509.1877441406
 42
0.4141846001
 10
807.0865478515999
 20
1508.1877441406
  0
LWPOLYLINE
  5
1F7A
330
6F
100
AcDbEntity
  8
0
100
AcDbPolyline
 90
        2
 70
     0
 43
0.0
 10
1084.3115234375
 20
1490.1376953125
 42
0.4143066406
 10
1083.3115234375
 20
1489.1376953125
  0
LWPOLYLINE
  5
1F7E
330
6F
100
AcDbEntity
  8
0
100
AcDbPolyline
 90
        2
 70
     0
 43
0.0
 10
1051.0678710938
 20
1471.0877685547
 42
-0.4143066406
 10
1052.0678710938
 20
1470.0877685547
  0
LWPOLYLINE
  5
1F8E
330
6F
100
AcDbEntity
  8
0
100
AcDbPolyline
 90
        2
 70
     0
 43
0.0
 10
1036.7802734375
 20
1490.1378173828
 42
-0.4143066406
 10
1037.7802734375
 20
1489.1378173828
  0
LWPOLYLINE
  5
1F92
330
6F
100
AcDbEntity
  8
0
100
AcDbPolyline
 90
        2
 70
     0
 43
0.0
 10
787.9063720702999
 20
1573.1003417969
 42
0.2680878639
 10
788.7723999022999
 20
1573.6003417969
  0
LWPOLYLINE
  5
1F9A
330
6F
100
AcDbEntity
  8
0
100
AcDbPolyline
 90
        2
 70
     0
 43
0.0
 10
884.2864990234
 20
1495.1877441406
 42
-0.4141846001
 10
883.2864990234
 20
1496.1877441406
  0
LWPOLYLINE
  5
1FA2
330
6F
100
AcDbEntity
  8
0
100
AcDbPolyline
 90
        2
 70
     0
 43
0.0
 10
868.7723999022999
 20
1454.5876464844
 42
0.2680878639
 10
867.9063720703
 20
1455.0876464844
  0
LWPOLYLINE
  5
1FA6
330
6F
100
AcDbEntity
  8
0
100
AcDbPolyline
 90
        2
 70
     0
 43
0.0
 10
952.8054809569999
 20
1451.0653076172
 42
-1.0
 10
956.3054809569999
 20
1451.0653076172
  0
LWPOLYLINE
  5
1FAA
330
6F
100
AcDbEntity
  8
0
100
AcDbPolyline
 90
        2
 70
     0
 43
0.0
 10
835.3740234374999
 20
1515.2376708984
 42
-0.4142709076
 10
834.3740234374999
 20
1514.2377929688
  0
LWPOLYLINE
  5
1FB2
330
6F
100
AcDbEntity
  8
0
100
AcDbPolyline
 90
        2
 70
     0
 43
0.0
 10
961.1995239258
 20
1455.0876464844
 42
0.2680268288
 10
960.3334960937999
 20
1454.5876464844
  0
LWPOLYLINE
  5
1FB6
330
6F
100
AcDbEntity
  8
0
100
AcDbPolyline
 90
        2
 70
     0
 43
0.0
 10
949.9615478516
 20
1477.1378173828
 42
0.4141846001
 10
950.9615478516
 20
1476.1378173828
  0
LWPOLYLINE
  5
1FBA
330
6F
100
AcDbEntity
  8
0
100
AcDbPolyline
 90
        2
 70
     0
 43
0.0
 10
1112.8054199219
 20
1577.1252441406
 42
-0.9999302626
 10
1116.3054199219
 20
1577.125
  0
LWPOLYLINE
  5
1FBE
330
6F
100
AcDbEntity
  8
0
100
AcDbPolyline
 90
        2
 70
     0
 43
0.0
 10
1116.3054199219
 20
1451.0655517578
 42
-0.9999302626
 10
1112.8054199219
 20
1451.0653076172
  0
LWPOLYLINE
  5
1FC2
330
6F
100
AcDbEntity
  8
0
100
AcDbPolyline
 90
        2
 70
     0
 43
0.0
 10
960.4865722655999
 20
1495.1877441406
 42
-0.4142456055
 10
959.4865722655999
 20
1496.1877441406
  0
LWPOLYLINE
  5
1FCE
330
6F
100
AcDbEntity
  8
0
100
AcDbPolyline
 90
        2
 70
     0
 43
0.0
 10
778.5115356444999
 20
1527.2377929688
 42
-0.4141846001
 10
779.5115356444999
 20
1528.2377929688
  0
LWPOLYLINE
  5
1FD2
330
6F
100
AcDbEntity
  8
0
100
AcDbPolyline
 90
        2
 70
     0
 43
0.0
 10
987.7740478516001
 20
1527.2377929688
 42
0.4141235054
 10
986.7740478515999
 20
1528.2377929688
  0
LWPOLYLINE
  5
1FD6
330
6F
100
AcDbEntity
  8
0
100
AcDbPolyline
 90
        2
 70
     0
 43
0.0
 10
964.2490844726999
 20
1534.2878417969
 42
0.4143066406
 10
965.2490844726999
 20
1533.2878417969
  0
LWPOLYLINE
  5
1FDA
330
6F
100
AcDbEntity
  8
0
100
AcDbPolyline
 90
        2
 70
     0
 43
0.0
 10
874.7615356444999
 20
1476.1378173828
 42
-0.4141846001
 10
873.7615356444999
 20
1477.1378173828
  0
LWPOLYLINE
  5
1FDE
330
6F
100
AcDbEntity
  8
0
100
AcDbPolyline
 90
        2
 70
     0
 43
0.0
 10
962.9615478515999
 20
1490.1378173828
 42
-0.4142203331000001
 10
963.9615478516001
 20
1489.1376953125
  0
LWPOLYLINE
  5
1FE2
330
6F
100
AcDbEntity
  8
0
100
AcDbPolyline
 90
        2
 70
     0
 43
0.0
 10
796.305480957
 20
1577.1252441406
 42
1.0
 10
792.8054809569999
 20
1577.1252441406
  0
LWPOLYLINE
  5
1FEA
330
6F
100
AcDbEntity
  8
0
100
AcDbPolyline
 90
        2
 70
     0
 43
0.0
 10
911.5740356445
 20
1570.1002197266
 42
0.414098233
 10
910.5740356445
 20
1571.1003417969
  0
LWPOLYLINE
  5
2006
330
6F
100
AcDbEntity
  8
0
100
AcDbPolyline
 90
        2
 70
     0
 43
0.0
 10
845.1865234375
 20
1496.1877441406
 42
0.4141846001
 10
846.1865234375
 20
1495.1877441406
  0
LWPOLYLINE
  5
200A
330
6F
100
AcDbEntity
  8
0
100
AcDbPolyline
 90
        2
 70
     0
 43
0.0
 10
773.7490234375
 20
1558.1003417969
 42
0.4141846001
 10
774.7490234375
 20
1557.1003417969
  0
LWPOLYLINE
  5
2012
330
6F
100
AcDbEntity
  8
0
100
AcDbPolyline
 90
        2
 70
     0
 43
0.0
 10
1034.4117431641
 20
1571.1003417969
 42
-0.4143066406
 10
1035.4117431641
 20
1570.1003417969
  0
LWPOLYLINE
  5
202E
330
6F
100
AcDbEntity
  8
0
100
AcDbPolyline
 90
        2
 70
     0
 43
0.0
 10
1116.3742675781
 20
1570.1000976563
 42
0.4141340554000001
 10
1115.3742675781
 20
1571.1003417969
  0
LWPOLYLINE
  5
2032
330
6F
100
AcDbEntity
  8
0
100
AcDbPolyline
 90
        2
 70
     0
 43
0.0
 10
954.7240600586
 20
1570.1003417969
 42
-0.4142456055
 10
955.7240600586
 20
1571.1003417969
  0
LWPOLYLINE
  5
2036
330
6F
100
AcDbEntity
  8
0
100
AcDbPolyline
 90
        2
 70
     0
 43
0.0
 10
1121.4154052734
 20
1558.1003417969
 42
0.4143066406
 10
1122.4154052734
 20
1557.1003417969
  0
LWPOLYLINE
  5
203A
330
6F
100
AcDbEntity
  8
0
100
AcDbPolyline
 90
        2
 70
     0
 43
0.0
 10
878.2365722655999
 20
1508.1877441406
 42
0.4141235054
 10
877.2365722655999
 20
1509.1877441406
  0
LWPOLYLINE
  5
203E
330
6F
100
AcDbEntity
  8
0
100
AcDbPolyline
 90
        2
 70
     0
 43
0.0
 10
1121.4116210938
 20
1458.0877685547
 42
0.4143066406
 10
1122.4116210938
 20
1457.0877685547
  0
LWPOLYLINE
  5
2042
330
6F
100
AcDbEntity
  8
0
100
AcDbPolyline
 90
        2
 70
     0
 43
0.0
 10
799.9428710938
 20
1458.0876464844
 42
0.4142456055
 10
800.9428710937999
 20
1457.0876464844
  0
LWPOLYLINE
  5
204A
330
6F
100
AcDbEntity
  8
0
100
AcDbPolyline
 90
        2
 70
     0
 43
0.0
 10
1003.3490600586
 20
1557.1003417969
 42
-0.4143066406
 10
1002.3490600586
 20
1558.1003417969
  0
LWPOLYLINE
  5
2056
330
6F
100
AcDbEntity
  8
0
100
AcDbPolyline
 90
        2
 70
     0
 43
0.0
 10
776.1303100585999
 20
1458.0876464844
 42
0.4141846001
 10
777.1303100586
 20
1457.0876464844
  0
LWPOLYLINE
  5
205A
330
6F
100
AcDbEntity
  8
0
100
AcDbPolyline
 90
        2
 70
     0
 43
0.0
 10
1084.3115234375
 20
1571.1003417969
 42
0.4140625
 10
1083.3115234375
 20
1570.1003417969
  0
LWPOLYLINE
  5
2062
330
6F
100
AcDbEntity
  8
0
100
AcDbPolyline
 90
        2
 70
     0
 43
0.0
 10
947.9063720702999
 20
1573.1003417969
 42
0.2680878639
 10
948.7723999023
 20
1573.6003417969
  0
LWPOLYLINE
  5
2066
330
6F
100
AcDbEntity
  8
0
100
AcDbPolyline
 90
        2
 70
     0
 43
0.0
 10
982.0115356444999
 20
1490.1378173828
 42
-0.4142203331000001
 10
983.0115356445
 20
1489.1376953125
  0
LWPOLYLINE
  5
206A
330
6F
100
AcDbEntity
  8
0
100
AcDbPolyline
 90
        2
 70
     0
 43
0.0
 10
792.5115966797
 20
1515.2376708984
 42
-0.4142709076
 10
791.5115966796999
 20
1514.2377929688
  0
LWPOLYLINE
  5
206E
330
6F
100
AcDbEntity
  8
0
100
AcDbPolyline
 90
        2
 70
     0
 43
0.0
 10
1097.3115234375
 20
1489.1380615234
 42
0.4142604470000001
 10
1096.3115234375
 20
1490.1376953125
  0
LWPOLYLINE
  5
2072
330
6F
100
AcDbEntity
  8
0
100
AcDbPolyline
 90
        2
 70
     0
 43
0.0
 10
984.2990722655999
 20
1547.2878417969
 42
0.4142456055
 10
983.2990722655999
 20
1546.2878417969
  0
LWPOLYLINE
  5
208A
330
6F
100
AcDbEntity
  8
0
100
AcDbPolyline
 90
        2
 70
     0
 43
0.0
 10
845.1865234375
 20
1508.1877441406
 42
-0.4141846001
 10
846.1865234375
 20
1509.1877441406
  0
LWPOLYLINE
  5
2092
330
6F
100
AcDbEntity
  8
0
100
AcDbPolyline
 90
        2
 70
     0
 43
0.0
 10
774.7490234375
 20
1571.1003417969
 42
0.4141846001
 10
773.7490234375
 20
1570.1003417969
  0
LWPOLYLINE
  5
209E
330
6F
100
AcDbEntity
  8
0
100
AcDbPolyline
 90
        2
 70
     0
 43
0.0
 10
979.5365600586
 20
1495.1877441406
 42
-0.4142456055
 10
978.5365600586001
 20
1496.1877441406
  0
LWPOLYLINE
  5
20A6
330
6F
100
AcDbEntity
  8
0
100
AcDbPolyline
 90
        2
 70
     0
 43
0.0
 10
854.4240722655999
 20
1527.2377929688
 42
0.4141235054
 10
853.4240722655999
 20
1528.2377929688
  0
LWPOLYLINE
  5
20AA
330
6F
100
AcDbEntity
  8
0
100
AcDbPolyline
 90
        2
 70
     0
 43
0.0
 10
973.7740478516
 20
1527.2377929688
 42
-0.4141846001
 10
974.7740478516
 20
1528.2377929688
  0
LWPOLYLINE
  5
20AE
330
6F
100
AcDbEntity
  8
0
100
AcDbPolyline
 90
        2
 70
     0
 43
0.0
 10
915.3365478516001
 20
1495.1877441406
 42
0.414098233
 10
916.3365478516
 20
1496.1878662109
  0
LWPOLYLINE
  5
20BE
330
6F
100
AcDbEntity
  8
0
100
AcDbPolyline
 90
        2
 70
     0
 43
0.0
 10
952.8054809569999
 20
1577.1252441406
 42
-1.0
 10
956.3054809569999
 20
1577.1252441406
  0
LWPOLYLINE
  5
20C6
330
6F
100
AcDbEntity
  8
0
100
AcDbPolyline
 90
        2
 70
     0
 43
0.0
 10
836.6614990233999
 20
1476.1378173828
 42
-0.4141846001
 10
835.6614990234
 20
1477.1378173828
  0
LWPOLYLINE
  5
20D6
330
6F
100
AcDbEntity
  8
0
100
AcDbPolyline
 90
        2
 70
     0
 43
0.0
 10
1065.2615966797
 20
1471.0877685547
 42
0.4143066406
 10
1064.2615966797
 20
1470.0877685547
  0
LWPOLYLINE
  5
20DE
330
6F
100
AcDbEntity
  8
0
100
AcDbPolyline
 90
        2
 70
     0
 43
0.0
 10
825.8489990234
 20
1534.2877197266
 42
-0.4142709076
 10
824.8489990234
 20
1533.2878417969
  0
LWPOLYLINE
  5
20F2
330
6F
100
AcDbEntity
  8
0
100
AcDbPolyline
 90
        2
 70
     0
 43
0.0
 10
807.0932617188001
 20
1474.1378173828
 42
0.4141488075
 10
808.0932617188
 20
1475.1376953125
  0
LWPOLYLINE
  5
20FE
330
6F
100
AcDbEntity
  8
0
100
AcDbPolyline
 90
        2
 70
     0
 43
0.0
 10
771.7490234375
 20
1572.1003417969
 42
-0.4141846001
 10
772.7490234374999
 20
1573.1003417969
  0
LWPOLYLINE
  5
2102
330
6F
100
AcDbEntity
  8
0
100
AcDbPolyline
 90
        2
 70
     0
 43
0.0
 10
1003.3490600586
 20
1533.2878417969
 42
-0.4143066406
 10
1002.3490600586
 20
1534.2878417969
  0
LWPOLYLINE
  5
210E
330
6F
100
AcDbEntity
  8
0
100
AcDbPolyline
 90
        2
 70
     0
 43
0.0
 10
1064.2615966797
 20
1458.0877685547
 42
0.4143066406
 10
1065.2615966797
 20
1457.0877685547
  0
LWPOLYLINE
  5
211E
330
6F
100
AcDbEntity
  8
0
100
AcDbPolyline
 90
        2
 70
     0
 43
0.0
 10
898.5740356444999
 20
1557.1003417969
 42
-0.4141846001
 10
897.5740356444999
 20
1558.1003417969
  0
LWPOLYLINE
  5
2122
330
6F
100
AcDbEntity
  8
0
100
AcDbPolyline
 90
        2
 70
     0
 43
0.0
 10
1102.3615722656
 20
1470.0877685547
 42
-0.4143066406
 10
1103.3615722656
 20
1471.0877685547
  0
LWPOLYLINE
  5
212A
330
6F
100
AcDbEntity
  8
0
100
AcDbPolyline
 90
        2
 70
     0
 43
0.0
 10
1022.3424072266
 20
1491.1378173828
 42
0.4142456055
 10
1021.3424072266
 20
1492.1378173828
  0
LWPOLYLINE
  5
212E
330
6F
100
AcDbEntity
  8
0
100
AcDbPolyline
 90
        2
 70
     0
 43
0.0
 10
1136.4154052734
 20
1573.1003417969
 42
-0.4143066406
 10
1137.4154052734
 20
1572.1003417969
  0
LWPOLYLINE
  5
2136
330
6F
100
AcDbEntity
  8
0
100
AcDbPolyline
 90
        2
 70
     0
 43
0.0
 10
1054.4528808594
 20
1489.1379394531
 42
0.4135656059000001
 10
1053.455078125
 20
1490.1378173828
  0
LWPOLYLINE
  5
213A
330
6F
100
AcDbEntity
  8
0
100
AcDbPolyline
 90
        2
 70
     0
 43
0.0
 10
872.805480957
 20
1451.0653076172
 42
-1.0
 10
876.305480957
 20
1451.0653076172
  0
LWPOLYLINE
  5
213E
330
6F
100
AcDbEntity
  8
0
100
AcDbPolyline
 90
        2
 70
     0
 43
0.0
 10
921.0991210938001
 20
1546.2877197266
 42
0.414098233
 10
920.0991210937999
 20
1547.2878417969
  0
LWPOLYLINE
  5
2142
330
6F
100
AcDbEntity
  8
0
100
AcDbPolyline
 90
        2
 70
     0
 43
0.0
 10
1028.7749023438
 20
1454.5876464844
 42
0.2678906024
 10
1027.9089355469
 20
1455.0876464844
  0
LWPOLYLINE
  5
215A
330
6F
100
AcDbEntity
  8
0
100
AcDbPolyline
 90
        2
 70
     0
 43
0.0
 10
844.8990478516
 20
1546.2877197266
 42
0.414098233
 10
843.8990478516
 20
1547.2878417969
  0
LWPOLYLINE
  5
215E
330
6F
100
AcDbEntity
  8
0
100
AcDbPolyline
 90
        2
 70
     0
 43
0.0
 10
1121.4116210938
 20
1489.1376953125
 42
-0.4143066406
 10
1122.4116210938
 20
1490.1376953125
  0
LWPOLYLINE
  5
2166
330
6F
100
AcDbEntity
  8
0
100
AcDbPolyline
 90
        2
 70
     0
 43
0.0
 10
863.9490356445
 20
1558.1003417969
 42
-0.4141235054
 10
862.9490356445
 20
1557.1003417969
  0
LWPOLYLINE
  5
216E
330
6F
100
AcDbEntity
  8
0
100
AcDbPolyline
 90
        2
 70
     0
 43
0.0
 10
907.0989990234
 20
1534.2878417969
 42
0.4141846001
 10
908.0989990234
 20
1533.2878417969
  0
LWPOLYLINE
  5
2172
330
6F
100
AcDbEntity
  8
0
100
AcDbPolyline
 90
        2
 70
     0
 43
0.0
 10
997.2990722656
 20
1534.2878417969
 42
-0.4141235054
 10
996.2990722656
 20
1533.2878417969
  0
LWPOLYLINE
  5
2176
330
6F
100
AcDbEntity
  8
0
100
AcDbPolyline
 90
        2
 70
     0
 43
0.0
 10
1083.3115234375
 20
1477.1376953125
 42
0.4140625
 10
1084.3115234375
 20
1476.1376953125
  0
LWPOLYLINE
  5
218A
330
6F
100
AcDbEntity
  8
0
100
AcDbPolyline
 90
        2
 70
     0
 43
0.0
 10
930.6240234375
 20
1570.1003417969
 42
0.4142456055
 10
929.6240234375
 20
1571.1003417969
  0
LWPOLYLINE
  5
218E
330
6F
100
AcDbEntity
  8
0
100
AcDbPolyline
 90
        2
 70
     0
 43
0.0
 10
864.2365722656
 20
1508.1877441406
 42
-0.4143066406
 10
865.2365722656
 20
1509.1877441406
  0
LWPOLYLINE
  5
2192
330
6F
100
AcDbEntity
  8
0
100
AcDbPolyline
 90
        2
 70
     0
 43
0.0
 10
1083.3115234375
 20
1458.0877685547
 42
0.4143066406
 10
1084.3115234375
 20
1457.0877685547
  0
LWPOLYLINE
  5
2196
330
6F
100
AcDbEntity
  8
0
100
AcDbPolyline
 90
        2
 70
     0
 43
0.0
 10
1046.3620605469
 20
1532.2875976563
 42
0.4141340554000001
 10
1045.3620605469
 20
1533.2878417969
  0
LWPOLYLINE
  5
219E
330
6F
100
AcDbEntity
  8
0
100
AcDbPolyline
 90
        2
 70
     0
 43
0.0
 10
1036.6865234375
 20
1471.0877685547
 42
0.4143066406
 10
1035.6865234375
 20
1470.0877685547
  0
LWPOLYLINE
  5
21AA
330
6F
100
AcDbEntity
  8
0
100
AcDbPolyline
 90
        2
 70
     0
 43
0.0
 10
1015.2553710938
 20
1476.1378173828
 42
-0.4143066406
 10
1014.2553710938
 20
1477.1378173828
  0
LWPOLYLINE
  5
21AE
330
6F
100
AcDbEntity
  8
0
100
AcDbPolyline
 90
        2
 70
     0
 43
0.0
 10
802.3240356444999
 20
1527.2377929688
 42
-0.4141846001
 10
803.3240356445
 20
1528.2377929688
  0
LWPOLYLINE
  5
21B2
330
6F
100
AcDbEntity
  8
0
100
AcDbPolyline
 90
        2
 70
     0
 43
0.0
 10
776.1303100585999
 20
1496.1877441406
 42
0.4141846001
 10
777.1303100586
 20
1495.1877441406
  0
LWPOLYLINE
  5
21BA
330
6F
100
AcDbEntity
  8
0
100
AcDbPolyline
 90
        2
 70
     0
 43
0.0
 10
907.0989990234
 20
1546.2878417969
 42
-0.4141846001
 10
908.0989990234
 20
1547.2878417969
  0
LWPOLYLINE
  5
21CA
330
6F
100
AcDbEntity
  8
0
100
AcDbPolyline
 90
        2
 70
     0
 43
0.0
 10
1102.3742675781
 20
1558.1003417969
 42
0.4143066406
 10
1103.3742675781
 20
1557.1003417969
  0
LWPOLYLINE
  5
21D2
330
6F
100
AcDbEntity
  8
0
100
AcDbPolyline
 90
        2
 70
     0
 43
0.0
 10
944.9114990233999
 20
1489.1378173828
 42
0.4142456055
 10
943.9114990233999
 20
1490.1378173828
  0
LWPOLYLINE
  5
21DA
330
6F
100
AcDbEntity
  8
0
100
AcDbPolyline
 90
        2
 70
     0
 43
0.0
 10
801.0932617188
 20
1475.1378173828
 42
0.4142456055
 10
800.0932617188
 20
1476.1378173828
  0
LWPOLYLINE
  5
21E2
330
6F
100
AcDbEntity
  8
0
100
AcDbPolyline
 90
        2
 70
     0
 43
0.0
 10
876.3209228516
 20
1580.1252441406
 42
-0.2679150105
 10
878.4859619141
 20
1578.8752441406
  0
LWPOLYLINE
  5
21E6
330
6F
100
AcDbEntity
  8
0
100
AcDbPolyline
 90
        2
 70
     0
 43
0.0
 10
1002.0615844727
 20
1477.1378173828
 42
-0.4141235054
 10
1001.0615844727
 20
1476.1378173828
  0
LWPOLYLINE
  5
21EA
330
6F
100
AcDbEntity
  8
0
100
AcDbPolyline
 90
        2
 70
     0
 43
0.0
 10
954.4365844727
 20
1496.1878662109
 42
-0.414098233
 10
953.4365844727
 20
1495.1877441406
  0
LWPOLYLINE
  5
21EE
330
6F
100
AcDbEntity
  8
0
100
AcDbPolyline
 90
        2
 70
     0
 43
0.0
 10
876.305480957
 20
1451.0653076172
 42
-1.0
 10
872.805480957
 20
1451.0653076172
  0
LWPOLYLINE
  5
21F2
330
6F
100
AcDbEntity
  8
0
100
AcDbPolyline
 90
        2
 70
     0
 43
0.0
 10
973.4865722656
 20
1496.1878662109
 42
-0.414098233
 10
972.4865722656
 20
1495.1877441406
  0
LWPOLYLINE
  5
21FA
330
6F
100
AcDbEntity
  8
0
100
AcDbPolyline
 90
        2
 70
     0
 43
0.0
 10
1010.5865478516
 20
1495.1877441406
 42
0.414098233
 10
1011.5865478516
 20
1496.1878662109
  0
LWPOLYLINE
  5
21FE
330
6F
100
AcDbEntity
  8
0
100
AcDbPolyline
 90
        2
 70
     0
 43
0.0
 10
931.9114990234
 20
1476.1378173828
 42
-0.4141846001
 10
930.9114990234
 20
1477.1378173828
  0
LWPOLYLINE
  5
2202
330
6F
100
AcDbEntity
  8
0
100
AcDbPolyline
 90
        2
 70
     0
 43
0.0
 10
897.2864990233999
 20
1508.1878662109
 42
0.4142709076
 10
896.2864990233999
 20
1509.1877441406
  0
LWPOLYLINE
  5
220A
330
6F
100
AcDbEntity
  8
0
100
AcDbPolyline
 90
        2
 70
     0
 43
0.0
 10
1096.3115234375
 20
1476.1376953125
 42
0.4142098725000001
 10
1097.3115234375
 20
1477.1375732422
  0
LWPOLYLINE
  5
220E
330
6F
100
AcDbEntity
  8
0
100
AcDbPolyline
 90
        2
 70
     0
 43
0.0
 10
882.9990234374999
 20
1558.1002197266
 42
-0.4142709076
 10
881.9990234375
 20
1557.1003417969
  0
LWPOLYLINE
  5
2212
330
6F
100
AcDbEntity
  8
0
100
AcDbPolyline
 90
        2
 70
     0
 43
0.0
 10
1097.3115234375
 20
1458.0874023438
 42
-0.4143826067000001
 10
1096.3115234375
 20
1457.0877685547
  0
LWPOLYLINE
  5
2216
330
6F
100
AcDbEntity
  8
0
100
AcDbPolyline
 90
        2
 70
     0
 43
0.0
 10
980.6303710937999
 20
1470.0877685547
 42
0.4141235054
 10
979.6303710938
 20
1471.0877685547
  0
LWPOLYLINE
  5
2226
330
6F
100
AcDbEntity
  8
0
100
AcDbPolyline
 90
        2
 70
     0
 43
0.0
 10
983.0115356445
 20
1477.1378173828
 42
-0.4141235054
 10
982.0115356444999
 20
1476.1378173828
  0
LWPOLYLINE
  5
222E
330
6F
100
AcDbEntity
  8
0
100
AcDbPolyline
 90
        2
 70
     0
 43
0.0
 10
886.7615356445
 20
1490.1378173828
 42
-0.4142203331000001
 10
887.7615356445
 20
1489.1376953125
  0
LWPOLYLINE
  5
223E
330
6F
100
AcDbEntity
  8
0
100
AcDbPolyline
 90
        2
 70
     0
 43
0.0
 10
827.1365356444999
 20
1495.1877441406
 42
-0.4141846001
 10
826.1365356444999
 20
1496.1877441406
  0
LWPOLYLINE
  5
2242
330
6F
100
AcDbEntity
  8
0
100
AcDbPolyline
 90
        2
 70
     0
 43
0.0
 10
811.8489990233999
 20
1558.1003417969
 42
0.4142456055
 10
812.8489990233999
 20
1557.1003417969
  0
LWPOLYLINE
  5
224E
330
6F
100
AcDbEntity
  8
0
100
AcDbPolyline
 90
        2
 70
     0
 43
0.0
 10
1096.3115234375
 20
1557.1003417969
 42
0.4142098725000001
 10
1097.3115234375
 20
1558.1002197266
  0
LWPOLYLINE
  5
2252
330
6F
100
AcDbEntity
  8
0
100
AcDbPolyline
 90
        2
 70
     0
 43
0.0
 10
992.5365600585999
 20
1496.1878662109
 42
-0.414098233
 10
991.5365600586
 20
1495.1877441406
  0
LWPOLYLINE
  5
2256
330
6F
100
AcDbEntity
  8
0
100
AcDbPolyline
 90
        2
 70
     0
 43
0.0
 10
1122.4116210938
 20
1476.1376953125
 42
-0.4143066406
 10
1121.4116210938
 20
1477.1376953125
  0
LWPOLYLINE
  5
225A
330
6F
100
AcDbEntity
  8
0
100
AcDbPolyline
 90
        2
 70
     0
 43
0.0
 10
848.6614990233999
 20
1490.1378173828
 42
-0.4142456055
 10
849.6614990234
 20
1489.1378173828
  0
LWPOLYLINE
  5
225E
330
6F
100
AcDbEntity
  8
0
100
AcDbPolyline
 90
        2
 70
     0
 43
0.0
 10
849.6614990234
 20
1477.1376953125
 42
-0.4141488075
 10
848.6614990233999
 20
1476.1378173828
  0
LWPOLYLINE
  5
2262
330
6F
100
AcDbEntity
  8
0
100
AcDbPolyline
 90
        2
 70
     0
 43
0.0
 10
877.2365722655999
 20
1495.1877441406
 42
0.414098233
 10
878.2365722655999
 20
1496.1878662109
  0
LWPOLYLINE
  5
2266
330
6F
100
AcDbEntity
  8
0
100
AcDbPolyline
 90
        2
 70
     0
 43
0.0
 10
806.7990722656
 20
1546.2877197266
 42
0.414098233
 10
805.7990722655999
 20
1547.2878417969
  0
LWPOLYLINE
  5
226A
330
6F
100
AcDbEntity
  8
0
100
AcDbPolyline
 90
        2
 70
     0
 43
0.0
 10
792.7849731444999
 20
1448.0627441406
 42
-0.2680239975
 10
790.6199340819999
 20
1449.3127441406
  0
LWPOLYLINE
  5
226E
330
6F
100
AcDbEntity
  8
0
100
AcDbPolyline
 90
        2
 70
     0
 43
0.0
 10
911.5740356445
 20
1527.2377929688
 42
0.4141235054
 10
910.5740356445
 20
1528.2377929688
  0
LWPOLYLINE
  5
227A
330
6F
100
AcDbEntity
  8
0
100
AcDbPolyline
 90
        2
 70
     0
 43
0.0
 10
1115.3742675781
 20
1557.1003417969
 42
0.4143066406
 10
1116.3742675781
 20
1558.1003417969
  0
LWPOLYLINE
  5
227E
330
6F
100
AcDbEntity
  8
0
100
AcDbPolyline
 90
        2
 70
     0
 43
0.0
 10
878.5240478516
 20
1515.2377929688
 42
0.4141846001
 10
879.5240478515999
 20
1514.2377929688
  0
LWPOLYLINE
  5
228A
330
6F
100
AcDbEntity
  8
0
100
AcDbPolyline
 90
        2
 70
     0
 43
0.0
 10
1134.4116210938
 20
1471.0877685547
 42
-0.4143066406
 10
1135.4116210938
 20
1470.0877685547
  0
LWPOLYLINE
  5
228E
330
6F
100
AcDbEntity
  8
0
100
AcDbPolyline
 90
        2
 70
     0
 43
0.0
 10
785.8490600586
 20
1554.0939941406
 42
-1.0
 10
785.8490600586
 20
1550.2941894531
  0
LWPOLYLINE
  5
2292
330
6F
100
AcDbEntity
  8
0
100
AcDbPolyline
 90
        2
 70
     0
 43
0.0
 10
1040.3334960938
 20
1573.6003417969
 42
0.2678906024
 10
1041.1994628906
 20
1573.1003417969
  0
LWPOLYLINE
  5
2296
330
6F
100
AcDbEntity
  8
0
100
AcDbPolyline
 90
        2
 70
     0
 43
0.0
 10
835.3740234374999
 20
1527.2379150391
 42
0.4142709076
 10
834.3740234374999
 20
1528.2377929688
  0
LWPOLYLINE
  5
229A
330
6F
100
AcDbEntity
  8
0
100
AcDbPolyline
 90
        2
 70
     0
 43
0.0
 10
787.7490234375
 20
1546.2878417969
 42
0.4142456055
 10
786.7490234375
 20
1547.2878417969
  0
LWPOLYLINE
  5
22AA
330
6F
100
AcDbEntity
  8
0
100
AcDbPolyline
 90
        2
 70
     0
 43
0.0
 10
902.3365478516
 20
1496.1877441406
 42
0.4141846001
 10
903.3365478516
 20
1495.1877441406
  0
LWPOLYLINE
  5
22B2
330
6F
100
AcDbEntity
  8
0
100
AcDbPolyline
 90
        2
 70
     0
 43
0.0
 10
787.7490234375
 20
1570.1003417969
 42
0.4142456055
 10
786.7490234375
 20
1571.1003417969
  0
LWPOLYLINE
  5
22CA
330
6F
100
AcDbEntity
  8
0
100
AcDbPolyline
 90
        2
 70
     0
 43
0.0
 10
988.0615844727
 20
1470.0877685547
 42
-0.4141846001
 10
989.0615844726999
 20
1471.0877685547
  0
LWPOLYLINE
  5
22CE
330
6F
100
AcDbEntity
  8
0
100
AcDbPolyline
 90
        2
 70
     0
 43
0.0
 10
843.8990478516
 20
1571.1003417969
 42
-0.414098233
 10
844.8990478516
 20
1570.1002197266
  0
LWPOLYLINE
  5
22D2
330
6F
100
AcDbEntity
  8
0
100
AcDbPolyline
 90
        2
 70
     0
 43
0.0
 10
778.2172851563
 20
1474.1378173828
 42
-0.4141846001
 10
777.2172851562999
 20
1475.1378173828
  0
LWPOLYLINE
  5
22D6
330
6F
100
AcDbEntity
  8
0
100
AcDbPolyline
 90
        2
 70
     0
 43
0.0
 10
954.4365844727
 20
1508.1877441406
 42
0.4141235054
 10
953.4365844727
 20
1509.1877441406
  0
LWPOLYLINE
  5
22DE
330
6F
100
AcDbEntity
  8
0
100
AcDbPolyline
 90
        2
 70
     0
 43
0.0
 10
796.3209228516
 20
1580.1252441406
 42
-0.2680239975
 10
798.4859619140999
 20
1578.8752441406
  0
LWPOLYLINE
  5
22E2
330
6F
100
AcDbEntity
  8
0
100
AcDbPolyline
 90
        2
 70
     0
 43
0.0
 10
1064.2615966797
 20
1570.1003417969
 42
-0.4143066406
 10
1065.2615966797
 20
1571.1003417969
  0
LWPOLYLINE
  5
22E6
330
6F
100
AcDbEntity
  8
0
100
AcDbPolyline
 90
        2
 70
     0
 43
0.0
 10
872.4739990233999
 20
1514.2377929688
 42
0.4142709076
 10
873.4739990234
 20
1515.2376708984
  0
LWPOLYLINE
  5
2306
330
6F
100
AcDbEntity
  8
0
100
AcDbPolyline
 90
        2
 70
     0
 43
0.0
 10
935.6740722655999
 20
1570.1003417969
 42
-0.4142456055
 10
936.6740722656
 20
1571.1003417969
  0
LWPOLYLINE
  5
230A
330
6F
100
AcDbEntity
  8
0
100
AcDbPolyline
 90
        2
 70
     0
 43
0.0
 10
1036.7802734375
 20
1476.1378173828
 42
0.4140877724
 10
1037.7802734375
 20
1477.1376953125
  0
LWPOLYLINE
  5
2312
330
6F
100
AcDbEntity
  8
0
100
AcDbPolyline
 90
        2
 70
     0
 43
0.0
 10
786.7490234375
 20
1557.1003417969
 42
0.4142709076
 10
787.7490234375
 20
1558.1002197266
  0
LWPOLYLINE
  5
2316
330
6F
100
AcDbEntity
  8
0
100
AcDbPolyline
 90
        2
 70
     0
 43
0.0
 10
840.1365966796999
 20
1508.1878662109
 42
0.4142709076
 10
839.1365966797
 20
1509.1877441406
  0
LWPOLYLINE
  5
231A
330
6F
100
AcDbEntity
  8
0
100
AcDbPolyline
 90
        2
 70
     0
 43
0.0
 10
867.9063720703
 20
1573.1003417969
 42
0.2680878639
 10
868.7723999022999
 20
1573.6003417969
  0
LWPOLYLINE
  5
232A
330
6F
100
AcDbEntity
  8
0
100
AcDbPolyline
 90
        2
 70
     0
 43
0.0
 10
927.1490478516
 20
1547.2878417969
 42
0.4141846001
 10
926.1490478516
 20
1546.2878417969
  0
LWPOLYLINE
  5
232E
330
6F
100
AcDbEntity
  8
0
100
AcDbPolyline
 90
        2
 70
     0
 43
0.0
 10
991.5365600586
 20
1509.1877441406
 42
-0.4141235054
 10
992.5365600585999
 20
1508.1877441406
  0
LWPOLYLINE
  5
2332
330
6F
100
AcDbEntity
  8
0
100
AcDbPolyline
 90
        2
 70
     0
 43
0.0
 10
1077.2614746094
 20
1557.1003417969
 42
0.4142604470000001
 10
1078.2614746094
 20
1558.0999755859
  0
LWPOLYLINE
  5
2336
330
6F
100
AcDbEntity
  8
0
100
AcDbPolyline
 90
        2
 70
     0
 43
0.0
 10
954.7240600586
 20
1558.1003417969
 42
0.4143066406
 10
955.7240600586
 20
1557.1003417969
  0
LWPOLYLINE
  5
233A
330
6F
100
AcDbEntity
  8
0
100
AcDbPolyline
 90
        2
 70
     0
 43
0.0
 10
978.2490844727
 20
1534.2878417969
 42
-0.4141235054
 10
977.2490844727
 20
1533.2878417969
  0
LWPOLYLINE
  5
2342
330
6F
100
AcDbEntity
  8
0
100
AcDbPolyline
 90
        2
 70
     0
 43
0.0
 10
1015.2553710938
 20
1490.1378173828
 42
0.4142456055
 10
1014.2553710938
 20
1489.1378173828
  0
LWPOLYLINE
  5
2346
330
6F
100
AcDbEntity
  8
0
100
AcDbPolyline
 90
        2
 70
     0
 43
0.0
 10
997.2990722656
 20
1558.1003417969
 42
-0.4141235054
 10
996.2990722656
 20
1557.1003417969
  0
LWPOLYLINE
  5
234A
330
6F
100
AcDbEntity
  8
0
100
AcDbPolyline
 90
        2
 70
     0
 43
0.0
 10
798.4859619140999
 20
1449.3127441406
 42
-0.2680239975
 10
796.3209228516
 20
1448.0627441406
  0
LWPOLYLINE
  5
234E
330
6F
100
AcDbEntity
  8
0
100
AcDbPolyline
 90
        2
 70
     0
 43
0.0
 10
882.9990234374999
 20
1546.2878417969
 42
0.4142456055
 10
881.9990234375
 20
1547.2878417969
  0
LWPOLYLINE
  5
2352
330
6F
100
AcDbEntity
  8
0
100
AcDbPolyline
 90
        2
 70
     0
 43
0.0
 10
1083.3115234375
 20
1558.1003417969
 42
0.4143066406
 10
1084.3115234375
 20
1557.1003417969
  0
LWPOLYLINE
  5
235A
330
6F
100
AcDbEntity
  8
0
100
AcDbPolyline
 90
        2
 70
     0
 43
0.0
 10
1122.4116210938
 20
1471.0877685547
 42
0.4143066406
 10
1121.4116210938
 20
1470.0877685547
  0
LWPOLYLINE
  5
235E
330
6F
100
AcDbEntity
  8
0
100
AcDbPolyline
 90
        2
 70
     0
 43
0.0
 10
876.305480957
 20
1577.1252441406
 42
-1.0
 10
872.805480957
 20
1577.1252441406
  0
LWPOLYLINE
  5
2362
330
6F
100
AcDbEntity
  8
0
100
AcDbPolyline
 90
        2
 70
     0
 43
0.0
 10
1023.4860839844
 20
1531.2878417969
 42
-0.4143066406
 10
1022.4860839844
 20
1532.2878417969
  0
LWPOLYLINE
  5
236A
330
6F
100
AcDbEntity
  8
0
100
AcDbPolyline
 90
        2
 70
     0
 43
0.0
 10
796.305480957
 20
1451.0654296875
 42
-1.0
 10
792.8054809569999
 20
1451.0653076172
  0
LWPOLYLINE
  5
2372
330
6F
100
AcDbEntity
  8
0
100
AcDbPolyline
 90
        2
 70
     0
 43
0.0
 10
1036.3054199219
 20
1577.1256103516
 42
-0.9999302626
 10
1032.8054199219
 20
1577.1252441406
  0
LWPOLYLINE
  5
237A
330
6F
100
AcDbEntity
  8
0
100
AcDbPolyline
 90
        2
 70
     0
 43
0.0
 10
1116.3054199219
 20
1577.1256103516
 42
-0.9999302626
 10
1112.8054199219
 20
1577.1252441406
  0
LWPOLYLINE
  5
237E
330
6F
100
AcDbEntity
  8
0
100
AcDbPolyline
 90
        2
 70
     0
 43
0.0
 10
882.9990234374999
 20
1570.1003417969
 42
0.4142456055
 10
881.9990234375
 20
1571.1003417969
  0
LWPOLYLINE
  5
2386
330
6F
100
AcDbEntity
  8
0
100
AcDbPolyline
 90
        2
 70
     0
 43
0.0
 10
949.6740722655999
 20
1527.2377929688
 42
0.4141235054
 10
948.6740722656
 20
1528.2377929688
  0
LWPOLYLINE
  5
238A
330
6F
100
AcDbEntity
  8
0
100
AcDbPolyline
 90
        2
 70
     0
 43
0.0
 10
1003.3490600586
 20
1571.1003417969
 42
0.4142456055
 10
1002.3490600586
 20
1570.1003417969
  0
LWPOLYLINE
  5
238E
330
6F
100
AcDbEntity
  8
0
100
AcDbPolyline
 90
        2
 70
     0
 43
0.0
 10
869.9990234375
 20
1533.2878417969
 42
-0.4141846001
 10
868.9990234375001
 20
1534.2878417969
  0
LWPOLYLINE
  5
239A
330
6F
100
AcDbEntity
  8
0
100
AcDbPolyline
 90
        2
 70
     0
 43
0.0
 10
862.9490356445
 20
1533.2878417969
 42
0.4141235054
 10
863.9490356445
 20
1534.2878417969
  0
LWPOLYLINE
  5
239E
330
6F
100
AcDbEntity
  8
0
100
AcDbPolyline
 90
        2
 70
     0
 43
0.0
 10
899.4740600586
 20
1554.0939941406
 42
1.000064253799999
 10
899.4740600586
 20
1550.2941894531
  0
LWPOLYLINE
  5
23A6
330
6F
100
AcDbEntity
  8
0
100
AcDbPolyline
 90
        2
 70
     0
 43
0.0
 10
921.0991210938001
 20
1470.0877685547
 42
0.4141235054
 10
920.0991210937999
 20
1471.0877685547
  0
LWPOLYLINE
  5
23B6
330
6F
100
AcDbEntity
  8
0
100
AcDbPolyline
 90
        2
 70
     0
 43
0.0
 10
1027.2553710938
 20
1471.0877685547
 42
-0.4143066406
 10
1028.2553710938
 20
1470.0877685547
  0
LWPOLYLINE
  5
23BE
330
6F
100
AcDbEntity
  8
0
100
AcDbPolyline
 90
        2
 70
     0
 43
0.0
 10
916.6240234374999
 20
1558.1003417969
 42
0.4141846001
 10
917.6240234374999
 20
1557.1003417969
  0
LWPOLYLINE
  5
23D6
330
6F
100
AcDbEntity
  8
0
100
AcDbPolyline
 90
        2
 70
     0
 43
0.0
 10
792.5115966797
 20
1527.2379150391
 42
0.4142709076
 10
791.5115966796999
 20
1528.2377929688
  0
LWPOLYLINE
  5
23DE
330
6F
100
AcDbEntity
  8
0
100
AcDbPolyline
 90
        2
 70
     0
 43
0.0
 10
879.5240478515999
 20
1528.2377929688
 42
0.4141846001
 10
878.5240478516
 20
1527.2377929688
  0
LWPOLYLINE
  5
23F2
330
6F
100
AcDbEntity
  8
0
100
AcDbPolyline
 90
        2
 70
     0
 43
0.0
 10
941.4365234374999
 20
1495.1877441406
 42
-0.4141846001
 10
940.4365234374999
 20
1496.1877441406
  0
LWPOLYLINE
  5
23FE
330
6F
100
AcDbEntity
  8
0
100
AcDbPolyline
 90
        2
 70
     0
 43
0.0
 10
985.1990356445
 20
1554.0939941406
 42
1.0000320673
 10
985.1990356445
 20
1550.2941894531
  0
LWPOLYLINE
  5
2402
330
6F
100
AcDbEntity
  8
0
100
AcDbPolyline
 90
        2
 70
     0
 43
0.0
 10
939.1490478516001
 20
1533.2878417969
 42
0.4141235054
 10
940.1490478516
 20
1534.2878417969
  0
LWPOLYLINE
  5
2406
330
6F
100
AcDbEntity
  8
0
100
AcDbPolyline
 90
        2
 70
     0
 43
0.0
 10
854.4240722655999
 20
1515.2377929688
 42
-0.4141235054
 10
853.4240722655999
 20
1514.2377929688
  0
LWPOLYLINE
  5
240A
330
6F
100
AcDbEntity
  8
0
100
AcDbPolyline
 90
        2
 70
     0
 43
0.0
 10
888.0490722656
 20
1534.2878417969
 42
0.4143066406
 10
889.0490722656
 20
1533.2878417969
  0
LWPOLYLINE
  5
241A
330
6F
100
AcDbEntity
  8
0
100
AcDbPolyline
 90
        2
 70
     0
 43
0.0
 10
886.7615356445
 20
1476.1378173828
 42
0.4141235054
 10
887.7615356445
 20
1477.1378173828
  0
LWPOLYLINE
  5
241E
330
6F
100
AcDbEntity
  8
0
100
AcDbPolyline
 90
        2
 70
     0
 43
0.0
 10
825.8489990234
 20
1570.1003417969
 42
0.4142456055
 10
824.8489990234
 20
1571.1003417969
  0
LWPOLYLINE
  5
2422
330
6F
100
AcDbEntity
  8
0
100
AcDbPolyline
 90
        2
 70
     0
 43
0.0
 10
820.0865478516
 20
1495.1877441406
 42
0.414098233
 10
821.0865478516
 20
1496.1878662109
  0
LWPOLYLINE
  5
2426
330
6F
100
AcDbEntity
  8
0
100
AcDbPolyline
 90
        2
 70
     0
 43
0.0
 10
930.6240234375
 20
1515.2376708984
 42
-0.4142709076
 10
929.6240234375
 20
1514.2377929688
  0
LWPOLYLINE
  5
242A
330
6F
100
AcDbEntity
  8
0
100
AcDbPolyline
 90
        2
 70
     0
 43
0.0
 10
966.8240356445
 20
1554.0939941406
 42
-1.0
 10
966.8240356445
 20
1550.2941894531
  0
LWPOLYLINE
  5
242E
330
6F
100
AcDbEntity
  8
0
100
AcDbPolyline
 90
        2
 70
     0
 43
0.0
 10
822.3740234375
 20
1514.2377929688
 42
-0.4141846001
 10
821.3740234375
 20
1515.2377929688
  0
LWPOLYLINE
  5
243A
330
6F
100
AcDbEntity
  8
0
100
AcDbPolyline
 90
        2
 70
     0
 43
0.0
 10
880.3334960938
 20
1573.6003417969
 42
0.2681020498
 10
881.1994628905999
 20
1573.1003417969
  0
LWPOLYLINE
  5
243E
330
6F
100
AcDbEntity
  8
0
100
AcDbPolyline
 90
        2
 70
     0
 43
0.0
 10
968.7240600585999
 20
1515.2377929688
 42
-0.4141235054
 10
967.7240600585999
 20
1514.2377929688
  0
LWPOLYLINE
  5
2442
330
6F
100
AcDbEntity
  8
0
100
AcDbPolyline
 90
        2
 70
     0
 43
0.0
 10
1039.2185058594
 20
1491.1378173828
 42
-0.4143066406
 10
1040.2185058594
 20
1492.1378173828
  0
LWPOLYLINE
  5
2446
330
6F
100
AcDbEntity
  8
0
100
AcDbPolyline
 90
        2
 70
     0
 43
0.0
 10
1029.4860839844
 20
1532.2878417969
 42
-0.4143066406
 10
1028.4860839844
 20
1531.2878417969
  0
LWPOLYLINE
  5
244A
330
6F
100
AcDbEntity
  8
0
100
AcDbPolyline
 90
        2
 70
     0
 43
0.0
 10
1038.4885253906
 20
1449.3127441406
 42
-0.2680239975
 10
1036.3234863281
 20
1448.0627441406
  0
LWPOLYLINE
  5
244E
330
6F
100
AcDbEntity
  8
0
100
AcDbPolyline
 90
        2
 70
     0
 43
0.0
 10
1077.2614746094
 20
1476.1376953125
 42
0.4142098725000001
 10
1078.2614746094
 20
1477.1375732422
  0
LWPOLYLINE
  5
2452
330
6F
100
AcDbEntity
  8
0
100
AcDbPolyline
 90
        2
 70
     0
 43
0.0
 10
840.1365966796999
 20
1496.1877441406
 42
-0.4142456055
 10
839.1365966797
 20
1495.1877441406
  0
LWPOLYLINE
  5
2456
330
6F
100
AcDbEntity
  8
0
100
AcDbPolyline
 90
        2
 70
     0
 43
0.0
 10
1135.4154052734
 20
1570.1003417969
 42
0.4143066406
 10
1134.4154052734
 20
1571.1003417969
  0
LWPOLYLINE
  5
245A
330
6F
100
AcDbEntity
  8
0
100
AcDbPolyline
 90
        2
 70
     0
 43
0.0
 10
824.8489990234
 20
1547.2878417969
 42
-0.4142456055
 10
825.8489990234
 20
1546.2878417969
  0
LWPOLYLINE
  5
2462
330
6F
100
AcDbEntity
  8
0
100
AcDbPolyline
 90
        2
 70
     0
 43
0.0
 10
930.6240234375
 20
1527.2379150391
 42
0.4142709076
 10
929.6240234375
 20
1528.2377929688
  0
LWPOLYLINE
  5
2466
330
6F
100
AcDbEntity
  8
0
100
AcDbPolyline
 90
        2
 70
     0
 43
0.0
 10
825.8489990234
 20
1558.1002197266
 42
-0.4142709076
 10
824.8489990234
 20
1557.1003417969
  0
LWPOLYLINE
  5
246E
330
6F
100
AcDbEntity
  8
0
100
AcDbPolyline
 90
        2
 70
     0
 43
0.0
 10
996.2990722656
 20
1547.2878417969
 42
-0.414098233
 10
997.2990722656
 20
1546.2877197266
  0
LWPOLYLINE
  5
247E
330
6F
100
AcDbEntity
  8
0
100
AcDbPolyline
 90
        2
 70
     0
 43
0.0
 10
997.5865478516
 20
1496.1877441406
 42
0.4141846001
 10
998.5865478516
 20
1495.1877441406
  0
LWPOLYLINE
  5
248A
330
6F
100
AcDbEntity
  8
0
100
AcDbPolyline
 90
        2
 70
     0
 43
0.0
 10
786.7490234375
 20
1533.2878417969
 42
0.4142709076
 10
787.7490234375
 20
1534.2877197266
  0
LWPOLYLINE
  5
2492
330
6F
100
AcDbEntity
  8
0
100
AcDbPolyline
 90
        2
 70
     0
 43
0.0
 10
1096.3115234375
 20
1471.0877685547
 42
-0.4143826067000001
 10
1097.3115234375
 20
1470.0881347656
  0
LWPOLYLINE
  5
249E
330
6F
100
AcDbEntity
  8
0
100
AcDbPolyline
 90
        2
 70
     0
 43
0.0
 10
1006.8240356445
 20
1515.2377929688
 42
-0.4141235054
 10
1005.8240356445
 20
1514.2377929688
  0
LWPOLYLINE
  5
24A2
330
6F
100
AcDbEntity
  8
0
100
AcDbPolyline
 90
        2
 70
     0
 43
0.0
 10
988.0615844727
 20
1458.0876464844
 42
0.4141846001
 10
989.0615844726999
 20
1457.0876464844
  0
LWPOLYLINE
  5
24AA
330
6F
100
AcDbEntity
  8
0
100
AcDbPolyline
 90
        2
 70
     0
 43
0.0
 10
959.1990356445
 20
1546.2877197266
 42
0.414098233
 10
958.1990356445
 20
1547.2878417969
  0
LWPOLYLINE
  5
24B2
330
6F
100
AcDbEntity
  8
0
100
AcDbPolyline
 90
        2
 70
     0
 43
0.0
 10
911.5740356445
 20
1558.1003417969
 42
-0.4141235054
 10
910.5740356445
 20
1557.1003417969
  0
LWPOLYLINE
  5
24BA
330
6F
100
AcDbEntity
  8
0
100
AcDbPolyline
 90
        2
 70
     0
 43
0.0
 10
917.6240234374999
 20
1528.2377929688
 42
0.4141846001
 10
916.6240234374999
 20
1527.2377929688
  0
LWPOLYLINE
  5
24C6
330
6F
100
AcDbEntity
  8
0
100
AcDbPolyline
 90
        2
 70
     0
 43
0.0
 10
1032.7875976563
 20
1448.0627441406
 42
-0.2680239975
 10
1030.6225585938
 20
1449.3127441406
  0
LWPOLYLINE
  5
24CA
330
6F
100
AcDbEntity
  8
0
100
AcDbPolyline
 90
        2
 70
     0
 43
0.0
 10
863.9490356445
 20
1570.1002197266
 42
0.414098233
 10
862.9490356445
 20
1571.1003417969
  0
LWPOLYLINE
  5
24DA
330
6F
100
AcDbEntity
  8
0
100
AcDbPolyline
 90
        2
 70
     0
 43
0.0
 10
931.9114990234
 20
1490.1378173828
 42
0.4141846001
 10
930.9114990234
 20
1489.1378173828
  0
LWPOLYLINE
  5
24DE
330
6F
100
AcDbEntity
  8
0
100
AcDbPolyline
 90
        2
 70
     0
 43
0.0
 10
1010.5865478516
 20
1509.1877441406
 42
-0.4141235054
 10
1011.5865478516
 20
1508.1877441406
  0
LWPOLYLINE
  5
24E2
330
6F
100
AcDbEntity
  8
0
100
AcDbPolyline
 90
        2
 70
     0
 43
0.0
 10
854.7115478515999
 20
1477.1378173828
 42
0.4141846001
 10
855.7115478515999
 20
1476.1378173828
  0
LWPOLYLINE
  5
24EA
330
6F
100
AcDbEntity
  8
0
100
AcDbPolyline
 90
        2
 70
     0
 43
0.0
 10
1053.3620605469
 20
1532.2878417969
 42
-0.4143066406
 10
1052.3620605469
 20
1531.2878417969
  0
LWPOLYLINE
  5
24FA
330
6F
100
AcDbEntity
  8
0
100
AcDbPolyline
 90
        2
 70
     0
 43
0.0
 10
940.4365234374999
 20
1508.1877441406
 42
-0.4141846001
 10
941.4365234374999
 20
1509.1877441406
  0
LWPOLYLINE
  5
24FE
330
6F
100
AcDbEntity
  8
0
100
AcDbPolyline
 90
        2
 70
     0
 43
0.0
 10
813.7490234375
 20
1554.0939941406
 42
0.9999678730999999
 10
813.7490234375
 20
1550.2941894531
  0
LWPOLYLINE
  5
2502
330
6F
100
AcDbEntity
  8
0
100
AcDbPolyline
 90
        2
 70
     0
 43
0.0
 10
844.8990478516
 20
1558.1003417969
 42
-0.4141235054
 10
843.8990478516
 20
1557.1003417969
  0
LWPOLYLINE
  5
2506
330
6F
100
AcDbEntity
  8
0
100
AcDbPolyline
 90
        2
 70
     0
 43
0.0
 10
1041.4528808594
 20
1571.1003417969
 42
0.4140625
 10
1040.4528808594
 20
1570.1003417969
  0
LWPOLYLINE
  5
250A
330
6F
100
AcDbEntity
  8
0
100
AcDbPolyline
 90
        2
 70
     0
 43
0.0
 10
1054.4528808594
 20
1477.1376953125
 42
-0.4140877724
 10
1053.4528808594
 20
1476.1378173828
  0
LWPOLYLINE
  5
2512
330
6F
100
AcDbEntity
  8
0
100
AcDbPolyline
 90
        2
 70
     0
 43
0.0
 10
794.895324707
 20
1496.1878662109
 42
-0.414098233
 10
793.8953247069999
 20
1495.1877441406
  0
LWPOLYLINE
  5
2516
330
6F
100
AcDbEntity
  8
0
100
AcDbPolyline
 90
        2
 70
     0
 43
0.0
 10
898.5740356444999
 20
1514.2377929688
 42
-0.4141846001
 10
897.5740356444999
 20
1515.2377929688
  0
LWPOLYLINE
  5
251A
330
6F
100
AcDbEntity
  8
0
100
AcDbPolyline
 90
        2
 70
     0
 43
0.0
 10
915.3365478516001
 20
1509.1877441406
 42
-0.4141235054
 10
916.3365478516
 20
1508.1877441406
  0
LWPOLYLINE
  5
251E
330
6F
100
AcDbEntity
  8
0
100
AcDbPolyline
 90
        2
 70
     0
 43
0.0
 10
896.1991577147999
 20
1471.0877685547
 42
0.4141846001
 10
895.1991577148
 20
1470.0877685547
  0
LWPOLYLINE
  5
252E
330
6F
100
AcDbEntity
  8
0
100
AcDbPolyline
 90
        2
 70
     0
 43
0.0
 10
943.9114990233999
 20
1476.1378173828
 42
0.4141488075
 10
944.9114990233999
 20
1477.1376953125
  0
LWPOLYLINE
  5
2532
330
6F
100
AcDbEntity
  8
0
100
AcDbPolyline
 90
        2
 70
     0
 43
0.0
 10
984.2990722655999
 20
1557.1003417969
 42
-0.4143066406
 10
983.2990722655999
 20
1558.1003417969
  0
LWPOLYLINE
  5
2536
330
6F
100
AcDbEntity
  8
0
100
AcDbPolyline
 90
        2
 70
     0
 43
0.0
 10
979.6303710938
 20
1457.0876464844
 42
0.414098233
 10
980.6303710937999
 20
1458.0877685547
  0
LWPOLYLINE
  5
253A
330
6F
100
AcDbEntity
  8
0
100
AcDbPolyline
 90
        2
 70
     0
 43
0.0
 10
800.9428710937999
 20
1471.0877685547
 42
0.4143066406
 10
799.9428710938
 20
1470.0877685547
  0
LWPOLYLINE
  5
254A
330
6F
100
AcDbEntity
  8
0
100
AcDbPolyline
 90
        2
 70
     0
 43
0.0
 10
969.0115356445
 20
1489.1378173828
 42
-0.4141846001
 10
970.0115356445
 20
1490.1378173828
  0
LWPOLYLINE
  5
2552
330
6F
100
AcDbEntity
  8
0
100
AcDbPolyline
 90
        2
 70
     0
 43
0.0
 10
1015.3490600586
 20
1533.2878417969
 42
0.4141235054
 10
1016.3490600586
 20
1534.2878417969
  0
LWPOLYLINE
  5
255E
330
6F
100
AcDbEntity
  8
0
100
AcDbPolyline
 90
        2
 70
     0
 43
0.0
 10
1040.4528808594
 20
1558.1003417969
 42
0.4143066406
 10
1041.4528808594
 20
1557.1003417969
  0
LWPOLYLINE
  5
2562
330
6F
100
AcDbEntity
  8
0
100
AcDbPolyline
 90
        2
 70
     0
 43
0.0
 10
830.6115722655999
 20
1489.1376953125
 42
0.4142203331000001
 10
829.6115722655999
 20
1490.1378173828
  0
LWPOLYLINE
  5
256A
330
6F
100
AcDbEntity
  8
0
100
AcDbPolyline
 90
        2
 70
     0
 43
0.0
 10
850.9490356444999
 20
1547.2878417969
 42
0.4141846001
 10
849.9490356444999
 20
1546.2878417969
  0
LWPOLYLINE
  5
256E
330
6F
100
AcDbEntity
  8
0
100
AcDbPolyline
 90
        2
 70
     0
 43
0.0
 10
1134.4116210938
 20
1457.0877685547
 42
0.4143066406
 10
1135.4116210938
 20
1458.0877685547
  0
LWPOLYLINE
  5
2572
330
6F
100
AcDbEntity
  8
0
100
AcDbPolyline
 90
        2
 70
     0
 43
0.0
 10
1036.3208007813
 20
1580.1252441406
 42
-0.2680614889
 10
1038.4859619141
 20
1578.8752441406
  0
LWPOLYLINE
  5
257A
330
6F
100
AcDbEntity
  8
0
100
AcDbPolyline
 90
        2
 70
     0
 43
0.0
 10
945.1990356445
 20
1534.2878417969
 42
0.4141846001
 10
946.1990356444999
 20
1533.2878417969
  0
LWPOLYLINE
  5
257E
330
6F
100
AcDbEntity
  8
0
100
AcDbPolyline
 90
        2
 70
     0
 43
0.0
 10
1112.8054199219
 20
1451.0653076172
 42
-0.9998604654999999
 10
1116.3054199219
 20
1451.0649414063
  0
LWPOLYLINE
  5
2582
330
6F
100
AcDbEntity
  8
0
100
AcDbPolyline
 90
        2
 70
     0
 43
0.0
 10
1030.6198730469
 20
1578.8752441406
 42
-0.2680239975
 10
1032.7849121094
 20
1580.1252441406
  0
LWPOLYLINE
  5
2586
330
6F
100
AcDbEntity
  8
0
100
AcDbPolyline
 90
        2
 70
     0
 43
0.0
 10
1025.8740234375
 20
1515.2376708984
 42
-0.4142098725000001
 10
1024.8740234375
 20
1514.2377929688
  0
LWPOLYLINE
  5
258A
330
6F
100
AcDbEntity
  8
0
100
AcDbPolyline
 90
        2
 70
     0
 43
0.0
 10
1051.0678710938
 20
1457.0876464844
 42
0.4141340554000001
 10
1052.0678710938
 20
1458.087890625
  0
LWPOLYLINE
  5
25A2
330
6F
100
AcDbEntity
  8
0
100
AcDbPolyline
 90
        2
 70
     0
 43
0.0
 10
968.7240600585999
 20
1570.1002197266
 42
0.414098233
 10
967.7240600585999
 20
1571.1003417969
  0
LWPOLYLINE
  5
25AE
330
6F
100
AcDbEntity
  8
0
100
AcDbPolyline
 90
        2
 70
     0
 43
0.0
 10
777.1303100586
 20
1471.0877685547
 42
0.4141846001
 10
776.1303100585999
 20
1470.0877685547
  0
LWPOLYLINE
  5
25BE
330
6F
100
AcDbEntity
  8
0
100
AcDbPolyline
 90
        2
 70
     0
 43
0.0
 10
1032.8054199219
 20
1577.1252441406
 42
-0.9999302626
 10
1036.3054199219
 20
1577.125
  0
LWPOLYLINE
  5
25C2
330
6F
100
AcDbEntity
  8
0
100
AcDbPolyline
 90
        2
 70
     0
 43
0.0
 10
1120.3334960938
 20
1573.6003417969
 42
0.2678906024
 10
1121.1994628906
 20
1573.1003417969
  0
LWPOLYLINE
  5
25C6
330
6F
100
AcDbEntity
  8
0
100
AcDbPolyline
 90
        2
 70
     0
 43
0.0
 10
1027.9063720703
 20
1573.1003417969
 42
0.2680737078
 10
1028.7724609375
 20
1573.6003417969
  0
LWPOLYLINE
  5
25CA
330
6F
100
AcDbEntity
  8
0
100
AcDbPolyline
 90
        2
 70
     0
 43
0.0
 10
830.8990478515999
 20
1570.1003417969
 42
-0.4141846001
 10
831.8990478515999
 20
1571.1003417969
  0
LWPOLYLINE
  5
25CE
330
6F
100
AcDbEntity
  8
0
100
AcDbPolyline
 90
        2
 70
     0
 43
0.0
 10
891.5240478516
 20
1528.2377929688
 42
-0.4141235054
 10
892.5240478516
 20
1527.2377929688
  0
LWPOLYLINE
  5
25DA
330
6F
100
AcDbEntity
  8
0
100
AcDbPolyline
 90
        2
 70
     0
 43
0.0
 10
996.2990722656
 20
1571.1003417969
 42
-0.414098233
 10
997.2990722656
 20
1570.1002197266
  0
LWPOLYLINE
  5
25E6
330
6F
100
AcDbEntity
  8
0
100
AcDbPolyline
 90
        2
 70
     0
 43
0.0
 10
960.3334960937999
 20
1573.6003417969
 42
0.2680268288
 10
961.1995239258
 20
1573.1003417969
  0
LWPOLYLINE
  5
25EA
330
6F
100
AcDbEntity
  8
0
100
AcDbPolyline
 90
        2
 70
     0
 43
0.0
 10
812.8489990233999
 20
1547.2878417969
 42
0.4140625
 10
811.8489990233999
 20
1546.2878417969
  0
LWPOLYLINE
  5
25F2
330
6F
100
AcDbEntity
  8
0
100
AcDbPolyline
 90
        2
 70
     0
 43
0.0
 10
1023.4860839844
 20
1547.2878417969
 42
0.4142456055
 10
1022.4860839844
 20
1546.2878417969
  0
LWPOLYLINE
  5
25F6
330
6F
100
AcDbEntity
  8
0
100
AcDbPolyline
 90
        2
 70
     0
 43
0.0
 10
807.0865478515999
 20
1496.1877441406
 42
0.4141846001
 10
808.0865478515999
 20
1495.1877441406
  0
LWPOLYLINE
  5
2602
330
6F
100
AcDbEntity
  8
0
100
AcDbPolyline
 90
        2
 70
     0
 43
0.0
 10
891.5240478516
 20
1514.2377929688
 42
0.4141235054
 10
892.5240478516
 20
1515.2377929688
  0
LWPOLYLINE
  5
260E
330
6F
100
AcDbEntity
  8
0
100
AcDbPolyline
 90
        2
 70
     0
 43
0.0
 10
1015.3424072266
 20
1491.1378173828
 42
-0.4141846001
 10
1016.3424072266
 20
1492.1378173828
  0
LWPOLYLINE
  5
2616
330
6F
100
AcDbEntity
  8
0
100
AcDbPolyline
 90
        2
 70
     0
 43
0.0
 10
882.9990234374999
 20
1534.2877197266
 42
-0.4142709076
 10
881.9990234375
 20
1533.2878417969
  0
LWPOLYLINE
  5
261E
330
6F
100
AcDbEntity
  8
0
100
AcDbPolyline
 90
        2
 70
     0
 43
0.0
 10
948.7723999023
 20
1454.5876464844
 42
0.2680878639
 10
947.9063720702999
 20
1455.0876464844
  0
LWPOLYLINE
  5
262A
330
6F
100
AcDbEntity
  8
0
100
AcDbPolyline
 90
        2
 70
     0
 43
0.0
 10
978.2490844727
 20
1546.2877197266
 42
0.414098233
 10
977.2490844727
 20
1547.2878417969
  0
LWPOLYLINE
  5
2632
330
6F
100
AcDbEntity
  8
0
100
AcDbPolyline
 90
        2
 70
     0
 43
0.0
 10
930.6240234375
 20
1558.1002197266
 42
-0.4142709076
 10
929.6240234375
 20
1557.1003417969
  0
LWPOLYLINE
  5
263A
330
6F
100
AcDbEntity
  8
0
100
AcDbPolyline
 90
        2
 70
     0
 43
0.0
 10
1135.4116210938
 20
1477.1379394531
 42
-0.4141340554000001
 10
1134.4116210938
 20
1476.1376953125
  0
LWPOLYLINE
  5
2642
330
6F
100
AcDbEntity
  8
0
100
AcDbPolyline
 90
        2
 70
     0
 43
0.0
 10
867.7115478516
 20
1490.1378173828
 42
-0.4142203331000001
 10
868.7115478516
 20
1489.1376953125
  0
LWPOLYLINE
  5
2646
330
6F
100
AcDbEntity
  8
0
100
AcDbPolyline
 90
        2
 70
     0
 43
0.0
 10
1016.3490600586
 20
1558.1003417969
 42
-0.4141235054
 10
1015.3490600586
 20
1557.1003417969
  0
LWPOLYLINE
  5
2656
330
6F
100
AcDbEntity
  8
0
100
AcDbPolyline
 90
        2
 70
     0
 43
0.0
 10
1108.7749023438
 20
1454.5876464844
 42
0.2678906024
 10
1107.9089355469
 20
1455.0876464844
  0
LWPOLYLINE
  5
2666
330
6F
100
AcDbEntity
  8
0
100
AcDbPolyline
 90
        2
 70
     0
 43
0.0
 10
816.3240356444999
 20
1515.2377929688
 42
-0.4141235054
 10
815.3240356445
 20
1514.2377929688
  0
LWPOLYLINE
  5
2672
330
6F
100
AcDbEntity
  8
0
100
AcDbPolyline
 90
        2
 70
     0
 43
0.0
 10
1003.4428710938
 20
1457.0876464844
 42
0.414098233
 10
1004.4428710938
 20
1458.0877685547
  0
LWPOLYLINE
  5
267A
330
6F
100
AcDbEntity
  8
0
100
AcDbPolyline
 90
        2
 70
     0
 43
0.0
 10
1078.2614746094
 20
1570.1004638672
 42
0.4142098725000001
 10
1077.2614746094
 20
1571.1003417969
  0
LWPOLYLINE
  5
2686
330
6F
100
AcDbEntity
  8
0
100
AcDbPolyline
 90
        2
 70
     0
 43
0.0
 10
1107.9063720703
 20
1573.1003417969
 42
0.2680737078
 10
1108.7724609375
 20
1573.6003417969
  0
LWPOLYLINE
  5
268A
330
6F
100
AcDbEntity
  8
0
100
AcDbPolyline
 90
        2
 70
     0
 43
0.0
 10
821.0865478516
 20
1508.1877441406
 42
0.4141235054
 10
820.0865478516
 20
1509.1877441406
  0
LWPOLYLINE
  5
268E
330
6F
100
AcDbEntity
  8
0
100
AcDbPolyline
 90
        2
 70
     0
 43
0.0
 10
1077.2614746094
 20
1490.1376953125
 42
-0.4142604470000001
 10
1078.2614746094
 20
1489.1380615234
  0
LWPOLYLINE
  5
2692
330
6F
100
AcDbEntity
  8
0
100
AcDbPolyline
 90
        2
 70
     0
 43
0.0
 10
883.2864990234
 20
1508.1877441406
 42
-0.4141846001
 10
884.2864990234
 20
1509.1877441406
  0
LWPOLYLINE
  5
269E
330
6F
100
AcDbEntity
  8
0
100
AcDbPolyline
 90
        2
 70
     0
 43
0.0
 10
839.1365966797
 20
1457.0876464844
 42
0.4142456055
 10
840.1365966796999
 20
1458.0876464844
  0
LWPOLYLINE
  5
26A2
330
6F
100
AcDbEntity
  8
0
100
AcDbPolyline
 90
        2
 70
     0
 43
0.0
 10
881.1995239257999
 20
1455.0876464844
 42
0.2680268288
 10
880.3334960938
 20
1454.5876464844
  0
LWPOLYLINE
  5
26A6
330
6F
100
AcDbEntity
  8
0
100
AcDbPolyline
 90
        2
 70
     0
 43
0.0
 10
935.6740722655999
 20
1515.2377929688
 42
0.4143066406
 10
936.6740722656
 20
1514.2377929688
  0
LWPOLYLINE
  5
26C2
330
6F
100
AcDbEntity
  8
0
100
AcDbPolyline
 90
        2
 70
     0
 43
0.0
 10
1102.3615722656
 20
1458.0877685547
 42
0.4143066406
 10
1103.3615722656
 20
1457.0877685547
  0
LWPOLYLINE
  5
26C6
330
6F
100
AcDbEntity
  8
0
100
AcDbPolyline
 90
        2
 70
     0
 43
0.0
 10
888.0490722656
 20
1546.2878417969
 42
-0.4142456055
 10
889.0490722656
 20
1547.2878417969
  0
LWPOLYLINE
  5
26CA
330
6F
100
AcDbEntity
  8
0
100
AcDbPolyline
 90
        2
 70
     0
 43
0.0
 10
826.1365356444999
 20
1508.1877441406
 42
-0.4141846001
 10
827.1365356444999
 20
1509.1877441406
  0
LWPOLYLINE
  5
26CE
330
6F
100
AcDbEntity
  8
0
100
AcDbPolyline
 90
        2
 70
     0
 43
0.0
 10
774.7490234375
 20
1547.2878417969
 42
0.4141846001
 10
773.7490234375
 20
1546.2878417969
  0
LWPOLYLINE
  5
26D6
330
6F
100
AcDbEntity
  8
0
100
AcDbPolyline
 90
        2
 70
     0
 43
0.0
 10
801.1995239258
 20
1455.0876464844
 42
0.2680268288
 10
800.3334960938
 20
1454.5876464844
  0
LWPOLYLINE
  5
26DA
330
6F
100
AcDbEntity
  8
0
100
AcDbPolyline
 90
        2
 70
     0
 43
0.0
 10
892.8115234374999
 20
1489.1378173828
 42
-0.4141846001
 10
893.8115234375
 20
1490.1378173828
  0
LWPOLYLINE
  5
26EA
330
6F
100
AcDbEntity
  8
0
100
AcDbPolyline
 90
        2
 70
     0
 43
0.0
 10
790.6199340819999
 20
1578.8752441406
 42
-0.2680239975
 10
792.7849731444999
 20
1580.1252441406
  0
LWPOLYLINE
  5
26EE
330
6F
100
AcDbEntity
  8
0
100
AcDbPolyline
 90
        2
 70
     0
 43
0.0
 10
849.9490356444999
 20
1558.1003417969
 42
0.4141846001
 10
850.9490356444999
 20
1557.1003417969
  0
LWPOLYLINE
  5
26F6
330
6F
100
AcDbEntity
  8
0
100
AcDbPolyline
 90
        2
 70
     0
 43
0.0
 10
777.1303100586
 20
1509.1877441406
 42
0.4141846001
 10
776.1303100585999
 20
1508.1877441406
  0
LWPOLYLINE
  5
2716
330
6F
100
AcDbEntity
  8
0
100
AcDbPolyline
 90
        2
 70
     0
 43
0.0
 10
970.0115356445
 20
1476.1378173828
 42
-0.4141846001
 10
969.0115356445
 20
1477.1378173828
  0
LWPOLYLINE
  5
271A
330
6F
100
AcDbEntity
  8
0
100
AcDbPolyline
 90
        2
 70
     0
 43
0.0
 10
1035.4117431641
 20
1558.1002197266
 42
-0.4142098725000001
 10
1034.4117431641
 20
1557.1003417969
  0
LWPOLYLINE
  5
271E
330
6F
100
AcDbEntity
  8
0
100
AcDbPolyline
 90
        2
 70
     0
 43
0.0
 10
829.6115722655999
 20
1476.1378173828
 42
0.4141235054
 10
830.6115722655999
 20
1477.1378173828
  0
LWPOLYLINE
  5
2722
330
6F
100
AcDbEntity
  8
0
100
AcDbPolyline
 90
        2
 70
     0
 43
0.0
 10
984.2990722655999
 20
1571.1003417969
 42
0.4142456055
 10
983.2990722655999
 20
1570.1003417969
  0
LWPOLYLINE
  5
2726
330
6F
100
AcDbEntity
  8
0
100
AcDbPolyline
 90
        4
 70
     0
 43
0.0
 10
1116.5405273438
 20
1580.1252441406
 42
-0.1414839625
 10
1117.8642578125
 20
1579.7429199219
 42
-0.1296877712
 10
1118.3363037109
 20
1579.2360839844
 42
-0.0493250675
 10
1118.4859619141
 20
1578.8752441406
  0
LWPOLYLINE
  5
2734
330
6F
100
AcDbEntity
  8
0
100
AcDbPolyline
 90
        2
 70
     0
 43
0.0
 10
849.9490356444999
 20
1570.1003417969
 42
-0.4141846001
 10
850.9490356444999
 20
1571.1003417969
  0
LWPOLYLINE
  5
273C
330
6F
100
AcDbEntity
  8
0
100
AcDbPolyline
 90
        2
 70
     0
 43
0.0
 10
1103.3615722656
 20
1476.1376953125
 42
-0.4140625
 10
1102.3615722656
 20
1477.1376953125
  0
LWPOLYLINE
  5
2740
330
6F
100
AcDbEntity
  8
0
100
AcDbPolyline
 90
        2
 70
     0
 43
0.0
 10
1012.8740844727
 20
1471.0877685547
 42
0.4141846001
 10
1011.8740844727
 20
1470.0877685547
  0
LWPOLYLINE
  5
2754
330
6F
100
AcDbEntity
  8
0
100
AcDbPolyline
 90
        2
 70
     0
 43
0.0
 10
800.3334960938
 20
1573.6003417969
 42
0.2678906024
 10
801.1994628906
 20
1573.1003417969
  0
LWPOLYLINE
  5
275C
330
6F
100
AcDbEntity
  8
0
100
AcDbPolyline
 90
        2
 70
     0
 43
0.0
 10
1115.3615722656
 20
1457.0877685547
 42
0.4140877724
 10
1116.3615722656
 20
1458.0876464844
  0
LWPOLYLINE
  5
2760
330
6F
100
AcDbEntity
  8
0
100
AcDbPolyline
 90
        2
 70
     0
 43
0.0
 10
802.0932617188
 20
1474.1378173828
 42
-0.4141846001
 10
801.0932617188
 20
1475.1378173828
  0
LWPOLYLINE
  5
2768
330
6F
100
AcDbEntity
  8
0
100
AcDbPolyline
 90
        2
 70
     0
 43
0.0
 10
1022.4117431641
 20
1571.1003417969
 42
0.4142456055
 10
1021.4117431641
 20
1570.1003417969
  0
LWPOLYLINE
  5
2774
330
6F
100
AcDbEntity
  8
0
100
AcDbPolyline
 90
        2
 70
     0
 43
0.0
 10
824.7553710937999
 20
1471.0877685547
 42
0.4143066406
 10
823.7553710938
 20
1470.0877685547
  0
LWPOLYLINE
  5
2778
330
6F
100
AcDbEntity
  8
0
100
AcDbPolyline
 90
        2
 70
     0
 43
0.0
 10
872.7849731444999
 20
1448.0627441406
 42
-0.2680239975
 10
870.6199340819999
 20
1449.3127441406
  0
LWPOLYLINE
  5
277C
330
6F
100
AcDbEntity
  8
0
100
AcDbPolyline
 90
        2
 70
     0
 43
0.0
 10
792.7990722656
 20
1534.2878417969
 42
0.4143066406
 10
793.7990722656
 20
1533.2878417969
  0
LWPOLYLINE
  5
2784
330
6F
100
AcDbEntity
  8
0
100
AcDbPolyline
 90
        2
 70
     0
 43
0.0
 10
956.3054809569999
 20
1577.1252441406
 42
-1.0
 10
952.8054809569999
 20
1577.1252441406
  0
LWPOLYLINE
  5
2790
330
6F
100
AcDbEntity
  8
0
100
AcDbPolyline
 90
        2
 70
     0
 43
0.0
 10
867.7115478516
 20
1476.1378173828
 42
0.4141235054
 10
868.7115478516
 20
1477.1378173828
  0
LWPOLYLINE
  5
2794
330
6F
100
AcDbEntity
  8
0
100
AcDbPolyline
 90
        2
 70
     0
 43
0.0
 10
956.3054809569999
 20
1451.0653076172
 42
-1.0
 10
952.8054809569999
 20
1451.0653076172
  0
LWPOLYLINE
  5
279C
330
6F
100
AcDbEntity
  8
0
100
AcDbPolyline
 90
        2
 70
     0
 43
0.0
 10
897.2864990233999
 20
1496.1877441406
 42
-0.4142456055
 10
896.2864990233999
 20
1495.1877441406
  0
LWPOLYLINE
  5
27A0
330
6F
100
AcDbEntity
  8
0
100
AcDbPolyline
 90
        2
 70
     0
 43
0.0
 10
863.9490356445
 20
1546.2877197266
 42
0.414098233
 10
862.9490356445
 20
1547.2878417969
  0
LWPOLYLINE
  5
27A4
330
6F
100
AcDbEntity
  8
0
100
AcDbPolyline
 90
        2
 70
     0
 43
0.0
 10
873.4739990234
 20
1527.2379150391
 42
0.4142709076
 10
872.4739990233999
 20
1528.2377929688
  0
ENDSEC
  0
SECTION
  2
OBJECTS
  0
DICTIONARY
  5
C
330
0
100
AcDbDictionary
281
     1
  3
ACAD_CIP_PREVIOUS_PRODUCT_INFO
350
27BD
  3
ACAD_COLOR
350
62
  3
ACAD_DETAILVIEWSTYLE
350
69
  3
ACAD_GROUP
350
D
  3
ACAD_LAYOUT
350
61
  3
ACAD_MATERIAL
350
10
  3
ACAD_MLEADERSTYLE
350
65
  3
ACAD_MLINESTYLE
350
5E
  3
ACAD_PLOTSETTINGS
350
60
  3
ACAD_PLOTSTYLENAME
350
E
  3
ACAD_SCALELIST
350
42
  3
ACAD_SECTIONVIEWSTYLE
350
67
  3
ACAD_TABLESTYLE
350
63
  3
ACAD_VISUALSTYLE
350
29
  3
ACDB_RECOMPOSE_DATA
350
2B55
  3
AcDbVariableDictionary
350
2B4B
  0
DICTIONARY
  5
2B49
330
54
100
AcDbDictionary
280
     1
281
     1
  3
ADSK_XREC_LAYER_RECONCILED
360
2B4A
  0
XRECORD
  5
27BD
102
{ACAD_REACTORS
330
C
102
}
330
C
100
AcDbXrecord
280
     1
300
ACD
300
2022
300

  0
DICTIONARY
  5
62
102
{ACAD_REACTORS
330
C
102
}
330
C
100
AcDbDictionary
281
     1
  0
DICTIONARY
  5
69
102
{ACAD_REACTORS
330
C
102
}
330
C
100
AcDbDictionary
281
     1
  3
Imperial24
350
6A
  0
DICTIONARY
  5
D
102
{ACAD_REACTORS
330
C
102
}
330
C
100
AcDbDictionary
281
     1
  0
DICTIONARY
  5
61
102
{ACAD_REACTORS
330
C
102
}
330
C
100
AcDbDictionary
281
     1
  3
Model
350
72
  3
布局1
350
6E
  0
DICTIONARY
  5
10
102
{ACAD_REACTORS
330
C
102
}
330
C
100
AcDbDictionary
281
     1
  3
ByBlock
350
19
  3
ByLayer
350
11
  3
Global
350
21
  0
DICTIONARY
  5
65
102
{ACAD_REACTORS
330
C
102
}
330
C
100
AcDbDictionary
281
     1
  3
Standard
350
66
  0
DICTIONARY
  5
5E
102
{ACAD_REACTORS
330
C
102
}
330
C
100
AcDbDictionary
281
     1
  3
Standard
350
5F
  0
DICTIONARY
  5
60
102
{ACAD_REACTORS
330
C
102
}
330
C
100
AcDbDictionary
281
     1
  0
ACDBDICTIONARYWDFLT
  5
E
102
{ACAD_REACTORS
330
C
102
}
330
C
100
AcDbDictionary
281
     1
  3
Normal
350
F
100
AcDbDictionaryWithDefault
340
F
  0
DICTIONARY
  5
42
102
{ACAD_REACTORS
330
C
102
}
330
C
100
AcDbDictionary
281
     1
  3
A0
350
43
  3
A1
350
44
  3
A2
350
45
  3
A3
350
46
  3
A4
350
47
  3
A5
350
48
  3
A6
350
49
  3
A7
350
4A
  3
A8
350
4B
  3
A9
350
4C
  3
B0
350
4D
  3
B1
350
4E
  3
B2
350
4F
  3
B3
350
50
  3
B4
350
51
  3
B5
350
52
  3
B6
350
53
  0
DICTIONARY
  5
67
102
{ACAD_REACTORS
330
C
102
}
330
C
100
AcDbDictionary
281
     1
  3
Imperial24
350
68
  0
DICTIONARY
  5
63
102
{ACAD_REACTORS
330
C
102
}
330
C
100
AcDbDictionary
281
     1
  3
Standard
350
64
  0
DICTIONARY
  5
29
102
{ACAD_REACTORS
330
C
102
}
330
C
100
AcDbDictionary
281
     1
  3
2dWireframe
350
2F
  3
Basic
350
2E
  3
Brighten
350
35
  3
ColorChange
350
39
  3
Conceptual
350
32
  3
Dim
350
34
  3
EdgeColorOff
350
41
  3
Facepattern
350
38
  3
Flat
350
2A
  3
FlatWithEdges
350
2B
  3
Gouraud
350
2C
  3
GouraudWithEdges
350
2D
  3
Hidden
350
31
  3
JitterOff
350
3F
  3
Linepattern
350
37
  3
OverhangOff
350
40
  3
Realistic
350
33
  3
Shaded
350
3E
  3
Shaded with edges
350
3D
  3
Shades of Gray
350
3A
  3
Sketchy
350
3B
  3
Thicken
350
36
  3
Wireframe
350
30
  3
X-Ray
350
3C
  0
XRECORD
  5
2B55
102
{ACAD_REACTORS
330
C
102
}
330
C
100
AcDbXrecord
280
     1
 90
        1
330
64
  0
DICTIONARY
  5
2B4B
102
{ACAD_REACTORS
330
C
102
}
330
C
100
AcDbDictionary
281
     1
  3
CANNOSCALE
350
2B50
  3
CMLEADERSTYLE
350
2B4D
  3
CTABLESTYLE
350
2B4C
  3
CVIEWDETAILSTYLE
350
2B4E
  3
CVIEWSECTIONSTYLE
350
2B4F
  3
XCLIPFRAME
350
2B51
  0
XRECORD
  5
2B4A
102
{ACAD_REACTORS
330
2B49
102
}
330
2B49
100
AcDbXrecord
280
     1
290
     1
  0
ACDBDETAILVIEWSTYLE
  5
6A
102
{ACAD_XDICTIONARY
360
2B8D
102
}
102
{ACAD_REACTORS
330
69
102
}
330
69
100
AcDbModelDocViewStyle
 70
     0
  3
Imperial24
290
     0
100
AcDbDetailViewStyle
 70
     0
 71
     0
 90
        3
 71
     1
340
55
 62
   256
 40
0.24
340
0
 62
   256
 40
0.24
300

 40
0.36
280
     3
 71
     2
340
5C
 90
       25
 62
   256
 71
     3
340
55
 62
   256
 40
0.24
 90
        1
 40
0.75
 90
        1
300
%<\AcVar ViewType \f "%tc1">% %<\AcVar ViewDetailId>%\PSCALE %<\AcVar ViewScale \f "%sn">%
 71
     4
340
5C
 90
       25
 62
   256
340
5C
 90
       25
 62
   256
280
     0
  0
LAYOUT
  5
72
102
{ACAD_REACTORS
330
61
102
}
330
61
100
AcDbPlotSettings
  1

  2
Brother DCP-L2535DW series (副本 1)
  4

  6

 40
0.0
 41
0.0
 42
0.0
 43
0.0
 44
0.0
 45
0.0
 46
0.0
 47
0.0
 48
0.0
 49
0.0
140
0.0
141
0.0
142
1.0
143
1.0
 70
  1712
 72
     0
 73
     0
 74
     0
  7

 75
     0
147
1.0
 76
     0
 77
     2
 78
   300
148
0.0
149
0.0
100
AcDbLayout
  1
Model
 70
     1
 71
     0
 10
0.0
 20
0.0
 11
12.0
 21
9.0
 12
0.0
 22
0.0
 32
0.0
 14
0.0
 24
0.0
 34
0.0
 15
0.0
 25
0.0
 35
0.0
146
0.0
 13
0.0
 23
0.0
 33
0.0
 16
1.0
 26
0.0
 36
0.0
 17
0.0
 27
1.0
 37
0.0
 76
     0
330
6F
331
73
  0
LAYOUT
  5
6E
102
{ACAD_REACTORS
330
61
102
}
330
61
100
AcDbPlotSettings
  1

  2
Brother DCP-L2535DW series (副本 1)
  4

  6

 40
0.0
 41
0.0
 42
0.0
 43
0.0
 44
0.0
 45
0.0
 46
0.0
 47
0.0
 48
0.0
 49
0.0
140
0.0
141
0.0
142
1.0
143
1.0
 70
   688
 72
     0
 73
     0
 74
     5
  7

 75
    16
147
1.0
 76
     0
 77
     2
 78
   300
148
0.0
149
0.0
100
AcDbLayout
  1
布局1
 70
     1
 71
     1
 10
0.0
 20
0.0
 11
12.0
 21
9.0
 12
0.0
 22
0.0
 32
0.0
 14
1.000000000000000E+20
 24
1.000000000000000E+20
 34
1.000000000000000E+20
 15
-1.000000000000000E+20
 25
-1.000000000000000E+20
 35
-1.000000000000000E+20
146
0.0
 13
0.0
 23
0.0
 33
0.0
 16
1.0
 26
0.0
 36
0.0
 17
0.0
 27
1.0
 37
0.0
 76
     0
330
6B
  0
MATERIAL
  5
19
102
{ACAD_XDICTIONARY
360
1A
102
}
102
{ACAD_REACTORS
330
10
102
}
330
10
100
AcDbMaterial
  1
ByBlock
 72
     0
 43
0.0208333333333333
 43
0.0
 43
0.0
 43
0.0
 43
0.0
 43
0.0208333333333333
 43
0.0
 43
0.0
 43
0.0
 43
0.0
 43
1.0
 43
0.0
 43
0.0
 43
0.0
 43
0.0
 43
1.0
 77
     0
 47
0.0208333333333333
 47
0.0
 47
0.0
 47
0.0
 47
0.0
 47
0.0208333333333333
 47
0.0
 47
0.0
 47
0.0
 47
0.0
 47
1.0
 47
0.0
 47
0.0
 47
0.0
 47
0.0
 47
1.0
171
     0
 49
0.0208333333333333
 49
0.0
 49
0.0
 49
0.0
 49
0.0
 49
0.0208333333333333
 49
0.0
 49
0.0
 49
0.0
 49
0.0
 49
1.0
 49
0.0
 49
0.0
 49
0.0
 49
0.0
 49
1.0
175
     0
142
0.0208333333333333
142
0.0
142
0.0
142
0.0
142
0.0
142
0.0208333333333333
142
0.0
142
0.0
142
0.0
142
0.0
142
1.0
142
0.0
142
0.0
142
0.0
142
0.0
142
1.0
179
     0
144
0.0208333333333333
144
0.0
144
0.0
144
0.0
144
0.0
144
0.0208333333333333
144
0.0
144
0.0
144
0.0
144
0.0
144
1.0
144
0.0
144
0.0
144
0.0
144
0.0
144
1.0
147
0.0208333333333333
147
0.0
147
0.0
147
0.0
147
0.0
147
0.0208333333333333
147
0.0
147
0.0
147
0.0
147
0.0
147
1.0
147
0.0
147
0.0
147
0.0
147
0.0
147
1.0
  0
MATERIAL
  5
11
102
{ACAD_XDICTIONARY
360
12
102
}
102
{ACAD_REACTORS
330
10
102
}
330
10
100
AcDbMaterial
  1
ByLayer
 72
     0
 43
0.0208333333333333
 43
0.0
 43
0.0
 43
0.0
 43
0.0
 43
0.0208333333333333
 43
0.0
 43
0.0
 43
0.0
 43
0.0
 43
1.0
 43
0.0
 43
0.0
 43
0.0
 43
0.0
 43
1.0
 77
     0
 47
0.0208333333333333
 47
0.0
 47
0.0
 47
0.0
 47
0.0
 47
0.0208333333333333
 47
0.0
 47
0.0
 47
0.0
 47
0.0
 47
1.0
 47
0.0
 47
0.0
 47
0.0
 47
0.0
 47
1.0
171
     0
 49
0.0208333333333333
 49
0.0
 49
0.0
 49
0.0
 49
0.0
 49
0.0208333333333333
 49
0.0
 49
0.0
 49
0.0
 49
0.0
 49
1.0
 49
0.0
 49
0.0
 49
0.0
 49
0.0
 49
1.0
175
     0
142
0.0208333333333333
142
0.0
142
0.0
142
0.0
142
0.0
142
0.0208333333333333
142
0.0
142
0.0
142
0.0
142
0.0
142
1.0
142
0.0
142
0.0
142
0.0
142
0.0
142
1.0
179
     0
144
0.0208333333333333
144
0.0
144
0.0
144
0.0
144
0.0
144
0.0208333333333333
144
0.0
144
0.0
144
0.0
144
0.0
144
1.0
144
0.0
144
0.0
144
0.0
144
0.0
144
1.0
147
0.0208333333333333
147
0.0
147
0.0
147
0.0
147
0.0
147
0.0208333333333333
147
0.0
147
0.0
147
0.0
147
0.0
147
1.0
147
0.0
147
0.0
147
0.0
147
0.0
147
1.0
  0
MATERIAL
  5
21
102
{ACAD_XDICTIONARY
360
22
102
}
102
{ACAD_REACTORS
330
10
102
}
330
10
100
AcDbMaterial
  1
Global
 72
     0
 43
0.0208333333333333
 43
0.0
 43
0.0
 43
0.0
 43
0.0
 43
0.0208333333333333
 43
0.0
 43
0.0
 43
0.0
 43
0.0
 43
1.0
 43
0.0
 43
0.0
 43
0.0
 43
0.0
 43
1.0
 77
     0
 47
0.0208333333333333
 47
0.0
 47
0.0
 47
0.0
 47
0.0
 47
0.0208333333333333
 47
0.0
 47
0.0
 47
0.0
 47
0.0
 47
1.0
 47
0.0
 47
0.0
 47
0.0
 47
0.0
 47
1.0
171
     0
 49
0.0208333333333333
 49
0.0
 49
0.0
 49
0.0
 49
0.0
 49
0.0208333333333333
 49
0.0
 49
0.0
 49
0.0
 49
0.0
 49
1.0
 49
0.0
 49
0.0
 49
0.0
 49
0.0
 49
1.0
175
     0
142
0.0208333333333333
142
0.0
142
0.0
142
0.0
142
0.0
142
0.0208333333333333
142
0.0
142
0.0
142
0.0
142
0.0
142
1.0
142
0.0
142
0.0
142
0.0
142
0.0
142
1.0
179
     0
144
0.0208333333333333
144
0.0
144
0.0
144
0.0
144
0.0
144
0.0208333333333333
144
0.0
144
0.0
144
0.0
144
0.0
144
1.0
144
0.0
144
0.0
144
0.0
144
0.0
144
1.0
147
0.0208333333333333
147
0.0
147
0.0
147
0.0
147
0.0
147
0.0208333333333333
147
0.0
147
0.0
147
0.0
147
0.0
147
1.0
147
0.0
147
0.0
147
0.0
147
0.0
147
1.0
  0
MLEADERSTYLE
  5
66
102
{ACAD_REACTORS
330
65
102
}
330
65
100
AcDbMLeaderStyle
170
     2
171
     1
172
     0
 90
        2
 40
0.0
 41
0.0
173
     1
 91
-1056964608
340
5A
 92
       -2
290
     1
 42
0.09
291
     1
 43
0.36
  3
Standard
 44
0.18
300

342
55
174
     1
178
     6
175
     1
176
     0
 93
-1056964608
 45
0.18
292
     0
297
     0
 46
0.18
 94
-1056964608
 47
1.0
 49
1.0
140
1.0
293
     1
141
0.0
294
     1
177
     0
142
1.0
295
     0
296
     0
143
0.125
1001
ACAD_MLEADERVER
1070
     2
  0
MLINESTYLE
  5
5F
102
{ACAD_REACTORS
330
5E
102
}
330
5E
100
AcDbMlineStyle
  2
STANDARD
 70
     0
  3

 62
   256
 51
90.0
 52
90.0
 71
     2
 49
0.5
 62
   256
  6
BYLAYER
 49
-0.5
 62
   256
  6
BYLAYER
  0
ACDBPLACEHOLDER
  5
F
102
{ACAD_REACTORS
330
E
102
}
330
E
  0
SCALE
  5
43
102
{ACAD_REACTORS
330
42
102
}
330
42
100
AcDbScale
 70
     0
300
1:1
140
1.0
141
1.0
290
     1
  0
SCALE
  5
44
102
{ACAD_REACTORS
330
42
102
}
330
42
100
AcDbScale
 70
     0
300
1/128" = 1'-0"
140
0.0078125
141
12.0
290
     0
  0
SCALE
  5
45
102
{ACAD_REACTORS
330
42
102
}
330
42
100
AcDbScale
 70
     0
300
1/64" = 1'-0"
140
0.015625
141
12.0
290
     0
  0
SCALE
  5
46
102
{ACAD_REACTORS
330
42
102
}
330
42
100
AcDbScale
 70
     0
300
1/32" = 1'-0"
140
0.03125
141
12.0
290
     0
  0
SCALE
  5
47
102
{ACAD_REACTORS
330
42
102
}
330
42
100
AcDbScale
 70
     0
300
1/16" = 1'-0"
140
0.0625
141
12.0
290
     0
  0
SCALE
  5
48
102
{ACAD_REACTORS
330
42
102
}
330
42
100
AcDbScale
 70
     0
300
3/32" = 1'-0"
140
0.09375
141
12.0
290
     0
  0
SCALE
  5
49
102
{ACAD_REACTORS
330
42
102
}
330
42
100
AcDbScale
 70
     0
300
1/8" = 1'-0"
140
0.125
141
12.0
290
     0
  0
SCALE
  5
4A
102
{ACAD_REACTORS
330
42
102
}
330
42
100
AcDbScale
 70
     0
300
3/16" = 1'-0"
140
0.1875
141
12.0
290
     0
  0
SCALE
  5
4B
102
{ACAD_REACTORS
330
42
102
}
330
42
100
AcDbScale
 70
     0
300
1/4" = 1'-0"
140
0.25
141
12.0
290
     0
  0
SCALE
  5
4C
102
{ACAD_REACTORS
330
42
102
}
330
42
100
AcDbScale
 70
     0
300
3/8" = 1'-0"
140
0.375
141
12.0
290
     0
  0
SCALE
  5
4D
102
{ACAD_REACTORS
330
42
102
}
330
42
100
AcDbScale
 70
     0
300
1/2" = 1'-0"
140
0.5
141
12.0
290
     0
  0
SCALE
  5
4E
102
{ACAD_REACTORS
330
42
102
}
330
42
100
AcDbScale
 70
     0
300
3/4" = 1'-0"
140
0.75
141
12.0
290
     0
  0
SCALE
  5
4F
102
{ACAD_REACTORS
330
42
102
}
330
42
100
AcDbScale
 70
     0
300
1" = 1'-0"
140
1.0
141
12.0
290
     0
  0
SCALE
  5
50
102
{ACAD_REACTORS
330
42
102
}
330
42
100
AcDbScale
 70
     0
300
1-1/2" = 1'-0"
140
1.5
141
12.0
290
     0
  0
SCALE
  5
51
102
{ACAD_REACTORS
330
42
102
}
330
42
100
AcDbScale
 70
     0
300
3" = 1'-0"
140
3.0
141
12.0
290
     0
  0
SCALE
  5
52
102
{ACAD_REACTORS
330
42
102
}
330
42
100
AcDbScale
 70
     0
300
6" = 1'-0"
140
6.0
141
12.0
290
     0
  0
SCALE
  5
53
102
{ACAD_REACTORS
330
42
102
}
330
42
100
AcDbScale
 70
     0
300
1'-0" = 1'-0"
140
12.0
141
12.0
290
     0
  0
ACDBSECTIONVIEWSTYLE
  5
68
102
{ACAD_XDICTIONARY
360
2B8B
102
}
102
{ACAD_REACTORS
330
67
102
}
330
67
100
AcDbModelDocViewStyle
 70
     0
  3
Imperial24
290
     0
100
AcDbSectionViewStyle
 70
     0
 71
     0
 90
       78
 71
     1
340
55
 62
   256
 40
0.24
340
0
340
0
 62
   256
 40
0.24
300
I, O, Q, S, X, Z
 40
0.48
 90
        3
 40
0.18
 90
        1
 71
     2
340
5C
 90
       25
 62
   256
340
5C
 90
       50
 62
   256
 40
0.24
 40
0.0
 40
0.24
 71
     3
340
55
 62
   256
 40
0.24
 90
        1
 40
0.75
 90
        1
300
%<\AcVar ViewType \f "%tc1">% %<\AcVar ViewSectionStartId>%-%<\AcVar ViewSectionEndId>%\PSCALE %<\AcVar ViewScale \f "%sn">%
 71
     4
 62
   256
 62
   257
300
ANSI31
 40
1.0
 90
        0
290
     0
290
     0
 90
        6
 40
0.0
 40
1.570796326794896
 40
0.2617993877991494
 40
1.308996938995747
 40
-0.2617993877991494
 40
1.832595714594046
  0
TABLESTYLE
  5
64
102
{ACAD_XDICTIONARY
360
2B53
102
}
102
{ACAD_REACTORS
330
63
102
}
330
63
100
AcDbTableStyle
  3
Standard
 70
     0
 71
     0
 40
0.06
 41
0.06
280
     0
281
     0
  7
STANDARD
140
0.18
170
     2
 62
     0
 63
     7
283
     0
274
    -2
284
     1
 64
     0
275
    -2
285
     1
 65
     0
276
    -2
286
     1
 66
     0
277
    -2
287
     1
 67
     0
278
    -2
288
     1
 68
     0
279
    -2
289
     1
 69
     0
  7
STANDARD
140
0.25
170
     5
 62
     0
 63
     7
283
     0
274
    -2
284
     1
 64
     0
275
    -2
285
     1
 65
     0
276
    -2
286
     1
 66
     0
277
    -2
287
     1
 67
     0
278
    -2
288
     1
 68
     0
279
    -2
289
     1
 69
     0
  7
STANDARD
140
0.18
170
     5
 62
     0
 63
     7
283
     0
274
    -2
284
     1
 64
     0
275
    -2
285
     1
 65
     0
276
    -2
286
     1
 66
     0
277
    -2
287
     1
 67
     0
278
    -2
288
     1
 68
     0
279
    -2
289
     1
 69
     0
  0
VISUALSTYLE
  5
2F
102
{ACAD_XDICTIONARY
360
2B63
102
}
102
{ACAD_REACTORS
330
29
102
}
330
29
100
AcDbVisualStyle
  2
2dWireframe
 70
     4
 71
     0
 72
     2
 73
     0
 90
        0
 40
-0.6
 41
-30.0
 62
     5
 63
     7
421
 16777215
 74
     1
 91
        4
 64
     7
 65
   257
 75
     1
175
     1
 42
1.0
 92
        0
 66
   257
 43
1.0
 76
     1
 77
     6
 78
     2
 67
     7
 79
     5
170
     0
171
     0
290
     0
174
     0
 93
        1
 44
0.0
173
     0
291
     0
 45
0.0
1001
ACAD
1000
AcDbSavedByObjectVersion
1070
     0
  0
VISUALSTYLE
  5
2E
102
{ACAD_XDICTIONARY
360
2B61
102
}
102
{ACAD_REACTORS
330
29
102
}
330
29
100
AcDbVisualStyle
  2
Basic
 70
     7
 71
     1
 72
     0
 73
     1
 90
        0
 40
-0.6
 41
-30.0
 62
     5
 63
     7
421
 16777215
 74
     0
 91
        4
 64
     7
 65
   257
 75
     1
175
     1
 42
1.0
 92
        8
 66
     7
 43
1.0
 76
     1
 77
     6
 78
     2
 67
     7
 79
     5
170
     0
171
     0
290
     0
174
     0
 93
        1
 44
0.0
173
     0
291
     1
 45
0.0
1001
ACAD
1000
AcDbSavedByObjectVersion
1070
     0
  0
VISUALSTYLE
  5
35
102
{ACAD_XDICTIONARY
360
2B6F
102
}
102
{ACAD_REACTORS
330
29
102
}
330
29
100
AcDbVisualStyle
  2
Brighten
 70
    12
 71
     2
 72
     2
 73
     0
 90
        0
 40
-0.6
 41
-30.0
 62
     5
 63
     7
421
 16777215
 74
     1
 91
        4
 64
     7
 65
   257
 75
     1
175
     1
 42
1.0
 92
        8
 66
     7
 43
1.0
 76
     1
 77
     6
 78
     2
 67
     7
 79
     5
170
     0
171
     0
290
     0
174
     0
 93
        1
 44
50.0
173
     0
291
     1
 45
0.0
1001
ACAD
1000
AcDbSavedByObjectVersion
1070
     0
  0
VISUALSTYLE
  5
39
102
{ACAD_XDICTIONARY
360
2B77
102
}
102
{ACAD_REACTORS
330
29
102
}
330
29
100
AcDbVisualStyle
  2
ColorChange
 70
    16
 71
     2
 72
     2
 73
     3
 90
        0
 40
-0.6
 41
-30.0
 62
     5
 63
     8
421
  8421504
 74
     1
 91
        4
 64
     7
 65
   257
 75
     1
175
     1
 42
1.0
 92
        8
 66
     8
424
  8421504
 43
1.0
 76
     1
 77
     6
 78
     2
 67
     7
 79
     5
170
     0
171
     0
290
     0
174
     0
 93
        1
 44
0.0
173
     0
291
     1
 45
0.0
1001
ACAD
1000
AcDbSavedByObjectVersion
1070
     0
  0
VISUALSTYLE
  5
32
102
{ACAD_XDICTIONARY
360
2B69
102
}
102
{ACAD_REACTORS
330
29
102
}
330
29
100
AcDbVisualStyle
  2
Conceptual
 70
     9
 71
     3
 72
     2
 73
     0
 90
        0
 40
-0.6
 41
-30.0
 62
     5
 63
     7
421
 16777215
 74
     2
 91
        2
 64
     7
 65
   257
 75
     1
175
     1
 42
179.0
 92
        8
 66
     7
 43
1.0
 76
     1
 77
     6
 78
     2
 67
     7
 79
     3
170
     0
171
     0
290
     0
174
     0
 93
        1
 44
0.0
173
     0
291
     0
 45
0.0
1001
ACAD
1000
AcDbSavedByObjectVersion
1070
     0
  0
VISUALSTYLE
  5
34
102
{ACAD_XDICTIONARY
360
2B6D
102
}
102
{ACAD_REACTORS
330
29
102
}
330
29
100
AcDbVisualStyle
  2
Dim
 70
    11
 71
     2
 72
     2
 73
     0
 90
        0
 40
-0.6
 41
-30.0
 62
     5
 63
     7
421
 16777215
 74
     1
 91
        4
 64
     7
 65
   257
 75
     1
175
     1
 42
1.0
 92
        8
 66
     7
 43
1.0
 76
     1
 77
     6
 78
     2
 67
     7
 79
     5
170
     0
171
     0
290
     0
174
     0
 93
        1
 44
-50.0
173
     0
291
     1
 45
0.0
1001
ACAD
1000
AcDbSavedByObjectVersion
1070
     0
  0
VISUALSTYLE
  5
41
102
{ACAD_XDICTIONARY
360
2B87
102
}
102
{ACAD_REACTORS
330
29
102
}
330
29
100
AcDbVisualStyle
  2
EdgeColorOff
 70
    22
 71
     2
 72
     2
 73
     0
 90
        0
 40
-0.6
 41
-30.0
 62
     5
 63
     7
421
 16777215
 74
     1
 91
        4
 64
     7
 65
   257
 75
     1
175
     1
 42
1.0
 92
        8
 66
     7
 43
1.0
 76
     1
 77
     6
 78
     2
 67
     7
 79
     5
170
     0
171
     0
290
     0
174
     0
 93
        1
 44
0.0
173
     0
291
     1
 45
0.0
1001
ACAD
1000
AcDbSavedByObjectVersion
1070
     0
  0
VISUALSTYLE
  5
38
102
{ACAD_XDICTIONARY
360
2B75
102
}
102
{ACAD_REACTORS
330
29
102
}
330
29
100
AcDbVisualStyle
  2
Facepattern
 70
    15
 71
     2
 72
     2
 73
     0
 90
        0
 40
-0.6
 41
-30.0
 62
     5
 63
     7
421
 16777215
 74
     1
 91
        4
 64
     7
 65
   257
 75
     1
175
     1
 42
1.0
 92
        8
 66
     7
 43
1.0
 76
     1
 77
     6
 78
     2
 67
     7
 79
     5
170
     0
171
     0
290
     0
174
     0
 93
        1
 44
0.0
173
     0
291
     1
 45
0.0
1001
ACAD
1000
AcDbSavedByObjectVersion
1070
     0
  0
VISUALSTYLE
  5
2A
102
{ACAD_XDICTIONARY
360
2B59
102
}
102
{ACAD_REACTORS
330
29
102
}
330
29
100
AcDbVisualStyle
  2
Flat
 70
     0
 71
     2
 72
     1
 73
     1
 90
        2
 40
-0.6
 41
30.0
 62
     5
 63
     7
421
 16777215
 74
     0
 91
        0
 64
     7
 65
   257
 75
     1
175
     1
 42
1.0
 92
        8
 66
     7
 43
1.0
 76
     1
 77
     6
 78
     2
 67
     7
 79
     5
170
     0
171
     0
290
     0
174
     0
 93
       13
 44
0.0
173
     0
291
     1
 45
0.0
1001
ACAD
1000
AcDbSavedByObjectVersion
1070
     0
  0
VISUALSTYLE
  5
2B
102
{ACAD_XDICTIONARY
360
2B5B
102
}
102
{ACAD_REACTORS
330
29
102
}
330
29
100
AcDbVisualStyle
  2
FlatWithEdges
 70
     1
 71
     2
 72
     1
 73
     1
 90
        2
 40
-0.6
 41
30.0
 62
     5
 63
     7
421
 16777215
 74
     1
 91
        0
 64
     7
 65
   257
 75
     1
175
     1
 42
1.0
 92
        0
 66
   257
 43
1.0
 76
     1
 77
     6
 78
     2
 67
     7
 79
     5
170
     0
171
     0
290
     0
174
     0
 93
       13
 44
0.0
173
     0
291
     1
 45
0.0
1001
ACAD
1000
AcDbSavedByObjectVersion
1070
     0
  0
VISUALSTYLE
  5
2C
102
{ACAD_XDICTIONARY
360
2B5D
102
}
102
{ACAD_REACTORS
330
29
102
}
330
29
100
AcDbVisualStyle
  2
Gouraud
 70
     2
 71
     2
 72
     2
 73
     1
 90
        2
 40
-0.6
 41
30.0
 62
     5
 63
     7
421
 16777215
 74
     0
 91
        0
 64
     7
 65
   257
 75
     1
175
     1
 42
1.0
 92
        0
 66
     7
 43
1.0
 76
     1
 77
     6
 78
     2
 67
     7
 79
     5
170
     0
171
     0
290
     0
174
     0
 93
       13
 44
0.0
173
     0
291
     1
 45
0.0
1001
ACAD
1000
AcDbSavedByObjectVersion
1070
     0
  0
VISUALSTYLE
  5
2D
102
{ACAD_XDICTIONARY
360
2B5F
102
}
102
{ACAD_REACTORS
330
29
102
}
330
29
100
AcDbVisualStyle
  2
GouraudWithEdges
 70
     3
 71
     2
 72
     2
 73
     1
 90
        2
 40
-0.6
 41
30.0
 62
     5
 63
     7
421
 16777215
 74
     1
 91
        0
 64
     7
 65
   257
 75
     1
175
     1
 42
1.0
 92
        0
 66
   257
 43
1.0
 76
     1
 77
     6
 78
     2
 67
     7
 79
     5
170
     0
171
     0
290
     0
174
     0
 93
       13
 44
0.0
173
     0
291
     1
 45
0.0
1001
ACAD
1000
AcDbSavedByObjectVersion
1070
     0
  0
VISUALSTYLE
  5
31
102
{ACAD_XDICTIONARY
360
2B67
102
}
102
{ACAD_REACTORS
330
29
102
}
330
29
100
AcDbVisualStyle
  2
Hidden
 70
     6
 71
     1
 72
     2
 73
     2
 90
        0
 40
-0.6
 41
-30.0
 62
     5
 63
     7
421
 16777215
 74
     2
 91
        2
 64
     7
 65
   257
 75
     2
175
     1
 42
40.0
 92
        0
 66
   257
 43
1.0
 76
     1
 77
     6
 78
     2
 67
     7
 79
     3
170
     0
171
     0
290
     0
174
     0
 93
        1
 44
0.0
173
     0
291
     0
 45
0.0
1001
ACAD
1000
AcDbSavedByObjectVersion
1070
     0
  0
VISUALSTYLE
  5
3F
102
{ACAD_XDICTIONARY
360
2B83
102
}
102
{ACAD_REACTORS
330
29
102
}
330
29
100
AcDbVisualStyle
  2
JitterOff
 70
    20
 71
     2
 72
     2
 73
     0
 90
        0
 40
-0.6
 41
-30.0
 62
     5
 63
     7
421
 16777215
 74
     1
 91
        4
 64
     7
 65
   257
 75
     1
175
     1
 42
1.0
 92
       10
 66
     7
 43
1.0
 76
     1
 77
     6
 78
     2
 67
     7
 79
     5
170
     0
171
     0
290
     0
174
     0
 93
        1
 44
0.0
173
     0
291
     1
 45
0.0
1001
ACAD
1000
AcDbSavedByObjectVersion
1070
     0
  0
VISUALSTYLE
  5
37
102
{ACAD_XDICTIONARY
360
2B73
102
}
102
{ACAD_REACTORS
330
29
102
}
330
29
100
AcDbVisualStyle
  2
Linepattern
 70
    14
 71
     2
 72
     2
 73
     0
 90
        0
 40
-0.6
 41
-30.0
 62
     5
 63
     7
421
 16777215
 74
     1
 91
        4
 64
     7
 65
   257
 75
     7
175
     7
 42
1.0
 92
        8
 66
     7
 43
1.0
 76
     1
 77
     6
 78
     2
 67
     7
 79
     5
170
     0
171
     0
290
     0
174
     0
 93
        1
 44
0.0
173
     0
291
     1
 45
0.0
1001
ACAD
1000
AcDbSavedByObjectVersion
1070
     0
  0
VISUALSTYLE
  5
40
102
{ACAD_XDICTIONARY
360
2B85
102
}
102
{ACAD_REACTORS
330
29
102
}
330
29
100
AcDbVisualStyle
  2
OverhangOff
 70
    21
 71
     2
 72
     2
 73
     0
 90
        0
 40
-0.6
 41
-30.0
 62
     5
 63
     7
421
 16777215
 74
     1
 91
        4
 64
     7
 65
   257
 75
     1
175
     1
 42
1.0
 92
        9
 66
     7
 43
1.0
 76
     1
 77
     6
 78
     2
 67
     7
 79
     5
170
     0
171
     0
290
     0
174
     0
 93
        1
 44
0.0
173
     0
291
     1
 45
0.0
1001
ACAD
1000
AcDbSavedByObjectVersion
1070
     0
  0
VISUALSTYLE
  5
33
102
{ACAD_XDICTIONARY
360
2B6B
102
}
102
{ACAD_REACTORS
330
29
102
}
330
29
100
AcDbVisualStyle
  2
Realistic
 70
     8
 71
     2
 72
     3
 73
     0
 90
        2
 40
-0.6
 41
30.0
 62
     5
 63
     7
421
 16777215
 74
     0
 91
        0
 64
     7
 65
   257
 75
     1
175
     1
 42
1.0
 92
        8
 66
   257
 43
1.0
 76
     1
 77
     6
 78
     2
 67
     7
 79
     3
170
     0
171
     0
290
     0
174
     0
 93
       13
 44
0.0
173
     0
291
     0
 45
0.0
1001
ACAD
1000
AcDbSavedByObjectVersion
1070
     0
  0
VISUALSTYLE
  5
3E
102
{ACAD_XDICTIONARY
360
2B81
102
}
102
{ACAD_REACTORS
330
29
102
}
330
29
100
AcDbVisualStyle
  2
Shaded
 70
    27
 71
     2
 72
     2
 73
     1
 90
        2
 40
-0.6
 41
30.0
 62
     5
 63
     7
421
 16777215
 74
     0
 91
        4
 64
     7
 65
   257
 75
     1
175
     1
 42
1.0
 92
        8
 66
   257
 43
1.0
 76
     1
 77
     6
 78
     2
 67
     8
425
  7895160
 79
     3
170
     0
171
     0
290
     0
174
     0
 93
        5
 44
0.0
173
     0
291
     0
 45
0.0
1001
ACAD
1000
AcDbSavedByObjectVersion
1070
     0
  0
VISUALSTYLE
  5
3D
102
{ACAD_XDICTIONARY
360
2B7F
102
}
102
{ACAD_REACTORS
330
29
102
}
330
29
100
AcDbVisualStyle
  2
Shaded with edges
 70
    26
 71
     2
 72
     2
 73
     1
 90
        2
 40
-0.6
 41
30.0
 62
     5
 63
     7
421
 16777215
 74
     1
 91
        2
 64
     7
 65
   257
 75
     2
175
     1
 42
1.0
 92
        8
 66
   257
 43
1.0
 76
     1
 77
     6
 78
     2
 67
     7
 79
     3
170
     0
171
     0
290
     0
174
     0
 93
        5
 44
0.0
173
     0
291
     0
 45
0.0
1001
ACAD
1000
AcDbSavedByObjectVersion
1070
     0
  0
VISUALSTYLE
  5
3A
102
{ACAD_XDICTIONARY
360
2B79
102
}
102
{ACAD_REACTORS
330
29
102
}
330
29
100
AcDbVisualStyle
  2
Shades of Gray
 70
    23
 71
     2
 72
     2
 73
     3
 90
        0
 40
-0.6
 41
-30.0
 62
     5
 63
     7
421
 16777215
 74
     2
 91
        2
 64
     7
 65
     7
 75
     1
175
     1
 42
40.0
 92
        8
 66
     7
 43
1.0
 76
     1
 77
     6
 78
     2
 67
     7
 79
     3
170
     0
171
     0
290
     0
174
     0
 93
        1
 44
0.0
173
     0
291
     0
 45
0.0
1001
ACAD
1000
AcDbSavedByObjectVersion
1070
     0
  0
VISUALSTYLE
  5
3B
102
{ACAD_XDICTIONARY
360
2B7B
102
}
102
{ACAD_REACTORS
330
29
102
}
330
29
100
AcDbVisualStyle
  2
Sketchy
 70
    24
 71
     1
 72
     2
 73
     2
 90
        0
 40
-0.6
 41
-30.0
 62
     5
 63
     7
421
 16777215
 74
     2
 91
        2
 64
     7
 65
     7
 75
     1
175
     1
 42
40.0
 92
       11
 66
     7
 43
1.0
 76
     1
 77
     6
 78
     2
 67
     7
 79
     6
170
     0
171
     0
290
     0
174
     0
 93
        1
 44
0.0
173
     0
291
     0
 45
0.0
1001
ACAD
1000
AcDbSavedByObjectVersion
1070
     0
  0
VISUALSTYLE
  5
36
102
{ACAD_XDICTIONARY
360
2B71
102
}
102
{ACAD_REACTORS
330
29
102
}
330
29
100
AcDbVisualStyle
  2
Thicken
 70
    13
 71
     2
 72
     2
 73
     0
 90
        0
 40
-0.6
 41
-30.0
 62
     5
 63
     7
421
 16777215
 74
     1
 91
        4
 64
     7
 65
   257
 75
     1
175
     1
 42
1.0
 92
       12
 66
     7
 43
1.0
 76
     1
 77
     6
 78
     2
 67
     7
 79
     5
170
     0
171
     0
290
     0
174
     0
 93
        1
 44
0.0
173
     0
291
     1
 45
0.0
1001
ACAD
1000
AcDbSavedByObjectVersion
1070
     0
  0
VISUALSTYLE
  5
30
102
{ACAD_XDICTIONARY
360
2B65
102
}
102
{ACAD_REACTORS
330
29
102
}
330
29
100
AcDbVisualStyle
  2
Wireframe
 70
     5
 71
     0
 72
     2
 73
     0
 90
        0
 40
-0.6
 41
-30.0
 62
     5
 63
     7
421
 16777215
 74
     1
 91
        4
 64
     7
 65
   257
 75
     1
175
     1
 42
1.0
 92
        0
 66
   257
 43
1.0
 76
     1
 77
     6
 78
     2
 67
     7
 79
     3
170
     0
171
     0
290
     0
174
     0
 93
        1
 44
0.0
173
     0
291
     0
 45
0.0
1001
ACAD
1000
AcDbSavedByObjectVersion
1070
     0
  0
VISUALSTYLE
  5
3C
102
{ACAD_XDICTIONARY
360
2B7D
102
}
102
{ACAD_REACTORS
330
29
102
}
330
29
100
AcDbVisualStyle
  2
X-Ray
 70
    25
 71
     2
 72
     2
 73
     1
 90
        1
 40
0.5
 41
-30.0
 62
     5
 63
     7
421
 16777215
 74
     1
 91
        0
 64
     7
 65
   257
 75
     1
175
     1
 42
1.0
 92
        8
 66
     7
 43
1.0
 76
     1
 77
     6
 78
     2
 67
     7
 79
     3
170
     0
171
     0
290
     0
174
     0
 93
       13
 44
0.0
173
     0
291
     0
 45
0.0
1001
ACAD
1000
AcDbSavedByObjectVersion
1070
     0
  0
DICTIONARYVAR
  5
2B50
102
{ACAD_REACTORS
330
2B4B
102
}
330
2B4B
100
DictionaryVariables
280
     0
  1
1:1
  0
DICTIONARYVAR
  5
2B4D
102
{ACAD_REACTORS
330
2B4B
102
}
330
2B4B
100
DictionaryVariables
280
     0
  1
STANDARD
  0
DICTIONARYVAR
  5
2B4C
102
{ACAD_REACTORS
330
2B4B
102
}
330
2B4B
100
DictionaryVariables
280
     0
  1
STANDARD
  0
DICTIONARYVAR
  5
2B4E
102
{ACAD_REACTORS
330
2B4B
102
}
330
2B4B
100
DictionaryVariables
280
     0
  1
Imperial24
  0
DICTIONARYVAR
  5
2B4F
102
{ACAD_REACTORS
330
2B4B
102
}
330
2B4B
100
DictionaryVariables
280
     0
  1
Imperial24
  0
DICTIONARYVAR
  5
2B51
102
{ACAD_REACTORS
330
2B4B
102
}
330
2B4B
100
DictionaryVariables
280
     0
  1
2
  0
DICTIONARY
  5
2B8D
330
6A
100
AcDbDictionary
280
     1
281
     1
  3
ACAD_XREC_ROUNDTRIP
360
2B8E
  0
DICTIONARY
  5
1A
330
19
100
AcDbDictionary
280
     1
281
     1
  3
ACAD_XREC_ROUNDTRIP
360
2B57
  3
BUMPTILE
360
1C
  3
DIFFUSETILE
360
1B
  3
OPACITYTILE
360
1F
  3
REFLECTIONTILE
360
1E
  3
REFRACTIONTILE
360
20
  3
SPECULARTILE
360
1D
  0
DICTIONARY
  5
12
330
11
100
AcDbDictionary
280
     1
281
     1
  3
ACAD_XREC_ROUNDTRIP
360
2B56
  3
BUMPTILE
360
14
  3
DIFFUSETILE
360
13
  3
OPACITYTILE
360
17
  3
REFLECTIONTILE
360
16
  3
REFRACTIONTILE
360
18
  3
SPECULARTILE
360
15
  0
DICTIONARY
  5
22
330
21
100
AcDbDictionary
280
     1
281
     1
  3
ACAD_XREC_ROUNDTRIP
360
2B58
  3
BUMPTILE
360
24
  3
DIFFUSETILE
360
23
  3
OPACITYTILE
360
27
  3
REFLECTIONTILE
360
26
  3
REFRACTIONTILE
360
28
  3
SPECULARTILE
360
25
  0
DICTIONARY
  5
2B8B
330
68
100
AcDbDictionary
280
     1
281
     1
  3
ACAD_XREC_ROUNDTRIP
360
2B8C
  0
DICTIONARY
  5
2B53
330
64
100
AcDbDictionary
280
     1
281
     1
  3
ACAD_ROUNDTRIP_2008_TABLESTYLE_CELLSTYLEMAP
360
2B54
  3
ACAD_XREC_ROUNDTRIP
360
2B89
  0
DICTIONARY
  5
2B63
330
2F
100
AcDbDictionary
280
     1
281
     1
  3
ACAD_XREC_ROUNDTRIP
360
2B64
  0
DICTIONARY
  5
2B61
330
2E
100
AcDbDictionary
280
     1
281
     1
  3
ACAD_XREC_ROUNDTRIP
360
2B62
  0
DICTIONARY
  5
2B6F
330
35
100
AcDbDictionary
280
     1
281
     1
  3
ACAD_XREC_ROUNDTRIP
360
2B70
  0
DICTIONARY
  5
2B77
330
39
100
AcDbDictionary
280
     1
281
     1
  3
ACAD_XREC_ROUNDTRIP
360
2B78
  0
DICTIONARY
  5
2B69
330
32
100
AcDbDictionary
280
     1
281
     1
  3
ACAD_XREC_ROUNDTRIP
360
2B6A
  0
DICTIONARY
  5
2B6D
330
34
100
AcDbDictionary
280
     1
281
     1
  3
ACAD_XREC_ROUNDTRIP
360
2B6E
  0
DICTIONARY
  5
2B87
330
41
100
AcDbDictionary
280
     1
281
     1
  3
ACAD_XREC_ROUNDTRIP
360
2B88
  0
DICTIONARY
  5
2B75
330
38
100
AcDbDictionary
280
     1
281
     1
  3
ACAD_XREC_ROUNDTRIP
360
2B76
  0
DICTIONARY
  5
2B59
330
2A
100
AcDbDictionary
280
     1
281
     1
  3
ACAD_XREC_ROUNDTRIP
360
2B5A
  0
DICTIONARY
  5
2B5B
330
2B
100
AcDbDictionary
280
     1
281
     1
  3
ACAD_XREC_ROUNDTRIP
360
2B5C
  0
DICTIONARY
  5
2B5D
330
2C
100
AcDbDictionary
280
     1
281
     1
  3
ACAD_XREC_ROUNDTRIP
360
2B5E
  0
DICTIONARY
  5
2B5F
330
2D
100
AcDbDictionary
280
     1
281
     1
  3
ACAD_XREC_ROUNDTRIP
360
2B60
  0
DICTIONARY
  5
2B67
330
31
100
AcDbDictionary
280
     1
281
     1
  3
ACAD_XREC_ROUNDTRIP
360
2B68
  0
DICTIONARY
  5
2B83
330
3F
100
AcDbDictionary
280
     1
281
     1
  3
ACAD_XREC_ROUNDTRIP
360
2B84
  0
DICTIONARY
  5
2B73
330
37
100
AcDbDictionary
280
     1
281
     1
  3
ACAD_XREC_ROUNDTRIP
360
2B74
  0
DICTIONARY
  5
2B85
330
40
100
AcDbDictionary
280
     1
281
     1
  3
ACAD_XREC_ROUNDTRIP
360
2B86
  0
DICTIONARY
  5
2B6B
330
33
100
AcDbDictionary
280
     1
281
     1
  3
ACAD_XREC_ROUNDTRIP
360
2B6C
  0
DICTIONARY
  5
2B81
330
3E
100
AcDbDictionary
280
     1
281
     1
  3
ACAD_XREC_ROUNDTRIP
360
2B82
  0
DICTIONARY
  5
2B7F
330
3D
100
AcDbDictionary
280
     1
281
     1
  3
ACAD_XREC_ROUNDTRIP
360
2B80
  0
DICTIONARY
  5
2B79
330
3A
100
AcDbDictionary
280
     1
281
     1
  3
ACAD_XREC_ROUNDTRIP
360
2B7A
  0
DICTIONARY
  5
2B7B
330
3B
100
AcDbDictionary
280
     1
281
     1
  3
ACAD_XREC_ROUNDTRIP
360
2B7C
  0
DICTIONARY
  5
2B71
330
36
100
AcDbDictionary
280
     1
281
     1
  3
ACAD_XREC_ROUNDTRIP
360
2B72
  0
DICTIONARY
  5
2B65
330
30
100
AcDbDictionary
280
     1
281
     1
  3
ACAD_XREC_ROUNDTRIP
360
2B66
  0
DICTIONARY
  5
2B7D
330
3C
100
AcDbDictionary
280
     1
281
     1
  3
ACAD_XREC_ROUNDTRIP
360
2B7E
  0
XRECORD
  5
2B8E
102
{ACAD_REACTORS
330
2B8D
102
}
330
2B8D
100
AcDbXrecord
280
     1
102
DISPLAYNAME
  1
Imperial24
102
FLAGS
 90
        0
  0
XRECORD
  5
2B57
102
{ACAD_REACTORS
330
1A
102
}
330
1A
100
AcDbXrecord
280
     1
102
MATERIAL
148
0.0
149
0.0
149
0.0
 93
        0
 94
      127
282
     0
 72
     0
 77
     0
171
     0
175
     0
179
     0
273
     0
  0
XRECORD
  5
1C
102
{ACAD_REACTORS
330
1A
102
}
330
1A
100
AcDbXrecord
280
     1
270
     1
271
     1
  0
XRECORD
  5
1B
102
{ACAD_REACTORS
330
1A
102
}
330
1A
100
AcDbXrecord
280
     1
270
     1
271
     1
  0
XRECORD
  5
1F
102
{ACAD_REACTORS
330
1A
102
}
330
1A
100
AcDbXrecord
280
     1
270
     1
271
     1
  0
XRECORD
  5
1E
102
{ACAD_REACTORS
330
1A
102
}
330
1A
100
AcDbXrecord
280
     1
270
     1
271
     1
  0
XRECORD
  5
20
102
{ACAD_REACTORS
330
1A
102
}
330
1A
100
AcDbXrecord
280
     1
270
     1
271
     1
  0
XRECORD
  5
1D
102
{ACAD_REACTORS
330
1A
102
}
330
1A
100
AcDbXrecord
280
     1
270
     1
271
     1
  0
XRECORD
  5
2B56
102
{ACAD_REACTORS
330
12
102
}
330
12
100
AcDbXrecord
280
     1
102
MATERIAL
148
0.0
149
0.0
149
0.0
 93
        0
 94
      127
282
     0
 72
     0
 77
     0
171
     0
175
     0
179
     0
273
     0
  0
XRECORD
  5
14
102
{ACAD_REACTORS
330
12
102
}
330
12
100
AcDbXrecord
280
     1
270
     1
271
     1
  0
XRECORD
  5
13
102
{ACAD_REACTORS
330
12
102
}
330
12
100
AcDbXrecord
280
     1
270
     1
271
     1
  0
XRECORD
  5
17
102
{ACAD_REACTORS
330
12
102
}
330
12
100
AcDbXrecord
280
     1
270
     1
271
     1
  0
XRECORD
  5
16
102
{ACAD_REACTORS
330
12
102
}
330
12
100
AcDbXrecord
280
     1
270
     1
271
     1
  0
XRECORD
  5
18
102
{ACAD_REACTORS
330
12
102
}
330
12
100
AcDbXrecord
280
     1
270
     1
271
     1
  0
XRECORD
  5
15
102
{ACAD_REACTORS
330
12
102
}
330
12
100
AcDbXrecord
280
     1
270
     1
271
     1
  0
XRECORD
  5
2B58
102
{ACAD_REACTORS
330
22
102
}
330
22
100
AcDbXrecord
280
     1
102
MATERIAL
148
0.0
149
0.0
149
0.0
 93
        0
 94
      127
282
     0
 72
     0
 77
     0
171
     0
175
     0
179
     0
273
     0
  0
XRECORD
  5
24
102
{ACAD_REACTORS
330
22
102
}
330
22
100
AcDbXrecord
280
     1
270
     1
271
     1
  0
XRECORD
  5
23
102
{ACAD_REACTORS
330
22
102
}
330
22
100
AcDbXrecord
280
     1
270
     1
271
     1
  0
XRECORD
  5
27
102
{ACAD_REACTORS
330
22
102
}
330
22
100
AcDbXrecord
280
     1
270
     1
271
     1
  0
XRECORD
  5
26
102
{ACAD_REACTORS
330
22
102
}
330
22
100
AcDbXrecord
280
     1
270
     1
271
     1
  0
XRECORD
  5
28
102
{ACAD_REACTORS
330
22
102
}
330
22
100
AcDbXrecord
280
     1
270
     1
271
     1
  0
XRECORD
  5
25
102
{ACAD_REACTORS
330
22
102
}
330
22
100
AcDbXrecord
280
     1
270
     1
271
     1
  0
XRECORD
  5
2B8C
102
{ACAD_REACTORS
330
2B8B
102
}
330
2B8B
100
AcDbXrecord
280
     1
102
DISPLAYNAME
  1
Imperial24
102
FLAGS
 90
        0
  0
CELLSTYLEMAP
  5
2B54
102
{ACAD_REACTORS
330
2B53
102
}
330
2B53
100
AcDbCellStyleMap
 90
        3
300
CELLSTYLE
  1
TABLEFORMAT_BEGIN
 90
        5
170
     1
 91
        0
 92
    32768
 62
   257
 93
        1
300
CONTENTFORMAT
  1
CONTENTFORMAT_BEGIN
 90
        0
 91
        0
 92
      512
 93
        0
300

 40
0.0
140
1.0
 94
        5
 62
     0
340
55
144
0.25
309
CONTENTFORMAT_END
171
     0
 94
        0
309
TABLEFORMAT_END
  1
CELLSTYLE_BEGIN
 90
        1
 91
        1
300
_TITLE
309
CELLSTYLE_END
300
CELLSTYLE
  1
TABLEFORMAT_BEGIN
 90
        5
170
     1
 91
        0
 92
        0
 62
   257
 93
        1
300
CONTENTFORMAT
  1
CONTENTFORMAT_BEGIN
 90
        0
 91
        0
 92
      512
 93
        0
300

 40
0.0
140
1.0
 94
        5
 62
     0
340
55
144
0.18
309
CONTENTFORMAT_END
171
     0
 94
        0
309
TABLEFORMAT_END
  1
CELLSTYLE_BEGIN
 90
        2
 91
        1
300
_HEADER
309
CELLSTYLE_END
300
CELLSTYLE
  1
TABLEFORMAT_BEGIN
 90
        5
170
     1
 91
        0
 92
        0
 62
   257
 93
        1
300
CONTENTFORMAT
  1
CONTENTFORMAT_BEGIN
 90
        0
 91
        0
 92
      512
 93
        0
300

 40
0.0
140
1.0
 94
        2
 62
     0
340
55
144
0.18
309
CONTENTFORMAT_END
171
     0
 94
        0
309
TABLEFORMAT_END
  1
CELLSTYLE_BEGIN
 90
        3
 91
        2
300
_DATA
309
CELLSTYLE_END
  0
XRECORD
  5
2B89
102
{ACAD_REACTORS
330
2B53
102
}
330
2B53
100
AcDbXrecord
280
     1
102
ACAD_ROUNDTRIP_PRE2007_TABLESTYLE
 90
      512
 91
        0
  1

 92
      512
 93
        0
  2

 94
      512
 95
        0
  3

  0
XRECORD
  5
2B64
102
{ACAD_REACTORS
330
2B63
102
}
330
2B63
100
AcDbXrecord
280
     1
102
RTVSPost2010Prop28
280
     1
102
RTVSPost2010PropOp28
 70
     1
102
RTVSPost2010Prop29
280
     1
102
RTVSPost2010PropOp29
 70
     1
102
RTVSPost2010Prop30
280
     0
102
RTVSPost2010PropOp30
 70
     1
102
RTVSPost2010Prop31
280
     0
102
RTVSPost2010PropOp31
 70
     1
102
RTVSPost2010Prop32
280
     0
102
RTVSPost2010PropOp32
 70
     1
102
RTVSPost2010Prop33
280
     0
102
RTVSPost2010PropOp33
 70
     1
102
RTVSPost2010Prop34
280
     0
102
RTVSPost2010PropOp34
 70
     1
102
RTVSPost2010Prop35
280
     0
102
RTVSPost2010PropOp35
 70
     1
102
RTVSPost2010Prop36
280
     0
102
RTVSPost2010PropOp36
 70
     1
102
RTVSPost2010Prop37
 90
       50
102
RTVSPost2010PropOp37
 70
     1
102
RTVSPost2010Prop38
140
0.0
102
RTVSPost2010PropOp38
 70
     1
102
RTVSPost2010Prop39
140
1.0
102
RTVSPost2010PropOp39
 70
     1
102
RTVSPost2010Prop40
 90
        0
102
RTVSPost2010PropOp40
 70
     1
102
RTVSPost2010Prop41ColorIndex
 90
       18
102
RTVSPost2010Prop41ColorRGB
 90
        0
102
RTVSPost2010PropOp41
 70
     1
102
RTVSPost2010Prop42
 90
       50
102
RTVSPost2010PropOp42
 70
     1
102
RTVSPost2010Prop43
 90
        3
102
RTVSPost2010PropOp43
 70
     1
102
RTVSPost2010Prop44ColorIndex
 90
        5
102
RTVSPost2010Prop44ColorRGB
 90
      255
102
RTVSPost2010PropOp44
 70
     1
102
RTVSPost2010Prop45
280
     0
102
RTVSPost2010PropOp45
 70
     1
102
RTVSPost2010Prop46
 90
       50
102
RTVSPost2010PropOp46
 70
     1
102
RTVSPost2010Prop47
 90
       50
102
RTVSPost2010PropOp47
 70
     1
102
RTVSPost2010Prop48
 90
       50
102
RTVSPost2010PropOp48
 70
     1
102
RTVSPost2010Prop49
280
     0
102
RTVSPost2010PropOp49
 70
     1
102
RTVSPost2010Prop50
 90
       50
102
RTVSPost2010PropOp50
 70
     1
102
RTVSPost2010Prop51ColorIndex
 90
      256
102
RTVSPost2010Prop51ColorRGB
 90
-16777216
102
RTVSPost2010PropOp51
 70
     0
102
RTVSPost2010Prop52
140
1.0
102
RTVSPost2010PropOp52
 70
     0
102
RTVSPost2010Prop53
 90
        2
102
RTVSPost2010PropOp53
 70
     1
102
RTVSPost2010Prop54
  1
strokes_ogs.tif
102
RTVSPost2010PropOp54
 70
     1
102
RTVSPost2010Prop55
280
     0
102
RTVSPost2010PropOp55
 70
     1
102
RTVSPost2010Prop56
140
1.0
102
RTVSPost2010PropOp56
 70
     1
102
RTVSPost2010Prop57
140
1.0
102
RTVSPost2010PropOp57
 70
     1
102
RTVSPropertyOp0
 70
     1
102
RTVSPropertyOp1
 70
     1
102
RTVSPropertyOp2
 70
     1
102
RTVSPropertyOp3
 70
     1
102
RTVSPropertyOp4
 70
     1
102
RTVSPropertyOp5
 70
     1
102
RTVSPropertyOp6
 70
     1
102
RTVSPropertyOp7
 70
     1
102
RTVSPropertyOp8
 70
     1
102
RTVSPropertyOp9
 70
     1
102
RTVSPropertyOp10
 70
     1
102
RTVSPropertyOp11
 70
     1
102
RTVSPropertyOp12
 70
     1
102
RTVSPropertyOp13
 70
     1
102
RTVSPropertyOp14
 70
     1
102
RTVSPropertyOp15
 70
     1
102
RTVSPropertyOp16
 70
     1
102
RTVSPropertyOp17
 70
     1
102
RTVSPropertyOp18
 70
     1
102
RTVSPropertyOp19
 70
     1
102
RTVSPropertyOp20
 70
     1
102
RTVSPropertyOp21
 70
     1
102
RTVSPropertyOp22
 70
     1
102
RTVSPropertyOp23
 70
     1
102
RTVSPropertyOp24
 70
     1
102
RTVSPropertyOp25
 70
     1
102
RTVSPropertyOp26
 70
     1
102
RTVSPropertyOp27
 70
     1
102
RTVSPropertyOp28
 70
     1
102
RTVSPropertyOp29
 70
     1
102
RTVSPropertyOp30
 70
     1
102
RTVSPropertyOp31
 70
     1
102
RTVSPropertyOp32
 70
     1
102
RTVSPropertyOp33
 70
     1
102
RTVSPropertyOp34
 70
     1
102
RTVSPropertyOp35
 70
     1
102
RTVSPropertyOp36
 70
     1
102
RTVSPropertyOp37
 70
     1
102
RTVSPropertyOp38
 70
     1
102
RTVSPropertyOp39
 70
     1
102
RTVSPropertyOp40
 70
     1
102
RTVSPropertyOp41
 70
     1
102
RTVSPropertyOp42
 70
     1
102
RTVSPropertyOp43
 70
     1
102
RTVSPropertyOp44
 70
     1
102
RTVSPropertyOp45
 70
     1
102
RTVSPropertyOp46
 70
     1
102
RTVSPropertyOp47
 70
     1
102
RTVSPropertyOp48
 70
     1
102
RTVSPropertyOp49
 70
     1
102
RTVSPropertyOp50
 70
     1
102
RTVSPropertyOp51
 70
     0
102
RTVSPropertyOp52
 70
     0
102
RTVSPropertyOp53
 70
     1
102
RTVSPropertyOp54
 70
     1
102
RTVSPropertyOp55
 70
     1
102
RTVSPropertyOp56
 70
     1
102
RTVSPropertyOp57
 70
     1
102
RTVSPropertyOp58
 70
     1
102
RTVSPropertyOp59
 70
     1
102
RTVSPropertyOp60
 70
     1
102
RTVSPropertyOp61
 70
     1
102
RTVSPropertyOp62
 70
     1
  0
XRECORD
  5
2B62
102
{ACAD_REACTORS
330
2B61
102
}
330
2B61
100
AcDbXrecord
280
     1
102
RTVSPost2010Prop28
280
     0
102
RTVSPost2010PropOp28
 70
     1
102
RTVSPost2010Prop29
280
     1
102
RTVSPost2010PropOp29
 70
     1
102
RTVSPost2010Prop30
280
     1
102
RTVSPost2010PropOp30
 70
     1
102
RTVSPost2010Prop31
280
     0
102
RTVSPost2010PropOp31
 70
     1
102
RTVSPost2010Prop32
280
     0
102
RTVSPost2010PropOp32
 70
     1
102
RTVSPost2010Prop33
280
     0
102
RTVSPost2010PropOp33
 70
     1
102
RTVSPost2010Prop34
280
     0
102
RTVSPost2010PropOp34
 70
     1
102
RTVSPost2010Prop35
280
     0
102
RTVSPost2010PropOp35
 70
     1
102
RTVSPost2010Prop36
280
     0
102
RTVSPost2010PropOp36
 70
     1
102
RTVSPost2010Prop37
 90
       50
102
RTVSPost2010PropOp37
 70
     1
102
RTVSPost2010Prop38
140
0.0
102
RTVSPost2010PropOp38
 70
     1
102
RTVSPost2010Prop39
140
1.0
102
RTVSPost2010PropOp39
 70
     1
102
RTVSPost2010Prop40
 90
        0
102
RTVSPost2010PropOp40
 70
     1
102
RTVSPost2010Prop41ColorIndex
 90
       18
102
RTVSPost2010Prop41ColorRGB
 90
        0
102
RTVSPost2010PropOp41
 70
     1
102
RTVSPost2010Prop42
 90
       50
102
RTVSPost2010PropOp42
 70
     1
102
RTVSPost2010Prop43
 90
        3
102
RTVSPost2010PropOp43
 70
     1
102
RTVSPost2010Prop44ColorIndex
 90
        5
102
RTVSPost2010Prop44ColorRGB
 90
      255
102
RTVSPost2010PropOp44
 70
     1
102
RTVSPost2010Prop45
280
     0
102
RTVSPost2010PropOp45
 70
     1
102
RTVSPost2010Prop46
 90
       50
102
RTVSPost2010PropOp46
 70
     1
102
RTVSPost2010Prop47
 90
       50
102
RTVSPost2010PropOp47
 70
     1
102
RTVSPost2010Prop48
 90
       50
102
RTVSPost2010PropOp48
 70
     1
102
RTVSPost2010Prop49
280
     0
102
RTVSPost2010PropOp49
 70
     1
102
RTVSPost2010Prop50
 90
       50
102
RTVSPost2010PropOp50
 70
     1
102
RTVSPost2010Prop51ColorIndex
 90
      256
102
RTVSPost2010Prop51ColorRGB
 90
-16777216
102
RTVSPost2010PropOp51
 70
     0
102
RTVSPost2010Prop52
140
1.0
102
RTVSPost2010PropOp52
 70
     0
102
RTVSPost2010Prop53
 90
        2
102
RTVSPost2010PropOp53
 70
     1
102
RTVSPost2010Prop54
  1
strokes_ogs.tif
102
RTVSPost2010PropOp54
 70
     1
102
RTVSPost2010Prop55
280
     0
102
RTVSPost2010PropOp55
 70
     1
102
RTVSPost2010Prop56
140
1.0
102
RTVSPost2010PropOp56
 70
     1
102
RTVSPost2010Prop57
140
1.0
102
RTVSPost2010PropOp57
 70
     1
102
RTVSPropertyOp0
 70
     1
102
RTVSPropertyOp1
 70
     1
102
RTVSPropertyOp2
 70
     1
102
RTVSPropertyOp3
 70
     1
102
RTVSPropertyOp4
 70
     1
102
RTVSPropertyOp5
 70
     1
102
RTVSPropertyOp6
 70
     1
102
RTVSPropertyOp7
 70
     1
102
RTVSPropertyOp8
 70
     1
102
RTVSPropertyOp9
 70
     1
102
RTVSPropertyOp10
 70
     1
102
RTVSPropertyOp11
 70
     1
102
RTVSPropertyOp12
 70
     1
102
RTVSPropertyOp13
 70
     1
102
RTVSPropertyOp14
 70
     1
102
RTVSPropertyOp15
 70
     1
102
RTVSPropertyOp16
 70
     1
102
RTVSPropertyOp17
 70
     1
102
RTVSPropertyOp18
 70
     1
102
RTVSPropertyOp19
 70
     1
102
RTVSPropertyOp20
 70
     1
102
RTVSPropertyOp21
 70
     1
102
RTVSPropertyOp22
 70
     1
102
RTVSPropertyOp23
 70
     1
102
RTVSPropertyOp24
 70
     1
102
RTVSPropertyOp25
 70
     1
102
RTVSPropertyOp26
 70
     1
102
RTVSPropertyOp27
 70
     1
102
RTVSPropertyOp28
 70
     1
102
RTVSPropertyOp29
 70
     1
102
RTVSPropertyOp30
 70
     1
102
RTVSPropertyOp31
 70
     1
102
RTVSPropertyOp32
 70
     1
102
RTVSPropertyOp33
 70
     1
102
RTVSPropertyOp34
 70
     1
102
RTVSPropertyOp35
 70
     1
102
RTVSPropertyOp36
 70
     1
102
RTVSPropertyOp37
 70
     1
102
RTVSPropertyOp38
 70
     1
102
RTVSPropertyOp39
 70
     1
102
RTVSPropertyOp40
 70
     1
102
RTVSPropertyOp41
 70
     1
102
RTVSPropertyOp42
 70
     1
102
RTVSPropertyOp43
 70
     1
102
RTVSPropertyOp44
 70
     1
102
RTVSPropertyOp45
 70
     1
102
RTVSPropertyOp46
 70
     1
102
RTVSPropertyOp47
 70
     1
102
RTVSPropertyOp48
 70
     1
102
RTVSPropertyOp49
 70
     1
102
RTVSPropertyOp50
 70
     1
102
RTVSPropertyOp51
 70
     0
102
RTVSPropertyOp52
 70
     0
102
RTVSPropertyOp53
 70
     1
102
RTVSPropertyOp54
 70
     1
102
RTVSPropertyOp55
 70
     1
102
RTVSPropertyOp56
 70
     1
102
RTVSPropertyOp57
 70
     1
102
RTVSPropertyOp58
 70
     1
102
RTVSPropertyOp59
 70
     1
102
RTVSPropertyOp60
 70
     1
102
RTVSPropertyOp61
 70
     1
102
RTVSPropertyOp62
 70
     1
  0
XRECORD
  5
2B70
102
{ACAD_REACTORS
330
2B6F
102
}
330
2B6F
100
AcDbXrecord
280
     1
102
RTVSPost2010Prop28
280
     0
102
RTVSPost2010PropOp28
 70
     1
102
RTVSPost2010Prop29
280
     1
102
RTVSPost2010PropOp29
 70
     1
102
RTVSPost2010Prop30
280
     1
102
RTVSPost2010PropOp30
 70
     1
102
RTVSPost2010Prop31
280
     0
102
RTVSPost2010PropOp31
 70
     1
102
RTVSPost2010Prop32
280
     0
102
RTVSPost2010PropOp32
 70
     1
102
RTVSPost2010Prop33
280
     0
102
RTVSPost2010PropOp33
 70
     1
102
RTVSPost2010Prop34
280
     0
102
RTVSPost2010PropOp34
 70
     1
102
RTVSPost2010Prop35
280
     0
102
RTVSPost2010PropOp35
 70
     1
102
RTVSPost2010Prop36
280
     0
102
RTVSPost2010PropOp36
 70
     1
102
RTVSPost2010Prop37
 90
       50
102
RTVSPost2010PropOp37
 70
     1
102
RTVSPost2010Prop38
140
0.0
102
RTVSPost2010PropOp38
 70
     1
102
RTVSPost2010Prop39
140
1.0
102
RTVSPost2010PropOp39
 70
     1
102
RTVSPost2010Prop40
 90
        0
102
RTVSPost2010PropOp40
 70
     1
102
RTVSPost2010Prop41ColorIndex
 90
       18
102
RTVSPost2010Prop41ColorRGB
 90
        0
102
RTVSPost2010PropOp41
 70
     1
102
RTVSPost2010Prop42
 90
       50
102
RTVSPost2010PropOp42
 70
     1
102
RTVSPost2010Prop43
 90
        3
102
RTVSPost2010PropOp43
 70
     1
102
RTVSPost2010Prop44ColorIndex
 90
        5
102
RTVSPost2010Prop44ColorRGB
 90
      255
102
RTVSPost2010PropOp44
 70
     1
102
RTVSPost2010Prop45
280
     0
102
RTVSPost2010PropOp45
 70
     1
102
RTVSPost2010Prop46
 90
       50
102
RTVSPost2010PropOp46
 70
     1
102
RTVSPost2010Prop47
 90
       50
102
RTVSPost2010PropOp47
 70
     1
102
RTVSPost2010Prop48
 90
       50
102
RTVSPost2010PropOp48
 70
     1
102
RTVSPost2010Prop49
280
     0
102
RTVSPost2010PropOp49
 70
     1
102
RTVSPost2010Prop50
 90
       50
102
RTVSPost2010PropOp50
 70
     1
102
RTVSPost2010Prop51ColorIndex
 90
      256
102
RTVSPost2010Prop51ColorRGB
 90
-16777216
102
RTVSPost2010PropOp51
 70
     0
102
RTVSPost2010Prop52
140
1.0
102
RTVSPost2010PropOp52
 70
     0
102
RTVSPost2010Prop53
 90
        2
102
RTVSPost2010PropOp53
 70
     1
102
RTVSPost2010Prop54
  1
strokes_ogs.tif
102
RTVSPost2010PropOp54
 70
     1
102
RTVSPost2010Prop55
280
     0
102
RTVSPost2010PropOp55
 70
     1
102
RTVSPost2010Prop56
140
1.0
102
RTVSPost2010PropOp56
 70
     1
102
RTVSPost2010Prop57
140
1.0
102
RTVSPost2010PropOp57
 70
     1
102
RTVSPropertyOp0
 70
     1
102
RTVSPropertyOp1
 70
     1
102
RTVSPropertyOp2
 70
     1
102
RTVSPropertyOp3
 70
     1
102
RTVSPropertyOp4
 70
     1
102
RTVSPropertyOp5
 70
     1
102
RTVSPropertyOp6
 70
     1
102
RTVSPropertyOp7
 70
     1
102
RTVSPropertyOp8
 70
     1
102
RTVSPropertyOp9
 70
     1
102
RTVSPropertyOp10
 70
     1
102
RTVSPropertyOp11
 70
     1
102
RTVSPropertyOp12
 70
     1
102
RTVSPropertyOp13
 70
     1
102
RTVSPropertyOp14
 70
     1
102
RTVSPropertyOp15
 70
     1
102
RTVSPropertyOp16
 70
     1
102
RTVSPropertyOp17
 70
     1
102
RTVSPropertyOp18
 70
     1
102
RTVSPropertyOp19
 70
     1
102
RTVSPropertyOp20
 70
     1
102
RTVSPropertyOp21
 70
     1
102
RTVSPropertyOp22
 70
     1
102
RTVSPropertyOp23
 70
     1
102
RTVSPropertyOp24
 70
     1
102
RTVSPropertyOp25
 70
     1
102
RTVSPropertyOp26
 70
     1
102
RTVSPropertyOp27
 70
     1
102
RTVSPropertyOp28
 70
     1
102
RTVSPropertyOp29
 70
     1
102
RTVSPropertyOp30
 70
     1
102
RTVSPropertyOp31
 70
     1
102
RTVSPropertyOp32
 70
     1
102
RTVSPropertyOp33
 70
     1
102
RTVSPropertyOp34
 70
     1
102
RTVSPropertyOp35
 70
     1
102
RTVSPropertyOp36
 70
     1
102
RTVSPropertyOp37
 70
     1
102
RTVSPropertyOp38
 70
     1
102
RTVSPropertyOp39
 70
     1
102
RTVSPropertyOp40
 70
     1
102
RTVSPropertyOp41
 70
     1
102
RTVSPropertyOp42
 70
     1
102
RTVSPropertyOp43
 70
     1
102
RTVSPropertyOp44
 70
     1
102
RTVSPropertyOp45
 70
     1
102
RTVSPropertyOp46
 70
     1
102
RTVSPropertyOp47
 70
     1
102
RTVSPropertyOp48
 70
     1
102
RTVSPropertyOp49
 70
     1
102
RTVSPropertyOp50
 70
     1
102
RTVSPropertyOp51
 70
     0
102
RTVSPropertyOp52
 70
     0
102
RTVSPropertyOp53
 70
     1
102
RTVSPropertyOp54
 70
     1
102
RTVSPropertyOp55
 70
     1
102
RTVSPropertyOp56
 70
     1
102
RTVSPropertyOp57
 70
     1
102
RTVSPropertyOp58
 70
     1
102
RTVSPropertyOp59
 70
     1
102
RTVSPropertyOp60
 70
     1
102
RTVSPropertyOp61
 70
     1
102
RTVSPropertyOp62
 70
     1
  0
XRECORD
  5
2B78
102
{ACAD_REACTORS
330
2B77
102
}
330
2B77
100
AcDbXrecord
280
     1
102
RTVSPost2010Prop28
280
     0
102
RTVSPost2010PropOp28
 70
     1
102
RTVSPost2010Prop29
280
     1
102
RTVSPost2010PropOp29
 70
     1
102
RTVSPost2010Prop30
280
     1
102
RTVSPost2010PropOp30
 70
     1
102
RTVSPost2010Prop31
280
     0
102
RTVSPost2010PropOp31
 70
     1
102
RTVSPost2010Prop32
280
     0
102
RTVSPost2010PropOp32
 70
     1
102
RTVSPost2010Prop33
280
     0
102
RTVSPost2010PropOp33
 70
     1
102
RTVSPost2010Prop34
280
     0
102
RTVSPost2010PropOp34
 70
     1
102
RTVSPost2010Prop35
280
     0
102
RTVSPost2010PropOp35
 70
     1
102
RTVSPost2010Prop36
280
     0
102
RTVSPost2010PropOp36
 70
     1
102
RTVSPost2010Prop37
 90
       50
102
RTVSPost2010PropOp37
 70
     1
102
RTVSPost2010Prop38
140
0.0
102
RTVSPost2010PropOp38
 70
     1
102
RTVSPost2010Prop39
140
1.0
102
RTVSPost2010PropOp39
 70
     1
102
RTVSPost2010Prop40
 90
        0
102
RTVSPost2010PropOp40
 70
     1
102
RTVSPost2010Prop41ColorIndex
 90
       18
102
RTVSPost2010Prop41ColorRGB
 90
        0
102
RTVSPost2010PropOp41
 70
     1
102
RTVSPost2010Prop42
 90
       50
102
RTVSPost2010PropOp42
 70
     1
102
RTVSPost2010Prop43
 90
        3
102
RTVSPost2010PropOp43
 70
     1
102
RTVSPost2010Prop44ColorIndex
 90
        5
102
RTVSPost2010Prop44ColorRGB
 90
      255
102
RTVSPost2010PropOp44
 70
     1
102
RTVSPost2010Prop45
280
     0
102
RTVSPost2010PropOp45
 70
     1
102
RTVSPost2010Prop46
 90
       50
102
RTVSPost2010PropOp46
 70
     1
102
RTVSPost2010Prop47
 90
       50
102
RTVSPost2010PropOp47
 70
     1
102
RTVSPost2010Prop48
 90
       50
102
RTVSPost2010PropOp48
 70
     1
102
RTVSPost2010Prop49
280
     0
102
RTVSPost2010PropOp49
 70
     1
102
RTVSPost2010Prop50
 90
       50
102
RTVSPost2010PropOp50
 70
     1
102
RTVSPost2010Prop51ColorIndex
 90
      256
102
RTVSPost2010Prop51ColorRGB
 90
-16777216
102
RTVSPost2010PropOp51
 70
     0
102
RTVSPost2010Prop52
140
1.0
102
RTVSPost2010PropOp52
 70
     0
102
RTVSPost2010Prop53
 90
        2
102
RTVSPost2010PropOp53
 70
     1
102
RTVSPost2010Prop54
  1
strokes_ogs.tif
102
RTVSPost2010PropOp54
 70
     1
102
RTVSPost2010Prop55
280
     0
102
RTVSPost2010PropOp55
 70
     1
102
RTVSPost2010Prop56
140
1.0
102
RTVSPost2010PropOp56
 70
     1
102
RTVSPost2010Prop57
140
1.0
102
RTVSPost2010PropOp57
 70
     1
102
RTVSPropertyOp0
 70
     1
102
RTVSPropertyOp1
 70
     1
102
RTVSPropertyOp2
 70
     1
102
RTVSPropertyOp3
 70
     1
102
RTVSPropertyOp4
 70
     1
102
RTVSPropertyOp5
 70
     1
102
RTVSPropertyOp6
 70
     1
102
RTVSPropertyOp7
 70
     1
102
RTVSPropertyOp8
 70
     1
102
RTVSPropertyOp9
 70
     1
102
RTVSPropertyOp10
 70
     1
102
RTVSPropertyOp11
 70
     1
102
RTVSPropertyOp12
 70
     1
102
RTVSPropertyOp13
 70
     1
102
RTVSPropertyOp14
 70
     1
102
RTVSPropertyOp15
 70
     1
102
RTVSPropertyOp16
 70
     1
102
RTVSPropertyOp17
 70
     1
102
RTVSPropertyOp18
 70
     1
102
RTVSPropertyOp19
 70
     1
102
RTVSPropertyOp20
 70
     1
102
RTVSPropertyOp21
 70
     1
102
RTVSPropertyOp22
 70
     1
102
RTVSPropertyOp23
 70
     1
102
RTVSPropertyOp24
 70
     1
102
RTVSPropertyOp25
 70
     1
102
RTVSPropertyOp26
 70
     1
102
RTVSPropertyOp27
 70
     1
102
RTVSPropertyOp28
 70
     1
102
RTVSPropertyOp29
 70
     1
102
RTVSPropertyOp30
 70
     1
102
RTVSPropertyOp31
 70
     1
102
RTVSPropertyOp32
 70
     1
102
RTVSPropertyOp33
 70
     1
102
RTVSPropertyOp34
 70
     1
102
RTVSPropertyOp35
 70
     1
102
RTVSPropertyOp36
 70
     1
102
RTVSPropertyOp37
 70
     1
102
RTVSPropertyOp38
 70
     1
102
RTVSPropertyOp39
 70
     1
102
RTVSPropertyOp40
 70
     1
102
RTVSPropertyOp41
 70
     1
102
RTVSPropertyOp42
 70
     1
102
RTVSPropertyOp43
 70
     1
102
RTVSPropertyOp44
 70
     1
102
RTVSPropertyOp45
 70
     1
102
RTVSPropertyOp46
 70
     1
102
RTVSPropertyOp47
 70
     1
102
RTVSPropertyOp48
 70
     1
102
RTVSPropertyOp49
 70
     1
102
RTVSPropertyOp50
 70
     1
102
RTVSPropertyOp51
 70
     0
102
RTVSPropertyOp52
 70
     0
102
RTVSPropertyOp53
 70
     1
102
RTVSPropertyOp54
 70
     1
102
RTVSPropertyOp55
 70
     1
102
RTVSPropertyOp56
 70
     1
102
RTVSPropertyOp57
 70
     1
102
RTVSPropertyOp58
 70
     1
102
RTVSPropertyOp59
 70
     1
102
RTVSPropertyOp60
 70
     1
102
RTVSPropertyOp61
 70
     1
102
RTVSPropertyOp62
 70
     1
  0
XRECORD
  5
2B6A
102
{ACAD_REACTORS
330
2B69
102
}
330
2B69
100
AcDbXrecord
280
     1
102
RTVSPost2010Prop28
280
     0
102
RTVSPost2010PropOp28
 70
     1
102
RTVSPost2010Prop29
280
     1
102
RTVSPost2010PropOp29
 70
     1
102
RTVSPost2010Prop30
280
     1
102
RTVSPost2010PropOp30
 70
     1
102
RTVSPost2010Prop31
280
     0
102
RTVSPost2010PropOp31
 70
     1
102
RTVSPost2010Prop32
280
     0
102
RTVSPost2010PropOp32
 70
     1
102
RTVSPost2010Prop33
280
     0
102
RTVSPost2010PropOp33
 70
     1
102
RTVSPost2010Prop34
280
     0
102
RTVSPost2010PropOp34
 70
     1
102
RTVSPost2010Prop35
280
     0
102
RTVSPost2010PropOp35
 70
     1
102
RTVSPost2010Prop36
280
     0
102
RTVSPost2010PropOp36
 70
     1
102
RTVSPost2010Prop37
 90
       50
102
RTVSPost2010PropOp37
 70
     1
102
RTVSPost2010Prop38
140
0.0
102
RTVSPost2010PropOp38
 70
     1
102
RTVSPost2010Prop39
140
1.0
102
RTVSPost2010PropOp39
 70
     1
102
RTVSPost2010Prop40
 90
        0
102
RTVSPost2010PropOp40
 70
     1
102
RTVSPost2010Prop41ColorIndex
 90
       18
102
RTVSPost2010Prop41ColorRGB
 90
        0
102
RTVSPost2010PropOp41
 70
     1
102
RTVSPost2010Prop42
 90
       50
102
RTVSPost2010PropOp42
 70
     1
102
RTVSPost2010Prop43
 90
        3
102
RTVSPost2010PropOp43
 70
     1
102
RTVSPost2010Prop44ColorIndex
 90
        5
102
RTVSPost2010Prop44ColorRGB
 90
      255
102
RTVSPost2010PropOp44
 70
     1
102
RTVSPost2010Prop45
280
     0
102
RTVSPost2010PropOp45
 70
     1
102
RTVSPost2010Prop46
 90
       50
102
RTVSPost2010PropOp46
 70
     1
102
RTVSPost2010Prop47
 90
       50
102
RTVSPost2010PropOp47
 70
     1
102
RTVSPost2010Prop48
 90
       50
102
RTVSPost2010PropOp48
 70
     1
102
RTVSPost2010Prop49
280
     0
102
RTVSPost2010PropOp49
 70
     1
102
RTVSPost2010Prop50
 90
       50
102
RTVSPost2010PropOp50
 70
     1
102
RTVSPost2010Prop51ColorIndex
 90
      256
102
RTVSPost2010Prop51ColorRGB
 90
-16777216
102
RTVSPost2010PropOp51
 70
     0
102
RTVSPost2010Prop52
140
1.0
102
RTVSPost2010PropOp52
 70
     0
102
RTVSPost2010Prop53
 90
        2
102
RTVSPost2010PropOp53
 70
     1
102
RTVSPost2010Prop54
  1
strokes_ogs.tif
102
RTVSPost2010PropOp54
 70
     1
102
RTVSPost2010Prop55
280
     0
102
RTVSPost2010PropOp55
 70
     1
102
RTVSPost2010Prop56
140
1.0
102
RTVSPost2010PropOp56
 70
     1
102
RTVSPost2010Prop57
140
1.0
102
RTVSPost2010PropOp57
 70
     1
102
RTVSPropertyOp0
 70
     1
102
RTVSPropertyOp1
 70
     1
102
RTVSPropertyOp2
 70
     1
102
RTVSPropertyOp3
 70
     1
102
RTVSPropertyOp4
 70
     1
102
RTVSPropertyOp5
 70
     1
102
RTVSPropertyOp6
 70
     1
102
RTVSPropertyOp7
 70
     1
102
RTVSPropertyOp8
 70
     1
102
RTVSPropertyOp9
 70
     1
102
RTVSPropertyOp10
 70
     1
102
RTVSPropertyOp11
 70
     1
102
RTVSPropertyOp12
 70
     1
102
RTVSPropertyOp13
 70
     1
102
RTVSPropertyOp14
 70
     1
102
RTVSPropertyOp15
 70
     1
102
RTVSPropertyOp16
 70
     1
102
RTVSPropertyOp17
 70
     1
102
RTVSPropertyOp18
 70
     1
102
RTVSPropertyOp19
 70
     1
102
RTVSPropertyOp20
 70
     1
102
RTVSPropertyOp21
 70
     1
102
RTVSPropertyOp22
 70
     1
102
RTVSPropertyOp23
 70
     1
102
RTVSPropertyOp24
 70
     1
102
RTVSPropertyOp25
 70
     1
102
RTVSPropertyOp26
 70
     1
102
RTVSPropertyOp27
 70
     1
102
RTVSPropertyOp28
 70
     1
102
RTVSPropertyOp29
 70
     1
102
RTVSPropertyOp30
 70
     1
102
RTVSPropertyOp31
 70
     1
102
RTVSPropertyOp32
 70
     1
102
RTVSPropertyOp33
 70
     1
102
RTVSPropertyOp34
 70
     1
102
RTVSPropertyOp35
 70
     1
102
RTVSPropertyOp36
 70
     1
102
RTVSPropertyOp37
 70
     1
102
RTVSPropertyOp38
 70
     1
102
RTVSPropertyOp39
 70
     1
102
RTVSPropertyOp40
 70
     1
102
RTVSPropertyOp41
 70
     1
102
RTVSPropertyOp42
 70
     1
102
RTVSPropertyOp43
 70
     1
102
RTVSPropertyOp44
 70
     1
102
RTVSPropertyOp45
 70
     1
102
RTVSPropertyOp46
 70
     1
102
RTVSPropertyOp47
 70
     1
102
RTVSPropertyOp48
 70
     1
102
RTVSPropertyOp49
 70
     1
102
RTVSPropertyOp50
 70
     1
102
RTVSPropertyOp51
 70
     0
102
RTVSPropertyOp52
 70
     0
102
RTVSPropertyOp53
 70
     1
102
RTVSPropertyOp54
 70
     1
102
RTVSPropertyOp55
 70
     1
102
RTVSPropertyOp56
 70
     1
102
RTVSPropertyOp57
 70
     1
102
RTVSPropertyOp58
 70
     1
102
RTVSPropertyOp59
 70
     1
102
RTVSPropertyOp60
 70
     1
102
RTVSPropertyOp61
 70
     1
102
RTVSPropertyOp62
 70
     1
  0
XRECORD
  5
2B6E
102
{ACAD_REACTORS
330
2B6D
102
}
330
2B6D
100
AcDbXrecord
280
     1
102
RTVSPost2010Prop28
280
     0
102
RTVSPost2010PropOp28
 70
     1
102
RTVSPost2010Prop29
280
     1
102
RTVSPost2010PropOp29
 70
     1
102
RTVSPost2010Prop30
280
     1
102
RTVSPost2010PropOp30
 70
     1
102
RTVSPost2010Prop31
280
     0
102
RTVSPost2010PropOp31
 70
     1
102
RTVSPost2010Prop32
280
     0
102
RTVSPost2010PropOp32
 70
     1
102
RTVSPost2010Prop33
280
     0
102
RTVSPost2010PropOp33
 70
     1
102
RTVSPost2010Prop34
280
     0
102
RTVSPost2010PropOp34
 70
     1
102
RTVSPost2010Prop35
280
     0
102
RTVSPost2010PropOp35
 70
     1
102
RTVSPost2010Prop36
280
     0
102
RTVSPost2010PropOp36
 70
     1
102
RTVSPost2010Prop37
 90
       50
102
RTVSPost2010PropOp37
 70
     1
102
RTVSPost2010Prop38
140
0.0
102
RTVSPost2010PropOp38
 70
     1
102
RTVSPost2010Prop39
140
1.0
102
RTVSPost2010PropOp39
 70
     1
102
RTVSPost2010Prop40
 90
        0
102
RTVSPost2010PropOp40
 70
     1
102
RTVSPost2010Prop41ColorIndex
 90
       18
102
RTVSPost2010Prop41ColorRGB
 90
        0
102
RTVSPost2010PropOp41
 70
     1
102
RTVSPost2010Prop42
 90
       50
102
RTVSPost2010PropOp42
 70
     1
102
RTVSPost2010Prop43
 90
        3
102
RTVSPost2010PropOp43
 70
     1
102
RTVSPost2010Prop44ColorIndex
 90
        5
102
RTVSPost2010Prop44ColorRGB
 90
      255
102
RTVSPost2010PropOp44
 70
     1
102
RTVSPost2010Prop45
280
     0
102
RTVSPost2010PropOp45
 70
     1
102
RTVSPost2010Prop46
 90
       50
102
RTVSPost2010PropOp46
 70
     1
102
RTVSPost2010Prop47
 90
       50
102
RTVSPost2010PropOp47
 70
     1
102
RTVSPost2010Prop48
 90
       50
102
RTVSPost2010PropOp48
 70
     1
102
RTVSPost2010Prop49
280
     0
102
RTVSPost2010PropOp49
 70
     1
102
RTVSPost2010Prop50
 90
       50
102
RTVSPost2010PropOp50
 70
     1
102
RTVSPost2010Prop51ColorIndex
 90
      256
102
RTVSPost2010Prop51ColorRGB
 90
-16777216
102
RTVSPost2010PropOp51
 70
     0
102
RTVSPost2010Prop52
140
1.0
102
RTVSPost2010PropOp52
 70
     0
102
RTVSPost2010Prop53
 90
        2
102
RTVSPost2010PropOp53
 70
     1
102
RTVSPost2010Prop54
  1
strokes_ogs.tif
102
RTVSPost2010PropOp54
 70
     1
102
RTVSPost2010Prop55
280
     0
102
RTVSPost2010PropOp55
 70
     1
102
RTVSPost2010Prop56
140
1.0
102
RTVSPost2010PropOp56
 70
     1
102
RTVSPost2010Prop57
140
1.0
102
RTVSPost2010PropOp57
 70
     1
102
RTVSPropertyOp0
 70
     1
102
RTVSPropertyOp1
 70
     1
102
RTVSPropertyOp2
 70
     1
102
RTVSPropertyOp3
 70
     1
102
RTVSPropertyOp4
 70
     1
102
RTVSPropertyOp5
 70
     1
102
RTVSPropertyOp6
 70
     1
102
RTVSPropertyOp7
 70
     1
102
RTVSPropertyOp8
 70
     1
102
RTVSPropertyOp9
 70
     1
102
RTVSPropertyOp10
 70
     1
102
RTVSPropertyOp11
 70
     1
102
RTVSPropertyOp12
 70
     1
102
RTVSPropertyOp13
 70
     1
102
RTVSPropertyOp14
 70
     1
102
RTVSPropertyOp15
 70
     1
102
RTVSPropertyOp16
 70
     1
102
RTVSPropertyOp17
 70
     1
102
RTVSPropertyOp18
 70
     1
102
RTVSPropertyOp19
 70
     1
102
RTVSPropertyOp20
 70
     1
102
RTVSPropertyOp21
 70
     1
102
RTVSPropertyOp22
 70
     1
102
RTVSPropertyOp23
 70
     1
102
RTVSPropertyOp24
 70
     1
102
RTVSPropertyOp25
 70
     1
102
RTVSPropertyOp26
 70
     1
102
RTVSPropertyOp27
 70
     1
102
RTVSPropertyOp28
 70
     1
102
RTVSPropertyOp29
 70
     1
102
RTVSPropertyOp30
 70
     1
102
RTVSPropertyOp31
 70
     1
102
RTVSPropertyOp32
 70
     1
102
RTVSPropertyOp33
 70
     1
102
RTVSPropertyOp34
 70
     1
102
RTVSPropertyOp35
 70
     1
102
RTVSPropertyOp36
 70
     1
102
RTVSPropertyOp37
 70
     1
102
RTVSPropertyOp38
 70
     1
102
RTVSPropertyOp39
 70
     1
102
RTVSPropertyOp40
 70
     1
102
RTVSPropertyOp41
 70
     1
102
RTVSPropertyOp42
 70
     1
102
RTVSPropertyOp43
 70
     1
102
RTVSPropertyOp44
 70
     1
102
RTVSPropertyOp45
 70
     1
102
RTVSPropertyOp46
 70
     1
102
RTVSPropertyOp47
 70
     1
102
RTVSPropertyOp48
 70
     1
102
RTVSPropertyOp49
 70
     1
102
RTVSPropertyOp50
 70
     1
102
RTVSPropertyOp51
 70
     0
102
RTVSPropertyOp52
 70
     0
102
RTVSPropertyOp53
 70
     1
102
RTVSPropertyOp54
 70
     1
102
RTVSPropertyOp55
 70
     1
102
RTVSPropertyOp56
 70
     1
102
RTVSPropertyOp57
 70
     1
102
RTVSPropertyOp58
 70
     1
102
RTVSPropertyOp59
 70
     1
102
RTVSPropertyOp60
 70
     1
102
RTVSPropertyOp61
 70
     1
102
RTVSPropertyOp62
 70
     1
  0
XRECORD
  5
2B88
102
{ACAD_REACTORS
330
2B87
102
}
330
2B87
100
AcDbXrecord
280
     1
102
RTVSPost2010Prop28
280
     0
102
RTVSPost2010PropOp28
 70
     1
102
RTVSPost2010Prop29
280
     1
102
RTVSPost2010PropOp29
 70
     1
102
RTVSPost2010Prop30
280
     1
102
RTVSPost2010PropOp30
 70
     1
102
RTVSPost2010Prop31
280
     0
102
RTVSPost2010PropOp31
 70
     1
102
RTVSPost2010Prop32
280
     0
102
RTVSPost2010PropOp32
 70
     1
102
RTVSPost2010Prop33
280
     0
102
RTVSPost2010PropOp33
 70
     1
102
RTVSPost2010Prop34
280
     0
102
RTVSPost2010PropOp34
 70
     1
102
RTVSPost2010Prop35
280
     0
102
RTVSPost2010PropOp35
 70
     1
102
RTVSPost2010Prop36
280
     0
102
RTVSPost2010PropOp36
 70
     1
102
RTVSPost2010Prop37
 90
       50
102
RTVSPost2010PropOp37
 70
     0
102
RTVSPost2010Prop38
140
0.0
102
RTVSPost2010PropOp38
 70
     0
102
RTVSPost2010Prop39
140
1.0
102
RTVSPost2010PropOp39
 70
     0
102
RTVSPost2010Prop40
 90
        0
102
RTVSPost2010PropOp40
 70
     0
102
RTVSPost2010Prop41ColorIndex
 90
       18
102
RTVSPost2010Prop41ColorRGB
 90
        0
102
RTVSPost2010PropOp41
 70
     0
102
RTVSPost2010Prop42
 90
       50
102
RTVSPost2010PropOp42
 70
     0
102
RTVSPost2010Prop43
 90
        3
102
RTVSPost2010PropOp43
 70
     0
102
RTVSPost2010Prop44ColorIndex
 90
        5
102
RTVSPost2010Prop44ColorRGB
 90
      255
102
RTVSPost2010PropOp44
 70
     0
102
RTVSPost2010Prop45
280
     0
102
RTVSPost2010PropOp45
 70
     1
102
RTVSPost2010Prop46
 90
       50
102
RTVSPost2010PropOp46
 70
     0
102
RTVSPost2010Prop47
 90
       50
102
RTVSPost2010PropOp47
 70
     0
102
RTVSPost2010Prop48
 90
       50
102
RTVSPost2010PropOp48
 70
     0
102
RTVSPost2010Prop49
280
     0
102
RTVSPost2010PropOp49
 70
     1
102
RTVSPost2010Prop50
 90
       50
102
RTVSPost2010PropOp50
 70
     0
102
RTVSPost2010Prop51ColorIndex
 90
      256
102
RTVSPost2010Prop51ColorRGB
 90
-16777216
102
RTVSPost2010PropOp51
 70
     0
102
RTVSPost2010Prop52
140
1.0
102
RTVSPost2010PropOp52
 70
     0
102
RTVSPost2010Prop53
 90
        2
102
RTVSPost2010PropOp53
 70
     0
102
RTVSPost2010Prop54
  1
strokes_ogs.tif
102
RTVSPost2010PropOp54
 70
     0
102
RTVSPost2010Prop55
280
     0
102
RTVSPost2010PropOp55
 70
     1
102
RTVSPost2010Prop56
140
1.0
102
RTVSPost2010PropOp56
 70
     0
102
RTVSPost2010Prop57
140
1.0
102
RTVSPost2010PropOp57
 70
     0
102
RTVSPropertyOp0
 70
     0
102
RTVSPropertyOp1
 70
     0
102
RTVSPropertyOp2
 70
     0
102
RTVSPropertyOp3
 70
     0
102
RTVSPropertyOp4
 70
     0
102
RTVSPropertyOp5
 70
     0
102
RTVSPropertyOp6
 70
     0
102
RTVSPropertyOp7
 70
     0
102
RTVSPropertyOp8
 70
     0
102
RTVSPropertyOp9
 70
     0
102
RTVSPropertyOp10
 70
     0
102
RTVSPropertyOp11
 70
     0
102
RTVSPropertyOp12
 70
     0
102
RTVSPropertyOp13
 70
     0
102
RTVSPropertyOp14
 70
     2
102
RTVSPropertyOp15
 70
     0
102
RTVSPropertyOp16
 70
     0
102
RTVSPropertyOp17
 70
     0
102
RTVSPropertyOp18
 70
     0
102
RTVSPropertyOp19
 70
     0
102
RTVSPropertyOp20
 70
     0
102
RTVSPropertyOp21
 70
     0
102
RTVSPropertyOp22
 70
     0
102
RTVSPropertyOp23
 70
     0
102
RTVSPropertyOp24
 70
     0
102
RTVSPropertyOp25
 70
     0
102
RTVSPropertyOp26
 70
     0
102
RTVSPropertyOp27
 70
     0
102
RTVSPropertyOp28
 70
     1
102
RTVSPropertyOp29
 70
     1
102
RTVSPropertyOp30
 70
     1
102
RTVSPropertyOp31
 70
     1
102
RTVSPropertyOp32
 70
     1
102
RTVSPropertyOp33
 70
     1
102
RTVSPropertyOp34
 70
     1
102
RTVSPropertyOp35
 70
     1
102
RTVSPropertyOp36
 70
     1
102
RTVSPropertyOp37
 70
     0
102
RTVSPropertyOp38
 70
     0
102
RTVSPropertyOp39
 70
     0
102
RTVSPropertyOp40
 70
     0
102
RTVSPropertyOp41
 70
     0
102
RTVSPropertyOp42
 70
     0
102
RTVSPropertyOp43
 70
     0
102
RTVSPropertyOp44
 70
     0
102
RTVSPropertyOp45
 70
     1
102
RTVSPropertyOp46
 70
     0
102
RTVSPropertyOp47
 70
     0
102
RTVSPropertyOp48
 70
     0
102
RTVSPropertyOp49
 70
     1
102
RTVSPropertyOp50
 70
     0
102
RTVSPropertyOp51
 70
     0
102
RTVSPropertyOp52
 70
     0
102
RTVSPropertyOp53
 70
     0
102
RTVSPropertyOp54
 70
     0
102
RTVSPropertyOp55
 70
     1
102
RTVSPropertyOp56
 70
     0
102
RTVSPropertyOp57
 70
     0
102
RTVSPropertyOp58
 70
     0
102
RTVSPropertyOp59
 70
     0
102
RTVSPropertyOp60
 70
     0
102
RTVSPropertyOp61
 70
     0
102
RTVSPropertyOp62
 70
     0
  0
XRECORD
  5
2B76
102
{ACAD_REACTORS
330
2B75
102
}
330
2B75
100
AcDbXrecord
280
     1
102
RTVSPost2010Prop28
280
     0
102
RTVSPost2010PropOp28
 70
     1
102
RTVSPost2010Prop29
280
     1
102
RTVSPost2010PropOp29
 70
     1
102
RTVSPost2010Prop30
280
     1
102
RTVSPost2010PropOp30
 70
     1
102
RTVSPost2010Prop31
280
     0
102
RTVSPost2010PropOp31
 70
     1
102
RTVSPost2010Prop32
280
     0
102
RTVSPost2010PropOp32
 70
     1
102
RTVSPost2010Prop33
280
     0
102
RTVSPost2010PropOp33
 70
     1
102
RTVSPost2010Prop34
280
     0
102
RTVSPost2010PropOp34
 70
     1
102
RTVSPost2010Prop35
280
     0
102
RTVSPost2010PropOp35
 70
     1
102
RTVSPost2010Prop36
280
     0
102
RTVSPost2010PropOp36
 70
     1
102
RTVSPost2010Prop37
 90
       50
102
RTVSPost2010PropOp37
 70
     1
102
RTVSPost2010Prop38
140
0.0
102
RTVSPost2010PropOp38
 70
     1
102
RTVSPost2010Prop39
140
1.0
102
RTVSPost2010PropOp39
 70
     1
102
RTVSPost2010Prop40
 90
        0
102
RTVSPost2010PropOp40
 70
     1
102
RTVSPost2010Prop41ColorIndex
 90
       18
102
RTVSPost2010Prop41ColorRGB
 90
        0
102
RTVSPost2010PropOp41
 70
     1
102
RTVSPost2010Prop42
 90
       50
102
RTVSPost2010PropOp42
 70
     1
102
RTVSPost2010Prop43
 90
        3
102
RTVSPost2010PropOp43
 70
     1
102
RTVSPost2010Prop44ColorIndex
 90
        5
102
RTVSPost2010Prop44ColorRGB
 90
      255
102
RTVSPost2010PropOp44
 70
     1
102
RTVSPost2010Prop45
280
     0
102
RTVSPost2010PropOp45
 70
     1
102
RTVSPost2010Prop46
 90
       50
102
RTVSPost2010PropOp46
 70
     1
102
RTVSPost2010Prop47
 90
       50
102
RTVSPost2010PropOp47
 70
     1
102
RTVSPost2010Prop48
 90
       50
102
RTVSPost2010PropOp48
 70
     1
102
RTVSPost2010Prop49
280
     0
102
RTVSPost2010PropOp49
 70
     1
102
RTVSPost2010Prop50
 90
       50
102
RTVSPost2010PropOp50
 70
     1
102
RTVSPost2010Prop51ColorIndex
 90
      256
102
RTVSPost2010Prop51ColorRGB
 90
-16777216
102
RTVSPost2010PropOp51
 70
     0
102
RTVSPost2010Prop52
140
1.0
102
RTVSPost2010PropOp52
 70
     0
102
RTVSPost2010Prop53
 90
        2
102
RTVSPost2010PropOp53
 70
     1
102
RTVSPost2010Prop54
  1
strokes_ogs.tif
102
RTVSPost2010PropOp54
 70
     1
102
RTVSPost2010Prop55
280
     0
102
RTVSPost2010PropOp55
 70
     1
102
RTVSPost2010Prop56
140
1.0
102
RTVSPost2010PropOp56
 70
     1
102
RTVSPost2010Prop57
140
1.0
102
RTVSPost2010PropOp57
 70
     1
102
RTVSPropertyOp0
 70
     1
102
RTVSPropertyOp1
 70
     1
102
RTVSPropertyOp2
 70
     1
102
RTVSPropertyOp3
 70
     1
102
RTVSPropertyOp4
 70
     1
102
RTVSPropertyOp5
 70
     1
102
RTVSPropertyOp6
 70
     1
102
RTVSPropertyOp7
 70
     1
102
RTVSPropertyOp8
 70
     1
102
RTVSPropertyOp9
 70
     1
102
RTVSPropertyOp10
 70
     1
102
RTVSPropertyOp11
 70
     1
102
RTVSPropertyOp12
 70
     1
102
RTVSPropertyOp13
 70
     1
102
RTVSPropertyOp14
 70
     1
102
RTVSPropertyOp15
 70
     1
102
RTVSPropertyOp16
 70
     1
102
RTVSPropertyOp17
 70
     1
102
RTVSPropertyOp18
 70
     1
102
RTVSPropertyOp19
 70
     1
102
RTVSPropertyOp20
 70
     1
102
RTVSPropertyOp21
 70
     1
102
RTVSPropertyOp22
 70
     1
102
RTVSPropertyOp23
 70
     1
102
RTVSPropertyOp24
 70
     1
102
RTVSPropertyOp25
 70
     1
102
RTVSPropertyOp26
 70
     1
102
RTVSPropertyOp27
 70
     1
102
RTVSPropertyOp28
 70
     1
102
RTVSPropertyOp29
 70
     1
102
RTVSPropertyOp30
 70
     1
102
RTVSPropertyOp31
 70
     1
102
RTVSPropertyOp32
 70
     1
102
RTVSPropertyOp33
 70
     1
102
RTVSPropertyOp34
 70
     1
102
RTVSPropertyOp35
 70
     1
102
RTVSPropertyOp36
 70
     1
102
RTVSPropertyOp37
 70
     1
102
RTVSPropertyOp38
 70
     1
102
RTVSPropertyOp39
 70
     1
102
RTVSPropertyOp40
 70
     1
102
RTVSPropertyOp41
 70
     1
102
RTVSPropertyOp42
 70
     1
102
RTVSPropertyOp43
 70
     1
102
RTVSPropertyOp44
 70
     1
102
RTVSPropertyOp45
 70
     1
102
RTVSPropertyOp46
 70
     1
102
RTVSPropertyOp47
 70
     1
102
RTVSPropertyOp48
 70
     1
102
RTVSPropertyOp49
 70
     1
102
RTVSPropertyOp50
 70
     1
102
RTVSPropertyOp51
 70
     0
102
RTVSPropertyOp52
 70
     0
102
RTVSPropertyOp53
 70
     1
102
RTVSPropertyOp54
 70
     1
102
RTVSPropertyOp55
 70
     1
102
RTVSPropertyOp56
 70
     1
102
RTVSPropertyOp57
 70
     1
102
RTVSPropertyOp58
 70
     1
102
RTVSPropertyOp59
 70
     1
102
RTVSPropertyOp60
 70
     1
102
RTVSPropertyOp61
 70
     1
102
RTVSPropertyOp62
 70
     1
  0
XRECORD
  5
2B5A
102
{ACAD_REACTORS
330
2B59
102
}
330
2B59
100
AcDbXrecord
280
     1
102
RTVSPost2010Prop28
280
     0
102
RTVSPost2010PropOp28
 70
     1
102
RTVSPost2010Prop29
280
     1
102
RTVSPost2010PropOp29
 70
     1
102
RTVSPost2010Prop30
280
     1
102
RTVSPost2010PropOp30
 70
     1
102
RTVSPost2010Prop31
280
     0
102
RTVSPost2010PropOp31
 70
     1
102
RTVSPost2010Prop32
280
     0
102
RTVSPost2010PropOp32
 70
     1
102
RTVSPost2010Prop33
280
     0
102
RTVSPost2010PropOp33
 70
     1
102
RTVSPost2010Prop34
280
     0
102
RTVSPost2010PropOp34
 70
     1
102
RTVSPost2010Prop35
280
     0
102
RTVSPost2010PropOp35
 70
     1
102
RTVSPost2010Prop36
280
     0
102
RTVSPost2010PropOp36
 70
     1
102
RTVSPost2010Prop37
 90
       50
102
RTVSPost2010PropOp37
 70
     1
102
RTVSPost2010Prop38
140
0.0
102
RTVSPost2010PropOp38
 70
     1
102
RTVSPost2010Prop39
140
1.0
102
RTVSPost2010PropOp39
 70
     1
102
RTVSPost2010Prop40
 90
        0
102
RTVSPost2010PropOp40
 70
     1
102
RTVSPost2010Prop41ColorIndex
 90
       18
102
RTVSPost2010Prop41ColorRGB
 90
        0
102
RTVSPost2010PropOp41
 70
     1
102
RTVSPost2010Prop42
 90
       50
102
RTVSPost2010PropOp42
 70
     1
102
RTVSPost2010Prop43
 90
        3
102
RTVSPost2010PropOp43
 70
     1
102
RTVSPost2010Prop44ColorIndex
 90
        5
102
RTVSPost2010Prop44ColorRGB
 90
      255
102
RTVSPost2010PropOp44
 70
     1
102
RTVSPost2010Prop45
280
     0
102
RTVSPost2010PropOp45
 70
     1
102
RTVSPost2010Prop46
 90
       50
102
RTVSPost2010PropOp46
 70
     1
102
RTVSPost2010Prop47
 90
       50
102
RTVSPost2010PropOp47
 70
     1
102
RTVSPost2010Prop48
 90
       50
102
RTVSPost2010PropOp48
 70
     1
102
RTVSPost2010Prop49
280
     0
102
RTVSPost2010PropOp49
 70
     1
102
RTVSPost2010Prop50
 90
       50
102
RTVSPost2010PropOp50
 70
     1
102
RTVSPost2010Prop51ColorIndex
 90
      256
102
RTVSPost2010Prop51ColorRGB
 90
-16777216
102
RTVSPost2010PropOp51
 70
     0
102
RTVSPost2010Prop52
140
1.0
102
RTVSPost2010PropOp52
 70
     0
102
RTVSPost2010Prop53
 90
        2
102
RTVSPost2010PropOp53
 70
     1
102
RTVSPost2010Prop54
  1
strokes_ogs.tif
102
RTVSPost2010PropOp54
 70
     1
102
RTVSPost2010Prop55
280
     0
102
RTVSPost2010PropOp55
 70
     1
102
RTVSPost2010Prop56
140
1.0
102
RTVSPost2010PropOp56
 70
     1
102
RTVSPost2010Prop57
140
1.0
102
RTVSPost2010PropOp57
 70
     1
102
RTVSPropertyOp0
 70
     1
102
RTVSPropertyOp1
 70
     1
102
RTVSPropertyOp2
 70
     1
102
RTVSPropertyOp3
 70
     1
102
RTVSPropertyOp4
 70
     1
102
RTVSPropertyOp5
 70
     1
102
RTVSPropertyOp6
 70
     1
102
RTVSPropertyOp7
 70
     1
102
RTVSPropertyOp8
 70
     1
102
RTVSPropertyOp9
 70
     1
102
RTVSPropertyOp10
 70
     1
102
RTVSPropertyOp11
 70
     1
102
RTVSPropertyOp12
 70
     1
102
RTVSPropertyOp13
 70
     1
102
RTVSPropertyOp14
 70
     1
102
RTVSPropertyOp15
 70
     1
102
RTVSPropertyOp16
 70
     1
102
RTVSPropertyOp17
 70
     1
102
RTVSPropertyOp18
 70
     1
102
RTVSPropertyOp19
 70
     1
102
RTVSPropertyOp20
 70
     1
102
RTVSPropertyOp21
 70
     1
102
RTVSPropertyOp22
 70
     1
102
RTVSPropertyOp23
 70
     1
102
RTVSPropertyOp24
 70
     1
102
RTVSPropertyOp25
 70
     1
102
RTVSPropertyOp26
 70
     1
102
RTVSPropertyOp27
 70
     1
102
RTVSPropertyOp28
 70
     1
102
RTVSPropertyOp29
 70
     1
102
RTVSPropertyOp30
 70
     1
102
RTVSPropertyOp31
 70
     1
102
RTVSPropertyOp32
 70
     1
102
RTVSPropertyOp33
 70
     1
102
RTVSPropertyOp34
 70
     1
102
RTVSPropertyOp35
 70
     1
102
RTVSPropertyOp36
 70
     1
102
RTVSPropertyOp37
 70
     1
102
RTVSPropertyOp38
 70
     1
102
RTVSPropertyOp39
 70
     1
102
RTVSPropertyOp40
 70
     1
102
RTVSPropertyOp41
 70
     1
102
RTVSPropertyOp42
 70
     1
102
RTVSPropertyOp43
 70
     1
102
RTVSPropertyOp44
 70
     1
102
RTVSPropertyOp45
 70
     1
102
RTVSPropertyOp46
 70
     1
102
RTVSPropertyOp47
 70
     1
102
RTVSPropertyOp48
 70
     1
102
RTVSPropertyOp49
 70
     1
102
RTVSPropertyOp50
 70
     1
102
RTVSPropertyOp51
 70
     0
102
RTVSPropertyOp52
 70
     0
102
RTVSPropertyOp53
 70
     1
102
RTVSPropertyOp54
 70
     1
102
RTVSPropertyOp55
 70
     1
102
RTVSPropertyOp56
 70
     1
102
RTVSPropertyOp57
 70
     1
102
RTVSPropertyOp58
 70
     1
102
RTVSPropertyOp59
 70
     1
102
RTVSPropertyOp60
 70
     1
102
RTVSPropertyOp61
 70
     1
102
RTVSPropertyOp62
 70
     1
  0
XRECORD
  5
2B5C
102
{ACAD_REACTORS
330
2B5B
102
}
330
2B5B
100
AcDbXrecord
280
     1
102
RTVSPost2010Prop28
280
     0
102
RTVSPost2010PropOp28
 70
     1
102
RTVSPost2010Prop29
280
     1
102
RTVSPost2010PropOp29
 70
     1
102
RTVSPost2010Prop30
280
     1
102
RTVSPost2010PropOp30
 70
     1
102
RTVSPost2010Prop31
280
     0
102
RTVSPost2010PropOp31
 70
     1
102
RTVSPost2010Prop32
280
     0
102
RTVSPost2010PropOp32
 70
     1
102
RTVSPost2010Prop33
280
     0
102
RTVSPost2010PropOp33
 70
     1
102
RTVSPost2010Prop34
280
     0
102
RTVSPost2010PropOp34
 70
     1
102
RTVSPost2010Prop35
280
     0
102
RTVSPost2010PropOp35
 70
     1
102
RTVSPost2010Prop36
280
     0
102
RTVSPost2010PropOp36
 70
     1
102
RTVSPost2010Prop37
 90
       50
102
RTVSPost2010PropOp37
 70
     1
102
RTVSPost2010Prop38
140
0.0
102
RTVSPost2010PropOp38
 70
     1
102
RTVSPost2010Prop39
140
1.0
102
RTVSPost2010PropOp39
 70
     1
102
RTVSPost2010Prop40
 90
        0
102
RTVSPost2010PropOp40
 70
     1
102
RTVSPost2010Prop41ColorIndex
 90
       18
102
RTVSPost2010Prop41ColorRGB
 90
        0
102
RTVSPost2010PropOp41
 70
     1
102
RTVSPost2010Prop42
 90
       50
102
RTVSPost2010PropOp42
 70
     1
102
RTVSPost2010Prop43
 90
        3
102
RTVSPost2010PropOp43
 70
     1
102
RTVSPost2010Prop44ColorIndex
 90
        5
102
RTVSPost2010Prop44ColorRGB
 90
      255
102
RTVSPost2010PropOp44
 70
     1
102
RTVSPost2010Prop45
280
     0
102
RTVSPost2010PropOp45
 70
     1
102
RTVSPost2010Prop46
 90
       50
102
RTVSPost2010PropOp46
 70
     1
102
RTVSPost2010Prop47
 90
       50
102
RTVSPost2010PropOp47
 70
     1
102
RTVSPost2010Prop48
 90
       50
102
RTVSPost2010PropOp48
 70
     1
102
RTVSPost2010Prop49
280
     0
102
RTVSPost2010PropOp49
 70
     1
102
RTVSPost2010Prop50
 90
       50
102
RTVSPost2010PropOp50
 70
     1
102
RTVSPost2010Prop51ColorIndex
 90
      256
102
RTVSPost2010Prop51ColorRGB
 90
-16777216
102
RTVSPost2010PropOp51
 70
     0
102
RTVSPost2010Prop52
140
1.0
102
RTVSPost2010PropOp52
 70
     0
102
RTVSPost2010Prop53
 90
        2
102
RTVSPost2010PropOp53
 70
     1
102
RTVSPost2010Prop54
  1
strokes_ogs.tif
102
RTVSPost2010PropOp54
 70
     1
102
RTVSPost2010Prop55
280
     0
102
RTVSPost2010PropOp55
 70
     1
102
RTVSPost2010Prop56
140
1.0
102
RTVSPost2010PropOp56
 70
     1
102
RTVSPost2010Prop57
140
1.0
102
RTVSPost2010PropOp57
 70
     1
102
RTVSPropertyOp0
 70
     1
102
RTVSPropertyOp1
 70
     1
102
RTVSPropertyOp2
 70
     1
102
RTVSPropertyOp3
 70
     1
102
RTVSPropertyOp4
 70
     1
102
RTVSPropertyOp5
 70
     1
102
RTVSPropertyOp6
 70
     1
102
RTVSPropertyOp7
 70
     1
102
RTVSPropertyOp8
 70
     1
102
RTVSPropertyOp9
 70
     1
102
RTVSPropertyOp10
 70
     1
102
RTVSPropertyOp11
 70
     1
102
RTVSPropertyOp12
 70
     1
102
RTVSPropertyOp13
 70
     1
102
RTVSPropertyOp14
 70
     1
102
RTVSPropertyOp15
 70
     1
102
RTVSPropertyOp16
 70
     1
102
RTVSPropertyOp17
 70
     1
102
RTVSPropertyOp18
 70
     1
102
RTVSPropertyOp19
 70
     1
102
RTVSPropertyOp20
 70
     1
102
RTVSPropertyOp21
 70
     1
102
RTVSPropertyOp22
 70
     1
102
RTVSPropertyOp23
 70
     1
102
RTVSPropertyOp24
 70
     1
102
RTVSPropertyOp25
 70
     1
102
RTVSPropertyOp26
 70
     1
102
RTVSPropertyOp27
 70
     1
102
RTVSPropertyOp28
 70
     1
102
RTVSPropertyOp29
 70
     1
102
RTVSPropertyOp30
 70
     1
102
RTVSPropertyOp31
 70
     1
102
RTVSPropertyOp32
 70
     1
102
RTVSPropertyOp33
 70
     1
102
RTVSPropertyOp34
 70
     1
102
RTVSPropertyOp35
 70
     1
102
RTVSPropertyOp36
 70
     1
102
RTVSPropertyOp37
 70
     1
102
RTVSPropertyOp38
 70
     1
102
RTVSPropertyOp39
 70
     1
102
RTVSPropertyOp40
 70
     1
102
RTVSPropertyOp41
 70
     1
102
RTVSPropertyOp42
 70
     1
102
RTVSPropertyOp43
 70
     1
102
RTVSPropertyOp44
 70
     1
102
RTVSPropertyOp45
 70
     1
102
RTVSPropertyOp46
 70
     1
102
RTVSPropertyOp47
 70
     1
102
RTVSPropertyOp48
 70
     1
102
RTVSPropertyOp49
 70
     1
102
RTVSPropertyOp50
 70
     1
102
RTVSPropertyOp51
 70
     0
102
RTVSPropertyOp52
 70
     0
102
RTVSPropertyOp53
 70
     1
102
RTVSPropertyOp54
 70
     1
102
RTVSPropertyOp55
 70
     1
102
RTVSPropertyOp56
 70
     1
102
RTVSPropertyOp57
 70
     1
102
RTVSPropertyOp58
 70
     1
102
RTVSPropertyOp59
 70
     1
102
RTVSPropertyOp60
 70
     1
102
RTVSPropertyOp61
 70
     1
102
RTVSPropertyOp62
 70
     1
  0
XRECORD
  5
2B5E
102
{ACAD_REACTORS
330
2B5D
102
}
330
2B5D
100
AcDbXrecord
280
     1
102
RTVSPost2010Prop28
280
     0
102
RTVSPost2010PropOp28
 70
     1
102
RTVSPost2010Prop29
280
     1
102
RTVSPost2010PropOp29
 70
     1
102
RTVSPost2010Prop30
280
     1
102
RTVSPost2010PropOp30
 70
     1
102
RTVSPost2010Prop31
280
     0
102
RTVSPost2010PropOp31
 70
     1
102
RTVSPost2010Prop32
280
     0
102
RTVSPost2010PropOp32
 70
     1
102
RTVSPost2010Prop33
280
     0
102
RTVSPost2010PropOp33
 70
     1
102
RTVSPost2010Prop34
280
     0
102
RTVSPost2010PropOp34
 70
     1
102
RTVSPost2010Prop35
280
     0
102
RTVSPost2010PropOp35
 70
     1
102
RTVSPost2010Prop36
280
     0
102
RTVSPost2010PropOp36
 70
     1
102
RTVSPost2010Prop37
 90
       50
102
RTVSPost2010PropOp37
 70
     1
102
RTVSPost2010Prop38
140
0.0
102
RTVSPost2010PropOp38
 70
     1
102
RTVSPost2010Prop39
140
1.0
102
RTVSPost2010PropOp39
 70
     1
102
RTVSPost2010Prop40
 90
        0
102
RTVSPost2010PropOp40
 70
     1
102
RTVSPost2010Prop41ColorIndex
 90
       18
102
RTVSPost2010Prop41ColorRGB
 90
        0
102
RTVSPost2010PropOp41
 70
     1
102
RTVSPost2010Prop42
 90
       50
102
RTVSPost2010PropOp42
 70
     1
102
RTVSPost2010Prop43
 90
        3
102
RTVSPost2010PropOp43
 70
     1
102
RTVSPost2010Prop44ColorIndex
 90
        5
102
RTVSPost2010Prop44ColorRGB
 90
      255
102
RTVSPost2010PropOp44
 70
     1
102
RTVSPost2010Prop45
280
     0
102
RTVSPost2010PropOp45
 70
     1
102
RTVSPost2010Prop46
 90
       50
102
RTVSPost2010PropOp46
 70
     1
102
RTVSPost2010Prop47
 90
       50
102
RTVSPost2010PropOp47
 70
     1
102
RTVSPost2010Prop48
 90
       50
102
RTVSPost2010PropOp48
 70
     1
102
RTVSPost2010Prop49
280
     0
102
RTVSPost2010PropOp49
 70
     1
102
RTVSPost2010Prop50
 90
       50
102
RTVSPost2010PropOp50
 70
     1
102
RTVSPost2010Prop51ColorIndex
 90
      256
102
RTVSPost2010Prop51ColorRGB
 90
-16777216
102
RTVSPost2010PropOp51
 70
     0
102
RTVSPost2010Prop52
140
1.0
102
RTVSPost2010PropOp52
 70
     0
102
RTVSPost2010Prop53
 90
        2
102
RTVSPost2010PropOp53
 70
     1
102
RTVSPost2010Prop54
  1
strokes_ogs.tif
102
RTVSPost2010PropOp54
 70
     1
102
RTVSPost2010Prop55
280
     0
102
RTVSPost2010PropOp55
 70
     1
102
RTVSPost2010Prop56
140
1.0
102
RTVSPost2010PropOp56
 70
     1
102
RTVSPost2010Prop57
140
1.0
102
RTVSPost2010PropOp57
 70
     1
102
RTVSPropertyOp0
 70
     1
102
RTVSPropertyOp1
 70
     1
102
RTVSPropertyOp2
 70
     1
102
RTVSPropertyOp3
 70
     1
102
RTVSPropertyOp4
 70
     1
102
RTVSPropertyOp5
 70
     1
102
RTVSPropertyOp6
 70
     1
102
RTVSPropertyOp7
 70
     1
102
RTVSPropertyOp8
 70
     1
102
RTVSPropertyOp9
 70
     1
102
RTVSPropertyOp10
 70
     1
102
RTVSPropertyOp11
 70
     1
102
RTVSPropertyOp12
 70
     1
102
RTVSPropertyOp13
 70
     1
102
RTVSPropertyOp14
 70
     1
102
RTVSPropertyOp15
 70
     1
102
RTVSPropertyOp16
 70
     1
102
RTVSPropertyOp17
 70
     1
102
RTVSPropertyOp18
 70
     1
102
RTVSPropertyOp19
 70
     1
102
RTVSPropertyOp20
 70
     1
102
RTVSPropertyOp21
 70
     1
102
RTVSPropertyOp22
 70
     1
102
RTVSPropertyOp23
 70
     1
102
RTVSPropertyOp24
 70
     1
102
RTVSPropertyOp25
 70
     1
102
RTVSPropertyOp26
 70
     1
102
RTVSPropertyOp27
 70
     1
102
RTVSPropertyOp28
 70
     1
102
RTVSPropertyOp29
 70
     1
102
RTVSPropertyOp30
 70
     1
102
RTVSPropertyOp31
 70
     1
102
RTVSPropertyOp32
 70
     1
102
RTVSPropertyOp33
 70
     1
102
RTVSPropertyOp34
 70
     1
102
RTVSPropertyOp35
 70
     1
102
RTVSPropertyOp36
 70
     1
102
RTVSPropertyOp37
 70
     1
102
RTVSPropertyOp38
 70
     1
102
RTVSPropertyOp39
 70
     1
102
RTVSPropertyOp40
 70
     1
102
RTVSPropertyOp41
 70
     1
102
RTVSPropertyOp42
 70
     1
102
RTVSPropertyOp43
 70
     1
102
RTVSPropertyOp44
 70
     1
102
RTVSPropertyOp45
 70
     1
102
RTVSPropertyOp46
 70
     1
102
RTVSPropertyOp47
 70
     1
102
RTVSPropertyOp48
 70
     1
102
RTVSPropertyOp49
 70
     1
102
RTVSPropertyOp50
 70
     1
102
RTVSPropertyOp51
 70
     0
102
RTVSPropertyOp52
 70
     0
102
RTVSPropertyOp53
 70
     1
102
RTVSPropertyOp54
 70
     1
102
RTVSPropertyOp55
 70
     1
102
RTVSPropertyOp56
 70
     1
102
RTVSPropertyOp57
 70
     1
102
RTVSPropertyOp58
 70
     1
102
RTVSPropertyOp59
 70
     1
102
RTVSPropertyOp60
 70
     1
102
RTVSPropertyOp61
 70
     1
102
RTVSPropertyOp62
 70
     1
  0
XRECORD
  5
2B60
102
{ACAD_REACTORS
330
2B5F
102
}
330
2B5F
100
AcDbXrecord
280
     1
102
RTVSPost2010Prop28
280
     0
102
RTVSPost2010PropOp28
 70
     1
102
RTVSPost2010Prop29
280
     1
102
RTVSPost2010PropOp29
 70
     1
102
RTVSPost2010Prop30
280
     1
102
RTVSPost2010PropOp30
 70
     1
102
RTVSPost2010Prop31
280
     0
102
RTVSPost2010PropOp31
 70
     1
102
RTVSPost2010Prop32
280
     0
102
RTVSPost2010PropOp32
 70
     1
102
RTVSPost2010Prop33
280
     0
102
RTVSPost2010PropOp33
 70
     1
102
RTVSPost2010Prop34
280
     0
102
RTVSPost2010PropOp34
 70
     1
102
RTVSPost2010Prop35
280
     0
102
RTVSPost2010PropOp35
 70
     1
102
RTVSPost2010Prop36
280
     0
102
RTVSPost2010PropOp36
 70
     1
102
RTVSPost2010Prop37
 90
       50
102
RTVSPost2010PropOp37
 70
     1
102
RTVSPost2010Prop38
140
0.0
102
RTVSPost2010PropOp38
 70
     1
102
RTVSPost2010Prop39
140
1.0
102
RTVSPost2010PropOp39
 70
     1
102
RTVSPost2010Prop40
 90
        0
102
RTVSPost2010PropOp40
 70
     1
102
RTVSPost2010Prop41ColorIndex
 90
       18
102
RTVSPost2010Prop41ColorRGB
 90
        0
102
RTVSPost2010PropOp41
 70
     1
102
RTVSPost2010Prop42
 90
       50
102
RTVSPost2010PropOp42
 70
     1
102
RTVSPost2010Prop43
 90
        3
102
RTVSPost2010PropOp43
 70
     1
102
RTVSPost2010Prop44ColorIndex
 90
        5
102
RTVSPost2010Prop44ColorRGB
 90
      255
102
RTVSPost2010PropOp44
 70
     1
102
RTVSPost2010Prop45
280
     0
102
RTVSPost2010PropOp45
 70
     1
102
RTVSPost2010Prop46
 90
       50
102
RTVSPost2010PropOp46
 70
     1
102
RTVSPost2010Prop47
 90
       50
102
RTVSPost2010PropOp47
 70
     1
102
RTVSPost2010Prop48
 90
       50
102
RTVSPost2010PropOp48
 70
     1
102
RTVSPost2010Prop49
280
     0
102
RTVSPost2010PropOp49
 70
     1
102
RTVSPost2010Prop50
 90
       50
102
RTVSPost2010PropOp50
 70
     1
102
RTVSPost2010Prop51ColorIndex
 90
      256
102
RTVSPost2010Prop51ColorRGB
 90
-16777216
102
RTVSPost2010PropOp51
 70
     0
102
RTVSPost2010Prop52
140
1.0
102
RTVSPost2010PropOp52
 70
     0
102
RTVSPost2010Prop53
 90
        2
102
RTVSPost2010PropOp53
 70
     1
102
RTVSPost2010Prop54
  1
strokes_ogs.tif
102
RTVSPost2010PropOp54
 70
     1
102
RTVSPost2010Prop55
280
     0
102
RTVSPost2010PropOp55
 70
     1
102
RTVSPost2010Prop56
140
1.0
102
RTVSPost2010PropOp56
 70
     1
102
RTVSPost2010Prop57
140
1.0
102
RTVSPost2010PropOp57
 70
     1
102
RTVSPropertyOp0
 70
     1
102
RTVSPropertyOp1
 70
     1
102
RTVSPropertyOp2
 70
     1
102
RTVSPropertyOp3
 70
     1
102
RTVSPropertyOp4
 70
     1
102
RTVSPropertyOp5
 70
     1
102
RTVSPropertyOp6
 70
     1
102
RTVSPropertyOp7
 70
     1
102
RTVSPropertyOp8
 70
     1
102
RTVSPropertyOp9
 70
     1
102
RTVSPropertyOp10
 70
     1
102
RTVSPropertyOp11
 70
     1
102
RTVSPropertyOp12
 70
     1
102
RTVSPropertyOp13
 70
     1
102
RTVSPropertyOp14
 70
     1
102
RTVSPropertyOp15
 70
     1
102
RTVSPropertyOp16
 70
     1
102
RTVSPropertyOp17
 70
     1
102
RTVSPropertyOp18
 70
     1
102
RTVSPropertyOp19
 70
     1
102
RTVSPropertyOp20
 70
     1
102
RTVSPropertyOp21
 70
     1
102
RTVSPropertyOp22
 70
     1
102
RTVSPropertyOp23
 70
     1
102
RTVSPropertyOp24
 70
     1
102
RTVSPropertyOp25
 70
     1
102
RTVSPropertyOp26
 70
     1
102
RTVSPropertyOp27
 70
     1
102
RTVSPropertyOp28
 70
     1
102
RTVSPropertyOp29
 70
     1
102
RTVSPropertyOp30
 70
     1
102
RTVSPropertyOp31
 70
     1
102
RTVSPropertyOp32
 70
     1
102
RTVSPropertyOp33
 70
     1
102
RTVSPropertyOp34
 70
     1
102
RTVSPropertyOp35
 70
     1
102
RTVSPropertyOp36
 70
     1
102
RTVSPropertyOp37
 70
     1
102
RTVSPropertyOp38
 70
     1
102
RTVSPropertyOp39
 70
     1
102
RTVSPropertyOp40
 70
     1
102
RTVSPropertyOp41
 70
     1
102
RTVSPropertyOp42
 70
     1
102
RTVSPropertyOp43
 70
     1
102
RTVSPropertyOp44
 70
     1
102
RTVSPropertyOp45
 70
     1
102
RTVSPropertyOp46
 70
     1
102
RTVSPropertyOp47
 70
     1
102
RTVSPropertyOp48
 70
     1
102
RTVSPropertyOp49
 70
     1
102
RTVSPropertyOp50
 70
     1
102
RTVSPropertyOp51
 70
     0
102
RTVSPropertyOp52
 70
     0
102
RTVSPropertyOp53
 70
     1
102
RTVSPropertyOp54
 70
     1
102
RTVSPropertyOp55
 70
     1
102
RTVSPropertyOp56
 70
     1
102
RTVSPropertyOp57
 70
     1
102
RTVSPropertyOp58
 70
     1
102
RTVSPropertyOp59
 70
     1
102
RTVSPropertyOp60
 70
     1
102
RTVSPropertyOp61
 70
     1
102
RTVSPropertyOp62
 70
     1
  0
XRECORD
  5
2B68
102
{ACAD_REACTORS
330
2B67
102
}
330
2B67
100
AcDbXrecord
280
     1
102
RTVSPost2010Prop28
280
     0
102
RTVSPost2010PropOp28
 70
     1
102
RTVSPost2010Prop29
280
     1
102
RTVSPost2010PropOp29
 70
     1
102
RTVSPost2010Prop30
280
     1
102
RTVSPost2010PropOp30
 70
     1
102
RTVSPost2010Prop31
280
     0
102
RTVSPost2010PropOp31
 70
     1
102
RTVSPost2010Prop32
280
     0
102
RTVSPost2010PropOp32
 70
     1
102
RTVSPost2010Prop33
280
     0
102
RTVSPost2010PropOp33
 70
     1
102
RTVSPost2010Prop34
280
     0
102
RTVSPost2010PropOp34
 70
     1
102
RTVSPost2010Prop35
280
     0
102
RTVSPost2010PropOp35
 70
     1
102
RTVSPost2010Prop36
280
     0
102
RTVSPost2010PropOp36
 70
     1
102
RTVSPost2010Prop37
 90
       50
102
RTVSPost2010PropOp37
 70
     1
102
RTVSPost2010Prop38
140
0.0
102
RTVSPost2010PropOp38
 70
     1
102
RTVSPost2010Prop39
140
1.0
102
RTVSPost2010PropOp39
 70
     1
102
RTVSPost2010Prop40
 90
        0
102
RTVSPost2010PropOp40
 70
     1
102
RTVSPost2010Prop41ColorIndex
 90
       18
102
RTVSPost2010Prop41ColorRGB
 90
        0
102
RTVSPost2010PropOp41
 70
     1
102
RTVSPost2010Prop42
 90
       50
102
RTVSPost2010PropOp42
 70
     1
102
RTVSPost2010Prop43
 90
        3
102
RTVSPost2010PropOp43
 70
     1
102
RTVSPost2010Prop44ColorIndex
 90
        5
102
RTVSPost2010Prop44ColorRGB
 90
      255
102
RTVSPost2010PropOp44
 70
     1
102
RTVSPost2010Prop45
280
     0
102
RTVSPost2010PropOp45
 70
     1
102
RTVSPost2010Prop46
 90
       50
102
RTVSPost2010PropOp46
 70
     1
102
RTVSPost2010Prop47
 90
       50
102
RTVSPost2010PropOp47
 70
     1
102
RTVSPost2010Prop48
 90
       50
102
RTVSPost2010PropOp48
 70
     1
102
RTVSPost2010Prop49
280
     0
102
RTVSPost2010PropOp49
 70
     1
102
RTVSPost2010Prop50
 90
       50
102
RTVSPost2010PropOp50
 70
     1
102
RTVSPost2010Prop51ColorIndex
 90
      256
102
RTVSPost2010Prop51ColorRGB
 90
-16777216
102
RTVSPost2010PropOp51
 70
     0
102
RTVSPost2010Prop52
140
1.0
102
RTVSPost2010PropOp52
 70
     0
102
RTVSPost2010Prop53
 90
        2
102
RTVSPost2010PropOp53
 70
     1
102
RTVSPost2010Prop54
  1
strokes_ogs.tif
102
RTVSPost2010PropOp54
 70
     1
102
RTVSPost2010Prop55
280
     0
102
RTVSPost2010PropOp55
 70
     1
102
RTVSPost2010Prop56
140
1.0
102
RTVSPost2010PropOp56
 70
     1
102
RTVSPost2010Prop57
140
1.0
102
RTVSPost2010PropOp57
 70
     1
102
RTVSPropertyOp0
 70
     1
102
RTVSPropertyOp1
 70
     1
102
RTVSPropertyOp2
 70
     1
102
RTVSPropertyOp3
 70
     1
102
RTVSPropertyOp4
 70
     1
102
RTVSPropertyOp5
 70
     1
102
RTVSPropertyOp6
 70
     1
102
RTVSPropertyOp7
 70
     1
102
RTVSPropertyOp8
 70
     1
102
RTVSPropertyOp9
 70
     1
102
RTVSPropertyOp10
 70
     1
102
RTVSPropertyOp11
 70
     1
102
RTVSPropertyOp12
 70
     1
102
RTVSPropertyOp13
 70
     1
102
RTVSPropertyOp14
 70
     1
102
RTVSPropertyOp15
 70
     1
102
RTVSPropertyOp16
 70
     1
102
RTVSPropertyOp17
 70
     1
102
RTVSPropertyOp18
 70
     1
102
RTVSPropertyOp19
 70
     1
102
RTVSPropertyOp20
 70
     1
102
RTVSPropertyOp21
 70
     1
102
RTVSPropertyOp22
 70
     1
102
RTVSPropertyOp23
 70
     1
102
RTVSPropertyOp24
 70
     1
102
RTVSPropertyOp25
 70
     1
102
RTVSPropertyOp26
 70
     1
102
RTVSPropertyOp27
 70
     1
102
RTVSPropertyOp28
 70
     1
102
RTVSPropertyOp29
 70
     1
102
RTVSPropertyOp30
 70
     1
102
RTVSPropertyOp31
 70
     1
102
RTVSPropertyOp32
 70
     1
102
RTVSPropertyOp33
 70
     1
102
RTVSPropertyOp34
 70
     1
102
RTVSPropertyOp35
 70
     1
102
RTVSPropertyOp36
 70
     1
102
RTVSPropertyOp37
 70
     1
102
RTVSPropertyOp38
 70
     1
102
RTVSPropertyOp39
 70
     1
102
RTVSPropertyOp40
 70
     1
102
RTVSPropertyOp41
 70
     1
102
RTVSPropertyOp42
 70
     1
102
RTVSPropertyOp43
 70
     1
102
RTVSPropertyOp44
 70
     1
102
RTVSPropertyOp45
 70
     1
102
RTVSPropertyOp46
 70
     1
102
RTVSPropertyOp47
 70
     1
102
RTVSPropertyOp48
 70
     1
102
RTVSPropertyOp49
 70
     1
102
RTVSPropertyOp50
 70
     1
102
RTVSPropertyOp51
 70
     0
102
RTVSPropertyOp52
 70
     0
102
RTVSPropertyOp53
 70
     1
102
RTVSPropertyOp54
 70
     1
102
RTVSPropertyOp55
 70
     1
102
RTVSPropertyOp56
 70
     1
102
RTVSPropertyOp57
 70
     1
102
RTVSPropertyOp58
 70
     1
102
RTVSPropertyOp59
 70
     1
102
RTVSPropertyOp60
 70
     1
102
RTVSPropertyOp61
 70
     1
102
RTVSPropertyOp62
 70
     1
  0
XRECORD
  5
2B84
102
{ACAD_REACTORS
330
2B83
102
}
330
2B83
100
AcDbXrecord
280
     1
102
RTVSPost2010Prop28
280
     0
102
RTVSPost2010PropOp28
 70
     1
102
RTVSPost2010Prop29
280
     1
102
RTVSPost2010PropOp29
 70
     1
102
RTVSPost2010Prop30
280
     1
102
RTVSPost2010PropOp30
 70
     1
102
RTVSPost2010Prop31
280
     0
102
RTVSPost2010PropOp31
 70
     1
102
RTVSPost2010Prop32
280
     0
102
RTVSPost2010PropOp32
 70
     1
102
RTVSPost2010Prop33
280
     0
102
RTVSPost2010PropOp33
 70
     1
102
RTVSPost2010Prop34
280
     0
102
RTVSPost2010PropOp34
 70
     1
102
RTVSPost2010Prop35
280
     0
102
RTVSPost2010PropOp35
 70
     1
102
RTVSPost2010Prop36
280
     0
102
RTVSPost2010PropOp36
 70
     1
102
RTVSPost2010Prop37
 90
       50
102
RTVSPost2010PropOp37
 70
     0
102
RTVSPost2010Prop38
140
0.0
102
RTVSPost2010PropOp38
 70
     0
102
RTVSPost2010Prop39
140
1.0
102
RTVSPost2010PropOp39
 70
     0
102
RTVSPost2010Prop40
 90
        0
102
RTVSPost2010PropOp40
 70
     0
102
RTVSPost2010Prop41ColorIndex
 90
       18
102
RTVSPost2010Prop41ColorRGB
 90
        0
102
RTVSPost2010PropOp41
 70
     0
102
RTVSPost2010Prop42
 90
       50
102
RTVSPost2010PropOp42
 70
     0
102
RTVSPost2010Prop43
 90
        3
102
RTVSPost2010PropOp43
 70
     0
102
RTVSPost2010Prop44ColorIndex
 90
        5
102
RTVSPost2010Prop44ColorRGB
 90
      255
102
RTVSPost2010PropOp44
 70
     0
102
RTVSPost2010Prop45
280
     0
102
RTVSPost2010PropOp45
 70
     1
102
RTVSPost2010Prop46
 90
       50
102
RTVSPost2010PropOp46
 70
     0
102
RTVSPost2010Prop47
 90
       50
102
RTVSPost2010PropOp47
 70
     0
102
RTVSPost2010Prop48
 90
       50
102
RTVSPost2010PropOp48
 70
     0
102
RTVSPost2010Prop49
280
     0
102
RTVSPost2010PropOp49
 70
     1
102
RTVSPost2010Prop50
 90
       50
102
RTVSPost2010PropOp50
 70
     0
102
RTVSPost2010Prop51ColorIndex
 90
      256
102
RTVSPost2010Prop51ColorRGB
 90
-16777216
102
RTVSPost2010PropOp51
 70
     0
102
RTVSPost2010Prop52
140
1.0
102
RTVSPost2010PropOp52
 70
     0
102
RTVSPost2010Prop53
 90
        2
102
RTVSPost2010PropOp53
 70
     0
102
RTVSPost2010Prop54
  1
strokes_ogs.tif
102
RTVSPost2010PropOp54
 70
     0
102
RTVSPost2010Prop55
280
     0
102
RTVSPost2010PropOp55
 70
     1
102
RTVSPost2010Prop56
140
1.0
102
RTVSPost2010PropOp56
 70
     0
102
RTVSPost2010Prop57
140
1.0
102
RTVSPost2010PropOp57
 70
     0
102
RTVSPropertyOp0
 70
     0
102
RTVSPropertyOp1
 70
     0
102
RTVSPropertyOp2
 70
     0
102
RTVSPropertyOp3
 70
     0
102
RTVSPropertyOp4
 70
     0
102
RTVSPropertyOp5
 70
     0
102
RTVSPropertyOp6
 70
     0
102
RTVSPropertyOp7
 70
     0
102
RTVSPropertyOp8
 70
     0
102
RTVSPropertyOp9
 70
     0
102
RTVSPropertyOp10
 70
     0
102
RTVSPropertyOp11
 70
     0
102
RTVSPropertyOp12
 70
     0
102
RTVSPropertyOp13
 70
     0
102
RTVSPropertyOp14
 70
     2
102
RTVSPropertyOp15
 70
     0
102
RTVSPropertyOp16
 70
     0
102
RTVSPropertyOp17
 70
     0
102
RTVSPropertyOp18
 70
     0
102
RTVSPropertyOp19
 70
     0
102
RTVSPropertyOp20
 70
     0
102
RTVSPropertyOp21
 70
     0
102
RTVSPropertyOp22
 70
     0
102
RTVSPropertyOp23
 70
     0
102
RTVSPropertyOp24
 70
     0
102
RTVSPropertyOp25
 70
     0
102
RTVSPropertyOp26
 70
     0
102
RTVSPropertyOp27
 70
     0
102
RTVSPropertyOp28
 70
     1
102
RTVSPropertyOp29
 70
     1
102
RTVSPropertyOp30
 70
     1
102
RTVSPropertyOp31
 70
     1
102
RTVSPropertyOp32
 70
     1
102
RTVSPropertyOp33
 70
     1
102
RTVSPropertyOp34
 70
     1
102
RTVSPropertyOp35
 70
     1
102
RTVSPropertyOp36
 70
     1
102
RTVSPropertyOp37
 70
     0
102
RTVSPropertyOp38
 70
     0
102
RTVSPropertyOp39
 70
     0
102
RTVSPropertyOp40
 70
     0
102
RTVSPropertyOp41
 70
     0
102
RTVSPropertyOp42
 70
     0
102
RTVSPropertyOp43
 70
     0
102
RTVSPropertyOp44
 70
     0
102
RTVSPropertyOp45
 70
     1
102
RTVSPropertyOp46
 70
     0
102
RTVSPropertyOp47
 70
     0
102
RTVSPropertyOp48
 70
     0
102
RTVSPropertyOp49
 70
     1
102
RTVSPropertyOp50
 70
     0
102
RTVSPropertyOp51
 70
     0
102
RTVSPropertyOp52
 70
     0
102
RTVSPropertyOp53
 70
     0
102
RTVSPropertyOp54
 70
     0
102
RTVSPropertyOp55
 70
     1
102
RTVSPropertyOp56
 70
     0
102
RTVSPropertyOp57
 70
     0
102
RTVSPropertyOp58
 70
     0
102
RTVSPropertyOp59
 70
     0
102
RTVSPropertyOp60
 70
     0
102
RTVSPropertyOp61
 70
     0
102
RTVSPropertyOp62
 70
     0
  0
XRECORD
  5
2B74
102
{ACAD_REACTORS
330
2B73
102
}
330
2B73
100
AcDbXrecord
280
     1
102
RTVSPost2010Prop28
280
     0
102
RTVSPost2010PropOp28
 70
     1
102
RTVSPost2010Prop29
280
     1
102
RTVSPost2010PropOp29
 70
     1
102
RTVSPost2010Prop30
280
     1
102
RTVSPost2010PropOp30
 70
     1
102
RTVSPost2010Prop31
280
     0
102
RTVSPost2010PropOp31
 70
     1
102
RTVSPost2010Prop32
280
     0
102
RTVSPost2010PropOp32
 70
     1
102
RTVSPost2010Prop33
280
     0
102
RTVSPost2010PropOp33
 70
     1
102
RTVSPost2010Prop34
280
     0
102
RTVSPost2010PropOp34
 70
     1
102
RTVSPost2010Prop35
280
     0
102
RTVSPost2010PropOp35
 70
     1
102
RTVSPost2010Prop36
280
     0
102
RTVSPost2010PropOp36
 70
     1
102
RTVSPost2010Prop37
 90
       50
102
RTVSPost2010PropOp37
 70
     1
102
RTVSPost2010Prop38
140
0.0
102
RTVSPost2010PropOp38
 70
     1
102
RTVSPost2010Prop39
140
1.0
102
RTVSPost2010PropOp39
 70
     1
102
RTVSPost2010Prop40
 90
        0
102
RTVSPost2010PropOp40
 70
     1
102
RTVSPost2010Prop41ColorIndex
 90
       18
102
RTVSPost2010Prop41ColorRGB
 90
        0
102
RTVSPost2010PropOp41
 70
     1
102
RTVSPost2010Prop42
 90
       50
102
RTVSPost2010PropOp42
 70
     1
102
RTVSPost2010Prop43
 90
        3
102
RTVSPost2010PropOp43
 70
     1
102
RTVSPost2010Prop44ColorIndex
 90
        5
102
RTVSPost2010Prop44ColorRGB
 90
      255
102
RTVSPost2010PropOp44
 70
     1
102
RTVSPost2010Prop45
280
     0
102
RTVSPost2010PropOp45
 70
     1
102
RTVSPost2010Prop46
 90
       50
102
RTVSPost2010PropOp46
 70
     1
102
RTVSPost2010Prop47
 90
       50
102
RTVSPost2010PropOp47
 70
     1
102
RTVSPost2010Prop48
 90
       50
102
RTVSPost2010PropOp48
 70
     1
102
RTVSPost2010Prop49
280
     0
102
RTVSPost2010PropOp49
 70
     1
102
RTVSPost2010Prop50
 90
       50
102
RTVSPost2010PropOp50
 70
     1
102
RTVSPost2010Prop51ColorIndex
 90
      256
102
RTVSPost2010Prop51ColorRGB
 90
-16777216
102
RTVSPost2010PropOp51
 70
     0
102
RTVSPost2010Prop52
140
1.0
102
RTVSPost2010PropOp52
 70
     0
102
RTVSPost2010Prop53
 90
        2
102
RTVSPost2010PropOp53
 70
     1
102
RTVSPost2010Prop54
  1
strokes_ogs.tif
102
RTVSPost2010PropOp54
 70
     1
102
RTVSPost2010Prop55
280
     0
102
RTVSPost2010PropOp55
 70
     1
102
RTVSPost2010Prop56
140
1.0
102
RTVSPost2010PropOp56
 70
     1
102
RTVSPost2010Prop57
140
1.0
102
RTVSPost2010PropOp57
 70
     1
102
RTVSPropertyOp0
 70
     1
102
RTVSPropertyOp1
 70
     1
102
RTVSPropertyOp2
 70
     1
102
RTVSPropertyOp3
 70
     1
102
RTVSPropertyOp4
 70
     1
102
RTVSPropertyOp5
 70
     1
102
RTVSPropertyOp6
 70
     1
102
RTVSPropertyOp7
 70
     1
102
RTVSPropertyOp8
 70
     1
102
RTVSPropertyOp9
 70
     1
102
RTVSPropertyOp10
 70
     1
102
RTVSPropertyOp11
 70
     1
102
RTVSPropertyOp12
 70
     1
102
RTVSPropertyOp13
 70
     1
102
RTVSPropertyOp14
 70
     1
102
RTVSPropertyOp15
 70
     1
102
RTVSPropertyOp16
 70
     1
102
RTVSPropertyOp17
 70
     1
102
RTVSPropertyOp18
 70
     1
102
RTVSPropertyOp19
 70
     1
102
RTVSPropertyOp20
 70
     1
102
RTVSPropertyOp21
 70
     1
102
RTVSPropertyOp22
 70
     1
102
RTVSPropertyOp23
 70
     1
102
RTVSPropertyOp24
 70
     1
102
RTVSPropertyOp25
 70
     1
102
RTVSPropertyOp26
 70
     1
102
RTVSPropertyOp27
 70
     1
102
RTVSPropertyOp28
 70
     1
102
RTVSPropertyOp29
 70
     1
102
RTVSPropertyOp30
 70
     1
102
RTVSPropertyOp31
 70
     1
102
RTVSPropertyOp32
 70
     1
102
RTVSPropertyOp33
 70
     1
102
RTVSPropertyOp34
 70
     1
102
RTVSPropertyOp35
 70
     1
102
RTVSPropertyOp36
 70
     1
102
RTVSPropertyOp37
 70
     1
102
RTVSPropertyOp38
 70
     1
102
RTVSPropertyOp39
 70
     1
102
RTVSPropertyOp40
 70
     1
102
RTVSPropertyOp41
 70
     1
102
RTVSPropertyOp42
 70
     1
102
RTVSPropertyOp43
 70
     1
102
RTVSPropertyOp44
 70
     1
102
RTVSPropertyOp45
 70
     1
102
RTVSPropertyOp46
 70
     1
102
RTVSPropertyOp47
 70
     1
102
RTVSPropertyOp48
 70
     1
102
RTVSPropertyOp49
 70
     1
102
RTVSPropertyOp50
 70
     1
102
RTVSPropertyOp51
 70
     0
102
RTVSPropertyOp52
 70
     0
102
RTVSPropertyOp53
 70
     1
102
RTVSPropertyOp54
 70
     1
102
RTVSPropertyOp55
 70
     1
102
RTVSPropertyOp56
 70
     1
102
RTVSPropertyOp57
 70
     1
102
RTVSPropertyOp58
 70
     1
102
RTVSPropertyOp59
 70
     1
102
RTVSPropertyOp60
 70
     1
102
RTVSPropertyOp61
 70
     1
102
RTVSPropertyOp62
 70
     1
  0
XRECORD
  5
2B86
102
{ACAD_REACTORS
330
2B85
102
}
330
2B85
100
AcDbXrecord
280
     1
102
RTVSPost2010Prop28
280
     0
102
RTVSPost2010PropOp28
 70
     1
102
RTVSPost2010Prop29
280
     1
102
RTVSPost2010PropOp29
 70
     1
102
RTVSPost2010Prop30
280
     1
102
RTVSPost2010PropOp30
 70
     1
102
RTVSPost2010Prop31
280
     0
102
RTVSPost2010PropOp31
 70
     1
102
RTVSPost2010Prop32
280
     0
102
RTVSPost2010PropOp32
 70
     1
102
RTVSPost2010Prop33
280
     0
102
RTVSPost2010PropOp33
 70
     1
102
RTVSPost2010Prop34
280
     0
102
RTVSPost2010PropOp34
 70
     1
102
RTVSPost2010Prop35
280
     0
102
RTVSPost2010PropOp35
 70
     1
102
RTVSPost2010Prop36
280
     0
102
RTVSPost2010PropOp36
 70
     1
102
RTVSPost2010Prop37
 90
       50
102
RTVSPost2010PropOp37
 70
     0
102
RTVSPost2010Prop38
140
0.0
102
RTVSPost2010PropOp38
 70
     0
102
RTVSPost2010Prop39
140
1.0
102
RTVSPost2010PropOp39
 70
     0
102
RTVSPost2010Prop40
 90
        0
102
RTVSPost2010PropOp40
 70
     0
102
RTVSPost2010Prop41ColorIndex
 90
       18
102
RTVSPost2010Prop41ColorRGB
 90
        0
102
RTVSPost2010PropOp41
 70
     0
102
RTVSPost2010Prop42
 90
       50
102
RTVSPost2010PropOp42
 70
     0
102
RTVSPost2010Prop43
 90
        3
102
RTVSPost2010PropOp43
 70
     0
102
RTVSPost2010Prop44ColorIndex
 90
        5
102
RTVSPost2010Prop44ColorRGB
 90
      255
102
RTVSPost2010PropOp44
 70
     0
102
RTVSPost2010Prop45
280
     0
102
RTVSPost2010PropOp45
 70
     1
102
RTVSPost2010Prop46
 90
       50
102
RTVSPost2010PropOp46
 70
     0
102
RTVSPost2010Prop47
 90
       50
102
RTVSPost2010PropOp47
 70
     0
102
RTVSPost2010Prop48
 90
       50
102
RTVSPost2010PropOp48
 70
     0
102
RTVSPost2010Prop49
280
     0
102
RTVSPost2010PropOp49
 70
     1
102
RTVSPost2010Prop50
 90
       50
102
RTVSPost2010PropOp50
 70
     0
102
RTVSPost2010Prop51ColorIndex
 90
      256
102
RTVSPost2010Prop51ColorRGB
 90
-16777216
102
RTVSPost2010PropOp51
 70
     0
102
RTVSPost2010Prop52
140
1.0
102
RTVSPost2010PropOp52
 70
     0
102
RTVSPost2010Prop53
 90
        2
102
RTVSPost2010PropOp53
 70
     0
102
RTVSPost2010Prop54
  1
strokes_ogs.tif
102
RTVSPost2010PropOp54
 70
     0
102
RTVSPost2010Prop55
280
     0
102
RTVSPost2010PropOp55
 70
     1
102
RTVSPost2010Prop56
140
1.0
102
RTVSPost2010PropOp56
 70
     0
102
RTVSPost2010Prop57
140
1.0
102
RTVSPost2010PropOp57
 70
     0
102
RTVSPropertyOp0
 70
     0
102
RTVSPropertyOp1
 70
     0
102
RTVSPropertyOp2
 70
     0
102
RTVSPropertyOp3
 70
     0
102
RTVSPropertyOp4
 70
     0
102
RTVSPropertyOp5
 70
     0
102
RTVSPropertyOp6
 70
     0
102
RTVSPropertyOp7
 70
     0
102
RTVSPropertyOp8
 70
     0
102
RTVSPropertyOp9
 70
     0
102
RTVSPropertyOp10
 70
     0
102
RTVSPropertyOp11
 70
     0
102
RTVSPropertyOp12
 70
     0
102
RTVSPropertyOp13
 70
     0
102
RTVSPropertyOp14
 70
     2
102
RTVSPropertyOp15
 70
     0
102
RTVSPropertyOp16
 70
     0
102
RTVSPropertyOp17
 70
     0
102
RTVSPropertyOp18
 70
     0
102
RTVSPropertyOp19
 70
     0
102
RTVSPropertyOp20
 70
     0
102
RTVSPropertyOp21
 70
     0
102
RTVSPropertyOp22
 70
     0
102
RTVSPropertyOp23
 70
     0
102
RTVSPropertyOp24
 70
     0
102
RTVSPropertyOp25
 70
     0
102
RTVSPropertyOp26
 70
     0
102
RTVSPropertyOp27
 70
     0
102
RTVSPropertyOp28
 70
     1
102
RTVSPropertyOp29
 70
     1
102
RTVSPropertyOp30
 70
     1
102
RTVSPropertyOp31
 70
     1
102
RTVSPropertyOp32
 70
     1
102
RTVSPropertyOp33
 70
     1
102
RTVSPropertyOp34
 70
     1
102
RTVSPropertyOp35
 70
     1
102
RTVSPropertyOp36
 70
     1
102
RTVSPropertyOp37
 70
     0
102
RTVSPropertyOp38
 70
     0
102
RTVSPropertyOp39
 70
     0
102
RTVSPropertyOp40
 70
     0
102
RTVSPropertyOp41
 70
     0
102
RTVSPropertyOp42
 70
     0
102
RTVSPropertyOp43
 70
     0
102
RTVSPropertyOp44
 70
     0
102
RTVSPropertyOp45
 70
     1
102
RTVSPropertyOp46
 70
     0
102
RTVSPropertyOp47
 70
     0
102
RTVSPropertyOp48
 70
     0
102
RTVSPropertyOp49
 70
     1
102
RTVSPropertyOp50
 70
     0
102
RTVSPropertyOp51
 70
     0
102
RTVSPropertyOp52
 70
     0
102
RTVSPropertyOp53
 70
     0
102
RTVSPropertyOp54
 70
     0
102
RTVSPropertyOp55
 70
     1
102
RTVSPropertyOp56
 70
     0
102
RTVSPropertyOp57
 70
     0
102
RTVSPropertyOp58
 70
     0
102
RTVSPropertyOp59
 70
     0
102
RTVSPropertyOp60
 70
     0
102
RTVSPropertyOp61
 70
     0
102
RTVSPropertyOp62
 70
     0
  0
XRECORD
  5
2B6C
102
{ACAD_REACTORS
330
2B6B
102
}
330
2B6B
100
AcDbXrecord
280
     1
102
RTVSPost2010Prop28
280
     0
102
RTVSPost2010PropOp28
 70
     1
102
RTVSPost2010Prop29
280
     1
102
RTVSPost2010PropOp29
 70
     1
102
RTVSPost2010Prop30
280
     1
102
RTVSPost2010PropOp30
 70
     1
102
RTVSPost2010Prop31
280
     0
102
RTVSPost2010PropOp31
 70
     1
102
RTVSPost2010Prop32
280
     0
102
RTVSPost2010PropOp32
 70
     1
102
RTVSPost2010Prop33
280
     0
102
RTVSPost2010PropOp33
 70
     1
102
RTVSPost2010Prop34
280
     0
102
RTVSPost2010PropOp34
 70
     1
102
RTVSPost2010Prop35
280
     0
102
RTVSPost2010PropOp35
 70
     1
102
RTVSPost2010Prop36
280
     0
102
RTVSPost2010PropOp36
 70
     1
102
RTVSPost2010Prop37
 90
       50
102
RTVSPost2010PropOp37
 70
     1
102
RTVSPost2010Prop38
140
0.0
102
RTVSPost2010PropOp38
 70
     1
102
RTVSPost2010Prop39
140
1.0
102
RTVSPost2010PropOp39
 70
     1
102
RTVSPost2010Prop40
 90
        0
102
RTVSPost2010PropOp40
 70
     1
102
RTVSPost2010Prop41ColorIndex
 90
       18
102
RTVSPost2010Prop41ColorRGB
 90
        0
102
RTVSPost2010PropOp41
 70
     1
102
RTVSPost2010Prop42
 90
       50
102
RTVSPost2010PropOp42
 70
     1
102
RTVSPost2010Prop43
 90
        3
102
RTVSPost2010PropOp43
 70
     1
102
RTVSPost2010Prop44ColorIndex
 90
        5
102
RTVSPost2010Prop44ColorRGB
 90
      255
102
RTVSPost2010PropOp44
 70
     1
102
RTVSPost2010Prop45
280
     0
102
RTVSPost2010PropOp45
 70
     1
102
RTVSPost2010Prop46
 90
       50
102
RTVSPost2010PropOp46
 70
     1
102
RTVSPost2010Prop47
 90
       50
102
RTVSPost2010PropOp47
 70
     1
102
RTVSPost2010Prop48
 90
       50
102
RTVSPost2010PropOp48
 70
     1
102
RTVSPost2010Prop49
280
     0
102
RTVSPost2010PropOp49
 70
     1
102
RTVSPost2010Prop50
 90
       50
102
RTVSPost2010PropOp50
 70
     1
102
RTVSPost2010Prop51ColorIndex
 90
      256
102
RTVSPost2010Prop51ColorRGB
 90
-16777216
102
RTVSPost2010PropOp51
 70
     0
102
RTVSPost2010Prop52
140
1.0
102
RTVSPost2010PropOp52
 70
     0
102
RTVSPost2010Prop53
 90
        2
102
RTVSPost2010PropOp53
 70
     1
102
RTVSPost2010Prop54
  1
strokes_ogs.tif
102
RTVSPost2010PropOp54
 70
     1
102
RTVSPost2010Prop55
280
     0
102
RTVSPost2010PropOp55
 70
     1
102
RTVSPost2010Prop56
140
1.0
102
RTVSPost2010PropOp56
 70
     1
102
RTVSPost2010Prop57
140
1.0
102
RTVSPost2010PropOp57
 70
     1
102
RTVSPropertyOp0
 70
     1
102
RTVSPropertyOp1
 70
     1
102
RTVSPropertyOp2
 70
     1
102
RTVSPropertyOp3
 70
     1
102
RTVSPropertyOp4
 70
     1
102
RTVSPropertyOp5
 70
     1
102
RTVSPropertyOp6
 70
     1
102
RTVSPropertyOp7
 70
     1
102
RTVSPropertyOp8
 70
     1
102
RTVSPropertyOp9
 70
     1
102
RTVSPropertyOp10
 70
     1
102
RTVSPropertyOp11
 70
     1
102
RTVSPropertyOp12
 70
     1
102
RTVSPropertyOp13
 70
     1
102
RTVSPropertyOp14
 70
     1
102
RTVSPropertyOp15
 70
     1
102
RTVSPropertyOp16
 70
     1
102
RTVSPropertyOp17
 70
     1
102
RTVSPropertyOp18
 70
     1
102
RTVSPropertyOp19
 70
     1
102
RTVSPropertyOp20
 70
     1
102
RTVSPropertyOp21
 70
     1
102
RTVSPropertyOp22
 70
     1
102
RTVSPropertyOp23
 70
     1
102
RTVSPropertyOp24
 70
     1
102
RTVSPropertyOp25
 70
     1
102
RTVSPropertyOp26
 70
     1
102
RTVSPropertyOp27
 70
     1
102
RTVSPropertyOp28
 70
     1
102
RTVSPropertyOp29
 70
     1
102
RTVSPropertyOp30
 70
     1
102
RTVSPropertyOp31
 70
     1
102
RTVSPropertyOp32
 70
     1
102
RTVSPropertyOp33
 70
     1
102
RTVSPropertyOp34
 70
     1
102
RTVSPropertyOp35
 70
     1
102
RTVSPropertyOp36
 70
     1
102
RTVSPropertyOp37
 70
     1
102
RTVSPropertyOp38
 70
     1
102
RTVSPropertyOp39
 70
     1
102
RTVSPropertyOp40
 70
     1
102
RTVSPropertyOp41
 70
     1
102
RTVSPropertyOp42
 70
     1
102
RTVSPropertyOp43
 70
     1
102
RTVSPropertyOp44
 70
     1
102
RTVSPropertyOp45
 70
     1
102
RTVSPropertyOp46
 70
     1
102
RTVSPropertyOp47
 70
     1
102
RTVSPropertyOp48
 70
     1
102
RTVSPropertyOp49
 70
     1
102
RTVSPropertyOp50
 70
     1
102
RTVSPropertyOp51
 70
     0
102
RTVSPropertyOp52
 70
     0
102
RTVSPropertyOp53
 70
     1
102
RTVSPropertyOp54
 70
     1
102
RTVSPropertyOp55
 70
     1
102
RTVSPropertyOp56
 70
     1
102
RTVSPropertyOp57
 70
     1
102
RTVSPropertyOp58
 70
     1
102
RTVSPropertyOp59
 70
     1
102
RTVSPropertyOp60
 70
     1
102
RTVSPropertyOp61
 70
     1
102
RTVSPropertyOp62
 70
     1
  0
XRECORD
  5
2B82
102
{ACAD_REACTORS
330
2B81
102
}
330
2B81
100
AcDbXrecord
280
     1
102
RTVSPost2010Prop28
280
     0
102
RTVSPost2010PropOp28
 70
     1
102
RTVSPost2010Prop29
280
     1
102
RTVSPost2010PropOp29
 70
     1
102
RTVSPost2010Prop30
280
     1
102
RTVSPost2010PropOp30
 70
     1
102
RTVSPost2010Prop31
280
     0
102
RTVSPost2010PropOp31
 70
     1
102
RTVSPost2010Prop32
280
     0
102
RTVSPost2010PropOp32
 70
     1
102
RTVSPost2010Prop33
280
     0
102
RTVSPost2010PropOp33
 70
     1
102
RTVSPost2010Prop34
280
     0
102
RTVSPost2010PropOp34
 70
     1
102
RTVSPost2010Prop35
280
     0
102
RTVSPost2010PropOp35
 70
     1
102
RTVSPost2010Prop36
280
     0
102
RTVSPost2010PropOp36
 70
     1
102
RTVSPost2010Prop37
 90
       50
102
RTVSPost2010PropOp37
 70
     1
102
RTVSPost2010Prop38
140
0.0
102
RTVSPost2010PropOp38
 70
     1
102
RTVSPost2010Prop39
140
1.0
102
RTVSPost2010PropOp39
 70
     1
102
RTVSPost2010Prop40
 90
        0
102
RTVSPost2010PropOp40
 70
     1
102
RTVSPost2010Prop41ColorIndex
 90
       18
102
RTVSPost2010Prop41ColorRGB
 90
        0
102
RTVSPost2010PropOp41
 70
     1
102
RTVSPost2010Prop42
 90
       50
102
RTVSPost2010PropOp42
 70
     1
102
RTVSPost2010Prop43
 90
        3
102
RTVSPost2010PropOp43
 70
     1
102
RTVSPost2010Prop44ColorIndex
 90
        5
102
RTVSPost2010Prop44ColorRGB
 90
      255
102
RTVSPost2010PropOp44
 70
     1
102
RTVSPost2010Prop45
280
     0
102
RTVSPost2010PropOp45
 70
     1
102
RTVSPost2010Prop46
 90
       50
102
RTVSPost2010PropOp46
 70
     1
102
RTVSPost2010Prop47
 90
       50
102
RTVSPost2010PropOp47
 70
     1
102
RTVSPost2010Prop48
 90
       50
102
RTVSPost2010PropOp48
 70
     1
102
RTVSPost2010Prop49
280
     0
102
RTVSPost2010PropOp49
 70
     1
102
RTVSPost2010Prop50
 90
       50
102
RTVSPost2010PropOp50
 70
     1
102
RTVSPost2010Prop51ColorIndex
 90
      256
102
RTVSPost2010Prop51ColorRGB
 90
-16777216
102
RTVSPost2010PropOp51
 70
     0
102
RTVSPost2010Prop52
140
1.0
102
RTVSPost2010PropOp52
 70
     0
102
RTVSPost2010Prop53
 90
        2
102
RTVSPost2010PropOp53
 70
     1
102
RTVSPost2010Prop54
  1
strokes_ogs.tif
102
RTVSPost2010PropOp54
 70
     1
102
RTVSPost2010Prop55
280
     0
102
RTVSPost2010PropOp55
 70
     1
102
RTVSPost2010Prop56
140
1.0
102
RTVSPost2010PropOp56
 70
     1
102
RTVSPost2010Prop57
140
1.0
102
RTVSPost2010PropOp57
 70
     1
102
RTVSPropertyOp0
 70
     1
102
RTVSPropertyOp1
 70
     1
102
RTVSPropertyOp2
 70
     1
102
RTVSPropertyOp3
 70
     1
102
RTVSPropertyOp4
 70
     1
102
RTVSPropertyOp5
 70
     1
102
RTVSPropertyOp6
 70
     1
102
RTVSPropertyOp7
 70
     1
102
RTVSPropertyOp8
 70
     1
102
RTVSPropertyOp9
 70
     1
102
RTVSPropertyOp10
 70
     1
102
RTVSPropertyOp11
 70
     1
102
RTVSPropertyOp12
 70
     1
102
RTVSPropertyOp13
 70
     1
102
RTVSPropertyOp14
 70
     1
102
RTVSPropertyOp15
 70
     1
102
RTVSPropertyOp16
 70
     1
102
RTVSPropertyOp17
 70
     1
102
RTVSPropertyOp18
 70
     1
102
RTVSPropertyOp19
 70
     1
102
RTVSPropertyOp20
 70
     1
102
RTVSPropertyOp21
 70
     1
102
RTVSPropertyOp22
 70
     1
102
RTVSPropertyOp23
 70
     1
102
RTVSPropertyOp24
 70
     1
102
RTVSPropertyOp25
 70
     1
102
RTVSPropertyOp26
 70
     1
102
RTVSPropertyOp27
 70
     1
102
RTVSPropertyOp28
 70
     1
102
RTVSPropertyOp29
 70
     1
102
RTVSPropertyOp30
 70
     1
102
RTVSPropertyOp31
 70
     1
102
RTVSPropertyOp32
 70
     1
102
RTVSPropertyOp33
 70
     1
102
RTVSPropertyOp34
 70
     1
102
RTVSPropertyOp35
 70
     1
102
RTVSPropertyOp36
 70
     1
102
RTVSPropertyOp37
 70
     1
102
RTVSPropertyOp38
 70
     1
102
RTVSPropertyOp39
 70
     1
102
RTVSPropertyOp40
 70
     1
102
RTVSPropertyOp41
 70
     1
102
RTVSPropertyOp42
 70
     1
102
RTVSPropertyOp43
 70
     1
102
RTVSPropertyOp44
 70
     1
102
RTVSPropertyOp45
 70
     1
102
RTVSPropertyOp46
 70
     1
102
RTVSPropertyOp47
 70
     1
102
RTVSPropertyOp48
 70
     1
102
RTVSPropertyOp49
 70
     1
102
RTVSPropertyOp50
 70
     1
102
RTVSPropertyOp51
 70
     0
102
RTVSPropertyOp52
 70
     0
102
RTVSPropertyOp53
 70
     1
102
RTVSPropertyOp54
 70
     1
102
RTVSPropertyOp55
 70
     1
102
RTVSPropertyOp56
 70
     1
102
RTVSPropertyOp57
 70
     1
102
RTVSPropertyOp58
 70
     1
102
RTVSPropertyOp59
 70
     1
102
RTVSPropertyOp60
 70
     1
102
RTVSPropertyOp61
 70
     1
102
RTVSPropertyOp62
 70
     1
  0
XRECORD
  5
2B80
102
{ACAD_REACTORS
330
2B7F
102
}
330
2B7F
100
AcDbXrecord
280
     1
102
RTVSPost2010Prop28
280
     0
102
RTVSPost2010PropOp28
 70
     1
102
RTVSPost2010Prop29
280
     1
102
RTVSPost2010PropOp29
 70
     1
102
RTVSPost2010Prop30
280
     1
102
RTVSPost2010PropOp30
 70
     1
102
RTVSPost2010Prop31
280
     0
102
RTVSPost2010PropOp31
 70
     1
102
RTVSPost2010Prop32
280
     0
102
RTVSPost2010PropOp32
 70
     1
102
RTVSPost2010Prop33
280
     0
102
RTVSPost2010PropOp33
 70
     1
102
RTVSPost2010Prop34
280
     0
102
RTVSPost2010PropOp34
 70
     1
102
RTVSPost2010Prop35
280
     0
102
RTVSPost2010PropOp35
 70
     1
102
RTVSPost2010Prop36
280
     0
102
RTVSPost2010PropOp36
 70
     1
102
RTVSPost2010Prop37
 90
       50
102
RTVSPost2010PropOp37
 70
     1
102
RTVSPost2010Prop38
140
0.0
102
RTVSPost2010PropOp38
 70
     1
102
RTVSPost2010Prop39
140
1.0
102
RTVSPost2010PropOp39
 70
     1
102
RTVSPost2010Prop40
 90
        0
102
RTVSPost2010PropOp40
 70
     1
102
RTVSPost2010Prop41ColorIndex
 90
       18
102
RTVSPost2010Prop41ColorRGB
 90
        0
102
RTVSPost2010PropOp41
 70
     1
102
RTVSPost2010Prop42
 90
       50
102
RTVSPost2010PropOp42
 70
     1
102
RTVSPost2010Prop43
 90
        3
102
RTVSPost2010PropOp43
 70
     1
102
RTVSPost2010Prop44ColorIndex
 90
        5
102
RTVSPost2010Prop44ColorRGB
 90
      255
102
RTVSPost2010PropOp44
 70
     1
102
RTVSPost2010Prop45
280
     0
102
RTVSPost2010PropOp45
 70
     1
102
RTVSPost2010Prop46
 90
       50
102
RTVSPost2010PropOp46
 70
     1
102
RTVSPost2010Prop47
 90
       50
102
RTVSPost2010PropOp47
 70
     1
102
RTVSPost2010Prop48
 90
       50
102
RTVSPost2010PropOp48
 70
     1
102
RTVSPost2010Prop49
280
     0
102
RTVSPost2010PropOp49
 70
     1
102
RTVSPost2010Prop50
 90
       50
102
RTVSPost2010PropOp50
 70
     1
102
RTVSPost2010Prop51ColorIndex
 90
      256
102
RTVSPost2010Prop51ColorRGB
 90
-16777216
102
RTVSPost2010PropOp51
 70
     0
102
RTVSPost2010Prop52
140
1.0
102
RTVSPost2010PropOp52
 70
     0
102
RTVSPost2010Prop53
 90
        2
102
RTVSPost2010PropOp53
 70
     1
102
RTVSPost2010Prop54
  1
strokes_ogs.tif
102
RTVSPost2010PropOp54
 70
     1
102
RTVSPost2010Prop55
280
     0
102
RTVSPost2010PropOp55
 70
     1
102
RTVSPost2010Prop56
140
1.0
102
RTVSPost2010PropOp56
 70
     1
102
RTVSPost2010Prop57
140
1.0
102
RTVSPost2010PropOp57
 70
     1
102
RTVSPropertyOp0
 70
     1
102
RTVSPropertyOp1
 70
     1
102
RTVSPropertyOp2
 70
     1
102
RTVSPropertyOp3
 70
     1
102
RTVSPropertyOp4
 70
     1
102
RTVSPropertyOp5
 70
     1
102
RTVSPropertyOp6
 70
     1
102
RTVSPropertyOp7
 70
     1
102
RTVSPropertyOp8
 70
     1
102
RTVSPropertyOp9
 70
     1
102
RTVSPropertyOp10
 70
     1
102
RTVSPropertyOp11
 70
     1
102
RTVSPropertyOp12
 70
     1
102
RTVSPropertyOp13
 70
     1
102
RTVSPropertyOp14
 70
     1
102
RTVSPropertyOp15
 70
     1
102
RTVSPropertyOp16
 70
     1
102
RTVSPropertyOp17
 70
     1
102
RTVSPropertyOp18
 70
     1
102
RTVSPropertyOp19
 70
     1
102
RTVSPropertyOp20
 70
     1
102
RTVSPropertyOp21
 70
     1
102
RTVSPropertyOp22
 70
     1
102
RTVSPropertyOp23
 70
     1
102
RTVSPropertyOp24
 70
     1
102
RTVSPropertyOp25
 70
     1
102
RTVSPropertyOp26
 70
     1
102
RTVSPropertyOp27
 70
     1
102
RTVSPropertyOp28
 70
     1
102
RTVSPropertyOp29
 70
     1
102
RTVSPropertyOp30
 70
     1
102
RTVSPropertyOp31
 70
     1
102
RTVSPropertyOp32
 70
     1
102
RTVSPropertyOp33
 70
     1
102
RTVSPropertyOp34
 70
     1
102
RTVSPropertyOp35
 70
     1
102
RTVSPropertyOp36
 70
     1
102
RTVSPropertyOp37
 70
     1
102
RTVSPropertyOp38
 70
     1
102
RTVSPropertyOp39
 70
     1
102
RTVSPropertyOp40
 70
     1
102
RTVSPropertyOp41
 70
     1
102
RTVSPropertyOp42
 70
     1
102
RTVSPropertyOp43
 70
     1
102
RTVSPropertyOp44
 70
     1
102
RTVSPropertyOp45
 70
     1
102
RTVSPropertyOp46
 70
     1
102
RTVSPropertyOp47
 70
     1
102
RTVSPropertyOp48
 70
     1
102
RTVSPropertyOp49
 70
     1
102
RTVSPropertyOp50
 70
     1
102
RTVSPropertyOp51
 70
     0
102
RTVSPropertyOp52
 70
     0
102
RTVSPropertyOp53
 70
     1
102
RTVSPropertyOp54
 70
     1
102
RTVSPropertyOp55
 70
     1
102
RTVSPropertyOp56
 70
     1
102
RTVSPropertyOp57
 70
     1
102
RTVSPropertyOp58
 70
     1
102
RTVSPropertyOp59
 70
     1
102
RTVSPropertyOp60
 70
     1
102
RTVSPropertyOp61
 70
     1
102
RTVSPropertyOp62
 70
     1
  0
XRECORD
  5
2B7A
102
{ACAD_REACTORS
330
2B79
102
}
330
2B79
100
AcDbXrecord
280
     1
102
RTVSPost2010Prop28
280
     0
102
RTVSPost2010PropOp28
 70
     1
102
RTVSPost2010Prop29
280
     1
102
RTVSPost2010PropOp29
 70
     1
102
RTVSPost2010Prop30
280
     1
102
RTVSPost2010PropOp30
 70
     1
102
RTVSPost2010Prop31
280
     0
102
RTVSPost2010PropOp31
 70
     1
102
RTVSPost2010Prop32
280
     0
102
RTVSPost2010PropOp32
 70
     1
102
RTVSPost2010Prop33
280
     0
102
RTVSPost2010PropOp33
 70
     1
102
RTVSPost2010Prop34
280
     0
102
RTVSPost2010PropOp34
 70
     1
102
RTVSPost2010Prop35
280
     0
102
RTVSPost2010PropOp35
 70
     1
102
RTVSPost2010Prop36
280
     0
102
RTVSPost2010PropOp36
 70
     1
102
RTVSPost2010Prop37
 90
       50
102
RTVSPost2010PropOp37
 70
     1
102
RTVSPost2010Prop38
140
0.0
102
RTVSPost2010PropOp38
 70
     1
102
RTVSPost2010Prop39
140
1.0
102
RTVSPost2010PropOp39
 70
     1
102
RTVSPost2010Prop40
 90
        0
102
RTVSPost2010PropOp40
 70
     1
102
RTVSPost2010Prop41ColorIndex
 90
       18
102
RTVSPost2010Prop41ColorRGB
 90
        0
102
RTVSPost2010PropOp41
 70
     1
102
RTVSPost2010Prop42
 90
       50
102
RTVSPost2010PropOp42
 70
     1
102
RTVSPost2010Prop43
 90
        3
102
RTVSPost2010PropOp43
 70
     1
102
RTVSPost2010Prop44ColorIndex
 90
        5
102
RTVSPost2010Prop44ColorRGB
 90
      255
102
RTVSPost2010PropOp44
 70
     1
102
RTVSPost2010Prop45
280
     0
102
RTVSPost2010PropOp45
 70
     1
102
RTVSPost2010Prop46
 90
       50
102
RTVSPost2010PropOp46
 70
     1
102
RTVSPost2010Prop47
 90
       50
102
RTVSPost2010PropOp47
 70
     1
102
RTVSPost2010Prop48
 90
       50
102
RTVSPost2010PropOp48
 70
     1
102
RTVSPost2010Prop49
280
     0
102
RTVSPost2010PropOp49
 70
     1
102
RTVSPost2010Prop50
 90
       50
102
RTVSPost2010PropOp50
 70
     1
102
RTVSPost2010Prop51ColorIndex
 90
      256
102
RTVSPost2010Prop51ColorRGB
 90
-16777216
102
RTVSPost2010PropOp51
 70
     0
102
RTVSPost2010Prop52
140
1.0
102
RTVSPost2010PropOp52
 70
     0
102
RTVSPost2010Prop53
 90
        2
102
RTVSPost2010PropOp53
 70
     1
102
RTVSPost2010Prop54
  1
strokes_ogs.tif
102
RTVSPost2010PropOp54
 70
     1
102
RTVSPost2010Prop55
280
     0
102
RTVSPost2010PropOp55
 70
     1
102
RTVSPost2010Prop56
140
1.0
102
RTVSPost2010PropOp56
 70
     1
102
RTVSPost2010Prop57
140
1.0
102
RTVSPost2010PropOp57
 70
     1
102
RTVSPropertyOp0
 70
     1
102
RTVSPropertyOp1
 70
     1
102
RTVSPropertyOp2
 70
     1
102
RTVSPropertyOp3
 70
     1
102
RTVSPropertyOp4
 70
     1
102
RTVSPropertyOp5
 70
     1
102
RTVSPropertyOp6
 70
     1
102
RTVSPropertyOp7
 70
     1
102
RTVSPropertyOp8
 70
     1
102
RTVSPropertyOp9
 70
     1
102
RTVSPropertyOp10
 70
     1
102
RTVSPropertyOp11
 70
     1
102
RTVSPropertyOp12
 70
     1
102
RTVSPropertyOp13
 70
     1
102
RTVSPropertyOp14
 70
     1
102
RTVSPropertyOp15
 70
     1
102
RTVSPropertyOp16
 70
     1
102
RTVSPropertyOp17
 70
     1
102
RTVSPropertyOp18
 70
     1
102
RTVSPropertyOp19
 70
     1
102
RTVSPropertyOp20
 70
     1
102
RTVSPropertyOp21
 70
     1
102
RTVSPropertyOp22
 70
     1
102
RTVSPropertyOp23
 70
     1
102
RTVSPropertyOp24
 70
     1
102
RTVSPropertyOp25
 70
     1
102
RTVSPropertyOp26
 70
     1
102
RTVSPropertyOp27
 70
     1
102
RTVSPropertyOp28
 70
     1
102
RTVSPropertyOp29
 70
     1
102
RTVSPropertyOp30
 70
     1
102
RTVSPropertyOp31
 70
     1
102
RTVSPropertyOp32
 70
     1
102
RTVSPropertyOp33
 70
     1
102
RTVSPropertyOp34
 70
     1
102
RTVSPropertyOp35
 70
     1
102
RTVSPropertyOp36
 70
     1
102
RTVSPropertyOp37
 70
     1
102
RTVSPropertyOp38
 70
     1
102
RTVSPropertyOp39
 70
     1
102
RTVSPropertyOp40
 70
     1
102
RTVSPropertyOp41
 70
     1
102
RTVSPropertyOp42
 70
     1
102
RTVSPropertyOp43
 70
     1
102
RTVSPropertyOp44
 70
     1
102
RTVSPropertyOp45
 70
     1
102
RTVSPropertyOp46
 70
     1
102
RTVSPropertyOp47
 70
     1
102
RTVSPropertyOp48
 70
     1
102
RTVSPropertyOp49
 70
     1
102
RTVSPropertyOp50
 70
     1
102
RTVSPropertyOp51
 70
     0
102
RTVSPropertyOp52
 70
     0
102
RTVSPropertyOp53
 70
     1
102
RTVSPropertyOp54
 70
     1
102
RTVSPropertyOp55
 70
     1
102
RTVSPropertyOp56
 70
     1
102
RTVSPropertyOp57
 70
     1
102
RTVSPropertyOp58
 70
     1
102
RTVSPropertyOp59
 70
     1
102
RTVSPropertyOp60
 70
     1
102
RTVSPropertyOp61
 70
     1
102
RTVSPropertyOp62
 70
     1
  0
XRECORD
  5
2B7C
102
{ACAD_REACTORS
330
2B7B
102
}
330
2B7B
100
AcDbXrecord
280
     1
102
RTVSPost2010Prop28
280
     0
102
RTVSPost2010PropOp28
 70
     1
102
RTVSPost2010Prop29
280
     1
102
RTVSPost2010PropOp29
 70
     1
102
RTVSPost2010Prop30
280
     1
102
RTVSPost2010PropOp30
 70
     1
102
RTVSPost2010Prop31
280
     0
102
RTVSPost2010PropOp31
 70
     1
102
RTVSPost2010Prop32
280
     0
102
RTVSPost2010PropOp32
 70
     1
102
RTVSPost2010Prop33
280
     0
102
RTVSPost2010PropOp33
 70
     1
102
RTVSPost2010Prop34
280
     0
102
RTVSPost2010PropOp34
 70
     1
102
RTVSPost2010Prop35
280
     0
102
RTVSPost2010PropOp35
 70
     1
102
RTVSPost2010Prop36
280
     0
102
RTVSPost2010PropOp36
 70
     1
102
RTVSPost2010Prop37
 90
       50
102
RTVSPost2010PropOp37
 70
     1
102
RTVSPost2010Prop38
140
0.0
102
RTVSPost2010PropOp38
 70
     1
102
RTVSPost2010Prop39
140
1.0
102
RTVSPost2010PropOp39
 70
     1
102
RTVSPost2010Prop40
 90
        0
102
RTVSPost2010PropOp40
 70
     1
102
RTVSPost2010Prop41ColorIndex
 90
       18
102
RTVSPost2010Prop41ColorRGB
 90
        0
102
RTVSPost2010PropOp41
 70
     1
102
RTVSPost2010Prop42
 90
       50
102
RTVSPost2010PropOp42
 70
     1
102
RTVSPost2010Prop43
 90
        3
102
RTVSPost2010PropOp43
 70
     1
102
RTVSPost2010Prop44ColorIndex
 90
        5
102
RTVSPost2010Prop44ColorRGB
 90
      255
102
RTVSPost2010PropOp44
 70
     1
102
RTVSPost2010Prop45
280
     0
102
RTVSPost2010PropOp45
 70
     1
102
RTVSPost2010Prop46
 90
       50
102
RTVSPost2010PropOp46
 70
     1
102
RTVSPost2010Prop47
 90
       50
102
RTVSPost2010PropOp47
 70
     1
102
RTVSPost2010Prop48
 90
       50
102
RTVSPost2010PropOp48
 70
     1
102
RTVSPost2010Prop49
280
     0
102
RTVSPost2010PropOp49
 70
     1
102
RTVSPost2010Prop50
 90
       50
102
RTVSPost2010PropOp50
 70
     1
102
RTVSPost2010Prop51ColorIndex
 90
      256
102
RTVSPost2010Prop51ColorRGB
 90
-16777216
102
RTVSPost2010PropOp51
 70
     0
102
RTVSPost2010Prop52
140
1.0
102
RTVSPost2010PropOp52
 70
     0
102
RTVSPost2010Prop53
 90
        2
102
RTVSPost2010PropOp53
 70
     1
102
RTVSPost2010Prop54
  1
strokes_ogs.tif
102
RTVSPost2010PropOp54
 70
     1
102
RTVSPost2010Prop55
280
     0
102
RTVSPost2010PropOp55
 70
     1
102
RTVSPost2010Prop56
140
1.0
102
RTVSPost2010PropOp56
 70
     1
102
RTVSPost2010Prop57
140
1.0
102
RTVSPost2010PropOp57
 70
     1
102
RTVSPropertyOp0
 70
     1
102
RTVSPropertyOp1
 70
     1
102
RTVSPropertyOp2
 70
     1
102
RTVSPropertyOp3
 70
     1
102
RTVSPropertyOp4
 70
     1
102
RTVSPropertyOp5
 70
     1
102
RTVSPropertyOp6
 70
     1
102
RTVSPropertyOp7
 70
     1
102
RTVSPropertyOp8
 70
     1
102
RTVSPropertyOp9
 70
     1
102
RTVSPropertyOp10
 70
     1
102
RTVSPropertyOp11
 70
     1
102
RTVSPropertyOp12
 70
     1
102
RTVSPropertyOp13
 70
     1
102
RTVSPropertyOp14
 70
     1
102
RTVSPropertyOp15
 70
     1
102
RTVSPropertyOp16
 70
     1
102
RTVSPropertyOp17
 70
     1
102
RTVSPropertyOp18
 70
     1
102
RTVSPropertyOp19
 70
     1
102
RTVSPropertyOp20
 70
     1
102
RTVSPropertyOp21
 70
     1
102
RTVSPropertyOp22
 70
     1
102
RTVSPropertyOp23
 70
     1
102
RTVSPropertyOp24
 70
     1
102
RTVSPropertyOp25
 70
     1
102
RTVSPropertyOp26
 70
     1
102
RTVSPropertyOp27
 70
     1
102
RTVSPropertyOp28
 70
     1
102
RTVSPropertyOp29
 70
     1
102
RTVSPropertyOp30
 70
     1
102
RTVSPropertyOp31
 70
     1
102
RTVSPropertyOp32
 70
     1
102
RTVSPropertyOp33
 70
     1
102
RTVSPropertyOp34
 70
     1
102
RTVSPropertyOp35
 70
     1
102
RTVSPropertyOp36
 70
     1
102
RTVSPropertyOp37
 70
     1
102
RTVSPropertyOp38
 70
     1
102
RTVSPropertyOp39
 70
     1
102
RTVSPropertyOp40
 70
     1
102
RTVSPropertyOp41
 70
     1
102
RTVSPropertyOp42
 70
     1
102
RTVSPropertyOp43
 70
     1
102
RTVSPropertyOp44
 70
     1
102
RTVSPropertyOp45
 70
     1
102
RTVSPropertyOp46
 70
     1
102
RTVSPropertyOp47
 70
     1
102
RTVSPropertyOp48
 70
     1
102
RTVSPropertyOp49
 70
     1
102
RTVSPropertyOp50
 70
     1
102
RTVSPropertyOp51
 70
     0
102
RTVSPropertyOp52
 70
     0
102
RTVSPropertyOp53
 70
     1
102
RTVSPropertyOp54
 70
     1
102
RTVSPropertyOp55
 70
     1
102
RTVSPropertyOp56
 70
     1
102
RTVSPropertyOp57
 70
     1
102
RTVSPropertyOp58
 70
     1
102
RTVSPropertyOp59
 70
     1
102
RTVSPropertyOp60
 70
     1
102
RTVSPropertyOp61
 70
     1
102
RTVSPropertyOp62
 70
     1
  0
XRECORD
  5
2B72
102
{ACAD_REACTORS
330
2B71
102
}
330
2B71
100
AcDbXrecord
280
     1
102
RTVSPost2010Prop28
280
     0
102
RTVSPost2010PropOp28
 70
     1
102
RTVSPost2010Prop29
280
     1
102
RTVSPost2010PropOp29
 70
     1
102
RTVSPost2010Prop30
280
     1
102
RTVSPost2010PropOp30
 70
     1
102
RTVSPost2010Prop31
280
     0
102
RTVSPost2010PropOp31
 70
     1
102
RTVSPost2010Prop32
280
     0
102
RTVSPost2010PropOp32
 70
     1
102
RTVSPost2010Prop33
280
     0
102
RTVSPost2010PropOp33
 70
     1
102
RTVSPost2010Prop34
280
     0
102
RTVSPost2010PropOp34
 70
     1
102
RTVSPost2010Prop35
280
     0
102
RTVSPost2010PropOp35
 70
     1
102
RTVSPost2010Prop36
280
     0
102
RTVSPost2010PropOp36
 70
     1
102
RTVSPost2010Prop37
 90
       50
102
RTVSPost2010PropOp37
 70
     1
102
RTVSPost2010Prop38
140
0.0
102
RTVSPost2010PropOp38
 70
     1
102
RTVSPost2010Prop39
140
1.0
102
RTVSPost2010PropOp39
 70
     1
102
RTVSPost2010Prop40
 90
        0
102
RTVSPost2010PropOp40
 70
     1
102
RTVSPost2010Prop41ColorIndex
 90
       18
102
RTVSPost2010Prop41ColorRGB
 90
        0
102
RTVSPost2010PropOp41
 70
     1
102
RTVSPost2010Prop42
 90
       50
102
RTVSPost2010PropOp42
 70
     1
102
RTVSPost2010Prop43
 90
        3
102
RTVSPost2010PropOp43
 70
     1
102
RTVSPost2010Prop44ColorIndex
 90
        5
102
RTVSPost2010Prop44ColorRGB
 90
      255
102
RTVSPost2010PropOp44
 70
     1
102
RTVSPost2010Prop45
280
     0
102
RTVSPost2010PropOp45
 70
     1
102
RTVSPost2010Prop46
 90
       50
102
RTVSPost2010PropOp46
 70
     1
102
RTVSPost2010Prop47
 90
       50
102
RTVSPost2010PropOp47
 70
     1
102
RTVSPost2010Prop48
 90
       50
102
RTVSPost2010PropOp48
 70
     1
102
RTVSPost2010Prop49
280
     0
102
RTVSPost2010PropOp49
 70
     1
102
RTVSPost2010Prop50
 90
       50
102
RTVSPost2010PropOp50
 70
     1
102
RTVSPost2010Prop51ColorIndex
 90
      256
102
RTVSPost2010Prop51ColorRGB
 90
-16777216
102
RTVSPost2010PropOp51
 70
     0
102
RTVSPost2010Prop52
140
1.0
102
RTVSPost2010PropOp52
 70
     0
102
RTVSPost2010Prop53
 90
        2
102
RTVSPost2010PropOp53
 70
     1
102
RTVSPost2010Prop54
  1
strokes_ogs.tif
102
RTVSPost2010PropOp54
 70
     1
102
RTVSPost2010Prop55
280
     0
102
RTVSPost2010PropOp55
 70
     1
102
RTVSPost2010Prop56
140
1.0
102
RTVSPost2010PropOp56
 70
     1
102
RTVSPost2010Prop57
140
1.0
102
RTVSPost2010PropOp57
 70
     1
102
RTVSPropertyOp0
 70
     1
102
RTVSPropertyOp1
 70
     1
102
RTVSPropertyOp2
 70
     1
102
RTVSPropertyOp3
 70
     1
102
RTVSPropertyOp4
 70
     1
102
RTVSPropertyOp5
 70
     1
102
RTVSPropertyOp6
 70
     1
102
RTVSPropertyOp7
 70
     1
102
RTVSPropertyOp8
 70
     1
102
RTVSPropertyOp9
 70
     1
102
RTVSPropertyOp10
 70
     1
102
RTVSPropertyOp11
 70
     1
102
RTVSPropertyOp12
 70
     1
102
RTVSPropertyOp13
 70
     1
102
RTVSPropertyOp14
 70
     1
102
RTVSPropertyOp15
 70
     1
102
RTVSPropertyOp16
 70
     1
102
RTVSPropertyOp17
 70
     1
102
RTVSPropertyOp18
 70
     1
102
RTVSPropertyOp19
 70
     1
102
RTVSPropertyOp20
 70
     1
102
RTVSPropertyOp21
 70
     1
102
RTVSPropertyOp22
 70
     1
102
RTVSPropertyOp23
 70
     1
102
RTVSPropertyOp24
 70
     1
102
RTVSPropertyOp25
 70
     1
102
RTVSPropertyOp26
 70
     1
102
RTVSPropertyOp27
 70
     1
102
RTVSPropertyOp28
 70
     1
102
RTVSPropertyOp29
 70
     1
102
RTVSPropertyOp30
 70
     1
102
RTVSPropertyOp31
 70
     1
102
RTVSPropertyOp32
 70
     1
102
RTVSPropertyOp33
 70
     1
102
RTVSPropertyOp34
 70
     1
102
RTVSPropertyOp35
 70
     1
102
RTVSPropertyOp36
 70
     1
102
RTVSPropertyOp37
 70
     1
102
RTVSPropertyOp38
 70
     1
102
RTVSPropertyOp39
 70
     1
102
RTVSPropertyOp40
 70
     1
102
RTVSPropertyOp41
 70
     1
102
RTVSPropertyOp42
 70
     1
102
RTVSPropertyOp43
 70
     1
102
RTVSPropertyOp44
 70
     1
102
RTVSPropertyOp45
 70
     1
102
RTVSPropertyOp46
 70
     1
102
RTVSPropertyOp47
 70
     1
102
RTVSPropertyOp48
 70
     1
102
RTVSPropertyOp49
 70
     1
102
RTVSPropertyOp50
 70
     1
102
RTVSPropertyOp51
 70
     0
102
RTVSPropertyOp52
 70
     0
102
RTVSPropertyOp53
 70
     1
102
RTVSPropertyOp54
 70
     1
102
RTVSPropertyOp55
 70
     1
102
RTVSPropertyOp56
 70
     1
102
RTVSPropertyOp57
 70
     1
102
RTVSPropertyOp58
 70
     1
102
RTVSPropertyOp59
 70
     1
102
RTVSPropertyOp60
 70
     1
102
RTVSPropertyOp61
 70
     1
102
RTVSPropertyOp62
 70
     1
  0
XRECORD
  5
2B66
102
{ACAD_REACTORS
330
2B65
102
}
330
2B65
100
AcDbXrecord
280
     1
102
RTVSPost2010Prop28
280
     0
102
RTVSPost2010PropOp28
 70
     1
102
RTVSPost2010Prop29
280
     1
102
RTVSPost2010PropOp29
 70
     1
102
RTVSPost2010Prop30
280
     1
102
RTVSPost2010PropOp30
 70
     1
102
RTVSPost2010Prop31
280
     0
102
RTVSPost2010PropOp31
 70
     1
102
RTVSPost2010Prop32
280
     0
102
RTVSPost2010PropOp32
 70
     1
102
RTVSPost2010Prop33
280
     0
102
RTVSPost2010PropOp33
 70
     1
102
RTVSPost2010Prop34
280
     0
102
RTVSPost2010PropOp34
 70
     1
102
RTVSPost2010Prop35
280
     0
102
RTVSPost2010PropOp35
 70
     1
102
RTVSPost2010Prop36
280
     0
102
RTVSPost2010PropOp36
 70
     1
102
RTVSPost2010Prop37
 90
       50
102
RTVSPost2010PropOp37
 70
     1
102
RTVSPost2010Prop38
140
0.0
102
RTVSPost2010PropOp38
 70
     1
102
RTVSPost2010Prop39
140
1.0
102
RTVSPost2010PropOp39
 70
     1
102
RTVSPost2010Prop40
 90
        0
102
RTVSPost2010PropOp40
 70
     1
102
RTVSPost2010Prop41ColorIndex
 90
       18
102
RTVSPost2010Prop41ColorRGB
 90
        0
102
RTVSPost2010PropOp41
 70
     1
102
RTVSPost2010Prop42
 90
       50
102
RTVSPost2010PropOp42
 70
     1
102
RTVSPost2010Prop43
 90
        3
102
RTVSPost2010PropOp43
 70
     1
102
RTVSPost2010Prop44ColorIndex
 90
        5
102
RTVSPost2010Prop44ColorRGB
 90
      255
102
RTVSPost2010PropOp44
 70
     1
102
RTVSPost2010Prop45
280
     0
102
RTVSPost2010PropOp45
 70
     1
102
RTVSPost2010Prop46
 90
       50
102
RTVSPost2010PropOp46
 70
     1
102
RTVSPost2010Prop47
 90
       50
102
RTVSPost2010PropOp47
 70
     1
102
RTVSPost2010Prop48
 90
       50
102
RTVSPost2010PropOp48
 70
     1
102
RTVSPost2010Prop49
280
     0
102
RTVSPost2010PropOp49
 70
     1
102
RTVSPost2010Prop50
 90
       50
102
RTVSPost2010PropOp50
 70
     1
102
RTVSPost2010Prop51ColorIndex
 90
      256
102
RTVSPost2010Prop51ColorRGB
 90
-16777216
102
RTVSPost2010PropOp51
 70
     0
102
RTVSPost2010Prop52
140
1.0
102
RTVSPost2010PropOp52
 70
     0
102
RTVSPost2010Prop53
 90
        2
102
RTVSPost2010PropOp53
 70
     1
102
RTVSPost2010Prop54
  1
strokes_ogs.tif
102
RTVSPost2010PropOp54
 70
     1
102
RTVSPost2010Prop55
280
     0
102
RTVSPost2010PropOp55
 70
     1
102
RTVSPost2010Prop56
140
1.0
102
RTVSPost2010PropOp56
 70
     1
102
RTVSPost2010Prop57
140
1.0
102
RTVSPost2010PropOp57
 70
     1
102
RTVSPropertyOp0
 70
     1
102
RTVSPropertyOp1
 70
     1
102
RTVSPropertyOp2
 70
     1
102
RTVSPropertyOp3
 70
     1
102
RTVSPropertyOp4
 70
     1
102
RTVSPropertyOp5
 70
     1
102
RTVSPropertyOp6
 70
     1
102
RTVSPropertyOp7
 70
     1
102
RTVSPropertyOp8
 70
     1
102
RTVSPropertyOp9
 70
     1
102
RTVSPropertyOp10
 70
     1
102
RTVSPropertyOp11
 70
     1
102
RTVSPropertyOp12
 70
     1
102
RTVSPropertyOp13
 70
     1
102
RTVSPropertyOp14
 70
     1
102
RTVSPropertyOp15
 70
     1
102
RTVSPropertyOp16
 70
     1
102
RTVSPropertyOp17
 70
     1
102
RTVSPropertyOp18
 70
     1
102
RTVSPropertyOp19
 70
     1
102
RTVSPropertyOp20
 70
     1
102
RTVSPropertyOp21
 70
     1
102
RTVSPropertyOp22
 70
     1
102
RTVSPropertyOp23
 70
     1
102
RTVSPropertyOp24
 70
     1
102
RTVSPropertyOp25
 70
     1
102
RTVSPropertyOp26
 70
     1
102
RTVSPropertyOp27
 70
     1
102
RTVSPropertyOp28
 70
     1
102
RTVSPropertyOp29
 70
     1
102
RTVSPropertyOp30
 70
     1
102
RTVSPropertyOp31
 70
     1
102
RTVSPropertyOp32
 70
     1
102
RTVSPropertyOp33
 70
     1
102
RTVSPropertyOp34
 70
     1
102
RTVSPropertyOp35
 70
     1
102
RTVSPropertyOp36
 70
     1
102
RTVSPropertyOp37
 70
     1
102
RTVSPropertyOp38
 70
     1
102
RTVSPropertyOp39
 70
     1
102
RTVSPropertyOp40
 70
     1
102
RTVSPropertyOp41
 70
     1
102
RTVSPropertyOp42
 70
     1
102
RTVSPropertyOp43
 70
     1
102
RTVSPropertyOp44
 70
     1
102
RTVSPropertyOp45
 70
     1
102
RTVSPropertyOp46
 70
     1
102
RTVSPropertyOp47
 70
     1
102
RTVSPropertyOp48
 70
     1
102
RTVSPropertyOp49
 70
     1
102
RTVSPropertyOp50
 70
     1
102
RTVSPropertyOp51
 70
     0
102
RTVSPropertyOp52
 70
     0
102
RTVSPropertyOp53
 70
     1
102
RTVSPropertyOp54
 70
     1
102
RTVSPropertyOp55
 70
     1
102
RTVSPropertyOp56
 70
     1
102
RTVSPropertyOp57
 70
     1
102
RTVSPropertyOp58
 70
     1
102
RTVSPropertyOp59
 70
     1
102
RTVSPropertyOp60
 70
     1
102
RTVSPropertyOp61
 70
     1
102
RTVSPropertyOp62
 70
     1
  0
XRECORD
  5
2B7E
102
{ACAD_REACTORS
330
2B7D
102
}
330
2B7D
100
AcDbXrecord
280
     1
102
RTVSPost2010Prop28
280
     0
102
RTVSPost2010PropOp28
 70
     1
102
RTVSPost2010Prop29
280
     1
102
RTVSPost2010PropOp29
 70
     1
102
RTVSPost2010Prop30
280
     1
102
RTVSPost2010PropOp30
 70
     1
102
RTVSPost2010Prop31
280
     0
102
RTVSPost2010PropOp31
 70
     1
102
RTVSPost2010Prop32
280
     0
102
RTVSPost2010PropOp32
 70
     1
102
RTVSPost2010Prop33
280
     0
102
RTVSPost2010PropOp33
 70
     1
102
RTVSPost2010Prop34
280
     0
102
RTVSPost2010PropOp34
 70
     1
102
RTVSPost2010Prop35
280
     0
102
RTVSPost2010PropOp35
 70
     1
102
RTVSPost2010Prop36
280
     0
102
RTVSPost2010PropOp36
 70
     1
102
RTVSPost2010Prop37
 90
       50
102
RTVSPost2010PropOp37
 70
     1
102
RTVSPost2010Prop38
140
0.0
102
RTVSPost2010PropOp38
 70
     1
102
RTVSPost2010Prop39
140
1.0
102
RTVSPost2010PropOp39
 70
     1
102
RTVSPost2010Prop40
 90
        0
102
RTVSPost2010PropOp40
 70
     1
102
RTVSPost2010Prop41ColorIndex
 90
       18
102
RTVSPost2010Prop41ColorRGB
 90
        0
102
RTVSPost2010PropOp41
 70
     1
102
RTVSPost2010Prop42
 90
       50
102
RTVSPost2010PropOp42
 70
     1
102
RTVSPost2010Prop43
 90
        3
102
RTVSPost2010PropOp43
 70
     1
102
RTVSPost2010Prop44ColorIndex
 90
        5
102
RTVSPost2010Prop44ColorRGB
 90
      255
102
RTVSPost2010PropOp44
 70
     1
102
RTVSPost2010Prop45
280
     0
102
RTVSPost2010PropOp45
 70
     1
102
RTVSPost2010Prop46
 90
       50
102
RTVSPost2010PropOp46
 70
     1
102
RTVSPost2010Prop47
 90
       50
102
RTVSPost2010PropOp47
 70
     1
102
RTVSPost2010Prop48
 90
       50
102
RTVSPost2010PropOp48
 70
     1
102
RTVSPost2010Prop49
280
     0
102
RTVSPost2010PropOp49
 70
     1
102
RTVSPost2010Prop50
 90
       50
102
RTVSPost2010PropOp50
 70
     1
102
RTVSPost2010Prop51ColorIndex
 90
      256
102
RTVSPost2010Prop51ColorRGB
 90
-16777216
102
RTVSPost2010PropOp51
 70
     0
102
RTVSPost2010Prop52
140
1.0
102
RTVSPost2010PropOp52
 70
     0
102
RTVSPost2010Prop53
 90
        2
102
RTVSPost2010PropOp53
 70
     1
102
RTVSPost2010Prop54
  1
strokes_ogs.tif
102
RTVSPost2010PropOp54
 70
     1
102
RTVSPost2010Prop55
280
     0
102
RTVSPost2010PropOp55
 70
     1
102
RTVSPost2010Prop56
140
1.0
102
RTVSPost2010PropOp56
 70
     1
102
RTVSPost2010Prop57
140
1.0
102
RTVSPost2010PropOp57
 70
     1
102
RTVSPropertyOp0
 70
     1
102
RTVSPropertyOp1
 70
     1
102
RTVSPropertyOp2
 70
     1
102
RTVSPropertyOp3
 70
     1
102
RTVSPropertyOp4
 70
     1
102
RTVSPropertyOp5
 70
     1
102
RTVSPropertyOp6
 70
     1
102
RTVSPropertyOp7
 70
     1
102
RTVSPropertyOp8
 70
     1
102
RTVSPropertyOp9
 70
     1
102
RTVSPropertyOp10
 70
     1
102
RTVSPropertyOp11
 70
     1
102
RTVSPropertyOp12
 70
     1
102
RTVSPropertyOp13
 70
     1
102
RTVSPropertyOp14
 70
     1
102
RTVSPropertyOp15
 70
     1
102
RTVSPropertyOp16
 70
     1
102
RTVSPropertyOp17
 70
     1
102
RTVSPropertyOp18
 70
     1
102
RTVSPropertyOp19
 70
     1
102
RTVSPropertyOp20
 70
     1
102
RTVSPropertyOp21
 70
     1
102
RTVSPropertyOp22
 70
     1
102
RTVSPropertyOp23
 70
     1
102
RTVSPropertyOp24
 70
     1
102
RTVSPropertyOp25
 70
     1
102
RTVSPropertyOp26
 70
     1
102
RTVSPropertyOp27
 70
     1
102
RTVSPropertyOp28
 70
     1
102
RTVSPropertyOp29
 70
     1
102
RTVSPropertyOp30
 70
     1
102
RTVSPropertyOp31
 70
     1
102
RTVSPropertyOp32
 70
     1
102
RTVSPropertyOp33
 70
     1
102
RTVSPropertyOp34
 70
     1
102
RTVSPropertyOp35
 70
     1
102
RTVSPropertyOp36
 70
     1
102
RTVSPropertyOp37
 70
     1
102
RTVSPropertyOp38
 70
     1
102
RTVSPropertyOp39
 70
     1
102
RTVSPropertyOp40
 70
     1
102
RTVSPropertyOp41
 70
     1
102
RTVSPropertyOp42
 70
     1
102
RTVSPropertyOp43
 70
     1
102
RTVSPropertyOp44
 70
     1
102
RTVSPropertyOp45
 70
     1
102
RTVSPropertyOp46
 70
     1
102
RTVSPropertyOp47
 70
     1
102
RTVSPropertyOp48
 70
     1
102
RTVSPropertyOp49
 70
     1
102
RTVSPropertyOp50
 70
     1
102
RTVSPropertyOp51
 70
     0
102
RTVSPropertyOp52
 70
     0
102
RTVSPropertyOp53
 70
     1
102
RTVSPropertyOp54
 70
     1
102
RTVSPropertyOp55
 70
     1
102
RTVSPropertyOp56
 70
     1
102
RTVSPropertyOp57
 70
     1
102
RTVSPropertyOp58
 70
     1
102
RTVSPropertyOp59
 70
     1
102
RTVSPropertyOp60
 70
     1
102
RTVSPropertyOp61
 70
     1
102
RTVSPropertyOp62
 70
     1
  0
ENDSEC
  0
EOF
