  0
SECTION
  2
HEADER
  9
$ACADVER
  1
AC1032
  9
$ACADMAINTVER
 90
      329
  9
$DWGCODEPAGE
  3
ANSI_1252
  9
$LASTSAVEDBY
  1
ADMIN
  9
$REQUIREDVERSIONS
160
                 0
  9
$INSBASE
 10
0.0
 20
0.0
 30
0.0
  9
$EXTMIN
 10
0.0
 20
0.0
 30
0.0
  9
$EXTMAX
 10
640.9289454563388
 20
112.5764879646961
 30
0.0
  9
$LIMMIN
 10
-105.0
 20
-148.5
  9
$LIMMAX
 10
105.0
 20
148.5
  9
$ORTHOMODE
 70
     0
  9
$REGENMODE
 70
     1
  9
$FILLMODE
 70
     1
  9
$QTEXTMODE
 70
     0
  9
$MIRRTEXT
 70
     1
  9
$LTSCALE
 40
1.0
  9
$ATTMODE
 70
     1
  9
$TEXTSIZE
 40
2.5
  9
$TRACEWID
 40
1.0
  9
$TEXTSTYLE
  7
标准
  9
$CLAYER
  8
粗实线层
  9
$CELTYPE
  6
ByLayer
  9
$CECOLOR
 62
   256
  9
$CELTSCALE
 40
1.0
  9
$DISPSILH
 70
     0
  9
$DIMSCALE
 40
1.0
  9
$DIMASZ
 40
4.0
  9
$DIMEXO
 40
0.0
  9
$DIMDLI
 40
10.0
  9
$DIMRND
 40
0.0
  9
$DIMDLE
 40
6.0
  9
$DIMEXE
 40
2.0
  9
$DIMTP
 40
0.0
  9
$DIMTM
 40
0.0
  9
$DIMTXT
 40
3.5
  9
$DIMCEN
 40
0.0
  9
$DIMTSZ
 40
0.0
  9
$DIMTOL
 70
     0
  9
$DIMLIM
 70
     0
  9
$DIMTIH
 70
     0
  9
$DIMTOH
 70
     0
  9
$DIMSE1
 70
     0
  9
$DIMSE2
 70
     0
  9
$DIMTAD
 70
     1
  9
$DIMZIN
 70
     8
  9
$DIMBLK
  1
_CAXARROW
  9
$DIMASO
 70
     1
  9
$DIMSHO
 70
     1
  9
$DIMPOST
  1

  9
$DIMAPOST
  1

  9
$DIMALT
 70
     0
  9
$DIMALTD
 70
     2
  9
$DIMALTF
 40
1.0
  9
$DIMLFAC
 40
1.0
  9
$DIMTOFL
 70
     1
  9
$DIMTVP
 40
0.0
  9
$DIMTIX
 70
     0
  9
$DIMSOXD
 70
     0
  9
$DIMSAH
 70
     0
  9
$DIMBLK1
  1

  9
$DIMBLK2
  1

  9
$DIMSTYLE
  2
GB_尺寸
  9
$DIMCLRD
 70
     0
  9
$DIMCLRE
 70
     0
  9
$DIMCLRT
 70
     0
  9
$DIMTFAC
 40
0.7071067811865475
  9
$DIMGAP
 40
0.625
  9
$DIMJUST
 70
     0
  9
$DIMSD1
 70
     0
  9
$DIMSD2
 70
     0
  9
$DIMTOLJ
 70
     1
  9
$DIMTZIN
 70
     0
  9
$DIMALTZ
 70
     0
  9
$DIMALTTZ
 70
     0
  9
$DIMUPT
 70
     0
  9
$DIMDEC
 70
     2
  9
$DIMTDEC
 70
     3
  9
$DIMALTU
 70
     2
  9
$DIMALTTD
 70
     3
  9
$DIMTXSTY
  7
标准
  9
$DIMAUNIT
 70
     0
  9
$DIMADEC
 70
     2
  9
$DIMALTRND
 40
0.0
  9
$DIMAZIN
 70
     2
  9
$DIMDSEP
 70
    46
  9
$DIMATFIT
 70
     3
  9
$DIMFRAC
 70
     2
  9
$DIMLDRBLK
  1

  9
$DIMLUNIT
 70
     2
  9
$DIMLWD
 70
    -2
  9
$DIMLWE
 70
    -2
  9
$DIMTMOVE
 70
     2
  9
$DIMFXL
 40
1.0
  9
$DIMFXLON
 70
     0
  9
$DIMJOGANG
 40
0.7853981633974483
  9
$DIMTFILL
 70
     0
  9
$DIMTFILLCLR
 70
     0
  9
$DIMARCSYM
 70
     1
  9
$DIMLTYPE
  6
Continuous
  9
$DIMLTEX1
  6
Continuous
  9
$DIMLTEX2
  6
Continuous
  9
$DIMTXTDIRECTION
 70
     0
  9
$LUNITS
 70
     2
  9
$LUPREC
 70
     4
  9
$SKETCHINC
 40
1.0
  9
$FILLETRAD
 40
10.0
  9
$AUNITS
 70
     0
  9
$AUPREC
 70
     0
  9
$MENU
  1
.
  9
$ELEVATION
 40
0.0
  9
$PELEVATION
 40
0.0
  9
$THICKNESS
 40
0.0
  9
$LIMCHECK
 70
     0
  9
$CHAMFERA
 40
0.0
  9
$CHAMFERB
 40
0.0
  9
$CHAMFERC
 40
0.0
  9
$CHAMFERD
 40
0.0
  9
$SKPOLY
 70
     0
  9
$TDCREATE
 40
2459229.715798611
  9
$TDUCREATE
 40
2459229.424143172
  9
$TDUPDATE
 40
2461303.428645833
  9
$TDUUPDATE
 40
2461303.136979167
  9
$TDINDWG
 40
0.0078472338
  9
$TDUSRTIMER
 40
0.0078472338
  9
$USRTIMER
 70
     1
  9
$ANGBASE
 50
0.0
  9
$ANGDIR
 70
     0
  9
$PDMODE
 70
     0
  9
$PDSIZE
 40
-5.0
  9
$PLINEWID
 40
0.0
  9
$SPLFRAME
 70
     0
  9
$SPLINETYPE
 70
     6
  9
$SPLINESEGS
 70
     8
  9
$HANDSEED
  5
3DD
  9
$SURFTAB1
 70
     6
  9
$SURFTAB2
 70
     6
  9
$SURFTYPE
 70
     6
  9
$SURFU
 70
     6
  9
$SURFV
 70
     6
  9
$UCSBASE
  2

  9
$UCSNAME
  2

  9
$UCSORG
 10
0.0
 20
0.0
 30
0.0
  9
$UCSXDIR
 10
1.0
 20
0.0
 30
0.0
  9
$UCSYDIR
 10
0.0
 20
1.0
 30
0.0
  9
$UCSORTHOREF
  2

  9
$UCSORTHOVIEW
 70
     0
  9
$UCSORGTOP
 10
0.0
 20
0.0
 30
0.0
  9
$UCSORGBOTTOM
 10
0.0
 20
0.0
 30
0.0
  9
$UCSORGLEFT
 10
0.0
 20
0.0
 30
0.0
  9
$UCSORGRIGHT
 10
0.0
 20
0.0
 30
0.0
  9
$UCSORGFRONT
 10
0.0
 20
0.0
 30
0.0
  9
$UCSORGBACK
 10
0.0
 20
0.0
 30
0.0
  9
$PUCSBASE
  2

  9
$PUCSNAME
  2

  9
$PUCSORG
 10
0.0
 20
0.0
 30
0.0
  9
$PUCSXDIR
 10
1.0
 20
0.0
 30
0.0
  9
$PUCSYDIR
 10
0.0
 20
1.0
 30
0.0
  9
$PUCSORTHOREF
  2

  9
$PUCSORTHOVIEW
 70
     0
  9
$PUCSORGTOP
 10
0.0
 20
0.0
 30
0.0
  9
$PUCSORGBOTTOM
 10
0.0
 20
0.0
 30
0.0
  9
$PUCSORGLEFT
 10
0.0
 20
0.0
 30
0.0
  9
$PUCSORGRIGHT
 10
0.0
 20
0.0
 30
0.0
  9
$PUCSORGFRONT
 10
0.0
 20
0.0
 30
0.0
  9
$PUCSORGBACK
 10
0.0
 20
0.0
 30
0.0
  9
$USERI1
 70
     0
  9
$USERI2
 70
     0
  9
$USERI3
 70
     0
  9
$USERI4
 70
     0
  9
$USERI5
 70
     0
  9
$USERR1
 40
0.0
  9
$USERR2
 40
0.0
  9
$USERR3
 40
0.0
  9
$USERR4
 40
0.0
  9
$USERR5
 40
0.0
  9
$WORLDVIEW
 70
     1
  9
$SHADEDGE
 70
     3
  9
$SHADEDIF
 70
    70
  9
$TILEMODE
 70
     1
  9
$MAXACTVP
 70
    64
  9
$PINSBASE
 10
0.0
 20
0.0
 30
0.0
  9
$PLIMCHECK
 70
     0
  9
$PEXTMIN
 10
1.000000000000000E+20
 20
1.000000000000000E+20
 30
1.000000000000000E+20
  9
$PEXTMAX
 10
-1.000000000000000E+20
 20
-1.000000000000000E+20
 30
-1.000000000000000E+20
  9
$PLIMMIN
 10
0.0
 20
0.0
  9
$PLIMMAX
 10
420.0
 20
297.0
  9
$UNITMODE
 70
     0
  9
$VISRETAIN
 70
     1
  9
$PLINEGEN
 70
     0
  9
$PSLTSCALE
 70
     1
  9
$TREEDEPTH
 70
  3020
  9
$CMLSTYLE
  2
Standard
  9
$CMLJUST
 70
     0
  9
$CMLSCALE
 40
20.0
  9
$PROXYGRAPHICS
 70
     1
  9
$MEASUREMENT
 70
     1
  9
$CELWEIGHT
370
    -1
  9
$ENDCAPS
280
     0
  9
$JOINSTYLE
280
     0
  9
$LWDISPLAY
290
     0
  9
$INSUNITS
 70
     4
  9
$HYPERLINKBASE
  1

  9
$STYLESHEET
  1

  9
$XEDIT
290
     1
  9
$CEPSNTYPE
380
     0
  9
$PSTYLEMODE
290
     1
  9
$FINGERPRINTGUID
  2
{3e562d61-3699-4195-b44f-dd9d096932de}
  9
$VERSIONGUID
  2
{FD3171FE-DD4A-2846-BCFB-48D0BD560C39}
  9
$EXTNAMES
290
     1
  9
$PSVPSCALE
 40
0.0
  9
$OLESTARTUP
290
     0
  9
$SORTENTS
280
   127
  9
$INDEXCTL
280
     0
  9
$HIDETEXT
280
     1
  9
$XCLIPFRAME
280
     2
  9
$HALOGAP
280
     0
  9
$OBSCOLOR
 70
   257
  9
$OBSLTYPE
280
     0
  9
$INTERSECTIONDISPLAY
280
     0
  9
$INTERSECTIONCOLOR
 70
   257
  9
$DIMASSOC
280
     2
  9
$PROJECTNAME
  1

  9
$CAMERADISPLAY
290
     0
  9
$LENSLENGTH
 40
50.0
  9
$CAMERAHEIGHT
 40
0.0
  9
$STEPSPERSEC
 40
2.0
  9
$STEPSIZE
 40
6.0
  9
$3DDWFPREC
 40
2.0
  9
$PSOLWIDTH
 40
5.0
  9
$PSOLHEIGHT
 40
80.0
  9
$LOFTANG1
 40
1.570796326794896
  9
$LOFTANG2
 40
1.570796326794896
  9
$LOFTMAG1
 40
0.0
  9
$LOFTMAG2
 40
0.0
  9
$LOFTPARAM
 70
     7
  9
$LOFTNORMALS
280
     1
  9
$LATITUDE
 40
37.795
  9
$LONGITUDE
 40
-122.394
  9
$NORTHDIRECTION
 40
0.0
  9
$TIMEZONE
 70
 -8000
  9
$LIGHTGLYPHDISPLAY
280
     1
  9
$TILEMODELIGHTSYNCH
280
     1
  9
$CMATERIAL
347
44
  9
$SOLIDHIST
280
     0
  9
$SHOWHIST
280
     1
  9
$DWFFRAME
280
     2
  9
$DGNFRAME
280
     2
  9
$REALWORLDSCALE
290
     1
  9
$INTERFERECOLOR
 62
   256
  9
$INTERFEREOBJVS
345
33
  9
$INTERFEREVPVS
346
30
  9
$CSHADOW
280
     0
  9
$SHADOWPLANELOCATION
 40
0.0
  0
ENDSEC
  0
SECTION
  2
CLASSES
  0
CLASS
  1
ACDBDICTIONARYWDFLT
  2
AcDbDictionaryWithDefault
  3
ObjectDBX Classes
 90
        0
 91
        1
280
     0
281
     0
  0
CLASS
  1
VISUALSTYLE
  2
AcDbVisualStyle
  3
ObjectDBX Classes
 90
     4095
 91
       24
280
     0
281
     0
  0
CLASS
  1
MATERIAL
  2
AcDbMaterial
  3
ObjectDBX Classes
 90
     1153
 91
        3
280
     0
281
     0
  0
CLASS
  1
SCALE
  2
AcDbScale
  3
ObjectDBX Classes
 90
     1153
 91
       33
280
     0
281
     0
  0
CLASS
  1
TABLESTYLE
  2
AcDbTableStyle
  3
ObjectDBX Classes
 90
     4095
 91
        2
280
     0
281
     0
  0
CLASS
  1
MLEADERSTYLE
  2
AcDbMLeaderStyle
  3
ACDB_MLEADERSTYLE_CLASS
 90
     4095
 91
        1
280
     0
281
     0
  0
CLASS
  1
SUN
  2
AcDbSun
  3
SCENEOE
 90
     1153
 91
        1
280
     0
281
     0
  0
CLASS
  1
WIPEOUTVARIABLES
  2
AcDbWipeoutVariables
  3
"WipeOut|Product Desc:     WipeOut Dbx Application|Company:          Autodesk, Inc.|WEB Address:      www.autodesk.com"
 90
        0
 91
        1
280
     0
281
     0
  0
CLASS
  1
DICTIONARYVAR
  2
AcDbDictionaryVar
  3
ObjectDBX Classes
 90
        0
 91
        7
280
     0
281
     0
  0
CLASS
  1
ACDBSECTIONVIEWSTYLE
  2
AcDbSectionViewStyle
  3
ObjectDBX Classes
 90
     1025
 91
        1
280
     0
281
     0
  0
CLASS
  1
ACDBDETAILVIEWSTYLE
  2
AcDbDetailViewStyle
  3
ObjectDBX Classes
 90
     1025
 91
        1
280
     0
281
     0
  0
CLASS
  1
CELLSTYLEMAP
  2
AcDbCellStyleMap
  3
ObjectDBX Classes
 90
     1152
 91
        4
280
     0
281
     0
  0
ENDSEC
  0
SECTION
  2
TABLES
  0
TABLE
  2
VPORT
  5
8
330
0
100
AcDbSymbolTable
 70
     1
  0
VPORT
  5
29
330
8
100
AcDbSymbolTableRecord
100
AcDbViewportTableRecord
  2
*Active
 70
     0
 10
0.0
 20
0.0
 11
1.0
 21
1.0
 12
-103.9463545344761
 22
-86.02465935182705
 13
0.0
 23
0.0
 14
10.0
 24
10.0
 15
10.0
 25
10.0
 16
0.0
 26
0.0
 36
1.0
 17
0.0
 27
0.0
 37
0.0
 40
730.6047522173607
 41
2.32888349514563
 42
50.0
 43
0.0
 44
0.0
 50
0.0
 51
0.0
 71
     0
 72
   100
 73
     1
 74
     3
 75
     0
 76
     0
 77
     0
 78
     0
281
     0
 65
     1
110
0.0
120
0.0
130
0.0
111
1.0
121
0.0
131
0.0
112
0.0
122
1.0
132
0.0
 79
     0
146
0.0
348
2F
 60
     3
 61
     5
292
     1
282
     1
141
0.0
142
0.0
361
6D
1001
ACAD_NAV_VCDISPLAY
1070
     3
  0
ENDTAB
  0
TABLE
  2
LTYPE
  5
5
330
0
100
AcDbSymbolTable
 70
     4
  0
LTYPE
  5
14
330
5
100
AcDbSymbolTableRecord
100
AcDbLinetypeTableRecord
  2
ByBlock
 70
     0
  3

 72
    65
 73
     0
 40
0.0
  0
LTYPE
  5
15
330
5
100
AcDbSymbolTableRecord
100
AcDbLinetypeTableRecord
  2
ByLayer
 70
     0
  3

 72
    65
 73
     0
 40
0.0
  0
LTYPE
  5
16
330
5
100
AcDbSymbolTableRecord
100
AcDbLinetypeTableRecord
  2
Continuous
 70
     0
  3
Solid line
 72
    65
 73
     0
 40
0.0
  0
LTYPE
  5
E1
330
5
100
AcDbSymbolTableRecord
100
AcDbLinetypeTableRecord
  2
虚线
 70
     0
  3
虚线: __ __ __ __ __ __ __ __ __ __ __ __ __
 72
    65
 73
     2
 40
2.0
 49
1.0
 74
     0
 49
-1.0
 74
     0
1001
AcadStringInfo
1000
MIFCodePage
1070
     5
  0
LTYPE
  5
E2
330
5
100
AcDbSymbolTableRecord
100
AcDbLinetypeTableRecord
  2
点画线
 70
     0
  3
点画线: ____ . ____ . ____ . ____ . ____ . ____
 72
    65
 73
     4
 40
18.0
 49
12.0
 74
     0
 49
-2.0
 74
     0
 49
2.0
 74
     0
 49
-2.0
 74
     0
1001
AcadStringInfo
1000
MIFCodePage
1070
     5
  0
LTYPE
  5
E3
330
5
100
AcDbSymbolTableRecord
100
AcDbLinetypeTableRecord
  2
双点画线
 70
     0
  3
双点画线: ____ . . ____ . . ____ . . ____ . . ____ 
 72
    65
 73
     6
 40
22.0
 49
12.0
 74
     0
 49
-2.0
 74
     0
 49
2.0
 74
     0
 49
-2.0
 74
     0
 49
2.0
 74
     0
 49
-2.0
 74
     0
1001
AcadStringInfo
1000
MIFCodePage
1070
     5
  0
ENDTAB
  0
TABLE
  2
LAYER
  5
2
330
0
100
AcDbSymbolTable
 70
     8
  0
LAYER
  5
10
330
2
100
AcDbSymbolTableRecord
100
AcDbLayerTableRecord
  2
0
 70
     0
 62
     7
  6
Continuous
370
    35
390
F
347
46
348
0
1001
AcAecLayerStandard
1000

1000
0层
  0
LAYER
  5
E5
330
2
100
AcDbSymbolTableRecord
100
AcDbLayerTableRecord
  2
中心线层
 70
     0
 62
     1
  6
点画线
370
    18
390
F
347
46
348
0
1001
AcAecLayerStandard
1000

1000
中心线层
1001
AcadStringInfo
1000
MIFCodePage
1070
     5
  0
LAYER
  5
E6
330
2
100
AcDbSymbolTableRecord
100
AcDbLayerTableRecord
  2
虚线层
 70
     0
 62
     6
  6
虚线
370
    18
390
F
347
46
348
0
1001
AcAecLayerStandard
1000

1000
虚线层
1001
AcadStringInfo
1000
MIFCodePage
1070
     5
  0
LAYER
  5
E7
330
2
100
AcDbSymbolTableRecord
100
AcDbLayerTableRecord
  2
细实线层
 70
     0
 62
     7
  6
Continuous
370
    18
390
F
347
46
348
0
1001
AcAecLayerStandard
1000

1000
细实线层
1001
AcadStringInfo
1000
MIFCodePage
1070
     5
  0
LAYER
  5
E8
330
2
100
AcDbSymbolTableRecord
100
AcDbLayerTableRecord
  2
粗实线层
 70
     0
 62
     7
  6
Continuous
370
    35
390
F
347
46
348
0
1001
AcAecLayerStandard
1000

1000
粗实线层
1001
AcadStringInfo
1000
MIFCodePage
1070
     5
  0
LAYER
  5
E9
330
2
100
AcDbSymbolTableRecord
100
AcDbLayerTableRecord
  2
尺寸线层
 70
     0
 62
     3
  6
Continuous
370
    18
390
F
347
46
348
0
1001
AcAecLayerStandard
1000

1000
尺寸线层
1001
AcadStringInfo
1000
MIFCodePage
1070
     5
  0
LAYER
  5
EA
330
2
100
AcDbSymbolTableRecord
100
AcDbLayerTableRecord
  2
剖面线层
 70
     0
 62
     4
  6
Continuous
370
    18
390
F
347
46
348
0
1001
AcAecLayerStandard
1000

1000
剖面线层
1001
AcadStringInfo
1000
MIFCodePage
1070
     5
  0
LAYER
  5
EB
330
2
100
AcDbSymbolTableRecord
100
AcDbLayerTableRecord
  2
隐藏层
 70
     0
 62
    -7
  6
Continuous
370
    18
390
F
347
46
348
0
1001
AcAecLayerStandard
1000

1000
隐藏层
1001
AcadStringInfo
1000
MIFCodePage
1070
     5
  0
ENDTAB
  0
TABLE
  2
STYLE
  5
3
330
0
100
AcDbSymbolTable
 70
     3
  0
STYLE
  5
11
330
3
100
AcDbSymbolTableRecord
100
AcDbTextStyleTableRecord
  2
Standard
 70
     0
 40
0.0
 41
1.0
 50
0.0
 71
     0
 42
3.5
  3
txt
  4

1001
CAXA_DRAFT_TXTSTYLE
1041
0.0
1041
1.666999999999999
1001
ACAD
1000
宋体
1071
    34306
  0
STYLE
  5
EC
330
3
100
AcDbSymbolTableRecord
100
AcDbTextStyleTableRecord
  2
标准
 70
     0
 40
0.0
 41
0.667
 50
0.0
 71
     0
 42
2.5
  3

  4

1001
CAXA_DRAFT_TXTSTYLE
1041
0.1
1041
1.917999999999999
1001
ACAD
1000
仿宋_gb2312
1071
    34353
1001
AcadStringInfo
1000
MIFCodePage
1070
     5
  0
STYLE
  5
ED
330
3
100
AcDbSymbolTableRecord
100
AcDbTextStyleTableRecord
  2
机械
 70
     0
 40
0.0
 41
0.667
 50
0.0
 71
     0
 42
2.5
  3
isocp
  4
gbcbig.shx
1001
CAXA_DRAFT_TXTSTYLE
1041
0.1
1041
1.917999999999999
1001
AcadStringInfo
1000
MIFCodePage
1070
     5
  0
ENDTAB
  0
TABLE
  2
VIEW
  5
6
330
0
100
AcDbSymbolTable
 70
     0
  0
ENDTAB
  0
TABLE
  2
UCS
  5
7
330
0
100
AcDbSymbolTable
 70
     0
  0
ENDTAB
  0
TABLE
  2
APPID
  5
9
330
0
100
AcDbSymbolTable
 70
   117
  0
APPID
  5
12
330
9
100
AcDbSymbolTableRecord
100
AcDbRegAppTableRecord
  2
ACAD
 70
     0
  0
APPID
  5
6E
330
9
100
AcDbSymbolTableRecord
100
AcDbRegAppTableRecord
  2
CAXA_DRAFT_PAPERORDER
 70
     0
  0
APPID
  5
6F
330
9
100
AcDbSymbolTableRecord
100
AcDbRegAppTableRecord
  2
CAXA_DRAFT_ROUGH
 70
     0
  0
APPID
  5
70
330
9
100
AcDbSymbolTableRecord
100
AcDbRegAppTableRecord
  2
CAXA_DRAFT_ROUGH_STD
 70
     0
  0
APPID
  5
71
330
9
100
AcDbSymbolTableRecord
100
AcDbRegAppTableRecord
  2
CAXA_DRAFT_FORMATED_TXT
 70
     0
  0
APPID
  5
72
330
9
100
AcDbSymbolTableRecord
100
AcDbRegAppTableRecord
  2
CAXA_DRAFT_DATUM
 70
     0
  0
APPID
  5
73
330
9
100
AcDbSymbolTableRecord
100
AcDbRegAppTableRecord
  2
CAXA_DRAFT_WELD
 70
     0
  0
APPID
  5
74
330
9
100
AcDbSymbolTableRecord
100
AcDbRegAppTableRecord
  2
CAXA_DRAFT_GEOTOL
 70
     0
  0
APPID
  5
75
330
9
100
AcDbSymbolTableRecord
100
AcDbRegAppTableRecord
  2
CAXA_DRAFT_CUTS
 70
     0
  0
APPID
  5
76
330
9
100
AcDbSymbolTableRecord
100
AcDbRegAppTableRecord
  2
CAXA_DRAFT_DIMHALF
 70
     0
  0
APPID
  5
77
330
9
100
AcDbSymbolTableRecord
100
AcDbRegAppTableRecord
  2
CAXA_DRAFT_DIMRAY
 70
     0
  0
APPID
  5
78
330
9
100
AcDbSymbolTableRecord
100
AcDbRegAppTableRecord
  2
CAXA_DRAFT_DIMARCLEN
 70
     0
  0
APPID
  5
79
330
9
100
AcDbSymbolTableRecord
100
AcDbRegAppTableRecord
  2
CAXA_DRAFT_DIMTAPER
 70
     0
  0
APPID
  5
7A
330
9
100
AcDbSymbolTableRecord
100
AcDbRegAppTableRecord
  2
CAXA_DRAFT_DIMPITCH
 70
     0
  0
APPID
  5
7B
330
9
100
AcDbSymbolTableRecord
100
AcDbRegAppTableRecord
  2
CAXA_DRAFT_DIMCOORD
 70
     0
  0
APPID
  5
7C
330
9
100
AcDbSymbolTableRecord
100
AcDbRegAppTableRecord
  2
CAXA_DRAFT_DIMORIALIGN
 70
     0
  0
APPID
  5
7D
330
9
100
AcDbSymbolTableRecord
100
AcDbRegAppTableRecord
  2
CAXA_DRAFT_DIMHOLEPOS
 70
     0
  0
APPID
  5
7E
330
9
100
AcDbSymbolTableRecord
100
AcDbRegAppTableRecord
  2
CAXA_DRAFT_DIMCRDLEADER
 70
     0
  0
APPID
  5
7F
330
9
100
AcDbSymbolTableRecord
100
AcDbRegAppTableRecord
  2
CAXA_DRAFT_DIMCHAMFER
 70
     0
  0
APPID
  5
80
330
9
100
AcDbSymbolTableRecord
100
AcDbRegAppTableRecord
  2
CAXA_DRAFT_DIMCENTERHOLE
 70
     0
  0
APPID
  5
81
330
9
100
AcDbSymbolTableRecord
100
AcDbRegAppTableRecord
  2
CAXA_DRAFT_DIMLEADER
 70
     0
  0
APPID
  5
82
330
9
100
AcDbSymbolTableRecord
100
AcDbRegAppTableRecord
  2
CAXA_DRAFT_DIMCRDLIST
 70
     0
  0
APPID
  5
83
330
9
100
AcDbSymbolTableRecord
100
AcDbRegAppTableRecord
  2
CAXA_DRAFT_PAPERSCALE
 70
     0
  0
APPID
  5
84
330
9
100
AcDbSymbolTableRecord
100
AcDbRegAppTableRecord
  2
CAXA_DRAFT_FILEVERSION
 70
     0
  0
APPID
  5
85
330
9
100
AcDbSymbolTableRecord
100
AcDbRegAppTableRecord
  2
CAXA_DRAFT_PRODUCTVERSION
 70
     0
  0
APPID
  5
86
330
9
100
AcDbSymbolTableRecord
100
AcDbRegAppTableRecord
  2
CAXA_DRAFT_DATATABLE
 70
     0
  0
APPID
  5
87
330
9
100
AcDbSymbolTableRecord
100
AcDbRegAppTableRecord
  2
CAXA_DRAFT_PAPERINFO
 70
     0
  0
APPID
  5
88
330
9
100
AcDbSymbolTableRecord
100
AcDbRegAppTableRecord
  2
CAXA_DRAFT_PAPERFRAME
 70
     0
  0
APPID
  5
89
330
9
100
AcDbSymbolTableRecord
100
AcDbRegAppTableRecord
  2
CAXA_DRAFT_PAPERTITLE
 70
     0
  0
APPID
  5
8A
330
9
100
AcDbSymbolTableRecord
100
AcDbRegAppTableRecord
  2
CAXA_DRAFT_PAPERPAREATABLE
 70
     0
  0
APPID
  5
8B
330
9
100
AcDbSymbolTableRecord
100
AcDbRegAppTableRecord
  2
CAXA_DRAFT_PARTNO
 70
     0
  0
APPID
  5
8C
330
9
100
AcDbSymbolTableRecord
100
AcDbRegAppTableRecord
  2
CAXA_DRAFT_BOMTABLE
 70
     0
  0
APPID
  5
8D
330
9
100
AcDbSymbolTableRecord
100
AcDbRegAppTableRecord
  2
CAXA_DRAFT_BLKREF_EXTATT
 70
     0
  0
APPID
  5
8E
330
9
100
AcDbSymbolTableRecord
100
AcDbRegAppTableRecord
  2
CAXA_DRAFT_DBVIEWDATA
 70
     0
  0
APPID
  5
8F
330
9
100
AcDbSymbolTableRecord
100
AcDbRegAppTableRecord
  2
CAXA_DRAFT_DIMSYMTOL
 70
     0
  0
APPID
  5
90
330
9
100
AcDbSymbolTableRecord
100
AcDbRegAppTableRecord
  2
CAXA_DRAFT_DIMASSEMTOL
 70
     0
  0
APPID
  5
91
330
9
100
AcDbSymbolTableRecord
100
AcDbRegAppTableRecord
  2
CAXA_DRAFT_DIMANGLETOL
 70
     0
  0
APPID
  5
92
330
9
100
AcDbSymbolTableRecord
100
AcDbRegAppTableRecord
  2
CAXA_DRAFT_DRAFTDATA
 70
     0
  0
APPID
  5
93
330
9
100
AcDbSymbolTableRecord
100
AcDbRegAppTableRecord
  2
CAXA_DRAFT_DIMORIGIN
 70
     0
  0
APPID
  5
94
330
9
100
AcDbSymbolTableRecord
100
AcDbRegAppTableRecord
  2
CAXA_DRAFT_ENLARGE_EDGE
 70
     0
  0
APPID
  5
95
330
9
100
AcDbSymbolTableRecord
100
AcDbRegAppTableRecord
  2
CAXA_DRAFT_DIMSTY_T_VPOS
 70
     0
  0
APPID
  5
96
330
9
100
AcDbSymbolTableRecord
100
AcDbRegAppTableRecord
  2
CAXA_DRAFT_DIMSTY_AT_VPOS
 70
     0
  0
APPID
  5
97
330
9
100
AcDbSymbolTableRecord
100
AcDbRegAppTableRecord
  2
CAXA_DRAFT_BLKHIDE
 70
     0
  0
APPID
  5
98
330
9
100
AcDbSymbolTableRecord
100
AcDbRegAppTableRecord
  2
CAXA_DRAFT_DIMARROWREVERSE
 70
     0
  0
APPID
  5
99
330
9
100
AcDbSymbolTableRecord
100
AcDbRegAppTableRecord
  2
CAXA_DRAFT_TXTSTYLE
 70
     0
  0
APPID
  5
9A
330
9
100
AcDbSymbolTableRecord
100
AcDbRegAppTableRecord
  2
CAXA_DRAFT_ATTRIBUTE_2PT
 70
     0
  0
APPID
  5
9B
330
9
100
AcDbSymbolTableRecord
100
AcDbRegAppTableRecord
  2
CAXA_DRAFT_ATTDEF_2PT
 70
     0
  0
APPID
  5
9C
330
9
100
AcDbSymbolTableRecord
100
AcDbRegAppTableRecord
  2
CAXA_DRAFT_DIMBIGARC
 70
     0
  0
APPID
  5
9D
330
9
100
AcDbSymbolTableRecord
100
AcDbRegAppTableRecord
  2
CAXA_DRAFT_ISNEB09R3
 70
     0
  0
APPID
  5
9E
330
9
100
AcDbSymbolTableRecord
100
AcDbRegAppTableRecord
  2
CAXA_DRAFT_WIPEOUT_B_HIDE
 70
     0
  0
APPID
  5
9F
330
9
100
AcDbSymbolTableRecord
100
AcDbRegAppTableRecord
  2
CAXA_DRAFT_BLKREF_SYMBOL
 70
     0
  0
APPID
  5
A0
330
9
100
AcDbSymbolTableRecord
100
AcDbRegAppTableRecord
  2
CAXA_DRAFT_ENL_COMMENTS
 70
     0
  0
APPID
  5
A1
330
9
100
AcDbSymbolTableRecord
100
AcDbRegAppTableRecord
  2
CAXA_DRAFT_ENL_TSCALE
 70
     0
  0
APPID
  5
A2
330
9
100
AcDbSymbolTableRecord
100
AcDbRegAppTableRecord
  2
CAXA_DRAFT_TXTSCALE
 70
     0
  0
APPID
  5
A3
330
9
100
AcDbSymbolTableRecord
100
AcDbRegAppTableRecord
  2
CAXA_DRAFT_KEEPLTSEG_ZOOM
 70
     0
  0
APPID
  5
A4
330
9
100
AcDbSymbolTableRecord
100
AcDbRegAppTableRecord
  2
CAXA_DRAFT_SPECLIB
 70
     0
  0
APPID
  5
A5
330
9
100
AcDbSymbolTableRecord
100
AcDbRegAppTableRecord
  2
CAXA_DRAFT_DATUM_2011R2
 70
     0
  0
APPID
  5
A6
330
9
100
AcDbSymbolTableRecord
100
AcDbRegAppTableRecord
  2
CAXA_DRAFT_ROUGH_2011R2
 70
     0
  0
APPID
  5
A7
330
9
100
AcDbSymbolTableRecord
100
AcDbRegAppTableRecord
  2
CAXA_DRAFT_GEOTOL_2011R2
 70
     0
  0
APPID
  5
A8
330
9
100
AcDbSymbolTableRecord
100
AcDbRegAppTableRecord
  2
CAXA_DRAFT_DMOVMAP_2011R3
 70
     0
  0
APPID
  5
A9
330
9
100
AcDbSymbolTableRecord
100
AcDbRegAppTableRecord
  2
CAXA_DRAFT_DDTSTY_2011R3
 70
     0
  0
APPID
  5
AA
330
9
100
AcDbSymbolTableRecord
100
AcDbRegAppTableRecord
  2
CAXA_DRAFT_SDTSTY_2011R3
 70
     0
  0
APPID
  5
AB
330
9
100
AcDbSymbolTableRecord
100
AcDbRegAppTableRecord
  2
CDRAFT_TXTROT_2011R3
 70
     0
  0
APPID
  5
AC
330
9
100
AcDbSymbolTableRecord
100
AcDbRegAppTableRecord
  2
CDRAFT_TOLOUT_2011R3
 70
     0
  0
APPID
  5
AD
330
9
100
AcDbSymbolTableRecord
100
AcDbRegAppTableRecord
  2
CAXA_DRAFT_DIMARCLENSTYLE
 70
     0
  0
APPID
  5
AE
330
9
100
AcDbSymbolTableRecord
100
AcDbRegAppTableRecord
  2
CAXA_DRAFT_DMOVMAP_2013
 70
     0
  0
APPID
  5
AF
330
9
100
AcDbSymbolTableRecord
100
AcDbRegAppTableRecord
  2
CAXA_DRAFT_DS_DLLNTYPE
 70
     0
  0
APPID
  5
B0
330
9
100
AcDbSymbolTableRecord
100
AcDbRegAppTableRecord
  2
CAXA_DRAFT_DS_LBLLNTYPE
 70
     0
  0
APPID
  5
B1
330
9
100
AcDbSymbolTableRecord
100
AcDbRegAppTableRecord
  2
CAXA_DRAFT_DS_RBLLNTYPE
 70
     0
  0
APPID
  5
B2
330
9
100
AcDbSymbolTableRecord
100
AcDbRegAppTableRecord
  2
CAXA_DRAFT_DS_ISFILLDFM
 70
     0
  0
APPID
  5
B3
330
9
100
AcDbSymbolTableRecord
100
AcDbRegAppTableRecord
  2
CAXA_DRAFT_DS_DISPZTOOL
 70
     0
  0
APPID
  5
B4
330
9
100
AcDbSymbolTableRecord
100
AcDbRegAppTableRecord
  2
CAXA_DRAFT_DS_SYMCOLOR
 70
     0
  0
APPID
  5
B5
330
9
100
AcDbSymbolTableRecord
100
AcDbRegAppTableRecord
  2
CAXA_DRAFT_HATCH_SCALE_ANGLE
 70
     0
  0
APPID
  5
B6
330
9
100
AcDbSymbolTableRecord
100
AcDbRegAppTableRecord
  2
CAXA_DRAFT_GEOTOL_ISFROMDWG
 70
     0
  0
APPID
  5
B7
330
9
100
AcDbSymbolTableRecord
100
AcDbRegAppTableRecord
  2
CxDragDiaDimLnStyle
 70
     0
  0
APPID
  5
B8
330
9
100
AcDbSymbolTableRecord
100
AcDbRegAppTableRecord
  2
CxDragRadDimLnStyle
 70
     0
  0
APPID
  5
B9
330
9
100
AcDbSymbolTableRecord
100
AcDbRegAppTableRecord
  2
CX_DbAnnotate_SimDimOriTxt
 70
     0
  0
APPID
  5
BA
330
9
100
AcDbSymbolTableRecord
100
AcDbRegAppTableRecord
  2
CX_DbAnnotate_TxtLocPara
 70
     0
  0
APPID
  5
BB
330
9
100
AcDbSymbolTableRecord
100
AcDbRegAppTableRecord
  2
CX_DbAnnotate_DragTxtLoc
 70
     0
  0
APPID
  5
BC
330
9
100
AcDbSymbolTableRecord
100
AcDbRegAppTableRecord
  2
UserSetTxtLoc
 70
     0
  0
APPID
  5
BD
330
9
100
AcDbSymbolTableRecord
100
AcDbRegAppTableRecord
  2
UserSetTxtLocType
 70
     0
  0
APPID
  5
BE
330
9
100
AcDbSymbolTableRecord
100
AcDbRegAppTableRecord
  2
UserSetTxtLocPt
 70
     0
  0
APPID
  5
BF
330
9
100
AcDbSymbolTableRecord
100
AcDbRegAppTableRecord
  2
CAXA_DRAFT_IMAGE_BINARY
 70
     0
  0
APPID
  5
C0
330
9
100
AcDbSymbolTableRecord
100
AcDbRegAppTableRecord
  2
DimTxtFrmStyle_2015R1
 70
     0
  0
APPID
  5
C1
330
9
100
AcDbSymbolTableRecord
100
AcDbRegAppTableRecord
  2
CAXA_DRAFT_GEOTOL_ISSHX
 70
     0
  0
APPID
  5
C2
330
9
100
AcDbSymbolTableRecord
100
AcDbRegAppTableRecord
  2
CAXA_SUPGRAPHICDIM
 70
     0
  0
APPID
  5
C3
330
9
100
AcDbSymbolTableRecord
100
AcDbRegAppTableRecord
  2
CAXA_GRAPHICARCLEN_HASLN
 70
     0
  0
APPID
  5
C4
330
9
100
AcDbSymbolTableRecord
100
AcDbRegAppTableRecord
  2
CAXA_GRAPHICDIM_OUT
 70
     0
  0
APPID
  5
C5
330
9
100
AcDbSymbolTableRecord
100
AcDbRegAppTableRecord
  2
CAXA_DATUM_LEADLNBKMODE
 70
     0
  0
APPID
  5
C6
330
9
100
AcDbSymbolTableRecord
100
AcDbRegAppTableRecord
  2
CX_DbDim_CrdDimLineAndArrow
 70
     0
  0
APPID
  5
C7
330
9
100
AcDbSymbolTableRecord
100
AcDbRegAppTableRecord
  2
CX_DbDim_TaperAngleStd
 70
     0
  0
APPID
  5
C8
330
9
100
AcDbSymbolTableRecord
100
AcDbRegAppTableRecord
  2
CX_DbAttribDef_OptionalVal
 70
     0
  0
APPID
  5
C9
330
9
100
AcDbSymbolTableRecord
100
AcDbRegAppTableRecord
  2
CAXA_DRAFT_LEADER_MLEADERLINE
 70
     0
  0
APPID
  5
CA
330
9
100
AcDbSymbolTableRecord
100
AcDbRegAppTableRecord
  2
CAXA_DRAFT_WELD_MLEADERLINE
 70
     0
  0
APPID
  5
CB
330
9
100
AcDbSymbolTableRecord
100
AcDbRegAppTableRecord
  2
CAXA_DRAFT_GEOTOL_MLEADERLINE
 70
     0
  0
APPID
  5
CC
330
9
100
AcDbSymbolTableRecord
100
AcDbRegAppTableRecord
  2
CAXA_DRAFT_ROUGH_MLEADERLINE
 70
     0
  0
APPID
  5
CD
330
9
100
AcDbSymbolTableRecord
100
AcDbRegAppTableRecord
  2
CAXA_DRAFT_DATUM_MLEADERLINE
 70
     0
  0
APPID
  5
CE
330
9
100
AcDbSymbolTableRecord
100
AcDbRegAppTableRecord
  2
CAXA_DRAFT_ROUGH_STDSPTDATA
 70
     0
  0
APPID
  5
CF
330
9
100
AcDbSymbolTableRecord
100
AcDbRegAppTableRecord
  2
CAXA_DRAFT_CUTS_LABLEDATA
 70
     0
  0
APPID
  5
D0
330
9
100
AcDbSymbolTableRecord
100
AcDbRegAppTableRecord
  2
CAXA_DRAFT_LEADER_DISPREFLINE
 70
     0
  0
APPID
  5
D1
330
9
100
AcDbSymbolTableRecord
100
AcDbRegAppTableRecord
  2
CAXA_DRAFT_TAPER_TEXTTYPE
 70
     0
  0
APPID
  5
D2
330
9
100
AcDbSymbolTableRecord
100
AcDbRegAppTableRecord
  2
CAXA_DRAFT_TAPER_RATEFORMAT
 70
     0
  0
APPID
  5
D3
330
9
100
AcDbSymbolTableRecord
100
AcDbRegAppTableRecord
  2
CAXA_DRAFT_TAPER_RATESEPAR
 70
     0
  0
APPID
  5
D4
330
9
100
AcDbSymbolTableRecord
100
AcDbRegAppTableRecord
  2
CX_DIMSTYLE_TXTFRAME
 70
     0
  0
APPID
  5
D5
330
9
100
AcDbSymbolTableRecord
100
AcDbRegAppTableRecord
  2
CX_DBDIM_TXTFRAME
 70
     0
  0
APPID
  5
D6
330
9
100
AcDbSymbolTableRecord
100
AcDbRegAppTableRecord
  2
CAXA_DRAFT_TABLEENT
 70
     0
  0
APPID
  5
D7
330
9
100
AcDbSymbolTableRecord
100
AcDbRegAppTableRecord
  2
CDRAFT_DIM_STD_REV_NAME
 70
     0
  0
APPID
  5
D8
330
9
100
AcDbSymbolTableRecord
100
AcDbRegAppTableRecord
  2
CAXA_DRAFT_BOM_STDSPTDATA
 70
     0
  0
APPID
  5
D9
330
9
100
AcDbSymbolTableRecord
100
AcDbRegAppTableRecord
  2
CAXA_DRAFT_PARTNO_STDSPTDATA
 70
     0
  0
APPID
  5
DA
330
9
100
AcDbSymbolTableRecord
100
AcDbRegAppTableRecord
  2
CAXA_DRAFT_DATUM_LOCPTEDIT
 70
     0
  0
APPID
  5
DB
330
9
100
AcDbSymbolTableRecord
100
AcDbRegAppTableRecord
  2
CAXA_DRAFT_INFO_WMFLAG
 70
     0
  0
APPID
  5
DC
330
9
100
AcDbSymbolTableRecord
100
AcDbRegAppTableRecord
  2
CX_DbDim_CrdDimTypeAndData
 70
     0
  0
APPID
  5
DD
330
9
100
AcDbSymbolTableRecord
100
AcDbRegAppTableRecord
  2
CX_DbDim_DimOriginBiText
 70
     0
  0
APPID
  5
DE
330
9
100
AcDbSymbolTableRecord
100
AcDbRegAppTableRecord
  2
CX_DbDim_DimCrdLeaderPts
 70
     0
  0
APPID
  5
E4
330
9
100
AcDbSymbolTableRecord
100
AcDbRegAppTableRecord
  2
AcAecLayerStandard
 70
     0
  0
APPID
  5
3C6
330
9
100
AcDbSymbolTableRecord
100
AcDbRegAppTableRecord
  2
AcadStringInfo
 70
     0
  0
APPID
  5
3D2
330
9
100
AcDbSymbolTableRecord
100
AcDbRegAppTableRecord
  2
ACAD_NAV_VCDISPLAY
 70
     0
  0
ENDTAB
  0
TABLE
  2
DIMSTYLE
  5
A
330
0
100
AcDbSymbolTable
 70
     4
100
AcDbDimStyleTable
 71
     0
  0
DIMSTYLE
105
EE
330
A
100
AcDbSymbolTableRecord
100
AcDbDimStyleTableRecord
  2
标准
 70
     0
 41
4.0
 42
0.0
 43
10.0
 44
2.0
 46
6.0
 73
     0
 74
     0
 77
     1
 78
     8
 79
     2
 90
        1
140
3.5
141
0.0
143
1.0
146
0.7071067811865475
147
0.625
172
     1
179
     2
271
     2
272
     3
274
     3
276
     2
279
     2
340
EC
342
EF
345
16
346
16
347
16
1001
CAXA_DRAFT_DIMSTY_AT_VPOS
1070
     1
1001
CAXA_DRAFT_SDTSTY_2011R3
1070
     0
1001
CAXA_DRAFT_DS_ISFILLDFM
1070
     1
1001
CAXA_DRAFT_DS_DISPZTOOL
1070
     0
1001
CAXA_DRAFT_DS_SYMCOLOR
1071
1090519039
1001
DimTxtFrmStyle_2015R1
1070
     3
1001
CX_DIMSTYLE_TXTFRAME
1070
     0
1070
     0
1001
AcadStringInfo
1000
MIFCodePage
1070
     5
  0
DIMSTYLE
105
F3
330
A
100
AcDbSymbolTableRecord
100
AcDbDimStyleTableRecord
  2
GB_尺寸
 70
     0
 41
4.0
 42
0.0
 43
10.0
 44
2.0
 46
6.0
 73
     0
 74
     0
 77
     1
 78
     8
 79
     2
 90
        1
140
3.5
141
0.0
143
1.0
146
0.7071067811865475
147
0.625
172
     1
179
     2
271
     2
272
     3
274
     3
276
     2
279
     2
340
EC
342
EF
345
16
346
16
347
16
1001
CAXA_DRAFT_DIMSTY_AT_VPOS
1070
     1
1001
CAXA_DRAFT_SDTSTY_2011R3
1070
     0
1001
CAXA_DRAFT_DS_ISFILLDFM
1070
     1
1001
CAXA_DRAFT_DS_DISPZTOOL
1070
     0
1001
CAXA_DRAFT_DS_SYMCOLOR
1071
1090519039
1001
DimTxtFrmStyle_2015R1
1070
     3
1001
CX_DIMSTYLE_TXTFRAME
1070
     0
1070
     0
1001
AcadStringInfo
1000
MIFCodePage
1070
     5
  0
DIMSTYLE
105
F4
330
A
100
AcDbSymbolTableRecord
100
AcDbDimStyleTableRecord
  2
GB_引出说明(1984)
 70
     0
 41
4.0
 42
0.0
 43
10.0
 44
2.0
 46
6.0
 73
     0
 74
     0
 77
     1
 78
     8
 79
     2
 90
        1
140
3.5
141
0.0
143
1.0
146
0.7071067811865475
147
0.625
172
     1
179
     2
271
     2
272
     3
274
     3
276
     2
279
     2
340
EC
342
EF
345
16
346
16
347
16
1001
CAXA_DRAFT_DIMSTY_AT_VPOS
1070
     1
1001
CAXA_DRAFT_SDTSTY_2011R3
1070
     0
1001
CAXA_DRAFT_DS_ISFILLDFM
1070
     1
1001
CAXA_DRAFT_DS_DISPZTOOL
1070
     0
1001
CAXA_DRAFT_DS_SYMCOLOR
1071
1090519039
1001
DimTxtFrmStyle_2015R1
1070
     3
1001
CX_DIMSTYLE_TXTFRAME
1070
     0
1070
     0
1001
AcadStringInfo
1000
MIFCodePage
1070
     5
  0
DIMSTYLE
105
F5
330
A
100
AcDbSymbolTableRecord
100
AcDbDimStyleTableRecord
  2
GB_锥度(2003)
 70
     0
 41
4.0
 42
0.0
 43
10.0
 44
2.0
 46
6.0
 73
     0
 74
     0
 77
     1
 78
     8
 79
     2
 90
        1
140
3.5
141
0.0
143
1.0
146
0.7071067811865475
147
0.625
172
     1
179
     2
271
     2
272
     3
274
     3
276
     2
279
     2
340
EC
342
EF
345
16
346
16
347
16
1001
CAXA_DRAFT_DIMSTY_AT_VPOS
1070
     1
1001
CAXA_DRAFT_SDTSTY_2011R3
1070
     0
1001
CAXA_DRAFT_DS_ISFILLDFM
1070
     1
1001
CAXA_DRAFT_DS_DISPZTOOL
1070
     0
1001
CAXA_DRAFT_DS_SYMCOLOR
1071
1090519039
1001
DimTxtFrmStyle_2015R1
1070
     3
1001
CX_DIMSTYLE_TXTFRAME
1070
     0
1070
     0
1001
AcadStringInfo
1000
MIFCodePage
1070
     5
  0
ENDTAB
  0
TABLE
  2
BLOCK_RECORD
  5
1
330
0
100
AcDbSymbolTable
 70
     1
  0
BLOCK_RECORD
  5
1F
330
1
100
AcDbSymbolTableRecord
100
AcDbBlockTableRecord
  2
*Model_Space
340
22
 70
     0
280
     1
281
     0
1001
CAXA_DRAFT_PAPERSCALE
1041
1.0
1001
CAXA_DRAFT_PAPERINFO
1041
210.0
1041
297.0
1071
        0
1070
     1
1070
     1
1070
     1
1070
     0
1001
CAXA_DRAFT_KEEPLTSEG_ZOOM
1070
     0
  0
BLOCK_RECORD
  5
1B
330
1
100
AcDbSymbolTableRecord
100
AcDbBlockTableRecord
  2
*Paper_Space
340
1E
 70
     0
280
     1
281
     0
  0
BLOCK_RECORD
  5
EF
330
1
100
AcDbSymbolTableRecord
100
AcDbBlockTableRecord
  2
_CAXARROW
340
0
 70
     0
280
     1
281
     0
  0
ENDTAB
  0
ENDSEC
  0
SECTION
  2
BLOCKS
  0
BLOCK
  5
20
330
1F
100
AcDbEntity
  8
0
100
AcDbBlockBegin
  2
*Model_Space
 70
     0
 10
0.0
 20
0.0
 30
0.0
  3
*Model_Space
  1

  0
ENDBLK
  5
21
330
1F
100
AcDbEntity
  8
0
100
AcDbBlockEnd
  0
BLOCK
  5
1C
330
1B
100
AcDbEntity
 67
     1
  8
0
100
AcDbBlockBegin
  2
*Paper_Space
 70
     0
 10
0.0
 20
0.0
 30
0.0
  3
*Paper_Space
  1

  0
ENDBLK
  5
1D
330
1B
100
AcDbEntity
 67
     1
  8
0
100
AcDbBlockEnd
  0
BLOCK
  5
F1
330
EF
100
AcDbEntity
  8
0
100
AcDbBlockBegin
  2
_CAXARROW
 70
     0
 10
0.0
 20
0.0
 30
0.0
  3
_CAXARROW
  1

  0
HATCH
  5
F0
330
EF
100
AcDbEntity
  8
0
 62
     0
100
AcDbHatch
 10
0.0
 20
0.0
 30
0.0
210
0.0
220
0.0
230
1.0
  2
SOLID
 70
     1
 71
     0
 91
        1
 92
        0
 93
        3
 72
     1
 10
0.0
 20
0.0
 11
-1.0
 21
0.125
 72
     1
 10
-1.0
 20
0.125
 11
-1.0
 21
-0.125
 72
     1
 10
-1.0
 20
-0.125
 11
0.0
 21
0.0
 97
        0
 75
     0
 76
     1
 98
        1
 10
0.0
 20
0.0
450
        0
451
        0
460
0.0
461
0.0
452
        1
462
0.0
453
        0
470

  0
ENDBLK
  5
F2
330
EF
100
AcDbEntity
  8
0
100
AcDbBlockEnd
  0
ENDSEC
  0
SECTION
  2
ENTITIES
  0
MTEXT
  5
127
330
1F
100
AcDbEntity
  8
尺寸线层
100
AcDbMText
 10
369.729690335296
 20
111.7943650596681
 30
0.0
 40
14.0
 41
268.8083851519702
 46
54.92236006895462
 71
     1
 72
     1
  1
新增58定，用卡尺根据原版画的，兼容了7字回车（自己画）\P数量：3\P1.5mm\P
 73
     1
 44
1.0
1001
CAXA_DRAFT_TXTSCALE
1041
1.0
1001
ACAD
1000
ACAD_MTEXT_DEFINED_HEIGHT_BEGIN
1070
    46
1040
54.92236006895462
1000
ACAD_MTEXT_DEFINED_HEIGHT_END
  0
LINE
  5
128
330
1F
100
AcDbEntity
  8
0
 62
     0
100
AcDbLine
 10
44.91191685877578
 20
39.15148588901968
 30
0.0
 11
44.91191685877578
 21
27.15090503599379
 31
0.0
  0
LINE
  5
129
330
1F
100
AcDbEntity
  8
0
 62
     0
100
AcDbLine
 10
9.481196858775774
 20
26.15068588888892
 30
0.0
 11
9.481196858775774
 21
39.15148588871545
 31
0.0
  0
LINE
  5
12A
330
1F
100
AcDbEntity
  8
0
 62
     0
100
AcDbLine
 10
21.10081685877577
 20
96.30148588898476
 30
0.0
 11
21.10081685877577
 21
84.30078588889626
 31
0.0
  0
LINE
  5
12B
330
1F
100
AcDbEntity
  8
0
 62
     0
100
AcDbLine
 10
28.24451685877574
 20
58.20008588870871
 30
0.0
 11
28.24451685877574
 21
46.20078588885838
 31
0.0
  0
LINE
  5
12C
330
1F
100
AcDbEntity
  8
0
 62
     0
100
AcDbLine
 10
287.7997168587756
 20
96.30148588895862
 30
0.0
 11
287.7997168587756
 21
83.30100503606251
 31
0.0
  0
LINE
  5
12D
330
1F
100
AcDbEntity
  8
0
 62
     0
100
AcDbLine
 10
254.7487168587756
 20
83.3010050360624
 30
0.0
 11
254.7487168587756
 21
96.30148588905207
 31
0.0
  0
LINE
  5
12E
330
1F
100
AcDbEntity
  8
0
 62
     0
100
AcDbLine
 10
221.4137168587757
 20
27.15068588894599
 30
0.0
 11
221.4137168587757
 21
39.15148588872046
 31
0.0
  0
LINE
  5
12F
330
1F
100
AcDbEntity
  8
0
 62
     0
100
AcDbLine
 10
287.7997168587757
 20
39.15148588884506
 30
0.0
 11
287.7997168587757
 21
27.15068588844372
 31
0.0
  0
LINE
  5
130
330
1F
100
AcDbEntity
  8
0
 62
     0
100
AcDbLine
 10
9.481196858775774
 20
46.20078588885838
 30
0.0
 11
9.481196858775774
 21
58.2000858888797
 31
0.0
  0
LINE
  5
131
330
1F
100
AcDbEntity
  8
0
 62
     0
100
AcDbLine
 10
103.3501168586947
 20
97.30148588888903
 30
0.0
 11
115.3507168586068
 21
97.30148588888926
 31
0.0
  0
LINE
  5
132
330
1F
100
AcDbEntity
  8
0
 62
     0
100
AcDbLine
 10
116.3507168587758
 20
96.30148588898476
 30
0.0
 11
116.3507168587758
 21
84.30078588866047
 31
0.0
  0
LINE
  5
133
330
1F
100
AcDbEntity
  8
0
 62
     0
100
AcDbLine
 10
115.3507168585486
 20
83.30078588888921
 30
0.0
 11
103.3501168590044
 21
83.30078588888921
 31
0.0
  0
LINE
  5
134
330
1F
100
AcDbEntity
  8
0
 62
     0
100
AcDbLine
 10
102.3501168587757
 20
84.30078588870003
 30
0.0
 11
102.3501168587757
 21
96.30148588886834
 31
0.0
  0
LINE
  5
135
330
1F
100
AcDbEntity
  8
0
 62
     0
100
AcDbLine
 10
84.30011685879049
 20
97.30148588888903
 30
0.0
 11
96.30081685853852
 21
97.30148588888903
 31
0.0
  0
LINE
  5
136
330
1F
100
AcDbEntity
  8
0
 62
     0
100
AcDbLine
 10
97.30081685877578
 20
96.30148588895316
 30
0.0
 11
97.30081685877578
 21
84.3007858888933
 31
0.0
  0
LINE
  5
137
330
1F
100
AcDbEntity
  8
0
 62
     0
100
AcDbLine
 10
96.30081685856504
 20
83.30078588888921
 30
0.0
 11
84.30011685856332
 21
83.30078588888921
 31
0.0
  0
LINE
  5
138
330
1F
100
AcDbEntity
  8
0
 62
     0
100
AcDbLine
 10
83.30011685877579
 20
84.30078588909452
 30
0.0
 11
83.30011685877579
 21
96.30148588895247
 31
0.0
  0
LINE
  5
139
330
1F
100
AcDbEntity
  8
0
 62
     0
100
AcDbLine
 10
65.24871685879503
 20
97.30148588888903
 30
0.0
 11
77.24941685856842
 21
97.30148588888903
 31
0.0
  0
LINE
  5
13A
330
1F
100
AcDbEntity
  8
0
 62
     0
100
AcDbLine
 10
78.24941685877579
 20
96.30148588898476
 30
0.0
 11
78.24941685877579
 21
84.30078588879576
 31
0.0
  0
LINE
  5
13B
330
1F
100
AcDbEntity
  8
0
 62
     0
100
AcDbLine
 10
77.2494168587038
 20
83.30078588888898
 30
0.0
 11
65.24871685870976
 21
83.30078588888898
 31
0.0
  0
LINE
  5
13C
330
1F
100
AcDbEntity
  8
0
 62
     0
100
AcDbLine
 10
64.24871685877576
 20
84.30078588895151
 30
0.0
 11
64.24871685877576
 21
96.30148588895361
 31
0.0
  0
LINE
  5
13D
330
1F
100
AcDbEntity
  8
0
 62
     0
100
AcDbLine
 10
46.2001168587879
 20
97.30148588888903
 30
0.0
 11
58.20081685864654
 21
97.30148588888903
 31
0.0
  0
LINE
  5
13E
330
1F
100
AcDbEntity
  8
0
 62
     0
100
AcDbLine
 10
59.20081685877573
 20
96.30148588881013
 30
0.0
 11
59.20081685877573
 21
84.30078588900972
 31
0.0
  0
LINE
  5
13F
330
1F
100
AcDbEntity
  8
0
 62
     0
100
AcDbLine
 10
58.20081685864654
 20
83.30078588888898
 30
0.0
 11
46.20011685872969
 21
83.30078588888898
 31
0.0
  0
LINE
  5
140
330
1F
100
AcDbEntity
  8
0
 62
     0
100
AcDbLine
 10
45.20011685877579
 20
84.30078588895151
 30
0.0
 11
45.20011685877579
 21
96.30148588892655
 31
0.0
  0
LINE
  5
141
330
1F
100
AcDbEntity
  8
0
 62
     0
100
AcDbLine
 10
27.14991685863493
 20
97.30148588888903
 30
0.0
 11
39.15081685865823
 21
97.30148588888903
 31
0.0
  0
LINE
  5
142
330
1F
100
AcDbEntity
  8
0
 62
     0
100
AcDbLine
 10
40.15081685877578
 20
96.30148588892655
 30
0.0
 11
40.15081685877578
 21
84.30078588866047
 31
0.0
  0
LINE
  5
143
330
1F
100
AcDbEntity
  8
0
 62
     0
100
AcDbLine
 10
39.1508168588328
 20
83.30078588888898
 30
0.0
 11
27.1499168589034
 21
83.30078588888898
 31
0.0
  0
LINE
  5
144
330
1F
100
AcDbEntity
  8
0
 62
     0
100
AcDbLine
 10
26.14991685877579
 20
84.30078588889626
 30
0.0
 11
26.14991685877579
 21
96.30148588865507
 31
0.0
  0
LINE
  5
145
330
1F
100
AcDbEntity
  8
0
 62
     0
100
AcDbLine
 10
8.099956858725477
 20
97.30148588888903
 30
0.0
 11
20.10081685866982
 21
97.30148588888903
 31
0.0
  0
LINE
  5
146
330
1F
100
AcDbEntity
  8
0
 62
     0
100
AcDbLine
 10
20.10081685867289
 20
83.30078588888898
 30
0.0
 11
8.099956859127416
 21
83.30078588888898
 31
0.0
  0
LINE
  5
147
330
1F
100
AcDbEntity
  8
0
 62
     0
100
AcDbLine
 10
7.099956858775783
 20
84.30078588869752
 30
0.0
 11
7.099956858775783
 21
96.30148588895316
 31
0.0
  0
LINE
  5
148
330
1F
100
AcDbEntity
  8
0
  6
ByBlock
100
AcDbLine
 10
248.6047168586579
 20
40.15148588888894
 30
0.0
 11
286.7997168589785
 21
40.15148588888894
 31
0.0
  0
LINE
  5
149
330
1F
100
AcDbEntity
  8
0
  6
ByBlock
100
AcDbLine
 10
255.4585815483262
 20
82.28660031736865
 30
0.0
 11
255.4585815483262
 21
82.77250105507153
 31
0.0
  0
LINE
  5
14A
330
1F
100
AcDbEntity
  8
0
  6
ByBlock
100
AcDbLine
 10
256.4585815482181
 20
81.28660031738457
 30
0.0
 11
262.5859284449672
 21
81.28660031738457
 31
0.0
  0
LINE
  5
14B
330
1F
100
AcDbEntity
  8
0
  6
ByBlock
100
AcDbLine
 10
263.5859284449995
 20
82.28660031727111
 30
0.0
 11
263.5859284449995
 21
82.30100503596361
 31
0.0
  0
LINE
  5
14C
330
1F
100
AcDbEntity
  8
0
  6
ByBlock
100
AcDbLine
 10
263.5859284449995
 20
83.30100503606251
 30
0.0
 11
278.9766684301237
 21
83.30100503606251
 31
0.0
  0
LINE
  5
14D
330
1F
100
AcDbEntity
  8
0
  6
ByBlock
100
AcDbLine
 10
201.2247168587757
 20
21.55816356527964
 30
0.0
 11
201.2247168587757
 21
21.10158588888896
 31
0.0
  0
LINE
  5
14E
330
1F
100
AcDbEntity
  8
0
  6
ByBlock
100
AcDbLine
 10
207.9737168587757
 20
21.55816356532625
 30
0.0
 11
207.9737168587757
 21
21.10158588888896
 31
0.0
  0
LINE
  5
14F
330
1F
100
AcDbEntity
  8
0
  6
ByBlock
100
AcDbLine
 10
202.2247168589202
 20
22.55816356538696
 30
0.0
 11
206.9737168588028
 21
22.55816356538696
 31
0.0
  0
LINE
  5
150
330
1F
100
AcDbEntity
  8
0
  6
ByBlock
100
AcDbLine
 10
253.5862729354342
 20
43.18821946455829
 30
0.0
 11
259.7136198322125
 21
43.18821946455829
 31
0.0
  0
LINE
  5
151
330
1F
100
AcDbEntity
  8
0
  6
ByBlock
100
AcDbLine
 10
277.5058297356939
 20
43.18660031738511
 30
0.0
 11
284.3754312872254
 21
43.18660031738511
 31
0.0
  0
LINE
  5
152
330
1F
100
AcDbEntity
  8
0
  6
ByBlock
100
AcDbLine
 10
260.7136198321505
 20
45.2010050360626
 30
0.0
 11
273.8821772407783
 21
45.2010050360626
 31
0.0
  0
LINE
  5
153
330
1F
100
AcDbEntity
  8
0
  6
ByBlock
100
AcDbLine
 10
10.31480709248177
 20
25.13650031741702
 30
0.0
 11
10.31480709248177
 21
25.52606625852206
 31
0.0
  0
LINE
  5
154
330
1F
100
AcDbEntity
  8
0
  6
ByBlock
100
AcDbLine
 10
11.31480709267038
 20
24.13650031738473
 30
0.0
 11
17.44215398913303
 21
24.13650031738473
 31
0.0
  0
LINE
  5
155
330
1F
100
AcDbEntity
  8
0
  6
ByBlock
100
AcDbLine
 10
18.44215398915503
 20
25.13650031728787
 30
0.0
 11
18.44215398915503
 21
25.15090503604449
 31
0.0
  0
LINE
  5
156
330
1F
100
AcDbEntity
  8
0
  6
ByBlock
100
AcDbLine
 10
33.99498335151532
 20
25.13650031731902
 30
0.0
 11
33.99498335151532
 21
25.150905036052
 31
0.0
  0
LINE
  5
157
330
1F
100
AcDbEntity
  8
0
  6
ByBlock
100
AcDbLine
 10
34.99498335172865
 20
24.13650031738473
 30
0.0
 11
41.12233024820972
 21
24.13650031738473
 31
0.0
  0
LINE
  5
158
330
1F
100
AcDbEntity
  8
0
  6
ByBlock
100
AcDbLine
 10
42.12233024818852
 20
25.13650031734608
 30
0.0
 11
42.12233024818852
 21
25.15090503574664
 31
0.0
  0
LINE
  5
159
330
1F
100
AcDbEntity
  8
0
  6
ByBlock
100
AcDbLine
 10
18.44215398915503
 20
26.15090503606268
 30
0.0
 11
33.99498335151532
 21
26.15090503606268
 31
0.0
  0
LINE
  5
15A
330
1F
100
AcDbEntity
  8
0
100
AcDbLine
 10
271.3754168587757
 20
63.25078588902136
 30
0.0
 11
271.3754168587757
 21
60.20008588888334
 31
0.0
  0
LINE
  5
15B
330
1F
100
AcDbEntity
  8
0
100
AcDbLine
 10
270.0377168586119
 20
64.25078588888879
 30
0.0
 11
270.3754168589069
 21
64.25078588888879
 31
0.0
  0
LINE
  5
15C
330
1F
100
AcDbEntity
  8
0
100
AcDbLine
 10
285.3754312872716
 20
69.42489112731482
 30
0.0
 11
285.3754312872715
 21
54.44841252004448
 31
0.0
  0
ARC
  5
15D
330
1F
100
AcDbEntity
  8
0
100
AcDbCircle
 10
8.09995685871155
 20
96.30148588895316
 30
0.0
 40
0.9999999999357669
100
AcDbArc
 50
89.99999999920623
 51
179.9999999832995
  0
ARC
  5
15E
330
1F
100
AcDbEntity
  8
0
100
AcDbCircle
 10
20.1008168585949
 20
96.30148588870827
 30
0.0
 40
1.000000000180818
100
AcDbArc
 50
0.0
 51
90.0
  0
ARC
  5
15F
330
1F
100
AcDbEntity
  8
0
100
AcDbCircle
 10
8.099956858584334
 20
84.30078588869752
 30
0.0
 40
0.9999999998085513
100
AcDbArc
 50
180.0
 51
270.0
  0
ARC
  5
160
330
1F
100
AcDbEntity
  8
0
100
AcDbCircle
 10
20.10081685876838
 20
84.30078588889626
 30
0.0
 40
1.000000000007389
100
AcDbArc
 50
269.999999994528
 51
359.9999998850897
  0
ARC
  5
161
330
1F
100
AcDbEntity
  8
0
100
AcDbCircle
 10
27.14991685900981
 20
96.30148588865507
 30
0.0
 40
1.000000000234081
100
AcDbArc
 50
90.00000002147958
 51
180.0000004510888
  0
ARC
  5
162
330
1F
100
AcDbEntity
  8
0
100
AcDbCircle
 10
39.15081685857501
 20
96.30148588868827
 30
0.0
 40
1.00000000020077
100
AcDbArc
 50
0.0
 51
90.0
  0
ARC
  5
163
330
1F
100
AcDbEntity
  8
0
100
AcDbCircle
 10
39.15081685887315
 20
84.30078588879167
 30
0.0
 40
0.9999999999025703
100
AcDbArc
 50
269.9999999976872
 51
359.9999999439229
  0
ARC
  5
164
330
1F
100
AcDbEntity
  8
0
100
AcDbCircle
 10
27.14991685878323
 20
84.30078588889626
 30
0.0
 40
1.000000000007446
100
AcDbArc
 50
180.0
 51
270.0
  0
ARC
  5
165
330
1F
100
AcDbEntity
  8
0
100
AcDbCircle
 10
46.20011685879638
 20
96.30148588886834
 30
0.0
 40
1.000000000020691
100
AcDbArc
 50
90.00000000048405
 51
180.0000000067702
  0
ARC
  5
166
330
1F
100
AcDbEntity
  8
0
100
AcDbCircle
 10
46.20011685869741
 20
84.30078588881077
 30
0.0
 40
0.9999999999216981
100
AcDbArc
 50
179.9999999999992
 51
270.0
  0
ARC
  5
167
330
1F
100
AcDbEntity
  8
0
100
AcDbCircle
 10
58.2008168585553
 20
84.30078588910976
 30
0.0
 40
1.000000000220666
100
AcDbArc
 50
270.0000000052261
 51
0.0000001039549794
  0
ARC
  5
168
330
1F
100
AcDbEntity
  8
0
100
AcDbCircle
 10
58.20081685855535
 20
96.30148588866871
 30
0.0
 40
1.000000000220396
100
AcDbArc
 50
0.0
 51
90.0
  0
ARC
  5
169
330
1F
100
AcDbEntity
  8
0
100
AcDbCircle
 10
65.24871685871136
 20
96.30148588895361
 30
0.0
 40
0.9999999999355395
100
AcDbArc
 50
89.99999999520586
 51
179.9999998993231
  0
ARC
  5
16A
330
1F
100
AcDbEntity
  8
0
100
AcDbCircle
 10
65.24871685866333
 20
84.30078588877666
 30
0.0
 40
0.9999999998877058
100
AcDbArc
 50
180.0000000000008
 51
270.0
  0
ARC
  5
16B
330
1F
100
AcDbEntity
  8
0
100
AcDbCircle
 10
77.24941685886867
 20
84.30078588879576
 30
0.0
 40
0.9999999999071178
100
AcDbArc
 50
269.9999999905501
 51
359.9999998015456
  0
ARC
  5
16C
330
1F
100
AcDbEntity
  8
0
100
AcDbCircle
 10
77.24941685842191
 20
96.3014858885357
 30
0.0
 40
1.000000000353296
100
AcDbArc
 50
0.0
 51
90.0
  0
ARC
  5
16D
330
1F
100
AcDbEntity
  8
0
100
AcDbCircle
 10
84.30011685871235
 20
96.30148588895247
 30
0.0
 40
0.9999999999365627
100
AcDbArc
 50
89.99999999552585
 51
179.9999999060257
  0
ARC
  5
16E
330
1F
100
AcDbEntity
  8
0
100
AcDbCircle
 10
96.30081685884034
 20
96.30148588895316
 30
0.0
 40
0.99999999993544
100
AcDbArc
 50
0.0000000000008142
 51
90.0
  0
ARC
  5
16F
330
1F
100
AcDbEntity
  8
0
100
AcDbCircle
 10
96.30081685841581
 20
84.30078588924914
 30
0.0
 40
1.000000000360046
100
AcDbArc
 50
270.0000000085534
 51
0.000000159236582
  0
ARC
  5
170
330
1F
100
AcDbEntity
  8
0
100
AcDbCircle
 10
84.30011685898127
 20
84.30078588909452
 30
0.0
 40
1.000000000205488
100
AcDbArc
 50
180.0
 51
270.0
  0
ARC
  5
171
330
1F
100
AcDbEntity
  8
0
100
AcDbCircle
 10
103.3501168585869
 20
84.30078588870003
 30
0.0
 40
0.9999999998111377
100
AcDbArc
 50
180.0
 51
270.0
  0
ARC
  5
172
330
1F
100
AcDbEntity
  8
0
100
AcDbCircle
 10
103.350116858638
 20
96.30148588902706
 30
0.0
 40
0.9999999998620978
100
AcDbArc
 50
89.99999999675045
 51
179.9999999408361
  0
ARC
  5
173
330
1F
100
AcDbEntity
  8
0
100
AcDbCircle
 10
115.3507168584868
 20
96.3014858885996
 30
0.0
 40
1.000000000289489
100
AcDbArc
 50
0.0000000000008142
 51
90.0
  0
ARC
  5
174
330
1F
100
AcDbEntity
  8
0
100
AcDbCircle
 10
115.350716858388
 20
84.30078588927619
 30
0.0
 40
1.000000000387217
100
AcDbArc
 50
270.0000000092121
 51
0.0000001581170267
  0
LINE
  5
175
330
1F
100
AcDbEntity
  8
0
100
AcDbLine
 10
121.3997168587757
 20
84.30078588888898
 30
0.0
 11
121.3997168587757
 21
96.3014858888888
 31
0.0
  0
LINE
  5
176
330
1F
100
AcDbEntity
  8
0
100
AcDbLine
 10
122.3997168587757
 20
97.3014858888888
 30
0.0
 11
134.4007168587757
 21
97.3014858888888
 31
0.0
  0
LINE
  5
177
330
1F
100
AcDbEntity
  8
0
100
AcDbLine
 10
135.4007168587757
 20
96.3014858888888
 30
0.0
 11
135.4007168587757
 21
84.30078588888875
 31
0.0
  0
LINE
  5
178
330
1F
100
AcDbEntity
  8
0
100
AcDbLine
 10
134.4007168587757
 20
83.30078588888898
 30
0.0
 11
122.3997168587757
 21
83.30078588888898
 31
0.0
  0
ARC
  5
179
330
1F
100
AcDbEntity
  8
0
100
AcDbCircle
 10
122.3997168587757
 20
96.3014858888888
 30
0.0
 40
1.0
100
AcDbArc
 50
90.0
 51
180.0000000000781
  0
ARC
  5
17A
330
1F
100
AcDbEntity
  8
0
100
AcDbCircle
 10
134.4007168587757
 20
96.3014858888888
 30
0.0
 40
1.0
100
AcDbArc
 50
0.0
 51
90.0
  0
ARC
  5
17B
330
1F
100
AcDbEntity
  8
0
100
AcDbCircle
 10
134.4007168587757
 20
84.30078588888898
 30
0.0
 40
1.0
100
AcDbArc
 50
270.0
 51
0.0000000000716515
  0
ARC
  5
17C
330
1F
100
AcDbEntity
  8
0
100
AcDbCircle
 10
122.3997168587757
 20
84.30078588888898
 30
0.0
 40
1.0
100
AcDbArc
 50
180.0
 51
270.0
  0
LINE
  5
17D
330
1F
100
AcDbEntity
  8
0
100
AcDbLine
 10
140.4497168587757
 20
84.30078588888898
 30
0.0
 11
140.4497168587757
 21
96.3014858888888
 31
0.0
  0
LINE
  5
17E
330
1F
100
AcDbEntity
  8
0
100
AcDbLine
 10
141.4497168587757
 20
97.3014858888888
 30
0.0
 11
153.4507168587757
 21
97.3014858888888
 31
0.0
  0
LINE
  5
17F
330
1F
100
AcDbEntity
  8
0
100
AcDbLine
 10
154.4507168587757
 20
96.3014858888888
 30
0.0
 11
154.4507168587757
 21
84.30078588888898
 31
0.0
  0
LINE
  5
180
330
1F
100
AcDbEntity
  8
0
100
AcDbLine
 10
153.4507168587757
 20
83.30078588888898
 30
0.0
 11
141.4497168587757
 21
83.30078588888898
 31
0.0
  0
ARC
  5
181
330
1F
100
AcDbEntity
  8
0
100
AcDbCircle
 10
141.4497168587757
 20
96.3014858888888
 30
0.0
 40
1.0
100
AcDbArc
 50
90.0
 51
180.0000000000781
  0
ARC
  5
182
330
1F
100
AcDbEntity
  8
0
100
AcDbCircle
 10
153.4507168587757
 20
96.3014858888888
 30
0.0
 40
1.0
100
AcDbArc
 50
359.9999999999992
 51
90.0
  0
ARC
  5
183
330
1F
100
AcDbEntity
  8
0
100
AcDbCircle
 10
153.4507168587757
 20
84.30078588888898
 30
0.0
 40
1.0
100
AcDbArc
 50
270.0
 51
0.0000000000789795
  0
ARC
  5
184
330
1F
100
AcDbEntity
  8
0
100
AcDbCircle
 10
141.4497168587757
 20
84.30078588888898
 30
0.0
 40
1.0
100
AcDbArc
 50
180.0
 51
270.0
  0
LINE
  5
185
330
1F
100
AcDbEntity
  8
0
100
AcDbLine
 10
159.4987168587757
 20
84.30078588888898
 30
0.0
 11
159.4987168587757
 21
96.3014858888888
 31
0.0
  0
LINE
  5
186
330
1F
100
AcDbEntity
  8
0
100
AcDbLine
 10
160.4987168587757
 20
97.3014858888888
 30
0.0
 11
172.4997168587757
 21
97.3014858888888
 31
0.0
  0
LINE
  5
187
330
1F
100
AcDbEntity
  8
0
100
AcDbLine
 10
173.4997168587757
 20
96.3014858888888
 30
0.0
 11
173.4997168587757
 21
84.30078588888898
 31
0.0
  0
LINE
  5
188
330
1F
100
AcDbEntity
  8
0
100
AcDbLine
 10
172.4997168587757
 20
83.30078588888898
 30
0.0
 11
160.4987168587757
 21
83.30078588888898
 31
0.0
  0
ARC
  5
189
330
1F
100
AcDbEntity
  8
0
100
AcDbCircle
 10
160.4987168587757
 20
96.3014858888888
 30
0.0
 40
1.0
100
AcDbArc
 50
90.0
 51
180.0000000000855
  0
ARC
  5
18A
330
1F
100
AcDbEntity
  8
0
100
AcDbCircle
 10
172.4997168587757
 20
96.3014858888888
 30
0.0
 40
1.0
100
AcDbArc
 50
359.9999999999992
 51
90.0
  0
ARC
  5
18B
330
1F
100
AcDbEntity
  8
0
100
AcDbCircle
 10
172.4997168587757
 20
84.30078588888898
 30
0.0
 40
1.0
100
AcDbArc
 50
270.0
 51
0.0000000000781653
  0
ARC
  5
18C
330
1F
100
AcDbEntity
  8
0
100
AcDbCircle
 10
160.4987168587757
 20
84.30078588888898
 30
0.0
 40
1.0
100
AcDbArc
 50
180.0
 51
270.0
  0
LINE
  5
18D
330
1F
100
AcDbEntity
  8
0
100
AcDbLine
 10
178.5497168587757
 20
84.30078588888898
 30
0.0
 11
178.5497168587757
 21
96.3014858888888
 31
0.0
  0
LINE
  5
18E
330
1F
100
AcDbEntity
  8
0
100
AcDbLine
 10
179.5497168587757
 20
97.3014858888888
 30
0.0
 11
191.5507168587757
 21
97.3014858888888
 31
0.0
  0
LINE
  5
18F
330
1F
100
AcDbEntity
  8
0
100
AcDbLine
 10
192.5507168587757
 20
96.3014858888888
 30
0.0
 11
192.5507168587756
 21
84.30078588888898
 31
0.0
  0
LINE
  5
190
330
1F
100
AcDbEntity
  8
0
100
AcDbLine
 10
191.5507168587756
 20
83.30078588888898
 30
0.0
 11
179.5497168587757
 21
83.30078588888898
 31
0.0
  0
ARC
  5
191
330
1F
100
AcDbEntity
  8
0
100
AcDbCircle
 10
179.5497168587757
 20
96.3014858888888
 30
0.0
 40
1.0
100
AcDbArc
 50
90.0
 51
180.0000000000781
  0
ARC
  5
192
330
1F
100
AcDbEntity
  8
0
100
AcDbCircle
 10
191.5507168587757
 20
96.3014858888888
 30
0.0
 40
1.0
100
AcDbArc
 50
359.9999999999992
 51
90.0
  0
ARC
  5
193
330
1F
100
AcDbEntity
  8
0
100
AcDbCircle
 10
191.5507168587757
 20
84.30078588888898
 30
0.0
 40
1.0
100
AcDbArc
 50
270.0
 51
0.0
  0
ARC
  5
194
330
1F
100
AcDbEntity
  8
0
100
AcDbCircle
 10
179.5497168587757
 20
84.30078588888898
 30
0.0
 40
1.0
100
AcDbArc
 50
179.9999999999992
 51
270.0
  0
LINE
  5
195
330
1F
100
AcDbEntity
  8
0
100
AcDbLine
 10
278.9766684301236
 20
82.28446940504307
 30
0.0
 11
278.9766684301236
 21
82.3010050358472
 31
0.0
  0
LINE
  5
196
330
1F
100
AcDbEntity
  8
0
100
AcDbLine
 10
279.9766684301236
 20
81.28446940504307
 30
0.0
 11
286.1040153267968
 21
81.28446940504307
 31
0.0
  0
LINE
  5
197
330
1F
100
AcDbEntity
  8
0
100
AcDbLine
 10
287.1040153267968
 20
82.28446940504307
 30
0.0
 11
287.1040153267968
 21
82.29887412372125
 31
0.0
  0
ARC
  5
198
330
1F
100
AcDbEntity
  8
0
100
AcDbCircle
 10
279.9766684301236
 20
82.28446940504307
 30
0.0
 40
1.0
100
AcDbArc
 50
179.9999999999992
 51
270.0
  0
ARC
  5
199
330
1F
100
AcDbEntity
  8
0
100
AcDbCircle
 10
286.1040153267969
 20
82.28446940504307
 30
0.0
 40
1.0
100
AcDbArc
 50
270.0
 51
0.0
  0
LINE
  5
19A
330
1F
100
AcDbEntity
  8
0
100
AcDbLine
 10
11.8638168587758
 20
65.2507858888888
 30
0.0
 11
11.86381685877575
 21
77.25148588888885
 31
0.0
  0
LINE
  5
19B
330
1F
100
AcDbEntity
  8
0
100
AcDbLine
 10
12.86381685877575
 20
78.25148588888885
 30
0.0
 11
24.86331685877576
 21
78.25148588888885
 31
0.0
  0
LINE
  5
19C
330
1F
100
AcDbEntity
  8
0
100
AcDbLine
 10
25.86331685877576
 20
77.25148588888885
 30
0.0
 11
25.86331685877576
 21
65.2507858888888
 31
0.0
  0
LINE
  5
19D
330
1F
100
AcDbEntity
  8
0
100
AcDbLine
 10
24.86331685877576
 20
64.25078588888879
 30
0.0
 11
12.8638168587758
 21
64.25078588888879
 31
0.0
  0
ARC
  5
19E
330
1F
100
AcDbEntity
  8
0
100
AcDbCircle
 10
12.86381685877575
 20
77.25148588888885
 30
0.0
 40
1.0
100
AcDbArc
 50
90.0
 51
180.0
  0
ARC
  5
19F
330
1F
100
AcDbEntity
  8
0
100
AcDbCircle
 10
24.86331685877576
 20
77.25148588888885
 30
0.0
 40
1.0
100
AcDbArc
 50
0.0
 51
90.0
  0
ARC
  5
1A0
330
1F
100
AcDbEntity
  8
0
100
AcDbCircle
 10
24.86331685877576
 20
65.2507858888888
 30
0.0
 40
1.0
100
AcDbArc
 50
270.0
 51
0.0
  0
ARC
  5
1A1
330
1F
100
AcDbEntity
  8
0
100
AcDbCircle
 10
12.86381685877575
 20
65.2507858888888
 30
0.0
 40
1.0
100
AcDbArc
 50
180.0
 51
270.0
  0
LINE
  5
1A2
330
1F
100
AcDbEntity
  8
0
100
AcDbLine
 10
197.5987168587757
 20
84.30078588888898
 30
0.0
 11
197.5987168587757
 21
96.3014858888888
 31
0.0
  0
LINE
  5
1A3
330
1F
100
AcDbEntity
  8
0
100
AcDbLine
 10
198.5987168587757
 20
97.3014858888888
 30
0.0
 11
210.5997168587757
 21
97.3014858888888
 31
0.0
  0
LINE
  5
1A4
330
1F
100
AcDbEntity
  8
0
100
AcDbLine
 10
211.5997168587757
 20
96.3014858888888
 30
0.0
 11
211.5997168587756
 21
84.30078588888898
 31
0.0
  0
LINE
  5
1A5
330
1F
100
AcDbEntity
  8
0
100
AcDbLine
 10
210.5997168587756
 20
83.30078588888898
 30
0.0
 11
198.5987168587757
 21
83.30078588888898
 31
0.0
  0
ARC
  5
1A6
330
1F
100
AcDbEntity
  8
0
100
AcDbCircle
 10
198.5987168587757
 20
96.3014858888888
 30
0.0
 40
1.0
100
AcDbArc
 50
90.0
 51
180.0000000000781
  0
ARC
  5
1A7
330
1F
100
AcDbEntity
  8
0
100
AcDbCircle
 10
210.5997168587757
 20
96.3014858888888
 30
0.0
 40
1.0
100
AcDbArc
 50
0.0
 51
90.0
  0
ARC
  5
1A8
330
1F
100
AcDbEntity
  8
0
100
AcDbCircle
 10
210.5997168587756
 20
84.30078588888898
 30
0.0
 40
1.0
100
AcDbArc
 50
270.0
 51
0.0
  0
ARC
  5
1A9
330
1F
100
AcDbEntity
  8
0
100
AcDbCircle
 10
198.5987168587757
 20
84.30078588888898
 30
0.0
 40
1.0
100
AcDbArc
 50
180.0
 51
270.0
  0
LINE
  5
1AA
330
1F
100
AcDbEntity
  8
0
100
AcDbLine
 10
216.6497168587757
 20
84.30078588888898
 30
0.0
 11
216.6497168587757
 21
96.3014858888888
 31
0.0
  0
LINE
  5
1AB
330
1F
100
AcDbEntity
  8
0
100
AcDbLine
 10
217.6497168587756
 20
97.3014858888888
 30
0.0
 11
229.6507168587757
 21
97.3014858888888
 31
0.0
  0
LINE
  5
1AC
330
1F
100
AcDbEntity
  8
0
100
AcDbLine
 10
230.6507168587757
 20
96.3014858888888
 30
0.0
 11
230.6507168587756
 21
84.30078588888898
 31
0.0
  0
LINE
  5
1AD
330
1F
100
AcDbEntity
  8
0
100
AcDbLine
 10
229.6507168587756
 20
83.30078588888898
 30
0.0
 11
217.6497168587757
 21
83.30078588888898
 31
0.0
  0
ARC
  5
1AE
330
1F
100
AcDbEntity
  8
0
100
AcDbCircle
 10
217.6497168587757
 20
96.3014858888888
 30
0.0
 40
1.0
100
AcDbArc
 50
90.0
 51
179.9999999999226
  0
ARC
  5
1AF
330
1F
100
AcDbEntity
  8
0
100
AcDbCircle
 10
229.6507168587757
 20
96.3014858888888
 30
0.0
 40
1.0
100
AcDbArc
 50
359.9999999999992
 51
90.0
  0
ARC
  5
1B0
330
1F
100
AcDbEntity
  8
0
100
AcDbCircle
 10
229.6507168587757
 20
84.30078588888898
 30
0.0
 40
1.0
100
AcDbArc
 50
270.0
 51
0.0
  0
ARC
  5
1B1
330
1F
100
AcDbEntity
  8
0
100
AcDbCircle
 10
217.6497168587757
 20
84.30078588888898
 30
0.0
 40
1.0
100
AcDbArc
 50
179.9999999999992
 51
270.0
  0
LINE
  5
1B2
330
1F
100
AcDbEntity
  8
0
100
AcDbLine
 10
235.6997168587757
 20
84.30078588888898
 30
0.0
 11
235.6997168587756
 21
96.30148588888904
 31
0.0
  0
LINE
  5
1B3
330
1F
100
AcDbEntity
  8
0
100
AcDbLine
 10
236.6997168587757
 20
97.3014858888888
 30
0.0
 11
248.7007168587757
 21
97.3014858888888
 31
0.0
  0
LINE
  5
1B4
330
1F
100
AcDbEntity
  8
0
100
AcDbLine
 10
249.7007168587757
 20
96.3014858888888
 30
0.0
 11
249.7007168587757
 21
84.30078588888875
 31
0.0
  0
LINE
  5
1B5
330
1F
100
AcDbEntity
  8
0
100
AcDbLine
 10
248.7007168587756
 20
83.30078588888898
 30
0.0
 11
236.6997168587757
 21
83.30078588888898
 31
0.0
  0
ARC
  5
1B6
330
1F
100
AcDbEntity
  8
0
100
AcDbCircle
 10
236.6997168587757
 20
96.3014858888888
 30
0.0
 40
1.0
100
AcDbArc
 50
90.0
 51
179.9999999999226
  0
ARC
  5
1B7
330
1F
100
AcDbEntity
  8
0
100
AcDbCircle
 10
248.7007168587757
 20
96.3014858888888
 30
0.0
 40
1.0
100
AcDbArc
 50
0.0
 51
90.0
  0
ARC
  5
1B8
330
1F
100
AcDbEntity
  8
0
100
AcDbCircle
 10
248.7007168587757
 20
84.30078588888898
 30
0.0
 40
1.0
100
AcDbArc
 50
270.0
 51
0.0
  0
ARC
  5
1B9
330
1F
100
AcDbEntity
  8
0
100
AcDbCircle
 10
236.6997168587757
 20
84.30078588888898
 30
0.0
 40
0.9999999999999715
100
AcDbArc
 50
180.0
 51
270.0
  0
LINE
  5
1BA
330
1F
100
AcDbEntity
  8
0
100
AcDbLine
 10
149.9737168587757
 20
65.2507858888888
 30
0.0
 11
149.9737168587757
 21
77.25148588888885
 31
0.0
  0
LINE
  5
1BB
330
1F
100
AcDbEntity
  8
0
100
AcDbLine
 10
150.9737168587757
 20
78.25148588888885
 30
0.0
 11
162.9747168587757
 21
78.25148588888885
 31
0.0
  0
LINE
  5
1BC
330
1F
100
AcDbEntity
  8
0
100
AcDbLine
 10
163.9747168587757
 20
77.25148588888885
 30
0.0
 11
163.9747168587757
 21
65.25078588888902
 31
0.0
  0
LINE
  5
1BD
330
1F
100
AcDbEntity
  8
0
100
AcDbLine
 10
162.9747168587757
 20
64.25078588888879
 30
0.0
 11
150.9737168587757
 21
64.25078588888879
 31
0.0
  0
ARC
  5
1BE
330
1F
100
AcDbEntity
  8
0
100
AcDbCircle
 10
150.9737168587757
 20
77.25148588888885
 30
0.0
 40
1.0
100
AcDbArc
 50
90.0
 51
179.9999999999992
  0
ARC
  5
1BF
330
1F
100
AcDbEntity
  8
0
100
AcDbCircle
 10
162.9747168587757
 20
77.25148588888885
 30
0.0
 40
1.0
100
AcDbArc
 50
0.0
 51
90.0
  0
ARC
  5
1C0
330
1F
100
AcDbEntity
  8
0
100
AcDbCircle
 10
162.9747168587757
 20
65.2507858888888
 30
0.0
 40
1.0
100
AcDbArc
 50
270.0
 51
0.0
  0
ARC
  5
1C1
330
1F
100
AcDbEntity
  8
0
100
AcDbCircle
 10
150.9737168587757
 20
65.2507858888888
 30
0.0
 40
1.0
100
AcDbArc
 50
180.0
 51
270.0
  0
LINE
  5
1C2
330
1F
100
AcDbEntity
  8
0
100
AcDbLine
 10
130.9247168587757
 20
65.2507858888888
 30
0.0
 11
130.9247168587757
 21
77.25148588888885
 31
0.0
  0
LINE
  5
1C3
330
1F
100
AcDbEntity
  8
0
100
AcDbLine
 10
131.9247168587757
 20
78.25148588888885
 30
0.0
 11
143.9257168587757
 21
78.25148588888885
 31
0.0
  0
LINE
  5
1C4
330
1F
100
AcDbEntity
  8
0
100
AcDbLine
 10
144.9257168587757
 20
77.25148588888885
 30
0.0
 11
144.9257168587757
 21
65.2507858888888
 31
0.0
  0
LINE
  5
1C5
330
1F
100
AcDbEntity
  8
0
100
AcDbLine
 10
143.9257168587757
 20
64.25078588888879
 30
0.0
 11
131.9247168587757
 21
64.25078588888879
 31
0.0
  0
ARC
  5
1C6
330
1F
100
AcDbEntity
  8
0
100
AcDbCircle
 10
131.9247168587757
 20
77.25148588888885
 30
0.0
 40
1.0
100
AcDbArc
 50
90.0
 51
180.0000000000065
  0
ARC
  5
1C7
330
1F
100
AcDbEntity
  8
0
100
AcDbCircle
 10
143.9257168587757
 20
77.25148588888885
 30
0.0
 40
1.0
100
AcDbArc
 50
0.0
 51
90.0
  0
ARC
  5
1C8
330
1F
100
AcDbEntity
  8
0
100
AcDbCircle
 10
143.9257168587757
 20
65.2507858888888
 30
0.0
 40
1.0
100
AcDbArc
 50
270.0
 51
0.0
  0
ARC
  5
1C9
330
1F
100
AcDbEntity
  8
0
100
AcDbCircle
 10
131.9247168587757
 20
65.2507858888888
 30
0.0
 40
1.0
100
AcDbArc
 50
179.9999999999992
 51
270.0
  0
LINE
  5
1CA
330
1F
100
AcDbEntity
  8
0
100
AcDbLine
 10
35.67361685877575
 20
65.2507858888888
 30
0.0
 11
35.6736168587758
 21
77.25148588888885
 31
0.0
  0
LINE
  5
1CB
330
1F
100
AcDbEntity
  8
0
100
AcDbLine
 10
36.6736168587758
 20
78.25148588888885
 30
0.0
 11
48.67441685877577
 21
78.25148588888885
 31
0.0
  0
LINE
  5
1CC
330
1F
100
AcDbEntity
  8
0
100
AcDbLine
 10
49.67441685877577
 20
77.25148588888885
 30
0.0
 11
49.67441685877577
 21
65.2507858888888
 31
0.0
  0
LINE
  5
1CD
330
1F
100
AcDbEntity
  8
0
100
AcDbLine
 10
48.67441685877577
 20
64.25078588888879
 30
0.0
 11
36.67361685877575
 21
64.25078588888879
 31
0.0
  0
ARC
  5
1CE
330
1F
100
AcDbEntity
  8
0
100
AcDbCircle
 10
36.6736168587758
 20
77.25148588888885
 30
0.0
 40
1.0
100
AcDbArc
 50
90.0
 51
180.0
  0
ARC
  5
1CF
330
1F
100
AcDbEntity
  8
0
100
AcDbCircle
 10
48.67441685877577
 20
77.25148588888885
 30
0.0
 40
1.0
100
AcDbArc
 50
0.0
 51
90.0
  0
ARC
  5
1D0
330
1F
100
AcDbEntity
  8
0
100
AcDbCircle
 10
48.67441685877577
 20
65.2507858888888
 30
0.0
 40
1.0
100
AcDbArc
 50
270.0
 51
359.9999999999992
  0
ARC
  5
1D1
330
1F
100
AcDbEntity
  8
0
100
AcDbCircle
 10
36.6736168587758
 20
65.2507858888888
 30
0.0
 40
1.0
100
AcDbArc
 50
180.0000000000008
 51
270.0
  0
LINE
  5
1D2
330
1F
100
AcDbEntity
  8
0
100
AcDbLine
 10
54.72511685877577
 20
65.2507858888888
 30
0.0
 11
54.72511685877577
 21
77.25148588888885
 31
0.0
  0
LINE
  5
1D3
330
1F
100
AcDbEntity
  8
0
100
AcDbLine
 10
55.72511685877578
 20
78.25148588888885
 30
0.0
 11
67.72581685877577
 21
78.25148588888885
 31
0.0
  0
LINE
  5
1D4
330
1F
100
AcDbEntity
  8
0
100
AcDbLine
 10
68.72581685877577
 20
77.25148588888885
 30
0.0
 11
68.72581685877577
 21
65.2507858888888
 31
0.0
  0
LINE
  5
1D5
330
1F
100
AcDbEntity
  8
0
100
AcDbLine
 10
67.72581685877577
 20
64.25078588888879
 30
0.0
 11
55.72511685877578
 21
64.25078588888879
 31
0.0
  0
ARC
  5
1D6
330
1F
100
AcDbEntity
  8
0
100
AcDbCircle
 10
55.72511685877578
 20
77.25148588888885
 30
0.0
 40
1.0
100
AcDbArc
 50
90.0
 51
180.0
  0
ARC
  5
1D7
330
1F
100
AcDbEntity
  8
0
100
AcDbCircle
 10
67.72581685877577
 20
77.25148588888885
 30
0.0
 40
1.0
100
AcDbArc
 50
0.0
 51
90.0
  0
ARC
  5
1D8
330
1F
100
AcDbEntity
  8
0
100
AcDbCircle
 10
67.72581685877577
 20
65.2507858888888
 30
0.0
 40
1.0
100
AcDbArc
 50
270.0
 51
0.0
  0
ARC
  5
1D9
330
1F
100
AcDbEntity
  8
0
100
AcDbCircle
 10
55.72511685877578
 20
65.2507858888888
 30
0.0
 40
1.0
100
AcDbArc
 50
180.0000000000008
 51
270.0
  0
LINE
  5
1DA
330
1F
100
AcDbEntity
  8
0
100
AcDbLine
 10
73.77511685877578
 20
65.2507858888888
 30
0.0
 11
73.77511685877582
 21
77.25148588888885
 31
0.0
  0
LINE
  5
1DB
330
1F
100
AcDbEntity
  8
0
100
AcDbLine
 10
74.77511685877579
 20
78.25148588888885
 30
0.0
 11
86.77581685877575
 21
78.25148588888885
 31
0.0
  0
LINE
  5
1DC
330
1F
100
AcDbEntity
  8
0
100
AcDbLine
 10
87.77581685877576
 20
77.25148588888885
 30
0.0
 11
87.77581685877573
 21
65.2507858888888
 31
0.0
  0
LINE
  5
1DD
330
1F
100
AcDbEntity
  8
0
100
AcDbLine
 10
86.77581685877573
 20
64.25078588888879
 30
0.0
 11
74.77511685877579
 21
64.25078588888879
 31
0.0
  0
ARC
  5
1DE
330
1F
100
AcDbEntity
  8
0
100
AcDbCircle
 10
74.77511685877579
 20
77.25148588888885
 30
0.0
 40
1.0
100
AcDbArc
 50
90.0
 51
180.0000000000781
  0
ARC
  5
1DF
330
1F
100
AcDbEntity
  8
0
100
AcDbCircle
 10
86.77581685877575
 20
77.25148588888885
 30
0.0
 40
1.0
100
AcDbArc
 50
0.0
 51
90.0
  0
ARC
  5
1E0
330
1F
100
AcDbEntity
  8
0
100
AcDbCircle
 10
86.77581685877575
 20
65.2507858888888
 30
0.0
 40
1.0
100
AcDbArc
 50
270.0
 51
0.0
  0
ARC
  5
1E1
330
1F
100
AcDbEntity
  8
0
100
AcDbCircle
 10
74.77511685877579
 20
65.2507858888888
 30
0.0
 40
1.0
100
AcDbArc
 50
179.9999999999992
 51
270.0
  0
LINE
  5
1E2
330
1F
100
AcDbEntity
  8
0
100
AcDbLine
 10
92.82511685877578
 20
65.2507858888888
 30
0.0
 11
92.82511685877578
 21
77.25148588888885
 31
0.0
  0
LINE
  5
1E3
330
1F
100
AcDbEntity
  8
0
100
AcDbLine
 10
93.82511685877574
 20
78.25148588888885
 30
0.0
 11
105.8257168587757
 21
78.25148588888885
 31
0.0
  0
LINE
  5
1E4
330
1F
100
AcDbEntity
  8
0
100
AcDbLine
 10
106.8257168587757
 20
77.25148588888885
 30
0.0
 11
106.8257168587757
 21
65.2507858888888
 31
0.0
  0
LINE
  5
1E5
330
1F
100
AcDbEntity
  8
0
100
AcDbLine
 10
105.8257168587757
 20
64.25078588888879
 30
0.0
 11
93.82511685877574
 21
64.25078588888903
 31
0.0
  0
ARC
  5
1E6
330
1F
100
AcDbEntity
  8
0
100
AcDbCircle
 10
93.82511685877577
 20
77.25148588888885
 30
0.0
 40
1.0
100
AcDbArc
 50
90.0
 51
180.0
  0
ARC
  5
1E7
330
1F
100
AcDbEntity
  8
0
100
AcDbCircle
 10
105.8257168587757
 20
77.25148588888885
 30
0.0
 40
1.0
100
AcDbArc
 50
0.0
 51
90.0
  0
ARC
  5
1E8
330
1F
100
AcDbEntity
  8
0
100
AcDbCircle
 10
105.8257168587757
 20
65.2507858888888
 30
0.0
 40
1.0
100
AcDbArc
 50
270.0
 51
0.0
  0
ARC
  5
1E9
330
1F
100
AcDbEntity
  8
0
100
AcDbCircle
 10
93.82511685877574
 20
65.2507858888888
 30
0.0
 40
0.9999999999999857
100
AcDbArc
 50
179.9999999999992
 51
270.0
  0
LINE
  5
1EA
330
1F
100
AcDbEntity
  8
0
100
AcDbLine
 10
111.8737168587758
 20
65.2507858888888
 30
0.0
 11
111.8737168587758
 21
77.25148588888885
 31
0.0
  0
LINE
  5
1EB
330
1F
100
AcDbEntity
  8
0
100
AcDbLine
 10
112.8737168587758
 20
78.25148588888885
 30
0.0
 11
124.8747168587757
 21
78.25148588888885
 31
0.0
  0
LINE
  5
1EC
330
1F
100
AcDbEntity
  8
0
100
AcDbLine
 10
125.8747168587757
 20
77.25148588888885
 30
0.0
 11
125.8747168587757
 21
65.25078588888902
 31
0.0
  0
LINE
  5
1ED
330
1F
100
AcDbEntity
  8
0
100
AcDbLine
 10
124.8747168587758
 20
64.25078588888879
 30
0.0
 11
112.8737168587758
 21
64.25078588888879
 31
0.0
  0
ARC
  5
1EE
330
1F
100
AcDbEntity
  8
0
100
AcDbCircle
 10
112.8737168587758
 20
77.25148588888885
 30
0.0
 40
1.0
100
AcDbArc
 50
90.0
 51
180.0
  0
ARC
  5
1EF
330
1F
100
AcDbEntity
  8
0
100
AcDbCircle
 10
124.8747168587758
 20
77.25148588888885
 30
0.0
 40
1.0
100
AcDbArc
 50
0.0
 51
90.0
  0
ARC
  5
1F0
330
1F
100
AcDbEntity
  8
0
100
AcDbCircle
 10
124.8747168587757
 20
65.2507858888888
 30
0.0
 40
1.0
100
AcDbArc
 50
270.0
 51
0.0000000000065138
  0
ARC
  5
1F1
330
1F
100
AcDbEntity
  8
0
100
AcDbCircle
 10
112.8737168587758
 20
65.2507858888888
 30
0.0
 40
1.0
100
AcDbArc
 50
180.0
 51
270.0
  0
LINE
  5
1F2
330
1F
100
AcDbEntity
  8
0
100
AcDbLine
 10
169.0247168587757
 20
65.2507858888888
 30
0.0
 11
169.0247168587757
 21
77.25148588888885
 31
0.0
  0
LINE
  5
1F3
330
1F
100
AcDbEntity
  8
0
100
AcDbLine
 10
170.0247168587757
 20
78.25148588888885
 30
0.0
 11
182.0257168587757
 21
78.25148588888885
 31
0.0
  0
LINE
  5
1F4
330
1F
100
AcDbEntity
  8
0
100
AcDbLine
 10
183.0257168587757
 20
77.25148588888885
 30
0.0
 11
183.0257168587757
 21
65.2507858888888
 31
0.0
  0
LINE
  5
1F5
330
1F
100
AcDbEntity
  8
0
100
AcDbLine
 10
182.0257168587757
 20
64.25078588888879
 30
0.0
 11
170.0247168587757
 21
64.25078588888879
 31
0.0
  0
ARC
  5
1F6
330
1F
100
AcDbEntity
  8
0
100
AcDbCircle
 10
170.0247168587757
 20
77.25148588888885
 30
0.0
 40
1.0
100
AcDbArc
 50
90.0
 51
179.9999999999992
  0
ARC
  5
1F7
330
1F
100
AcDbEntity
  8
0
100
AcDbCircle
 10
182.0257168587757
 20
77.25148588888885
 30
0.0
 40
1.0
100
AcDbArc
 50
0.0
 51
90.0
  0
ARC
  5
1F8
330
1F
100
AcDbEntity
  8
0
100
AcDbCircle
 10
182.0257168587757
 20
65.2507858888888
 30
0.0
 40
1.0
100
AcDbArc
 50
270.0
 51
359.9999999999992
  0
ARC
  5
1F9
330
1F
100
AcDbEntity
  8
0
100
AcDbCircle
 10
170.0247168587757
 20
65.2507858888888
 30
0.0
 40
1.0
100
AcDbArc
 50
180.0
 51
270.0
  0
LINE
  5
1FA
330
1F
100
AcDbEntity
  8
0
100
AcDbLine
 10
188.0747168587757
 20
65.2507858888888
 30
0.0
 11
188.0747168587758
 21
77.25148588888885
 31
0.0
  0
LINE
  5
1FB
330
1F
100
AcDbEntity
  8
0
100
AcDbLine
 10
189.0747168587757
 20
78.25148588888885
 30
0.0
 11
201.0757168587756
 21
78.25148588888885
 31
0.0
  0
LINE
  5
1FC
330
1F
100
AcDbEntity
  8
0
100
AcDbLine
 10
202.0757168587756
 20
77.25148588888885
 30
0.0
 11
202.0757168587756
 21
65.2507858888888
 31
0.0
  0
LINE
  5
1FD
330
1F
100
AcDbEntity
  8
0
100
AcDbLine
 10
201.0757168587756
 20
64.25078588888879
 30
0.0
 11
189.0747168587757
 21
64.25078588888879
 31
0.0
  0
ARC
  5
1FE
330
1F
100
AcDbEntity
  8
0
100
AcDbCircle
 10
189.0747168587757
 20
77.25148588888885
 30
0.0
 40
1.0
100
AcDbArc
 50
90.0
 51
180.0000000000008
  0
ARC
  5
1FF
330
1F
100
AcDbEntity
  8
0
100
AcDbCircle
 10
201.0757168587757
 20
77.25148588888885
 30
0.0
 40
1.0
100
AcDbArc
 50
0.0000000000008142
 51
90.0
  0
ARC
  5
200
330
1F
100
AcDbEntity
  8
0
100
AcDbCircle
 10
201.0757168587756
 20
65.2507858888888
 30
0.0
 40
1.0
100
AcDbArc
 50
270.0
 51
359.9999999999218
  0
ARC
  5
201
330
1F
100
AcDbEntity
  8
0
100
AcDbCircle
 10
189.0747168587757
 20
65.2507858888888
 30
0.0
 40
1.0
100
AcDbArc
 50
179.9999999999992
 51
270.0
  0
LINE
  5
202
330
1F
100
AcDbEntity
  8
0
100
AcDbLine
 10
207.1237168587757
 20
65.2507858888888
 30
0.0
 11
207.1237168587757
 21
77.25148588888885
 31
0.0
  0
LINE
  5
203
330
1F
100
AcDbEntity
  8
0
100
AcDbLine
 10
208.1237168587756
 20
78.25148588888885
 30
0.0
 11
220.1247168587757
 21
78.25148588888885
 31
0.0
  0
LINE
  5
204
330
1F
100
AcDbEntity
  8
0
100
AcDbLine
 10
221.1247168587757
 20
77.25148588888885
 30
0.0
 11
221.1247168587758
 21
65.2507858888888
 31
0.0
  0
LINE
  5
205
330
1F
100
AcDbEntity
  8
0
100
AcDbLine
 10
220.1247168587758
 20
64.25078588888879
 30
0.0
 11
208.1237168587756
 21
64.25078588888903
 31
0.0
  0
ARC
  5
206
330
1F
100
AcDbEntity
  8
0
100
AcDbCircle
 10
208.1237168587757
 20
77.25148588888885
 30
0.0
 40
1.0
100
AcDbArc
 50
90.0
 51
180.0000000000781
  0
ARC
  5
207
330
1F
100
AcDbEntity
  8
0
100
AcDbCircle
 10
220.1247168587757
 20
77.25148588888885
 30
0.0
 40
1.0
100
AcDbArc
 50
0.0
 51
90.0
  0
ARC
  5
208
330
1F
100
AcDbEntity
  8
0
100
AcDbCircle
 10
220.1247168587757
 20
65.2507858888888
 30
0.0
 40
1.0
100
AcDbArc
 50
270.0
 51
359.9999999999153
  0
ARC
  5
209
330
1F
100
AcDbEntity
  8
0
100
AcDbCircle
 10
208.1237168587756
 20
65.2507858888888
 30
0.0
 40
0.9999999999999715
100
AcDbArc
 50
179.9999999999992
 51
270.0
  0
LINE
  5
20A
330
1F
100
AcDbEntity
  8
0
100
AcDbLine
 10
245.2237168587757
 20
65.2507858888888
 30
0.0
 11
245.2237168587757
 21
77.25148588888885
 31
0.0
  0
LINE
  5
20B
330
1F
100
AcDbEntity
  8
0
100
AcDbLine
 10
246.2237168587757
 20
78.25148588888885
 30
0.0
 11
258.2247168587757
 21
78.25148588888885
 31
0.0
  0
LINE
  5
20C
330
1F
100
AcDbEntity
  8
0
100
AcDbLine
 10
259.2247168587757
 20
77.25148588888885
 30
0.0
 11
259.2247168587757
 21
65.2507858888888
 31
0.0
  0
LINE
  5
20D
330
1F
100
AcDbEntity
  8
0
100
AcDbLine
 10
258.2247168587757
 20
64.25078588888879
 30
0.0
 11
246.2237168587757
 21
64.25078588888879
 31
0.0
  0
ARC
  5
20E
330
1F
100
AcDbEntity
  8
0
100
AcDbCircle
 10
246.2237168587757
 20
77.25148588888885
 30
0.0
 40
1.0
100
AcDbArc
 50
90.0
 51
179.9999999999984
  0
ARC
  5
20F
330
1F
100
AcDbEntity
  8
0
100
AcDbCircle
 10
258.2247168587757
 20
77.25148588888885
 30
0.0
 40
1.0
100
AcDbArc
 50
0.0
 51
90.0
  0
ARC
  5
210
330
1F
100
AcDbEntity
  8
0
100
AcDbCircle
 10
258.2247168587757
 20
65.2507858888888
 30
0.0
 40
1.0
100
AcDbArc
 50
270.0
 51
359.9999999999218
  0
ARC
  5
211
330
1F
100
AcDbEntity
  8
0
100
AcDbCircle
 10
246.2237168587757
 20
65.2507858888888
 30
0.0
 40
1.0
100
AcDbArc
 50
180.0
 51
270.0
  0
LINE
  5
212
330
1F
100
AcDbEntity
  8
0
100
AcDbLine
 10
226.1747168587757
 20
65.25078588888902
 30
0.0
 11
226.1747168587757
 21
77.25148588888885
 31
0.0
  0
LINE
  5
213
330
1F
100
AcDbEntity
  8
0
100
AcDbLine
 10
227.1747168587757
 20
78.25148588888885
 30
0.0
 11
239.1757168587757
 21
78.25148588888885
 31
0.0
  0
LINE
  5
214
330
1F
100
AcDbEntity
  8
0
100
AcDbLine
 10
240.1757168587757
 20
77.25148588888885
 30
0.0
 11
240.1757168587758
 21
65.25078588888902
 31
0.0
  0
LINE
  5
215
330
1F
100
AcDbEntity
  8
0
100
AcDbLine
 10
239.1757168587758
 20
64.25078588888879
 30
0.0
 11
227.1747168587757
 21
64.25078588888903
 31
0.0
  0
ARC
  5
216
330
1F
100
AcDbEntity
  8
0
100
AcDbCircle
 10
227.1747168587757
 20
77.25148588888885
 30
0.0
 40
1.0
100
AcDbArc
 50
90.0
 51
179.9999999999992
  0
ARC
  5
217
330
1F
100
AcDbEntity
  8
0
100
AcDbCircle
 10
239.1757168587757
 20
77.25148588888885
 30
0.0
 40
1.0
100
AcDbArc
 50
0.0
 51
90.0
  0
ARC
  5
218
330
1F
100
AcDbEntity
  8
0
100
AcDbCircle
 10
239.1757168587757
 20
65.2507858888888
 30
0.0
 40
1.0
100
AcDbArc
 50
270.0
 51
359.9999999999267
  0
ARC
  5
219
330
1F
100
AcDbEntity
  8
0
100
AcDbCircle
 10
227.1747168587757
 20
65.25078588888902
 30
0.0
 40
1.0
100
AcDbArc
 50
179.9999999999992
 51
270.0
  0
LINE
  5
21A
330
1F
100
AcDbEntity
  8
0
100
AcDbLine
 10
40.43871685877576
 20
46.20078588888884
 30
0.0
 11
40.43871685877576
 21
58.20008588888902
 31
0.0
  0
LINE
  5
21B
330
1F
100
AcDbEntity
  8
0
100
AcDbLine
 10
41.43871685877576
 20
59.2000858888888
 30
0.0
 11
53.43831685877574
 21
59.2000858888888
 31
0.0
  0
LINE
  5
21C
330
1F
100
AcDbEntity
  8
0
100
AcDbLine
 10
54.43831685877575
 20
58.20008588888879
 30
0.0
 11
54.43831685877575
 21
46.20078588888884
 31
0.0
  0
LINE
  5
21D
330
1F
100
AcDbEntity
  8
0
100
AcDbLine
 10
53.43831685877574
 20
45.20078588888885
 30
0.0
 11
41.43871685877576
 21
45.20078588888885
 31
0.0
  0
ARC
  5
21E
330
1F
100
AcDbEntity
  8
0
100
AcDbCircle
 10
41.43871685877576
 20
58.20008588888879
 30
0.0
 40
1.0
100
AcDbArc
 50
90.0
 51
179.9999999999996
  0
ARC
  5
21F
330
1F
100
AcDbEntity
  8
0
100
AcDbCircle
 10
53.43831685877581
 20
58.20008588888879
 30
0.0
 40
1.0
100
AcDbArc
 50
359.9999999999996
 51
90.0
  0
ARC
  5
220
330
1F
100
AcDbEntity
  8
0
100
AcDbCircle
 10
53.43831685877574
 20
46.20078588888884
 30
0.0
 40
1.0
100
AcDbArc
 50
270.0
 51
0.0000000000056996
  0
ARC
  5
221
330
1F
100
AcDbEntity
  8
0
100
AcDbCircle
 10
41.43871685877576
 20
46.20078588888884
 30
0.0
 40
1.0
100
AcDbArc
 50
180.0
 51
270.0
  0
LINE
  5
222
330
1F
100
AcDbEntity
  8
0
100
AcDbLine
 10
59.48621685877578
 20
46.20078588888884
 30
0.0
 11
59.48621685877578
 21
58.20008588888902
 31
0.0
  0
LINE
  5
223
330
1F
100
AcDbEntity
  8
0
100
AcDbLine
 10
60.48621685877572
 20
59.20008588888902
 30
0.0
 11
72.48691685877577
 21
59.2000858888888
 31
0.0
  0
LINE
  5
224
330
1F
100
AcDbEntity
  8
0
100
AcDbLine
 10
73.48691685877577
 20
58.20008588888879
 30
0.0
 11
73.48691685877577
 21
46.20078588888884
 31
0.0
  0
LINE
  5
225
330
1F
100
AcDbEntity
  8
0
100
AcDbLine
 10
72.48691685877577
 20
45.20078588888885
 30
0.0
 11
60.48621685877577
 21
45.20078588888885
 31
0.0
  0
ARC
  5
226
330
1F
100
AcDbEntity
  8
0
100
AcDbCircle
 10
60.48621685877577
 20
58.20008588888879
 30
0.0
 40
1.0
100
AcDbArc
 50
90.0
 51
179.9999999999939
  0
ARC
  5
227
330
1F
100
AcDbEntity
  8
0
100
AcDbCircle
 10
72.48691685877577
 20
58.20008588888879
 30
0.0
 40
1.0
100
AcDbArc
 50
0.0
 51
90.0
  0
ARC
  5
228
330
1F
100
AcDbEntity
  8
0
100
AcDbCircle
 10
72.48691685877577
 20
46.20078588888884
 30
0.0
 40
1.0
100
AcDbArc
 50
270.0
 51
359.9999999999996
  0
ARC
  5
229
330
1F
100
AcDbEntity
  8
0
100
AcDbCircle
 10
60.48621685877577
 20
46.20078588888884
 30
0.0
 40
1.0
100
AcDbArc
 50
180.0000000000004
 51
270.0
  0
LINE
  5
22A
330
1F
100
AcDbEntity
  8
0
100
AcDbLine
 10
78.53761685877578
 20
46.20078588888884
 30
0.0
 11
78.53761685877578
 21
58.20008588888879
 31
0.0
  0
LINE
  5
22B
330
1F
100
AcDbEntity
  8
0
100
AcDbLine
 10
79.53761685877577
 20
59.2000858888888
 30
0.0
 11
91.53691685877578
 21
59.2000858888888
 31
0.0
  0
LINE
  5
22C
330
1F
100
AcDbEntity
  8
0
100
AcDbLine
 10
92.53691685877578
 20
58.20008588888879
 30
0.0
 11
92.53691685877575
 21
46.20078588888884
 31
0.0
  0
LINE
  5
22D
330
1F
100
AcDbEntity
  8
0
100
AcDbLine
 10
91.53691685877575
 20
45.20078588888885
 30
0.0
 11
79.53761685877577
 21
45.20078588888885
 31
0.0
  0
ARC
  5
22E
330
1F
100
AcDbEntity
  8
0
100
AcDbCircle
 10
79.53761685877577
 20
58.20008588888879
 30
0.0
 40
1.0
100
AcDbArc
 50
90.0
 51
180.0
  0
ARC
  5
22F
330
1F
100
AcDbEntity
  8
0
100
AcDbCircle
 10
91.53691685877578
 20
58.20008588888879
 30
0.0
 40
1.0
100
AcDbArc
 50
0.0000000000004071
 51
90.0
  0
ARC
  5
230
330
1F
100
AcDbEntity
  8
0
100
AcDbCircle
 10
91.53691685877578
 20
46.20078588888884
 30
0.0
 40
1.0
100
AcDbArc
 50
270.0
 51
0.0000000000004071
  0
ARC
  5
231
330
1F
100
AcDbEntity
  8
0
100
AcDbCircle
 10
79.53761685877577
 20
46.20078588888884
 30
0.0
 40
1.0
100
AcDbArc
 50
179.9999999999996
 51
270.0
  0
LINE
  5
232
330
1F
100
AcDbEntity
  8
0
100
AcDbLine
 10
97.5876168587758
 20
46.20078588888884
 30
0.0
 11
97.5876168587758
 21
58.20008588888879
 31
0.0
  0
LINE
  5
233
330
1F
100
AcDbEntity
  8
0
100
AcDbLine
 10
98.58761685877579
 20
59.2000858888888
 30
0.0
 11
110.5867168587758
 21
59.2000858888888
 31
0.0
  0
LINE
  5
234
330
1F
100
AcDbEntity
  8
0
100
AcDbLine
 10
111.5867168587757
 20
58.20008588888879
 30
0.0
 11
111.5867168587758
 21
46.20078588888884
 31
0.0
  0
LINE
  5
235
330
1F
100
AcDbEntity
  8
0
100
AcDbLine
 10
110.5867168587758
 20
45.20078588888885
 30
0.0
 11
98.58761685877579
 21
45.20078588888885
 31
0.0
  0
ARC
  5
236
330
1F
100
AcDbEntity
  8
0
100
AcDbCircle
 10
98.58761685877579
 20
58.20008588888879
 30
0.0
 40
1.0
100
AcDbArc
 50
90.0
 51
179.9999999999226
  0
ARC
  5
237
330
1F
100
AcDbEntity
  8
0
100
AcDbCircle
 10
110.5867168587757
 20
58.20008588888879
 30
0.0
 40
1.0
100
AcDbArc
 50
0.0000000000004071
 51
90.0
  0
ARC
  5
238
330
1F
100
AcDbEntity
  8
0
100
AcDbCircle
 10
110.5867168587757
 20
46.20078588888884
 30
0.0
 40
1.0
100
AcDbArc
 50
270.0
 51
359.9999999999996
  0
ARC
  5
239
330
1F
100
AcDbEntity
  8
0
100
AcDbCircle
 10
98.58761685877579
 20
46.20078588888884
 30
0.0
 40
1.0
100
AcDbArc
 50
180.0
 51
270.0
  0
LINE
  5
23A
330
1F
100
AcDbEntity
  8
0
100
AcDbLine
 10
116.6357168587758
 20
46.20078588888884
 30
0.0
 11
116.6357168587758
 21
58.20008588888902
 31
0.0
  0
LINE
  5
23B
330
1F
100
AcDbEntity
  8
0
100
AcDbLine
 10
117.6357168587758
 20
59.2000858888888
 30
0.0
 11
129.6387168587757
 21
59.2000858888888
 31
0.0
  0
LINE
  5
23C
330
1F
100
AcDbEntity
  8
0
100
AcDbLine
 10
130.6387168587757
 20
58.20008588888879
 30
0.0
 11
130.6387168587757
 21
46.20078588888884
 31
0.0
  0
LINE
  5
23D
330
1F
100
AcDbEntity
  8
0
100
AcDbLine
 10
129.6387168587757
 20
45.20078588888885
 30
0.0
 11
117.6357168587758
 21
45.20078588888885
 31
0.0
  0
ARC
  5
23E
330
1F
100
AcDbEntity
  8
0
100
AcDbCircle
 10
117.6357168587758
 20
58.20008588888879
 30
0.0
 40
1.0
100
AcDbArc
 50
90.0
 51
179.9999999999935
  0
ARC
  5
23F
330
1F
100
AcDbEntity
  8
0
100
AcDbCircle
 10
129.6387168587757
 20
58.20008588888879
 30
0.0
 40
1.0
100
AcDbArc
 50
0.0
 51
90.0
  0
ARC
  5
240
330
1F
100
AcDbEntity
  8
0
100
AcDbCircle
 10
129.6387168587757
 20
46.20078588888884
 30
0.0
 40
1.0
100
AcDbArc
 50
270.0
 51
0.0
  0
ARC
  5
241
330
1F
100
AcDbEntity
  8
0
100
AcDbCircle
 10
117.6357168587758
 20
46.20078588888884
 30
0.0
 40
1.000000000000014
100
AcDbArc
 50
180.0
 51
270.0
  0
LINE
  5
242
330
1F
100
AcDbEntity
  8
0
100
AcDbLine
 10
135.6877168587757
 20
46.20078588888884
 30
0.0
 11
135.6877168587757
 21
58.20008588888879
 31
0.0
  0
LINE
  5
243
330
1F
100
AcDbEntity
  8
0
100
AcDbLine
 10
136.6877168587757
 20
59.2000858888888
 30
0.0
 11
148.6867168587757
 21
59.2000858888888
 31
0.0
  0
LINE
  5
244
330
1F
100
AcDbEntity
  8
0
100
AcDbLine
 10
149.6867168587757
 20
58.20008588888879
 30
0.0
 11
149.6867168587757
 21
46.20078588888884
 31
0.0
  0
LINE
  5
245
330
1F
100
AcDbEntity
  8
0
100
AcDbLine
 10
148.6867168587757
 20
45.20078588888885
 30
0.0
 11
136.6877168587757
 21
45.20078588888885
 31
0.0
  0
ARC
  5
246
330
1F
100
AcDbEntity
  8
0
100
AcDbCircle
 10
136.6877168587757
 20
58.20008588888879
 30
0.0
 40
1.0
100
AcDbArc
 50
90.0
 51
179.9999999999996
  0
ARC
  5
247
330
1F
100
AcDbEntity
  8
0
100
AcDbCircle
 10
148.6867168587757
 20
58.20008588888879
 30
0.0
 40
1.0
100
AcDbArc
 50
0.0
 51
90.0
  0
ARC
  5
248
330
1F
100
AcDbEntity
  8
0
100
AcDbCircle
 10
148.6867168587757
 20
46.20078588888884
 30
0.0
 40
1.0
100
AcDbArc
 50
270.0
 51
0.0000000000781653
  0
ARC
  5
249
330
1F
100
AcDbEntity
  8
0
100
AcDbCircle
 10
136.6877168587757
 20
46.20078588888884
 30
0.0
 40
1.0
100
AcDbArc
 50
179.9999999999996
 51
270.0
  0
LINE
  5
24A
330
1F
100
AcDbEntity
  8
0
100
AcDbLine
 10
154.7377168587757
 20
46.20078588888884
 30
0.0
 11
154.7377168587757
 21
58.20008588888879
 31
0.0
  0
LINE
  5
24B
330
1F
100
AcDbEntity
  8
0
100
AcDbLine
 10
155.7377168587757
 20
59.2000858888888
 30
0.0
 11
167.7367168587757
 21
59.20008588888902
 31
0.0
  0
LINE
  5
24C
330
1F
100
AcDbEntity
  8
0
100
AcDbLine
 10
168.7367168587757
 20
58.20008588888902
 30
0.0
 11
168.7367168587757
 21
46.20078588888884
 31
0.0
  0
LINE
  5
24D
330
1F
100
AcDbEntity
  8
0
100
AcDbLine
 10
167.7367168587757
 20
45.20078588888885
 30
0.0
 11
155.7377168587757
 21
45.20078588888885
 31
0.0
  0
ARC
  5
24E
330
1F
100
AcDbEntity
  8
0
100
AcDbCircle
 10
155.7377168587757
 20
58.20008588888879
 30
0.0
 40
1.0
100
AcDbArc
 50
90.0
 51
179.9999999999996
  0
ARC
  5
24F
330
1F
100
AcDbEntity
  8
0
100
AcDbCircle
 10
167.7367168587757
 20
58.20008588888879
 30
0.0
 40
1.0
100
AcDbArc
 50
0.0
 51
90.0
  0
ARC
  5
250
330
1F
100
AcDbEntity
  8
0
100
AcDbCircle
 10
167.7367168587757
 20
46.20078588888884
 30
0.0
 40
1.0
100
AcDbArc
 50
270.0
 51
0.0000000000781653
  0
ARC
  5
251
330
1F
100
AcDbEntity
  8
0
100
AcDbCircle
 10
155.7377168587757
 20
46.20078588888884
 30
0.0
 40
1.0
100
AcDbArc
 50
179.9999999999992
 51
270.0
  0
LINE
  5
252
330
1F
100
AcDbEntity
  8
0
100
AcDbLine
 10
173.7887168587757
 20
46.20078588888884
 30
0.0
 11
173.7887168587757
 21
58.20008588888902
 31
0.0
  0
LINE
  5
253
330
1F
100
AcDbEntity
  8
0
100
AcDbLine
 10
174.7887168587757
 20
59.2000858888888
 30
0.0
 11
186.7887168587757
 21
59.2000858888888
 31
0.0
  0
LINE
  5
254
330
1F
100
AcDbEntity
  8
0
100
AcDbLine
 10
187.7887168587757
 20
58.20008588888879
 30
0.0
 11
187.7887168587757
 21
46.20078588888884
 31
0.0
  0
LINE
  5
255
330
1F
100
AcDbEntity
  8
0
100
AcDbLine
 10
186.7887168587757
 20
45.20078588888885
 30
0.0
 11
174.7887168587757
 21
45.20078588888885
 31
0.0
  0
ARC
  5
256
330
1F
100
AcDbEntity
  8
0
100
AcDbCircle
 10
174.7887168587757
 20
58.20008588888879
 30
0.0
 40
1.0
100
AcDbArc
 50
90.0
 51
179.999999999993
  0
ARC
  5
257
330
1F
100
AcDbEntity
  8
0
100
AcDbCircle
 10
186.7887168587757
 20
58.20008588888879
 30
0.0
 40
1.0
100
AcDbArc
 50
0.0
 51
90.0
  0
ARC
  5
258
330
1F
100
AcDbEntity
  8
0
100
AcDbCircle
 10
186.7887168587757
 20
46.20078588888884
 30
0.0
 40
1.0
100
AcDbArc
 50
270.0
 51
0.0000000000777582
  0
ARC
  5
259
330
1F
100
AcDbEntity
  8
0
100
AcDbCircle
 10
174.7887168587757
 20
46.20078588888884
 30
0.0
 40
1.0
100
AcDbArc
 50
180.0000000000004
 51
270.0
  0
LINE
  5
25A
330
1F
100
AcDbEntity
  8
0
100
AcDbLine
 10
192.8377168587757
 20
46.20078588888884
 30
0.0
 11
192.8377168587757
 21
58.20008588888902
 31
0.0
  0
LINE
  5
25B
330
1F
100
AcDbEntity
  8
0
100
AcDbLine
 10
193.8377168587757
 20
59.2000858888888
 30
0.0
 11
205.8367168587757
 21
59.2000858888888
 31
0.0
  0
LINE
  5
25C
330
1F
100
AcDbEntity
  8
0
100
AcDbLine
 10
206.8367168587757
 20
58.20008588888879
 30
0.0
 11
206.8367168587757
 21
46.20078588888884
 31
0.0
  0
LINE
  5
25D
330
1F
100
AcDbEntity
  8
0
100
AcDbLine
 10
205.8367168587757
 20
45.20078588888885
 30
0.0
 11
193.8377168587757
 21
45.20078588888885
 31
0.0
  0
ARC
  5
25E
330
1F
100
AcDbEntity
  8
0
100
AcDbCircle
 10
193.8377168587757
 20
58.20008588888879
 30
0.0
 40
1.0
100
AcDbArc
 50
90.0
 51
180.0000000000004
  0
ARC
  5
25F
330
1F
100
AcDbEntity
  8
0
100
AcDbCircle
 10
205.8367168587757
 20
58.20008588888879
 30
0.0
 40
1.0
100
AcDbArc
 50
0.0
 51
90.0
  0
ARC
  5
260
330
1F
100
AcDbEntity
  8
0
100
AcDbCircle
 10
205.8367168587757
 20
46.20078588888884
 30
0.0
 40
1.0
100
AcDbArc
 50
270.0
 51
0.0
  0
ARC
  5
261
330
1F
100
AcDbEntity
  8
0
100
AcDbCircle
 10
193.8377168587757
 20
46.20078588888884
 30
0.0
 40
1.0
100
AcDbArc
 50
180.0000000000004
 51
270.0
  0
LINE
  5
262
330
1F
100
AcDbEntity
  8
0
100
AcDbLine
 10
211.8887168587757
 20
46.20078588888884
 30
0.0
 11
211.8887168587757
 21
58.20008588888879
 31
0.0
  0
LINE
  5
263
330
1F
100
AcDbEntity
  8
0
100
AcDbLine
 10
212.8887168587758
 20
59.2000858888888
 30
0.0
 11
224.8887168587757
 21
59.2000858888888
 31
0.0
  0
LINE
  5
264
330
1F
100
AcDbEntity
  8
0
100
AcDbLine
 10
225.8887168587757
 20
58.20008588888879
 30
0.0
 11
225.8887168587757
 21
46.20078588888884
 31
0.0
  0
LINE
  5
265
330
1F
100
AcDbEntity
  8
0
100
AcDbLine
 10
224.8887168587757
 20
45.20078588888885
 30
0.0
 11
212.8887168587758
 21
45.20078588888885
 31
0.0
  0
ARC
  5
266
330
1F
100
AcDbEntity
  8
0
100
AcDbCircle
 10
212.8887168587757
 20
58.20008588888879
 30
0.0
 40
1.0
100
AcDbArc
 50
90.0
 51
180.0000000000777
  0
ARC
  5
267
330
1F
100
AcDbEntity
  8
0
100
AcDbCircle
 10
224.8887168587757
 20
58.20008588888879
 30
0.0
 40
1.0
100
AcDbArc
 50
0.0
 51
90.0
  0
ARC
  5
268
330
1F
100
AcDbEntity
  8
0
100
AcDbCircle
 10
224.8887168587757
 20
46.20078588888884
 30
0.0
 40
1.0
100
AcDbArc
 50
270.0
 51
0.0
  0
ARC
  5
269
330
1F
100
AcDbEntity
  8
0
100
AcDbCircle
 10
212.8887168587757
 20
46.20078588888884
 30
0.0
 40
1.0
100
AcDbArc
 50
180.0
 51
270.0
  0
LINE
  5
26A
330
1F
100
AcDbEntity
  8
0
100
AcDbLine
 10
230.9387168587757
 20
46.20078588888884
 30
0.0
 11
230.9387168587757
 21
58.20008588888879
 31
0.0
  0
LINE
  5
26B
330
1F
100
AcDbEntity
  8
0
100
AcDbLine
 10
231.9387168587757
 20
59.2000858888888
 30
0.0
 11
243.9387168587757
 21
59.20008588888902
 31
0.0
  0
LINE
  5
26C
330
1F
100
AcDbEntity
  8
0
100
AcDbLine
 10
244.9387168587757
 20
58.20008588888879
 30
0.0
 11
244.9387168587757
 21
46.20078588888884
 31
0.0
  0
LINE
  5
26D
330
1F
100
AcDbEntity
  8
0
100
AcDbLine
 10
243.9387168587757
 20
45.20078588888885
 30
0.0
 11
231.9387168587757
 21
45.20078588888885
 31
0.0
  0
ARC
  5
26E
330
1F
100
AcDbEntity
  8
0
100
AcDbCircle
 10
231.9387168587757
 20
58.20008588888879
 30
0.0
 40
1.0
100
AcDbArc
 50
90.0
 51
180.0
  0
ARC
  5
26F
330
1F
100
AcDbEntity
  8
0
100
AcDbCircle
 10
243.9387168587757
 20
58.20008588888879
 30
0.0
 40
1.000000000000028
100
AcDbArc
 50
0.0
 51
90.0
  0
ARC
  5
270
330
1F
100
AcDbEntity
  8
0
100
AcDbCircle
 10
243.9387168587757
 20
46.20078588888884
 30
0.0
 40
1.0
100
AcDbArc
 50
270.0
 51
359.9999999999996
  0
ARC
  5
271
330
1F
100
AcDbEntity
  8
0
100
AcDbCircle
 10
231.9387168587757
 20
46.20078588888884
 30
0.0
 40
1.0
100
AcDbArc
 50
180.0000000000008
 51
270.0
  0
LINE
  5
272
330
1F
100
AcDbEntity
  8
0
100
AcDbLine
 10
242.5557168587757
 20
39.1514858888894
 30
0.0
 11
242.5557168587757
 21
27.15068588888937
 31
0.0
  0
ARC
  5
273
330
1F
100
AcDbEntity
  8
0
100
AcDbCircle
 10
241.5557168587757
 20
39.1514858888894
 30
0.0
 40
1.0
100
AcDbArc
 50
359.9999999999996
 51
90.0
  0
ARC
  5
274
330
1F
100
AcDbEntity
  8
0
100
AcDbCircle
 10
241.5557168587757
 20
27.15068588888937
 30
0.0
 40
1.0
100
AcDbArc
 50
270.0
 51
359.9999999999218
  0
LINE
  5
275
330
1F
100
AcDbEntity
  8
0
100
AcDbLine
 10
222.413716858841
 20
26.15068588888892
 30
0.0
 11
241.5557168587757
 21
26.15068588888937
 31
0.0
  0
LINE
  5
276
330
1F
100
AcDbEntity
  8
0
100
AcDbLine
 10
222.4137168587386
 20
40.15148588888894
 30
0.0
 11
241.5557168587757
 21
40.1514858888894
 31
0.0
  0
ARC
  5
277
330
1F
100
AcDbEntity
  8
0
100
AcDbCircle
 10
222.4137168589459
 20
39.15148588872046
 30
0.0
 40
1.000000000170189
100
AcDbArc
 50
90.00000001187462
 51
180.0000002494515
  0
ARC
  5
278
330
1F
100
AcDbEntity
  8
0
100
AcDbCircle
 10
222.4137168588343
 20
27.15068588894599
 30
0.0
 40
1.000000000058633
100
AcDbArc
 50
179.9999999999996
 51
270.0
  0
LINE
  5
279
330
1F
100
AcDbEntity
  8
0
100
AcDbLine
 10
49.96371685877574
 20
27.15068588888892
 30
0.0
 11
49.96371685877574
 21
39.15148588888894
 31
0.0
  0
LINE
  5
27A
330
1F
100
AcDbEntity
  8
0
100
AcDbLine
 10
50.96371685877574
 20
40.15148588888894
 30
0.0
 11
62.96331685877579
 21
40.15148588888894
 31
0.0
  0
LINE
  5
27B
330
1F
100
AcDbEntity
  8
0
100
AcDbLine
 10
63.96331685877578
 20
39.15148588888894
 30
0.0
 11
63.96331685877578
 21
27.15068588888892
 31
0.0
  0
LINE
  5
27C
330
1F
100
AcDbEntity
  8
0
100
AcDbLine
 10
62.96331685877579
 20
26.15068588888892
 30
0.0
 11
50.96371685877574
 21
26.15068588888892
 31
0.0
  0
ARC
  5
27D
330
1F
100
AcDbEntity
  8
0
100
AcDbCircle
 10
50.9637168587758
 20
39.15148588888894
 30
0.0
 40
1.0
100
AcDbArc
 50
90.0
 51
180.0000000000004
  0
ARC
  5
27E
330
1F
100
AcDbEntity
  8
0
100
AcDbCircle
 10
62.96331685877579
 20
39.15148588888894
 30
0.0
 40
1.0
100
AcDbArc
 50
0.0
 51
90.0
  0
ARC
  5
27F
330
1F
100
AcDbEntity
  8
0
100
AcDbCircle
 10
62.96331685877579
 20
27.15068588888892
 30
0.0
 40
1.0
100
AcDbArc
 50
270.0
 51
0.0000000000002036
  0
ARC
  5
280
330
1F
100
AcDbEntity
  8
0
100
AcDbCircle
 10
50.9637168587758
 20
27.15068588888892
 30
0.0
 40
1.0
100
AcDbArc
 50
180.0
 51
270.0
  0
LINE
  5
281
330
1F
100
AcDbEntity
  8
0
100
AcDbLine
 10
69.01371685877577
 20
27.15068588888892
 30
0.0
 11
69.01371685877581
 21
39.15148588888894
 31
0.0
  0
LINE
  5
282
330
1F
100
AcDbEntity
  8
0
100
AcDbLine
 10
70.01371685877581
 20
40.15148588888894
 30
0.0
 11
82.01331685877576
 21
40.15148588888894
 31
0.0
  0
LINE
  5
283
330
1F
100
AcDbEntity
  8
0
100
AcDbLine
 10
83.01331685877576
 20
39.15148588888894
 30
0.0
 11
83.01331685877576
 21
27.15068588888892
 31
0.0
  0
LINE
  5
284
330
1F
100
AcDbEntity
  8
0
100
AcDbLine
 10
82.0133168587758
 20
26.15068588888892
 30
0.0
 11
70.01371685877578
 21
26.15068588888892
 31
0.0
  0
ARC
  5
285
330
1F
100
AcDbEntity
  8
0
100
AcDbCircle
 10
70.01371685877578
 20
39.15148588888894
 30
0.0
 40
1.0
100
AcDbArc
 50
90.0
 51
180.0000000000851
  0
ARC
  5
286
330
1F
100
AcDbEntity
  8
0
100
AcDbCircle
 10
82.01331685877576
 20
39.15148588888894
 30
0.0
 40
1.0
100
AcDbArc
 50
0.0
 51
90.0
  0
ARC
  5
287
330
1F
100
AcDbEntity
  8
0
100
AcDbCircle
 10
82.01331685877576
 20
27.15068588888892
 30
0.0
 40
1.0
100
AcDbArc
 50
270.0
 51
359.9999999999937
  0
ARC
  5
288
330
1F
100
AcDbEntity
  8
0
100
AcDbCircle
 10
70.01371685877578
 20
27.15068588888892
 30
0.0
 40
1.0
100
AcDbArc
 50
179.9999999999998
 51
270.0
  0
LINE
  5
289
330
1F
100
AcDbEntity
  8
0
100
AcDbLine
 10
88.06371685877579
 20
27.15068588888892
 30
0.0
 11
88.06371685877579
 21
39.15148588888894
 31
0.0
  0
LINE
  5
28A
330
1F
100
AcDbEntity
  8
0
100
AcDbLine
 10
89.06371685877578
 20
40.15148588888894
 30
0.0
 11
101.0633168587757
 21
40.15148588888894
 31
0.0
  0
LINE
  5
28B
330
1F
100
AcDbEntity
  8
0
100
AcDbLine
 10
102.0633168587757
 20
39.15148588888894
 30
0.0
 11
102.0633168587757
 21
27.15068588888892
 31
0.0
  0
LINE
  5
28C
330
1F
100
AcDbEntity
  8
0
100
AcDbLine
 10
101.0633168587757
 20
26.15068588888892
 30
0.0
 11
89.06371685877578
 21
26.15068588888892
 31
0.0
  0
ARC
  5
28D
330
1F
100
AcDbEntity
  8
0
100
AcDbCircle
 10
89.06371685877578
 20
39.15148588888894
 30
0.0
 40
1.0
100
AcDbArc
 50
90.0
 51
180.0000000000716
  0
ARC
  5
28E
330
1F
100
AcDbEntity
  8
0
100
AcDbCircle
 10
101.0633168587758
 20
39.15148588888894
 30
0.0
 40
1.0
100
AcDbArc
 50
0.0
 51
90.0
  0
ARC
  5
28F
330
1F
100
AcDbEntity
  8
0
100
AcDbCircle
 10
101.0633168587757
 20
27.15068588888892
 30
0.0
 40
1.0
100
AcDbArc
 50
270.0
 51
359.9999999999998
  0
ARC
  5
290
330
1F
100
AcDbEntity
  8
0
100
AcDbCircle
 10
89.06371685877578
 20
27.15068588888892
 30
0.0
 40
1.0
100
AcDbArc
 50
179.9999999999998
 51
270.0
  0
LINE
  5
291
330
1F
100
AcDbEntity
  8
0
100
AcDbLine
 10
107.1127168587757
 20
27.15068588888892
 30
0.0
 11
107.1127168587757
 21
39.15148588888894
 31
0.0
  0
LINE
  5
292
330
1F
100
AcDbEntity
  8
0
100
AcDbLine
 10
108.1127168587757
 20
40.15148588888894
 30
0.0
 11
120.1117168587757
 21
40.15148588888894
 31
0.0
  0
LINE
  5
293
330
1F
100
AcDbEntity
  8
0
100
AcDbLine
 10
121.1117168587757
 20
39.15148588888894
 30
0.0
 11
121.1117168587757
 21
27.15068588888892
 31
0.0
  0
LINE
  5
294
330
1F
100
AcDbEntity
  8
0
100
AcDbLine
 10
120.1117168587757
 20
26.15068588888892
 30
0.0
 11
108.1127168587757
 21
26.15068588888892
 31
0.0
  0
ARC
  5
295
330
1F
100
AcDbEntity
  8
0
100
AcDbCircle
 10
108.1127168587757
 20
39.15148588888894
 30
0.0
 40
1.0
100
AcDbArc
 50
90.0
 51
180.0000000000069
  0
ARC
  5
296
330
1F
100
AcDbEntity
  8
0
100
AcDbCircle
 10
120.1117168587757
 20
39.15148588888894
 30
0.0
 40
1.0
100
AcDbArc
 50
0.0
 51
90.0
  0
ARC
  5
297
330
1F
100
AcDbEntity
  8
0
100
AcDbCircle
 10
120.1117168587757
 20
27.15068588888892
 30
0.0
 40
1.0
100
AcDbArc
 50
270.0
 51
0.0000000000002036
  0
ARC
  5
298
330
1F
100
AcDbEntity
  8
0
100
AcDbCircle
 10
108.1127168587757
 20
27.15068588888892
 30
0.0
 40
1.0
100
AcDbArc
 50
179.9999999999996
 51
270.0
  0
LINE
  5
299
330
1F
100
AcDbEntity
  8
0
100
AcDbLine
 10
126.1637168587758
 20
27.15068588888892
 30
0.0
 11
126.1637168587758
 21
39.15148588888894
 31
0.0
  0
LINE
  5
29A
330
1F
100
AcDbEntity
  8
0
100
AcDbLine
 10
127.1637168587758
 20
40.15148588888894
 30
0.0
 11
139.1637168587757
 21
40.15148588888894
 31
0.0
  0
LINE
  5
29B
330
1F
100
AcDbEntity
  8
0
100
AcDbLine
 10
140.1637168587757
 20
39.15148588888894
 30
0.0
 11
140.1637168587757
 21
27.15068588888892
 31
0.0
  0
LINE
  5
29C
330
1F
100
AcDbEntity
  8
0
100
AcDbLine
 10
139.1637168587757
 20
26.15068588888892
 30
0.0
 11
127.1637168587758
 21
26.15068588888892
 31
0.0
  0
ARC
  5
29D
330
1F
100
AcDbEntity
  8
0
100
AcDbCircle
 10
127.1637168587758
 20
39.15148588888894
 30
0.0
 40
1.0
100
AcDbArc
 50
90.0
 51
180.0000000000065
  0
ARC
  5
29E
330
1F
100
AcDbEntity
  8
0
100
AcDbCircle
 10
139.1637168587757
 20
39.15148588888894
 30
0.0
 40
1.0
100
AcDbArc
 50
0.0
 51
90.0
  0
ARC
  5
29F
330
1F
100
AcDbEntity
  8
0
100
AcDbCircle
 10
139.1637168587757
 20
27.15068588888892
 30
0.0
 40
1.0
100
AcDbArc
 50
270.0
 51
0.0000000001498168
  0
ARC
  5
2A0
330
1F
100
AcDbEntity
  8
0
100
AcDbCircle
 10
127.1637168587758
 20
27.15068588888892
 30
0.0
 40
1.0
100
AcDbArc
 50
180.0
 51
270.0
  0
LINE
  5
2A1
330
1F
100
AcDbEntity
  8
0
100
AcDbLine
 10
145.2127168587757
 20
27.15068588888892
 30
0.0
 11
145.2127168587757
 21
39.15148588888894
 31
0.0
  0
LINE
  5
2A2
330
1F
100
AcDbEntity
  8
0
100
AcDbLine
 10
146.2127168587757
 20
40.15148588888894
 30
0.0
 11
158.2117168587757
 21
40.15148588888894
 31
0.0
  0
LINE
  5
2A3
330
1F
100
AcDbEntity
  8
0
100
AcDbLine
 10
159.2117168587757
 20
39.15148588888894
 30
0.0
 11
159.2117168587757
 21
27.15068588888892
 31
0.0
  0
LINE
  5
2A4
330
1F
100
AcDbEntity
  8
0
100
AcDbLine
 10
158.2117168587757
 20
26.15068588888892
 30
0.0
 11
146.2127168587757
 21
26.15068588888892
 31
0.0
  0
ARC
  5
2A5
330
1F
100
AcDbEntity
  8
0
100
AcDbCircle
 10
146.2127168587757
 20
39.15148588888894
 30
0.0
 40
1.0
100
AcDbArc
 50
90.0
 51
180.0000000000065
  0
ARC
  5
2A6
330
1F
100
AcDbEntity
  8
0
100
AcDbCircle
 10
158.2117168587757
 20
39.15148588888894
 30
0.0
 40
1.0
100
AcDbArc
 50
0.0
 51
90.0
  0
ARC
  5
2A7
330
1F
100
AcDbEntity
  8
0
100
AcDbCircle
 10
158.2117168587757
 20
27.15068588888892
 30
0.0
 40
1.0
100
AcDbArc
 50
270.0
 51
0.0000000001628444
  0
ARC
  5
2A8
330
1F
100
AcDbEntity
  8
0
100
AcDbCircle
 10
146.2127168587757
 20
27.15068588888892
 30
0.0
 40
1.0
100
AcDbArc
 50
180.0000000000002
 51
270.0
  0
LINE
  5
2A9
330
1F
100
AcDbEntity
  8
0
100
AcDbLine
 10
164.2637168587757
 20
27.15068588888892
 30
0.0
 11
164.2637168587757
 21
39.15148588888894
 31
0.0
  0
LINE
  5
2AA
330
1F
100
AcDbEntity
  8
0
100
AcDbLine
 10
165.2637168587757
 20
40.15148588888894
 30
0.0
 11
177.2637168587757
 21
40.15148588888894
 31
0.0
  0
LINE
  5
2AB
330
1F
100
AcDbEntity
  8
0
100
AcDbLine
 10
178.2637168587757
 20
39.15148588888894
 30
0.0
 11
178.2637168587757
 21
27.15068588888892
 31
0.0
  0
LINE
  5
2AC
330
1F
100
AcDbEntity
  8
0
100
AcDbLine
 10
177.2637168587757
 20
26.15068588888892
 30
0.0
 11
165.2637168587757
 21
26.15068588888892
 31
0.0
  0
ARC
  5
2AD
330
1F
100
AcDbEntity
  8
0
100
AcDbCircle
 10
165.2637168587757
 20
39.15148588888894
 30
0.0
 40
1.0
100
AcDbArc
 50
90.0
 51
180.0000000000785
  0
ARC
  5
2AE
330
1F
100
AcDbEntity
  8
0
100
AcDbCircle
 10
177.2637168587757
 20
39.15148588888894
 30
0.0
 40
1.0
100
AcDbArc
 50
0.0
 51
90.0
  0
ARC
  5
2AF
330
1F
100
AcDbEntity
  8
0
100
AcDbCircle
 10
177.2637168587757
 20
27.15068588888892
 30
0.0
 40
1.0
100
AcDbArc
 50
270.0
 51
0.0000000001563306
  0
ARC
  5
2B0
330
1F
100
AcDbEntity
  8
0
100
AcDbCircle
 10
165.2637168587757
 20
27.15068588888892
 30
0.0
 40
1.0
100
AcDbArc
 50
179.9999999999998
 51
270.0
  0
LINE
  5
2B1
330
1F
100
AcDbEntity
  8
0
100
AcDbLine
 10
183.3137168587757
 20
27.15068588888892
 30
0.0
 11
183.3137168587757
 21
39.15148588888894
 31
0.0
  0
LINE
  5
2B2
330
1F
100
AcDbEntity
  8
0
100
AcDbLine
 10
184.3137168587757
 20
40.15148588888894
 30
0.0
 11
196.3137168587757
 21
40.15148588888894
 31
0.0
  0
LINE
  5
2B3
330
1F
100
AcDbEntity
  8
0
100
AcDbLine
 10
197.3137168587757
 20
39.15148588888894
 30
0.0
 11
197.3137168587756
 21
27.15068588888892
 31
0.0
  0
LINE
  5
2B4
330
1F
100
AcDbEntity
  8
0
100
AcDbLine
 10
196.3137168587756
 20
26.15068588888892
 30
0.0
 11
184.3137168587757
 21
26.15068588888892
 31
0.0
  0
ARC
  5
2B5
330
1F
100
AcDbEntity
  8
0
100
AcDbCircle
 10
184.3137168587757
 20
39.15148588888894
 30
0.0
 40
1.0
100
AcDbArc
 50
90.0
 51
180.0000000000004
  0
ARC
  5
2B6
330
1F
100
AcDbEntity
  8
0
100
AcDbCircle
 10
196.3137168587757
 20
39.15148588888894
 30
0.0
 40
1.0
100
AcDbArc
 50
0.0
 51
90.0
  0
ARC
  5
2B7
330
1F
100
AcDbEntity
  8
0
100
AcDbCircle
 10
196.3137168587757
 20
27.15068588888892
 30
0.0
 40
1.0
100
AcDbArc
 50
270.0
 51
0.000000000163048
  0
ARC
  5
2B8
330
1F
100
AcDbEntity
  8
0
100
AcDbCircle
 10
184.3137168587757
 20
27.15068588888892
 30
0.0
 40
1.0
100
AcDbArc
 50
180.0000000000002
 51
270.0
  0
LINE
  5
2B9
330
1F
100
AcDbEntity
  8
0
100
AcDbLine
 10
202.3627168587757
 20
27.15068588888892
 30
0.0
 11
202.3627168587757
 21
39.15148588888894
 31
0.0
  0
LINE
  5
2BA
330
1F
100
AcDbEntity
  8
0
100
AcDbLine
 10
203.3627168587758
 20
40.15148588888894
 30
0.0
 11
215.3617168587757
 21
40.15148588888894
 31
0.0
  0
LINE
  5
2BB
330
1F
100
AcDbEntity
  8
0
100
AcDbLine
 10
216.3617168587757
 20
39.15148588888894
 30
0.0
 11
216.3617168587756
 21
27.15068588888892
 31
0.0
  0
LINE
  5
2BC
330
1F
100
AcDbEntity
  8
0
100
AcDbLine
 10
215.3617168587757
 20
26.15068588888892
 30
0.0
 11
203.3627168587757
 21
26.15068588888892
 31
0.0
  0
ARC
  5
2BD
330
1F
100
AcDbEntity
  8
0
100
AcDbCircle
 10
203.3627168587757
 20
39.15148588888894
 30
0.0
 40
1.0
100
AcDbArc
 50
90.0
 51
179.9999999999996
  0
ARC
  5
2BE
330
1F
100
AcDbEntity
  8
0
100
AcDbCircle
 10
215.3617168587757
 20
39.15148588888894
 30
0.0
 40
1.0
100
AcDbArc
 50
0.0
 51
90.0
  0
ARC
  5
2BF
330
1F
100
AcDbEntity
  8
0
100
AcDbCircle
 10
215.3617168587757
 20
27.15068588888892
 30
0.0
 40
1.0
100
AcDbArc
 50
270.0
 51
0.0
  0
ARC
  5
2C0
330
1F
100
AcDbEntity
  8
0
100
AcDbCircle
 10
203.3627168587757
 20
27.15068588888892
 30
0.0
 40
1.0
100
AcDbArc
 50
180.0
 51
270.0
  0
LINE
  5
2C1
330
1F
100
AcDbEntity
  8
0
100
AcDbLine
 10
10.48119685865407
 20
59.2000858888888
 30
0.0
 11
27.24451685897594
 21
59.2000858888888
 31
0.0
  0
LINE
  5
2C2
330
1F
100
AcDbEntity
  8
0
100
AcDbLine
 10
10.48119685889043
 20
45.20078588888885
 30
0.0
 11
27.24451685885953
 21
45.20078588888885
 31
0.0
  0
ARC
  5
2C3
330
1F
100
AcDbEntity
  8
0
100
AcDbCircle
 10
10.48119685878498
 20
58.2000858888797
 30
0.0
 40
1.000000000009208
100
AcDbArc
 50
90.00000000750295
 51
180.000000157567
  0
ARC
  5
2C4
330
1F
100
AcDbEntity
  8
0
100
AcDbCircle
 10
10.48119685897245
 20
46.20078588908529
 30
0.0
 40
1.000000000196493
100
AcDbArc
 50
180.0
 51
270.0
  0
ARC
  5
2C5
330
1F
100
AcDbEntity
  8
0
100
AcDbCircle
 10
27.24451685891978
 20
46.20078588874491
 30
0.0
 40
0.9999999998561861
100
AcDbArc
 50
269.9999999965487
 51
359.9999999339971
  0
ARC
  5
2C6
330
1F
100
AcDbEntity
  8
0
100
AcDbCircle
 10
27.24451685911845
 20
58.20008588923144
 30
0.0
 40
0.999999999657291
100
AcDbArc
 50
0.0000000000004071
 51
90.0
  0
ARC
  5
2C7
330
1F
100
AcDbEntity
  8
0
100
AcDbCircle
 10
10.48119685894943
 20
39.15148588871545
 30
0.0
 40
1.000000000173713
100
AcDbArc
 50
90.00000002081639
 51
180.0000004371639
  0
ARC
  5
2C8
330
1F
100
AcDbEntity
  8
0
100
AcDbCircle
 10
43.91191685858092
 20
39.15148588869408
 30
0.0
 40
1.000000000194901
100
AcDbArc
 50
0.0
 51
90.0
  0
LINE
  5
2C9
330
1F
100
AcDbEntity
  8
0
100
AcDbLine
 10
10.48119685858614
 20
40.15148588888894
 30
0.0
 11
43.91191685898718
 21
40.15148588888894
 31
0.0
  0
ARC
  5
2CA
330
1F
100
AcDbEntity
  8
0
100
AcDbCircle
 10
11.31480709251406
 20
25.13650031741702
 30
0.0
 40
1.000000000032258
100
AcDbArc
 50
180.0000000000002
 51
270.0
  0
ARC
  5
2CB
330
1F
100
AcDbEntity
  8
0
100
AcDbCircle
 10
17.44215398911683
 20
25.1365003174227
 30
0.0
 40
1.000000000038085
100
AcDbArc
 50
270.0000000009317
 51
0.0000000117378243
  0
ARC
  5
2CC
330
1F
100
AcDbEntity
  8
0
100
AcDbCircle
 10
34.99498335144972
 20
25.13650031731902
 30
0.0
 40
0.9999999999343742
100
AcDbArc
 50
180.0
 51
270.0
  0
ARC
  5
2CD
330
1F
100
AcDbEntity
  8
0
100
AcDbCircle
 10
41.12233024822444
 20
25.13650031734881
 30
0.0
 40
0.9999999999639612
100
AcDbArc
 50
269.9999999991553
 51
359.9999999821672
  0
ARC
  5
2CE
330
1F
100
AcDbEntity
  8
0
100
AcDbCircle
 10
43.911916858979
 20
27.15090503585987
 30
0.0
 40
0.9999999997972963
100
AcDbArc
 50
269.9999999951525
 51
359.9999999058031
  0
ARC
  5
2CF
330
1F
100
AcDbEntity
  8
0
100
AcDbCircle
 10
255.7487168586126
 20
96.30148588905207
 30
0.0
 40
0.9999999998368593
100
AcDbArc
 50
89.99999999057131
 51
179.9999998019356
  0
ARC
  5
2D0
330
1F
100
AcDbEntity
  8
0
100
AcDbCircle
 10
286.7997168588379
 20
96.30148588895862
 30
0.0
 40
0.9999999999376996
100
AcDbArc
 50
0.0
 51
90.0
  0
ARC
  5
2D1
330
1F
100
AcDbEntity
  8
0
100
AcDbCircle
 10
262.5859284451065
 20
82.28660031727111
 30
0.0
 40
0.9999999998929069
100
AcDbArc
 50
269.9999999920044
 51
359.9999998322173
  0
ARC
  5
2D2
330
1F
100
AcDbEntity
  8
0
100
AcDbCircle
 10
256.4585815483134
 20
82.28660031736865
 30
0.0
 40
0.9999999999871533
100
AcDbArc
 50
179.9999999999992
 51
270.0
  0
LINE
  5
2D3
330
1F
100
AcDbEntity
  8
0
100
AcDbLine
 10
255.7487168587771
 20
97.30148588888903
 30
0.0
 11
286.7997168587717
 21
97.30148588889631
 31
0.0
  0
ARC
  5
2D4
330
1F
100
AcDbEntity
  8
0
100
AcDbCircle
 10
270.0377168588321
 20
77.25148588883633
 30
0.0
 40
1.000000000052637
100
AcDbArc
 50
90.00000000093473
 51
180.0000000103772
  0
ARC
  5
2D5
330
1F
100
AcDbEntity
  8
0
100
AcDbCircle
 10
270.0377168587092
 20
65.25078588881786
 30
0.0
 40
0.9999999999334931
100
AcDbArc
 50
180.0
 51
270.0
  0
ARC
  5
2D6
330
1F
100
AcDbEntity
  8
0
100
AcDbCircle
 10
270.37541685901
 20
63.25078588911958
 30
0.0
 40
0.9999999997693294
100
AcDbArc
 50
0.0
 51
90.0
  0
ARC
  5
2D7
330
1F
100
AcDbEntity
  8
0
100
AcDbCircle
 10
270.375416859196
 20
60.20008588846952
 30
0.0
 40
0.9999999995806092
100
AcDbArc
 50
269.9999999901089
 51
359.9999998160543
  0
ARC
  5
2D8
330
1F
100
AcDbEntity
  8
0
100
AcDbCircle
 10
277.5058297357999
 20
44.1866003174108
 30
0.0
 40
1.000000000023476
100
AcDbArc
 50
180.0
 51
270.0
  0
ARC
  5
2D9
330
1F
100
AcDbEntity
  8
0
100
AcDbCircle
 10
259.7136198322179
 20
44.18821946449191
 30
0.0
 40
0.9999999999325837
100
AcDbArc
 50
269.9999999996743
 51
359.9999999932847
  0
ARC
  5
2DA
330
1F
100
AcDbEntity
  8
0
100
AcDbCircle
 10
253.5862729354025
 20
44.1882194644894
 30
0.0
 40
0.9999999999311057
100
AcDbArc
 50
179.9999999999996
 51
270.0
  0
ARC
  5
2DB
330
1F
100
AcDbEntity
  8
0
100
AcDbCircle
 10
248.6047168589546
 20
39.15148588870613
 30
0.0
 40
1.000000000178943
100
AcDbArc
 50
90.00000001699607
 51
180.0000003570884
  0
ARC
  5
2DC
330
1F
100
AcDbEntity
  8
0
100
AcDbCircle
 10
286.7997168591206
 20
39.15148588922523
 30
0.0
 40
0.9999999996636574
100
AcDbArc
 50
359.9999999999996
 51
90.0
  0
ARC
  5
2DD
330
1F
100
AcDbEntity
  8
0
100
AcDbCircle
 10
286.7997168592232
 20
27.15068588844372
 30
0.0
 40
0.9999999995524149
100
AcDbArc
 50
269.9999999818266
 51
359.9999996183837
  0
LINE
  5
2DE
330
1F
100
AcDbEntity
  8
0
 62
     0
100
AcDbLine
 10
247.6047168587757
 20
27.15078588854737
 30
0.0
 11
247.6047168587757
 21
39.15148588870613
 31
0.0
  0
LINE
  5
2DF
330
1F
100
AcDbEntity
  8
0
  6
ByBlock
100
AcDbLine
 10
248.3145815483263
 20
25.13660031702273
 30
0.0
 11
248.3145815483263
 21
25.62250105472561
 31
0.0
  0
LINE
  5
2E0
330
1F
100
AcDbEntity
  8
0
  6
ByBlock
100
AcDbLine
 10
249.3145815482182
 20
24.13660031703887
 30
0.0
 11
255.4419284448481
 21
24.13660031703887
 31
0.0
  0
ARC
  5
2E1
330
1F
100
AcDbEntity
  8
0
100
AcDbCircle
 10
249.3145815483135
 20
25.13660031702273
 30
0.0
 40
0.9999999999871818
100
AcDbArc
 50
180.0
 51
270.0
  0
LINE
  5
2E2
330
1F
100
AcDbEntity
  8
0
 62
     0
100
AcDbLine
 10
247.6047168586565
 20
26.15100503605879
 30
0.0
 11
247.6047168586565
 21
39.15148588904833
 31
0.0
  0
LINE
  5
2E3
330
1F
100
AcDbEntity
  8
0
  6
ByBlock
100
AcDbLine
 10
248.314581548207
 20
25.1366003173647
 30
0.0
 11
248.314581548207
 21
25.62250105506758
 31
0.0
  0
LINE
  5
2E4
330
1F
100
AcDbEntity
  8
0
  6
ByBlock
100
AcDbLine
 10
256.4419284448803
 20
26.15100503605879
 30
0.0
 11
271.8326684300044
 21
26.15100503605879
 31
0.0
  0
LINE
  5
2E5
330
1F
100
AcDbEntity
  8
0
100
AcDbLine
 10
271.8326684300044
 20
25.13446940503934
 30
0.0
 11
271.8326684300044
 21
25.15100503584324
 31
0.0
  0
LINE
  5
2E6
330
1F
100
AcDbEntity
  8
0
100
AcDbLine
 10
272.8326684300044
 20
24.13446940503934
 30
0.0
 11
278.9600153266776
 21
24.13446940503934
 31
0.0
  0
LINE
  5
2E7
330
1F
100
AcDbEntity
  8
0
100
AcDbLine
 10
279.9600153266776
 20
25.13446940503934
 30
0.0
 11
279.9600153266776
 21
25.14887412371729
 31
0.0
  0
ARC
  5
2E8
330
1F
100
AcDbEntity
  8
0
100
AcDbCircle
 10
272.8326684300045
 20
25.13446940503934
 30
0.0
 40
1.0
100
AcDbArc
 50
179.9999999999998
 51
270.0
  0
ARC
  5
2E9
330
1F
100
AcDbEntity
  8
0
100
AcDbCircle
 10
278.9600153266777
 20
25.13446940503934
 30
0.0
 40
1.0
100
AcDbArc
 50
270.0
 51
359.9999999999998
  0
ARC
  5
2EA
330
1F
100
AcDbEntity
  8
0
100
AcDbCircle
 10
248.6047168584933
 20
39.15148588904833
 30
0.0
 40
0.9999999998368593
100
AcDbArc
 50
89.99999999056479
 51
179.9999998019547
  0
ARC
  5
2EB
330
1F
100
AcDbEntity
  8
0
100
AcDbCircle
 10
255.4419284449873
 20
25.13660031726738
 30
0.0
 40
0.9999999998929069
100
AcDbArc
 50
269.9999999920288
 51
359.999999832622
  0
LINE
  5
2EC
330
1F
100
AcDbEntity
  8
0
100
AcDbLine
 10
248.6047168586579
 20
40.15148588888507
 30
0.0
 11
279.6557168586525
 21
40.15148588889258
 31
0.0
  0
LINE
  5
2ED
330
1F
100
AcDbEntity
  8
0
100
AcDbLine
 10
279.9600153266776
 20
25.14887412371729
 30
0.0
 11
279.9600153266776
 21
25.15068588905626
 31
0.0
  0
LINE
  5
2EE
330
1F
100
AcDbEntity
  8
0
100
AcDbLine
 10
279.9600153266776
 20
26.15068588888926
 30
0.0
 11
286.7997168589061
 21
26.15068588889119
 31
0.0
  0
ARC
  5
2EF
330
1F
100
AcDbEntity
  8
0
100
AcDbCircle
 10
202.2247168588859
 20
21.55816356527964
 30
0.0
 40
1.000000000110162
100
AcDbArc
 50
89.99999999803772
 51
179.9999999588119
  0
ARC
  5
2F0
330
1F
100
AcDbEntity
  8
0
100
AcDbCircle
 10
206.9737168588173
 20
21.5581635654313
 30
0.0
 40
0.9999999999556621
100
AcDbArc
 50
0.0
 51
90.0
  0
LINE
  5
2F1
330
1F
100
AcDbEntity
  8
细实线层
100
AcDbLine
 10
82.34318685916759
 20
7.102125888856676
 30
0.0
 11
93.66075916420475
 21
7.102125888856676
 31
0.0
  0
LINE
  5
2F2
330
1F
100
AcDbEntity
  8
细实线层
100
AcDbLine
 10
129.5436968589996
 20
7.100675888856017
 30
0.0
 11
153.4506968589997
 21
7.100675888856017
 31
0.0
  0
LWPOLYLINE
  5
2F3
330
1F
100
AcDbEntity
  8
细实线层
100
AcDbPolyline
 90
        8
 70
     1
 43
0.0
 10
26.00226876757944
 20
20.10158588891034
 10
26.00226876757944
 20
8.102125889056082
 42
-0.4142135623741196
 10
25.0022687673906
 20
7.102125888870546
 10
10.48119685902605
 20
7.102125888893965
 42
-0.4142135623805422
 10
9.48119685901355
 20
8.102125888988553
 10
9.481196858997975
 20
20.10158588883667
 42
-0.414213562433406
 10
10.48119685925638
 20
21.10158588888919
 10
25.00226876759695
 20
21.10158588891557
 42
-0.4142135623664644
  0
LWPOLYLINE
  5
2F4
330
1F
100
AcDbEntity
  8
细实线层
100
AcDbPolyline
 90
        8
 70
     1
 43
0.0
 10
54.62850449885792
 20
20.10158588885236
 10
54.62850449885792
 20
8.1021258890554
 42
-0.4142135623600887
 10
53.62850449874333
 20
7.102125888896466
 10
34.29228685905804
 20
7.102125888894192
 42
-0.4142135623260807
 10
33.29228685900279
 20
8.102125888814157
 10
33.29228685899778
 20
20.10158588917432
 42
-0.4142135625408959
 10
34.29228685928098
 20
21.10158588888487
 10
53.62850449895024
 20
21.10158588888237
 42
-0.4142135623371906
  0
LWPOLYLINE
  5
2F5
330
1F
100
AcDbEntity
  8
细实线层
100
AcDbPolyline
 90
       14
 70
     1
 43
0.0
 10
65.31806065268558
 20
21.10158588889305
 10
65.31806065268558
 20
22.00803600575262
 42
-0.4142135623730951
 10
66.51806065268562
 20
23.20803600575175
 10
71.27287139923379
 20
23.20803600575175
 42
-0.4142135623730951
 10
72.47287139923384
 20
22.00803600575284
 10
72.47287139923384
 20
21.10158588889328
 10
72.56763277650003
 20
21.10158588889328
 42
-0.4142135622743969
 10
73.56763277658098
 20
20.10158588906768
 10
73.56763277656575
 20
8.102125889036983
 42
-0.414213562295205
 10
72.56763277666488
 20
7.102125888870318
 10
58.10628685901298
 20
7.102125888893965
 42
-0.4142135623845772
 10
57.1062868589932
 20
8.102125888930345
 10
57.10628685899798
 20
20.10158588875845
 42
-0.414213562316497
 10
58.10628685893681
 20
21.10158588889078
  0
LWPOLYLINE
  5
2F6
330
1F
100
AcDbEntity
  8
细实线层
100
AcDbPolyline
 90
       14
 70
     1
 43
0.0
 10
117.03056859389
 20
23.03717495717876
 10
106.5135283657242
 20
23.03717495717876
 42
0.4142135623730951
 10
105.3135283657241
 20
21.83717495717804
 10
105.3135283657241
 20
21.10158588889328
 10
94.38406829330261
 20
21.10158588889328
 10
94.38406829330261
 20
21.83717495717804
 42
0.4142135623730951
 10
93.18406829330257
 20
23.03717495717876
 10
82.54318685899789
 20
23.03717495717876
 42
0.4142135623730951
 10
81.34318685899785
 20
21.83717495717804
 10
81.34318685899774
 20
8.102125888979458
 42
0.4142135623304706
 10
82.34318685892374
 20
7.102125888908062
 10
117.2305685939977
 20
7.102125888894647
 42
0.4142135624551465
 10
118.2305685938932
 20
8.102125888872137
 10
118.23056859389
 20
21.83717495717804
 42
0.4142135623730951
  0
LINE
  5
2F7
330
1F
100
AcDbEntity
  8
0
100
AcDbLine
 10
287.7990968589966
 20
20.10158588913521
 30
0.0
 11
287.7990968589966
 21
8.100675888740511
 31
0.0
  0
LINE
  5
2F8
330
1F
100
AcDbEntity
  8
0
100
AcDbLine
 10
197.6000968589966
 20
8.102055889384359
 30
0.0
 11
197.6000968589966
 21
20.10158588885941
 31
0.0
  0
LINE
  5
2F9
330
1F
100
AcDbEntity
  8
0
100
AcDbLine
 10
198.6000968589311
 20
21.10158588888714
 30
0.0
 11
201.2247168587757
 21
21.10158588888714
 31
0.0
  0
ARC
  5
2FA
330
1F
100
AcDbEntity
  8
0
100
AcDbCircle
 10
286.375431287136
 20
76.55223802385115
 30
0.0
 40
1.000000000136822
100
AcDbArc
 50
0.0
 51
90.0
  0
LINE
  5
2FB
330
1F
100
AcDbEntity
  8
0
100
AcDbLine
 10
270.0377168588159
 20
78.25148588888885
 30
0.0
 11
285.2661111313785
 21
78.25148588888885
 31
0.0
  0
LINE
  5
2FC
330
1F
100
AcDbEntity
  8
0
 62
     0
100
AcDbLine
 10
269.0377168587757
 20
65.25078588881786
 30
0.0
 11
269.0377168587757
 21
77.25148588882177
 31
0.0
  0
LINE
  5
2FD
330
1F
100
AcDbEntity
  8
0
100
AcDbLine
 10
286.3754312875025
 20
77.55223802398802
 30
0.0
 11
285.2661111313784
 21
77.55223802398802
 31
0.0
  0
LINE
  5
2FE
330
1F
100
AcDbEntity
  8
0
100
AcDbLine
 10
285.2661111313785
 20
78.25148588888885
 30
0.0
 11
285.2661111313785
 21
77.55223802398802
 31
0.0
  0
LINE
  5
2FF
330
1F
100
AcDbEntity
  8
0
100
AcDbLine
 10
287.3754312872716
 20
76.55223802416469
 30
0.0
 11
287.3754312872716
 21
70.424891127249
 31
0.0
  0
LINE
  5
300
330
1F
100
AcDbEntity
  8
0
100
AcDbLine
 10
287.3754312872715
 20
53.44841252008802
 30
0.0
 11
287.3754312872715
 21
47.3815732701031
 31
0.0
  0
ARC
  5
301
330
1F
100
AcDbEntity
  8
0
100
AcDbCircle
 10
286.3754312873198
 20
70.42489112727105
 30
0.0
 40
0.9999999999562305
100
AcDbArc
 50
269.9999999991662
 51
359.9999999870474
  0
ARC
  5
302
330
1F
100
AcDbEntity
  8
0
100
AcDbCircle
 10
286.3754312871281
 20
53.44841251989862
 30
0.0
 40
1.000000000145917
100
AcDbArc
 50
0.0
 51
90.0
  0
ARC
  5
303
330
1F
100
AcDbEntity
  8
0
100
AcDbCircle
 10
286.375431287283
 20
47.3815732701031
 30
0.0
 40
0.9999999999884039
100
AcDbArc
 50
269.999999984279
 51
359.9999997798698
  0
LINE
  5
304
330
1F
100
AcDbEntity
  8
0
100
AcDbLine
 10
276.5058297357764
 20
44.1866003174108
 30
0.0
 11
276.5058297357764
 21
45.2010050360626
 31
0.0
  0
LINE
  5
305
330
1F
100
AcDbEntity
  8
0
100
AcDbLine
 10
260.7136198321505
 20
44.18821946449191
 30
0.0
 11
260.7136198321505
 21
45.20262418323625
 31
0.0
  0
LINE
  5
306
330
1F
100
AcDbEntity
  8
0
100
AcDbLine
 10
252.5862729354772
 20
44.1882194644894
 30
0.0
 11
252.5862729354772
 21
45.20262418323625
 31
0.0
  0
LINE
  5
307
330
1F
100
AcDbEntity
  8
剖面线层
 62
     0
100
AcDbLine
 10
250.9877168587892
 20
45.19938588888897
 30
0.0
 11
252.5862729354772
 21
45.19938588888897
 31
0.0
  0
LINE
  5
308
330
1F
100
AcDbEntity
  8
剖面线层
 62
     0
100
AcDbLine
 10
260.7136198321505
 20
45.19938588888897
 30
0.0
 11
276.5058297357764
 21
45.19938588888897
 31
0.0
  0
LINE
  5
309
330
1F
100
AcDbEntity
  8
剖面线层
 62
     0
100
AcDbLine
 10
275.8937168588775
 20
45.19938588888897
 30
0.0
 11
275.8937168588775
 21
45.2010050360626
 31
0.0
  0
LINE
  5
30A
330
1F
100
AcDbEntity
  8
0
100
AcDbLine
 10
260.7136198321505
 20
59.2000858888888
 30
0.0
 11
270.3754168590233
 21
59.2000858888888
 31
0.0
  0
LINE
  5
30B
330
1F
100
AcDbEntity
  8
0
 62
     0
100
AcDbLine
 10
249.9877168587757
 20
46.1993858888303
 30
0.0
 11
249.9877168587757
 21
58.20008588888015
 31
0.0
  0
ARC
  5
30C
330
1F
100
AcDbEntity
  8
0
100
AcDbCircle
 10
250.987716858784
 20
58.20008588888015
 30
0.0
 40
1.000000000008185
100
AcDbArc
 50
90.00000000100639
 51
180.0000000140669
  0
ARC
  5
30D
330
1F
100
AcDbEntity
  8
0
100
AcDbCircle
 10
250.9877168587173
 20
46.1993858888303
 30
0.0
 40
0.9999999999415649
100
AcDbArc
 50
180.0
 51
270.0
  0
LINE
  5
30E
330
1F
100
AcDbEntity
  8
0
100
AcDbLine
 10
285.3754312872716
 20
46.38157327011469
 30
0.0
 11
285.3754312872716
 21
44.18660031689921
 31
0.0
  0
LINE
  5
30F
330
1F
100
AcDbEntity
  8
0
100
AcDbLine
 10
286.3754312870087
 20
46.38157327011469
 30
0.0
 11
285.3754312872716
 21
46.38157327011469
 31
0.0
  0
LINE
  5
310
330
1F
100
AcDbEntity
  8
0
100
AcDbLine
 10
10.31480709248177
 20
25.52606625852206
 30
0.0
 11
10.31480709248177
 21
26.15068588888892
 31
0.0
  0
ARC
  5
311
330
1F
100
AcDbEntity
  8
0
100
AcDbCircle
 10
288.7998200464471
 20
98.30147040713098
 30
0.0
 40
1.999999999974477
100
AcDbArc
 50
0.0
 51
90.0
  0
ARC
  5
312
330
1F
100
AcDbEntity
  8
0
100
AcDbCircle
 10
288.7998200468482
 20
6.102259644266496
 30
0.0
 40
1.999999999575704
100
AcDbArc
 50
270.000561192776
 51
0.0000000153300446
  0
ARC
  5
313
330
1F
100
AcDbEntity
  8
0
100
AcDbCircle
 10
6.100000000119621
 20
98.30147040698534
 30
0.0
 40
2.000000000119712
100
AcDbArc
 50
90.00000000141445
 51
180.0000000172395
  0
ARC
  5
314
330
1F
100
AcDbEntity
  8
0
100
AcDbCircle
 10
6.100000000318686
 20
6.099490668717407
 30
0.0
 40
2.000000000318663
100
AcDbArc
 50
180.0
 51
270.0005611888403
  0
ARC
  5
315
330
1F
100
AcDbEntity
  8
0
100
AcDbCircle
 10
284.3754312877596
 20
44.18660031689921
 30
0.0
 40
0.9999999995119424
100
AcDbArc
 50
269.9999999693885
 51
359.9999996019594
  0
LINE
  5
316
330
1F
100
AcDbEntity
  8
0
100
AcDbLine
 10
286.3754312873055
 20
69.42489112731482
 30
0.0
 11
285.3754312872716
 21
69.42489112731482
 31
0.0
  0
LINE
  5
317
330
1F
100
AcDbEntity
  8
0
100
AcDbLine
 10
286.3754312871281
 20
54.44841252004448
 30
0.0
 11
285.3754312872715
 21
54.44841252004448
 31
0.0
  0
LINE
  5
318
330
1F
100
AcDbEntity
  8
0
100
AcDbLine
 10
271.8326684300044
 20
25.15100503584324
 30
0.0
 11
271.8326684300044
 21
26.15100503605879
 31
0.0
  0
LINE
  5
319
330
1F
100
AcDbEntity
  8
0
100
AcDbLine
 10
279.9600153266776
 20
25.14887412371729
 30
0.0
 11
279.9600153266776
 21
26.15068588888926
 31
0.0
  0
LINE
  5
31A
330
1F
100
AcDbEntity
  8
0
100
AcDbLine
 10
248.3145815483263
 20
26.15100503605879
 30
0.0
 11
247.6047168586565
 21
26.15100503605879
 31
0.0
  0
LINE
  5
31B
330
1F
100
AcDbEntity
  8
0
100
AcDbLine
 10
248.3145815483263
 20
25.62250105472561
 30
0.0
 11
248.3145815483263
 21
26.15100503605879
 31
0.0
  0
LINE
  5
31C
330
1F
100
AcDbEntity
  8
0
100
AcDbLine
 10
256.4419284448803
 20
25.13660031615393
 30
0.0
 11
256.4419284448803
 21
26.15100503605879
 31
0.0
  0
LINE
  5
31D
330
1F
100
AcDbEntity
  8
0
100
AcDbLine
 10
255.4585815483262
 20
83.30100503606251
 30
0.0
 11
254.7487168587756
 21
83.30100503606251
 31
0.0
  0
LINE
  5
31E
330
1F
100
AcDbEntity
  8
0
100
AcDbLine
 10
255.4585815483262
 20
82.77250105507153
 30
0.0
 11
255.4585815483262
 21
83.30100503606251
 31
0.0
  0
LINE
  5
31F
330
1F
100
AcDbEntity
  8
0
100
AcDbLine
 10
263.5859284449995
 20
82.30100503596361
 30
0.0
 11
263.5859284449995
 21
83.30100503606251
 31
0.0
  0
LINE
  5
320
330
1F
100
AcDbEntity
  8
0
100
AcDbLine
 10
287.1040153267968
 20
83.30100503606251
 30
0.0
 11
287.7997168587756
 21
83.30100503606251
 31
0.0
  0
LINE
  5
321
330
1F
100
AcDbEntity
  8
0
100
AcDbLine
 10
278.9766684301237
 20
82.28446940504307
 30
0.0
 11
278.9766684301237
 21
83.30100503606251
 31
0.0
  0
LINE
  5
322
330
1F
100
AcDbEntity
  8
0
100
AcDbLine
 10
287.1040153267968
 20
82.28446940504307
 30
0.0
 11
287.1040153267968
 21
83.30100503606251
 31
0.0
  0
LINE
  5
323
330
1F
100
AcDbEntity
  8
0
100
AcDbLine
 10
18.44215398915503
 20
25.13650031728787
 30
0.0
 11
18.44215398915503
 21
26.15090503606268
 31
0.0
  0
LINE
  5
324
330
1F
100
AcDbEntity
  8
0
100
AcDbLine
 10
33.99498335151532
 20
25.150905036052
 30
0.0
 11
33.99498335151532
 21
26.15090503606268
 31
0.0
  0
LINE
  5
325
330
1F
100
AcDbEntity
  8
0
100
AcDbLine
 10
9.481196858775774
 20
26.15068588888892
 30
0.0
 11
10.31480709248177
 21
26.15068588888892
 31
0.0
  0
LINE
  5
326
330
1F
100
AcDbEntity
  8
0
100
AcDbLine
 10
43.91191685889441
 20
26.15090503606245
 30
0.0
 11
42.12233024818852
 21
26.15090503606245
 31
0.0
  0
LINE
  5
327
330
1F
100
AcDbEntity
  8
0
100
AcDbLine
 10
42.12233024818852
 20
25.13650031734608
 30
0.0
 11
42.12233024818852
 21
26.15090503606245
 31
0.0
  0
CIRCLE
  5
328
330
1F
100
AcDbEntity
  8
0
100
AcDbCircle
 10
52.20046685877576
 20
102.1014704071051
 30
0.0
 40
1.299999999999999
  0
LINE
  5
329
330
1F
100
AcDbEntity
  8
0
100
AcDbLine
 10
46.30046685877579
 20
100.3014704071051
 30
0.0
 11
50.20046685877577
 21
104.4014704071051
 31
0.0
  0
LINE
  5
32A
330
1F
100
AcDbEntity
  8
0
100
AcDbLine
 10
58.1004668587758
 20
100.3014704071051
 30
0.0
 11
54.20046685877577
 21
104.4014704071051
 31
0.0
  0
LINE
  5
32B
330
1F
100
AcDbEntity
  8
0
100
AcDbLine
 10
54.20046685877577
 20
104.4014704071051
 30
0.0
 11
50.20046685877577
 21
104.4014704071051
 31
0.0
  0
CIRCLE
  5
32C
330
1F
100
AcDbEntity
  8
0
100
AcDbCircle
 10
52.20046685877576
 20
2.300000000000068
 30
0.0
 40
1.299999999999999
  0
CIRCLE
  5
32D
330
1F
100
AcDbEntity
  8
0
100
AcDbCircle
 10
2.299999999999954
 20
52.20043588888882
 30
0.0
 40
1.299999999999999
  0
CIRCLE
  5
32E
330
1F
100
AcDbEntity
  8
0
100
AcDbCircle
 10
292.5998200464229
 20
52.20043588888882
 30
0.0
 40
1.299999999999999
  0
CIRCLE
  5
32F
330
1F
100
AcDbEntity
  8
0
100
AcDbCircle
 10
147.4502168587757
 20
102.1014704071052
 30
0.0
 40
1.299999999999999
  0
CIRCLE
  5
330
330
1F
100
AcDbEntity
  8
0
100
AcDbCircle
 10
242.7002168587756
 20
102.1014704071053
 30
0.0
 40
1.299999999999999
  0
CIRCLE
  5
331
330
1F
100
AcDbEntity
  8
0
100
AcDbCircle
 10
147.4502168587757
 20
2.300817369434071
 30
0.0
 40
1.299999999999999
  0
CIRCLE
  5
332
330
1F
100
AcDbEntity
  8
0
100
AcDbCircle
 10
242.7002168587756
 20
2.301865897762127
 30
0.0
 40
1.299999999999999
  0
LINE
  5
333
330
1F
100
AcDbEntity
  8
0
100
AcDbLine
 10
6.100000000070281
 20
100.301470407105
 30
0.0
 11
46.30046685877579
 21
100.301470407105
 31
0.0
  0
LINE
  5
334
330
1F
100
AcDbEntity
  8
0
100
AcDbLine
 10
58.1004668587758
 20
100.301470407105
 30
0.0
 11
141.5502168587758
 21
100.3014704071053
 31
0.0
  0
LINE
  5
335
330
1F
100
AcDbEntity
  8
0
100
AcDbLine
 10
153.3502168587758
 20
100.3014704071053
 30
0.0
 11
236.8002168587757
 21
100.3014704071054
 31
0.0
  0
LINE
  5
336
330
1F
100
AcDbEntity
  8
0
100
AcDbLine
 10
248.6002168587757
 20
100.3014704071054
 30
0.0
 11
288.7998200464415
 21
100.3014704071055
 31
0.0
  0
LINE
  5
337
330
1F
100
AcDbEntity
  8
0
100
AcDbLine
 10
4.100000000000022
 20
58.1004358888888
 30
0.0
 11
4.100000000000022
 21
98.30147040702378
 31
0.0
  0
LINE
  5
338
330
1F
100
AcDbEntity
  8
0
100
AcDbLine
 10
4.100000000000022
 20
6.099490668480029
 30
0.0
 11
4.100000000000022
 21
46.30043588888873
 31
0.0
  0
LINE
  5
339
330
1F
100
AcDbEntity
  8
0
100
AcDbLine
 10
46.30046685990788
 20
4.099884422142622
 30
0.0
 11
6.100019589742146
 21
4.099490668494695
 31
0.0
  0
LINE
  5
33A
330
1F
100
AcDbEntity
  8
0
100
AcDbLine
 10
141.5502168587757
 20
4.100817370382628
 30
0.0
 11
58.10046685877575
 21
4.100000000285717
 31
0.0
  0
LINE
  5
33B
330
1F
100
AcDbEntity
  8
0
100
AcDbLine
 10
288.7998396361716
 20
4.102259644786727
 30
0.0
 11
248.6002168587756
 21
4.101865899214544
 31
0.0
  0
LINE
  5
33C
330
1F
100
AcDbEntity
  8
0
100
AcDbLine
 10
236.8002168599076
 20
4.101750321071449
 30
0.0
 11
153.3502168576437
 21
4.100932948525723
 31
0.0
  0
LINE
  5
33D
330
1F
100
AcDbEntity
  8
0
100
AcDbLine
 10
290.799820046423
 20
98.30147040696557
 30
0.0
 11
290.799820046423
 21
58.1004358888888
 31
0.0
  0
LINE
  5
33E
330
1F
100
AcDbEntity
  8
0
100
AcDbLine
 10
290.799820046423
 20
46.30043588888873
 30
0.0
 11
290.799820046423
 21
6.10225964480287
 31
0.0
  0
LINE
  5
33F
330
1F
100
AcDbEntity
  8
0
100
AcDbLine
 10
141.5502168587758
 20
100.3014704071053
 30
0.0
 11
145.4502168587757
 21
104.4014704071053
 31
0.0
  0
LINE
  5
340
330
1F
100
AcDbEntity
  8
0
100
AcDbLine
 10
153.3502168587757
 20
100.3014704071053
 30
0.0
 11
149.4502168587757
 21
104.4014704071053
 31
0.0
  0
LINE
  5
341
330
1F
100
AcDbEntity
  8
0
100
AcDbLine
 10
149.4502168587757
 20
104.4014704071053
 30
0.0
 11
145.4502168587757
 21
104.4014704071053
 31
0.0
  0
LINE
  5
342
330
1F
100
AcDbEntity
  8
0
100
AcDbLine
 10
236.8002168587757
 20
100.3014704071054
 30
0.0
 11
240.7002168587757
 21
104.4014704071054
 31
0.0
  0
LINE
  5
343
330
1F
100
AcDbEntity
  8
0
100
AcDbLine
 10
248.6002168587757
 20
100.3014704071054
 30
0.0
 11
244.7002168587757
 21
104.4014704071054
 31
0.0
  0
LINE
  5
344
330
1F
100
AcDbEntity
  8
0
100
AcDbLine
 10
244.7002168587757
 20
104.4014704071054
 30
0.0
 11
240.7002168587757
 21
104.4014704071054
 31
0.0
  0
LINE
  5
345
330
1F
100
AcDbEntity
  8
0
100
AcDbLine
 10
4.100000000000022
 20
46.30043588888884
 30
0.0
 11
0.0
 21
50.20043588888881
 31
0.0
  0
LINE
  5
346
330
1F
100
AcDbEntity
  8
0
100
AcDbLine
 10
4.100000000000022
 20
58.1004358888888
 30
0.0
 11
0.0
 21
54.20043588888882
 31
0.0
  0
LINE
  5
347
330
1F
100
AcDbEntity
  8
0
100
AcDbLine
 10
0.0
 20
54.20043588888882
 30
0.0
 11
0.0
 21
50.20043588888881
 31
0.0
  0
LINE
  5
348
330
1F
100
AcDbEntity
  8
0
100
AcDbLine
 10
58.10046685877575
 20
4.100000000000022
 30
0.0
 11
54.20046685877577
 21
0.0
 31
0.0
  0
LINE
  5
349
330
1F
100
AcDbEntity
  8
0
100
AcDbLine
 10
46.30046685877573
 20
4.100000000000022
 30
0.0
 11
50.20046685877577
 21
0.0
 31
0.0
  0
LINE
  5
34A
330
1F
100
AcDbEntity
  8
0
100
AcDbLine
 10
50.20046685877577
 20
0.0
 30
0.0
 11
54.20046685877577
 21
0.0
 31
0.0
  0
LINE
  5
34B
330
1F
100
AcDbEntity
  8
0
100
AcDbLine
 10
153.3502168587757
 20
4.100817369434139
 30
0.0
 11
149.4502168587757
 21
0.0008173694341167
 31
0.0
  0
LINE
  5
34C
330
1F
100
AcDbEntity
  8
0
100
AcDbLine
 10
141.5502168587757
 20
4.100817369434025
 30
0.0
 11
145.4502168587757
 21
0.0008173694341167
 31
0.0
  0
LINE
  5
34D
330
1F
100
AcDbEntity
  8
0
100
AcDbLine
 10
145.4502168587757
 20
0.0008173694341167
 30
0.0
 11
149.4502168587757
 21
0.0008173694341167
 31
0.0
  0
LINE
  5
34E
330
1F
100
AcDbEntity
  8
0
100
AcDbLine
 10
248.6002168587756
 20
4.101865897762195
 30
0.0
 11
244.7002168587756
 21
0.0018658977621726
 31
0.0
  0
LINE
  5
34F
330
1F
100
AcDbEntity
  8
0
100
AcDbLine
 10
236.8002168587756
 20
4.101865897762195
 30
0.0
 11
240.7002168587756
 21
0.0018658977621726
 31
0.0
  0
LINE
  5
350
330
1F
100
AcDbEntity
  8
0
100
AcDbLine
 10
240.7002168587756
 20
0.0018658977621726
 30
0.0
 11
244.7002168587756
 21
0.0018658977621726
 31
0.0
  0
LINE
  5
351
330
1F
100
AcDbEntity
  8
0
100
AcDbLine
 10
290.7998200464229
 20
58.1004358888888
 30
0.0
 11
294.8998200464229
 21
54.20043588888882
 31
0.0
  0
LINE
  5
352
330
1F
100
AcDbEntity
  8
0
100
AcDbLine
 10
290.799820046423
 20
46.30043588888873
 30
0.0
 11
294.8998200464229
 21
50.20043588888881
 31
0.0
  0
LINE
  5
353
330
1F
100
AcDbEntity
  8
0
100
AcDbLine
 10
294.8998200464229
 20
50.20043588888881
 30
0.0
 11
294.8998200464229
 21
54.20043588888882
 31
0.0
  0
LINE
  5
354
330
1F
100
AcDbEntity
  8
细实线层
100
AcDbLine
 10
186.2611093506808
 20
23.03717495717876
 30
0.0
 11
193.7268492991084
 21
23.03717495717876
 31
0.0
  0
LINE
  5
355
330
1F
100
AcDbEntity
  8
细实线层
100
AcDbLine
 10
186.1699030096174
 20
7.102125888894192
 30
0.0
 11
193.7268492990281
 21
7.102125888894192
 31
0.0
  0
LINE
  5
356
330
1F
100
AcDbEntity
  8
细实线层
100
AcDbLine
 10
194.7268492991441
 20
8.102125888700015
 30
0.0
 11
194.7268492991441
 21
22.0371749570794
 31
0.0
  0
LWPOLYLINE
  5
357
330
1F
100
AcDbEntity
  8
细实线层
100
AcDbPolyline
 90
        4
 70
     0
 43
0.0
 10
188.542286858998
 20
23.03717495717876
 10
177.8961561065848
 20
23.03717495717876
 42
0.4142135623730951
 10
176.6961561065848
 20
21.83717495717804
 10
176.6961561065848
 20
21.1015858888951
  0
LWPOLYLINE
  5
358
330
1F
100
AcDbEntity
  8
细实线层
100
AcDbPolyline
 90
       12
 70
     0
 43
0.0
 10
176.6961561065848
 20
21.1015858888951
 10
165.7418316898672
 20
21.10158588889328
 10
165.7418316898672
 20
21.83717495717804
 42
0.4142135623730951
 10
164.5418316898672
 20
23.03717495717876
 10
154.0673072111222
 20
23.03717495717876
 42
0.4142135623730951
 10
152.8673072111221
 20
21.83717495717804
 10
152.8673072111221
 20
21.10158588889328
 10
122.2830861395236
 20
21.10158588889328
 42
0.4142135623987894
 10
121.28308613954
 20
20.10158588889305
 10
121.2830861395272
 20
8.10212588864681
 42
0.4142135624597488
 10
122.2830861395743
 20
7.102125888895784
 10
188.742286858895
 20
7.102125888894192
 42
0.4142135622813229
  0
ARC
  5
359
330
1F
100
AcDbEntity
  8
细实线层
100
AcDbCircle
 10
193.726849299083
 20
22.0371749571176
 30
0.0
 40
1.000000000061049
100
AcDbArc
 50
0.0
 51
90.0
  0
ARC
  5
35A
330
1F
100
AcDbEntity
  8
细实线层
100
AcDbCircle
 10
193.7268492993381
 20
8.102125888700015
 30
0.0
 40
0.9999999998059365
100
AcDbArc
 50
269.9999999822434
 51
359.9999997869099
  0
LINE
  5
35B
330
1F
100
AcDbEntity
  8
细实线层
100
AcDbLine
 10
269.1818492991441
 20
20.10158588862657
 30
0.0
 11
269.1818492991441
 21
8.100675888537466
 31
0.0
  0
LINE
  5
35C
330
1F
100
AcDbEntity
  8
细实线层
100
AcDbLine
 10
261.7508492991441
 20
20.1015858887406
 30
0.0
 11
261.7508492991441
 21
8.102055888945756
 31
0.0
  0
LINE
  5
35D
330
1F
100
AcDbEntity
  8
细实线层
100
AcDbLine
 10
245.3698492991441
 20
20.10158588884042
 30
0.0
 11
245.3698492991441
 21
8.102055888789891
 31
0.0
  0
LINE
  5
35E
330
1F
100
AcDbEntity
  8
细实线层
100
AcDbLine
 10
240.3208492991441
 20
20.10158588868478
 30
0.0
 11
240.3208492991441
 21
8.102055888712925
 31
0.0
  0
LINE
  5
35F
330
1F
100
AcDbEntity
  8
细实线层
100
AcDbLine
 10
221.5568492991441
 20
20.10158588885941
 30
0.0
 11
221.5568492991441
 21
8.102055889062171
 31
0.0
  0
LINE
  5
360
330
1F
100
AcDbEntity
  8
细实线层
100
AcDbLine
 10
218.8878492991441
 20
20.1015858887406
 30
0.0
 11
218.8878492991441
 21
8.102055888945756
 31
0.0
  0
LINE
  5
361
330
1F
100
AcDbEntity
  8
0
100
AcDbLine
 10
207.9737168587757
 20
21.10158588888714
 30
0.0
 11
217.8878492991909
 21
21.10158588888714
 31
0.0
  0
LINE
  5
362
330
1F
100
AcDbEntity
  8
0
100
AcDbLine
 10
217.8878492992467
 20
7.102055888887093
 30
0.0
 11
198.6000968587253
 21
7.102055888887093
 31
0.0
  0
LINE
  5
363
330
1F
100
AcDbEntity
  8
0
100
AcDbLine
 10
222.5568492992412
 20
21.10158588888714
 30
0.0
 11
239.3208492991494
 21
21.10158588888714
 31
0.0
  0
LINE
  5
364
330
1F
100
AcDbEntity
  8
0
100
AcDbLine
 10
239.3208492992076
 20
7.102055888887093
 30
0.0
 11
222.5568492992412
 21
7.102055888887093
 31
0.0
  0
LINE
  5
365
330
1F
100
AcDbEntity
  8
0
100
AcDbLine
 10
246.3698492992459
 20
21.10158588888714
 30
0.0
 11
260.7508492991448
 21
21.10158588888714
 31
0.0
  0
LINE
  5
366
330
1F
100
AcDbEntity
  8
0
100
AcDbLine
 10
270.1818492991247
 20
21.10158588888714
 30
0.0
 11
286.7990968588522
 21
21.10158588888714
 31
0.0
  0
LINE
  5
367
330
1F
100
AcDbEntity
  8
0
100
AcDbLine
 10
260.750849299317
 20
7.102055888887093
 30
0.0
 11
246.3698492991297
 21
7.102055888887093
 31
0.0
  0
LINE
  5
368
330
1F
100
AcDbEntity
  8
0
 62
     0
100
AcDbLine
 10
286.7990968590116
 20
7.100675888888986
 30
0.0
 11
270.1818492991531
 21
7.100675888888986
 31
0.0
  0
ARC
  5
369
330
1F
100
AcDbEntity
  8
细实线层
100
AcDbCircle
 10
198.6000968588842
 20
20.10158588899935
 30
0.0
 40
0.9999999998876774
100
AcDbArc
 50
89.99999999731633
 51
179.9999999757559
  0
ARC
  5
36A
330
1F
100
AcDbEntity
  8
细实线层
100
AcDbCircle
 10
198.600096859494
 20
8.102055889384359
 30
0.0
 40
1.000000000497408
100
AcDbArc
 50
180.0
 51
270.0
  0
ARC
  5
36B
330
1F
100
AcDbEntity
  8
细实线层
100
AcDbCircle
 10
217.8878492993193
 20
8.102055888711447
 30
0.0
 40
0.9999999998243538
100
AcDbArc
 50
269.9999999958507
 51
359.9999999636271
  0
ARC
  5
36C
330
1F
100
AcDbEntity
  8
细实线层
100
AcDbCircle
 10
217.887849298998
 20
20.1015858887406
 30
0.0
 40
1.000000000146201
100
AcDbArc
 50
359.9999999999998
 51
90.0
  0
ARC
  5
36D
330
1F
100
AcDbEntity
  8
细实线层
100
AcDbCircle
 10
222.5568492993104
 20
20.10158588872093
 30
0.0
 40
1.00000000016621
100
AcDbArc
 50
90.00000000397177
 51
180.0000000397493
  0
ARC
  5
36E
330
1F
100
AcDbEntity
  8
细实线层
100
AcDbCircle
 10
222.5568492993099
 20
8.102055889052167
 30
0.0
 40
1.000000000165158
100
AcDbArc
 50
180.0000000000001
 51
270.0
  0
ARC
  5
36F
330
1F
100
AcDbEntity
  8
细实线层
100
AcDbCircle
 10
239.3208492992518
 20
8.102055888779091
 30
0.0
 40
0.9999999998919975
100
AcDbArc
 50
269.9999999974711
 51
359.999999965801
  0
ARC
  5
370
330
1F
100
AcDbEntity
  8
细实线层
100
AcDbCircle
 10
239.3208492991521
 20
20.10158588889499
 30
0.0
 40
0.9999999999920419
100
AcDbArc
 50
0.0
 51
90.0
  0
ARC
  5
371
330
1F
100
AcDbEntity
  8
细实线层
100
AcDbCircle
 10
246.3698492991905
 20
20.10158588884042
 30
0.0
 40
1.000000000046384
100
AcDbArc
 50
89.99999999683105
 51
179.9999999620802
  0
ARC
  5
372
330
1F
100
AcDbEntity
  8
细实线层
100
AcDbCircle
 10
246.3698492990476
 20
8.102055888789891
 30
0.0
 40
0.9999999999035082
100
AcDbArc
 50
180.0000000000001
 51
270.0
  0
ARC
  5
373
330
1F
100
AcDbEntity
  8
细实线层
100
AcDbCircle
 10
260.75084929944
 20
8.102055888590712
 30
0.0
 40
0.9999999997036184
100
AcDbArc
 50
269.9999999929553
 51
359.9999999357774
  0
ARC
  5
374
330
1F
100
AcDbEntity
  8
细实线层
100
AcDbCircle
 10
260.7508492989976
 20
20.1015858887406
 30
0.0
 40
1.000000000146485
100
AcDbArc
 50
0.0
 51
90.0
  0
ARC
  5
375
330
1F
100
AcDbEntity
  8
细实线层
100
AcDbCircle
 10
270.1818492991135
 20
20.1015858889175
 30
0.0
 40
0.9999999999696456
100
AcDbArc
 50
89.99999999935514
 51
180.0000000090055
  0
ARC
  5
376
330
1F
100
AcDbEntity
  8
细实线层
100
AcDbCircle
 10
270.1818492987931
 20
8.100675888537466
 30
0.0
 40
0.9999999996489918
100
AcDbArc
 50
180.0
 51
270.0
  0
ARC
  5
377
330
1F
100
AcDbEntity
  8
细实线层
100
AcDbCircle
 10
286.7990968590232
 20
8.100675888863975
 30
0.0
 40
0.9999999999751025
100
AcDbArc
 50
269.9999999993258
 51
359.9999999848034
  0
ARC
  5
378
330
1F
100
AcDbEntity
  8
细实线层
100
AcDbCircle
 10
286.7990968592459
 20
20.10158588913521
 30
0.0
 40
0.999999999750571
100
AcDbArc
 50
0.0
 51
90.0
  0
LINE
  5
379
330
1F
100
AcDbEntity
  8
0
100
AcDbLine
 10
252.5862729354772
 20
59.2000858888888
 30
0.0
 11
252.5862729354772
 21
60.20008588883297
 31
0.0
  0
LINE
  5
37A
330
1F
100
AcDbEntity
  8
0
100
AcDbLine
 10
260.7136198321505
 20
59.2000858888888
 30
0.0
 11
260.7136198321505
 21
60.20008588893904
 31
0.0
  0
LINE
  5
37B
330
1F
100
AcDbEntity
  8
0
100
AcDbLine
 10
253.5862729354584
 20
61.20008588888879
 30
0.0
 11
259.7136198320145
 21
61.20008588888868
 31
0.0
  0
ARC
  5
37C
330
1F
100
AcDbEntity
  8
0
100
AcDbCircle
 10
253.5862729354828
 20
60.20008588883297
 30
0.0
 40
1.00000000000557
100
AcDbArc
 50
90.00000000140373
 51
180.0000000056165
  0
ARC
  5
37D
330
1F
100
AcDbEntity
  8
0
100
AcDbCircle
 10
259.7136198318716
 20
60.20008588858321
 30
0.0
 40
1.00000000030559
100
AcDbArc
 50
0.0
 51
90.0
  0
LINE
  5
37E
330
1F
100
AcDbEntity
  8
0
100
AcDbLine
 10
252.5862729354772
 20
59.2000858888888
 30
0.0
 11
250.9877168587664
 21
59.2000858888888
 31
0.0
  0
ENDSEC
  0
SECTION
  2
OBJECTS
  0
DICTIONARY
  5
C
330
0
100
AcDbDictionary
281
     1
  3
ACAD_CIP_PREVIOUS_PRODUCT_INFO
350
3CE
  3
ACAD_COLOR
350
3C5
  3
ACAD_DETAILVIEWSTYLE
350
3C0
  3
ACAD_GROUP
350
D
  3
ACAD_LAST_SAVED_VERSION_INFO
350
3CF
  3
ACAD_LAYOUT
350
1A
  3
ACAD_MATERIAL
350
43
  3
ACAD_MLEADERSTYLE
350
6B
  3
ACAD_MLINESTYLE
350
17
  3
ACAD_PLOTSETTINGS
350
19
  3
ACAD_PLOTSTYLENAME
350
E
  3
ACAD_SCALELIST
350
47
  3
ACAD_SECTIONVIEWSTYLE
350
3C1
  3
ACAD_TABLESTYLE
350
69
  3
ACAD_VISUALSTYLE
350
2A
  3
ACAD_WIPEOUT_VARS
350
37F
  3
ACDB_RECOMPOSE_DATA
350
3DC
  3
AcDbVariableDictionary
350
38C
  3
CAXA_DRAFT_BOMSTYLE
350
11D
  3
CAXA_DRAFT_CUTSSTYLE
350
111
  3
CAXA_DRAFT_CUTSSTYLEOVERRIDE
350
115
  3
CAXA_DRAFT_DATATABLE*Model_Space
350
123
  3
CAXA_DRAFT_DATUMSTYLE
350
10B
  3
CAXA_DRAFT_DATUMSTYLEOVERRIDE
350
10F
  3
CAXA_DRAFT_DIMSTYLE_ANGTXTVPOS
350
380
  3
CAXA_DRAFT_DIMSTYLE_ISDISPZEROTOL
350
384
  3
CAXA_DRAFT_DIMSTYLE_ISFILLDFM
350
382
  3
CAXA_DRAFT_DIMSTYLE_SYMBOLCOLOR
350
386
  3
CAXA_DRAFT_DRAFTDATA
350
388
  3
CAXA_DRAFT_FILEVERSION
350
DF
  3
CAXA_DRAFT_GEOTOLSTYLE
350
105
  3
CAXA_DRAFT_GEOTOLSTYLEOVERRIDE
350
109
  3
CAXA_DRAFT_LEADERSTYLE
350
F6
  3
CAXA_DRAFT_PARTNOSTYLE
350
117
  3
CAXA_DRAFT_PARTNOSTYLEOVERRIDE
350
11B
  3
CAXA_DRAFT_ROUGHSTYLE
350
FF
  3
CAXA_DRAFT_ROUGHSTYLEOVERRIDE
350
103
  3
CAXA_DRAFT_STDDATA
350
38A
  3
CAXA_DRAFT_WELDSTYLE
350
F9
  3
CAXA_DRAFT_WELDSTYLEOVERRIDE
350
FD
  0
SUN
  5
6D
330
29
100
AcDbSun
 90
        1
290
     0
 63
     7
421
 16777215
 40
1.0
291
     1
 91
  2455826
 92
 54000000
292
     0
 70
     0
 71
   256
280
     1
  0
XRECORD
  5
3CE
102
{ACAD_REACTORS
330
C
102
}
330
C
100
AcDbXrecord
280
     1
300
ACD
300
2025
300
87919ACD_2025_0F
  0
DICTIONARY
  5
3C5
102
{ACAD_REACTORS
330
C
102
}
330
C
100
AcDbDictionary
281
     1
  0
DICTIONARY
  5
3C0
102
{ACAD_REACTORS
330
C
102
}
330
C
100
AcDbDictionary
281
     1
  3
Metric50
350
3C8
  0
DICTIONARY
  5
D
102
{ACAD_REACTORS
330
C
102
}
330
C
100
AcDbDictionary
281
     1
  0
XRECORD
  5
3CF
102
{ACAD_REACTORS
330
C
102
}
330
C
100
AcDbXrecord
280
     1
300
{FD3171FE-DD4A-2846-BCFB-48D0BD560C39}
301

302
{FD3171FE-DD4A-2846-BCFB-48D0BD560C39}
303
C:\Users\ADMIN\Downloads\SAM S58.dxf
  0
DICTIONARY
  5
1A
102
{ACAD_REACTORS
330
C
102
}
330
C
100
AcDbDictionary
281
     1
  3
Layout1
350
1E
  3
Model
350
22
  0
DICTIONARY
  5
43
102
{ACAD_REACTORS
330
C
102
}
330
C
100
AcDbDictionary
281
     1
  3
ByBlock
350
45
  3
ByLayer
350
44
  3
Global
350
46
  0
DICTIONARY
  5
6B
102
{ACAD_REACTORS
330
C
102
}
330
C
100
AcDbDictionary
281
     1
  3
Standard
350
6C
  0
DICTIONARY
  5
17
102
{ACAD_REACTORS
330
C
102
}
330
C
100
AcDbDictionary
281
     1
  3
Standard
350
18
  3
标准
350
121
1001
AcadStringInfo
1000
MIFCodePage
1070
     5
  0
DICTIONARY
  5
19
102
{ACAD_REACTORS
330
C
102
}
330
C
100
AcDbDictionary
281
     1
  0
ACDBDICTIONARYWDFLT
  5
E
102
{ACAD_REACTORS
330
C
102
}
330
C
100
AcDbDictionary
281
     1
  3
Normal
350
F
100
AcDbDictionaryWithDefault
340
F
  0
DICTIONARY
  5
47
102
{ACAD_REACTORS
330
C
102
}
330
C
100
AcDbDictionary
281
     1
  3
A0
350
48
  3
A1
350
49
  3
A2
350
4A
  3
A3
350
4B
  3
A4
350
4C
  3
A5
350
4D
  3
A6
350
4E
  3
A7
350
4F
  3
A8
350
50
  3
A9
350
51
  3
B0
350
52
  3
B1
350
53
  3
B2
350
54
  3
B3
350
55
  3
B4
350
56
  3
B5
350
57
  3
B6
350
58
  3
B7
350
59
  3
B8
350
5A
  3
B9
350
5B
  3
C0
350
5C
  3
C1
350
5D
  3
C2
350
5E
  3
C3
350
5F
  3
C4
350
60
  3
C5
350
61
  3
C6
350
62
  3
C7
350
63
  3
C8
350
64
  3
C9
350
65
  3
D0
350
66
  3
D1
350
67
  3
D2
350
68
  0
DICTIONARY
  5
3C1
102
{ACAD_REACTORS
330
C
102
}
330
C
100
AcDbDictionary
281
     1
  3
Metric50
350
3C7
  0
DICTIONARY
  5
69
102
{ACAD_REACTORS
330
C
102
}
330
C
100
AcDbDictionary
281
     1
  3
Standard
350
6A
  3
标准
350
122
1001
AcadStringInfo
1000
MIFCodePage
1070
     5
  0
DICTIONARY
  5
2A
102
{ACAD_REACTORS
330
C
102
}
330
C
100
AcDbDictionary
281
     1
  3
2dWireframe
350
2F
  3
Basic
350
32
  3
Brighten
350
36
  3
ColorChange
350
3A
  3
Conceptual
350
34
  3
Dim
350
35
  3
EdgeColorOff
350
3D
  3
Facepattern
350
39
  3
Flat
350
2B
  3
FlatWithEdges
350
2C
  3
Gouraud
350
2D
  3
GouraudWithEdges
350
2E
  3
Hidden
350
31
  3
JitterOff
350
3B
  3
Linepattern
350
38
  3
OverhangOff
350
3C
  3
Realistic
350
33
  3
Shaded
350
42
  3
Shaded with edges
350
41
  3
Shades of Gray
350
3E
  3
Sketchy
350
3F
  3
Thicken
350
37
  3
Wireframe
350
30
  3
X-Ray
350
40
  0
WIPEOUTVARIABLES
  5
37F
102
{ACAD_REACTORS
330
C
102
}
330
C
100
AcDbWipeoutVariables
 70
     1
  0
XRECORD
  5
3DC
102
{ACAD_REACTORS
330
C
102
}
330
C
100
AcDbXrecord
280
     1
 90
        1
330
6A
330
122
  0
DICTIONARY
  5
38C
102
{ACAD_REACTORS
330
C
102
}
330
C
100
AcDbDictionary
281
     1
  3
CANNOSCALE
350
38D
  3
CENTEREXE
350
3C2
  3
CENTERLTYPEFILE
350
3C3
  3
CMLEADERSTYLE
350
3BF
  3
CTABLESTYLE
350
3BE
  3
CVIEWDETAILSTYLE
350
3D0
  3
CVIEWSECTIONSTYLE
350
3D1
  0
DICTIONARY
  5
11D
102
{ACAD_REACTORS
330
C
102
}
330
C
100
AcDbDictionary
281
     1
  3
CAXA_DRAFT_CURRENTBOMSTYLE
350
11E
  3
GB(4458.2-2003)
350
120
  3
标准
350
11F
1001
AcadStringInfo
1000
MIFCodePage
1070
     5
  0
DICTIONARY
  5
111
102
{ACAD_REACTORS
330
C
102
}
330
C
100
AcDbDictionary
281
     1
  3
CAXA_DRAFT_CURRENTCUTSSTYLE
350
112
  3
GB(17452-1998)
350
114
  3
标准
350
113
1001
AcadStringInfo
1000
MIFCodePage
1070
     5
  0
DICTIONARY
  5
115
102
{ACAD_REACTORS
330
C
102
}
330
C
100
AcDbDictionary
281
     1
  3
CAXA_DRAFT_CUTSSTYLEOVERRIDE
350
116
  0
DICTIONARY
  5
123
102
{ACAD_REACTORS
330
C
102
}
330
C
100
AcDbDictionary
281
     1
  3
CAXA_DRAFT_DATATABLE*Model_Space
350
124
  0
DICTIONARY
  5
10B
102
{ACAD_REACTORS
330
C
102
}
330
C
100
AcDbDictionary
281
     1
  3
CAXA_DRAFT_CURRENTDATUMSTYLE
350
10C
  3
GB(1182-2008)
350
10E
  3
标准
350
10D
1001
AcadStringInfo
1000
MIFCodePage
1070
     5
  0
DICTIONARY
  5
10F
102
{ACAD_REACTORS
330
C
102
}
330
C
100
AcDbDictionary
281
     1
  3
CAXA_DRAFT_DATUMSTYLEOVERRIDE
350
110
  0
DICTIONARY
  5
380
102
{ACAD_REACTORS
330
C
102
}
330
C
100
AcDbDictionary
281
     1
  3
CAXA_DRAFT_DIMSTYLE_ANGTXTVPOS
350
381
  0
DICTIONARY
  5
384
102
{ACAD_REACTORS
330
C
102
}
330
C
100
AcDbDictionary
281
     1
  3
CAXA_DRAFT_DIMSTYLE_ISDISPZEROTOL
350
385
  0
DICTIONARY
  5
382
102
{ACAD_REACTORS
330
C
102
}
330
C
100
AcDbDictionary
281
     1
  3
CAXA_DRAFT_DIMSTYLE_ISFILLDFM
350
383
  0
DICTIONARY
  5
386
102
{ACAD_REACTORS
330
C
102
}
330
C
100
AcDbDictionary
281
     1
  3
CAXA_DRAFT_DIMSTYLE_SYMBOLCOLOR
350
387
  0
DICTIONARY
  5
388
102
{ACAD_REACTORS
330
C
102
}
330
C
100
AcDbDictionary
281
     1
  3
CAXA_DRAFT_DRAFTDATA
350
389
  0
DICTIONARY
  5
DF
102
{ACAD_REACTORS
330
C
102
}
330
C
100
AcDbDictionary
281
     1
  3
CAXA_DRAFT_FILEVERSION
350
E0
  0
DICTIONARY
  5
105
102
{ACAD_REACTORS
330
C
102
}
330
C
100
AcDbDictionary
281
     1
  3
CAXA_DRAFT_CURRENTGEOTOLSTYLE
350
106
  3
GB(1182-2008)
350
108
  3
标准
350
107
1001
AcadStringInfo
1000
MIFCodePage
1070
     5
  0
DICTIONARY
  5
109
102
{ACAD_REACTORS
330
C
102
}
330
C
100
AcDbDictionary
281
     1
  3
CAXA_DRAFT_GEOTOLSTYLEOVERRIDE
350
10A
  0
DICTIONARY
  5
F6
102
{ACAD_REACTORS
330
C
102
}
330
C
100
AcDbDictionary
281
     1
  3
CAXA_DRAFT_CURRENTLEADERSTYLE
350
F7
  3
标准
350
F8
1001
AcadStringInfo
1000
MIFCodePage
1070
     5
  0
DICTIONARY
  5
117
102
{ACAD_REACTORS
330
C
102
}
330
C
100
AcDbDictionary
281
     1
  3
CAXA_DRAFT_CURRENTPARTNOSTYLE
350
118
  3
GB(4458.2-2003)
350
11A
  3
标准
350
119
1001
AcadStringInfo
1000
MIFCodePage
1070
     5
  0
DICTIONARY
  5
11B
102
{ACAD_REACTORS
330
C
102
}
330
C
100
AcDbDictionary
281
     1
  3
CAXA_DRAFT_PARTNOSTYLEOVERRIDE
350
11C
  0
DICTIONARY
  5
FF
102
{ACAD_REACTORS
330
C
102
}
330
C
100
AcDbDictionary
281
     1
  3
CAXA_DRAFT_CURRENTROUGHSTYLE
350
100
  3
GB(131-93)
350
102
  3
标准
350
101
1001
AcadStringInfo
1000
MIFCodePage
1070
     5
  0
DICTIONARY
  5
103
102
{ACAD_REACTORS
330
C
102
}
330
C
100
AcDbDictionary
281
     1
  3
CAXA_DRAFT_ROUGHSTYLEOVERRIDE
350
104
  0
DICTIONARY
  5
38A
102
{ACAD_REACTORS
330
C
102
}
330
C
100
AcDbDictionary
281
     1
  3
CAXA_DRAFT_STDDATA
350
38B
  0
DICTIONARY
  5
F9
102
{ACAD_REACTORS
330
C
102
}
330
C
100
AcDbDictionary
281
     1
  3
CAXA_DRAFT_CURRENTWELDSTYLE
350
FA
  3
GB(324-88)
350
FC
  3
标准
350
FB
1001
AcadStringInfo
1000
MIFCodePage
1070
     5
  0
DICTIONARY
  5
FD
102
{ACAD_REACTORS
330
C
102
}
330
C
100
AcDbDictionary
281
     1
  3
CAXA_DRAFT_WELDSTYLEOVERRIDE
350
FE
  0
ACDBDETAILVIEWSTYLE
  5
3C8
102
{ACAD_REACTORS
330
3C0
102
}
330
3C0
100
AcDbModelDocViewStyle
 70
     0
  3
Metric50
290
     1
300
Metric50
 90
        0
100
AcDbDetailViewStyle
 70
     0
 71
     0
 90
        3
 71
     1
340
11
 62
   256
 40
5.0
340
0
 62
   256
 40
5.0
300

 40
0.0
280
     1
 71
     2
340
16
 90
       25
 62
   256
 71
     3
340
11
 62
   256
 40
5.0
 90
        0
 40
15.0
 90
        1
300
%<\AcVar ViewDetailId>% (%<\AcVar ViewScale \f "%sn">%)
 71
     4
340
16
 90
       25
 62
   256
340
16
 90
       25
 62
   256
280
     0
  0
LAYOUT
  5
1E
102
{ACAD_REACTORS
330
1A
102
}
330
1A
100
AcDbPlotSettings
  1

  2
none_device
  4

  6

 40
0.0
 41
0.0
 42
0.0
 43
0.0
 44
0.0
 45
0.0
 46
0.0
 47
0.0
 48
0.0
 49
0.0
140
0.0
141
0.0
142
1.0
143
1.0
 70
   688
 72
     1
 73
     0
 74
     5
  7

 75
    16
147
1.0
 76
     0
 77
     2
 78
   300
148
0.0
149
0.0
100
AcDbLayout
  1
Layout1
 70
     1
 71
     1
 10
0.0
 20
0.0
 11
420.0
 21
297.0
 12
0.0
 22
0.0
 32
0.0
 14
1.000000000000000E+20
 24
1.000000000000000E+20
 34
1.000000000000000E+20
 15
-1.000000000000000E+20
 25
-1.000000000000000E+20
 35
-1.000000000000000E+20
146
0.0
 13
0.0
 23
0.0
 33
0.0
 16
1.0
 26
0.0
 36
0.0
 17
0.0
 27
1.0
 37
0.0
 76
     0
330
1B
  0
LAYOUT
  5
22
102
{ACAD_XDICTIONARY
360
125
102
}
102
{ACAD_REACTORS
330
1A
102
}
330
1A
100
AcDbPlotSettings
  1

  2
none_device
  4
Letter_(8.50_x_11.00_Inches)
  6

 40
6.349999999999999
 41
6.349999999999999
 42
6.350005079999999
 43
6.350005079999999
 44
215.9
 45
279.4
 46
0.0
 47
0.0
 48
0.0
 49
0.0
140
0.0
141
0.0
142
1.0
143
1.0
 70
  1712
 72
     1
 73
     0
 74
     0
  7

 75
     0
147
1.0
 76
     0
 77
     2
 78
   300
148
0.0
149
0.0
100
AcDbLayout
  1
Model
 70
     1
 71
     0
 10
-105.0
 20
-148.5
 11
105.0
 21
148.5
 12
0.0
 22
0.0
 32
0.0
 14
-3.669692396681284
 24
-90.90571430494813
 34
0.0
 15
631.187092229184
 25
202.7000793646163
 35
0.0
146
0.0
 13
0.0
 23
0.0
 33
0.0
 16
1.0
 26
0.0
 36
0.0
 17
0.0
 27
1.0
 37
0.0
 76
     0
330
1F
331
29
  0
MATERIAL
  5
45
102
{ACAD_REACTORS
330
43
102
}
330
43
100
AcDbMaterial
  1
ByBlock
 73
     1
 78
     1
172
     1
176
     1
270
     1
274
     1
  0
MATERIAL
  5
44
102
{ACAD_REACTORS
330
43
102
}
330
43
100
AcDbMaterial
  1
ByLayer
 73
     1
 78
     1
172
     1
176
     1
270
     1
274
     1
  0
MATERIAL
  5
46
102
{ACAD_REACTORS
330
43
102
}
330
43
100
AcDbMaterial
  1
Global
 73
     1
 78
     1
172
     1
176
     1
270
     1
274
     1
  0
MLEADERSTYLE
  5
6C
102
{ACAD_REACTORS
330
6B
102
}
330
6B
100
AcDbMLeaderStyle
179
     2
170
     2
171
     1
172
     0
 90
        2
 40
0.0
 41
0.0
173
     1
 91
-1056964608
340
14
 92
       -2
290
     1
 42
2.0
291
     1
 43
8.0
  3
Standard
 44
4.0
300

342
11
174
     1
178
     6
175
     1
176
     0
 93
-1056964608
 45
4.0
292
     0
297
     0
 46
4.0
 94
-1056964608
 47
1.0
 49
1.0
140
1.0
293
     1
141
0.0
294
     1
177
     0
142
1.0
295
     0
296
     0
143
3.75
271
     0
272
     9
273
     9
298
     0
  0
MLINESTYLE
  5
18
102
{ACAD_REACTORS
330
17
102
}
330
17
100
AcDbMlineStyle
  2
STANDARD
 70
     0
  3

 62
   256
 51
90.0
 52
90.0
 71
     2
 49
0.5
 62
   256
  6
BYLAYER
 49
-0.5
 62
   256
  6
BYLAYER
  0
MLINESTYLE
  5
121
102
{ACAD_REACTORS
330
17
102
}
330
17
100
AcDbMlineStyle
  2
标准
 70
     0
  3
标准
 62
   256
 51
90.0
 52
90.0
 71
     2
 49
0.5
 62
   256
  6
BYLAYER
 49
-0.5
 62
   256
  6
BYLAYER
1001
AcadStringInfo
1000
MIFCodePage
1070
     5
  0
ACDBPLACEHOLDER
  5
F
102
{ACAD_REACTORS
330
E
102
}
330
E
  0
SCALE
  5
48
102
{ACAD_REACTORS
330
47
102
}
330
47
100
AcDbScale
 70
     0
300
1:1
140
1.0
141
1.0
290
     1
  0
SCALE
  5
49
102
{ACAD_REACTORS
330
47
102
}
330
47
100
AcDbScale
 70
     0
300
1:2
140
1.0
141
2.0
290
     0
  0
SCALE
  5
4A
102
{ACAD_REACTORS
330
47
102
}
330
47
100
AcDbScale
 70
     0
300
1:4
140
1.0
141
4.0
290
     0
  0
SCALE
  5
4B
102
{ACAD_REACTORS
330
47
102
}
330
47
100
AcDbScale
 70
     0
300
1:5
140
1.0
141
5.0
290
     0
  0
SCALE
  5
4C
102
{ACAD_REACTORS
330
47
102
}
330
47
100
AcDbScale
 70
     0
300
1:8
140
1.0
141
8.0
290
     0
  0
SCALE
  5
4D
102
{ACAD_REACTORS
330
47
102
}
330
47
100
AcDbScale
 70
     0
300
1:10
140
1.0
141
10.0
290
     0
  0
SCALE
  5
4E
102
{ACAD_REACTORS
330
47
102
}
330
47
100
AcDbScale
 70
     0
300
1:16
140
1.0
141
16.0
290
     0
  0
SCALE
  5
4F
102
{ACAD_REACTORS
330
47
102
}
330
47
100
AcDbScale
 70
     0
300
1:20
140
1.0
141
20.0
290
     0
  0
SCALE
  5
50
102
{ACAD_REACTORS
330
47
102
}
330
47
100
AcDbScale
 70
     0
300
1:30
140
1.0
141
30.0
290
     0
  0
SCALE
  5
51
102
{ACAD_REACTORS
330
47
102
}
330
47
100
AcDbScale
 70
     0
300
1:40
140
1.0
141
40.0
290
     0
  0
SCALE
  5
52
102
{ACAD_REACTORS
330
47
102
}
330
47
100
AcDbScale
 70
     0
300
1:50
140
1.0
141
50.0
290
     0
  0
SCALE
  5
53
102
{ACAD_REACTORS
330
47
102
}
330
47
100
AcDbScale
 70
     0
300
1:100
140
1.0
141
100.0
290
     0
  0
SCALE
  5
54
102
{ACAD_REACTORS
330
47
102
}
330
47
100
AcDbScale
 70
     0
300
2:1
140
2.0
141
1.0
290
     0
  0
SCALE
  5
55
102
{ACAD_REACTORS
330
47
102
}
330
47
100
AcDbScale
 70
     0
300
4:1
140
4.0
141
1.0
290
     0
  0
SCALE
  5
56
102
{ACAD_REACTORS
330
47
102
}
330
47
100
AcDbScale
 70
     0
300
8:1
140
8.0
141
1.0
290
     0
  0
SCALE
  5
57
102
{ACAD_REACTORS
330
47
102
}
330
47
100
AcDbScale
 70
     0
300
10:1
140
10.0
141
1.0
290
     0
  0
SCALE
  5
58
102
{ACAD_REACTORS
330
47
102
}
330
47
100
AcDbScale
 70
     0
300
100:1
140
100.0
141
1.0
290
     0
  0
SCALE
  5
59
102
{ACAD_REACTORS
330
47
102
}
330
47
100
AcDbScale
 70
     0
300
1/128" = 1'-0"
140
0.0078125
141
12.0
290
     0
  0
SCALE
  5
5A
102
{ACAD_REACTORS
330
47
102
}
330
47
100
AcDbScale
 70
     0
300
1/64" = 1'-0"
140
0.015625
141
12.0
290
     0
  0
SCALE
  5
5B
102
{ACAD_REACTORS
330
47
102
}
330
47
100
AcDbScale
 70
     0
300
1/32" = 1'-0"
140
0.03125
141
12.0
290
     0
  0
SCALE
  5
5C
102
{ACAD_REACTORS
330
47
102
}
330
47
100
AcDbScale
 70
     0
300
1/16" = 1'-0"
140
0.0625
141
12.0
290
     0
  0
SCALE
  5
5D
102
{ACAD_REACTORS
330
47
102
}
330
47
100
AcDbScale
 70
     0
300
3/32" = 1'-0"
140
0.09375
141
12.0
290
     0
  0
SCALE
  5
5E
102
{ACAD_REACTORS
330
47
102
}
330
47
100
AcDbScale
 70
     0
300
1/8" = 1'-0"
140
0.125
141
12.0
290
     0
  0
SCALE
  5
5F
102
{ACAD_REACTORS
330
47
102
}
330
47
100
AcDbScale
 70
     0
300
3/16" = 1'-0"
140
0.1875
141
12.0
290
     0
  0
SCALE
  5
60
102
{ACAD_REACTORS
330
47
102
}
330
47
100
AcDbScale
 70
     0
300
1/4" = 1'-0"
140
0.25
141
12.0
290
     0
  0
SCALE
  5
61
102
{ACAD_REACTORS
330
47
102
}
330
47
100
AcDbScale
 70
     0
300
3/8" = 1'-0"
140
0.375
141
12.0
290
     0
  0
SCALE
  5
62
102
{ACAD_REACTORS
330
47
102
}
330
47
100
AcDbScale
 70
     0
300
1/2" = 1'-0"
140
0.5
141
12.0
290
     0
  0
SCALE
  5
63
102
{ACAD_REACTORS
330
47
102
}
330
47
100
AcDbScale
 70
     0
300
3/4" = 1'-0"
140
0.75
141
12.0
290
     0
  0
SCALE
  5
64
102
{ACAD_REACTORS
330
47
102
}
330
47
100
AcDbScale
 70
     0
300
1" = 1'-0"
140
1.0
141
12.0
290
     0
  0
SCALE
  5
65
102
{ACAD_REACTORS
330
47
102
}
330
47
100
AcDbScale
 70
     0
300
1-1/2" = 1'-0"
140
1.5
141
12.0
290
     0
  0
SCALE
  5
66
102
{ACAD_REACTORS
330
47
102
}
330
47
100
AcDbScale
 70
     0
300
3" = 1'-0"
140
3.0
141
12.0
290
     0
  0
SCALE
  5
67
102
{ACAD_REACTORS
330
47
102
}
330
47
100
AcDbScale
 70
     0
300
6" = 1'-0"
140
6.0
141
12.0
290
     0
  0
SCALE
  5
68
102
{ACAD_REACTORS
330
47
102
}
330
47
100
AcDbScale
 70
     0
300
1'-0" = 1'-0"
140
12.0
141
12.0
290
     0
  0
ACDBSECTIONVIEWSTYLE
  5
3C7
102
{ACAD_REACTORS
330
3C1
102
}
330
3C1
100
AcDbModelDocViewStyle
 70
     0
  3
Metric50
290
     1
300
Metric50
 90
        0
100
AcDbSectionViewStyle
 70
     0
 71
     0
 90
      102
 71
     1
340
11
 62
   256
 40
5.0
340
0
340
0
 62
   256
 40
5.0
300
I, O, Q, S, X, Z
 40
10.0
 90
        0
 40
2.5
 90
        0
 71
     2
340
16
 90
       25
 62
   256
340
16
 90
       50
 62
   256
 40
5.0
 40
2.5
 40
5.0
 71
     3
340
11
 62
   256
 40
5.0
 90
        0
 40
15.0
 90
        1
300
%<\AcVar ViewSectionStartId>%-%<\AcVar ViewSectionEndId>% (%<\AcVar ViewScale \f "%sn">%)
 71
     4
 62
   256
 62
   257
300
ANSI31
 40
1.0
 90
        0
290
     0
290
     0
 90
        6
 40
0.0
 40
1.570796326794896
 40
0.2617993877991494
 40
1.308996938995747
 40
-0.2617993877991494
 40
1.832595714594046
  0
TABLESTYLE
  5
6A
102
{ACAD_XDICTIONARY
360
3D8
102
}
102
{ACAD_REACTORS
330
69
102
}
330
69
100
AcDbTableStyle
280
     0
  3
Standard
 70
     0
 71
     0
 40
1.5
 41
1.5
280
     0
281
     0
  7
Standard
140
4.5
170
     2
 62
     0
 63
     7
283
     0
 90
        4
 91
        0
  1

274
    -2
284
     1
 64
     0
275
    -2
285
     1
 65
     0
276
    -2
286
     1
 66
     0
277
    -2
287
     1
 67
     0
278
    -2
288
     1
 68
     0
279
    -2
289
     1
 69
     0
  7
Standard
140
6.0
170
     5
 62
     0
 63
     7
283
     0
 90
        4
 91
        0
  1

274
    -2
284
     1
 64
     0
275
    -2
285
     1
 65
     0
276
    -2
286
     1
 66
     0
277
    -2
287
     1
 67
     0
278
    -2
288
     1
 68
     0
279
    -2
289
     1
 69
     0
  7
Standard
140
4.5
170
     5
 62
     0
 63
     7
283
     0
 90
        4
 91
        0
  1

274
    -2
284
     1
 64
     0
275
    -2
285
     1
 65
     0
276
    -2
286
     1
 66
     0
277
    -2
287
     1
 67
     0
278
    -2
288
     1
 68
     0
279
    -2
289
     1
 69
     0
  0
TABLESTYLE
  5
122
102
{ACAD_XDICTIONARY
360
3DA
102
}
102
{ACAD_REACTORS
330
69
102
}
330
69
100
AcDbTableStyle
280
     0
  3

 70
     0
 71
     0
 40
1.5
 41
1.5
280
     0
281
     0
  7
标准
140
4.5
170
     2
 62
     0
 63
     7
283
     0
 90
  4063232
 91
        0
  1

274
    -2
284
     1
 64
     0
275
    -2
285
     1
 65
     0
276
    -2
286
     1
 66
     0
277
    -2
287
     1
 67
     0
278
    -2
288
     1
 68
     0
279
    -2
289
     1
 69
     0
  7
标准
140
6.0
170
     5
 62
     0
 63
     7
283
     0
 90
  4063232
 91
        0
  1

274
    -2
284
     1
 64
     0
275
    -2
285
     1
 65
     0
276
    -2
286
     1
 66
     0
277
    -2
287
     1
 67
     0
278
    -2
288
     1
 68
     0
279
    -2
289
     1
 69
     0
  7
标准
140
4.5
170
     5
 62
     0
 63
     7
283
     0
 90
  4063232
 91
        0
  1

274
    -2
284
     1
 64
     0
275
    -2
285
     1
 65
     0
276
    -2
286
     1
 66
     0
277
    -2
287
     1
 67
     0
278
    -2
288
     1
 68
     0
279
    -2
289
     1
 69
     0
  0
VISUALSTYLE
  5
2F
102
{ACAD_REACTORS
330
2A
102
}
330
2A
100
AcDbVisualStyle
  2
2dWireframe
 70
     4
177
     3
291
     0
 70
    58
 90
        0
176
     1
 90
        2
176
     1
 90
        0
176
     1
 90
        0
176
     1
 40
0.6
176
     1
 40
30.0
176
     1
 62
     7
420
 16777215
176
     1
 90
        1
176
     1
 90
        4
176
     1
 62
     7
176
     1
 62
   257
176
     1
 90
        1
176
     1
 90
        1
176
     1
 40
1.0
176
     1
 90
        0
176
     1
 62
   257
176
     1
 40
1.0
176
     1
 90
        1
176
     1
 90
        6
176
     1
 90
        2
176
     1
 62
     7
176
     1
 90
        5
176
     1
 90
        0
176
     1
 90
        0
176
     1
290
     0
176
     1
 90
        1
176
     1
 40
0.0
176
     1
 90
        0
176
     1
290
     1
176
     1
290
     1
176
     1
290
     0
176
     1
290
     0
176
     1
290
     0
176
     1
290
     0
176
     1
290
     0
176
     1
290
     0
176
     1
290
     0
176
     1
 90
       50
176
     1
 40
0.0
176
     1
 40
1.0
176
     1
 90
        0
176
     1
 62
    18
420
        0
176
     1
 90
       50
176
     1
 90
        3
176
     1
 62
     5
420
      255
176
     1
290
     0
176
     1
 90
       50
176
     1
 90
       50
176
     1
 90
       50
176
     1
290
     0
176
     1
 90
       50
176
     1
 62
   256
176
     0
 40
1.0
176
     0
 90
        2
176
     1
  1
strokes_ogs.tif
176
     1
290
     0
176
     1
 40
1.0
176
     1
 40
1.0
176
     1
  0
VISUALSTYLE
  5
32
102
{ACAD_REACTORS
330
2A
102
}
330
2A
100
AcDbVisualStyle
  2
Basic
 70
     7
177
     3
291
     1
 70
    58
 90
        1
176
     1
 90
        0
176
     1
 90
        1
176
     1
 90
        0
176
     1
 40
0.6
176
     1
 40
30.0
176
     1
 62
     7
420
 16777215
176
     1
 90
        0
176
     1
 90
        4
176
     1
 62
     7
176
     1
 62
   257
176
     1
 90
        1
176
     1
 90
        1
176
     1
 40
1.0
176
     1
 90
        8
176
     1
 62
     7
176
     1
 40
1.0
176
     1
 90
        1
176
     1
 90
        6
176
     1
 90
        2
176
     1
 62
     7
176
     1
 90
        5
176
     1
 90
        0
176
     1
 90
        0
176
     1
290
     0
176
     1
 90
        1
176
     1
 40
0.0
176
     1
 90
        0
176
     1
290
     0
176
     1
290
     1
176
     1
290
     1
176
     1
290
     0
176
     1
290
     0
176
     1
290
     0
176
     1
290
     0
176
     1
290
     0
176
     1
290
     0
176
     1
 90
       50
176
     1
 40
0.0
176
     1
 40
1.0
176
     1
 90
        0
176
     1
 62
    18
420
        0
176
     1
 90
       50
176
     1
 90
        3
176
     1
 62
     5
420
      255
176
     1
290
     0
176
     1
 90
       50
176
     1
 90
       50
176
     1
 90
       50
176
     1
290
     0
176
     1
 90
       50
176
     1
 62
   256
176
     0
 40
1.0
176
     0
 90
        2
176
     1
  1
strokes_ogs.tif
176
     1
290
     0
176
     1
 40
1.0
176
     1
 40
1.0
176
     1
  0
VISUALSTYLE
  5
36
102
{ACAD_REACTORS
330
2A
102
}
330
2A
100
AcDbVisualStyle
  2
Brighten
 70
    12
177
     3
291
     1
 70
    58
 90
        2
176
     1
 90
        2
176
     1
 90
        0
176
     1
 90
        0
176
     1
 40
0.6
176
     1
 40
30.0
176
     1
 62
     7
420
 16777215
176
     1
 90
        1
176
     1
 90
        4
176
     1
 62
     7
176
     1
 62
   257
176
     1
 90
        1
176
     1
 90
        1
176
     1
 40
1.0
176
     1
 90
        8
176
     1
 62
     7
176
     1
 40
1.0
176
     1
 90
        1
176
     1
 90
        6
176
     1
 90
        2
176
     1
 62
     7
176
     1
 90
        5
176
     1
 90
        0
176
     1
 90
        0
176
     1
290
     0
176
     1
 90
        1
176
     1
 40
50.0
176
     1
 90
        0
176
     1
290
     0
176
     1
290
     1
176
     1
290
     1
176
     1
290
     0
176
     1
290
     0
176
     1
290
     0
176
     1
290
     0
176
     1
290
     0
176
     1
290
     0
176
     1
 90
       50
176
     1
 40
0.0
176
     1
 40
1.0
176
     1
 90
        0
176
     1
 62
    18
420
        0
176
     1
 90
       50
176
     1
 90
        3
176
     1
 62
     5
420
      255
176
     1
290
     0
176
     1
 90
       50
176
     1
 90
       50
176
     1
 90
       50
176
     1
290
     0
176
     1
 90
       50
176
     1
 62
   256
176
     0
 40
1.0
176
     0
 90
        2
176
     1
  1
strokes_ogs.tif
176
     1
290
     0
176
     1
 40
1.0
176
     1
 40
1.0
176
     1
  0
VISUALSTYLE
  5
3A
102
{ACAD_REACTORS
330
2A
102
}
330
2A
100
AcDbVisualStyle
  2
ColorChange
 70
    16
177
     3
291
     1
 70
    58
 90
        2
176
     1
 90
        2
176
     1
 90
        3
176
     1
 90
        0
176
     1
 40
0.6
176
     1
 40
30.0
176
     1
 62
     8
420
  8421504
176
     1
 90
        1
176
     1
 90
        4
176
     1
 62
     7
176
     1
 62
   257
176
     1
 90
        1
176
     1
 90
        1
176
     1
 40
1.0
176
     1
 90
        8
176
     1
 62
     8
420
  8421504
176
     1
 40
1.0
176
     1
 90
        1
176
     1
 90
        6
176
     1
 90
        2
176
     1
 62
     7
176
     1
 90
        5
176
     1
 90
        0
176
     1
 90
        0
176
     1
290
     0
176
     1
 90
        1
176
     1
 40
0.0
176
     1
 90
        0
176
     1
290
     0
176
     1
290
     1
176
     1
290
     1
176
     1
290
     0
176
     1
290
     0
176
     1
290
     0
176
     1
290
     0
176
     1
290
     0
176
     1
290
     0
176
     1
 90
       50
176
     1
 40
0.0
176
     1
 40
1.0
176
     1
 90
        0
176
     1
 62
    18
420
        0
176
     1
 90
       50
176
     1
 90
        3
176
     1
 62
     5
420
      255
176
     1
290
     0
176
     1
 90
       50
176
     1
 90
       50
176
     1
 90
       50
176
     1
290
     0
176
     1
 90
       50
176
     1
 62
   256
176
     0
 40
1.0
176
     0
 90
        2
176
     1
  1
strokes_ogs.tif
176
     1
290
     0
176
     1
 40
1.0
176
     1
 40
1.0
176
     1
  0
VISUALSTYLE
  5
34
102
{ACAD_REACTORS
330
2A
102
}
330
2A
100
AcDbVisualStyle
  2
Conceptual
 70
     9
177
     3
291
     0
 70
    58
 90
        3
176
     1
 90
        2
176
     1
 90
        0
176
     1
 90
        0
176
     1
 40
0.6
176
     1
 40
30.0
176
     1
 62
     7
420
 16777215
176
     1
 90
        2
176
     1
 90
        2
176
     1
 62
     7
176
     1
 62
   257
176
     1
 90
        1
176
     1
 90
        1
176
     1
 40
179.0
176
     1
 90
        8
176
     1
 62
     7
176
     1
 40
1.0
176
     1
 90
        1
176
     1
 90
        6
176
     1
 90
        2
176
     1
 62
     7
176
     1
 90
        3
176
     1
 90
        0
176
     1
 90
        0
176
     1
290
     0
176
     1
 90
        1
176
     1
 40
0.0
176
     1
 90
        0
176
     1
290
     0
176
     1
290
     1
176
     1
290
     1
176
     1
290
     0
176
     1
290
     0
176
     1
290
     0
176
     1
290
     0
176
     1
290
     0
176
     1
290
     0
176
     1
 90
       50
176
     1
 40
0.0
176
     1
 40
1.0
176
     1
 90
        0
176
     1
 62
    18
420
        0
176
     1
 90
       50
176
     1
 90
        3
176
     1
 62
     5
420
      255
176
     1
290
     0
176
     1
 90
       50
176
     1
 90
       50
176
     1
 90
       50
176
     1
290
     0
176
     1
 90
       50
176
     1
 62
   256
176
     0
 40
1.0
176
     0
 90
        2
176
     1
  1
strokes_ogs.tif
176
     1
290
     0
176
     1
 40
1.0
176
     1
 40
1.0
176
     1
  0
VISUALSTYLE
  5
35
102
{ACAD_REACTORS
330
2A
102
}
330
2A
100
AcDbVisualStyle
  2
Dim
 70
    11
177
     3
291
     1
 70
    58
 90
        2
176
     1
 90
        2
176
     1
 90
        0
176
     1
 90
        0
176
     1
 40
0.6
176
     1
 40
30.0
176
     1
 62
     7
420
 16777215
176
     1
 90
        1
176
     1
 90
        4
176
     1
 62
     7
176
     1
 62
   257
176
     1
 90
        1
176
     1
 90
        1
176
     1
 40
1.0
176
     1
 90
        8
176
     1
 62
     7
176
     1
 40
1.0
176
     1
 90
        1
176
     1
 90
        6
176
     1
 90
        2
176
     1
 62
     7
176
     1
 90
        5
176
     1
 90
        0
176
     1
 90
        0
176
     1
290
     0
176
     1
 90
        1
176
     1
 40
-50.0
176
     1
 90
        0
176
     1
290
     0
176
     1
290
     1
176
     1
290
     1
176
     1
290
     0
176
     1
290
     0
176
     1
290
     0
176
     1
290
     0
176
     1
290
     0
176
     1
290
     0
176
     1
 90
       50
176
     1
 40
0.0
176
     1
 40
1.0
176
     1
 90
        0
176
     1
 62
    18
420
        0
176
     1
 90
       50
176
     1
 90
        3
176
     1
 62
     5
420
      255
176
     1
290
     0
176
     1
 90
       50
176
     1
 90
       50
176
     1
 90
       50
176
     1
290
     0
176
     1
 90
       50
176
     1
 62
   256
176
     0
 40
1.0
176
     0
 90
        2
176
     1
  1
strokes_ogs.tif
176
     1
290
     0
176
     1
 40
1.0
176
     1
 40
1.0
176
     1
  0
VISUALSTYLE
  5
3D
102
{ACAD_REACTORS
330
2A
102
}
330
2A
100
AcDbVisualStyle
  2
EdgeColorOff
 70
    22
177
     3
291
     1
 70
    58
 90
        2
176
     0
 90
        2
176
     0
 90
        0
176
     0
 90
        0
176
     0
 40
0.6
176
     0
 40
30.0
176
     0
 62
     7
420
 16777215
176
     0
 90
        1
176
     0
 90
        4
176
     0
 62
     7
176
     0
 62
   257
176
     0
 90
        1
176
     0
 90
        1
176
     0
 40
1.0
176
     0
 90
        8
176
     2
 62
     7
176
     0
 40
1.0
176
     0
 90
        1
176
     0
 90
        6
176
     0
 90
        2
176
     0
 62
     7
176
     0
 90
        5
176
     0
 90
        0
176
     0
 90
        0
176
     0
290
     0
176
     0
 90
        1
176
     0
 40
0.0
176
     0
 90
        0
176
     0
290
     0
176
     0
290
     1
176
     0
290
     1
176
     0
290
     0
176
     0
290
     0
176
     0
290
     0
176
     0
290
     0
176
     0
290
     0
176
     0
290
     0
176
     0
 90
       50
176
     0
 40
0.0
176
     0
 40
1.0
176
     0
 90
        0
176
     0
 62
    18
420
        0
176
     0
 90
       50
176
     0
 90
        3
176
     0
 62
     5
420
      255
176
     0
290
     0
176
     0
 90
       50
176
     0
 90
       50
176
     0
 90
       50
176
     0
290
     0
176
     0
 90
       50
176
     0
 62
   256
176
     0
 40
1.0
176
     0
 90
        2
176
     0
  1
strokes_ogs.tif
176
     0
290
     0
176
     0
 40
1.0
176
     0
 40
1.0
176
     0
  0
VISUALSTYLE
  5
39
102
{ACAD_REACTORS
330
2A
102
}
330
2A
100
AcDbVisualStyle
  2
Facepattern
 70
    15
177
     3
291
     1
 70
    58
 90
        2
176
     1
 90
        2
176
     1
 90
        0
176
     1
 90
        0
176
     1
 40
0.6
176
     1
 40
30.0
176
     1
 62
     7
420
 16777215
176
     1
 90
        1
176
     1
 90
        4
176
     1
 62
     7
176
     1
 62
   257
176
     1
 90
        1
176
     1
 90
        1
176
     1
 40
1.0
176
     1
 90
        8
176
     1
 62
     7
176
     1
 40
1.0
176
     1
 90
        1
176
     1
 90
        6
176
     1
 90
        2
176
     1
 62
     7
176
     1
 90
        5
176
     1
 90
        0
176
     1
 90
        0
176
     1
290
     0
176
     1
 90
        1
176
     1
 40
0.0
176
     1
 90
        0
176
     1
290
     0
176
     1
290
     1
176
     1
290
     1
176
     1
290
     0
176
     1
290
     0
176
     1
290
     0
176
     1
290
     0
176
     1
290
     0
176
     1
290
     0
176
     1
 90
       50
176
     1
 40
0.0
176
     1
 40
1.0
176
     1
 90
        0
176
     1
 62
    18
420
        0
176
     1
 90
       50
176
     1
 90
        3
176
     1
 62
     5
420
      255
176
     1
290
     0
176
     1
 90
       50
176
     1
 90
       50
176
     1
 90
       50
176
     1
290
     0
176
     1
 90
       50
176
     1
 62
   256
176
     0
 40
1.0
176
     0
 90
        2
176
     1
  1
strokes_ogs.tif
176
     1
290
     0
176
     1
 40
1.0
176
     1
 40
1.0
176
     1
  0
VISUALSTYLE
  5
2B
102
{ACAD_REACTORS
330
2A
102
}
330
2A
100
AcDbVisualStyle
  2
Flat
 70
     0
177
     3
291
     1
 70
    58
 90
        2
176
     1
 90
        1
176
     1
 90
        1
176
     1
 90
        2
176
     1
 40
0.6
176
     1
 40
30.0
176
     1
 62
     7
420
 16777215
176
     1
 90
        0
176
     1
 90
        0
176
     1
 62
     7
176
     1
 62
   257
176
     1
 90
        1
176
     1
 90
        1
176
     1
 40
1.0
176
     1
 90
        8
176
     1
 62
     7
176
     1
 40
1.0
176
     1
 90
        1
176
     1
 90
        6
176
     1
 90
        2
176
     1
 62
     7
176
     1
 90
        5
176
     1
 90
        0
176
     1
 90
        0
176
     1
290
     0
176
     1
 90
       13
176
     1
 40
0.0
176
     1
 90
        0
176
     1
290
     0
176
     1
290
     1
176
     1
290
     1
176
     1
290
     0
176
     1
290
     0
176
     1
290
     0
176
     1
290
     0
176
     1
290
     0
176
     1
290
     0
176
     1
 90
       50
176
     1
 40
0.0
176
     1
 40
1.0
176
     1
 90
        0
176
     1
 62
    18
420
        0
176
     1
 90
       50
176
     1
 90
        3
176
     1
 62
     5
420
      255
176
     1
290
     0
176
     1
 90
       50
176
     1
 90
       50
176
     1
 90
       50
176
     1
290
     0
176
     1
 90
       50
176
     1
 62
   256
176
     0
 40
1.0
176
     0
 90
        2
176
     1
  1
strokes_ogs.tif
176
     1
290
     0
176
     1
 40
1.0
176
     1
 40
1.0
176
     1
  0
VISUALSTYLE
  5
2C
102
{ACAD_REACTORS
330
2A
102
}
330
2A
100
AcDbVisualStyle
  2
FlatWithEdges
 70
     1
177
     3
291
     1
 70
    58
 90
        2
176
     1
 90
        1
176
     1
 90
        1
176
     1
 90
        2
176
     1
 40
0.6
176
     1
 40
30.0
176
     1
 62
     7
420
 16777215
176
     1
 90
        1
176
     1
 90
        0
176
     1
 62
     7
176
     1
 62
   257
176
     1
 90
        1
176
     1
 90
        1
176
     1
 40
1.0
176
     1
 90
        0
176
     1
 62
   257
176
     1
 40
1.0
176
     1
 90
        1
176
     1
 90
        6
176
     1
 90
        2
176
     1
 62
     7
176
     1
 90
        5
176
     1
 90
        0
176
     1
 90
        0
176
     1
290
     0
176
     1
 90
       13
176
     1
 40
0.0
176
     1
 90
        0
176
     1
290
     0
176
     1
290
     1
176
     1
290
     1
176
     1
290
     0
176
     1
290
     0
176
     1
290
     0
176
     1
290
     0
176
     1
290
     0
176
     1
290
     0
176
     1
 90
       50
176
     1
 40
0.0
176
     1
 40
1.0
176
     1
 90
        0
176
     1
 62
    18
420
        0
176
     1
 90
       50
176
     1
 90
        3
176
     1
 62
     5
420
      255
176
     1
290
     0
176
     1
 90
       50
176
     1
 90
       50
176
     1
 90
       50
176
     1
290
     0
176
     1
 90
       50
176
     1
 62
   256
176
     0
 40
1.0
176
     0
 90
        2
176
     1
  1
strokes_ogs.tif
176
     1
290
     0
176
     1
 40
1.0
176
     1
 40
1.0
176
     1
  0
VISUALSTYLE
  5
2D
102
{ACAD_REACTORS
330
2A
102
}
330
2A
100
AcDbVisualStyle
  2
Gouraud
 70
     2
177
     3
291
     1
 70
    58
 90
        2
176
     1
 90
        2
176
     1
 90
        1
176
     1
 90
        2
176
     1
 40
0.6
176
     1
 40
30.0
176
     1
 62
     7
420
 16777215
176
     1
 90
        0
176
     1
 90
        0
176
     1
 62
     7
176
     1
 62
   257
176
     1
 90
        1
176
     1
 90
        1
176
     1
 40
1.0
176
     1
 90
        0
176
     1
 62
     7
176
     1
 40
1.0
176
     1
 90
        1
176
     1
 90
        6
176
     1
 90
        2
176
     1
 62
     7
176
     1
 90
        5
176
     1
 90
        0
176
     1
 90
        0
176
     1
290
     0
176
     1
 90
       13
176
     1
 40
0.0
176
     1
 90
        0
176
     1
290
     0
176
     1
290
     1
176
     1
290
     1
176
     1
290
     0
176
     1
290
     0
176
     1
290
     0
176
     1
290
     0
176
     1
290
     0
176
     1
290
     0
176
     1
 90
       50
176
     1
 40
0.0
176
     1
 40
1.0
176
     1
 90
        0
176
     1
 62
    18
420
        0
176
     1
 90
       50
176
     1
 90
        3
176
     1
 62
     5
420
      255
176
     1
290
     0
176
     1
 90
       50
176
     1
 90
       50
176
     1
 90
       50
176
     1
290
     0
176
     1
 90
       50
176
     1
 62
   256
176
     0
 40
1.0
176
     0
 90
        2
176
     1
  1
strokes_ogs.tif
176
     1
290
     0
176
     1
 40
1.0
176
     1
 40
1.0
176
     1
  0
VISUALSTYLE
  5
2E
102
{ACAD_REACTORS
330
2A
102
}
330
2A
100
AcDbVisualStyle
  2
GouraudWithEdges
 70
     3
177
     3
291
     1
 70
    58
 90
        2
176
     1
 90
        2
176
     1
 90
        1
176
     1
 90
        2
176
     1
 40
0.6
176
     1
 40
30.0
176
     1
 62
     7
420
 16777215
176
     1
 90
        1
176
     1
 90
        0
176
     1
 62
     7
176
     1
 62
   257
176
     1
 90
        1
176
     1
 90
        1
176
     1
 40
1.0
176
     1
 90
        0
176
     1
 62
   257
176
     1
 40
1.0
176
     1
 90
        1
176
     1
 90
        6
176
     1
 90
        2
176
     1
 62
     7
176
     1
 90
        5
176
     1
 90
        0
176
     1
 90
        0
176
     1
290
     0
176
     1
 90
       13
176
     1
 40
0.0
176
     1
 90
        0
176
     1
290
     0
176
     1
290
     1
176
     1
290
     1
176
     1
290
     0
176
     1
290
     0
176
     1
290
     0
176
     1
290
     0
176
     1
290
     0
176
     1
290
     0
176
     1
 90
       50
176
     1
 40
0.0
176
     1
 40
1.0
176
     1
 90
        0
176
     1
 62
    18
420
        0
176
     1
 90
       50
176
     1
 90
        3
176
     1
 62
     5
420
      255
176
     1
290
     0
176
     1
 90
       50
176
     1
 90
       50
176
     1
 90
       50
176
     1
290
     0
176
     1
 90
       50
176
     1
 62
   256
176
     0
 40
1.0
176
     0
 90
        2
176
     1
  1
strokes_ogs.tif
176
     1
290
     0
176
     1
 40
1.0
176
     1
 40
1.0
176
     1
  0
VISUALSTYLE
  5
31
102
{ACAD_REACTORS
330
2A
102
}
330
2A
100
AcDbVisualStyle
  2
Hidden
 70
     6
177
     3
291
     0
 70
    58
 90
        1
176
     1
 90
        2
176
     1
 90
        2
176
     1
 90
        0
176
     1
 40
0.6
176
     1
 40
30.0
176
     1
 62
     7
420
 16777215
176
     1
 90
        2
176
     1
 90
        2
176
     1
 62
     7
176
     1
 62
   257
176
     1
 90
        2
176
     1
 90
        1
176
     1
 40
40.0
176
     1
 90
        0
176
     1
 62
   257
176
     1
 40
1.0
176
     1
 90
        1
176
     1
 90
        6
176
     1
 90
        2
176
     1
 62
     7
176
     1
 90
        3
176
     1
 90
        0
176
     1
 90
        0
176
     1
290
     0
176
     1
 90
        1
176
     1
 40
0.0
176
     1
 90
        0
176
     1
290
     0
176
     1
290
     1
176
     1
290
     1
176
     1
290
     0
176
     1
290
     0
176
     1
290
     0
176
     1
290
     0
176
     1
290
     0
176
     1
290
     0
176
     1
 90
       50
176
     1
 40
0.0
176
     1
 40
1.0
176
     1
 90
        0
176
     1
 62
    18
420
        0
176
     1
 90
       50
176
     1
 90
        3
176
     1
 62
     5
420
      255
176
     1
290
     0
176
     1
 90
       50
176
     1
 90
       50
176
     1
 90
       50
176
     1
290
     0
176
     1
 90
       50
176
     1
 62
   256
176
     0
 40
1.0
176
     0
 90
        2
176
     1
  1
strokes_ogs.tif
176
     1
290
     0
176
     1
 40
1.0
176
     1
 40
1.0
176
     1
  0
VISUALSTYLE
  5
3B
102
{ACAD_REACTORS
330
2A
102
}
330
2A
100
AcDbVisualStyle
  2
JitterOff
 70
    20
177
     3
291
     1
 70
    58
 90
        2
176
     0
 90
        2
176
     0
 90
        0
176
     0
 90
        0
176
     0
 40
0.6
176
     0
 40
30.0
176
     0
 62
     7
420
 16777215
176
     0
 90
        1
176
     0
 90
        4
176
     0
 62
     7
176
     0
 62
   257
176
     0
 90
        1
176
     0
 90
        1
176
     0
 40
1.0
176
     0
 90
       10
176
     2
 62
     7
176
     0
 40
1.0
176
     0
 90
        1
176
     0
 90
        6
176
     0
 90
        2
176
     0
 62
     7
176
     0
 90
        5
176
     0
 90
        0
176
     0
 90
        0
176
     0
290
     0
176
     0
 90
        1
176
     0
 40
0.0
176
     0
 90
        0
176
     0
290
     0
176
     0
290
     1
176
     0
290
     1
176
     0
290
     0
176
     0
290
     0
176
     0
290
     0
176
     0
290
     0
176
     0
290
     0
176
     0
290
     0
176
     0
 90
       50
176
     0
 40
0.0
176
     0
 40
1.0
176
     0
 90
        0
176
     0
 62
    18
420
        0
176
     0
 90
       50
176
     0
 90
        3
176
     0
 62
     5
420
      255
176
     0
290
     0
176
     0
 90
       50
176
     0
 90
       50
176
     0
 90
       50
176
     0
290
     0
176
     0
 90
       50
176
     0
 62
   256
176
     0
 40
1.0
176
     0
 90
        2
176
     0
  1
strokes_ogs.tif
176
     0
290
     0
176
     0
 40
1.0
176
     0
 40
1.0
176
     0
  0
VISUALSTYLE
  5
38
102
{ACAD_REACTORS
330
2A
102
}
330
2A
100
AcDbVisualStyle
  2
Linepattern
 70
    14
177
     3
291
     1
 70
    58
 90
        2
176
     1
 90
        2
176
     1
 90
        0
176
     1
 90
        0
176
     1
 40
0.6
176
     1
 40
30.0
176
     1
 62
     7
420
 16777215
176
     1
 90
        1
176
     1
 90
        4
176
     1
 62
     7
176
     1
 62
   257
176
     1
 90
        7
176
     1
 90
        7
176
     1
 40
1.0
176
     1
 90
        8
176
     1
 62
     7
176
     1
 40
1.0
176
     1
 90
        1
176
     1
 90
        6
176
     1
 90
        2
176
     1
 62
     7
176
     1
 90
        5
176
     1
 90
        0
176
     1
 90
        0
176
     1
290
     0
176
     1
 90
        1
176
     1
 40
0.0
176
     1
 90
        0
176
     1
290
     0
176
     1
290
     1
176
     1
290
     1
176
     1
290
     0
176
     1
290
     0
176
     1
290
     0
176
     1
290
     0
176
     1
290
     0
176
     1
290
     0
176
     1
 90
       50
176
     1
 40
0.0
176
     1
 40
1.0
176
     1
 90
        0
176
     1
 62
    18
420
        0
176
     1
 90
       50
176
     1
 90
        3
176
     1
 62
     5
420
      255
176
     1
290
     0
176
     1
 90
       50
176
     1
 90
       50
176
     1
 90
       50
176
     1
290
     0
176
     1
 90
       50
176
     1
 62
   256
176
     0
 40
1.0
176
     0
 90
        2
176
     1
  1
strokes_ogs.tif
176
     1
290
     0
176
     1
 40
1.0
176
     1
 40
1.0
176
     1
  0
VISUALSTYLE
  5
3C
102
{ACAD_REACTORS
330
2A
102
}
330
2A
100
AcDbVisualStyle
  2
OverhangOff
 70
    21
177
     3
291
     1
 70
    58
 90
        2
176
     0
 90
        2
176
     0
 90
        0
176
     0
 90
        0
176
     0
 40
0.6
176
     0
 40
30.0
176
     0
 62
     7
420
 16777215
176
     0
 90
        1
176
     0
 90
        4
176
     0
 62
     7
176
     0
 62
   257
176
     0
 90
        1
176
     0
 90
        1
176
     0
 40
1.0
176
     0
 90
        9
176
     2
 62
     7
176
     0
 40
1.0
176
     0
 90
        1
176
     0
 90
        6
176
     0
 90
        2
176
     0
 62
     7
176
     0
 90
        5
176
     0
 90
        0
176
     0
 90
        0
176
     0
290
     0
176
     0
 90
        1
176
     0
 40
0.0
176
     0
 90
        0
176
     0
290
     0
176
     0
290
     1
176
     0
290
     1
176
     0
290
     0
176
     0
290
     0
176
     0
290
     0
176
     0
290
     0
176
     0
290
     0
176
     0
290
     0
176
     0
 90
       50
176
     0
 40
0.0
176
     0
 40
1.0
176
     0
 90
        0
176
     0
 62
    18
420
        0
176
     0
 90
       50
176
     0
 90
        3
176
     0
 62
     5
420
      255
176
     0
290
     0
176
     0
 90
       50
176
     0
 90
       50
176
     0
 90
       50
176
     0
290
     0
176
     0
 90
       50
176
     0
 62
   256
176
     0
 40
1.0
176
     0
 90
        2
176
     0
  1
strokes_ogs.tif
176
     0
290
     0
176
     0
 40
1.0
176
     0
 40
1.0
176
     0
  0
VISUALSTYLE
  5
33
102
{ACAD_REACTORS
330
2A
102
}
330
2A
100
AcDbVisualStyle
  2
Realistic
 70
     8
177
     3
291
     0
 70
    58
 90
        2
176
     1
 90
        3
176
     1
 90
        0
176
     1
 90
        2
176
     1
 40
0.6
176
     1
 40
30.0
176
     1
 62
     7
420
 16777215
176
     1
 90
        0
176
     1
 90
        0
176
     1
 62
     7
176
     1
 62
   257
176
     1
 90
        1
176
     1
 90
        1
176
     1
 40
1.0
176
     1
 90
        8
176
     1
 62
   257
176
     1
 40
1.0
176
     1
 90
        1
176
     1
 90
        6
176
     1
 90
        2
176
     1
 62
     7
176
     1
 90
        3
176
     1
 90
        0
176
     1
 90
        0
176
     1
290
     0
176
     1
 90
       13
176
     1
 40
0.0
176
     1
 90
        0
176
     1
290
     0
176
     1
290
     1
176
     1
290
     1
176
     1
290
     0
176
     1
290
     0
176
     1
290
     0
176
     1
290
     0
176
     1
290
     0
176
     1
290
     0
176
     1
 90
       50
176
     1
 40
0.0
176
     1
 40
1.0
176
     1
 90
        0
176
     1
 62
    18
420
        0
176
     1
 90
       50
176
     1
 90
        3
176
     1
 62
     5
420
      255
176
     1
290
     0
176
     1
 90
       50
176
     1
 90
       50
176
     1
 90
       50
176
     1
290
     0
176
     1
 90
       50
176
     1
 62
   256
176
     0
 40
1.0
176
     0
 90
        2
176
     1
  1
strokes_ogs.tif
176
     1
290
     0
176
     1
 40
1.0
176
     1
 40
1.0
176
     1
  0
VISUALSTYLE
  5
42
102
{ACAD_REACTORS
330
2A
102
}
330
2A
100
AcDbVisualStyle
  2
Shaded
 70
    27
177
     3
291
     0
 70
    58
 90
        2
176
     1
 90
        2
176
     1
 90
        1
176
     1
 90
        2
176
     1
 40
0.6
176
     1
 40
30.0
176
     1
 62
     7
420
 16777215
176
     1
 90
        0
176
     1
 90
        4
176
     1
 62
     7
176
     1
 62
   257
176
     1
 90
        1
176
     1
 90
        1
176
     1
 40
1.0
176
     1
 90
        8
176
     1
 62
   257
176
     1
 40
1.0
176
     1
 90
        1
176
     1
 90
        6
176
     1
 90
        2
176
     1
 62
     8
420
  7895160
176
     1
 90
        3
176
     1
 90
        0
176
     1
 90
        0
176
     1
290
     0
176
     1
 90
        5
176
     1
 40
0.0
176
     1
 90
        0
176
     1
290
     0
176
     1
290
     1
176
     1
290
     1
176
     1
290
     0
176
     1
290
     0
176
     1
290
     0
176
     1
290
     0
176
     1
290
     0
176
     1
290
     0
176
     1
 90
       50
176
     1
 40
0.0
176
     1
 40
1.0
176
     1
 90
        0
176
     1
 62
    18
420
        0
176
     1
 90
       50
176
     1
 90
        3
176
     1
 62
     5
420
      255
176
     1
290
     0
176
     1
 90
       50
176
     1
 90
       50
176
     1
 90
       50
176
     1
290
     0
176
     1
 90
       50
176
     1
 62
   256
176
     0
 40
1.0
176
     0
 90
        2
176
     1
  1
strokes_ogs.tif
176
     1
290
     0
176
     1
 40
1.0
176
     1
 40
1.0
176
     1
  0
VISUALSTYLE
  5
41
102
{ACAD_REACTORS
330
2A
102
}
330
2A
100
AcDbVisualStyle
  2
Shaded with edges
 70
    26
177
     3
291
     0
 70
    58
 90
        2
176
     1
 90
        2
176
     1
 90
        1
176
     1
 90
        2
176
     1
 40
0.6
176
     1
 40
30.0
176
     1
 62
     7
420
 16777215
176
     1
 90
        1
176
     1
 90
        2
176
     1
 62
     7
176
     1
 62
   257
176
     1
 90
        2
176
     1
 90
        1
176
     1
 40
1.0
176
     1
 90
        8
176
     1
 62
   257
176
     1
 40
1.0
176
     1
 90
        1
176
     1
 90
        6
176
     1
 90
        2
176
     1
 62
     7
176
     1
 90
        3
176
     1
 90
        0
176
     1
 90
        0
176
     1
290
     0
176
     1
 90
        5
176
     1
 40
0.0
176
     1
 90
        0
176
     1
290
     0
176
     1
290
     1
176
     1
290
     1
176
     1
290
     0
176
     1
290
     0
176
     1
290
     0
176
     1
290
     0
176
     1
290
     0
176
     1
290
     0
176
     1
 90
       50
176
     1
 40
0.0
176
     1
 40
1.0
176
     1
 90
        0
176
     1
 62
    18
420
        0
176
     1
 90
       50
176
     1
 90
        3
176
     1
 62
     5
420
      255
176
     1
290
     0
176
     1
 90
       50
176
     1
 90
       50
176
     1
 90
       50
176
     1
290
     0
176
     1
 90
       50
176
     1
 62
   256
176
     0
 40
1.0
176
     0
 90
        2
176
     1
  1
strokes_ogs.tif
176
     1
290
     0
176
     1
 40
1.0
176
     1
 40
1.0
176
     1
  0
VISUALSTYLE
  5
3E
102
{ACAD_REACTORS
330
2A
102
}
330
2A
100
AcDbVisualStyle
  2
Shades of Gray
 70
    23
177
     3
291
     0
 70
    58
 90
        2
176
     1
 90
        2
176
     1
 90
        3
176
     1
 90
        0
176
     1
 40
0.6
176
     1
 40
30.0
176
     1
 62
     7
420
 16777215
176
     1
 90
        2
176
     1
 90
        2
176
     1
 62
     7
176
     1
 62
     7
176
     1
 90
        1
176
     1
 90
        1
176
     1
 40
40.0
176
     1
 90
        8
176
     1
 62
     7
176
     1
 40
1.0
176
     1
 90
        1
176
     1
 90
        6
176
     1
 90
        2
176
     1
 62
     7
176
     1
 90
        3
176
     1
 90
        0
176
     1
 90
        0
176
     1
290
     0
176
     1
 90
        1
176
     1
 40
0.0
176
     1
 90
        0
176
     1
290
     0
176
     1
290
     1
176
     1
290
     1
176
     1
290
     0
176
     1
290
     0
176
     1
290
     0
176
     1
290
     0
176
     1
290
     0
176
     1
290
     0
176
     1
 90
       50
176
     1
 40
0.0
176
     1
 40
1.0
176
     1
 90
        0
176
     1
 62
    18
420
        0
176
     1
 90
       50
176
     1
 90
        3
176
     1
 62
     5
420
      255
176
     1
290
     0
176
     1
 90
       50
176
     1
 90
       50
176
     1
 90
       50
176
     1
290
     0
176
     1
 90
       50
176
     1
 62
   256
176
     0
 40
1.0
176
     0
 90
        2
176
     1
  1
strokes_ogs.tif
176
     1
290
     0
176
     1
 40
1.0
176
     1
 40
1.0
176
     1
  0
VISUALSTYLE
  5
3F
102
{ACAD_REACTORS
330
2A
102
}
330
2A
100
AcDbVisualStyle
  2
Sketchy
 70
    24
177
     3
291
     0
 70
    58
 90
        1
176
     1
 90
        2
176
     1
 90
        2
176
     1
 90
        0
176
     1
 40
0.6
176
     1
 40
30.0
176
     1
 62
     7
420
 16777215
176
     1
 90
        2
176
     1
 90
        2
176
     1
 62
     7
176
     1
 62
     7
176
     1
 90
        1
176
     1
 90
        1
176
     1
 40
40.0
176
     1
 90
       11
176
     1
 62
     7
176
     1
 40
1.0
176
     1
 90
        1
176
     1
 90
        6
176
     1
 90
        2
176
     1
 62
     7
176
     1
 90
        6
176
     1
 90
        0
176
     1
 90
        0
176
     1
290
     0
176
     1
 90
        1
176
     1
 40
0.0
176
     1
 90
        0
176
     1
290
     0
176
     1
290
     1
176
     1
290
     1
176
     1
290
     0
176
     1
290
     0
176
     1
290
     0
176
     1
290
     0
176
     1
290
     0
176
     1
290
     0
176
     1
 90
       50
176
     1
 40
0.0
176
     1
 40
1.0
176
     1
 90
        0
176
     1
 62
    18
420
        0
176
     1
 90
       50
176
     1
 90
        3
176
     1
 62
     5
420
      255
176
     1
290
     0
176
     1
 90
       50
176
     1
 90
       50
176
     1
 90
       50
176
     1
290
     0
176
     1
 90
       50
176
     1
 62
   256
176
     0
 40
1.0
176
     0
 90
        2
176
     1
  1
strokes_ogs.tif
176
     1
290
     0
176
     1
 40
1.0
176
     1
 40
1.0
176
     1
  0
VISUALSTYLE
  5
37
102
{ACAD_REACTORS
330
2A
102
}
330
2A
100
AcDbVisualStyle
  2
Thicken
 70
    13
177
     3
291
     1
 70
    58
 90
        2
176
     1
 90
        2
176
     1
 90
        0
176
     1
 90
        0
176
     1
 40
0.6
176
     1
 40
30.0
176
     1
 62
     7
420
 16777215
176
     1
 90
        1
176
     1
 90
        4
176
     1
 62
     7
176
     1
 62
   257
176
     1
 90
        1
176
     1
 90
        1
176
     1
 40
1.0
176
     1
 90
       12
176
     1
 62
     7
176
     1
 40
1.0
176
     1
 90
        1
176
     1
 90
        6
176
     1
 90
        2
176
     1
 62
     7
176
     1
 90
        5
176
     1
 90
        0
176
     1
 90
        0
176
     1
290
     0
176
     1
 90
        1
176
     1
 40
0.0
176
     1
 90
        0
176
     1
290
     0
176
     1
290
     1
176
     1
290
     1
176
     1
290
     0
176
     1
290
     0
176
     1
290
     0
176
     1
290
     0
176
     1
290
     0
176
     1
290
     0
176
     1
 90
       50
176
     1
 40
0.0
176
     1
 40
1.0
176
     1
 90
        0
176
     1
 62
    18
420
        0
176
     1
 90
       50
176
     1
 90
        3
176
     1
 62
     5
420
      255
176
     1
290
     0
176
     1
 90
       50
176
     1
 90
       50
176
     1
 90
       50
176
     1
290
     0
176
     1
 90
       50
176
     1
 62
   256
176
     0
 40
1.0
176
     0
 90
        2
176
     1
  1
strokes_ogs.tif
176
     1
290
     0
176
     1
 40
1.0
176
     1
 40
1.0
176
     1
  0
VISUALSTYLE
  5
30
102
{ACAD_REACTORS
330
2A
102
}
330
2A
100
AcDbVisualStyle
  2
Wireframe
 70
     5
177
     3
291
     0
 70
    58
 90
        0
176
     1
 90
        2
176
     1
 90
        0
176
     1
 90
        0
176
     1
 40
0.6
176
     1
 40
30.0
176
     1
 62
     7
420
 16777215
176
     1
 90
        1
176
     1
 90
        4
176
     1
 62
     7
176
     1
 62
   257
176
     1
 90
        1
176
     1
 90
        1
176
     1
 40
1.0
176
     1
 90
        0
176
     1
 62
   257
176
     1
 40
1.0
176
     1
 90
        1
176
     1
 90
        6
176
     1
 90
        2
176
     1
 62
     7
176
     1
 90
        3
176
     1
 90
        0
176
     1
 90
        0
176
     1
290
     0
176
     1
 90
        1
176
     1
 40
0.0
176
     1
 90
        0
176
     1
290
     0
176
     1
290
     1
176
     1
290
     1
176
     1
290
     0
176
     1
290
     0
176
     1
290
     0
176
     1
290
     0
176
     1
290
     0
176
     1
290
     0
176
     1
 90
       50
176
     1
 40
0.0
176
     1
 40
1.0
176
     1
 90
        0
176
     1
 62
    18
420
        0
176
     1
 90
       50
176
     1
 90
        3
176
     1
 62
     5
420
      255
176
     1
290
     0
176
     1
 90
       50
176
     1
 90
       50
176
     1
 90
       50
176
     1
290
     0
176
     1
 90
       50
176
     1
 62
   256
176
     0
 40
1.0
176
     0
 90
        2
176
     1
  1
strokes_ogs.tif
176
     1
290
     0
176
     1
 40
1.0
176
     1
 40
1.0
176
     1
  0
VISUALSTYLE
  5
40
102
{ACAD_REACTORS
330
2A
102
}
330
2A
100
AcDbVisualStyle
  2
X-Ray
 70
    25
177
     3
291
     0
 70
    58
 90
        2
176
     1
 90
        2
176
     1
 90
        1
176
     1
 90
        1
176
     1
 40
0.5
176
     1
 40
30.0
176
     1
 62
     7
420
 16777215
176
     1
 90
        1
176
     1
 90
        0
176
     1
 62
     7
176
     1
 62
   257
176
     1
 90
        1
176
     1
 90
        1
176
     1
 40
1.0
176
     1
 90
        8
176
     1
 62
     7
176
     1
 40
1.0
176
     1
 90
        1
176
     1
 90
        6
176
     1
 90
        2
176
     1
 62
     7
176
     1
 90
        3
176
     1
 90
        0
176
     1
 90
        0
176
     1
290
     0
176
     1
 90
       13
176
     1
 40
0.0
176
     1
 90
        0
176
     1
290
     0
176
     1
290
     1
176
     1
290
     1
176
     1
290
     0
176
     1
290
     0
176
     1
290
     0
176
     1
290
     0
176
     1
290
     0
176
     1
290
     0
176
     1
 90
       50
176
     1
 40
0.0
176
     1
 40
1.0
176
     1
 90
        0
176
     1
 62
    18
420
        0
176
     1
 90
       50
176
     1
 90
        3
176
     1
 62
     5
420
      255
176
     1
290
     0
176
     1
 90
       50
176
     1
 90
       50
176
     1
 90
       50
176
     1
290
     0
176
     1
 90
       50
176
     1
 62
   256
176
     0
 40
1.0
176
     0
 90
        2
176
     1
  1
strokes_ogs.tif
176
     1
290
     0
176
     1
 40
1.0
176
     1
 40
1.0
176
     1
  0
DICTIONARYVAR
  5
38D
102
{ACAD_REACTORS
330
38C
102
}
330
38C
100
DictionaryVariables
280
     0
  1
1:1
  0
DICTIONARYVAR
  5
3C2
102
{ACAD_REACTORS
330
38C
102
}
330
38C
100
DictionaryVariables
280
     0
  1
3.500000
  0
DICTIONARYVAR
  5
3C3
102
{ACAD_REACTORS
330
38C
102
}
330
38C
100
DictionaryVariables
280
     0
  1
acadiso.lin
  0
DICTIONARYVAR
  5
3BF
102
{ACAD_REACTORS
330
38C
102
}
330
38C
100
DictionaryVariables
280
     0
  1
STANDARD
  0
DICTIONARYVAR
  5
3BE
102
{ACAD_REACTORS
330
38C
102
}
330
38C
100
DictionaryVariables
280
     0
  1
STANDARD
  0
DICTIONARYVAR
  5
3D0
102
{ACAD_REACTORS
330
38C
102
}
330
38C
100
DictionaryVariables
280
     0
  1
Metric50
  0
DICTIONARYVAR
  5
3D1
102
{ACAD_REACTORS
330
38C
102
}
330
38C
100
DictionaryVariables
280
     0
  1
Metric50
  0
XRECORD
  5
11E
102
{ACAD_REACTORS
330
11D
102
}
330
11D
100
AcDbXrecord
280
     1
1000

1000
CAXA_DRAFT_CURRENTBOMSTYLE
1000
GB(4458.2-2003)
  0
XRECORD
  5
120
102
{ACAD_REACTORS
330
11D
102
}
330
11D
100
AcDbXrecord
280
     1
1000

1000
CAXA_DRAFT_BOMSTYLE
1000
GB(4458.2-2003)
1000

1041
7.0
1071
        0
1071
     1011
1041
1.659999999999999
1041
0.5
1071
1090519039
1071
1090519039
1071
1090519039
1071
1090519039
1041
3.5
1000
标准
1000
Continuous
1041
0.5
1071
        4
1041
0.5
1071
        4
1041
0.5
1071
        4
1041
0.5
1071
        4
1041
0.5
1071
        4
1041
0.25
1071
        3
1041
0.5
1071
        4
1041
0.5
1071
        4
1041
0.5
1071
        4
1041
0.5
1071
        4
1041
0.5
1071
        4
1041
0.25
1071
        3
1070
     0
1071
       10
1000
序号
1000
IndexID
1000

1071
       10
1071
       16
1070
     2
1070
     0
1041
0.0
1041
0.0
1041
0.0
1041
8.0
1041
14.0
1041
1.659999999999999
1041
0.5
1041
5.0
1000
标准
1071
        4
1070
     3
1071
     1001
1000
代号
1000
PCPNo
1000

1071
       10
1071
       32
1070
     2
1070
     0
1041
8.0
1041
0.0
1041
0.0
1041
40.0
1041
14.0
1041
1.659999999999999
1041
0.5
1041
5.0
1000
标准
1071
        4
1070
     3
1071
     1002
1000
名称
1000
PCPName
1000

1071
       10
1071
       32
1070
     2
1070
     0
1041
48.0
1041
0.0
1041
0.0
1041
44.0
1041
14.0
1041
1.659999999999999
1041
0.5
1041
5.0
1000
标准
1071
        4
1070
     3
1071
     1003
1000
数量
1000
Amount
1000

1071
        3
1071
       32
1070
     2
1070
     0
1041
92.0
1041
0.0
1041
0.0
1041
8.0
1041
14.0
1041
1.659999999999999
1041
0.5
1041
5.0
1000
标准
1071
        4
1070
     3
1071
     1004
1000
材料
1000
MaterialName
1000

1071
       10
1071
       32
1070
     2
1070
     0
1041
100.0
1041
0.0
1041
0.0
1041
38.0
1041
14.0
1041
1.659999999999999
1041
0.5
1041
5.0
1000
标准
1071
        4
1070
     3
1071
     1005
1000
重量
1000

1000

1071
        7
1071
       32
1070
     2
1070
     0
1041
138.0
1041
0.0
1041
0.0
1041
22.0
1041
7.0
1041
1.659999999999999
1041
0.5
1041
3.5
1000
标准
1071
        4
1070
     3
1071
     1006
1000
单件
1000
Weight
1000

1071
        7
1071
       32
1070
     2
1070
     1
1041
138.0
1041
7.0
1041
0.0
1041
10.0
1041
7.0
1041
1.659999999999999
1041
0.5
1041
3.5
1000
标准
1071
        4
1070
     3
1071
     1007
1000
总计
1000
TWeight
1000

1071
        7
1071
       32
1070
     2
1070
     1
1041
148.0
1041
7.0
1041
0.0
1041
12.0
1041
7.0
1041
1.659999999999999
1041
0.5
1041
3.5
1000
标准
1071
        4
1070
     3
1071
     1008
1000
备注
1000
Remark
1000

1071
       10
1071
       50
1070
     2
1070
     0
1041
160.0
1041
0.0
1041
0.0
1041
20.0
1041
14.0
1041
1.659999999999999
1041
0.5
1041
5.0
1000
标准
1071
        4
1070
     3
1071
     1009
1000
来源
1000
Source
1000

1071
       10
1071
       32
1070
     2
1070
     0
1041
180.0
1041
0.0
1041
0.0
1041
0.0
1041
14.0
1041
1.659999999999999
1041
0.5
1041
5.0
1000
标准
1071
        4
1070
     3
1071
     1010
1071
1090519039
1071
1090519039
1071
1090519039
1071
        1
1071
        7
1000
代号
1000
名称
1000
材料
1000
单件
1000
总计
1000
备注
1000
来源
1071
        1
1000
数量
1071
1090519039
1041
1.75
1041
0.875
1041
1.199999999999999
1041
1.199999999999999
1041
1.75
1041
0.875
1041
1.199999999999999
1041
1.199999999999999
  0
XRECORD
  5
11F
102
{ACAD_REACTORS
330
11D
102
}
330
11D
100
AcDbXrecord
280
     1
1000

1000
CAXA_DRAFT_BOMSTYLE
1000
标准
1000

1041
7.0
1071
        0
1071
     1011
1041
1.659999999999999
1041
0.5
1071
1090519039
1071
1090519039
1071
1090519039
1071
1090519039
1041
3.5
1000
标准
1000
Continuous
1041
0.5
1071
        4
1041
0.5
1071
        4
1041
0.5
1071
        4
1041
0.5
1071
        4
1041
0.5
1071
        4
1041
0.25
1071
        3
1041
0.5
1071
        4
1041
0.5
1071
        4
1041
0.5
1071
        4
1041
0.5
1071
        4
1041
0.5
1071
        4
1041
0.25
1071
        3
1070
     0
1071
       10
1000
序号
1000
IndexID
1000

1071
       10
1071
       16
1070
     2
1070
     0
1041
0.0
1041
0.0
1041
0.0
1041
8.0
1041
14.0
1041
1.659999999999999
1041
0.5
1041
5.0
1000
标准
1071
        4
1070
     3
1071
     1001
1000
代号
1000
PCPNo
1000

1071
       10
1071
       32
1070
     2
1070
     0
1041
8.0
1041
0.0
1041
0.0
1041
40.0
1041
14.0
1041
1.659999999999999
1041
0.5
1041
5.0
1000
标准
1071
        4
1070
     3
1071
     1002
1000
名称
1000
PCPName
1000

1071
       10
1071
       32
1070
     2
1070
     0
1041
48.0
1041
0.0
1041
0.0
1041
44.0
1041
14.0
1041
1.659999999999999
1041
0.5
1041
5.0
1000
标准
1071
        4
1070
     3
1071
     1003
1000
数量
1000
Amount
1000

1071
        3
1071
       32
1070
     2
1070
     0
1041
92.0
1041
0.0
1041
0.0
1041
8.0
1041
14.0
1041
1.659999999999999
1041
0.5
1041
5.0
1000
标准
1071
        4
1070
     3
1071
     1004
1000
材料
1000
MaterialName
1000

1071
       10
1071
       32
1070
     2
1070
     0
1041
100.0
1041
0.0
1041
0.0
1041
38.0
1041
14.0
1041
1.659999999999999
1041
0.5
1041
5.0
1000
标准
1071
        4
1070
     3
1071
     1005
1000
重量
1000

1000

1071
        7
1071
       32
1070
     2
1070
     0
1041
138.0
1041
0.0
1041
0.0
1041
22.0
1041
7.0
1041
1.659999999999999
1041
0.5
1041
3.5
1000
标准
1071
        4
1070
     3
1071
     1006
1000
单件
1000
Weight
1000

1071
        7
1071
       32
1070
     2
1070
     1
1041
138.0
1041
7.0
1041
0.0
1041
10.0
1041
7.0
1041
1.659999999999999
1041
0.5
1041
3.5
1000
标准
1071
        4
1070
     3
1071
     1007
1000
总计
1000
TWeight
1000

1071
        7
1071
       32
1070
     2
1070
     1
1041
148.0
1041
7.0
1041
0.0
1041
12.0
1041
7.0
1041
1.659999999999999
1041
0.5
1041
3.5
1000
标准
1071
        4
1070
     3
1071
     1008
1000
备注
1000
Remark
1000

1071
       10
1071
       50
1070
     2
1070
     0
1041
160.0
1041
0.0
1041
0.0
1041
20.0
1041
14.0
1041
1.659999999999999
1041
0.5
1041
5.0
1000
标准
1071
        4
1070
     3
1071
     1009
1000
来源
1000
Source
1000

1071
       10
1071
       32
1070
     2
1070
     0
1041
180.0
1041
0.0
1041
0.0
1041
0.0
1041
14.0
1041
1.659999999999999
1041
0.5
1041
5.0
1000
标准
1071
        4
1070
     3
1071
     1010
1071
1090519039
1071
1090519039
1071
1090519039
1071
        1
1071
        7
1000
代号
1000
名称
1000
材料
1000
单件
1000
总计
1000
备注
1000
来源
1071
        1
1000
数量
1071
1090519039
1041
1.75
1041
0.875
1041
1.199999999999999
1041
1.199999999999999
1041
1.75
1041
0.875
1041
1.199999999999999
1041
1.199999999999999
  0
XRECORD
  5
112
102
{ACAD_REACTORS
330
111
102
}
330
111
100
AcDbXrecord
280
     1
1000

1000
CAXA_DRAFT_CURRENTCUTSSTYLE
1000
GB(17452-1998)
  0
XRECORD
  5
114
102
{ACAD_REACTORS
330
111
102
}
330
111
100
AcDbXrecord
280
     1
1000

1000
CAXA_DRAFT_CUTSSTYLE
1000
GB(17452-1998)
1000

1071
1090519039
1041
0.3499999940395355
1041
5.0
1000
标准
1070
     1
1041
4.0
1071
1090519039
1070
     0
1070
     0
1071
1090519039
1041
3.5
1070
     1
1041
1.0
1070
     0
1000
Dash Dot
1071
        1
  0
XRECORD
  5
113
102
{ACAD_REACTORS
330
111
102
}
330
111
100
AcDbXrecord
280
     1
1000

1000
CAXA_DRAFT_CUTSSTYLE
1000
标准
1000

1071
1090519039
1041
0.3499999940395355
1041
5.0
1000
标准
1070
     1
1041
4.0
1071
1090519039
1070
     0
1070
     0
1071
1090519039
1041
3.5
1070
     1
1041
1.0
1070
     0
1000
Dash Dot
1071
        1
  0
XRECORD
  5
116
102
{ACAD_REACTORS
330
115
102
}
330
115
100
AcDbXrecord
280
     1
1000

1000
CAXA_DRAFT_CUTSSTYLEOVERRIDE
1070
     0
1070
     0
1070
     0
1070
     0
1070
     0
1070
     0
1070
     0
1070
     0
1070
     0
1070
     0
1070
     0
1070
     0
1070
     0
1070
     0
1070
     0
1070
     0
1070
     0
  0
XRECORD
  5
124
102
{ACAD_REACTORS
330
123
102
}
330
123
100
AcDbXrecord
280
     1
1000

1000
CAXA_DRAFT_DATATABLE*Model_Space
1071
      103
1071
        2
1071
        0
1071
        0
1071
        0
1071
        9
1000
序号
1071
     1001
1000
代号
1071
     1002
1000
名称
1071
     1003
1000
数量
1071
     1004
1000
材料
1071
     1005
1000
单件
1071
     1007
1000
总计
1071
     1008
1000
备注
1071
     1009
1000
来源
1071
     1010
1000
序号
1070
     1
1000

1070
     1
1000

1070
     1
1000

1070
     1
1000

1070
     1
1071
        0
1071
        7
1000
代号
1000
名称
1000
材料
1000
单件
1000
总计
1000
备注
1000
来源
1071
        1
1000
数量
1071
        0
1000

1000

1070
     1
1000
标准
1071
        0
1071
        0
  0
XRECORD
  5
10C
102
{ACAD_REACTORS
330
10B
102
}
330
10B
100
AcDbXrecord
280
     1
1000

1000
CAXA_DRAFT_CURRENTDATUMSTYLE
1000
GB(1182-2008)
  0
XRECORD
  5
10E
102
{ACAD_REACTORS
330
10B
102
}
330
10B
100
AcDbXrecord
280
     1
1000

1000
CAXA_DRAFT_DATUMSTYLE
1000
GB(1182-2008)
1000

1070
     2
1071
1090519039
1071
1090519039
1041
3.5
1041
1.0
1000
标准
1000
标准
1071
1090519039
1070
     1
1041
0.0
1071
        1
1071
1090519039
1070
     1
1071
        1
  0
XRECORD
  5
10D
102
{ACAD_REACTORS
330
10B
102
}
330
10B
100
AcDbXrecord
280
     1
1000

1000
CAXA_DRAFT_DATUMSTYLE
1000
标准
1000

1070
     2
1071
1090519039
1071
1090519039
1041
3.5
1041
1.0
1000
标准
1000
标准
1071
1090519039
1070
     1
1041
0.0
1071
        1
1071
1090519039
1070
     1
1071
        1
  0
XRECORD
  5
110
102
{ACAD_REACTORS
330
10F
102
}
330
10F
100
AcDbXrecord
280
     1
1000

1000
CAXA_DRAFT_DATUMSTYLEOVERRIDE
1070
     0
1070
     0
1070
     0
1070
     0
1070
     0
1070
     0
1070
     0
1070
     0
1070
     0
1070
     0
1070
     0
1070
     0
1070
     0
1070
     0
1070
     0
1070
     0
  0
XRECORD
  5
381
102
{ACAD_REACTORS
330
380
102
}
330
380
100
AcDbXrecord
280
     1
1000

1000
CAXA_DRAFT_DIMSTYLE_ANGTXTVPOS
1070
     1
  0
XRECORD
  5
385
102
{ACAD_REACTORS
330
384
102
}
330
384
100
AcDbXrecord
280
     1
1000

1000
CAXA_DRAFT_DIMSTYLE_ISDISPZEROTOL
1070
     0
  0
XRECORD
  5
383
102
{ACAD_REACTORS
330
382
102
}
330
382
100
AcDbXrecord
280
     1
1000

1000
CAXA_DRAFT_DIMSTYLE_ISFILLDFM
1070
     1
  0
XRECORD
  5
387
102
{ACAD_REACTORS
330
386
102
}
330
386
100
AcDbXrecord
280
     1
1000

1000
CAXA_DRAFT_DIMSTYLE_SYMBOLCOLOR
1071
1090519039
  0
XRECORD
  5
389
102
{ACAD_REACTORS
330
388
102
}
330
388
100
AcDbXrecord
280
     1
1000
CAXA_DRAFT_DRAFTDATA
1071
     1093
1004
0800000030002E003000000026000000430061007800610044007200610066007400200044006F00630075006D0065006E007400000018000000310036002E0033002E0030002E00360034003600300000005C00000043006F007000790072006900670068007400200028006300290020003200300031003900200043004100580041002E00200041006C006C0020007200690067006800740073002000720065007300650072007600650064002E00000088EFA98FA931214495BA2C9D989628F500000000E1070100030004000F0023000B00A703E507010004000E0012000A002E003F0001000000000000000000000000000000000000000000000000
1004
000000000000000000000000000000000000000000000000000000000000000000000000000000000000000000000000000000000000000000000000000000000000000000000000000000000000000000000000000000000000000000000000000000000000000000000000000000000000000000000000000000000000000000000000000000004E0000008F00EB005600F200CD00960056008B00CC00FE0023008200B500EA003D008700C000E10021009E00CD00E6005200F200D900E10053008A00B000EA0028008A00C200E1002800F500C100AE000000020000000E00000041007500740068006F00720000001000000042004500450046004D0041
1004
004E0000001E000000500072006F006400750063007400560065007200730069006F006E00000010000000310031002E0031004400650076000000000000000800000030002E003000000000000000000000000000000000000000000000000000000000000000000000000000000000000000000000000000000000000000000000000000000000000000000000000000000000000000000000000000000000000000000000000000000000000000000000000000000000000000000000000000000000000000000000000000000000000000000000000000000000000000000000000000000000000000000000000800000030002E003000000000000000
1004
0000000000000000000000000000000000000000000000000000000000000000000000000000000000000000000000000000000000000000000000000000000000000000000000000000000000000000000000000000000000000000000000000000000000000000000000000000000000000000000000000000000000000000000000000000000000000000000000000000000000000000000000000800000030002E0030000000000000000000000000000000000000000000000000000000000000000000000000000000000000000000000000000000000000000000000000000000000000000000000000000000000000000000000000000000000000
1004
00000000000000000000000000000000000000000000000000000000000000000000000000000000000000000000000000000000000000000000000000000000000000000000000000
  0
XRECORD
  5
E0
102
{ACAD_REACTORS
330
DF
102
}
330
DF
100
AcDbXrecord
280
     1
1000
CAXA_DRAFT_FILEVERSION
1000
16.3.0.6460
1000
10.1.0.000
1000
18.0.0.000.20170220
  0
XRECORD
  5
106
102
{ACAD_REACTORS
330
105
102
}
330
105
100
AcDbXrecord
280
     1
1000

1000
CAXA_DRAFT_CURRENTGEOTOLSTYLE
1000
GB(1182-2008)
  0
XRECORD
  5
108
102
{ACAD_REACTORS
330
105
102
}
330
105
100
AcDbXrecord
280
     1
1000

1000
CAXA_DRAFT_GEOTOLSTYLE
1000
GB(1182-2008)
1000

1000
标准
1000
标准
1070
     1
1070
     0
1070
     0
1070
     0
1070
     1
1070
     0
1070
     3
1000
.ḑ
1070
     0
1070
     1
1070
     0
1070
     0
1070
     0
1070
     3
1041
1.0
1000
.
1070
     0
1070
     1
1070
     0
1000
Continuous
1071
1090519039
1071
1090519039
1041
3.5
1071
1090519039
1041
1.0
1071
1090519039
1071
        1
1070
     0
1070
     0
  0
XRECORD
  5
107
102
{ACAD_REACTORS
330
105
102
}
330
105
100
AcDbXrecord
280
     1
1000

1000
CAXA_DRAFT_GEOTOLSTYLE
1000
标准
1000

1000
标准
1000
标准
1070
     1
1070
     0
1070
     0
1070
     0
1070
     1
1070
     0
1070
     3
1000
.ḑ
1070
     0
1070
     1
1070
     0
1070
     0
1070
     0
1070
     3
1041
1.0
1000
.
1070
     0
1070
     1
1070
     0
1000
Continuous
1071
1090519039
1071
1090519039
1041
3.5
1071
1090519039
1041
1.0
1071
1090519039
1071
        1
1070
     0
1070
     0
  0
XRECORD
  5
10A
102
{ACAD_REACTORS
330
109
102
}
330
109
100
AcDbXrecord
280
     1
1000

1000
CAXA_DRAFT_GEOTOLSTYLEOVERRIDE
1070
     0
1070
     0
1070
     0
1070
     0
1070
     0
1070
     0
1070
     0
1070
     0
1070
     0
1070
     0
1070
     0
1070
     0
1070
     0
1070
     0
1070
     0
1070
     0
1070
     0
1070
     0
1070
     0
1070
     0
1070
     0
1070
     0
1070
     0
1070
     0
1070
     0
1070
     0
1070
     0
1070
     0
1070
     0
1070
     0
  0
XRECORD
  5
F7
102
{ACAD_REACTORS
330
F6
102
}
330
F6
100
AcDbXrecord
280
     1
1000

1000
CAXA_DRAFT_CURRENTLEADERSTYLE
1000
标准
  0
XRECORD
  5
F8
102
{ACAD_REACTORS
330
F6
102
}
330
F6
100
AcDbXrecord
280
     1
1000

1000
CAXA_DRAFT_LEADERSTYLE
1000
标准
1000

1070
     1
1041
4.0
1041
0.0
1041
0.0
1041
3.5
1000
Continuous
1071
1090519039
1041
3.5
1070
     1
  0
XRECORD
  5
118
102
{ACAD_REACTORS
330
117
102
}
330
117
100
AcDbXrecord
280
     1
1000

1000
CAXA_DRAFT_CURRENTPARTNOSTYLE
1000
GB(4458.2-2003)
  0
XRECORD
  5
11A
102
{ACAD_REACTORS
330
117
102
}
330
117
100
AcDbXrecord
280
     1
1000

1000
CAXA_DRAFT_PARTNOSTYLE
1000
GB(4458.2-2003)
1000

1071
        0
1000
标准
1000
ByLayer
1041
5.0
1041
0.5
1071
        3
1041
2.0
1041
5.0
1041
10.0
1041
1.5
1041
1.1
1041
1.1
1071
        0
1000

1071
       -1
1071
       -1
1041
4.0
1041
1.0
1041
0.7
1041
0.9
1071
        1
1071
        1
1000
序号
1071
        1
1071
        2
1000

1000

1041
1.0
1071
        1
  0
XRECORD
  5
119
102
{ACAD_REACTORS
330
117
102
}
330
117
100
AcDbXrecord
280
     1
1000

1000
CAXA_DRAFT_PARTNOSTYLE
1000
标准
1000

1071
        0
1000
标准
1000
ByLayer
1041
5.0
1041
0.5
1071
        3
1041
2.0
1041
5.0
1041
10.0
1041
1.5
1041
1.1
1041
1.1
1071
        0
1000

1071
       -1
1071
       -1
1041
4.0
1041
1.0
1041
0.7
1041
0.9
1071
        1
1071
        1
1000
序号
1071
        1
1071
        2
1000

1000

1041
1.0
1071
        1
  0
XRECORD
  5
11C
102
{ACAD_REACTORS
330
11B
102
}
330
11B
100
AcDbXrecord
280
     1
1000

1000
CAXA_DRAFT_PARTNOSTYLEOVERRIDE
1070
     0
1070
     0
1070
     0
1070
     0
1070
     0
1070
     0
1070
     0
1070
     0
1070
     0
1070
     0
1070
     0
1070
     0
1070
     0
1070
     0
1070
     0
1070
     0
  0
XRECORD
  5
100
102
{ACAD_REACTORS
330
FF
102
}
330
FF
100
AcDbXrecord
280
     1
1000

1000
CAXA_DRAFT_CURRENTROUGHSTYLE
1000
GB(131-93)
  0
XRECORD
  5
102
102
{ACAD_REACTORS
330
FF
102
}
330
FF
100
AcDbXrecord
280
     1
1000

1000
CAXA_DRAFT_ROUGHSTYLE
1000
GB(131-93)
1000

1000
标准
1000
标准
1000
Continuous
1071
1090519039
1071
1090519039
1041
3.5
1041
1.0
1041
0.0
1071
        0
1041
0.0
1071
        0
1071
        1
1070
     1
1070
     0
1070
     0
  0
XRECORD
  5
101
102
{ACAD_REACTORS
330
FF
102
}
330
FF
100
AcDbXrecord
280
     1
1000

1000
CAXA_DRAFT_ROUGHSTYLE
1000
标准
1000

1000
标准
1000
标准
1000
Continuous
1071
1090519039
1071
1090519039
1041
3.5
1041
1.0
1041
0.0
1071
        0
1041
0.0
1071
        0
1071
        1
1070
     1
1070
     0
1070
     0
  0
XRECORD
  5
104
102
{ACAD_REACTORS
330
103
102
}
330
103
100
AcDbXrecord
280
     1
1000

1000
CAXA_DRAFT_ROUGHSTYLEOVERRIDE
1070
     0
1070
     0
1070
     0
1070
     0
1070
     0
1070
     0
1070
     0
1070
     0
1070
     0
1070
     0
1070
     0
1070
     0
  0
XRECORD
  5
38B
102
{ACAD_REACTORS
330
38A
102
}
330
38A
100
AcDbXrecord
280
     1
1000
CAXA_DRAFT_STDDATA
1071
     5730
1004
18000000310036002E0033002E0030002E00360034003600300000001A0000002A005300740061006E0064006100720064004D006700720000001200000001000000000000000000F03F000000000100000006000000470042000000080000002A004700420000001300000006000000470042000000FFFF0000000080000800000000008000E3FFFFFF0000000000000C40FFFFFF40010000000000000000001040FFFFFF4004000000FFFFFF40FFFF000000000C000000470042005F003A5CF85B0000060000000768C65100000D00000062180AC173A1D341AC13A517A280BD85100000002A00440049004D005300540044000000140000000100000025
1004
9DF64A6F542643BFC74B8B1F6D71FA02000000000002000000000000008000080000000000010000000000010000000000010000000000010000000000020000000000010000000000010000000000010000000000010000000000020000000000FFFF000000000000244000000000000028400C000000470042005F003A5CF85B0000020000000000C6214C6C6E2B124B990DDA77D01DDBDA140000002A0052004F0055004700480053005400440000001600000001000000708C6003FCA6F84FA01B1854F3AD4C2918000000470042002F00540020003100330031002D0039003300000018000000470042002F00540020003100330031002D0039003300
1004
0000000080000900000002000000020000000200000001000000020000000000FFFF0900000000000000040000003000000001000000010000000400000030000000010000000200000004000000300000000100000003000000040000003000000001000000040000000400000030000000010000000600000004000000300000000100000007000000040000003000000001000000080000000400000030000000010000000A000000040000003000000001000000160000004700420028003100330031002D00390033002900000018000000470042002F00540020003100330031002D003900330000005F702C7848A26047AA45EF6977F15D81120000
1004
002A00570045004C0044005300540044000000180000000100000009176A59B4AD5D40A81D3C0A9D8CD0312C0000004700420020003300320034002D00380038002C00200047004200200035003100380035002D003800350000002C0000004700420020003300320034002D00380038002C00200047004200200035003100380035002D00380035000000000080000A0000000400000001000000190000000000000001000000FFFF0A0000007753B98F0A711D7F0000000000000100000001000000FFFF0A0000004900625F0A711D7F0000000000000200000001000000FFFF0A0000005600625F0A711D7F0000000000000300000001000000FFFF0E00
1004
00005553B98F5600625F0A711D7F0000000000000400000001000000FFFF10000000265E9D94B98F5600625F0A711D7F0000000000000500000001000000FFFF14000000265E9D94B98F5553B98F5600625F0A711D7F0000000000000600000001000000FFFF10000000265E9D94B98F5500625F0A711D7F0000000000000700000001000000FFFF10000000265E9D94B98F4A00625F0A711D7F0000000000000800000001000000FFFF0A000000015C955E0A711D7F0000000000000900000001000000FFFF08000000D2890A711D7F0000000000000A00000001000000FFFF100000005E580A711D7F1662FD690A711D7F0000000000000B000000010000
1004
00FFFF08000000B9700A711D7F0000000000000C00000001000000FFFF14000000B9700A711D7F28004F50BB792D4EC35F29000000000000000D00000001000000FFFF080000001D7F0A711D7F0000000000000E00000001000000FFFF140000001D7F0A711D7F28004F50BB792D4EC35F2900000000000000E803000001000000FFFF120000006196A74F56008B576157E35306580A71000000000000E903000001000000FFFF160000005553B98F6196A74F56008B576157E35306580A71000000000000EA03000001000000FFFF0A000000EF7AA5630A711D7F000000000000EB03000001000000FFFF0A0000009862E053A563E353000000000000EC03
1004
000001000000FFFF0A0000003E509C650A711D7F000000000000ED03000001000000FFFF0A00000006580A71A5633459000000000000EE03000001000000FFFF0A0000003E509C65A5633459000000000000F203000001000000FFFF0C000000EF53FB7964966C88AB57000000000000F303000001000000FFFF0A0000000163454E6C88AB57000000000000F403000001000000FFFF0C000000EF53FB7964966C88AB5700000000000002000000090000000000000001000000FFFF100000002C7B004ECD79735E6297267BF7530000000000000100000001000000FFFF100000002C7B8C4ECD79735E6297267BF7530000000000000200000001000000FF
1004
FF100000002C7B094ECD79735E6297267BF7530000000000000300000001000000FFFF100000002C7B004ECD79F9516297267BF7530000000000000400000001000000FFFF100000002C7B8C4ECD79F9516297267BF7530000000000000500000001000000FFFF100000002C7B004ECD79F8516297267BF7530000000000000600000001000000FFFF100000002C7B8C4ECD79F8516297267BF753000000000000F003000001000000FFFF0E000000BE8DE890735ED16EC78F216E000000000000F103000001000000FFFF0A0000004A52735E0A711D7F00000000000020000000090000000100000001000000FFFF0C000000265EAB577F67267BF7530000
1004
000000000200000001000000FFFF0E000000094E62970A711D7F267BF7530000000000000400000001000000FFFF0E0000006854F4560A711D7F267BF7530000000000000800000001000000FFFF0A000000B0733A57267BF7530000000000001000000001000000FFFF0A0000003E5CE890267BF7530000000000002000000001000000FFFF12000000A44E1995AD65ED7E0A71A563267BF7530000000000004000000001000000FFFF0E000000094E62970A711D7F267BF7530000000000008000000001000000FFFF0E000000094E62970A711D7F267BF7530000000000000001000001000000FFFF0E000000094E62970A711D7F267BF7530000000000
1004
0040000000050000001000000001000000FFFF0C0000008755ED53625F0A711D7F0000000000001100000001000000FFFF100000005553B98F8755ED53625F0A711D7F0000000000001200000001000000FFFF0800000006580A711D7F0000000000001300000001000000FFFF0A0000000195B98F0A711D7F0000000000001400000001000000FFFF0A0000000195B98F6157E353000000000000160000004700420028003300320034002D0038003800290000002C0000004700420020003300320034002D00380038002C00200047004200200035003100380035002D0038003500000082D93BE9997F4041881A19EB1C8F9D46160000002A0047004500
1004
4F0054004F004C0053005400440000001A00000001000000DA579D9AD23AC242B38B91F0E32D71C81E000000470042002F005400200031003100380032002D00320030003000380000001E000000470042002F005400200031003100380032002D0032003000300038000000000080000B00000002000000010000000E0000000000000001000000FFFF08000000F476BF7EA65E00000200000000000100000001000000FFFF08000000735E6297A65E00000200000000000200000001000000FFFF060000000657A65E00000200000000000300000001000000FFFF080000000657F167A65E00000200000000000400000001000000FFFF0A000000BF7E6E
1004
8FD35EA65E00000200000000000500000001000000FFFF0A00000062976E8FD35EA65E00000200000000000600000001000000FFFF08000000735E4C88A65E00000200000000000700000001000000FFFF080000008257F476A65E00000200000000000800000001000000FFFF080000003E509C65A65E00000200000000000900000001000000FFFF060000004D4F6E7F00000200000000000A00000001000000FFFF080000000C54748FA65E00000200000000000B00000001000000FFFF08000000F95BF079A65E00000200000000000C00000001000000FFFF080000000657F38DA85200000200000000000D00000001000000FFFF080000006851F38D
1004
A85200000200000000000200000006000000FFFFFFFF01000000FFFF0E000000006727599E5B534F8189426C0000040000006D000000FFFFFFFF01000000FFFF0C000000F65E384F6C51EE5D265E00000400000070000000FFFFFFFF01000000FFFF0E00000000670F5C9E5B534F8189426C0000040000006C000000FFFFFFFF01000000FFFF0E000000EA813175B67201606167F64E00000400000066000000FFFFFFFF01000000FFFF0A0000000553B95B8189426C00000400000065000000FFFFFFFF01000000FFFF100000000D4E038051867972815F3A5CF85B000004000000720000001C00000047004200280031003100380032002D003200300030
1004
003800290000001E000000470042002F005400200031003100380032002D00320030003000380000009C9ED3E9A127ED45BC38BDB2527851D1140000002A0044004100540055004D0053005400440000001C00000001000000ABFD65BDD14B5A469C00E35FDA50A4141E000000470042002F005400200031003100380032002D00320030003000380000001E000000470042002F005400200031003100380032002D0032003000300038000000000080000C0000001C00000047004200280031003100380032002D003200300030003800290000001E000000470042002F005400200031003100380032002D0032003000300038000000F527A1CFE2A4C24B
1004
8D50B0822447D51C120000002A00430055005400530053005400440000001E000000010000000230145DFF6B0A4FAD5D7DE6F4E1A14220000000470042002F0054002000310037003400350032002D003100390039003800000020000000470042002F0054002000310037003400350032002D0031003900390038000000FFFF0000000000000000000080000D0000001E000000470042002800310037003400350032002D0031003900390038002900000020000000470042002F0054002000310037003400350032002D0031003900390038000000B4471AD2BD196342BD5B37F15E7019F5160000002A0050004100520054004E004F0053005400440000
1004
002000000001000000C538618EBE14A64387B54D2A0BE42DC522000000470042002F005400200034003400350038002E0032002D003200300030003300000022000000470042002F005400200034003400350038002E0032002D0032003000300033000000FFFF02000000000080000E0000002000000047004200280034003400350038002E0032002D0032003000300033002900000022000000470042002F005400200034003400350038002E0032002D0032003000300033000000B283886E965F1540BDADBD78F4779C6C100000002A0042004F004D00530054004400000022000000010000009E16704288DD1145BE6AD6C7BD512A9D220000004700
1004
42002F005400200034003400350038002E0032002D003200300030003300000022000000470042002F005400200034003400350038002E0032002D0032003000300033000000040000000100000001000000010000000100000001000000FFFF010000000000010000000100000001000000010000000100000001000000010000000100000001000000000080000F0000002000000047004200280034003400350038002E0032002D0032003000300033002900000022000000470042002F005400200034003400350038002E0032002D00320030003000330000004D03C971A7683844874BB3EDB2ECE4A11E0000002A00430045004E005400450052004C
1004
0049004E00450053005400440000002400000001000000239CCD5064AB684FAAFCCD0171048ABB22000000470042002F005400200034003400350037002E0034002D003200300030003200000022000000470042002F005400200034003400350037002E0034002D0032003000300032000000000000000000000000000840333333333333F33FFFFF22000000470042002F005400200034003400350037002E0034002D003200300030003200000060E27056119B2C499C7549322AC316521E0000002A00440045005400410049004C00560049004500570053005400440000002600000001000000FD693F42D5F0B04C9524885E6901AEBF1C0000004700
1004
42002F0054002000310034003600390030002D003900330000001C000000470042002F0054002000310034003600390030002D003900330000000000000000008000E3FFFFFF020000000000000000000C40FFFFFF4000008000F3FFFFFFFFFFFFFF0100000000000000000000000000104000000000060000000768C651000010000000420079004C00610079006500720000001C000000470042002F0054002000310034003600390030002D00390033000000378324DF0EC65241979A18E3709AB2491A0000002A0048004F004C0045004C00490053005400530054004400000028000000010000009FAC568DC972D34C8EDE1697EA2C4F3B0200000000
1004
00020000000000000000000000000000000000000000000000000000000000000000000000000000000400000000000000050000000200000000000100000000000000000024400000000000000100000000000000000000000200000005000000040000005800000002000000000000000000344000000000000001000000010000000000000002000000050000000400000059000000030000000000000000003440000000000000010000000100000000000000020000000500000006000000545B845F0000040000000000000000003940000000000000010000000100000000000000020000000000589549FE22248744AF67DF08A8858E931C000000
1004
2A00440049004D004C004500410044004500520053005400440000002A000000010000009CB4A305A33EE242B7971B4FE93D0C5122000000470042002F005400200034003400350038002E0034002D003100390038003400000022000000470042002F005400200034003400350038002E0034002D0031003900380034000000FFFF010000000000000000001040FFFFFF400000000000000840FFFFFF400000000000008000100000001C000000470042005F00155FFA51F48B0E66280031003900380034002900000022000000470042002F005400200034003400350038002E0034002D003100390038003400000081C6337BDA0E9143B488CF0D537FA3
1004
18140000002A005400410050004500520053005400440000002C000000010000004AE75D8F20808C438F29EBD0D2D3A2CB44000000470042002F005400200034003400350038002E0034002D0032003000300033002C002000470042002F0054002000310035003700350034002D003100390039003500000044000000470042002F005400200034003400350038002E0034002D0032003000300033002C002000470042002F0054002000310035003700350034002D00310039003900350000000000000000000000040000003A000000010000000000000000001040FFFFFF400000000000000840FFFFFF40000080001100000018000000470042005F00
1004
2595A65E280032003000300033002900000044000000470042002F005400200034003400350038002E0034002D0032003000300033002C002000470042002F0054002000310035003700350034002D0031003900390035000000100000002A00440049004D00530054004400000006000000470042000000
  0
XRECORD
  5
FA
102
{ACAD_REACTORS
330
F9
102
}
330
F9
100
AcDbXrecord
280
     1
1000

1000
CAXA_DRAFT_CURRENTWELDSTYLE
1000
GB(324-88)
  0
XRECORD
  5
FC
102
{ACAD_REACTORS
330
F9
102
}
330
F9
100
AcDbXrecord
280
     1
1000

1000
CAXA_DRAFT_WELDSTYLE
1000
GB(324-88)
1000

1000
标准
1000
标准
1041
0.3
1070
     0
1041
1.0
1041
0.5
1041
3.5
1041
1.0
1071
1090519039
1071
1090519039
1000
Dash
1041
0.0
1071
        0
1071
        1
1071
1090519039
  0
XRECORD
  5
FB
102
{ACAD_REACTORS
330
F9
102
}
330
F9
100
AcDbXrecord
280
     1
1000

1000
CAXA_DRAFT_WELDSTYLE
1000
标准
1000

1000
标准
1000
标准
1041
0.3
1070
     0
1041
1.0
1041
0.5
1041
3.5
1041
1.0
1071
1090519039
1071
1090519039
1000
Dash
1041
0.0
1071
        0
1071
        1
1071
1090519039
  0
XRECORD
  5
FE
102
{ACAD_REACTORS
330
FD
102
}
330
FD
100
AcDbXrecord
280
     1
1000

1000
CAXA_DRAFT_WELDSTYLEOVERRIDE
1070
     0
1070
     0
1070
     0
1070
     0
1070
     0
1070
     0
1070
     0
1070
     0
1070
     0
1070
     0
1070
     0
1070
     0
1070
     0
1070
     0
  0
DICTIONARY
  5
125
330
22
100
AcDbDictionary
280
     1
281
     1
  3
CAXA_DRAFT_3DINFO
360
126
  0
DICTIONARY
  5
3D8
330
6A
100
AcDbDictionary
280
     1
281
     1
  3
ACAD_ROUNDTRIP_2008_TABLESTYLE_CELLSTYLEMAP
360
3D9
  0
DICTIONARY
  5
3DA
330
122
100
AcDbDictionary
280
     1
281
     1
  3
ACAD_ROUNDTRIP_2008_TABLESTYLE_CELLSTYLEMAP
360
3DB
  0
XRECORD
  5
126
102
{ACAD_REACTORS
330
125
102
}
330
125
100
AcDbXrecord
280
     1
1000
CAXA_DRAFT_3DINFO
1071
        8
1004
0000000000000000
  0
CELLSTYLEMAP
  5
3D9
102
{ACAD_REACTORS
330
3D8
102
}
330
3D8
100
AcDbCellStyleMap
 90
        3
300
CELLSTYLE
  1
TABLEFORMAT_BEGIN
 90
        5
170
     1
 91
        0
 92
    32768
 62
   257
 93
        1
300
CONTENTFORMAT
  1
CONTENTFORMAT_BEGIN
 90
        0
 91
        0
 92
        4
 93
        0
300

 40
0.0
140
1.0
 94
        5
 62
     0
340
11
144
6.0
309
CONTENTFORMAT_END
171
     1
301
MARGIN
  1
CELLMARGIN_BEGIN
 40
1.5
 40
1.5
 40
1.5
 40
1.5
 40
1.5
 40
1.5
309
CELLMARGIN_END
 94
        6
 95
        1
302
GRIDFORMAT
  1
GRIDFORMAT_BEGIN
 90
        0
 91
        1
 62
     0
 92
       -2
340
14
 93
        0
 40
0.045
309
GRIDFORMAT_END
 95
        2
302
GRIDFORMAT
  1
GRIDFORMAT_BEGIN
 90
        0
 91
        1
 62
     0
 92
       -2
340
14
 93
        0
 40
0.045
309
GRIDFORMAT_END
 95
        4
302
GRIDFORMAT
  1
GRIDFORMAT_BEGIN
 90
        0
 91
        1
 62
     0
 92
       -2
340
14
 93
        0
 40
0.045
309
GRIDFORMAT_END
 95
        8
302
GRIDFORMAT
  1
GRIDFORMAT_BEGIN
 90
        0
 91
        1
 62
     0
 92
       -2
340
14
 93
        0
 40
0.045
309
GRIDFORMAT_END
 95
       16
302
GRIDFORMAT
  1
GRIDFORMAT_BEGIN
 90
        0
 91
        1
 62
     0
 92
       -2
340
14
 93
        0
 40
0.045
309
GRIDFORMAT_END
 95
       32
302
GRIDFORMAT
  1
GRIDFORMAT_BEGIN
 90
        0
 91
        1
 62
     0
 92
       -2
340
14
 93
        0
 40
0.045
309
GRIDFORMAT_END
309
TABLEFORMAT_END
  1
CELLSTYLE_BEGIN
 90
        1
 91
        1
300
_TITLE
309
CELLSTYLE_END
300
CELLSTYLE
  1
TABLEFORMAT_BEGIN
 90
        5
170
     1
 91
        0
 92
        0
 62
   257
 93
        1
300
CONTENTFORMAT
  1
CONTENTFORMAT_BEGIN
 90
        0
 91
        0
 92
        4
 93
        0
300

 40
0.0
140
1.0
 94
        5
 62
     0
340
11
144
4.5
309
CONTENTFORMAT_END
171
     1
301
MARGIN
  1
CELLMARGIN_BEGIN
 40
1.5
 40
1.5
 40
1.5
 40
1.5
 40
1.5
 40
1.5
309
CELLMARGIN_END
 94
        6
 95
        1
302
GRIDFORMAT
  1
GRIDFORMAT_BEGIN
 90
        0
 91
        1
 62
     0
 92
       -2
340
14
 93
        0
 40
0.045
309
GRIDFORMAT_END
 95
        2
302
GRIDFORMAT
  1
GRIDFORMAT_BEGIN
 90
        0
 91
        1
 62
     0
 92
       -2
340
14
 93
        0
 40
0.045
309
GRIDFORMAT_END
 95
        4
302
GRIDFORMAT
  1
GRIDFORMAT_BEGIN
 90
        0
 91
        1
 62
     0
 92
       -2
340
14
 93
        0
 40
0.045
309
GRIDFORMAT_END
 95
        8
302
GRIDFORMAT
  1
GRIDFORMAT_BEGIN
 90
        0
 91
        1
 62
     0
 92
       -2
340
14
 93
        0
 40
0.045
309
GRIDFORMAT_END
 95
       16
302
GRIDFORMAT
  1
GRIDFORMAT_BEGIN
 90
        0
 91
        1
 62
     0
 92
       -2
340
14
 93
        0
 40
0.045
309
GRIDFORMAT_END
 95
       32
302
GRIDFORMAT
  1
GRIDFORMAT_BEGIN
 90
        0
 91
        1
 62
     0
 92
       -2
340
14
 93
        0
 40
0.045
309
GRIDFORMAT_END
309
TABLEFORMAT_END
  1
CELLSTYLE_BEGIN
 90
        2
 91
        1
300
_HEADER
309
CELLSTYLE_END
300
CELLSTYLE
  1
TABLEFORMAT_BEGIN
 90
        5
170
     1
 91
        0
 92
        0
 62
   257
 93
        1
300
CONTENTFORMAT
  1
CONTENTFORMAT_BEGIN
 90
        0
 91
        0
 92
        4
 93
        0
300

 40
0.0
140
1.0
 94
        2
 62
     0
340
11
144
4.5
309
CONTENTFORMAT_END
171
     1
301
MARGIN
  1
CELLMARGIN_BEGIN
 40
1.5
 40
1.5
 40
1.5
 40
1.5
 40
1.5
 40
1.5
309
CELLMARGIN_END
 94
        6
 95
        1
302
GRIDFORMAT
  1
GRIDFORMAT_BEGIN
 90
        0
 91
        1
 62
     0
 92
       -2
340
14
 93
        0
 40
0.045
309
GRIDFORMAT_END
 95
        2
302
GRIDFORMAT
  1
GRIDFORMAT_BEGIN
 90
        0
 91
        1
 62
     0
 92
       -2
340
14
 93
        0
 40
0.045
309
GRIDFORMAT_END
 95
        4
302
GRIDFORMAT
  1
GRIDFORMAT_BEGIN
 90
        0
 91
        1
 62
     0
 92
       -2
340
14
 93
        0
 40
0.045
309
GRIDFORMAT_END
 95
        8
302
GRIDFORMAT
  1
GRIDFORMAT_BEGIN
 90
        0
 91
        1
 62
     0
 92
       -2
340
14
 93
        0
 40
0.045
309
GRIDFORMAT_END
 95
       16
302
GRIDFORMAT
  1
GRIDFORMAT_BEGIN
 90
        0
 91
        1
 62
     0
 92
       -2
340
14
 93
        0
 40
0.045
309
GRIDFORMAT_END
 95
       32
302
GRIDFORMAT
  1
GRIDFORMAT_BEGIN
 90
        0
 91
        1
 62
     0
 92
       -2
340
14
 93
        0
 40
0.045
309
GRIDFORMAT_END
309
TABLEFORMAT_END
  1
CELLSTYLE_BEGIN
 90
        3
 91
        2
300
_DATA
309
CELLSTYLE_END
  0
CELLSTYLEMAP
  5
3DB
102
{ACAD_REACTORS
330
3DA
102
}
330
3DA
100
AcDbCellStyleMap
 90
        3
300
CELLSTYLE
  1
TABLEFORMAT_BEGIN
 90
        5
170
     1
 91
        0
 92
    32768
 62
   257
 93
        1
300
CONTENTFORMAT
  1
CONTENTFORMAT_BEGIN
 90
        0
 91
        0
 92
  4063232
 93
        0
300

 40
0.0
140
1.0
 94
        5
 62
     0
340
EC
144
6.0
309
CONTENTFORMAT_END
171
     1
301
MARGIN
  1
CELLMARGIN_BEGIN
 40
1.5
 40
1.5
 40
1.5
 40
1.5
 40
0.06
 40
0.06
309
CELLMARGIN_END
 94
        6
 95
        1
302
GRIDFORMAT
  1
GRIDFORMAT_BEGIN
 90
        0
 91
        1
 62
     0
 92
       -2
340
14
 93
        0
 40
0.045
309
GRIDFORMAT_END
 95
        2
302
GRIDFORMAT
  1
GRIDFORMAT_BEGIN
 90
        0
 91
        1
 62
     0
 92
       -2
340
14
 93
        0
 40
0.045
309
GRIDFORMAT_END
 95
        4
302
GRIDFORMAT
  1
GRIDFORMAT_BEGIN
 90
        0
 91
        1
 62
     0
 92
       -2
340
14
 93
        0
 40
0.045
309
GRIDFORMAT_END
 95
        8
302
GRIDFORMAT
  1
GRIDFORMAT_BEGIN
 90
        0
 91
        1
 62
     0
 92
       -2
340
14
 93
        0
 40
0.045
309
GRIDFORMAT_END
 95
       16
302
GRIDFORMAT
  1
GRIDFORMAT_BEGIN
 90
        0
 91
        1
 62
     0
 92
       -2
340
14
 93
        0
 40
0.045
309
GRIDFORMAT_END
 95
       32
302
GRIDFORMAT
  1
GRIDFORMAT_BEGIN
 90
        0
 91
        1
 62
     0
 92
       -2
340
14
 93
        0
 40
0.045
309
GRIDFORMAT_END
309
TABLEFORMAT_END
  1
CELLSTYLE_BEGIN
 90
        1
 91
        0
300
_TITLE
309
CELLSTYLE_END
300
CELLSTYLE
  1
TABLEFORMAT_BEGIN
 90
        5
170
     1
 91
        0
 92
        0
 62
   257
 93
        1
300
CONTENTFORMAT
  1
CONTENTFORMAT_BEGIN
 90
        0
 91
        0
 92
  4063232
 93
        0
300

 40
0.0
140
1.0
 94
        5
 62
     0
340
EC
144
4.5
309
CONTENTFORMAT_END
171
     1
301
MARGIN
  1
CELLMARGIN_BEGIN
 40
1.5
 40
1.5
 40
1.5
 40
1.5
 40
0.06
 40
0.06
309
CELLMARGIN_END
 94
        6
 95
        1
302
GRIDFORMAT
  1
GRIDFORMAT_BEGIN
 90
        0
 91
        1
 62
     0
 92
       -2
340
14
 93
        0
 40
0.045
309
GRIDFORMAT_END
 95
        2
302
GRIDFORMAT
  1
GRIDFORMAT_BEGIN
 90
        0
 91
        1
 62
     0
 92
       -2
340
14
 93
        0
 40
0.045
309
GRIDFORMAT_END
 95
        4
302
GRIDFORMAT
  1
GRIDFORMAT_BEGIN
 90
        0
 91
        1
 62
     0
 92
       -2
340
14
 93
        0
 40
0.045
309
GRIDFORMAT_END
 95
        8
302
GRIDFORMAT
  1
GRIDFORMAT_BEGIN
 90
        0
 91
        1
 62
     0
 92
       -2
340
14
 93
        0
 40
0.045
309
GRIDFORMAT_END
 95
       16
302
GRIDFORMAT
  1
GRIDFORMAT_BEGIN
 90
        0
 91
        1
 62
     0
 92
       -2
340
14
 93
        0
 40
0.045
309
GRIDFORMAT_END
 95
       32
302
GRIDFORMAT
  1
GRIDFORMAT_BEGIN
 90
        0
 91
        1
 62
     0
 92
       -2
340
14
 93
        0
 40
0.045
309
GRIDFORMAT_END
309
TABLEFORMAT_END
  1
CELLSTYLE_BEGIN
 90
        2
 91
        0
300
_HEADER
309
CELLSTYLE_END
300
CELLSTYLE
  1
TABLEFORMAT_BEGIN
 90
        5
170
     1
 91
        0
 92
        0
 62
   257
 93
        1
300
CONTENTFORMAT
  1
CONTENTFORMAT_BEGIN
 90
        0
 91
        0
 92
  4063232
 93
        0
300

 40
0.0
140
1.0
 94
        2
 62
     0
340
EC
144
4.5
309
CONTENTFORMAT_END
171
     1
301
MARGIN
  1
CELLMARGIN_BEGIN
 40
1.5
 40
1.5
 40
1.5
 40
1.5
 40
0.06
 40
0.06
309
CELLMARGIN_END
 94
        6
 95
        1
302
GRIDFORMAT
  1
GRIDFORMAT_BEGIN
 90
        0
 91
        1
 62
     0
 92
       -2
340
14
 93
        0
 40
0.045
309
GRIDFORMAT_END
 95
        2
302
GRIDFORMAT
  1
GRIDFORMAT_BEGIN
 90
        0
 91
        1
 62
     0
 92
       -2
340
14
 93
        0
 40
0.045
309
GRIDFORMAT_END
 95
        4
302
GRIDFORMAT
  1
GRIDFORMAT_BEGIN
 90
        0
 91
        1
 62
     0
 92
       -2
340
14
 93
        0
 40
0.045
309
GRIDFORMAT_END
 95
        8
302
GRIDFORMAT
  1
GRIDFORMAT_BEGIN
 90
        0
 91
        1
 62
     0
 92
       -2
340
14
 93
        0
 40
0.045
309
GRIDFORMAT_END
 95
       16
302
GRIDFORMAT
  1
GRIDFORMAT_BEGIN
 90
        0
 91
        1
 62
     0
 92
       -2
340
14
 93
        0
 40
0.045
309
GRIDFORMAT_END
 95
       32
302
GRIDFORMAT
  1
GRIDFORMAT_BEGIN
 90
        0
 91
        1
 62
     0
 92
       -2
340
14
 93
        0
 40
0.045
309
GRIDFORMAT_END
309
TABLEFORMAT_END
  1
CELLSTYLE_BEGIN
 90
        3
 91
        0
300
_DATA
309
CELLSTYLE_END
  0
ENDSEC
  0
EOF
